,"(42.125, -75.125)","(42.125, -74.875)","(42.125, -74.625)","(42.375, -75.125)","(42.375, -74.875)","(42.375, -74.625)"
1990-01-01,214.7876,216.07147,215.0358,213.21129,211.1154,208.56392
1990-01-02,275.19833,276.9385,275.70413,277.81326,276.5796,274.72574
1990-01-03,265.3944,266.19083,264.126,271.82822,269.77612,267.1313
1990-01-04,198.701,201.5315,202.19601,199.31535,199.85893,199.93182
1990-01-05,205.67952,202.3469,196.83446,205.30956,199.55719,193.4293
1990-01-06,198.5556,198.55418,196.4148,201.57181,199.10167,196.2071
1990-01-07,206.867,210.22675,211.32365,213.64104,214.596,215.03824
1990-01-08,193.85223,197.19423,198.41264,196.04053,197.07774,197.64111
1990-01-09,207.5771,206.83083,203.85359,210.37349,206.92213,203.0415
1990-01-10,200.52878,201.53113,200.35951,202.67212,201.03098,198.94621
1990-01-11,198.61519,200.82402,200.86613,204.09033,203.82053,203.07918
1990-01-12,241.45224,242.44312,240.81606,242.5286,240.52841,237.99663
1990-01-13,189.81738,192.77806,193.65715,195.46762,195.9928,196.0513
1990-01-14,184.0346,185.00406,183.97398,186.39638,185.09375,183.37724
1990-01-15,195.58415,195.51819,193.33762,199.40251,196.73796,193.65248
1990-01-16,192.50284,194.8504,195.09059,198.14162,198.00255,197.40016
1990-01-17,189.73904,192.29591,192.7721,187.57906,187.53082,187.0418
1990-01-18,215.42616,216.49712,215.2238,217.96062,215.94522,213.45164
1990-01-19,202.65509,202.6589,200.46709,204.93797,202.56242,199.74509
1990-01-20,222.36775,222.28398,219.79086,223.33876,220.35706,216.90016
1990-01-21,277.3029,277.0831,273.85886,281.14578,277.90466,274.0552
1990-01-22,292.6233,294.1496,292.48538,296.32077,294.57614,292.15924
1990-01-23,233.5755,236.21178,236.28508,237.33958,237.12703,236.35373
1990-01-24,181.54422,182.67937,181.83142,183.85951,182.37727,180.4836
1990-01-25,211.70122,213.31717,212.61656,210.78593,209.84596,208.41971
1990-01-26,263.83038,266.29666,265.8698,266.0545,265.54834,264.41483
1990-01-27,209.82399,211.00764,209.89803,214.32387,213.41815,212.01509
1990-01-28,190.68103,191.49706,190.23112,191.19955,189.73943,187.84668
1990-01-29,258.27014,258.5862,256.0901,262.5596,259.93497,256.72638
1990-01-30,237.38684,237.7296,235.48611,242.36948,239.84688,236.78596
1990-01-31,209.86754,210.55568,208.95229,216.08986,214.20845,211.83934
1990-02-01,252.0545,251.21059,247.63246,255.36992,251.36385,246.81319
1990-02-02,294.56503,297.591,297.37497,298.38504,298.09943,297.09448
1990-02-03,179.54005,182.04678,182.56912,180.95064,181.10411,180.81432
1990-02-04,163.96365,165.34404,164.92198,161.7772,161.26457,160.36682
1990-02-05,170.38606,171.541,170.82553,167.09349,166.23726,164.98846
1990-02-06,209.1374,211.79008,212.13168,210.0181,210.12112,209.70732
1990-02-07,175.36157,175.48134,173.68744,180.65233,178.14352,175.23825
1990-02-08,182.96445,183.929,182.88637,189.82245,188.44385,186.62375
1990-02-09,194.45055,195.53992,194.49466,199.8305,198.31157,196.328
1990-02-10,206.36372,207.06125,205.49815,214.31798,212.34679,209.8826
1990-02-11,185.12798,185.96391,184.76874,189.52306,187.85681,185.75198
1990-02-12,174.643,176.67712,176.7792,175.55144,175.44528,174.90395
1990-02-13,196.09477,197.47836,196.70302,198.10577,196.98769,195.39653
1990-02-14,251.55975,252.46228,250.6053,255.67038,253.60632,250.94226
1990-02-15,231.84372,232.83952,231.28922,233.34428,231.73326,229.5677
1990-02-16,200.37341,201.24992,199.9251,206.20364,204.38379,202.08032
1990-02-17,206.94075,208.33575,207.45027,211.9152,211.02525,209.61739
1990-02-18,184.24332,185.77174,185.26541,184.52563,183.79509,182.61134
1990-02-19,185.4443,186.87308,186.25456,186.2666,185.37938,184.03625
1990-02-20,208.0306,208.00978,205.71306,208.26143,205.83713,202.93036
1990-02-21,270.7266,270.61636,267.54468,273.4539,270.2935,266.49713
1990-02-22,267.49844,268.17908,265.92215,269.19174,266.90164,263.9668
1990-02-23,278.19843,278.63254,276.01443,282.30096,279.52686,276.08206
1990-02-24,255.39162,256.0434,253.8889,260.69424,258.169,255.02162
1990-02-25,243.3552,243.1083,240.1986,249.23476,245.97916,242.14415
1990-02-26,208.3583,208.97565,207.30092,211.69772,209.99657,207.77948
1990-02-27,264.71082,263.75342,259.9077,267.2363,263.33002,258.8069
1990-02-28,282.01785,281.80988,278.51245,284.9701,281.4587,277.27356
1990-03-01,291.1913,291.10327,287.82254,294.08212,290.82977,286.87186
1990-03-02,237.9302,238.97102,237.38623,242.63914,240.79457,238.34785
1990-03-03,222.99028,223.79515,222.14085,227.90201,226.03471,223.60263
1990-03-04,194.23723,197.31259,198.21004,198.53658,199.5281,199.96956
1990-03-05,187.30646,188.58504,187.78752,188.64862,187.66553,186.1992
1990-03-06,184.75954,186.46248,186.11008,186.71635,186.17337,185.14087
1990-03-07,200.81184,200.96487,198.90883,200.13864,198.35138,196.06354
1990-03-08,218.84067,217.34055,213.45775,218.1721,214.29393,209.91014
1990-03-09,256.05664,257.573,256.2501,258.32562,256.67737,254.3632
1990-03-10,203.99635,205.84137,205.4135,205.8203,205.07465,203.78365
1990-03-11,218.90434,219.53781,217.75235,217.86696,216.1231,213.82077
1990-03-12,264.55365,265.48807,263.49524,267.03925,264.77127,261.81876
1990-03-13,280.37274,280.7593,278.05203,282.70547,279.8879,276.35193
1990-03-14,219.05777,220.70114,219.90453,224.46223,223.4147,221.76741
1990-03-15,203.98132,204.48283,202.72804,205.0863,203.17801,200.74095
1990-03-16,254.31953,254.59343,252.05875,257.37784,254.75647,251.47372
1990-03-17,316.80066,316.47095,312.6523,322.95172,319.1953,314.61606
1990-03-18,305.31128,305.50815,302.3327,306.06485,303.10538,299.3487
1990-03-19,240.02519,241.1858,239.67708,241.23543,239.84044,237.79248
1990-03-20,214.05408,214.88782,213.34338,215.9268,214.24419,211.98456
1990-03-21,226.1646,227.55717,226.42705,229.38995,228.26013,226.49911
1990-03-22,231.97984,233.12567,231.68752,234.38492,232.89642,230.76779
1990-03-23,255.43405,255.55629,252.85172,256.5413,253.87135,250.52213
1990-03-24,288.51898,289.9519,288.16772,292.00226,290.13983,287.47272
1990-03-25,245.58908,246.11684,243.91707,247.39676,245.07854,242.09299
1990-03-26,236.5263,240.38031,241.54652,238.84485,239.91516,240.25885
1990-03-27,190.2507,193.87985,195.33621,193.21602,194.8664,195.9073
1990-03-28,176.77467,177.57477,176.40117,177.78738,176.63423,174.98232
1990-03-29,193.05852,194.60242,193.97752,196.3777,195.84648,194.74367
1990-03-30,241.1936,240.43057,237.0059,243.49333,239.85422,235.57587
1990-03-31,303.7391,303.10333,299.10837,308.75,304.94238,300.30048
1990-04-01,290.28534,292.06006,290.57874,292.97876,291.9522,290.06665
1990-04-02,230.15569,230.19629,227.67946,234.2613,231.62729,228.34804
1990-04-03,227.04225,229.21404,228.82173,230.60403,230.25131,229.20486
1990-04-04,267.53204,266.37894,262.2732,270.544,266.2822,261.29865
1990-04-05,231.74657,233.26958,232.18579,236.31926,235.16618,233.31549
1990-04-06,219.47275,218.69025,215.4804,221.0317,217.59747,213.56691
1990-04-07,253.98698,251.7743,246.77672,256.73468,251.52171,245.64374
1990-04-08,284.0548,284.8857,282.53677,287.85507,285.38513,282.08075
1990-04-09,225.52747,225.46475,222.89037,228.71677,226.05167,222.73842
1990-04-10,305.69937,305.0806,301.0663,313.83676,309.80893,304.89728
1990-04-11,317.9049,318.62097,315.77774,321.44806,319.55695,316.69943
1990-04-12,338.8034,338.2951,334.01712,344.38095,339.96112,334.56293
1990-04-13,293.7701,294.34155,291.62308,300.96658,298.3332,294.80945
1990-04-14,282.91428,282.80634,279.54202,288.6668,285.94388,282.36844
1990-04-15,294.22607,293.63763,289.77496,298.4615,294.43222,289.54926
1990-04-16,262.90573,264.42108,262.96848,265.58206,263.48248,260.58157
1990-04-17,224.74673,227.15245,226.99742,230.75552,230.88461,230.26385
1990-04-18,259.1772,258.49088,254.92097,268.3523,265.15964,261.17874
1990-04-19,270.52725,268.7356,263.9552,274.44208,269.75726,264.30023
1990-04-20,261.6413,264.56238,264.49646,266.67404,267.01172,266.46796
1990-04-21,274.31076,278.07724,278.6964,279.26086,280.4924,280.77444
1990-04-22,293.2266,291.1781,285.88998,299.19504,294.51035,288.963
1990-04-23,320.41058,319.44968,314.9215,324.72833,320.34528,315.004
1990-04-24,325.7681,325.80515,322.1933,327.46378,324.10022,319.73898
1990-04-25,270.83258,271.5832,269.28455,271.1185,268.83972,265.7187
1990-04-26,290.5755,291.66174,289.46976,288.42487,286.5095,283.68152
1990-04-27,305.1971,305.65692,302.6873,308.13232,305.38867,301.68555
1990-04-28,286.20825,286.22964,283.043,288.3046,284.75327,280.32764
1990-04-29,273.32434,274.86444,273.30832,278.12857,276.78998,274.5495
1990-04-30,311.37686,310.1108,305.38113,314.49823,309.88492,304.33173
1990-05-01,275.5527,278.46796,278.23184,279.9807,279.9036,278.87933
1990-05-02,284.962,286.498,284.80615,292.9589,291.5284,289.14047
1990-05-03,296.1296,296.40695,293.35797,298.1875,295.30508,291.4838
1990-05-04,316.07367,317.68024,315.70807,318.0446,316.43207,313.77628
1990-05-05,266.26843,268.17035,267.04544,272.30557,271.63055,270.0411
1990-05-06,260.8488,261.49835,259.2089,264.92816,262.79224,259.80444
1990-05-07,267.82288,267.86642,264.90582,273.74545,270.70023,266.79526
1990-05-08,254.69943,256.73148,255.86357,260.46405,259.98022,258.6114
1990-05-09,255.17122,255.95525,253.86119,259.56296,257.48648,254.56934
1990-05-10,266.1316,266.1704,263.2246,268.3447,265.63565,262.071
1990-05-11,328.31827,327.9331,323.8757,332.3035,328.49374,323.63464
1990-05-12,314.86835,314.96744,311.5349,318.82837,315.67374,311.4968
1990-05-13,313.92188,314.5947,311.7345,318.68985,315.95343,312.18204
1990-05-14,302.22348,301.74347,297.8872,310.40036,306.55917,301.74014
1990-05-15,273.3221,273.63785,270.88443,278.57562,276.08307,272.68567
1990-05-16,274.9621,274.91876,271.79633,279.665,276.68506,272.80838
1990-05-17,295.44873,295.81854,292.8714,299.00824,296.24878,292.51752
1990-05-18,300.74072,301.534,298.94247,304.3826,301.9541,298.52475
1990-05-19,301.08762,300.9413,297.42786,304.3354,300.85016,296.39172
1990-05-20,326.16486,326.02402,322.2361,330.649,327.10544,322.49683
1990-05-21,334.4857,333.5477,328.888,338.4312,334.08823,328.67328
1990-05-22,358.179,358.37274,354.5561,363.104,359.69855,355.10773
1990-05-23,358.06546,357.12552,352.20267,362.79214,358.16403,352.38382
1990-05-24,303.20093,306.23267,305.80884,304.96478,304.9551,303.87085
1990-05-25,305.7676,305.9809,302.773,314.66388,311.35062,307.01746
1990-05-26,257.12662,257.90732,255.79889,260.577,258.67065,255.89644
1990-05-27,290.2511,289.68716,285.8949,295.37512,291.64526,286.97366
1990-05-28,316.02283,316.40424,313.2502,318.17984,315.47308,311.71576
1990-05-29,332.2743,331.31522,326.67023,328.3217,324.20016,319.03015
1990-05-30,366.93106,366.3973,361.78345,371.1573,366.8386,361.3249
1990-05-31,355.4838,355.75226,352.05225,360.97464,357.3248,352.49744
1990-06-01,304.6681,305.09106,302.11017,312.12772,309.12143,305.0927
1990-06-02,293.89148,294.12408,291.0785,295.00897,292.17493,288.37424
1990-06-03,324.299,323.34164,318.7953,323.37137,319.52576,314.6404
1990-06-04,346.33694,346.1019,342.01852,351.00256,347.32404,342.50336
1990-06-05,351.45102,352.56583,349.74762,355.0417,352.80884,349.38055
1990-06-06,346.01398,348.00253,346.10126,348.22113,346.85242,344.2891
1990-06-07,342.36728,343.3878,340.58224,343.98825,341.5958,338.05154
1990-06-08,324.89053,323.56415,318.6591,329.2497,324.76175,319.23083
1990-06-09,333.3988,333.62836,330.1526,337.67905,334.66714,330.5429
1990-06-10,328.0194,328.46783,325.26776,332.91684,329.95163,325.88992
1990-06-11,333.10873,333.3413,329.87552,337.4373,334.33743,330.12918
1990-06-12,346.23474,346.39468,342.71442,349.88278,346.55093,342.0733
1990-06-13,352.50983,351.67514,346.95453,356.9346,352.49478,346.91458
1990-06-14,302.6432,303.30673,300.60568,301.57925,299.4194,296.25372
1990-06-15,289.63483,291.79547,290.70462,289.80283,289.02264,287.24158
1990-06-16,281.73398,280.4941,276.16602,281.84232,277.85867,272.98865
1990-06-17,304.8037,303.7494,299.34958,305.7893,301.60217,296.45026
1990-06-18,341.55734,340.5211,335.73486,349.01767,344.3737,338.62555
1990-06-19,350.24307,349.877,345.65262,356.88654,352.70584,347.38174
1990-06-20,323.68326,324.1981,321.13058,324.88165,322.28516,318.61615
1990-06-21,340.7743,339.54953,334.59366,340.55725,335.64188,329.66162
1990-06-22,367.42755,367.78946,364.09424,375.20398,371.66464,366.90283
1990-06-23,351.30627,350.94775,346.72754,357.18332,353.19357,348.05762
1990-06-24,324.56232,327.15085,326.11057,332.1413,331.95053,330.60107
1990-06-25,304.7098,305.14468,302.21777,307.13098,304.46915,300.80286
1990-06-26,300.26367,299.44928,295.35083,299.06317,295.48157,290.94907
1990-06-27,291.71268,292.34387,289.7556,290.29852,287.82776,284.4081
1990-06-28,330.97635,330.30576,326.01428,329.92526,326.0279,321.0819
1990-06-29,347.94925,348.01688,344.26346,353.12747,349.57355,344.88196
1990-06-30,346.58777,346.5109,342.63318,351.3315,347.59824,342.73953
1990-07-01,349.42862,350.4348,347.5879,354.2221,351.62592,347.86523
1990-07-02,320.56973,320.79367,317.49963,325.23138,322.00653,317.73587
1990-07-03,349.89612,348.69464,343.68628,358.4527,353.2315,346.90277
1990-07-04,346.25006,345.91318,341.79306,350.8959,346.80954,341.61316
1990-07-05,354.191,354.49454,350.91632,359.76355,356.32523,351.73035
1990-07-06,351.7239,351.61908,347.6703,357.33704,353.3898,348.30914
1990-07-07,375.51895,374.20053,368.80603,383.69537,378.12076,371.36548
1990-07-08,379.02417,378.063,372.982,387.25287,381.98907,375.5256
1990-07-09,380.72095,380.5903,376.30597,387.17682,382.9962,377.58926
1990-07-10,375.47214,375.05453,370.54874,381.54086,377.1263,371.51257
1990-07-11,363.6796,362.74924,357.8724,367.08032,362.52527,356.82593
1990-07-12,379.1942,378.99667,374.67007,385.559,381.42215,376.06808
1990-07-13,318.04874,319.94833,318.343,319.98407,318.3589,315.6778
1990-07-14,319.648,320.02676,316.9171,324.3316,321.29532,317.2263
1990-07-15,322.75372,322.5099,318.75885,323.35248,319.78558,315.20456
1990-07-16,345.9849,343.9718,338.23782,347.7277,341.79337,334.8244
1990-07-17,371.2182,370.19022,365.1483,378.31097,373.59375,367.70746
1990-07-18,378.75372,378.2118,373.56592,385.618,381.02762,375.24167
1990-07-19,366.31436,366.03275,361.779,370.9479,366.85025,361.59607
1990-07-20,373.69858,373.504,369.25742,378.6285,374.5216,369.2341
1990-07-21,379.2281,379.31195,375.2802,385.4851,381.40552,376.1232
1990-07-22,387.3014,386.2004,380.923,393.7943,388.64737,382.29883
1990-07-23,381.1011,382.0756,378.90005,385.39377,382.547,378.46997
1990-07-24,361.46234,362.63086,359.86023,365.60767,363.10983,359.4417
1990-07-25,357.4849,357.8299,354.29788,362.2451,358.88235,354.38483
1990-07-26,362.54932,362.66827,358.86215,367.6008,363.8986,359.05408
1990-07-27,369.43036,369.49545,365.56433,374.68826,370.86145,365.87387
1990-07-28,373.9757,373.8937,369.77145,380.42145,376.342,371.09113
1990-07-29,364.6278,364.60007,360.634,369.93622,366.07846,361.08093
1990-07-30,347.51898,348.67957,346.0644,350.07272,347.63632,344.0925
1990-07-31,365.222,365.99524,362.8117,367.36334,364.4583,360.4024
1990-08-01,324.95648,326.1953,323.9043,328.27206,326.1464,322.9824
1990-08-02,304.58636,304.72977,301.58707,309.97217,306.74405,302.5683
1990-08-03,339.96805,340.11508,336.59653,345.98856,342.51184,337.9764
1990-08-04,354.38068,354.39383,350.5909,360.69,356.92795,352.06802
1990-08-05,361.62473,361.82312,358.12576,367.826,364.13052,359.31436
1990-08-06,369.53058,369.43567,365.36798,375.74783,371.6593,366.43637
1990-08-07,356.7098,357.217,353.8794,361.72186,358.46692,354.1053
1990-08-08,368.8866,368.9894,365.12686,375.03076,371.23038,366.2959
1990-08-09,368.41953,367.66922,362.97766,373.11774,368.30685,362.39603
1990-08-10,375.43652,374.9966,370.5362,382.46747,378.08722,372.56854
1990-08-11,343.36325,344.4767,341.8853,346.95532,344.47348,340.92447
1990-08-12,332.77753,333.7334,331.1031,336.31747,333.70288,330.06158
1990-08-13,318.28293,319.23254,316.75342,321.86548,319.44696,316.04636
1990-08-14,329.8169,329.5497,325.7561,335.1338,331.4475,326.7701
1990-08-15,356.04834,356.44547,353.02457,362.84372,359.6148,355.29703
1990-08-16,372.50186,372.76434,369.0376,377.74094,374.16568,369.4652
1990-08-17,329.5668,330.4038,327.70175,332.96173,330.2323,326.50342
1990-08-18,343.41412,342.96414,338.85413,351.62546,347.36395,342.0837
1990-08-19,332.56128,334.18265,332.22223,335.94843,334.0728,331.17325
1990-08-20,341.732,343.04663,340.68973,344.64386,342.21707,338.75513
1990-08-21,352.54614,351.19937,346.1186,358.42307,353.47437,347.5111
1990-08-22,366.77194,366.52118,362.36618,369.89352,365.75052,360.5404
1990-08-23,365.74646,366.32077,362.98846,373.63153,370.13235,365.54218
1990-08-24,355.92612,358.34772,356.93494,356.5157,355.37448,353.1428
1990-08-25,359.7282,361.98288,360.36835,364.27444,363.01962,360.65622
1990-08-26,317.49,319.10483,317.31396,321.48904,319.69922,316.95065
1990-08-27,339.64438,339.59918,335.94586,343.97952,340.4462,335.92892
1990-08-28,336.80374,337.18262,333.97784,341.82928,338.37585,333.94666
1990-08-29,332.2298,332.20947,328.6636,335.27325,331.82172,327.4179
1990-08-30,364.17493,363.54953,359.07294,369.7665,365.38406,359.96866
1990-08-31,356.37793,358.43234,356.67175,363.15128,361.35443,358.48767
1990-09-01,324.18127,325.3797,323.12216,330.18808,327.9234,324.7043
1990-09-02,340.46973,339.09836,334.14706,343.13727,338.13385,332.2041
1990-09-03,366.44327,365.93076,361.55005,370.45023,366.36227,361.24734
1990-09-04,346.5257,348.63928,347.05087,349.0471,347.67035,345.27216
1990-09-05,280.1462,281.9185,280.6987,283.47946,282.33463,280.36398
1990-09-06,288.37726,287.84906,284.28445,289.81827,286.3034,282.00153
1990-09-07,301.3266,301.57483,298.63806,304.32834,301.46573,297.76083
1990-09-08,338.50146,337.66125,333.2647,338.76428,334.4766,329.2802
1990-09-09,372.77988,372.87653,369.04126,377.32465,373.44992,368.5466
1990-09-10,348.8212,349.52505,346.5413,353.40195,350.50198,346.62592
1990-09-11,355.29266,353.2281,347.4573,361.5525,355.8616,349.2376
1990-09-12,360.95084,360.36224,355.9847,367.48013,363.05023,357.64532
1990-09-13,338.7333,339.07532,335.8485,342.9624,339.55142,335.218
1990-09-14,299.43704,302.299,301.96503,299.98,299.43503,298.03207
1990-09-15,327.3223,326.47885,322.2103,333.30768,328.61865,323.0712
1990-09-16,362.0778,361.89984,357.92267,372.71503,368.43582,363.17926
1990-09-17,303.3607,306.00946,305.4307,304.54306,304.08206,302.7588
1990-09-18,343.0213,343.01202,339.40454,344.37686,340.77487,336.26974
1990-09-19,363.54532,364.49393,361.6155,367.7171,364.7713,360.84537
1990-09-20,352.69498,354.38715,352.35605,356.83615,354.5773,351.3583
1990-09-21,366.51294,367.69308,365.01547,370.2487,367.98285,364.72336
1990-09-22,344.97662,347.5591,346.48892,347.1032,346.3443,344.62823
1990-09-23,271.96106,273.82837,272.82034,274.62796,273.44455,271.51968
1990-09-24,290.34933,292.34418,291.27097,296.17258,295.7707,294.55386
1990-09-25,297.0621,297.6359,295.09515,302.03476,299.8091,296.79465
1990-09-26,270.17773,270.4138,267.82294,274.1609,271.11804,267.384
1990-09-27,273.5459,276.25613,276.0675,279.3078,279.35876,278.6419
1990-09-28,270.3473,272.0465,270.8972,272.78696,271.43964,269.37503
1990-09-29,278.10257,279.22034,277.41873,280.55914,278.49985,275.72018
1990-09-30,324.732,324.28024,320.44736,330.7982,327.02295,322.42996
1990-10-01,308.85486,310.99722,309.88654,310.74246,309.48666,307.41833
1990-10-02,299.04703,299.97662,297.77478,302.94186,300.37555,297.04825
1990-10-03,342.31308,343.88602,341.8683,346.59064,344.4447,341.41547
1990-10-04,352.64264,352.0202,347.7328,358.15344,353.91324,348.80557
1990-10-05,315.94464,318.2419,317.21512,320.40878,319.30835,317.38013
1990-10-06,320.75815,321.9799,319.84415,324.0892,321.91223,318.923
1990-10-07,284.52472,287.2638,287.00183,285.11835,284.70358,283.54684
1990-10-08,299.00098,299.23593,296.3558,301.33932,298.32214,294.57593
1990-10-09,283.62592,288.47415,290.3031,287.0035,288.66827,289.5504
1990-10-10,247.5058,249.10655,248.1102,250.83853,249.52528,247.58612
1990-10-11,290.6878,290.40982,287.11218,299.14783,295.43973,291.03067
1990-10-12,327.4612,327.5393,324.21106,332.44266,328.84558,324.46216
1990-10-13,320.86725,321.309,318.40836,328.59128,325.47964,321.58496
1990-10-14,264.32446,266.68945,266.27438,264.41278,263.8818,262.68448
1990-10-15,292.2355,292.56616,289.8545,294.74622,291.97937,288.51498
1990-10-16,292.10086,294.7802,294.3876,294.39728,294.02258,292.9072
1990-10-17,247.9435,252.19826,253.81961,249.76588,251.1012,251.77835
1990-10-18,259.6203,259.80762,257.29422,262.3379,259.41714,255.89122
1990-10-19,271.56058,272.2931,270.19373,274.13303,272.09476,269.40677
1990-10-20,262.35,262.8094,260.5363,264.4634,261.85825,258.6407
1990-10-21,267.364,270.13953,270.10065,270.46375,269.86487,268.60242
1990-10-22,326.1255,325.86377,322.21588,330.59042,326.9249,322.5067
1990-10-23,315.47586,316.42133,314.07578,320.7369,317.92252,314.3663
1990-10-24,286.38794,286.79062,284.21133,292.01987,289.29825,285.90643
1990-10-25,260.10638,262.0013,261.16855,262.49744,261.33633,259.55048
1990-10-26,272.22455,273.53305,271.99506,276.78748,274.66873,271.90997
1990-10-27,317.72977,318.07657,315.11542,324.77646,321.37418,317.24033
1990-10-28,268.74445,270.19586,268.83466,268.7609,267.11105,264.8359
1990-10-29,224.4704,226.34566,225.86331,226.10623,225.32768,224.01332
1990-10-30,237.13089,239.05313,238.48518,240.05533,239.10608,237.59189
1990-10-31,264.35257,266.3171,265.5074,271.36862,270.52753,269.04523
1990-11-01,258.0853,259.31723,257.84836,263.65396,261.69196,259.1297
1990-11-02,309.0186,309.27875,306.31894,315.89786,312.44077,308.28656
1990-11-03,296.291,295.92245,292.47305,300.7961,297.61502,293.76978
1990-11-04,289.68115,288.712,284.73706,289.96408,285.5211,280.46442
1990-11-05,300.49902,299.47113,295.3245,302.09607,297.53235,292.32968
1990-11-06,313.54,313.2222,309.64044,316.93015,312.50305,307.4006
1990-11-07,295.66177,294.76788,290.80203,297.54654,292.4366,286.71133
1990-11-08,258.75836,257.70386,253.96301,256.4165,252.6553,248.35336
1990-11-09,295.35266,296.8254,295.20026,297.05084,295.12363,292.52765
1990-11-10,295.108,296.5635,294.9228,297.61002,295.7459,293.21194
1990-11-11,234.97862,238.00027,238.53468,234.7306,234.99083,234.69289
1990-11-12,205.46678,207.36008,207.08626,207.03992,206.48056,205.44388
1990-11-13,192.51433,194.43488,194.32259,194.12051,193.91487,193.2569
1990-11-14,200.98894,202.98639,202.86084,202.98035,202.5612,201.67354
1990-11-15,205.6765,207.50368,207.15993,207.28058,206.6056,205.45734
1990-11-16,224.85497,226.80779,226.38684,228.36548,227.59033,226.29518
1990-11-17,292.9903,293.24646,290.43338,298.8855,295.9442,292.35745
1990-11-18,309.45343,309.7348,306.77295,314.947,311.74326,307.86224
1990-11-19,308.9513,311.40854,310.6026,311.00143,310.08704,308.46518
1990-11-20,292.87872,293.39496,290.83615,296.72052,294.0267,290.69086
1990-11-21,283.90164,283.25186,279.63223,289.7195,285.71564,281.10977
1990-11-22,224.96022,227.05455,226.76637,226.46246,225.97717,224.97559
1990-11-23,210.65631,212.22813,211.57208,214.29628,213.26804,211.76176
1990-11-24,210.2188,210.84358,209.25415,211.37967,209.41887,207.00366
1990-11-25,315.71356,314.6834,310.3471,320.4023,315.75162,310.44214
1990-11-26,319.30603,319.6141,316.56235,323.36273,320.10236,316.15277
1990-11-27,275.47922,276.95612,275.51996,278.04993,276.38324,274.10477
1990-11-28,313.08377,313.82034,311.25446,319.69818,316.72385,313.06506
1990-11-29,236.84744,237.36163,235.37665,241.2414,238.9449,236.13326
1990-11-30,245.44931,246.17233,244.30199,248.57158,246.19258,243.28342
1990-12-01,296.00656,298.33344,297.51584,299.70972,298.12,295.8693
1990-12-02,258.757,260.3502,259.1977,265.18484,263.47855,261.19305
1990-12-03,260.2533,263.3489,263.66595,261.38806,261.6268,261.26178
1990-12-04,232.39609,230.12659,225.4269,234.04938,228.55048,222.61
1990-12-05,259.1826,257.26755,252.63416,258.34204,253.43065,248.01208
1990-12-06,273.34445,272.65958,269.09235,280.06015,276.0752,271.5175
1990-12-07,288.7026,287.4393,283.1355,297.82626,293.86398,289.28806
1990-12-08,324.25784,324.03067,320.37424,330.2157,326.30936,321.71454
1990-12-09,334.41595,334.18152,330.4083,338.80716,334.89496,330.27487
1990-12-10,333.59583,334.93304,332.72195,338.58688,336.1305,332.94177
1990-12-11,287.86795,292.9048,294.8382,291.95618,293.77127,294.8872
1990-12-12,223.03244,226.58601,227.73737,227.32137,228.24564,228.63402
1990-12-13,255.78699,251.9781,245.493,261.28174,254.19461,246.63205
1990-12-14,303.31955,303.64606,300.74777,307.92166,304.8147,301.05707
1990-12-15,231.21356,232.57812,231.47173,238.43488,236.43822,233.93063
1990-12-16,210.70532,212.44174,211.92004,218.06656,217.22955,215.90817
1990-12-17,252.08086,253.13095,251.48834,255.96124,254.10547,251.69614
1990-12-18,226.66095,227.8194,226.5531,226.92906,225.3135,223.20654
1990-12-19,215.1516,215.21278,212.98149,214.95035,212.69943,209.99536
1990-12-20,195.99022,195.99971,193.92014,198.2847,195.68001,192.66629
1990-12-21,241.40146,239.81126,235.66261,248.91693,244.46762,239.52502
1990-12-22,235.90552,234.93419,231.45526,236.24323,232.72371,228.7237
1990-12-23,257.15985,257.9851,256.05624,260.33636,258.37772,255.85622
1990-12-24,236.47716,238.71025,238.39433,239.6587,239.17787,238.15591
1990-12-25,206.81116,208.99046,208.93698,207.7356,207.03429,205.86856
1990-12-26,209.91957,210.21185,208.25581,216.20251,213.72083,210.78574
1990-12-27,202.93253,204.81499,204.5066,205.68774,205.46739,204.77846
1990-12-28,203.38564,204.98668,204.3936,206.86656,205.88144,204.43794
1990-12-29,197.1626,197.80888,196.3361,200.28123,198.5665,196.42082
1990-12-30,175.91322,177.86562,177.9124,175.88069,175.62627,174.97148
1990-12-31,224.36984,225.0227,223.26219,220.75429,218.75089,216.27368
1991-01-01,296.5281,298.33218,296.93362,302.25638,300.43304,297.944
1991-01-02,253.63062,250.4457,244.5677,258.75748,252.25429,245.26633
1991-01-03,246.6519,245.67064,242.0476,254.8317,250.73026,246.11096
1991-01-04,242.22754,240.37155,235.92886,248.60732,243.73859,238.3792
1991-01-05,209.70044,210.9199,209.87016,212.18465,210.66574,208.6817
1991-01-06,232.04805,234.36212,234.15407,231.13225,231.1924,230.71547
1991-01-07,206.12457,211.02744,213.65976,201.71541,203.41142,204.60951
1991-01-08,236.1648,242.17572,245.57979,237.23105,240.31615,242.79591
1991-01-09,253.08185,254.75812,253.68793,255.94923,254.61925,252.71678
1991-01-10,235.31659,236.327,234.78801,238.08989,235.98816,233.36838
1991-01-11,198.72852,201.34691,201.79314,203.03145,203.218,202.92747
1991-01-12,214.84984,214.85352,212.53671,218.30309,215.84773,212.9254
1991-01-13,244.20227,245.58748,244.3197,249.7413,248.04324,245.79062
1991-01-14,232.86911,233.40187,231.41173,239.7142,237.53696,234.83632
1991-01-15,224.04245,225.61249,224.74313,227.8397,226.64526,224.9372
1991-01-16,247.28496,248.47694,246.98083,249.30249,247.5972,245.33609
1991-01-17,226.86409,228.705,228.07086,230.6482,229.58011,227.98795
1991-01-18,201.77884,204.5637,205.13414,204.65375,204.88571,204.63094
1991-01-19,236.632,239.9755,240.72002,233.19406,233.88991,234.02248
1991-01-20,276.36465,278.49734,277.61194,279.08817,278.4917,277.2455
1991-01-21,297.2395,298.03833,295.60565,302.01062,299.3251,295.9718
1991-01-22,245.25058,246.59633,245.26736,247.92435,246.17587,243.8701
1991-01-23,218.60725,220.28748,219.57741,220.37102,219.58252,218.28401
1991-01-24,281.70895,282.61502,280.45312,284.6859,282.31442,279.30728
1991-01-25,236.70007,236.60172,233.93388,241.52971,238.30157,234.55518
1991-01-26,216.06227,217.54796,216.67017,219.02127,217.99786,216.46901
1991-01-27,233.00417,234.32253,233.09421,236.64223,235.15747,233.13246
1991-01-28,214.87204,217.44443,217.65247,218.98666,218.55748,217.61009
1991-01-29,230.94565,230.88258,228.3087,230.89572,227.93018,224.46317
1991-01-30,257.4632,260.08374,259.87418,258.95685,258.51843,257.46332
1991-01-31,215.50557,218.41652,218.94955,217.6935,217.6849,217.1502
1991-02-01,238.78113,238.98553,236.58838,240.78996,238.04848,234.77435
1991-02-02,253.05547,259.213,262.5448,255.61069,258.8751,261.45804
1991-02-03,190.0867,190.57155,188.98036,194.91423,192.94865,190.54533
1991-02-04,214.82198,215.97864,214.78137,217.78416,216.14816,214.01147
1991-02-05,198.15494,200.13696,199.93631,201.77031,201.31755,200.37985
1991-02-06,201.92955,204.35002,204.54071,203.85524,203.7493,203.14557
1991-02-07,198.84515,200.31477,199.59866,197.75618,196.77917,195.33461
1991-02-08,244.24162,245.7861,244.6481,246.80737,245.17387,242.96333
1991-02-09,206.86339,207.56918,206.0095,211.54056,209.70007,207.37218
1991-02-10,229.43716,230.15108,228.35236,234.2029,231.83421,228.93083
1991-02-11,274.09747,273.06335,269.0497,276.23425,272.10477,267.3688
1991-02-12,293.33823,292.73428,288.93475,297.9967,293.85016,289.04175
1991-02-13,274.5794,274.7461,271.9117,283.22308,279.91684,275.96756
1991-02-14,250.50375,252.14406,251.02711,251.36095,249.97835,247.99316
1991-02-15,203.11255,204.12973,202.9145,205.33565,203.84158,201.86105
1991-02-16,224.49097,226.20332,225.44002,227.02647,225.77257,223.97139
1991-02-17,234.75449,235.3498,233.37082,235.16165,233.04967,230.38528
1991-02-18,274.3475,273.7387,270.13754,274.99673,271.24777,266.87646
1991-02-19,276.87787,279.83212,279.71887,278.3246,278.24042,277.45016
1991-02-20,250.44354,253.07051,252.92247,249.51321,249.6384,249.12451
1991-02-21,259.67828,259.79883,257.0757,264.22424,261.103,257.36865
1991-02-22,214.61853,215.47304,213.96652,216.6719,215.05444,212.91344
1991-02-23,254.21431,254.26553,251.53241,255.45311,252.2735,248.50067
1991-02-24,235.45665,235.83635,233.63188,241.5591,238.83371,235.5397
1991-02-25,274.16547,273.8114,270.4584,280.45508,276.89386,272.67847
1991-02-26,280.69568,282.584,281.36978,286.99673,285.45862,283.20514
1991-02-27,215.35559,217.46663,217.18709,214.86768,214.12955,212.84528
1991-02-28,232.99413,233.00752,230.4659,235.49443,232.76714,229.47939
1991-03-01,285.3787,284.08777,279.68524,291.2459,286.54828,281.183
1991-03-02,296.79532,297.1623,294.26758,298.89227,295.96512,292.31012
1991-03-03,227.58011,231.54112,232.94635,228.1271,229.32709,229.89624
1991-03-04,217.78236,217.91489,215.65453,218.5975,216.12277,213.1189
1991-03-05,236.0693,237.50002,236.31683,239.08879,237.6739,235.65018
1991-03-06,211.18034,211.60176,209.69687,214.83018,212.59389,209.82928
1991-03-07,208.29482,208.63435,206.67976,213.30598,211.09514,208.35747
1991-03-08,225.31091,225.51291,223.23499,226.83028,224.23042,221.07356
1991-03-09,293.49957,292.57684,288.44083,299.944,295.5048,290.34805
1991-03-10,237.44641,240.06184,240.02437,234.23134,234.10768,233.34737
1991-03-11,159.61485,160.7398,160.09053,159.81645,158.91295,157.59142
1991-03-12,183.10953,184.20119,183.2597,184.72217,183.60226,181.99881
1991-03-13,194.28035,195.95233,195.45793,196.30582,195.5392,194.24701
1991-03-14,202.51898,204.35146,203.9231,205.0742,204.50558,203.38023
1991-03-15,213.49352,213.99371,212.13277,212.76802,210.96448,208.60832
1991-03-16,216.75383,217.65952,216.16045,218.33144,216.79698,214.68573
1991-03-17,247.79057,247.91641,245.30699,253.23984,250.44824,247.00783
1991-03-18,207.3637,208.42175,207.17389,208.5937,207.16032,205.17015
1991-03-19,239.9286,240.33044,238.07683,243.99135,241.72217,238.81247
1991-03-20,231.51631,232.27907,230.472,233.75307,231.77856,229.18297
1991-03-21,280.3116,278.75433,274.12668,286.84027,282.23782,276.92078
1991-03-22,218.62831,217.3423,213.66197,219.9545,215.90337,211.31398
1991-03-23,179.88692,181.08717,180.27727,180.14285,179.06256,177.48651
1991-03-24,239.92299,239.32431,236.08183,241.30089,237.93196,233.94153
1991-03-25,220.20528,222.22221,221.76624,223.15074,222.47293,221.15945
1991-03-26,229.9696,230.54372,228.5611,237.39708,235.02132,232.00584
1991-03-27,260.6517,260.58502,257.63202,270.07642,266.52036,262.25363
1991-03-28,279.12192,280.55792,278.87436,278.81,277.50793,275.41147
1991-03-29,219.33023,221.36148,220.92378,217.52863,217.10089,216.03607
1991-03-30,211.0067,211.55702,209.75648,212.9122,211.06073,208.61778
1991-03-31,288.2969,287.24728,283.01746,289.81998,285.4201,280.25745
1991-04-01,297.6225,298.03403,295.13336,302.1471,299.28986,295.59097
1991-04-02,308.23294,307.6809,303.71524,315.5886,311.43332,306.42383
1991-04-03,310.30933,310.65775,307.5511,315.92737,312.88232,308.95044
1991-04-04,329.26242,330.92352,328.8923,332.43552,330.48767,327.57095
1991-04-05,294.6133,293.49063,289.1124,301.41565,297.0102,291.78833
1991-04-06,265.77982,264.99695,261.2714,271.8089,268.11496,263.67444
1991-04-07,232.60226,233.29616,231.38713,231.97691,229.99127,227.33609
1991-04-08,258.00912,257.12192,253.37828,258.64008,254.85223,250.35434
1991-04-09,282.39056,283.63635,281.7113,286.4253,284.37152,281.47348
1991-04-10,236.01457,236.49911,234.34332,240.33252,238.02489,235.02066
1991-04-11,259.9966,260.87213,258.831,264.0673,261.9215,258.99704
1991-04-12,236.52368,234.7327,230.33855,237.14894,232.619,227.45345
1991-04-13,237.0737,236.67896,233.64627,238.12692,234.96715,231.13058
1991-04-14,273.9311,274.03506,271.07864,275.99478,273.04504,269.28915
1991-04-15,265.70355,266.31412,263.9449,270.04462,267.54727,264.2478
1991-04-16,222.989,224.25859,223.01115,226.71431,225.57077,223.72635
1991-04-17,242.14055,242.73213,240.60544,249.2078,246.87952,243.80562
1991-04-18,243.78555,243.93625,241.35832,247.06857,244.598,241.38953
1991-04-19,307.4211,307.61807,304.37296,313.38443,310.1372,305.95322
1991-04-20,281.05322,282.201,280.18103,286.89948,284.91367,282.0412
1991-04-21,295.77063,296.8877,294.67197,300.54465,298.28677,295.1012
1991-04-22,281.36343,277.09363,269.76297,288.4755,281.2519,273.26782
1991-04-23,283.07794,282.40735,278.58142,287.9977,284.0894,279.3318
1991-04-24,286.2124,284.9866,280.58127,289.688,285.19797,279.8654
1991-04-25,299.60147,299.84674,296.73108,304.7823,301.76147,297.80597
1991-04-26,330.50635,330.43695,326.66635,337.28223,333.57486,328.8393
1991-04-27,298.14,299.31937,297.13312,299.90567,297.84,294.82437
1991-04-28,256.15155,258.12027,257.17673,256.40942,255.44756,253.64957
1991-04-29,257.12704,257.61206,255.20474,261.50763,259.0138,255.70497
1991-04-30,283.19928,284.0204,281.64935,284.0466,281.79163,278.63666
1991-05-01,269.6912,270.34164,267.95468,273.5302,271.24918,268.10193
1991-05-02,289.10376,289.30673,286.26395,293.28915,290.26935,286.33356
1991-05-03,300.92444,301.2416,298.1778,306.65414,303.77222,299.92255
1991-05-04,310.10593,309.18658,304.80963,316.3288,311.8002,306.31256
1991-05-05,307.61288,307.91647,304.76404,312.729,309.61353,305.51086
1991-05-06,324.4883,323.79523,319.47842,331.78683,327.38898,321.97073
1991-05-07,315.78296,315.16187,311.01312,320.5805,316.36456,311.15933
1991-05-08,322.28925,321.62015,317.35165,324.03076,319.91547,314.79398
1991-05-09,296.49457,297.43253,295.02576,296.61942,294.5006,291.4143
1991-05-10,304.25058,302.18555,296.75415,306.2955,300.71982,294.2346
1991-05-11,329.93878,330.1898,326.7366,333.5644,330.33606,326.0382
1991-05-12,282.08047,283.80023,282.32065,282.59555,281.07446,278.61273
1991-05-13,285.2286,287.58768,286.69852,290.27008,289.83047,288.3926
1991-05-14,309.4708,306.22656,299.58524,315.7061,309.10696,301.58633
1991-05-15,348.35446,347.32333,342.41174,355.1968,350.6782,345.04214
1991-05-16,314.52985,315.29395,312.51807,318.54407,316.0822,312.57367
1991-05-17,285.86316,284.8539,280.6652,282.2438,278.4617,273.79428
1991-05-18,342.27582,340.97577,335.87173,345.06268,340.18832,334.23697
1991-05-19,346.55197,347.12305,343.80225,351.03342,347.95703,343.7325
1991-05-20,273.6136,274.90286,273.10178,276.72794,275.04144,272.42877
1991-05-21,314.27194,313.93387,310.08713,325.1562,321.21442,316.23642
1991-05-22,330.24472,329.9149,325.89856,336.55783,332.8338,328.02655
1991-05-23,280.35165,279.5176,275.56726,285.07202,281.1054,276.24246
1991-05-24,343.9341,342.99374,338.22977,350.04892,345.5426,339.9248
1991-05-25,345.21713,345.22867,341.3827,351.48907,348.66153,344.67102
1991-05-26,366.46112,365.46603,360.39957,375.49457,370.76724,364.84308
1991-05-27,352.6573,353.32944,350.04938,358.22208,355.67065,351.92365
1991-05-28,308.73135,311.32562,310.41714,308.373,307.69452,305.94513
1991-05-29,308.18533,309.90305,308.1448,311.507,310.4021,308.22635
1991-05-30,315.2938,315.10025,311.39496,320.08386,316.5712,312.02222
1991-05-31,333.49664,331.1343,325.1065,337.78677,332.2609,325.69037
1991-06-01,349.95108,350.3389,346.81906,354.52844,351.60846,347.51376
1991-06-02,326.89212,325.9785,321.44437,331.68777,327.37173,321.99936
1991-06-03,293.29453,288.52625,280.59787,295.7394,287.81296,279.05487
1991-06-04,327.57507,326.27783,321.36435,332.35516,327.47833,321.55762
1991-06-05,326.95804,327.03122,323.46667,331.84558,328.31442,323.70496
1991-06-06,297.66037,298.80576,296.61728,301.29327,299.28766,296.27063
1991-06-07,294.50735,294.68878,291.59424,298.4813,295.59525,291.7317
1991-06-08,333.7318,332.047,326.6932,336.5943,331.55463,325.46088
1991-06-09,360.3432,360.11063,355.88376,366.19498,362.07965,356.781
1991-06-10,346.83813,348.33252,345.94672,356.27014,353.74826,350.03543
1991-06-11,335.6699,336.90176,334.38504,344.50497,342.39645,339.1279
1991-06-12,358.44678,358.61707,354.81165,363.28888,359.49844,354.52725
1991-06-13,310.34027,311.3516,308.90366,311.8707,309.9292,306.9392
1991-06-14,310.98514,310.1623,305.91492,314.32895,310.18756,305.04852
1991-06-15,353.59735,352.8644,348.23547,360.08588,355.8267,350.4122
1991-06-16,374.46066,373.68527,368.7863,380.22638,375.57315,369.7048
1991-06-17,351.64813,350.9311,346.3435,356.92538,352.4623,346.86182
1991-06-18,371.29462,370.45023,365.52322,379.20837,374.51996,368.62234
1991-06-19,353.946,353.6684,349.48956,360.00067,355.86346,350.5707
1991-06-20,309.09814,309.74176,306.96115,312.98874,310.36237,306.70612
1991-06-21,306.98462,307.06943,303.76733,310.3964,307.3452,303.28528
1991-06-22,324.7026,324.51706,320.7572,328.9755,325.49084,320.94455
1991-06-23,357.1766,356.26624,351.4415,362.006,357.6086,352.05896
1991-06-24,369.6655,368.8889,364.05975,375.63318,371.37698,365.91788
1991-06-25,357.30273,358.0447,354.8396,361.61722,358.85883,354.9078
1991-06-26,315.18423,314.74368,310.84695,319.25113,315.51663,310.76465
1991-06-27,368.34964,367.7326,363.08084,372.4537,367.97177,362.30716
1991-06-28,358.3267,359.94217,357.58713,362.82455,360.82404,357.60986
1991-06-29,309.17026,311.0881,309.5707,313.59967,312.4702,310.2769
1991-06-30,335.62262,334.33438,329.3916,340.86823,335.72168,329.52347
1991-07-01,346.28296,345.4666,340.87067,353.14905,348.56934,342.8813
1991-07-02,342.29367,341.2199,336.41788,349.72324,344.48676,338.17227
1991-07-03,341.38644,340.56107,336.0141,351.93427,347.14157,341.25266
1991-07-04,342.18396,340.18753,334.48782,349.78796,344.18655,337.51883
1991-07-05,338.0653,336.4872,331.24393,344.2562,338.84174,332.3764
1991-07-06,340.3074,338.8503,333.7029,346.65668,341.1123,334.51334
1991-07-07,354.80157,354.40057,350.13034,364.7637,360.24118,354.5759
1991-07-08,341.7644,341.4541,337.41724,346.8734,342.705,337.44766
1991-07-09,355.33167,354.61862,350.04135,360.06473,355.531,349.87375
1991-07-10,370.14728,369.83017,365.48083,373.28503,369.17,363.8763
1991-07-11,375.6045,375.03268,370.37668,377.61328,373.4594,368.11456
1991-07-12,374.7588,375.1042,371.35748,381.8742,378.1706,373.25113
1991-07-13,354.1749,354.29935,350.56277,359.51523,355.94226,351.22836
1991-07-14,364.23892,364.1969,360.18985,367.3351,363.63135,358.7648
1991-07-15,365.01822,365.56702,362.13202,369.53195,365.78915,360.8787
1991-07-16,364.41425,364.70395,361.02402,367.12152,363.84238,359.3934
1991-07-17,346.1192,345.76138,341.64844,349.74387,345.8942,340.95047
1991-07-18,380.5076,380.63678,376.62894,385.55624,381.83755,376.90097
1991-07-19,339.4778,339.98874,336.80246,344.8369,341.6977,337.46606
1991-07-20,334.0432,334.368,331.06046,338.9089,335.59473,331.21445
1991-07-21,332.5453,333.27707,330.38614,336.6786,333.8082,329.86954
1991-07-22,330.04547,330.70267,327.76776,334.5044,331.73737,327.9084
1991-07-23,357.2762,356.72247,352.30856,363.8577,359.77713,354.57083
1991-07-24,358.89713,359.44974,356.10367,365.45486,362.31042,358.01282
1991-07-25,326.428,326.54834,323.13254,329.99698,326.6811,322.33786
1991-07-26,331.3999,331.3844,327.7836,331.9394,328.47888,323.98996
1991-07-27,361.11545,360.35062,355.69647,365.49625,360.9701,355.3319
1991-07-28,375.78513,376.94446,374.01852,380.51605,377.76096,373.8003
1991-07-29,361.44174,362.56488,359.7606,363.6236,361.14185,357.50647
1991-07-30,330.41006,331.53653,329.0727,329.48422,327.23703,323.94638
1991-07-31,348.13925,348.5434,345.18256,348.48465,345.4614,341.35312
1991-08-01,341.44434,342.02454,338.91043,343.61484,340.71643,336.74814
1991-08-02,360.3515,360.11325,355.99554,365.78433,361.746,356.59528
1991-08-03,377.87177,376.90125,371.87927,384.76505,379.56708,373.22534
1991-08-04,378.70703,378.673,374.56186,386.19934,382.27374,377.17004
1991-08-05,348.57184,349.4465,346.5524,352.7365,349.93802,346.04605
1991-08-06,303.9813,304.66898,302.07324,307.8712,305.3786,301.93506
1991-08-07,312.98962,312.22452,308.11008,316.26486,312.2937,307.38315
1991-08-08,353.43365,352.91144,348.60233,355.33752,351.224,346.04877
1991-08-09,377.9715,377.6234,373.22354,383.31192,379.03403,373.6096
1991-08-10,369.19315,369.1293,365.10446,372.72852,368.8367,363.82605
1991-08-11,319.4231,319.36774,315.88733,319.42935,316.3122,312.2332
1991-08-12,352.5697,351.9454,347.55383,355.88885,351.65588,346.37277
1991-08-13,373.80478,374.2855,370.7518,378.92612,375.39957,370.73358
1991-08-14,361.33334,363.08838,360.94003,366.0148,364.5167,361.87387
1991-08-15,339.8319,340.57132,337.65955,343.25876,340.5445,336.79175
1991-08-16,355.2,355.04498,351.0939,359.70007,355.8596,350.95828
1991-08-17,377.3529,376.5736,371.77567,385.89423,381.12,375.22687
1991-08-18,344.14398,346.69962,345.5295,345.4784,344.7724,342.9805
1991-08-19,301.5164,303.80197,302.8245,302.0821,300.80566,298.5985
1991-08-20,324.8366,327.08765,325.8295,325.97284,325.0268,323.0689
1991-08-21,365.454,366.15866,362.95264,369.7246,366.51492,362.2129
1991-08-22,372.73538,374.4013,372.06308,378.40628,376.34702,373.1435
1991-08-23,328.3743,328.70718,325.53613,334.04434,330.8233,326.6291
1991-08-24,345.85864,344.42245,339.33154,350.86676,346.00952,340.16876
1991-08-25,365.06076,364.1708,359.4138,371.45584,366.701,360.89893
1991-08-26,372.98605,373.42392,369.88794,381.01257,377.5501,372.98346
1991-08-27,360.30667,361.1911,358.2305,369.34766,366.30145,362.18097
1991-08-28,341.45053,340.21017,335.36673,349.2661,344.2038,338.18097
1991-08-29,331.3922,330.97504,327.04852,336.3417,332.13696,326.99442
1991-08-30,335.99487,335.83795,332.12018,340.2318,336.49704,331.80475
1991-08-31,353.758,354.01602,350.5195,359.83276,356.30695,351.76212
1991-09-01,349.2753,349.86453,346.743,354.48126,351.30215,347.11594
1991-09-02,344.94284,345.2375,341.87494,349.53918,346.1928,341.8619
1991-09-03,355.91016,355.9623,352.24768,360.96603,357.27188,352.57028
1991-09-04,361.18723,361.15167,357.29742,364.99582,361.08215,356.1577
1991-09-05,370.61426,370.2051,365.88657,378.06415,373.44104,367.7882
1991-09-06,370.73965,370.0276,365.41248,377.3957,372.63818,366.85992
1991-09-07,360.06546,362.2982,360.69104,361.2572,360.2551,358.19815
1991-09-08,325.29147,326.31424,323.88757,328.78546,326.11624,322.53104
1991-09-09,313.03082,315.021,313.6764,315.97256,314.56012,312.24448
1991-09-10,316.50095,317.96786,316.07462,319.7884,317.80832,314.93033
1991-09-11,331.36328,331.52164,328.18774,337.51434,334.20972,329.98868
1991-09-12,333.86118,334.1516,330.92325,339.45596,336.32874,332.2791
1991-09-13,330.56503,331.0361,328.02216,333.75925,330.62213,326.58322
1991-09-14,357.95157,356.90817,352.11935,361.87402,357.09476,351.3726
1991-09-15,377.12302,377.71014,374.32504,382.3178,379.2089,375.0648
1991-09-16,335.9497,336.76532,334.0395,341.39706,338.4222,334.53122
1991-09-17,301.02524,301.5323,298.87155,300.70966,297.9087,294.30807
1991-09-18,358.49463,358.8885,355.51523,361.02698,358.11386,354.23486
1991-09-19,376.61658,377.5695,374.55826,382.58676,380.00253,376.38803
1991-09-20,381.2899,381.28418,377.28293,386.10178,382.18237,377.25626
1991-09-21,370.81583,370.59357,366.49103,376.9543,372.85092,367.7749
1991-09-22,344.58395,344.94046,341.68387,349.9054,346.4218,342.03217
1991-09-23,350.02716,349.8264,345.96616,357.02646,352.781,347.62994
1991-09-24,332.34955,331.96075,328.10208,336.9079,333.0265,328.29144
1991-09-25,251.63298,253.05002,251.8143,254.88307,253.72734,251.89055
1991-09-26,256.23828,257.91913,256.89636,258.9669,257.79614,255.93628
1991-09-27,286.03326,286.16406,283.3052,291.91364,288.79724,284.94543
1991-09-28,322.99103,324.5828,322.77795,327.29022,325.1788,322.21725
1991-09-29,240.6029,242.56566,241.98761,243.21689,242.73982,241.61081
1991-09-30,236.78726,238.48062,237.67815,239.29866,238.26038,236.59518
1991-10-01,252.58792,254.21848,253.1904,255.4067,254.17815,252.28584
1991-10-02,281.01874,280.93155,277.91592,285.64935,282.34293,278.3373
1991-10-03,293.75037,294.29648,291.77313,297.52475,295.44138,292.60474
1991-10-04,277.7318,276.70807,272.80566,280.69278,276.1814,271.01456
1991-10-05,274.43298,275.50037,273.6939,276.35492,274.00644,270.97263
1991-10-06,332.52185,337.62256,339.1875,333.49936,335.41824,336.41678
1991-10-07,363.48672,368.34177,369.34366,365.41293,367.43915,368.46262
1991-10-08,309.04428,312.73248,313.15213,310.27774,310.14697,309.2056
1991-10-09,310.62482,312.1455,310.41275,309.94193,307.93628,305.16177
1991-10-10,317.90863,319.9601,318.67578,322.9969,321.53488,319.2623
1991-10-11,263.49426,263.78107,261.3233,267.8718,265.3406,262.166
1991-10-12,276.71252,276.95004,274.30667,280.35242,277.70642,274.3896
1991-10-13,288.59293,290.2915,288.9662,292.39493,290.9018,288.68677
1991-10-14,228.98373,231.64394,231.88748,232.93729,232.75249,231.97505
1991-10-15,253.2307,253.1495,250.43698,255.47472,252.55798,249.04674
1991-10-16,285.52502,286.0276,283.5556,288.61414,285.8187,282.34445
1991-10-17,313.93518,314.2063,311.21088,318.58023,315.27756,311.23242
1991-10-18,333.97012,333.76117,330.08395,338.56937,334.75555,330.1615
1991-10-19,311.6256,315.05453,315.20007,313.0476,313.1828,312.52856
1991-10-20,250.86134,252.83894,252.18376,253.49483,252.60582,251.09898
1991-10-21,248.02107,249.21571,247.8173,250.24866,248.6557,246.46861
1991-10-22,303.96875,304.14984,301.1694,307.9419,304.62683,300.60886
1991-10-23,335.80063,335.90604,332.5198,342.9958,339.19766,334.62115
1991-10-24,269.0321,270.4747,269.10266,273.4822,272.2074,270.2809
1991-10-25,249.27023,250.26514,248.65631,250.9483,248.81213,246.098
1991-10-26,251.01442,253.16148,252.67215,252.65048,251.9168,250.57643
1991-10-27,299.0664,299.118,296.0593,302.4024,299.13538,295.18903
1991-10-28,324.58875,325.05814,322.14615,328.24826,325.02246,321.05548
1991-10-29,283.5485,285.36536,284.2108,288.5531,287.147,285.06476
1991-10-30,248.46643,248.78177,246.50845,257.05978,254.52231,251.40794
1991-10-31,228.28062,229.81482,228.95523,236.60815,235.16728,233.18037
1991-11-01,235.77617,237.07903,235.91245,238.16501,236.80615,234.89746
1991-11-02,312.4327,312.53607,309.38577,316.0622,312.74982,308.73724
1991-11-03,292.39062,294.1992,292.94177,295.37646,293.9001,291.74152
1991-11-04,250.67455,251.40298,249.51193,250.72685,248.53868,245.78984
1991-11-05,297.0518,300.6344,301.0804,296.61584,297.3434,297.3491
1991-11-06,250.92625,254.78041,255.97478,247.95486,249.15887,249.75009
1991-11-07,254.10121,255.52129,254.276,254.41617,252.90811,250.82225
1991-11-08,265.006,266.17468,264.5664,267.40875,265.5145,263.01978
1991-11-09,256.53192,257.05118,254.88843,259.8565,257.3618,254.29657
1991-11-10,248.98279,251.17796,250.74988,248.47751,247.71147,246.37202
1991-11-11,212.38118,214.2071,213.79524,215.1372,214.33578,213.04137
1991-11-12,218.49503,220.56912,220.338,220.07779,219.44086,218.29732
1991-11-13,249.33414,249.25108,246.56401,253.57768,250.43246,246.74751
1991-11-14,272.3764,273.7705,272.30225,275.93173,274.20377,271.85944
1991-11-15,192.5133,193.98077,193.41896,192.65965,191.82297,190.55008
1991-11-16,182.65787,184.36304,184.13861,183.36678,182.88914,181.99141
1991-11-17,218.75354,218.87218,216.70006,218.11234,215.66757,212.757
1991-11-18,255.71909,253.24844,248.1273,260.40753,254.20964,247.51425
1991-11-19,270.2912,266.36542,259.65097,273.97314,266.6144,258.7477
1991-11-20,282.65555,283.14874,280.67426,287.30536,284.6273,281.32877
1991-11-21,274.68982,275.49457,273.4104,279.24164,277.10638,274.36075
1991-11-22,224.67845,227.59244,228.11804,230.11444,230.36009,230.0682
1991-11-23,250.04791,247.73517,242.82277,250.93967,245.59465,239.76231
1991-11-24,238.74838,239.34071,237.41959,239.37859,237.42854,234.95915
1991-11-25,225.22908,227.86658,228.10959,225.59761,225.72365,225.3265
1991-11-26,250.11073,250.46596,248.18823,249.76497,247.25487,244.2123
1991-11-27,306.52554,307.24643,304.73575,310.87375,308.11237,304.68253
1991-11-28,257.78067,260.15945,259.80038,262.03165,261.59616,260.56485
1991-11-29,232.66412,234.2176,233.30501,232.32736,231.13434,229.42754
1991-11-30,306.7611,307.01566,304.03586,310.37933,307.0786,303.12167
1991-12-01,289.66074,290.43454,288.147,293.14584,290.68015,287.58377
1991-12-02,280.11215,278.9005,274.74722,287.88995,283.6667,278.85568
1991-12-03,306.16534,307.1873,304.96774,309.50122,306.84442,303.5236
1991-12-04,259.98062,262.14694,261.5458,269.2527,268.2007,266.54956
1991-12-05,216.55373,218.1859,217.51337,222.39163,221.52805,220.16971
1991-12-06,194.55843,196.19885,195.76572,201.04376,200.12094,198.75348
1991-12-07,183.80867,184.72336,183.68452,187.30045,186.09787,184.48715
1991-12-08,196.19685,197.16188,196.04059,195.77823,194.25743,192.3147
1991-12-09,281.56516,281.65005,278.7525,281.80453,278.54156,274.68997
1991-12-10,266.53348,267.51028,265.65308,271.99188,269.63153,266.6896
1991-12-11,215.84732,217.55269,216.95226,222.05869,221.11655,219.6827
1991-12-12,223.10922,225.44476,225.38972,226.32993,226.00984,225.1776
1991-12-13,224.42262,226.65009,226.47272,226.39217,225.94803,224.99377
1991-12-14,210.90508,213.1708,213.17354,217.19215,217.3137,216.93645
1991-12-15,219.66438,225.18155,228.3083,223.29604,225.77895,227.70839
1991-12-16,193.1997,195.67003,196.06094,197.17253,197.20837,196.79259
1991-12-17,200.46002,201.4775,200.35184,198.58195,197.08434,195.1582
1991-12-18,255.70953,259.11752,259.76877,255.08868,256.1093,256.52875
1991-12-19,200.25195,202.41983,202.43265,199.64334,198.33482,196.59196
1991-12-20,190.3045,191.02095,189.70177,189.4366,187.83286,185.8231
1991-12-21,271.05908,270.52917,267.11383,271.941,268.21768,263.9358
1991-12-22,229.60872,234.10464,236.10504,232.5098,234.20378,235.336
1991-12-23,178.51363,180.72401,181.00604,180.25996,179.97408,179.28004
1991-12-24,186.74521,188.68665,188.61339,185.63977,185.32172,184.58353
1991-12-25,192.97731,194.57599,194.09561,193.32791,192.45752,191.15869
1991-12-26,291.86996,289.76486,284.559,294.1499,288.49457,282.2617
1991-12-27,281.2828,284.2325,284.1421,284.6601,283.86566,282.43115
1991-12-28,217.7997,220.78618,221.41025,223.8544,224.34496,224.31259
1991-12-29,240.36452,240.92899,238.91234,245.4568,242.83435,239.69276
1991-12-30,249.01567,249.9387,248.18275,254.07268,252.25221,249.87848
1991-12-31,267.14313,266.64777,263.29178,275.9668,272.2329,267.92798
1992-01-01,220.82298,221.89392,220.5826,218.19818,216.75961,214.84256
1992-01-02,299.66635,299.25812,295.6341,302.5294,298.47568,293.79355
1992-01-03,275.3301,275.96283,273.62915,279.17853,276.8121,273.84134
1992-01-04,231.27048,232.47375,231.1772,232.75473,231.3618,229.45444
1992-01-05,210.72725,211.4662,209.92976,209.20311,207.35933,205.06302
1992-01-06,299.8012,300.43365,297.83142,303.2642,300.36346,296.81003
1992-01-07,271.20996,272.34552,270.54764,275.0897,272.9859,270.28006
1992-01-08,260.34982,260.49942,257.8412,268.10522,264.80487,260.9389
1992-01-09,264.27496,262.7439,258.37836,271.47443,266.3776,260.73807
1992-01-10,268.31683,271.08066,270.92108,270.47073,270.20966,269.32275
1992-01-11,223.37842,225.13602,224.4642,223.85233,222.80513,221.25392
1992-01-12,197.4358,199.15175,198.71768,199.06413,198.20654,196.89885
1992-01-13,183.29742,184.32256,183.35649,185.03171,183.56213,181.68542
1992-01-14,174.75865,175.25043,173.84789,179.19455,177.26605,174.95163
1992-01-15,187.13336,187.41275,185.6653,189.13687,186.95946,184.37659
1992-01-16,177.8837,181.06644,182.29129,177.10509,177.99005,178.44304
1992-01-17,169.88683,173.07297,174.38676,169.71242,170.44313,170.76128
1992-01-18,171.21568,172.48103,171.87889,172.28728,171.40282,170.1278
1992-01-19,252.94865,254.97615,254.24174,254.98901,253.62398,251.68095
1992-01-20,176.66579,179.37125,180.13321,179.36873,179.75798,179.71588
1992-01-21,211.65808,211.9553,209.95435,213.74937,211.43071,208.64694
1992-01-22,283.39426,285.37378,284.25806,285.1077,283.57248,281.38785
1992-01-23,181.79152,185.0741,186.3487,182.76816,183.7559,184.2911
1992-01-24,223.39243,225.22725,224.61714,227.31133,226.09236,224.35367
1992-01-25,244.85942,244.9635,242.4073,251.4246,248.11618,244.26727
1992-01-26,300.0354,301.25275,299.1973,303.06882,301.1044,298.45053
1992-01-27,311.1013,314.17905,313.8421,313.90497,313.90134,313.14523
1992-01-28,191.3766,194.83147,196.16766,192.54112,193.49326,193.96548
1992-01-29,170.58133,172.51297,172.56808,173.90761,173.89165,173.45734
1992-01-30,202.66263,203.09537,201.3186,204.07207,201.91275,199.30083
1992-01-31,229.46074,230.31557,228.66377,230.19145,228.39499,226.07518
1992-02-01,252.04802,254.64438,254.46767,253.70903,253.15642,251.99933
1992-02-02,184.25775,185.61478,184.94995,187.99924,187.03839,185.63885
1992-02-03,204.22456,204.26198,202.0745,204.8133,202.25462,199.24516
1992-02-04,259.5313,261.0022,259.62836,263.02472,261.1292,258.62747
1992-02-05,229.63768,231.3557,230.55103,234.19281,232.58421,230.43309
1992-02-06,224.10237,225.4062,224.25163,225.63953,224.31998,222.47214
1992-02-07,184.2061,186.67088,187.0978,182.7451,182.97942,182.76015
1992-02-08,213.89754,214.93762,213.63219,214.9187,213.31322,211.20876
1992-02-09,210.7971,212.9701,212.81703,214.28511,213.98993,213.17102
1992-02-10,247.29749,246.65907,243.32954,251.76178,247.8705,243.43027
1992-02-11,255.22383,254.21944,250.44124,254.29655,250.39523,245.93753
1992-02-12,296.94058,296.76447,293.34814,299.97458,296.30475,291.95895
1992-02-13,236.96068,237.02034,234.49113,239.62117,236.75412,233.34436
1992-02-14,224.16231,224.93343,223.24596,226.74147,224.80067,222.32991
1992-02-15,215.00578,216.81606,216.25394,215.21175,214.09813,212.46576
1992-02-16,195.34131,196.7163,195.93857,197.44353,196.23627,194.55534
1992-02-17,209.32666,210.46983,209.30968,212.62698,210.98662,208.84146
1992-02-18,241.62874,243.39317,242.49226,247.34705,245.84355,243.74304
1992-02-19,182.78935,184.6236,184.43428,185.74274,185.19157,184.17912
1992-02-20,155.27419,156.69089,156.3899,155.98927,155.37816,154.3814
1992-02-21,151.26138,152.60657,152.27832,151.94382,151.34767,150.3747
1992-02-22,151.42928,153.5254,153.93553,152.58437,152.83302,152.6848
1992-02-23,158.91035,159.93378,159.20319,160.38773,159.4211,158.06094
1992-02-24,193.79427,192.40547,188.9131,187.96803,183.79591,179.22354
1992-02-25,173.33353,172.84923,170.47256,173.86458,170.96783,167.67984
1992-02-26,213.32414,214.1085,212.54404,216.51178,214.6936,212.3494
1992-02-27,215.13748,217.44775,217.36703,216.92146,216.5692,215.6574
1992-02-28,165.61108,166.69011,165.93779,166.71803,165.59018,164.04868
1992-02-29,168.58856,170.39232,170.32097,171.51616,171.54752,171.12666
1992-03-01,157.07736,158.43713,158.05373,157.92992,157.33217,156.3297
1992-03-02,227.76857,227.587,224.9083,230.56088,227.69246,224.27356
1992-03-03,276.11685,277.20126,275.2383,280.15964,277.9957,275.132
1992-03-04,224.28381,224.15431,221.56366,224.91707,222.34178,219.22057
1992-03-05,182.76572,184.15707,183.51965,182.38289,181.58789,180.32047
1992-03-06,193.26527,194.37157,193.3372,194.42357,193.06648,191.21487
1992-03-07,259.74512,260.07367,257.54178,259.60785,257.18094,254.10445
1992-03-08,248.08003,249.97322,249.10898,251.35008,250.12831,248.25023
1992-03-09,195.54633,196.87827,196.03825,198.59836,197.48564,195.85542
1992-03-10,227.54028,228.98582,227.90459,230.64857,228.88759,226.53348
1992-03-11,217.45435,218.80455,217.73941,222.75587,221.36314,219.38828
1992-03-12,211.17558,211.61382,209.71938,212.09912,209.93236,207.22783
1992-03-13,236.0844,236.99191,235.2838,238.37106,236.41855,233.84813
1992-03-14,241.39688,242.92953,241.77667,244.65126,243.3393,241.37463
1992-03-15,253.09442,254.11682,252.33186,256.6236,254.62099,251.94498
1992-03-16,257.69147,258.97855,257.4019,260.9713,259.17123,256.67783
1992-03-17,260.561,261.49432,259.53683,263.30792,261.14786,258.29306
1992-03-18,294.79953,293.88846,289.73834,301.61743,297.04074,291.7134
1992-03-19,283.5332,282.26865,277.8943,290.417,286.1448,281.14343
1992-03-20,233.5348,235.34824,234.55034,237.19742,236.39825,234.93773
1992-03-21,224.12956,222.82147,219.05858,227.55223,223.35788,218.6068
1992-03-22,223.86407,223.67607,221.01578,227.6854,224.78952,221.3032
1992-03-23,224.20366,222.90051,219.13985,227.88371,223.75903,219.06981
1992-03-24,256.39346,251.43512,243.72672,262.6183,254.3221,245.4569
1992-03-25,279.79565,277.9609,273.06064,286.39554,281.63248,276.14316
1992-03-26,230.9149,233.13498,232.75705,233.22688,232.6583,231.41574
1992-03-27,246.54207,246.3285,243.38635,249.38368,246.35559,242.66202
1992-03-28,236.6394,238.03673,236.7847,240.62402,239.59837,237.88145
1992-03-29,285.25217,285.56387,282.70547,285.20615,282.9498,279.8957
1992-03-30,281.68582,280.85345,276.91025,283.23853,279.12094,274.2534
1992-03-31,294.6987,294.01984,290.0815,297.45932,293.30008,288.34543
1992-04-01,301.6853,302.21243,299.37848,306.29956,303.36926,299.5826
1992-04-02,203.19861,205.01651,204.54199,205.50906,205.03236,203.94147
1992-04-03,223.26955,224.08347,222.39961,225.78581,223.92014,221.40997
1992-04-04,231.42685,231.86633,229.72328,233.95377,231.65956,228.70357
1992-04-05,229.7082,229.56496,226.86823,233.56023,230.80484,227.39735
1992-04-06,234.04158,235.59877,234.52037,238.96828,238.03539,236.38472
1992-04-07,240.1677,240.21571,237.58789,238.8644,236.36311,233.18083
1992-04-08,239.69179,239.39525,236.43376,239.53427,236.94379,233.66943
1992-04-09,250.64804,252.17677,250.88153,251.57915,250.30511,248.27281
1992-04-10,295.21652,294.99475,291.4852,297.3973,294.25806,290.2602
1992-04-11,326.71112,327.55972,324.74667,330.45966,327.82986,324.22
1992-04-12,257.27786,260.00943,259.81525,256.7133,256.54626,255.56636
1992-04-13,238.5657,238.91469,236.59325,242.41684,240.09099,237.0502
1992-04-14,247.45697,247.096,243.97858,249.93637,246.62329,242.5937
1992-04-15,252.43636,253.66084,252.04022,254.65504,252.76048,250.09448
1992-04-16,242.42403,243.09595,241.04478,245.97269,243.93962,241.16371
1992-04-17,313.7547,313.18353,309.11624,320.8585,317.16144,312.51883
1992-04-18,348.5322,347.965,343.5116,356.2637,352.06207,346.80887
1992-04-19,282.3148,285.56137,285.58295,282.0481,281.9242,280.8807
1992-04-20,288.43564,287.81702,283.9835,288.5517,285.14093,280.8722
1992-04-21,301.57535,301.24146,297.53897,305.62964,301.82187,297.1071
1992-04-22,336.0557,335.2573,330.71307,342.40234,337.72342,332.0356
1992-04-23,332.58908,333.46405,330.59622,336.86127,334.20303,330.49716
1992-04-24,322.42587,322.6738,319.3051,326.77527,323.0102,318.25693
1992-04-25,286.4581,286.69772,283.72305,289.5524,287.18045,283.90427
1992-04-26,281.08386,279.60666,275.01102,282.55704,278.09747,272.8097
1992-04-27,279.5917,277.5804,272.47824,276.9508,271.89017,266.0336
1992-04-28,272.48914,272.10925,268.6832,274.73007,271.70978,267.844
1992-04-29,258.21484,258.31665,255.5217,260.5745,257.86362,254.34436
1992-04-30,244.06197,243.97218,241.14812,246.49919,243.69682,240.1338
1992-05-01,237.64548,237.7062,235.10112,239.7646,237.20132,233.89177
1992-05-02,250.87157,251.71431,249.72601,253.84322,251.98274,249.30713
1992-05-03,281.02792,280.7738,277.37387,286.1817,282.72714,278.38763
1992-05-04,336.86353,335.93918,331.25723,342.65176,338.035,332.36902
1992-05-05,285.90765,288.28882,287.41263,289.31134,288.4396,286.5982
1992-05-06,286.9773,287.1139,284.02954,290.8089,287.65344,283.58258
1992-05-07,321.71945,322.79495,320.2397,329.51974,327.46564,324.33084
1992-05-08,328.8341,328.78577,325.05145,336.80164,333.3552,328.8383
1992-05-09,331.06638,331.6955,328.59915,336.31668,333.95935,330.50156
1992-05-10,288.54773,286.67438,281.60703,290.13275,285.4627,279.9128
1992-05-11,280.38095,281.1745,278.80792,285.0459,283.03735,280.09283
1992-05-12,281.49655,283.81857,282.93506,286.69754,286.06827,284.45834
1992-05-13,295.3959,295.62552,292.53992,302.3129,299.35718,295.42783
1992-05-14,332.90628,332.5612,328.49377,338.05872,333.87756,328.62967
1992-05-15,336.6934,336.54056,332.61948,344.20575,340.34384,335.38354
1992-05-16,263.85458,265.8027,264.75317,265.45502,264.41098,262.46613
1992-05-17,257.51855,257.43445,254.4687,260.60226,257.7612,254.08391
1992-05-18,302.63657,302.4082,298.7971,304.39288,301.01825,296.66724
1992-05-19,268.97427,270.14484,268.2795,272.29874,270.53546,267.86368
1992-05-20,270.3899,271.6624,269.88187,274.82184,273.25598,270.76636
1992-05-21,273.8339,273.76468,270.63425,278.72827,275.6133,271.6021
1992-05-22,324.171,322.79678,317.8281,330.814,326.24817,320.64108
1992-05-23,291.5724,291.4915,288.15338,295.41486,292.42953,288.48404
1992-05-24,292.3638,293.52902,291.40195,295.03186,293.07053,290.12183
1992-05-25,278.35458,278.77133,276.0699,282.6236,280.0624,276.57333
1992-05-26,293.79962,294.1356,291.18384,296.6907,293.7354,289.81274
1992-05-27,324.90164,325.57016,322.59787,328.26306,325.75476,322.15494
1992-05-28,343.96436,343.72263,339.6489,349.85867,346.0638,341.13553
1992-05-29,341.85303,341.2972,336.9414,347.58002,343.24677,337.80225
1992-05-30,305.96625,307.26923,305.13297,310.04413,308.23575,305.3801
1992-05-31,286.0446,286.69415,284.14233,288.88257,286.4383,283.03857
1992-06-01,301.03134,301.04526,297.70633,304.62686,301.3491,297.08264
1992-06-02,338.0985,336.53976,331.25162,343.46854,338.42935,332.31158
1992-06-03,349.169,348.64932,344.25604,355.87878,351.48798,345.95703
1992-06-04,278.417,278.4719,275.42926,279.5425,276.73004,273.00482
1992-06-05,283.1504,282.3791,278.4773,288.42834,284.67188,279.99673
1992-06-06,312.96048,312.53793,308.64767,317.17084,313.53918,308.884
1992-06-07,269.65714,270.59756,268.52298,272.87912,271.0163,268.23898
1992-06-08,277.00806,279.1746,278.2192,280.49594,279.70895,277.95178
1992-06-09,333.07358,334.66345,332.52374,338.33975,336.61823,333.74756
1992-06-10,344.8667,346.6389,344.54865,353.30164,351.1601,347.82828
1992-06-11,323.90576,326.19513,324.8452,336.52103,335.42233,333.16498
1992-06-12,328.92087,329.37582,326.1779,340.15338,336.99826,332.72742
1992-06-13,337.99,338.80215,335.85513,338.29752,336.00323,332.57718
1992-06-14,364.4652,364.0275,359.5671,369.94183,365.75635,360.37888
1992-06-15,361.19812,362.29642,359.3769,369.028,366.09827,361.9467
1992-06-16,346.84216,347.69016,344.6866,355.1292,352.6454,348.97745
1992-06-17,355.0093,356.79694,354.62457,360.83972,359.04416,356.02676
1992-06-18,341.07056,340.3942,335.96744,346.37494,341.98645,336.497
1992-06-19,346.1508,346.0206,342.0742,351.89078,348.36487,343.6964
1992-06-20,334.8678,335.03818,331.5124,339.27948,335.71664,331.0573
1992-06-21,325.92416,325.76602,322.01944,329.25287,325.73816,321.16165
1992-06-22,325.54868,326.22333,323.2976,325.14655,322.42004,318.626
1992-06-23,303.60672,304.1167,301.27347,306.0546,303.29358,299.5337
1992-06-24,303.5385,304.62045,302.33945,306.74872,304.60513,301.44464
1992-06-25,318.44235,318.39426,314.8457,323.4297,320.29385,316.11
1992-06-26,345.33212,345.99966,342.85767,347.6594,345.03494,341.26526
1992-06-27,346.10333,347.9656,345.98633,352.38098,350.39246,347.22644
1992-06-28,315.69247,316.14926,313.13065,321.37604,318.515,314.60873
1992-06-29,329.0572,328.1494,323.65097,333.2137,328.88605,323.51172
1992-06-30,332.9481,333.4745,330.3387,336.5687,333.5391,329.41797
1992-07-01,325.5321,325.63275,322.1637,328.78036,325.5304,321.22293
1992-07-02,328.94458,329.74777,326.93073,333.61,330.97186,327.24448
1992-07-03,342.62662,341.90652,337.45102,346.78766,342.47107,337.0648
1992-07-04,366.39587,367.34158,364.2583,371.56512,368.8422,364.90305
1992-07-05,324.61533,324.49097,320.8195,329.27316,325.6405,320.96326
1992-07-06,351.38217,350.15274,345.1091,358.93558,353.89545,347.74625
1992-07-07,343.58975,346.07843,344.7611,346.9101,346.06625,344.0463
1992-07-08,317.2248,317.53644,314.37814,323.00693,320.10565,316.16602
1992-07-09,359.94434,359.1703,354.48508,363.35803,359.03348,353.56995
1992-07-10,357.34622,358.98364,356.68927,360.14536,358.09518,354.85925
1992-07-11,340.22336,339.63437,335.34943,343.15323,339.0579,333.89
1992-07-12,364.52298,364.21353,359.93948,369.7673,365.555,360.18332
1992-07-13,358.94577,361.1107,359.32166,360.2935,359.27762,357.05322
1992-07-14,337.03378,338.32874,335.9287,338.0266,335.941,332.75256
1992-07-15,321.72968,322.00903,318.78317,324.08017,321.11746,317.12387
1992-07-16,370.89096,368.61404,362.35297,376.9202,370.79706,363.54602
1992-07-17,378.6701,379.10153,375.4096,385.21582,381.7254,377.01242
1992-07-18,364.68213,365.30865,361.96182,370.78308,367.9817,363.9909
1992-07-19,371.56757,370.41324,365.25006,375.75085,370.6826,364.46826
1992-07-20,344.62738,345.2816,342.18362,346.0989,343.42007,339.63605
1992-07-21,327.72205,327.95233,324.62454,328.80884,325.52682,321.21548
1992-07-22,375.89606,376.2053,372.4346,380.55634,377.09106,372.42792
1992-07-23,354.67703,356.81793,355.07303,359.73795,358.59656,356.26996
1992-07-24,357.9535,360.1035,358.3342,362.82755,361.38538,358.75726
1992-07-25,343.09143,343.57913,340.3447,346.13666,343.09866,338.97375
1992-07-26,353.0175,352.90982,348.9869,355.57672,351.84772,347.01968
1992-07-27,368.37238,366.7422,361.1641,373.52646,368.34167,362.0367
1992-07-28,375.2411,375.1155,370.93896,378.6435,374.5294,369.25284
1992-07-29,357.9377,359.2223,356.61606,360.17917,357.9011,354.4779
1992-07-30,314.49774,315.4801,313.04874,319.158,317.00592,313.84448
1992-07-31,324.52124,325.16403,322.2938,329.4619,326.87128,323.2501
1992-08-01,358.56464,357.24673,352.09042,362.2947,357.26666,351.1628
1992-08-02,368.99664,370.99274,368.9731,373.30853,372.0047,369.4968
1992-08-03,352.11646,351.883,347.86273,356.66782,352.72284,347.69785
1992-08-04,374.05524,374.16397,370.24503,378.16318,374.82532,370.32367
1992-08-05,332.60336,332.98038,329.7724,335.6062,332.61935,328.60266
1992-08-06,333.5655,333.528,329.90546,337.29736,333.7495,329.18253
1992-08-07,352.26178,351.98135,347.92178,358.5127,354.46384,349.34128
1992-08-08,350.99646,352.39456,349.9958,357.33047,355.37943,352.30872
1992-08-09,335.28436,335.92584,332.95633,339.69766,336.79782,332.86218
1992-08-10,327.37323,328.44818,325.99048,330.81076,328.50522,325.1807
1992-08-11,331.18878,332.5027,330.24033,336.7792,334.5281,331.23984
1992-08-12,314.42627,317.7825,317.70413,323.00903,323.3252,322.58804
1992-08-13,296.85345,298.6832,297.29852,298.93906,297.86493,295.85217
1992-08-14,312.42462,313.92877,312.06015,314.71313,313.22382,310.75784
1992-08-15,358.50882,358.8985,355.4462,362.555,359.3066,354.97375
1992-08-16,376.09744,375.8989,371.6839,379.6778,375.5621,370.33124
1992-08-17,370.02945,370.55643,367.1202,371.0596,367.86804,363.56958
1992-08-18,372.38702,372.7236,369.07785,375.9762,372.4092,367.732
1992-08-19,379.88586,380.72647,377.49753,385.17657,382.25064,378.17297
1992-08-20,372.1747,373.68442,371.19647,378.67328,376.66412,373.50522
1992-08-21,356.98367,356.994,353.19943,364.117,360.41125,355.6461
1992-08-22,303.16895,306.88733,307.30627,307.16882,307.85535,307.55908
1992-08-23,317.2173,316.3329,312.08835,321.43515,317.28857,312.2337
1992-08-24,343.71042,344.22308,341.06946,349.42926,346.30844,342.1701
1992-08-25,318.61298,319.86438,317.7049,324.2683,322.1677,319.1071
1992-08-26,316.7414,318.0742,316.01666,321.23776,319.2763,316.3641
1992-08-27,317.81488,318.49258,315.78278,321.74475,319.12155,315.56503
1992-08-28,328.5489,328.8851,325.72827,332.91977,329.7728,325.67355
1992-08-29,360.1606,359.7548,355.53632,364.88126,360.64716,355.39157
1992-08-30,370.67377,371.37915,368.14252,377.312,374.18674,369.9795
1992-08-31,329.71008,333.26514,333.263,331.35965,331.85046,331.31866
1992-09-01,324.14966,325.5819,323.55655,327.13965,325.02243,321.96008
1992-09-02,280.6933,282.36816,281.04306,284.42764,283.17844,281.09674
1992-09-03,338.98392,338.97162,335.3749,343.54523,339.89124,335.2852
1992-09-04,344.97235,346.19513,343.75052,348.10504,345.81647,342.53427
1992-09-05,313.56857,315.56613,314.21667,314.02176,312.50024,310.07327
1992-09-06,316.1793,316.0641,312.61346,322.72623,318.89374,314.18634
1992-09-07,353.1937,353.17084,349.42245,355.30624,351.85107,347.41898
1992-09-08,372.0133,371.56833,367.2089,375.69464,371.44525,366.18054
1992-09-09,386.02728,385.06754,380.0568,393.48578,388.337,382.14496
1992-09-10,376.36417,377.27246,374.20184,382.80966,379.60684,375.35223
1992-09-11,376.6723,375.61008,370.60156,381.75333,376.58322,370.41302
1992-09-12,339.9647,340.44812,337.34735,342.51233,339.49692,335.55145
1992-09-13,334.04816,334.0313,330.50305,337.01724,333.48846,329.061
1992-09-14,299.79184,303.09738,303.19778,302.1536,302.31918,301.60825
1992-09-15,291.63348,292.34958,289.99133,294.71396,292.3642,289.2187
1992-09-16,326.50394,325.43417,320.95526,325.00104,321.02972,316.215
1992-09-17,312.44946,312.45438,309.18155,314.5629,311.14716,306.90918
1992-09-18,321.66714,321.3708,317.70676,325.70322,321.88705,317.22922
1992-09-19,357.7291,357.51132,353.5484,367.03046,362.78476,357.59348
1992-09-20,351.50653,351.4645,347.74155,357.94775,354.056,349.24045
1992-09-21,363.48264,362.5634,357.8535,373.6854,368.76926,362.91138
1992-09-22,359.66098,360.31305,357.1914,366.91058,363.67026,359.4751
1992-09-23,355.35123,355.83224,352.5891,361.00497,357.68042,353.42328
1992-09-24,361.11612,361.27008,357.64642,367.82224,363.99768,359.2363
1992-09-25,370.7065,371.18198,367.77628,377.17322,373.5329,368.93008
1992-09-26,348.6515,348.79865,345.30182,353.89233,350.17062,345.55624
1992-09-27,346.91476,348.13855,345.72168,348.56253,346.58206,343.69055
1992-09-28,279.1063,281.19925,280.3476,276.17917,275.12616,273.34357
1992-09-29,319.84622,320.24942,317.30966,325.3707,322.40158,318.61258
1992-09-30,328.25098,326.08313,320.5243,330.49533,324.3175,317.3762
1992-10-01,345.15085,343.4774,338.23044,349.22638,343.78705,337.5218
1992-10-02,364.51688,364.61865,360.92007,371.24557,367.24966,362.34262
1992-10-03,329.2711,329.46902,326.2335,332.60123,329.38397,325.34644
1992-10-04,344.47937,343.4934,338.93378,349.23108,344.9468,339.82333
1992-10-05,338.4871,335.9252,329.8756,346.09644,340.01248,333.1376
1992-10-06,318.6323,318.08087,314.2204,324.8877,320.70444,315.75082
1992-10-07,318.7373,317.296,312.55792,326.43054,321.40753,315.6302
1992-10-08,337.40857,335.5935,330.29318,345.64062,340.35043,334.26407
1992-10-09,314.91965,316.793,315.36417,317.14938,316.00467,314.05832
1992-10-10,263.9586,266.68707,266.63235,265.60544,265.38177,264.4747
1992-10-11,267.6787,269.28134,268.0783,270.71216,269.27682,267.17154
1992-10-12,277.0899,278.36703,276.74564,279.19626,276.99863,274.12695
1992-10-13,326.6104,324.88693,319.7912,333.48962,327.84885,321.4652
1992-10-14,314.35693,316.36505,315.0783,316.56586,315.35742,313.3653
1992-10-15,278.41754,281.72055,282.08554,279.05844,279.2279,278.68506
1992-10-16,251.39265,253.04912,252.07072,253.20638,251.90889,249.99559
1992-10-17,271.82587,273.2575,271.84518,273.58566,271.8373,269.43268
1992-10-18,323.65042,323.02515,319.04434,331.50925,327.16818,322.0775
1992-10-19,348.78445,347.72278,343.04993,354.92212,350.0448,344.3721
1992-10-20,328.9218,329.49063,326.6336,334.4555,331.38007,327.52866
1992-10-21,269.3408,270.93903,269.71756,275.42563,274.19916,272.3109
1992-10-22,244.40875,245.88184,244.79588,250.77455,249.18103,246.99597
1992-10-23,229.70311,230.0601,228.02493,232.11903,229.83765,227.02574
1992-10-24,281.91318,281.98022,279.1158,285.50418,282.47705,278.80362
1992-10-25,284.83826,288.6071,289.3677,286.24533,287.55682,288.1408
1992-10-26,269.37543,268.9531,265.73505,273.93784,270.72955,266.91055
1992-10-27,249.18935,251.52638,251.24326,256.0568,255.0116,253.36089
1992-10-28,240.73163,242.30493,241.35512,242.0962,240.92479,239.18593
1992-10-29,258.61533,261.0707,260.80594,260.58902,259.9266,258.6441
1992-10-30,239.00877,240.4443,239.37561,243.42412,242.15262,240.31546
1992-10-31,233.46529,235.3841,234.85016,236.789,236.13947,234.93042
1992-11-01,310.88687,310.7179,307.31454,313.92026,310.10422,305.60242
1992-11-02,301.79813,302.06424,299.18466,302.0538,299.16907,295.61182
1992-11-03,281.33752,281.69193,279.11188,279.16638,276.52826,273.2695
1992-11-04,312.14526,314.66888,313.91098,313.48486,312.6326,311.0468
1992-11-05,258.8567,260.0763,258.58398,262.46466,260.68167,258.3054
1992-11-06,252.4926,252.69835,250.26955,247.95633,245.90375,243.29854
1992-11-07,305.324,307.98477,307.431,307.9863,307.29037,305.87622
1992-11-08,249.31654,251.70932,251.47397,250.7874,250.3207,249.26857
1992-11-09,239.83568,240.65955,238.97124,244.81398,242.90514,240.45201
1992-11-10,281.31644,282.62335,280.9787,294.42422,291.97577,288.87677
1992-11-11,306.87473,306.39517,302.7161,315.22937,311.41043,306.9176
1992-11-12,303.23434,304.55396,302.69064,310.99753,308.87677,306.06317
1992-11-13,299.6543,301.89435,300.97745,308.42667,306.79578,304.47058
1992-11-14,273.99265,276.79828,276.7078,281.6362,281.6952,281.0938
1992-11-15,274.50256,275.67804,273.96896,283.33673,281.1082,278.2569
1992-11-16,276.72223,278.80804,277.97473,281.17575,280.11966,278.42612
1992-11-17,240.77719,238.81679,234.35677,241.87698,237.2905,232.22127
1992-11-18,274.3078,275.80524,274.41287,283.67923,282.00125,279.69278
1992-11-19,274.5259,276.2161,275.01086,277.97006,276.66528,274.73767
1992-11-20,228.5557,229.32883,227.6971,231.0737,229.66756,227.74995
1992-11-21,278.5965,279.47375,277.4189,282.52325,280.1517,277.16702
1992-11-22,244.05083,246.15971,245.68445,250.27794,249.7299,248.61218
1992-11-23,223.64919,225.26732,224.51956,226.80215,226.00757,224.70253
1992-11-24,198.83098,201.27397,201.60187,201.35184,201.42947,201.04079
1992-11-25,211.124,213.27931,213.19238,212.95996,212.38673,211.33218
1992-11-26,213.09367,215.65846,215.9548,214.77272,214.8032,214.3382
1992-11-27,216.45253,218.80147,218.84782,217.01025,216.74208,215.97888
1992-11-28,226.95625,229.00853,228.64955,227.36205,226.59113,225.31049
1992-11-29,259.7693,257.83957,253.19345,263.75763,258.2918,252.31448
1992-11-30,220.38647,222.63792,222.54282,220.78879,220.17982,219.07423
1992-12-01,210.67886,212.94008,212.9557,211.55872,211.19872,210.35927
1992-12-02,212.86758,214.98395,214.83195,214.3631,213.81276,212.78017
1992-12-03,243.58842,244.294,242.42035,246.60672,244.11871,241.10825
1992-12-04,310.10742,311.1639,308.9333,313.07877,310.83466,307.91177
1992-12-05,328.0358,327.7648,324.029,332.44763,328.24997,323.36322
1992-12-06,250.3085,259.9438,266.83234,255.67856,263.04404,269.6969
1992-12-07,231.34077,232.36488,230.93016,235.24176,233.11818,230.49272
1992-12-08,252.31516,250.88031,246.78836,256.3212,251.31865,245.81575
1992-12-09,303.4352,304.17,301.68225,307.3532,304.60886,301.2086
1992-12-10,319.3012,319.72385,316.75702,322.66867,319.50577,315.6593
1992-12-11,315.47092,316.87003,314.90833,322.26855,319.76233,316.5622
1992-12-12,289.85855,291.24744,289.54544,304.51297,301.81342,298.46393
1992-12-13,256.8501,256.51227,253.44998,265.87936,262.16064,257.89798
1992-12-14,277.36642,272.91788,265.5669,278.39856,270.20782,261.52142
1992-12-15,303.38077,303.94153,301.27063,307.1263,304.20517,300.63184
1992-12-16,298.8836,298.0737,294.09198,301.77475,297.41113,292.43234
1992-12-17,293.3078,296.3223,296.18375,297.88297,296.93784,295.32742
1992-12-18,231.77971,235.92188,237.55316,239.62253,240.9951,241.79567
1992-12-19,256.52844,259.37213,259.45288,258.83014,259.00433,258.58307
1992-12-20,289.62772,291.66217,290.58728,293.8811,292.60645,290.6808
1992-12-21,195.5938,198.14519,198.58365,195.38208,195.64522,195.45628
1992-12-22,190.4115,192.12862,191.79532,190.56107,189.85294,188.72032
1992-12-23,203.04904,204.11078,202.99246,202.75885,201.25792,199.318
1992-12-24,283.709,284.47562,282.2016,287.06516,284.2958,280.9157
1992-12-25,241.54944,241.3157,238.50064,249.68211,246.43982,242.68045
1992-12-26,282.0031,283.30392,281.57355,283.97552,281.8281,279.0655
1992-12-27,238.466,238.43295,235.84659,245.96472,243.05063,239.6216
1992-12-28,219.81396,220.44623,218.71686,224.92053,223.38419,221.35715
1992-12-29,209.96645,212.12465,212.0101,212.31726,211.90604,211.0133
1992-12-30,236.34776,238.82672,238.74544,234.06467,233.6884,232.77954
1992-12-31,213.87317,215.83862,215.48877,213.11046,212.46477,211.33897
1993-01-01,286.72083,287.40533,285.00385,291.43918,288.63925,285.21548
1993-01-02,242.6553,242.65512,240.04762,249.50804,245.79745,241.57501
1993-01-03,217.48038,219.45656,219.0747,224.21185,223.38298,222.05017
1993-01-04,260.3413,262.1362,261.11258,266.70053,265.42346,263.55142
1993-01-05,274.70044,274.80624,271.9546,280.74564,277.96384,274.58005
1993-01-06,296.68237,297.01587,294.15134,300.0986,296.78995,292.843
1993-01-07,228.4025,231.41367,231.93355,231.39299,231.06743,230.21027
1993-01-08,217.34657,218.99191,218.27773,218.75052,217.77615,216.31029
1993-01-09,231.96637,235.43033,236.3573,232.87674,233.63588,233.83975
1993-01-10,218.41594,220.811,220.82489,220.20387,220.00398,219.2944
1993-01-11,217.10793,219.00917,218.54721,216.98878,216.21652,214.95143
1993-01-12,222.27434,224.96495,225.22726,221.90845,221.6462,220.87001
1993-01-13,207.28151,208.874,208.21031,211.94444,210.96782,209.5124
1993-01-14,255.84468,256.82132,255.0221,256.695,254.67012,252.07936
1993-01-15,283.3271,284.61868,282.8326,284.09024,281.834,278.9509
1993-01-16,190.54874,192.43927,192.2483,192.12288,191.46515,190.36743
1993-01-17,226.87363,227.73193,226.12535,227.66919,225.82056,223.46867
1993-01-18,304.44446,305.0393,302.33087,308.33133,305.36853,301.7313
1993-01-19,218.29663,222.60056,224.49405,218.24811,220.13574,221.47418
1993-01-20,171.02951,173.77924,174.64609,170.71432,171.26596,171.40382
1993-01-21,170.0592,171.56297,171.2068,173.7924,173.1117,172.03123
1993-01-22,171.62578,173.41803,173.32942,176.44296,175.95781,175.06241
1993-01-23,176.1775,177.28156,176.46191,181.10567,179.80286,178.09268
1993-01-24,173.2678,174.88708,174.60791,174.8724,174.23805,173.19838
1993-01-25,210.256,211.82999,211.10358,208.62405,207.68962,206.27396
1993-01-26,291.5799,291.7646,288.77963,294.5473,291.30716,287.42114
1993-01-27,258.75357,261.2092,260.82584,263.8626,262.93097,261.38376
1993-01-28,209.22891,211.1644,210.80392,214.51857,213.73282,212.44609
1993-01-29,229.58902,230.18097,228.26959,230.27089,228.32129,225.85313
1993-01-30,241.59065,242.77701,241.32191,244.60115,243.17772,241.19038
1993-01-31,233.63628,236.01137,235.81729,233.0923,233.07617,232.49683
1993-02-01,196.64197,199.80553,200.79274,196.619,197.49529,197.87895
1993-02-02,199.02675,200.72052,200.22778,199.98134,199.22433,197.99573
1993-02-03,233.62268,236.27922,236.3606,233.15314,233.12328,232.52643
1993-02-04,203.79655,205.93463,205.82755,206.4931,206.10406,205.21849
1993-02-05,210.08998,211.57195,210.74698,218.51627,217.09135,215.1588
1993-02-06,208.2803,208.7898,207.02272,214.12933,212.2583,209.89758
1993-02-07,202.3456,202.44847,200.34361,203.89218,201.65111,198.95137
1993-02-08,253.57117,255.2627,254.1682,257.58618,256.05426,253.91687
1993-02-09,218.17815,218.49084,216.41934,225.74928,223.33946,220.418
1993-02-10,197.3216,198.04721,196.61057,203.25253,201.16777,198.61957
1993-02-11,194.08441,195.86493,195.50497,199.40543,198.78754,197.68628
1993-02-12,198.40883,198.3779,196.1809,200.118,197.5286,194.49095
1993-02-13,231.68095,232.43074,230.64075,236.28659,234.54944,232.25592
1993-02-14,193.7681,195.53317,195.15923,198.40532,197.75648,196.62338
1993-02-15,212.5867,211.67137,208.44456,216.9512,213.58607,209.74205
1993-02-16,243.30115,245.03906,244.09543,248.97314,247.86894,246.1592
1993-02-17,168.19315,169.22435,168.4034,168.2349,167.04747,165.45845
1993-02-18,206.6671,207.9626,206.98116,209.38106,208.2041,206.51982
1993-02-19,275.9605,276.23727,273.49173,280.1408,277.1078,273.4231
1993-02-20,277.03952,276.7163,273.36612,281.49115,277.97763,273.8167
1993-02-21,221.46523,222.36224,220.82346,223.02983,221.21182,218.85974
1993-02-22,203.20552,205.95511,206.44308,201.87999,202.10484,201.80667
1993-02-23,178.70155,181.47098,182.24594,177.64658,177.86285,177.61696
1993-02-24,201.33156,204.11224,204.64957,203.3187,203.3127,202.78113
1993-02-25,175.48166,176.47643,175.53479,178.29422,177.12105,175.50949
1993-02-26,182.8333,183.05849,181.27681,180.6914,178.86458,176.60518
1993-02-27,253.8228,254.37717,252.1412,258.74814,256.12323,252.87689
1993-02-28,277.25986,276.6927,273.0934,281.57593,277.76794,273.3013
1993-03-01,258.41,261.54822,261.8069,259.32333,259.29663,258.5877
1993-03-02,244.71002,244.44669,241.50221,243.31593,240.38885,236.88083
1993-03-03,273.6405,272.89093,269.14908,274.11215,269.94547,265.14044
1993-03-04,303.57016,302.58368,298.27908,308.46112,303.95328,298.72055
1993-03-05,299.78287,300.1323,297.1843,305.73355,302.45978,298.43906
1993-03-06,249.10379,248.73091,245.62712,257.4936,254.22466,250.33525
1993-03-07,240.75018,242.08113,240.74615,243.58723,242.01164,239.8137
1993-03-08,255.58434,255.52069,252.64842,257.77426,254.93884,251.46776
1993-03-09,300.11557,300.3721,297.3243,304.14355,300.62405,296.3553
1993-03-10,240.72725,242.55847,241.71295,244.84192,243.5759,241.66956
1993-03-11,195.57025,197.07074,196.3954,197.35631,196.5296,195.18028
1993-03-12,223.6733,223.19136,220.25478,223.15036,220.00479,216.3152
1993-03-13,222.24152,221.93506,219.18604,221.24678,218.71785,215.63402
1993-03-14,256.96625,255.00471,250.24396,260.97864,255.88985,250.19121
1993-03-15,267.2201,267.58704,265.00287,273.15726,270.53732,267.2149
1993-03-16,209.64485,210.15073,208.3368,211.23067,209.1706,206.56564
1993-03-17,234.17128,234.94405,233.12103,237.75114,235.81915,233.26225
1993-03-18,269.024,268.36697,264.75238,274.17078,270.5924,266.32126
1993-03-19,305.914,305.34937,301.41718,309.5277,305.66412,301.01083
1993-03-20,319.03784,319.84308,317.11118,321.4461,318.6694,315.0401
1993-03-21,257.26596,260.2292,260.29913,264.02106,264.10287,263.42572
1993-03-22,249.73207,250.26903,248.03632,253.84908,251.60497,248.68242
1993-03-23,219.46677,220.89674,219.87486,221.84305,220.54025,218.62628
1993-03-24,281.64288,280.43488,276.13223,282.46997,277.89902,272.61545
1993-03-25,272.2834,272.54395,269.78625,275.216,272.2403,268.53174
1993-03-26,316.60934,317.6339,315.13434,318.8282,316.9456,314.17242
1993-03-27,337.16544,337.2157,333.5299,343.50668,339.96445,335.49472
1993-03-28,296.45468,302.21124,304.57803,299.2457,302.1757,304.14832
1993-03-29,223.5936,224.62071,223.14987,224.77156,223.17995,220.95801
1993-03-30,284.54193,281.28995,274.94113,289.89935,283.78717,276.95737
1993-03-31,310.2138,310.11362,306.57245,312.7407,309.1697,304.74673
1993-04-01,310.9912,311.1965,307.94495,314.92648,311.56158,307.32898
1993-04-02,284.3341,286.1275,284.72885,285.13507,283.7077,281.45102
1993-04-03,225.91714,227.05977,225.6702,228.03087,226.4549,224.22343
1993-04-04,238.14012,239.10141,237.39679,240.77449,239.01016,236.55295
1993-04-05,234.47452,234.74892,232.41,237.16916,234.76308,231.68814
1993-04-06,257.45862,257.8448,255.35844,260.1955,257.55118,254.16968
1993-04-07,312.2053,312.40958,309.1342,315.35004,312.09204,307.93796
1993-04-08,249.50778,254.64326,256.90012,246.01994,248.24774,249.65266
1993-04-09,232.6571,231.24913,227.27625,236.76299,232.52702,227.6576
1993-04-10,263.71658,264.95944,263.23828,268.8396,267.4338,265.21884
1993-04-11,299.71896,298.66797,294.2954,301.70383,297.18176,291.8229
1993-04-12,305.7302,305.2395,301.34784,308.3616,304.43015,299.62198
1993-04-13,308.37332,307.55902,303.31946,308.35242,304.3728,299.51392
1993-04-14,256.3842,259.15863,259.01514,258.54913,258.66873,257.95874
1993-04-15,218.6545,219.03738,216.97054,221.13168,219.06665,216.34529
1993-04-16,230.02003,230.36372,228.13054,232.83015,230.56764,227.61356
1993-04-17,254.49347,254.56073,251.7823,260.3081,257.30795,253.54375
1993-04-18,249.02309,249.10036,246.39197,255.13322,252.61687,249.3376
1993-04-19,270.71265,271.46802,269.1804,275.51343,273.39557,270.4349
1993-04-20,306.42426,307.48685,305.0996,309.314,306.6837,303.11023
1993-04-21,251.61623,252.64133,250.82964,251.58183,250.05322,247.73856
1993-04-22,267.7572,268.73465,266.69485,266.65814,264.8414,262.19373
1993-04-23,243.79068,244.14685,241.76614,244.83623,242.46318,239.3431
1993-04-24,295.30475,295.39438,292.17514,297.57736,294.63144,290.7759
1993-04-25,292.02826,292.27032,289.2364,296.06244,293.1236,289.2769
1993-04-26,290.1709,291.3811,289.31503,294.29926,292.15826,289.09106
1993-04-27,290.92316,292.1367,290.06485,298.33768,295.89877,292.52502
1993-04-28,292.11368,291.93723,288.49075,300.27002,296.73212,292.2793
1993-04-29,297.69888,297.93463,294.82855,304.5475,301.2198,296.9543
1993-04-30,261.63742,260.65463,256.7598,266.4761,262.23032,257.1972
1993-05-01,258.97394,260.82068,259.7247,265.83316,264.96234,263.21362
1993-05-02,251.02342,252.10806,250.35506,254.63693,253.00781,250.55681
1993-05-03,267.57065,267.49335,264.41754,273.4155,270.37708,266.48846
1993-05-04,277.3438,279.69284,278.88153,283.5164,282.7215,280.9793
1993-05-05,276.90268,275.24854,270.5249,280.89133,276.03632,270.35
1993-05-06,299.877,299.29178,295.35645,306.3165,302.3449,297.42883
1993-05-07,318.40628,317.5498,313.14136,325.32462,321.17007,316.0083
1993-05-08,332.38333,329.91626,323.77545,342.01398,335.98315,328.9359
1993-05-09,328.4006,330.36807,328.61072,329.73096,328.64014,326.43964
1993-05-10,306.15994,308.8051,307.9603,306.05884,305.7592,304.4082
1993-05-11,316.23853,317.1586,314.51355,318.8312,316.6052,313.33362
1993-05-12,315.03516,314.60965,310.66208,320.73706,316.8608,311.97513
1993-05-13,292.03693,291.3096,287.32504,300.74258,296.83356,291.98383
1993-05-14,321.02948,320.34808,316.08414,324.9024,320.76593,315.60913
1993-05-15,330.13605,329.50476,325.18845,334.8593,330.70096,325.48636
1993-05-16,323.99106,324.49664,321.36185,331.63504,328.43552,324.16357
1993-05-17,301.0858,302.0365,299.59436,304.9676,302.79968,299.62308
1993-05-18,321.19302,318.11456,311.5072,322.78876,316.9232,310.08554
1993-05-19,359.15134,358.02728,352.9075,365.1851,360.19904,354.06702
1993-05-20,358.93784,358.73032,354.51038,365.433,361.38876,356.1708
1993-05-21,334.41043,334.5979,331.0398,335.02786,331.57803,327.044
1993-05-22,331.33386,333.81006,332.52603,336.74722,335.80988,333.71295
1993-05-23,311.86334,312.03018,308.70636,320.24478,316.7293,312.18143
1993-05-24,306.67883,307.99185,305.84818,312.7757,310.97693,308.1246
1993-05-25,316.974,316.40344,312.3037,317.68716,313.96628,309.22592
1993-05-26,344.9604,343.87018,338.95084,348.65613,344.03983,338.31842
1993-05-27,350.8989,350.65005,346.48883,355.94083,351.97412,346.85828
1993-05-28,303.6195,308.51913,309.92242,310.3498,311.804,312.1225
1993-05-29,318.8153,320.2538,318.1039,326.04297,323.57745,320.02658
1993-05-30,340.87036,340.3194,335.97928,347.5685,343.41855,338.15234
1993-05-31,328.82108,329.38593,326.27295,334.6323,331.87234,328.00397
1993-06-01,329.06485,326.34006,320.00867,332.12195,326.2932,319.44778
1993-06-02,356.71793,354.06662,347.50085,363.10123,357.11395,350.0045
1993-06-03,362.75345,360.76416,354.7805,369.37485,363.71234,356.89645
1993-06-04,364.44537,363.35764,358.2388,371.1654,366.33017,360.3127
1993-06-05,355.38644,355.57254,351.8023,362.54193,359.10168,354.47205
1993-06-06,356.0889,354.37555,348.7416,363.45804,358.2979,351.99173
1993-06-07,327.05933,329.95703,329.15753,334.97815,334.42368,332.69965
1993-06-08,319.00974,319.74005,316.91193,327.77777,325.52576,322.17566
1993-06-09,294.27814,295.96793,294.35455,296.80157,295.40155,292.99023
1993-06-10,295.47183,296.3221,293.8761,298.46515,296.2139,292.9687
1993-06-11,319.6802,319.763,316.29965,322.60788,319.4531,315.24377
1993-06-12,325.4732,325.65466,322.22556,333.2735,330.07742,325.79053
1993-06-13,316.72366,316.3461,312.46893,322.14316,318.35968,313.54092
1993-06-14,353.67722,352.6341,347.6987,356.7178,351.77933,345.71506
1993-06-15,368.9706,368.29126,363.54462,373.30106,368.7496,363.0041
1993-06-16,353.12115,352.503,347.9937,356.25262,352.16022,346.92218
1993-06-17,336.26196,335.61377,331.26358,333.4003,329.4294,324.39072
1993-06-18,340.75418,341.7131,338.8875,341.15222,338.43707,334.59393
1993-06-19,339.97446,340.51028,337.28146,347.32687,344.28378,340.1005
1993-06-20,336.50256,341.24872,342.17923,342.28326,343.67023,343.81714
1993-06-21,352.2304,354.97543,353.77692,355.98776,355.8053,354.37747
1993-06-22,347.88806,350.61505,349.44904,354.1978,353.14093,350.86917
1993-06-23,349.8701,351.67285,349.58292,358.2183,355.8606,352.30957
1993-06-24,344.9018,347.07138,345.39737,354.058,352.9186,350.56906
1993-06-25,341.92447,343.52237,341.32397,347.93857,346.1328,343.157
1993-06-26,348.11755,347.5423,343.15158,351.10162,347.42282,342.61368
1993-06-27,358.63376,357.28516,352.02435,364.10452,359.72742,354.19412
1993-06-28,346.8688,345.42273,340.19794,352.5254,347.70822,341.78796
1993-06-29,349.26068,348.4563,343.83517,355.8006,351.50452,346.08105
1993-06-30,369.89642,370.48392,367.0005,376.72122,373.5903,369.22955
1993-07-01,364.58716,364.28076,359.9831,370.41376,366.2822,360.97037
1993-07-02,368.36075,367.8981,363.40842,373.6862,369.3206,363.7707
1993-07-03,375.14957,374.87152,370.49033,381.43588,377.30344,371.95496
1993-07-04,354.9847,358.10254,357.26773,358.5967,358.08276,356.33807
1993-07-05,327.21643,327.55316,324.30252,332.15646,328.99323,324.76187
1993-07-06,330.91238,331.62286,328.69952,335.20477,332.38297,328.47473
1993-07-07,341.6152,341.79785,338.243,344.43826,341.2296,336.914
1993-07-08,363.85767,364.78177,361.71167,365.09897,362.47665,358.662
1993-07-09,370.16068,371.1046,367.98734,374.32758,371.5715,367.5962
1993-07-10,359.39084,359.33875,355.36624,363.49734,359.76834,354.88443
1993-07-11,358.0937,357.99094,353.98508,362.83844,358.93536,353.8856
1993-07-12,362.06735,361.92465,357.83844,366.99332,363.01993,357.8889
1993-07-13,368.42102,367.72925,363.03848,375.28464,370.52615,364.60355
1993-07-14,372.73093,372.1925,367.60703,380.69595,376.11346,370.34525
1993-07-15,376.17416,376.13632,372.00565,384.6491,380.82947,375.7924
1993-07-16,373.09726,373.02457,368.8954,376.1011,372.4937,367.6943
1993-07-17,355.98407,358.22876,356.55655,356.71088,355.55502,353.2116
1993-07-18,314.8375,316.5093,314.72537,319.01385,317.3321,314.60657
1993-07-19,315.4904,316.1243,313.31894,320.25513,317.67163,314.065
1993-07-20,349.73837,348.54926,343.5889,352.85678,348.21985,342.5036
1993-07-21,359.7449,360.02106,356.38892,364.86472,361.65787,357.2958
1993-07-22,307.7211,308.68317,306.28885,313.14127,310.8233,307.5042
1993-07-23,305.64963,306.28513,303.5952,309.6432,307.07886,303.53326
1993-07-24,317.71832,318.35513,315.5376,321.2735,318.7583,315.22296
1993-07-25,340.97827,341.4113,338.14423,343.69803,340.74,336.69925
1993-07-26,337.81052,338.5448,335.60898,341.6781,338.61646,334.48343
1993-07-27,347.2577,346.56775,342.13684,352.9212,348.7491,343.4982
1993-07-28,356.95392,356.80255,352.7963,360.8769,357.00458,352.021
1993-07-29,385.46863,385.1794,380.73212,390.30875,386.2421,380.97275
1993-07-30,358.23477,359.93936,357.7414,360.45096,358.57767,355.548
1993-07-31,331.04068,331.6489,328.6725,334.6165,331.83685,328.0122
1993-08-01,331.7221,331.74414,328.18814,335.8322,332.4987,328.1322
1993-08-02,351.45157,351.2364,347.23715,355.82944,351.9195,346.92688
1993-08-03,335.08212,333.88965,329.11127,336.50116,331.95795,326.41437
1993-08-04,357.9051,356.4901,351.24985,362.10318,356.85876,350.5491
1993-08-05,384.86618,384.37753,379.75696,390.43048,386.1488,380.68658
1993-08-06,387.6632,387.46494,383.10092,394.22327,390.0748,384.73267
1993-08-07,376.78113,378.40588,375.94772,383.6038,381.53378,378.25568
1993-08-08,318.27078,319.86414,318.00623,323.55185,322.01282,319.452
1993-08-09,316.81384,317.9348,315.6315,321.9403,319.89273,316.84366
1993-08-10,319.77756,321.4395,319.63666,324.6769,322.982,320.27036
1993-08-11,327.43265,328.50125,326.0367,332.15848,329.75232,326.3253
1993-08-12,347.32062,347.0287,343.0192,352.94598,349.00565,344.01746
1993-08-13,364.33133,364.01065,359.79282,368.86902,364.8859,359.80716
1993-08-14,364.55856,364.33792,360.21796,368.7973,364.58282,359.28162
1993-08-15,345.85834,346.3076,343.04684,350.54095,347.4532,343.3127
1993-08-16,347.1332,347.03094,343.21786,352.0393,348.2424,343.4082
1993-08-17,345.67975,345.5883,341.80353,348.98676,345.238,340.46347
1993-08-18,342.81766,341.99927,337.5343,347.41373,342.9521,337.49002
1993-08-19,352.8885,352.75626,348.8588,357.79926,353.913,348.9821
1993-08-20,361.21606,361.15405,357.23898,367.82016,363.94223,358.99078
1993-08-21,299.60233,301.13513,299.44373,302.7125,301.10718,298.58273
1993-08-22,316.6297,315.27423,310.56985,322.16522,317.24155,311.42023
1993-08-23,383.71878,381.61002,375.4539,392.20273,386.40353,379.5103
1993-08-24,373.06223,371.94537,366.8783,380.3602,375.70514,369.96924
1993-08-25,310.47052,312.91586,312.01236,314.42896,313.67624,311.9587
1993-08-26,312.77313,313.7465,311.37622,316.28845,313.87238,310.52872
1993-08-27,337.88428,337.89505,334.3153,341.48355,337.9951,333.52936
1993-08-28,359.49197,360.19482,357.06705,363.51987,360.3475,356.12564
1993-08-29,332.12686,333.0066,330.3453,335.92117,332.9294,328.97247
1993-08-30,295.59302,297.0365,295.31836,298.84918,297.1808,294.63336
1993-08-31,301.1321,302.167,299.99103,304.72244,302.56616,299.52747
1993-09-01,318.09668,318.0381,314.61072,322.34308,318.86792,314.49063
1993-09-02,355.12473,353.74557,348.6315,363.18286,357.94373,351.72275
1993-09-03,377.5883,377.09454,372.61447,383.75354,379.29425,373.7763
1993-09-04,372.89108,372.57986,368.33105,376.72577,372.4648,367.16577
1993-09-05,352.98694,355.3532,353.94714,356.4241,355.31613,353.1622
1993-09-06,315.0479,315.40744,312.43317,322.0464,318.74472,314.55453
1993-09-07,288.87643,289.6138,287.28894,290.8606,288.80475,285.9283
1993-09-08,343.95746,342.41257,337.26608,344.4996,339.9414,334.46365
1993-09-09,334.83936,337.4569,336.49884,337.16083,336.46475,334.78644
1993-09-10,313.42926,313.76007,310.78265,313.71155,310.98022,307.386
1993-09-11,293.14267,293.9288,291.61444,295.16406,292.7948,289.6123
1993-09-12,280.24426,282.08728,280.94943,284.27783,283.1638,281.2434
1993-09-13,281.04175,284.5232,284.98956,286.46582,287.42245,287.5232
1993-09-14,284.60373,284.62372,281.6514,284.78278,281.90063,278.25687
1993-09-15,329.64603,330.2016,327.2843,332.42758,329.51834,325.7136
1993-09-16,325.52197,326.9793,324.99414,328.10016,326.19922,323.3965
1993-09-17,264.9674,266.7227,265.6681,267.8282,266.6948,264.81918
1993-09-18,278.94336,279.16095,276.44885,282.43542,279.411,275.6474
1993-09-19,330.8243,330.30057,326.3169,336.15106,332.00317,326.99124
1993-09-20,293.76492,295.0825,293.30038,297.82483,295.81244,293.0015
1993-09-21,323.82437,324.20203,321.18192,330.22495,326.8883,322.694
1993-09-22,276.49738,278.5545,277.68427,278.79434,277.72873,275.90424
1993-09-23,278.92297,280.29224,278.72125,280.94348,279.20676,276.72284
1993-09-24,319.05063,319.2592,316.1275,322.64673,319.4386,315.402
1993-09-25,364.50262,364.62415,360.93314,371.02704,367.53757,363.09518
1993-09-26,307.30875,312.05765,313.5217,307.34048,308.85678,309.49356
1993-09-27,262.2523,267.50198,269.93173,263.18884,265.33713,266.7175
1993-09-28,270.1705,270.73154,268.46323,273.07507,270.8849,267.99435
1993-09-29,306.09027,304.76282,300.26093,312.8536,308.45822,303.30356
1993-09-30,297.96082,297.20123,293.3445,298.61542,294.99808,290.64694
1993-10-01,342.2364,344.7026,343.56284,347.8046,346.54434,344.37164
1993-10-02,278.40125,280.4561,279.578,282.74365,281.58093,279.68243
1993-10-03,287.5801,286.8966,283.22607,292.66165,287.96173,282.57547
1993-10-04,279.1751,281.26038,280.4066,281.16895,280.0442,278.19327
1993-10-05,295.05035,297.39056,296.62375,295.37366,294.51413,292.88837
1993-10-06,316.60287,317.9095,315.90063,317.34174,315.04865,311.96353
1993-10-07,320.59225,321.18976,318.44138,322.66275,319.88498,316.31424
1993-10-08,302.2176,304.09418,302.7989,307.23822,305.80725,303.59973
1993-10-09,269.24258,270.46536,268.86948,269.98694,268.4185,266.1767
1993-10-10,286.59756,284.13205,278.7195,285.69067,280.0502,273.7796
1993-10-11,318.65442,317.72937,313.50278,321.75415,317.18967,311.88272
1993-10-12,333.99734,333.77374,330.07996,337.63782,333.76184,329.0916
1993-10-13,353.45294,352.2666,347.42133,357.52368,352.1826,346.0281
1993-10-14,355.78265,355.1406,350.80838,362.91504,358.39236,353.02957
1993-10-15,330.9231,332.96402,331.53748,337.9859,336.78656,334.74872
1993-10-16,335.25476,336.80484,334.84943,339.8322,337.67203,334.6905
1993-10-17,281.616,282.01666,279.48495,287.02975,283.81918,279.94427
1993-10-18,235.6215,237.53331,236.9711,239.14648,238.67015,237.59984
1993-10-19,240.21376,240.73372,238.75038,241.88846,240.1222,237.78198
1993-10-20,247.08676,248.93726,248.1958,249.76729,248.74774,247.12221
1993-10-21,257.8949,259.75638,258.91357,262.05914,261.2202,259.7433
1993-10-22,296.61877,296.30054,292.90347,302.6098,298.80087,294.31165
1993-10-23,308.27948,310.8163,310.11673,314.1466,312.89114,310.88065
1993-10-24,290.90436,292.02295,290.10367,298.45676,296.64993,294.13974
1993-10-25,256.91177,258.26956,256.93967,258.90903,257.55624,255.59113
1993-10-26,261.43106,262.4822,260.80228,263.44193,261.21423,258.3814
1993-10-27,330.28357,331.31473,328.89886,333.50647,330.88745,327.50095
1993-10-28,329.49783,333.34845,333.72522,335.238,335.56177,335.06125
1993-10-29,284.6216,289.23166,290.8251,287.32315,289.015,289.97632
1993-10-30,269.4218,272.1896,272.12103,272.39716,272.47537,271.89114
1993-10-31,283.2083,283.03085,279.90866,287.76913,284.294,280.18655
1993-11-01,252.45172,254.40613,253.70976,256.8392,255.72473,254.01091
1993-11-02,233.9274,235.44594,234.51125,238.81024,237.36479,235.37096
1993-11-03,246.99626,247.81628,246.05469,254.26381,251.93457,249.03737
1993-11-04,238.54265,240.85081,240.64735,245.45856,245.20995,244.37799
1993-11-05,239.41989,240.27309,238.62192,242.28287,240.30798,237.79007
1993-11-06,283.24902,284.2913,282.3695,288.02835,285.91464,283.15265
1993-11-07,266.1549,264.47018,260.03033,271.22482,266.06934,260.36185
1993-11-08,303.4154,303.12222,299.66827,309.90942,306.55054,302.5167
1993-11-09,261.66235,268.09756,271.72968,261.26813,264.35858,266.7749
1993-11-10,205.42216,207.59372,207.59691,210.15392,209.77013,208.89664
1993-11-11,247.20746,249.5969,249.37856,247.22559,246.80862,245.81613
1993-11-12,220.09033,222.7452,223.07167,223.77483,224.06546,223.8242
1993-11-13,238.92413,239.79321,238.15636,242.01776,239.7755,237.0046
1993-11-14,306.2632,306.69586,303.92264,310.57388,307.71298,304.17462
1993-11-15,311.33618,312.09784,309.59552,318.04343,315.4818,312.22098
1993-11-16,263.31088,265.70184,265.31195,264.78284,264.10184,262.81406
1993-11-17,219.16309,220.69984,219.92598,221.16313,219.92178,218.18628
1993-11-18,244.24385,246.31493,245.80597,248.94211,247.87144,246.23965
1993-11-19,269.9761,271.47314,270.12582,277.0101,275.3925,273.15884
1993-11-20,224.43619,226.48253,226.15456,224.97363,224.24733,223.01114
1993-11-21,291.39325,292.27954,290.10086,294.79712,292.308,289.17862
1993-11-22,224.40492,225.05038,223.33476,229.11656,226.8128,224.01845
1993-11-23,217.08383,218.74893,218.1177,222.46501,221.44612,219.93015
1993-11-24,210.99837,211.41731,209.61606,214.04233,212.20021,209.89548
1993-11-25,213.76324,214.66199,213.30525,215.69695,213.76782,211.37424
1993-11-26,277.2142,280.491,280.81888,279.90738,279.59683,278.64597
1993-11-27,244.73503,246.20097,245.07735,254.4325,252.8901,250.7882
1993-11-28,213.49324,214.06277,212.37962,217.57973,215.73586,213.42302
1993-11-29,193.01894,194.90105,194.73102,196.64746,196.23538,195.37807
1993-11-30,228.47523,230.83759,230.76819,225.31467,224.67511,223.52867
1993-12-01,237.49411,238.04953,236.09578,237.89746,234.84273,231.29445
1993-12-02,240.67041,243.97495,244.70673,241.72618,242.0588,241.83076
1993-12-03,187.64963,190.03511,190.4156,189.357,189.24388,188.69829
1993-12-04,195.8528,198.10802,198.2719,196.8689,196.99207,196.66168
1993-12-05,247.37227,249.52562,249.04327,247.62476,246.76411,245.3508
1993-12-06,185.77412,187.33522,186.91643,190.89394,189.92265,188.53084
1993-12-07,224.17967,224.95673,223.35464,226.95705,225.28075,223.11368
1993-12-08,287.67578,290.88782,291.02237,288.71744,288.76047,288.1418
1993-12-09,204.26239,206.87326,207.29437,206.28197,206.22206,205.6911
1993-12-10,188.80582,190.2129,189.6051,190.18152,189.02548,187.45425
1993-12-11,286.91748,290.4604,290.9252,288.5492,288.89954,288.5838
1993-12-12,201.67444,203.69792,203.56139,205.0651,204.45427,203.3849
1993-12-13,237.20009,239.86945,239.99388,238.10887,237.5454,236.44705
1993-12-14,170.89084,173.81639,174.8972,172.76865,173.625,174.07149
1993-12-15,161.34511,162.76022,162.44635,161.43091,160.9387,160.08577
1993-12-16,232.91306,236.02437,236.62747,234.06541,234.2642,233.92422
1993-12-17,177.81078,178.54907,177.38808,179.68512,178.01465,175.96188
1993-12-18,193.83202,195.53151,195.15028,197.67229,197.301,196.48381
1993-12-19,169.65897,170.42177,169.36961,173.25333,171.65022,169.6782
1993-12-20,197.1453,198.24274,197.22781,197.57864,196.03723,194.07011
1993-12-21,225.5219,228.4818,229.00667,229.5978,229.62787,229.1317
1993-12-22,209.90517,211.66246,211.1621,212.70232,211.75061,210.3281
1993-12-23,216.8387,218.97897,218.78235,221.51048,221.12404,220.23662
1993-12-24,245.16179,245.01526,242.25092,246.98853,243.9,240.29846
1993-12-25,280.30756,280.89273,278.4755,284.41684,281.7415,278.45984
1993-12-26,272.15222,272.87454,270.6786,273.77765,271.8399,269.30722
1993-12-27,302.27664,302.29834,299.08472,305.93143,302.3838,298.19476
1993-12-28,263.04108,265.7513,265.6174,263.15652,262.40466,261.06097
1993-12-29,203.89476,206.75343,207.39865,203.91537,204.09238,203.79736
1993-12-30,217.36208,219.34225,218.97217,221.46669,220.48108,219.0028
1993-12-31,222.39236,222.7165,220.65181,229.7516,227.04956,223.86511
1994-01-01,246.12941,247.60266,246.41786,249.57828,248.29332,246.45479
1994-01-02,221.23622,222.18066,220.73837,225.08763,223.57993,221.57854
1994-01-03,240.13538,240.78148,238.8394,243.15955,241.12834,238.5703
1994-01-04,251.26045,251.39757,248.8306,253.78539,251.0237,247.72275
1994-01-05,189.78143,191.60548,191.36858,188.87627,188.34833,187.39203
1994-01-06,254.11526,254.34865,251.84338,256.0582,253.77142,250.93063
1994-01-07,208.81877,209.2905,207.5077,202.94044,201.11166,198.84358
1994-01-08,238.35355,236.81865,232.7302,235.76067,231.19006,226.15125
1994-01-09,275.41132,276.1192,273.84973,277.26318,274.673,271.48282
1994-01-10,295.0758,295.66995,293.07422,298.9272,295.94754,292.32346
1994-01-11,216.8898,220.63287,221.99623,218.23201,219.31187,219.86351
1994-01-12,153.68484,153.7441,152.14291,152.74727,150.68504,148.30211
1994-01-13,193.47302,192.49757,189.44167,194.97952,191.52792,187.68082
1994-01-14,229.9808,228.80342,225.15205,232.28297,228.48863,224.21683
1994-01-15,208.29855,210.38504,210.19705,208.56238,207.85938,206.67928
1994-01-16,173.87503,176.23724,176.69348,173.32973,173.4305,173.12201
1994-01-17,159.84276,161.15277,160.71875,160.371,159.5995,158.4641
1994-01-18,217.67899,219.23468,218.41664,219.49513,218.87712,217.75249
1994-01-19,178.25659,181.50577,182.78943,178.45091,179.39508,179.90088
1994-01-20,185.19466,187.20639,187.18953,185.43327,185.19493,184.52211
1994-01-21,235.45976,237.9411,237.84296,237.45139,237.01196,236.01758
1994-01-22,193.53691,195.2552,194.85574,195.69429,194.89908,193.65346
1994-01-23,201.97061,205.50087,206.80153,200.11917,200.91286,201.2162
1994-01-24,186.68279,190.3592,191.96938,186.05066,187.16986,187.82545
1994-01-25,156.33202,159.02571,159.99245,154.73352,155.60486,156.09094
1994-01-26,163.36708,164.50333,163.85236,166.63963,165.61494,164.21016
1994-01-27,208.23615,210.39914,210.27536,211.7833,211.24654,210.21182
1994-01-28,216.30705,217.8,216.92491,221.07994,219.85939,218.13005
1994-01-29,207.40543,209.36287,209.04303,205.88481,205.43874,204.5052
1994-01-30,201.9683,205.14473,206.08849,198.70628,199.46411,199.72862
1994-01-31,145.72018,147.05023,146.77957,146.76883,146.07861,145.04631
1994-02-01,160.98154,162.50761,162.26405,161.68642,161.20775,160.3462
1994-02-02,204.64522,207.00748,207.11443,203.52441,203.54922,203.07933
1994-02-03,209.55794,210.49521,209.13916,208.72401,207.11267,205.02336
1994-02-04,245.49428,245.99712,243.81938,247.05089,244.6731,241.73709
1994-02-05,213.76823,215.67049,215.22083,216.44922,215.78584,214.60556
1994-02-06,213.4166,214.4528,213.15025,218.69443,217.08606,214.9719
1994-02-07,241.02469,241.36101,239.06503,243.9152,241.19508,237.92703
1994-02-08,260.42944,261.11932,258.9603,262.4516,260.25693,257.4573
1994-02-09,241.7866,242.51175,240.59016,237.55696,235.95369,233.7942
1994-02-10,305.81607,306.61642,304.06952,309.23047,306.59686,303.2479
1994-02-11,217.24866,220.0628,220.47098,218.91536,218.86404,218.26999
1994-02-12,201.00066,202.35442,201.49672,202.46277,201.39491,199.8435
1994-02-13,256.1133,256.4316,253.94867,259.80414,257.10217,253.80385
1994-02-14,302.47507,303.62802,301.462,306.44867,304.13446,301.09793
1994-02-15,221.95189,223.68349,222.96774,225.31601,224.43666,223.00858
1994-02-16,200.78452,202.1679,201.33896,200.77333,199.52742,197.80025
1994-02-17,215.14948,216.74504,215.9678,213.58682,212.48036,210.85608
1994-02-18,206.96564,209.04356,208.83109,208.90985,208.34952,207.27078
1994-02-19,210.03752,211.02237,209.69676,210.71289,209.2185,207.21822
1994-02-20,253.04959,253.36497,250.90742,262.31808,259.21732,255.50972
1994-02-21,279.49887,279.27988,276.00488,290.92838,287.4235,283.24493
1994-02-22,308.44937,307.24213,302.67447,319.47937,315.18402,310.15564
1994-02-23,316.39713,316.10733,312.3569,323.42133,319.49377,314.81317
1994-02-24,234.60211,235.769,234.35028,239.5873,237.41956,234.67691
1994-02-25,214.74158,215.26418,213.42677,217.97418,215.88649,213.27634
1994-02-26,255.07115,255.96898,254.05885,259.9487,257.95593,255.32764
1994-02-27,207.99492,208.88493,207.48228,211.06015,209.37474,207.17293
1994-02-28,237.45993,237.95744,235.84401,243.13954,240.67076,237.61606
1994-03-01,244.35396,244.85214,242.66295,248.85364,246.40144,243.3458
1994-03-02,293.862,293.73746,290.3905,294.71356,291.1676,286.918
1994-03-03,277.1235,278.15857,276.13702,278.70978,276.91937,274.42783
1994-03-04,228.76985,229.3242,227.35878,232.54996,230.31294,227.50453
1994-03-05,216.1883,217.41718,216.25354,219.47362,218.02853,216.02771
1994-03-06,234.49123,235.43542,233.78935,237.43808,235.4539,232.87526
1994-03-07,204.16966,205.7178,204.99875,206.54474,205.3782,203.68031
1994-03-08,226.44418,227.80507,226.65578,225.71796,224.32762,222.35675
1994-03-09,251.67972,255.00415,255.50943,254.80588,255.10751,254.70985
1994-03-10,189.32217,190.84389,190.25914,193.5891,192.74565,191.39243
1994-03-11,174.59862,176.54135,176.53209,178.03015,177.80289,177.09264
1994-03-12,157.88185,160.05705,160.4596,159.34479,159.7136,159.6354
1994-03-13,207.84415,207.92648,205.71855,207.90472,205.75587,203.08047
1994-03-14,183.70882,186.57214,187.36522,184.93822,185.645,185.82211
1994-03-15,167.7739,169.03314,168.42273,169.09982,168.41098,167.26604
1994-03-16,179.97949,182.0487,182.09946,183.08261,183.19742,182.79654
1994-03-17,173.53227,175.01147,174.55203,174.64796,174.12808,173.12848
1994-03-18,193.78905,194.9985,194.04927,196.29826,195.2786,193.72733
1994-03-19,209.0872,210.02939,208.6475,211.17532,209.65608,207.57217
1994-03-20,200.67136,201.2505,199.6036,201.67348,199.95552,197.70207
1994-03-21,232.0293,230.9916,227.40807,234.88065,230.97423,226.48589
1994-03-22,275.6517,275.57834,272.45938,275.80045,273.23526,269.93597
1994-03-23,308.4898,308.67563,305.44684,314.48074,310.96225,306.61685
1994-03-24,265.8638,266.54907,264.28104,270.20575,268.19412,265.44464
1994-03-25,263.06384,261.6328,257.31546,262.7889,258.52194,253.58925
1994-03-26,327.67395,326.82703,322.36685,335.29434,330.51605,324.86835
1994-03-27,299.07404,301.6617,300.88974,300.56134,300.05386,298.67236
1994-03-28,235.257,235.86523,233.8551,237.63263,235.40233,232.52208
1994-03-29,300.73148,299.47162,294.90018,303.1898,298.2076,292.44415
1994-03-30,318.68005,317.70062,313.204,323.75876,319.12872,313.6436
1994-03-31,316.41226,316.4089,312.89398,319.7273,316.1212,311.6429
1994-04-01,249.86615,250.76646,248.87572,252.7166,250.6421,247.85591
1994-04-02,244.40033,244.70146,242.28209,245.89838,243.34972,240.11845
1994-04-03,228.13124,230.89957,231.08046,232.8169,233.09467,232.65631
1994-04-04,195.91576,197.00963,195.90456,197.58073,196.15677,194.1636
1994-04-05,253.46391,251.92305,247.59227,264.71545,259.8721,254.3362
1994-04-06,296.2527,298.16455,296.74292,299.2008,297.98642,295.8785
1994-04-07,259.91104,266.22406,269.52167,259.97574,263.4335,265.9977
1994-04-08,231.43279,234.40688,234.7456,233.21124,233.4059,232.86902
1994-04-09,225.53847,226.22047,224.3761,228.41197,226.4813,223.8848
1994-04-10,240.47034,241.64186,240.10991,244.46593,242.89682,240.59935
1994-04-11,253.25847,253.65999,251.22932,256.53345,253.81041,250.34712
1994-04-12,256.26224,255.42664,251.74872,258.3254,254.84737,250.63959
1994-04-13,253.40755,253.93633,251.62646,256.9596,254.69199,251.66467
1994-04-14,234.46602,234.67784,232.26775,237.96646,235.43103,232.2003
1994-04-15,275.72168,276.87704,274.92972,282.17126,280.19302,277.36032
1994-04-16,220.55849,222.5242,221.98596,226.16904,225.9309,224.97014
1994-04-17,290.3581,288.7967,284.02185,296.71014,291.81348,286.0843
1994-04-18,266.89273,268.32373,266.74173,272.03647,270.5089,268.1378
1994-04-19,281.26373,281.84906,279.27695,285.9608,283.5148,280.20056
1994-04-20,329.84433,329.75357,325.9747,334.7762,331.2509,326.72253
1994-04-21,339.44153,339.49817,335.7552,342.5446,338.61777,333.66922
1994-04-22,328.58102,325.12918,318.071,333.5405,326.228,318.00882
1994-04-23,330.70544,329.3886,324.39664,335.2907,330.54044,324.8067
1994-04-24,348.3203,347.9241,343.6355,353.86615,349.84824,344.76236
1994-04-25,266.02112,267.15826,265.2919,266.07877,264.33786,261.75717
1994-04-26,284.88898,282.74966,277.4637,286.2906,281.03348,274.9597
1994-04-27,322.6187,321.73145,317.24786,325.49576,320.91223,315.36002
1994-04-28,287.96027,287.27988,283.38672,287.27625,283.64346,279.14197
1994-04-29,307.74942,307.10907,303.03287,308.76642,304.8432,299.98386
1994-04-30,233.0284,233.65495,231.65596,234.42151,232.3583,229.5578
1994-05-01,234.85704,236.01352,234.51234,236.67085,234.89883,232.3719
1994-05-02,297.7675,299.10565,297.07663,306.66028,304.82925,302.00494
1994-05-03,329.31415,328.73053,324.4669,333.383,329.51562,324.61597
1994-05-04,341.15375,341.58365,338.17883,344.72595,342.1895,338.5435
1994-05-05,345.09882,345.13477,341.30008,352.88882,348.9766,343.9611
1994-05-06,243.04803,243.69551,241.60359,246.11127,244.033,241.1659
1994-05-07,312.4566,311.359,306.7813,317.75546,313.30093,307.87326
1994-05-08,324.34067,324.66843,321.3522,329.85165,326.26758,321.64297
1994-05-09,294.0158,294.82074,292.31158,297.84085,295.31808,291.8345
1994-05-10,283.75162,282.74512,278.57913,287.24564,283.17203,278.21426
1994-05-11,270.2059,271.98184,270.6901,275.98642,275.1247,273.32913
1994-05-12,249.58849,249.87718,247.36191,252.98209,250.54291,247.29086
1994-05-13,283.23825,282.0676,277.74796,280.58395,277.06635,272.6676
1994-05-14,249.37775,249.5468,246.91765,250.87285,248.37717,245.07469
1994-05-15,295.52933,293.96844,289.13055,299.92206,294.96826,289.10175
1994-05-16,358.7728,358.84213,354.89105,366.20117,362.63843,357.89224
1994-05-17,351.03946,351.2318,347.48853,353.91962,350.76114,346.44952
1994-05-18,317.39737,318.69174,316.40387,322.0009,320.05252,317.02856
1994-05-19,275.43604,275.8155,273.1034,278.08618,275.7739,272.54868
1994-05-20,304.03012,303.47305,299.52573,303.20322,299.5085,294.84915
1994-05-21,291.5511,295.33615,295.7762,292.05057,292.9475,292.79333
1994-05-22,276.54202,277.2584,274.86597,279.5419,277.2292,273.99554
1994-05-23,305.93658,308.46036,307.50797,304.0687,304.0104,302.8828
1994-05-24,282.74875,282.78275,279.65564,284.627,281.71622,277.88126
1994-05-25,338.7394,338.06833,333.6271,342.6128,338.2958,332.88766
1994-05-26,281.8938,283.89572,282.70505,287.93433,287.13922,285.34952
1994-05-27,268.5825,268.3753,265.17392,272.1849,269.15143,265.23923
1994-05-28,330.12463,330.41266,327.0099,333.70505,330.4829,326.1694
1994-05-29,299.99994,300.73114,298.09937,303.39966,300.88916,297.3746
1994-05-30,345.25427,343.924,338.7729,353.37308,348.10007,341.72073
1994-05-31,337.34253,337.3318,333.5609,344.94437,341.42947,336.7901
1994-06-01,347.97928,347.13843,342.43893,354.4312,349.76224,343.96628
1994-06-02,348.831,350.1566,347.56815,353.99722,351.92294,348.6528
1994-06-03,316.88113,317.26154,314.10617,322.51996,319.91205,316.2339
1994-06-04,305.29953,305.9057,303.10168,308.90576,306.73828,303.5367
1994-06-05,262.4609,263.43762,261.47406,265.6609,263.91815,261.28287
1994-06-06,300.0805,301.06863,298.69952,304.65472,302.5217,299.36884
1994-06-07,327.83984,328.4536,325.41162,334.31378,331.4715,327.5238
1994-06-08,280.5436,279.85623,276.0686,286.3415,282.6208,277.98813
1994-06-09,308.16547,308.7492,305.89987,313.75787,311.13962,307.483
1994-06-10,318.16162,318.30573,314.91733,322.71954,319.555,315.33536
1994-06-11,320.99496,321.21597,317.8732,325.22818,322.19138,318.08752
1994-06-12,328.94394,329.10336,325.61426,333.67398,330.31247,325.8632
1994-06-13,317.02,316.6034,312.6848,320.21237,316.39627,311.55258
1994-06-14,304.90552,303.92905,299.59875,310.00638,305.779,300.5715
1994-06-15,350.17203,351.81863,349.55527,356.74026,354.60724,351.2737
1994-06-16,324.16492,323.84756,319.95276,326.95847,323.1119,318.21637
1994-06-17,302.11862,302.044,298.63226,306.91953,303.8547,299.79102
1994-06-18,328.90964,328.49368,324.45392,335.1067,331.21262,326.24332
1994-06-19,372.25818,371.89612,367.43256,378.44025,374.32526,368.98923
1994-06-20,368.46234,368.32935,364.134,376.142,372.13702,366.91693
1994-06-21,339.31235,338.76627,334.49057,340.39093,336.4451,331.40906
1994-06-22,308.84155,308.64496,305.049,312.37363,309.14984,304.91568
1994-06-23,350.5639,349.15845,343.92215,354.24905,349.1659,342.9759
1994-06-24,366.946,366.01404,361.0628,371.39676,366.6443,360.717
1994-06-25,335.75354,335.4837,331.52573,336.1481,332.70987,328.18622
1994-06-26,315.4255,316.1455,313.3816,319.64838,317.04797,313.3986
1994-06-27,353.097,353.18103,349.3828,360.08838,356.71045,352.1638
1994-06-28,385.76096,384.51193,379.05273,392.9532,387.66925,381.15344
1994-06-29,326.92947,327.45825,324.38675,322.77335,320.1759,316.52142
1994-06-30,344.88126,344.71695,340.77243,345.0861,341.4678,336.74277
1994-07-01,360.63828,359.32605,354.08752,365.17206,360.06244,353.81665
1994-07-02,360.8913,362.97308,361.05524,365.13217,363.48105,360.6039
1994-07-03,345.56403,345.6246,341.89886,350.2765,346.6082,341.8198
1994-07-04,367.76837,366.10092,360.4431,375.49622,369.5984,362.55283
1994-07-05,362.88284,363.90335,360.93173,366.90533,364.53955,360.96423
1994-07-06,294.79724,295.717,293.3935,298.40387,296.2332,293.0864
1994-07-07,340.8706,339.00565,333.45493,349.4305,344.0521,337.60635
1994-07-08,345.6286,345.9301,342.44977,351.2558,348.0158,343.64755
1994-07-09,294.7971,295.24643,292.46777,299.13702,296.50613,292.9121
1994-07-10,318.02097,316.42624,311.39517,322.19604,317.51526,311.84665
1994-07-11,382.32748,380.8158,375.16656,387.5824,382.0431,375.31464
1994-07-12,351.8117,353.1089,350.54388,354.76434,352.90448,349.87387
1994-07-13,372.34088,371.94434,367.49985,376.35028,372.2918,367.04733
1994-07-14,356.18826,357.70892,355.31927,360.33896,358.13904,354.76114
1994-07-15,361.99524,362.07437,358.21252,367.86777,364.36902,359.70193
1994-07-16,342.63715,343.86044,341.3313,348.8742,346.47687,342.94925
1994-07-17,326.26993,326.33517,322.85217,330.0951,326.79837,322.46033
1994-07-18,368.61002,367.03055,361.4791,375.3039,369.94333,363.44226
1994-07-19,377.2942,375.9076,370.45273,382.68204,377.30313,370.76083
1994-07-20,359.20496,359.48138,355.85327,363.9553,360.83856,356.56552
1994-07-21,366.53543,366.15567,361.80768,370.906,366.7638,361.46994
1994-07-22,339.54514,340.20538,337.17047,343.1164,340.31143,336.41632
1994-07-23,358.78345,358.42773,354.1913,362.10684,358.1987,353.16638
1994-07-24,376.2552,377.36853,374.38367,380.1858,377.5965,373.79013
1994-07-25,358.28568,360.12177,358.04144,363.55447,361.79416,358.85367
1994-07-26,349.34143,349.21533,345.3121,352.33206,348.44742,343.47662
1994-07-27,375.43826,375.14627,370.8003,383.56238,379.33005,373.9175
1994-07-28,329.52606,330.36407,327.62335,333.4749,330.81412,327.10312
1994-07-29,343.78006,344.05136,340.6035,346.20425,342.8856,338.49286
1994-07-30,381.5433,381.22403,376.79187,387.34256,383.36096,378.18668
1994-07-31,381.06027,380.58286,376.0032,387.64548,383.2323,377.63876
1994-08-01,344.90137,344.28885,339.96896,342.11584,338.07266,332.9936
1994-08-02,350.22195,346.23648,338.55664,355.0066,347.6367,339.27426
1994-08-03,359.33658,355.6546,348.17572,365.4333,358.3554,350.24527
1994-08-04,380.7276,379.26212,373.72665,387.4546,382.1361,375.67047
1994-08-05,391.4184,390.98492,386.34787,398.25064,393.7484,388.04535
1994-08-06,390.45605,389.95413,385.2625,397.7707,393.42438,387.87766
1994-08-07,375.6817,375.44666,371.17773,381.4732,377.14435,371.6708
1994-08-08,368.80978,368.5357,364.30457,375.22797,371.023,365.69345
1994-08-09,335.63144,336.20526,333.16367,339.30118,336.42773,332.51666
1994-08-10,323.85898,325.2081,323.0548,328.0791,326.14355,323.18616
1994-08-11,334.29306,334.64676,331.40787,339.25732,336.1098,331.93668
1994-08-12,337.08817,337.53934,334.36804,342.17343,339.10025,334.99277
1994-08-13,352.9849,352.52762,348.29745,357.8446,353.7831,348.6636
1994-08-14,349.18292,348.8025,344.6905,351.5772,347.73932,342.861
1994-08-15,348.13232,348.54025,345.21466,353.3214,350.15347,345.9258
1994-08-16,354.98688,355.3592,351.92755,359.50693,356.24158,351.9019
1994-08-17,379.94196,380.22916,376.44943,384.8904,381.3016,376.56808
1994-08-18,343.23187,346.37173,345.78436,348.10223,347.61508,346.0283
1994-08-19,322.61755,322.60645,319.1511,326.1328,322.57477,318.06497
1994-08-20,351.7389,350.8522,346.22928,359.4185,354.5144,348.5884
1994-08-21,331.14798,331.91016,329.12637,332.6625,330.09872,326.54416
1994-08-22,352.43622,351.3225,346.4737,355.31558,350.46637,344.61316
1994-08-23,371.3689,372.50598,369.666,378.28607,375.691,371.9685
1994-08-24,372.398,372.40164,368.44107,377.62756,373.51025,368.3077
1994-08-25,376.94464,378.07538,375.1747,381.62973,378.86896,374.9814
1994-08-26,376.40778,377.17093,373.91782,382.39325,379.34253,375.17343
1994-08-27,337.91052,339.28845,337.05023,340.75412,338.18317,334.61542
1994-08-28,342.56445,343.21426,340.21426,345.0924,341.99207,337.8975
1994-08-29,357.66635,358.4652,355.4535,361.45093,358.48163,354.4679
1994-08-30,331.4322,332.3309,329.69785,331.04297,328.83484,325.6615
1994-08-31,297.5719,298.86887,296.9879,299.7795,297.89633,295.13943
1994-09-01,307.36365,308.7437,306.84268,310.00287,307.97263,305.044
1994-09-02,347.91022,350.56506,349.48874,348.59198,347.7199,345.80847
1994-09-03,354.0543,355.01373,352.20975,356.85596,354.06696,350.26193
1994-09-04,340.4001,341.37436,338.73172,338.03754,335.75385,332.50293
1994-09-05,319.89014,320.20093,317.1256,321.4513,318.48938,314.62952
1994-09-06,341.87476,342.82965,340.1569,344.34424,341.9248,338.52972
1994-09-07,337.32465,339.7479,338.56802,341.04883,340.1135,338.18213
1994-09-08,325.07184,329.14288,329.71365,332.96417,333.35052,332.73856
1994-09-09,315.3593,317.35443,315.99017,320.85522,319.5702,317.36465
1994-09-10,314.731,314.60373,311.16245,318.94006,315.63022,311.45517
1994-09-11,341.93634,339.60095,333.70465,346.7676,341.19913,334.73825
1994-09-12,336.25046,339.49963,339.1545,341.67435,341.8156,340.95447
1994-09-13,318.23843,318.0314,314.48044,322.22522,318.51932,313.95798
1994-09-14,372.23236,371.40573,366.6798,379.1479,374.37985,368.61856
1994-09-15,329.3546,327.96368,323.13544,332.42096,327.73315,322.18945
1994-09-16,281.73373,282.08392,279.46976,284.88348,282.16467,278.68655
1994-09-17,308.14224,308.02826,304.6821,313.0466,309.53796,305.20996
1994-09-18,321.37512,321.8002,318.8471,325.03812,321.91306,317.92947
1994-09-19,323.69476,324.66223,322.22025,327.46255,324.82706,321.31894
1994-09-20,338.02966,336.68085,331.81152,343.7052,338.20157,331.8457
1994-09-21,353.99347,353.69305,349.6898,359.48666,355.63013,350.84482
1994-09-22,320.53888,321.1585,318.41263,324.00928,321.12982,317.4039
1994-09-23,346.23682,345.7032,341.555,351.64258,347.17862,341.82877
1994-09-24,334.67786,336.214,334.22556,339.2879,337.74155,335.2849
1994-09-25,354.97186,353.96307,349.2591,360.34213,355.42816,349.62134
1994-09-26,364.3984,363.62277,359.05133,368.72125,363.9147,358.19373
1994-09-27,342.54932,343.61295,341.08224,348.49316,345.80734,342.22165
1994-09-28,301.8991,303.59567,302.11426,307.0198,305.90414,303.97272
1994-09-29,319.40463,317.61453,312.518,319.97562,314.46808,308.2051
1994-09-30,347.78253,348.4225,345.4244,348.97275,345.9221,341.98926
1994-10-01,349.519,350.84024,348.49655,352.06357,349.31116,345.6658
1994-10-02,349.78293,351.27078,349.09003,354.246,351.90518,348.66083
1994-10-03,321.19684,322.81665,321.06516,333.28943,331.01596,327.89743
1994-10-04,309.05234,310.91467,309.52997,319.5887,317.4838,314.57043
1994-10-05,288.4882,290.0004,288.48593,293.26697,291.26324,288.52225
1994-10-06,291.4365,291.6442,288.81427,298.3057,294.85297,290.6821
1994-10-07,273.2038,276.78226,277.4656,277.74875,278.65695,278.81577
1994-10-08,269.20715,271.46762,270.89432,272.1505,271.65662,270.45932
1994-10-09,292.9181,292.1306,288.3064,294.10287,290.12796,285.46503
1994-10-10,282.52646,286.60077,287.67914,284.9721,286.08804,286.44077
1994-10-11,265.23837,266.77185,265.5253,267.80817,266.36343,264.2539
1994-10-12,290.2574,290.837,288.3902,294.01233,291.31363,287.9099
1994-10-13,310.84668,311.53717,308.98608,314.98657,311.97623,308.21588
1994-10-14,326.06335,326.7988,324.13434,330.9929,327.9444,324.1085
1994-10-15,320.45255,320.41803,317.05267,322.2309,318.92838,314.8687
1994-10-16,358.45627,360.00916,357.8153,363.02985,360.86276,357.81552
1994-10-17,273.1078,276.67426,277.3549,275.89813,276.53604,276.4632
1994-10-18,246.43666,247.68451,246.35469,249.47377,247.9441,245.81479
1994-10-19,258.99017,260.8,259.89453,262.03168,260.77286,258.8797
1994-10-20,279.80084,281.22064,279.71408,279.45483,277.6784,275.23615
1994-10-21,311.78024,311.80756,308.59415,311.76608,308.372,304.26465
1994-10-22,321.70618,321.41727,317.78848,323.75665,319.77414,315.062
1994-10-23,319.81033,321.2778,319.4026,325.81693,323.34775,320.1176
1994-10-24,252.8136,256.21295,256.9416,258.31277,259.3776,259.78406
1994-10-25,243.57124,243.59222,241.08087,245.25262,242.546,239.28613
1994-10-26,278.7031,277.68097,273.77396,281.98578,277.68094,272.7643
1994-10-27,289.803,292.89685,292.93915,295.54614,295.41412,294.56104
1994-10-28,257.21326,258.51865,257.13312,258.17685,256.53516,254.29384
1994-10-29,259.9081,261.367,260.10474,261.03842,259.52747,257.40927
1994-10-30,290.08633,289.28098,285.4675,290.80725,287.12302,282.80118
1994-10-31,318.67624,316.59296,311.2188,321.58392,315.69553,309.1374
1994-11-01,322.07437,319.17603,312.9603,323.7346,316.75214,309.11667
1994-11-02,335.95175,335.5932,331.74164,340.76862,336.55942,331.60703
1994-11-03,327.57758,327.07953,323.17633,333.07855,328.97977,324.15604
1994-11-04,305.2341,305.42926,302.44293,314.96753,311.57465,307.4892
1994-11-05,269.48495,268.38138,264.48303,272.34924,268.25446,263.58328
1994-11-06,285.2526,286.2703,284.30338,288.14676,285.88147,282.97034
1994-11-07,261.0475,261.70087,259.62534,268.22272,265.41492,262.01987
1994-11-08,261.48615,263.35016,262.46588,264.97104,263.76392,261.94983
1994-11-09,265.60965,266.69214,264.99146,262.0769,260.29028,257.9152
1994-11-10,315.91656,315.28012,311.35406,321.35605,317.0553,312.07224
1994-11-11,253.15326,256.61694,257.39868,253.64937,254.14247,254.02866
1994-11-12,261.5548,263.01898,261.7351,266.00656,264.2749,261.94803
1994-11-13,318.22427,319.08713,316.6156,322.79852,320.108,316.70706
1994-11-14,260.4042,262.85715,262.56104,258.10687,257.6978,256.6908
1994-11-15,256.9601,258.49652,257.32904,254.83951,253.41461,251.41838
1994-11-16,279.58328,281.3701,280.2125,285.31934,283.74496,281.5316
1994-11-17,256.17084,258.70996,258.54013,262.3822,262.0647,261.14053
1994-11-18,300.45236,301.67728,299.74292,304.51233,302.19113,299.2014
1994-11-19,225.13184,226.92387,226.33806,228.73155,227.88353,226.51826
1994-11-20,247.09781,249.09857,248.48796,246.87009,245.99615,244.56406
1994-11-21,226.226,226.79703,224.98976,233.34746,230.91321,227.98026
1994-11-22,210.8954,211.6311,210.1465,213.23465,211.9289,210.15187
1994-11-23,238.98972,239.63011,237.75523,239.18263,236.90727,234.11813
1994-11-24,271.19812,273.95972,273.8439,273.96417,273.49066,272.39206
1994-11-25,287.55862,293.01,295.38202,293.99902,296.37634,298.0333
1994-11-26,227.2765,230.07588,230.45639,229.35326,229.42181,228.96007
1994-11-27,244.55023,246.5383,245.93323,244.13232,243.2051,241.73135
1994-11-28,306.30472,307.9035,306.26205,309.44067,307.54675,304.97318
1994-11-29,246.24864,249.24777,249.62257,253.4427,253.46277,252.89937
1994-11-30,239.84506,241.63025,240.87,242.68552,241.66666,240.1076
1994-12-01,188.58214,189.75908,188.9359,190.76155,189.82349,188.46342
1994-12-02,185.29182,186.37221,185.4871,186.81181,185.81992,184.41635
1994-12-03,236.47163,236.96387,234.95558,235.85043,233.42694,230.5043
1994-12-04,254.71767,258.1131,258.78387,258.00378,259.05768,259.50174
1994-12-05,228.2115,231.13245,231.61218,226.98396,227.11282,226.71925
1994-12-06,233.39435,235.24487,234.60915,232.32133,231.83887,230.8325
1994-12-07,295.3212,298.27893,298.08267,299.304,299.08102,298.17657
1994-12-08,231.34944,233.79121,233.75952,236.56488,236.11702,235.13533
1994-12-09,222.10431,221.03868,217.6321,219.52678,216.27562,212.57812
1994-12-10,257.9745,261.3748,262.00684,262.77945,263.0943,262.80246
1994-12-11,258.47748,261.1729,261.1005,262.8785,262.1227,260.77863
1994-12-12,229.3846,231.75949,231.67683,231.94626,231.6535,230.83527
1994-12-13,241.0372,243.00189,242.38809,241.22733,240.25957,238.75677
1994-12-14,219.85641,221.86453,221.51721,219.10814,218.22336,216.85274
1994-12-15,293.58594,294.77084,292.8238,297.9557,295.77774,292.95587
1994-12-16,241.78467,246.50664,248.60971,242.44675,244.3229,245.61218
1994-12-17,178.20183,180.16405,180.21037,181.70297,181.44054,180.76695
1994-12-18,176.2757,177.22462,176.28732,181.5181,180.06241,178.21648
1994-12-19,181.89723,184.08162,184.30629,183.53702,183.27214,182.59183
1994-12-20,194.18181,195.38098,194.49837,195.814,194.51637,192.79288
1994-12-21,250.73131,251.94427,250.471,254.21242,252.70316,250.63782
1994-12-22,184.3666,185.904,185.45848,186.36119,185.73637,184.69545
1994-12-23,226.38588,225.98509,223.17108,225.28241,222.30936,218.87129
1994-12-24,279.3001,279.2623,276.2409,286.1444,282.7317,278.7218
1994-12-25,312.64227,312.24548,308.5105,317.28336,312.88022,307.82523
1994-12-26,272.40207,272.75327,270.18723,277.91583,274.9575,271.4123
1994-12-27,229.79382,230.16087,228.06487,236.77362,233.88512,230.50272
1994-12-28,240.32292,239.74406,236.59749,242.41693,239.1965,235.47458
1994-12-29,279.59253,281.7294,280.84897,280.10925,279.17422,277.6111
1994-12-30,216.49559,217.10545,215.38817,220.14743,218.31349,216.0046
1994-12-31,200.7881,201.68106,200.41116,204.20776,202.68047,200.70926
1995-01-01,202.13095,202.63882,200.97087,205.8828,204.45244,202.57185
1995-01-02,190.31136,192.52707,192.67554,196.02577,196.20178,195.92204
1995-01-03,195.78885,196.64397,195.38559,198.88914,196.96843,194.62126
1995-01-04,205.18576,207.99657,208.57185,207.10577,207.34059,207.09206
1995-01-05,166.70636,168.18031,167.8452,167.50949,166.68452,165.48587
1995-01-06,189.16743,189.85487,188.49843,192.20032,190.65498,188.69084
1995-01-07,193.04633,194.62042,194.09875,196.11308,195.07016,193.5901
1995-01-08,210.47423,213.1145,213.45921,211.48201,210.93506,209.90604
1995-01-09,192.4502,194.57515,194.60295,190.06223,189.58572,188.67517
1995-01-10,221.24077,223.16821,222.68877,222.66637,221.59412,220.02173
1995-01-11,183.35764,184.61418,183.87851,187.51122,186.50572,185.08029
1995-01-12,165.70908,167.131,166.7486,165.07841,164.41356,163.37462
1995-01-13,170.38892,173.61012,174.95697,168.84006,169.50081,169.75482
1995-01-14,172.55585,173.01645,171.60687,175.20613,173.4407,171.2958
1995-01-15,215.56732,217.58894,217.25815,216.17374,215.64764,214.62346
1995-01-16,179.01593,179.40118,177.84543,182.44615,180.48471,178.12912
1995-01-17,226.30734,227.08943,225.41356,230.61311,228.70718,226.29208
1995-01-18,242.68962,243.40514,241.4849,247.14069,244.93587,242.18741
1995-01-19,212.91562,214.17715,213.1186,215.59763,214.06142,212.04329
1995-01-20,224.92271,225.87614,224.38156,228.35768,226.74275,224.61636
1995-01-21,231.47005,232.01642,230.04712,238.17767,235.9308,233.1596
1995-01-22,184.59828,186.45674,186.29292,184.67181,184.48175,183.8566
1995-01-23,222.93983,224.65147,223.92549,222.3209,221.48482,220.13492
1995-01-24,241.80016,246.67523,248.87276,244.81642,246.64146,247.8501
1995-01-25,252.77153,256.2475,256.9407,254.0167,254.82802,255.01811
1995-01-26,211.41075,213.89407,214.0536,215.47125,215.38194,214.77873
1995-01-27,175.60661,177.08223,176.63322,179.29494,178.72403,177.73369
1995-01-28,195.07402,195.20888,193.2215,195.62912,193.47672,190.89368
1995-01-29,196.51027,195.80043,192.96143,200.80753,197.70282,194.1716
1995-01-30,196.55562,197.05003,195.40065,201.47598,199.71,197.49048
1995-01-31,193.19833,193.69244,192.0786,198.56932,197.04031,195.05946
1995-02-01,174.17801,175.9005,175.70746,174.69658,174.41945,173.72417
1995-02-02,173.48405,174.77666,174.16545,173.7932,172.84076,171.48395
1995-02-03,214.6739,214.61778,212.22403,216.95865,214.39587,211.35283
1995-02-04,259.29404,261.09335,260.04675,259.80438,258.74753,257.0766
1995-02-05,226.78374,230.87166,232.44035,222.4997,224.33568,225.59297
1995-02-06,201.80565,203.17096,202.3202,204.83353,203.92535,202.53212
1995-02-07,177.57866,178.33781,177.15154,178.12614,176.732,174.92647
1995-02-08,183.19632,184.46123,183.71283,181.59305,180.75493,179.48532
1995-02-09,193.50722,195.84467,196.04276,193.25565,193.29918,192.86446
1995-02-10,191.959,193.1329,192.19763,197.00102,195.58229,193.7028
1995-02-11,185.04277,185.6976,184.32443,189.47406,187.62305,185.33714
1995-02-12,204.98761,206.45625,205.66849,205.9998,205.1501,203.80382
1995-02-13,222.4483,225.30809,225.70274,226.74371,226.58374,225.86052
1995-02-14,201.18837,201.40764,199.42622,200.93907,198.38603,195.37962
1995-02-15,181.93619,184.14948,184.34663,183.31715,183.1283,182.48265
1995-02-16,161.02733,162.52402,162.2415,162.81917,162.27959,161.34044
1995-02-17,216.25447,217.36346,216.09381,215.87648,214.42334,212.45348
1995-02-18,253.57605,255.1979,254.02554,255.72557,254.31993,252.29405
1995-02-19,208.09409,209.739,209.08603,211.30782,210.6924,209.55196
1995-02-20,211.74487,212.76581,211.4564,212.70468,211.13321,209.05075
1995-02-21,195.43593,195.98372,194.38525,198.08328,196.36337,194.17125
1995-02-22,253.46518,252.80788,249.38466,254.56609,250.89912,246.653
1995-02-23,252.69629,255.01183,254.52878,255.89026,254.848,253.16766
1995-02-24,202.98505,203.80963,202.39958,208.90636,207.4395,205.46262
1995-02-25,166.55142,167.72028,167.04814,168.7596,167.9258,166.67131
1995-02-26,232.57265,233.0603,230.99234,236.88077,234.88065,232.30528
1995-02-27,226.41977,229.56517,230.18408,232.69618,233.2744,233.2324
1995-02-28,175.85583,177.75597,177.70073,180.2252,180.06854,179.44244
1995-03-01,174.98357,175.51512,174.1197,177.93237,176.04662,173.73221
1995-03-02,230.83977,232.38878,231.38257,229.05992,228.00456,226.36624
1995-03-03,200.83842,201.68236,200.3097,202.36993,201.18843,199.49525
1995-03-04,231.6958,232.24916,230.25067,233.287,230.9468,228.03542
1995-03-05,211.5181,213.02475,212.18604,214.92651,213.82953,212.18149
1995-03-06,183.01407,183.43393,181.83694,180.24545,178.77908,176.86058
1995-03-07,194.25922,194.35516,192.3149,196.31999,194.25505,191.7059
1995-03-08,247.63979,248.82614,247.27197,256.30157,254.40762,251.8614
1995-03-09,278.67764,279.54764,277.33963,281.14725,279.3023,276.7338
1995-03-10,284.5548,284.42996,281.17676,287.60583,284.28485,280.25226
1995-03-11,283.1768,283.24203,280.19003,286.35583,283.05746,279.04752
1995-03-12,309.64343,309.85782,306.6601,314.16345,310.8693,306.78387
1995-03-13,300.7934,301.50778,298.8981,304.2744,301.69202,298.32635
1995-03-14,305.444,305.7065,302.5997,307.48837,304.50058,300.7263
1995-03-15,295.69138,298.4637,297.93192,297.71188,297.3374,296.14084
1995-03-16,236.23412,237.60944,236.35745,240.56062,239.41173,237.61494
1995-03-17,245.616,245.68439,243.04248,245.14807,242.67688,239.57233
1995-03-18,287.7691,288.82236,286.6825,291.55435,289.56845,286.80383
1995-03-19,244.07388,244.7515,242.72325,248.96104,246.95312,244.2845
1995-03-20,273.6462,271.8737,267.10922,276.00723,271.6713,266.64877
1995-03-21,294.3837,294.34305,291.05057,297.1513,293.73676,289.5502
1995-03-22,250.225,251.57031,250.12654,256.5747,255.09416,252.90935
1995-03-23,236.46736,236.26077,233.44286,241.6222,238.63057,235.01045
1995-03-24,203.12144,204.08418,202.78285,204.93443,203.47243,201.44931
1995-03-25,250.84592,250.4469,247.27858,255.66068,252.28156,248.23633
1995-03-26,265.95367,264.85504,260.83102,277.04236,272.30548,266.8692
1995-03-27,300.99023,300.1419,295.97443,309.3332,304.9831,299.82574
1995-03-28,258.80463,258.31976,254.97531,264.1919,261.0787,257.2582
1995-03-29,252.25912,252.56747,250.07315,256.98422,254.48833,251.28822
1995-03-30,251.10986,251.08377,248.27255,255.09879,252.0457,248.30435
1995-03-31,276.5034,273.1754,266.84024,282.20502,274.67834,266.48837
1995-04-01,275.33163,276.68182,274.9499,279.19952,277.57028,275.1385
1995-04-02,220.91876,221.82375,220.25775,220.86247,219.01128,216.53612
1995-04-03,249.78143,252.39452,252.18251,248.5214,248.6105,247.94032
1995-04-04,230.56361,229.73997,226.3685,230.7602,227.00304,222.63329
1995-04-05,256.9954,256.29584,252.75107,260.38754,256.634,252.17389
1995-04-06,258.199,257.45197,253.84595,255.49313,252.27187,248.34248
1995-04-07,248.46954,248.89513,246.54634,247.63614,244.92853,241.52098
1995-04-08,206.90445,208.51967,207.7991,209.35573,208.51233,207.03795
1995-04-09,233.88625,233.8194,231.14778,235.36607,232.65244,229.27107
1995-04-10,262.5924,260.42435,255.37172,262.78992,257.83466,252.17963
1995-04-11,265.65756,263.82825,259.07254,270.94937,266.12418,260.567
1995-04-12,331.3666,330.92667,326.7987,337.94186,334.07962,329.24512
1995-04-13,292.85223,295.49924,294.82516,294.3722,293.96274,292.6267
1995-04-14,291.0057,294.47964,294.63513,294.09656,293.9557,292.87842
1995-04-15,267.2143,266.57654,262.96725,275.12274,270.78104,265.66858
1995-04-16,250.001,249.65678,246.52635,255.0811,251.76018,247.70341
1995-04-17,241.35585,241.77556,239.48924,244.98846,242.68466,239.64824
1995-04-18,275.71133,273.15292,267.5642,282.4295,276.76566,270.3323
1995-04-19,292.02057,292.0773,288.8671,296.96338,293.79434,289.74005
1995-04-20,331.8787,332.08804,328.58038,336.35486,332.86536,328.36673
1995-04-21,325.64206,324.66684,320.0678,331.04065,326.14243,320.28574
1995-04-22,300.62744,298.29013,292.63632,302.80963,297.04453,290.43332
1995-04-23,297.73697,299.2238,297.3462,303.51068,301.44498,298.43008
1995-04-24,280.013,277.51028,271.9241,282.60864,277.2201,271.0362
1995-04-25,321.89764,320.54053,315.60623,328.08667,322.89697,316.75247
1995-04-26,302.41968,302.66562,299.51837,302.50885,299.8874,296.32504
1995-04-27,259.0137,258.39844,254.8938,262.42737,258.92508,254.63661
1995-04-28,290.63544,288.3864,282.92773,294.60406,289.21765,282.98465
1995-04-29,335.4047,335.23618,331.31183,340.35126,336.56204,331.72668
1995-04-30,304.2903,305.2981,302.87338,309.02875,306.23157,302.46448
1995-05-01,304.35345,304.00143,300.24484,311.0833,307.52274,303.00287
1995-05-02,274.9538,274.66922,271.3079,275.09225,271.54376,267.1553
1995-05-03,248.67656,249.72977,247.97205,252.3127,250.66841,248.20842
1995-05-04,290.28934,289.32892,285.134,291.9475,287.87555,282.91553
1995-05-05,319.85486,319.9453,316.44705,323.46524,319.93823,315.39838
1995-05-06,300.6994,302.55167,300.9921,308.48746,306.82513,304.14865
1995-05-07,284.62903,285.25867,282.68307,288.21014,285.8149,282.49265
1995-05-08,319.7688,319.25717,315.17096,322.33475,318.41785,313.4953
1995-05-09,318.56537,319.4836,316.81012,323.19846,320.42972,316.6192
1995-05-10,310.92834,311.1326,307.8464,315.0631,311.68686,307.31125
1995-05-11,287.76486,286.3725,281.78442,292.02664,287.68054,282.43924
1995-05-12,271.64154,272.68735,270.66553,274.45953,272.70102,270.03656
1995-05-13,262.03912,262.9861,260.9756,266.31284,264.5138,261.83673
1995-05-14,262.7968,263.4837,261.21072,266.18573,264.0445,261.03348
1995-05-15,276.93732,279.26175,278.4326,279.90335,279.13565,277.41168
1995-05-16,292.53424,291.4192,287.05157,300.54102,296.2407,291.00644
1995-05-17,278.32425,280.4818,279.47504,285.72336,285.19034,283.67163
1995-05-18,268.71747,269.75174,267.75452,271.9664,270.05396,267.24023
1995-05-19,269.32553,270.2402,268.11996,272.70218,270.78397,267.961
1995-05-20,287.3888,287.61423,284.61847,291.73846,288.86084,285.03668
1995-05-21,309.82507,307.53745,301.8337,315.45233,309.8854,303.36057
1995-05-22,359.24744,359.82718,356.37613,365.63977,362.61926,358.39407
1995-05-23,299.8666,301.28357,299.31653,303.5731,301.85526,299.11487
1995-05-24,298.15555,298.15997,294.83173,302.13242,298.83905,294.57016
1995-05-25,310.9794,310.4632,306.48367,313.93515,310.18732,305.43396
1995-05-26,353.4167,352.8521,348.35245,358.28055,353.8367,348.24905
1995-05-27,339.9638,340.66614,337.55728,347.85306,345.12936,341.25128
1995-05-28,338.91162,340.09717,337.47415,340.74326,338.80243,335.7106
1995-05-29,304.17346,303.70404,299.85147,308.32523,304.27338,299.24182
1995-05-30,280.6539,281.44675,279.09244,283.43954,281.39453,278.40295
1995-05-31,320.2588,319.55136,315.28958,322.62106,318.49155,313.33316
1995-06-01,344.1533,343.79175,339.60355,346.9032,342.8244,337.62927
1995-06-02,331.01987,332.43292,330.1284,333.91348,331.7542,328.47244
1995-06-03,297.02548,296.28058,292.24564,301.3401,297.38425,292.4696
1995-06-04,310.69913,310.20508,306.26492,314.7957,310.9731,306.14032
1995-06-05,291.33728,291.50247,288.42404,296.20456,293.15378,289.13776
1995-06-06,314.50748,316.50516,314.96304,324.17737,323.31174,321.32303
1995-06-07,343.57574,341.5626,335.7764,347.2952,341.59885,334.82812
1995-06-08,348.53912,349.70276,346.97055,354.3312,351.7667,348.01862
1995-06-09,310.19556,309.7664,305.90384,314.46756,310.6941,305.91086
1995-06-10,346.41074,345.3882,340.54538,352.6335,347.98578,342.2172
1995-06-11,347.93268,348.93512,346.05807,349.67133,347.7425,344.6305
1995-06-12,356.3008,359.00897,357.70975,357.94556,358.08273,356.95242
1995-06-13,351.70035,353.1176,350.60876,351.24332,349.2491,346.06882
1995-06-14,352.45007,353.49457,350.6148,353.6608,351.2563,347.66876
1995-06-15,314.02853,314.26996,311.03192,309.95737,307.037,303.1021
1995-06-16,284.3869,283.9869,280.45108,288.09628,284.71912,280.4173
1995-06-17,306.52295,307.50662,305.08148,313.976,311.9467,308.86594
1995-06-18,314.93854,316.04172,313.6424,318.5885,316.44547,313.23853
1995-06-19,326.77933,327.05682,323.72092,330.98438,327.72064,323.38004
1995-06-20,343.07132,341.5031,336.1839,348.2731,342.96683,336.5782
1995-06-21,373.76993,372.63803,367.40924,378.37442,373.34555,367.12192
1995-06-22,363.08664,362.77747,358.4736,368.9968,364.62463,359.0741
1995-06-23,350.95926,350.74863,346.6769,355.3586,351.3358,346.17404
1995-06-24,315.238,315.49728,312.28076,321.11072,318.18436,314.21075
1995-06-25,331.0746,331.32422,327.926,334.45508,331.31207,327.0817
1995-06-26,341.16895,340.8153,336.71786,346.13354,342.13336,337.02872
1995-06-27,345.20792,344.44617,339.90707,348.49734,344.13373,338.66806
1995-06-28,351.33557,350.91672,346.6479,356.27182,352.19867,346.98965
1995-06-29,377.49963,377.0653,372.49634,383.32843,379.03976,373.52756
1995-06-30,374.06296,374.29834,370.4247,377.30463,373.76877,369.0118
1995-07-01,375.04675,375.18686,371.21152,377.5408,373.96335,369.1662
1995-07-02,384.61572,384.34488,379.86475,390.52524,386.2883,380.8052
1995-07-03,363.19672,363.3235,359.46933,368.24765,365.00174,360.56223
1995-07-04,320.3937,321.43762,318.9518,320.95148,318.66653,315.3281
1995-07-05,331.16187,328.4664,322.2051,334.5022,328.7315,321.95312
1995-07-06,370.1732,368.4053,362.62717,377.4077,372.27304,365.96652
1995-07-07,367.15396,365.8315,360.5245,374.29172,368.91074,362.37656
1995-07-08,374.11136,373.14948,368.1215,381.23663,376.2392,370.0559
1995-07-09,377.659,377.62573,373.47006,382.18552,378.40594,373.40683
1995-07-10,376.21387,376.65924,372.9901,379.76062,376.60114,372.21582
1995-07-11,378.9662,377.99567,372.91272,385.00235,380.05264,373.90732
1995-07-12,373.72974,373.66367,369.52533,375.88223,372.08408,367.0931
1995-07-13,366.62683,366.71936,362.81592,369.17938,365.72684,361.09717
1995-07-14,338.17923,339.6733,337.4538,335.07553,333.34274,330.50653
1995-07-15,330.70032,330.86667,327.4307,333.5495,330.20123,325.79822
1995-07-16,348.56473,348.5071,344.6595,351.95334,348.26157,343.46255
1995-07-17,333.17874,333.5162,330.22458,336.70016,333.48834,329.21048
1995-07-18,335.25327,335.432,331.96436,339.20926,335.98193,331.68198
1995-07-19,346.92343,346.6475,342.60992,351.7096,347.9899,343.1694
1995-07-20,356.54303,355.87534,351.35175,362.39032,358.07547,352.64056
1995-07-21,352.8959,352.90005,349.0759,357.9017,354.26028,349.49844
1995-07-22,364.8384,364.83417,360.8743,373.15607,369.26672,364.2134
1995-07-23,368.58255,368.19867,363.82855,374.89145,370.70514,365.35852
1995-07-24,369.0989,369.52158,365.93777,376.20477,372.78494,368.1827
1995-07-25,351.1522,351.56177,348.16156,355.89127,352.5993,348.1921
1995-07-26,357.478,357.58383,353.81976,362.83286,359.26935,354.57614
1995-07-27,382.13452,380.84167,375.44308,388.54694,383.3162,376.9139
1995-07-28,337.6125,339.26617,337.23703,341.6464,340.05975,337.36813
1995-07-29,314.9102,316.76553,315.1811,319.45905,318.14734,315.8
1995-07-30,343.27435,344.6418,342.2752,350.2573,348.24802,345.1199
1995-07-31,360.7836,360.93204,357.18436,366.49832,362.97156,358.3125
1995-08-01,368.2609,367.56973,362.9209,373.2408,368.65378,362.9411
1995-08-02,371.1792,371.1459,367.11227,376.70682,372.7784,367.69852
1995-08-03,384.50854,384.24857,379.8513,391.58713,387.4983,382.21512
1995-08-04,380.67877,380.67383,376.56998,386.23297,381.7316,376.0665
1995-08-05,388.991,390.0357,386.87323,395.8294,392.36652,387.68463
1995-08-06,374.34882,375.11084,371.8311,379.58667,376.55527,372.35028
1995-08-07,350.47226,350.64114,347.03912,356.0043,352.4444,347.80423
1995-08-08,344.9185,344.62012,340.6219,347.90253,344.20715,339.46405
1995-08-09,358.88287,357.71118,352.70905,362.14188,357.4163,351.6245
1995-08-10,375.71194,375.30072,370.8655,380.99332,376.77103,371.41125
1995-08-11,374.06387,374.9838,371.87332,376.80478,374.1662,370.36722
1995-08-12,345.79074,345.94467,342.3887,350.10666,346.66562,342.17358
1995-08-13,345.42538,345.3406,341.5566,350.74887,347.2355,342.67358
1995-08-14,329.99997,330.63147,327.717,331.1764,328.58423,324.98682
1995-08-15,320.99493,322.1648,319.8767,325.05087,322.891,319.7376
1995-08-16,341.44495,341.76657,338.43005,344.7207,341.52914,337.30893
1995-08-17,335.5524,335.6314,332.12207,338.57635,335.0269,330.4801
1995-08-18,349.42538,348.02658,342.92184,356.8996,351.6027,345.2955
1995-08-19,350.03372,348.46646,343.1921,355.92953,350.51718,344.1034
1995-08-20,370.88272,369.93054,365.03915,375.99203,370.81702,364.5741
1995-08-21,368.65738,368.28378,363.9859,375.51987,371.14798,365.69354
1995-08-22,375.4694,376.34607,373.20444,379.92557,377.22278,373.3864
1995-08-23,377.3401,377.06235,372.77063,382.9152,378.70456,373.39087
1995-08-24,382.2054,382.07666,377.88177,388.96463,384.86624,379.64664
1995-08-25,374.95404,376.07666,373.1892,380.89267,378.35858,374.6946
1995-08-26,340.46692,340.74777,337.4035,345.48636,342.162,337.8407
1995-08-27,329.602,329.63937,326.17377,332.12973,328.69028,324.30145
1995-08-28,362.3263,362.13467,358.09894,366.541,362.90732,358.22568
1995-08-29,369.28256,369.49655,365.7875,374.132,370.94516,366.67993
1995-08-30,356.9719,356.76697,352.77957,362.94357,359.04575,354.12445
1995-08-31,376.26352,376.23834,372.22513,383.49637,379.37195,374.17007
1995-09-01,378.26285,378.642,375.00708,384.76376,381.4084,376.95767
1995-09-02,357.64746,357.66635,353.8984,362.5219,358.70593,353.87692
1995-09-03,369.11615,368.327,363.64636,376.43066,371.52737,365.59802
1995-09-04,371.10098,371.90628,368.773,374.7569,372.2342,368.639
1995-09-05,381.4549,381.98462,378.47366,387.62448,384.20764,379.70444
1995-09-06,373.47125,374.27875,371.12747,379.65958,376.93707,373.14017
1995-09-07,327.0223,327.1288,323.78156,328.7396,325.73175,321.81213
1995-09-08,308.90732,309.6475,307.11597,309.03146,306.58386,303.2739
1995-09-09,282.49994,283.71146,281.9236,285.75836,283.90656,281.25107
1995-09-10,284.1274,284.9192,282.70352,288.02377,285.5735,282.3296
1995-09-11,314.54755,313.9698,310.08945,321.15002,317.19156,312.3795
1995-09-12,307.5164,307.66556,304.57562,311.7577,308.47232,304.34912
1995-09-13,300.9809,299.88495,295.6416,306.95422,302.5978,297.44507
1995-09-14,371.23877,370.22195,365.31946,377.7776,372.55902,366.3612
1995-09-15,368.2755,367.5045,362.8769,373.84366,369.44058,364.0556
1995-09-16,380.92392,381.27554,377.6212,390.79453,387.2486,382.65698
1995-09-17,368.27667,370.14285,368.1131,373.54123,371.99036,369.40366
1995-09-18,294.95673,296.9435,295.80365,298.9059,297.7173,295.70212
1995-09-19,297.40454,298.4109,296.28278,306.603,303.9343,300.45303
1995-09-20,272.2027,273.45477,271.83414,274.15833,272.69745,270.49292
1995-09-21,312.04492,312.01978,308.72668,314.82285,311.28903,306.94522
1995-09-22,343.10098,348.51236,350.2456,346.38303,348.23038,349.06628
1995-09-23,353.10266,351.13242,345.49854,355.9801,350.0349,343.22357
1995-09-24,347.82147,346.05988,340.68808,351.02078,345.62436,339.36752
1995-09-25,340.11166,337.5669,331.5062,343.01645,337.06476,330.2903
1995-09-26,304.13953,309.64075,311.8786,305.7765,308.29483,309.91666
1995-09-27,292.1476,294.58136,293.92618,294.51028,293.99124,292.67468
1995-09-28,302.8118,302.46344,298.95883,304.963,301.49405,297.2645
1995-09-29,340.53046,339.04642,334.03088,344.82135,339.73184,333.8106
1995-09-30,338.66092,337.88858,333.5947,343.56458,339.3474,334.28708
1995-10-01,322.49585,320.27112,314.71628,326.0394,320.36325,313.92514
1995-10-02,351.62332,349.9762,344.68774,355.17828,349.43478,342.85562
1995-10-03,324.5992,327.682,327.33658,329.47232,329.15347,327.95947
1995-10-04,268.62457,270.74594,270.0377,271.4129,270.5227,268.9275
1995-10-05,305.74734,305.79114,302.64975,314.25317,310.72318,306.43137
1995-10-06,314.87372,316.10785,314.04553,314.31802,312.63858,310.16263
1995-10-07,299.57422,301.81345,300.9021,299.93805,299.12402,297.53708
1995-10-08,332.17422,333.2604,330.87418,337.30106,334.76947,331.40485
1995-10-09,285.26105,288.4594,288.64468,289.44202,289.93866,289.66974
1995-10-10,249.13564,250.24722,248.75157,251.08977,249.48769,247.26477
1995-10-11,255.57753,257.0526,255.849,256.7491,255.27032,253.15604
1995-10-12,285.9631,286.48,284.016,291.8415,288.7561,284.97897
1995-10-13,310.55777,312.0084,310.21014,313.34494,311.63885,309.16122
1995-10-14,241.298,242.01735,240.2183,243.59882,241.54465,238.9073
1995-10-15,300.35977,301.22766,298.96152,303.47937,300.88538,297.56818
1995-10-16,252.31866,255.70663,256.4267,251.98279,252.04095,251.45773
1995-10-17,248.55351,252.4561,253.72363,249.59557,250.41618,250.58904
1995-10-18,255.42447,255.42363,252.76816,256.90207,253.82108,250.15163
1995-10-19,290.5576,289.20544,284.85126,288.70743,284.14676,278.94824
1995-10-20,292.04208,294.61755,294.1245,294.60425,294.2179,293.10117
1995-10-21,274.09573,273.3759,269.81662,275.4489,271.58362,267.10464
1995-10-22,290.67798,292.30878,290.89758,297.70892,295.85776,293.3012
1995-10-23,293.59634,294.4569,292.25488,297.38068,294.83966,291.60953
1995-10-24,275.47345,278.107,277.8439,282.01413,281.15768,279.62057
1995-10-25,279.06354,278.38712,274.81815,290.31647,286.20172,281.4492
1995-10-26,283.94687,283.0882,279.28815,294.48474,290.64368,286.15143
1995-10-27,288.08417,291.10968,291.1024,290.69385,290.43146,289.46228
1995-10-28,252.82793,253.67894,251.8902,256.45486,254.1232,251.20897
1995-10-29,298.7111,299.01294,296.2041,304.63205,301.2329,297.15536
1995-10-30,290.28903,293.48627,293.62485,292.30905,292.3296,291.64044
1995-10-31,228.75768,230.40182,229.64592,234.26128,232.97083,231.13725
1995-11-01,238.4452,239.95071,238.95662,242.41129,241.20119,239.42833
1995-11-02,261.46042,263.24966,262.29584,263.0659,261.75946,259.84375
1995-11-03,233.28972,234.63832,233.5418,235.0716,233.69456,231.77829
1995-11-04,318.46225,318.26352,314.75012,323.33746,319.50647,314.97083
1995-11-05,278.2024,278.78174,276.45584,282.8142,280.43292,277.41913
1995-11-06,323.91245,322.42453,317.57816,333.53964,328.2754,322.3114
1995-11-07,327.95734,328.48828,325.59424,333.51266,330.51205,326.77243
1995-11-08,231.97072,235.08122,235.73698,230.26797,230.3777,229.93906
1995-11-09,257.41867,260.9971,261.8493,256.73303,256.7303,256.11966
1995-11-10,292.80637,296.7735,297.63995,296.08624,296.5642,296.33398
1995-11-11,215.97874,218.3213,218.38264,216.82639,216.47154,215.61176
1995-11-12,242.79839,243.55415,241.76573,245.16045,242.69025,239.68706
1995-11-13,297.24695,298.39203,296.41876,300.76828,298.51685,295.59888
1995-11-14,244.88342,247.0736,246.67984,242.68678,242.03445,240.82465
1995-11-15,248.39407,250.54205,250.0689,251.44075,250.4153,248.8194
1995-11-16,223.89528,226.16585,226.06921,225.84521,225.4774,224.58826
1995-11-17,242.2534,244.10399,243.39883,243.268,242.13759,240.45949
1995-11-18,330.0932,330.83258,328.10764,334.1076,331.12497,327.41647
1995-11-19,292.80054,299.5669,303.1923,290.83047,294.8368,298.09598
1995-11-20,217.3121,220.98526,222.34108,215.81213,216.65404,216.9798
1995-11-21,194.77438,196.87163,196.9039,196.39502,196.04332,195.24214
1995-11-22,213.35522,214.72388,213.83958,213.74968,212.82768,211.42651
1995-11-23,220.59946,222.62059,222.30466,218.92636,218.72517,218.02081
1995-11-24,219.07613,222.90327,224.38898,215.4581,216.36627,216.76053
1995-11-25,200.2232,201.75314,201.1631,201.90765,200.91444,199.47229
1995-11-26,258.08258,258.98413,257.1631,263.14932,260.94592,258.1739
1995-11-27,237.81009,240.21367,240.09059,239.20975,238.48743,237.22635
1995-11-28,223.33626,225.27995,224.85289,224.52771,224.08878,223.14047
1995-11-29,260.07455,257.36703,251.94965,260.99402,255.51659,249.5338
1995-11-30,292.68378,293.53485,291.29358,295.9058,293.5292,290.51358
1995-12-01,215.32875,217.47484,217.32877,220.45934,219.86186,218.76831
1995-12-02,238.63286,238.77797,236.40475,236.58434,234.03593,230.98854
1995-12-03,283.75928,284.51532,282.26907,285.5576,282.90576,279.64468
1995-12-04,271.86963,271.7128,268.687,280.10013,276.69205,272.70065
1995-12-05,222.52696,223.71896,222.5477,223.40974,222.47089,221.03622
1995-12-06,209.4373,210.19815,208.73721,211.16565,209.40198,207.18501
1995-12-07,252.48328,252.60506,250.05515,257.38058,254.57373,251.22592
1995-12-08,235.2159,232.84843,228.01602,237.50476,232.609,227.25401
1995-12-09,285.63754,286.5651,284.4584,291.6128,289.2416,286.244
1995-12-10,236.0425,238.09515,237.62581,240.69525,240.07834,238.92136
1995-12-11,211.3063,212.95065,212.33798,210.94925,209.89964,208.38557
1995-12-12,236.09851,239.15504,239.67583,233.08034,233.47432,233.3284
1995-12-13,183.67195,186.72404,187.79547,179.77045,180.27022,180.35022
1995-12-14,186.15869,187.96663,187.77902,185.74861,184.93495,183.7105
1995-12-15,257.2729,258.49988,256.9804,259.3599,257.50217,255.08328
1995-12-16,218.2694,220.1592,219.70891,220.06888,219.3929,218.22517
1995-12-17,191.74327,194.61008,195.40776,189.63051,189.79712,189.52707
1995-12-18,179.04977,179.86388,178.76357,180.56557,179.38722,177.81604
1995-12-19,175.06876,175.24802,173.56058,179.74144,177.33746,174.56358
1995-12-20,231.81114,232.50842,230.72789,232.43266,230.24283,227.55864
1995-12-21,248.74031,248.40392,245.41815,252.67987,249.54547,245.88644
1995-12-22,253.33733,254.40343,252.75533,255.81119,253.85384,251.34427
1995-12-23,215.37535,216.95665,216.22232,217.56142,216.31871,214.59883
1995-12-24,228.67561,229.60907,228.08998,227.88315,225.74605,223.12334
1995-12-25,207.19562,208.6296,207.83415,212.46454,211.14561,209.36206
1995-12-26,252.06761,252.33862,249.9107,250.87672,248.0605,244.71709
1995-12-27,238.23297,240.27121,239.73923,242.57297,241.57155,240.03029
1995-12-28,203.41997,205.33157,205.0456,208.76743,208.37593,207.51143
1995-12-29,207.95811,208.86127,207.5271,210.00703,208.01431,205.57307
1995-12-30,204.64778,205.68729,204.52231,203.3322,201.7212,199.6701
1995-12-31,243.12068,244.36568,242.99019,245.26675,243.30826,240.81871
1996-01-01,221.83836,222.39734,220.56831,225.57355,223.43367,220.81044
1996-01-02,204.79774,205.92982,204.84995,208.89052,207.48119,205.61385
1996-01-03,173.46635,174.55568,173.7691,174.64693,173.1412,171.25792
1996-01-04,225.21986,226.11359,224.5757,225.91594,224.10313,221.79906
1996-01-05,220.51454,221.9937,221.08463,221.93327,220.5107,218.59872
1996-01-06,200.71144,201.60158,200.32144,202.16222,200.25179,197.90579
1996-01-07,186.57143,187.7493,186.90518,189.9873,188.7233,187.0402
1996-01-08,200.27539,200.66911,198.90007,199.8329,197.77135,195.28128
1996-01-09,252.71327,254.3,253.14516,253.74983,252.33473,250.3538
1996-01-10,267.69983,271.2305,271.8366,268.2763,269.31555,269.7114
1996-01-11,268.93884,271.4276,270.98767,272.77402,271.72485,270.05756
1996-01-12,233.77747,234.40453,232.5003,238.44482,236.17957,233.39691
1996-01-13,303.31714,303.74203,300.88507,307.67014,304.57544,300.81528
1996-01-14,258.4803,258.4167,255.55946,263.98395,260.71487,256.88483
1996-01-15,303.29575,303.3998,300.22256,307.05173,303.58746,299.4637
1996-01-16,281.72214,281.59598,278.42282,283.95355,280.28012,276.00424
1996-01-17,227.93715,231.1707,231.90297,227.51315,228.18082,228.30095
1996-01-18,224.10263,225.22095,223.90054,226.42818,224.86024,222.78622
1996-01-19,273.81113,273.66382,270.55154,278.60312,275.19662,271.1927
1996-01-20,262.4307,262.79962,260.3202,262.6715,260.12512,257.00278
1996-01-21,249.56194,249.71605,247.1625,252.64066,249.73006,246.27275
1996-01-22,215.72536,216.83719,215.59706,221.31917,219.71739,217.61885
1996-01-23,220.39021,221.6531,220.51086,228.21004,226.53339,224.34406
1996-01-24,183.48392,182.91974,180.36978,181.4604,178.52576,175.2116
1996-01-25,167.51526,168.02437,166.70879,165.89255,164.60487,162.94438
1996-01-26,229.60898,229.73416,227.36354,231.21593,228.66867,225.61449
1996-01-27,232.37329,233.81113,232.70782,236.62268,235.03215,232.90332
1996-01-28,226.11281,227.09023,225.59871,226.41997,224.50266,222.07648
1996-01-29,211.20837,211.52608,209.54337,213.99773,211.8116,209.1504
1996-01-30,199.30072,203.39296,205.27135,202.69061,204.60385,205.9929
1996-01-31,218.63588,219.42323,217.82253,218.70229,216.87198,214.54675
1996-02-01,286.8821,286.6876,283.3724,289.22342,285.61264,281.36795
1996-02-02,248.93283,251.29828,250.92616,250.87677,250.54784,249.61574
1996-02-03,252.01302,254.39717,254.00896,256.34106,255.97433,254.99052
1996-02-04,180.87518,182.51375,182.16264,184.57588,183.67392,182.33856
1996-02-05,208.62907,209.70842,208.50145,208.98463,207.59425,205.7189
1996-02-06,260.49905,261.59778,259.84372,260.52502,258.17404,255.22867
1996-02-07,207.03365,209.24759,209.1777,208.39223,207.75029,206.6083
1996-02-08,169.93181,171.79881,171.78998,172.77977,172.38387,171.56978
1996-02-09,218.66318,221.01816,220.95909,218.6773,218.42513,217.63753
1996-02-10,178.49406,179.97157,179.48317,182.66785,181.7195,180.33691
1996-02-11,194.18787,194.89252,193.46872,200.27347,198.39162,196.04863
1996-02-12,234.15665,235.31508,233.90242,236.02606,234.13191,231.68663
1996-02-13,198.772,200.70381,200.4406,203.05984,202.50716,201.45804
1996-02-14,221.27441,222.13062,220.55872,225.4035,223.61447,221.29584
1996-02-15,262.8035,262.27087,258.87314,270.47424,267.01007,262.93454
1996-02-16,223.34564,225.17921,224.54814,226.08679,224.91151,223.18977
1996-02-17,187.4333,187.34032,185.19931,187.46191,185.16437,182.43867
1996-02-18,225.81454,226.69,225.08456,228.58293,227.13225,225.13101
1996-02-19,230.18367,228.96524,225.24489,232.59608,228.43935,223.7744
1996-02-20,281.26254,279.84988,275.37848,286.53268,282.03717,276.90115
1996-02-21,279.20572,278.8333,275.4101,282.13748,278.6592,274.52924
1996-02-22,211.32913,212.3296,211.0031,212.99966,211.58174,209.64566
1996-02-23,212.5277,214.14146,213.40608,214.21602,213.3384,211.92676
1996-02-24,219.63808,220.69043,219.32262,221.25182,219.6578,217.52448
1996-02-25,225.19038,224.68736,221.72409,229.48056,226.00655,222.00887
1996-02-26,242.74174,241.2944,237.20708,246.70033,242.34477,237.43726
1996-02-27,288.34882,289.0924,286.66455,291.95834,289.72797,286.78113
1996-02-28,322.20462,323.2476,320.74258,326.0556,323.47885,320.10095
1996-02-29,247.3394,251.21704,252.32599,245.15613,246.13275,246.44328
1996-03-01,247.99576,247.11127,243.51865,249.6479,245.94547,241.66176
1996-03-02,235.12244,237.45792,237.17867,238.94795,238.26283,236.95844
1996-03-03,227.13503,226.03325,222.45418,227.49565,223.62744,219.23625
1996-03-04,273.89896,275.40656,273.88364,275.37247,273.73523,271.39694
1996-03-05,201.47137,202.26562,200.83464,205.20538,203.35376,200.99133
1996-03-06,197.07771,198.0399,196.82175,200.73679,199.32124,197.39543
1996-03-07,253.04199,251.75613,247.70831,252.51146,248.47836,243.85008
1996-03-08,268.5541,269.36978,267.21957,273.325,270.8204,267.62802
1996-03-09,186.43973,187.96147,187.40848,188.54047,187.83762,186.63567
1996-03-10,204.2642,204.50307,202.49033,209.0805,206.75993,203.91782
1996-03-11,270.58252,270.7853,268.0061,277.48657,274.42358,270.6651
1996-03-12,231.31177,231.76776,229.66904,234.43134,231.84346,228.66553
1996-03-13,225.62836,225.30708,222.50526,228.34889,225.22986,221.54712
1996-03-14,250.45581,252.23131,251.21748,254.30553,252.64238,250.30757
1996-03-15,227.91867,228.51984,226.59816,228.797,226.75032,224.10924
1996-03-16,206.91908,208.06215,206.90387,206.3905,204.9328,202.92758
1996-03-17,212.56973,213.72623,212.51773,212.80598,211.2544,209.1368
1996-03-18,205.6326,206.9787,206.03204,208.98244,208.03218,206.51031
1996-03-19,235.40591,236.40631,234.78992,237.19138,235.46782,233.10754
1996-03-20,275.72842,276.3351,273.88495,279.05368,276.30988,272.8302
1996-03-21,236.77673,237.87006,236.32729,240.02768,238.35138,236.0231
1996-03-22,198.59714,198.9277,197.05637,201.2194,199.38481,197.01129
1996-03-23,271.4996,270.96844,267.44296,273.8844,270.4115,266.22476
1996-03-24,267.79175,267.90503,265.0524,269.5201,266.42538,262.61728
1996-03-25,310.54837,310.4057,306.82684,315.21863,311.46265,306.8716
1996-03-26,268.71173,270.08704,268.4608,271.4627,269.52344,266.83044
1996-03-27,217.14598,218.4887,217.4005,218.12137,216.85992,214.98285
1996-03-28,260.48322,259.85123,256.34247,262.6702,258.97797,254.59372
1996-03-29,254.13786,253.01237,249.08829,254.39067,250.27136,245.49196
1996-03-30,303.29184,302.76343,298.87885,308.0539,303.87827,298.87958
1996-03-31,295.34833,296.5331,294.41653,300.25507,298.2299,295.3483
1996-04-01,240.22551,241.14752,239.38377,244.21118,242.1505,239.40025
1996-04-02,279.54803,278.34744,274.06277,283.50064,278.93967,273.62827
1996-04-03,265.6008,267.98935,267.37964,268.02933,267.23636,265.64288
1996-04-04,246.91983,247.17612,244.681,252.16039,249.60245,246.33334
1996-04-05,215.77911,217.76442,217.31036,214.99976,214.63821,213.62181
1996-04-06,176.38135,176.78616,175.21956,177.32578,175.62198,173.41106
1996-04-07,248.5308,247.26576,243.25722,253.43488,249.19485,244.27245
1996-04-08,262.7838,263.04166,260.36642,263.07877,260.49344,257.1504
1996-04-09,280.67358,279.53998,275.30005,281.38272,276.99823,271.841
1996-04-10,302.39355,302.1401,298.51947,303.87424,300.34283,295.94247
1996-04-11,291.2022,290.99713,287.5475,294.78976,291.41006,287.18253
1996-04-12,259.92126,259.24902,255.68933,264.12555,260.52325,256.1728
1996-04-13,284.29413,283.741,280.025,290.731,287.12686,282.68637
1996-04-14,242.19095,244.17838,243.42087,248.43858,248.03436,246.84323
1996-04-15,250.85074,249.86104,246.08868,254.74608,250.88972,246.31252
1996-04-16,259.854,258.88446,255.03036,261.02475,257.60223,253.42429
1996-04-17,299.04922,298.26556,294.1545,300.88702,296.91574,292.0709
1996-04-18,271.43204,273.1428,271.78296,272.1165,270.17368,267.39456
1996-04-19,207.61465,209.16454,208.35995,208.42288,207.62445,206.16501
1996-04-20,263.6068,263.118,259.6895,268.61273,265.36526,261.32098
1996-04-21,320.12238,320.55515,317.39584,329.22446,326.2046,322.1793
1996-04-22,306.13025,306.33572,303.1095,310.3202,307.16977,303.07623
1996-04-23,298.83548,299.74014,297.27942,303.1754,300.68164,297.2477
1996-04-24,323.6247,322.42148,317.61856,329.10895,324.37192,318.6647
1996-04-25,256.5744,257.8329,256.19046,260.83752,259.16568,256.66693
1996-04-26,235.321,236.2478,234.51826,238.76152,237.01831,234.52144
1996-04-27,288.68,286.58057,281.29028,288.86063,283.39505,277.1043
1996-04-28,297.48428,298.78763,296.72897,305.40308,303.45068,300.5209
1996-04-29,266.2252,265.77304,262.3461,271.38495,268.04712,263.8811
1996-04-30,325.67975,325.82535,322.31662,328.0075,324.6152,320.2017
1996-05-01,268.50128,268.85538,266.1914,274.35046,271.83163,268.44772
1996-05-02,239.41957,240.61497,239.10025,243.3709,242.09755,240.02899
1996-05-03,235.20764,235.83647,233.81432,235.44489,233.55399,230.90952
1996-05-04,234.61653,234.58061,231.91452,237.23155,234.77303,231.5682
1996-05-05,272.65573,273.08908,270.45566,272.54422,270.24368,267.06958
1996-05-06,236.32803,236.56572,234.1482,237.39539,235.27132,232.38776
1996-05-07,293.93982,294.7342,292.21533,297.98712,295.4697,291.9928
1996-05-08,248.38031,248.56853,245.96773,249.85905,247.46613,244.27458
1996-05-09,268.37692,267.64334,263.91672,265.48715,262.0318,257.75092
1996-05-10,256.5694,256.18362,252.92996,255.69038,252.93762,249.37259
1996-05-11,251.86339,251.85709,249.0277,253.92545,251.10808,247.4848
1996-05-12,280.06622,278.35434,273.5409,286.59094,281.87933,276.298
1996-05-13,344.5748,342.6698,336.94513,349.82742,344.23898,337.58264
1996-05-14,341.0776,341.55457,338.19974,347.05798,343.85437,339.52612
1996-05-15,252.94516,254.51295,253.21304,256.6546,255.56741,253.61255
1996-05-16,256.72543,257.15558,254.7011,261.08102,258.79388,255.65494
1996-05-17,271.9992,271.17126,267.3159,273.70898,270.1898,265.8069
1996-05-18,334.7968,332.4962,326.4982,336.95258,331.08865,324.20163
1996-05-19,338.05896,338.09076,334.33853,342.4026,338.59552,333.68915
1996-05-20,287.03976,287.3974,284.53574,288.04803,285.45248,281.91464
1996-05-21,270.9981,272.05734,270.0623,273.54446,271.60507,268.75574
1996-05-22,260.3028,261.0118,258.79477,264.68146,262.61627,259.67493
1996-05-23,278.24567,279.09634,276.81833,282.9468,280.92575,277.96228
1996-05-24,309.94702,308.84198,304.29807,314.33447,309.9603,304.5962
1996-05-25,365.57422,363.99078,358.35892,374.1913,368.69742,362.03204
1996-05-26,370.41336,370.28278,366.0194,380.62128,376.76654,371.67245
1996-05-27,371.61685,369.6705,363.61945,376.5645,370.67587,363.6168
1996-05-28,363.4093,361.4446,355.46884,367.41937,361.3515,354.14972
1996-05-29,339.32834,340.27756,337.42184,346.3856,343.80264,340.06525
1996-05-30,324.0001,324.95398,322.2753,333.8073,331.16574,327.41544
1996-05-31,312.52463,312.61856,309.22827,316.55484,312.7237,307.87683
1996-06-01,284.3764,283.9404,280.3469,285.9525,282.6313,278.38858
1996-06-02,323.89297,322.12305,316.78653,325.48514,320.48392,314.4667
1996-06-03,357.22787,355.79562,350.4201,360.94366,355.77628,349.47186
1996-06-04,345.8624,344.03693,338.4052,349.39636,344.10184,337.71454
1996-06-05,320.9654,320.29495,316.07147,325.19998,321.54547,316.8395
1996-06-06,309.45892,309.0468,305.20566,318.32773,314.8999,310.43896
1996-06-07,288.53088,287.1624,282.61996,294.26248,289.85132,284.51883
1996-06-08,313.2974,310.03876,303.37424,318.44675,311.79605,304.19904
1996-06-09,333.05865,333.65186,330.53748,339.10785,336.0485,331.87335
1996-06-10,298.86844,299.1269,296.06604,304.77933,302.3603,298.92984
1996-06-11,323.57965,322.6701,318.1948,333.6277,328.93805,323.1965
1996-06-12,309.22525,308.81464,304.98816,313.15726,309.57953,304.9927
1996-06-13,326.91205,326.42715,322.33408,331.8317,327.79846,322.7029
1996-06-14,363.13898,363.42535,359.68793,367.02417,363.14136,358.0687
1996-06-15,366.68723,366.92938,363.11163,373.09204,369.37253,364.43805
1996-06-16,335.3874,335.42444,331.75424,340.51367,337.09894,332.57645
1996-06-17,372.35532,371.55136,366.6522,379.45425,374.77734,368.8901
1996-06-18,365.80157,366.20172,362.5551,370.69617,367.31744,362.72525
1996-06-19,313.62543,312.78806,308.5087,317.70923,313.5956,308.47525
1996-06-20,336.9706,336.50223,332.32834,342.775,338.41412,332.9657
1996-06-21,316.4866,317.08417,314.18094,321.29825,318.57675,314.80017
1996-06-22,325.0756,325.45993,322.2554,329.24533,326.21353,322.10794
1996-06-23,336.22137,335.98398,332.05057,340.61075,336.77805,331.8539
1996-06-24,349.91632,349.33936,344.92508,353.9255,349.7175,344.38226
1996-06-25,345.88776,344.8326,339.99692,349.516,344.74442,338.87704
1996-06-26,363.39548,362.55527,357.7395,371.75772,367.40457,361.8678
1996-06-27,342.7602,343.2546,339.97357,344.9822,342.26154,338.40857
1996-06-28,332.005,334.4324,333.163,330.55304,329.82486,327.963
1996-06-29,307.5027,305.5584,300.2822,311.38727,306.06573,299.79987
1996-06-30,366.81604,366.31656,361.8056,371.44296,367.25964,361.89383
1996-07-01,329.53235,330.55994,327.95407,332.1992,329.8805,326.46783
1996-07-02,320.74796,320.71695,317.1733,326.47684,322.99796,318.47668
1996-07-03,325.1481,324.31122,319.9328,327.97,324.05612,319.1073
1996-07-04,309.29672,309.73346,306.7768,312.9772,310.00195,306.02017
1996-07-05,321.93134,321.2688,317.09995,326.8399,322.5838,317.3079
1996-07-06,346.2288,344.03793,338.10968,353.33823,347.1679,339.9375
1996-07-07,354.55145,354.55585,350.6873,359.1614,355.52505,350.74347
1996-07-08,365.46677,364.9234,360.40158,369.41098,365.2044,359.8335
1996-07-09,376.45938,375.19907,369.85776,380.5481,375.34933,368.9753
1996-07-10,376.9485,375.67453,370.31662,379.8581,374.97067,368.90372
1996-07-11,379.88583,378.44608,372.89597,383.11664,377.97974,371.6601
1996-07-12,390.3146,390.67944,386.78445,396.01355,392.76016,388.23233
1996-07-13,385.8613,384.8423,379.6433,393.83942,388.7324,382.4082
1996-07-14,381.70215,381.27847,376.70987,388.30957,383.78418,378.04715
1996-07-15,375.18668,374.814,370.36832,380.61264,376.58185,371.35464
1996-07-16,376.17477,376.50336,372.73575,383.33466,380.0157,375.47427
1996-07-17,381.68866,380.9532,376.08597,388.58823,383.54327,377.30435
1996-07-18,375.86273,377.6701,375.35806,380.45956,379.17383,376.6265
1996-07-19,366.5462,367.6905,364.8325,372.00943,369.49512,365.78165
1996-07-20,343.90744,347.50052,347.28812,351.98145,352.30496,351.42603
1996-07-21,342.8551,343.792,340.99203,346.94144,344.54596,341.03687
1996-07-22,362.47607,364.4124,362.3806,368.74094,366.80923,363.68015
1996-07-23,355.1753,356.32303,353.60016,360.95697,358.42853,354.74625
1996-07-24,359.7141,360.35507,357.0888,365.42355,362.44986,358.32074
1996-07-25,336.73395,337.30792,334.2268,341.45978,338.68582,334.83386
1996-07-26,335.63675,336.0848,332.8941,341.09094,338.21054,334.25806
1996-07-27,362.4381,362.63916,358.91882,368.20462,364.6604,359.97208
1996-07-28,371.0924,371.71796,368.32205,378.6498,375.16205,370.49597
1996-07-29,345.75684,346.68457,343.86035,352.4062,349.67285,345.83185
1996-07-30,320.61963,321.4747,318.85257,324.11786,321.7438,318.34946
1996-07-31,347.56674,349.8918,348.42114,351.05173,349.7464,347.30618
1996-08-01,349.10788,348.26917,343.68433,356.08112,351.29422,345.44598
1996-08-02,354.59857,353.33093,348.26862,361.0846,356.10324,350.05115
1996-08-03,310.7674,311.25833,308.39316,313.51138,310.6785,306.8803
1996-08-04,331.58035,331.06287,326.98743,335.35724,331.33417,326.30576
1996-08-05,343.91797,343.73517,339.85684,348.38312,344.56534,339.69644
1996-08-06,364.32343,364.91385,361.57602,370.20297,366.8802,362.42462
1996-08-07,362.46814,363.08813,359.80148,368.18893,364.90985,360.50613
1996-08-08,358.86676,358.96005,355.19794,365.00787,361.25143,356.39532
1996-08-09,346.37848,346.4385,342.77997,349.68393,346.18167,341.62604
1996-08-10,339.49622,339.8229,336.50174,343.32904,340.1289,335.8912
1996-08-11,335.60663,335.5429,331.88272,339.73996,336.07553,331.39932
1996-08-12,337.01932,336.84155,333.05643,340.66675,336.99417,332.30957
1996-08-13,372.33182,371.92365,367.53662,378.18814,373.84476,368.3875
1996-08-14,380.65573,380.70734,376.68436,384.3012,380.7706,376.0894
1996-08-15,356.39432,356.58273,352.9557,357.5945,354.21835,349.77676
1996-08-16,332.8484,333.2426,330.07126,337.01193,333.9234,329.83127
1996-08-17,326.6033,326.89062,323.68332,327.91147,324.78278,320.6834
1996-08-18,340.28793,338.4391,332.99252,348.54065,343.1659,336.81226
1996-08-19,334.1792,334.5744,331.39624,342.1612,339.11456,335.05573
1996-08-20,341.32617,342.2095,339.43607,346.87027,344.18115,340.45935
1996-08-21,347.01523,348.03152,345.33014,353.4297,351.02637,347.56586
1996-08-22,354.12787,354.90704,351.89957,360.05112,357.14093,353.16827
1996-08-23,383.2497,382.6565,377.99478,389.58722,384.9078,379.11926
1996-08-24,374.97876,374.70505,370.44714,381.5383,377.19135,371.75592
1996-08-25,382.3445,384.2786,382.11148,388.7649,386.77795,383.62735
1996-08-26,390.0017,390.7461,387.33252,395.35562,392.42606,388.33865
1996-08-27,374.72067,376.7387,374.7401,378.94766,377.11276,374.14883
1996-08-28,355.64774,355.91833,352.40945,360.47113,356.8266,352.15668
1996-08-29,360.24646,360.66577,357.25644,364.87625,361.3612,356.80777
1996-08-30,390.5202,391.3374,388.00024,394.66705,391.5716,387.34033
1996-08-31,376.9088,377.11124,373.31708,383.55972,379.83643,375.02997
1996-09-01,335.585,336.2063,333.26352,340.59253,337.48184,333.4083
1996-09-02,321.74136,322.1575,319.16183,325.5231,322.3683,318.30087
1996-09-03,348.72113,347.74368,343.0961,354.03363,349.39694,343.7994
1996-09-04,355.47214,355.82382,352.41254,360.55362,357.96793,354.35803
1996-09-05,330.8379,330.60526,326.88254,334.21368,330.43723,325.74677
1996-09-06,357.3567,354.49637,347.91403,364.0652,357.29147,349.58698
1996-09-07,381.74112,381.12463,376.49185,389.12918,384.7587,379.3318
1996-09-08,377.05664,377.17255,373.31116,384.15607,380.8525,376.48706
1996-09-09,370.28732,371.62238,369.0328,375.68582,372.8901,369.05017
1996-09-10,338.8395,340.4271,338.41922,343.51892,341.5315,338.58023
1996-09-11,336.96326,337.48212,334.44565,341.99777,338.7438,334.5629
1996-09-12,353.29642,352.96588,348.92468,358.3975,354.15692,348.9676
1996-09-13,349.25165,349.47192,346.01688,355.08844,351.48834,346.93866
1996-09-14,330.6544,333.22305,332.27463,332.45532,331.63235,329.8673
1996-09-15,273.09726,275.8468,275.68286,274.22095,273.83118,272.66113
1996-09-16,304.1382,304.6271,301.9159,309.17615,306.49814,302.99356
1996-09-17,293.32037,294.60358,292.78882,296.81247,294.72824,291.84314
1996-09-18,312.45255,311.9907,308.2605,317.76416,313.7135,308.84885
1996-09-19,337.93692,337.5334,333.595,344.5124,340.38788,335.3788
1996-09-20,370.59412,369.6852,364.9094,378.49136,373.76675,368.07864
1996-09-21,377.22806,376.5527,371.93893,386.12198,381.24753,375.39557
1996-09-22,353.1129,353.40814,350.00375,358.6334,355.12015,350.68106
1996-09-23,360.21036,359.89856,355.82425,367.09882,362.73544,357.44485
1996-09-24,323.591,325.00232,323.00873,323.2017,321.7409,319.4164
1996-09-25,332.4422,331.18054,326.46454,338.09872,333.3646,327.79898
1996-09-26,363.48264,363.96762,360.64853,368.5258,365.41504,361.3585
1996-09-27,345.31534,346.63486,344.32886,349.81836,347.45422,344.1836
1996-09-28,350.88788,352.583,350.5904,355.2957,353.25073,350.2817
1996-09-29,284.57315,288.4059,289.2121,280.90884,281.39725,281.1141
1996-09-30,298.1958,300.01813,298.70328,298.18005,296.8192,294.68192
1996-10-01,327.78036,328.76248,326.31287,331.21158,328.463,324.8813
1996-10-02,348.41888,349.4582,346.85114,352.15915,349.20407,345.36746
1996-10-03,363.1657,364.30734,361.64865,369.17645,366.47513,362.84546
1996-10-04,360.9577,363.4924,362.23083,367.65985,366.41165,364.2133
1996-10-05,328.52728,333.86307,335.70126,332.64178,334.91922,336.2713
1996-10-06,319.7877,322.70288,322.24747,320.7162,320.4329,319.31125
1996-10-07,317.2137,319.62546,318.70166,315.31952,314.1687,312.2146
1996-10-08,309.3874,312.20123,311.7563,312.05118,311.476,310.09772
1996-10-09,298.02008,298.6858,296.242,303.00497,300.12418,296.51315
1996-10-10,272.79312,273.2069,270.77762,279.49207,276.28708,272.4221
1996-10-11,261.79044,263.07874,261.62692,265.30762,263.3652,260.77682
1996-10-12,268.61646,270.20215,268.9732,271.568,270.11224,267.9874
1996-10-13,283.47925,285.2106,283.9713,286.38858,284.8659,282.64008
1996-10-14,286.94098,288.9876,288.02386,286.81415,285.91315,284.2983
1996-10-15,282.28156,284.28873,283.33496,282.728,281.4184,279.41595
1996-10-16,307.85983,308.09134,305.12,310.08392,307.0856,303.36047
1996-10-17,292.3604,294.59137,293.75443,296.43256,295.54227,293.92154
1996-10-18,264.6143,265.29422,263.21518,267.99927,265.55225,262.47876
1996-10-19,232.18593,234.45998,234.29147,233.56,233.16873,232.20003
1996-10-20,240.51999,241.98729,240.93594,242.63844,241.14297,239.07047
1996-10-21,265.3019,267.27438,266.46432,263.66357,262.46674,260.6368
1996-10-22,256.9662,258.75928,257.85876,257.61414,256.0372,253.85149
1996-10-23,294.80276,300.17657,302.41833,293.18033,295.21936,296.4955
1996-10-24,277.69223,280.27505,279.9388,278.96387,278.2865,276.93466
1996-10-25,303.83313,303.67773,300.36545,303.1587,299.92023,295.99796
1996-10-26,325.3922,326.0482,323.31265,330.53287,327.54037,323.7946
1996-10-27,284.20355,284.75885,282.35168,294.49097,291.26178,287.37384
1996-10-28,263.73544,266.65295,266.79172,272.2152,272.21674,271.55576
1996-10-29,245.86115,247.28627,246.1364,246.33914,244.99115,243.07034
1996-10-30,251.39438,251.76006,249.50548,256.48346,253.47308,249.89748
1996-10-31,281.35925,281.46002,278.63126,292.61615,289.941,286.60883
1996-11-01,243.86708,246.87787,247.31425,251.55217,251.98434,251.8031
1996-11-02,225.94261,226.60869,224.9142,228.5837,226.33398,223.57654
1996-11-03,268.87082,268.74774,265.82562,274.581,271.19855,267.22003
1996-11-04,256.9529,257.26083,254.88814,264.9482,262.58133,259.6244
1996-11-05,240.89418,242.7575,242.08868,248.16731,247.45258,246.15927
1996-11-06,239.27905,239.29904,236.82437,234.49704,232.01807,229.02615
1996-11-07,241.58626,242.89128,241.66197,246.97284,245.08408,242.64325
1996-11-08,266.0564,265.8088,262.7886,276.65424,273.593,269.93164
1996-11-09,279.7398,280.6972,278.7245,289.1925,286.96567,284.09537
1996-11-10,249.22093,251.38739,250.9276,254.42755,253.8211,252.62556
1996-11-11,224.79018,226.21793,225.28198,228.26425,226.80156,224.82767
1996-11-12,232.44528,234.54488,234.19247,234.08946,233.4946,232.36043
1996-11-13,288.66534,289.78882,287.8827,289.58896,287.8374,285.43787
1996-11-14,326.39767,327.80505,325.78387,331.39948,328.99725,325.86176
1996-11-15,235.79587,237.55592,236.82991,241.41922,240.12886,238.29709
1996-11-16,217.1132,219.36601,219.3218,222.05609,221.82338,221.0766
1996-11-17,248.48637,248.9116,246.73042,250.56335,248.06133,245.0196
1996-11-18,301.7477,304.23227,303.52884,304.6962,303.7979,302.2066
1996-11-19,216.53479,218.3797,217.93524,221.27626,220.22862,218.68533
1996-11-20,206.71393,207.83768,206.78177,213.48009,212.35591,210.75615
1996-11-21,220.41508,221.20023,219.66463,224.95514,223.55164,221.6514
1996-11-22,190.52936,192.25334,191.95903,193.23558,192.71484,191.75595
1996-11-23,237.71443,238.11104,236.00716,239.61563,237.10101,234.07639
1996-11-24,238.94107,239.63655,237.81415,245.02293,243.0395,240.52483
1996-11-25,226.45535,227.32263,225.80019,232.20195,230.51294,228.31769
1996-11-26,219.93106,220.48178,218.71352,223.77602,221.43958,218.62804
1996-11-27,250.5695,251.05057,248.8897,254.74022,252.32838,249.37189
1996-11-28,267.30893,266.56836,263.02106,269.70917,266.2246,262.18005
1996-11-29,294.2265,294.42725,291.5262,295.89365,292.76746,289.01526
1996-11-30,228.57123,232.32722,233.63463,231.21931,232.04169,232.31865
1996-12-01,217.06935,217.14214,214.92479,221.15627,218.86588,216.10744
1996-12-02,217.4814,218.04074,216.29926,222.17517,220.28418,217.9162
1996-12-03,267.5447,268.79596,267.20932,266.67685,264.8861,262.51486
1996-12-04,253.32034,256.71942,257.40707,255.91331,256.50345,256.49692
1996-12-05,229.32625,232.74342,233.70117,229.5236,230.39276,230.7211
1996-12-06,243.37585,245.31963,244.66924,240.49292,239.79807,238.56447
1996-12-07,203.5296,205.37889,205.05519,204.6753,204.00911,202.88591
1996-12-08,220.82666,220.80861,218.45235,229.35117,227.12216,224.40674
1996-12-09,225.65768,225.90665,223.76208,232.89128,230.47113,227.55986
1996-12-10,203.40688,205.98836,206.38698,210.24223,210.25179,209.78023
1996-12-11,216.69495,217.95459,216.90268,226.79808,224.95494,222.62482
1996-12-12,215.29439,217.3241,217.0479,219.2698,218.567,217.37483
1996-12-13,229.94058,230.48988,228.59148,232.23732,229.9473,227.16559
1996-12-14,195.68086,197.82317,197.8642,201.40689,200.95729,200.0548
1996-12-15,203.15231,204.63783,203.9481,200.74088,199.98552,198.78403
1996-12-16,229.55515,234.24141,236.43782,229.24342,231.19798,232.59447
1996-12-17,205.8355,206.52519,205.01657,213.14859,210.9706,208.34242
1996-12-18,213.43793,215.21347,214.69746,217.29433,216.82147,215.8595
1996-12-19,215.80212,216.34694,214.5861,221.34134,219.31,216.80698
1996-12-20,196.76456,197.60103,196.33058,201.06818,199.22615,196.95544
1996-12-21,230.24222,231.32959,229.94902,229.11781,227.40486,225.19658
1996-12-22,244.79393,245.75568,244.09398,248.35028,246.01935,243.15947
1996-12-23,249.34932,250.1289,248.2366,250.46837,248.53995,246.07053
1996-12-24,213.67746,214.31038,212.6527,217.50348,215.92056,213.86601
1996-12-25,196.86555,198.19102,197.39745,200.9511,200.3588,199.3155
1996-12-26,211.7851,212.79054,211.51923,210.32455,208.5598,206.34247
1996-12-27,185.895,186.51567,185.13942,188.92537,187.4278,185.52191
1996-12-28,224.57356,224.96873,222.95364,229.82285,227.45328,224.59615
1996-12-29,216.52502,216.65369,214.45972,218.07129,216.2208,213.90044
1996-12-30,254.87837,255.10558,252.59644,254.44644,251.41328,247.84659
1996-12-31,220.6167,222.63957,222.2742,221.8644,221.0607,219.75949
1997-01-01,272.89963,272.8507,269.87155,276.47842,273.22614,269.39227
1997-01-02,311.40628,311.8083,308.86017,316.06763,312.78397,308.82733
1997-01-03,273.88803,275.45523,274.06207,281.06018,279.38254,277.0843
1997-01-04,262.40384,263.3703,261.50446,263.1749,261.54028,259.32507
1997-01-05,238.60027,241.47417,241.75104,241.70686,241.78873,241.3092
1997-01-06,186.09068,187.52138,186.93375,187.60515,186.49805,184.97516
1997-01-07,203.66948,205.33133,204.78204,209.60104,208.5077,206.9468
1997-01-08,241.2938,242.55034,241.1932,242.5966,240.77988,238.43094
1997-01-09,265.8287,264.05838,259.43933,277.6145,272.48276,266.79462
1997-01-10,303.6378,303.66656,300.41882,307.58096,303.97964,299.72458
1997-01-11,297.94717,298.56256,295.95523,303.45682,300.46426,296.8161
1997-01-12,249.86903,250.87144,249.16486,253.06363,251.276,248.92842
1997-01-13,321.95215,324.12097,322.7886,327.697,326.26392,324.0892
1997-01-14,216.65697,218.75746,218.49405,215.56064,214.86932,213.68501
1997-01-15,262.33334,263.20868,261.23773,262.88586,261.11017,258.7488
1997-01-16,267.96262,268.74677,266.62332,271.27594,268.6454,265.42377
1997-01-17,216.18283,217.70274,216.86658,220.66069,219.5468,217.93314
1997-01-18,260.18213,260.59903,258.19385,263.15057,260.3065,256.89246
1997-01-19,205.9522,207.68459,207.16737,209.69786,208.70387,207.23224
1997-01-20,169.34682,170.77602,170.35458,173.52284,172.74022,171.561
1997-01-21,165.11462,166.78745,166.65215,171.05118,170.82455,170.19652
1997-01-22,171.21771,172.76262,172.43375,170.35564,170.10794,169.46019
1997-01-23,205.73573,207.94745,207.90283,200.60687,200.37506,199.67023
1997-01-24,244.94228,246.36833,245.11993,245.84859,244.33293,242.25871
1997-01-25,205.09279,205.92245,204.51582,209.4454,207.57031,205.22906
1997-01-26,195.49336,196.39108,195.15523,199.60228,198.00575,195.96065
1997-01-27,211.76999,212.09929,210.12355,217.84721,215.50656,212.68625
1997-01-28,206.48529,208.18102,207.61325,209.57973,208.61183,207.15816
1997-01-29,211.42952,212.80515,211.86621,212.57458,211.47583,209.88548
1997-01-30,249.86885,251.94742,251.28452,251.69633,250.64018,248.99623
1997-01-31,214.12852,215.071,213.6727,215.46956,213.6945,211.43132
1997-02-01,214.4752,215.23659,213.65468,215.21559,213.33298,210.96379
1997-02-02,246.97627,249.45573,249.21764,250.35458,249.87225,248.7909
1997-02-03,246.86092,245.82115,242.10445,251.3126,246.97116,242.099
1997-02-04,236.18633,237.68265,236.5883,234.28696,233.00856,231.1825
1997-02-05,215.36243,215.82745,213.93997,215.30945,213.11673,210.43867
1997-02-06,226.71494,228.07835,226.95424,227.53537,226.28224,224.49492
1997-02-07,246.54097,247.01604,244.79706,247.90138,245.29955,242.13771
1997-02-08,254.78563,256.6814,255.7755,257.93716,256.50586,254.46626
1997-02-09,202.35463,203.9842,203.3864,204.13559,202.95892,201.30048
1997-02-10,231.12434,232.32011,230.97899,240.16956,238.34848,235.96748
1997-02-11,241.29475,240.93353,237.94269,248.8837,245.65706,241.87448
1997-02-12,208.26549,209.15352,207.7565,210.93387,209.45903,207.48743
1997-02-13,199.79959,200.5913,199.1909,201.43655,200.01155,198.11115
1997-02-14,273.09122,273.82376,271.56363,278.62912,275.9749,272.67474
1997-02-15,274.87872,275.2571,272.62692,281.48907,278.4134,274.69098
1997-02-16,248.48216,248.37244,245.5481,258.9781,255.46365,251.36609
1997-02-17,245.71028,245.94783,243.4959,252.7069,249.9989,246.70598
1997-02-18,203.93637,205.4624,204.73834,207.23114,206.16571,204.59619
1997-02-19,206.14137,207.01184,205.61597,203.56625,202.13635,200.21745
1997-02-20,279.70514,281.13544,279.48645,281.63882,279.72714,277.13544
1997-02-21,209.3259,210.71579,209.79614,213.29178,211.99442,210.1774
1997-02-22,180.25813,181.60127,180.95297,184.75085,183.92726,182.64597
1997-02-23,193.29044,194.30675,193.19269,197.66573,196.05109,193.96011
1997-02-24,201.63153,202.04964,200.2535,207.26424,204.95012,202.14767
1997-02-25,238.94319,239.89839,238.22249,240.75804,238.93008,236.5152
1997-02-26,252.89444,255.7271,255.74866,252.14928,252.4514,252.09064
1997-02-27,233.02579,232.96841,230.35738,238.5429,235.55464,232.00539
1997-02-28,208.29114,208.55365,206.52844,210.93854,208.60194,205.76111
1997-03-01,214.89282,215.58014,213.90053,206.68051,205.03935,202.88869
1997-03-02,214.50049,214.4637,212.07397,211.7957,209.2538,206.20609
1997-03-03,287.47083,287.00934,283.39963,290.38364,286.3823,281.69586
1997-03-04,306.96802,307.10144,303.8628,310.89963,307.4631,303.27225
1997-03-05,241.79446,242.03337,239.61331,243.47675,240.85304,237.63484
1997-03-06,305.92673,304.72543,300.18143,313.28232,308.51956,303.019
1997-03-07,293.27002,294.8892,293.26096,297.0631,295.22256,292.62137
1997-03-08,247.61723,247.90347,245.46326,248.69142,246.23239,243.15405
1997-03-09,316.4799,316.39963,312.84033,321.4325,317.8109,313.3954
1997-03-10,246.0922,247.42365,246.02715,249.68602,248.32722,246.31691
1997-03-11,273.7671,273.01855,269.26917,280.89474,276.93634,272.29596
1997-03-12,319.2976,320.0669,317.3089,324.82462,321.9624,318.2699
1997-03-13,237.1594,238.02069,236.25636,243.62474,241.71729,239.17908
1997-03-14,225.66647,226.4053,224.64601,227.67418,225.84035,223.41562
1997-03-15,249.98442,251.23653,249.71303,253.32114,251.67395,249.35747
1997-03-16,284.90775,286.7277,285.37637,285.7472,284.41675,282.31595
1997-03-17,243.55865,245.34528,244.41573,250.91273,249.78304,247.9729
1997-03-18,280.43286,279.98666,276.45346,278.3393,274.60886,270.1774
1997-03-19,306.06387,306.41284,303.37717,310.25742,307.00772,302.95197
1997-03-20,269.6479,270.90244,269.15765,274.59927,272.65887,269.98004
1997-03-21,202.61572,204.08101,203.28252,204.97993,204.17117,202.79364
1997-03-22,253.21904,251.76863,247.54436,251.68031,247.53491,242.76208
1997-03-23,254.98004,254.84378,251.89021,254.10158,251.23837,247.70758
1997-03-24,227.39355,227.76398,225.6122,230.4335,228.17952,225.30914
1997-03-25,295.44818,295.5537,292.38733,297.39203,294.1542,290.12497
1997-03-26,272.41022,272.194,268.96527,278.10483,274.40393,269.97562
1997-03-27,202.5004,203.62558,202.48723,204.79567,203.57462,201.77911
1997-03-28,246.47878,246.38539,243.56197,250.34875,247.48067,243.94035
1997-03-29,298.7443,299.71286,297.35126,300.37152,298.20734,295.20172
1997-03-30,280.0023,281.16077,279.19186,279.45795,277.3967,274.5501
1997-03-31,211.0885,211.97272,210.4979,212.48804,210.88512,208.68309
1997-04-01,218.08897,218.54063,216.56244,220.98996,218.86891,216.13307
1997-04-02,235.24055,234.26538,230.69533,234.93413,231.1971,226.84006
1997-04-03,260.72095,261.25183,258.8752,263.42917,260.8836,257.5988
1997-04-04,221.47786,224.15724,224.32338,225.39104,225.41417,224.74696
1997-04-05,182.58665,182.78075,180.9402,182.67715,180.80443,178.41698
1997-04-06,193.56532,192.32033,188.94519,195.93175,192.35068,188.25447
1997-04-07,234.89859,234.31831,231.13412,235.14526,232.0395,228.2826
1997-04-08,279.72665,277.01456,271.2396,280.13956,274.16995,267.47845
1997-04-09,229.41058,230.02385,228.06894,231.31125,229.36519,226.74464
1997-04-10,241.48904,241.77861,239.37065,246.11299,243.75041,240.67447
1997-04-11,283.26337,283.14108,279.86237,290.77042,287.36157,283.12195
1997-04-12,255.61343,256.50012,254.51756,259.78534,258.0511,255.53778
1997-04-13,278.99777,277.80124,273.51486,285.82056,281.28915,275.9644
1997-04-14,305.6566,305.7244,302.37836,311.17093,307.80847,303.53802
1997-04-15,321.4867,321.62128,318.16263,327.09818,323.68973,319.31964
1997-04-16,339.94586,340.62454,337.49142,345.77377,342.89716,338.98096
1997-04-17,315.31644,316.08612,313.31607,318.09296,315.64362,312.22894
1997-04-18,220.11397,220.96198,219.33182,222.25447,220.5804,218.22823
1997-04-19,269.9854,269.45987,265.92572,273.2605,269.49896,264.94495
1997-04-20,315.5453,315.50198,311.9296,319.0308,315.5398,311.0964
1997-04-21,288.2039,289.21353,286.97733,286.88586,284.88754,281.99957
1997-04-22,253.73128,254.4901,252.39319,257.42578,255.38902,252.55754
1997-04-23,223.76265,224.55843,222.83243,225.81194,224.2214,221.92606
1997-04-24,235.16203,235.12273,232.45076,236.45192,233.8881,230.60744
1997-04-25,313.2644,312.5339,308.30988,315.78598,311.60785,306.489
1997-04-26,309.19894,308.41183,304.1773,311.53094,307.23718,302.01685
1997-04-27,292.98193,291.543,286.85147,293.32175,288.42798,282.6815
1997-04-28,286.61523,287.12482,284.41156,292.46982,289.90155,286.41876
1997-04-29,286.74957,286.5734,283.18683,290.84244,287.71872,283.6979
1997-04-30,261.83133,257.4101,250.14774,268.14758,261.06958,253.2743
1997-05-01,282.5414,280.04233,274.42896,285.38705,280.07733,273.94226
1997-05-02,343.13412,342.98975,339.0012,347.21155,343.52283,338.75278
1997-05-03,324.1738,326.37027,324.88477,328.16183,326.96756,324.68698
1997-05-04,303.37402,308.32336,309.76465,307.83194,309.61975,310.30777
1997-05-05,263.9284,263.72794,260.57214,270.2568,266.85876,262.62665
1997-05-06,268.99512,270.04382,268.05353,273.9028,272.02097,269.24957
1997-05-07,262.4132,262.67422,259.98706,263.66043,261.17914,257.85767
1997-05-08,301.8689,301.2887,297.33612,305.24606,301.6303,297.0597
1997-05-09,317.58896,315.4971,309.88965,320.7483,315.124,308.5435
1997-05-10,326.38257,326.16513,322.29318,330.8368,327.00912,322.13974
1997-05-11,291.4808,290.89902,287.06226,291.83987,288.12753,283.5035
1997-05-12,291.59937,291.56308,288.25894,297.0805,294.70197,291.35577
1997-05-13,309.3759,307.4297,302.05853,313.43417,307.69,301.01065
1997-05-14,336.65002,336.76944,333.11374,341.1952,337.8309,333.36853
1997-05-15,314.13858,314.6454,311.62152,319.36273,316.68152,312.95816
1997-05-16,259.02197,259.82132,257.70166,262.75977,260.76685,257.9095
1997-05-17,262.93518,263.73703,261.57657,266.7938,264.83716,261.99973
1997-05-18,297.80185,298.30185,295.45645,304.45596,301.86014,298.26773
1997-05-19,337.24976,337.18912,333.3546,343.0532,339.33597,334.51605
1997-05-20,321.15186,323.54556,322.29266,324.0134,323.01035,320.89655
1997-05-21,323.6014,321.08392,315.00125,326.81253,321.09326,314.38022
1997-05-22,312.4346,311.58548,307.26047,315.76678,312.2122,307.6429
1997-05-23,318.2986,315.35916,308.92532,323.7577,317.47504,310.22263
1997-05-24,354.51395,353.844,349.22623,359.43365,355.15018,349.71603
1997-05-25,312.34363,315.15842,314.42142,310.93674,310.87256,309.7135
1997-05-26,294.75732,295.13736,292.21674,297.9826,295.04428,291.1341
1997-05-27,315.627,315.39395,311.642,320.36423,316.86255,312.3247
1997-05-28,315.0244,315.3483,312.14914,318.31827,315.51553,311.66434
1997-05-29,315.9916,315.89606,312.27728,320.07855,316.61984,312.1238
1997-05-30,339.1855,338.8309,334.7016,344.33905,340.65518,335.85394
1997-05-31,375.62805,373.98117,368.18338,383.90222,378.22205,371.33832
1997-06-01,363.84695,363.13248,358.37976,368.6548,364.05475,358.27563
1997-06-02,337.0901,337.69,334.52258,339.60672,336.66492,332.60162
1997-06-03,333.21,332.75497,328.6008,338.23682,334.1905,329.05725
1997-06-04,359.64484,358.79575,353.9637,366.9481,362.4148,356.706
1997-06-05,362.74152,364.9227,363.02194,366.25397,364.97058,362.42642
1997-06-06,319.94836,323.21497,322.85342,319.97946,319.73907,318.37354
1997-06-07,324.83487,325.34543,322.2359,329.28522,326.30383,322.2386
1997-06-08,361.06848,361.97113,358.84454,364.8435,361.92612,357.7976
1997-06-09,365.84576,365.9352,361.9622,369.27267,365.5855,360.6926
1997-06-10,361.42255,360.86743,356.31525,367.23267,362.86456,357.31653
1997-06-11,362.33502,363.40955,360.44327,364.20563,361.87018,358.31116
1997-06-12,371.22473,371.17175,367.0063,376.99033,373.05984,367.90393
1997-06-13,366.9503,366.6058,362.20474,373.33737,369.52097,364.4895
1997-06-14,368.1143,368.52847,364.85873,373.9723,370.84103,366.47458
1997-06-15,359.3458,360.18414,357.02866,365.16403,362.33124,358.28696
1997-06-16,333.04092,333.4074,330.08337,336.68695,333.48474,329.18198
1997-06-17,306.09445,307.91452,306.31223,314.1153,312.97516,310.75937
1997-06-18,318.3007,317.51538,313.2315,320.05328,316.15866,311.24185
1997-06-19,338.5965,340.4948,338.6141,341.46042,339.96524,337.3091
1997-06-20,317.4145,317.74484,314.566,321.12106,318.09775,314.02658
1997-06-21,340.67984,339.9054,335.39117,347.5299,343.2256,337.81558
1997-06-22,317.46585,317.71478,314.45963,321.94833,318.88513,314.77368
1997-06-23,346.992,347.2748,343.72964,350.59558,347.3209,342.90405
1997-06-24,353.5178,355.2761,353.10483,360.14325,358.96548,356.5572
1997-06-25,346.67883,347.97498,345.42902,348.30475,346.49417,343.51236
1997-06-26,332.84485,333.07034,329.631,337.62015,334.4658,330.21426
1997-06-27,329.271,329.3683,325.84485,334.0253,330.63257,326.16263
1997-06-28,320.78384,321.1103,317.90634,323.12772,320.108,316.0402
1997-06-29,329.6267,329.2711,325.30463,333.21558,329.24564,324.21854
1997-06-30,355.04953,354.857,350.77332,360.92572,356.9699,351.8611
1997-07-01,339.4006,339.18887,335.2601,341.28165,337.46268,332.55664
1997-07-02,355.26904,354.70667,350.26285,359.72955,355.46103,350.0542
1997-07-03,361.48248,360.94113,356.4519,367.85513,363.39273,357.77014
1997-07-04,328.82404,330.16037,327.86844,333.11505,331.56125,328.89246
1997-07-05,295.95697,296.4797,293.75317,301.36066,298.7516,295.16656
1997-07-06,333.40518,333.0721,329.10028,340.51868,336.69434,331.7915
1997-07-07,383.4428,381.6839,375.7717,391.69653,385.66174,378.43073
1997-07-08,376.9797,377.36658,373.62738,383.20575,380.09167,375.73557
1997-07-09,349.90695,354.6242,355.4212,352.97052,354.1873,354.15454
1997-07-10,337.33032,340.2363,339.39984,341.99924,341.40952,339.65686
1997-07-11,340.65073,342.03067,339.66635,342.7649,341.06396,338.22787
1997-07-12,354.50754,354.57947,350.7857,356.0676,353.14658,349.07797
1997-07-13,357.01288,356.43292,351.97592,363.32184,359.05563,353.6536
1997-07-14,376.01865,377.41522,374.6882,382.30298,380.2201,376.88098
1997-07-15,378.7204,378.6119,374.3843,382.1079,378.36038,373.40228
1997-07-16,388.9026,389.18274,385.22708,397.79028,394.03317,389.0138
1997-07-17,364.53653,367.4342,366.30826,370.9558,370.25717,368.31052
1997-07-18,358.20898,361.35492,360.54303,362.5166,361.94495,360.15256
1997-07-19,374.3621,376.12723,373.79016,378.12488,375.8793,372.4049
1997-07-20,384.26233,385.01532,381.58185,389.61423,386.95197,383.03452
1997-07-21,381.83963,382.32257,378.6532,387.27856,384.19794,379.88278
1997-07-22,361.1131,361.34885,357.6644,367.12222,363.6804,359.08347
1997-07-23,356.78262,357.3596,354.0582,361.76608,359.2522,355.5794
1997-07-24,312.88626,315.04874,313.77756,314.6424,313.58997,311.5023
1997-07-25,312.99545,312.83722,309.29404,318.77393,315.18045,310.60458
1997-07-26,361.98813,361.45004,357.00653,369.95218,365.73074,360.37244
1997-07-27,378.54886,377.04703,371.48254,385.34055,379.91846,373.34058
1997-07-28,379.31195,379.17093,374.93317,386.42575,382.495,377.3689
1997-07-29,371.32486,373.30292,371.22934,375.75272,374.31113,371.64886
1997-07-30,340.75906,341.36264,338.2748,344.9383,342.07196,338.1263
1997-07-31,344.67593,344.9249,341.44943,348.88455,345.50955,341.0571
1997-08-01,356.4583,356.55542,352.80606,361.6634,358.0644,353.3532
1997-08-02,375.49036,374.51785,369.51755,380.58536,375.723,369.7199
1997-08-03,378.37427,378.32404,374.19843,383.3524,379.3052,374.0899
1997-08-04,347.52374,346.11728,340.99713,351.00742,346.2149,340.38245
1997-08-05,365.15244,364.03564,359.01163,368.95047,364.29144,358.53223
1997-08-06,386.5344,385.90073,381.1222,392.16522,387.48618,381.63354
1997-08-07,362.91336,362.95718,359.09885,368.10934,364.40143,359.57727
1997-08-08,369.00504,369.29474,365.61404,375.98108,372.43613,367.74768
1997-08-09,364.17105,363.7174,359.3622,370.601,366.30832,360.91098
1997-08-10,353.14944,354.80023,352.62833,356.91373,355.60004,353.15497
1997-08-11,291.2898,292.24182,290.0507,295.37967,293.3727,290.45462
1997-08-12,293.9572,294.94202,292.75623,298.06644,295.8985,292.81693
1997-08-13,355.6109,355.38312,351.34985,362.9905,359.5891,355.09674
1997-08-14,346.4487,346.64514,343.12805,352.2803,348.8943,344.45444
1997-08-15,321.72278,324.6922,324.16083,324.17276,324.023,322.83316
1997-08-16,313.81943,313.77756,310.38007,317.18652,313.6896,309.25992
1997-08-17,341.50455,340.27576,335.42026,346.7914,341.88098,335.98016
1997-08-18,360.83,362.13843,359.56693,364.97678,362.80103,359.51297
1997-08-19,297.52997,298.6139,296.50037,300.83215,298.78357,295.82706
1997-08-20,320.28113,318.3408,313.02005,325.56052,320.056,313.65167
1997-08-21,344.19186,342.73508,337.63553,351.6083,346.42535,340.25513
1997-08-22,342.95694,341.99023,337.38672,350.18622,345.2773,339.382
1997-08-23,349.0311,348.75308,344.76263,352.3264,348.69992,344.05255
1997-08-24,372.49622,371.24472,366.0515,376.99722,371.94406,365.8302
1997-08-25,365.79343,368.3985,367.06323,370.78964,369.59122,367.26254
1997-08-26,302.3816,303.26233,300.91165,306.1199,303.76334,300.50943
1997-08-27,318.9157,319.45068,316.58704,321.98483,319.02924,315.14423
1997-08-28,361.70325,361.8184,358.09033,365.86542,362.03735,357.16806
1997-08-29,383.76834,384.3383,380.82483,388.75027,385.24487,380.62354
1997-08-30,379.12048,380.11945,377.07898,385.4274,382.28384,378.03
1997-08-31,341.41696,342.45837,339.8618,345.44556,342.86935,339.29584
1997-09-01,343.45572,342.96008,338.83493,347.58002,343.33215,338.12326
1997-09-02,367.21896,365.87854,360.6744,374.26593,369.1164,362.9493
1997-09-03,348.65457,350.15463,347.93875,354.84592,352.8936,349.91183
1997-09-04,339.55594,339.3211,335.49985,343.24368,339.35858,334.52777
1997-09-05,359.7886,359.9554,356.31696,366.59546,362.8007,357.99152
1997-09-06,360.14856,360.9317,357.89728,366.90692,364.06223,360.1842
1997-09-07,367.06894,365.54703,360.1772,373.5143,368.5448,362.57498
1997-09-08,382.0954,381.752,377.38373,388.0863,383.76004,378.37933
1997-09-09,364.51282,364.00467,359.66226,367.7553,363.2353,357.7297
1997-09-10,275.12732,277.1377,276.21442,274.94284,273.85614,271.9835
1997-09-11,266.06216,267.76123,266.62936,268.77066,267.5567,265.5809
1997-09-12,300.96,301.3613,298.58823,301.219,298.41367,294.79056
1997-09-13,358.46588,360.13766,358.01056,361.9665,360.29675,357.61008
1997-09-14,376.0878,376.13858,372.23483,379.0543,375.2894,370.50912
1997-09-15,375.96317,376.3037,372.6883,380.08658,376.59305,372.07925
1997-09-16,365.43292,365.672,362.0696,366.51102,362.76538,358.04834
1997-09-17,382.632,381.98502,377.33282,387.54288,382.83035,377.1116
1997-09-18,376.16327,376.8277,373.53528,381.09647,377.78683,373.46283
1997-09-19,370.33542,371.73218,369.22342,374.19827,372.0102,368.80704
1997-09-20,372.68118,375.0085,373.39285,376.60934,375.55685,373.46204
1997-09-21,338.9234,343.04193,343.54456,343.01047,343.6305,343.27087
1997-09-22,288.60147,291.19775,290.73135,290.72537,289.86844,288.21463
1997-09-23,291.24973,291.58682,288.871,296.8808,293.76776,289.89267
1997-09-24,313.6152,313.02823,309.1704,322.27347,317.86462,312.65414
1997-09-25,328.6452,327.78796,323.5083,333.16476,328.5692,323.14926
1997-09-26,341.2961,342.42438,339.9688,344.53134,341.9368,338.4475
1997-09-27,334.21677,333.70355,329.70728,333.52798,329.59393,324.8276
1997-09-28,365.49817,365.5116,361.70874,370.25293,366.28284,361.38428
1997-09-29,354.14313,354.58722,351.32852,358.5966,355.29773,351.0921
1997-09-30,267.82114,270.55444,270.45248,268.00208,267.76245,266.80148
1997-10-01,261.42413,261.7695,259.38324,263.5508,260.86774,257.52917
1997-10-02,322.77713,323.344,320.53745,327.58603,324.73416,321.061
1997-10-03,269.57242,270.6359,268.87436,273.97736,272.1694,269.66553
1997-10-04,296.3801,298.54913,297.59863,303.60287,302.7374,301.08063
1997-10-05,338.326,337.88382,333.9242,343.6912,339.51392,334.50995
1997-10-06,329.16174,329.74036,326.88318,333.0474,329.9851,326.1049
1997-10-07,289.1455,289.44623,286.7327,286.94687,284.0506,280.4578
1997-10-08,295.6464,295.8487,292.97122,300.1555,297.01718,293.15533
1997-10-09,361.9233,360.55807,355.4463,371.96735,366.83273,360.83014
1997-10-10,337.46722,336.58673,332.20786,343.50626,339.16153,334.0105
1997-10-11,297.52942,297.07022,293.52277,295.71106,292.4288,288.44598
1997-10-12,341.39294,339.44626,333.9761,344.761,339.09543,332.65268
1997-10-13,325.9767,327.09912,324.81683,330.20493,327.8286,324.6506
1997-10-14,252.53342,253.60756,252.0417,252.30315,250.6307,248.34528
1997-10-15,250.55106,251.48553,249.80287,253.23552,251.36777,248.89075
1997-10-16,307.43997,307.05652,303.48254,309.93942,306.0697,301.48785
1997-10-17,334.44144,335.4697,333.00824,338.82736,336.21613,332.79782
1997-10-18,273.18536,274.86453,273.68237,277.01,275.3114,272.94696
1997-10-19,290.0115,290.1632,287.29883,292.47968,289.25632,285.3599
1997-10-20,299.94147,298.06903,293.10358,299.90332,294.2374,287.92896
1997-10-21,318.66193,319.37943,316.77585,323.6279,320.9114,317.43906
1997-10-22,264.99615,266.35126,264.9349,269.79572,268.02402,265.61487
1997-10-23,287.8656,288.7293,286.59003,294.57584,292.44263,289.6195
1997-10-24,240.31334,243.12627,243.40582,243.12968,243.31467,242.8954
1997-10-25,278.70923,278.9098,276.21048,281.38083,278.21967,274.42487
1997-10-26,259.51944,262.12408,261.9983,261.64426,261.46793,260.6524
1997-10-27,228.39543,229.07416,227.36967,225.58083,223.79901,221.49821
1997-10-28,252.52472,254.5423,253.90898,258.227,257.4342,256.02588
1997-10-29,302.21298,303.4287,301.4862,307.2094,305.08865,302.2596
1997-10-30,292.5872,293.5807,291.51828,297.01572,295.16135,292.6205
1997-10-31,250.36098,250.36813,247.7701,249.98538,247.3447,244.14769
1997-11-01,253.3508,253.4001,250.81206,249.90324,246.96431,243.47624
1997-11-02,259.3965,260.36264,258.61694,258.1222,256.16815,253.62859
1997-11-03,252.84961,256.31708,257.1107,249.64835,250.41536,250.56897
1997-11-04,233.51622,235.84232,235.70892,237.82915,237.4973,236.6019
1997-11-05,275.73682,275.13287,271.66327,275.27213,271.30643,266.75497
1997-11-06,301.74884,303.15793,301.4059,304.31326,302.18164,299.36325
1997-11-07,290.70584,291.97485,290.19867,291.1372,289.36203,286.92654
1997-11-08,263.45007,265.72226,265.221,267.55795,266.77454,265.37036
1997-11-09,258.2086,259.23846,257.563,258.73685,256.77448,254.23471
1997-11-10,330.12488,329.97723,326.38617,334.22974,330.3486,325.74725
1997-11-11,325.66782,325.9863,322.90137,331.13885,327.58377,323.31134
1997-11-12,252.49913,252.71922,250.29984,256.12637,253.4433,250.20526
1997-11-13,252.81485,253.59618,251.72743,255.46056,253.15738,250.29509
1997-11-14,265.498,268.51428,268.722,271.6496,271.47446,270.6654
1997-11-15,275.8599,276.19824,273.6483,280.5499,277.17703,273.20718
1997-11-16,306.77103,307.55682,305.1248,312.0147,309.3413,305.98593
1997-11-17,335.0725,336.10648,333.62228,338.4874,335.99,332.7468
1997-11-18,282.87567,284.5936,283.33087,284.03134,282.53653,280.40628
1997-11-19,316.3322,317.43753,315.21713,319.6638,317.2087,314.05316
1997-11-20,269.58835,271.39847,270.3636,273.9337,272.67682,270.80563
1997-11-21,248.37047,249.31244,247.63994,250.52573,248.43333,245.79639
1997-11-22,235.31126,237.87793,237.94838,236.37381,236.20505,235.49147
1997-11-23,247.0132,248.55281,247.48328,250.28268,248.59386,246.35529
1997-11-24,238.33688,240.06992,239.28163,241.68423,240.22162,238.22585
1997-11-25,279.99048,281.62622,280.3028,286.06375,284.62137,282.54355
1997-11-26,290.6445,291.73038,289.74942,295.49045,293.18253,290.23306
1997-11-27,231.90398,234.02466,233.6838,237.57811,236.88887,235.66406
1997-11-28,288.7657,290.92038,290.01358,292.2128,290.82468,288.78775
1997-11-29,295.2549,297.10397,295.82486,300.055,298.63998,296.55923
1997-11-30,314.10925,315.8326,314.2288,320.3381,318.44397,315.8463
1997-12-01,286.0453,289.69766,290.29666,293.1144,293.23288,292.67596
1997-12-02,227.56305,230.01689,230.0451,230.66913,230.28526,229.3785
1997-12-03,226.17645,227.5368,226.49625,228.46243,226.84586,224.73312
1997-12-04,304.66504,303.53467,299.19922,310.3393,305.84476,300.71634
1997-12-05,307.07208,307.93164,305.53818,311.33163,308.94968,305.89536
1997-12-06,322.40128,321.97092,318.13693,327.64478,323.35657,318.39178
1997-12-07,244.35263,247.10344,247.24142,244.7391,243.84845,242.41272
1997-12-08,199.64885,201.45752,201.13469,203.23947,202.42932,201.1679
1997-12-09,218.08691,219.02563,217.64536,217.61653,216.01183,213.93677
1997-12-10,301.04495,301.09424,297.95328,304.96985,301.37088,297.13623
1997-12-11,292.77722,291.47708,287.08633,294.89117,289.91434,284.3487
1997-12-12,258.00803,259.8164,258.86935,263.36386,261.81018,259.68082
1997-12-13,231.18562,231.04945,228.46082,236.25888,233.31953,229.89049
1997-12-14,253.81299,254.0405,251.57,258.00143,255.41318,252.27946
1997-12-15,297.37778,298.29156,296.03583,301.98767,299.34164,296.0505
1997-12-16,217.65346,219.79555,219.60153,219.27779,218.70311,217.63676
1997-12-17,240.94823,241.14499,238.77615,245.33759,242.13516,238.42667
1997-12-18,256.04,261.16263,263.50757,254.0689,256.87344,259.04837
1997-12-19,218.79361,221.85886,222.56242,222.01315,222.40677,222.28554
1997-12-20,214.67545,216.119,215.25984,214.10313,212.79211,211.01358
1997-12-21,191.03491,191.83008,190.57983,193.79477,192.3535,190.49332
1997-12-22,214.66025,215.4531,213.94724,216.70251,214.74684,212.32849
1997-12-23,232.49313,233.71242,232.43692,243.88586,242.29489,240.17241
1997-12-24,223.88695,225.54291,224.79022,229.22273,228.10251,226.47607
1997-12-25,255.04416,255.59772,253.41922,249.78438,247.51305,244.70792
1997-12-26,284.9035,285.9339,283.90656,288.8905,286.51065,283.50882
1997-12-27,263.98004,266.1213,265.41574,267.5641,266.78223,265.3994
1997-12-28,215.05077,216.88354,216.39497,216.64192,215.8511,214.57608
1997-12-29,276.92993,276.84415,273.7919,284.96558,281.79135,278.01663
1997-12-30,237.09996,239.04193,238.42244,237.71094,237.1711,236.09352
1997-12-31,222.15013,221.5892,218.65097,222.98036,220.10538,216.76656
1998-01-01,194.94583,197.79944,198.53072,196.71053,197.22029,197.26738
1998-01-02,186.98361,188.99713,188.98117,188.01735,187.69138,186.93684
1998-01-03,210.36511,213.34886,214.04088,210.85042,211.24818,211.1516
1998-01-04,245.78897,246.64174,244.84204,250.96729,248.69228,245.876
1998-01-05,300.6291,300.6135,297.3626,307.61627,303.64178,299.0239
1998-01-06,310.9611,310.1544,306.00748,319.7286,315.02573,309.66333
1998-01-07,313.66748,314.53497,312.01434,318.67816,316.11502,312.85666
1998-01-08,224.36589,226.67384,226.53986,227.79083,227.21855,226.12672
1998-01-09,247.25444,250.46779,250.98183,250.59879,250.74554,250.30644
1998-01-10,209.79823,211.5988,211.11725,214.64624,213.71826,212.30627
1998-01-11,201.0169,203.48055,203.74893,205.45375,205.40451,204.87668
1998-01-12,193.28763,195.31616,195.23628,199.21619,198.62361,197.57594
1998-01-13,178.2582,178.7055,177.22206,180.13995,178.47754,176.42285
1998-01-14,238.1211,238.79791,236.89351,239.46425,237.25165,234.51689
1998-01-15,241.29832,241.39172,238.87445,243.76044,240.84468,237.40837
1998-01-16,219.3315,218.75414,215.80956,225.07683,222.07613,218.59944
1998-01-17,202.92883,205.05273,204.95769,205.27951,204.85385,203.95242
1998-01-18,225.70633,226.6125,225.06485,228.20778,226.38756,224.06157
1998-01-19,192.15387,193.15738,192.06848,193.5624,191.95789,189.92474
1998-01-20,178.97868,180.23041,179.52893,179.21397,177.89923,176.18396
1998-01-21,170.41658,168.97005,165.69107,170.10684,166.24864,162.05632
1998-01-22,203.1658,201.2781,197.20677,201.57953,196.81744,191.6622
1998-01-23,195.67436,197.23805,196.66156,198.54196,197.83333,196.66513
1998-01-24,202.85167,204.50362,203.93558,202.58623,201.59995,200.14862
1998-01-25,190.71672,191.1772,189.56154,195.39317,193.16658,190.51372
1998-01-26,201.29715,203.29445,203.08311,203.53795,203.13206,202.24657
1998-01-27,212.56773,214.08833,213.28215,214.53307,213.39407,211.76149
1998-01-28,171.76724,173.34937,173.04668,172.5518,172.06235,171.16733
1998-01-29,185.92946,187.88834,187.80347,186.60242,186.21599,185.38744
1998-01-30,187.30324,189.90279,190.43571,188.70721,188.76416,188.36484
1998-01-31,200.10414,202.99843,203.6826,199.1749,199.3214,198.98367
1998-02-01,229.16037,229.0794,226.50485,233.04808,230.10245,226.6467
1998-02-02,178.34032,182.1076,183.89001,178.75983,180.1932,181.16582
1998-02-03,214.73976,213.4147,209.76585,215.87637,211.9879,207.64651
1998-02-04,207.45084,209.05212,208.37463,208.75804,207.58888,205.93231
1998-02-05,199.66031,199.45894,197.08395,199.46689,196.84613,193.78682
1998-02-06,232.8009,233.88257,232.4136,234.21832,232.64218,230.52155
1998-02-07,206.20744,208.46803,208.45325,203.22646,203.17043,202.61597
1998-02-08,169.20483,169.84425,168.63042,169.43576,167.89175,165.95966
1998-02-09,218.51717,219.82722,218.7374,223.80838,222.3676,220.40146
1998-02-10,214.56343,215.5724,214.2275,219.21619,217.71523,215.70007
1998-02-11,242.7643,243.19614,240.9726,242.97342,240.63293,237.73412
1998-02-12,216.97507,218.71152,218.05736,220.20224,219.14607,217.56195
1998-02-13,225.84924,224.91628,221.52815,228.5233,224.92798,220.83186
1998-02-14,273.16556,274.6194,273.07068,277.76086,276.26062,274.094
1998-02-15,221.94682,222.82788,221.27245,225.65585,223.85916,221.53088
1998-02-16,242.84016,244.50931,243.50284,244.43098,243.1622,241.30261
1998-02-17,220.84311,225.04283,226.77393,220.93513,222.57167,223.61742
1998-02-18,213.5913,213.86095,211.79128,216.44518,214.02122,211.09694
1998-02-19,214.42267,216.20642,215.62128,217.19911,216.50003,215.26263
1998-02-20,181.64944,182.64944,181.6487,184.72548,183.57965,181.98563
1998-02-21,171.58965,173.50232,173.51152,172.15306,172.03265,171.47403
1998-02-22,198.94504,200.91557,200.68164,200.87334,200.41438,199.44888
1998-02-23,255.17252,255.61276,253.25288,255.05458,252.6104,249.55898
1998-02-24,270.23407,272.35568,271.48822,272.9746,272.1187,270.57465
1998-02-25,198.90373,200.47435,199.84396,199.20091,198.40457,197.10782
1998-02-26,190.31406,191.0808,189.75113,191.29788,189.77489,187.7854
1998-02-27,270.0346,270.18997,267.38297,273.525,270.33386,266.4945
1998-02-28,268.45175,268.57382,265.75046,279.36456,276.13412,272.2387
1998-03-01,229.10103,229.07152,226.52956,233.84303,231.52347,228.6372
1998-03-02,176.97113,178.31714,177.7019,176.94313,176.17796,174.96138
1998-03-03,218.12215,216.7168,212.93814,217.36537,213.23491,208.61588
1998-03-04,226.22884,226.06407,223.41808,225.4031,222.16844,218.40277
1998-03-05,201.30492,201.36008,199.20367,201.4962,199.1718,196.35869
1998-03-06,259.48148,259.92264,257.5066,261.6031,259.045,255.84003
1998-03-07,256.09503,257.2859,255.64433,256.26102,254.98337,253.04276
1998-03-08,277.5388,279.28223,277.9479,280.97638,279.39426,277.08624
1998-03-09,220.62297,220.99554,218.9362,224.25206,222.08354,219.35323
1998-03-10,279.52756,279.02606,275.45746,284.12708,280.32736,275.83618
1998-03-11,224.3873,225.3152,223.7592,225.72992,223.99083,221.67163
1998-03-12,289.4298,287.8101,283.0299,291.6887,286.85855,281.33334
1998-03-13,311.11053,313.19717,311.8241,314.5546,313.3764,311.35495
1998-03-14,211.35254,212.8825,212.05923,213.1912,212.25903,210.75578
1998-03-15,228.15033,228.376,226.08348,231.60713,228.98819,225.78262
1998-03-16,241.77094,241.7394,239.0427,243.7708,240.87375,237.35974
1998-03-17,286.10956,288.0209,286.74463,290.67514,289.12155,286.78534
1998-03-18,225.34575,227.75449,227.63626,230.57018,230.54651,229.87138
1998-03-19,268.95645,269.591,267.24573,274.3657,272.00732,268.92422
1998-03-20,324.78134,324.2803,320.201,331.06784,326.7973,321.68152
1998-03-21,320.23535,321.94382,320.0848,323.60025,321.7484,319.01215
1998-03-22,233.04448,233.93637,232.23691,236.41148,234.1065,231.17476
1998-03-23,202.90096,204.11615,203.06642,205.53613,204.53633,202.96536
1998-03-24,252.0349,251.99976,249.17697,254.87552,251.76913,247.9955
1998-03-25,244.94467,246.49716,245.31111,249.36876,248.05019,246.03465
1998-03-26,211.56622,212.05981,210.20192,214.65167,212.68033,210.12628
1998-03-27,274.9967,273.79102,269.56052,282.14087,277.82623,272.7836
1998-03-28,253.8026,256.18698,255.71536,249.72096,249.54984,248.64308
1998-03-29,264.76608,264.28125,260.86948,265.5313,262.13675,258.0344
1998-03-30,236.17198,236.42542,234.05428,240.87747,238.41365,235.28969
1998-03-31,200.90085,201.74539,200.34468,203.50308,201.99854,199.91946
1998-04-01,256.30576,256.09787,253.04807,263.2355,259.75833,255.57219
1998-04-02,215.12593,216.37894,215.21881,215.7123,214.35776,212.3826
1998-04-03,251.43842,251.95203,249.66167,255.97461,253.44324,250.19493
1998-04-04,235.97214,235.06618,231.5538,241.46996,237.79143,233.46556
1998-04-05,302.00363,300.6406,295.9444,306.5274,301.59747,295.84857
1998-04-06,288.12326,289.02524,286.70358,294.82153,292.20654,288.74677
1998-04-07,217.95396,222.20045,223.93854,222.23888,224.34453,225.70772
1998-04-08,206.94237,209.90315,210.50159,211.49608,212.34935,212.52208
1998-04-09,263.98608,264.9584,262.97028,270.62564,268.79263,266.15915
1998-04-10,285.6742,284.59616,280.35495,290.0373,285.79797,280.75504
1998-04-11,282.30496,279.6493,273.89786,287.93176,282.16376,275.6342
1998-04-12,279.83624,278.961,274.9812,286.5102,283.07626,278.82214
1998-04-13,250.46304,255.22392,257.09464,253.77614,255.69943,256.7654
1998-04-14,257.27444,258.68506,257.19513,261.0003,260.024,258.23853
1998-04-15,290.06848,291.30432,289.27563,293.53925,291.59845,288.7657
1998-04-16,229.7027,230.71387,229.13821,232.7511,231.16078,228.86172
1998-04-17,251.69676,252.01595,249.51561,258.9944,256.20486,252.65004
1998-04-18,255.29344,255.20166,252.25757,260.753,257.50415,253.49329
1998-04-19,265.3841,267.86288,267.32297,262.41254,262.0713,260.88348
1998-04-20,201.30583,201.88617,200.20259,202.87917,201.1308,198.76443
1998-04-21,231.90628,232.60732,230.69879,236.25671,234.43974,231.89465
1998-04-22,296.13577,294.73022,290.03918,301.60068,296.99716,291.5209
1998-04-23,258.56323,260.255,259.01672,254.99327,253.74281,251.68208
1998-04-24,247.41437,247.65413,245.11821,246.2957,243.8961,240.74265
1998-04-25,291.16577,291.74063,289.0421,294.9919,292.373,288.8413
1998-04-26,254.41534,256.67792,256.0427,257.35184,256.8804,255.56187
1998-04-27,275.014,274.11877,270.1608,275.49683,271.68793,267.0572
1998-04-28,300.30347,300.22714,296.78693,302.3703,299.13086,294.96146
1998-04-29,272.4921,271.16248,266.8068,270.72928,266.48087,261.43326
1998-04-30,268.2277,270.69037,270.09387,275.61902,275.52634,274.5044
1998-05-01,237.72704,237.79065,235.18776,240.91432,238.34949,235.03659
1998-05-02,273.38455,271.95486,267.49048,277.20844,272.7894,267.5466
1998-05-03,335.12753,334.42273,329.97528,339.6051,335.30505,329.96307
1998-05-04,350.2368,351.2733,348.36023,356.0221,353.33023,349.4943
1998-05-05,232.3308,232.81389,230.68126,235.13945,232.96442,230.04262
1998-05-06,262.85245,261.91742,258.055,270.4511,266.28696,261.3066
1998-05-07,297.7602,298.20746,295.30612,306.35516,303.5322,299.73135
1998-05-08,335.9742,335.60416,331.4747,341.28296,337.4,332.44513
1998-05-09,352.34164,352.24728,348.20438,360.38702,356.21533,350.91122
1998-05-10,348.02856,348.00504,344.08008,352.52313,348.90015,344.15482
1998-05-11,325.6996,327.83118,326.26517,329.32507,328.0542,325.6756
1998-05-12,265.49323,265.7409,263.00723,269.82718,267.0778,263.46542
1998-05-13,298.2727,297.13434,292.6778,304.191,299.99133,294.84683
1998-05-14,290.6384,292.6,291.26196,291.1652,289.81586,287.48825
1998-05-15,265.5864,266.6705,264.75534,269.5859,267.89877,265.3163
1998-05-16,264.3166,265.39493,263.48883,269.1063,267.33975,264.68045
1998-05-17,291.2499,293.35852,292.15915,297.1486,296.15765,294.1535
1998-05-18,289.99625,291.89178,290.49875,294.1477,293.30286,291.4501
1998-05-19,305.33783,308.25223,307.68475,306.63925,306.20856,304.71368
1998-05-20,348.80527,349.01025,345.30716,354.41223,350.94092,346.31906
1998-05-21,346.48947,346.5631,342.75858,351.86237,348.35764,343.71094
1998-05-22,328.30728,329.89203,327.76996,335.66907,333.91953,331.03632
1998-05-23,275.04752,274.92816,271.73608,279.75702,276.6799,272.70102
1998-05-24,336.44818,334.97452,329.77267,346.83365,341.52463,335.1372
1998-05-25,351.69034,352.04257,348.45746,362.07547,358.73898,354.21603
1998-05-26,343.61475,345.6269,343.75677,346.72485,345.6184,343.31836
1998-05-27,323.57446,326.89743,326.53455,326.59183,327.2774,326.79126
1998-05-28,322.18207,324.5023,323.17572,323.71887,323.02295,321.2024
1998-05-29,295.17377,296.47095,294.44653,302.49252,300.8321,298.14767
1998-05-30,279.50974,281.94116,281.2022,284.3476,283.98593,282.6289
1998-05-31,268.1632,268.58817,266.01456,271.74515,269.26297,265.88718
1998-06-01,310.4106,309.94687,306.0347,315.31088,311.67575,307.02396
1998-06-02,362.76404,363.1817,359.55008,366.8113,363.7716,359.51685
1998-06-03,359.39767,358.6355,353.88934,362.78296,358.39017,352.83298
1998-06-04,353.421,351.4584,345.60663,358.39526,352.62012,345.73337
1998-06-05,370.5835,371.19424,367.67032,376.35733,373.41412,369.2193
1998-06-06,339.61237,344.02588,344.5675,340.42664,341.69635,341.7278
1998-06-07,295.27924,301.84976,304.99564,296.7543,299.9012,301.9139
1998-06-08,285.36313,290.912,293.17038,288.67236,291.10733,292.4561
1998-06-09,296.56732,301.43237,302.89926,302.24622,304.3834,305.3947
1998-06-10,328.5044,328.4717,324.79565,335.01093,331.88232,327.65427
1998-06-11,338.16693,338.84512,335.75916,340.61246,337.7771,333.81494
1998-06-12,350.99194,353.7344,352.52753,354.56366,354.20187,352.59793
1998-06-13,322.9212,325.0611,323.5778,325.15356,324.16223,322.05002
1998-06-14,324.94534,323.77866,319.04044,328.21933,323.9761,318.689
1998-06-15,337.0012,336.8073,332.8893,343.45602,339.6924,334.81882
1998-06-16,358.50687,360.4142,358.31583,364.6349,363.18182,360.48282
1998-06-17,337.59616,343.28464,345.11844,343.5167,345.66168,346.5395
1998-06-18,338.764,337.35944,332.24374,341.89853,336.90054,330.83295
1998-06-19,333.73236,334.55533,331.67636,339.2291,336.72424,333.0932
1998-06-20,346.84793,347.2463,343.80927,353.42255,350.37473,346.16617
1998-06-21,312.73538,314.40768,312.59518,316.86273,315.2942,312.65466
1998-06-22,318.33752,319.63074,317.38766,323.18515,320.99673,317.73245
1998-06-23,335.82974,337.5662,335.56607,341.5372,339.86987,337.04935
1998-06-24,337.7678,337.84695,334.20627,343.08102,339.69827,335.20346
1998-06-25,352.35858,352.33813,348.44153,358.6485,355.17896,350.54608
1998-06-26,355.55267,355.83286,352.19742,362.04877,358.70776,354.18918
1998-06-27,355.0695,355.36417,351.75037,360.0599,356.72504,352.22046
1998-06-28,348.96506,349.62512,346.43808,353.648,350.6072,346.4123
1998-06-29,360.325,359.77206,355.2755,367.25424,362.83887,357.25943
1998-06-30,366.83655,366.0804,361.3159,373.2612,368.64767,362.85547
1998-07-01,356.0175,356.77963,353.6216,361.46927,358.7913,354.9258
1998-07-02,302.8991,302.84705,299.47656,307.27258,303.80676,299.36392
1998-07-03,364.11713,361.71625,355.3785,370.80597,364.82135,357.7064
1998-07-04,373.35684,372.2667,367.11264,379.74106,375.10074,369.26486
1998-07-05,365.43927,364.90115,360.3762,370.1521,365.77023,360.22058
1998-07-06,379.3472,378.44638,373.4165,386.21704,381.4934,375.55667
1998-07-07,366.76025,366.9632,363.1534,371.85672,368.7781,364.49435
1998-07-08,332.01184,331.8714,328.10727,332.32303,328.77686,324.17575
1998-07-09,349.50906,347.98544,342.6784,353.31134,348.08,341.76666
1998-07-10,315.4172,316.16928,313.4637,319.38785,317.09854,313.76865
1998-07-11,357.63748,356.50494,351.49606,359.82684,355.0092,349.079
1998-07-12,374.5466,374.9566,371.2754,380.23822,376.75815,372.062
1998-07-13,348.72595,347.40396,342.31085,359.0688,354.22104,348.26718
1998-07-14,355.58475,355.2908,351.13138,364.27158,360.46735,355.5134
1998-07-15,331.61533,333.76904,332.26868,339.99634,339.11017,337.0833
1998-07-16,321.36514,322.04327,319.2118,325.83887,323.23343,319.58185
1998-07-17,325.36044,325.87952,322.8507,329.4043,326.54272,322.63095
1998-07-18,338.9864,338.83655,335.00665,343.6123,339.8134,334.94162
1998-07-19,353.86832,352.87708,348.06375,358.94037,354.31238,348.5824
1998-07-20,367.78296,368.05408,364.32767,374.08597,370.7056,366.14136
1998-07-21,354.5005,355.6972,353.0234,357.30664,354.87527,351.29437
1998-07-22,353.82278,353.55264,349.4518,359.13055,355.83212,351.40204
1998-07-23,334.42972,334.92938,331.79456,339.11267,336.0306,331.8809
1998-07-24,308.34,307.89017,304.11002,313.2928,309.5148,304.77603
1998-07-25,310.04172,311.65085,309.87048,312.22638,310.2187,307.2101
1998-07-26,368.73535,370.59866,368.43405,371.87292,370.24283,367.40314
1998-07-27,359.36398,360.61606,357.9563,365.59784,363.25455,359.7432
1998-07-28,353.38745,353.15155,349.10104,358.2367,354.36066,349.38235
1998-07-29,359.2916,361.09332,358.97702,361.63516,360.1609,357.514
1998-07-30,318.13843,318.69714,315.80963,320.9536,318.33246,314.7059
1998-07-31,313.16473,314.35248,312.1367,311.63272,309.79816,306.97128
1998-08-01,304.89014,305.84393,303.49008,309.17383,306.81256,303.48242
1998-08-02,325.47256,325.83774,322.68716,330.28693,327.3343,323.3596
1998-08-03,349.87906,348.77655,343.9269,356.2291,351.83508,346.37152
1998-08-04,356.6467,354.81726,349.1844,364.53302,359.50558,353.39938
1998-08-05,349.41644,348.91232,344.65805,354.90036,350.6819,345.39844
1998-08-06,356.29724,356.99402,353.84454,361.51617,358.6239,354.61407
1998-08-07,355.50677,355.9978,352.65732,359.6135,356.45093,352.18634
1998-08-08,368.3858,368.00098,363.66586,373.16232,369.10013,363.91653
1998-08-09,385.13858,385.00714,380.7426,391.81918,387.79855,382.59717
1998-08-10,349.97925,352.50687,351.22836,351.6454,350.75446,348.73883
1998-08-11,304.29956,305.24875,302.9153,308.7912,306.43018,303.12314
1998-08-12,331.7591,332.08606,328.85013,337.24847,334.03848,329.8135
1998-08-13,346.05032,344.8718,340.00876,350.6645,345.9201,340.15784
1998-08-14,367.03857,365.8378,360.7304,373.05045,368.38086,362.62204
1998-08-15,360.83804,360.7146,356.73203,367.99808,364.19403,359.29865
1998-08-16,351.71326,350.69476,345.93433,355.24817,350.74863,345.21872
1998-08-17,362.07553,361.05307,356.17996,364.32187,360.04697,354.70996
1998-08-18,348.32532,350.20538,348.32797,348.95886,347.45465,344.87292
1998-08-19,353.03156,353.89655,350.9757,355.59445,352.915,349.16864
1998-08-20,335.55756,336.42758,333.7004,337.54675,335.0588,331.55975
1998-08-21,339.46793,340.5739,338.0387,341.63028,339.41708,336.17627
1998-08-22,317.55844,316.54178,312.15994,322.5641,318.089,312.70413
1998-08-23,369.65732,368.68982,363.8032,374.92987,370.142,364.29007
1998-08-24,376.3889,377.0563,373.7045,380.26343,377.2775,373.171
1998-08-25,357.1032,358.26474,355.6054,363.16956,360.63345,357.02295
1998-08-26,361.11755,360.7539,356.55753,365.80634,361.6125,356.37915
1998-08-27,373.5087,374.15845,370.82733,378.19238,375.19254,371.0898
1998-08-28,354.57007,354.47235,350.61115,359.4057,355.45114,350.47827
1998-08-29,355.7193,355.4493,351.40906,360.64923,356.62747,351.58868
1998-08-30,364.33453,363.42627,358.6703,367.77173,363.2372,357.6795
1998-08-31,370.9083,370.7298,366.62286,374.47958,370.3448,365.16043
1998-09-01,375.1819,374.49,369.83612,379.68414,374.93372,369.13605
1998-09-02,387.42926,387.3977,383.26495,393.57196,389.47076,384.2688
1998-09-03,377.31296,377.44876,373.58984,386.51175,382.6262,377.66028
1998-09-04,350.5783,350.85904,347.42752,354.66083,351.2256,346.79962
1998-09-05,307.88773,308.99255,306.824,309.57666,307.4422,304.42636
1998-09-06,326.82086,325.93753,321.618,331.42865,326.95596,321.59366
1998-09-07,363.5661,362.58264,357.7787,368.33276,363.7515,358.17636
1998-09-08,373.8934,373.65366,369.47375,378.69965,374.8065,369.87692
1998-09-09,366.5136,368.24982,366.09177,369.88425,368.10748,365.27625
1998-09-10,325.99734,327.64478,325.82886,328.1605,326.37787,323.66818
1998-09-11,339.29245,341.04486,339.1942,340.899,339.2794,336.69534
1998-09-12,338.54916,341.18408,340.21106,338.5487,337.7373,335.954
1998-09-13,336.4747,337.30328,334.57858,335.1301,332.50397,328.9606
1998-09-14,358.72272,358.90778,355.31863,362.87204,359.19046,354.53854
1998-09-15,348.12665,347.25604,342.74228,350.1073,345.47354,339.93158
1998-09-16,316.42114,316.43594,313.12775,318.0038,314.69696,310.54855
1998-09-17,320.47543,323.1603,322.4374,322.9437,322.58975,321.31845
1998-09-18,296.2271,297.71277,296.06665,300.66574,299.04373,296.59973
1998-09-19,299.98627,300.83325,298.5213,304.18558,301.82327,298.6486
1998-09-20,301.4106,302.79517,300.99884,305.2266,303.3809,300.71204
1998-09-21,303.97125,304.92416,302.678,307.18665,304.88742,301.77286
1998-09-22,343.72354,341.97086,336.64767,349.07367,343.59344,337.25266
1998-09-23,320.22647,322.74817,321.87918,325.59995,325.03693,323.57678
1998-09-24,291.34344,293.54297,292.66083,294.0042,292.92648,291.0543
1998-09-25,308.2894,309.24985,306.9724,311.48657,309.00778,305.71942
1998-09-26,339.2024,337.77698,332.8291,345.2613,340.08923,334.0752
1998-09-27,365.35077,366.74362,364.29898,369.8409,367.79727,364.78162
1998-09-28,325.3507,326.9192,325.06677,325.77716,323.78372,320.94174
1998-09-29,342.94162,342.37488,338.23758,345.32056,341.14255,336.11234
1998-09-30,345.7469,345.75583,342.15753,348.4557,344.76965,340.21616
1998-10-01,339.95706,339.59692,335.6967,340.75107,337.03748,332.4815
1998-10-02,326.787,329.72763,329.2179,329.8216,329.33185,327.96588
1998-10-03,272.49423,273.91376,272.4725,274.7699,273.1098,270.74863
1998-10-04,278.34308,278.9681,276.68408,281.06235,278.61227,275.4635
1998-10-05,303.26346,305.8339,305.20844,303.12833,302.1716,300.43002
1998-10-06,353.41522,355.8715,354.61252,356.93915,355.54108,353.22812
1998-10-07,358.39523,360.61746,359.07715,362.95007,361.70206,359.5241
1998-10-08,335.10364,337.2972,335.97226,337.4766,336.08963,333.846
1998-10-09,262.4339,265.13873,265.07492,266.55768,266.21866,265.19058
1998-10-10,273.9274,273.15012,269.53403,278.80637,274.95175,270.44925
1998-10-11,282.36145,282.3337,279.3695,286.43658,283.03015,278.9497
1998-10-12,332.10184,331.57468,327.60117,337.60056,333.12436,327.86588
1998-10-13,300.82828,303.7169,303.43817,302.5314,302.43268,301.55844
1998-10-14,248.2345,249.20003,247.57172,249.66139,247.88126,245.49706
1998-10-15,303.69406,302.82413,298.8089,305.72318,301.3983,296.37836
1998-10-16,329.8621,329.9943,326.69608,335.97223,332.5565,328.35364
1998-10-17,279.92648,280.53204,278.2201,279.40353,276.98495,273.906
1998-10-18,330.88654,331.03354,327.73975,335.1891,331.5909,327.21683
1998-10-19,258.44763,260.18546,259.21463,258.35422,257.20114,255.4209
1998-10-20,288.21082,288.8321,286.44992,288.9236,286.44366,283.28766
1998-10-21,228.45735,230.09286,229.33295,227.72949,226.88155,225.4814
1998-10-22,218.53275,219.8818,218.94237,217.1594,216.08412,214.48914
1998-10-23,227.32362,228.81757,227.92978,228.75461,227.78484,226.26633
1998-10-24,270.794,271.59952,269.58014,270.80548,268.59616,265.75943
1998-10-25,295.6104,296.96188,295.2234,297.50522,295.48996,292.77972
1998-10-26,230.57114,231.00827,229.04282,233.39052,231.40329,228.88016
1998-10-27,210.10867,211.09836,209.89116,211.88617,210.55476,208.7295
1998-10-28,234.1954,236.11337,235.57228,240.30164,239.5485,238.22284
1998-10-29,270.8575,271.37674,269.07233,268.03534,265.70682,262.76917
1998-10-30,244.05524,245.1663,243.72495,241.89026,240.78114,239.10559
1998-10-31,220.87546,222.15808,221.12701,223.45644,222.182,220.39032
1998-11-01,274.35083,276.1414,275.05518,280.9627,279.66782,277.71866
1998-11-02,298.67053,298.7863,295.7915,307.54892,304.36502,300.4991
1998-11-03,324.67932,324.31125,320.56668,333.4516,329.3383,324.49945
1998-11-04,296.62802,296.59982,293.48236,303.57852,300.54697,296.84354
1998-11-05,286.9426,288.74188,287.5306,291.46255,290.345,288.55142
1998-11-06,258.29752,259.804,258.6011,262.80276,261.05045,258.7034
1998-11-07,244.58226,247.45163,247.73814,248.29335,248.38828,247.89099
1998-11-08,249.8178,249.2747,246.13266,255.55084,252.0106,247.92772
1998-11-09,255.38884,256.41345,254.76219,259.58813,257.62482,255.08212
1998-11-10,290.52188,294.31976,295.04276,294.41342,295.03458,294.9489
1998-11-11,228.7945,230.877,230.54745,235.0215,234.40532,233.24594
1998-11-12,272.6973,274.01862,272.47714,278.77176,277.166,274.93268
1998-11-13,247.38531,248.33977,246.69893,255.37923,253.46571,250.98633
1998-11-14,235.28812,236.87932,235.99353,243.043,241.96324,240.33275
1998-11-15,222.47198,224.38652,223.95354,228.13531,227.627,226.5936
1998-11-16,217.27422,219.91551,220.25478,221.32605,221.22699,220.61243
1998-11-17,225.33905,229.99532,232.24203,226.7492,227.75433,228.21259
1998-11-18,215.10199,218.0338,218.6813,218.65536,218.96562,218.761
1998-11-19,253.09341,253.38968,251.03143,255.73376,253.11049,249.9384
1998-11-20,288.14362,288.16528,285.16693,295.2396,292.09885,288.32733
1998-11-21,312.3854,313.3646,311.05765,318.78308,316.43912,313.39664
1998-11-22,287.18848,288.57843,286.94067,294.62845,292.84503,290.41016
1998-11-23,249.91406,252.59212,252.61838,252.76978,252.89297,252.42899
1998-11-24,257.5754,258.5881,256.88513,261.57382,259.5207,256.8987
1998-11-25,267.27905,268.0626,266.0296,270.26215,267.72055,264.59918
1998-11-26,258.3018,256.64505,252.2906,263.09335,258.43845,253.25764
1998-11-27,298.4893,299.19208,296.74802,299.9623,297.3288,294.04984
1998-11-28,219.642,223.41512,224.83705,218.92654,220.02193,220.59416
1998-11-29,209.66844,209.28178,206.69159,210.42624,207.63197,204.40211
1998-11-30,280.9962,280.23654,276.5246,287.71378,284.24496,280.17496
1998-12-01,294.64243,294.61322,291.47858,298.3746,294.91107,290.82217
1998-12-02,311.9687,312.66266,310.05914,314.85535,312.1384,308.74573
1998-12-03,230.76315,233.65144,234.07454,233.49648,233.46211,232.89264
1998-12-04,180.70862,182.31519,181.99706,182.11087,181.47202,180.42664
1998-12-05,257.88797,257.14932,253.69386,260.67175,256.8388,252.47467
1998-12-06,241.00716,239.73593,235.93022,242.63632,239.04227,234.95444
1998-12-07,308.7649,309.997,307.95065,312.2396,310.12277,307.3275
1998-12-08,221.4947,224.3738,224.87918,222.31331,222.36476,221.9064
1998-12-09,226.18872,228.13597,227.66808,226.41559,225.55113,224.18344
1998-12-10,320.77908,321.32822,318.47296,325.04874,321.91327,318.08813
1998-12-11,301.29785,303.6016,302.6875,306.08786,304.89465,303.02188
1998-12-12,246.56415,247.56052,245.93117,251.7822,249.95407,247.5815
1998-12-13,240.95851,240.77542,238.03656,245.05899,241.47337,237.38911
1998-12-14,259.27832,263.26138,264.4502,262.595,263.69107,264.16766
1998-12-15,226.16673,226.96616,225.354,229.47485,227.95235,225.93123
1998-12-16,214.48836,215.463,214.14703,220.72104,219.38554,217.5682
1998-12-17,227.05399,227.96666,226.45432,230.53876,228.60443,226.17604
1998-12-18,295.72153,296.469,294.06067,298.88943,296.11514,292.70477
1998-12-19,280.35977,280.47296,277.59848,287.61758,284.94998,281.67014
1998-12-20,305.49832,305.68033,302.6043,309.11365,305.78082,301.79788
1998-12-21,234.34514,239.67528,242.45235,234.85745,237.33841,239.23885
1998-12-22,180.99051,182.75452,182.56935,183.1811,182.57738,181.56448
1998-12-23,236.04393,239.04361,239.49269,235.44566,235.52168,235.05684
1998-12-24,197.74377,200.65636,201.42694,194.17784,194.39444,194.16212
1998-12-25,197.79068,200.6737,201.41328,195.09639,195.18793,194.83037
1998-12-26,198.4791,199.67516,198.73616,200.71756,199.06969,196.98958
1998-12-27,234.1228,233.27324,229.92654,241.2356,237.62292,233.51859
1998-12-28,246.13191,249.8031,250.80159,250.94215,251.71039,251.88864
1998-12-29,196.04411,198.4999,198.83037,199.29897,199.62148,199.4801
1998-12-30,208.1775,209.71042,208.99606,210.93753,209.9276,208.44969
1998-12-31,179.07483,179.61195,178.22276,180.80382,179.17906,177.16599
1999-01-01,212.19304,213.97981,213.46977,213.89006,213.24413,212.11589
1999-01-02,254.20805,254.3259,251.71109,258.14505,254.93097,251.17647
1999-01-03,229.81413,230.50522,228.71861,234.68004,232.11597,229.0539
1999-01-04,250.43861,250.03088,246.93344,258.44638,255.06097,251.13635
1999-01-05,272.94608,273.0991,270.31302,278.59814,275.54587,271.9013
1999-01-06,240.22948,241.70833,240.58543,244.9774,243.2085,240.90225
1999-01-07,174.30598,175.82413,175.44896,175.98334,175.19647,174.01471
1999-01-08,182.63757,183.86978,183.1208,184.72778,183.38277,181.63182
1999-01-09,209.62495,210.90477,209.91083,211.35185,209.87561,207.93326
1999-01-10,226.42404,225.27505,221.69473,230.90894,226.82361,222.2717
1999-01-11,185.20921,186.79848,186.37209,184.63847,183.98157,182.9053
1999-01-12,207.66302,208.04393,206.1781,208.48685,206.40956,203.88159
1999-01-13,241.52634,244.22606,244.28816,243.538,243.16737,242.23338
1999-01-14,194.67003,195.55363,194.32364,198.79921,197.02492,194.81602
1999-01-15,183.70174,184.41037,183.12483,187.62318,186.16455,184.29134
1999-01-16,226.7444,227.57373,225.94101,228.093,226.1495,223.70421
1999-01-17,295.3017,296.46024,294.41006,298.44943,296.23764,293.3624
1999-01-18,280.2619,281.67883,280.04575,284.4634,282.83276,280.56033
1999-01-19,175.82657,178.07896,178.40271,175.56065,175.61899,175.26155
1999-01-20,178.89154,179.92656,179.01163,178.29945,177.07317,175.44693
1999-01-21,197.45671,199.6647,199.70819,191.77792,191.4993,190.77109
1999-01-22,238.7236,240.89952,240.46269,240.15591,239.54712,238.37901
1999-01-23,217.16583,218.45697,217.37761,217.82869,216.21689,214.1159
1999-01-24,254.36807,255.62143,254.09988,258.37592,256.95493,254.94379
1999-01-25,212.00397,213.03572,211.75394,216.11005,214.71107,212.82138
1999-01-26,190.9208,191.32472,189.65012,194.62668,192.87122,190.68198
1999-01-27,218.06544,220.83386,221.20204,219.01372,218.98111,218.42404
1999-01-28,296.4104,298.49207,297.3284,300.59537,299.29675,297.29974
1999-01-29,189.50157,192.96484,194.32883,192.85786,193.96162,194.5809
1999-01-30,223.91728,224.84944,223.33528,223.96907,222.3427,220.20593
1999-01-31,272.35074,278.1755,280.97104,275.63187,278.46704,280.58362
1999-02-01,188.65315,190.05556,189.38849,194.23912,193.24419,191.79707
1999-02-02,214.28166,215.72038,214.8094,217.9933,216.57541,214.6545
1999-02-03,181.52739,183.44557,183.36449,185.73334,185.40965,184.63994
1999-02-04,183.15155,184.1889,183.21875,187.7381,186.35799,184.54567
1999-02-05,176.2565,176.49162,174.8031,179.91415,177.93755,175.55809
1999-02-06,240.17828,239.75058,236.70958,243.03366,239.61646,235.6679
1999-02-07,272.21896,270.95728,266.7421,278.41583,274.21744,269.4143
1999-02-08,242.31392,242.11441,239.27425,249.0764,246.08539,242.53758
1999-02-09,269.95404,269.958,267.01657,278.4221,275.1528,271.25818
1999-02-10,224.35352,224.35503,221.90802,226.86386,224.60843,221.83435
1999-02-11,224.51411,225.52478,224.07222,226.58289,224.94263,222.77122
1999-02-12,258.49234,258.55768,255.79974,264.791,261.54684,257.70605
1999-02-13,295.27087,294.73267,290.97623,300.371,296.52237,291.9984
1999-02-14,301.78506,301.7222,298.3632,306.04303,302.34628,297.9553
1999-02-15,307.85034,308.09637,304.97516,312.1836,308.8519,304.80145
1999-02-16,304.69833,303.87286,299.72742,308.29993,303.76404,298.54083
1999-02-17,280.72745,281.67493,279.54092,288.2859,285.9004,282.8337
1999-02-18,232.10959,233.4931,232.32028,236.58287,235.3641,233.5699
1999-02-19,195.95107,197.66795,197.21884,197.6256,196.90646,195.69919
1999-02-20,218.55396,219.43295,217.90901,221.14673,219.42477,217.17332
1999-02-21,271.11624,270.51657,266.95767,275.85025,272.36554,268.2453
1999-02-22,299.46277,299.29016,295.84158,301.33667,297.76334,293.48886
1999-02-23,224.07648,225.29613,224.04552,218.18788,217.03603,215.34549
1999-02-24,191.91052,193.16876,192.30772,193.6096,192.50644,190.92534
1999-02-25,213.48347,213.96811,212.10706,215.95367,213.79243,211.11552
1999-02-26,276.2693,276.5932,273.88495,278.31888,275.60327,272.21933
1999-02-27,243.63611,244.30539,242.29443,240.52228,238.56529,236.02054
1999-02-28,200.93169,202.8974,202.6318,202.93,202.61609,201.7765
1999-03-01,200.43242,202.34924,202.04005,202.3776,201.9634,201.02512
1999-03-02,209.73993,211.4637,210.86122,212.03424,211.32602,210.07243
1999-03-03,222.24283,225.75002,226.76666,224.68309,225.6218,225.94443
1999-03-04,257.7688,260.60077,260.5609,261.79788,261.5018,260.51477
1999-03-05,234.95384,237.39156,237.21266,235.18916,234.83525,233.86009
1999-03-06,220.99854,224.15202,224.8302,224.97563,225.25354,224.92139
1999-03-07,187.50742,189.94487,190.28471,192.38377,192.66574,192.42294
1999-03-08,235.96194,235.60046,232.65062,234.86215,231.81744,228.20367
1999-03-09,252.5484,253.76947,252.19443,256.54462,254.75294,252.30339
1999-03-10,233.85701,234.58585,232.73073,237.51564,235.37526,232.63391
1999-03-11,237.81102,237.12585,233.83449,242.71043,239.29361,235.28746
1999-03-12,220.32333,221.85712,220.94107,226.10957,225.56618,224.41237
1999-03-13,266.05338,265.20935,261.44888,268.1354,264.08096,259.37625
1999-03-14,254.09148,255.93465,254.94865,257.1767,256.01355,254.16237
1999-03-15,223.7909,224.2766,222.28792,226.04564,224.15202,221.67082
1999-03-16,288.149,288.5695,285.80603,290.14267,287.22226,283.5555
1999-03-17,265.5502,268.5359,268.5429,272.1279,271.87802,270.86786
1999-03-18,195.62766,197.4151,197.01393,198.67345,198.04251,196.86432
1999-03-19,256.02942,254.99226,251.14621,257.74194,253.77861,249.17497
1999-03-20,245.78659,246.02176,243.5385,250.08577,247.4021,244.06729
1999-03-21,277.61584,276.73074,272.79355,278.78946,274.6829,269.87323
1999-03-22,301.3976,302.51392,300.2794,305.39285,303.15457,300.08923
1999-03-23,215.39919,217.21974,216.6266,218.10867,217.35,215.97807
1999-03-24,231.93564,230.90092,227.31844,232.2185,228.5209,224.236
1999-03-25,306.5345,306.3853,302.84604,310.51212,306.63016,301.93384
1999-03-26,282.76443,285.0389,284.14175,287.2607,286.35138,284.62085
1999-03-27,221.0229,221.9402,220.3925,222.56575,220.85962,218.53835
1999-03-28,239.10994,238.26097,234.77725,239.2079,235.67554,231.52002
1999-03-29,277.17062,279.04608,277.81406,279.0948,277.7943,275.69476
1999-03-30,206.82767,207.85648,206.57202,209.48938,208.06009,206.03926
1999-03-31,214.46263,214.46642,212.09,216.70207,214.17867,211.06609
1999-04-01,255.64352,255.297,252.11847,263.82724,260.24643,255.95747
1999-04-02,213.9368,214.77495,213.22095,215.57968,213.8588,211.52675
1999-04-03,218.64761,216.88583,212.72734,220.98448,216.55698,211.56621
1999-04-04,273.20068,272.1858,268.15268,274.71005,270.63962,265.82993
1999-04-05,305.05725,305.6734,302.8846,307.87958,305.04892,301.34265
1999-04-06,266.39642,268.6017,267.8002,267.5118,266.66998,265.02316
1999-04-07,208.99292,209.51198,207.69434,211.45694,209.56335,207.06157
1999-04-08,249.77368,249.77109,246.98665,254.8996,252.0536,248.48543
1999-04-09,259.24072,259.69373,257.24933,262.01157,259.58682,256.40366
1999-04-10,298.47147,299.2947,296.77478,306.10883,303.67255,300.3362
1999-04-11,261.8104,261.78757,258.84558,255.79227,253.20866,249.88365
1999-04-12,303.85022,303.23386,299.24,308.52252,305.02252,300.63428
1999-04-13,333.03476,333.0289,329.3064,338.55862,335.19318,330.83652
1999-04-14,334.5727,335.19174,332.06308,336.5603,333.6963,329.83026
1999-04-15,325.68167,328.7963,328.21088,326.73077,326.53915,325.30383
1999-04-16,279.80637,282.0109,281.04468,283.19794,282.15372,280.22394
1999-04-17,251.14758,252.24702,250.51721,254.20863,252.4446,249.9041
1999-04-18,319.80734,317.5825,311.8275,326.4178,320.43225,313.54276
1999-04-19,282.9049,283.53748,280.9932,280.2408,278.03976,274.98267
1999-04-20,267.9658,266.21426,261.50104,268.2029,263.69653,258.43073
1999-04-21,317.44235,317.17365,313.3583,321.81473,317.97678,313.1828
1999-04-22,332.79932,334.17474,331.79663,337.15552,335.1739,332.13327
1999-04-23,302.78082,304.08994,301.98187,302.96246,301.3243,298.72745
1999-04-24,272.7511,273.85144,271.8744,275.47253,273.40198,270.47208
1999-04-25,291.81738,291.8878,288.6881,295.90472,292.8933,288.9765
1999-04-26,327.01627,326.47247,322.2765,334.3137,330.00568,324.69534
1999-04-27,281.85126,282.59253,280.15994,288.66647,285.97144,282.3808
1999-04-28,253.06985,252.50702,249.11993,258.97394,255.8501,251.93913
1999-04-29,268.21918,267.49875,263.78723,275.3513,272.07584,267.95963
1999-04-30,275.6701,274.9257,271.10684,283.32947,280.13104,276.06033
1999-05-01,286.59607,284.7803,279.79022,289.3413,284.37967,278.56992
1999-05-02,302.93738,303.27005,300.19904,307.07886,304.0362,300.03122
1999-05-03,274.42657,276.30307,275.0623,281.10205,280.4297,278.8174
1999-05-04,307.70395,307.53256,303.91446,311.40082,307.68887,303.0128
1999-05-05,286.069,286.4455,283.606,290.54337,287.73804,284.0132
1999-05-06,261.943,260.66138,256.4701,266.4845,261.90634,256.53674
1999-05-07,262.89923,265.57782,265.25052,267.02322,266.87924,265.8204
1999-05-08,269.01254,268.57123,265.12292,273.23798,269.8877,265.68576
1999-05-09,297.96738,299.1449,296.95596,301.62155,299.97772,297.33627
1999-05-10,262.06116,262.6037,260.19635,265.1671,263.12808,260.22632
1999-05-11,262.15094,263.12585,261.14072,265.86548,264.10254,261.46527
1999-05-12,286.9395,285.92444,281.71506,292.61194,288.6388,283.75662
1999-05-13,343.98462,343.47437,339.1199,348.38376,344.36984,339.25226
1999-05-14,268.62537,270.41895,269.16324,266.68262,265.42996,263.28174
1999-05-15,259.25345,260.00476,257.83502,261.72864,259.485,256.3885
1999-05-16,269.25067,268.95413,265.64798,274.03217,270.58252,266.26852
1999-05-17,277.88297,278.04343,275.0882,281.71936,278.9246,275.2195
1999-05-18,287.2719,287.18143,283.87634,291.5983,288.399,284.2646
1999-05-19,309.93817,309.7565,306.10938,317.49976,314.02432,309.5292
1999-05-20,339.2316,338.98108,334.93964,342.84525,338.8772,333.8127
1999-05-21,358.82968,358.43817,354.04065,364.3638,360.21155,354.89093
1999-05-22,361.67996,362.31024,358.88147,366.18237,363.18,358.97055
1999-05-23,347.82135,348.3374,344.95312,351.80542,348.73978,344.5183
1999-05-24,316.9705,315.40555,310.33212,322.43613,317.65317,311.86362
1999-05-25,365.77048,364.3776,358.92847,371.14862,366.13394,359.94626
1999-05-26,369.45892,369.57355,365.559,374.98843,371.2912,366.37094
1999-05-27,349.39624,348.9028,344.5191,355.391,351.10245,345.67548
1999-05-28,350.4005,350.46872,346.6247,356.10547,352.2727,347.28598
1999-05-29,350.80896,350.07257,345.43863,357.94894,353.31064,347.53314
1999-05-30,336.467,335.81396,331.42316,341.6152,337.2831,331.86084
1999-05-31,345.48434,346.24493,343.1377,350.4406,347.53204,343.46313
1999-06-01,316.8004,316.52435,312.7246,319.26706,315.7777,311.25375
1999-06-02,324.11163,322.9213,318.14752,329.8651,325.22293,319.5397
1999-06-03,353.47256,353.07318,348.7478,359.37582,355.15988,349.78687
1999-06-04,352.3062,351.9046,347.59192,357.40765,353.16214,347.76712
1999-06-05,360.73657,360.4132,356.0851,366.33484,362.25244,356.9846
1999-06-06,334.4022,334.89392,331.65778,335.92157,333.38666,329.73212
1999-06-07,340.02515,339.22046,334.65573,342.68732,338.3603,332.93826
1999-06-08,353.86493,353.2622,348.74316,359.08676,354.79346,349.34647
1999-06-09,312.41132,311.68863,307.5143,316.47406,312.51352,307.54114
1999-06-10,340.57904,341.88763,339.3896,343.9637,341.93234,338.74033
1999-06-11,292.34735,292.89136,290.18213,294.85724,292.2375,288.64676
1999-06-12,318.53036,318.75113,315.43738,322.41653,319.28543,315.1001
1999-06-13,304.53604,303.78278,299.67316,306.723,302.72177,297.74554
1999-06-14,361.6402,361.01584,356.4019,369.2226,364.78894,359.17178
1999-06-15,366.07455,365.4477,360.7845,373.0096,368.6369,363.0663
1999-06-16,330.54037,330.16742,326.14774,334.20682,330.34262,325.40433
1999-06-17,319.2233,319.4387,316.12158,320.75162,317.5193,313.24393
1999-06-18,302.06342,301.90695,298.41754,304.18234,300.76782,296.3741
1999-06-19,309.30322,309.21542,305.71512,311.49307,308.13416,303.76944
1999-06-20,340.55573,339.97452,335.64862,344.08005,339.9478,334.7166
1999-06-21,344.54703,342.86713,337.42444,351.5633,346.28018,339.9033
1999-06-22,364.51794,362.41168,356.33383,371.28168,365.57373,358.71494
1999-06-23,374.40698,374.3909,370.25125,379.90845,376.0702,371.00198
1999-06-24,340.20255,339.94662,335.95123,346.92007,342.8677,337.7076
1999-06-25,307.35065,308.4062,306.05746,311.8084,309.5452,306.25058
1999-06-26,323.085,323.28015,319.91852,326.14957,323.0256,318.84378
1999-06-27,378.21448,377.977,373.58813,383.4655,379.36282,374.02896
1999-06-28,344.09402,345.35114,342.80173,347.44208,345.48618,342.3691
1999-06-29,313.60895,313.63788,310.22354,318.63467,315.3193,310.9803
1999-06-30,340.53073,339.7415,335.2331,344.1303,339.7329,334.2527
1999-07-01,379.80334,380.77194,377.55505,385.3519,382.5251,378.43158
1999-07-02,370.17044,370.61908,367.0014,375.84818,372.63547,368.2006
1999-07-03,380.62973,380.94308,377.0806,388.2317,384.5348,379.58676
1999-07-04,355.2184,355.50565,351.8981,360.46478,357.40262,353.17035
1999-07-05,316.35416,317.81345,315.78027,320.8772,319.04208,316.14304
1999-07-06,328.16315,330.21796,328.64038,330.4528,329.1608,326.75873
1999-07-07,318.43246,317.79254,313.686,322.74442,318.7744,313.79245
1999-07-08,358.42056,357.8373,353.35138,367.15128,362.71582,357.12845
1999-07-09,362.20755,360.65936,355.1897,368.68262,363.31332,356.8127
1999-07-10,376.15985,376.1059,371.94855,384.80145,380.54828,375.08047
1999-07-11,373.8806,372.59775,367.26456,382.48862,377.26523,370.86197
1999-07-12,340.4681,341.26398,338.33194,343.65176,340.85648,336.95303
1999-07-13,326.49344,327.3305,324.5931,329.07162,326.50058,322.8671
1999-07-14,332.29675,332.88986,329.85236,337.197,334.26773,330.25885
1999-07-15,333.97418,335.2534,332.87122,337.1266,334.59805,330.9813
1999-07-16,357.47763,360.33475,359.24365,359.85513,359.03033,356.99695
1999-07-17,388.4992,388.35873,383.9979,394.41708,390.31342,384.96976
1999-07-18,382.56335,382.20648,377.70044,391.91843,388.08655,383.01804
1999-07-19,379.0448,381.65247,380.08948,384.37183,383.6899,381.71756
1999-07-20,378.87125,381.6497,380.25803,383.01547,382.48947,380.67563
1999-07-21,367.75797,367.3556,362.97214,372.81693,368.9055,363.83
1999-07-22,361.03815,362.18616,359.39584,363.29553,360.8117,357.16116
1999-07-23,356.48828,356.53897,352.72546,359.25272,355.49548,350.61987
1999-07-24,354.766,354.7254,350.84314,358.79443,355.20474,350.49576
1999-07-25,357.32925,357.55368,353.90527,361.7731,358.36835,353.83148
1999-07-26,311.86102,313.5526,311.83514,314.60126,313.21198,310.79974
1999-07-27,320.3214,318.93845,314.12003,323.2647,318.62323,313.01447
1999-07-28,327.5573,328.01462,324.92233,326.70795,323.97592,320.21817
1999-07-29,329.98886,329.58417,325.62308,334.3508,330.43872,325.50735
1999-07-30,312.42514,313.1557,310.4982,314.2007,311.6656,308.14545
1999-07-31,322.1785,322.37302,319.08698,327.56674,324.31522,320.05417
1999-08-01,348.60324,349.2329,346.0901,352.338,349.72406,346.00403
1999-08-02,322.1654,323.75262,321.83502,327.76416,325.96152,323.11612
1999-08-03,360.1416,359.64142,355.27133,368.0207,363.61847,358.10794
1999-08-04,383.2719,382.8692,378.34766,389.17368,384.8141,379.27747
1999-08-05,371.3494,371.70496,368.05707,376.47433,373.445,369.24973
1999-08-06,344.64536,345.42178,342.47562,350.69604,347.91238,344.0441
1999-08-07,330.13657,329.29605,324.9234,332.03806,327.99536,322.96323
1999-08-08,340.42764,341.38617,338.66803,338.397,335.81793,332.19437
1999-08-09,329.2737,330.12708,327.4277,333.8529,331.22818,327.57745
1999-08-10,321.51514,322.6723,320.35602,327.10336,324.8209,321.52838
1999-08-11,329.0795,329.567,326.51514,333.0029,330.07175,326.12997
1999-08-12,324.07132,324.45526,321.35757,327.72275,324.79465,320.8755
1999-08-13,323.52808,324.5845,322.15393,327.15237,324.8928,321.63
1999-08-14,332.53256,333.52612,330.93954,334.80215,332.2299,328.6401
1999-08-15,344.3171,343.68686,339.38412,349.15576,345.02435,339.87033
1999-08-16,369.9347,368.60742,363.34927,375.37088,370.12177,363.79608
1999-08-17,361.18542,360.75952,356.48102,366.49854,362.4638,357.35422
1999-08-18,358.8678,358.65048,354.60358,365.4472,361.38785,356.26074
1999-08-19,359.93576,359.94437,356.10983,365.4985,361.7734,356.97525
1999-08-20,370.33505,368.19336,362.14102,376.62756,370.91852,364.1525
1999-08-21,381.32498,381.48737,377.58017,387.31732,383.75943,379.06195
1999-08-22,368.97525,372.56604,372.15628,372.67798,372.79086,371.72504
1999-08-23,350.00934,353.67392,353.54114,353.66962,354.00552,353.2209
1999-08-24,337.88852,339.24597,336.98108,341.79553,339.62347,336.43185
1999-08-25,314.6735,314.72348,311.42477,315.3374,312.11325,307.98068
1999-08-26,365.2941,365.3074,361.43655,372.88742,369.23608,364.51035
1999-08-27,375.28036,375.17258,371.07913,383.05063,378.99698,373.8505
1999-08-28,351.09286,349.6327,344.47116,357.48145,352.17398,345.88626
1999-08-29,320.75955,320.86444,317.56323,324.32373,321.0525,316.85846
1999-08-30,322.1504,322.76987,319.96112,326.53833,323.6767,319.87906
1999-08-31,331.38608,331.34265,327.78723,334.93405,331.4074,326.938
1999-09-01,350.2185,350.6886,347.44006,350.3062,347.17548,343.04916
1999-09-02,379.8021,380.3745,376.91556,385.73486,382.4527,378.07446
1999-09-03,377.3705,378.48764,375.5918,382.522,379.88165,376.14404
1999-09-04,344.94617,346.3463,344.0739,348.85397,346.4873,343.12268
1999-09-05,342.58658,342.96866,339.72348,346.5426,343.28607,339.063
1999-09-06,348.44452,348.48755,344.8497,353.26517,349.57407,344.90994
1999-09-07,350.91196,350.98804,347.35873,355.4687,351.7399,347.03613
1999-09-08,351.6229,351.10748,346.89172,356.20984,351.70667,346.2479
1999-09-09,314.8273,315.641,313.1214,315.97253,313.48715,310.1231
1999-09-10,297.5879,298.18933,295.6448,296.3522,294.02512,290.87708
1999-09-11,283.58194,283.41266,280.25992,284.11444,280.9495,277.02176
1999-09-12,354.6739,354.90472,351.39874,357.73297,354.03552,349.37512
1999-09-13,341.39908,342.19357,339.38358,346.10992,343.068,339.08615
1999-09-14,360.6339,359.20816,354.01514,364.6475,359.07675,352.57285
1999-09-15,351.6516,350.7836,346.23535,352.92245,348.4338,343.02554
1999-09-16,338.37296,338.89624,335.85745,338.33615,335.413,331.58124
1999-09-17,271.75845,272.73035,270.83405,273.2144,271.20844,268.46402
1999-09-18,329.55713,328.00143,323.01416,332.79315,327.67685,321.7237
1999-09-19,364.15128,363.3712,358.78592,368.8252,364.01404,358.26047
1999-09-20,369.41995,368.2198,363.16776,374.74713,369.58542,363.47623
1999-09-21,349.36423,346.5703,340.16208,353.83704,347.23587,339.7814
1999-09-22,342.6222,342.78357,339.3555,349.69775,345.95233,341.3071
1999-09-23,320.6993,320.15414,316.2618,326.97977,322.80344,317.80383
1999-09-24,329.1577,330.11227,327.60913,334.3403,331.89136,328.56516
1999-09-25,280.20285,281.19662,279.24554,283.17743,281.0077,278.10016
1999-09-26,287.84314,289.7807,288.68042,291.65396,290.4407,288.44916
1999-09-27,270.0935,271.53857,270.14026,271.43314,269.88083,267.6162
1999-09-28,283.4964,284.14056,281.81494,280.35965,278.15027,275.22104
1999-09-29,292.85294,295.65274,295.35367,295.67493,294.60703,292.7568
1999-09-30,280.48328,283.56662,283.6774,281.75873,281.68692,280.85294
1999-10-01,261.65387,263.3422,262.2765,264.0431,262.8734,261.0154
1999-10-02,272.6395,273.57156,271.6475,275.24435,273.15057,270.36044
1999-10-03,287.89917,288.91205,286.90964,290.95972,288.9191,286.1419
1999-10-04,317.36124,316.71152,312.76477,322.15924,318.1637,313.39163
1999-10-05,317.10065,317.67044,314.92923,323.05145,320.02765,316.20837
1999-10-06,331.20276,333.42383,332.16425,334.24252,333.37332,331.63846
1999-10-07,333.56863,336.39542,335.7094,337.17383,336.7815,335.50974
1999-10-08,298.03497,301.41086,301.63718,303.162,302.92184,301.89194
1999-10-09,254.03293,254.75055,252.81483,262.08716,259.61984,256.51788
1999-10-10,268.32968,268.72565,266.3247,266.11484,263.6657,260.57358
1999-10-11,296.91406,296.75388,293.50772,298.45383,295.08173,291.00378
1999-10-12,339.55106,337.95407,332.84805,344.40744,339.3061,333.41727
1999-10-13,349.51526,351.0434,348.91653,355.18677,352.9382,349.82132
1999-10-14,284.9703,290.86624,293.71967,288.5289,291.77274,294.21432
1999-10-15,282.43704,289.45035,293.43332,284.15805,288.39377,291.82193
1999-10-16,312.89203,317.22696,318.25168,314.54922,315.78055,316.18872
1999-10-17,314.90604,316.15283,314.1101,319.92456,317.78406,314.87518
1999-10-18,315.81772,315.29453,311.49582,322.98465,319.18683,314.6477
1999-10-19,295.0602,297.66776,297.17474,300.32416,300.27386,299.46976
1999-10-20,259.0588,262.13373,262.47644,262.6952,263.17896,262.99554
1999-10-21,262.873,265.4822,265.3258,269.57874,269.0047,267.76886
1999-10-22,280.195,280.9677,278.81833,282.5745,280.1164,277.00217
1999-10-23,331.15533,333.4573,332.28806,335.16818,333.93878,331.9017
1999-10-24,294.68564,298.15332,298.5142,296.5613,297.4479,297.585
1999-10-25,274.7769,278.2187,278.761,275.42038,275.61548,275.12848
1999-10-26,335.69318,337.5951,335.9833,339.85214,337.98578,335.31982
1999-10-27,285.22968,289.9101,291.567,289.70444,291.0912,291.74286
1999-10-28,275.69818,275.38467,272.20782,282.2175,278.49878,274.1604
1999-10-29,290.0435,290.4344,287.80365,300.9199,297.80148,294.00858
1999-10-30,282.47787,282.7174,280.01532,291.4837,288.90695,285.67053
1999-10-31,266.75238,268.2777,267.00906,267.8265,266.51364,264.5768
1999-11-01,296.2851,298.08145,296.7727,302.10852,300.1229,297.44464
1999-11-02,280.88892,279.7088,275.61862,288.5558,283.9523,278.73846
1999-11-03,266.8044,266.2454,262.91483,273.37827,269.9931,266.0134
1999-11-04,256.73407,259.2144,258.99155,261.9334,261.72116,260.88547
1999-11-05,287.56482,289.2109,287.84177,291.93817,290.21588,287.82733
1999-11-06,236.08762,237.59799,236.6304,244.68788,243.24666,241.24829
1999-11-07,231.7211,233.41762,232.6789,232.26477,231.45949,230.1164
1999-11-08,239.9032,240.4821,238.55257,245.03453,242.85596,240.13516
1999-11-09,255.47232,257.7591,257.3547,259.70496,259.03183,257.7559
1999-11-10,228.78171,231.50996,231.81976,236.55449,236.49907,235.8857
1999-11-11,261.35672,262.84418,261.58633,262.09756,260.6332,258.577
1999-11-12,262.4036,266.39917,267.60934,268.2686,269.50974,270.09732
1999-11-13,221.58356,223.10066,222.28572,226.33284,225.55649,224.26227
1999-11-14,256.64215,257.65005,255.9643,256.31778,254.41287,251.94072
1999-11-15,288.81595,289.5055,287.16742,292.33124,289.32202,285.68173
1999-11-16,255.90208,257.2616,255.92912,258.95175,257.60306,255.67307
1999-11-17,208.9605,211.20966,211.24713,211.42694,211.20442,210.4925
1999-11-18,277.95398,277.6549,274.44876,278.22162,274.7042,270.6006
1999-11-19,280.27664,282.15717,281.08118,284.2385,283.30338,281.72348
1999-11-20,257.408,258.00964,255.90712,266.38022,264.42642,261.88812
1999-11-21,293.03046,293.588,291.067,295.22885,292.29678,288.73108
1999-11-22,265.61188,266.56412,264.71964,267.94153,266.2184,263.9046
1999-11-23,249.11234,250.60081,249.45868,252.75226,251.09564,248.88303
1999-11-24,243.59705,244.33363,242.50427,247.53857,245.67278,243.2673
1999-11-25,237.29333,237.85796,235.92342,242.71152,240.61804,238.0006
1999-11-26,233.722,235.59216,234.98558,240.72609,240.39572,239.5158
1999-11-27,227.68536,230.33273,230.55734,232.45201,232.71548,232.43866
1999-11-28,274.3511,275.3955,273.54172,274.88943,272.83112,270.1756
1999-11-29,260.2052,260.41544,257.8837,265.3478,262.28226,258.65945
1999-11-30,244.80238,244.33295,241.28947,252.62073,249.80931,246.46588
1999-12-01,230.49597,232.54047,232.13396,237.86717,236.84782,235.29968
1999-12-02,214.05333,216.31693,216.29936,215.03307,214.64136,213.76276
1999-12-03,244.27324,245.30591,243.7501,245.36784,243.52489,241.1509
1999-12-04,254.34554,256.0744,255.09984,256.87515,255.8961,254.34497
1999-12-05,212.66937,212.98367,211.04793,211.95605,210.05153,207.69414
1999-12-06,290.379,290.77853,288.10443,292.8834,289.59576,285.69397
1999-12-07,292.0246,291.5751,288.04153,299.99008,296.59595,292.57346
1999-12-08,275.48007,278.23355,278.0433,280.49823,279.67545,278.22473
1999-12-09,230.80751,234.45418,235.61934,238.23132,239.35046,239.9051
1999-12-10,215.29721,216.8515,216.10872,219.46541,218.04692,216.15077
1999-12-11,267.46283,271.40762,272.47647,268.1812,269.63776,270.45575
1999-12-12,272.59457,274.35754,273.21085,277.03983,275.7892,273.9265
1999-12-13,261.7489,262.61963,260.70316,269.9502,268.00397,265.4739
1999-12-14,250.3614,252.98253,252.91797,253.18283,253.09344,252.42659
1999-12-15,219.68115,221.469,220.90413,222.61575,221.51872,219.93144
1999-12-16,284.10974,283.47607,279.82785,287.8546,283.9912,279.5359
1999-12-17,262.7159,264.8698,264.2067,265.11807,263.84238,261.98215
1999-12-18,198.81334,201.45134,201.94606,203.885,204.01302,203.67238
1999-12-19,186.525,188.57863,188.62456,186.73167,186.41473,185.67593
1999-12-20,236.07945,238.96709,239.30927,236.84889,236.96313,236.5332
1999-12-21,190.23068,191.95639,191.63591,194.18144,193.64711,192.67735
1999-12-22,183.52377,184.10616,182.72423,188.34164,186.64987,184.55582
1999-12-23,223.49443,224.78741,223.68098,225.7698,223.94109,221.62651
1999-12-24,215.08315,217.25723,217.1115,214.87157,214.31451,213.27443
1999-12-25,254.02708,256.10858,255.45349,253.73401,252.89941,251.49721
1999-12-26,202.48726,203.4949,202.32655,203.92235,202.93237,201.49142
1999-12-27,231.50801,233.43921,232.87326,231.18384,230.33932,228.97845
1999-12-28,222.1299,225.39227,226.24309,223.93854,224.41508,224.36876
1999-12-29,237.67436,239.3386,238.4394,237.6498,236.49356,234.81076
1999-12-30,214.736,217.68579,218.30371,214.22244,214.58035,214.43906
1999-12-31,194.7606,196.1998,195.5353,197.27023,196.03522,194.36722
2000-01-01,221.30058,221.9022,220.1212,226.17963,224.06126,221.45775
2000-01-02,260.01883,261.1193,259.41476,263.5048,261.45258,258.82736
2000-01-03,225.14668,228.33865,229.07787,230.17003,230.65004,230.58963
2000-01-04,178.44833,178.92914,177.48558,179.66397,177.92003,175.79065
2000-01-05,209.48276,212.95901,214.14552,213.71777,214.51181,214.79694
2000-01-06,186.91965,188.14235,187.33992,191.65393,190.85683,189.62915
2000-01-07,258.85583,258.56537,255.48909,260.7672,257.5336,253.75098
2000-01-08,221.62376,223.19217,222.35573,219.8474,218.77716,217.21454
2000-01-09,238.70401,239.83807,238.38629,238.84685,236.91817,234.46727
2000-01-10,208.5417,211.2166,211.61397,208.37852,208.5011,208.13588
2000-01-11,210.19519,212.29486,212.10391,204.81244,204.17374,203.06827
2000-01-12,247.28001,248.76971,247.5734,248.60861,247.11916,245.07495
2000-01-13,236.3097,238.5439,238.20166,235.78357,235.36241,234.39694
2000-01-14,205.60345,206.61203,205.38751,207.45729,205.88208,203.84845
2000-01-15,204.27797,205.77367,205.04451,208.42072,207.41103,205.93002
2000-01-16,239.49342,239.63722,237.18814,244.30237,241.19536,237.56908
2000-01-17,230.008,232.60028,232.67558,230.50096,230.39464,229.7475
2000-01-18,164.96222,166.34207,165.92093,167.77354,167.12488,166.09209
2000-01-19,188.66344,190.02872,189.33559,191.7501,190.73595,189.2869
2000-01-20,219.58304,220.3613,218.7513,223.508,222.07301,220.13484
2000-01-21,228.00859,228.61847,226.74956,234.30428,231.66951,228.52654
2000-01-22,198.99136,200.68085,200.19373,200.62004,200.16345,199.2387
2000-01-23,174.75381,175.49692,174.3357,174.22882,172.80237,170.98714
2000-01-24,225.4885,226.48363,225.02016,228.08864,226.41197,224.22195
2000-01-25,262.7829,264.61594,263.5753,264.47894,263.07526,261.0655
2000-01-26,196.9091,199.34761,199.62035,199.35963,199.21529,198.59657
2000-01-27,209.77995,212.11107,212.1368,212.18619,211.78314,210.87875
2000-01-28,216.4583,217.17049,215.52162,216.72678,214.91873,212.6231
2000-01-29,242.07236,245.24431,245.74849,245.46971,245.6469,245.22987
2000-01-30,165.81421,167.59717,167.55637,171.13452,170.58516,169.63304
2000-01-31,222.40668,222.33623,219.84631,225.48409,222.9666,219.95045
2000-02-01,267.16095,267.24124,264.41248,271.09763,267.9063,264.11728
2000-02-02,239.51996,241.44583,240.74164,242.69385,241.49632,239.73169
2000-02-03,203.30916,204.80222,204.06361,204.47397,203.46246,201.97215
2000-02-04,242.78133,243.43289,241.43173,247.67072,245.48291,242.73181
2000-02-05,246.9188,248.34413,247.06184,251.23094,250.06273,248.30206
2000-02-06,282.5926,284.14493,282.59833,285.9289,284.3304,282.0611
2000-02-07,204.62119,205.74069,204.61563,207.37889,205.78296,203.70758
2000-02-08,250.40166,250.25523,247.37929,251.49092,248.31615,244.58212
2000-02-09,308.65256,309.16034,306.2945,312.4545,309.29767,305.4293
2000-02-10,227.4901,231.47305,232.92499,226.96286,228.1798,228.81114
2000-02-11,222.58559,224.01982,223.0067,224.69328,223.5802,221.93051
2000-02-12,224.45703,226.03537,225.14337,226.35788,225.0919,223.28668
2000-02-13,228.34184,228.85469,226.8672,229.35977,227.19598,224.50148
2000-02-14,276.50177,278.2799,277.015,280.54663,278.94388,276.66977
2000-02-15,187.55728,189.21387,188.79993,190.97305,190.21318,188.98851
2000-02-16,202.1509,204.21873,204.05058,199.99529,199.98228,199.46562
2000-02-17,197.79794,198.03108,196.09863,200.87286,198.56206,195.78944
2000-02-18,210.6327,210.92125,208.90254,217.4066,215.28732,212.65918
2000-02-19,200.12727,200.7171,199.11003,205.25314,203.15675,200.58041
2000-02-20,194.3928,195.22269,193.91461,198.83711,196.97276,194.6387
2000-02-21,204.6595,203.638,200.39027,207.91054,204.10776,199.84978
2000-02-22,220.073,222.05594,221.60295,223.8688,223.21489,221.99936
2000-02-23,178.62502,179.58672,178.57936,178.89714,177.72902,176.12378
2000-02-24,241.701,243.07472,241.7822,243.17259,241.59982,239.43059
2000-02-25,193.9101,194.60509,193.16594,197.35204,195.58588,193.34413
2000-02-26,173.47783,174.74872,174.10065,174.03664,173.26093,172.04816
2000-02-27,174.72954,175.14407,173.6373,171.33138,169.57625,167.40999
2000-02-28,173.44534,175.26985,175.16647,174.0792,173.83865,173.14656
2000-02-29,192.27379,193.89365,193.38127,193.6462,192.83522,191.53151
2000-03-01,244.19873,243.7767,240.68149,245.16953,241.92363,238.09866
2000-03-02,254.94907,255.60614,253.45544,259.78125,257.6337,254.84274
2000-03-03,225.10468,225.31383,223.04857,231.44196,228.89891,225.79396
2000-03-04,221.8186,221.88116,219.50677,226.28282,223.78079,220.72763
2000-03-05,185.56584,186.76178,185.90114,186.95702,185.90292,184.36972
2000-03-06,186.00702,186.68515,185.30891,189.20804,187.95177,186.21281
2000-03-07,232.85507,232.47543,229.54185,234.40744,231.17322,227.37535
2000-03-08,259.9119,258.33743,253.92914,263.83264,259.6661,254.87415
2000-03-09,294.5562,294.5305,291.26486,299.1492,295.80038,291.70908
2000-03-10,288.91333,288.78622,285.48178,295.73273,292.46777,288.46478
2000-03-11,249.11687,248.89401,245.93231,255.34431,251.88611,247.80225
2000-03-12,279.47632,279.45724,276.36066,289.4574,286.11105,282.0396
2000-03-13,226.19894,226.19016,223.68948,229.40736,226.45845,222.93903
2000-03-14,263.60638,264.42737,262.32968,269.20935,266.65906,263.41565
2000-03-15,217.40427,218.79388,217.76358,221.70714,220.64052,218.97696
2000-03-16,273.8113,274.4307,272.01956,278.62115,275.90613,272.4691
2000-03-17,260.0641,259.66867,256.41016,267.46585,264.01718,259.89172
2000-03-18,263.18634,266.29843,266.45255,270.10538,269.666,268.4695
2000-03-19,235.76436,236.83963,235.29283,240.70866,238.62416,235.90128
2000-03-20,215.79655,216.39508,214.59909,221.5088,219.56673,217.03503
2000-03-21,207.73407,209.72545,209.3862,212.71309,212.33583,211.35469
2000-03-22,212.68575,212.46335,209.89288,213.07635,210.84464,208.04906
2000-03-23,226.22571,225.54054,222.36462,227.17253,224.20525,220.64798
2000-03-24,294.01025,292.5831,287.92712,297.8383,293.1038,287.6124
2000-03-25,304.42093,303.78445,299.78845,309.69626,305.6705,300.83237
2000-03-26,238.28679,239.61835,238.28624,244.32727,242.54323,240.08177
2000-03-27,219.74243,220.78638,219.376,222.1601,220.60406,218.42758
2000-03-28,235.58232,235.65565,233.11548,243.44362,240.92853,237.75002
2000-03-29,215.4876,215.75887,213.63472,217.32169,215.04915,212.18225
2000-03-30,257.41293,257.40027,254.53104,258.597,255.84966,252.39278
2000-03-31,231.06712,233.2721,232.8705,231.83578,231.29341,230.06464
2000-04-01,242.96352,242.92465,240.1876,247.44823,244.45013,240.77585
2000-04-02,221.96497,221.54337,218.66295,223.69061,220.60573,216.91602
2000-04-03,184.68077,184.45029,182.17084,185.17566,182.50014,179.32457
2000-04-04,231.84071,232.2552,230.08301,232.95903,230.80215,227.98308
2000-04-05,262.93036,262.33026,258.81567,266.16556,262.55566,258.21445
2000-04-06,277.6791,278.5116,276.23666,273.4618,271.3442,268.43167
2000-04-07,218.88823,220.41916,219.48242,219.50124,218.36037,216.56442
2000-04-08,240.61873,241.40489,239.49463,243.84604,241.8959,239.23215
2000-04-09,255.7294,256.79172,254.9826,257.71478,255.9571,253.43422
2000-04-10,291.7694,291.45142,287.886,298.9661,295.279,290.74237
2000-04-11,217.46582,218.86737,217.81505,219.66132,218.72495,217.11629
2000-04-12,284.39285,281.58566,275.6605,288.27655,282.11252,275.18927
2000-04-13,328.65955,328.2088,324.09778,335.9686,331.89627,326.85498
2000-04-14,255.91037,259.1174,259.40176,260.4505,261.0203,260.7394
2000-04-15,230.32129,230.0054,227.12262,234.2099,231.25589,227.6238
2000-04-16,305.35388,305.51953,302.26904,306.41177,303.421,299.51678
2000-04-17,213.73555,215.41505,214.67073,214.87671,214.09132,212.6286
2000-04-18,216.97893,217.78429,216.14656,219.71165,218.0602,215.73564
2000-04-19,222.89651,223.4999,221.59735,225.64676,223.71028,221.08624
2000-04-20,235.99232,236.01378,233.39401,239.37282,236.69182,233.29517
2000-04-21,248.83357,248.80122,245.98434,251.49094,248.67146,245.09743
2000-04-22,296.28824,295.81055,292.02554,300.12082,296.42917,291.84247
2000-04-23,307.3737,307.6261,304.43112,309.8534,306.63657,302.47662
2000-04-24,310.6386,310.87985,307.63666,312.7572,309.6453,305.57452
2000-04-25,301.04105,302.90207,301.35135,303.73804,302.09894,299.48874
2000-04-26,267.6614,267.8267,264.98932,272.09137,269.02255,265.1237
2000-04-27,253.60176,255.85107,255.2107,254.4201,253.81444,252.36983
2000-04-28,252.57068,251.50906,247.639,256.97232,253.09843,248.4617
2000-04-29,304.21744,302.44293,297.2959,306.6185,301.8181,296.10953
2000-04-30,333.96112,333.2151,328.74094,338.9365,334.50854,329.05008
2000-05-01,327.42218,328.02036,324.93463,332.5575,329.7055,325.79956
2000-05-02,323.19037,323.5953,320.36768,329.38513,326.53674,322.6423
2000-05-03,323.29364,322.74054,318.57413,329.2985,325.08273,319.8552
2000-05-04,326.75732,325.98328,321.56174,334.7707,330.42474,325.0493
2000-05-05,281.61804,282.28064,279.771,282.9713,280.55917,277.24066
2000-05-06,282.44473,281.2514,276.91663,282.3376,278.2025,273.20758
2000-05-07,314.27188,314.24762,310.6998,317.85214,314.48438,310.1116
2000-05-08,268.88785,270.27887,268.62488,273.1159,271.8583,269.6911
2000-05-09,317.2415,316.76978,312.7515,319.938,316.1693,311.39505
2000-05-10,336.0585,335.88568,331.94922,341.9335,337.97812,332.94394
2000-05-11,333.51266,335.6855,334.0725,341.5785,340.47577,338.2162
2000-05-12,271.301,273.28433,272.18378,274.16977,273.0728,271.05148
2000-05-13,308.42313,308.00214,304.13416,313.6329,309.93335,305.2408
2000-05-14,280.74844,280.75366,277.6133,281.85028,278.71082,274.6726
2000-05-15,301.46695,300.55756,296.29105,303.79208,299.66916,294.59607
2000-05-16,360.7957,361.7063,358.55627,366.73682,364.0017,360.0571
2000-05-17,356.60806,358.68393,356.72137,362.4066,360.68976,357.74942
2000-05-18,324.36774,323.80405,319.62173,326.9384,322.82053,317.66736
2000-05-19,286.5789,288.01453,286.21152,281.3463,279.8415,277.38934
2000-05-20,314.1626,313.99948,310.32513,311.89813,308.57193,304.23944
2000-05-21,332.43903,331.13803,326.14737,333.82278,328.91336,322.96255
2000-05-22,331.7907,331.91608,328.32886,336.9777,334.0807,330.07553
2000-05-23,310.0617,309.97757,306.42966,313.5941,310.15842,305.71075
2000-05-24,341.17767,340.51434,336.05353,344.00296,339.72742,334.3546
2000-05-25,351.4745,352.2738,349.12976,356.89914,353.96527,349.85144
2000-05-26,311.89984,312.50934,309.623,316.89584,314.08054,310.2227
2000-05-27,291.36423,291.00375,287.39932,296.95148,293.37018,288.83707
2000-05-28,307.02762,306.4264,302.41312,309.7054,305.64728,300.60474
2000-05-29,296.98172,296.93195,293.57144,298.97363,295.7181,291.49396
2000-05-30,285.08173,285.47775,282.68732,289.01736,286.3855,282.803
2000-05-31,292.9462,293.86844,291.50644,297.8342,295.76575,292.70004
2000-06-01,315.87863,316.97153,314.5225,324.70126,322.46,319.13098
2000-06-02,338.4024,338.12338,334.08347,343.65973,339.76385,334.75778
2000-06-03,269.1891,270.55753,268.90082,271.35736,269.66644,267.06134
2000-06-04,307.09454,306.20953,301.9287,310.16162,306.03534,300.9235
2000-06-05,357.184,356.99942,352.84857,362.63354,358.64908,353.48965
2000-06-06,345.256,345.30515,341.51746,348.60794,344.8589,339.9783
2000-06-07,350.3627,349.8498,345.45752,356.49985,352.2473,346.8491
2000-06-08,352.99512,352.8489,348.788,358.52725,354.66904,349.6476
2000-06-09,362.506,362.46317,358.4,369.2044,365.7532,361.09036
2000-06-10,374.05438,374.09848,369.99442,379.23215,375.56717,370.66135
2000-06-11,368.61984,369.00146,365.29004,372.55875,369.34372,364.89972
2000-06-12,347.17404,347.22025,343.42038,353.63348,350.21613,345.64255
2000-06-13,341.47763,340.30835,335.38464,346.55875,342.29984,336.93277
2000-06-14,350.86697,349.52405,344.32864,356.82816,351.8832,345.81284
2000-06-15,369.63205,368.9928,364.2804,377.5404,373.11823,367.48422
2000-06-16,336.02258,335.8919,332.05063,333.28827,330.14056,325.9034
2000-06-17,310.06393,306.49713,299.58328,316.9466,310.05356,302.22943
2000-06-18,329.38516,328.6583,324.3112,334.6072,330.43887,325.20508
2000-06-19,356.54132,355.70276,350.9488,362.0381,357.5251,351.86017
2000-06-20,362.9283,362.39325,357.86786,368.94385,364.52725,358.93274
2000-06-21,367.84045,366.85098,361.8292,373.6314,368.69296,362.57486
2000-06-22,366.05652,366.35898,362.62292,367.301,364.26498,360.02185
2000-06-23,373.33588,373.95502,370.45105,377.17,374.05524,369.7018
2000-06-24,349.28113,349.11972,345.11902,354.55356,350.67395,345.65628
2000-06-25,314.82855,315.5575,312.8089,317.6006,315.1034,311.5616
2000-06-26,327.33066,327.6045,324.27515,330.1852,326.8219,322.394
2000-06-27,351.02036,351.29428,347.7068,354.4887,351.15942,346.68073
2000-06-28,297.82504,297.57156,294.0541,302.78094,299.37506,295.0032
2000-06-29,341.27484,342.18597,339.3333,351.24927,348.82178,345.23465
2000-06-30,338.39053,338.57938,335.05365,343.06647,339.80002,335.42563
2000-07-01,346.55322,347.15176,343.9395,351.36453,348.49713,344.4836
2000-07-02,351.26605,351.34747,347.57962,356.72174,353.15625,348.44562
2000-07-03,353.7984,353.55576,349.44522,357.27765,353.33728,348.2609
2000-07-04,357.74457,357.24927,352.8503,361.95755,357.85043,352.59674
2000-07-05,356.32974,356.2873,352.34915,361.80942,357.9981,353.03427
2000-07-06,360.06497,359.3343,354.68387,365.1798,360.87738,355.42502
2000-07-07,371.1369,370.0878,365.007,376.534,371.66095,365.615
2000-07-08,338.61978,338.30566,334.30136,342.37256,338.5173,333.58182
2000-07-09,320.74915,321.11545,317.97415,323.075,320.34998,316.58304
2000-07-10,308.2377,308.54694,305.48804,311.544,308.69427,304.84683
2000-07-11,313.33142,314.47882,312.18668,318.3654,316.23105,313.05826
2000-07-12,322.10388,322.75146,319.87637,326.66428,324.2567,320.7907
2000-07-13,321.12137,321.37048,318.1179,325.311,322.2643,318.18182
2000-07-14,332.4881,332.7508,329.38968,337.21478,333.96713,329.6496
2000-07-15,340.94788,340.32852,336.01382,346.07553,342.13718,337.118
2000-07-16,338.76053,337.22903,332.04703,346.52768,341.57364,335.56516
2000-07-17,347.4706,346.79663,342.3614,350.62213,345.8908,340.08685
2000-07-18,375.9488,376.1414,372.2473,380.93985,377.06567,371.99524
2000-07-19,352.51685,354.53513,352.6852,357.52606,355.86847,353.03876
2000-07-20,339.39804,339.80164,336.51498,343.70734,340.59583,336.39838
2000-07-21,374.00586,373.64423,369.23502,378.96106,374.7604,369.3841
2000-07-22,354.62747,356.08997,353.67914,359.58847,357.16748,353.59256
2000-07-23,344.53232,345.49146,342.69907,350.22525,347.39374,343.45245
2000-07-24,351.31268,351.69125,348.25894,356.39368,353.00598,348.50385
2000-07-25,366.6567,368.00516,365.35876,369.7022,367.2615,363.6392
2000-07-26,357.80328,358.21936,354.75766,362.16882,358.6708,354.04575
2000-07-27,341.20352,341.89468,338.88388,343.64856,340.90717,337.0835
2000-07-28,321.80432,319.97055,314.69803,324.0987,319.076,313.09656
2000-07-29,386.6216,385.63727,380.49887,392.585,387.5366,381.30515
2000-07-30,373.0684,372.47534,367.86865,376.52203,372.1701,366.67334
2000-07-31,354.09784,355.13687,352.3358,356.67307,354.16458,350.53293
2000-08-01,350.3843,351.2416,348.30466,354.85287,352.3424,348.71722
2000-08-02,314.15652,315.42712,313.28748,318.26846,316.42523,313.57388
2000-08-03,343.4754,342.83792,338.51486,346.80246,342.62384,337.40372
2000-08-04,352.57074,353.24173,350.10495,358.87772,355.75317,351.52307
2000-08-05,310.7557,311.729,309.34033,315.70447,313.32864,309.97314
2000-08-06,311.64285,312.68646,310.35904,315.75235,313.59238,310.44934
2000-08-07,319.9178,319.50348,315.6602,323.3295,319.5564,314.81802
2000-08-08,350.97025,350.90884,347.0799,353.77972,350.3226,345.79504
2000-08-09,345.89526,345.37915,341.16107,346.41293,342.65897,337.8686
2000-08-10,350.81677,350.93408,347.2862,351.26315,347.9356,343.54788
2000-08-11,367.67477,367.02255,362.44168,370.55753,366.5615,361.46185
2000-08-12,388.50146,388.4655,384.26788,394.14993,390.09988,384.874
2000-08-13,383.57816,384.36255,381.02438,388.76044,385.62875,381.31915
2000-08-14,371.26437,371.22638,367.21597,376.3785,372.43256,367.37177
2000-08-15,375.94162,376.47617,372.9794,382.522,379.55835,375.4391
2000-08-16,337.66992,337.89813,334.51245,342.59677,339.0648,334.52213
2000-08-17,359.33072,358.40045,353.64935,365.54993,360.81506,355.0286
2000-08-18,366.76163,366.01175,361.36044,373.8581,369.13242,363.33145
2000-08-19,345.851,345.65375,341.76996,349.44897,345.7952,341.12082
2000-08-20,354.2743,354.2787,350.50497,357.6353,354.00244,349.3257
2000-08-21,305.7053,306.2782,303.58215,309.34885,306.58246,302.9067
2000-08-22,321.10175,319.58826,314.6832,323.85468,318.87146,312.98953
2000-08-23,356.17633,356.1228,352.27875,359.2384,355.666,351.053
2000-08-24,371.80716,371.93896,368.11273,377.42548,373.58957,368.66583
2000-08-25,355.59915,355.59088,351.80197,365.08148,361.10233,356.08084
2000-08-26,342.18994,342.63083,339.42752,346.86127,343.63397,339.40656
2000-08-27,348.82962,350.49362,348.42255,354.08475,352.38477,349.62952
2000-08-28,355.42615,354.9729,350.7559,360.61398,356.27472,350.926
2000-08-29,362.05844,362.38998,358.87527,365.89197,362.9345,358.92233
2000-08-30,361.27063,361.2217,357.34415,366.1378,362.75333,358.32715
2000-08-31,352.36554,350.634,345.201,357.22928,351.72507,345.2598
2000-09-01,359.46515,355.5926,347.98404,366.792,359.11096,350.49417
2000-09-02,368.71597,366.80438,361.02573,375.67334,370.12476,363.56735
2000-09-03,358.3613,358.7872,355.416,365.18338,362.11182,358.0094
2000-09-04,342.97858,345.63245,344.61456,350.243,349.69336,348.10345
2000-09-05,345.08774,343.45804,338.21237,350.22165,344.59525,338.04953
2000-09-06,350.3681,349.24347,344.44022,355.12936,350.09995,344.12643
2000-09-07,363.40378,363.66672,360.09143,368.14197,364.64334,360.13068
2000-09-08,288.91656,290.91522,289.83322,291.88483,290.74243,288.7621
2000-09-09,288.5214,289.091,286.6107,290.88126,288.39368,285.1049
2000-09-10,361.51672,360.87415,356.43552,366.96738,362.4952,357.04648
2000-09-11,345.6113,345.8902,342.5269,354.18958,351.1445,347.13217
2000-09-12,333.46417,333.7692,330.5614,338.05185,334.78378,330.60437
2000-09-13,338.59875,338.56305,334.9684,343.89313,340.07233,335.3394
2000-09-14,356.44394,356.60785,353.0239,362.21503,358.53354,353.88763
2000-09-15,352.8579,352.69962,348.83847,358.00922,353.79727,348.6488
2000-09-16,319.21582,321.40643,320.21066,321.85474,320.67963,318.60843
2000-09-17,289.54422,291.59317,290.57123,292.45773,291.23996,289.21466
2000-09-18,304.09775,305.85812,304.40152,307.53088,306.00623,303.64136
2000-09-19,269.67163,270.07568,267.64725,271.8696,269.28174,265.98123
2000-09-20,314.91693,312.58594,306.99393,317.48547,311.31177,304.37784
2000-09-21,283.86304,284.76776,282.68634,285.99176,283.93735,281.12524
2000-09-22,288.2527,289.54965,287.80988,291.93222,290.03424,287.36185
2000-09-23,316.9028,317.69495,315.16013,320.60077,317.90872,314.38293
2000-09-24,296.8872,298.3263,296.6392,299.00876,297.33203,294.86316
2000-09-25,289.5804,292.73392,292.8126,293.2899,293.26508,292.4322
2000-09-26,315.5578,316.68167,314.49225,318.74167,317.04416,314.50766
2000-09-27,315.2296,315.89517,313.25934,321.3788,318.9622,315.718
2000-09-28,348.31387,346.95856,341.9886,352.7056,347.57373,341.5895
2000-09-29,315.03793,318.70157,319.02335,318.66467,319.1716,318.8043
2000-09-30,285.36557,286.17377,283.99377,287.57083,285.23312,282.1679
2000-10-01,340.68344,340.92966,337.6205,344.4933,341.01355,336.68005
2000-10-02,312.02863,313.64066,311.9771,318.858,316.45697,313.2521
2000-10-03,269.45908,271.2124,270.13278,272.068,270.81662,268.8659
2000-10-04,268.352,269.54742,267.9305,270.59503,268.74222,266.2092
2000-10-05,245.1295,245.78452,243.8777,247.69688,245.45335,242.60085
2000-10-06,295.06638,291.2395,284.3956,300.37756,293.16916,285.3162
2000-10-07,334.65463,333.47363,328.8265,339.08273,334.20462,328.536
2000-10-08,270.0996,271.39105,269.85394,272.20996,270.43347,267.98203
2000-10-09,271.73398,273.62534,272.66345,273.86215,272.65976,270.76935
2000-10-10,289.5326,291.1026,289.6394,294.10776,292.37317,289.91147
2000-10-11,272.55872,275.76425,276.0913,274.89026,275.61615,275.61856
2000-10-12,258.87674,260.58847,259.58514,261.3074,259.99197,258.03104
2000-10-13,267.7019,268.71442,266.93005,270.0979,268.01428,265.28024
2000-10-14,323.10367,321.65063,316.85837,328.37097,323.25906,317.4097
2000-10-15,336.72952,336.42432,332.62308,343.03232,339.04785,334.26938
2000-10-16,292.4626,296.5631,297.56952,295.08966,295.87448,295.8971
2000-10-17,257.83948,258.92935,257.32513,262.68167,260.85547,258.402
2000-10-18,269.9795,269.9902,267.1949,273.53967,270.5154,266.86185
2000-10-19,310.04062,310.839,308.40482,317.35358,314.70712,311.31662
2000-10-20,274.80392,277.33597,276.97937,279.53568,279.1524,278.0788
2000-10-21,250.72406,249.44353,245.57349,251.21512,247.15286,242.543
2000-10-22,313.52872,310.00922,303.27557,318.2954,311.17072,303.39185
2000-10-23,266.55258,266.47275,263.6232,266.91934,263.58423,259.6525
2000-10-24,233.04799,235.51782,235.53409,233.87268,233.50853,232.57512
2000-10-25,238.59494,242.4939,243.86382,239.83574,240.97342,241.50084
2000-10-26,246.40263,247.7849,246.58806,248.72725,247.14098,244.97542
2000-10-27,317.86456,317.42282,313.6808,326.88016,322.95068,318.2965
2000-10-28,295.52643,296.579,294.54495,305.12247,303.01376,300.2016
2000-10-29,259.14468,260.53073,259.204,266.21857,265.15295,263.46106
2000-10-30,234.7357,238.30042,239.37976,237.9878,239.07404,239.56432
2000-10-31,262.2526,264.33243,263.65802,266.9122,266.06485,264.5889
2000-11-01,325.87485,324.01257,318.78003,333.00967,327.9114,322.10492
2000-11-02,310.48538,311.38495,309.0409,313.3834,311.12793,308.16122
2000-11-03,306.51016,306.14423,302.5901,306.55746,302.89005,298.55518
2000-11-04,332.474,333.2379,330.52902,338.41507,335.57413,331.9762
2000-11-05,313.33572,315.22134,313.81955,317.40952,315.66107,313.18774
2000-11-06,257.43542,258.3745,256.61902,259.0738,257.44263,255.22481
2000-11-07,267.70535,267.75284,265.00806,272.67166,269.92642,266.5836
2000-11-08,279.46927,283.53976,284.64844,280.71155,281.78918,282.18283
2000-11-09,254.23816,255.0614,253.22215,260.14996,258.26978,255.80855
2000-11-10,233.24828,234.56862,233.43904,236.60506,235.98518,234.81847
2000-11-11,214.43364,216.0409,215.39061,215.87704,214.87286,213.37846
2000-11-12,246.56702,245.85942,242.58366,251.13164,246.98566,242.3235
2000-11-13,303.64468,304.41043,301.99396,310.72424,308.1582,304.90906
2000-11-14,254.05458,256.8076,256.8736,255.96254,255.77968,255.00085
2000-11-15,310.08624,309.48123,305.63907,314.1951,310.16675,305.4753
2000-11-16,319.51996,321.86816,320.84656,324.60114,323.50278,321.66638
2000-11-17,268.47635,271.63763,271.95328,267.63275,267.9297,267.5979
2000-11-18,312.6786,314.35135,312.73044,317.0045,315.1802,312.6505
2000-11-19,295.21228,299.25845,300.1668,298.50558,299.61627,300.01395
2000-11-20,219.89854,221.78242,221.34021,222.78783,221.81865,220.34956
2000-11-21,234.6528,236.1796,235.2283,236.31789,234.82774,232.81609
2000-11-22,280.70844,283.27405,282.86584,284.43353,283.52872,281.98138
2000-11-23,233.99757,235.38623,234.30276,239.61272,237.91791,235.69876
2000-11-24,241.2774,241.08568,238.361,249.73427,246.53723,242.81926
2000-11-25,238.97737,239.9367,238.37369,246.12611,244.50851,242.35127
2000-11-26,268.15347,269.2052,267.4254,272.421,270.31204,267.61194
2000-11-27,257.0307,255.10054,250.48595,266.3563,261.07825,255.27867
2000-11-28,258.6433,260.45792,259.53018,263.89133,262.96902,261.45563
2000-11-29,241.55026,241.29776,238.50319,239.64809,236.53099,232.91705
2000-11-30,298.8998,299.37656,296.69763,308.12573,304.88647,300.9955
2000-12-01,244.14217,245.44872,244.16673,240.8131,239.78368,238.21928
2000-12-02,314.2425,313.7238,309.8944,317.57562,313.47223,308.71124
2000-12-03,257.34512,260.28278,260.4728,260.46313,260.1638,259.27237
2000-12-04,240.77342,242.65013,241.96371,243.88487,242.64745,240.87247
2000-12-05,234.1889,235.94762,235.21262,242.85782,241.37137,239.35426
2000-12-06,260.66965,260.24597,257.06958,263.91876,260.6591,256.85132
2000-12-07,288.8083,290.5187,289.15503,291.62415,289.7581,287.25665
2000-12-08,228.3829,228.25372,225.70747,231.66833,228.49602,224.84824
2000-12-09,231.62315,233.37952,232.66373,232.97072,232.45293,231.41106
2000-12-10,295.65485,295.71213,292.63443,300.40216,297.00375,292.9767
2000-12-11,269.9827,271.55585,270.24893,266.9123,265.56552,263.63147
2000-12-12,270.0396,270.76727,268.62122,268.77167,266.39645,263.44745
2000-12-13,259.18665,262.8716,263.76636,259.71057,260.58746,260.8553
2000-12-14,229.46948,230.84572,229.76942,234.19339,232.90498,231.10312
2000-12-15,225.3683,226.56186,225.3469,230.39392,229.13426,227.36934
2000-12-16,203.81166,205.1022,204.21121,205.30727,204.27255,202.78598
2000-12-17,182.33144,182.40042,180.5276,182.90411,180.23206,177.18752
2000-12-18,190.91342,190.87083,188.79503,192.81364,190.06773,186.92786
2000-12-19,228.67424,228.45413,225.7989,232.48566,229.66525,226.36125
2000-12-20,249.98381,251.29413,249.92516,255.99571,254.38081,252.20755
2000-12-21,216.34505,218.35677,218.03954,219.49919,218.66216,217.33675
2000-12-22,301.3593,300.50555,296.44263,306.7366,302.51468,297.6626
2000-12-23,316.9311,319.05795,317.7774,320.4346,319.09064,317.0352
2000-12-24,256.07556,258.13824,257.44266,253.35931,252.27045,250.61919
2000-12-25,203.94269,205.55858,204.97676,206.5202,205.53316,204.08914
2000-12-26,191.63434,193.72926,193.75214,191.90341,191.54466,190.75136
2000-12-27,266.12924,269.21133,269.41254,264.69818,264.86475,264.42014
2000-12-28,227.8495,230.12183,229.9299,231.72157,230.96632,229.69122
2000-12-29,227.65837,228.96964,227.827,229.84235,228.07188,225.80309
2000-12-30,291.51773,291.80875,288.96976,296.04807,292.9392,289.20227
2000-12-31,251.57687,253.4063,252.5171,255.3624,254.47366,253.01163
2001-01-01,207.28865,209.38878,209.24162,208.16193,207.58694,206.54167
2001-01-02,222.90607,225.00111,224.67989,222.9105,222.24272,221.07172
2001-01-03,289.22275,290.828,289.30768,292.8968,290.91397,288.2885
2001-01-04,221.96826,223.96887,223.56163,224.62726,223.67001,222.2096
2001-01-05,273.6605,274.18216,271.75336,278.0919,275.20755,271.72916
2001-01-06,207.47763,209.14622,208.56378,208.64159,207.56895,206.03117
2001-01-07,211.20795,211.87024,210.25035,209.89473,208.048,205.74614
2001-01-08,249.14369,250.20026,248.56058,249.82753,247.84128,245.30899
2001-01-09,244.3292,245.71555,244.4528,247.67834,246.04295,243.85971
2001-01-10,228.70152,231.00641,230.82,235.75735,234.95818,233.62357
2001-01-11,220.15538,222.48126,222.40666,226.38943,226.09944,225.28622
2001-01-12,248.98753,249.47589,247.2701,247.50595,245.16945,242.29561
2001-01-13,257.15308,257.60513,255.27388,264.08005,261.24084,257.8336
2001-01-14,215.33195,217.6171,217.55077,220.26427,220.06795,219.35887
2001-01-15,245.53874,246.3698,244.53665,248.09798,245.86206,243.08333
2001-01-16,259.80795,262.5462,262.44473,258.84088,258.92856,258.40622
2001-01-17,196.60332,198.51941,198.28723,196.34978,195.85954,194.9157
2001-01-18,201.76573,203.45212,202.93575,202.00198,201.21364,199.96292
2001-01-19,293.7676,294.31638,291.67664,297.7944,294.76965,291.09537
2001-01-20,238.2807,238.96478,237.05898,246.82588,244.58441,241.79898
2001-01-21,293.86966,293.37973,289.70856,297.34772,293.40182,288.8218
2001-01-22,253.6238,256.52026,256.63458,258.38107,258.4724,257.94858
2001-01-23,222.35022,221.88113,219.00421,227.66586,224.05775,219.97302
2001-01-24,273.1155,272.78995,269.503,279.17545,275.32645,270.8815
2001-01-25,294.93832,296.39285,294.62863,299.5947,297.48657,294.70123
2001-01-26,257.4326,258.89825,257.55124,264.25418,262.71585,260.5732
2001-01-27,201.53082,203.69846,203.65215,204.01167,203.7953,203.09378
2001-01-28,240.65819,239.42416,235.58751,239.76955,235.83096,231.38838
2001-01-29,258.33762,256.72702,252.32487,261.07092,256.54465,251.47287
2001-01-30,238.29729,241.05774,241.19499,244.4441,244.78194,244.52383
2001-01-31,248.9415,246.85326,242.0795,253.10675,247.9672,242.31061
2001-02-01,306.32837,306.5763,303.48688,309.88724,306.52112,302.46646
2001-02-02,282.63077,286.7087,287.6626,286.6618,287.24063,287.11252
2001-02-03,243.03851,246.62273,247.51857,247.4891,248.32713,248.54715
2001-02-04,267.6562,270.37213,270.14038,269.58954,269.16812,268.0969
2001-02-05,236.85545,238.93663,238.41217,241.97095,241.40373,240.25536
2001-02-06,231.29332,233.49489,233.1491,237.8527,236.98679,235.55405
2001-02-07,208.06378,208.70604,207.07185,212.65488,210.2861,207.43956
2001-02-08,229.98354,230.22057,227.94618,229.9569,227.25877,224.0454
2001-02-09,252.05925,253.48676,252.14702,254.59967,253.01779,250.83719
2001-02-10,228.94405,229.72086,227.98967,233.37552,231.13025,228.34998
2001-02-11,216.05988,217.21751,216.00243,224.12082,222.565,220.48251
2001-02-12,208.26883,209.05913,207.56555,215.99707,214.24927,211.99739
2001-02-13,193.19647,194.00407,192.69154,196.04195,194.43379,192.36731
2001-02-14,191.7375,192.84196,191.83786,194.29137,192.91473,191.07838
2001-02-15,178.7933,178.76865,176.79053,180.33682,178.34006,175.9295
2001-02-16,183.96297,182.56119,179.16653,182.58305,179.10323,175.23206
2001-02-17,173.07272,174.75217,174.51773,173.75282,173.33705,172.49043
2001-02-18,183.33835,185.02231,184.6794,184.64441,184.00294,182.9062
2001-02-19,215.61516,215.38498,212.79924,217.85004,214.79352,211.24423
2001-02-20,202.06897,203.0721,201.85098,206.7569,205.04565,202.84142
2001-02-21,191.71967,193.35503,192.87029,193.2749,192.47145,191.18958
2001-02-22,200.9105,202.39598,201.662,202.72551,201.76709,200.30759
2001-02-23,181.92317,184.55621,185.16136,183.68051,184.27063,184.37537
2001-02-24,173.42436,175.39429,175.43765,174.21463,174.09961,173.5365
2001-02-25,188.22496,189.47452,188.6445,189.94565,188.78282,187.15118
2001-02-26,219.34128,219.88795,218.0232,222.90492,220.76067,218.0805
2001-02-27,210.665,211.69423,210.3996,212.43832,210.93814,208.9141
2001-02-28,222.15106,222.33395,220.07828,225.21843,222.63823,219.52145
2001-03-01,287.66086,286.43954,282.0806,292.5538,287.8701,282.51498
2001-03-02,306.62222,304.90784,299.85413,309.88354,304.6071,298.62354
2001-03-03,326.1986,326.71976,323.6532,331.2149,327.8704,323.71857
2001-03-04,240.71814,243.96587,244.52283,243.2816,243.64232,243.34734
2001-03-05,208.83585,209.12451,207.11545,212.24908,210.15169,207.53195
2001-03-06,263.89502,264.59775,262.39084,272.96213,270.18588,266.73697
2001-03-07,266.9127,267.87323,265.88605,274.44406,271.98355,268.83685
2001-03-08,235.33113,236.39476,234.85509,237.18088,235.30379,232.82578
2001-03-09,241.92502,242.09163,239.59528,243.11052,240.36871,237.02643
2001-03-10,264.8938,265.35986,262.9047,269.94916,267.07608,263.52975
2001-03-11,237.29823,238.28891,236.65263,240.78,238.90735,236.41626
2001-03-12,211.5724,212.22514,210.53839,212.79904,210.89514,208.44795
2001-03-13,222.25543,223.4176,222.11346,224.59445,223.16676,221.15013
2001-03-14,234.80904,236.40771,235.39362,237.58003,236.39832,234.58344
2001-03-15,261.18048,262.07324,260.07288,267.41113,264.9758,261.84976
2001-03-16,242.32236,241.1468,237.31883,243.0923,238.81583,233.95583
2001-03-17,285.2604,283.92117,279.45773,287.00128,282.25876,276.8172
2001-03-18,308.42856,307.43372,303.05215,313.4866,308.69794,303.13327
2001-03-19,310.3459,309.48346,305.20956,317.22864,312.96283,307.89478
2001-03-20,306.2151,305.8161,302.04205,313.78467,310.05182,305.51047
2001-03-21,300.6362,301.41373,298.85626,308.68372,305.86746,302.23215
2001-03-22,287.89627,290.6713,290.21613,295.52518,294.3283,292.3083
2001-03-23,243.56194,243.71484,241.1717,245.66109,243.01236,239.71536
2001-03-24,276.37375,271.81293,264.2746,275.5935,267.54544,258.88742
2001-03-25,288.0397,287.93994,284.65387,289.69217,286.4191,282.37796
2001-03-26,295.71164,295.8639,292.73898,300.29788,297.07333,293.04483
2001-03-27,288.59045,289.66183,287.51694,291.7418,289.93515,287.31183
2001-03-28,237.99759,237.92746,235.22086,238.71986,235.84814,232.33875
2001-03-29,233.0742,233.87749,232.08179,235.13066,233.20476,230.62581
2001-03-30,243.29811,243.97818,241.94681,246.21873,244.19371,241.48187
2001-03-31,264.72852,266.19397,264.69434,269.9671,269.50278,268.23877
2001-04-01,255.1404,256.08762,254.18437,258.10806,256.22025,253.59985
2001-04-02,273.80847,276.36295,275.8281,274.0559,273.44077,272.00983
2001-04-03,266.8456,264.89682,260.01923,272.49207,267.4166,261.63705
2001-04-04,314.55807,313.54544,309.0547,320.0877,315.56982,310.18497
2001-04-05,294.6813,297.77853,297.53888,294.57593,295.08893,294.68362
2001-04-06,265.6617,267.00848,265.37308,269.91794,267.9028,265.10468
2001-04-07,231.42699,231.45277,228.90163,234.25916,231.51895,228.12112
2001-04-08,256.3613,255.57951,251.95764,261.40146,257.6526,253.18405
2001-04-09,272.11975,276.72626,278.21072,275.7518,277.91278,279.15588
2001-04-10,254.17607,258.60718,260.11804,253.4655,255.38387,256.45676
2001-04-11,256.14185,262.2964,265.47302,260.28116,263.55994,265.93335
2001-04-12,238.01611,240.16354,239.61302,241.20534,240.62688,239.29865
2001-04-13,244.20042,245.12073,243.29732,247.6172,245.66086,242.96657
2001-04-14,213.0513,214.40152,213.3461,216.00786,215.06868,213.46326
2001-04-15,214.64435,214.55591,212.07199,216.78548,214.2585,211.10106
2001-04-16,228.87202,229.2694,227.10162,230.94238,228.68198,225.73602
2001-04-17,247.65262,247.28722,244.16136,245.29929,242.31624,238.61726
2001-04-18,256.80765,256.44647,253.22154,247.81964,245.01886,241.48634
2001-04-19,250.08636,249.51591,246.16034,248.29228,245.3278,241.63138
2001-04-20,278.91434,281.81943,281.5446,280.25723,279.88922,278.61386
2001-04-21,246.23613,247.88979,246.75388,246.79785,245.605,243.633
2001-04-22,305.00845,304.572,300.7306,307.92432,303.89767,298.96228
2001-04-23,275.0204,275.14035,272.17874,282.76334,279.36557,275.12238
2001-04-24,231.28119,232.3479,230.80232,232.3598,230.71873,228.34999
2001-04-25,285.8043,285.96768,282.92633,293.85187,290.7284,286.70932
2001-04-26,292.8807,292.77048,289.3814,296.73282,293.5148,289.39105
2001-04-27,346.43378,345.24402,340.19745,350.56137,345.6248,339.64487
2001-04-28,347.76407,347.2716,342.8922,354.97244,350.5999,345.15088
2001-04-29,300.57086,302.19736,300.4204,309.25488,307.31012,304.37473
2001-04-30,304.01483,306.48282,305.49033,311.80432,310.86127,308.88934
2001-05-01,285.64743,284.0531,279.29034,286.97696,282.107,276.3945
2001-05-02,269.91254,269.8095,266.6824,270.44577,267.6197,263.95004
2001-05-03,259.54785,259.33087,256.20828,261.9659,258.95203,255.12633
2001-05-04,286.68204,284.50693,279.16385,287.8526,282.7053,276.71286
2001-05-05,327.7185,326.88617,322.39682,333.50174,329.08078,323.63666
2001-05-06,332.6127,333.8993,331.42844,339.8975,337.59604,334.1898
2001-05-07,347.79938,348.3302,344.94955,352.36346,349.58957,345.67816
2001-05-08,329.14737,328.9533,325.07263,333.13416,329.37738,324.57343
2001-05-09,323.13437,320.6797,314.65512,330.4334,324.6453,317.87195
2001-05-10,289.72934,290.8761,288.74966,290.1966,288.18057,285.2145
2001-05-11,245.94658,247.23958,245.74733,248.12422,246.75235,244.55708
2001-05-12,276.3934,275.89902,272.3172,279.85638,276.41714,272.09875
2001-05-13,296.44254,296.02313,292.29044,299.46332,295.66568,290.9288
2001-05-14,310.94864,310.83487,307.23914,315.34937,311.80798,307.2634
2001-05-15,317.06644,317.71902,314.80493,322.09607,319.04428,314.95084
2001-05-16,317.6831,317.26086,313.28925,324.9632,321.41525,316.8276
2001-05-17,316.6217,317.68594,315.18094,322.84274,320.39847,316.89047
2001-05-18,272.3127,272.84756,270.3216,275.01062,272.6469,269.38358
2001-05-19,267.45062,268.1416,265.82352,271.4523,269.20554,266.0673
2001-05-20,275.6326,276.3822,274.03067,279.62048,277.4321,274.32104
2001-05-21,282.89035,283.38385,280.70154,286.5229,283.97696,280.49274
2001-05-22,282.6491,281.24432,276.709,285.00323,280.18896,274.5025
2001-05-23,325.67056,322.504,315.76562,330.41223,323.57465,315.7589
2001-05-24,352.12555,350.62213,345.21588,360.1521,355.1667,349.04718
2001-05-25,316.58212,316.45294,312.78928,318.85883,315.5593,311.22467
2001-05-26,304.66193,305.15732,302.2389,308.7214,305.8877,302.04138
2001-05-27,309.08334,308.55276,304.58286,311.79443,308.18024,303.5632
2001-05-28,307.48853,308.4026,305.86475,311.54218,309.2571,305.93353
2001-05-29,320.00565,319.2801,315.00043,324.74017,320.56967,315.36465
2001-05-30,353.92807,352.05026,346.26688,360.40848,354.8222,348.11334
2001-05-31,362.42697,361.98944,357.5216,366.11893,362.2584,357.2079
2001-06-01,348.83417,351.31247,349.8496,351.66403,350.21512,347.56186
2001-06-02,312.0353,312.46176,309.40378,316.83044,313.71844,309.5701
2001-06-03,302.2337,301.8595,298.12918,305.19077,301.5242,296.87735
2001-06-04,346.442,345.9334,341.58136,351.0011,346.8995,341.66718
2001-06-05,323.2506,323.6795,320.50406,326.05914,323.38293,319.62582
2001-06-06,315.11243,315.3116,312.00375,319.74936,316.7983,312.79614
2001-06-07,314.79083,314.36307,310.4474,320.99188,317.31042,312.5933
2001-06-08,324.2332,323.77002,319.7166,332.66928,328.9511,324.1571
2001-06-09,337.14804,337.91638,334.9259,343.9292,341.48535,337.89178
2001-06-10,338.86728,339.52774,336.4147,344.26193,341.36725,337.33405
2001-06-11,336.22562,335.6879,331.4342,342.32382,338.13568,332.8511
2001-06-12,355.02243,353.89914,348.86633,362.61896,357.72757,351.68738
2001-06-13,350.8063,351.18835,347.67673,357.3247,354.00153,349.50656
2001-06-14,326.8639,329.89886,329.2493,331.5287,331.20853,329.7275
2001-06-15,324.53925,324.44757,320.7674,329.5891,325.99792,321.34103
2001-06-16,336.3351,338.58087,337.05875,346.24182,345.19794,342.96194
2001-06-17,343.0328,346.18024,345.46817,349.96735,349.82556,348.45508
2001-06-18,349.7404,352.22845,350.79947,355.08,354.17435,352.0433
2001-06-19,335.98853,337.7997,335.86252,342.30774,340.84253,338.21252
2001-06-20,338.0881,337.7481,333.68536,343.24066,339.24176,334.14328
2001-06-21,348.71442,348.33603,344.12064,353.65546,349.5286,344.26974
2001-06-22,365.87082,365.10052,360.31482,369.86176,365.2269,359.41757
2001-06-23,386.40384,385.47403,380.30832,393.33093,388.21756,381.86115
2001-06-24,373.51465,373.4124,369.20068,380.88657,376.7683,371.42505
2001-06-25,355.43494,354.99396,350.652,360.2136,356.0597,350.75516
2001-06-26,374.2404,372.55478,366.79053,380.10233,374.94415,368.59344
2001-06-27,388.0235,388.64352,384.98593,393.65527,390.7182,386.48346
2001-06-28,361.2281,361.372,357.54523,368.2423,364.81125,360.18555
2001-06-29,317.74594,317.7682,314.3019,321.85727,318.62878,314.36316
2001-06-30,299.82623,299.76666,296.41888,302.37497,299.01312,294.68655
2001-07-01,330.34372,330.0975,326.23428,332.35208,328.6425,323.874
2001-07-02,382.38013,382.01422,377.46555,387.735,383.52084,378.0696
2001-07-03,371.29303,371.63318,367.89914,376.3258,372.91315,368.28323
2001-07-04,338.07715,338.98795,336.17822,342.32803,339.71664,335.9862
2001-07-05,353.33325,352.79266,348.39767,358.88882,354.58447,349.1493
2001-07-06,367.8452,369.49057,367.0783,372.6593,371.04184,368.17667
2001-07-07,357.77048,356.81433,351.96832,363.1028,358.22665,352.22278
2001-07-08,369.41956,369.12637,364.8042,374.67502,370.4008,364.94443
2001-07-09,345.8154,347.0878,344.5578,352.73032,350.7633,347.63092
2001-07-10,324.18173,327.02835,326.2773,330.82794,330.46347,328.96863
2001-07-11,336.3043,337.71164,335.42154,341.8365,340.05698,337.1476
2001-07-12,354.1064,354.74405,351.50845,357.9266,354.94556,350.81213
2001-07-13,355.67096,354.3494,349.181,362.8253,357.93127,351.9194
2001-07-14,346.70673,345.3289,340.205,349.27023,344.51575,338.6877
2001-07-15,363.75452,365.7408,363.72684,366.55148,364.91876,362.0738
2001-07-16,380.15823,380.28674,376.27762,385.23154,381.35074,376.25385
2001-07-17,365.35898,366.09103,362.83597,371.71976,368.5408,364.1754
2001-07-18,370.1213,370.15308,366.16275,376.71292,372.65903,367.4261
2001-07-19,354.82285,354.4139,350.16034,362.29684,357.8707,352.32593
2001-07-20,356.45663,356.87225,353.41028,365.0108,361.80783,357.44714
2001-07-21,365.3636,363.99136,358.68417,374.42444,369.39777,363.23038
2001-07-22,368.06244,368.0749,364.09647,375.32486,371.97168,367.4334
2001-07-23,352.46985,353.3128,350.31876,359.37997,356.69446,352.86258
2001-07-24,342.61322,342.08286,337.8526,345.70804,341.6186,336.46683
2001-07-25,379.86038,379.2007,374.4426,383.6185,378.9191,373.04712
2001-07-26,358.82538,359.3558,355.993,363.60757,360.40695,356.06473
2001-07-27,332.27484,333.15057,330.41513,336.74533,334.11142,330.41376
2001-07-28,318.57092,319.00394,315.985,320.32477,317.5887,313.84848
2001-07-29,318.02206,318.8896,316.30392,321.8817,319.47488,316.0522
2001-07-30,355.18866,354.22833,349.45282,362.56766,358.1658,352.66473
2001-07-31,372.92307,371.20154,365.4909,375.54904,370.10214,363.54147
2001-08-01,375.6428,373.43195,367.21466,378.6476,372.57553,365.3974
2001-08-02,385.67645,386.08813,382.33417,391.11197,387.58713,382.85272
2001-08-03,366.78302,367.57687,364.40308,372.076,369.37973,365.51862
2001-08-04,356.32867,355.94547,351.7332,358.49887,354.71442,349.83987
2001-08-05,357.9994,357.23907,352.6414,360.57056,356.13202,350.61533
2001-08-06,356.05988,356.47504,353.05206,360.50998,357.6506,353.67615
2001-08-07,336.3115,335.0661,330.2303,339.42624,335.4201,330.39935
2001-08-08,359.46844,357.97427,352.64774,365.10132,359.91315,353.65808
2001-08-09,360.80713,362.13968,359.57132,365.8389,363.5685,360.15866
2001-08-10,350.3527,350.1026,346.0974,356.74945,352.8836,347.95038
2001-08-11,318.789,320.40256,318.56488,322.52866,320.93906,318.33963
2001-08-12,308.88983,309.99078,307.75876,312.4146,310.38568,307.39307
2001-08-13,321.81778,322.6591,320.03592,324.44138,322.05637,318.6801
2001-08-14,330.97852,331.70847,328.88007,335.4894,332.67203,328.84097
2001-08-15,341.20328,341.42493,337.99078,345.62613,342.16116,337.66855
2001-08-16,350.27618,350.00027,345.98334,355.29684,351.19556,346.054
2001-08-17,361.29367,361.65915,358.15555,366.3994,362.87112,358.25586
2001-08-18,354.3292,354.40186,350.68787,357.74188,354.0792,349.36368
2001-08-19,368.95642,370.0482,367.17972,372.7956,370.16876,366.41898
2001-08-20,366.82043,368.03198,365.3062,371.16357,368.53894,364.79977
2001-08-21,363.34775,363.4818,359.73856,367.43948,364.0207,359.5218
2001-08-22,389.74783,390.726,387.5318,394.89975,391.86536,387.6581
2001-08-23,374.9165,376.2604,373.5855,379.21088,376.70135,373.05945
2001-08-24,324.13208,325.71738,323.82248,327.50836,325.60065,322.7118
2001-08-25,332.0545,332.5466,329.49686,334.77713,332.04614,328.33417
2001-08-26,339.02798,339.81213,336.97708,343.6528,340.7838,336.9128
2001-08-27,339.17575,339.85434,336.91632,343.43182,340.67978,336.9269
2001-08-28,333.66425,332.70038,328.21103,339.4073,335.15527,329.95392
2001-08-29,339.52472,338.6386,334.16544,345.41443,341.0404,335.70465
2001-08-30,355.21915,354.3659,349.76062,360.83978,356.10944,350.38177
2001-08-31,364.18396,364.00046,359.95993,366.3325,362.63672,357.90594
2001-09-01,368.59235,368.61166,364.72595,374.45312,370.86462,366.21762
2001-09-02,322.3527,322.35037,318.9353,326.7203,322.93347,318.2418
2001-09-03,317.27158,318.3744,316.10046,323.80118,321.43997,318.15286
2001-09-04,304.20007,305.33197,303.22696,307.4511,305.3335,302.33716
2001-09-05,312.97018,313.75977,311.22784,317.30966,314.59152,310.9823
2001-09-06,318.3862,317.7762,313.8143,324.99393,320.6424,315.41772
2001-09-07,311.19797,311.2951,308.10568,315.2663,311.98215,307.83273
2001-09-08,332.82697,334.06857,331.77747,335.221,333.27603,330.37933
2001-09-09,308.21765,310.14194,308.78336,313.20984,311.73993,309.37634
2001-09-10,291.58273,292.61032,290.54785,293.60016,291.69556,288.96857
2001-09-11,344.51913,344.72162,341.29254,348.4557,345.15738,340.91037
2001-09-12,305.35867,308.27676,307.93134,310.43927,310.1776,309.0139
2001-09-13,299.03015,299.97336,297.7552,303.0287,300.63315,297.4087
2001-09-14,303.01022,304.38812,302.55743,307.05554,305.13882,302.37427
2001-09-15,307.4976,308.09982,305.4611,310.79706,308.0954,304.5561
2001-09-16,306.87552,307.069,304.03674,310.53842,307.0769,302.7987
2001-09-17,319.57214,319.39005,315.85693,324.26627,320.13425,315.1645
2001-09-18,338.23795,336.76248,331.7631,343.3799,337.63394,331.03476
2001-09-19,353.82306,354.3109,351.08127,356.74164,352.9644,348.25647
2001-09-20,360.5676,361.0263,357.69916,365.75613,362.40054,358.08353
2001-09-21,337.1214,338.6504,336.6239,342.59906,340.6023,337.68393
2001-09-22,311.28986,311.08142,307.61746,312.1363,308.66098,304.38538
2001-09-23,298.2654,297.83762,294.29556,301.00424,297.22836,292.69318
2001-09-24,332.82968,330.95142,325.62167,337.23407,331.74664,325.43906
2001-09-25,344.4293,346.76608,345.46567,349.12225,348.02725,345.98895
2001-09-26,318.4921,318.98636,316.1449,324.30832,321.09427,317.05444
2001-09-27,292.53775,295.04376,294.45566,295.09985,294.66406,293.42746
2001-09-28,276.64935,277.5304,275.50958,277.57452,275.47842,272.66772
2001-09-29,272.56033,273.44727,271.4761,274.07578,272.04193,269.30475
2001-09-30,252.88853,254.25507,252.96269,254.40538,252.8976,250.73175
2001-10-01,278.08862,279.1144,277.22467,281.81668,279.71164,276.88977
2001-10-02,298.201,299.77216,298.2112,302.04626,300.31763,297.81305
2001-10-03,302.73666,303.7714,301.63583,305.70026,303.34238,300.21497
2001-10-04,298.2612,300.46024,299.51968,302.66083,301.75174,300.05478
2001-10-05,295.7624,297.3434,295.821,299.3005,297.6156,295.17087
2001-10-06,290.54596,292.03354,290.47437,293.77502,291.9723,289.42984
2001-10-07,307.92215,307.93433,304.74088,312.854,309.07114,304.5415
2001-10-08,306.0973,307.8293,306.35117,311.11478,309.52356,307.14893
2001-10-09,294.173,293.71503,290.2026,306.1876,301.98825,297.07388
2001-10-10,296.31802,299.5757,299.70544,302.01862,302.34106,301.87183
2001-10-11,260.60617,262.7514,262.1564,263.52008,262.73465,261.28238
2001-10-12,262.50922,264.15942,263.05707,264.49805,263.2231,261.29114
2001-10-13,269.86694,271.3171,269.94147,272.19455,270.5714,268.28085
2001-10-14,327.14413,325.493,320.46313,331.60992,326.26636,320.1789
2001-10-15,357.25674,358.48862,355.99005,362.91864,360.99872,358.1908
2001-10-16,338.86697,338.56952,334.75372,347.7031,343.99435,339.47443
2001-10-17,308.1277,308.70917,306.08038,314.0921,311.5086,308.18008
2001-10-18,298.88,299.38397,296.77502,302.51718,299.79373,296.35986
2001-10-19,324.13562,323.05975,318.62924,329.02884,324.64572,319.52005
2001-10-20,351.42355,352.53604,349.9818,356.35687,354.11472,351.02307
2001-10-21,259.3579,263.65173,265.19476,257.8388,258.9214,259.3398
2001-10-22,279.38342,279.9711,277.64752,282.8507,280.24124,276.97784
2001-10-23,277.8093,280.4044,280.07907,280.5138,280.06702,278.93326
2001-10-24,249.88538,250.64578,248.79913,253.1893,250.68336,247.59912
2001-10-25,259.56165,259.85736,257.45108,264.78662,261.94684,258.5082
2001-10-26,253.63376,255.05458,253.8208,255.30135,253.65453,251.41167
2001-10-27,265.99722,267.5806,266.3786,266.9323,265.3588,263.1612
2001-10-28,336.6379,337.84616,335.53864,339.61026,337.27927,334.16275
2001-10-29,313.9272,314.64407,312.0869,318.65158,315.97986,312.58215
2001-10-30,279.59073,281.69907,280.87323,282.67014,281.65448,279.97168
2001-10-31,251.64403,253.53352,252.78188,253.28087,252.1093,250.34639
2001-11-01,291.2927,292.77435,291.20667,296.65424,294.54053,291.74973
2001-11-02,243.61227,245.46548,244.7607,248.18236,247.40227,246.03906
2001-11-03,245.35408,245.68527,243.45773,243.86732,241.89423,239.37164
2001-11-04,271.53867,272.5462,270.71375,273.9867,271.8115,269.01968
2001-11-05,282.37808,283.52124,281.709,287.02054,284.77448,281.8834
2001-11-06,236.2151,237.69022,236.68645,239.08603,238.11313,236.58798
2001-11-07,210.61142,211.73537,210.65073,212.47629,211.07204,209.18784
2001-11-08,272.59915,274.01102,272.5639,274.07803,272.28284,269.8696
2001-11-09,286.2182,286.11874,283.03467,291.3208,288.31442,284.6722
2001-11-10,326.43057,326.01733,322.20227,331.20807,327.38608,322.8499
2001-11-11,332.4036,335.35114,334.79523,338.14215,337.13452,335.34756
2001-11-12,276.57864,277.93686,276.39133,284.42682,282.48837,279.91504
2001-11-13,275.3513,275.57724,272.92383,278.69968,275.4986,271.69977
2001-11-14,258.63,259.48218,257.62167,264.90735,263.01804,260.54105
2001-11-15,295.28046,294.93082,291.4975,299.2114,295.19968,290.55856
2001-11-16,330.50146,329.99646,326.0397,335.42435,331.19482,326.25616
2001-11-17,272.25668,275.45447,275.7677,276.86722,276.64496,275.7806
2001-11-18,219.53651,222.0274,222.19235,226.16788,225.94994,225.20894
2001-11-19,214.29648,216.55753,216.54909,215.83183,215.35326,214.38097
2001-11-20,221.74623,224.14966,224.20306,222.18797,221.73848,220.78072
2001-11-21,240.91306,244.0217,244.57063,241.41647,241.42876,240.88072
2001-11-22,201.35338,203.24118,202.99632,203.53055,202.93604,201.88028
2001-11-23,208.92911,211.45534,211.76155,209.93031,209.70137,208.99055
2001-11-24,249.80273,256.24493,259.9951,247.8504,251.26941,254.05574
2001-11-25,239.90681,241.41524,240.38698,243.41512,242.14386,240.33267
2001-11-26,221.831,223.99786,223.80983,225.70535,225.21204,224.20663
2001-11-27,225.13576,226.88097,226.23976,227.64316,226.35391,224.56242
2001-11-28,233.50345,235.1556,234.33307,235.87375,234.81519,233.23189
2001-11-29,258.38,258.43848,255.77582,264.2233,260.62155,256.4744
2001-11-30,237.42532,238.14369,236.35326,237.01053,235.00642,232.49222
2001-12-01,276.77734,278.39154,277.0714,277.5909,276.21613,274.22745
2001-12-02,260.9631,263.34525,262.95023,262.11862,261.5679,260.425
2001-12-03,250.90443,252.69543,251.82013,253.72617,252.82806,251.36337
2001-12-04,210.1389,212.16795,211.95717,212.52301,212.34769,211.68808
2001-12-05,221.58974,224.24162,224.52505,223.90558,223.95651,223.49338
2001-12-06,227.41606,230.37158,230.89262,227.73082,227.97003,227.6834
2001-12-07,284.27136,284.71112,282.1397,284.6612,282.132,278.99457
2001-12-08,316.881,317.13232,314.02744,321.31683,317.94836,313.90247
2001-12-09,324.0463,323.68677,319.89948,329.204,325.1122,320.3376
2001-12-10,274.6914,276.0188,274.42215,278.63876,276.79984,274.3551
2001-12-11,206.74379,208.7084,208.4611,205.84683,205.30746,204.30653
2001-12-12,224.09308,226.71161,226.92624,218.80667,218.8922,218.47577
2001-12-13,237.02017,240.78304,241.99174,232.0592,233.03307,233.4594
2001-12-14,234.85265,237.14297,236.9157,237.14302,236.70367,235.72952
2001-12-15,241.10515,242.78242,241.88045,251.19458,249.42506,247.11151
2001-12-16,224.44612,227.25136,227.64153,224.3498,224.48575,224.10622
2001-12-17,250.88571,251.5839,249.60567,254.17949,251.58482,248.45337
2001-12-18,247.7905,249.73982,249.03145,257.74185,256.54208,254.77327
2001-12-19,253.76173,254.6823,252.89044,262.29575,260.50345,258.14175
2001-12-20,223.69666,224.49217,222.89536,226.99213,224.92215,222.36826
2001-12-21,233.64795,234.80333,233.45523,236.62677,235.0293,232.91753
2001-12-22,244.11484,246.53854,246.33281,249.25305,248.71976,247.62473
2001-12-23,235.79762,237.04546,235.76297,239.23328,237.29393,234.83977
2001-12-24,263.6269,265.78546,265.1058,267.2959,266.4563,265.01834
2001-12-25,199.41379,202.40146,203.22728,201.87335,202.4767,202.60658
2001-12-26,203.65665,204.25008,202.65916,205.38008,203.54301,201.26624
2001-12-27,246.40923,247.14087,245.22795,248.0036,245.8179,243.10034
2001-12-28,192.91183,194.9702,194.94202,194.34247,193.84692,192.91331
2001-12-29,211.45682,211.70328,209.68156,214.1883,211.47498,208.31596
2001-12-30,214.01,216.37282,216.41747,216.57123,216.70401,216.33606
2001-12-31,226.733,227.40651,225.6411,228.62196,226.34546,223.58176
2002-01-01,264.93045,265.75098,263.71808,276.20535,273.3982,270.0024
2002-01-02,296.22485,296.99496,294.57443,301.07727,298.3093,294.894
2002-01-03,269.2575,269.86176,267.5652,274.91455,272.48068,269.45355
2002-01-04,280.3998,280.99542,278.56894,285.66342,282.68594,279.0992
2002-01-05,245.97115,247.30739,245.98286,252.00325,250.81497,249.0636
2002-01-06,198.07076,198.96782,197.72299,200.66905,199.05638,197.00642
2002-01-07,267.39053,267.52148,264.77036,269.82516,266.71655,263.03568
2002-01-08,229.32411,234.19148,236.53741,229.21205,231.21664,232.65338
2002-01-09,185.0646,186.35516,185.63673,188.27217,187.24878,185.8051
2002-01-10,231.18837,231.26765,228.85161,232.47812,229.77567,226.57874
2002-01-11,283.91763,284.43628,281.88467,287.4898,284.77814,281.44315
2002-01-12,250.86389,252.80527,252.01732,253.91383,252.9185,251.34735
2002-01-13,198.0756,199.71417,199.19556,201.62653,200.72452,199.36656
2002-01-14,218.94455,218.63287,215.95752,222.92082,219.79195,216.19582
2002-01-15,274.14865,274.68805,272.25687,280.54007,277.8803,274.60913
2002-01-16,289.4391,289.1261,285.68454,292.86206,289.19818,284.91074
2002-01-17,247.72139,249.74704,249.0699,252.49529,251.66757,250.26001
2002-01-18,238.77649,240.59155,239.80171,241.62369,240.3542,238.53748
2002-01-19,234.59267,235.56897,233.9934,240.11597,238.10709,235.56683
2002-01-20,213.14713,213.73596,212.00832,213.68385,212.03912,209.91815
2002-01-21,200.95258,201.22095,199.30753,202.38226,200.14381,197.46573
2002-01-22,167.76096,169.81831,170.0339,168.04462,168.05101,167.65828
2002-01-23,167.80592,168.98553,168.33151,168.1546,167.25829,165.9781
2002-01-24,236.15613,236.56055,234.39691,236.85814,234.299,231.22151
2002-01-25,255.71402,254.89838,251.3146,259.9576,256.0056,251.50438
2002-01-26,212.35759,213.04657,211.421,209.71194,207.84944,205.51901
2002-01-27,228.41899,229.1868,227.46385,228.72969,226.77286,224.30331
2002-01-28,236.23506,237.43118,236.04591,240.46606,238.7934,236.57364
2002-01-29,206.68045,208.51561,208.08275,211.19916,210.52034,209.34555
2002-01-30,257.54932,257.66354,254.97472,259.10654,255.96506,252.25624
2002-01-31,230.86034,231.1247,228.87384,234.87807,232.2675,229.13725
2002-02-01,213.43996,213.01115,210.26381,218.47478,214.92632,210.9142
2002-02-02,204.10428,204.52052,202.70953,203.92432,201.8513,199.32158
2002-02-03,268.31824,268.49078,265.73874,270.25363,267.24377,263.63223
2002-02-04,276.09018,276.41003,273.71808,279.77353,276.6579,272.91803
2002-02-05,258.51587,260.2713,259.1889,267.0224,265.35287,263.0617
2002-02-06,230.67601,232.65965,232.10526,241.05847,239.98727,238.34528
2002-02-07,247.5451,249.9431,249.61331,256.94165,256.2727,254.98494
2002-02-08,286.36847,286.6049,283.71494,289.171,285.9586,282.09482
2002-02-09,267.332,269.12048,267.97076,271.67303,269.95636,267.60132
2002-02-10,207.16743,208.78236,208.1168,207.35162,206.69688,205.54109
2002-02-11,187.12949,189.11913,189.04166,188.48688,188.15302,187.35745
2002-02-12,204.70422,206.12016,205.28342,201.43019,200.54004,199.16544
2002-02-13,177.8317,179.32886,178.86511,178.6269,177.75974,176.46327
2002-02-14,179.63884,181.28712,180.95222,180.45303,179.77437,178.657
2002-02-15,231.5008,232.02847,230.01967,232.20576,229.96289,227.18074
2002-02-16,239.12111,239.8808,238.01707,246.75366,243.97035,240.6203
2002-02-17,221.66156,221.70697,219.32834,225.92834,223.28004,220.11333
2002-02-18,242.28386,243.38708,241.82637,244.71797,242.98668,240.66957
2002-02-19,211.90074,212.7633,211.29663,213.44586,211.72969,209.50511
2002-02-20,303.78644,304.07895,301.04367,306.11453,302.76584,298.70364
2002-02-21,251.60791,254.01945,253.64508,254.51558,253.62738,252.10574
2002-02-22,286.31772,286.2335,283.01596,290.84506,287.4027,283.28345
2002-02-23,281.8872,284.24878,283.49152,282.68594,282.20853,281.01245
2002-02-24,289.45776,290.83743,289.02777,291.06247,289.39557,287.01038
2002-02-25,263.39417,264.795,263.29068,261.661,260.0205,257.73502
2002-02-26,304.89886,306.47354,304.68475,304.86646,303.27844,300.92957
2002-02-27,233.79643,236.66492,236.92995,230.12769,230.27808,229.82388
2002-02-28,228.36436,229.34,227.79764,226.19809,224.54501,222.3333
2002-03-01,284.25424,283.83115,280.2963,288.35324,284.58554,280.13818
2002-03-02,318.8243,318.4941,314.67062,323.7967,319.75565,314.94455
2002-03-03,234.25826,234.93195,233.02472,238.02501,235.71634,232.82549
2002-03-04,241.8412,241.21487,237.94276,241.3885,238.10301,234.24504
2002-03-05,297.416,298.50137,296.30438,301.00775,298.7409,295.718
2002-03-06,200.9417,201.90524,200.6468,202.52962,201.07497,199.1081
2002-03-07,215.08296,215.70909,213.96208,218.55478,216.46294,213.82751
2002-03-08,265.0975,264.92966,261.8502,266.2985,263.197,259.4426
2002-03-09,284.4777,284.56256,281.51782,287.3075,283.807,279.60263
2002-03-10,286.10767,284.79468,280.35483,295.82193,290.62088,284.72748
2002-03-11,229.67525,231.25058,230.27359,230.39124,229.20396,227.41151
2002-03-12,197.36288,198.82109,198.08339,201.49954,200.71759,199.39833
2002-03-13,242.46712,240.66151,236.21463,243.16582,238.48927,233.24551
2002-03-14,207.18079,206.97925,204.49846,208.06844,205.7032,202.81354
2002-03-15,220.22868,221.66231,220.64532,222.48723,221.3735,219.66438
2002-03-16,271.4598,269.69836,264.97287,274.05963,269.36502,264.0097
2002-03-17,290.1174,290.59238,287.8594,294.33044,291.23996,287.39188
2002-03-18,253.25015,253.74712,251.44122,255.60466,253.48888,250.6991
2002-03-19,207.44484,207.77263,205.8048,210.06067,207.8654,205.1243
2002-03-20,285.44083,283.6578,278.75275,289.51263,284.56485,278.90616
2002-03-21,237.79456,237.80525,235.18846,233.20943,230.55113,227.28645
2002-03-22,279.6841,279.36288,275.95575,282.7627,279.1456,274.7991
2002-03-23,270.99966,271.1982,268.39648,274.15207,271.1881,267.5009
2002-03-24,253.89288,256.04538,255.35124,256.24805,255.36064,253.74925
2002-03-25,200.78442,204.6705,206.2655,202.87207,204.1794,204.8629
2002-03-26,210.65741,210.28069,207.57806,212.69646,209.50813,205.77206
2002-03-27,221.96465,221.76213,219.10432,224.30925,221.43971,217.97794
2002-03-28,239.202,240.32759,238.78172,243.45168,241.85768,239.58105
2002-03-29,204.44118,202.96315,199.24518,206.79498,202.8677,198.42041
2002-03-30,282.43353,281.08844,276.63495,286.71008,282.02527,276.5975
2002-03-31,250.75673,252.81787,252.058,254.02719,253.2922,251.81203
2002-04-01,246.78511,245.24216,240.98781,249.14221,244.55428,239.3273
2002-04-02,215.75282,216.83315,215.49658,218.83102,217.37906,215.29945
2002-04-03,206.74272,207.91248,206.76263,209.4582,208.1828,206.30103
2002-04-04,282.59253,281.9435,278.16486,287.0925,282.955,278.04196
2002-04-05,294.03772,294.6776,292.0347,299.5712,296.96613,293.50534
2002-04-06,290.45087,291.4186,289.1356,293.84888,291.73233,288.7614
2002-04-07,262.07516,262.97958,260.9489,264.94156,262.8238,259.93756
2002-04-08,232.93542,234.8198,234.0732,231.94403,230.96416,229.2864
2002-04-09,225.9178,226.58612,224.72415,228.91342,226.9323,224.28506
2002-04-10,250.95572,250.79799,247.84598,255.1122,252.05724,248.27829
2002-04-11,301.29718,301.28217,297.9075,306.06937,302.74185,298.5332
2002-04-12,261.6404,261.48184,258.4076,266.0968,262.98932,259.118
2002-04-13,250.13446,251.18753,249.42807,253.9258,252.41771,250.14008
2002-04-14,261.04288,259.25098,254.58058,262.36786,257.79575,252.50287
2002-04-15,308.8024,307.63034,303.03305,313.49017,309.14108,303.89832
2002-04-16,289.88104,291.92264,290.68423,294.29056,293.05902,290.91107
2002-04-17,268.15024,266.91046,262.6989,274.57733,270.11322,264.87695
2002-04-18,220.99335,222.18803,220.88768,223.32626,222.33638,220.6471
2002-04-19,248.71553,248.64383,245.7921,254.256,251.54562,248.07724
2002-04-20,265.72144,266.3174,263.9285,269.05048,266.84952,263.8259
2002-04-21,244.14201,244.74762,242.60876,248.49437,246.28687,243.3213
2002-04-22,256.52722,256.72205,254.04153,262.18158,259.85922,256.73398
2002-04-23,258.8221,259.25714,256.78537,264.50208,261.69354,258.08438
2002-04-24,253.64519,253.83524,251.18088,258.82452,256.33374,253.0499
2002-04-25,248.75284,250.29315,249.01494,252.7113,251.38771,249.2578
2002-04-26,234.04459,235.43556,234.17526,237.35689,236.11867,234.12048
2002-04-27,233.11111,233.82431,231.91042,236.66519,234.71687,232.02736
2002-04-28,253.35828,254.14348,252.07268,257.06006,255.01593,252.16234
2002-04-29,263.9086,264.65543,262.4284,268.05682,265.73456,262.57068
2002-04-30,301.40515,299.98343,295.21317,306.60895,301.8066,296.09616
2002-05-01,297.27966,299.563,298.46484,299.7599,298.89395,297.035
2002-05-02,260.09488,261.35477,259.67154,267.32324,265.77383,263.35727
2002-05-03,327.99368,327.03308,322.4154,334.1149,329.47272,323.81647
2002-05-04,338.02243,337.97928,334.14667,344.21317,340.31818,335.3518
2002-05-05,340.46912,339.36462,334.4659,347.07687,342.29532,336.45377
2002-05-06,339.00217,338.3823,333.97433,343.8375,339.92215,334.93204
2002-05-07,348.24884,346.60046,341.08258,356.01556,350.3797,343.67093
2002-05-08,340.66187,341.302,338.1083,342.98157,340.18597,336.2833
2002-05-09,308.157,309.61227,307.5808,306.85947,304.77887,301.6943
2002-05-10,326.71268,325.82162,321.28693,329.8324,325.58853,320.3177
2002-05-11,345.65982,345.6497,341.76477,349.28702,345.60715,340.81555
2002-05-12,264.3578,265.42584,263.50742,267.33408,265.50784,262.8023
2002-05-13,238.73909,239.37427,237.31989,241.08838,239.05981,236.24721
2002-05-14,240.89256,241.22478,238.85034,243.29956,241.08186,238.07623
2002-05-15,255.41818,256.11664,253.93816,257.63968,255.70537,252.9241
2002-05-16,306.7839,305.22018,300.2541,309.28555,304.6875,299.13306
2002-05-17,326.82892,325.93555,321.40137,332.91025,328.6253,323.2913
2002-05-18,344.1126,345.6966,343.39288,353.4558,351.7255,348.80347
2002-05-19,341.65094,341.60425,337.73413,347.42462,343.6643,338.78705
2002-05-20,347.25998,347.09042,343.0383,352.85913,349.00674,344.01956
2002-05-21,312.71234,315.19656,314.1277,314.74652,313.86856,311.90784
2002-05-22,332.60672,330.8647,325.4408,337.33582,331.95285,325.52887
2002-05-23,336.1083,336.1124,332.35828,340.99347,337.41803,332.73868
2002-05-24,301.98093,301.1984,297.05774,306.19736,302.03366,296.90378
2002-05-25,319.53433,319.8937,316.67484,325.1798,322.33755,318.4255
2002-05-26,300.64627,303.45282,302.8396,310.02734,309.96564,308.81152
2002-05-27,292.39938,293.78204,291.8696,297.55682,295.701,292.84485
2002-05-28,319.76074,322.34833,321.31027,323.756,323.22638,321.56754
2002-05-29,327.42142,329.15237,327.1924,328.3684,327.63815,325.76727
2002-05-30,334.32288,334.15652,330.2656,334.89008,331.2245,326.47443
2002-05-31,361.38733,360.12735,354.8667,367.17548,362.14307,355.9487
2002-06-01,339.2929,340.97217,338.83414,342.03073,340.1895,337.1886
2002-06-02,288.95398,287.904,283.65897,295.99054,291.28,285.6501
2002-06-03,324.03265,323.2083,318.79507,330.65823,326.1092,320.51358
2002-06-04,313.29318,314.53256,312.25888,320.17184,317.8431,314.4448
2002-06-05,299.31897,300.0793,297.49417,303.07217,300.67465,297.26993
2002-06-06,308.11765,308.5754,305.59818,312.75543,309.9424,306.0992
2002-06-07,323.99954,323.74228,319.891,328.4698,324.7399,319.9492
2002-06-08,337.6559,337.12677,332.85974,343.0082,338.81064,333.51355
2002-06-09,371.69077,370.90875,366.01846,378.39127,374.00592,368.4014
2002-06-10,340.70554,344.7444,344.91534,340.4701,341.09836,340.50668
2002-06-11,327.53256,330.2112,329.1998,329.57678,328.728,326.73798
2002-06-12,341.07504,341.56885,338.27234,343.18726,340.29797,336.27463
2002-06-13,342.41852,346.73663,347.16803,347.17743,347.86563,347.31006
2002-06-14,311.93863,312.3726,309.34406,316.79117,313.87506,309.91977
2002-06-15,324.0138,324.1568,320.71198,329.60605,326.41693,322.15128
2002-06-16,318.43118,319.2414,316.513,322.4103,319.876,316.27356
2002-06-17,326.0609,326.14365,322.62122,330.72803,327.2833,322.76605
2002-06-18,348.50168,348.33862,344.32993,352.1031,348.25583,343.27225
2002-06-19,368.1713,367.81912,363.4103,374.44135,370.07028,364.4991
2002-06-20,358.41577,358.20547,354.04538,364.67612,360.70462,355.55753
2002-06-21,358.96252,358.61166,354.31027,364.9533,360.679,355.2369
2002-06-22,375.24786,374.3432,369.3227,381.98303,377.0967,371.0001
2002-06-23,374.91217,375.96295,372.86154,378.69913,375.84018,371.72946
2002-06-24,378.98154,378.5999,374.0547,386.65833,382.21564,376.53638
2002-06-25,331.50412,332.1104,329.05637,332.39618,329.6585,325.8299
2002-06-26,302.2795,302.66733,299.72296,306.34717,303.39557,299.4508
2002-06-27,315.315,315.20593,311.634,319.6237,316.08704,311.5273
2002-06-28,355.5267,355.10376,350.7849,362.30215,358.177,352.89627
2002-06-29,342.4562,342.89642,339.5678,349.09357,345.97162,341.7147
2002-06-30,347.46487,347.54108,343.80356,353.5366,349.9973,345.31976
2002-07-01,352.72388,352.56882,348.54938,358.64093,354.758,349.72916
2002-07-02,364.88998,364.1891,359.50433,371.17725,366.6449,360.94147
2002-07-03,355.9213,357.097,354.349,360.73572,358.2058,354.48953
2002-07-04,358.61212,358.557,354.57727,363.3724,359.6211,354.7076
2002-07-05,364.8731,364.43887,360.02182,369.5356,365.1918,359.68137
2002-07-06,370.86832,370.118,365.32816,376.57785,371.70966,365.66553
2002-07-07,380.31085,378.6996,372.9661,387.7362,381.701,374.4832
2002-07-08,385.79208,385.74655,381.48785,392.51956,388.5208,383.27106
2002-07-09,382.22412,383.51883,380.61313,387.56226,384.9632,381.0952
2002-07-10,392.48154,393.7329,390.6751,398.81125,396.20847,392.29968
2002-07-11,370.57507,371.70593,368.77142,376.45532,373.7088,369.7385
2002-07-12,349.82034,349.68365,345.73688,354.00278,350.157,345.1949
2002-07-13,368.3592,367.5884,362.82098,373.83792,368.89505,362.79788
2002-07-14,318.6682,320.60046,319.02228,320.4733,318.7945,316.06088
2002-07-15,302.6346,303.70123,301.452,306.39966,304.14444,300.899
2002-07-16,319.80322,320.1145,316.94086,326.1167,323.1438,319.1333
2002-07-17,337.60852,337.85864,334.43344,343.57092,340.37863,336.09637
2002-07-18,369.76382,369.22797,364.6857,373.4545,369.40598,364.18933
2002-07-19,372.29236,371.84705,367.3682,378.97903,374.87778,369.59277
2002-07-20,368.78854,367.71335,362.6578,374.50577,369.67664,363.69955
2002-07-21,378.85422,379.0961,375.2231,384.00357,380.87537,376.52493
2002-07-22,368.86853,368.82886,364.79056,370.43457,366.70605,361.81863
2002-07-23,376.94778,376.73465,372.441,383.01462,378.81293,373.42392
2002-07-24,338.46686,339.1962,336.24454,341.14294,338.37283,334.52203
2002-07-25,352.14288,351.58017,347.21707,359.33365,355.0276,349.62067
2002-07-26,378.04724,377.29123,372.46048,385.80658,380.77768,374.57928
2002-07-27,365.12085,365.1111,361.15326,370.7975,367.17975,362.409
2002-07-28,363.17026,364.21548,361.31406,368.55145,365.74213,361.7688
2002-07-29,372.87012,372.9899,369.07935,379.73965,376.01538,371.1151
2002-07-30,372.49826,373.00986,369.48932,380.6753,377.4198,372.97556
2002-07-31,372.8188,372.84024,368.8382,375.93076,372.4118,367.7289
2002-08-01,376.81955,377.48785,374.07852,381.64362,378.8114,374.7811
2002-08-02,365.30307,365.11136,360.98584,370.28403,366.36508,361.3158
2002-08-03,382.42432,382.6845,378.81937,387.42975,384.2674,379.9011
2002-08-04,385.38644,385.40857,381.28052,389.33194,385.61853,380.71133
2002-08-05,389.43073,389.9857,386.3386,395.0275,391.98804,387.72165
2002-08-06,392.36752,392.0913,387.60037,397.97736,393.8224,388.46146
2002-08-07,383.2972,382.72754,378.04883,385.85098,381.3521,375.69846
2002-08-08,378.60648,377.1203,371.59592,382.20715,377.14597,370.9587
2002-08-09,374.88568,372.2604,365.66165,379.98758,373.5483,366.02725
2002-08-10,381.99893,380.763,375.45184,385.77982,380.73886,374.5651
2002-08-11,380.63287,381.3234,377.9176,386.65424,383.24194,378.6565
2002-08-12,350.15247,351.4517,348.97165,357.31702,355.0093,351.59918
2002-08-13,354.30518,354.06216,350.02786,359.4483,355.46512,350.41684
2002-08-14,369.71115,369.18637,364.71298,374.83612,370.48328,365.02753
2002-08-15,372.04965,371.66467,367.30563,379.02182,374.97632,369.80984
2002-08-16,361.506,361.5945,357.81485,367.51907,363.76672,358.92627
2002-08-17,367.9267,368.17377,364.48322,375.29944,371.63376,366.85596
2002-08-18,321.93698,322.52628,319.66492,325.5692,322.7922,319.04343
2002-08-19,299.70947,301.079,299.22235,303.07928,301.4876,298.9697
2002-08-20,285.94086,286.5357,284.06805,288.26035,286.0614,283.00073
2002-08-21,295.53186,294.46127,290.25943,294.96277,291.33685,286.8652
2002-08-22,345.67072,343.09305,336.88022,347.68585,341.52582,334.41745
2002-08-23,381.19672,382.4325,379.58463,386.78073,383.88797,379.84824
2002-08-24,370.61053,372.82977,371.0622,375.63446,373.83414,370.8993
2002-08-25,355.6039,358.6107,357.77792,357.7807,357.17383,355.46323
2002-08-26,342.0697,342.87,340.01843,344.91168,342.3117,338.69934
2002-08-27,349.6628,349.5547,345.7332,354.4489,350.54697,345.6373
2002-08-28,320.17523,321.62607,319.65002,321.51303,319.6835,316.90253
2002-08-29,309.5031,309.3121,305.83987,314.6787,311.04294,306.52274
2002-08-30,353.5847,353.36905,349.40707,360.01892,356.16266,351.29102
2002-08-31,331.16956,333.16452,331.61273,334.2173,332.73462,330.2633
2002-09-01,319.01486,320.1062,317.79822,322.96066,320.66226,317.43225
2002-09-02,332.2611,332.4107,329.03992,338.54858,335.21494,330.92993
2002-09-03,361.6489,360.99646,356.5291,366.01843,361.72913,356.43088
2002-09-04,365.58795,364.08365,358.74026,371.37222,366.50424,360.62845
2002-09-05,358.434,357.64532,353.0827,366.83084,361.8473,355.87604
2002-09-06,326.59195,328.63052,327.1838,330.3909,329.03088,326.71262
2002-09-07,308.6322,309.23895,306.57727,312.0077,309.33707,305.79688
2002-09-08,340.0773,340.53625,337.39957,345.68176,342.59872,338.55893
2002-09-09,292.38873,294.35406,293.20273,294.03226,292.87238,290.86853
2002-09-10,338.29092,338.017,334.18323,342.95132,339.19205,334.507
2002-09-11,347.85257,348.67178,345.81384,347.0913,344.44476,340.83875
2002-09-12,276.3622,278.06845,276.83698,273.52286,272.325,270.3542
2002-09-13,266.11987,267.1892,265.44122,268.26553,266.4741,263.94144
2002-09-14,339.9536,338.4255,333.34924,342.68298,337.62723,331.69046
2002-09-15,355.01108,356.34772,353.9319,358.31808,355.4966,351.70288
2002-09-16,300.97934,301.49188,298.8353,301.24445,298.74304,295.43048
2002-09-17,304.49316,305.7767,303.8433,309.03867,306.95673,304.03543
2002-09-18,312.85727,313.93985,311.72278,317.1268,314.891,311.7997
2002-09-19,328.55832,327.14865,322.31714,332.87906,327.81866,321.92346
2002-09-20,366.181,366.31857,362.61664,371.1076,367.35028,362.62515
2002-09-21,343.8057,344.19797,340.98294,350.913,347.3307,342.83774
2002-09-22,308.1664,308.16232,304.93213,314.42856,310.3861,305.54916
2002-09-23,272.85382,274.9925,274.24222,276.6033,276.17697,274.98737
2002-09-24,250.95013,251.54576,249.50734,253.83102,251.58592,248.6831
2002-09-25,292.99503,293.2803,290.49805,300.00906,296.7343,292.69876
2002-09-26,325.0906,325.95963,323.41812,330.0772,327.2878,323.64774
2002-09-27,279.4772,282.29053,282.14145,282.53104,282.27942,281.25757
2002-09-28,298.66492,305.7075,309.5243,299.6026,303.56992,306.63467
2002-09-29,331.42807,339.6216,344.23196,334.82632,339.5404,343.2443
2002-09-30,309.93198,316.9797,320.68793,312.75787,316.60623,319.52655
2002-10-01,276.53873,277.48517,275.5334,278.28745,276.1926,273.39026
2002-10-02,260.22702,261.48856,260.01846,262.5797,261.00095,258.7492
2002-10-03,288.18698,286.73157,282.29413,291.34708,286.9547,281.8732
2002-10-04,304.59866,305.5946,303.4026,307.83215,305.37656,302.15103
2002-10-05,309.296,310.2797,308.02765,312.47748,309.95416,306.65323
2002-10-06,316.25778,317.0217,314.48154,321.28568,318.32373,314.57294
2002-10-07,264.18933,265.6718,264.38293,267.76346,266.3817,264.32324
2002-10-08,269.8464,271.68546,270.69006,272.80414,271.6038,269.7126
2002-10-09,292.71973,293.43365,291.09177,296.8069,294.20285,290.87622
2002-10-10,292.91852,293.01654,290.066,296.1822,292.85147,288.81723
2002-10-11,312.74664,313.81415,311.61398,320.86377,318.4707,315.2943
2002-10-12,310.52243,311.34402,308.92514,315.3824,312.69626,309.2497
2002-10-13,321.38458,322.12384,319.51138,324.31277,321.4666,317.84323
2002-10-14,305.88834,308.81274,308.5174,308.4001,308.0196,306.85724
2002-10-15,273.03662,274.43436,272.97498,275.24683,273.77295,271.62592
2002-10-16,225.10219,227.24205,227.01358,221.77344,221.34962,220.37059
2002-10-17,270.54483,272.48553,271.58856,267.6317,266.4875,264.68796
2002-10-18,256.40704,258.69128,258.28064,255.72844,255.02808,253.69626
2002-10-19,224.12941,225.43488,224.39395,225.90273,224.56317,222.68163
2002-10-20,258.00107,258.5216,256.35403,263.3953,260.84906,257.69196
2002-10-21,265.35913,266.47742,264.82343,269.33533,267.06943,264.17456
2002-10-22,300.97186,300.1726,296.2555,309.07983,304.4137,299.06747
2002-10-23,300.01224,300.2754,297.4169,308.4307,304.9091,300.68954
2002-10-24,296.71832,296.93213,294.05896,302.1731,298.69812,294.54205
2002-10-25,262.74307,263.72882,261.97083,267.88165,265.40857,262.32214
2002-10-26,246.75839,247.07301,244.81828,252.7447,249.76308,246.21667
2002-10-27,248.03172,248.55363,246.49011,250.283,247.7384,244.6286
2002-10-28,288.22186,289.43658,287.63904,292.37677,290.1959,287.34198
2002-10-29,251.51074,253.53165,252.91185,253.4128,252.50447,250.99629
2002-10-30,253.6385,256.5511,256.78973,254.27975,254.25244,253.6086
2002-10-31,234.124,236.6091,236.62822,234.4236,234.02242,233.06136
2002-11-01,283.91727,285.52127,284.15125,283.64316,282.05408,279.80963
2002-11-02,285.36636,287.66293,286.9615,288.76166,287.905,286.36893
2002-11-03,263.19562,263.02234,260.11044,266.06827,262.9938,259.3366
2002-11-04,243.56735,245.41861,244.71124,246.17848,244.96616,243.18631
2002-11-05,266.9318,268.19348,266.65942,274.48248,272.49234,269.8825
2002-11-06,279.36136,283.40402,284.48834,277.83618,279.41275,280.29858
2002-11-07,215.21227,217.32472,217.16925,216.81212,216.43192,215.54297
2002-11-08,273.0265,273.52103,271.1627,277.97003,275.42596,272.2681
2002-11-09,255.67485,257.80728,257.24823,263.31027,262.16946,260.42572
2002-11-10,224.86531,226.48961,225.74881,226.37888,225.3052,223.71587
2002-11-11,236.16782,239.03348,239.40126,236.9057,236.91763,236.37073
2002-11-12,245.08667,247.38203,247.092,246.20699,245.64873,244.52094
2002-11-13,242.79915,245.7743,246.17947,244.72495,244.7938,244.28654
2002-11-14,242.44794,244.86786,244.72676,243.51605,242.9989,241.91989
2002-11-15,243.0583,245.12042,244.61815,244.5585,243.55695,242.0006
2002-11-16,248.29446,250.28783,249.6618,248.89932,247.89597,246.32867
2002-11-17,275.48474,275.96353,273.5539,275.97366,273.281,269.99188
2002-11-18,327.35574,328.84702,326.8944,329.8597,328.2754,325.95053
2002-11-19,341.08374,342.26242,339.85526,346.5541,343.86847,340.42383
2002-11-20,302.42212,304.6417,303.66776,306.99622,305.63962,303.59363
2002-11-21,272.07614,273.58557,272.2258,278.23584,276.66864,274.4834
2002-11-22,232.95776,235.0598,234.69533,238.61134,238.15865,237.16093
2002-11-23,253.31602,253.98749,251.99298,255.73741,253.35283,250.41803
2002-11-24,308.031,307.6466,304.03165,311.44025,307.58676,303.08063
2002-11-25,242.27121,245.48785,246.12477,244.63214,244.8669,244.53264
2002-11-26,228.1338,230.12166,229.69025,231.75598,231.1567,230.03317
2002-11-27,212.83174,215.03596,214.97833,220.41803,219.78069,218.64641
2002-11-28,229.3258,231.4119,231.06268,229.77371,229.0105,227.73146
2002-11-29,262.2727,264.43237,263.8079,264.049,262.74026,260.84677
2002-11-30,228.22443,229.19638,227.75381,229.44054,227.68373,225.42993
2002-12-01,206.29424,206.88188,205.28893,210.25246,208.60735,206.50774
2002-12-02,231.333,232.68716,231.58742,231.13435,229.63374,227.62851
2002-12-03,268.38348,270.26395,269.2927,267.28662,266.26996,264.6577
2002-12-04,273.77884,274.8076,272.93497,278.13992,275.76544,272.79422
2002-12-05,250.77922,251.65591,249.87413,260.5763,258.29367,255.4533
2002-12-06,256.3528,255.22237,251.39377,263.1319,259.11047,254.55571
2002-12-07,288.1334,288.58017,285.97482,293.23672,290.24478,286.63297
2002-12-08,242.19246,244.95874,245.13347,244.46298,244.2443,243.46979
2002-12-09,209.26772,210.42253,209.34949,210.03877,208.66675,206.8377
2002-12-10,244.10335,245.51668,244.32915,245.28589,243.68398,241.54852
2002-12-11,200.9166,202.43271,201.80324,205.9533,204.78154,203.15886
2002-12-12,249.47443,251.23863,250.33841,248.18205,247.17142,245.6105
2002-12-13,254.98386,256.14166,254.58115,262.42892,260.1624,257.3348
2002-12-14,286.60037,289.3384,289.00464,289.2968,288.63654,287.32605
2002-12-15,218.55363,221.69444,222.48077,226.67822,227.00592,226.80951
2002-12-16,221.81953,223.97578,223.75146,226.58409,226.07056,225.04758
2002-12-17,238.62738,238.2749,235.38708,242.65811,239.14134,235.13004
2002-12-18,256.06885,257.29803,255.7887,260.18204,258.63928,256.5278
2002-12-19,284.90414,285.3544,282.7652,287.99268,285.41687,282.2264
2002-12-20,241.27379,245.10802,246.33183,243.89912,244.86244,245.25089
2002-12-21,198.51173,199.9113,199.17964,199.0894,198.0092,196.49176
2002-12-22,231.36827,234.18704,234.50839,233.06416,233.12415,232.64923
2002-12-23,264.9083,266.7078,265.66058,267.63144,266.60938,264.99164
2002-12-24,244.5577,245.24593,243.31444,250.24365,248.31474,245.84535
2002-12-25,218.05981,220.36243,220.31076,219.38066,218.96861,218.06046
2002-12-26,224.46378,225.74512,224.6126,226.23273,224.8173,222.90704
2002-12-27,243.42802,247.07877,248.08746,239.07964,240.11734,240.58804
2002-12-28,236.9273,239.10983,238.73323,240.78198,239.89897,238.47784
2002-12-29,208.74692,210.75116,210.49854,213.70566,213.24237,212.29564
2002-12-30,272.10095,272.3323,269.64417,276.89297,273.87714,270.2762
2002-12-31,252.56221,254.0191,252.75212,260.17334,258.66254,256.57864
2003-01-01,292.33548,292.58173,289.6861,296.98764,293.89883,290.17838
2003-01-02,235.25302,238.08849,238.36752,232.81712,233.14345,232.92639
2003-01-03,189.213,191.84744,192.42108,183.68222,183.96793,183.82404
2003-01-04,248.33383,249.49654,247.9763,248.07333,246.24622,243.87675
2003-01-05,264.24298,266.85434,266.5954,268.4667,267.8003,266.52356
2003-01-06,220.22127,221.9882,221.36592,224.38243,223.5338,222.17961
2003-01-07,229.67964,229.90517,227.65396,233.55116,230.79448,227.54362
2003-01-08,266.5134,264.6652,259.9631,271.58774,266.44553,260.76178
2003-01-09,279.9768,281.21896,279.42902,284.8513,282.99432,280.50687
2003-01-10,199.60205,202.79591,203.80345,200.75926,201.47429,201.70891
2003-01-11,185.77069,187.29597,186.80019,188.72066,187.66316,186.18382
2003-01-12,185.60748,187.0709,186.51466,186.21014,185.32166,184.01364
2003-01-13,241.04114,242.68135,241.70015,241.24048,239.96075,238.139
2003-01-14,201.8238,203.11482,202.21071,202.06297,200.39555,198.28401
2003-01-15,231.42409,233.53134,233.11377,232.50742,231.68816,230.33765
2003-01-16,190.57515,193.87968,195.08772,193.26456,194.39958,195.06023
2003-01-17,179.47397,181.44537,181.45335,178.2688,178.0593,177.43375
2003-01-18,233.9432,235.5499,234.60622,233.57181,232.45831,230.81381
2003-01-19,237.81372,239.0367,237.67026,239.32196,237.50851,235.16202
2003-01-20,186.62589,185.92874,183.21616,186.7857,183.81314,180.45174
2003-01-21,225.69403,226.22667,224.30641,227.94333,225.63324,222.82426
2003-01-22,246.87321,248.39026,247.21315,251.23788,249.79047,247.7725
2003-01-23,231.06834,230.31723,227.06673,233.37086,229.6781,225.49661
2003-01-24,271.90967,274.32562,273.76367,276.82565,276.2223,274.97006
2003-01-25,309.9984,309.34662,305.33536,314.299,310.28098,305.5852
2003-01-26,312.89273,314.8475,313.38174,316.972,315.78635,313.86392
2003-01-27,206.88582,210.20045,211.23038,208.71889,209.46356,209.69432
2003-01-28,198.24886,198.92873,197.44585,202.21332,200.17897,197.69601
2003-01-29,235.20686,235.30276,232.83972,237.73909,235.00134,231.74146
2003-01-30,223.65813,227.39272,228.65251,226.50514,227.4443,227.81981
2003-01-31,249.43611,248.89162,245.6389,249.36395,245.99246,242.08034
2003-02-01,210.24174,212.66977,212.7817,214.66913,214.62366,214.05893
2003-02-02,259.30283,258.87912,255.63676,262.86652,259.46994,255.49817
2003-02-03,263.88092,267.09283,267.39362,267.40594,267.66074,267.25992
2003-02-04,211.74048,212.92747,211.79375,212.86833,211.42482,209.489
2003-02-05,249.57767,251.3017,250.28558,249.58972,248.3336,246.49068
2003-02-06,273.3977,273.64648,270.91187,274.6851,271.64587,267.9906
2003-02-07,239.973,242.29366,241.97,240.67564,240.12251,238.98833
2003-02-08,186.57465,189.33215,190.0217,183.7975,184.12509,183.99359
2003-02-09,215.07887,216.51324,215.58376,213.9549,212.83156,211.20114
2003-02-10,215.15465,216.57164,215.62335,214.87277,213.65169,211.92178
2003-02-11,188.32327,189.47426,188.55537,188.16045,187.02888,185.45181
2003-02-12,169.20175,170.5657,170.06528,169.31595,168.64445,167.56429
2003-02-13,182.20374,183.8622,183.51,182.63188,182.12927,181.18027
2003-02-14,206.59337,207.63872,206.41396,206.79495,205.71205,204.13237
2003-02-15,264.60992,263.2792,259.07376,263.31314,258.83688,253.78708
2003-02-16,274.28955,277.0891,276.85483,275.73468,275.38693,274.35132
2003-02-17,196.13345,197.00943,195.72977,199.2841,197.5828,195.41159
2003-02-18,185.45743,186.86415,186.22441,187.00049,186.06165,184.66745
2003-02-19,187.31403,189.06358,188.7412,188.4333,187.79402,186.68837
2003-02-20,243.56413,244.4908,242.74022,246.49303,244.37958,241.67986
2003-02-21,251.26552,255.46046,256.84946,257.3986,259.083,260.07452
2003-02-22,234.42604,239.15532,241.2545,240.56604,242.6571,244.08784
2003-02-23,227.89548,228.35272,226.30824,228.62712,226.37738,223.5845
2003-02-24,211.74498,213.9084,213.72287,211.99162,211.66797,210.80284
2003-02-25,191.41547,193.03038,192.52573,191.5716,190.72635,189.4015
2003-02-26,184.81227,186.17033,185.484,185.76251,184.7565,183.28769
2003-02-27,203.13838,204.41829,203.45331,200.31235,199.26024,197.70656
2003-02-28,192.21254,194.88141,195.40459,182.51437,183.12227,183.23868
2003-03-01,171.10184,172.08397,171.17523,171.2373,169.91238,168.16458
2003-03-02,193.15675,194.65207,194.00638,194.7812,193.74068,192.20744
2003-03-03,203.70349,205.30258,204.64256,205.43225,204.6007,203.24188
2003-03-04,213.51674,215.33508,214.78242,215.75055,215.02791,213.74614
2003-03-05,206.44858,208.00868,207.27827,207.45293,206.54727,205.10637
2003-03-06,214.12518,215.58336,214.66727,214.82933,213.64078,211.9012
2003-03-07,215.05286,216.93272,216.42075,214.5688,213.99002,212.84546
2003-03-08,178.76913,180.47226,180.18407,180.24368,179.85759,178.99205
2003-03-09,219.17241,219.90862,218.22324,221.54024,220.01651,217.92415
2003-03-10,197.16046,198.98125,198.60472,200.87186,200.59259,199.77118
2003-03-11,220.62206,219.8049,216.57278,222.20868,218.75146,214.76205
2003-03-12,247.52887,249.06084,247.84348,250.9407,249.58197,247.56271
2003-03-13,199.16797,200.83438,200.28067,201.14087,200.40465,199.12877
2003-03-14,265.05698,264.63132,261.2924,271.48605,268.05286,263.94324
2003-03-15,303.55835,304.39706,301.8765,305.45224,303.01636,299.7837
2003-03-16,299.14487,300.24936,298.0374,299.4939,297.49747,294.70734
2003-03-17,284.73364,285.75467,283.61804,286.9861,284.9787,282.20953
2003-03-18,253.19194,251.81789,247.67297,254.7388,250.19519,245.03613
2003-03-19,244.00963,242.7535,238.82484,248.95341,244.26883,238.98569
2003-03-20,303.56705,303.11365,299.3154,308.7778,305.00116,300.43134
2003-03-21,279.29657,285.46625,288.4442,276.95242,280.4048,282.98218
2003-03-22,229.89987,232.41216,232.33984,231.58696,231.16159,230.07915
2003-03-23,240.78607,240.00688,236.5786,248.56235,244.56923,239.95125
2003-03-24,228.79636,229.73645,228.12881,235.0809,233.6743,231.61761
2003-03-25,260.47784,261.96753,260.54788,270.91058,269.27902,266.8951
2003-03-26,292.93372,294.3161,292.43015,298.83917,297.22415,294.77084
2003-03-27,334.0816,333.91998,330.0603,338.46838,334.49237,329.6142
2003-03-28,320.5912,321.32275,318.488,326.8497,323.48022,319.22403
2003-03-29,306.36163,307.08398,304.3962,311.963,309.04175,305.26297
2003-03-30,263.12677,264.53647,263.00137,265.43698,263.49594,260.8085
2003-03-31,231.9188,231.77121,229.05246,234.57983,231.77531,228.33481
2003-04-01,301.0425,299.3919,294.42947,304.0657,298.9958,293.13293
2003-04-02,307.80237,308.87122,306.50085,309.90833,307.6444,304.4968
2003-04-03,191.98201,193.31541,192.49017,194.30136,193.44994,192.02777
2003-04-04,196.82004,196.64218,194.27943,198.67928,196.11122,192.99915
2003-04-05,225.62512,225.00165,221.88042,226.32933,223.17714,219.40805
2003-04-06,243.7663,243.6705,240.86386,246.1154,243.39145,239.97585
2003-04-07,255.5137,256.79565,255.20827,259.36722,257.8488,255.56407
2003-04-08,257.72147,258.9697,257.32324,262.05527,260.53375,258.23425
2003-04-09,299.9459,299.4888,295.6985,305.06403,301.32727,296.73062
2003-04-10,323.9289,323.03323,318.54434,329.67365,325.21402,319.83188
2003-04-11,315.2441,314.6845,310.62042,323.12814,319.25974,314.47018
2003-04-12,304.97418,303.7479,299.14355,311.44373,306.66776,301.02698
2003-04-13,327.94806,326.54544,321.51077,335.15704,330.25098,324.4041
2003-04-14,282.18735,285.88293,286.35403,284.89465,285.58472,285.34625
2003-04-15,265.49246,266.26047,264.04782,269.11932,266.84552,263.76678
2003-04-16,287.06787,286.84244,283.41428,290.1903,286.8303,282.62238
2003-04-17,319.0717,319.45444,316.26337,324.37473,321.17673,317.01257
2003-04-18,293.3928,293.12207,289.57672,302.5393,298.65643,293.89236
2003-04-19,267.47144,268.70016,266.91248,268.4273,266.61218,263.96945
2003-04-20,287.70212,289.346,287.7376,289.4097,288.02374,285.72717
2003-04-21,303.8152,303.88385,300.55136,308.8592,305.20416,300.6309
2003-04-22,279.71097,284.32135,285.70538,278.03906,279.12567,279.26736
2003-04-23,261.55273,262.08566,259.6792,264.1848,261.6693,258.34653
2003-04-24,292.95712,293.01367,289.78836,296.92932,293.61725,289.4074
2003-04-25,309.5247,309.69016,306.3852,314.76328,311.79175,307.851
2003-04-26,326.8317,326.8052,323.1177,332.98022,329.23666,324.48026
2003-04-27,246.5908,247.49118,245.60947,252.9152,251.11877,248.52267
2003-04-28,217.77266,218.42075,216.61456,221.19208,219.40019,216.91267
2003-04-29,269.31122,268.68185,265.0472,274.70953,271.0602,266.58224
2003-04-30,316.32004,316.27042,312.67587,320.34213,317.08658,312.83508
2003-05-01,311.48254,311.1248,307.2826,310.1108,306.71097,302.3508
2003-05-02,311.34842,309.97162,305.1334,316.9697,313.04318,308.14444
2003-05-03,322.36725,321.75433,317.53995,326.66187,322.65817,317.64874
2003-05-04,316.80368,317.04135,313.72147,314.6559,311.65076,307.6513
2003-05-05,331.16107,331.8933,328.89618,333.26758,331.15247,327.95294
2003-05-06,361.657,363.99875,362.23453,366.71564,365.71457,363.48163
2003-05-07,282.25882,285.1157,284.74573,285.06522,284.85098,283.6618
2003-05-08,256.85138,258.61487,257.46002,258.26578,257.07486,255.02563
2003-05-09,283.04126,282.3796,278.55872,288.51627,284.61606,279.82443
2003-05-10,319.88834,318.68802,313.9273,326.25406,321.58514,315.91306
2003-05-11,357.44427,357.10587,352.76773,362.94446,358.70334,353.31824
2003-05-12,320.72784,322.5532,320.7437,325.0213,323.43436,320.76126
2003-05-13,255.14452,255.73366,253.45036,257.522,255.48087,252.59883
2003-05-14,303.0536,301.93472,297.44427,300.23532,296.2476,291.3214
2003-05-15,321.75903,320.49826,315.6601,324.35144,319.73682,314.1151
2003-05-16,326.92252,325.81442,321.06848,330.12607,325.88608,320.60712
2003-05-17,335.41397,335.07858,330.99408,336.4147,332.76218,328.0312
2003-05-18,270.79282,272.10175,270.3499,272.92914,271.43558,269.02606
2003-05-19,265.88785,266.0681,263.26804,269.5014,266.6471,262.9247
2003-05-20,300.2492,301.2983,298.96423,306.0692,303.98373,300.87988
2003-05-21,323.85178,322.75702,318.06305,327.81613,323.1756,317.5085
2003-05-22,354.16104,354.57428,351.01727,359.71014,356.4072,351.92813
2003-05-23,330.56854,333.7835,333.23172,338.62036,338.5546,337.29797
2003-05-24,326.0705,327.88324,326.0116,328.78787,327.0228,324.14682
2003-05-25,313.4388,312.12723,307.34225,319.22162,315.05948,309.8844
2003-05-26,318.6779,318.73935,315.24,325.32764,322.105,317.82172
2003-05-27,333.89102,334.1579,330.69098,341.75143,338.7447,334.61282
2003-05-28,345.88626,345.34683,340.9589,350.75494,346.54526,341.21072
2003-05-29,326.38626,325.48032,320.95303,325.13773,321.1768,316.1743
2003-05-30,344.1539,340.6915,333.46732,352.80624,346.19058,338.50705
2003-05-31,355.75916,353.9581,348.23105,364.0116,358.4627,351.77704
2003-06-01,358.99826,358.94086,354.88477,363.7057,359.80386,354.72144
2003-06-02,318.29434,317.68387,313.542,318.3615,314.57477,309.7645
2003-06-03,358.84155,359.0976,355.35352,362.4125,358.8177,354.03824
2003-06-04,342.12717,341.83304,337.73865,343.97134,340.24472,335.40207
2003-06-05,336.44296,338.2115,336.1996,337.057,335.69925,333.18607
2003-06-06,337.22186,337.94836,334.91046,342.5742,339.5489,335.39374
2003-06-07,326.6628,327.21683,324.12946,331.947,328.7967,324.5576
2003-06-08,293.44363,293.3726,290.04453,297.46237,294.91513,291.38498
2003-06-09,296.63422,297.68442,295.41928,304.30298,302.3581,299.39014
2003-06-10,318.17886,318.15283,314.59784,324.2627,321.433,317.5338
2003-06-11,327.3604,327.57526,324.15594,334.5783,331.9061,328.12408
2003-06-12,308.93158,308.70575,305.06152,314.678,311.2074,306.71902
2003-06-13,322.20084,321.80966,317.85855,323.0894,319.29327,314.4589
2003-06-14,365.44803,365.159,360.83093,372.06836,367.87543,362.4825
2003-06-15,347.53897,347.16678,342.95776,354.0309,350.08896,345.0045
2003-06-16,357.50922,357.2009,352.9462,364.5849,360.94626,356.12045
2003-06-17,347.3539,346.31735,341.46466,353.09415,348.13422,342.06357
2003-06-18,377.31107,377.08304,372.69254,382.81967,378.90536,373.7484
2003-06-19,372.44006,372.41522,368.2795,377.47705,373.62872,368.5556
2003-06-20,358.76242,362.0078,361.22455,365.13702,364.688,362.96762
2003-06-21,368.3114,369.6864,366.97034,374.38004,371.82465,368.02264
2003-06-22,330.2261,332.48724,331.06012,334.62723,333.30402,330.84167
2003-06-23,339.97345,339.25946,334.81635,341.7285,337.60132,332.38583
2003-06-24,367.6686,365.96515,360.25122,373.18503,367.169,360.00543
2003-06-25,367.6601,367.67853,363.65158,373.56042,369.73126,364.69614
2003-06-26,350.38013,351.4237,348.59207,356.13025,353.44073,349.57703
2003-06-27,342.30234,342.18616,338.31067,348.16443,344.2153,339.1543
2003-06-28,347.9325,347.1854,342.63278,354.91144,350.409,344.78674
2003-06-29,348.25977,347.0219,341.9876,352.17822,347.44733,341.61322
2003-06-30,383.29248,382.39096,377.30356,388.83652,384.16318,378.25848
2003-07-01,377.5691,377.2916,372.87994,386.13617,381.5861,375.81207
2003-07-02,379.18777,377.5441,371.78003,389.28635,383.12418,375.7709
2003-07-03,382.78372,382.4305,377.89215,389.04306,384.82657,379.3698
2003-07-04,384.90558,386.65607,384.15555,391.1934,389.86185,387.20804
2003-07-05,377.3966,379.26636,376.967,383.40417,381.65887,378.63058
2003-07-06,338.99734,339.47754,336.24045,341.44296,338.49994,334.4521
2003-07-07,340.52576,339.78424,335.3368,343.88147,339.79736,334.63126
2003-07-08,368.1216,368.36154,364.57523,370.08255,366.75748,362.2413
2003-07-09,358.91516,357.84848,352.88596,363.46088,358.9522,353.30762
2003-07-10,387.29324,387.02518,382.53683,394.12787,389.88522,384.39554
2003-07-11,373.05283,373.4481,369.76657,378.86606,375.49878,370.9156
2003-07-12,384.14,385.0117,381.6778,389.88403,386.75064,382.35904
2003-07-13,380.61597,382.2741,379.75082,385.55762,383.40204,379.9793
2003-07-14,313.5062,314.49237,312.0442,319.63358,317.33408,313.99878
2003-07-15,338.92654,338.63104,334.65344,350.30728,346.3801,341.35583
2003-07-16,347.4003,348.09097,344.98856,356.60947,354.43347,351.09494
2003-07-17,350.38916,351.54214,348.8619,354.15735,352.54108,349.75787
2003-07-18,333.2159,332.95508,329.07922,336.85385,333.6468,329.37457
2003-07-19,327.7526,327.23746,323.1739,328.7966,325.45966,321.08997
2003-07-20,318.90067,319.90598,317.42908,322.3134,320.27914,317.20218
2003-07-21,331.205,331.63437,328.46188,335.53314,332.54852,328.5025
2003-07-22,351.4219,349.77237,344.34683,355.80685,350.81073,344.73785
2003-07-23,369.43716,369.13022,364.8262,373.17166,369.47226,364.60593
2003-07-24,376.83197,375.94153,370.98804,382.14206,377.86005,372.3977
2003-07-25,389.66245,388.97522,384.084,395.47318,390.857,385.0261
2003-07-26,369.99158,371.4045,368.78525,375.2453,372.71094,368.97885
2003-07-27,341.58728,342.9145,340.5206,343.1065,340.77927,337.35907
2003-07-28,355.41818,356.09137,352.90936,357.93246,354.77066,350.48944
2003-07-29,383.26648,383.3962,379.38315,388.2848,384.40097,379.3167
2003-07-30,383.0723,384.57068,381.9025,386.26285,384.14343,380.78766
2003-07-31,378.72006,379.6303,376.43527,382.98953,380.31036,376.42236
2003-08-01,374.0,374.28415,370.52893,379.4629,376.0366,371.43454
2003-08-02,330.04904,333.13,332.59085,334.40274,334.35773,333.20352
2003-08-03,313.65085,314.6788,312.30685,317.65955,315.56158,312.464
2003-08-04,349.197,347.99963,343.06635,350.04648,345.51932,339.9487
2003-08-05,370.76517,370.4109,366.0736,373.71072,369.55658,364.2738
2003-08-06,370.75775,371.5816,368.4011,375.92993,373.03207,368.96933
2003-08-07,356.6874,356.98773,353.44772,361.83072,358.22025,353.51163
2003-08-08,351.1713,351.84256,348.72745,352.49677,349.5014,345.4257
2003-08-09,348.95154,348.89847,345.09933,350.1306,346.51,341.83493
2003-08-10,376.12744,375.86023,371.56168,379.59543,375.48965,370.24796
2003-08-11,377.32608,377.7323,374.08328,381.26865,377.85205,373.27982
2003-08-12,357.85855,358.16782,354.63477,363.51974,360.2066,355.79572
2003-08-13,374.14954,374.56384,370.9613,382.25116,378.9292,374.4519
2003-08-14,372.3239,373.28278,370.23615,378.71524,375.88916,371.91006
2003-08-15,379.33627,380.6873,377.95248,384.29797,381.61243,377.75552
2003-08-16,378.24008,377.67496,373.0754,385.16394,380.65652,375.02286
2003-08-17,370.71136,369.77887,364.9017,375.89392,371.3057,365.6261
2003-08-18,366.86816,365.93533,361.10123,371.7896,367.30768,361.74796
2003-08-19,363.45493,363.3162,359.29956,369.25674,365.14844,359.96448
2003-08-20,365.27814,365.43073,361.68277,371.2683,367.45477,362.5553
2003-08-21,367.18143,367.34305,363.5859,372.47757,368.7892,364.01135
2003-08-22,372.22888,372.08533,367.9774,377.7278,373.5124,368.20688
2003-08-23,369.32742,369.01315,364.7709,374.53534,370.32202,365.03204
2003-08-24,368.35992,368.32385,364.36728,373.026,369.03036,363.96103
2003-08-25,371.78845,371.6019,367.46347,378.22253,373.98816,368.67303
2003-08-26,374.2843,374.21426,370.16605,381.21097,377.1079,371.91528
2003-08-27,374.755,375.2427,371.73932,380.945,377.58206,373.1163
2003-08-28,357.9659,358.554,355.3298,360.49225,357.9142,354.28183
2003-08-29,356.54156,355.97934,351.64343,360.20953,356.3152,351.40213
2003-08-30,325.0273,326.0833,323.6726,326.09235,324.03098,321.01608
2003-08-31,335.83102,337.33878,335.25922,337.6236,335.56766,332.5261
2003-09-01,323.96298,325.52014,323.61722,325.8438,323.99994,321.20505
2003-09-02,336.45993,335.9316,331.8507,341.8806,337.52292,332.22766
2003-09-03,338.4162,339.90106,337.77856,341.44778,340.28677,338.1185
2003-09-04,321.42175,320.79517,316.7809,323.92438,319.34378,313.8919
2003-09-05,352.1735,349.79984,343.74652,360.8531,355.10916,348.41318
2003-09-06,348.1501,346.6582,341.51553,353.58716,348.24866,341.97412
2003-09-07,364.4422,362.80334,357.34634,371.3339,365.74377,359.17407
2003-09-08,349.08765,348.63324,344.50418,353.24286,349.05396,343.911
2003-09-09,376.33783,376.2349,372.16602,379.40778,375.35526,370.27194
2003-09-10,364.4122,365.495,362.71945,369.669,366.81046,362.9268
2003-09-11,310.99625,311.64392,309.00546,314.59332,311.75983,308.06653
2003-09-12,309.89902,310.99014,308.8011,313.49408,311.15067,307.94315
2003-09-13,287.68228,289.7937,288.84344,290.86404,289.88074,288.07227
2003-09-14,298.74048,298.00244,294.13623,300.81754,296.96976,292.33536
2003-09-15,327.20593,325.83704,321.05304,338.0161,332.92944,326.97952
2003-09-16,328.3795,329.7147,327.57938,334.1584,332.291,329.50366
2003-09-17,338.8262,339.67386,336.95148,341.93192,339.13144,335.4132
2003-09-18,326.8836,327.82794,325.32788,330.29153,327.68213,324.18793
2003-09-19,338.78372,338.66876,335.0037,345.31693,341.70273,337.1867
2003-09-20,354.99747,357.85187,356.9401,357.7358,357.76917,356.7899
2003-09-21,346.37152,348.46942,346.9058,347.90796,346.60483,344.3501
2003-09-22,374.6586,374.99634,371.40646,380.83456,377.69736,373.5598
2003-09-23,338.57263,340.71646,339.2836,338.49814,337.10052,334.7877
2003-09-24,344.14355,344.7525,341.75253,348.36404,345.24612,341.22632
2003-09-25,297.05728,297.63525,295.09872,299.71994,296.93723,293.38403
2003-09-26,360.03543,360.05188,356.30585,364.60464,360.85587,356.1816
2003-09-27,367.30927,368.05487,364.95242,373.4537,370.0849,365.7622
2003-09-28,304.95688,305.38135,302.61536,307.3643,304.52307,300.90152
2003-09-29,271.90576,273.09955,271.43744,275.07336,273.27676,270.76917
2003-09-30,310.8408,310.7281,307.3741,314.60925,310.95874,306.5318
2003-10-01,323.34964,324.0246,321.3172,327.42468,324.7516,321.25043
2003-10-02,270.90265,272.24222,270.7377,273.47537,271.8461,269.51562
2003-10-03,280.10126,281.05374,279.07306,283.10986,280.89633,277.97076
2003-10-04,294.07608,294.255,291.36746,299.22137,296.07214,292.19016
2003-10-05,328.0895,327.89682,324.28967,334.85135,330.99045,326.31985
2003-10-06,365.06662,365.01724,361.1673,376.33505,372.54507,367.83755
2003-10-07,339.16962,339.50583,336.30652,345.9059,342.74844,338.74448
2003-10-08,305.2469,304.9309,301.4426,307.97626,304.18607,299.665
2003-10-09,325.66168,324.95416,320.8681,332.023,327.62366,322.44577
2003-10-10,312.367,312.26447,308.91382,317.67368,313.84027,309.2575
2003-10-11,318.68,320.20816,318.40054,322.84814,320.9072,318.1687
2003-10-12,261.90915,265.3019,265.92435,264.08228,264.59085,264.40808
2003-10-13,270.93295,272.12704,270.4878,274.94473,273.14285,270.66998
2003-10-14,241.91147,242.34485,240.25732,243.51208,240.99588,237.90575
2003-10-15,244.90282,245.38644,243.31772,246.74406,244.46768,241.60657
2003-10-16,294.01248,294.91287,292.74515,296.98676,294.5257,291.358
2003-10-17,293.34628,293.93726,291.47147,296.85336,293.9032,290.25882
2003-10-18,303.91513,303.47137,299.87485,309.24716,305.06076,300.1752
2003-10-19,309.9822,313.51343,313.77695,311.2594,311.8605,311.6677
2003-10-20,263.1178,263.72327,261.58627,265.2109,262.25388,258.6893
2003-10-21,245.57089,247.58134,247.0137,251.45155,250.55194,249.04195
2003-10-22,244.82164,246.91434,246.4358,253.11215,252.38313,251.03838
2003-10-23,284.64478,284.5277,281.45358,285.81073,282.46835,278.48068
2003-10-24,314.44913,314.31726,310.9185,320.02902,316.34375,311.93723
2003-10-25,291.9571,295.77423,296.50854,293.56497,294.48138,294.6575
2003-10-26,264.59583,265.9625,264.56122,267.1493,265.39932,263.0261
2003-10-27,242.54236,243.41269,241.75034,244.8611,243.01556,240.60504
2003-10-28,321.44385,321.5152,318.2428,327.61017,324.038,319.73267
2003-10-29,283.24274,281.65927,277.14896,289.4775,284.50293,278.91617
2003-10-30,270.0851,270.627,268.35263,272.6556,269.9496,266.63193
2003-10-31,311.15295,312.35825,310.31143,315.30713,313.242,310.45184
2003-11-01,222.7599,224.50885,223.91847,223.8956,223.01056,221.60144
2003-11-02,280.67062,280.18387,276.7811,284.32626,280.4925,276.04453
2003-11-03,282.80447,284.20374,282.6417,289.06137,287.09967,284.47974
2003-11-04,271.9549,272.58865,270.38245,281.23123,278.6975,275.53632
2003-11-05,256.15143,255.41176,252.012,262.6381,258.92307,254.64793
2003-11-06,255.20978,255.98505,254.0916,259.8259,257.26602,254.1332
2003-11-07,295.3171,294.0314,289.68192,302.675,297.70874,292.11227
2003-11-08,294.09134,295.4645,293.755,297.30652,295.86963,293.7531
2003-11-09,219.2243,220.83835,220.14706,220.22578,219.15463,217.58127
2003-11-10,269.05597,271.63773,271.3824,274.0265,273.5656,272.4655
2003-11-11,293.9598,298.54526,300.0101,302.41476,304.27063,305.38025
2003-11-12,317.13058,316.7055,312.97324,321.72888,317.62967,312.8463
2003-11-13,310.45465,310.43784,307.17764,315.95444,312.48264,308.33038
2003-11-14,313.75626,313.75687,310.47803,320.18573,316.86298,312.84836
2003-11-15,254.8946,258.8834,260.1627,254.13121,254.96216,255.18347
2003-11-16,215.19466,217.44626,217.42188,216.46358,216.3604,215.75311
2003-11-17,271.11343,269.97076,266.00317,271.33896,266.95917,262.02353
2003-11-18,313.44156,314.31326,311.89355,317.6396,314.54034,310.75574
2003-11-19,295.57806,296.89517,295.10162,299.94412,297.40018,294.20312
2003-11-20,227.67422,229.75473,229.42659,227.9435,227.48608,226.50719
2003-11-21,223.84157,226.68135,227.14337,224.19856,224.26715,223.81436
2003-11-22,215.47137,217.55359,217.35297,216.65784,216.09045,215.03098
2003-11-23,246.58263,248.5425,247.89322,253.4099,252.43196,250.88461
2003-11-24,209.90106,212.07877,212.02899,212.43796,212.3594,211.79112
2003-11-25,188.42766,190.44661,190.4643,189.0278,188.76161,188.06352
2003-11-26,200.56555,202.84651,202.99489,202.01987,201.82039,201.15834
2003-11-27,208.61415,210.4577,210.08759,210.03246,209.1732,207.84483
2003-11-28,285.00156,285.25998,282.51654,289.55502,286.19937,282.2353
2003-11-29,280.84375,281.98657,280.16034,293.41614,291.03732,288.02472
2003-11-30,279.02417,278.7353,275.50992,287.2323,284.33765,280.8329
2003-12-01,289.12115,290.85257,289.51828,289.7134,288.36627,286.37692
2003-12-02,289.2735,290.60287,288.86755,296.06662,294.24478,291.77484
2003-12-03,253.73325,255.91307,255.39267,256.9391,256.35852,255.19852
2003-12-04,231.10585,231.99016,230.42514,232.22556,231.25162,229.76204
2003-12-05,282.25223,281.60394,277.9805,285.90793,282.05908,277.6215
2003-12-06,283.47552,285.36115,284.23074,289.9318,288.4424,286.3146
2003-12-07,261.47504,261.99088,259.7358,267.63205,265.2816,262.35883
2003-12-08,222.052,224.32935,224.2333,229.1903,228.51256,227.32185
2003-12-09,243.62286,245.84302,245.46057,242.408,241.97685,240.99838
2003-12-10,226.47801,228.21823,227.54099,228.99916,227.98889,226.47212
2003-12-11,232.16673,232.5393,230.44669,235.63892,234.05096,231.95139
2003-12-12,265.23236,262.9917,257.9604,265.2208,259.54834,253.36696
2003-12-13,316.61136,317.8783,315.7717,320.17426,317.8157,314.76553
2003-12-14,229.08365,234.98126,238.38586,229.8762,232.87097,235.28845
2003-12-15,191.8533,193.85973,193.80693,194.77321,194.29027,193.37016
2003-12-16,191.96332,193.20247,192.38782,195.26167,194.15016,192.61116
2003-12-17,256.8043,257.10562,254.67159,261.60434,259.23495,256.30792
2003-12-18,224.91968,223.63586,219.97057,228.59619,224.43697,219.82632
2003-12-19,220.66275,221.53526,220.04836,222.74797,220.76509,218.30661
2003-12-20,289.74506,290.61844,288.39474,297.15332,294.58643,291.38358
2003-12-21,295.56592,295.17575,291.63736,302.06726,298.4543,294.21198
2003-12-22,312.28387,312.9607,310.29828,316.5776,313.76987,310.28537
2003-12-23,312.55994,313.09595,310.28915,318.5259,315.58813,311.97104
2003-12-24,287.23184,289.01913,287.71973,292.7729,291.28915,289.1598
2003-12-25,256.16736,256.50778,254.1063,262.38333,259.88284,256.82358
2003-12-26,237.59889,239.5615,238.96289,242.69975,241.92303,240.60272
2003-12-27,203.067,205.74303,206.2188,205.01067,205.32,205.15315
2003-12-28,228.67508,231.49033,231.82843,232.8611,232.46898,231.5485
2003-12-29,220.64375,221.9467,220.87236,220.08797,218.543,216.51859
2003-12-30,249.22499,252.37245,252.81631,249.71478,250.04784,249.80042
2003-12-31,186.65314,189.82289,190.9585,187.29071,187.97855,188.22308
2004-01-01,192.44788,192.28883,190.06468,196.97604,194.46123,191.53554
2004-01-02,207.86961,209.53024,208.9406,211.90883,210.9699,209.55786
2004-01-03,188.9678,191.1856,191.34941,190.18001,189.94762,189.2796
2004-01-04,233.33017,235.20409,234.5492,239.43394,237.8203,235.6806
2004-01-05,227.73448,230.09222,229.97514,232.767,232.04964,230.80553
2004-01-06,221.58965,221.83627,219.69437,224.04604,221.35158,218.18451
2004-01-07,226.27292,227.14392,225.56833,225.42058,223.97171,222.0247
2004-01-08,251.59341,252.66373,251.0112,254.6797,252.67674,250.11668
2004-01-09,234.70071,236.3148,235.38132,244.45909,242.99936,240.99619
2004-01-10,263.5866,263.604,260.7772,271.59976,268.62775,265.0748
2004-01-11,222.53459,225.72966,226.48965,224.7411,225.2451,225.21579
2004-01-12,190.68153,191.88712,191.02089,191.28922,190.12508,188.5344
2004-01-13,253.47356,256.56046,256.87665,251.14816,252.08952,252.4266
2004-01-14,209.09418,210.44087,209.51324,212.00377,210.74875,209.01906
2004-01-15,226.25575,228.048,227.37465,228.33727,227.26476,225.67525
2004-01-16,197.75322,198.80762,197.71129,199.48407,198.18741,196.44475
2004-01-17,230.35434,232.23988,231.61209,232.46507,231.29425,229.59688
2004-01-18,229.67516,230.3838,228.5977,234.60587,232.20078,229.28519
2004-01-19,241.58025,241.73819,239.27718,244.36499,241.76222,238.62856
2004-01-20,232.56575,232.32915,229.5743,239.95172,237.33516,234.19757
2004-01-21,233.50826,233.40184,230.76462,239.81082,236.53242,232.7443
2004-01-22,254.47183,254.30429,251.37817,256.1682,253.30775,249.89041
2004-01-23,275.04633,275.00583,271.98105,280.04712,276.807,272.95905
2004-01-24,227.11786,227.0733,224.56367,228.42955,225.66982,222.4155
2004-01-25,243.12592,242.41685,239.07521,243.46574,239.90196,235.82137
2004-01-26,232.90681,232.26334,229.09662,230.71144,227.67734,224.14633
2004-01-27,215.75934,215.07024,212.0439,214.58818,211.72485,208.39922
2004-01-28,182.50563,184.0407,183.57474,180.46689,179.87177,178.85399
2004-01-29,215.50572,214.22002,210.60495,218.36809,214.68222,210.53824
2004-01-30,197.1517,197.94673,196.58815,198.86,196.92014,194.5362
2004-01-31,202.31679,202.5578,200.59448,202.77501,200.38826,197.55534
2004-02-01,207.451,209.44073,209.14973,207.90231,207.37032,206.34444
2004-02-02,266.43958,266.54294,263.74393,268.72876,266.08743,262.84262
2004-02-03,225.78545,231.51213,234.71373,227.87885,230.96034,233.4297
2004-02-04,153.89394,152.93245,150.30537,154.0246,150.97426,147.60524
2004-02-05,152.83594,154.15971,153.80237,152.40662,151.83806,150.90749
2004-02-06,179.18573,182.60677,184.03418,182.83136,183.89755,184.49539
2004-02-07,229.88094,232.65977,232.89899,234.15868,233.95026,233.17023
2004-02-08,237.24304,237.25374,234.67659,246.3867,243.86072,240.77571
2004-02-09,240.73946,241.3172,239.2614,247.7603,245.83112,243.32675
2004-02-10,226.80927,224.6627,220.06685,229.61896,224.91696,219.7365
2004-02-11,221.27684,222.9396,222.16652,226.70198,225.8271,224.40599
2004-02-12,216.83,217.75703,216.30502,220.36353,218.62315,216.36766
2004-02-13,248.3939,247.29398,243.49472,251.50194,247.183,242.31993
2004-02-14,214.57681,217.3492,217.74263,217.5049,217.55623,217.06177
2004-02-15,191.85236,193.27118,192.57556,196.25316,195.24924,193.77203
2004-02-16,176.2292,178.19928,178.21797,181.07011,180.98486,180.44505
2004-02-17,206.83682,207.08847,205.07547,206.82881,204.97827,202.64171
2004-02-18,247.50775,251.64511,253.02193,250.3153,251.60143,252.2274
2004-02-19,218.57211,220.32993,219.67377,226.19322,225.75606,224.75243
2004-02-20,225.45627,225.43883,222.95477,228.23744,225.28139,221.8026
2004-02-21,220.38809,218.40034,214.02711,226.3259,221.44646,216.08649
2004-02-22,255.97105,255.02191,251.28339,262.25607,258.53757,254.22122
2004-02-23,221.41559,221.00989,218.18517,223.7058,221.11287,217.9965
2004-02-24,233.13225,233.62088,231.54926,235.85605,233.21002,230.00853
2004-02-25,267.92252,269.61902,268.35663,271.5218,269.96985,267.74545
2004-02-26,214.05894,217.04126,217.63597,215.61285,216.13902,216.09279
2004-02-27,206.20226,207.3315,206.18436,206.8461,205.5702,203.78036
2004-02-28,239.21695,239.40602,236.96933,246.48424,243.3827,239.69977
2004-02-29,231.05632,232.5894,231.56612,238.09601,236.86649,235.03604
2004-03-01,244.0438,244.1595,241.5959,244.26279,241.67921,238.50493
2004-03-02,264.2567,266.189,265.19272,263.78043,262.48834,260.52405
2004-03-03,201.81905,203.88115,203.69707,202.21677,201.72214,200.69952
2004-03-04,261.54126,258.75055,253.12923,265.3518,259.6603,253.38199
2004-03-05,299.65942,299.2949,295.6439,306.0146,302.10724,297.46304
2004-03-06,300.15747,300.84048,298.2146,306.25516,303.5773,300.13223
2004-03-07,228.10162,230.85725,231.0631,231.0833,231.31816,230.92236
2004-03-08,246.44778,246.23154,243.30847,247.48619,244.60962,241.12366
2004-03-09,282.8445,284.2777,282.5771,284.7026,282.97934,280.517
2004-03-10,201.19426,204.3966,205.33443,204.30983,205.28851,205.68529
2004-03-11,236.62506,235.08525,230.96498,241.05788,236.6167,231.6112
2004-03-12,221.18735,221.32129,219.01718,224.4051,221.99185,219.01233
2004-03-13,211.51086,213.03596,212.20616,214.00478,213.33037,212.07681
2004-03-14,222.52898,222.88564,220.78394,226.53027,224.05618,221.00632
2004-03-15,241.91965,242.13957,239.68852,246.90254,244.5859,241.63028
2004-03-16,245.98239,245.91289,243.13126,248.77919,245.97125,242.5275
2004-03-17,312.75684,311.8398,307.487,320.59082,316.14633,310.89786
2004-03-18,262.8626,265.59723,265.38388,262.21255,262.11917,261.2831
2004-03-19,249.19469,248.76187,245.58432,249.9967,246.80461,242.97348
2004-03-20,262.68417,265.187,264.74463,265.2431,264.92557,263.85498
2004-03-21,221.55705,221.84857,219.68607,223.45493,220.88385,217.72961
2004-03-22,232.59573,234.10852,233.02281,234.68494,232.97371,230.62381
2004-03-23,222.9661,222.97052,220.50818,227.66597,224.96196,221.66028
2004-03-24,242.13881,243.01976,241.20511,241.0875,239.47395,237.1947
2004-03-25,196.99147,198.84816,198.49043,198.73708,198.2638,197.21863
2004-03-26,245.33867,244.73006,241.41449,248.51434,245.20503,241.24272
2004-03-27,273.54257,274.2143,271.84213,277.91425,275.5303,272.3808
2004-03-28,265.51398,266.01242,263.55777,269.01926,266.42087,263.08496
2004-03-29,243.23317,244.08258,242.21815,247.44443,245.7982,243.45226
2004-03-30,232.71568,234.3946,233.4598,229.88162,228.86635,227.18532
2004-03-31,215.79749,216.65405,215.09868,218.74188,217.20567,215.04704
2004-04-01,263.52545,263.6468,260.83847,266.36407,263.37503,259.6522
2004-04-02,241.03671,240.81108,237.911,243.66881,240.84108,237.34126
2004-04-03,304.74286,305.90994,303.66678,309.34644,307.52612,304.80444
2004-04-04,244.01366,246.17236,245.57571,244.40472,243.56737,241.99965
2004-04-05,207.4718,208.948,208.08708,209.44197,208.43732,206.81108
2004-04-06,228.82726,229.53918,227.68988,229.01,227.03943,224.40813
2004-04-07,287.40732,287.7154,284.81644,289.5894,286.85095,283.27948
2004-04-08,270.49124,271.3699,269.2175,271.59,269.90836,267.41943
2004-04-09,291.34393,290.98254,287.3806,295.21985,291.6013,287.14694
2004-04-10,276.0752,278.54834,277.89398,279.18173,278.69113,277.33182
2004-04-11,219.67163,221.7292,221.2953,221.27707,220.59657,219.23212
2004-04-12,288.9886,287.052,281.9288,291.70743,286.37292,280.24692
2004-04-13,298.17926,296.36758,291.26324,302.87772,297.5479,291.3874
2004-04-14,330.94473,332.20264,329.7391,335.71988,333.6282,330.5131
2004-04-15,261.73474,264.33234,263.95316,264.53323,264.20828,263.03934
2004-04-16,296.7532,298.4817,296.8584,302.15417,300.54547,298.00113
2004-04-17,344.47968,343.46738,338.62442,352.85345,347.9413,342.01132
2004-04-18,335.68994,335.0375,330.6443,344.02176,339.5433,334.06036
2004-04-19,336.56873,334.81018,329.32266,343.6847,338.1711,331.67752
2004-04-20,320.77225,320.59662,316.83508,324.82977,321.57904,317.347
2004-04-21,303.06775,305.6222,304.73145,307.57114,307.2925,306.0076
2004-04-22,260.81094,261.97012,260.1852,264.77222,263.21414,260.82153
2004-04-23,286.9308,285.32526,280.53998,287.88754,283.41727,278.10983
2004-04-24,323.13443,322.34393,317.95062,324.25287,320.01096,314.80185
2004-04-25,318.23212,318.5971,315.3892,321.04156,317.88678,313.74344
2004-04-26,287.61728,287.04492,283.26184,292.5185,288.83585,284.27097
2004-04-27,266.5163,265.88483,262.27985,269.71744,266.0481,261.57004
2004-04-28,298.0287,298.6857,295.98828,304.03442,301.02628,297.07358
2004-04-29,256.88525,257.33124,254.88805,260.47275,258.08362,254.8778
2004-04-30,284.41302,284.15155,280.70706,287.00177,283.90103,279.91034
2004-05-01,300.5433,301.14545,298.365,303.31158,300.79092,297.30682
2004-05-02,302.0055,302.15683,298.9186,305.57364,302.4141,298.298
2004-05-03,327.0023,326.0919,321.5342,330.86334,326.33792,320.80368
2004-05-04,352.26535,350.32605,344.4782,357.41028,351.28607,344.10272
2004-05-05,333.8594,331.5723,325.59073,337.43906,331.3042,324.17627
2004-05-06,336.37073,335.61066,331.09506,336.40778,332.48492,327.51047
2004-05-07,315.10672,315.3977,312.14902,317.55157,314.60864,310.65027
2004-05-08,234.63531,235.12312,232.9695,237.4143,235.30762,232.43759
2004-05-09,230.43367,231.50949,229.97841,233.47212,232.15843,230.07208
2004-05-10,240.44391,240.5997,238.05661,244.37263,241.87172,238.59096
2004-05-11,297.08093,295.90625,291.42703,300.1104,295.57733,290.12433
2004-05-12,318.6778,319.9604,317.64337,322.06207,320.34393,317.55157
2004-05-13,315.20453,315.8774,313.00348,319.25644,316.59775,312.89835
2004-05-14,307.2007,308.44458,306.2194,311.53784,309.7051,306.8345
2004-05-15,297.70776,298.41824,295.7783,305.87665,303.39667,299.9147
2004-05-16,300.59537,300.87405,297.78015,304.85617,302.09122,298.33423
2004-05-17,320.7379,317.14587,310.04114,325.20358,318.04877,309.9484
2004-05-18,311.25574,312.93213,311.0876,315.17084,313.52817,310.8243
2004-05-19,301.3273,300.9392,297.1874,305.18463,301.53552,296.91357
2004-05-20,353.43503,352.2743,347.18478,360.20175,355.09537,348.86118
2004-05-21,332.1712,335.21463,334.47595,333.8188,333.421,331.85928
2004-05-22,276.17313,278.8998,278.47867,278.72623,278.2173,276.74048
2004-05-23,286.49188,290.07254,290.37238,290.0058,290.22684,289.41974
2004-05-24,316.48206,315.06232,310.1376,321.17328,316.7032,311.22165
2004-05-25,321.69495,322.27777,319.25464,326.54556,323.62292,319.62726
2004-05-26,315.45822,314.07916,309.2083,318.5134,313.64505,307.78418
2004-05-27,328.49884,327.925,323.69748,332.7486,328.62384,323.43558
2004-05-28,351.0965,350.64865,346.29373,358.53595,354.31027,348.93216
2004-05-29,358.3291,357.2957,352.2891,360.3352,355.5875,349.6947
2004-05-30,364.37964,364.03754,359.64127,370.6395,366.55597,361.2725
2004-05-31,351.63858,353.68967,351.77777,351.47266,350.4731,348.25772
2004-06-01,285.055,287.33142,286.3832,284.24756,283.13705,281.0512
2004-06-02,279.78653,280.48608,278.0558,283.56604,281.1883,277.87186
2004-06-03,294.7595,292.98178,287.9635,302.77832,296.94812,290.20447
2004-06-04,288.57877,288.7842,285.77582,292.60922,289.74295,285.91916
2004-06-05,292.82535,293.11536,290.14404,296.7176,293.89688,290.10294
2004-06-06,314.07532,315.09937,312.61163,318.21295,316.29636,313.3063
2004-06-07,314.81964,315.61627,312.89954,319.48444,316.92355,313.30228
2004-06-08,311.36325,311.86594,308.9018,315.10153,312.26956,308.40024
2004-06-09,330.66956,330.02673,325.7299,336.78888,332.50818,327.15268
2004-06-10,353.0372,353.23288,349.5101,356.0745,352.8621,348.4785
2004-06-11,309.64288,308.76465,304.47443,309.27393,305.2852,300.31174
2004-06-12,372.4229,371.639,366.74753,376.39688,371.8123,366.02243
2004-06-13,382.31686,381.8281,377.11786,389.6026,385.1821,379.50595
2004-06-14,361.00653,362.01306,359.00372,369.5889,367.09503,363.36496
2004-06-15,362.17636,361.1323,356.10626,367.87317,363.02673,357.0139
2004-06-16,359.566,359.9435,356.33917,364.5244,361.3562,356.98907
2004-06-17,354.90845,354.09946,349.3881,361.25146,356.5783,350.75873
2004-06-18,363.80542,364.31946,360.8062,367.517,364.4907,360.25266
2004-06-19,308.8771,309.08575,305.88208,310.52203,307.60947,303.6833
2004-06-20,369.494,368.91388,364.27206,373.32202,369.2,363.87683
2004-06-21,383.93353,382.92972,377.71658,393.98386,389.04407,382.8533
2004-06-22,346.61322,346.7904,343.14603,352.7624,349.77103,345.62238
2004-06-23,314.94272,315.6855,312.94525,319.14792,316.61554,313.03235
2004-06-24,317.96277,318.0515,314.64014,321.35983,318.26328,314.12402
2004-06-25,312.6181,313.6021,311.1274,315.63507,313.57455,310.46472
2004-06-26,318.7819,317.94138,313.6157,326.33792,321.6536,315.95316
2004-06-27,330.9638,328.97888,323.40152,336.90164,331.6442,325.34985
2004-06-28,318.15942,318.6369,315.61148,323.8715,321.173,317.4163
2004-06-29,323.87085,322.34036,317.2895,328.08838,323.1546,317.20807
2004-06-30,331.93857,331.55966,327.54904,338.68756,334.84845,329.93176
2004-07-01,328.62653,328.31146,324.4017,332.59985,328.91055,324.162
2004-07-02,332.1023,332.30893,328.87347,336.57678,333.3569,329.05276
2004-07-03,335.74915,334.34143,329.28833,341.0208,336.1025,330.1304
2004-07-04,363.62387,362.18118,356.79086,368.54208,363.5014,357.31592
2004-07-05,363.6046,365.04233,362.47324,366.31696,363.66547,359.81534
2004-07-06,343.90878,344.5763,341.4709,348.19577,345.73877,342.14212
2004-07-07,317.6223,315.66287,310.27557,316.49728,311.62186,305.78098
2004-07-08,321.2237,322.25888,319.76517,325.90787,323.82242,320.66724
2004-07-09,350.08963,350.5766,347.23322,353.9435,351.12817,347.16693
2004-07-10,354.3147,353.66324,349.16153,358.0159,353.7752,348.4132
2004-07-11,333.7298,333.88608,330.40143,332.06067,328.96594,324.81073
2004-07-12,322.58832,322.23538,318.37564,325.2812,322.03482,317.7565
2004-07-13,355.0349,353.33173,347.7987,356.31384,351.06625,344.7338
2004-07-14,362.94495,362.72296,358.5559,368.24594,364.68738,359.96075
2004-07-15,346.8111,346.18243,341.79477,349.05496,344.85693,339.57462
2004-07-16,380.74075,380.80704,376.7329,385.73132,382.12338,377.2923
2004-07-17,366.54282,365.86035,361.20963,372.2582,367.61505,361.82327
2004-07-18,375.26962,374.9886,370.63818,381.13397,377.47015,372.60394
2004-07-19,357.9998,357.30557,352.74014,355.60498,351.36243,346.021
2004-07-20,343.4441,340.1349,333.16882,345.73923,339.412,332.07474
2004-07-21,373.87823,370.53076,363.19913,381.8047,374.80893,366.69977
2004-07-22,386.2748,386.70004,382.93057,392.81433,389.70142,385.34003
2004-07-23,376.437,376.08142,371.65594,386.3548,382.08075,376.61194
2004-07-24,370.8083,370.6741,366.52856,376.4742,372.65857,367.67178
2004-07-25,337.50916,337.9897,334.80865,340.99908,338.12143,334.17
2004-07-26,344.3904,344.0985,340.0884,345.7001,341.9395,337.1138
2004-07-27,363.40668,362.26538,357.2198,366.2111,361.5173,355.7153
2004-07-28,379.47345,378.14163,372.73782,385.05527,379.7561,373.3033
2004-07-29,355.03256,355.03735,351.2089,359.19232,355.73032,351.1565
2004-07-30,351.94022,351.1798,346.63715,356.59824,352.11603,346.55875
2004-07-31,363.04062,363.66602,360.36328,369.0217,366.07114,361.9675
2004-08-01,311.907,311.2439,307.23206,314.0396,310.21835,305.45093
2004-08-02,356.82144,354.8987,349.17062,361.18518,355.61496,348.9885
2004-08-03,379.7196,379.84396,375.8771,384.57172,380.9075,376.06393
2004-08-04,376.87335,376.84235,372.75613,382.37454,378.53918,373.53864
2004-08-05,335.63132,336.79056,334.3165,338.53244,336.16,332.73267
2004-08-06,304.82224,305.09464,302.08475,309.17334,306.16367,302.21384
2004-08-07,319.78415,320.01996,316.8153,324.277,321.0379,316.81705
2004-08-08,328.92963,329.10788,325.75052,333.9353,330.6736,326.4015
2004-08-09,340.8858,340.95743,337.36923,346.09363,342.6518,338.1668
2004-08-10,345.6736,345.3218,341.26923,350.99878,346.9883,341.9355
2004-08-11,360.307,360.58743,356.99982,365.16928,361.58145,356.89737
2004-08-12,338.6429,341.03525,339.7524,341.93954,340.8383,338.6574
2004-08-13,336.6304,336.78116,333.3244,340.75452,337.33264,332.89505
2004-08-14,363.53464,363.29593,359.1714,369.0223,365.06094,360.0088
2004-08-15,368.63156,368.30185,364.03592,373.8736,369.52887,364.09015
2004-08-16,374.65936,374.1175,369.58118,380.4171,375.8603,370.19678
2004-08-17,373.58426,375.0927,372.58105,377.84366,376.0689,373.131
2004-08-18,342.74045,343.05362,339.70142,347.56827,344.25516,339.9161
2004-08-19,344.25198,345.09515,342.2489,348.79626,345.99673,342.15793
2004-08-20,352.88104,352.7234,348.80554,356.95914,353.08807,348.181
2004-08-21,371.87332,371.58926,367.34723,377.52744,373.173,367.7325
2004-08-22,378.89664,378.56656,374.20694,385.81046,381.3967,375.87567
2004-08-23,387.601,387.45044,383.17664,394.23715,390.16226,384.94907
2004-08-24,382.4693,382.90897,379.27133,388.37347,385.1449,380.7797
2004-08-25,363.8595,364.19336,360.65237,367.07822,363.53055,358.92407
2004-08-26,388.77527,388.89307,384.87766,395.2658,391.35333,386.30673
2004-08-27,391.3642,391.5832,387.64206,397.85794,393.93015,388.86447
2004-08-28,363.86026,364.54962,361.3647,364.48334,361.85892,358.1726
2004-08-29,307.86325,306.35718,301.6133,310.48935,305.97144,300.60593
2004-08-30,342.28717,341.374,336.84918,346.2317,341.836,336.48337
2004-08-31,365.5543,363.8618,358.3274,368.49786,363.03015,356.56613
2004-09-01,367.19107,365.93015,360.8044,370.31387,365.14163,358.96442
2004-09-02,346.23898,345.04965,340.21808,350.72604,345.8033,339.9327
2004-09-03,338.5318,339.08383,336.0462,341.54312,338.09677,333.69965
2004-09-04,348.18765,349.78586,347.67603,351.7427,349.98694,347.2142
2004-09-05,330.53317,332.05157,330.05222,336.84946,334.753,331.69595
2004-09-06,329.07318,331.9332,331.2695,337.58594,337.3696,336.15106
2004-09-07,323.82977,325.81122,324.34198,325.43405,324.0568,321.7439
2004-09-08,302.95596,303.98044,301.79315,306.74872,304.5033,301.40103
2004-09-09,303.15234,303.94037,301.52057,306.69815,304.22693,300.90753
2004-09-10,334.88873,333.53253,328.6729,341.0492,336.1527,330.36542
2004-09-11,361.953,362.83273,359.88794,366.1666,363.41638,359.6572
2004-09-12,359.5362,360.03943,356.75232,364.47992,361.3551,357.23877
2004-09-13,361.38507,361.61194,358.03586,366.57925,362.84836,358.13754
2004-09-14,368.44565,368.0459,363.78152,376.56384,372.59415,367.625
2004-09-15,366.21674,366.07043,362.0808,369.90405,365.94122,361.00214
2004-09-16,354.74985,358.06946,357.61115,357.77628,357.51587,356.23627
2004-09-17,347.5675,349.42044,347.59702,348.8611,347.03366,344.25116
2004-09-18,349.56824,352.0637,350.85355,350.54144,349.29947,347.08884
2004-09-19,320.91904,321.44116,318.59186,323.9466,321.01733,317.23553
2004-09-20,279.01096,280.65674,279.3538,281.06894,279.66113,277.49222
2004-09-21,282.70703,283.6628,281.64374,286.0811,283.84567,280.85623
2004-09-22,293.3508,294.01355,291.59625,296.7486,294.1049,290.68936
2004-09-23,296.4621,297.05392,294.53574,298.7811,296.15933,292.76294
2004-09-24,250.62964,253.692,254.08646,247.85756,247.73415,246.92706
2004-09-25,265.1968,266.5675,265.14575,269.20438,267.71194,265.509
2004-09-26,304.19965,304.63153,301.8794,313.62775,310.82056,307.21185
2004-09-27,274.38525,275.3971,273.52875,276.67194,274.52612,271.66928
2004-09-28,279.00607,278.9276,275.93845,284.45163,280.80112,276.45297
2004-09-29,268.8662,269.76093,267.83716,270.7189,268.55283,265.69827
2004-09-30,283.1643,283.8986,281.66873,285.42648,282.8914,279.63867
2004-10-01,339.36398,338.60443,334.31818,343.02884,338.52728,333.197
2004-10-02,337.3128,340.82758,340.77527,340.60175,340.86322,340.20786
2004-10-03,312.38535,317.257,318.80292,318.18637,319.9567,320.84283
2004-10-04,324.1215,327.57245,327.59756,328.37256,328.4618,327.67786
2004-10-05,360.42883,359.60995,355.04984,364.11005,359.25742,353.5412
2004-10-06,345.18024,345.3663,341.95642,353.04083,349.36334,344.83118
2004-10-07,325.22598,326.27075,323.91595,335.1872,333.28998,330.55243
2004-10-08,307.52322,311.6094,312.43832,308.5103,309.21964,309.1093
2004-10-09,279.2821,281.77896,281.3356,279.93848,279.09662,277.5437
2004-10-10,275.54614,277.23727,276.03906,276.86215,275.3145,273.08063
2004-10-11,283.52402,284.30258,282.122,286.25513,283.80396,280.6629
2004-10-12,307.35645,307.66885,304.78122,311.6324,308.69467,305.0141
2004-10-13,279.9443,281.98978,281.09714,281.08508,279.93167,278.08142
2004-10-14,325.06683,324.75504,321.0682,330.71075,326.94815,322.41574
2004-10-15,333.04697,332.76797,329.0309,340.46088,336.57782,331.90536
2004-10-16,329.97864,328.8148,324.2366,336.22418,331.17914,325.3808
2004-10-17,334.00824,332.31387,327.1704,337.84967,332.49768,326.39697
2004-10-18,338.5994,338.8955,335.66873,339.8357,336.85568,333.07892
2004-10-19,339.57684,340.7943,338.46677,341.31195,338.92526,335.72952
2004-10-20,347.5522,349.04254,346.90164,350.54868,348.45496,345.52628
2004-10-21,321.62808,323.83002,322.661,323.13928,321.7628,319.6087
2004-10-22,262.9201,265.05014,264.42038,266.11057,265.14325,263.53452
2004-10-23,263.75876,263.9639,261.42477,267.47443,264.37766,260.67844
2004-10-24,269.17178,272.19153,272.3753,271.75497,271.792,271.15894
2004-10-25,264.60684,265.95483,264.53503,269.73965,268.0004,265.63138
2004-10-26,302.96545,303.86154,301.59634,313.77756,310.98065,307.46774
2004-10-27,286.41104,285.26315,281.15073,293.04248,288.12247,282.57877
2004-10-28,258.48572,257.85684,254.54701,265.66534,261.63113,257.02518
2004-10-29,286.9212,286.60074,283.29922,293.04663,289.39682,285.1034
2004-10-30,248.96135,252.04929,252.50957,254.24008,254.76042,254.65596
2004-10-31,282.88516,282.37177,278.92032,289.29553,285.35873,280.79608
2004-11-01,313.72293,312.50824,308.04218,321.6368,316.98645,311.64703
2004-11-02,324.1459,323.4107,319.30887,329.8709,325.4596,320.33676
2004-11-03,297.2128,300.11743,299.89233,301.48575,301.147,300.09232
2004-11-04,266.99643,267.39005,264.99734,271.6178,269.6273,267.02396
2004-11-05,253.51524,255.6178,255.05386,255.76675,255.26772,254.16809
2004-11-06,223.08842,224.8236,224.21307,227.84946,227.05995,225.74283
2004-11-07,222.23125,224.23705,223.90231,223.57486,222.89621,221.69925
2004-11-08,244.4406,245.89645,244.78574,246.76445,245.43852,243.55214
2004-11-09,289.1762,288.11874,284.05545,296.71683,292.5793,287.81476
2004-11-10,283.96475,286.286,285.61658,288.0236,286.53214,284.38815
2004-11-11,236.47813,237.95413,236.9438,239.5182,237.93715,235.82053
2004-11-12,240.64018,241.1623,239.16443,241.45949,239.42667,236.8628
2004-11-13,276.4169,277.76318,276.20532,276.22256,274.18723,271.5403
2004-11-14,306.74927,308.09964,306.22748,307.67926,305.7636,303.16162
2004-11-15,259.32663,261.4794,260.8956,261.65668,260.32587,258.40707
2004-11-16,292.38046,294.33557,293.2092,294.2979,292.8945,290.82916
2004-11-17,268.44318,271.62817,271.96762,270.8309,270.9404,270.41696
2004-11-18,210.8591,213.04987,213.00793,213.44284,213.18752,212.44012
2004-11-19,233.10175,233.12091,230.69688,235.92763,233.42436,230.41698
2004-11-20,252.90005,255.42053,255.26196,253.3222,252.95203,252.00058
2004-11-21,197.08786,199.71632,200.24892,197.66753,198.16275,198.19127
2004-11-22,219.6495,220.13873,218.31729,217.78088,215.64984,213.05199
2004-11-23,278.052,279.0853,277.18768,283.47052,280.8149,277.55032
2004-11-24,244.23433,244.60498,242.40561,251.74806,248.95149,245.62233
2004-11-25,257.0718,257.26196,254.74779,261.14078,258.66605,255.63203
2004-11-26,259.533,261.8772,261.46692,264.26663,263.44812,262.03482
2004-11-27,228.0301,230.08842,229.7254,234.27414,233.2876,231.77875
2004-11-28,234.65344,236.44614,235.74931,237.34897,236.40787,234.93704
2004-11-29,254.4793,256.31097,255.44254,256.08853,254.95352,253.24951
2004-11-30,207.66434,209.42442,208.9772,209.51334,209.11916,208.2505
2004-12-01,190.76982,190.55037,188.32121,190.26936,187.94504,185.22418
2004-12-02,195.23125,195.23367,193.17587,195.45778,193.67833,191.48123
2004-12-03,258.4627,259.8949,258.58316,258.7032,257.0407,254.8137
2004-12-04,267.46805,269.07104,267.8317,267.30823,265.7786,263.66275
2004-12-05,262.8452,264.80292,263.96194,264.41415,263.20468,261.41034
2004-12-06,225.23103,226.28732,224.95052,227.432,226.26877,224.60481
2004-12-07,209.35,210.47566,209.37418,215.96141,214.77438,213.11346
2004-12-08,190.10913,193.21814,194.28212,195.26263,196.47076,197.21123
2004-12-09,209.87364,210.91637,209.72472,209.89742,208.33778,206.32481
2004-12-10,277.88968,279.98508,279.11295,281.98325,280.78223,278.9569
2004-12-11,250.39911,249.57251,246.09807,255.95146,252.43146,248.38667
2004-12-12,244.24261,243.27563,239.72607,248.59958,244.34906,239.60318
2004-12-13,242.00174,243.47054,242.35414,244.85254,243.2104,241.03656
2004-12-14,245.42342,246.92688,245.80695,251.0292,249.47525,247.3739
2004-12-15,232.67322,233.78,232.40146,236.28647,234.69171,232.58398
2004-12-16,183.64229,185.37862,185.14345,188.48079,187.89622,186.89056
2004-12-17,186.37392,188.04568,187.7164,190.90714,190.04639,188.76366
2004-12-18,205.02296,206.94113,206.65594,195.75093,195.0785,193.96968
2004-12-19,213.51633,216.79909,217.77292,209.74452,210.33955,210.44423
2004-12-20,217.00975,217.33183,215.33627,220.7661,218.5943,215.95439
2004-12-21,239.42517,241.25644,240.51427,242.94458,241.31425,239.15556
2004-12-22,214.46602,215.42151,214.07741,216.3397,214.61298,212.42024
2004-12-23,233.8747,236.48633,236.57294,234.17743,234.19232,233.6701
2004-12-24,194.27644,196.22202,196.07115,195.99838,195.48662,194.53412
2004-12-25,214.09056,215.32574,214.25851,215.34277,213.95926,212.10538
2004-12-26,243.97485,245.55501,244.50812,246.21162,244.68442,242.61813
2004-12-27,214.71596,214.51794,212.02263,220.21996,217.54707,214.41428
2004-12-28,246.58112,248.27783,247.31535,249.20027,248.18137,246.60695
2004-12-29,197.22685,198.41173,197.47021,198.95552,197.55319,195.71724
2004-12-30,257.14545,257.9066,255.90167,260.7719,258.33444,255.33855
2004-12-31,264.4474,262.37442,257.48407,267.80463,262.81506,257.2945
2005-01-01,280.59442,280.6703,277.7321,285.1831,282.08084,278.37442
2005-01-02,235.98586,236.78314,235.03674,234.489,232.20369,229.41649
2005-01-03,200.02855,202.13948,202.0786,202.04582,201.58607,200.66724
2005-01-04,223.75902,226.08554,225.98166,222.55362,222.01428,220.96928
2005-01-05,164.31314,166.82062,167.53427,163.50023,163.79538,163.70663
2005-01-06,204.15022,207.83267,209.27946,202.24214,203.3012,203.87277
2005-01-07,222.75029,224.3816,223.59656,227.67647,226.45256,224.72139
2005-01-08,188.37433,189.76303,189.10713,191.81581,190.90869,189.5715
2005-01-09,225.88196,227.46115,226.5882,229.8783,228.64796,226.90407
2005-01-10,207.48529,209.57677,209.4081,210.75089,210.37741,209.51932
2005-01-11,223.24599,222.61983,219.59012,226.09308,222.5867,218.6142
2005-01-12,266.22223,268.09714,267.0775,271.71307,270.4383,268.551
2005-01-13,223.55281,225.849,225.70595,226.41588,225.4837,224.03812
2005-01-14,206.21198,205.09491,201.76016,211.6186,207.83127,203.61478
2005-01-15,257.38718,257.11002,254.05205,260.80603,257.50836,253.6568
2005-01-16,261.8405,263.3964,262.10287,268.1489,266.60864,264.46527
2005-01-17,241.31235,242.25977,240.58507,250.3588,248.20193,245.49391
2005-01-18,213.26817,214.04477,212.50362,218.86261,217.06033,214.77397
2005-01-19,174.35349,176.92097,177.57243,174.36955,174.76373,174.739
2005-01-20,174.24419,176.63554,177.11299,175.65033,175.65266,175.23935
2005-01-21,184.22498,184.42543,182.62619,184.12202,182.0731,179.62447
2005-01-22,244.53711,242.8114,238.45155,246.60335,241.91824,236.73169
2005-01-23,265.94962,264.75247,260.6822,270.93912,266.61752,261.7292
2005-01-24,279.4906,278.83328,275.14896,282.9684,279.05606,274.53995
2005-01-25,285.7945,284.95004,281.01105,288.41724,284.08426,279.141
2005-01-26,257.78384,256.84558,253.117,261.19766,257.16595,252.58252
2005-01-27,259.1971,260.99487,259.9561,259.6447,258.98596,257.71677
2005-01-28,280.33984,281.58585,279.77042,285.53128,283.33228,280.48755
2005-01-29,228.91074,229.86467,228.31862,235.65622,233.74542,231.30235
2005-01-30,217.42322,218.65775,217.51321,220.1141,218.72815,216.83669
2005-01-31,204.61488,206.81528,206.76427,207.27531,206.50685,205.25146
2005-02-01,168.87094,170.7611,170.7916,169.3142,169.19334,168.66449
2005-02-02,224.13736,224.37956,222.17844,224.0188,221.61102,218.70396
2005-02-03,282.64792,283.74603,281.75284,287.01,284.84076,282.01337
2005-02-04,215.13245,216.34702,215.20358,219.13603,217.80734,215.96892
2005-02-05,240.57063,240.29773,237.40614,245.19902,241.66156,237.59094
2005-02-06,307.93936,308.93195,306.55582,313.02472,310.6472,307.5471
2005-02-07,214.91861,219.18086,221.04906,213.3857,214.70148,215.46783
2005-02-08,190.63553,192.8766,193.01157,193.56462,193.31923,192.60158
2005-02-09,199.14438,200.75357,200.17064,201.50066,200.51651,199.05338
2005-02-10,210.50539,212.64424,212.4598,210.6271,210.33244,209.52168
2005-02-11,236.87576,239.30608,239.12083,238.60829,238.01135,236.8333
2005-02-12,174.17476,175.40092,174.71014,175.6779,174.4972,172.90181
2005-02-13,245.9522,246.47978,244.31447,245.7769,243.36848,240.3931
2005-02-14,294.42307,296.86633,296.0624,294.63037,293.78534,292.21887
2005-02-15,204.08377,206.395,206.44684,204.42387,204.17038,203.40836
2005-02-16,233.37604,234.46767,232.99448,234.90343,233.31479,231.1656
2005-02-17,228.73936,231.1683,231.06511,227.92828,227.86554,227.22803
2005-02-18,253.7149,253.41948,250.35324,259.7941,256.38095,252.37726
2005-02-19,230.54967,230.73438,228.39468,235.56958,233.25793,230.39354
2005-02-20,236.97795,237.16309,234.7529,239.44394,236.67986,233.36055
2005-02-21,286.27554,287.2503,285.07895,290.26236,287.86145,284.76624
2005-02-22,272.53778,275.26794,274.97772,277.911,276.47583,274.3562
2005-02-23,246.11852,244.23305,239.67822,248.7364,243.69331,238.11241
2005-02-24,238.13052,238.97115,237.19193,244.47495,242.59073,240.1131
2005-02-25,225.01222,225.90533,224.3208,228.6772,227.09764,224.95735
2005-02-26,260.79584,260.44348,257.23795,261.82944,258.55682,254.67038
2005-02-27,195.21776,198.33505,199.2683,195.69995,196.34116,196.4575
2005-02-28,190.63576,192.45517,192.15828,190.98778,190.19942,188.92665
2005-03-01,232.66493,233.68782,232.144,231.26581,229.26883,226.70512
2005-03-02,223.99866,225.26268,224.05066,227.37335,225.88358,223.82446
2005-03-03,210.28064,212.16133,211.70659,218.22427,217.48724,216.18698
2005-03-04,211.01979,211.17677,209.01476,215.67075,213.4347,210.67215
2005-03-05,184.30873,185.77951,185.20425,185.96645,185.19165,183.93628
2005-03-06,217.38405,216.73482,213.70724,218.98026,215.76674,212.03497
2005-03-07,245.93579,247.2703,245.88184,247.7396,246.38805,244.39812
2005-03-08,211.82985,212.28957,210.4136,213.65384,211.48624,208.7878
2005-03-09,288.68222,288.21506,284.58054,291.8955,288.10736,283.60922
2005-03-10,270.23242,268.69315,264.20517,276.87802,272.14743,266.76575
2005-03-11,244.83566,245.21387,242.8918,250.85419,248.36523,245.24402
2005-03-12,221.24739,222.01433,220.33345,223.27711,221.42673,219.00298
2005-03-13,238.81573,239.2146,236.97704,244.84326,242.43593,239.40569
2005-03-14,269.66586,270.20975,267.7739,273.08392,270.78458,267.77875
2005-03-15,219.73412,221.49107,220.79758,220.94786,219.98424,218.42607
2005-03-16,223.46259,223.97057,222.00636,226.17552,224.01118,221.26247
2005-03-17,305.77478,304.81226,300.49292,311.07758,306.69473,301.53687
2005-03-18,326.28796,325.77008,321.66037,330.91525,326.8801,322.00223
2005-03-19,296.69968,298.69522,297.38165,301.18997,299.88837,297.76138
2005-03-20,269.77582,270.42215,268.0781,274.0091,271.6413,268.54672
2005-03-21,216.14827,217.01915,215.48691,219.99205,217.98805,215.40024
2005-03-22,206.07584,206.95497,205.54106,204.67273,203.0004,200.77783
2005-03-23,224.20654,223.69446,220.71194,227.26578,223.98709,220.12825
2005-03-24,253.48792,256.265,256.1889,257.60953,257.54816,256.73926
2005-03-25,182.87454,185.12096,185.30351,185.42616,185.80113,185.62549
2005-03-26,194.89693,194.93921,192.82263,195.15576,192.95465,190.23358
2005-03-27,264.95447,264.62292,261.3621,265.2381,261.70755,257.48
2005-03-28,270.1291,270.31836,267.5103,273.32565,270.2794,266.4971
2005-03-29,213.18777,214.20746,212.84471,213.15952,211.75536,209.75089
2005-03-30,193.49399,194.10152,192.5514,195.78789,194.02684,191.72334
2005-03-31,230.31042,230.18103,227.49797,232.45811,229.61172,226.13675
2005-04-01,292.83698,292.483,288.88422,296.35352,292.61642,288.07684
2005-04-02,255.08827,255.26831,252.61137,254.98567,252.57384,249.44847
2005-04-03,204.29245,205.95677,205.31937,207.39594,206.75406,205.49634
2005-04-04,213.19682,213.08333,210.60164,214.97897,212.51744,209.4593
2005-04-05,230.97675,229.6035,225.68727,229.3712,225.71634,221.44781
2005-04-06,232.33076,233.41199,231.88702,238.34956,236.87296,234.69737
2005-04-07,252.21121,253.62425,252.20218,257.46347,255.79944,253.37868
2005-04-08,273.1596,273.26776,270.33145,275.4803,272.1811,268.10703
2005-04-09,252.74454,254.8743,254.14629,253.87354,253.11685,251.58484
2005-04-10,264.5618,263.3971,259.30624,270.2484,265.9914,260.9934
2005-04-11,297.27716,297.58612,294.57385,301.9132,299.10352,295.41257
2005-04-12,254.35501,254.55533,251.91403,259.79242,256.75983,252.98146
2005-04-13,259.70248,258.5771,254.57578,263.9238,259.9684,255.27455
2005-04-14,303.3819,302.29416,297.8411,307.30496,302.73828,297.30704
2005-04-15,305.8255,305.2901,301.34988,308.30875,304.46912,299.73926
2005-04-16,308.1137,308.4525,305.34204,312.14655,309.00037,304.92996
2005-04-17,235.49036,236.20897,234.28104,237.89087,235.8679,233.12799
2005-04-18,271.05988,267.23752,260.4627,278.1983,270.44345,261.98743
2005-04-19,301.85526,301.44888,297.67508,311.52603,307.9003,303.35382
2005-04-20,313.7259,312.78732,308.35843,320.07526,315.508,310.0132
2005-04-21,335.01788,336.0988,333.40845,345.15073,342.73285,339.245
2005-04-22,305.80478,305.4752,301.72958,306.69653,303.22357,298.8314
2005-04-23,310.56635,309.23056,304.44543,315.4828,310.5544,304.71274
2005-04-24,327.55286,327.2144,323.2149,333.25305,329.2796,324.30533
2005-04-25,300.87354,299.95572,295.6871,311.8803,307.15564,301.51773
2005-04-26,304.9735,305.2993,302.2015,311.0151,308.13702,304.2965
2005-04-27,247.5499,249.44955,248.5353,249.49887,248.79457,247.27301
2005-04-28,295.80112,294.75006,290.40616,297.75302,293.72763,288.80875
2005-04-29,262.18918,263.423,261.6919,268.52878,267.00012,264.6071
2005-04-30,248.81659,248.31886,245.04247,252.97966,249.88832,246.0244
2005-05-01,323.71494,322.4854,317.65286,325.80743,321.0986,315.41125
2005-05-02,345.91382,345.0279,340.28244,349.99905,345.59573,340.12073
2005-05-03,353.0538,352.74234,348.47882,357.5996,354.14166,349.5579
2005-05-04,344.40424,344.63724,341.00333,343.87933,340.3088,335.65933
2005-05-05,338.93036,340.18835,337.61865,342.28992,340.12888,336.8538
2005-05-06,303.8199,308.41916,309.5124,307.76764,309.295,309.72473
2005-05-07,298.3449,298.3673,295.04373,305.06873,301.84415,297.65698
2005-05-08,298.78848,299.2602,296.37134,304.5802,302.136,298.7076
2005-05-09,259.80823,257.51892,252.36617,260.1687,255.6603,250.37482
2005-05-10,287.37134,284.4404,278.35114,287.12985,281.2469,274.52905
2005-05-11,335.0502,330.91064,323.10504,339.20508,331.32816,322.48795
2005-05-12,331.65018,332.093,328.8086,335.36264,332.18982,327.93784
2005-05-13,274.17343,276.08453,274.88113,278.3967,277.59396,275.84415
2005-05-14,248.12918,249.09254,247.25438,251.15657,249.38269,246.7815
2005-05-15,278.5941,277.532,273.3718,281.91718,277.68472,272.5829
2005-05-16,282.2555,280.33972,275.30405,286.0332,281.24698,275.5907
2005-05-17,320.4867,319.49927,314.94418,324.36307,319.8968,314.41632
2005-05-18,260.93082,260.97684,258.1002,263.79678,261.00784,257.37012
2005-05-19,262.8039,262.73764,259.73102,264.96002,262.06558,258.3201
2005-05-20,304.42255,302.2107,296.64053,309.78967,304.29745,297.8663
2005-05-21,332.47833,330.49332,324.8321,339.6156,333.87473,327.09564
2005-05-22,330.02292,328.80603,323.92465,335.78073,331.08948,325.344
2005-05-23,322.4578,322.7597,319.44955,322.16806,319.42743,315.6265
2005-05-24,321.99042,321.7621,317.93985,321.57486,317.61795,312.6351
2005-05-25,355.54617,357.78275,355.99753,357.8093,356.63104,354.22287
2005-05-26,345.37704,348.16495,347.03384,351.1103,350.17886,348.03357
2005-05-27,319.9736,322.4588,321.3168,323.73495,322.66632,320.48358
2005-05-28,276.04797,275.69586,272.27057,281.91342,278.42975,274.04468
2005-05-29,294.52136,294.868,291.92126,296.96243,294.0703,290.20715
2005-05-30,356.5243,357.24234,353.9688,360.8274,357.80603,353.59106
2005-05-31,343.1402,345.2534,343.49512,348.19974,346.51562,343.64597
2005-06-01,281.13895,280.99078,277.71344,287.64148,284.12997,279.69632
2005-06-02,297.47086,299.34375,297.86258,296.82062,295.02444,292.22708
2005-06-03,293.68155,296.03363,295.06488,297.06622,295.94556,293.80447
2005-06-04,285.9953,285.46185,281.75803,290.30478,286.7951,282.3534
2005-06-05,359.565,358.77936,354.0122,365.33835,360.88654,355.2628
2005-06-06,366.30746,368.3922,366.3595,369.2634,367.88434,365.23657
2005-06-07,377.18536,378.70624,376.00323,383.09875,380.95963,377.52362
2005-06-08,324.0833,326.95236,326.1598,329.74683,329.39783,327.89246
2005-06-09,344.06595,342.41232,336.97614,350.13025,344.9025,338.5781
2005-06-10,322.15704,324.1035,322.43365,327.286,325.67758,322.95602
2005-06-11,318.91245,316.9904,311.57452,323.36307,318.23364,312.10007
2005-06-12,324.143,324.1759,320.6162,327.2105,323.842,319.40875
2005-06-13,351.6298,350.48187,345.4646,359.58423,354.6118,348.5039
2005-06-14,328.90344,327.77026,323.021,330.59012,326.21317,320.78757
2005-06-15,366.3623,364.91193,359.43997,372.40848,367.1341,360.6881
2005-06-16,363.68802,362.62247,357.55875,370.64536,365.77365,359.72647
2005-06-17,309.71826,311.25967,309.34482,312.46478,310.6602,307.8035
2005-06-18,295.65445,296.0382,293.14813,299.5549,296.77026,293.0059
2005-06-19,313.37283,313.21332,309.598,318.0223,314.52463,310.0019
2005-06-20,337.92566,337.72858,333.8075,341.07828,337.36777,332.55756
2005-06-21,343.83966,343.02707,338.4407,351.27176,346.88843,341.38834
2005-06-22,317.72885,317.44562,313.667,321.44363,317.89734,313.31744
2005-06-23,345.87195,345.9642,342.24487,352.14688,348.61905,343.95038
2005-06-24,354.81424,354.15482,349.60385,361.11478,356.88327,351.49905
2005-06-25,361.15497,361.48843,357.84125,370.70084,367.1727,362.44058
2005-06-26,321.6785,322.1557,319.08548,322.77863,320.3642,316.88495
2005-06-27,318.96085,318.76376,315.0656,322.74353,319.23264,314.68707
2005-06-28,356.59476,356.8422,353.16757,363.49854,360.064,355.4514
2005-06-29,359.6651,359.8445,356.07184,367.92523,364.58347,360.04688
2005-06-30,314.3154,317.14334,316.4621,321.23282,321.14807,319.9463
2005-07-01,319.9146,319.71277,316.00732,324.1652,320.70972,316.2171
2005-07-02,352.1234,351.648,347.32376,355.70557,351.93463,347.02628
2005-07-03,328.15323,328.53418,325.3126,332.0348,328.86908,324.63345
2005-07-04,335.72824,336.8448,334.2622,343.25348,340.99615,337.6072
2005-07-05,335.25394,337.17938,335.3957,340.6457,339.03482,336.2856
2005-07-06,334.00226,333.93137,330.20956,338.16278,334.533,329.8278
2005-07-07,363.98303,362.2113,356.49924,367.32898,361.86014,355.26453
2005-07-08,361.1597,360.94193,356.7837,364.4878,360.72217,355.79626
2005-07-09,346.08768,347.99673,346.08682,344.14645,342.75296,340.20868
2005-07-10,330.79166,332.22943,330.02722,331.8788,329.71378,326.4618
2005-07-11,339.91846,340.49988,337.36188,345.08563,342.18604,338.17462
2005-07-12,353.56458,353.55197,349.68576,359.01562,355.27084,350.3899
2005-07-13,357.94077,357.94394,354.04767,363.80862,360.1566,355.35104
2005-07-14,386.7754,387.11465,383.2354,392.01782,388.5198,383.76907
2005-07-15,369.18402,370.88068,368.52408,374.0093,371.85898,368.48428
2005-07-16,356.13556,355.95285,351.90048,362.84003,358.78397,353.59286
2005-07-17,356.06708,357.10782,354.25598,358.61072,356.03772,352.30737
2005-07-18,355.65555,356.15314,352.77606,358.72482,355.50647,351.14883
2005-07-19,355.67285,353.9562,348.413,357.9119,352.40363,345.81964
2005-07-20,373.71655,372.29782,366.85242,377.7062,372.3394,365.82755
2005-07-21,385.5289,386.68256,383.62994,392.07776,389.55054,385.75827
2005-07-22,370.13245,369.99557,365.84845,375.77606,371.78378,366.62128
2005-07-23,379.5317,378.936,374.2398,383.66284,379.2675,373.68753
2005-07-24,372.6529,373.49536,370.28418,377.65402,374.87256,370.88736
2005-07-25,362.3359,361.59836,356.9537,368.58035,363.80704,357.91364
2005-07-26,340.62943,340.1916,336.0773,345.63058,341.48233,336.27722
2005-07-27,364.61868,364.45386,360.34955,370.30045,366.32004,361.19757
2005-07-28,383.1879,383.04108,378.75574,391.47388,387.29684,381.91373
2005-07-29,372.79855,372.6492,368.47586,378.00705,373.9491,368.72946
2005-07-30,380.1143,380.6056,376.9829,384.41217,380.7909,375.97763
2005-07-31,396.39587,396.6937,392.70792,402.16522,398.49078,393.56888
2005-08-01,387.2376,388.57303,385.70496,392.16336,389.5947,385.78632
2005-08-02,348.4542,348.87604,345.53326,351.25513,347.8384,343.34183
2005-08-03,351.22125,351.2637,347.5214,355.40085,351.6174,346.7518
2005-08-04,359.84555,360.2546,356.78073,364.35742,361.06165,356.64417
2005-08-05,384.03464,385.32904,382.46457,387.4422,385.01855,381.37756
2005-08-06,382.4355,384.4548,382.32013,387.4164,385.90677,383.15967
2005-08-07,341.12766,342.97943,341.1271,344.92847,343.27188,340.52383
2005-08-08,323.25107,324.4845,322.2203,326.82474,324.57617,321.31277
2005-08-09,325.44257,325.56723,322.1948,331.13486,327.6675,323.20404
2005-08-10,350.56567,350.5173,346.7076,357.20834,353.49124,348.70154
2005-08-11,354.0638,354.53732,351.20383,359.5645,356.36157,352.0683
2005-08-12,356.78226,357.10913,353.60483,362.18655,358.76254,354.2479
2005-08-13,360.84305,361.29282,357.8677,365.77905,362.509,358.13574
2005-08-14,375.7758,374.73294,369.6867,382.12347,377.12698,371.02
2005-08-15,375.01862,375.12888,371.22363,380.7733,376.9063,371.90845
2005-08-16,354.9314,354.43558,350.1532,360.97952,356.6648,351.29678
2005-08-17,357.47394,357.10104,352.9142,360.32748,356.2694,351.15677
2005-08-18,341.42313,340.1668,335.28726,341.39786,336.5159,330.663
2005-08-19,311.6435,313.25797,311.5141,311.13742,309.6781,307.26364
2005-08-20,287.94437,289.37488,287.70554,292.01288,290.51352,288.12357
2005-08-21,302.1141,303.96033,302.54956,306.94354,305.66998,303.45587
2005-08-22,312.71063,313.71265,311.36288,317.07153,314.75937,311.50256
2005-08-23,336.10175,336.0225,332.36478,340.26755,336.46457,331.6829
2005-08-24,350.15543,348.72903,343.60205,355.4677,350.43338,344.40533
2005-08-25,366.913,366.66965,362.5273,373.67587,369.92853,365.10297
2005-08-26,344.28958,345.88663,343.79337,348.19113,346.36758,343.50287
2005-08-27,377.34445,377.31793,373.28235,384.2262,380.25302,375.18143
2005-08-28,347.0202,350.20563,349.6471,353.8479,353.84207,352.74146
2005-08-29,331.70233,331.28384,327.35272,335.35428,331.55032,326.8022
2005-08-30,329.9835,330.1343,326.7824,340.34637,337.1437,332.97067
2005-08-31,306.27182,307.35205,305.16608,310.5839,308.33237,305.18262
2005-09-01,328.02026,329.5752,327.627,334.82657,332.946,330.08783
2005-09-02,338.7614,339.48694,336.61288,344.03473,340.87222,336.73758
2005-09-03,325.30972,324.7351,320.7287,331.2677,326.895,321.62064
2005-09-04,307.67642,308.27325,305.60596,311.91562,309.1523,305.51175
2005-09-05,322.78827,323.1873,320.16797,329.55405,327.13324,323.77765
2005-09-06,293.9226,295.60617,294.15576,296.7062,295.2818,293.00156
2005-09-07,345.84842,344.8404,340.19937,349.51602,344.85025,339.24875
2005-09-08,347.72852,348.50876,345.60706,352.86694,350.1462,346.4391
2005-09-09,312.5544,314.07687,312.27765,314.42096,312.38937,309.47333
2005-09-10,313.1679,315.0321,313.56436,317.48154,316.2812,314.17203
2005-09-11,292.65396,293.09326,290.44315,296.78915,293.81534,290.03717
2005-09-12,290.67053,292.71634,291.66806,294.1841,293.4204,291.8135
2005-09-13,278.9207,282.6499,283.38217,279.67255,280.2041,279.90906
2005-09-14,276.03522,277.97403,276.9784,278.7453,277.65723,275.78494
2005-09-15,284.42456,284.82816,282.2366,288.63226,285.64688,281.89417
2005-09-16,293.12796,293.3202,290.43103,296.25436,293.12296,289.2087
2005-09-17,306.5355,306.47983,303.2079,304.54382,301.41965,297.49203
2005-09-18,298.0262,298.96753,296.7671,299.57144,297.24475,294.11462
2005-09-19,301.29706,302.00925,299.55093,304.59634,302.00937,298.61377
2005-09-20,314.19992,314.6315,311.76355,314.5749,311.79547,308.18677
2005-09-21,308.56555,309.34528,306.8806,308.177,306.36536,303.72504
2005-09-22,317.41495,318.59473,316.43274,316.11057,314.58377,312.2034
2005-09-23,297.55005,299.41513,298.13718,299.34946,298.00107,295.84576
2005-09-24,297.3463,297.3534,294.25043,298.69284,295.65656,291.8548
2005-09-25,310.95578,309.40762,304.63278,314.6451,309.9995,304.58185
2005-09-26,330.62817,333.79468,333.45724,334.4902,334.43723,333.4632
2005-09-27,287.39355,292.74524,295.0128,290.65094,293.07645,294.6528
2005-09-28,286.166,288.51675,287.8438,288.80838,287.98532,286.39014
2005-09-29,283.9925,285.37534,283.7733,286.8956,285.02228,282.4074
2005-09-30,315.8479,314.54214,309.96085,321.5196,316.56088,310.83435
2005-10-01,333.95486,336.1961,334.92102,336.83722,335.56677,333.4137
2005-10-02,310.33026,310.80453,308.03653,314.0463,310.659,306.49783
2005-10-03,308.8982,309.4998,306.87326,310.36658,307.81052,304.4766
2005-10-04,352.55948,351.77335,347.32553,358.42548,353.78943,348.29343
2005-10-05,348.32074,349.5993,347.23135,353.1421,350.7427,347.4552
2005-10-06,256.2229,258.84036,258.75226,258.44397,258.2989,257.47375
2005-10-07,307.96536,307.97278,304.77417,308.9227,305.87125,302.0685
2005-10-08,301.57828,303.9457,303.14093,303.2991,302.15927,300.2474
2005-10-09,249.65645,251.17216,250.06891,252.19386,250.80186,248.77945
2005-10-10,253.24133,255.11552,254.32913,255.83907,254.746,253.0096
2005-10-11,272.0546,273.32153,271.74127,275.6815,273.80948,271.26077
2005-10-12,281.091,281.59543,279.1698,286.47528,283.53943,279.92273
2005-10-13,307.76196,308.5081,306.044,311.68106,309.11728,305.8032
2005-10-14,260.66983,262.06244,260.72614,263.46036,261.94543,259.7859
2005-10-15,268.32434,268.46484,265.8141,271.9364,268.9885,265.40475
2005-10-16,308.75696,309.04523,306.1203,316.21616,312.90936,308.8635
2005-10-17,249.6072,251.98788,251.74272,250.66286,250.03476,248.78432
2005-10-18,224.60645,226.02553,225.09158,226.09758,224.83243,223.02147
2005-10-19,235.28761,236.66766,235.58438,237.10495,235.82738,233.9785
2005-10-20,259.52008,259.9048,257.5873,262.1082,259.52417,256.3332
2005-10-21,303.93344,303.32126,299.55817,308.78687,304.77298,300.06503
2005-10-22,324.09756,324.80783,322.14056,328.00797,325.28705,321.80197
2005-10-23,342.40738,342.86163,339.75116,345.99396,342.9026,339.01202
2005-10-24,347.56497,349.66464,348.12503,351.69345,349.8755,347.22278
2005-10-25,299.2317,299.52704,296.708,303.8255,300.20413,295.90247
2005-10-26,256.1123,258.41772,258.03183,255.21773,254.45508,253.08
2005-10-27,261.24005,263.8476,263.7066,260.77936,259.99377,258.58444
2005-10-28,285.56253,285.92584,283.31494,289.48087,286.20874,282.29092
2005-10-29,245.87715,246.62053,244.79742,250.33708,248.63588,246.357
2005-10-30,206.29826,207.06555,205.67735,208.41779,206.56041,204.23164
2005-10-31,281.63776,280.36398,276.17505,285.82355,281.52832,276.62045
2005-11-01,303.00983,304.95544,303.72424,306.08566,304.6872,302.57578
2005-11-02,254.64983,256.2453,255.1709,261.87827,260.19595,257.91403
2005-11-03,253.95618,254.9246,253.2372,255.34608,253.25797,250.5949
2005-11-04,287.97684,293.95224,296.85806,287.02124,289.83514,291.91046
2005-11-05,281.6898,286.8411,288.99747,282.40295,284.50034,285.88495
2005-11-06,302.09528,302.62244,299.9951,309.34183,306.6076,303.18555
2005-11-07,269.03293,270.81805,269.77795,275.2516,273.8506,271.82025
2005-11-08,264.4876,266.35187,265.43652,266.81036,265.5267,263.63306
2005-11-09,252.49667,254.81757,254.47795,257.40417,256.79636,255.58998
2005-11-10,294.22998,294.3936,291.48483,300.0492,296.84354,292.98633
2005-11-11,285.51883,285.08032,281.666,291.9999,288.40076,284.1774
2005-11-12,269.6409,269.50238,266.54938,276.75412,273.0621,268.78458
2005-11-13,259.05487,263.0218,264.2378,264.1632,265.3249,265.84534
2005-11-14,272.8707,273.5049,271.28003,274.69516,272.2538,269.21173
2005-11-15,330.27637,329.84607,325.967,338.1765,334.04126,329.18762
2005-11-16,322.92984,323.5565,320.79813,329.43085,326.45227,322.75644
2005-11-17,216.45587,218.96986,219.19081,217.46924,217.26065,216.54832
2005-11-18,222.15407,224.38374,224.26295,223.37971,222.71413,221.53981
2005-11-19,251.46642,252.57248,251.03227,250.73828,249.0643,246.83644
2005-11-20,314.51526,313.7178,309.6328,318.87814,314.70197,309.85834
2005-11-21,319.1404,319.44968,316.40924,322.03436,318.8918,315.05716
2005-11-22,243.48787,245.80736,245.54756,240.66649,240.28952,239.36147
2005-11-23,179.64609,181.363,181.17598,180.04604,179.70013,178.94357
2005-11-24,191.12122,190.094,187.07079,188.94946,185.80728,182.28316
2005-11-25,196.95195,199.4536,199.85928,195.0567,195.25294,194.99532
2005-11-26,263.5344,261.59125,256.89844,261.94638,256.7179,250.97623
2005-11-27,283.62677,284.27075,281.9248,288.04022,285.34366,282.03015
2005-11-28,245.20906,242.73044,237.69751,250.89244,245.2723,239.17209
2005-11-29,258.59982,260.7147,260.08453,261.99823,261.181,259.77524
2005-11-30,287.74362,289.63065,288.46652,290.8742,289.37448,287.23212
2005-12-01,247.46075,248.84483,247.60602,247.76025,246.42366,244.54106
2005-12-02,211.25098,213.27211,213.04417,211.52945,210.88945,209.77493
2005-12-03,290.89185,291.9047,289.83728,293.0735,290.5842,287.46558
2005-12-04,273.73206,277.86472,279.06427,277.60178,278.7456,279.23312
2005-12-05,211.46234,212.18741,210.67093,217.94366,215.67831,212.95262
2005-12-06,203.33485,203.87537,202.26091,207.61563,205.28111,202.51128
2005-12-07,240.51616,241.44344,239.81726,243.39479,241.74648,239.56923
2005-12-08,233.42311,235.82033,235.72256,234.24081,233.8858,233.0007
2005-12-09,271.71887,272.49442,270.38467,273.71097,271.3105,268.32504
2005-12-10,230.48535,233.20021,233.44516,235.16277,234.64622,233.60056
2005-12-11,277.40515,277.22272,274.10123,279.98404,276.68295,272.79834
2005-12-12,254.0542,256.3034,255.8346,253.0793,252.46248,251.27747
2005-12-13,251.88739,256.18857,257.77225,250.14801,252.00583,253.25954
2005-12-14,224.537,228.26747,229.57526,225.40724,226.50781,227.07391
2005-12-15,195.3895,196.31499,195.15466,199.89688,198.35126,196.37509
2005-12-16,221.03653,222.49887,221.59605,226.28943,224.84135,222.90063
2005-12-17,220.47343,221.30515,219.78267,222.55252,220.66411,218.2991
2005-12-18,247.95854,250.02942,249.43959,250.75449,249.97337,248.63199
2005-12-19,221.4038,223.49846,223.21346,225.71489,224.6679,223.1224
2005-12-20,218.43709,219.68391,218.58989,222.98378,221.86024,220.24565
2005-12-21,198.7717,200.20676,199.50746,201.8117,200.94849,199.638
2005-12-22,217.84381,220.72585,221.25414,218.73291,218.91447,218.59187
2005-12-23,196.04053,196.08827,194.04231,201.61113,199.48756,196.9386
2005-12-24,239.61436,240.43176,238.68088,242.45557,240.18832,237.40434
2005-12-25,274.82764,275.29565,272.821,279.78812,276.8976,273.41513
2005-12-26,262.46838,263.34323,261.40186,267.94565,265.68726,262.85284
2005-12-27,272.98572,272.97766,270.04807,274.49927,271.23965,267.40588
2005-12-28,299.50082,300.2543,297.79297,303.22345,300.45197,297.03152
2005-12-29,219.1718,221.04585,220.55266,222.34966,221.1847,219.52852
2005-12-30,213.57922,216.31714,216.73772,216.20805,216.3758,216.04308
2005-12-31,254.23108,254.30312,251.64735,253.99998,251.16739,247.79874
2006-01-01,217.23224,219.62656,219.66386,219.52711,218.97102,217.91805
2006-01-02,235.48122,236.89839,235.77101,240.97134,239.3494,237.19908
2006-01-03,204.9831,205.9563,204.71594,203.66754,202.35226,200.58902
2006-01-04,285.6674,286.63547,284.52097,287.96622,285.34732,282.1076
2006-01-05,192.19952,193.82098,193.3575,192.69084,191.87025,190.61754
2006-01-06,243.68146,244.9569,243.59544,244.48477,242.9773,240.92914
2006-01-07,255.0821,259.81494,261.7515,256.99847,259.02203,260.41357
2006-01-08,218.8463,220.89005,220.55405,220.64865,219.9137,218.67865
2006-01-09,207.16763,209.62073,209.8146,209.5809,209.67952,209.2886
2006-01-10,197.41107,199.73137,199.89789,195.15958,194.808,194.00774
2006-01-11,193.90144,195.25272,194.49695,196.70079,195.10803,193.0842
2006-01-12,184.1982,185.12938,184.0616,189.25124,187.94998,186.22937
2006-01-13,237.31174,237.8558,235.83003,239.67705,237.1987,234.20308
2006-01-14,275.31747,275.19318,272.09384,277.50748,274.05923,270.02148
2006-01-15,284.7648,285.02148,282.19565,286.89163,283.5942,279.68173
2006-01-16,267.93015,268.54538,266.2551,271.3845,268.1538,264.34238
2006-01-17,206.94397,207.94377,206.69296,210.37035,208.89812,206.9567
2006-01-18,269.4546,269.9601,267.5422,274.07147,271.20627,267.7457
2006-01-19,240.62944,243.31322,243.36168,238.91281,238.90022,238.32349
2006-01-20,160.36208,162.45401,162.78568,159.63086,159.58287,159.15804
2006-01-21,156.82841,158.28094,158.01753,157.87639,157.34196,156.44287
2006-01-22,220.31511,220.60442,218.50076,219.40698,217.00638,214.12788
2006-01-23,255.41638,256.26447,254.33176,259.8404,257.4468,254.47815
2006-01-24,208.65656,210.18437,209.43056,209.59894,208.54799,207.01648
2006-01-25,207.08478,209.28284,209.20816,208.65038,208.2088,207.27704
2006-01-26,212.87677,214.05559,212.90889,217.8235,216.34868,214.37946
2006-01-27,236.29669,238.03766,237.19154,236.94029,236.80684,236.10782
2006-01-28,281.8557,280.85938,276.8099,282.8779,278.45935,273.442
2006-01-29,240.74287,242.7608,242.13826,245.21991,244.03348,242.27847
2006-01-30,239.78725,239.90404,237.41096,240.86436,238.23445,235.07182
2006-01-31,226.79807,229.01503,228.73898,228.36192,227.6804,226.4594
2006-02-01,198.72421,199.59549,198.29369,200.931,199.36671,197.34456
2006-02-02,184.79962,184.58203,182.35466,187.88869,185.23117,182.16678
2006-02-03,183.20253,184.56546,183.91725,189.08788,187.84003,186.1552
2006-02-04,184.26552,184.66827,183.05875,188.36105,186.41107,184.03806
2006-02-05,229.01834,231.24168,230.94313,231.44193,230.87279,229.74835
2006-02-06,184.25188,187.92274,189.54185,184.07204,185.49496,186.43976
2006-02-07,199.45157,200.49353,199.34824,202.44035,201.06664,199.22139
2006-02-08,249.88097,250.6873,248.75838,253.14714,250.87163,248.01564
2006-02-09,203.48494,204.72583,203.73167,198.52992,197.56693,196.13185
2006-02-10,216.02908,214.86975,211.36684,214.0594,210.34222,206.16615
2006-02-11,263.89877,264.41245,262.039,264.95328,262.49258,259.4213
2006-02-12,282.7538,284.9281,283.9881,285.70154,284.43292,282.47736
2006-02-13,243.29825,247.37564,248.74503,247.00684,248.24663,248.84535
2006-02-14,178.76367,180.7084,180.67577,183.37529,183.09938,182.36955
2006-02-15,168.61958,169.71103,168.94606,172.26184,171.03516,169.39984
2006-02-16,189.76204,190.45688,189.06866,190.46098,188.7874,186.66698
2006-02-17,231.75858,232.11632,229.93561,233.34918,231.01518,228.13777
2006-02-18,256.40378,257.59543,255.96758,256.9851,255.33598,253.06828
2006-02-19,182.85555,185.66809,186.44353,181.48997,182.11162,182.25928
2006-02-20,187.6482,187.71092,185.71968,186.8143,184.72092,182.19312
2006-02-21,219.57693,219.10762,216.24142,219.37329,216.13016,212.39116
2006-02-22,270.55524,271.36545,269.20288,274.958,272.49814,269.38217
2006-02-23,262.1349,262.24194,259.47714,266.94357,263.9104,260.25137
2006-02-24,272.50293,272.37793,269.26987,275.19476,271.86282,267.88782
2006-02-25,229.33815,230.43169,228.9974,231.68289,229.9539,227.65948
2006-02-26,218.44398,219.39279,217.93439,214.40767,212.87262,210.81117
2006-02-27,182.81184,183.9677,183.10318,182.49449,181.36986,179.79173
2006-02-28,248.19037,248.3176,245.72151,248.27113,245.42703,241.99144
2006-03-01,240.33813,242.65881,242.30997,240.84685,240.03552,238.60722
2006-03-02,195.5718,197.01747,196.29636,198.78967,197.868,196.44049
2006-03-03,232.15663,231.03195,227.3758,237.09787,233.26166,228.87828
2006-03-04,249.67377,250.97565,249.51724,254.14925,252.19856,249.61281
2006-03-05,223.57771,225.59822,225.13324,226.78001,226.66708,225.95015
2006-03-06,262.93472,261.90817,258.0086,268.35318,263.75638,258.5388
2006-03-07,302.66656,305.09283,304.15613,307.61493,306.74814,305.07098
2006-03-08,249.5157,251.58778,250.88516,252.98073,252.54802,251.43999
2006-03-09,260.27576,264.5881,265.97147,258.21545,259.7982,260.6442
2006-03-10,257.69672,260.71878,260.85883,260.26096,260.32904,259.68518
2006-03-11,207.85446,209.4946,208.82153,211.40244,210.68332,209.40065
2006-03-12,190.38419,190.94345,189.39796,192.9576,191.20602,188.96237
2006-03-13,176.10922,176.77174,175.48418,177.47989,175.98248,174.02802
2006-03-14,219.05174,220.24863,219.01283,221.09846,219.74686,217.81169
2006-03-15,210.36787,210.31471,207.94392,210.31087,207.88222,204.92204
2006-03-16,282.31137,282.57697,279.72546,284.8356,282.1422,278.71216
2006-03-17,287.21954,286.9648,283.54623,291.5157,287.71362,283.17825
2006-03-18,327.21405,327.90088,324.9655,332.41064,329.79538,326.30045
2006-03-19,290.8893,290.11572,286.14398,291.04022,286.92654,282.0815
2006-03-20,292.0653,291.50116,287.7211,295.2338,291.01886,286.0596
2006-03-21,281.96127,285.29114,285.44855,280.06317,281.11246,281.3342
2006-03-22,231.4336,231.8023,229.60652,232.26804,229.98318,227.08304
2006-03-23,202.8504,203.61763,202.12831,205.18858,203.60387,201.46283
2006-03-24,211.17958,212.01122,210.49193,214.30069,212.61586,210.348
2006-03-25,221.30418,222.15149,220.5344,224.5671,222.79575,220.4107
2006-03-26,229.10657,230.14108,228.62022,231.83372,230.21555,227.95578
2006-03-27,240.9991,241.047,238.4242,244.62238,242.05737,238.8329
2006-03-28,254.50932,257.95853,258.52463,258.63922,259.4923,259.55856
2006-03-29,249.42114,249.6611,247.13106,254.351,251.56662,248.0929
2006-03-30,307.91815,307.26337,303.2048,311.69305,307.3137,302.10922
2006-03-31,275.01373,272.9542,267.88058,274.07794,269.19818,263.61462
2006-04-01,310.31815,308.4449,303.16098,316.48743,311.61383,305.90497
2006-04-02,328.88544,328.57214,324.61136,334.80014,331.02695,326.33185
2006-04-03,261.4844,263.5407,262.65237,261.98755,260.76404,258.7728
2006-04-04,262.3377,262.07367,258.89792,265.31308,261.9678,257.89386
2006-04-05,267.32074,271.0799,271.79388,271.5271,272.397,272.41043
2006-04-06,215.2808,216.06982,214.44801,217.92555,216.23964,213.92307
2006-04-07,252.18187,252.32301,249.65393,256.6381,253.74068,250.12016
2006-04-08,286.02954,288.98462,288.69662,293.38086,293.34506,292.39606
2006-04-09,231.03381,231.88568,230.14665,232.69719,230.87813,228.377
2006-04-10,261.69794,259.6999,254.82394,265.74115,260.73093,255.01306
2006-04-11,324.33392,322.57202,317.228,330.1593,324.78867,318.51306
2006-04-12,286.50665,288.84412,287.93893,287.87418,287.23712,285.7039
2006-04-13,256.155,256.7839,254.54149,258.79623,256.4989,253.4368
2006-04-14,272.87,272.99448,270.07004,275.76044,272.76404,268.96344
2006-04-15,319.5503,318.90045,314.69482,324.95673,320.8378,315.78244
2006-04-16,288.7188,290.6677,289.35138,291.20996,290.00357,287.8901
2006-04-17,274.1977,273.65973,270.06815,279.57617,275.77203,271.1624
2006-04-18,253.8532,256.55023,256.3542,260.25684,260.55966,260.00937
2006-04-19,252.1466,251.78407,248.60909,255.34065,252.31583,248.53767
2006-04-20,311.27908,311.5188,308.27133,314.12042,311.01743,306.96796
2006-04-21,261.43762,264.01733,263.61823,264.50085,264.36948,263.3729
2006-04-22,262.79178,261.76273,257.81357,269.87387,265.6951,260.73703
2006-04-23,260.7986,261.47522,259.21783,269.6241,267.40857,264.3598
2006-04-24,255.07896,255.16646,252.39561,260.28177,257.5118,253.95135
2006-04-25,283.90805,284.17172,281.24985,290.51212,287.82886,284.24945
2006-04-26,294.32788,293.59915,289.5884,289.89673,286.24533,281.72256
2006-04-27,235.34352,236.25545,234.5111,233.73651,232.03036,229.58643
2006-04-28,234.85638,235.75352,233.99966,236.45782,234.73808,232.26949
2006-04-29,235.18309,236.12364,234.40819,238.10194,236.36674,233.87523
2006-04-30,243.82076,244.31805,242.07158,247.68756,245.37012,242.27733
2006-05-01,285.59573,285.64337,282.4882,292.38785,289.2013,285.1088
2006-05-02,308.44653,307.6799,303.47134,315.59293,311.33377,306.11606
2006-05-03,336.1436,335.14383,330.3964,342.38013,337.56094,331.70425
2006-05-04,325.30594,323.48917,318.0636,327.0204,321.27032,314.5575
2006-05-05,330.8881,331.28647,327.9658,334.6732,332.16382,328.5759
2006-05-06,353.5053,352.40494,347.36423,360.4406,355.7099,349.8694
2006-05-07,308.4549,311.52332,311.06662,306.79074,306.8986,305.948
2006-05-08,251.06084,253.4294,252.9315,250.95786,250.25386,248.70358
2006-05-09,264.18155,263.99905,260.8584,269.4159,266.5212,262.77396
2006-05-10,318.26172,316.7157,311.63498,320.93066,315.64453,309.39044
2006-05-11,336.6884,338.42035,336.34018,340.21426,338.12476,334.91187
2006-05-12,318.89804,320.67456,318.8378,325.61325,323.96002,321.22034
2006-05-13,300.8075,299.63995,295.12646,305.17557,300.6803,295.2448
2006-05-14,345.4619,345.83035,342.31955,350.24344,346.93216,342.48987
2006-05-15,327.2109,326.32236,321.78717,329.69278,325.2664,319.8091
2006-05-16,303.4282,304.26007,301.6748,307.604,305.2227,301.83072
2006-05-17,316.74982,318.05258,315.77945,320.2697,318.04053,314.75076
2006-05-18,336.49478,335.8145,331.3814,341.65942,337.2546,331.77197
2006-05-19,321.078,320.48572,316.31223,319.9351,315.95834,310.96707
2006-05-20,329.48474,328.19867,323.25348,332.21146,327.65723,322.0598
2006-05-21,360.02167,360.39407,356.7304,366.24017,363.15878,358.87347
2006-05-22,338.3916,338.02155,333.8748,343.87845,339.61877,334.26462
2006-05-23,358.83978,357.60022,352.37567,367.60834,362.7609,356.7503
2006-05-24,347.63306,347.7466,343.9721,355.10886,351.2862,346.31573
2006-05-25,308.4279,308.69284,305.5058,316.67447,313.64343,309.57776
2006-05-26,293.16812,293.42596,290.4036,297.05826,294.13556,290.24384
2006-05-27,318.48053,317.52597,313.0365,322.767,318.53113,313.27054
2006-05-28,333.22845,333.97928,330.99454,336.02432,333.85165,330.55096
2006-05-29,369.47638,369.7051,365.80676,374.8251,371.25815,366.46326
2006-05-30,302.3918,304.87234,303.9262,304.52036,303.52072,301.47168
2006-05-31,288.8119,291.4751,290.8604,290.67203,290.2342,288.7805
2006-06-01,326.83252,327.68042,324.86816,327.10764,324.5604,320.92532
2006-06-02,373.21515,372.38846,367.42352,377.49158,372.7337,366.7695
2006-06-03,371.12177,371.91785,368.5652,376.81342,373.81976,369.57422
2006-06-04,350.2167,353.09824,352.01984,355.93216,354.98032,352.7951
2006-06-05,350.05484,350.05447,346.16113,358.00323,354.43277,349.6925
2006-06-06,341.84262,342.43454,339.21362,343.6274,340.838,336.90863
2006-06-07,274.39426,275.03113,272.60553,279.10934,276.80634,273.57852
2006-06-08,293.98825,294.25565,291.25256,296.55988,293.69675,289.86237
2006-06-09,317.5854,317.645,314.17844,321.31876,318.08444,313.80164
2006-06-10,330.50595,331.17026,328.15375,335.75873,332.98923,329.1079
2006-06-11,360.86734,362.01733,359.14114,362.6515,360.22165,356.57635
2006-06-12,366.18933,368.1167,365.94415,372.43365,370.64664,367.59268
2006-06-13,333.1981,336.01767,335.0854,338.15503,337.4226,335.51642
2006-06-14,321.78528,321.47305,317.60562,325.99594,322.32825,317.60904
2006-06-15,352.99692,352.34073,347.79355,359.4261,354.97632,349.37863
2006-06-16,351.25192,351.19565,347.25662,354.8047,351.53683,347.10632
2006-06-17,361.22037,360.8582,356.512,365.68137,361.88315,356.89883
2006-06-18,308.82343,310.04944,307.8378,311.32324,309.3399,306.31393
2006-06-19,328.2206,327.8302,323.82507,333.38638,329.49292,324.53094
2006-06-20,352.4276,353.10522,349.87976,351.83682,349.21356,345.42374
2006-06-21,338.35147,339.26666,336.4311,339.62964,336.6288,332.5153
2006-06-22,354.4222,353.94635,349.57495,360.31335,356.4733,351.47116
2006-06-23,374.69318,374.42184,370.0293,379.6239,375.84988,370.84515
2006-06-24,367.18076,367.07202,362.92365,373.36816,369.43008,364.28857
2006-06-25,340.52167,340.30978,336.3561,349.20715,345.84937,341.35828
2006-06-26,351.32965,350.08472,345.0035,357.8965,352.89597,346.7764
2006-06-27,374.74286,375.32285,371.77203,382.4831,379.42615,375.11374
2006-06-28,364.39755,363.96848,359.54617,369.60507,365.3235,359.86502
2006-06-29,375.136,374.23715,369.2396,381.95096,376.99832,370.8445
2006-06-30,381.14905,380.9494,376.5723,386.9561,382.9044,377.6115
2006-07-01,353.9424,353.67426,349.53073,357.47403,353.53513,348.4559
2006-07-02,372.79254,372.67203,368.46857,378.6633,374.61987,369.36642
2006-07-03,359.89078,359.5989,355.37125,367.1831,362.911,357.47598
2006-07-04,361.08603,361.2428,357.44333,367.10568,363.7498,359.20847
2006-07-05,298.7325,299.96417,297.90106,302.2339,300.25967,297.2898
2006-07-06,315.81702,314.84332,310.43686,321.39447,317.0338,311.67496
2006-07-07,373.435,371.93768,366.3909,381.42462,375.92703,369.2546
2006-07-08,341.0978,342.6511,340.44547,346.81473,345.16846,342.36743
2006-07-09,329.12146,329.08603,325.4582,330.78473,327.2699,322.7059
2006-07-10,350.1578,350.35468,346.7266,349.2952,346.06775,341.72116
2006-07-11,357.7006,358.9637,356.2991,364.11832,361.70276,358.09723
2006-07-12,355.1517,352.96677,346.95688,359.0744,353.54776,346.93115
2006-07-13,366.19595,364.74963,359.3445,369.2389,364.60916,358.83273
2006-07-14,375.318,375.30377,371.20334,379.3595,375.447,370.33594
2006-07-15,370.97882,371.35938,367.6948,375.40372,372.43222,368.25293
2006-07-16,370.8815,371.27188,367.62006,375.16187,371.75992,367.1639
2006-07-17,335.8386,335.89844,332.30615,340.30603,336.95163,332.5226
2006-07-18,358.763,358.63916,354.6198,363.40384,359.65994,354.77432
2006-07-19,377.75,378.34692,374.8292,383.9821,380.6944,376.18497
2006-07-20,370.8688,370.64474,366.40002,376.98444,372.6856,367.2167
2006-07-21,345.9687,346.08133,342.43857,350.7494,347.21472,342.58115
2006-07-22,352.5753,352.02072,347.6549,355.2542,351.09308,345.83563
2006-07-23,388.7275,388.2383,383.54678,394.96667,390.2842,384.3863
2006-07-24,377.72247,377.7482,373.6823,384.69025,380.84357,375.7968
2006-07-25,341.12054,342.60333,340.36282,343.35223,341.15823,337.86316
2006-07-26,357.05374,357.75272,354.5741,360.1583,357.26065,353.22525
2006-07-27,356.49313,358.51157,356.63342,362.0767,360.64246,358.02872
2006-07-28,344.2292,344.03406,340.1225,348.0804,344.34113,339.5301
2006-07-29,373.51758,372.78958,368.04166,375.93417,371.58835,366.09512
2006-07-30,384.3037,384.72803,380.99448,389.17334,385.7175,381.04953
2006-07-31,373.3617,373.59842,369.8014,378.1907,374.76376,370.163
2006-08-01,369.87436,371.61844,369.338,373.58148,371.615,368.45538
2006-08-02,370.4895,370.84302,367.1958,375.3064,371.92746,367.38773
2006-08-03,342.23245,343.2639,340.58743,346.56995,344.23776,340.81607
2006-08-04,345.47357,345.68054,342.16342,347.49213,344.07086,339.58673
2006-08-05,353.11768,353.1968,349.4742,357.66245,353.95215,349.15506
2006-08-06,361.3077,361.20587,357.21988,366.61642,362.6404,357.55725
2006-08-07,355.5726,355.63315,351.87015,360.96487,357.43,352.79803
2006-08-08,341.55634,342.55933,339.87262,345.43066,343.26474,340.02097
2006-08-09,328.9038,330.2444,328.02652,333.41116,331.33298,328.2166
2006-08-10,344.05365,343.72583,339.71204,349.32968,345.3433,340.3167
2006-08-11,361.9686,361.94177,358.03296,367.12814,363.22525,358.22482
2006-08-12,339.27615,340.68753,338.43405,343.6801,341.91293,339.0742
2006-08-13,316.6685,316.7122,313.3623,321.66116,318.17868,313.74097
2006-08-14,362.21536,361.56595,357.05063,369.1503,364.66556,359.09958
2006-08-15,306.6918,308.10278,306.2042,309.5656,307.72894,304.94073
2006-08-16,301.35522,302.56082,300.51984,305.661,303.77655,300.9568
2006-08-17,309.63232,310.8015,308.63828,313.33392,311.26788,308.24902
2006-08-18,319.68088,319.94867,316.79617,323.1436,320.0786,316.05664
2006-08-19,328.07065,327.93057,324.29044,329.08307,325.5089,320.97394
2006-08-20,304.4656,305.71677,303.69522,307.38965,305.38245,302.44815
2006-08-21,337.84848,337.75397,334.05838,340.3139,336.87106,332.43454
2006-08-22,328.27155,329.83627,327.87265,329.79337,327.61484,324.4483
2006-08-23,349.9123,352.19324,350.704,355.3374,353.6653,350.9158
2006-08-24,315.54254,316.40292,313.88818,319.9986,317.45026,313.95978
2006-08-25,335.0504,334.15552,329.71283,340.22012,336.05142,330.91916
2006-08-26,345.33112,344.8961,340.79755,352.0312,348.39835,343.75558
2006-08-27,340.69318,342.07626,339.8136,343.74503,341.49844,338.238
2006-08-28,326.23276,326.90442,324.09927,329.79626,327.01263,323.27457
2006-08-29,340.40952,340.44934,336.8757,345.89523,342.32767,337.77774
2006-08-30,310.66418,313.28702,312.5668,314.36078,314.13568,312.94986
2006-08-31,287.9776,288.6871,286.3311,291.42838,288.9105,285.55933
2006-09-01,317.5962,319.53284,318.0699,319.5974,318.1505,315.7623
2006-09-02,304.89417,306.29483,304.44226,309.0206,307.02682,304.14014
2006-09-03,306.5952,307.65323,305.44818,307.9367,305.58746,302.3601
2006-09-04,347.05856,348.0755,345.40442,349.74252,347.23813,343.73636
2006-09-05,330.21466,331.42276,329.1197,335.72565,333.1212,329.56763
2006-09-06,285.3683,285.99384,283.59436,290.41296,287.6645,284.1095
2006-09-07,304.60278,305.47733,303.12125,310.66287,308.0788,304.6271
2006-09-08,327.3079,326.79416,322.8365,331.79138,327.89856,323.10876
2006-09-09,356.47687,355.72968,351.2371,363.17648,358.72556,353.30096
2006-09-10,314.65506,316.9475,315.88504,320.49765,319.3685,317.32
2006-09-11,278.0267,278.63547,276.30597,281.70972,279.08554,275.69342
2006-09-12,339.83286,339.36337,335.32516,344.35895,340.23422,335.19528
2006-09-13,265.1235,266.31973,264.70697,266.63828,264.90222,262.4284
2006-09-14,301.11908,298.15286,292.07092,305.11127,299.39355,292.91858
2006-09-15,337.7155,332.3601,323.54575,343.72864,334.47845,324.44122
2006-09-16,318.32953,314.7886,307.96356,322.54938,315.21103,307.10742
2006-09-17,350.64874,349.15558,344.00684,357.9068,352.84433,346.8683
2006-09-18,321.7729,324.2892,323.3889,321.73053,321.41336,320.18536
2006-09-19,297.79715,300.05637,299.1566,302.5066,301.71548,300.08237
2006-09-20,272.55832,273.7152,271.9972,276.45007,274.53766,271.88495
2006-09-21,341.14688,340.3408,335.97452,348.40216,343.75592,338.22928
2006-09-22,352.07306,353.29745,350.81656,357.03333,354.68246,351.3811
2006-09-23,342.87064,342.6806,338.9059,344.84146,341.43036,337.1297
2006-09-24,369.93805,370.47433,367.133,376.5116,372.78162,368.08456
2006-09-25,336.9819,339.13544,337.73248,340.62427,339.37192,337.2032
2006-09-26,328.90726,331.58444,330.78323,332.31104,331.573,329.9345
2006-09-27,286.58093,287.68158,285.7719,290.50613,288.33606,285.41443
2006-09-28,307.38815,307.86,305.11526,311.04453,308.15933,304.48468
2006-09-29,336.92477,337.88132,335.30698,342.75064,340.2045,336.77896
2006-09-30,288.77927,290.44894,289.08078,293.43088,291.9375,289.68005
2006-10-01,289.11713,290.15536,288.16284,293.8851,291.41525,288.20364
2006-10-02,308.0485,307.22647,303.20514,316.28738,312.04288,307.0363
2006-10-03,297.9063,298.87674,296.7282,301.57468,299.10754,295.88425
2006-10-04,322.51114,323.02008,320.16147,325.91946,322.92462,319.12265
2006-10-05,319.17654,321.032,319.53616,324.57,322.6418,319.8917
2006-10-06,280.22385,280.9712,278.78995,285.83194,283.1332,279.73395
2006-10-07,281.0856,282.7134,281.39188,285.36554,284.16306,282.23383
2006-10-08,259.43835,260.9267,259.6939,262.37787,260.80746,258.58096
2006-10-09,293.97522,293.73007,290.4296,297.94193,294.40076,290.15286
2006-10-10,330.7997,331.14633,328.04688,336.5479,332.95566,328.56012
2006-10-11,346.68063,345.94077,341.60535,348.90887,344.51788,339.31064
2006-10-12,349.25586,348.843,344.80386,350.83087,346.45676,341.26422
2006-10-13,348.27872,347.30878,342.73077,353.23108,347.62747,341.22675
2006-10-14,333.70142,335.60776,334.01898,337.9451,335.9691,333.1668
2006-10-15,342.4786,342.6301,339.21933,350.9218,347.10507,342.46805
2006-10-16,330.55106,333.18536,332.3486,331.123,330.3944,328.83868
2006-10-17,247.0956,249.14255,248.59415,248.5132,247.73799,246.34877
2006-10-18,255.5299,256.50092,254.80345,255.73276,253.87317,251.40451
2006-10-19,318.88287,320.56293,318.9069,318.80112,317.1513,314.73206
2006-10-20,235.78438,237.3651,236.47482,235.16754,234.15755,232.57793
2006-10-21,324.13507,323.62732,319.75732,326.78564,322.4597,317.40067
2006-10-22,338.1511,337.25433,332.85452,341.72723,337.03967,331.59125
2006-10-23,345.24353,344.8191,340.81165,349.14114,344.89816,339.87003
2006-10-24,339.01492,338.69867,334.86252,345.27725,341.0445,336.03845
2006-10-25,279.29886,281.79315,281.35278,288.2676,287.37485,285.78876
2006-10-26,275.51135,276.10593,273.82867,279.73694,277.07803,273.782
2006-10-27,268.4006,271.566,271.90158,268.71515,269.14346,268.90598
2006-10-28,218.6513,220.38304,219.81966,222.70013,221.6126,220.00172
2006-10-29,266.8793,268.77075,267.86322,269.19244,267.91675,266.00958
2006-10-30,221.74323,223.67682,223.28017,225.21768,224.66133,223.56876
2006-10-31,273.0595,273.32507,270.74615,275.71112,272.97433,269.62076
2006-11-01,266.0055,268.1761,267.55225,269.03027,268.0207,266.3804
2006-11-02,274.75314,276.39117,275.14957,275.82397,274.37875,272.29605
2006-11-03,308.65906,308.2051,304.54248,312.0038,308.55545,304.42096
2006-11-04,312.32657,313.55713,311.52017,313.0887,311.36508,308.923
2006-11-05,311.7654,312.8037,310.58176,309.8354,307.78668,305.03488
2006-11-06,338.26245,339.43832,337.07523,341.94308,339.65396,336.59116
2006-11-07,332.0006,332.67844,329.88736,338.32248,335.11523,331.16132
2006-11-08,333.78183,333.76013,330.25787,342.13562,338.50998,334.1378
2006-11-09,327.404,327.55652,324.29193,329.51385,326.0809,321.92932
2006-11-10,318.7203,320.57416,319.08084,322.69995,321.06268,318.69223
2006-11-11,217.56409,219.6129,219.36728,222.95918,222.4038,221.33257
2006-11-12,256.0553,257.53613,256.32614,257.5337,255.91881,253.72658
2006-11-13,313.99683,314.10196,310.9253,318.12082,314.778,310.74734
2006-11-14,331.4992,331.72247,328.4784,336.3394,332.7084,328.35318
2006-11-15,336.21417,336.53784,333.34232,339.91156,336.6719,332.69394
2006-11-16,351.86334,351.18927,346.8418,358.476,353.94986,348.66592
2006-11-17,270.85797,273.86652,274.00726,272.54022,272.47897,271.78287
2006-11-18,231.04231,233.67351,233.85677,232.57184,232.14493,231.1837
2006-11-19,237.15958,237.77403,235.89746,239.83882,237.66492,234.97128
2006-11-20,244.03659,245.83145,245.04924,249.32112,248.35966,246.83588
2006-11-21,281.6878,281.31268,277.98804,288.84012,285.30728,281.16623
2006-11-22,314.64883,313.89755,309.85355,322.04782,317.55072,312.38614
2006-11-23,327.38477,327.3788,323.93674,333.0222,329.17715,324.62857
2006-11-24,237.60793,240.678,241.22008,244.0689,244.48726,244.3341
2006-11-25,254.6731,257.1798,256.98404,253.998,253.86368,253.14513
2006-11-26,220.41974,222.17004,221.5847,220.96417,220.04507,218.63223
2006-11-27,268.38895,268.0377,264.86737,267.3635,264.16312,260.4022
2006-11-28,282.77386,282.66922,279.58997,284.0247,280.45163,276.28665
2006-11-29,210.55994,213.9827,215.15245,212.27373,213.19582,213.61351
2006-11-30,263.08585,264.0949,262.32187,264.0022,262.05417,259.53302
2006-12-01,241.52081,243.44531,242.8039,245.99034,245.0253,243.51187
2006-12-02,294.97324,294.2251,290.37372,296.2479,292.051,287.24664
2006-12-03,283.31137,285.2518,284.18237,285.76636,284.5416,282.6824
2006-12-04,190.60532,191.98775,191.3433,191.72432,190.7945,189.44112
2006-12-05,195.13799,196.77377,196.33105,196.68776,195.93936,194.7531
2006-12-06,232.91519,232.27202,229.17342,235.5784,231.93172,227.80833
2006-12-07,241.46486,242.63052,241.23024,246.41327,245.03102,243.10838
2006-12-08,269.3461,270.75876,269.30634,268.22287,266.67404,264.5379
2006-12-09,257.11252,259.54776,259.23535,261.74365,261.2746,260.21466
2006-12-10,214.26561,215.66617,214.78212,219.88863,218.28412,216.20418
2006-12-11,193.74608,194.85977,193.90802,196.65051,194.8539,192.63841
2006-12-12,199.0801,201.29503,201.37549,203.13881,202.79747,201.99738
2006-12-13,186.16243,187.81711,187.47893,191.3761,190.7689,189.73448
2006-12-14,224.02495,225.33199,224.24641,222.90167,221.49918,219.61105
2006-12-15,260.06683,260.53372,258.23218,260.2997,257.59167,254.33495
2006-12-16,269.45538,271.31195,270.2845,271.5723,270.09058,268.01318
2006-12-17,209.55449,210.1272,208.46451,213.81906,211.43814,208.60909
2006-12-18,221.63747,223.97522,223.92978,222.04195,221.31543,220.09343
2006-12-19,209.31306,211.50891,211.45287,214.39284,213.53702,212.20532
2006-12-20,201.47963,203.29959,202.95369,206.54054,206.02637,205.04825
2006-12-21,210.07446,209.78096,207.24997,216.71971,213.721,210.27771
2006-12-22,233.33784,234.31145,232.78523,232.77972,231.04088,228.79878
2006-12-23,218.6157,218.49422,216.03967,224.81015,221.89438,218.51367
2006-12-24,211.02298,211.45734,209.6328,217.64766,215.26665,212.42769
2006-12-25,228.56949,228.65862,226.30344,232.53912,229.77545,226.52603
2006-12-26,221.03499,221.6332,219.86111,226.16504,224.75505,222.85031
2006-12-27,231.088,232.83461,232.09041,228.12344,227.2021,225.77275
2006-12-28,258.24,260.1021,259.18008,264.62708,262.97263,260.73862
2006-12-29,237.53003,239.22931,238.36641,245.61098,244.00417,241.86029
2006-12-30,220.25175,222.10605,221.58038,222.60423,221.55635,220.01425
2006-12-31,256.32056,256.59723,254.1216,264.08713,261.6952,258.73633
2007-01-01,213.52133,216.7941,217.74081,213.04001,213.33669,213.13669
2007-01-02,167.50156,168.66945,168.02577,167.60695,166.67271,165.36761
2007-01-03,226.99614,228.61923,227.78554,229.63281,228.33449,226.52783
2007-01-04,243.0247,245.52747,245.39081,243.81987,243.19981,242.02629
2007-01-05,166.78304,168.49373,168.3921,171.85185,171.20264,170.16661
2007-01-06,193.3935,194.9727,194.45346,195.46956,194.53955,193.17242
2007-01-07,196.82445,197.88196,196.80826,198.4269,197.1513,195.43723
2007-01-08,217.56102,217.87013,215.83101,218.94794,216.87564,214.3306
2007-01-09,293.2022,294.08362,291.79398,296.7052,294.2035,291.05493
2007-01-10,189.90784,191.79402,191.61183,191.25702,190.64511,189.5982
2007-01-11,194.19879,195.53094,194.75305,198.15942,197.01825,195.43465
2007-01-12,197.838,199.2371,198.4851,199.4642,198.47746,197.04195
2007-01-13,203.82425,204.72473,203.41353,203.9112,202.40837,200.4548
2007-01-14,276.44363,277.60312,275.7621,277.7432,275.6744,272.99118
2007-01-15,242.41171,243.18716,241.33281,245.96318,243.35495,240.21547
2007-01-16,236.14122,235.44006,232.19113,243.33125,239.71771,235.59616
2007-01-17,286.8944,287.74234,285.47577,289.7239,287.10306,283.84653
2007-01-18,275.81332,277.66785,276.5159,284.2579,282.52707,280.15668
2007-01-19,255.33249,257.9142,257.70236,262.3161,262.32803,261.7201
2007-01-20,227.86438,230.15115,229.94395,235.46832,234.92148,233.8273
2007-01-21,205.10266,206.76532,206.18633,203.85994,203.08621,201.84314
2007-01-22,258.49835,263.0933,264.8351,262.33786,263.95172,264.91367
2007-01-23,181.55444,182.92609,182.31287,182.03584,180.91449,179.38026
2007-01-24,206.88063,207.10007,205.07127,211.84163,209.59367,206.88141
2007-01-25,215.36018,215.03763,212.37982,219.53555,216.83035,213.64992
2007-01-26,209.30067,209.96732,208.35287,214.73235,212.90375,210.59462
2007-01-27,211.27345,210.0441,206.5322,213.17747,209.26373,204.91019
2007-01-28,229.24036,231.81422,231.8675,230.13258,229.90022,229.11932
2007-01-29,187.16858,189.064,188.90292,190.2644,189.62881,188.54684
2007-01-30,185.05324,186.18167,185.28438,184.13324,183.21562,181.8707
2007-01-31,253.94362,255.05447,253.3894,255.17792,253.1756,250.59332
2007-02-01,276.53427,277.79218,276.02554,279.62122,277.58368,274.9064
2007-02-02,255.03679,255.71468,253.60774,256.6488,254.0134,250.80367
2007-02-03,260.46756,261.10028,258.8887,262.36777,259.85254,256.74564
2007-02-04,231.84723,236.61699,238.8055,238.18478,240.14159,241.48064
2007-02-05,204.90381,207.23567,207.30722,213.85997,213.46185,212.54817
2007-02-06,191.64632,193.64195,193.5249,195.26996,194.99205,194.24066
2007-02-07,200.12299,200.8356,199.3575,196.62221,195.06963,193.0632
2007-02-08,186.42699,188.7472,189.00623,184.77348,184.872,184.51335
2007-02-09,199.66806,200.52188,199.18695,198.85223,197.36769,195.42029
2007-02-10,207.92969,207.6197,205.04422,210.64262,207.2121,203.32567
2007-02-11,191.74464,192.30685,190.76904,194.48514,192.53581,190.14104
2007-02-12,199.3243,199.64334,197.782,201.87254,199.59041,196.84972
2007-02-13,231.25916,232.9435,232.08102,233.21063,231.90405,230.0404
2007-02-14,231.25807,232.06882,230.34297,230.14818,228.30624,225.92389
2007-02-15,221.09387,222.8625,222.19272,221.98976,221.21304,219.89395
2007-02-16,196.7044,197.47545,196.0866,198.913,197.41663,195.44864
2007-02-17,254.30388,254.11691,251.152,255.53375,252.24118,248.36815
2007-02-18,261.73184,262.12454,259.64984,263.14804,260.6809,257.59592
2007-02-19,248.06642,250.63612,250.45856,246.8669,246.63184,245.77367
2007-02-20,238.16643,240.03543,239.27382,235.2473,234.4731,233.11435
2007-02-21,241.26399,243.15735,242.38493,243.90602,242.89745,241.285
2007-02-22,235.2527,236.55176,235.25789,239.92737,238.38695,236.26167
2007-02-23,248.30444,248.93976,246.84746,252.51105,250.14722,247.18109
2007-02-24,241.85493,240.89008,237.28941,245.5908,241.60796,237.07198
2007-02-25,231.65154,231.0616,227.94185,238.01074,234.60022,230.64262
2007-02-26,205.8545,206.97455,205.82294,205.01414,203.7522,201.9826
2007-02-27,278.17426,277.79608,274.37387,280.7827,277.2416,273.04062
2007-02-28,246.13107,246.42436,244.01457,253.55751,250.77774,247.39124
2007-03-01,215.8807,216.57521,214.89186,220.445,218.286,215.59215
2007-03-02,222.65851,222.38481,219.67212,219.50548,216.35059,212.6825
2007-03-03,215.9185,215.87564,213.46368,213.83818,211.53181,208.70735
2007-03-04,242.46281,244.49118,243.82764,246.69241,245.84868,244.36598
2007-03-05,196.27464,196.95277,195.46533,196.62436,194.86816,192.62405
2007-03-06,228.76923,229.2853,227.28043,226.85568,224.75327,222.08736
2007-03-07,198.28308,196.63501,192.83301,199.05081,195.13197,190.76196
2007-03-08,248.36217,248.64095,246.18526,250.13004,247.29713,243.84926
2007-03-09,230.62799,232.06447,230.94254,234.36325,232.81276,230.65938
2007-03-10,206.1705,207.05234,205.65239,215.0958,213.57146,211.49371
2007-03-11,207.596,209.78113,209.64731,215.9608,215.7415,214.93504
2007-03-12,220.57097,222.04706,221.07149,230.28143,229.1089,227.3286
2007-03-13,223.72627,228.87532,231.4779,229.66689,232.25047,234.14084
2007-03-14,220.73477,221.07248,218.9729,221.54755,219.19366,216.27766
2007-03-15,230.97208,230.62375,227.73549,235.46817,232.44817,228.83989
2007-03-16,263.65973,264.58365,262.58536,265.57208,263.48633,260.70395
2007-03-17,225.49579,228.60252,229.17041,230.35101,230.96046,230.90747
2007-03-18,186.09857,185.88652,183.6245,188.42554,186.4189,183.92572
2007-03-19,216.52176,216.5662,214.2196,217.48372,214.81621,211.59271
2007-03-20,206.24113,205.31181,202.1206,209.45126,206.13228,202.29292
2007-03-21,181.14204,181.82771,180.50027,182.79984,181.29561,179.3025
2007-03-22,232.45407,233.57272,232.10262,238.99742,237.53795,235.42438
2007-03-23,292.30902,292.37393,289.20526,295.03418,291.9412,288.0675
2007-03-24,234.61447,237.91061,238.55327,230.54958,231.0542,230.87651
2007-03-25,210.70776,213.9575,214.8176,208.65285,209.31842,209.35863
2007-03-26,193.71835,196.47363,197.03473,196.1114,196.76088,196.81921
2007-03-27,207.88338,210.93462,211.62811,213.7729,214.63942,214.85469
2007-03-28,214.31848,216.2309,215.73338,219.94345,219.34631,218.11208
2007-03-29,207.02682,208.29547,207.24548,208.71788,207.57974,205.84807
2007-03-30,222.03465,221.03171,217.5841,222.42204,219.0581,215.11122
2007-03-31,296.85294,296.43942,292.739,300.44604,296.47195,291.69266
2007-04-01,282.7401,282.86325,279.84482,282.35883,279.02066,274.91245
2007-04-02,235.26833,236.37376,234.84506,235.1936,233.5541,231.24193
2007-04-03,297.33133,297.33823,294.04068,300.54288,297.13794,292.902
2007-04-04,284.44736,285.75958,283.88443,290.91437,288.43457,285.12622
2007-04-05,233.20456,234.93935,234.04706,236.66498,235.49236,233.62155
2007-04-06,229.4473,230.70665,229.38849,231.71187,230.24007,228.08965
2007-04-07,198.72401,198.69292,196.45006,205.23097,202.53761,199.27551
2007-04-08,218.41791,217.65138,214.46707,222.80687,219.79774,216.17055
2007-04-09,272.9662,273.4099,270.80347,283.16812,280.23038,276.481
2007-04-10,234.3013,236.2213,235.49188,238.29048,238.04504,237.05692
2007-04-11,284.40863,285.3315,283.06458,281.53546,279.63626,276.89685
2007-04-12,231.35178,232.20618,230.46266,231.59529,229.75566,227.22903
2007-04-13,259.27618,256.52164,250.92836,263.53943,257.8822,251.53148
2007-04-14,263.0093,262.94406,259.94376,265.96198,263.0091,259.2822
2007-04-15,216.59036,217.70918,216.38649,219.37302,218.18846,216.33046
2007-04-16,224.02983,224.98071,223.40936,227.52061,225.94217,223.67152
2007-04-17,236.89647,237.90875,236.25282,239.58784,237.90024,235.48146
2007-04-18,248.84644,250.88007,250.09009,248.99464,247.92044,246.06564
2007-04-19,243.5508,243.93507,241.58772,245.26752,242.88145,239.75818
2007-04-20,247.01688,246.26305,242.76134,248.40979,244.97758,240.82256
2007-04-21,274.5585,274.41476,271.20163,278.8789,275.73087,271.74963
2007-04-22,284.13843,283.94006,280.5654,285.75778,282.7793,278.9375
2007-04-23,333.12668,332.58722,328.32935,337.48166,333.39236,328.29492
2007-04-24,325.16013,323.87286,318.97116,327.485,322.5492,316.6572
2007-04-25,324.13293,323.73602,319.7168,328.43433,324.56897,319.7126
2007-04-26,336.30923,335.73572,331.40652,341.47745,337.25623,332.00647
2007-04-27,331.3111,331.18323,327.34567,336.51065,332.9513,328.35907
2007-04-28,333.0395,333.28064,329.7843,336.2577,332.98224,328.66397
2007-04-29,264.65042,266.72144,265.78214,262.0843,261.21774,259.4908
2007-04-30,246.80675,247.49815,245.40814,251.30534,249.43369,246.76251
2007-05-01,259.0767,258.9771,255.97513,264.32248,261.55515,257.9658
2007-05-02,277.51773,278.80563,276.95444,282.82056,281.3312,278.92044
2007-05-03,283.2871,284.65363,282.81445,287.12265,285.3587,282.6636
2007-05-04,292.2533,292.4015,289.26938,295.883,292.7708,288.73138
2007-05-05,294.7296,296.0162,293.97003,298.4488,296.59888,293.7767
2007-05-06,299.07593,299.42975,296.42224,302.75644,299.85892,296.0002
2007-05-07,329.41928,328.49503,323.89673,337.52,332.66867,326.78696
2007-05-08,336.32077,334.0464,328.05002,344.34338,338.66156,331.94583
2007-05-09,315.62747,313.39786,307.67764,313.6005,308.33847,302.1351
2007-05-10,287.46185,288.44852,286.1909,290.58252,288.52313,285.51355
2007-05-11,290.4144,292.9322,292.13962,301.15024,300.61087,299.04163
2007-05-12,273.9244,278.34692,279.6027,278.5247,280.18985,280.8423
2007-05-13,265.37006,265.29977,262.25684,268.78595,265.83698,262.0325
2007-05-14,308.98456,306.58032,300.76608,310.89038,305.17813,298.53705
2007-05-15,331.59012,330.73453,326.18253,336.39343,331.94742,326.44772
2007-05-16,339.95358,340.92154,338.06024,342.80396,340.19418,336.45694
2007-05-17,312.17847,313.15277,310.6095,314.07864,311.57352,308.03696
2007-05-18,281.408,281.8341,279.09995,281.5298,278.5242,274.61356
2007-05-19,292.30798,292.9815,290.36816,299.71054,297.35153,294.005
2007-05-20,296.50433,296.58487,293.34537,300.0347,296.90353,292.80356
2007-05-21,314.32678,313.16132,308.50476,314.19852,309.8014,304.419
2007-05-22,359.3404,358.83533,354.3222,365.04083,360.82162,355.4324
2007-05-23,353.9138,353.59473,349.32553,359.71518,355.82425,350.772
2007-05-24,342.3747,341.38864,336.59747,346.49045,341.8351,336.08493
2007-05-25,350.54745,349.94778,345.44446,353.8247,349.73196,344.50235
2007-05-26,329.73764,328.43634,323.48065,330.8192,326.3046,320.74496
2007-05-27,336.00925,336.34595,332.9236,337.45215,334.78815,331.00497
2007-05-28,292.33658,292.88742,290.16345,293.21463,290.64383,287.107
2007-05-29,333.88654,331.2747,324.9953,335.90256,329.77817,322.63275
2007-05-30,366.87854,367.22482,363.47223,371.08698,367.5987,362.89322
2007-05-31,314.56134,316.6112,315.10962,318.765,317.10715,314.3671
2007-06-01,305.77533,304.5997,300.043,307.61032,303.33643,298.09036
2007-06-02,341.40222,341.69232,338.1739,348.92078,345.3978,340.73618
2007-06-03,336.34644,336.0045,331.92587,343.1779,339.48813,334.68433
2007-06-04,332.8385,331.08517,325.66702,339.52856,334.1703,327.7558
2007-06-05,311.36234,312.07666,309.31262,317.1893,314.74536,311.2456
2007-06-06,311.18915,310.02625,305.42978,316.91068,312.48627,307.06052
2007-06-07,291.40292,291.78006,288.9114,295.77582,292.8823,289.021
2007-06-08,288.39005,289.27332,286.9348,292.95923,290.99634,288.0507
2007-06-09,325.23434,324.98752,321.13638,329.1674,325.53586,320.83875
2007-06-10,343.13797,342.96313,338.98572,348.7338,345.02255,340.17905
2007-06-11,339.45966,339.44324,335.66354,344.3824,340.88904,336.27332
2007-06-12,338.0094,338.25696,334.7536,341.26425,338.07825,333.77295
2007-06-13,326.8521,329.2003,327.87714,328.41904,327.83527,326.1081
2007-06-14,347.4176,348.31165,345.34042,352.4421,349.79236,345.97046
2007-06-15,349.62006,348.38092,343.30084,357.09238,352.18262,346.1455
2007-06-16,348.77115,348.2865,343.9559,354.85086,350.65298,345.31723
2007-06-17,322.32684,322.65344,319.4108,326.67593,323.54034,319.33823
2007-06-18,342.15286,340.43997,334.9853,346.96988,341.79126,335.53
2007-06-19,338.97934,339.1511,335.57718,342.626,339.2814,334.8211
2007-06-20,341.12845,341.42157,337.9447,345.70346,342.44968,338.0678
2007-06-21,346.74326,346.56262,342.56247,351.29236,347.52908,342.63245
2007-06-22,354.40002,353.89557,349.4964,359.586,355.44836,350.159
2007-06-23,362.15564,360.88953,355.66183,370.58047,365.26758,358.79675
2007-06-24,361.6081,359.98114,354.40875,366.14325,360.79678,354.30963
2007-06-25,361.00528,362.88058,360.7436,367.84622,366.0203,362.95517
2007-06-26,340.16196,341.14664,338.36966,350.3863,348.09888,344.6467
2007-06-27,347.88132,346.7924,341.90384,353.10757,348.80746,343.38745
2007-06-28,347.27908,348.59235,346.06287,349.50983,347.74545,344.80765
2007-06-29,342.50125,343.03177,339.79105,343.9066,341.2783,337.52002
2007-06-30,346.81064,347.42523,344.22162,354.36816,351.4321,347.33893
2007-07-01,338.58636,338.9809,335.65424,341.32,338.2071,333.98828
2007-07-02,339.62033,339.92667,336.5045,342.7345,339.57288,335.3029
2007-07-03,344.57492,344.49573,340.64398,346.10632,342.6491,338.08075
2007-07-04,352.7653,352.59186,348.5604,353.87076,350.14395,345.28735
2007-07-05,363.7115,363.65338,359.61713,366.83807,363.03232,358.0551
2007-07-06,373.58957,373.86624,370.0517,376.17538,372.87027,368.34964
2007-07-07,386.29877,386.58063,382.63446,390.81638,387.23795,382.40195
2007-07-08,387.99652,388.6493,385.05002,393.7005,390.653,386.3255
2007-07-09,374.4243,375.84668,373.1511,381.07785,378.79675,375.2607
2007-07-10,370.1758,369.7946,365.3822,374.89996,370.65668,365.2325
2007-07-11,387.2143,388.3399,385.2188,392.47754,390.03687,386.30936
2007-07-12,378.08002,378.87997,375.54196,384.40207,380.9477,376.26227
2007-07-13,355.01443,356.0,353.0972,359.44785,356.69946,352.78894
2007-07-14,372.2056,373.07202,369.8675,374.75558,371.69547,367.43036
2007-07-15,388.08926,388.0098,383.70862,391.43024,387.52435,382.3801
2007-07-16,394.30856,394.40732,390.21524,399.62045,395.7796,390.67242
2007-07-17,370.4248,370.98392,367.50443,376.7566,373.47632,368.99512
2007-07-18,369.3864,370.12744,366.8395,375.57843,372.53085,368.28214
2007-07-19,374.85522,375.22168,371.50983,378.636,375.08435,370.33594
2007-07-20,358.48633,358.4063,354.43704,363.48557,359.7868,354.94836
2007-07-21,362.72504,362.405,358.1568,368.12354,364.0695,358.87103
2007-07-22,367.3201,368.88324,366.43124,371.92,370.09607,367.05917
2007-07-23,350.3869,350.09772,346.01752,354.04642,350.14368,345.1439
2007-07-24,341.358,341.9272,338.7873,345.5545,342.7031,338.7582
2007-07-25,332.7273,333.6767,331.00464,338.04715,335.6776,332.2294
2007-07-26,343.78113,343.22614,338.96298,348.04517,343.8524,338.59576
2007-07-27,372.4235,372.5077,368.5629,378.06635,374.34192,369.44275
2007-07-28,337.5316,338.7754,336.3456,341.88998,339.62915,336.27972
2007-07-29,324.9362,325.87784,323.29013,329.59827,327.277,323.91187
2007-07-30,342.45285,341.10266,336.08267,345.68002,340.73584,334.76263
2007-07-31,352.5393,353.14322,349.9306,361.14682,357.81918,353.37204
2007-08-01,332.46582,332.55643,329.0595,336.72534,333.44434,329.12607
2007-08-02,364.32065,364.80316,361.34872,369.0769,365.89075,361.5597
2007-08-03,385.03186,385.33652,381.48688,391.25485,387.74802,383.03326
2007-08-04,352.01697,354.04346,352.2387,360.278,358.9409,356.44623
2007-08-05,334.9862,335.61252,332.6212,339.06873,336.22522,332.3345
2007-08-06,339.13004,339.59854,336.40994,344.16232,341.02896,336.84122
2007-08-07,347.75644,347.7979,344.10022,351.8007,348.22504,343.58337
2007-08-08,347.83105,349.6622,347.71976,353.42963,351.9602,349.3693
2007-08-09,356.57294,357.4077,354.3969,362.39648,359.60382,355.69595
2007-08-10,351.60468,350.09146,344.83475,359.6648,354.6041,348.49625
2007-08-11,318.0057,318.77173,316.1117,321.04547,318.6212,315.21262
2007-08-12,365.92032,365.0353,360.2451,373.68927,368.89316,363.00308
2007-08-13,371.96396,372.94403,369.91965,376.02588,373.48105,369.7819
2007-08-14,362.5856,362.1415,357.82358,367.7706,363.47153,358.0911
2007-08-15,356.78094,356.77496,352.95096,365.40607,361.6143,356.73926
2007-08-16,317.32758,320.13657,319.49707,323.70288,323.63773,322.53473
2007-08-17,307.0286,307.93408,305.54013,311.1101,308.79132,305.533
2007-08-18,324.93423,325.85007,323.27698,331.63034,329.08905,325.55087
2007-08-19,341.22028,342.0077,339.13684,347.63754,344.8583,341.03983
2007-08-20,352.93744,353.404,350.09567,358.7579,355.60938,351.3984
2007-08-21,352.74292,352.37628,348.2549,353.8774,349.76697,344.63605
2007-08-22,347.24072,346.71252,342.4935,351.30038,347.0034,341.70172
2007-08-23,355.75137,355.4951,351.45438,360.1367,356.26254,351.34894
2007-08-24,344.9764,344.95007,341.25192,347.19113,343.59946,339.00537
2007-08-25,346.85095,346.93954,343.3364,350.5212,346.94617,342.36118
2007-08-26,374.39368,375.4475,372.50107,378.4845,375.87216,372.14322
2007-08-27,359.43353,360.33154,357.39362,363.11392,359.95422,355.74228
2007-08-28,332.976,335.34903,334.14224,333.1861,332.0126,329.83594
2007-08-29,304.65692,306.09335,304.27008,307.3414,305.3925,302.54187
2007-08-30,306.9799,307.57126,304.8958,310.95847,308.3121,304.77252
2007-08-31,328.2728,327.91183,324.0777,328.4064,324.49625,319.67236
2007-09-01,361.14743,362.41776,359.8392,362.82593,360.4267,356.9765
2007-09-02,332.6848,332.7856,329.36246,337.01447,333.60123,329.24307
2007-09-03,342.77792,342.46512,338.53104,346.8493,342.90076,337.99347
2007-09-04,377.8829,377.7604,373.6442,383.3524,379.31027,374.205
2007-09-05,346.0547,347.7429,345.74405,354.0356,351.88544,348.7206
2007-09-06,277.81198,279.55716,278.3374,280.86722,279.64102,277.6019
2007-09-07,288.61685,290.19025,288.6895,292.09045,290.45758,287.99072
2007-09-08,300.3655,301.43417,299.31558,303.66046,301.35773,298.20526
2007-09-09,331.75513,333.2178,331.15747,331.8878,329.90955,326.99396
2007-09-10,342.0481,343.9941,342.30252,341.51514,339.9484,337.41034
2007-09-11,355.17618,354.7206,350.53253,356.86285,352.8345,347.84927
2007-09-12,368.31085,369.8002,367.3878,371.92264,369.84607,366.72858
2007-09-13,293.6144,295.0151,293.30368,296.92975,295.07532,292.3976
2007-09-14,296.8443,296.92047,293.87473,300.5409,297.33502,293.329
2007-09-15,324.40503,323.6893,319.57703,329.606,325.36285,320.26202
2007-09-16,335.58994,337.93466,336.71634,337.61926,336.59958,334.63116
2007-09-17,257.3305,259.82816,259.58386,259.2175,258.64276,257.33813
2007-09-18,266.29813,268.8587,268.5839,268.0982,267.60345,266.3548
2007-09-19,299.48706,306.31516,309.89224,300.51105,304.19095,306.93658
2007-09-20,288.7615,289.35913,286.9211,291.30884,288.66675,285.25827
2007-09-21,308.66608,309.3694,306.82846,312.39114,309.77286,306.33148
2007-09-22,337.41434,337.6805,334.41016,340.01187,336.6993,332.5048
2007-09-23,314.5151,314.91046,312.00854,318.83136,315.43747,311.22626
2007-09-24,283.4874,285.24094,284.002,285.59558,284.43524,282.5056
2007-09-25,320.03104,320.07947,316.78146,323.12106,319.7605,315.57693
2007-09-26,333.80133,335.28668,333.26096,337.58612,335.39267,332.3152
2007-09-27,292.59454,292.96234,290.26828,300.6951,297.75568,294.05304
2007-09-28,267.51987,268.71756,267.10385,270.2067,268.2907,265.6765
2007-09-29,297.34424,298.12106,295.7828,300.82883,298.18277,294.77347
2007-09-30,338.87643,340.17477,337.91815,342.7957,340.72748,337.77332
2007-10-01,327.15604,330.5783,330.53748,326.93,327.25473,326.69043
2007-10-02,361.9287,360.95895,356.23032,367.01965,362.27386,356.63998
2007-10-03,345.66196,348.3966,347.4886,347.24582,347.11298,346.05362
2007-10-04,328.86987,333.96158,335.55258,326.61072,328.91357,330.2989
2007-10-05,332.51923,336.47025,336.90063,334.76144,335.72928,335.78903
2007-10-06,311.73257,312.77032,310.5472,311.94543,309.67294,306.6223
2007-10-07,270.19504,273.61404,274.17154,272.46997,272.6354,272.08035
2007-10-08,263.1683,263.56223,261.2117,264.7291,262.0176,258.6669
2007-10-09,291.88715,292.91467,290.89062,297.13672,294.75992,291.6551
2007-10-10,300.43488,301.1997,298.82852,304.48843,301.9032,298.578
2007-10-11,296.8619,297.85922,295.75513,300.38025,297.96982,294.82947
2007-10-12,339.56808,341.22504,339.3279,341.50345,339.47604,336.6078
2007-10-13,330.17123,333.08585,332.52768,331.7722,331.21353,329.81342
2007-10-14,336.01758,339.33337,339.1109,338.1776,337.91705,336.79596
2007-10-15,247.5057,250.03456,249.95651,249.55,249.03787,247.89934
2007-10-16,300.2448,299.9493,296.53683,308.262,304.49924,300.02655
2007-10-17,273.64075,276.59726,276.67047,273.10345,273.17273,272.54932
2007-10-18,268.82098,269.42477,267.22678,273.67822,271.02216,267.72714
2007-10-19,313.53928,314.8166,312.8187,324.4046,322.03986,318.9053
2007-10-20,305.2888,305.67496,302.88333,311.0864,307.934,304.0629
2007-10-21,322.74506,323.23587,320.3661,328.4126,325.27133,321.3704
2007-10-22,268.51828,270.03326,268.73807,270.26944,268.92712,266.9381
2007-10-23,219.7655,220.95467,219.84454,223.2337,221.87036,219.97942
2007-10-24,271.90628,272.71783,270.6928,276.43307,273.60846,270.15414
2007-10-25,302.2474,300.8696,296.36694,307.42108,302.59448,297.10144
2007-10-26,307.88644,310.65823,310.19458,313.19537,312.4819,311.01273
2007-10-27,262.37714,264.94516,264.75333,268.19302,267.7745,266.70724
2007-10-28,257.2187,260.45203,260.97073,264.12198,264.60645,264.43723
2007-10-29,264.60965,266.0928,264.80557,263.16925,261.70923,259.63583
2007-10-30,306.08563,308.0093,306.7254,308.77197,307.23187,304.97104
2007-10-31,301.04364,302.6714,301.1471,304.90308,303.1428,300.67706
2007-11-01,274.47217,277.06793,276.7761,280.57758,280.82913,280.399
2007-11-02,238.25337,241.36258,241.95464,240.2471,240.67438,240.51552
2007-11-03,285.70148,285.1638,281.65744,290.8749,287.11087,282.71713
2007-11-04,296.80383,302.17886,304.39944,299.20435,301.8403,303.71173
2007-11-05,270.21045,271.29987,269.56137,277.65442,275.33237,272.38907
2007-11-06,276.2983,277.59515,275.99747,280.5888,278.55978,275.89874
2007-11-07,258.068,257.85275,254.94965,263.26666,259.39377,254.96468
2007-11-08,249.91177,251.50146,250.46675,254.43724,253.73235,252.4364
2007-11-09,245.24475,246.25186,244.68913,247.60757,245.8684,243.57417
2007-11-10,279.5625,280.5376,278.58423,282.34097,280.0304,277.09412
2007-11-11,286.57205,286.06128,282.56454,287.29904,283.4351,278.9627
2007-11-12,295.14,296.3926,294.54883,295.90784,293.78177,290.99716
2007-11-13,234.19322,236.16856,235.67503,236.62189,235.62938,234.09868
2007-11-14,236.40831,237.36401,235.83812,235.21773,233.57616,231.41216
2007-11-15,296.72537,298.52692,297.20575,301.63507,299.87936,297.4486
2007-11-16,256.57944,258.37943,257.4755,264.2406,263.27902,261.71686
2007-11-17,228.781,230.2581,229.32457,232.75266,231.7191,230.16069
2007-11-18,223.0562,224.33612,223.26654,223.55203,222.06973,220.09271
2007-11-19,299.86115,301.51846,300.0165,304.38782,302.79416,300.52042
2007-11-20,257.07996,258.29755,256.80765,263.8474,262.0058,259.58356
2007-11-21,292.4502,292.74924,289.97858,297.01025,293.81982,289.99628
2007-11-22,266.65884,265.47562,261.50772,275.16257,271.0859,266.44302
2007-11-23,257.13574,257.35086,254.86479,265.65338,263.2005,260.1757
2007-11-24,261.06265,262.10876,260.40225,267.60904,265.0179,261.85342
2007-11-25,219.80441,221.34259,220.555,222.02213,220.39755,218.28859
2007-11-26,221.48257,223.28676,222.74352,222.56053,221.61615,220.17476
2007-11-27,231.22609,233.53862,233.3947,233.33058,232.67834,231.4997
2007-11-28,252.26585,255.68289,256.40915,259.12317,260.26935,260.79892
2007-11-29,281.99258,280.24792,275.5525,284.0807,279.00528,273.3644
2007-11-30,273.26517,275.09543,274.02768,278.2168,277.08542,275.33408
2007-12-01,214.65483,216.80307,216.66621,218.91325,218.1983,216.99284
2007-12-02,202.61598,204.85568,204.93509,203.87354,203.56259,202.78899
2007-12-03,251.64288,250.30933,246.33414,254.73532,250.15457,245.06866
2007-12-04,243.39824,242.86371,239.76479,248.84802,245.83022,242.29399
2007-12-05,253.41168,252.0016,247.9289,255.67386,251.454,246.7211
2007-12-06,286.46155,285.515,281.5502,286.05472,281.41068,276.1915
2007-12-07,252.37709,255.43758,255.79716,256.30017,256.59396,256.29578
2007-12-08,226.37827,227.02042,225.2602,233.03232,230.61282,227.70163
2007-12-09,265.50525,266.4992,264.6715,271.0255,269.1589,266.70422
2007-12-10,202.50497,202.64714,200.64221,202.64558,200.24782,197.42775
2007-12-11,233.62273,235.57925,235.03897,237.45926,236.4952,235.00456
2007-12-12,262.4704,264.60178,263.92712,267.1407,266.28204,264.82718
2007-12-13,215.91316,217.1352,216.05298,216.34946,214.83978,212.86133
2007-12-14,303.80524,305.11832,303.1914,307.40216,305.1563,302.24612
2007-12-15,237.00867,238.3069,237.07327,243.5483,241.73538,239.39662
2007-12-16,226.49748,226.4422,223.97906,233.23016,229.91057,226.11467
2007-12-17,221.87238,222.97542,221.70665,226.09004,224.11101,221.64885
2007-12-18,236.7587,239.32368,239.34221,239.71013,239.37224,238.49173
2007-12-19,241.29936,241.53891,239.2056,243.3473,241.09737,238.32928
2007-12-20,208.73975,210.92647,210.86624,212.1426,211.76591,210.91014
2007-12-21,198.21481,199.17168,198.00493,202.96532,201.6365,199.86581
2007-12-22,222.93661,222.64154,219.97043,225.91399,223.21281,220.0407
2007-12-23,224.84633,228.27705,229.27235,228.44751,229.60951,230.228
2007-12-24,205.50127,207.66911,207.61958,206.067,205.89192,205.2474
2007-12-25,248.3854,250.2722,249.48471,252.46597,251.28384,249.543
2007-12-26,188.66023,190.28194,189.86934,196.03917,194.94777,193.42525
2007-12-27,187.82764,189.30817,188.76357,190.4907,189.65294,188.39212
2007-12-28,171.38184,173.02574,172.81781,174.66061,174.51836,173.97717
2007-12-29,206.19414,207.76512,207.11098,207.26263,206.2138,204.70647
2007-12-30,196.39229,200.24007,201.94359,196.92436,197.94255,198.4899
2007-12-31,163.33214,164.52661,163.957,165.5943,164.51291,163.06883
2008-01-01,155.9334,156.87852,156.13954,159.03494,157.87259,156.36345
2008-01-02,172.99449,173.34549,171.83414,176.74805,174.34166,171.56882
2008-01-03,227.86688,228.12883,225.93842,229.01848,226.116,222.7345
2008-01-04,244.59537,245.98451,244.72862,248.77231,247.13748,244.95538
2008-01-05,193.17763,193.9233,192.58238,196.41904,194.91093,192.97408
2008-01-06,169.31593,170.0721,168.99744,169.12823,167.74652,165.99667
2008-01-07,237.90842,239.72746,238.96494,239.00516,237.88481,236.2291
2008-01-08,203.59259,204.86688,203.93367,207.1262,206.08084,204.57227
2008-01-09,245.41508,245.26561,242.47104,250.24022,247.42061,244.0679
2008-01-10,249.60954,251.39432,250.46758,252.91705,251.8135,250.13985
2008-01-11,177.85365,179.49585,179.20126,180.22835,179.25291,177.87401
2008-01-12,164.91446,164.72781,162.76195,169.27744,166.92287,164.2141
2008-01-13,230.18028,231.8015,230.9188,230.45787,229.25699,227.53795
2008-01-14,192.24901,193.59062,192.84006,193.32762,192.12291,190.48639
2008-01-15,204.78197,207.36035,207.69719,200.99992,201.1686,200.86252
2008-01-16,181.50517,182.72223,181.96268,181.3472,179.8848,178.022
2008-01-17,242.34756,242.89851,240.82027,243.45352,241.00302,238.02278
2008-01-18,217.96962,220.21582,220.0779,220.58011,219.79141,218.49655
2008-01-19,167.14162,168.4108,167.85574,172.52531,171.37436,169.83638
2008-01-20,160.44957,161.72458,161.24701,163.29433,162.27643,160.89035
2008-01-21,233.42357,233.9586,231.95691,234.88474,232.63939,229.8775
2008-01-22,223.10176,225.40977,225.27303,228.40839,227.64633,226.35559
2008-01-23,197.93164,198.00748,195.93462,201.86583,199.3242,196.3481
2008-01-24,219.09334,219.80556,218.13164,220.66377,218.80498,216.45383
2008-01-25,229.82434,231.08308,229.83234,233.55946,231.77759,229.47028
2008-01-26,176.79651,178.44238,178.14963,179.6237,179.30096,178.55434
2008-01-27,168.75067,168.97255,167.3581,166.96547,165.40471,163.47206
2008-01-28,243.4623,244.86972,243.61487,245.56285,243.92665,241.73047
2008-01-29,191.10185,192.887,192.5741,194.14758,193.50764,192.41208
2008-01-30,180.89148,182.95164,183.02094,183.80038,183.72476,183.20712
2008-01-31,256.28116,256.4251,253.77853,258.55322,255.55458,251.98618
2008-02-01,235.60548,236.57925,234.9773,236.16452,234.4361,232.16748
2008-02-02,258.0552,258.31903,255.76994,264.83212,261.8798,258.33914
2008-02-03,218.33884,218.69249,216.66388,220.99814,218.72986,215.96596
2008-02-04,298.39236,299.20364,296.7545,302.87598,300.3594,297.15106
2008-02-05,207.18575,208.6032,207.74611,209.23817,208.00183,206.27698
2008-02-06,212.9161,214.14929,213.04686,212.45107,211.09483,209.24333
2008-02-07,230.52899,230.59183,228.14006,229.36772,227.30525,224.71812
2008-02-08,280.43826,280.03815,276.5839,285.20563,281.5564,277.27383
2008-02-09,302.8087,301.4772,296.85794,308.79712,304.1604,298.84943
2008-02-10,215.96948,218.23035,218.1068,215.164,214.67044,213.65341
2008-02-11,230.84186,231.45422,229.53914,230.7982,228.76988,226.20746
2008-02-12,271.41064,270.92807,267.4879,274.95715,271.26285,266.9553
2008-02-13,258.24554,259.01932,256.96292,261.63528,259.1555,256.07053
2008-02-14,217.15393,218.15129,216.76376,219.90344,218.29512,216.16747
2008-02-15,255.42836,254.90633,251.5997,256.18198,252.6102,248.46506
2008-02-16,284.5172,283.75858,279.89972,287.84015,283.53284,278.58527
2008-02-17,230.50732,232.12114,231.194,234.18059,232.8115,230.87773
2008-02-18,203.8517,206.22563,206.33937,202.28091,202.09132,201.3927
2008-02-19,256.9047,257.98355,256.238,259.0927,257.153,254.59335
2008-02-20,266.79153,267.7593,265.79517,269.22708,267.07388,264.27725
2008-02-21,220.90976,224.01736,224.66573,220.77527,221.44644,221.53896
2008-02-22,224.92213,225.67207,223.94962,227.57408,225.46457,222.81354
2008-02-23,191.83755,193.85489,193.74413,192.84177,192.4282,191.5262
2008-02-24,195.60782,196.64868,195.53275,196.07065,194.7614,192.97209
2008-02-25,203.25809,204.42729,203.35336,204.56895,203.3633,201.65176
2008-02-26,219.67043,221.4498,220.79688,221.91925,221.10756,219.73486
2008-02-27,220.68317,222.63007,222.1303,222.08913,221.3825,220.11021
2008-02-28,220.98537,222.29837,221.16946,223.02979,221.6434,219.7011
2008-02-29,254.95708,255.81163,253.85739,258.24323,256.00806,253.14015
2008-03-01,248.0857,249.7873,248.74223,250.85928,249.8628,248.22447
2008-03-02,196.34677,198.41983,198.30754,198.63095,198.40762,197.6621
2008-03-03,234.93999,236.04005,234.54453,238.64096,237.15,235.0554
2008-03-04,307.07996,307.01224,303.57318,317.30637,313.79764,309.51608
2008-03-05,282.82867,284.00806,282.06265,286.42545,284.58386,282.01318
2008-03-06,226.57983,227.73254,226.37779,229.33386,227.81871,225.71837
2008-03-07,219.47206,220.78952,219.67412,223.36752,222.0791,220.21428
2008-03-08,267.13766,267.18698,264.29785,272.89743,269.37015,265.17874
2008-03-09,262.76355,262.7575,259.861,267.1567,264.255,260.68823
2008-03-10,233.96599,235.88957,235.20811,236.8568,235.88568,234.28687
2008-03-11,241.99304,241.70572,238.75893,244.02234,240.8306,237.03839
2008-03-12,263.35086,263.2685,260.28717,270.27884,266.8635,262.7776
2008-03-13,293.76486,292.8102,288.6346,305.33444,300.4473,294.82257
2008-03-14,307.4916,308.66336,306.42703,310.0407,308.0812,305.30127
2008-03-15,276.4622,278.00305,276.47034,279.01096,277.0952,274.44138
2008-03-16,212.72511,213.3143,211.5473,215.77289,214.00089,211.66214
2008-03-17,309.99402,310.27792,307.13638,313.7713,310.46423,306.34613
2008-03-18,227.07202,228.76488,227.92242,229.77005,228.53511,226.67606
2008-03-19,251.39484,250.7723,247.38394,254.98979,251.23532,246.84062
2008-03-20,305.9671,305.62952,301.91724,307.2974,303.67282,299.25204
2008-03-21,321.40668,319.71988,314.5096,326.37738,320.63394,314.08554
2008-03-22,322.88715,321.59723,316.75916,328.5418,323.42236,317.47324
2008-03-23,257.70972,257.71237,254.86394,263.78537,260.48398,256.49408
2008-03-24,206.15108,207.42325,206.39122,207.13264,205.97878,204.2474
2008-03-25,235.6371,234.50916,230.79208,237.23347,233.54549,229.24971
2008-03-26,219.25545,220.10547,218.5113,219.88373,217.91908,215.35342
2008-03-27,246.5444,242.39265,235.58357,243.7874,236.86925,229.39633
2008-03-28,265.9668,267.9026,266.85403,268.84042,267.76263,265.91083
2008-03-29,284.2791,283.83795,280.25128,288.17285,284.5707,280.19482
2008-03-30,236.38307,237.16586,235.31076,240.81523,238.82574,236.16153
2008-03-31,220.74725,221.05106,218.89822,223.61751,221.3755,218.51375
2008-04-01,286.05435,285.67828,282.13165,288.96872,285.24997,280.74692
2008-04-02,292.80972,294.23093,292.37125,300.32837,298.20398,295.2174
2008-04-03,283.36902,282.09668,277.6979,287.93314,283.49405,278.28442
2008-04-04,298.39743,297.25168,292.80865,304.18738,299.6332,294.25787
2008-04-05,306.6414,306.26474,302.48297,311.7878,307.91077,303.1682
2008-04-06,335.57968,334.7872,330.2741,343.10223,338.5107,332.9706
2008-04-07,294.09003,294.86523,292.34988,294.36325,292.1487,289.073
2008-04-08,259.2582,260.9967,259.8125,259.2407,257.9863,255.95247
2008-04-09,236.31621,237.2957,235.62177,239.32693,237.47693,234.92188
2008-04-10,245.2249,246.12428,244.27124,248.55092,246.59322,243.90096
2008-04-11,271.1286,272.0927,270.01297,274.34555,272.1023,269.0469
2008-04-12,232.56952,232.90756,230.6433,231.42209,229.13336,226.16678
2008-04-13,237.07362,237.3837,235.04077,233.6473,231.42966,228.52235
2008-04-14,213.8428,215.274,214.28813,211.14731,210.06349,208.32999
2008-04-15,246.5329,248.1545,246.98888,245.3788,244.38423,242.62476
2008-04-16,233.7738,235.91798,235.40587,235.6274,235.09164,233.80757
2008-04-17,259.55493,259.289,256.1267,265.741,262.24316,257.97357
2008-04-18,221.99382,223.79715,223.0809,225.08081,224.41371,223.03027
2008-04-19,233.02489,234.32603,232.99359,235.03218,233.57895,231.39479
2008-04-20,295.03668,296.44504,294.52283,298.00876,296.31973,293.69644
2008-04-21,310.75934,310.5392,306.8453,315.294,311.69754,307.15665
2008-04-22,311.20364,311.0695,307.4539,315.40134,311.72827,307.1091
2008-04-23,306.3416,307.44528,305.09537,309.66263,307.2554,303.88422
2008-04-24,299.31693,300.43765,298.18225,305.493,302.9434,299.44415
2008-04-25,313.77554,313.4405,309.5972,318.40768,314.48712,309.60712
2008-04-26,292.1108,289.17786,283.03354,294.1072,288.0018,281.07333
2008-04-27,266.6147,267.34787,265.07758,268.61902,266.34604,263.23087
2008-04-28,296.33505,298.20486,296.71347,297.11017,296.1442,294.20248
2008-04-29,273.20764,273.16263,270.05588,277.7978,274.7959,270.93512
2008-04-30,281.4221,281.17667,277.78143,286.43094,283.10165,278.89044
2008-05-01,313.36758,312.2363,307.61566,317.86923,313.5141,308.1952
2008-05-02,251.73553,252.88911,251.19534,255.21625,253.61942,251.1957
2008-05-03,259.88495,260.2836,257.7595,262.9434,260.43457,257.09482
2008-05-04,316.88593,315.42294,310.43793,323.44418,318.91412,313.39832
2008-05-05,347.8815,347.80695,343.833,353.2978,349.4383,344.46997
2008-05-06,271.272,276.16287,277.9062,278.88852,280.93973,281.9761
2008-05-07,258.6319,260.16647,258.7677,263.13626,261.91754,259.82443
2008-05-08,280.94952,284.3047,284.437,285.65396,285.992,285.334
2008-05-09,305.59647,306.33795,303.63715,307.65268,305.7609,302.85532
2008-05-10,310.26755,309.9067,306.07547,314.2292,310.4701,305.7229
2008-05-11,316.36548,316.90106,313.87878,321.628,318.68866,314.71155
2008-05-12,290.69385,291.79605,289.6162,294.96008,292.90997,289.88892
2008-05-13,325.38535,324.90378,320.78644,326.52896,322.74237,317.9203
2008-05-14,305.39554,307.57837,306.2919,311.05872,309.86514,307.6181
2008-05-15,320.62946,319.54764,314.8978,327.74194,323.27704,317.78757
2008-05-16,308.0813,307.8861,304.24484,317.04242,313.72504,309.38794
2008-05-17,259.13873,260.9898,259.89874,263.06738,262.04688,260.1321
2008-05-18,271.26257,271.8346,269.3575,274.0375,271.7431,268.5495
2008-05-19,302.33798,301.36365,297.02716,302.70728,298.81537,293.96594
2008-05-20,309.70932,309.10358,305.04608,312.91193,309.06564,304.2236
2008-05-21,362.81244,362.1654,357.47464,367.13803,362.77356,357.2357
2008-05-22,330.78143,333.14996,331.768,334.34818,333.27167,331.04678
2008-05-23,278.46262,278.88254,276.1808,281.96988,279.1514,275.4156
2008-05-24,287.13925,288.23755,286.1034,290.38748,288.28027,285.20605
2008-05-25,291.2093,291.8899,289.30286,294.13538,291.77692,288.4445
2008-05-26,319.73822,318.02905,312.7875,325.49692,320.51505,314.51904
2008-05-27,282.2978,283.7592,282.03778,286.08572,284.44977,281.84763
2008-05-28,274.84088,275.30295,272.68863,278.10092,275.57098,272.1269
2008-05-29,276.95975,276.46286,272.88837,279.7129,276.14532,271.6857
2008-05-30,336.35995,334.09763,328.13568,338.97052,332.92966,325.85388
2008-05-31,344.9431,345.33374,341.8725,350.38525,347.68314,343.81503
2008-06-01,327.0208,329.066,327.42422,330.125,328.80664,326.35638
2008-06-02,273.3769,274.5958,272.74478,278.84323,277.26694,274.74698
2008-06-03,305.16452,304.42303,300.30243,306.60205,302.71994,297.85822
2008-06-04,329.60822,329.89084,326.50168,331.75845,328.71225,324.57492
2008-06-05,326.99042,327.4711,324.30652,328.3146,325.53342,321.6662
2008-06-06,312.13437,313.8855,312.13043,313.78116,312.23822,309.62738
2008-06-07,304.37634,304.2934,300.8323,308.74478,305.3726,300.99982
2008-06-08,310.77194,310.79163,307.36166,315.06915,311.67856,307.26575
2008-06-09,356.43246,355.0378,349.71982,364.91977,359.90283,353.73157
2008-06-10,364.4537,363.89597,359.30963,374.54388,370.10257,364.45786
2008-06-11,357.1908,356.91446,352.68607,366.71405,362.61166,357.3248
2008-06-12,322.37335,323.06076,320.16275,328.0956,325.21378,321.25143
2008-06-13,344.98746,343.51025,338.2465,351.26086,346.0804,339.79993
2008-06-14,307.22934,306.6579,302.6999,307.8801,304.13718,299.40912
2008-06-15,325.11227,324.50522,320.3165,326.84442,322.90634,317.92212
2008-06-16,335.90836,334.61224,329.63217,336.81525,332.22302,326.5676
2008-06-17,333.2282,330.02985,323.22052,337.92612,331.63995,324.33264
2008-06-18,364.12866,363.71786,359.29642,369.04587,364.92764,359.62146
2008-06-19,343.8208,344.0797,340.5396,346.3523,342.9245,338.3709
2008-06-20,332.17526,333.1329,330.40695,333.73672,331.19736,327.55365
2008-06-21,322.46283,323.0748,320.11978,324.83218,321.85004,317.8074
2008-06-22,338.5027,337.37253,332.5384,344.4163,339.4938,333.4947
2008-06-23,368.7163,367.67572,362.59875,377.93695,373.03766,366.94443
2008-06-24,353.15872,353.21802,349.39062,355.64258,352.10895,347.42416
2008-06-25,313.26678,313.8501,310.97617,318.27652,315.55746,311.7974
2008-06-26,316.64618,317.4799,314.8158,321.0308,318.572,315.05664
2008-06-27,326.81137,326.63055,322.864,331.67712,327.9912,323.245
2008-06-28,345.43475,345.4357,341.6446,350.33597,346.6573,341.854
2008-06-29,361.41278,361.34024,357.3041,368.3668,364.5821,359.61392
2008-06-30,380.35864,379.47916,374.44778,386.323,381.5899,375.63705
2008-07-01,368.56107,368.63712,364.67236,374.83173,371.17975,366.32074
2008-07-02,366.73215,368.95767,367.11865,373.80905,372.49106,369.9093
2008-07-03,343.4704,344.28052,341.31332,346.91205,343.9405,339.84348
2008-07-04,368.7085,367.32275,361.93253,374.81644,369.1168,362.26785
2008-07-05,371.52432,373.29263,370.96054,377.0082,375.6257,372.97427
2008-07-06,374.13684,375.40967,372.5663,376.8329,374.52255,370.96967
2008-07-07,391.41534,391.91196,388.1224,396.888,393.5285,388.88617
2008-07-08,378.91245,379.13486,375.21576,384.58783,381.11002,376.39645
2008-07-09,364.2476,363.97708,359.73776,369.61667,365.63828,360.49042
2008-07-10,387.58847,387.9874,384.15097,394.25302,390.809,386.09818
2008-07-11,385.7137,385.43463,380.95718,391.06717,387.00113,381.69717
2008-07-12,388.075,387.63968,382.9859,395.1978,391.0369,385.628
2008-07-13,373.6496,373.0116,368.3187,379.8561,375.12015,369.20535
2008-07-14,367.25964,366.21527,361.1963,374.41806,369.18906,362.8143
2008-07-15,363.18408,363.5097,359.87827,368.37546,365.086,360.62268
2008-07-16,349.76505,350.08704,346.60004,354.00156,350.7256,346.32623
2008-07-17,349.99887,352.96597,352.0682,358.22443,357.69803,355.9644
2008-07-18,334.96167,335.24258,331.88016,337.38464,334.26263,330.0731
2008-07-19,351.86896,351.7937,347.9009,357.82483,353.97226,349.00317
2008-07-20,357.16357,357.0721,353.10803,363.42422,359.77103,354.9789
2008-07-21,350.99136,351.5469,348.28534,357.05917,354.056,349.92056
2008-07-22,354.72986,353.90833,349.25974,359.43112,354.84473,349.1606
2008-07-23,383.10864,382.6033,377.95895,390.64392,386.51892,381.18085
2008-07-24,386.04684,387.50058,384.7453,391.32254,389.3929,386.19376
2008-07-25,361.11703,361.61493,358.19543,365.44043,362.25845,357.92816
2008-07-26,370.78967,370.83875,366.87714,374.2566,370.5369,365.65512
2008-07-27,342.74988,343.91025,341.34238,347.36325,345.1802,341.8882
2008-07-28,341.54227,340.70413,336.19366,346.64642,342.22897,336.76395
2008-07-29,370.95618,370.64563,366.3363,376.97003,372.73605,367.35046
2008-07-30,380.43613,379.553,374.5827,387.28366,382.16818,375.89142
2008-07-31,375.26276,374.9479,370.59225,382.08478,377.6731,372.1019
2008-08-01,364.55167,365.21887,361.943,368.48914,365.50098,361.36487
2008-08-02,354.44885,355.2267,352.17023,358.93134,356.10626,352.16315
2008-08-03,346.58493,347.3551,344.37778,348.0447,345.28928,341.45242
2008-08-04,348.71118,349.17584,345.87845,351.63235,348.39038,344.06973
2008-08-05,353.39246,353.5281,349.85995,358.53726,355.1595,350.68613
2008-08-06,357.72235,356.54047,351.5367,362.9072,358.09024,352.20187
2008-08-07,377.80063,378.31445,374.75888,384.05722,380.72128,376.21008
2008-08-08,348.33624,348.63553,345.1884,352.61353,349.25818,344.83368
2008-08-09,332.24167,332.1576,328.50952,334.2626,330.80872,326.35056
2008-08-10,337.86746,336.24686,331.03427,341.76733,336.53687,330.3243
2008-08-11,375.60422,373.68317,367.77344,381.96393,375.7909,368.5312
2008-08-12,366.09085,366.23895,362.46182,369.46408,365.74304,360.91806
2008-08-13,363.66415,363.63092,359.70428,367.7184,363.90256,358.99362
2008-08-14,379.45374,379.71902,375.9183,383.36932,379.75946,375.00397
2008-08-15,352.8497,352.1816,347.75253,358.28036,353.95798,348.59116
2008-08-16,372.1836,371.37003,366.59378,380.03696,375.41675,369.6926
2008-08-17,377.07684,377.82114,374.52274,383.17474,380.0541,375.78613
2008-08-18,328.2825,329.75406,327.69238,331.19507,329.1432,326.08676
2008-08-19,307.0431,308.41727,306.48892,310.3766,308.43954,305.5642
2008-08-20,320.9943,320.3519,316.2986,325.96085,321.87875,316.8639
2008-08-21,367.69705,367.72104,363.82578,374.89032,370.81476,365.65466
2008-08-22,346.77594,346.46967,342.47556,346.57816,342.85587,338.13306
2008-08-23,338.23935,335.56882,329.3479,336.3923,330.1901,323.08203
2008-08-24,356.87262,352.8812,345.16785,361.4753,353.80258,345.18375
2008-08-25,378.36343,377.77527,373.17523,384.1154,379.64413,374.08304
2008-08-26,345.49893,347.95425,346.6928,350.51273,349.48047,347.38446
2008-08-27,320.05093,320.39404,317.3321,323.46518,320.35147,316.31076
2008-08-28,331.21677,331.6765,328.61264,335.81516,332.8506,328.9205
2008-08-29,360.00885,359.47412,355.13083,363.75256,359.53445,354.298
2008-08-30,355.00543,355.6166,352.4536,354.96384,352.03384,348.0858
2008-08-31,343.59476,343.84625,340.45328,347.90714,344.51797,340.14667
2008-09-01,351.60193,351.44067,347.55988,356.29156,352.33188,347.38147
2008-09-02,365.44226,364.4449,359.59866,374.39188,369.43393,363.45734
2008-09-03,345.9148,345.0313,340.50565,353.2772,348.821,343.40204
2008-09-04,332.30862,330.94968,326.10294,342.06,336.67584,330.3878
2008-09-05,328.09897,328.55582,325.53934,334.87173,331.70383,327.60596
2008-09-06,315.96332,317.4666,315.6084,319.60144,317.6399,314.76987
2008-09-07,329.53253,329.12454,325.2473,334.14908,330.194,325.33633
2008-09-08,347.54373,347.48587,343.7649,351.34598,347.57178,342.84357
2008-09-09,343.65436,343.74353,340.2101,347.8891,344.40176,339.9679
2008-09-10,350.2801,350.26862,346.5686,355.81946,351.98062,347.1837
2008-09-11,290.39194,291.33795,289.21158,291.47083,289.17102,286.07053
2008-09-12,274.89798,276.83173,275.8412,278.29553,277.36972,275.65402
2008-09-13,287.13,288.5385,286.90485,290.6948,288.95135,286.40363
2008-09-14,295.5307,297.04248,295.42386,299.4109,297.80838,295.37665
2008-09-15,302.04343,303.13766,301.04193,306.11536,303.85248,300.75912
2008-09-16,354.60684,353.6519,348.99088,361.78574,356.88412,351.05432
2008-09-17,347.10898,347.27338,343.79388,355.88574,351.98798,347.1607
2008-09-18,301.58066,299.58896,294.46774,302.01773,296.90405,291.04443
2008-09-19,286.30103,281.85236,274.47534,287.1094,280.0198,272.27264
2008-09-20,339.11896,339.41666,336.1577,342.4332,338.86935,334.41833
2008-09-21,289.5707,292.7581,292.86316,293.56964,293.50543,292.61923
2008-09-22,298.54102,299.716,297.74857,303.0693,300.95102,298.03195
2008-09-23,315.33688,316.71512,314.77356,317.96164,316.07104,313.3368
2008-09-24,285.23492,286.62723,285.01587,290.40842,288.69995,286.22382
2008-09-25,299.95605,300.22165,297.3487,303.72665,300.71915,296.9382
2008-09-26,299.86874,301.60452,300.18143,303.2635,301.92468,299.7817
2008-09-27,247.16324,248.45137,247.13924,249.91318,248.31284,246.06308
2008-09-28,311.038,312.36514,310.42596,313.32703,311.3154,308.4932
2008-09-29,276.52353,276.60153,273.7934,281.1202,278.4092,274.99286
2008-09-30,294.97018,295.46457,292.87527,301.54587,298.59274,294.88718
2008-10-01,298.15292,299.47076,297.66077,301.45798,299.48785,296.74835
2008-10-02,291.1318,291.95233,289.72668,294.13635,291.66733,288.46204
2008-10-03,321.98846,323.02014,320.6821,327.0182,324.38184,320.92813
2008-10-04,268.84103,270.64648,269.62564,270.50372,269.25964,267.32315
2008-10-05,322.45386,322.02075,318.23633,326.01074,321.9672,317.14432
2008-10-06,336.84607,337.95166,335.53494,342.00714,339.72223,336.58347
2008-10-07,350.92825,352.48062,350.3588,356.34055,353.82758,350.43124
2008-10-08,278.33023,280.5452,279.833,280.5162,279.4827,277.7376
2008-10-09,281.69632,283.3363,282.02295,287.8482,286.0331,283.50583
2008-10-10,247.07625,247.88559,246.11388,250.38062,248.41846,245.84691
2008-10-11,315.35797,315.7357,312.82874,319.07092,315.97397,312.11523
2008-10-12,280.66858,281.6881,279.7754,284.4866,282.45123,279.72495
2008-10-13,246.30276,247.75327,246.62347,248.51794,246.91333,244.7041
2008-10-14,252.6463,254.91069,254.5183,254.78934,254.02222,252.62032
2008-10-15,253.67163,255.11555,253.90346,257.40186,255.7964,253.56825
2008-10-16,261.64975,263.91098,263.42273,268.81165,268.08328,266.68857
2008-10-17,261.35074,264.08203,264.0612,269.31168,269.2493,268.50888
2008-10-18,252.54184,254.04466,252.90324,251.51833,250.33582,248.54396
2008-10-19,255.38579,256.92346,255.78702,252.63495,251.27386,249.30614
2008-10-20,251.44897,253.3417,252.59676,250.19322,249.21411,247.62927
2008-10-21,230.10257,231.78485,231.0541,231.4211,230.38472,228.79239
2008-10-22,259.65622,261.43744,260.4972,265.90787,264.82986,263.1131
2008-10-23,283.97116,284.04666,281.1694,292.32526,289.9076,286.8132
2008-10-24,267.58124,271.5496,272.68665,274.4738,276.04205,276.90475
2008-10-25,286.0454,288.3635,287.67883,296.08017,294.4803,292.18326
2008-10-26,286.81775,285.81656,281.84543,295.26428,291.074,286.23917
2008-10-27,294.82098,296.05743,294.2127,300.0097,298.0542,295.40283
2008-10-28,284.8391,286.19418,284.5701,289.0469,287.403,285.08618
2008-10-29,257.3347,260.23764,260.4283,260.81143,260.88385,260.3221
2008-10-30,307.98425,310.48248,309.74594,312.63596,311.96368,310.5472
2008-10-31,319.5618,321.39572,319.88187,322.71512,321.0066,318.5506
2008-11-01,318.461,319.5338,317.27875,325.35107,323.01797,319.94446
2008-11-02,286.8905,286.35153,282.8316,291.5488,288.32047,284.45105
2008-11-03,269.67883,267.05136,261.64587,266.66647,261.23108,255.25594
2008-11-04,279.6158,277.86578,273.22302,279.1063,274.095,268.5078
2008-11-05,281.10895,280.3037,276.5782,281.17673,276.77936,271.79135
2008-11-06,302.51437,303.9483,302.212,305.2611,303.55267,301.14908
2008-11-07,291.64337,293.4146,292.12415,295.00897,293.50604,291.33014
2008-11-08,287.74426,289.64926,288.53085,294.5866,292.7096,290.1688
2008-11-09,271.66812,277.4169,280.26535,277.9477,280.7043,282.7548
2008-11-10,250.72826,252.37439,251.38441,249.3092,248.39575,246.91072
2008-11-11,273.239,274.92847,273.74527,268.83737,267.8407,266.22903
2008-11-12,281.60294,283.591,282.61472,284.48477,283.27557,281.41956
2008-11-13,268.07993,269.66235,268.4252,276.09464,274.7929,272.86694
2008-11-14,287.71835,289.08853,287.43503,290.88812,288.9265,286.31866
2008-11-15,261.6037,263.57462,262.78717,263.63367,263.08875,261.9373
2008-11-16,286.72476,288.37875,287.0138,288.99704,287.43182,285.21988
2008-11-17,255.06213,258.9401,260.10504,257.20316,258.08585,258.3538
2008-11-18,211.77562,213.93481,213.85204,217.16379,216.91847,216.17221
2008-11-19,226.7175,228.26187,227.41345,227.53659,226.21136,224.38081
2008-11-20,231.81363,233.29868,232.337,230.63808,229.28307,227.41672
2008-11-21,296.21008,296.55475,293.78827,298.04562,294.91522,291.149
2008-11-22,309.0818,309.44748,306.5652,313.34808,309.93207,305.8506
2008-11-23,330.2151,330.142,326.60205,334.47995,330.48865,325.7938
2008-11-24,274.26965,278.1,279.00787,271.66727,272.56122,272.81216
2008-11-25,196.40414,198.8123,199.13028,196.90471,196.90399,196.44902
2008-11-26,222.20927,224.57788,224.58424,220.3611,220.01869,219.1744
2008-11-27,264.5215,264.8383,262.36807,265.23007,262.6285,259.4614
2008-11-28,225.19649,227.60603,227.61914,228.38261,227.68553,226.47511
2008-11-29,205.63121,207.005,206.19807,210.87314,210.03624,208.7291
2008-11-30,220.93234,220.19148,217.1296,229.09503,226.00282,222.43791
2008-12-01,216.79445,216.75566,214.4308,220.98393,218.84918,216.24408
2008-12-02,187.02438,188.48732,187.96144,186.25706,185.72217,184.76923
2008-12-03,236.68587,237.80765,236.41872,238.49243,236.86314,234.71516
2008-12-04,290.90598,291.375,288.7658,293.17618,290.31088,286.8232
2008-12-05,250.2189,252.37012,251.85413,251.40553,250.36688,248.77023
2008-12-06,264.50787,265.04303,262.77505,263.74142,261.2086,258.1155
2008-12-07,302.86465,304.71692,303.34488,306.2737,304.5618,302.17825
2008-12-08,219.51718,223.8002,225.71474,219.39828,220.7408,221.55804
2008-12-09,171.52603,174.69,176.00415,171.94806,172.75925,173.16306
2008-12-10,165.41151,166.9199,166.65921,167.38905,166.75845,165.75583
2008-12-11,229.30159,231.63843,231.51898,227.1621,226.7316,225.78893
2008-12-12,202.95558,205.64093,206.14467,208.19872,208.17522,207.67598
2008-12-13,183.074,185.77728,186.50868,189.64708,190.1663,190.24287
2008-12-14,202.25566,203.40652,202.3963,197.71416,196.2196,194.29861
2008-12-15,251.19243,252.46451,251.05269,250.50528,248.6987,246.35022
2008-12-16,289.2958,290.6039,288.82083,292.22885,290.13358,287.40582
2008-12-17,268.46497,270.92252,270.49713,271.3571,270.53577,269.1078
2008-12-18,227.4631,228.75195,227.60474,233.1954,231.52428,229.3483
2008-12-19,252.45886,255.05133,254.92676,258.65848,258.00995,256.78055
2008-12-20,219.6925,220.47906,218.91469,221.57724,219.82048,217.58662
2008-12-21,260.1195,260.2756,257.65433,266.50323,263.26276,259.46768
2008-12-22,289.35583,290.49496,288.533,294.87003,292.38614,289.26938
2008-12-23,217.79213,220.2807,220.41736,222.15645,221.6268,220.59695
2008-12-24,224.56186,226.38852,225.79619,225.39273,224.16576,222.44292
2008-12-25,216.3422,217.50778,216.34755,219.81036,218.42073,216.55057
2008-12-26,208.8669,210.95999,210.7966,211.33736,210.72807,209.64392
2008-12-27,194.85796,195.94064,194.92574,195.25346,193.89908,192.11937
2008-12-28,231.34734,230.7071,227.5945,230.6187,226.99771,222.90894
2008-12-29,261.4284,262.54486,260.8473,261.87366,260.1027,257.75967
2008-12-30,218.98291,220.64752,219.94635,221.12946,219.89993,218.18239
2008-12-31,203.1437,204.59729,203.85591,208.70303,207.44608,205.7298
2009-01-01,233.51451,234.46208,232.89236,235.46587,233.63602,231.29462
2009-01-02,254.85944,255.50192,253.39952,259.21832,256.78638,253.79796
2009-01-03,192.6388,194.54736,194.36563,195.14824,194.76416,193.93564
2009-01-04,162.06078,163.82828,163.83469,162.99475,162.7441,162.1206
2009-01-05,166.71559,168.06145,167.59943,170.6656,169.61633,168.18997
2009-01-06,198.88142,201.04202,201.03917,198.0071,197.66354,196.86678
2009-01-07,198.27444,199.14322,197.86705,202.53876,201.196,199.40639
2009-01-08,209.5107,210.55223,209.32484,212.05212,210.62532,208.73047
2009-01-09,238.3298,240.34477,239.76894,241.13058,240.09073,238.50786
2009-01-10,185.5944,186.72621,185.84389,190.43867,189.36096,187.85829
2009-01-11,190.37527,193.28912,194.11795,184.95767,185.81622,186.22809
2009-01-12,164.08794,166.5937,167.30153,162.88525,163.0457,162.82271
2009-01-13,169.96466,171.85872,171.8967,170.93506,170.82257,170.31203
2009-01-14,253.72427,254.72491,252.97238,254.36012,252.37564,249.83003
2009-01-15,254.7119,253.75583,250.0549,258.25955,254.66672,250.5312
2009-01-16,276.38828,277.0388,274.6919,284.07126,281.47247,278.2519
2009-01-17,312.4652,311.1619,306.4898,316.91522,311.61996,305.67245
2009-01-18,245.21603,248.13275,248.36324,247.61856,247.77519,247.3451
2009-01-19,248.80788,249.8291,248.14392,251.8198,249.81035,247.24188
2009-01-20,238.10216,238.37924,236.07266,243.95676,241.37883,238.26976
2009-01-21,252.36209,252.08286,249.07016,254.98111,251.46733,247.41205
2009-01-22,226.9391,229.05936,228.69525,232.30487,231.43382,230.02682
2009-01-23,166.66093,168.36618,168.24458,166.79597,166.36792,165.55081
2009-01-24,215.82639,216.37346,214.57167,216.00505,213.89368,211.3056
2009-01-25,168.62418,169.7181,168.96892,167.03445,166.08403,164.75197
2009-01-26,231.38751,231.11002,228.32181,230.97083,227.81378,224.16144
2009-01-27,215.3554,215.98259,214.26251,220.38913,218.1406,215.40465
2009-01-28,256.23178,255.11935,251.23363,258.47864,254.3487,249.67328
2009-01-29,261.94324,263.92444,263.035,265.0382,263.8242,261.99442
2009-01-30,194.45505,195.73344,194.88216,197.46674,196.37518,194.82736
2009-01-31,205.31401,206.12332,204.68932,208.95288,207.16008,204.89522
2009-02-01,265.56778,266.36353,264.2594,272.21182,270.10855,267.38467
2009-02-02,236.16718,238.15822,237.55493,239.82903,238.78096,237.16997
2009-02-03,204.15231,205.52528,204.65881,210.28552,209.18303,207.58926
2009-02-04,193.47339,193.56488,191.54735,198.30325,195.98036,193.21716
2009-02-05,225.49538,225.19362,222.43784,230.10193,227.3054,223.99873
2009-02-06,230.10483,231.39671,230.16489,235.37584,233.81268,231.70192
2009-02-07,173.91508,174.47687,173.13553,178.1589,176.33142,174.1007
2009-02-08,210.42989,211.22508,209.7155,213.17738,211.2618,208.85742
2009-02-09,214.53331,217.12978,217.35432,216.9303,216.88638,216.3074
2009-02-10,187.68024,190.15115,190.54384,188.7485,188.61995,188.02634
2009-02-11,179.33371,181.75195,182.18295,181.48984,181.63431,181.32521
2009-02-12,230.84358,232.16661,230.9527,233.06583,231.54819,229.47948
2009-02-13,219.7279,222.69112,223.21759,222.26535,222.36447,221.90652
2009-02-14,170.24556,172.13365,172.13817,174.37173,174.04437,173.28667
2009-02-15,184.42365,185.02887,183.61115,187.1023,185.5038,183.46669
2009-02-16,202.25366,203.20418,201.93182,204.78513,203.44841,201.62212
2009-02-17,179.78023,180.12442,178.49863,182.22314,180.51901,178.38818
2009-02-18,165.62053,166.3563,165.27127,166.48578,165.0064,163.13443
2009-02-19,223.75296,223.67682,221.1541,226.02031,223.10283,219.66905
2009-02-20,225.73439,226.80984,225.40117,227.76172,226.53276,224.74747
2009-02-21,233.26346,236.49646,237.13332,235.06053,235.29414,234.92139
2009-02-22,190.30522,191.28471,190.16766,191.90723,190.64346,188.91257
2009-02-23,210.2423,211.47606,210.39087,211.83395,210.40372,208.45688
2009-02-24,225.0016,227.17882,226.8617,224.5778,224.24582,223.34
2009-02-25,165.82288,167.38295,167.10463,164.95926,164.49452,163.61133
2009-02-26,172.70418,174.2021,173.7864,174.7032,174.19832,173.24901
2009-02-27,188.61392,188.7922,186.90033,192.13231,190.10107,187.61012
2009-02-28,182.2626,182.39348,180.52394,184.60358,182.36281,179.68486
2009-03-01,260.5091,261.01724,258.66068,263.37366,260.58054,257.15292
2009-03-02,202.20154,203.98605,203.52614,206.01137,205.33374,204.12602
2009-03-03,218.42978,218.29358,215.76207,219.7679,216.94275,213.59485
2009-03-04,257.01733,257.29532,254.74753,267.27792,264.22055,260.51685
2009-03-05,236.79594,237.91962,236.42601,241.85657,239.95825,237.45412
2009-03-06,188.71738,190.74815,190.67517,192.5119,192.18623,191.35075
2009-03-07,161.57074,163.411,163.44771,163.00034,162.79924,162.16315
2009-03-08,172.47205,174.42383,174.44966,172.91661,172.7247,172.06894
2009-03-09,191.56197,193.44882,193.19989,192.38351,191.39024,189.89589
2009-03-10,225.64958,224.9184,221.71634,232.91922,229.22545,224.97766
2009-03-11,204.59549,205.19775,203.53902,207.11963,205.47282,203.29488
2009-03-12,182.89384,184.526,184.1188,182.91934,182.4184,181.42502
2009-03-13,182.90366,184.53207,184.12007,185.54657,185.07625,184.1034
2009-03-14,196.75874,197.85916,196.77408,197.09166,195.87262,194.13373
2009-03-15,217.98022,219.62868,218.84778,216.77992,215.91331,214.46162
2009-03-16,228.50935,228.55579,226.082,230.71735,228.10811,224.91191
2009-03-17,275.32175,275.21118,272.06558,280.20215,276.76678,272.6215
2009-03-18,244.68275,243.44228,239.52254,251.82849,248.06929,243.68468
2009-03-19,243.17291,242.5581,239.2692,249.86536,246.78569,243.06763
2009-03-20,247.25133,247.8597,245.7271,250.26186,247.93169,244.94164
2009-03-21,226.33658,224.7805,220.75041,229.3025,224.93869,220.01967
2009-03-22,267.115,271.24237,272.3459,267.39322,268.75494,269.31433
2009-03-23,213.75706,215.9163,215.67413,216.5237,216.19876,215.25491
2009-03-24,222.62035,222.0325,218.9921,227.50162,223.95537,219.83195
2009-03-25,272.03262,271.31384,267.5969,278.71033,274.55173,269.67828
2009-03-26,260.3366,259.86725,256.52353,264.73477,261.12006,256.81512
2009-03-27,260.32053,261.04065,258.86395,263.4211,261.13666,258.13052
2009-03-28,299.98907,301.54013,299.7383,302.3882,300.89386,298.53986
2009-03-29,239.15785,242.08994,242.31677,239.99104,240.05249,239.3981
2009-03-30,224.58128,225.63684,224.18172,229.92702,228.62512,226.66748
2009-03-31,246.87808,246.3143,243.02104,247.92326,244.68338,240.77806
2009-04-01,305.97977,306.2623,303.1422,311.68045,308.3566,304.17383
2009-04-02,268.68045,270.58878,269.47678,278.7603,277.78806,275.99454
2009-04-03,249.85161,250.07268,247.51292,251.89445,249.22278,245.85007
2009-04-04,251.39827,251.8651,249.52797,253.61069,251.19615,248.06564
2009-04-05,266.1198,266.4845,263.88217,269.35938,266.64487,263.1702
2009-04-06,286.68573,285.21237,280.57697,289.65314,284.8363,279.24594
2009-04-07,316.72708,316.36127,312.47644,320.8784,317.00806,312.2399
2009-04-08,320.89633,321.60034,318.7167,324.4386,321.6688,317.95816
2009-04-09,290.0155,292.61942,291.941,294.0591,293.21243,291.46692
2009-04-10,240.51724,241.57437,239.92975,243.85397,242.43088,240.27759
2009-04-11,225.61732,225.1345,222.14523,228.85349,225.62549,221.75755
2009-04-12,272.28378,270.5705,265.85355,278.01636,273.11252,267.45306
2009-04-13,265.27078,261.3605,254.56766,262.58273,256.32874,249.39964
2009-04-14,324.33694,323.90518,319.86105,331.20258,326.9231,321.6953
2009-04-15,300.74454,301.4044,298.69208,306.16608,303.49875,299.91776
2009-04-16,240.73094,240.88641,238.34915,241.92604,239.60925,236.57297
2009-04-17,278.3437,276.42282,271.43008,281.58356,276.72208,271.07608
2009-04-18,330.40527,330.37143,326.64438,334.9255,331.3707,326.8209
2009-04-19,327.99692,327.73987,323.81992,333.21625,329.32614,324.45145
2009-04-20,296.80804,297.24277,294.34818,304.77997,302.05893,298.41196
2009-04-21,256.01895,256.64978,254.40268,258.87784,256.59744,253.5268
2009-04-22,310.01978,309.4965,305.51404,312.37665,308.5052,303.70624
2009-04-23,320.84286,320.92426,317.41183,325.92438,322.62735,318.33942
2009-04-24,264.74957,265.46243,263.19556,267.57,265.36298,262.3264
2009-04-25,296.1699,296.68344,293.86887,298.1988,295.41922,291.72043
2009-04-26,299.33456,299.2853,295.88354,304.13297,300.8651,296.66812
2009-04-27,288.7464,287.1403,282.33252,286.24542,282.05585,277.0186
2009-04-28,335.83313,333.72702,327.90176,340.1046,334.22247,327.354
2009-04-29,350.5131,351.6233,348.7812,355.8016,353.58133,350.2209
2009-04-30,274.49075,277.52356,277.41483,274.36966,274.28568,273.27643
2009-05-01,237.1332,237.93398,236.05917,239.89435,237.99387,235.33098
2009-05-02,285.2633,285.1677,281.87573,290.23993,286.9915,282.8435
2009-05-03,263.58435,263.71652,260.89038,261.08246,258.57785,255.25076
2009-05-04,273.82358,272.13522,267.4126,272.4824,268.32925,263.3568
2009-05-05,303.11554,300.79767,295.13058,302.3768,296.90247,290.53992
2009-05-06,329.30286,328.0354,323.10263,333.77954,328.94058,323.08624
2009-05-07,344.2799,344.25357,340.36725,349.5075,345.72406,340.84015
2009-05-08,295.02576,295.68185,293.01556,295.86734,293.62277,290.41867
2009-05-09,284.00732,285.01697,282.8203,288.49612,286.41577,283.39487
2009-05-10,294.54764,295.03302,292.2055,297.959,295.3814,291.8421
2009-05-11,339.30914,338.135,333.18256,346.56512,341.72546,335.81485
2009-05-12,350.70987,350.5621,346.48633,355.8422,351.852,346.73355
2009-05-13,322.0905,322.0384,318.37744,328.37402,325.2463,321.06055
2009-05-14,321.43973,321.11188,317.18915,328.0378,324.1123,319.14984
2009-05-15,291.58655,294.61838,294.31705,298.62103,298.84946,298.02927
2009-05-16,321.27515,320.78473,316.7062,325.70584,321.75784,316.77838
2009-05-17,327.96704,328.04572,324.44962,332.60913,329.29837,324.91315
2009-05-18,344.85727,346.19263,343.63736,349.51782,347.3372,343.9908
2009-05-19,327.26636,327.21906,323.50934,331.72617,328.05627,323.32214
2009-05-20,359.5767,358.51016,353.44293,361.43927,356.4701,350.36633
2009-05-21,356.46252,354.1041,347.80933,359.55292,353.51978,346.38632
2009-05-22,346.51718,344.61453,338.87793,350.54514,345.0986,338.56638
2009-05-23,334.40488,333.3776,328.63382,337.51636,333.1608,327.73477
2009-05-24,292.67148,293.0253,290.10004,294.9982,292.58252,289.19263
2009-05-25,309.05844,309.41418,306.3089,314.17737,311.27844,307.35013
2009-05-26,287.5925,288.7332,286.63654,290.2511,288.64813,286.0644
2009-05-27,274.65732,276.13824,274.51996,281.4072,280.33337,278.29507
2009-05-28,288.3101,290.39252,289.2114,295.24338,294.3181,292.37506
2009-05-29,309.177,308.30014,303.9933,312.31528,307.83524,302.373
2009-05-30,292.31396,292.28738,289.00165,296.35974,293.1746,289.02814
2009-05-31,303.60007,303.87314,300.75598,308.2069,305.13608,301.05865
2009-06-01,309.15073,308.99393,305.396,312.4267,308.9861,304.53384
2009-06-02,293.0212,293.50388,290.71255,295.13162,292.46548,288.82767
2009-06-03,276.23013,276.10223,272.90222,281.01944,277.98004,274.02887
2009-06-04,312.15887,313.44058,311.22092,316.11978,314.00305,310.8253
2009-06-05,321.15936,321.11063,317.4913,325.62122,322.05032,317.4242
2009-06-06,347.0062,346.59128,342.3282,351.74542,347.99725,343.10623
2009-06-07,362.4385,361.96393,357.47305,370.76572,366.6938,361.42072
2009-06-08,342.21997,343.48718,340.9265,346.38174,344.05795,340.57227
2009-06-09,302.17233,301.92218,298.32376,307.88702,304.65637,300.4246
2009-06-10,301.36652,302.65323,300.56876,308.27762,306.68997,304.0558
2009-06-11,301.77887,303.30136,301.44467,302.42154,300.4076,297.3797
2009-06-12,332.03705,335.80963,335.8204,333.939,334.05322,332.98532
2009-06-13,331.94946,334.01175,332.3525,337.55566,336.19092,333.6715
2009-06-14,348.70395,348.17456,343.79672,354.2051,350.49152,345.6281
2009-06-15,354.9399,354.92065,350.97495,359.8805,356.11224,351.1762
2009-06-16,376.61926,376.4528,372.1256,382.84494,378.6438,373.20618
2009-06-17,353.01175,355.043,353.12878,360.02817,358.06396,354.8844
2009-06-18,324.72357,325.24796,322.17435,331.7662,329.2445,325.62268
2009-06-19,298.3024,299.75565,297.88437,305.12134,303.59442,301.03522
2009-06-20,282.8949,284.2843,282.52237,287.75604,286.16696,283.60898
2009-06-21,289.4143,290.29233,287.96002,293.25156,291.28522,288.3414
2009-06-22,348.505,347.6479,342.96863,351.2743,346.86353,341.3376
2009-06-23,356.85724,357.54785,354.29294,362.6101,360.2035,356.58945
2009-06-24,363.2301,363.47916,359.72433,369.1399,365.85443,361.36298
2009-06-25,361.6043,363.30255,360.98578,364.9712,363.0417,359.8858
2009-06-26,353.46362,354.07205,350.78073,356.04517,352.78888,348.37378
2009-06-27,375.3099,375.4282,371.4193,379.43488,375.75055,370.83804
2009-06-28,346.08795,349.88528,349.79956,350.98563,350.9976,349.78387
2009-06-29,345.1626,344.59668,340.25385,348.6114,344.45117,339.18512
2009-06-30,349.35406,348.69876,344.22464,353.76416,349.14548,343.41632
2009-07-01,344.78662,345.87656,343.16238,348.18423,345.688,342.0457
2009-07-02,342.26053,342.0998,338.19165,346.23993,342.5241,337.7024
2009-07-03,366.94855,366.60617,362.25183,372.90207,368.7248,363.36227
2009-07-04,368.62283,369.53882,366.39984,374.48535,371.54626,367.38513
2009-07-05,332.6931,333.06815,329.79514,337.42093,334.36316,330.21628
2009-07-06,342.96402,342.89783,339.08258,348.27686,344.71802,340.04688
2009-07-07,360.5898,359.89276,355.26953,365.2071,360.78568,355.21735
2009-07-08,375.88663,375.4363,370.88965,381.04205,376.94492,371.63904
2009-07-09,374.08142,374.80383,371.42685,378.8455,375.71353,371.3566
2009-07-10,326.74338,328.32068,326.2993,330.27295,328.5787,325.7908
2009-07-11,326.29254,326.6008,323.3441,331.2826,328.07645,323.814
2009-07-12,335.92877,336.22345,332.85028,339.908,336.59824,332.2066
2009-07-13,335.42764,334.98593,330.8994,338.65048,334.76245,329.8134
2009-07-14,367.60928,366.08707,360.59427,371.65906,366.39493,359.99384
2009-07-15,376.48282,377.59048,374.5778,380.82477,378.07083,374.08496
2009-07-16,328.70547,329.8674,327.42972,331.8801,329.31876,325.68942
2009-07-17,352.92462,353.09958,349.4343,355.6292,352.1216,347.4911
2009-07-18,394.2353,395.18405,391.8295,399.36472,396.444,392.23767
2009-07-19,378.98785,379.4938,375.87363,384.73053,381.7245,377.48685
2009-07-20,359.46017,359.54776,355.73196,365.04456,361.37848,356.56662
2009-07-21,367.2136,366.96045,362.729,373.15475,369.2968,364.27237
2009-07-22,371.2168,371.70477,368.15775,373.321,370.2414,365.97635
2009-07-23,323.8726,325.18985,322.9701,325.68677,323.56836,320.40292
2009-07-24,336.47903,336.96844,333.80325,337.59546,334.6331,330.607
2009-07-25,364.46408,364.66745,360.92117,367.2021,363.74307,359.13504
2009-07-26,384.23196,384.66394,380.9298,387.8288,384.38855,379.73138
2009-07-27,386.53558,386.80783,382.89456,392.40796,389.0346,384.42944
2009-07-28,376.8324,377.46048,374.00284,382.42554,379.06924,374.51633
2009-07-29,362.0012,362.41507,358.90994,365.92865,362.96454,358.8514
2009-07-30,343.71188,343.48587,339.5535,346.19342,342.34134,337.43076
2009-07-31,359.1844,359.18335,355.30637,362.64938,358.87262,353.98273
2009-08-01,379.93793,380.57895,377.10928,384.2452,380.68777,375.942
2009-08-02,394.1653,394.55,390.67804,400.9698,397.30646,392.40442
2009-08-03,389.8798,390.8543,387.60876,394.84845,392.28323,388.47446
2009-08-04,394.25745,394.49622,390.48495,398.72202,395.09796,390.24673
2009-08-05,396.84888,396.49298,391.87344,402.69403,398.33612,392.75903
2009-08-06,395.6743,396.10843,392.278,401.5831,398.18445,393.54907
2009-08-07,381.98523,382.07843,378.06345,387.70084,383.918,378.95642
2009-08-08,368.26825,368.48657,364.74384,372.36807,368.79813,364.09714
2009-08-09,363.79718,363.27206,358.8508,369.92236,365.58618,360.14868
2009-08-10,393.5203,393.82812,389.90646,401.06738,397.45096,392.61642
2009-08-11,372.67105,374.7167,372.72464,376.50055,374.64642,371.61343
2009-08-12,349.73615,350.15778,346.82196,354.2192,350.991,346.69318
2009-08-13,368.7063,367.93893,363.2363,375.5516,370.87473,365.09775
2009-08-14,375.5143,375.57648,371.61642,379.62778,376.08957,371.41293
2009-08-15,302.36514,302.9265,300.24115,304.65005,301.9059,298.24832
2009-08-16,313.46307,313.3601,309.90652,314.98874,311.7448,307.569
2009-08-17,372.4862,372.38882,368.31165,379.30637,375.2575,370.09302
2009-08-18,389.3062,389.22815,384.99268,398.04962,393.96304,388.70523
2009-08-19,384.53452,385.7771,382.89023,389.1027,386.41483,382.55353
2009-08-20,314.26376,316.00583,314.36124,316.23474,314.45065,311.706
2009-08-21,348.4647,350.80096,349.37662,350.8656,349.33414,346.72934
2009-08-22,325.8121,325.68048,322.07892,327.15347,323.53787,318.97723
2009-08-23,312.61588,311.26758,306.6149,310.994,306.70862,301.54825
2009-08-24,345.32306,345.64618,342.28723,343.94592,341.1168,337.2771
2009-08-25,328.14905,326.80243,321.98993,330.14438,326.24933,321.41568
2009-08-26,352.09207,352.68207,349.51755,355.0839,352.0668,348.0156
2009-08-27,290.1817,290.62506,287.9768,293.884,291.1663,287.60074
2009-08-28,297.6092,297.83163,294.88956,301.96802,298.926,295.02182
2009-08-29,360.59277,360.9062,357.38693,364.69376,361.21542,356.6947
2009-08-30,340.8415,341.97968,339.4819,342.66925,340.42453,337.1797
2009-08-31,306.47372,308.7141,307.66507,307.15878,306.1448,304.21408
2009-09-01,293.71005,295.422,293.99146,294.03238,292.16412,289.44244
2009-09-02,305.28168,307.37753,306.20358,305.0487,303.79092,301.6351
2009-09-03,323.00137,323.32663,320.22842,323.8143,321.13943,317.5459
2009-09-04,315.62543,316.8685,314.75186,319.3223,317.08887,313.9435
2009-09-05,331.0143,330.29636,326.0929,334.88507,330.54163,325.29178
2009-09-06,349.43033,350.0923,347.05203,354.32895,351.11316,346.91016
2009-09-07,295.20386,297.30975,296.26263,296.49597,295.48953,293.6216
2009-09-08,310.56683,310.88226,307.91592,311.9298,308.643,304.5044
2009-09-09,361.86505,360.49313,355.32986,368.13385,362.84338,356.5838
2009-09-10,318.87503,319.9321,317.61102,328.46512,326.0699,322.76056
2009-09-11,297.6706,298.00558,295.20016,303.55798,300.6535,296.92325
2009-09-12,326.56027,326.51193,323.02744,334.33127,330.60062,325.9762
2009-09-13,357.99023,357.61102,353.47266,366.84628,362.65375,357.4867
2009-09-14,305.7875,308.1691,307.29602,305.96045,305.36563,303.89658
2009-09-15,297.55472,299.28497,297.85992,298.1204,296.48868,294.0321
2009-09-16,338.43112,339.11777,336.23904,339.54004,336.86926,333.28088
2009-09-17,357.0561,358.06555,355.31094,361.71225,358.89838,355.11047
2009-09-18,312.51288,311.5076,307.24057,319.86386,314.81042,308.95566
2009-09-19,323.85022,323.9857,320.72354,330.53186,327.03113,322.66803
2009-09-20,282.85797,285.62213,285.37747,286.7555,286.606,285.64862
2009-09-21,290.14325,291.20975,289.2202,292.4748,290.23383,287.2177
2009-09-22,312.65408,311.5964,307.28247,318.58902,314.31503,309.2399
2009-09-23,324.7951,326.5706,324.91934,326.91486,325.4912,323.1852
2009-09-24,281.33777,282.7193,281.13666,285.8649,283.936,281.25354
2009-09-25,283.5628,284.7075,282.86987,287.46872,285.44846,282.67532
2009-09-26,300.81424,301.301,298.63687,306.27756,303.25467,299.4517
2009-09-27,335.6087,336.37506,333.6241,341.19208,338.4239,334.77768
2009-09-28,307.58463,312.28293,313.69803,311.7008,313.21887,313.85287
2009-09-29,282.45374,282.9772,280.54483,292.144,288.98627,285.0996
2009-09-30,281.5702,283.742,282.94354,281.3647,280.25574,278.40732
2009-10-01,338.0671,340.9148,340.19418,338.18268,337.9952,336.89893
2009-10-02,290.48236,289.9939,286.48434,295.69583,292.1127,287.8091
2009-10-03,302.99615,304.53677,302.897,304.15274,302.53815,300.14288
2009-10-04,258.77353,260.01523,258.54272,261.77042,260.072,257.71082
2009-10-05,299.62515,300.213,297.6716,305.25452,302.4351,298.86322
2009-10-06,315.816,315.44577,311.79233,320.85587,317.1472,312.666
2009-10-07,335.90723,335.75467,332.1075,342.51514,338.56857,333.80048
2009-10-08,320.08878,321.14835,318.8617,325.11636,323.1983,320.4667
2009-10-09,249.54678,250.86855,249.5752,253.80713,252.8738,251.29657
2009-10-10,271.08426,271.33575,268.76373,273.0078,270.28687,266.91046
2009-10-11,320.5974,320.50885,317.08698,325.735,321.92868,317.35455
2009-10-12,292.03586,292.18164,289.2885,297.14404,294.20694,290.56143
2009-10-13,279.1977,278.98117,275.86456,282.49197,279.12485,275.09818
2009-10-14,318.66162,318.67517,315.3756,322.31195,318.6155,314.16666
2009-10-15,280.77792,281.51102,279.31546,282.77594,279.8957,276.3506
2009-10-16,268.73563,267.8199,264.12302,265.23932,261.62646,257.4101
2009-10-17,309.62924,311.98807,311.09744,311.8055,311.49838,310.40793
2009-10-18,285.50372,287.1743,285.85562,288.71765,287.1566,284.8975
2009-10-19,280.82016,281.37137,278.99686,281.9761,279.21115,275.7907
2009-10-20,271.12296,270.34528,266.75992,270.47556,266.95462,262.82376
2009-10-21,329.14084,329.19553,325.8287,332.77335,329.17557,324.81598
2009-10-22,364.2881,364.66187,361.24466,369.34503,365.88205,361.5662
2009-10-23,321.78363,324.2513,323.3431,324.00812,323.07108,321.3485
2009-10-24,289.47385,288.09802,283.73062,294.27716,289.36517,283.81876
2009-10-25,271.22504,271.49268,268.93738,275.1693,272.67944,269.5586
2009-10-26,251.03845,251.62222,249.58876,254.62189,252.02895,248.85931
2009-10-27,297.31586,297.66382,294.91602,303.7069,300.65015,296.90698
2009-10-28,303.0895,303.45486,300.66373,308.69553,305.44662,301.50473
2009-10-29,270.61987,272.53424,271.6105,272.9943,271.9379,270.23672
2009-10-30,252.36026,254.42685,253.84306,250.50662,249.49673,247.89763
2009-10-31,248.71742,249.30667,247.30087,254.03003,252.11919,249.62881
2009-11-01,246.40031,247.16083,245.34782,256.58542,255.06062,252.94463
2009-11-02,255.55177,257.40878,256.58344,265.95547,264.68857,262.80466
2009-11-03,247.29935,249.58913,249.2768,252.55235,252.54904,251.93945
2009-11-04,271.9612,271.25412,267.72272,275.27496,271.17203,266.48447
2009-11-05,306.5379,306.39706,303.06424,312.52847,308.67023,304.13528
2009-11-06,289.35123,292.27118,292.14166,294.9907,295.2648,294.8308
2009-11-07,317.29822,319.04626,317.46637,321.271,319.55313,317.1022
2009-11-08,259.5051,260.24634,258.27283,262.60022,260.11475,257.05087
2009-11-09,285.54623,286.6729,284.80798,289.82477,287.553,284.6358
2009-11-10,245.91772,248.84366,249.17003,253.41818,253.39894,252.78125
2009-11-11,209.17218,210.57335,209.77502,209.2874,208.10672,206.45363
2009-11-12,211.5667,215.64638,217.47063,213.29768,214.4368,215.05354
2009-11-13,208.85634,211.4349,211.80257,210.64844,211.2738,211.39323
2009-11-14,251.52559,249.7092,245.28406,253.36899,248.68135,243.48277
2009-11-15,261.62656,260.9568,257.55878,270.69757,267.01077,262.7556
2009-11-16,270.68814,272.68686,271.83182,275.54562,274.3183,272.46872
2009-11-17,256.28842,258.72232,258.44714,259.07947,258.47043,257.2676
2009-11-18,246.7581,248.21527,247.07281,246.92554,245.39012,243.30649
2009-11-19,248.90053,251.18121,250.82973,249.71779,248.99586,247.70567
2009-11-20,271.91315,273.25687,271.73633,277.5953,275.79947,273.39023
2009-11-21,252.12912,254.04192,253.29036,255.02829,254.31992,253.03226
2009-11-22,257.6874,255.15654,249.94963,251.60954,246.04591,239.99667
2009-11-23,305.73172,307.0908,305.2264,311.30334,309.4891,306.98608
2009-11-24,256.40308,256.46997,253.84358,260.1865,256.86685,253.00366
2009-11-25,260.13596,260.45526,258.03796,264.62183,261.76532,258.3475
2009-11-26,288.70514,289.5567,287.36432,290.5671,288.20343,285.2106
2009-11-27,245.36588,246.2803,244.60435,248.44968,246.36485,243.74368
2009-11-28,276.11264,275.02448,271.04214,282.80264,278.7007,274.01883
2009-11-29,250.24104,251.328,249.76872,256.9946,254.78827,252.02902
2009-11-30,226.31111,226.68263,224.66609,228.802,226.00146,222.72351
2009-12-01,188.74203,190.62686,190.50249,186.84915,186.5024,185.7324
2009-12-02,256.38596,257.4896,255.8777,259.30942,257.30594,254.74188
2009-12-03,234.21246,236.05008,235.397,235.45193,234.44695,232.91917
2009-12-04,212.37415,212.12,209.6261,214.79204,212.32787,209.41377
2009-12-05,215.29077,216.21838,214.86194,221.47714,220.08421,218.20776
2009-12-06,233.86632,236.40363,236.4426,238.5795,238.01582,236.91531
2009-12-07,210.31601,212.80692,213.04768,213.63985,213.56209,212.99644
2009-12-08,218.31717,219.60178,218.56268,219.50592,218.1883,216.39093
2009-12-09,238.97626,242.10785,242.6767,243.20076,242.96263,242.17204
2009-12-10,221.23567,223.90509,224.20308,225.96217,226.19322,225.90329
2009-12-11,228.03018,229.1234,227.78793,226.29857,224.52345,222.26129
2009-12-12,180.54967,181.7026,180.92851,184.01181,182.86545,181.31795
2009-12-13,203.98871,204.70418,203.24715,207.73634,205.98895,203.79657
2009-12-14,211.20238,212.78824,212.11485,217.41458,216.33595,214.77867
2009-12-15,260.57785,261.7452,260.13153,260.47784,258.62964,256.21753
2009-12-16,288.8019,290.0661,288.24652,292.62137,290.40707,287.56165
2009-12-17,208.8344,209.53128,207.99918,213.1549,211.38478,209.15753
2009-12-18,222.46875,224.1913,223.52802,226.6052,225.91336,224.71495
2009-12-19,224.84695,227.07236,226.88011,228.05794,227.79256,227.00986
2009-12-20,230.41013,230.58368,228.29962,237.06467,234.3487,231.13686
2009-12-21,236.80933,238.50346,237.65494,240.78583,239.80974,238.29913
2009-12-22,220.85074,222.74721,222.2678,220.45839,219.63983,218.3304
2009-12-23,288.69482,289.5857,287.385,291.41412,288.9373,285.83536
2009-12-24,235.99646,239.28618,240.02138,237.63748,237.823,237.46053
2009-12-25,192.9864,193.64304,192.23,199.0038,197.21123,194.99309
2009-12-26,177.26137,178.94766,178.72096,177.57417,177.20839,176.44136
2009-12-27,226.95316,227.69835,226.00706,228.0047,225.92651,223.36055
2009-12-28,225.07384,226.79285,226.0843,229.45987,228.3479,226.72781
2009-12-29,205.8647,207.52394,206.9607,207.38448,206.36479,204.88582
2009-12-30,257.70514,258.1714,255.87012,261.57892,258.83093,255.52844
2009-12-31,249.19302,250.80836,249.73438,251.41911,250.13812,248.3002
2010-01-01,281.9478,281.54715,278.12262,283.97006,280.2072,275.8544
2010-01-02,296.9947,297.94806,295.70062,301.7156,299.05652,295.74673
2010-01-03,231.59418,233.1719,232.24385,235.71423,234.6632,233.0855
2010-01-04,253.61552,254.4034,252.45529,253.66653,251.69852,249.17772
2010-01-05,226.15305,229.15993,229.70241,226.49722,226.86806,226.70772
2010-01-06,206.07837,208.37915,208.43755,207.67868,207.49474,206.83237
2010-01-07,190.89648,191.99564,191.02698,191.15158,190.03879,188.50157
2010-01-08,207.77185,209.88788,209.74278,206.24078,205.54164,204.37529
2010-01-09,231.83675,232.42807,230.51312,233.20381,230.9098,228.11316
2010-01-10,222.82382,223.62457,222.01291,221.87962,220.14,217.91374
2010-01-11,163.14288,163.76251,162.61465,162.05414,160.78319,159.15634
2010-01-12,213.8629,214.41628,212.6542,213.88771,211.83643,209.32137
2010-01-13,282.9972,282.81763,279.58203,285.41843,281.77084,277.51953
2010-01-14,288.31747,289.3306,287.2164,291.77652,289.40112,286.38376
2010-01-15,297.66644,299.69226,298.4777,300.5077,299.43686,297.6797
2010-01-16,272.94885,274.78314,273.64496,277.4916,276.2343,274.34695
2010-01-17,249.02916,250.28862,248.83916,254.13432,252.43304,250.16359
2010-01-18,235.94646,236.74449,234.97891,242.31093,239.87973,236.92038
2010-01-19,247.63847,247.9816,245.63817,255.1203,252.3578,249.04189
2010-01-20,237.98357,237.47711,234.39656,243.6344,240.36266,236.57286
2010-01-21,232.8556,233.31784,231.25026,237.09041,234.98543,232.35616
2010-01-22,237.61462,235.78557,231.39851,238.49783,233.65123,228.3253
2010-01-23,215.18073,214.34387,211.18094,214.63666,211.29002,207.49304
2010-01-24,272.6022,270.0229,264.51205,274.15784,268.23264,261.76096
2010-01-25,247.97429,248.25897,245.84764,254.10814,250.99435,247.33015
2010-01-26,220.72209,221.12941,219.1344,226.1365,223.41487,220.2016
2010-01-27,266.13232,265.39844,261.7804,270.01114,265.9259,261.2677
2010-01-28,266.1683,269.86353,270.62433,269.62982,269.9206,269.55838
2010-01-29,243.18564,245.6064,245.35562,248.87323,248.42184,247.37964
2010-01-30,219.11116,220.5261,219.54161,224.95065,223.79912,222.12607
2010-01-31,212.40364,212.29839,209.8829,217.684,214.61226,211.07094
2010-02-01,264.74277,266.13354,264.6267,267.5608,265.76392,263.35205
2010-02-02,225.23586,226.1318,224.56499,230.70946,228.77536,226.31694
2010-02-03,197.02159,198.73819,198.28908,201.69397,200.84225,199.5155
2010-02-04,203.08626,206.10187,206.86989,202.03378,202.41121,202.28865
2010-02-05,207.12471,207.40106,205.41685,209.8843,207.73526,205.11331
2010-02-06,205.42787,206.12407,204.57262,207.28638,205.6176,203.4721
2010-02-07,236.61438,237.57158,235.93724,237.51434,235.52412,232.98785
2010-02-08,200.7296,203.10045,203.25356,197.84352,197.49799,196.67152
2010-02-09,188.18613,190.315,190.36505,183.73108,183.67496,183.166
2010-02-10,177.653,177.85156,176.10889,181.60872,179.59448,177.16907
2010-02-11,215.46503,215.71841,213.61662,219.90057,217.49976,214.59908
2010-02-12,211.5977,212.73451,211.54683,215.05428,213.69939,211.83513
2010-02-13,184.09175,184.15193,182.2007,188.19862,185.91393,183.20363
2010-02-14,194.32437,195.01245,193.56895,196.64546,194.7942,192.4866
2010-02-15,177.30463,179.2095,179.15276,180.18414,179.65025,178.67421
2010-02-16,176.41539,178.39677,178.42459,180.65079,180.2475,179.397
2010-02-17,197.11206,198.02461,196.77034,198.9536,197.37262,195.32019
2010-02-18,223.43208,223.19057,220.50873,223.74655,220.63873,217.02567
2010-02-19,187.28893,189.58377,189.79979,188.71129,188.55191,187.91586
2010-02-20,192.26964,192.64455,190.91078,193.1515,191.50658,189.40202
2010-02-21,255.40074,256.20276,254.19882,257.58484,255.19507,252.1944
2010-02-22,271.48618,274.28476,274.0736,274.92484,274.2223,272.828
2010-02-23,217.02998,218.33154,217.23889,224.29135,222.96506,221.0879
2010-02-24,229.9507,229.59073,226.71706,232.74524,229.36176,225.446
2010-02-25,255.03032,257.63043,257.40036,259.06345,258.3607,257.0002
2010-02-26,187.2361,190.48352,191.63356,189.82875,190.93729,191.52849
2010-02-27,170.94371,172.36095,171.88425,170.43452,169.94226,169.01485
2010-02-28,183.75525,186.1161,186.42838,182.73871,182.8437,182.46718
2010-03-01,223.91336,232.03922,237.59218,228.49565,233.88577,238.56056
2010-03-02,228.944,234.8255,238.10965,235.69524,238.34851,240.3226
2010-03-03,235.65607,237.64403,237.01651,240.27142,239.33255,237.77628
2010-03-04,213.93538,214.62332,212.95238,218.95012,217.54172,215.58035
2010-03-05,214.2853,215.81871,214.97594,217.23921,216.38962,214.97742
2010-03-06,260.0844,260.86465,258.77603,265.84573,263.36142,260.2172
2010-03-07,237.18636,238.89082,237.96289,243.31836,242.08194,240.21654
2010-03-08,202.38235,204.35123,204.06511,206.77147,206.2974,205.27399
2010-03-09,172.2584,174.03224,173.88432,173.34174,173.16696,172.52484
2010-03-10,181.84384,182.69217,181.52687,183.0884,181.67345,179.79005
2010-03-11,215.67252,215.0187,212.0018,214.35379,211.18956,207.5081
2010-03-12,279.15332,279.76532,277.2945,281.53726,278.86835,275.484
2010-03-13,283.6355,284.12173,281.4766,286.6799,283.7613,280.1156
2010-03-14,273.37967,274.59338,272.77563,277.90756,275.8721,273.11075
2010-03-15,242.92195,241.78952,237.99828,248.54875,244.54506,239.93892
2010-03-16,215.87009,216.67896,215.09439,221.79762,219.74113,217.11008
2010-03-17,184.31917,184.62332,182.88933,185.8179,183.98404,181.66916
2010-03-18,242.51688,241.06613,236.96356,247.54836,243.94289,239.72061
2010-03-19,277.70676,278.4354,276.08606,279.58655,277.55948,274.78513
2010-03-20,261.43665,262.42853,260.51627,262.42587,260.52585,257.92117
2010-03-21,242.84605,244.33414,243.11356,245.56462,244.10655,241.97855
2010-03-22,197.67102,199.05441,198.22894,199.97133,199.0608,197.59569
2010-03-23,203.57007,203.39357,200.96901,206.57845,204.0026,200.88983
2010-03-24,205.79562,206.98447,205.87566,205.55737,204.30768,202.49
2010-03-25,176.79596,178.60745,178.43008,179.08684,178.8998,178.19408
2010-03-26,174.49667,175.44318,174.44058,175.72173,174.51385,172.81926
2010-03-27,206.78859,205.9738,202.88284,208.53076,205.54807,202.02235
2010-03-28,253.37646,252.44788,248.72787,257.21475,253.41243,248.94017
2010-03-29,292.813,291.61227,287.18665,303.7982,299.43256,294.26886
2010-03-30,281.65402,280.1223,275.4943,284.89236,280.658,275.6751
2010-03-31,245.0012,244.17278,240.64058,243.85107,240.4591,236.41768
2010-04-01,323.81744,322.10397,316.82693,329.93088,324.70987,318.62158
2010-04-02,327.0492,327.0791,323.47543,335.4649,331.89914,327.4043
2010-04-03,228.08066,229.8449,229.0412,224.6475,223.90532,222.49721
2010-04-04,208.90588,209.3658,207.49435,210.42076,208.45769,205.89957
2010-04-05,254.02144,252.7638,248.70465,257.3063,253.24278,248.48991
2010-04-06,324.57135,324.40625,320.6324,330.04395,326.4758,321.978
2010-04-07,267.81512,268.66754,266.52197,272.95413,270.68707,267.63046
2010-04-08,292.77618,292.8293,289.62057,301.00952,297.61115,293.3608
2010-04-09,338.71237,337.00162,331.5502,347.13235,341.45123,334.82794
2010-04-10,332.7739,332.53226,328.586,339.03067,335.1561,330.31467
2010-04-11,321.4581,321.16702,317.2969,325.0381,321.08942,316.21564
2010-04-12,291.15042,292.85446,291.27655,300.16803,298.99316,296.8969
2010-04-13,288.29153,288.18314,284.85944,295.06146,291.8991,287.87872
2010-04-14,327.92593,327.94443,324.30145,331.94873,328.30954,323.7031
2010-04-15,315.34958,314.77728,310.6945,323.2886,319.456,314.68494
2010-04-16,249.5067,250.40395,248.49539,250.69258,248.64526,245.84322
2010-04-17,280.16415,278.35123,273.4439,276.33173,271.63702,266.17047
2010-04-18,299.01523,300.11154,297.84247,305.78995,303.9282,301.12192
2010-04-19,337.9467,337.69458,333.66827,342.29196,338.39508,333.4842
2010-04-20,305.14838,306.59753,304.60318,308.00873,305.78195,302.6057
2010-04-21,244.73537,244.49362,241.51826,249.1417,246.11046,242.34067
2010-04-22,277.5148,277.0201,273.4295,283.9255,280.2101,275.65686
2010-04-23,318.25977,318.55896,315.28876,320.89755,317.9906,314.09915
2010-04-24,245.01303,247.7732,247.73195,243.26419,243.1595,242.25035
2010-04-25,247.63481,248.14917,245.87903,251.65373,249.44566,246.45825
2010-04-26,258.98215,259.59628,257.2961,263.72424,261.48462,258.42358
2010-04-27,270.1675,269.84418,266.5004,275.63583,272.29254,268.11456
2010-04-28,325.9843,324.25433,318.90765,335.67197,330.2653,323.87454
2010-04-29,335.63385,337.23523,335.04068,340.01196,338.62555,336.1299
2010-04-30,280.32526,281.50986,279.52686,286.29193,284.52057,281.82867
2010-05-01,237.64574,238.6004,236.87048,241.81311,240.08612,237.58556
2010-05-02,272.6685,271.49207,267.28357,279.06943,274.75574,269.6091
2010-05-03,273.16083,274.7878,273.31702,274.98532,273.62564,271.36533
2010-05-04,287.23688,287.25116,284.04425,289.87296,286.8116,282.8422
2010-05-05,345.32172,345.59152,341.9832,348.34955,345.0489,340.64404
2010-05-06,346.12115,346.6544,343.29486,350.21347,347.3125,343.28745
2010-05-07,302.263,304.96918,304.22745,306.78018,306.30554,304.78824
2010-05-08,299.91187,299.80737,296.34213,303.8707,300.51077,296.19385
2010-05-09,288.24747,290.29037,289.05704,292.886,291.75388,289.64047
2010-05-10,300.94794,300.02435,295.74664,306.66782,302.31845,297.02512
2010-05-11,278.94867,279.8961,277.69577,284.8094,283.22305,280.69193
2010-05-12,258.09952,258.83652,256.66437,261.29413,259.23975,256.3332
2010-05-13,283.23413,282.75885,279.11954,281.32687,278.1155,274.0121
2010-05-14,311.2175,311.24167,307.77786,313.41272,310.21933,306.02008
2010-05-15,301.096,302.96457,301.41882,304.70175,303.44873,301.16602
2010-05-16,269.48776,269.36032,266.2169,273.63513,270.36862,266.2342
2010-05-17,254.65549,254.31364,251.12727,255.3691,252.36008,248.53883
2010-05-18,285.13135,283.9013,279.50555,287.9705,283.6095,278.3576
2010-05-19,281.32486,280.8139,277.16495,285.1568,281.67285,277.28296
2010-05-20,277.49152,277.65625,274.71188,282.9319,280.3726,276.88904
2010-05-21,295.07523,295.49356,292.60144,300.22446,297.36627,293.53012
2010-05-22,342.17322,340.98508,335.99597,348.6802,343.75995,337.7463
2010-05-23,338.84534,338.52917,334.43134,345.06668,341.02798,335.88358
2010-05-24,339.19226,339.2231,335.46207,345.28775,341.6592,336.9121
2010-05-25,274.88168,275.1351,272.3116,279.28305,276.5993,273.00336
2010-05-26,326.31674,326.08804,322.21954,330.54373,326.93765,322.26297
2010-05-27,296.7927,296.62323,293.1437,295.67755,292.3769,288.12177
2010-05-28,349.54883,348.3917,343.3588,353.08972,348.02115,341.8428
2010-05-29,347.3118,347.1848,343.1859,348.88837,345.14505,340.2703
2010-05-30,310.43936,311.04938,308.18405,313.98273,311.40363,307.7845
2010-05-31,286.62775,287.1405,284.447,290.5477,288.12692,284.7444
2010-06-01,297.34122,297.74585,294.82864,300.14886,297.4595,293.78156
2010-06-02,308.7821,308.63052,305.0434,314.52942,311.15012,306.74985
2010-06-03,354.36023,355.7879,353.23953,357.45956,355.32086,351.97565
2010-06-04,390.76617,390.15436,385.20816,397.9726,393.44278,387.62766
2010-06-05,337.31702,339.00882,336.91217,338.1866,336.6058,333.87152
2010-06-06,313.8771,313.83636,310.30762,318.70352,315.33063,310.9216
2010-06-07,325.38885,325.9963,322.9754,324.94473,322.54007,319.05127
2010-06-08,329.17688,328.5599,324.30115,332.7045,329.49197,325.18988
2010-06-09,362.0972,361.40445,356.708,366.268,361.90512,356.3653
2010-06-10,355.4762,356.0294,352.62714,363.84238,360.4631,355.8892
2010-06-11,347.55417,346.18805,340.99844,355.31897,350.27673,344.11517
2010-06-12,351.0603,351.3973,347.8368,353.52023,350.58475,346.47992
2010-06-13,358.4244,358.83783,355.2725,365.95996,362.6536,358.14456
2010-06-14,315.05173,315.25235,311.96106,321.00302,318.90198,315.72495
2010-06-15,308.36838,305.8276,299.93063,308.97787,303.3311,296.7464
2010-06-16,332.8752,331.9612,327.38644,333.87338,329.3319,323.7357
2010-06-17,334.6439,334.5021,330.66525,338.29343,334.65176,329.9163
2010-06-18,307.65323,309.20523,307.32544,312.25696,310.3992,307.49222
2010-06-19,353.2552,353.21646,349.27902,360.58362,357.08426,352.41025
2010-06-20,345.93652,345.75388,341.75845,351.3495,347.53763,342.5927
2010-06-21,353.96002,353.5528,349.2514,359.5091,355.72845,350.78607
2010-06-22,302.11047,302.9661,300.47375,304.98135,302.5794,299.17117
2010-06-23,308.75552,308.99203,305.82263,314.70233,311.55563,307.38922
2010-06-24,338.5332,336.62064,331.02283,341.64966,336.43774,330.16742
2010-06-25,353.2624,352.45102,347.7706,359.99866,355.4088,349.6807
2010-06-26,360.18365,361.83817,359.49643,364.70425,362.9362,359.93942
2010-06-27,297.36664,297.95288,295.2585,300.87503,298.22464,294.5932
2010-06-28,313.12173,313.782,310.98883,317.5586,314.7658,310.93832
2010-06-29,339.29068,339.24792,335.48148,342.44418,339.20966,334.8663
2010-06-30,343.79395,342.23288,336.93347,345.4497,340.26746,334.01855
2010-07-01,358.43307,357.92975,353.50687,361.86465,357.6968,352.37943
2010-07-02,313.7531,314.12363,311.0477,309.27676,306.58118,302.88123
2010-07-03,346.98813,347.58984,344.37805,349.387,346.37616,342.23108
2010-07-04,366.24832,367.3467,364.4123,370.47342,367.59607,363.50894
2010-07-05,324.48007,327.04092,325.99692,328.73413,327.85632,325.8622
2010-07-06,315.70114,316.7991,314.42142,319.70282,317.31238,313.87787
2010-07-07,364.03043,363.8879,359.76974,367.1236,363.36545,358.43634
2010-07-08,377.39658,377.23325,372.95093,383.073,379.31024,374.323
2010-07-09,353.3978,355.30106,353.30566,355.58234,353.76816,350.7748
2010-07-10,355.51364,356.23782,353.06744,359.167,356.14532,351.96506
2010-07-11,371.64792,370.80975,365.93622,379.38214,374.6349,368.70602
2010-07-12,361.61798,362.69278,359.80322,364.0205,361.8684,358.52133
2010-07-13,332.421,332.98163,329.90906,336.1875,333.25906,329.25305
2010-07-14,325.8234,326.07846,322.78055,329.61368,326.52322,322.38333
2010-07-15,335.4718,336.02856,332.92288,339.9526,337.0985,333.15497
2010-07-16,345.1636,344.94345,340.97372,349.99042,346.09903,341.11227
2010-07-17,368.94772,368.13647,363.33145,376.99734,372.2029,366.24585
2010-07-18,390.73135,390.60333,386.23254,397.43915,393.3318,387.9762
2010-07-19,377.321,379.35724,377.25342,380.93332,379.45996,376.72827
2010-07-20,355.6869,357.6619,355.7352,360.37173,358.773,355.99103
2010-07-21,351.41217,351.5557,347.88406,355.42517,352.13785,347.72934
2010-07-22,386.6749,385.97272,381.09268,393.01093,388.1734,382.12903
2010-07-23,357.14362,356.50247,352.00436,362.72192,358.6153,353.38748
2010-07-24,357.79526,356.68954,351.73145,360.55975,355.84613,350.0361
2010-07-25,392.22504,391.6234,386.7883,397.87418,393.15567,387.217
2010-07-26,371.58884,371.70837,367.80502,376.19168,372.3711,367.3824
2010-07-27,356.64368,358.15036,355.76944,360.4904,358.4426,355.2363
2010-07-28,358.954,358.73837,354.6476,360.16858,356.46872,351.6556
2010-07-29,361.21213,360.7863,356.4672,360.13577,356.06863,350.89978
2010-07-30,362.76883,360.82184,354.9979,365.47122,360.20422,353.8503
2010-07-31,386.73285,387.5227,384.1233,391.8518,388.87473,384.66687
2010-08-01,376.6343,377.131,373.5556,378.8848,375.4411,370.824
2010-08-02,362.8468,363.81345,360.84933,368.48892,365.5476,361.45715
2010-08-03,335.2143,335.37653,331.92404,340.10593,336.73822,332.32852
2010-08-04,339.90915,341.27948,338.96213,345.0472,343.06512,339.99207
2010-08-05,345.30252,346.11664,343.19836,350.05692,347.5071,343.86646
2010-08-06,347.29407,347.23242,343.43652,351.77814,348.04413,343.2457
2010-08-07,359.18353,359.65656,356.25888,364.65298,361.51334,357.2545
2010-08-08,377.89294,377.45593,372.9675,383.89108,379.55417,374.06766
2010-08-09,378.8071,378.5012,374.13364,386.64984,382.5161,377.22137
2010-08-10,375.25537,375.90207,372.50864,380.81595,377.6945,373.40866
2010-08-11,345.34967,348.00256,346.8989,346.59262,345.71188,343.72543
2010-08-12,306.6779,307.86502,305.74118,309.76526,307.5021,304.2897
2010-08-13,345.56467,346.16644,343.05402,349.92932,346.2464,341.52176
2010-08-14,344.95593,345.1916,341.72894,349.32364,345.84863,341.33148
2010-08-15,367.9763,366.84308,361.794,375.16943,370.14026,364.02676
2010-08-16,362.13907,363.5255,361.01184,367.58704,365.30264,361.89398
2010-08-17,358.9125,360.1799,357.5862,363.06732,360.8312,357.48712
2010-08-18,321.6211,322.8441,320.60757,325.62927,323.40176,320.18887
2010-08-19,330.96432,331.0806,327.66095,335.0394,331.7138,327.40247
2010-08-20,377.7017,377.44553,373.16406,382.9182,378.8261,373.61783
2010-08-21,347.43942,347.83643,344.5207,351.80505,348.8078,344.76968
2010-08-22,372.36328,372.71335,369.08813,379.07788,375.42133,370.6569
2010-08-23,324.0988,325.41425,323.25275,325.92056,323.644,320.39706
2010-08-24,330.4504,331.15024,328.3192,335.50296,332.7179,328.94772
2010-08-25,344.41974,344.25815,340.43533,347.5738,343.8393,339.10782
2010-08-26,358.01312,358.78848,355.74298,361.87634,359.0515,355.1668
2010-08-27,314.6177,315.3019,312.63037,318.9583,316.34543,312.80438
2010-08-28,303.2416,304.23822,301.99622,307.0231,304.72238,301.52625
2010-08-29,318.23212,319.4098,317.18845,319.77567,317.51926,314.3301
2010-08-30,321.79382,326.3025,327.3156,325.1456,326.23047,326.2906
2010-08-31,311.8346,311.757,308.37534,314.28687,310.92288,306.6755
2010-09-01,347.90875,347.0257,342.47302,348.63846,344.17502,338.75238
2010-09-02,372.28897,372.5376,368.8403,377.0942,373.5411,368.92453
2010-09-03,350.13907,353.20416,352.50955,356.64355,356.11792,354.5242
2010-09-04,321.8326,324.52768,323.77145,325.8914,325.1127,323.36853
2010-09-05,318.08594,318.0714,314.6956,322.28787,318.8219,314.46713
2010-09-06,294.2734,295.76645,294.12515,296.6383,295.06876,292.6469
2010-09-07,285.35834,284.729,281.09857,288.30164,284.52536,279.97562
2010-09-08,357.90073,356.0727,350.50095,364.1791,358.6462,352.1576
2010-09-09,370.38187,370.29498,366.30472,376.63782,372.60144,367.5421
2010-09-10,328.8872,329.6907,327.01492,330.48172,328.3055,325.20428
2010-09-11,334.86716,333.52063,328.6707,337.23654,332.37704,326.63712
2010-09-12,338.68445,340.27997,338.28375,341.7061,339.8175,336.97202
2010-09-13,302.081,303.16013,301.04352,306.04398,303.9979,301.10626
2010-09-14,308.2905,307.70718,303.89273,309.73517,305.68674,300.83035
2010-09-15,336.37927,333.88846,327.90488,339.53525,333.45343,326.52615
2010-09-16,326.56238,326.28088,322.57477,329.26047,325.4074,320.6925
2010-09-17,292.32617,291.86072,288.33484,291.77576,288.38678,284.23672
2010-09-18,353.22418,351.44873,345.99704,356.72626,350.9701,344.32288
2010-09-19,346.5486,345.65405,341.1407,353.80258,349.3441,343.97815
2010-09-20,273.7261,275.32086,274.0214,276.71362,275.26566,273.06653
2010-09-21,308.28165,306.18896,300.90094,310.14282,304.42203,297.9519
2010-09-22,344.69162,343.53464,338.78754,348.1878,343.4845,337.90628
2010-09-23,341.72464,341.5653,337.83276,341.03494,337.97034,334.0193
2010-09-24,303.48074,303.11844,299.5877,302.4141,299.02026,294.85825
2010-09-25,314.03342,312.52936,307.7658,316.28488,311.30457,305.55478
2010-09-26,339.5842,340.73022,338.30997,343.3119,340.9322,337.6566
2010-09-27,307.399,308.4606,306.29504,312.163,310.03403,307.0932
2010-09-28,310.20175,308.9436,304.46588,314.7553,310.59106,305.6541
2010-09-29,291.82645,292.40088,289.9209,294.28906,291.96024,288.8793
2010-09-30,274.78656,275.56876,273.47244,276.7476,274.59982,271.74683
2010-10-01,258.27188,258.91638,256.8577,257.08847,255.21469,252.686
2010-10-02,245.74496,247.2466,246.164,249.0602,247.81078,245.91791
2010-10-03,255.0608,256.769,255.79391,257.4695,256.24042,254.34769
2010-10-04,256.37216,257.98697,256.90714,258.20694,256.9226,254.97656
2010-10-05,291.89096,291.2242,287.52692,297.54437,292.9269,287.6142
2010-10-06,342.4506,341.23422,336.4695,351.0491,345.67584,339.4841
2010-10-07,311.26398,311.89612,309.27896,314.7886,312.31104,309.0551
2010-10-08,250.11856,251.78142,250.81766,251.78006,250.53949,248.66399
2010-10-09,316.57712,316.71793,313.56277,318.67374,315.30762,311.17715
2010-10-10,311.42395,312.93503,311.1853,313.19064,311.74878,309.5214
2010-10-11,298.06888,298.4293,295.6845,302.84695,299.62704,295.68692
2010-10-12,250.634,252.02908,250.7986,251.11505,249.60258,247.47226
2010-10-13,282.00583,281.0363,277.14774,286.35358,281.86627,276.7317
2010-10-14,324.11737,324.66772,321.84097,327.6928,324.85095,321.22617
2010-10-15,245.29805,247.71964,247.5587,245.56065,245.11597,244.05376
2010-10-16,252.11295,253.11273,251.4786,254.45694,252.49141,249.91765
2010-10-17,328.60858,328.9642,325.8997,333.52133,330.13965,325.97934
2010-10-18,258.516,259.2915,257.37006,262.85776,260.6157,257.75397
2010-10-19,276.03915,274.57507,270.26123,279.031,274.49918,269.35324
2010-10-20,282.73053,283.75723,281.8322,287.21823,285.36618,282.83032
2010-10-21,232.03152,233.19223,231.92648,233.49498,232.03247,230.01517
2010-10-22,286.1855,286.1534,283.1473,287.9208,285.02557,281.46918
2010-10-23,288.46475,290.55792,289.62625,286.01056,285.31146,283.91653
2010-10-24,246.27939,250.46457,252.03705,243.99356,245.47354,246.32271
2010-10-25,235.88597,236.6233,234.89925,237.79105,235.53552,232.73665
2010-10-26,234.7866,234.709,232.19136,236.09016,233.12332,229.63232
2010-10-27,256.77066,257.69424,255.93654,259.47656,257.33295,254.59413
2010-10-28,297.00613,298.3251,296.53918,305.10388,302.76135,299.71777
2010-10-29,314.44974,315.35934,312.98718,317.60294,314.95224,311.57776
2010-10-30,312.6465,313.47943,311.04974,317.11243,314.5264,311.2187
2010-10-31,309.71945,310.3418,307.73392,314.1881,311.42673,307.95584
2010-11-01,298.41333,300.78598,300.0245,302.36728,301.5102,299.93912
2010-11-02,258.65097,261.47552,261.57394,261.44193,261.58658,261.0993
2010-11-03,209.37672,211.2753,210.97122,211.32585,210.79007,209.75668
2010-11-04,261.66028,259.83173,255.2993,262.80872,258.04083,252.73026
2010-11-05,295.93384,296.98303,294.93683,302.03366,299.69717,296.68152
2010-11-06,269.43967,271.38684,270.5034,270.7609,269.67923,267.97174
2010-11-07,269.14774,269.958,267.95303,271.8598,269.40594,266.34982
2010-11-08,227.17552,229.33899,229.10857,226.33363,225.71608,224.57262
2010-11-09,247.37337,247.66478,245.3723,251.45572,248.81496,245.62622
2010-11-10,279.96625,282.70386,282.48868,283.61282,283.28665,282.29614
2010-11-11,241.26099,243.062,242.32399,249.42464,248.46388,246.93216
2010-11-12,245.6532,246.51062,244.7929,254.71745,252.8011,250.31938
2010-11-13,270.26657,272.05383,270.99738,273.7558,272.4255,270.47577
2010-11-14,231.9286,231.17073,227.99715,232.28722,229.44989,226.11821
2010-11-15,298.15323,299.77054,298.2523,302.88995,300.72412,297.88754
2010-11-16,236.76154,238.5056,237.75365,242.22736,241.38065,239.98279
2010-11-17,256.08765,257.1214,255.46362,260.09424,258.26483,255.86078
2010-11-18,241.65889,241.56982,238.95142,246.4879,244.11217,241.20401
2010-11-19,210.58984,212.87679,212.93277,213.63605,213.26155,212.39665
2010-11-20,273.27826,274.35278,272.55167,276.42612,274.25287,271.47565
2010-11-21,245.38095,248.26291,248.54079,249.61769,249.49258,248.79053
2010-11-22,233.02133,233.91818,232.36082,228.51202,227.03586,225.05602
2010-11-23,312.1755,313.66895,311.86984,314.474,312.6893,310.20792
2010-11-24,323.0323,325.05795,323.6697,324.63058,323.25458,321.15216
2010-11-25,269.60043,268.13535,263.85327,272.211,267.25443,261.7556
2010-11-26,244.55162,246.24089,245.34146,251.29106,249.95653,248.06554
2010-11-27,227.71605,229.59338,229.05579,227.51337,226.80672,225.58798
2010-11-28,297.21652,297.99164,295.63092,300.8323,298.10553,294.73346
2010-11-29,317.77405,318.51096,315.89423,321.04443,318.4072,315.07715
2010-11-30,337.623,339.60062,338.00067,344.70825,342.98444,340.49808
2010-12-01,226.81328,230.22417,231.20863,228.58315,228.95013,228.78566
2010-12-02,239.6149,238.95375,235.77237,240.73625,236.72916,232.23882
2010-12-03,250.8609,253.48363,253.43181,256.19037,255.9433,255.11278
2010-12-04,226.54152,227.57901,226.21379,228.01123,226.02866,223.55753
2010-12-05,256.16595,257.15363,255.42476,260.34824,258.21347,255.51889
2010-12-06,212.23145,213.55734,212.62614,215.41463,214.17169,212.45673
2010-12-07,243.48676,243.63885,241.21405,245.63455,243.00877,239.86586
2010-12-08,200.99193,201.66501,200.20404,201.48882,199.62964,197.34131
2010-12-09,226.7366,228.2129,227.27312,225.16078,224.01523,222.37415
2010-12-10,289.04752,288.90417,285.69968,296.17084,292.74054,288.6918
2010-12-11,286.5899,287.76172,285.88312,288.86496,286.99487,284.49625
2010-12-12,258.28574,258.56393,256.09943,257.51346,254.69551,251.33707
2010-12-13,305.26596,306.01938,303.52487,307.3696,304.63477,301.2441
2010-12-14,226.72945,227.8626,226.57622,229.67703,227.9434,225.71434
2010-12-15,280.94064,281.71332,279.49258,284.00616,281.4528,278.29385
2010-12-16,248.67297,251.74066,252.13303,249.49834,249.60814,249.14537
2010-12-17,201.33203,202.16052,200.83852,203.0278,201.47794,199.49031
2010-12-18,267.96555,269.0573,267.2853,272.0693,270.2154,267.77094
2010-12-19,232.94807,233.62749,231.81859,239.04884,237.00313,234.44556
2010-12-20,268.25574,270.26138,269.38757,268.4011,267.6285,266.25485
2010-12-21,305.8602,305.98364,302.84384,308.02435,304.51993,300.37054
2010-12-22,297.9962,298.13156,295.0856,303.21817,299.90588,295.9561
2010-12-23,262.2037,264.11484,263.20697,266.8976,265.60495,263.72293
2010-12-24,226.6596,227.46593,225.84254,228.39139,226.42447,223.96783
2010-12-25,233.35567,235.5286,235.18504,237.91422,236.99516,235.5462
2010-12-26,220.14758,220.90205,219.29414,217.7933,215.74126,213.22475
2010-12-27,258.62064,260.09076,258.7782,261.71616,259.9588,257.6307
2010-12-28,213.47203,214.44804,213.12822,214.47658,212.77028,210.60056
2010-12-29,217.93782,218.9048,217.52689,208.95477,207.45909,205.50873
2010-12-30,215.0421,217.8496,218.32336,215.65494,215.71214,215.27203
2010-12-31,257.24567,256.7454,253.49065,256.85516,253.22789,249.07181
2011-01-01,247.35999,248.92818,247.82414,251.66376,249.99625,247.77701
2011-01-02,201.3705,202.6193,201.69176,202.01006,200.56688,198.6822
2011-01-03,236.75276,237.15083,234.99963,235.95499,233.53549,230.61256
2011-01-04,269.21936,269.4119,266.70663,273.84128,270.39987,266.38464
2011-01-05,212.76482,214.97728,214.87749,215.94852,215.6154,214.78781
2011-01-06,262.8521,267.4875,269.24548,265.4748,266.7343,267.3562
2011-01-07,276.3972,280.4672,281.5181,278.01614,278.83838,279.0008
2011-01-08,305.93146,304.9326,300.6463,314.2652,309.4768,304.04147
2011-01-09,314.627,314.15262,310.29,322.11722,317.88235,312.97186
2011-01-10,273.2771,277.57944,278.8891,277.73755,278.90747,279.4096
2011-01-11,192.8295,194.30482,193.68341,193.63422,192.72977,191.38931
2011-01-12,235.08745,236.45515,235.26979,237.64493,236.13046,234.08728
2011-01-13,197.97102,199.59373,199.06055,198.65208,197.76332,196.42534
2011-01-14,239.63141,243.01312,243.76933,241.99727,242.08194,241.59802
2011-01-15,176.5844,178.53395,178.55344,179.96985,179.48006,178.57652
2011-01-16,174.28036,175.53452,174.88982,175.1002,173.77829,172.06818
2011-01-17,174.67024,176.9851,177.38496,173.46558,173.49504,173.11559
2011-01-18,173.64023,175.54564,175.5506,172.94156,172.70268,172.06024
2011-01-19,233.80855,235.0904,233.82556,233.73161,232.18326,230.11034
2011-01-20,249.97873,251.8578,251.00752,250.29626,249.12502,247.38245
2011-01-21,260.13098,261.38028,259.79572,261.7786,260.00433,257.64136
2011-01-22,202.51714,202.34329,199.97449,204.44312,201.90248,198.922
2011-01-23,203.2212,202.84544,200.26845,208.06258,204.99788,201.49341
2011-01-24,191.02362,192.55151,191.9892,195.38225,194.50713,193.18216
2011-01-25,243.92163,244.75858,242.93747,246.3597,244.12804,241.34848
2011-01-26,217.2324,218.99408,218.37656,220.47711,219.51186,218.0366
2011-01-27,163.6812,164.83174,164.19084,165.83678,164.83527,163.45444
2011-01-28,185.4524,185.88171,184.29019,186.49167,184.34189,181.78337
2011-01-29,263.5613,264.2783,262.1211,265.48553,263.06836,260.05637
2011-01-30,299.9761,300.60043,297.95453,303.98288,301.08643,297.5099
2011-01-31,266.47546,266.1432,262.91483,271.57248,268.25323,264.3387
2011-02-01,229.21968,231.0018,230.26855,226.3064,225.47556,224.11182
2011-02-02,185.29314,187.52835,187.72041,184.69041,184.55685,183.97725
2011-02-03,218.14061,218.75098,216.9783,218.08644,216.01674,213.45483
2011-02-04,218.17621,220.29254,220.00728,221.45938,220.7577,219.52885
2011-02-05,197.92783,199.08875,198.07903,198.11653,196.91473,195.251
2011-02-06,227.30234,228.82236,227.84656,227.10779,225.95667,224.2705
2011-02-07,178.37419,179.75552,179.1754,179.5362,178.41338,176.87056
2011-02-08,176.28061,178.38469,178.54086,176.40459,176.29652,175.75586
2011-02-09,173.88353,175.44475,175.09004,174.65118,174.01517,172.95984
2011-02-10,199.63763,200.24525,198.66675,201.259,199.38925,197.05687
2011-02-11,230.26944,232.2961,231.78427,233.88014,232.79611,231.15207
2011-02-12,215.14215,215.7414,213.98405,218.39363,216.36432,213.8304
2011-02-13,244.55913,245.34392,243.44781,246.1597,244.14978,241.56413
2011-02-14,204.06334,203.91895,201.54701,207.6802,205.11191,202.07365
2011-02-15,215.22847,216.3928,215.19048,217.67249,216.00922,213.83183
2011-02-16,174.1263,175.24979,174.45566,176.37383,175.45714,174.11414
2011-02-17,221.56671,222.10019,220.20438,226.09045,224.00354,221.38663
2011-02-18,247.89061,249.54655,248.47002,249.8315,248.39084,246.34557
2011-02-19,168.2179,170.30588,170.52635,167.92528,167.84573,167.34074
2011-02-20,178.3591,178.7441,177.17247,181.62404,179.22972,176.42029
2011-02-21,200.74525,201.65216,200.34987,201.44601,200.02588,198.11888
2011-02-22,270.43454,271.41492,269.4215,274.37793,271.9604,268.88742
2011-02-23,224.5771,225.97243,224.88963,231.2464,229.73257,227.65385
2011-02-24,200.23102,201.18098,199.92474,203.57794,201.87956,199.68971
2011-02-25,211.29825,211.88037,210.13942,215.97107,213.90941,211.32993
2011-02-26,210.41536,210.76205,208.79794,211.81282,209.57874,206.83951
2011-02-27,237.69194,239.26064,238.20152,241.33548,240.22751,238.51196
2011-02-28,180.39543,181.41954,180.45097,183.07294,181.93985,180.35034
2011-03-01,175.0479,175.47633,173.97859,176.64896,174.94879,172.81943
2011-03-02,280.77414,280.4218,276.99405,285.73502,282.0276,277.64365
2011-03-03,310.23904,311.44623,309.23077,315.64615,313.2451,310.05786
2011-03-04,210.54764,212.30797,211.73074,214.2783,213.58485,212.33556
2011-03-05,220.35562,220.93199,219.07979,223.11157,221.14969,218.63347
2011-03-06,262.60077,261.55807,257.64627,266.90005,262.7185,257.91104
2011-03-07,268.52542,269.79132,268.0871,269.09036,267.20135,264.62814
2011-03-08,239.93571,239.41437,236.26343,242.65468,239.0738,234.91457
2011-03-09,257.78387,257.2198,253.82962,262.07843,258.31763,253.92723
2011-03-10,294.45078,293.96176,290.2413,300.32324,296.26694,291.48068
2011-03-11,281.61768,283.27014,281.79745,282.973,281.46063,279.2062
2011-03-12,258.89703,261.61014,261.43005,257.41614,257.7069,257.28244
2011-03-13,274.06635,275.4209,273.7355,275.9314,274.40225,272.14447
2011-03-14,291.75568,292.03503,289.0956,297.67276,294.8623,291.28864
2011-03-15,253.29895,253.56133,251.02777,260.2203,257.5868,254.28712
2011-03-16,310.03275,308.25525,303.08868,317.6579,312.65015,306.86664
2011-03-17,314.39252,314.26117,310.66418,320.28674,316.77435,312.44098
2011-03-18,234.16365,236.00253,235.22668,237.2723,236.29927,234.67773
2011-03-19,240.40851,240.61276,238.15964,247.96518,245.48474,242.3574
2011-03-20,227.63371,227.89816,225.64415,229.94424,227.59593,224.64613
2011-03-21,295.12747,294.78122,291.18015,299.88565,296.10077,291.54477
2011-03-22,257.4981,259.21838,258.06265,254.89093,253.86923,252.13733
2011-03-23,288.6375,289.62082,287.39514,293.48166,291.25272,288.22717
2011-03-24,214.19272,216.03702,215.47931,217.35043,216.79654,215.62386
2011-03-25,240.5989,239.57123,235.89876,240.81609,237.20102,232.9688
2011-03-26,211.48299,213.44345,213.0272,214.04762,213.49826,212.33386
2011-03-27,250.23048,249.76105,246.52795,253.92104,250.41187,246.23857
2011-03-28,216.35039,216.78824,214.82034,218.90009,216.87071,214.24197
2011-03-29,257.90247,257.60703,254.45737,257.77255,254.57086,250.67982
2011-03-30,279.3754,279.8432,277.20322,281.9037,279.03387,275.39114
2011-03-31,220.83498,221.9119,220.51804,225.733,224.23405,222.09369
2011-04-01,235.84616,234.95969,231.47108,235.45625,231.84119,227.60445
2011-04-02,213.62375,214.41313,212.81471,214.30939,212.6704,210.42209
2011-04-03,270.59183,271.13895,268.6686,271.42578,268.97794,265.764
2011-04-04,237.57065,238.04008,235.85927,244.04675,241.81253,238.88712
2011-04-05,223.53534,223.95174,221.87381,228.82654,226.8402,224.20013
2011-04-06,296.27493,295.49353,291.43015,301.6266,297.54843,292.64117
2011-04-07,253.17705,256.74203,257.41965,256.46112,257.0549,256.83817
2011-04-08,235.01729,236.99562,236.31801,239.16563,238.59294,237.28957
2011-04-09,290.34305,290.34842,287.11853,295.32516,292.42386,288.6719
2011-04-10,315.15906,315.99396,313.2994,319.27252,316.74063,313.26968
2011-04-11,272.3525,271.6115,267.84793,282.4123,278.1796,273.16357
2011-04-12,262.9869,263.7733,261.61017,269.46542,267.10156,263.94406
2011-04-13,232.26306,234.25044,233.60608,230.48003,229.82271,228.4486
2011-04-14,211.53195,211.13927,208.39282,213.11574,210.47122,207.21368
2011-04-15,281.1678,280.1184,275.94986,283.8974,279.89737,275.08963
2011-04-16,223.65242,224.31729,222.46996,226.74956,224.8877,222.34348
2011-04-17,233.92894,233.80032,231.05983,238.87544,236.03984,232.50525
2011-04-18,264.30676,264.17017,261.08142,268.98596,265.7506,261.72614
2011-04-19,235.70366,236.25621,234.16147,240.48994,238.42497,235.63
2011-04-20,214.5288,215.07312,213.20631,216.24149,214.4112,211.92134
2011-04-21,214.73473,215.38301,213.61502,216.57846,214.84694,212.44966
2011-04-22,259.85693,258.95383,255.16086,263.47955,259.6852,255.12247
2011-04-23,321.27655,320.90485,316.94385,325.52805,321.74194,316.97925
2011-04-24,232.30605,233.88657,232.83261,231.6691,230.6423,228.87386
2011-04-25,224.60297,225.21675,223.30191,228.01405,226.0624,223.4033
2011-04-26,259.48914,259.37772,256.3615,267.7546,264.36014,260.16144
2011-04-27,301.86404,301.32224,297.40936,305.60538,301.65323,296.78214
2011-04-28,279.98242,281.44482,279.73853,288.7832,287.04303,284.37863
2011-04-29,284.1232,284.1485,280.98862,295.41425,292.0271,287.73453
2011-04-30,278.30997,278.04874,274.6732,279.87772,276.20544,271.68518
2011-05-01,314.39056,315.38226,312.82816,319.1766,316.70547,313.2185
2011-05-02,268.12106,267.20645,263.30518,273.97757,269.5572,264.32404
2011-05-03,274.60507,274.2088,270.74194,281.58838,278.02722,273.60205
2011-05-04,257.39438,257.2306,254.18404,259.2139,256.4719,252.91797
2011-05-05,266.60687,266.9269,264.25043,260.07568,257.689,254.47588
2011-05-06,301.99692,302.057,298.7293,302.37396,299.26648,295.2047
2011-05-07,302.0441,301.2144,297.01562,303.0518,298.93124,293.87912
2011-05-08,308.35913,308.4396,305.06058,312.57687,309.42233,305.2752
2011-05-09,308.31116,307.98773,304.21442,311.69504,307.9355,303.20065
2011-05-10,313.57803,313.35648,309.62402,316.75232,313.35806,308.9591
2011-05-11,329.66153,329.8508,326.34024,335.84164,332.44336,327.9723
2011-05-12,304.439,305.06436,302.26358,311.93042,309.25922,305.57663
2011-05-13,315.82767,314.1127,308.89536,320.94855,315.75067,309.57666
2011-05-14,345.26886,345.01917,340.90588,350.07083,346.54514,341.8948
2011-05-15,313.568,313.76385,310.44232,317.32983,313.92316,309.50113
2011-05-16,312.8858,311.29312,306.2304,319.76904,314.3009,307.86328
2011-05-17,318.68878,317.768,313.29825,324.73862,320.8127,315.85663
2011-05-18,324.316,326.75543,325.51007,331.7157,331.19763,329.53116
2011-05-19,316.91754,319.1273,317.74097,319.14694,317.5554,314.88727
2011-05-20,317.2812,316.8829,312.9426,321.22195,317.81085,313.3642
2011-05-21,288.17853,289.31723,287.2068,290.94397,288.83514,285.76068
2011-05-22,300.573,300.0206,296.1185,303.57013,299.7888,295.0418
2011-05-23,335.93958,334.854,330.0361,340.9209,336.25232,330.50977
2011-05-24,335.10727,337.67245,336.43573,337.38165,336.2621,333.9838
2011-05-25,359.34708,359.3535,355.34464,365.92245,362.45453,357.7901
2011-05-26,326.65054,327.97565,325.6231,332.55637,330.05453,326.44696
2011-05-27,278.14175,280.0867,278.8834,285.70328,285.03598,283.37802
2011-05-28,346.10153,344.79605,339.65652,354.89938,349.54468,343.08148
2011-05-29,367.03995,365.84402,360.57965,373.06638,367.55847,360.8815
2011-05-30,359.84155,358.15176,352.48633,364.66748,358.72598,351.65646
2011-05-31,335.81006,335.90402,332.2527,337.3431,333.89172,329.3411
2011-06-01,287.43875,288.01898,285.3838,292.19626,289.82294,286.4805
2011-06-02,293.32285,293.31818,290.0469,296.56564,293.4112,289.29318
2011-06-03,298.8999,299.23373,296.23294,302.4543,299.54398,295.64258
2011-06-04,309.28754,309.54214,306.34988,312.4045,309.37866,305.3295
2011-06-05,321.7152,321.6576,318.02344,325.32117,321.82312,317.26898
2011-06-06,364.56085,363.81656,359.03625,368.99683,364.41858,358.65894
2011-06-07,356.25708,356.98618,353.74127,361.68472,358.71198,354.5405
2011-06-08,300.62387,301.2943,298.6118,304.9169,302.30966,298.6948
2011-06-09,345.1724,343.36453,337.76523,349.52905,344.03662,337.45685
2011-06-10,352.31653,351.84973,347.4849,357.90167,353.6659,348.27957
2011-06-11,363.90994,362.80365,357.6868,371.5348,366.346,359.9846
2011-06-12,363.16367,362.06406,356.9642,369.7437,364.8908,358.86282
2011-06-13,357.65604,357.3588,353.1069,358.23868,354.26157,349.12704
2011-06-14,357.87637,358.95898,356.0564,360.96768,358.684,355.18823
2011-06-15,347.6442,347.85248,344.2101,351.4745,348.0724,343.5223
2011-06-16,366.2474,366.59213,362.8796,374.41333,371.05447,366.46628
2011-06-17,311.10107,311.65472,308.75827,306.93924,304.50974,301.06433
2011-06-18,357.8471,356.13046,350.49875,360.8387,355.51297,349.0597
2011-06-19,350.25363,350.29922,346.47742,351.81454,348.45547,343.94882
2011-06-20,309.6351,309.10373,305.16772,313.4377,309.7934,305.14474
2011-06-21,318.88818,317.82117,313.26102,323.6893,319.16794,313.63037
2011-06-22,372.33813,370.5032,364.6047,378.0842,372.5766,365.8889
2011-06-23,378.45325,378.04257,373.4723,383.96683,380.2497,375.28516
2011-06-24,349.395,347.1873,341.1811,352.57104,346.908,340.16025
2011-06-25,360.12506,356.45035,348.893,368.3121,360.87256,352.34134
2011-06-26,366.06995,365.37946,360.6786,372.64484,368.07254,362.31824
2011-06-27,376.73273,376.53748,372.20624,384.03497,380.02063,374.77075
2011-06-28,362.88303,361.90744,356.96713,369.02203,364.12128,358.06207
2011-06-29,361.24313,361.49026,357.7666,366.4198,362.85248,358.1015
2011-06-30,362.29385,362.17325,358.08038,367.45288,363.50146,358.37415
2011-07-01,367.92728,367.65076,363.34576,373.54184,369.28946,363.84906
2011-07-02,370.28513,370.16626,365.99197,375.66492,371.69455,366.52264
2011-07-03,381.74963,380.44827,374.99332,388.97757,383.6217,377.05585
2011-07-04,392.00125,390.3905,384.52292,398.81067,393.24268,386.4374
2011-07-05,388.87213,389.5711,386.0004,395.11404,392.05698,387.71072
2011-07-06,370.0455,373.6989,373.22784,374.88483,374.75803,373.33673
2011-07-07,357.89313,358.8971,355.9681,362.25012,359.26685,355.1091
2011-07-08,388.5443,389.73294,386.6521,394.94147,391.80563,387.38788
2011-07-09,378.74664,380.06784,377.22598,382.75583,380.57608,377.133
2011-07-10,357.19516,358.99323,356.85556,362.77866,360.74622,357.51697
2011-07-11,342.5303,342.33246,338.40323,346.9123,343.2563,338.50195
2011-07-12,380.648,380.46692,376.1406,388.79913,384.902,379.7703
2011-07-13,357.42847,359.78638,358.2007,356.98462,355.86838,353.556
2011-07-14,337.56604,338.29556,335.33423,340.4099,337.5153,333.5291
2011-07-15,346.74863,347.17435,343.8177,350.85843,347.6194,343.26355
2011-07-16,358.11954,358.67258,355.31888,362.75604,359.6482,355.381
2011-07-17,371.72263,371.52252,367.28568,375.18622,371.26248,366.1598
2011-07-18,389.1839,389.22433,385.03534,394.0065,390.2638,385.27502
2011-07-19,388.90784,389.79926,386.4488,394.37845,391.4441,387.2434
2011-07-20,325.2423,327.06665,325.32285,327.82324,326.21817,323.54062
2011-07-21,310.89233,311.271,308.26923,313.64136,310.7252,306.82007
2011-07-22,312.94534,313.3067,310.2675,318.0158,315.08258,311.14758
2011-07-23,318.02017,318.682,315.88382,321.4532,318.6023,314.7375
2011-07-24,354.19333,358.04022,357.97134,358.5139,358.7502,357.77014
2011-07-25,343.3083,343.37262,339.71924,348.2991,344.78195,340.18094
2011-07-26,345.3134,345.0037,340.96426,350.4258,346.3857,341.2698
2011-07-27,377.35718,376.59714,371.7721,383.5649,378.8831,373.0325
2011-07-28,361.79297,361.57236,357.44598,365.85297,361.87192,356.76572
2011-07-29,366.00128,365.6614,361.37482,369.88446,365.63406,360.2541
2011-07-30,346.10095,345.99603,342.1565,351.58444,347.90198,343.13867
2011-07-31,357.95026,358.1438,354.47086,362.12878,358.6568,354.06567
2011-08-01,330.6702,330.43854,326.6453,332.49835,328.97498,324.43454
2011-08-02,372.42044,371.45984,366.50427,377.11438,372.2673,366.2906
2011-08-03,350.02655,347.9849,342.21347,350.46936,344.92874,338.36658
2011-08-04,309.11185,307.67252,302.93378,311.627,307.30383,302.05908
2011-08-05,367.76666,366.3865,361.07635,372.8531,367.68942,361.42532
2011-08-06,369.69592,370.78613,367.878,372.98346,370.29373,366.44363
2011-08-07,295.3023,296.1057,293.7186,298.80508,296.44684,293.1662
2011-08-08,309.24734,309.09302,305.6192,313.15506,309.58038,305.0688
2011-08-09,352.5822,352.86853,349.36304,356.75476,353.30133,348.76767
2011-08-10,314.3974,315.56226,313.32986,318.43506,316.31396,313.2071
2011-08-11,299.5073,300.0818,297.43243,303.9276,301.40366,297.95358
2011-08-12,324.44495,325.34955,322.75833,329.47275,327.0968,323.71045
2011-08-13,339.0536,339.88565,337.06876,343.94604,341.24228,337.49197
2011-08-14,363.53314,362.61444,357.8211,370.0455,365.33505,359.546
2011-08-15,376.3997,375.72015,371.0258,382.449,377.69055,371.81772
2011-08-16,344.59232,345.7509,343.2014,346.7375,344.3214,340.85114
2011-08-17,344.2275,343.62625,339.3571,346.28134,342.1533,337.01736
2011-08-18,373.6086,371.96094,366.3537,377.8754,372.1642,365.38593
2011-08-19,365.96588,367.34674,364.79376,370.28552,367.7806,364.15775
2011-08-20,344.8199,346.12067,343.7172,346.91385,344.55408,341.15033
2011-08-21,364.93228,364.7634,360.70605,369.74313,365.77188,360.72662
2011-08-22,368.0537,370.0833,368.1517,370.72415,369.46387,367.06418
2011-08-23,311.56174,313.1278,311.3457,311.62402,309.86935,307.17667
2011-08-24,347.91434,347.43173,343.25464,351.09198,346.9284,341.76395
2011-08-25,378.24515,379.54526,376.79697,384.73444,382.24295,378.60855
2011-08-26,289.9342,291.84708,290.6417,291.63184,290.47546,288.43823
2011-08-27,297.73874,298.97034,297.0154,301.19662,299.30795,296.52902
2011-08-28,325.2097,325.15494,321.64767,328.1475,324.73883,320.39566
2011-08-29,335.7759,336.4257,333.49997,337.498,335.20633,331.92807
2011-08-30,351.55563,351.97675,348.66135,354.82248,351.3369,346.84314
2011-08-31,362.7863,363.0475,359.45837,365.94,362.64847,358.3137
2011-09-01,331.61295,330.56067,326.01443,337.88556,333.36844,327.92618
2011-09-02,345.94855,346.09033,342.56693,351.06815,347.67062,343.2851
2011-09-03,320.06894,319.2761,315.11087,321.99524,317.88943,312.9038
2011-09-04,365.91925,365.6836,361.58273,371.82632,367.65042,362.44928
2011-09-05,369.8783,369.66925,365.55505,375.13812,370.872,365.57675
2011-09-06,363.12637,363.83273,360.69144,369.62717,366.4465,362.232
2011-09-07,306.65524,307.53854,305.1694,309.90768,307.39972,304.02466
2011-09-08,356.16205,355.60013,351.2908,358.6854,354.52872,349.40115
2011-09-09,301.40228,303.6129,302.60754,303.38297,302.39902,300.53943
2011-09-10,292.50513,293.68234,291.75723,297.0016,295.02554,292.21872
2011-09-11,291.02338,291.95905,289.81396,291.0332,288.94537,286.0501
2011-09-12,280.1663,280.62234,278.12192,283.08337,280.49246,277.132
2011-09-13,293.64688,294.23376,291.72195,297.26425,294.64737,291.22333
2011-09-14,316.13077,316.22006,312.98447,319.33957,316.29053,312.3833
2011-09-15,328.40076,328.9132,325.96655,332.34076,329.43933,325.64246
2011-09-16,332.7266,333.39636,330.56097,337.8615,334.88043,330.99347
2011-09-17,353.2223,355.01514,353.0712,359.54742,358.1896,355.83173
2011-09-18,345.643,346.0414,342.8075,352.65967,349.8267,346.05002
2011-09-19,330.42612,330.8643,327.831,335.47632,332.26385,328.16876
2011-09-20,330.09756,330.42645,327.29086,333.80472,330.3683,326.06253
2011-09-21,310.27222,312.46677,311.3764,312.5605,311.38385,309.35233
2011-09-22,260.68848,261.31964,259.21164,262.82117,260.5828,257.65567
2011-09-23,298.1689,299.61395,297.91614,303.38928,301.74356,299.28604
2011-09-24,317.9927,318.78775,316.2444,321.91257,319.20404,315.65845
2011-09-25,325.9786,325.56226,321.7446,331.63794,327.32877,322.1933
2011-09-26,295.51462,298.99088,299.32532,297.53745,298.09485,297.82016
2011-09-27,300.88596,300.72803,297.42972,308.39478,304.6864,300.20993
2011-09-28,317.09308,318.61734,316.80762,321.51752,319.50906,316.66406
2011-09-29,322.49384,323.0872,320.30582,325.4204,322.3751,318.50793
2011-09-30,345.59915,344.427,339.6669,352.79977,347.26776,340.89505
2011-10-01,357.23,356.59885,352.2515,364.44473,360.0187,354.70114
2011-10-02,356.64645,356.8985,353.42862,359.73218,356.52966,352.4267
2011-10-03,371.23514,371.50818,367.90833,377.23798,373.60757,369.04248
2011-10-04,329.24307,335.86118,338.95242,332.03177,335.25266,337.5227
2011-10-05,321.75967,324.02408,322.90433,324.3053,322.9308,320.72372
2011-10-06,319.81638,322.19714,321.21356,323.4152,322.2333,320.22073
2011-10-07,302.57468,303.45218,301.16736,308.191,305.55328,302.1579
2011-10-08,285.54092,286.70032,284.87158,289.69977,287.47754,284.54074
2011-10-09,259.19217,260.55078,259.1934,259.84006,258.35022,256.21194
2011-10-10,293.74255,296.21555,295.59827,297.75198,296.86215,295.21594
2011-10-11,265.14,264.38315,260.8791,271.38504,267.51886,263.02676
2011-10-12,279.47757,281.5396,280.66696,285.36325,284.51373,282.9449
2011-10-13,240.50357,242.30255,241.57626,243.49149,242.74059,241.37881
2011-10-14,319.36774,318.14114,313.6109,323.6147,318.75668,313.16574
2011-10-15,314.99655,315.7588,313.2363,318.12302,315.3818,311.88293
2011-10-16,296.50812,296.5735,293.55594,297.47372,294.4069,290.64395
2011-10-17,311.94836,314.5273,313.8298,316.9201,316.02496,314.34488
2011-10-18,310.73215,310.41232,306.86722,315.0806,310.84726,305.90103
2011-10-19,291.38644,291.38257,288.35034,297.12186,292.93552,288.08295
2011-10-20,330.58527,332.6843,331.32037,334.02795,332.2091,329.58862
2011-10-21,320.2648,321.95175,320.28848,327.21838,325.48212,322.96234
2011-10-22,290.24225,292.28452,291.28412,296.15863,294.96274,293.05295
2011-10-23,314.05188,313.6008,309.89127,318.95593,314.7021,309.7381
2011-10-24,303.68607,305.7625,304.65607,307.53195,306.3564,304.4432
2011-10-25,253.5201,254.27905,252.393,258.32065,255.76059,252.6124
2011-10-26,285.15903,287.17188,286.19504,288.4321,287.21387,285.31015
2011-10-27,247.62152,249.32423,248.4312,252.64389,251.17387,249.11281
2011-10-28,227.10378,228.07166,226.6659,233.17769,231.63672,229.5553
2011-10-29,236.29134,237.70891,236.65149,244.31006,242.89888,240.91933
2011-10-30,235.1417,237.21703,236.821,242.83249,242.2386,241.06648
2011-10-31,224.33092,228.16985,229.62839,231.40332,233.09956,234.20457
2011-11-01,240.62761,242.42024,241.68707,245.65344,244.72714,243.22504
2011-11-02,249.25752,250.9096,249.9473,251.37845,250.0399,248.12074
2011-11-03,259.6162,261.36102,260.38193,261.93518,260.59375,258.64792
2011-11-04,254.08165,256.2789,255.80396,255.29486,254.52422,253.15616
2011-11-05,239.97704,241.82484,241.15091,241.02843,239.92076,238.25731
2011-11-06,265.89505,266.61478,264.55502,269.95734,267.3402,264.12695
2011-11-07,266.79462,268.87457,268.14923,269.46667,268.06775,266.05322
2011-11-08,246.6241,248.67001,248.12056,247.2834,246.32909,244.8052
2011-11-09,281.41632,282.4797,280.59525,282.20328,280.00552,277.17905
2011-11-10,294.42612,295.4163,293.3227,296.2697,293.99402,291.05902
2011-11-11,241.13945,242.06322,240.45914,238.9366,237.10724,234.74713
2011-11-12,273.9254,276.12442,275.43793,278.78848,278.5391,277.638
2011-11-13,258.61777,260.31094,259.2832,261.0354,259.81738,258.00787
2011-11-14,268.27014,269.2304,267.37595,269.54352,267.8333,265.5214
2011-11-15,208.06575,209.70425,209.14894,210.58434,209.66986,208.27861
2011-11-16,284.19937,284.8405,282.5016,290.3023,287.65005,284.36624
2011-11-17,302.08707,303.50717,301.75006,307.70773,305.5988,302.80902
2011-11-18,301.56625,302.8988,301.05923,308.8783,306.57486,303.59244
2011-11-19,266.68173,270.53546,271.55362,266.7198,267.82062,268.2816
2011-11-20,239.4096,241.29164,240.64418,240.25713,239.17464,237.55301
2011-11-21,258.00647,258.6349,256.55124,261.7666,258.94543,255.5664
2011-11-22,314.66342,315.37424,312.77646,318.9692,316.39224,313.1213
2011-11-23,260.21103,263.3523,263.72876,259.2901,259.4993,259.10474
2011-11-24,213.37904,216.4305,217.2086,217.41014,217.98882,218.0548
2011-11-25,196.63786,199.06589,199.40205,198.34169,198.31676,197.83421
2011-11-26,255.19237,255.89667,253.91092,257.36115,255.05685,252.19894
2011-11-27,325.9816,326.4349,323.4549,329.95514,326.48227,322.3094
2011-11-28,294.93723,298.0541,298.03442,298.9049,298.54745,297.50797
2011-11-29,227.31644,226.37094,223.04195,229.55226,225.17804,220.35165
2011-11-30,255.14282,254.37114,250.91965,256.45233,252.46648,247.9602
2011-12-01,267.47452,270.261,270.1989,273.79623,273.71628,273.00876
2011-12-02,234.21713,236.41241,236.11458,243.68983,242.73831,241.24385
2011-12-03,222.97159,223.97748,222.61995,229.39029,227.19484,224.5111
2011-12-04,224.48586,225.85184,224.8334,231.7946,229.92772,227.56161
2011-12-05,276.33942,276.72223,274.18164,280.38467,277.54465,274.1111
2011-12-06,248.19104,249.32385,247.8214,247.96815,246.09073,243.67769
2011-12-07,265.98325,266.67734,264.55096,270.44473,267.98788,264.95413
2011-12-08,220.94855,223.10225,222.8955,223.06758,222.44481,221.32214
2011-12-09,250.42146,254.33119,255.54901,250.8023,252.03569,252.67386
2011-12-10,230.07219,232.2941,232.0555,233.29337,232.92023,232.01978
2011-12-11,197.26888,199.64044,199.89636,200.83678,200.74728,200.1999
2011-12-12,170.37738,173.5781,174.93877,171.23932,172.2171,172.78635
2011-12-13,197.44673,198.62956,197.70457,198.23915,196.87334,195.07765
2011-12-14,254.08798,256.15332,255.49902,255.81706,255.46396,254.53189
2011-12-15,257.7604,262.0011,263.4595,258.97922,260.31473,261.03494
2011-12-16,209.35019,211.50642,211.4147,210.01591,209.31789,208.15152
2011-12-17,237.55095,237.70268,235.32542,241.71753,238.75311,235.28676
2011-12-18,278.7464,278.2259,274.74316,284.27725,280.45,276.0383
2011-12-19,282.03888,282.24756,279.44977,284.71805,281.79456,278.26987
2011-12-20,294.5879,293.56088,289.4043,297.5428,292.9441,287.7435
2011-12-21,292.38947,294.07654,292.62827,296.59515,294.94867,292.65143
2011-12-22,237.17204,237.81686,235.9243,241.61726,238.94516,235.76569
2011-12-23,210.91766,213.6836,214.16956,209.35127,209.5209,209.20786
2011-12-24,228.04358,227.34895,224.22496,226.24814,223.2401,219.76518
2011-12-25,300.8344,302.94348,301.81537,304.50644,303.27948,301.3752
2011-12-26,199.49171,202.42384,203.19263,200.01195,200.46353,200.44826
2011-12-27,242.96753,247.51071,249.40782,242.7214,244.56972,245.8287
2011-12-28,324.36917,323.8187,319.80017,329.34503,324.94373,319.86154
2011-12-29,238.2699,240.6178,240.38904,240.69235,240.41324,239.5854
2011-12-30,223.99147,224.21909,222.04305,223.2763,220.73619,217.72615
2011-12-31,284.49283,285.00278,282.45584,285.75552,282.9465,279.5279
2012-01-01,248.00722,248.3683,246.06236,256.83527,254.11578,250.85083
2012-01-02,247.84525,248.25629,246.00012,251.42992,248.79288,245.62093
2012-01-03,277.6771,279.97565,279.2657,281.62952,280.59775,278.93286
2012-01-04,208.91183,210.50471,209.83434,212.46198,211.38896,209.84291
2012-01-05,257.79593,259.9635,259.3346,261.16595,260.28955,258.82336
2012-01-06,203.61743,205.16797,204.51027,208.1441,207.22037,205.83002
2012-01-07,185.44768,187.17445,186.88576,189.23827,188.409,187.1548
2012-01-08,176.27692,177.69394,177.19643,178.34846,177.32463,175.9041
2012-01-09,226.8102,229.07475,228.87015,225.63086,225.45381,224.7547
2012-01-10,188.08308,189.995,189.85794,188.70343,188.2059,187.2773
2012-01-11,205.26015,206.47108,205.4538,207.25885,205.94171,204.16402
2012-01-12,253.66443,254.83296,253.2498,258.75922,256.9255,254.51938
2012-01-13,225.17126,225.27194,222.93855,233.01785,230.30147,227.0876
2012-01-14,241.22264,241.9533,240.0687,243.69931,241.5936,238.9539
2012-01-15,266.97363,269.88428,269.8773,269.2598,268.7778,267.67233
2012-01-16,197.97926,199.35866,198.58151,201.2536,199.88281,198.0632
2012-01-17,178.28784,179.44281,178.65575,180.2805,179.13298,177.58136
2012-01-18,201.8399,202.32733,200.62376,204.77997,202.63431,200.04388
2012-01-19,191.10576,193.45987,193.71869,192.81125,192.62466,191.98592
2012-01-20,204.62733,206.08188,205.30312,206.53249,205.50546,204.00813
2012-01-21,215.18993,215.79684,214.06396,218.81113,216.40482,213.52293
2012-01-22,206.13866,207.1748,205.96382,207.27913,206.19527,204.63869
2012-01-23,235.3221,236.24568,234.60571,239.34933,237.17949,234.47932
2012-01-24,256.16513,256.3634,253.77867,260.81018,257.97986,254.57904
2012-01-25,266.56027,268.71423,267.95007,270.24338,269.43835,268.00262
2012-01-26,228.34656,229.12169,227.40768,230.93748,228.74802,226.04576
2012-01-27,228.96382,234.06935,236.63054,230.76245,233.28772,235.21378
2012-01-28,173.3649,175.22375,175.1774,176.63663,176.29037,175.52614
2012-01-29,219.3058,219.45328,217.21419,220.66571,218.06516,214.98105
2012-01-30,228.63158,228.79109,226.46165,233.39948,230.71732,227.52145
2012-01-31,240.71422,241.56827,239.79323,245.43243,243.15964,240.33545
2012-02-01,239.2795,239.54948,237.2117,245.04762,242.79994,240.00015
2012-02-02,273.14105,274.17725,272.2274,274.88602,272.98434,270.45044
2012-02-03,189.49217,190.54431,189.52034,189.5038,188.1439,186.34813
2012-02-04,254.50151,255.59946,253.9118,258.48608,256.95773,254.82736
2012-02-05,226.31361,226.97784,225.16785,231.59624,229.4148,226.70796
2012-02-06,270.53082,271.6757,269.8579,273.74902,271.72656,269.07108
2012-02-07,221.35826,222.4953,221.20503,227.76904,225.82874,223.36539
2012-02-08,177.78084,179.22911,178.72095,181.04504,180.16457,178.85475
2012-02-09,213.30238,213.80273,211.96982,215.25542,212.9845,210.22519
2012-02-10,192.97928,194.9744,194.83923,196.31001,195.75505,194.72449
2012-02-11,166.52159,166.6817,165.02205,168.5479,166.40117,163.87721
2012-02-12,193.29842,192.48499,189.57094,194.72897,191.58897,188.02483
2012-02-13,233.83212,233.68118,230.97818,235.42548,232.52173,229.08649
2012-02-14,253.22203,256.2567,256.48694,253.92146,254.03041,253.5012
2012-02-15,167.4189,167.88135,166.50845,167.67088,165.78949,163.52385
2012-02-16,214.1455,213.51727,210.55638,221.62306,218.61067,215.09933
2012-02-17,213.89934,215.6733,215.08583,216.83522,215.91537,214.46577
2012-02-18,222.9979,222.13821,218.85098,224.78401,221.28412,217.28416
2012-02-19,233.62228,233.22021,230.2679,238.78377,235.74364,232.15717
2012-02-20,213.34607,214.03389,212.3783,218.34677,216.75331,214.63489
2012-02-21,183.42484,184.08215,182.7232,189.3572,187.42886,185.05492
2012-02-22,191.64647,192.25945,190.76613,198.03236,196.24449,193.9844
2012-02-23,204.79916,204.8349,202.62756,212.56857,210.2252,207.38203
2012-02-24,212.63992,212.99867,211.02342,217.83504,215.70206,213.04965
2012-02-25,213.95992,213.184,210.07466,217.17834,213.53386,209.40112
2012-02-26,233.1239,232.44873,229.22816,241.15979,237.57031,233.42737
2012-02-27,240.67699,240.13597,236.96423,246.90875,243.59648,239.70808
2012-02-28,276.93423,276.16086,272.36188,279.2641,275.1431,270.37613
2012-02-29,280.16064,282.39886,281.53198,282.93936,281.74072,279.82248
2012-03-01,250.73851,256.9936,260.4068,256.43463,259.54425,261.9102
2012-03-02,244.18407,247.0398,247.1737,245.77034,245.93242,245.43903
2012-03-03,278.53082,277.25266,272.93552,281.4977,277.02792,271.90424
2012-03-04,286.20303,287.20193,285.04282,289.90033,287.32486,284.02963
2012-03-05,234.14542,233.46194,230.21655,233.64565,230.10957,226.02286
2012-03-06,197.79137,199.58185,199.17155,199.5244,198.95975,197.86952
2012-03-07,201.39806,202.93703,202.23843,202.6065,201.78484,200.43274
2012-03-08,212.38028,212.82506,210.92743,214.25613,212.16077,209.52916
2012-03-09,296.68027,296.6006,293.2585,301.79865,298.21082,293.87854
2012-03-10,256.05145,258.77185,258.63162,255.74265,254.86116,253.29819
2012-03-11,201.47142,203.32762,202.93637,203.42819,202.97089,201.9637
2012-03-12,199.50519,199.53606,197.36932,200.82971,198.63026,195.92494
2012-03-13,257.84457,259.76575,258.81516,258.594,257.47638,255.66579
2012-03-14,241.83417,249.69722,254.76662,245.75441,250.82945,255.1035
2012-03-15,195.06111,196.73412,196.22891,196.55951,195.82047,194.5475
2012-03-16,207.81339,209.97934,209.8171,210.62828,210.51686,209.81506
2012-03-17,287.11676,288.63608,286.9617,291.03732,289.39474,286.96707
2012-03-18,270.75433,271.04187,268.3356,274.7901,272.0607,268.614
2012-03-19,266.65863,268.72903,267.81927,276.28668,274.40936,271.78735
2012-03-20,247.31844,246.5055,242.97398,253.36443,249.27437,244.55368
2012-03-21,284.80777,283.81448,279.6903,288.79095,284.57513,279.62665
2012-03-22,267.71695,268.7418,266.78827,270.99255,269.084,266.43634
2012-03-23,252.58162,258.03165,260.59158,257.9964,260.60236,262.39624
2012-03-24,287.2487,289.50354,288.5392,290.78107,290.19635,288.7762
2012-03-25,255.19109,255.69499,253.36414,257.32388,255.20847,252.3886
2012-03-26,288.19568,288.63477,285.87335,293.85132,291.07858,287.5062
2012-03-27,286.97867,288.2833,286.3837,295.84018,293.4493,290.23993
2012-03-28,277.83612,280.84818,280.72467,280.16605,280.82068,280.62555
2012-03-29,290.6403,292.61795,291.33517,295.12592,293.8833,291.7885
2012-03-30,297.9461,298.33054,295.4012,303.1422,300.02917,296.08173
2012-03-31,297.47897,296.89478,293.0185,300.48196,296.32858,291.3705
2012-04-01,281.6962,281.94595,279.0619,283.69742,280.66428,276.8459
2012-04-02,251.30656,253.33153,252.52551,252.63283,252.0262,250.66505
2012-04-03,277.45862,278.78262,276.9967,278.27597,276.43942,273.797
2012-04-04,273.44016,275.00714,273.5028,276.76505,274.9296,272.28928
2012-04-05,233.18825,233.31497,230.84427,236.3279,233.69582,230.40001
2012-04-06,299.41614,298.45355,294.17615,303.8216,299.47705,294.29953
2012-04-07,293.17746,294.65338,292.8354,296.16022,294.46698,291.89383
2012-04-08,238.82378,240.50706,239.49641,238.402,237.29614,235.47227
2012-04-09,233.38504,234.68382,233.35559,236.71895,235.35217,233.27621
2012-04-10,238.41579,238.87288,236.66223,241.4256,239.12482,236.12073
2012-04-11,249.58687,250.27773,248.17044,253.65877,251.60327,248.7964
2012-04-12,273.6552,273.97464,271.2336,279.6945,276.6437,272.78104
2012-04-13,311.7754,311.53522,307.81903,317.70618,313.95435,309.28375
2012-04-14,306.9433,307.38437,304.38843,310.18994,307.62088,304.12268
2012-04-15,244.75012,245.96373,244.41832,245.11664,243.5662,241.26611
2012-04-16,274.10745,274.2549,271.33588,271.6482,268.8062,265.15936
2012-04-17,297.23425,297.36307,294.16614,299.93152,296.73593,292.64966
2012-04-18,312.62955,312.61276,309.10004,315.65158,312.15353,307.71793
2012-04-19,326.04227,324.5775,319.4955,330.07755,324.7897,318.5605
2012-04-20,312.83603,314.48392,312.59708,318.5256,316.27563,313.03873
2012-04-21,271.54187,272.9286,271.2472,279.84714,278.43384,276.13556
2012-04-22,237.87592,238.93103,237.30096,241.30167,239.60909,237.16316
2012-04-23,296.806,295.4868,290.8713,300.55103,295.9646,290.50217
2012-04-24,345.11285,343.9748,338.99496,351.46683,346.50616,340.50674
2012-04-25,337.75223,337.5157,333.50018,342.7398,338.6659,333.55536
2012-04-26,310.48798,309.94897,305.94223,315.56772,311.27866,306.04626
2012-04-27,331.02853,330.13336,325.54724,337.8008,333.22705,327.6399
2012-04-28,347.78256,346.84497,342.02905,353.81223,349.17075,343.46045
2012-04-29,335.63794,335.51556,331.6333,341.26324,337.35736,332.40225
2012-04-30,309.47617,306.74866,300.60974,315.0115,308.78983,301.6668
2012-05-01,330.76157,333.1881,331.85425,336.65912,335.549,333.32425
2012-05-02,285.91315,290.1327,291.05594,291.65097,292.70706,292.74088
2012-05-03,293.83453,296.75482,296.31754,300.58307,300.88388,300.1496
2012-05-04,340.16632,338.74207,333.53384,345.28812,340.17062,334.00833
2012-05-05,343.29416,343.13004,339.11987,348.229,344.34177,339.36386
2012-05-06,299.35812,299.5256,296.33267,304.72592,301.29834,296.9148
2012-05-07,316.49298,314.3371,308.67896,324.2196,318.5502,311.91595
2012-05-08,318.26572,320.85538,319.82037,323.314,322.53558,320.66122
2012-05-09,267.13425,266.5516,262.9866,271.3593,267.73575,263.2708
2012-05-10,303.34613,301.58627,296.46405,309.09787,303.88425,297.73972
2012-05-11,332.92392,330.7267,324.84546,339.14178,333.38,326.596
2012-05-12,343.28305,343.971,340.7965,349.41986,346.2801,342.00937
2012-05-13,325.0134,327.93472,327.15024,332.40494,332.3358,331.10992
2012-05-14,313.52374,314.40933,311.76297,321.43518,319.2727,316.04675
2012-05-15,328.92792,330.22974,327.81848,335.10968,332.77002,329.32236
2012-05-16,333.77457,333.63132,329.75308,337.61685,334.04218,329.3827
2012-05-17,344.47574,344.85684,341.3725,349.99747,346.6499,342.1666
2012-05-18,341.2871,341.31464,337.52115,350.72235,347.32162,342.78268
2012-05-19,336.44888,335.9065,331.61072,342.74493,338.73077,333.62177
2012-05-20,302.72812,303.04224,299.96255,304.72318,301.72488,297.7367
2012-05-21,313.7494,315.13306,312.97714,312.42233,311.04968,308.6149
2012-05-22,313.16946,310.64624,304.67682,314.89328,309.17725,302.50726
2012-05-23,315.1203,315.9087,313.15756,313.52826,310.8503,307.14
2012-05-24,321.71606,321.8588,318.40375,329.21204,325.90134,321.51935
2012-05-25,320.22812,321.8487,319.8568,322.33868,320.60812,317.787
2012-05-26,260.69116,261.48355,259.34784,263.61685,261.5835,258.67453
2012-05-27,281.98694,282.3408,279.53967,286.88196,284.2712,280.71783
2012-05-28,300.33408,300.76263,297.83118,303.2548,300.64252,297.02942
2012-05-29,316.0412,315.92303,312.28314,320.21536,316.74222,312.2312
2012-05-30,334.6124,334.26672,330.19876,341.3511,337.42438,332.39706
2012-05-31,357.01468,357.235,353.47256,366.26715,362.45834,357.4574
2012-06-01,372.10123,371.88882,367.53702,380.47147,376.24103,370.77948
2012-06-02,361.9534,361.7755,357.57242,369.96722,365.75574,360.34958
2012-06-03,355.3221,354.8752,350.48462,360.79657,356.5055,351.0541
2012-06-04,352.2041,352.62933,349.1283,357.2356,354.1729,349.92944
2012-06-05,363.38943,362.35266,357.2993,369.80347,364.8382,358.6991
2012-06-06,362.00278,361.9738,357.92365,371.30603,367.52966,362.5423
2012-06-07,356.86252,357.20404,353.57532,362.36032,359.08838,354.62357
2012-06-08,341.21548,342.70718,340.37912,344.34125,342.32202,339.14023
2012-06-09,354.5336,355.06003,351.64203,360.72632,357.98602,354.04492
2012-06-10,354.74316,354.4977,350.32452,358.13477,354.13443,348.9767
2012-06-11,340.57782,338.83124,333.34885,341.7036,336.26077,329.75778
2012-06-12,348.13956,346.50034,341.0412,351.39532,346.0543,339.61658
2012-06-13,359.15353,357.48984,351.88678,363.96356,358.5781,352.05325
2012-06-14,363.65897,362.767,357.8712,365.58646,361.12604,355.49628
2012-06-15,376.34952,376.70587,372.89307,381.51785,378.11267,373.4544
2012-06-16,373.5651,373.71365,369.73062,379.58856,375.8754,370.9249
2012-06-17,359.8257,359.01498,354.2476,368.72208,364.1066,358.31693
2012-06-18,369.28925,368.8765,364.39615,375.45874,371.54675,366.4188
2012-06-19,345.07523,345.03134,341.18124,349.57147,345.9173,341.13202
2012-06-20,346.32504,347.01443,343.87006,348.36267,345.72278,341.92987
2012-06-21,322.92508,323.02338,319.56076,326.8619,323.46686,319.0152
2012-06-22,298.53583,298.72235,295.6166,302.5765,299.733,295.9042
2012-06-23,357.1965,355.93344,350.76566,359.31268,354.36816,348.29626
2012-06-24,362.80786,363.4251,360.03738,365.41064,362.27472,357.94287
2012-06-25,304.07965,305.1952,302.94305,308.15988,306.04965,302.91763
2012-06-26,326.533,325.6153,321.12894,332.60687,328.03607,322.42422
2012-06-27,341.4845,341.01712,336.80905,350.65405,346.37735,340.98975
2012-06-28,350.3722,349.51413,344.82828,354.07574,349.84686,344.4949
2012-06-29,352.51978,352.23892,348.09656,355.3636,351.57324,346.64496
2012-06-30,365.59485,365.17038,360.74612,370.7714,366.80743,361.65756
2012-07-01,357.46872,359.04068,356.66135,358.97162,357.4101,354.64157
2012-07-02,371.5219,370.0502,364.5406,375.5241,370.16122,363.6352
2012-07-03,387.5193,387.40134,383.0436,395.00854,390.4509,384.6426
2012-07-04,381.80585,382.40884,378.82147,388.1725,384.75455,380.081
2012-07-05,342.93024,342.97028,339.25946,348.52115,344.9357,340.2378
2012-07-06,356.11273,355.45593,350.92105,360.4114,356.07904,350.614
2012-07-07,372.6697,372.14902,367.56863,378.11932,373.7084,368.10706
2012-07-08,369.63004,368.3849,363.1308,376.88315,371.90152,365.75012
2012-07-09,369.60205,368.55847,363.50403,376.96652,372.14114,366.14304
2012-07-10,350.66986,350.8734,347.24835,355.24408,351.84256,347.30734
2012-07-11,338.4952,339.6313,337.05377,342.09186,339.85828,336.50723
2012-07-12,352.2544,351.1975,346.32544,357.3061,352.65042,346.88962
2012-07-13,385.23444,384.70776,379.99765,392.44943,387.96097,382.24405
2012-07-14,380.46243,379.8272,375.065,386.12305,381.5448,375.76382
2012-07-15,382.6836,382.08847,377.34354,388.64038,383.9576,378.06793
2012-07-16,395.37225,394.843,390.02673,403.09546,398.33688,392.32574
2012-07-17,379.85574,380.04944,376.11188,380.098,376.54742,371.79324
2012-07-18,384.04382,385.201,382.16348,386.6974,384.10855,380.27066
2012-07-19,338.4601,338.41394,334.6952,342.04675,338.53247,333.94662
2012-07-20,344.86447,344.73816,340.87338,350.13568,346.55206,341.8729
2012-07-21,351.9515,351.80643,347.8484,357.88586,354.30438,349.6027
2012-07-22,363.4047,363.19547,359.0525,369.34128,365.3537,360.21948
2012-07-23,368.29184,367.67212,363.0763,373.40143,369.107,363.66205
2012-07-24,377.77032,377.10608,372.3661,383.74158,379.02753,373.1408
2012-07-25,384.5537,383.58255,378.4707,391.41656,386.25607,379.91058
2012-07-26,386.927,386.75217,382.39682,394.31818,390.25473,384.97058
2012-07-27,377.35062,377.22845,373.0303,385.69345,381.53427,376.18802
2012-07-28,342.94888,345.70703,344.70404,348.6008,348.19693,346.63684
2012-07-29,351.2739,350.64667,346.2397,355.44168,350.95297,345.39105
2012-07-30,370.21246,371.08063,367.9362,375.913,373.02588,368.95886
2012-07-31,340.73404,341.38544,338.34872,345.75104,342.78012,338.7341
2012-08-01,355.14105,357.054,355.09998,359.04962,357.15976,354.1256
2012-08-02,366.05212,368.27988,366.51898,372.6975,371.24124,368.58682
2012-08-03,319.24258,320.066,317.4353,323.00006,320.3507,316.70007
2012-08-04,327.942,327.83588,324.20267,331.86777,328.57095,324.26202
2012-08-05,357.3774,357.5243,353.82425,363.78253,360.1071,355.3262
2012-08-06,330.8456,331.3159,328.2202,328.3477,325.54593,321.73584
2012-08-07,361.29318,360.95166,356.73514,358.78986,355.18173,350.48798
2012-08-08,382.75317,381.92914,377.01138,385.39694,380.66202,374.7852
2012-08-09,391.07764,391.95667,388.62115,396.20798,393.3435,389.25812
2012-08-10,385.91412,388.02838,385.9616,391.71793,389.81137,386.67773
2012-08-11,335.03946,335.15826,331.68304,339.42688,336.0851,331.7246
2012-08-12,347.18762,347.18527,343.46317,352.19458,348.56396,343.883
2012-08-13,359.25693,358.98773,354.87695,365.665,361.47345,356.20474
2012-08-14,358.66263,358.90134,355.29718,364.60922,361.11282,356.5284
2012-08-15,363.92645,364.73837,361.6422,369.59256,366.9869,363.25842
2012-08-16,316.27707,317.31415,314.95035,319.79065,317.36942,313.9834
2012-08-17,331.0234,331.30893,328.0526,336.59586,333.41562,329.2382
2012-08-18,347.9414,347.0418,342.44455,353.0939,348.6196,343.12997
2012-08-19,374.16254,373.29398,368.4496,381.79333,376.90512,370.92358
2012-08-20,382.7013,382.00555,377.24194,390.4035,385.7626,379.99857
2012-08-21,382.04095,382.14355,378.17252,388.4166,384.5932,379.63654
2012-08-22,384.40567,384.69418,380.88278,389.4904,385.95325,381.27612
2012-08-23,379.74542,380.68658,377.56766,384.13916,381.15982,377.04755
2012-08-24,325.27744,326.13208,323.51016,328.6913,325.89838,322.14496
2012-08-25,339.7656,339.4281,335.48438,345.3177,341.2943,336.2913
2012-08-26,327.72635,327.52505,323.84512,332.6016,329.1862,324.8194
2012-08-27,298.15707,299.23404,297.12485,301.91837,300.06845,297.3282
2012-08-28,282.66165,283.44104,281.20627,285.0452,282.7523,279.63455
2012-08-29,282.75595,284.2571,282.73178,286.14383,284.62738,282.26736
2012-08-30,303.74478,305.4657,303.93558,308.48563,306.92892,304.46417
2012-08-31,311.45224,312.81345,310.8506,314.86865,312.891,309.99887
2012-09-01,340.85718,342.15945,339.82962,345.48758,343.12936,339.77588
2012-09-02,330.75726,331.7471,329.2195,334.85944,332.18253,328.5536
2012-09-03,326.74918,327.19492,324.1775,330.41266,327.2783,323.21945
2012-09-04,343.36554,341.8709,336.77408,349.36865,343.90598,337.51923
2012-09-05,371.03958,370.06876,365.19626,378.43356,373.68506,367.91254
2012-09-06,348.4277,351.2775,350.3995,352.82654,352.38702,350.90497
2012-09-07,339.63416,340.5516,337.87015,343.8868,340.8542,336.869
2012-09-08,347.11163,347.04126,343.31253,346.387,342.38354,337.44598
2012-09-09,368.9074,369.7489,366.68872,373.1751,370.22943,366.25034
2012-09-10,352.867,355.2472,353.8706,359.00455,357.622,355.21643
2012-09-11,334.7943,333.75543,329.21063,344.17786,339.31277,333.55072
2012-09-12,326.37982,326.17764,322.54578,331.01062,327.01205,322.13904
2012-09-13,331.4093,332.18015,329.454,336.92084,333.96118,330.09033
2012-09-14,313.93268,314.42545,311.61145,315.03052,312.09814,308.32104
2012-09-15,345.0422,344.03323,339.41763,349.51666,344.4356,338.4617
2012-09-16,348.72583,348.88553,345.38263,351.6928,348.14017,343.65845
2012-09-17,338.95123,339.1873,335.86383,340.86838,338.29547,334.8068
2012-09-18,367.1253,366.56937,362.17337,371.57172,367.57758,362.6154
2012-09-19,373.54156,373.47855,369.5021,380.2789,376.69824,372.11993
2012-09-20,351.81268,354.56555,353.58942,353.7307,353.50845,352.2947
2012-09-21,340.09485,341.3622,339.04898,341.0737,338.96024,335.93585
2012-09-22,267.12375,268.40308,266.86707,270.69766,269.01575,266.61404
2012-09-23,317.976,318.8693,316.42282,319.87546,317.61017,314.50388
2012-09-24,314.23013,315.42618,313.31854,318.9635,316.52686,313.25903
2012-09-25,291.6927,292.4686,290.18442,295.869,293.8131,290.98523
2012-09-26,307.07343,306.15396,302.0412,305.4526,301.17014,296.1398
2012-09-27,341.29654,342.0232,339.17532,345.05328,342.0698,338.20593
2012-09-28,312.8261,313.15002,310.20416,320.76633,317.29318,313.01987
2012-09-29,335.5753,336.8652,334.6347,341.35358,339.63504,337.0272
2012-09-30,325.6546,328.2971,327.50385,328.30548,327.64282,326.10788
2012-10-01,283.11597,285.1185,284.1398,284.6541,283.2935,281.196
2012-10-02,287.88318,289.91013,288.907,291.0372,289.89627,288.00003
2012-10-03,297.88345,298.86957,296.73776,301.1343,298.45358,295.0254
2012-10-04,350.0619,351.9043,350.0739,351.6843,350.041,347.498
2012-10-05,329.2965,329.41827,326.10947,335.73782,332.1986,327.8441
2012-10-06,308.3922,308.95917,306.30774,314.09183,311.49576,308.12558
2012-10-07,253.47487,255.54974,254.95721,256.31012,255.7007,254.43175
2012-10-08,283.79996,284.5159,282.2688,287.66107,285.61682,282.86267
2012-10-09,316.30817,317.35397,315.09464,322.76672,320.3815,317.20474
2012-10-10,278.34085,281.55154,281.82278,280.86856,280.83548,280.07565
2012-10-11,230.53003,232.14122,231.33296,236.23105,235.12971,233.4408
2012-10-12,270.74908,272.22458,270.86478,272.05377,270.50638,268.29037
2012-10-13,292.3565,295.88748,296.33118,295.35648,295.7508,295.3814
2012-10-14,240.60513,242.23238,241.33658,243.79315,242.55292,240.71521
2012-10-15,233.49908,235.36668,234.78227,235.95663,235.12701,233.71407
2012-10-16,257.34576,256.7729,253.53279,254.98592,252.27242,248.96608
2012-10-17,331.20306,331.32986,328.01273,334.74918,331.1147,326.70612
2012-10-18,307.98456,309.1224,307.04453,312.40234,309.9781,306.81534
2012-10-19,273.7776,276.93472,277.20557,280.25806,280.49072,280.01706
2012-10-20,267.0682,267.89697,265.93942,269.2117,266.68323,263.5311
2012-10-21,324.192,325.3721,323.1677,325.84576,323.9789,321.33707
2012-10-22,343.49564,343.76263,340.456,343.89853,340.17078,335.66104
2012-10-23,343.41742,344.17004,341.3435,348.40247,345.23575,341.26794
2012-10-24,328.33835,331.34427,330.89938,332.30508,331.70877,330.30508
2012-10-25,333.69614,335.749,334.30704,335.91547,334.17084,331.63403
2012-10-26,272.5836,275.49362,275.53345,271.37195,271.08484,270.13876
2012-10-27,255.74887,259.1235,259.79706,261.0113,261.6807,261.70053
2012-10-28,268.38254,269.26065,267.33655,273.09412,270.79764,267.8791
2012-10-29,277.15225,277.95303,275.86084,282.90997,280.21808,276.88947
2012-10-30,261.488,262.30304,260.3874,262.32278,259.96408,257.014
2012-10-31,266.91754,267.01886,264.341,270.05865,267.0214,263.38818
2012-11-01,284.8631,283.66592,279.51755,291.24506,285.99924,280.14838
2012-11-02,305.08554,303.53674,298.8294,310.13605,304.74908,298.71582
2012-11-03,320.86252,321.18076,318.15332,324.6878,321.55606,317.7037
2012-11-04,333.31406,333.22577,329.66592,336.8238,333.04828,328.53653
2012-11-05,257.2833,258.95486,257.92572,260.86725,259.84644,258.22226
2012-11-06,268.85962,269.60083,267.53067,275.47345,272.61624,269.15546
2012-11-07,276.95737,277.24545,274.64203,280.8601,277.76352,274.0562
2012-11-08,280.4673,283.11615,282.80902,284.43774,284.0718,283.03897
2012-11-09,323.984,325.4202,323.45908,327.9036,325.72952,322.8196
2012-11-10,298.7377,302.96945,304.03467,300.8413,302.00278,302.4341
2012-11-11,240.06746,240.50949,238.43936,243.38368,240.72838,237.54756
2012-11-12,253.52597,255.64378,255.08913,258.4869,257.5635,256.04935
2012-11-13,259.69797,261.33215,260.23376,265.5196,264.22183,262.32452
2012-11-14,248.38318,250.42795,249.85284,254.28876,254.06573,253.25137
2012-11-15,256.6863,259.05844,258.7192,260.01202,259.38245,258.15628
2012-11-16,240.31255,241.2431,239.64835,241.8984,239.80617,237.18642
2012-11-17,301.64392,300.5949,296.399,307.44196,302.91992,297.76126
2012-11-18,311.80905,310.8437,306.6225,312.39938,308.10492,303.15918
2012-11-19,313.82578,314.58124,312.0395,314.3351,311.8062,308.59143
2012-11-20,305.46066,307.65256,306.61783,310.03748,308.80258,306.87006
2012-11-21,247.31584,248.85045,247.77405,252.5208,250.9584,248.8382
2012-11-22,242.62683,243.24808,241.31609,252.9411,250.66246,247.83826
2012-11-23,263.78952,263.899,261.23718,275.35532,272.12897,268.32242
2012-11-24,266.55475,266.38696,263.42035,272.79968,269.35742,265.34518
2012-11-25,249.03777,249.88667,248.10867,255.86238,253.97844,251.53703
2012-11-26,243.63226,245.05154,243.89333,242.85901,241.8119,240.2233
2012-11-27,288.032,288.65253,286.23544,289.38428,286.70322,283.40237
2012-11-28,303.08417,303.77618,301.26974,305.33618,302.84067,299.68604
2012-11-29,305.8238,306.25925,303.46835,307.94885,304.9377,301.2708
2012-11-30,243.42787,244.09442,242.18813,240.09952,237.79927,234.98734
2012-12-01,298.09268,297.4221,293.6146,299.30594,295.09973,290.27927
2012-12-02,301.46454,303.37216,302.07867,303.39352,301.95282,299.84097
2012-12-03,296.3218,297.7857,296.10565,298.70172,296.7583,294.1635
2012-12-04,278.11755,279.56207,278.0534,280.79846,279.00195,276.59293
2012-12-05,271.02176,271.90646,269.9171,272.0789,269.56204,266.4654
2012-12-06,192.50584,194.71648,194.86824,192.26869,192.31128,191.91286
2012-12-07,190.97919,193.03436,193.04724,192.01855,191.66357,190.87515
2012-12-08,241.2231,242.21936,240.65103,241.99197,240.00084,237.49023
2012-12-09,281.63687,282.7947,280.95657,286.06036,284.16165,281.64117
2012-12-10,231.31528,232.30754,230.83733,236.66422,234.50188,231.83545
2012-12-11,191.1078,193.01598,192.8774,192.08293,191.48657,190.46114
2012-12-12,232.77556,233.74835,232.2405,232.1544,230.33342,228.01286
2012-12-13,266.94623,266.7427,263.70612,264.2839,261.7426,258.64075
2012-12-14,287.12192,287.69354,285.2081,293.23624,290.6817,287.5005
2012-12-15,235.94838,236.81879,235.17145,238.82086,236.57603,233.8236
2012-12-16,192.18384,192.15979,190.09123,192.80803,190.64478,188.0777
2012-12-17,262.91727,262.25415,258.79874,266.95856,263.29,259.0738
2012-12-18,234.21846,236.4069,236.07825,237.00613,236.66646,235.79025
2012-12-19,257.52667,257.06314,253.8594,255.73216,252.19008,248.12366
2012-12-20,252.07959,255.21474,255.62982,250.86548,250.83243,250.22556
2012-12-21,189.06627,190.88116,190.66019,189.28238,188.66446,187.62361
2012-12-22,231.67943,231.45142,228.75192,232.82764,229.41005,225.51782
2012-12-23,238.8807,240.91388,240.3744,239.35175,238.17334,236.46649
2012-12-24,174.56758,176.17575,175.90157,175.9482,175.25272,174.16563
2012-12-25,183.7646,186.0188,186.28467,188.04787,188.0115,187.54417
2012-12-26,236.81192,239.55592,239.73782,238.15663,238.44212,238.17569
2012-12-27,230.01361,231.05894,229.63062,230.87485,229.28185,227.18578
2012-12-28,217.519,217.01666,214.18872,218.3539,215.1732,211.54533
2012-12-29,202.9033,204.84552,204.59285,206.77892,206.10695,204.97073
2012-12-30,212.89743,214.15819,213.1225,216.23398,214.7424,212.7786
2012-12-31,213.78247,214.11613,212.15192,216.41849,214.09532,211.31348
2013-01-01,237.96286,239.30565,238.0794,242.07521,240.68398,238.75836
2013-01-02,206.7873,205.74033,202.48201,209.43161,205.82352,201.79431
2013-01-03,209.5325,210.33777,208.8823,213.93771,212.68327,210.95602
2013-01-04,195.74586,197.48982,197.11061,200.09366,199.35475,198.16565
2013-01-05,179.71841,180.81464,179.96555,185.68974,184.45236,182.80635
2013-01-06,188.07616,189.42828,188.7415,197.0665,195.85243,194.20251
2013-01-07,194.25603,194.81567,193.27684,201.78413,199.76695,197.31645
2013-01-08,210.54568,210.92834,209.03763,212.93361,210.38649,207.38885
2013-01-09,267.91855,270.54645,270.25815,270.3497,269.84012,268.71024
2013-01-10,232.06224,233.9251,233.26498,237.46477,236.5817,235.16069
2013-01-11,217.37509,219.09409,218.44885,221.17262,220.2681,218.86331
2013-01-12,225.34624,227.22589,226.6524,227.17973,226.31332,224.9313
2013-01-13,198.1393,199.646,198.99619,199.73293,198.6882,197.19447
2013-01-14,180.40775,181.22342,180.08037,187.27415,185.83403,183.98041
2013-01-15,212.19933,213.49783,212.48784,212.94948,211.71889,210.01021
2013-01-16,209.37315,210.2027,208.75812,213.37625,211.5275,209.20987
2013-01-17,178.32988,179.02867,177.78973,179.23386,177.76665,175.90347
2013-01-18,197.90848,198.85019,197.63875,200.85231,199.30066,197.30293
2013-01-19,183.75166,185.0114,184.26703,190.43007,189.22757,187.59668
2013-01-20,176.62975,177.4934,176.43344,182.73375,181.06404,178.99178
2013-01-21,181.40921,183.03784,182.68213,186.43425,185.72038,184.5774
2013-01-22,180.3712,182.2105,182.07356,180.96501,180.53493,179.68288
2013-01-23,228.73901,230.85988,230.47578,228.13614,227.8835,227.09273
2013-01-24,241.03738,242.18651,240.70659,245.71716,244.08815,241.90292
2013-01-25,245.8654,245.68826,242.84296,249.09479,246.00285,242.3721
2013-01-26,201.42636,202.08038,200.53902,201.78986,199.9642,197.68892
2013-01-27,177.22218,177.521,175.89056,178.04073,176.2493,174.06367
2013-01-28,260.03146,260.53357,258.20325,264.20746,261.57553,258.35696
2013-01-29,291.59857,292.60245,290.42407,294.85168,292.4914,289.4646
2013-01-30,208.05814,209.4112,208.48575,206.24014,205.21472,203.71063
2013-01-31,167.40242,169.16489,169.08582,167.66656,167.17953,166.29613
2013-02-01,183.33118,184.41583,183.49254,187.96988,187.15471,185.89919
2013-02-02,175.88571,176.60632,175.4035,177.67018,176.38785,174.69788
2013-02-03,215.85327,217.86664,217.50577,213.24554,212.98738,212.21498
2013-02-04,215.68282,218.18884,218.31593,216.02538,215.77151,214.99536
2013-02-05,261.96945,262.25214,259.67648,268.6001,265.4907,261.78284
2013-02-06,248.46513,248.5677,245.96039,255.53242,252.86934,249.63002
2013-02-07,237.68198,238.3106,236.33992,242.59328,240.20705,237.26979
2013-02-08,237.76813,238.48608,236.602,240.60403,238.21844,235.28539
2013-02-09,198.71523,200.59811,200.29028,199.93924,199.40392,198.3849
2013-02-10,226.19237,226.35678,224.05064,225.15155,222.57738,219.49492
2013-02-11,227.30434,227.91457,226.03603,231.29585,229.44489,227.05516
2013-02-12,237.81665,238.68819,236.95222,240.45966,238.60042,236.17834
2013-02-13,297.16916,298.15942,295.89163,305.56815,303.11612,299.94864
2013-02-14,300.56952,300.5845,297.3156,305.3924,302.11926,298.14523
2013-02-15,223.7605,225.73657,225.24245,225.07138,224.31284,223.00381
2013-02-16,245.32146,247.16652,246.30656,248.23134,247.31894,245.79907
2013-02-17,229.4346,229.05559,226.17302,233.67719,230.65079,227.0939
2013-02-18,253.32475,254.53539,252.95995,252.61978,250.78644,248.34926
2013-02-19,190.07027,191.86423,191.5555,190.71515,189.94919,188.7136
2013-02-20,162.80434,164.25041,163.89603,164.64879,163.92,162.78584
2013-02-21,218.50043,219.14658,217.39273,221.91335,219.78435,217.13043
2013-02-22,235.24646,237.07741,236.30833,236.5559,235.44904,233.7572
2013-02-23,209.54868,211.00201,210.14102,215.61621,214.41348,212.67975
2013-02-24,224.28732,225.54694,224.33263,228.82173,227.25713,225.13301
2013-02-25,192.83675,194.49715,194.02179,193.5969,192.92307,191.76083
2013-02-26,182.13481,182.80238,181.46457,181.53197,179.90166,177.8325
2013-02-27,231.60454,233.15619,232.14705,233.83958,232.77422,231.11995
2013-02-28,276.007,275.56674,272.10626,278.76373,275.3079,271.19336
2013-03-01,272.9433,275.45016,274.92722,273.35812,272.8742,271.68082
2013-03-02,249.29546,250.41797,248.78896,253.14424,251.59537,249.41028
2013-03-03,272.60876,272.07562,268.55838,275.8721,272.19263,267.85974
2013-03-04,294.66052,293.3416,288.80725,297.36343,292.78397,287.51068
2013-03-05,300.80273,299.08884,294.09717,302.55884,297.4225,291.58786
2013-03-06,337.98605,336.26758,330.86206,343.11978,337.30057,330.68628
2013-03-07,263.99515,267.77182,268.58994,268.50714,269.1502,269.05542
2013-03-08,223.57426,222.56873,219.12088,225.44342,221.96513,217.95282
2013-03-09,281.0692,280.83212,277.5078,284.1064,280.71298,276.62204
2013-03-10,304.1149,303.3447,299.2411,307.13376,302.84604,297.81485
2013-03-11,311.55298,312.29904,309.60483,317.7066,314.60083,310.6932
2013-03-12,298.91852,301.2335,300.22098,307.03073,305.6217,303.3989
2013-03-13,292.24655,294.69394,293.8836,300.15216,298.65466,296.3609
2013-03-14,272.21625,272.8332,270.44116,282.9256,280.13004,276.61185
2013-03-15,281.0728,282.98328,281.76474,286.62646,285.50427,283.60794
2013-03-16,277.4638,279.0672,277.58496,279.67395,278.31064,276.19473
2013-03-17,233.6094,235.64929,235.07852,236.39629,235.77538,234.50325
2013-03-18,225.63557,226.70113,225.25905,228.79994,227.24261,225.07422
2013-03-19,231.1478,230.32048,226.95541,235.29872,231.44522,227.01263
2013-03-20,292.72562,291.27414,286.6146,304.53986,299.4643,293.63797
2013-03-21,245.09148,245.36314,242.92221,243.60083,240.86992,237.50455
2013-03-22,217.38875,215.37425,210.99168,217.85478,213.39412,208.4109
2013-03-23,303.3541,303.39792,300.08636,309.7178,306.27625,302.01978
2013-03-24,307.15668,307.70325,304.8421,313.5496,310.57068,306.75092
2013-03-25,219.50093,220.34924,218.75307,221.92177,220.30028,218.06923
2013-03-26,202.51991,202.57605,200.38866,203.59698,201.46945,198.79543
2013-03-27,240.85614,241.41963,239.30478,243.43877,241.40929,238.7109
2013-03-28,255.20119,259.0182,259.9377,255.27036,256.41425,256.77426
2013-03-29,214.9446,215.5913,213.84286,218.81232,217.13423,214.84569
2013-03-30,212.20097,212.57549,210.58913,215.3357,213.11993,210.31435
2013-03-31,244.77477,245.70009,243.89175,240.82503,239.03308,236.56152
2013-04-01,249.71643,250.80324,249.0972,253.52838,251.7097,249.17056
2013-04-02,228.59613,228.77884,226.41881,234.00246,231.60982,228.56677
2013-04-03,210.0622,210.9824,209.55083,212.81918,211.14207,208.85829
2013-04-04,272.70865,273.12686,270.50507,275.69998,272.90283,269.33163
2013-04-05,224.3741,225.06657,223.25014,227.97888,225.98503,223.34023
2013-04-06,221.65425,221.72849,219.33467,228.03818,225.69298,222.70245
2013-04-07,294.66055,293.7209,289.51898,297.9159,293.60294,288.47455
2013-04-08,313.27905,312.8771,308.99374,316.85464,313.02356,308.30215
2013-04-09,294.78156,293.76242,289.4786,294.5359,290.2082,285.0686
2013-04-10,315.56345,314.06415,309.07672,318.74454,313.87875,308.13513
2013-04-11,271.14337,269.67413,265.21017,269.7632,265.2331,259.96716
2013-04-12,250.28833,250.31265,247.54427,250.97174,248.14656,244.59824
2013-04-13,245.3496,245.0349,241.98831,251.84938,248.73018,244.88945
2013-04-14,298.28903,296.89056,292.18988,306.26385,301.58356,296.04495
2013-04-15,286.70523,284.73544,279.6033,288.48087,283.7579,278.23123
2013-04-16,274.7442,273.16818,268.55444,273.31436,269.05807,264.03152
2013-04-17,313.26285,312.23553,307.72794,316.93616,312.49152,307.1372
2013-04-18,286.6521,286.75323,283.64752,281.80197,278.95923,275.2755
2013-04-19,240.306,241.42061,239.82494,239.53673,237.85893,235.44414
2013-04-20,239.5357,238.95398,235.70456,242.81819,239.69263,235.85448
2013-04-21,255.75757,256.28394,253.93748,256.29193,254.04092,251.0074
2013-04-22,286.60464,284.35718,278.94833,290.05588,284.50223,278.13895
2013-04-23,321.39014,320.39102,315.81445,326.46613,321.82245,316.22168
2013-04-24,291.7022,293.20667,291.41302,294.89764,293.1151,290.4011
2013-04-25,261.7412,261.10144,257.54333,265.46823,261.75934,257.2649
2013-04-26,285.98752,285.9361,282.6818,295.19763,291.82138,287.5487
2013-04-27,288.48862,287.98355,284.2566,290.46567,286.7322,282.12476
2013-04-28,279.2673,278.6096,274.83603,283.5909,279.84152,275.23895
2013-04-29,223.8765,223.9327,221.47835,226.9113,224.37956,221.15048
2013-04-30,271.14148,270.65244,267.13434,273.7369,270.20413,265.84042
2013-05-01,259.3959,260.28677,258.25055,254.13031,252.01097,249.08682
2013-05-02,247.73288,246.82037,243.14975,251.1422,247.4673,243.03726
2013-05-03,310.81937,310.63785,306.97507,311.37183,308.03204,303.7208
2013-05-04,243.41365,244.05731,241.95764,239.76414,237.72815,234.9277
2013-05-05,254.9735,252.2052,246.63727,253.45528,248.24466,242.30627
2013-05-06,334.06046,333.135,328.48352,338.4917,333.82532,328.1227
2013-05-07,304.69168,303.97403,299.85516,301.99036,298.2169,293.50613
2013-05-08,300.27426,299.277,294.93427,295.59485,291.81403,287.1161
2013-05-09,320.26245,317.78714,311.7745,327.60593,322.53445,316.4682
2013-05-10,350.34543,349.07437,343.903,358.4757,353.85367,348.11572
2013-05-11,335.41092,333.20105,327.27908,337.75305,332.2207,325.66666
2013-05-12,276.0159,277.5361,275.92923,277.06918,275.85144,273.7041
2013-05-13,260.2346,259.9993,256.85248,264.44046,261.3158,257.35556
2013-05-14,293.5776,293.60944,290.35077,299.3361,296.77728,293.2445
2013-05-15,340.64954,339.47394,334.5074,345.11896,340.32587,334.45798
2013-05-16,358.3391,357.9663,353.58762,365.4444,361.18118,355.7562
2013-05-17,335.1204,334.633,330.4031,342.11475,337.81775,332.43988
2013-05-18,259.86978,261.08737,259.36856,262.62607,260.80182,258.10666
2013-05-19,291.5428,287.44827,280.1799,296.169,288.53116,280.06146
2013-05-20,301.24323,300.89307,297.17932,304.7903,301.1854,296.60788
2013-05-21,323.4828,322.87506,318.6615,329.47754,325.34442,320.1651
2013-05-22,344.41153,345.0448,341.81207,350.74503,347.40985,342.931
2013-05-23,285.78445,285.57388,282.17252,295.0674,292.32785,288.6234
2013-05-24,285.68167,284.82718,280.7983,293.2381,288.8675,283.582
2013-05-25,295.1284,295.4077,292.3833,298.69772,295.68665,291.7038
2013-05-26,323.02188,322.61334,318.6057,331.3053,327.71957,323.06198
2013-05-27,311.28964,310.78998,306.82565,318.29852,313.9232,308.5427
2013-05-28,296.49692,297.41315,295.0001,300.07162,297.9493,294.82462
2013-05-29,289.957,290.0362,286.8788,293.0304,289.9501,285.91776
2013-05-30,295.08218,295.3118,292.24573,298.57776,295.57516,291.5985
2013-05-31,299.83206,299.66757,296.1645,301.98877,298.72025,294.4725
2013-06-01,290.60486,291.04733,288.24216,293.9834,291.3208,287.6906
2013-06-02,350.1319,348.33392,342.67606,354.99524,349.39603,342.6928
2013-06-03,364.91675,364.90646,360.83426,370.26288,366.56448,361.65646
2013-06-04,337.97827,339.95758,338.1329,342.10452,340.24496,337.2255
2013-06-05,343.67746,343.348,339.20374,349.58496,345.92365,341.1248
2013-06-06,292.3804,292.49768,289.3624,295.8003,292.77554,288.7863
2013-06-07,318.63034,318.54453,314.9206,326.3999,322.64343,317.83417
2013-06-08,335.64368,334.7299,330.10898,344.2576,339.43033,333.51617
2013-06-09,353.4327,353.56253,349.76675,356.20966,352.39557,347.42526
2013-06-10,362.71857,363.41714,360.07684,368.3084,364.74695,359.98007
2013-06-11,361.03915,361.01514,356.98865,365.1394,361.43488,356.54037
2013-06-12,325.2667,324.8793,320.8961,327.47037,323.7761,319.02493
2013-06-13,331.43613,331.69412,328.2757,334.1435,331.3077,327.3688
2013-06-14,318.76117,319.26257,316.22452,322.68826,319.76294,315.77786
2013-06-15,323.39767,324.087,321.18338,322.62576,320.23285,316.76663
2013-06-16,298.3556,299.20184,296.73065,298.6569,296.2012,292.75894
2013-06-17,305.6747,306.60657,304.14008,311.50208,309.11667,305.69812
2013-06-18,310.67065,311.1992,308.28485,315.33743,312.55634,308.73984
2013-06-19,321.50723,321.52292,317.98917,325.94177,322.5368,318.07648
2013-06-20,341.20816,341.1438,337.31635,346.05154,342.50638,337.83963
2013-06-21,367.42215,367.797,364.1122,372.15958,368.6234,363.87457
2013-06-22,296.48822,297.6218,295.46335,300.07715,298.19873,295.3173
2013-06-23,333.7064,330.47464,323.6373,337.5412,330.3957,322.2569
2013-06-24,351.08264,348.67587,342.45642,351.60013,345.133,337.60596
2013-06-25,326.92557,327.40482,324.2769,332.91437,330.37473,326.73712
2013-06-26,312.05798,310.78195,306.1021,316.71466,312.3445,306.98264
2013-06-27,313.73065,314.96695,312.72876,320.40552,318.28192,315.095
2013-06-28,329.60834,331.5434,329.81647,337.0639,335.67258,333.1414
2013-06-29,344.9335,345.70694,342.67722,346.8165,344.21414,340.471
2013-06-30,343.59482,344.61215,341.83795,347.02014,345.19028,342.19968
2013-07-01,329.4232,329.95316,326.85953,334.43567,331.59814,327.6714
2013-07-02,336.61746,336.63776,332.96857,340.65485,337.21536,332.6821
2013-07-03,341.51968,341.33557,337.41464,346.3792,342.668,337.85138
2013-07-04,338.76263,339.03354,335.59015,343.42545,340.05927,335.5901
2013-07-05,350.54993,349.99893,345.6242,356.08282,351.8225,346.44
2013-07-06,290.27573,291.13934,288.8103,293.536,291.3726,288.24976
2013-07-07,303.87534,303.8465,300.49713,307.67615,304.46323,300.27054
2013-07-08,326.72543,325.41162,320.5568,331.26263,326.64624,321.00662
2013-07-09,380.24078,379.34763,374.32217,385.9479,381.26254,375.3684
2013-07-10,333.98654,336.41064,335.13904,339.9131,339.0627,337.06345
2013-07-11,295.3946,296.04138,293.45297,298.77042,296.34723,292.9592
2013-07-12,326.00552,326.48047,323.39197,331.07407,328.43967,324.73615
2013-07-13,366.91983,367.19757,363.4722,376.23257,372.42813,367.43146
2013-07-14,343.14743,344.3606,341.8119,348.38116,346.41473,343.30536
2013-07-15,322.8371,323.094,319.8323,326.58514,323.42117,319.22153
2013-07-16,335.23712,335.10828,331.33585,339.18286,335.5527,330.85733
2013-07-17,357.53262,355.80667,350.23016,358.1546,353.19507,347.14157
2013-07-18,378.7629,378.38437,373.8984,382.903,378.7585,373.41617
2013-07-19,365.8603,366.6995,363.54816,370.58868,367.64426,363.5148
2013-07-20,365.33676,365.41275,361.52185,370.97992,367.11795,362.09512
2013-07-21,325.73904,326.11118,322.94196,329.9078,326.84894,322.74957
2013-07-22,331.01358,331.5352,328.45703,335.12384,332.13635,328.09048
2013-07-23,343.69046,343.88074,340.34265,348.14597,344.8622,340.48544
2013-07-24,367.18814,367.73468,364.29285,372.71713,369.95505,366.0055
2013-07-25,375.37695,375.2882,371.13776,378.7709,374.91418,369.87964
2013-07-26,383.27112,382.87982,378.3498,386.206,382.22415,377.04468
2013-07-27,393.2965,392.69806,387.8589,398.56088,393.8968,388.01315
2013-07-28,393.88055,393.94635,389.75372,400.49402,396.5463,391.3565
2013-07-29,387.2292,387.4761,383.53497,394.3372,390.87848,386.18817
2013-07-30,382.53702,383.38718,380.08984,387.5102,384.76645,380.7981
2013-07-31,369.87546,369.87674,365.88672,374.98642,371.0793,366.0213
2013-08-01,376.90475,376.52493,372.08786,381.86157,377.48676,371.9522
2013-08-02,387.51355,387.1078,382.53314,394.80048,390.21973,384.44388
2013-08-03,383.0267,383.16193,379.16785,391.02985,387.2005,382.17212
2013-08-04,374.88046,374.54852,370.1867,382.32663,378.05737,372.63147
2013-08-05,362.4523,362.63214,358.90778,364.57346,360.97906,356.27222
2013-08-06,360.95886,361.1819,357.518,363.29037,359.8211,355.2429
2013-08-07,373.62012,374.12552,370.6044,378.792,375.52496,371.0955
2013-08-08,349.03192,349.65652,346.51865,356.11404,353.2502,349.291
2013-08-09,356.2972,354.1633,348.24582,360.94037,355.11996,348.26456
2013-08-10,366.34613,366.4254,362.57138,373.40054,369.833,365.13638
2013-08-11,347.18768,346.63736,342.37396,350.56158,346.2903,340.98456
2013-08-12,364.5953,364.48676,360.4719,368.28754,364.41672,359.4465
2013-08-13,378.19998,377.30496,372.3755,385.41943,380.22958,373.92038
2013-08-14,375.69608,376.04803,372.3702,382.01508,378.4987,373.83566
2013-08-15,347.32892,347.21503,343.38638,355.0155,350.88757,345.71808
2013-08-16,344.30753,345.99506,343.96732,353.11926,351.42767,348.6437
2013-08-17,357.05527,357.00476,353.1385,361.41885,357.7431,352.9999
2013-08-18,345.80765,346.9994,344.47394,351.40628,348.83075,345.196
2013-08-19,344.62625,344.779,341.24927,348.6519,345.3399,340.9984
2013-08-20,374.95712,375.0108,371.0625,379.96854,376.56387,372.03564
2013-08-21,389.14822,389.20905,385.11877,394.3319,390.41367,385.34232
2013-08-22,357.78268,361.81894,361.96548,357.91583,358.491,357.92294
2013-08-23,341.25085,346.5746,348.16296,340.39825,342.0699,342.6305
2013-08-24,341.9873,347.30603,348.88425,347.6486,349.56052,350.33646
2013-08-25,332.82816,332.4833,328.60403,337.30856,333.58414,328.89456
2013-08-26,335.10825,335.476,332.27402,339.44397,336.32642,332.22586
2013-08-27,342.7161,341.72598,337.1126,345.47067,341.08398,335.72906
2013-08-28,364.1417,362.7948,357.60583,367.11386,362.15222,356.17233
2013-08-29,392.9694,392.73236,388.3292,399.0352,394.58652,389.01248
2013-08-30,375.8126,375.82764,371.85638,382.15863,378.23303,373.22562
2013-08-31,367.48175,370.04172,368.65976,370.64963,369.22092,366.69077
2013-09-01,317.46445,318.23154,315.62164,319.96707,317.5777,314.268
2013-09-02,318.77484,321.46573,320.73325,321.64926,320.89505,319.18057
2013-09-03,318.52332,320.6218,319.31238,321.6914,320.384,318.13254
2013-09-04,327.96262,330.98816,330.4918,331.16745,330.8383,329.5173
2013-09-05,348.25784,352.5353,353.0565,351.07126,351.24222,350.35376
2013-09-06,349.53055,351.46008,349.66397,355.97726,354.31116,351.61722
2013-09-07,324.66727,326.3108,324.49844,328.0775,326.30978,323.6038
2013-09-08,314.2944,315.152,312.67908,317.9831,315.56775,312.26266
2013-09-09,344.36957,343.4672,338.94977,346.39594,341.84628,336.3749
2013-09-10,351.29166,351.8843,348.76523,358.57736,355.7368,351.90344
2013-09-11,331.67822,332.46384,329.7432,340.3514,337.89218,334.48907
2013-09-12,314.03854,314.59323,311.83325,317.38956,314.77454,311.2901
2013-09-13,323.32388,326.16562,325.55838,328.3954,328.0802,326.81555
2013-09-14,338.57294,340.64993,339.13272,344.14893,342.41995,339.73135
2013-09-15,296.30695,295.22968,291.05713,298.22162,294.48068,289.96155
2013-09-16,285.05453,285.66153,283.26505,286.9925,284.88385,281.99634
2013-09-17,296.5502,297.54645,295.41385,300.11154,298.24094,295.55188
2013-09-18,309.4845,309.90485,307.07178,309.98785,307.493,304.16873
2013-09-19,325.56952,322.98996,317.0389,325.74112,319.87283,313.2077
2013-09-20,343.11267,339.94168,333.2264,348.27762,341.4461,333.77835
2013-09-21,325.54648,325.31964,321.6867,324.6188,320.96057,316.46744
2013-09-22,359.8154,359.8792,356.17517,365.83078,362.0614,357.34747
2013-09-23,341.29068,340.93335,337.0104,352.04916,347.75903,342.5781
2013-09-24,308.8611,310.99506,309.86514,311.63354,310.52505,308.57376
2013-09-25,283.252,284.9576,283.6754,282.88287,281.5378,279.4382
2013-09-26,288.16257,288.89014,286.5952,289.9673,287.61652,284.5163
2013-09-27,319.8695,320.5448,317.86862,325.53406,322.4966,318.6298
2013-09-28,359.81015,360.3805,357.1855,369.52597,365.89642,361.33322
2013-09-29,358.48538,357.91177,353.6055,366.74255,362.5034,357.355
2013-09-30,325.67938,326.87085,324.6466,334.22253,332.21887,329.35117
2013-10-01,304.98822,305.78745,303.39398,308.52625,305.8151,302.32764
2013-10-02,327.1366,327.61124,324.66837,330.76224,327.60428,323.6228
2013-10-03,338.82272,338.40765,334.46756,342.81998,338.46066,333.2737
2013-10-04,348.04068,348.21106,344.75284,352.21075,348.2072,343.34723
2013-10-05,344.14227,343.33722,338.95938,345.74673,341.3627,336.15073
2013-10-06,288.80682,288.9169,286.01813,286.30225,284.01385,281.01535
2013-10-07,303.07825,302.51007,298.79492,302.43588,298.59198,294.02994
2013-10-08,306.3692,306.45615,303.3534,301.84045,298.71225,294.8559
2013-10-09,302.06653,300.9398,296.68588,298.44333,294.1513,289.1663
2013-10-10,327.85443,324.91208,318.60016,331.24518,325.0228,318.06345
2013-10-11,347.4259,347.81937,344.59384,350.42038,347.4401,343.6115
2013-10-12,272.96518,274.43277,273.04153,273.41434,271.8909,269.69226
2013-10-13,285.13803,285.50433,282.90088,285.8668,283.16327,279.77847
2013-10-14,310.428,309.54727,305.45114,314.22543,309.9787,305.01105
2013-10-15,330.61377,329.92865,325.81592,337.14957,332.7917,327.65924
2013-10-16,337.0126,337.00778,333.50003,342.31445,338.73743,334.36038
2013-10-17,360.02875,359.65213,355.53845,367.3195,363.2595,358.34836
2013-10-18,315.3702,318.83746,318.98148,316.2961,316.62756,316.15488
2013-10-19,244.15518,246.41843,246.11464,245.87935,245.14658,243.80995
2013-10-20,257.47702,258.99747,257.82227,261.31284,260.104,258.26392
2013-10-21,245.42778,246.53944,245.08606,247.0332,245.0038,242.39658
2013-10-22,239.38492,240.99542,240.09737,246.1713,244.70647,242.65718
2013-10-23,264.72937,265.91428,264.33255,268.54443,266.71805,264.26047
2013-10-24,223.23167,225.45619,225.3323,225.37198,225.2762,224.62538
2013-10-25,241.39517,242.3511,240.78561,244.96553,243.04176,240.55077
2013-10-26,322.85645,321.3444,316.49454,328.89536,323.91287,318.21606
2013-10-27,294.38547,295.35397,293.2495,297.83957,296.02356,293.5123
2013-10-28,270.44223,270.47104,267.687,274.00003,270.95325,267.29443
2013-10-29,258.60577,261.0584,260.79135,258.12445,257.8063,256.86594
2013-10-30,292.7482,292.43274,289.07556,294.4803,290.72272,286.32004
2013-10-31,339.7708,339.13422,334.96982,345.59467,340.915,335.4852
2013-11-01,295.15378,297.06522,295.882,297.84857,296.62808,294.71124
2013-11-02,281.1336,283.68823,283.28595,280.45502,279.8115,278.50464
2013-11-03,262.06116,263.1406,261.47852,266.45395,264.44827,261.83948
2013-11-04,246.34021,247.66322,246.40492,251.9342,250.43005,248.34993
2013-11-05,274.83994,275.05603,272.40622,275.39563,272.42725,268.8547
2013-11-06,241.39117,239.87491,235.86052,242.20059,238.26521,233.82375
2013-11-07,264.68607,264.9245,262.4009,262.04337,259.35187,256.08575
2013-11-08,299.01562,299.77347,297.40436,300.6396,297.99728,294.68915
2013-11-09,307.67688,309.11484,307.32675,309.95663,307.8502,305.04767
2013-11-10,292.03125,293.78592,292.47314,294.5219,292.90356,290.61826
2013-11-11,248.86002,252.5679,253.63588,249.60533,250.73415,251.25421
2013-11-12,276.00772,275.2229,271.5644,279.3895,275.22397,270.47513
2013-11-13,265.9873,267.40594,266.02972,268.34863,266.0823,263.2259
2013-11-14,268.16534,267.3179,263.67703,276.17792,272.0866,267.42026
2013-11-15,299.78564,300.17044,297.41626,309.96533,306.55655,302.4825
2013-11-16,227.8359,229.57755,228.91658,226.22768,225.14308,223.54895
2013-11-17,214.78253,216.66582,216.28053,216.6936,215.94113,214.6963
2013-11-18,223.0402,224.69011,223.9866,224.81892,223.76433,222.20451
2013-11-19,273.52603,274.35678,272.3132,274.6842,272.42072,269.55804
2013-11-20,250.11354,254.86671,256.94708,255.03847,256.471,257.2859
2013-11-21,242.35106,242.23003,239.56914,245.8603,242.28642,238.20476
2013-11-22,247.88472,250.00513,249.50223,256.33347,255.20804,253.50833
2013-11-23,260.3336,261.3922,259.707,268.9132,266.8384,264.17755
2013-11-24,213.44739,216.36783,217.01558,216.35687,216.72356,216.58368
2013-11-25,195.30128,196.73584,196.10313,200.54492,199.81104,198.62683
2013-11-26,218.17021,219.18103,217.88768,219.51567,218.10095,216.20447
2013-11-27,186.67058,187.97458,187.30139,188.11598,187.6558,186.77008
2013-11-28,189.4946,190.26056,189.0243,195.50934,193.8075,191.68501
2013-11-29,215.6952,217.87329,217.75739,217.03737,216.47821,215.42943
2013-11-30,258.50375,260.8579,260.46402,259.5719,258.75742,257.36038
2013-12-01,235.21324,236.31401,234.92393,240.79489,238.9984,236.67987
2013-12-02,239.6636,240.1303,238.06445,245.78215,243.69658,241.08289
2013-12-03,240.37427,241.23578,239.55176,246.19547,244.34613,241.96397
2013-12-04,211.73326,211.44582,208.92575,217.35162,215.12737,212.44319
2013-12-05,185.91792,185.23941,182.60376,188.51245,184.8637,180.84595
2013-12-06,186.5609,189.0826,189.60617,188.73953,189.00005,188.82368
2013-12-07,231.01584,232.3745,231.27574,230.94122,229.52979,227.61389
2013-12-08,303.3713,305.19724,303.79376,308.40594,306.5886,304.09662
2013-12-09,246.33263,249.65,250.32487,253.72241,254.01059,253.71317
2013-12-10,258.38412,258.49506,255.86714,263.1111,260.12534,256.5891
2013-12-11,253.51015,253.61003,251.02126,258.1946,255.36668,251.99686
2013-12-12,254.83986,254.99551,252.44624,252.19395,249.92313,247.11455
2013-12-13,305.28735,304.99808,301.4713,310.4693,306.49765,301.88437
2013-12-14,282.94702,285.39938,284.82172,288.48724,287.76776,286.4009
2013-12-15,200.49535,202.43571,202.22574,202.00697,201.63182,200.8011
2013-12-16,213.8131,215.77994,215.45326,217.08363,216.11693,214.67035
2013-12-17,309.18134,309.80148,307.12576,312.68234,309.80814,306.26816
2013-12-18,207.98297,211.56828,212.9031,210.23738,210.91951,211.1089
2013-12-19,189.41934,191.54643,191.63428,187.1607,186.7191,185.8568
2013-12-20,218.99619,219.8824,218.42549,216.03644,214.35803,212.21402
2013-12-21,303.31198,303.9338,301.31454,307.75702,304.97144,301.5292
2013-12-22,253.11888,255.16823,254.49582,255.56998,254.72061,253.30046
2013-12-23,279.48642,280.1524,277.8274,287.20297,284.64584,281.47464
2013-12-24,288.50546,291.17572,290.73672,287.28253,287.4133,286.88315
2013-12-25,286.8329,293.07263,296.18326,286.09464,290.63083,294.4325
2013-12-26,301.5473,305.37808,305.94482,306.15164,306.6904,306.51715
2013-12-27,244.38544,245.25627,243.50279,248.06793,246.1222,243.64032
2013-12-28,245.1514,246.57472,245.35843,248.19614,246.57922,244.41985
2013-12-29,236.8023,237.91469,236.4786,239.26166,237.55392,235.3255
2013-12-30,240.86015,242.14455,240.8338,248.348,246.0426,243.20552
2013-12-31,208.53308,210.77606,210.75952,214.60394,214.27452,213.4565
2014-01-01,214.52873,215.92836,215.01004,222.39598,220.62555,218.37268
2014-01-02,219.83868,221.36911,220.52194,221.85013,220.72644,219.10991
2014-01-03,182.51833,183.4459,182.4019,179.52422,178.32727,176.73611
2014-01-04,191.30272,191.74132,190.11772,190.36865,188.31427,185.85506
2014-01-05,200.81659,200.89824,198.8178,198.72418,196.5108,193.87556
2014-01-06,218.46654,218.05077,215.2868,224.21227,221.05421,217.4312
2014-01-07,190.03479,189.87589,187.67126,192.0929,189.00197,185.51895
2014-01-08,238.50903,239.54124,237.99205,239.38705,237.67992,235.44609
2014-01-09,217.7447,218.71179,217.32076,220.73582,218.9377,216.65727
2014-01-10,200.58698,200.1198,197.49309,204.98682,201.9862,198.56044
2014-01-11,203.78676,203.69586,201.406,209.71962,207.04,203.91797
2014-01-12,208.91273,209.69046,208.20389,212.11554,210.06984,207.56442
2014-01-13,203.84471,204.97874,203.89847,205.60564,204.26234,202.46153
2014-01-14,190.63823,191.40866,190.11024,194.32027,192.48277,190.22229
2014-01-15,191.83475,191.279,188.65427,195.48051,192.28252,188.68224
2014-01-16,226.39516,227.4152,225.97499,228.94698,227.28905,225.12231
2014-01-17,184.05223,183.07565,180.1169,181.21687,177.98503,174.38383
2014-01-18,221.965,223.05261,221.725,227.0446,225.00912,222.47443
2014-01-19,226.26123,227.6544,226.58151,228.21266,226.50136,224.28145
2014-01-20,218.01195,219.34497,218.30089,218.24535,216.826,214.9156
2014-01-21,212.5594,214.35243,213.8216,215.3067,214.94298,214.07545
2014-01-22,261.77625,261.136,257.6629,263.543,259.84378,255.5852
2014-01-23,298.62204,299.37622,296.88174,302.75793,299.97653,296.525
2014-01-24,238.27754,238.60712,236.34644,245.88657,243.30975,240.19342
2014-01-25,243.38948,243.60648,241.17796,252.88332,249.74846,246.06651
2014-01-26,242.65945,243.98674,242.66338,248.4397,246.87149,244.73734
2014-01-27,213.67877,215.30319,214.5876,215.7528,214.69295,213.13513
2014-01-28,225.1578,226.66945,225.71663,227.43759,226.17949,224.39798
2014-01-29,222.6541,224.81404,224.52866,224.35352,223.85403,222.82361
2014-01-30,242.99693,242.25327,238.87444,247.74059,243.85655,239.44627
2014-01-31,250.9563,250.60468,247.5261,254.35909,250.59315,246.28177
2014-02-01,239.26346,239.45203,237.03395,239.86772,237.1451,233.89168
2014-02-02,302.707,302.87347,299.74188,306.3609,302.8698,298.69962
2014-02-03,316.8703,317.74976,315.16772,321.22086,318.23746,314.52783
2014-02-04,214.2432,215.42036,214.24966,217.39061,215.67523,213.46162
2014-02-05,242.77603,243.27068,241.1137,250.7635,248.05748,244.78906
2014-02-06,240.51688,241.7532,240.35303,243.57335,242.0703,239.99846
2014-02-07,179.54947,181.6837,181.83473,177.57051,177.46077,176.91667
2014-02-08,189.20949,189.64778,188.01701,192.20505,190.16438,187.68898
2014-02-09,195.302,195.97672,194.51245,200.39273,198.64041,196.42653
2014-02-10,183.33318,184.62949,183.90926,183.9423,182.95383,181.52869
2014-02-11,249.81464,250.02916,247.514,252.31471,249.4986,246.1101
2014-02-12,209.63837,210.73935,209.53769,212.72736,211.19678,209.16603
2014-02-13,196.2265,197.32379,196.26424,201.17772,199.77962,197.90625
2014-02-14,187.78185,189.65866,189.46048,188.83545,188.60614,187.90837
2014-02-15,191.5342,192.7185,191.79482,189.46123,188.48087,187.04381
2014-02-16,229.00381,229.15881,226.80875,233.09122,230.4013,227.17717
2014-02-17,209.80318,210.88481,209.65866,209.42123,208.14241,206.35968
2014-02-18,277.37717,277.5505,274.68817,282.92365,279.70917,275.84152
2014-02-19,270.47653,272.49655,271.53137,272.5438,271.4598,269.70447
2014-02-20,218.99388,220.21808,219.02992,219.7361,218.16452,216.06401
2014-02-21,223.93329,225.54599,224.68634,225.52254,224.26393,222.45355
2014-02-22,168.4522,170.31847,170.31544,169.2872,169.09341,168.46883
2014-02-23,174.58308,175.9624,175.41122,174.90543,174.15254,172.96434
2014-02-24,248.31659,248.52664,246.01399,249.37434,246.49013,243.0204
2014-02-25,244.18694,247.14299,247.38272,249.4618,249.17818,248.25313
2014-02-26,244.47318,245.37337,243.58179,248.53746,246.18324,243.23079
2014-02-27,180.71902,181.32744,179.9462,181.22746,179.74995,177.82965
2014-02-28,242.06157,241.37196,238.03792,242.36473,238.56808,234.21545
2014-03-01,217.4977,218.73761,217.57405,221.66808,220.19243,218.16434
2014-03-02,189.27617,189.7988,188.23714,189.88414,188.09366,185.8393
2014-03-03,238.52318,239.91212,238.66289,239.12073,237.68163,235.63884
2014-03-04,195.2334,194.59132,191.81535,196.7193,193.62909,190.08119
2014-03-05,269.754,268.45642,264.2158,273.07687,268.3842,263.06244
2014-03-06,272.70554,273.52194,271.33017,277.57843,274.91006,271.55426
2014-03-07,227.91205,227.92654,225.43623,231.28984,228.54901,225.2444
2014-03-08,225.0896,226.02202,224.4657,228.3573,226.4796,224.02489
2014-03-09,209.54976,209.44678,207.04102,209.9568,207.27547,204.0825
2014-03-10,269.8282,269.25516,265.72284,271.90955,268.1525,263.73636
2014-03-11,263.86014,262.72375,258.7016,264.93423,260.87732,256.18445
2014-03-12,224.54942,222.30283,217.61998,226.4982,221.88976,216.7608
2014-03-13,235.92708,236.08124,233.63469,238.37326,235.67181,232.372
2014-03-14,270.38092,271.0363,268.7022,271.67688,269.5998,266.81512
2014-03-15,262.4969,262.3079,259.22897,262.7594,260.09433,256.75674
2014-03-16,292.3872,292.97922,290.33768,297.8933,295.10147,291.53854
2014-03-17,258.8572,260.96732,260.18713,265.33188,264.5908,263.11978
2014-03-18,217.6403,218.12715,216.20424,220.08833,218.16742,215.66846
2014-03-19,290.16208,289.88107,286.40158,293.026,289.6415,285.5031
2014-03-20,206.73969,208.33463,207.6192,206.53722,205.79218,204.47505
2014-03-21,232.10092,230.65279,226.6651,229.53671,225.09259,220.09447
2014-03-22,241.23724,238.80234,233.74304,241.33034,235.84177,229.78722
2014-03-23,243.62242,244.70056,243.06586,246.94891,245.19238,242.76277
2014-03-24,219.92947,220.26382,218.15918,224.60065,222.20598,219.21521
2014-03-25,302.40417,301.457,297.17953,305.37497,301.0859,296.00723
2014-03-26,292.4452,293.09018,290.48538,296.2838,293.6041,290.11914
2014-03-27,232.62575,232.65012,230.09698,235.42728,232.74692,229.43697
2014-03-28,270.39838,270.6796,267.95883,273.4621,271.37448,268.52728
2014-03-29,270.4813,272.409,271.3025,269.92645,268.70905,266.71783
2014-03-30,220.94742,221.60774,219.80493,221.51775,219.70856,217.28114
2014-03-31,233.32687,233.81288,231.7004,233.5973,231.56343,228.87761
2014-04-01,283.9353,282.71967,278.37408,284.71927,280.21896,274.9701
2014-04-02,301.17435,301.6816,298.83386,304.4817,301.37042,297.4128
2014-04-03,238.4859,238.6729,236.20602,243.07097,240.67947,237.60689
2014-04-04,264.14017,262.72772,258.40527,264.8764,260.81653,256.0472
2014-04-05,259.94037,261.23883,259.62125,261.18845,259.56866,257.1865
2014-04-06,205.18489,206.31346,205.13704,206.80252,205.80832,204.20042
2014-04-07,268.2941,267.20615,263.15234,268.49268,264.3188,259.4172
2014-04-08,323.31744,322.45258,318.0035,326.3779,321.82983,316.37985
2014-04-09,247.02946,248.96526,248.11078,250.96191,249.86002,248.0007
2014-04-10,226.08337,225.9209,223.24146,230.05812,227.38184,224.05061
2014-04-11,221.94931,224.2047,223.94048,218.04802,217.565,216.40605
2014-04-12,213.91939,214.77682,213.23074,215.8458,214.13742,211.78864
2014-04-13,263.39545,261.62744,256.95514,268.8121,264.21906,258.8884
2014-04-14,300.35153,296.75305,289.87338,305.12244,298.11667,290.31622
2014-04-15,325.57083,323.1649,317.17123,332.61383,326.46188,319.40152
2014-04-16,315.59683,314.71136,310.31778,322.23264,318.1247,313.0849
2014-04-17,261.15594,261.55392,259.02502,260.2774,257.91107,254.76427
2014-04-18,246.64868,248.70068,247.9533,250.61305,250.17226,248.9291
2014-04-19,238.82288,240.19424,238.86667,245.39656,244.2487,242.33087
2014-04-20,247.75246,247.68164,244.8407,245.59515,242.95042,239.57143
2014-04-21,277.2611,277.54404,274.7185,278.7473,276.25845,272.91956
2014-04-22,245.91542,246.74738,244.80959,248.88571,246.99156,244.32707
2014-04-23,270.88034,271.74707,269.56302,277.15524,275.25473,272.4878
2014-04-24,245.68669,246.32277,244.19427,248.45714,246.22313,243.22368
2014-04-25,284.8766,283.22675,278.42056,294.57245,289.77405,284.122
2014-04-26,280.4374,281.7226,279.83902,286.0688,284.46454,281.94736
2014-04-27,265.58267,266.20358,263.8355,268.7642,266.3835,263.1656
2014-04-28,313.05194,310.0805,303.6635,318.01706,311.67657,304.4362
2014-04-29,313.0406,313.61093,310.66046,317.00516,314.40158,310.79886
2014-04-30,232.03477,232.52043,230.39465,234.90839,232.80151,229.95685
2014-05-01,246.92715,247.08224,244.46576,249.41833,246.81142,243.42871
2014-05-02,263.9426,264.3981,261.8845,265.34253,262.74338,259.31195
2014-05-03,252.66093,253.85643,252.19331,255.59377,254.0537,251.68393
2014-05-04,288.5772,285.98746,280.21738,295.67673,289.8071,283.08508
2014-05-05,299.2169,301.55725,300.49185,304.53705,303.53717,301.52124
2014-05-06,272.04248,272.07132,269.04898,278.30655,275.63974,272.08945
2014-05-07,245.06287,247.15497,246.45389,247.17065,246.58308,245.16096
2014-05-08,235.55174,235.86873,233.5376,238.44742,236.0952,232.98433
2014-05-09,248.64061,248.9936,246.55107,251.59193,249.1054,245.81683
2014-05-10,263.8031,264.82156,262.86026,265.31485,263.28476,260.39114
2014-05-11,277.62146,277.42728,274.12506,278.40656,275.2928,271.29776
2014-05-12,320.44977,319.01407,314.0176,323.6929,318.82684,312.9679
2014-05-13,324.0679,323.8172,319.93982,328.28726,324.56653,319.80414
2014-05-14,310.66196,310.71967,307.2948,316.3656,312.99094,308.60507
2014-05-15,264.53696,265.68555,263.84518,267.15366,265.51578,262.98978
2014-05-16,242.21535,241.95992,238.99678,244.70607,241.75581,238.03018
2014-05-17,257.58948,257.50232,254.5322,261.72537,258.84763,255.13185
2014-05-18,284.3644,284.88806,282.21622,288.64694,286.05017,282.51224
2014-05-19,291.85196,292.21564,289.3043,295.96133,293.06784,289.21445
2014-05-20,298.40085,297.75378,293.78143,303.81744,299.91202,295.0455
2014-05-21,351.10883,349.73962,344.47223,358.956,353.7874,347.49707
2014-05-22,340.38205,340.7881,337.37817,345.91718,342.76053,338.4723
2014-05-23,291.23132,292.05914,289.6125,294.68646,292.27896,288.89893
2014-05-24,323.4884,323.00046,318.9075,328.18884,324.2118,319.18594
2014-05-25,348.42435,348.97256,345.6156,355.25323,352.12582,347.83032
2014-05-26,319.4466,319.4268,315.83932,321.98505,318.7536,314.47354
2014-05-27,302.6157,302.9602,299.9184,306.2051,303.16815,299.13242
2014-05-28,295.66507,295.70657,292.44736,292.3388,289.77405,286.24612
2014-05-29,268.50208,268.89377,266.28134,272.12576,269.5418,266.06625
2014-05-30,291.59515,291.71524,288.58096,295.63766,292.60626,288.61197
2014-05-31,316.4849,315.43405,310.8785,320.29657,315.8868,310.46393
2014-06-01,364.6497,363.61572,358.54153,371.4476,366.42484,360.22452
2014-06-02,371.26303,369.12286,362.895,381.27576,374.56604,366.68942
2014-06-03,337.12885,338.3868,335.86432,340.86493,338.5535,335.09888
2014-06-04,298.83002,299.45303,296.73743,299.9502,297.41245,293.8823
2014-06-05,300.9522,301.52008,298.72858,304.78613,302.0483,298.30646
2014-06-06,312.5423,312.9899,309.95358,317.6389,314.72794,310.77222
2014-06-07,337.59274,337.4824,333.62384,340.77048,337.13718,332.39694
2014-06-08,358.3061,357.56314,352.85773,362.1837,357.60815,351.8755
2014-06-09,358.99356,357.91736,352.88028,362.89456,358.3557,352.6566
2014-06-10,342.7923,339.22388,331.93094,347.6181,340.47165,332.28937
2014-06-11,371.89297,371.49515,366.98273,376.97726,372.65735,367.1222
2014-06-12,363.95892,364.1158,360.23615,369.6058,366.08777,361.35928
2014-06-13,333.39694,333.30518,329.52292,338.68604,335.04938,330.3151
2014-06-14,357.92664,357.57117,353.2614,363.71274,359.54382,354.2038
2014-06-15,363.89853,363.49457,359.07343,368.82037,364.68356,359.35736
2014-06-16,359.092,359.48557,355.89996,363.2595,359.98715,355.5225
2014-06-17,324.23563,325.1005,322.3633,326.24,323.59564,319.87317
2014-06-18,342.68887,343.86072,341.22202,346.94174,344.493,340.88876
2014-06-19,376.36823,375.15567,369.81473,382.17706,376.8733,370.36707
2014-06-20,357.314,357.3303,353.4041,364.90103,361.4543,356.81714
2014-06-21,332.58096,330.14758,324.09967,334.45285,328.82,322.16278
2014-06-22,356.53137,354.2631,348.11484,360.32214,354.29755,347.16898
2014-06-23,372.77487,373.534,370.17075,377.57153,374.5757,370.33575
2014-06-24,265.9896,266.8174,264.69928,268.84784,266.91025,264.0822
2014-06-25,315.3404,315.82144,312.82275,323.1507,320.39047,316.57236
2014-06-26,362.11426,362.08478,358.07416,369.74106,365.98224,361.02997
2014-06-27,349.0142,345.73135,338.68365,352.19034,344.98007,336.73032
2014-06-28,357.18762,356.31577,351.53946,361.35706,356.77908,351.06082
2014-06-29,379.64102,380.02795,376.239,386.16367,382.83258,378.24274
2014-06-30,366.14944,367.15216,364.1162,370.1051,367.85904,364.3828
2014-07-01,356.02026,354.92532,349.95,364.70435,360.48953,355.11652
2014-07-02,373.8053,372.57202,367.26855,380.44028,375.52686,369.42014
2014-07-03,368.61557,368.31134,363.97604,372.07993,368.6022,363.9237
2014-07-04,364.74707,363.34674,357.98337,369.32172,364.50867,358.5408
2014-07-05,326.23648,322.9442,316.1528,326.9547,320.9214,313.91345
2014-07-06,326.31656,325.19733,320.5336,326.35175,321.9559,316.54556
2014-07-07,316.0551,315.15662,310.823,319.181,314.5529,308.94238
2014-07-08,336.73956,333.0375,325.73584,343.1074,335.86145,327.6202
2014-07-09,370.05026,368.41373,362.7719,377.33548,371.9638,365.43097
2014-07-10,355.051,356.1783,353.4076,355.75336,353.18402,349.45605
2014-07-11,361.7303,359.81107,353.98752,365.15414,359.5929,352.92023
2014-07-12,375.63925,376.41037,373.0707,381.98795,378.9922,374.76175
2014-07-13,366.6889,368.7142,366.70203,373.79648,371.794,368.5608
2014-07-14,330.68436,330.48013,326.67963,335.18433,331.55853,326.87808
2014-07-15,379.39163,377.61044,371.73798,384.33438,378.51065,371.5226
2014-07-16,369.21704,370.44876,367.6388,369.99045,367.31955,363.45328
2014-07-17,385.8905,387.27136,384.42828,388.93958,386.59766,382.98895
2014-07-18,380.12436,381.11365,377.95212,385.8504,383.0873,379.0807
2014-07-19,364.0976,364.42947,360.80054,370.5925,367.10196,362.4404
2014-07-20,331.78723,331.34225,327.30542,335.88193,332.04114,327.1581
2014-07-21,352.3055,351.79388,347.47104,352.32547,348.30524,343.1933
2014-07-22,368.9973,368.8567,364.71817,376.3041,372.4051,367.3317
2014-07-23,348.60617,348.4229,344.46573,351.17142,347.41827,342.57394
2014-07-24,375.13446,375.4997,371.79434,376.952,373.7738,369.4045
2014-07-25,356.31308,355.50763,350.86157,361.18988,357.39822,352.48627
2014-07-26,358.13687,358.43454,354.85123,361.55185,358.12723,353.57364
2014-07-27,326.91272,328.6076,326.73248,329.54053,327.75458,324.90738
2014-07-28,340.80048,339.58096,334.70306,345.5921,340.8004,334.9722
2014-07-29,384.8924,384.69925,380.35223,392.05606,387.89386,382.5257
2014-07-30,381.64142,381.73373,377.70364,388.37823,384.56796,379.55728
2014-07-31,337.29108,338.3586,335.76477,339.76486,337.52628,334.21182
2014-08-01,315.6608,316.08383,313.0938,319.006,316.10944,312.22485
2014-08-02,351.05847,350.94702,347.05365,355.47034,351.6467,346.73944
2014-08-03,363.0149,362.88177,358.8404,367.4853,363.69278,358.7783
2014-08-04,358.60724,358.23398,354.00687,365.29477,361.25726,356.1136
2014-08-05,358.92657,358.1371,353.50082,365.7613,361.26413,355.67313
2014-08-06,374.58282,374.81253,371.0086,379.65268,376.08728,371.36148
2014-08-07,311.7176,312.88684,310.68176,314.51474,312.32996,309.1668
2014-08-08,336.45352,335.28427,330.52347,342.36313,337.42587,331.49005
2014-08-09,344.4878,343.84033,339.50653,348.7235,344.453,339.14886
2014-08-10,358.61636,357.53348,352.6233,365.73883,360.6715,354.53745
2014-08-11,355.78174,356.729,353.84143,359.59348,356.79468,352.89545
2014-08-12,363.38644,365.1294,362.94257,368.77618,366.8677,363.8097
2014-08-13,354.8809,354.55835,350.4399,360.4177,356.373,351.26154
2014-08-14,375.18307,375.109,371.01895,382.404,378.5129,373.48312
2014-08-15,384.43726,384.22446,379.90167,391.55127,387.3122,381.91666
2014-08-16,354.23184,355.2041,352.36877,354.54358,351.9562,348.29382
2014-08-17,307.40594,308.8136,306.90802,307.35104,305.6669,303.0398
2014-08-18,306.06964,306.0842,302.8287,311.17477,307.8903,303.69235
2014-08-19,318.10788,317.93768,314.37433,323.1013,319.51846,314.9941
2014-08-20,322.4732,322.83798,319.75488,327.04205,324.15594,320.3017
2014-08-21,334.79068,334.8589,331.35556,338.22345,334.75867,330.30737
2014-08-22,343.88446,343.35327,339.1671,346.6623,342.5545,337.4521
2014-08-23,361.68173,361.2359,356.94608,367.50198,363.1705,357.78735
2014-08-24,380.0428,380.53098,376.96445,385.9882,382.81335,378.50455
2014-08-25,378.77786,379.4575,376.09464,384.96194,381.64136,377.19696
2014-08-26,331.92194,333.08798,330.70325,335.52548,333.21866,329.9217
2014-08-27,333.47952,333.3927,329.764,337.5987,333.9947,329.42822
2014-08-28,360.30075,358.1479,352.20865,364.207,358.2588,351.32483
2014-08-29,361.61023,360.8263,356.2191,363.95773,359.66263,354.34674
2014-08-30,377.11325,376.7002,372.2949,381.0343,376.75113,371.39804
2014-08-31,374.59232,375.61453,372.6475,380.594,377.65536,373.62027
2014-09-01,338.0252,338.35312,335.09418,341.38544,338.2295,334.1058
2014-09-02,330.29483,330.44885,327.10324,334.2499,330.72592,326.26804
2014-09-03,351.8052,351.99866,348.46625,357.2326,353.81076,349.38647
2014-09-04,303.60782,305.17392,303.50162,306.05872,304.32874,301.71518
2014-09-05,286.9644,288.5701,287.1147,290.21436,288.7941,286.53418
2014-09-06,292.62424,293.07776,290.43268,296.7467,294.00082,290.42944
2014-09-07,331.4302,332.0767,329.21338,336.4284,333.5838,329.80078
2014-09-08,344.63013,345.10815,341.94223,348.78497,345.626,341.50284
2014-09-09,351.34232,351.25616,347.46732,355.10043,351.21582,346.36856
2014-09-10,353.4643,353.62137,350.05136,358.6605,354.81348,349.99637
2014-09-11,355.95334,355.34302,350.99463,359.75772,355.3367,349.9592
2014-09-12,368.53574,366.79395,361.20303,373.50073,367.77148,361.07898
2014-09-13,369.4851,371.46768,369.53024,374.12027,372.55093,369.92706
2014-09-14,367.6003,369.174,366.8568,370.61707,368.96478,366.27438
2014-09-15,366.3728,368.77225,367.2821,369.9251,368.91006,366.84894
2014-09-16,343.75375,345.79462,344.19183,348.33203,346.66614,344.03506
2014-09-17,324.87213,326.58792,324.86578,330.22723,328.5211,325.9066
2014-09-18,298.39716,297.89868,294.2781,303.61182,299.60062,294.8115
2014-09-19,326.12326,327.3188,325.07565,330.791,328.23392,324.7932
2014-09-20,340.03745,340.33575,337.0659,344.63943,341.2281,336.91626
2014-09-21,337.14655,338.2211,335.74716,340.89618,338.56165,335.31766
2014-09-22,359.38712,358.59988,354.06284,368.87604,363.923,358.0425
2014-09-23,365.9615,365.97073,362.15045,376.60547,372.56702,367.56372
2014-09-24,371.5927,371.37723,367.27866,380.23352,376.15665,371.1099
2014-09-25,366.60413,366.47357,362.51254,372.68323,368.6195,363.61063
2014-09-26,363.83194,361.67783,355.7552,369.86353,363.95224,357.14688
2014-09-27,349.77045,346.64468,339.91354,355.1966,348.44913,340.86935
2014-09-28,346.9099,346.5979,342.66864,351.42603,347.4816,342.65964
2014-09-29,357.64218,358.7882,356.18423,362.24716,359.45502,355.73557
2014-09-30,302.07214,305.1084,304.94754,307.05875,307.04877,306.2068
2014-10-01,285.94067,288.66782,288.37213,287.91882,287.54245,286.39688
2014-10-02,316.6657,316.1679,312.37613,321.69937,317.32724,312.1811
2014-10-03,347.3913,346.5887,342.1775,355.35135,350.7106,345.2146
2014-10-04,354.04245,353.89737,350.06577,360.64328,356.74945,351.97446
2014-10-05,334.59384,336.9624,335.81165,336.88785,335.866,333.97107
2014-10-06,293.82053,296.78552,296.6484,297.00558,296.85773,295.92798
2014-10-07,311.93008,317.58597,319.914,316.98666,319.33655,320.80463
2014-10-08,313.8877,317.51636,317.82684,319.86307,320.24817,319.78714
2014-10-09,290.78336,293.5681,293.28815,292.60324,292.14532,290.93274
2014-10-10,243.87616,244.51628,242.61049,247.16962,245.0439,242.31802
2014-10-11,269.75922,269.6759,266.78796,273.0263,269.84225,266.01443
2014-10-12,294.53537,295.87866,294.14053,298.97614,297.19962,294.68698
2014-10-13,263.60553,263.82806,261.30664,265.2849,262.507,259.1022
2014-10-14,298.76358,296.5489,291.25812,299.76666,294.08716,287.7519
2014-10-15,294.92853,291.57928,285.20914,291.73447,284.95923,277.5725
2014-10-16,280.0909,279.94592,276.8915,276.06027,273.31213,269.9161
2014-10-17,264.31323,264.86707,262.66635,266.02713,263.4152,260.1805
2014-10-18,313.5108,312.79153,308.82333,319.96274,315.47046,310.258
2014-10-19,269.33066,272.09845,272.03098,270.42242,270.16275,269.22842
2014-10-20,267.42822,267.9944,265.77383,269.57022,266.96503,263.73462
2014-10-21,286.76553,283.95416,278.1986,289.4834,283.233,276.3794
2014-10-22,263.62753,263.2102,260.0583,265.79727,262.1675,257.94562
2014-10-23,286.32104,288.03702,286.75522,289.28726,288.05463,286.12814
2014-10-24,240.15866,241.9796,241.28127,242.05075,241.07419,239.51794
2014-10-25,266.71628,266.4809,263.4758,269.59448,265.8889,261.58887
2014-10-26,291.11377,291.20398,288.26645,293.31363,290.146,286.31744
2014-10-27,303.24118,302.6554,298.92374,303.7695,300.19653,295.94662
2014-10-28,305.4181,301.49713,294.44794,309.82123,302.41962,294.39954
2014-10-29,274.22556,271.6359,266.22546,277.383,271.3232,264.7007
2014-10-30,270.8705,268.76935,263.87567,272.4689,266.81577,260.60596
2014-10-31,314.0109,315.01218,312.73404,318.29053,315.79248,312.57016
2014-11-01,280.4917,281.0308,278.64413,289.11865,286.4159,283.06506
2014-11-02,286.85123,288.71085,287.5622,288.23065,286.77902,284.6602
2014-11-03,249.45746,251.57605,251.07207,252.36517,251.4878,250.02051
2014-11-04,222.44768,224.40291,224.01828,223.30188,222.7712,221.71536
2014-11-05,258.8395,256.37177,251.2361,259.77026,254.4269,248.55984
2014-11-06,330.85956,330.44937,326.5958,335.63116,331.4898,326.6234
2014-11-07,276.93515,283.89233,287.88223,276.8658,280.89255,284.18814
2014-11-08,241.5349,240.79227,237.53935,245.25394,241.07861,236.39651
2014-11-09,250.77884,252.01764,250.6262,254.83939,253.1184,250.8249
2014-11-10,253.20537,253.55948,251.26721,255.65292,253.09523,249.97925
2014-11-11,271.65958,273.71906,272.91925,274.19296,273.14456,271.46835
2014-11-12,242.08568,243.16423,241.70241,249.62395,248.33487,246.48125
2014-11-13,235.6693,237.08147,236.01562,242.4846,241.19142,239.35161
2014-11-14,216.70834,218.60104,218.20761,218.83661,218.3109,217.28137
2014-11-15,276.9888,277.7657,275.6376,278.11322,275.7268,272.7316
2014-11-16,226.4056,227.91856,227.04645,227.18706,226.11227,224.52553
2014-11-17,258.21097,257.58145,254.25645,258.65176,254.93549,250.68126
2014-11-18,329.88718,328.5405,323.75452,333.8341,328.64108,322.7618
2014-11-19,336.44235,336.87842,333.78537,343.14252,340.24127,336.59274
2014-11-20,331.93826,333.26978,331.10806,336.6889,334.2032,330.97894
2014-11-21,339.1063,339.8391,337.00833,343.32214,340.22015,336.376
2014-11-22,327.42505,328.6859,326.49835,331.75348,329.11212,325.74826
2014-11-23,315.58154,314.5378,310.19296,318.48596,313.47772,307.81992
2014-11-24,273.77408,276.3449,276.01334,278.84805,277.68732,275.9022
2014-11-25,243.77264,245.92586,245.4949,247.07999,246.14784,244.66136
2014-11-26,267.63864,269.4157,268.36047,267.33362,266.10217,264.27545
2014-11-27,230.74321,233.5349,233.87013,229.48268,229.35167,228.69403
2014-11-28,263.38965,266.6259,267.05624,271.02527,271.36768,271.08008
2014-11-29,279.78696,279.9209,277.10754,286.89127,283.28766,279.08658
2014-11-30,274.31613,274.02856,270.85413,283.13794,279.88318,276.034
2014-12-01,232.99838,235.23752,234.99727,238.12372,237.71407,236.76448
2014-12-02,261.13486,261.60745,259.32098,266.42242,264.17947,261.36374
2014-12-03,217.26807,218.88527,218.19289,218.37895,217.24692,215.63348
2014-12-04,269.19678,269.2932,266.54633,271.00797,268.20282,264.82477
2014-12-05,208.26105,210.77174,211.05624,208.69887,208.49432,207.81499
2014-12-06,219.2128,222.48367,223.40352,220.42499,220.78954,220.64282
2014-12-07,290.7465,291.4122,288.99585,291.94412,289.0933,285.62314
2014-12-08,285.63718,286.65024,284.63004,290.8426,288.441,285.41507
2014-12-09,248.32521,248.01108,245.07059,253.97272,250.59927,246.7028
2014-12-10,223.58249,226.4902,226.99918,224.73476,225.02728,224.80058
2014-12-11,268.23285,267.75586,264.44,266.8565,262.98282,258.56546
2014-12-12,252.88138,253.91812,252.2617,248.62576,246.71266,244.26384
2014-12-13,246.36351,247.35648,245.72433,243.60323,241.70491,239.28212
2014-12-14,225.2737,226.74283,225.80446,220.59875,220.26956,219.44154
2014-12-15,205.20122,206.4296,205.4648,204.71826,203.3833,201.60312
2014-12-16,230.79018,228.87263,224.52048,230.66885,226.1142,221.11037
2014-12-17,264.58353,261.75278,256.13568,272.4947,266.56094,260.10602
2014-12-18,242.94032,244.32196,243.10329,245.8743,243.8563,241.31053
2014-12-19,276.20724,274.29187,269.4536,279.1997,274.27325,268.79272
2014-12-20,250.36899,250.54082,248.04234,247.51091,244.809,241.5871
2014-12-21,238.40141,238.27818,235.6137,237.08902,234.23561,230.88846
2014-12-22,292.48505,291.22998,286.86636,294.91068,290.28625,285.06598
2014-12-23,279.9966,280.20325,277.41815,283.96054,280.62518,276.69656
2014-12-24,251.7761,251.51826,248.5731,255.61986,252.58917,249.02472
2014-12-25,273.93445,273.769,270.67685,273.60052,270.4061,266.63916
2014-12-26,252.47809,254.49478,253.7906,259.15582,257.97482,256.21942
2014-12-27,213.70772,214.9192,213.83128,219.09123,217.49443,215.42201
2014-12-28,211.01973,212.77386,212.2506,218.7802,217.66504,216.06636
2014-12-29,232.14377,233.00804,231.37622,236.17929,233.68483,230.69032
2014-12-30,236.2756,236.23293,233.65758,240.14742,236.80838,232.97441
2014-12-31,219.7239,222.51547,222.92194,226.00648,226.28838,226.04483
