date,VOD_mean
1987-07-09,
1987-07-10,
1987-07-11,
1987-07-12,0.750412158311202
1987-07-13,
1987-07-14,
1987-07-15,
1987-07-16,0.720046113098101
1987-07-17,0.7412269718144412
1987-07-18,
1987-07-19,
1987-07-20,0.7678739105514159
1987-07-21,
1987-07-22,0.7560573321416403
1987-07-23,
1987-07-24,0.789094172780015
1987-07-25,0.7815783073657271
1987-07-26,
1987-07-27,
1987-07-28,0.768307055634264
1987-07-29,0.7930225975832036
1987-07-30,
1987-07-31,
1987-08-01,0.7541774403486629
1987-08-02,
1987-08-03,
1987-08-04,
1987-08-05,0.8204979647882342
1987-08-06,0.7692138771361805
1987-08-07,
1987-08-08,
1987-08-09,
1987-08-10,0.7434140487204368
1987-08-11,
1987-08-12,
1987-08-13,
1987-08-14,0.7734711753439353
1987-08-15,0.7212014038238445
1987-08-16,0.7341818582459563
1987-08-17,
1987-08-18,0.7281457188628606
1987-08-19,0.7353890239919434
1987-08-20,
1987-08-21,
1987-08-22,0.7593202157737013
1987-08-23,0.7022298142582145
1987-08-24,0.7032417420293829
1987-08-27,
1987-08-28,
1987-08-29,
1987-08-30,0.7029489864433802
1987-08-31,0.7051993544373251
1987-09-01,0.6871561106627462
1987-09-02,0.7048264650863626
1987-09-03,0.7125107807551616
1987-09-04,
1987-09-05,
1987-09-06,
1987-09-07,
1987-09-08,0.8075279926036081
1987-09-09,0.747962614919249
1987-09-10,
1987-09-11,0.6687781242466425
1987-09-12,
1987-09-13,0.6812930443008535
1987-09-14,
1987-09-15,
1987-09-16,0.7662817265695725
1987-09-17,0.8012861145168904
1987-09-18,0.7859146844762805
1987-09-19,0.8039481406428994
1987-09-20,0.7491402848827533
1987-09-21,0.7267267647595634
1987-09-22,
1987-09-23,
1987-09-24,
1987-09-25,0.7473168685335884
1987-09-26,0.7297833977440382
1987-09-27,0.6989663501515425
1987-09-28,0.7566963855086274
1987-09-29,0.7515473474308708
1987-09-30,
1987-10-01,
1987-10-02,0.7699664351778036
1987-10-03,0.7203533766092668
1987-10-04,0.6863329532751644
1987-10-05,0.7459168239926149
1987-10-08,
1987-10-09,
1987-10-10,0.7870748770371716
1987-10-11,0.7409398634567554
1987-10-12,0.6153344232515895
1987-10-13,0.7107284820465973
1987-10-14,
1987-10-15,0.6799669239429263
1987-10-16,0.6323483583750695
1987-10-17,
1987-10-18,
1987-10-19,0.70948986678007
1987-10-20,0.7314692421170113
1987-10-21,0.7017260785332906
1987-10-22,
1987-10-23,
1987-10-24,0.7132604070350187
1987-10-25,
1987-10-26,
1987-10-27,0.6819991248562091
1987-10-28,0.7035697340056776
1987-10-29,0.6608755356320457
1987-10-30,0.6726468033031965
1987-10-31,0.6979248576784739
1987-11-01,0.6797199748837766
1987-11-02,
1987-11-03,
1987-11-04,0.7028564186928227
1987-11-05,0.7539642268480296
1987-11-06,
1987-11-07,
1987-11-08,0.6849555737217901
1987-11-09,0.6909050862484165
1987-11-10,
1987-11-11,
1987-11-12,
1987-11-13,
1987-11-14,0.6733747856289131
1987-11-15,
1987-11-16,0.6864210498774691
1987-11-17,0.7023280905104662
1987-11-18,0.6150251395330818
1987-11-19,
1987-11-20,
1987-11-21,
1987-11-22,
1987-11-23,
1987-11-24,0.6839657970119893
1987-11-25,0.749558263646448
1987-11-26,
1987-11-27,
1987-11-28,
1987-11-29,0.7296310796664748
1987-11-30,
1988-01-13,
1988-01-14,
1988-01-15,
1988-01-16,
1988-01-17,0.573770518230525
1988-01-18,
1988-01-19,0.5929937049173638
1988-01-20,
1988-01-21,0.6045578705374296
1988-01-22,
1988-01-23,
1988-01-24,
1988-01-25,
1988-01-26,
1988-01-27,
1988-01-28,
1988-01-29,
1988-01-30,
1988-01-31,0.6372646541320393
1988-02-01,
1988-02-02,
1988-02-03,
1988-02-04,
1988-02-05,
1988-02-06,
1988-02-07,
1988-02-08,
1988-02-09,
1988-02-10,
1988-02-11,
1988-02-12,
1988-02-13,
1988-02-14,
1988-02-15,
1988-02-16,
1988-02-17,
1988-02-18,
1988-02-19,
1988-02-20,
1988-02-21,
1988-02-22,
1988-02-23,
1988-02-24,
1988-02-25,
1988-02-26,
1988-02-27,
1988-02-28,
1988-02-29,
1988-03-01,
1988-03-02,
1988-03-03,
1988-03-04,
1988-03-05,
1988-03-06,
1988-03-07,
1988-03-08,
1988-03-09,0.6495819498328732
1988-03-10,
1988-03-11,
1988-03-12,
1988-03-13,
1988-03-14,
1988-03-15,
1988-03-16,
1988-03-17,
1988-03-18,
1988-03-19,
1988-03-20,
1988-03-21,
1988-03-22,
1988-03-23,
1988-03-24,0.6924522227928339
1988-03-25,0.6579660148981301
1988-03-26,
1988-03-27,0.6406211580618993
1988-03-28,
1988-03-29,
1988-03-30,
1988-03-31,
1988-04-01,0.6980135882907773
1988-04-02,0.6766943270087514
1988-04-03,0.700508175015692
1988-04-04,0.6348266624789848
1988-04-05,0.6250567906341182
1988-04-06,0.6557013384188339
1988-04-07,
1988-04-08,
1988-04-09,0.6395243468016772
1988-04-10,
1988-04-11,
1988-04-12,0.8611621621621622
1988-04-13,0.7019905040209534
1988-04-14,
1988-04-15,
1988-04-16,
1988-04-17,0.5770712074303405
1988-04-18,0.7314723767494739
1988-04-19,
1988-04-20,
1988-04-21,0.684226368098606
1988-04-22,0.5957407407407407
1988-04-23,
1988-04-24,
1988-04-25,0.7173681008748828
1988-04-26,0.6922838103274442
1988-04-27,0.7460781243465315
1988-04-28,0.6813117780642597
1988-04-29,0.6817721226205734
1988-04-30,0.6591965466639697
1988-05-01,
1988-05-02,
1988-05-03,0.7988004049653805
1988-05-04,0.7068501714878667
1988-05-05,0.7152344278848551
1988-05-10,
1988-05-11,
1988-05-12,0.7099160920589448
1988-05-13,0.7370466993296602
1988-05-14,0.7043107455023093
1988-05-15,
1988-05-16,0.697840577737193
1988-05-17,
1988-05-18,
1988-05-19,
1988-05-20,0.71037743843477
1988-05-21,0.7149468870852715
1988-05-22,0.7188801851362321
1988-05-23,0.6676235724024348
1988-05-24,0.7401720604085644
1988-05-25,0.722604518915741
1988-05-26,
1988-05-27,
1988-05-28,0.7245399474097065
1988-05-29,
1988-05-30,0.7596874196199946
1988-05-31,0.7605538103623832
1988-06-01,0.70943866451726
1988-06-02,0.6841704339778754
1988-06-03,
1988-06-04,
1988-06-05,0.7638044117794617
1988-06-06,0.7073715918975085
1988-06-07,0.7782412209397672
1988-06-08,0.708065726539203
1988-06-09,0.7017854433347357
1988-06-10,0.7358890319512102
1988-06-11,
1988-06-12,
1988-06-13,0.7348262303234553
1988-06-14,0.7199943005332392
1988-06-15,0.7569677013570277
1988-06-16,0.7406591744405409
1988-06-17,
1988-06-18,0.7338558507420974
1988-06-19,0.5993984813741139
1988-06-20,
1988-06-21,
1988-06-22,0.8071326411481281
1988-06-23,0.7412929090733105
1988-06-24,0.708779489075857
1988-06-25,0.7614968590134716
1988-06-26,0.7642699701122214
1988-06-27,0.7183146238002552
1988-06-28,
1988-06-29,
1988-06-30,0.7606741242329351
1988-07-01,0.7465194109184581
1988-07-02,0.7279600217419895
1988-07-03,0.7743146067945693
1988-07-04,0.7365552186239239
1988-07-05,0.752524542478994
1988-07-06,
1988-07-07,
1988-07-08,0.782456867406125
1988-07-09,0.7655252627773257
1988-07-10,0.7421027814146953
1988-07-11,0.6968849887465557
1988-07-12,0.7015980090832249
1988-07-13,0.7446493683723606
1988-07-14,
1988-07-15,
1988-07-16,0.7809309258643016
1988-07-17,0.779977456824351
1988-07-18,0.7168415255781808
1988-07-19,0.7843483339516729
1988-07-20,0.7148982128007899
1988-07-21,0.6495363383222872
1988-07-22,
1988-07-23,
1988-07-24,0.8211390245549853
1988-07-25,0.774834441725519
1988-07-26,0.751140659757343
1988-07-27,0.7442026560770458
1988-07-28,0.7114385954775889
1988-07-29,0.7414211926421345
1988-07-30,0.7360253151191742
1988-07-31,
1988-08-01,
1988-08-02,0.7560537755974943
1988-08-03,
1988-08-04,0.7260363695160034
1988-08-05,0.7720841175469776
1988-08-06,0.7650623761478916
1988-08-07,0.7086956368974971
1988-08-08,
1988-08-09,
1988-08-10,0.7824619946188301
1988-08-11,0.7493111692680412
1988-08-12,0.7377551146910404
1988-08-13,0.731969444862593
1988-08-14,0.7907605545913043
1988-08-15,0.7484115906849704
1988-08-16,
1988-08-17,
1988-08-18,0.7720824673804776
1988-08-19,0.7499356963764701
1988-08-20,0.7486887889687427
1988-08-21,0.7705679738889326
1988-08-22,0.7001535004685457
1988-08-23,
1988-08-24,
1988-08-25,
1988-08-26,0.7804362835852783
1988-08-27,0.7735632372396268
1988-08-28,
1988-08-29,0.6813888681560021
1988-08-30,0.7124167036073016
1988-08-31,0.7171642637739144
1988-09-01,
1988-09-02,
1988-09-03,
1988-09-04,0.8098244376067016
1988-09-05,
1988-09-06,0.7576283530620723
1988-09-07,
1988-09-08,0.7206720902462663
1988-09-09,0.6967352096520313
1988-09-10,
1988-09-11,
1988-09-12,
1988-09-13,
1988-09-14,
1988-09-15,0.7447257194758926
1988-09-16,0.7475977556638267
1988-09-17,0.7712689014747284
1988-09-18,
1988-09-19,
1988-09-20,0.7617348810969194
1988-09-21,0.7664600441376177
1988-09-22,0.7536646940348728
1988-09-24,0.7302920395975614
1988-09-25,0.7364537987753211
1988-09-26,
1988-09-27,
1988-09-28,0.7824269828426256
1988-09-29,0.7310800799509435
1988-09-30,
1988-10-01,0.7629252957409901
1988-10-02,
1988-10-03,0.7244796195174468
1988-10-04,
1988-10-05,
1988-10-06,0.7433503665189687
1988-10-07,0.6369025325521985
1988-10-08,0.755243125719608
1988-10-09,0.6159011013051577
1988-10-10,0.7045386773835327
1988-10-11,0.7251629388658214
1988-10-12,
1988-10-13,
1988-10-14,0.6538666666666667
1988-10-15,0.7454767191004645
1988-10-16,0.7534642889168738
1988-10-17,
1988-10-18,
1988-10-19,0.7093908170101826
1988-10-20,0.6005555555555555
1988-10-21,
1988-10-22,
1988-10-23,0.7029365074054772
1988-10-24,0.6855596323245347
1988-10-25,0.699008561401908
1988-10-26,0.7118736136186549
1988-10-27,
1988-10-28,0.7253924545434532
1988-10-29,
1988-10-30,
1988-10-31,
1988-11-01,
1988-11-02,0.6944406371739557
1988-11-03,0.6848892764396336
1988-11-04,0.7239680840413055
1988-11-05,0.7135342690960865
1988-11-06,
1988-11-07,
1988-11-08,0.6867015133018382
1988-11-09,0.6541744046176827
1988-11-10,
1988-11-11,
1988-11-12,0.5778623253294488
1988-11-13,0.586986464870477
1988-11-14,
1988-11-15,
1988-11-16,
1988-11-17,0.7438807814783902
1988-11-18,0.6538303211047121
1988-11-19,
1988-11-20,0.7548887250331051
1988-11-21,0.6684161830029525
1988-11-22,
1988-11-23,
1988-11-24,
1988-11-25,
1988-11-26,0.7085185643790172
1988-11-27,0.6977997626833914
1988-11-28,0.6653541390860517
1988-11-29,0.6746705576645768
1988-11-30,
1988-12-01,
1988-12-02,
1988-12-03,
1988-12-04,
1988-12-05,
1988-12-06,
1988-12-07,0.6202911414794996
1988-12-08,
1988-12-09,
1988-12-10,
1988-12-11,
1988-12-12,
1988-12-13,
1988-12-14,
1988-12-15,
1988-12-16,
1988-12-17,
1988-12-18,
1988-12-19,
1988-12-20,
1988-12-21,0.6833321867115273
1988-12-22,
1988-12-23,
1988-12-24,
1988-12-30,
1988-12-31,
1989-01-01,
1989-01-02,
1989-01-03,
1989-01-04,
1989-01-05,
1989-01-06,
1989-01-07,
1989-01-08,
1989-01-09,
1989-01-10,
1989-01-11,
1989-01-12,
1989-01-13,
1989-01-15,
1989-01-16,
1989-01-17,
1989-01-18,
1989-01-19,
1989-01-20,
1989-01-21,
1989-01-22,
1989-01-23,
1989-01-24,
1989-01-25,
1989-01-26,
1989-01-27,
1989-01-28,
1989-01-29,0.6741714632903932
1989-01-30,0.6665835838722027
1989-01-31,0.6513286991729511
1989-02-01,0.650609687290563
1989-02-02,
1989-02-03,
1989-02-04,
1989-02-05,
1989-02-06,
1989-02-07,
1989-02-08,
1989-02-09,
1989-02-10,
1989-02-11,
1989-02-12,
1989-02-13,
1989-02-14,
1989-02-15,
1989-02-16,
1989-02-17,
1989-02-18,
1989-02-19,
1989-02-20,
1989-02-21,
1989-02-22,
1989-02-23,
1989-02-24,
1989-02-25,
1989-02-26,
1989-02-27,
1989-02-28,
1989-03-01,
1989-03-02,
1989-03-03,
1989-03-04,
1989-03-05,
1989-03-06,
1989-03-07,
1989-03-08,
1989-03-09,
1989-03-10,
1989-03-11,
1989-03-12,
1989-03-13,
1989-03-14,
1989-03-15,0.483763877570977
1989-03-16,
1989-03-17,
1989-03-18,
1989-03-19,
1989-03-20,
1989-03-21,
1989-03-22,
1989-03-23,
1989-03-24,
1989-03-25,
1989-03-26,0.6392463985955328
1989-03-27,0.6990104359927908
1989-03-28,0.6911156550312526
1989-03-29,0.6500312136758579
1989-03-30,0.8204662420390642
1989-03-31,
1989-04-01,
1989-04-02,
1989-04-03,0.614870202354607
1989-04-04,0.6917827273132657
1989-04-05,0.6028307574850943
1989-04-06,0.633358160643778
1989-04-07,0.6105250002987003
1989-04-08,
1989-04-09,
1989-04-10,
1989-04-11,
1989-04-12,
1989-04-13,0.674933454663918
1989-04-14,
1989-04-15,0.6701004102099496
1989-04-16,
1989-04-17,
1989-04-18,0.7373982317604373
1989-04-19,
1989-04-20,0.6576994962217745
1989-04-21,0.7112177994525648
1989-04-22,0.6881710294264711
1989-04-23,
1989-04-24,
1989-04-25,
1989-04-26,0.7458230613186995
1989-04-27,0.7378101647217474
1989-04-28,0.7370323367087341
1989-04-29,0.7759901888317454
1989-04-30,0.6853440549523461
1989-05-01,0.755548261567721
1989-05-02,
1989-05-03,
1989-05-04,0.7540059334357666
1989-05-05,0.7217586511482451
1989-05-06,0.6939037719950641
1989-05-07,0.7115208023809826
1989-05-08,0.5244483805836492
1989-05-09,0.6119077443320219
1989-05-10,
1989-05-11,
1989-05-12,0.690367325341845
1989-05-13,0.6820569625303033
1989-05-14,0.6822237392547148
1989-05-15,
1989-05-16,0.6563891825279791
1989-05-17,0.664143738377033
1989-05-18,
1989-05-19,
1989-05-20,0.7330242287803946
1989-05-21,0.7370667347663064
1989-05-22,0.6828922548694842
1989-05-23,0.6748346484985189
1989-05-24,0.7496297609187278
1989-05-25,0.7093495155189333
1989-05-26,
1989-05-27,
1989-05-28,0.7398168940867487
1989-05-29,0.7040896082484074
1989-05-30,0.8367593984962407
1989-05-31,0.7447431799231689
1989-06-01,0.7241655991123837
1989-06-02,
1989-06-03,
1989-06-04,
1989-06-05,0.705667877580251
1989-06-06,
1989-06-09,0.716061266187597
1989-06-10,0.6899070633307338
1989-06-11,
1989-06-12,
1989-06-13,
1989-06-14,0.698683652063604
1989-06-15,0.7502039833179788
1989-06-16,
1989-06-17,
1989-06-18,0.6921427050532513
1989-06-19,
1989-06-20,
1989-06-21,
1989-06-22,0.6991740118006278
1989-06-23,
1989-06-24,0.7518365805563476
1989-06-25,
1989-06-26,
1989-06-27,
1989-06-28,
1989-06-29,0.732269636090269
1989-06-30,0.766666468380778
1989-07-01,0.7644937028190593
1989-07-02,0.7603362362361058
1989-07-03,0.7162177411352442
1989-07-04,0.7509340807445222
1989-07-05,
1989-07-06,
1989-07-07,0.7579473694413676
1989-07-08,0.7541074379358814
1989-07-09,0.7696791209166297
1989-07-10,0.7898109201317951
1989-07-11,0.72086174127334
1989-07-12,0.6965502006436506
1989-07-13,
1989-07-14,
1989-07-15,0.7495070805004488
1989-07-16,0.773427818568137
1989-07-17,0.7741841843338205
1989-07-18,0.7613387721912452
1989-07-19,0.7609110874823416
1989-07-21,
1989-07-22,
1989-07-25,
1989-07-26,0.7783760173234774
1989-07-27,
1989-07-28,
1989-07-29,
1989-07-30,0.8125677465294188
1989-07-31,0.7704425301516571
1989-08-01,0.7822072378567784
1989-08-02,0.7816338710013016
1989-08-03,0.7425720596058017
1989-08-04,0.7614487582999948
1989-08-05,
1989-08-06,
1989-08-07,0.815015386373835
1989-08-08,0.7466505356068408
1989-08-09,0.7794927311148706
1989-08-10,0.9207861551219878
1989-08-11,0.7635089029343918
1989-08-12,0.76447233102418
1989-08-13,
1989-08-14,
1989-08-15,0.7661950716722624
1989-08-16,0.7658339274097751
1989-08-17,0.7833323417650175
1989-08-18,
1989-08-19,0.7654348660003001
1989-08-20,0.7891452835284386
1989-08-21,
1989-08-22,
1989-08-23,0.7949840438863419
1989-08-24,0.7483770253705864
1989-08-25,0.7146059153285036
1989-08-26,0.7219026594465661
1989-08-27,0.7858729099408521
1989-08-28,0.7274927319965211
1989-08-29,
1989-08-30,
1989-08-31,0.8024449168036776
1989-09-01,0.7772627921267031
1989-09-02,0.7814912735804573
1989-09-03,0.768540835578904
1989-09-04,0.7373073518139713
1989-09-05,0.7482244377611372
1989-09-06,
1989-09-07,
1989-09-08,0.8374113390675492
1989-09-09,0.7862221183620569
1989-09-10,0.7764621516104661
1989-09-11,0.7323739727180285
1989-09-12,0.7584425790353846
1989-09-13,
1989-09-14,
1989-09-15,
1989-09-16,0.7955596942399945
1989-09-17,0.7844735816761016
1989-09-18,0.7153067965349595
1989-09-19,0.7253844782720781
1989-09-20,0.7865485811655619
1989-09-21,
1989-09-22,
1989-09-23,0.872849904996273
1989-09-24,0.7522766129585959
1989-09-25,0.7709638872057112
1989-09-26,0.6857807071335768
1989-09-27,0.7402931288274529
1989-09-28,0.6060376281302711
1989-09-29,
1989-09-30,
1989-10-01,0.7236865908832375
1989-10-02,0.8198291183984288
1989-10-03,0.7739150829832868
1989-10-04,0.7500218401701317
1989-10-05,0.7804522898870745
1989-10-06,0.7346700706034672
1989-10-07,
1989-10-08,
1989-10-09,0.7436748235129165
1989-10-10,
1989-10-11,0.7592341801760639
1989-10-12,0.7296922495516586
1989-10-13,0.7179109009528849
1989-10-14,0.7429551850091867
1989-10-15,
1989-10-16,
1989-10-17,0.8057853828024931
1989-10-18,0.7819673509784794
1989-10-19,0.7574115231049983
1989-10-20,
1989-10-21,0.7019200208552973
1989-10-22,
1989-10-24,
1989-10-25,
1989-10-26,
1989-10-27,
1989-10-28,0.7231096112954497
1989-10-29,0.6756579254626986
1989-10-30,
1989-10-31,
1989-11-01,0.7090366909462027
1989-11-02,0.6967083930021174
1989-11-03,0.7282615074768872
1989-11-04,
1989-11-05,
1989-11-06,0.7206928894802357
1989-11-07,
1989-11-08,
1989-11-09,
1989-11-10,0.712303891859336
1989-11-11,0.6508621954875734
1989-11-12,0.6734786898530398
1989-11-13,
1989-11-14,0.7000027937957302
1989-11-15,
1989-11-16,
1989-11-17,
1989-11-18,
1989-11-19,
1989-11-20,
1989-11-21,
1989-11-22,
1989-11-23,
1989-11-24,
1989-11-25,
1989-11-26,0.6329655172413793
1989-11-27,
1989-11-28,0.6912300175891931
1989-11-29,
1989-11-30,
1989-12-01,
1989-12-02,
1989-12-03,
1989-12-04,
1989-12-05,
1989-12-06,
1989-12-07,
1989-12-08,
1989-12-09,
1989-12-10,
1989-12-11,
1989-12-12,
1989-12-13,
1989-12-14,
1989-12-15,
1989-12-16,
1989-12-17,
1989-12-18,
1989-12-19,
1989-12-20,
1989-12-21,
1989-12-22,
1989-12-23,
1989-12-24,
1989-12-25,
1989-12-26,
1989-12-27,
1989-12-28,
1989-12-29,
1989-12-30,
1989-12-31,
1990-01-01,
1990-01-02,
1990-01-03,
1990-01-04,0.4774683416740015
1990-01-05,
1990-01-06,
1990-01-07,
1990-01-08,
1990-01-09,
1990-01-10,
1990-01-11,
1990-01-12,
1990-01-13,
1990-01-14,
1990-01-15,
1990-01-16,
1990-01-17,
1990-01-18,0.6455667141172523
1990-01-19,
1990-01-20,
1990-01-21,
1990-01-22,
1990-01-23,
1990-01-24,
1990-01-25,
1990-01-26,0.6695723064560405
1990-01-27,
1990-01-28,0.6332760215015343
1990-01-29,
1990-01-30,
1990-01-31,
1990-02-01,
1990-02-02,0.6463050039949602
1990-02-03,
1990-02-04,
1990-02-05,
1990-02-06,
1990-02-07,
1990-02-08,
1990-02-09,
1990-02-10,0.5952068786970529
1990-02-11,
1990-02-12,
1990-02-13,
1990-02-14,0.6558490630093177
1990-02-15,
1990-02-16,
1990-02-17,
1990-02-18,
1990-02-19,
1990-02-20,
1990-02-21,
1990-02-22,0.6475790197403267
1990-02-23,
1990-02-24,
1990-02-25,
1990-02-26,
1990-02-27,
1990-02-28,
1990-03-01,
1990-03-02,
1990-03-03,
1990-03-04,
1990-03-05,
1990-03-06,
1990-03-07,
1990-03-08,
1990-03-09,
1990-03-10,
1990-03-11,
1990-03-12,0.691212455208878
1990-03-13,0.6904212474944957
1990-03-14,0.7325914228917179
1990-03-15,0.7006106308814832
1990-03-16,0.68672370709965
1990-03-17,0.7653791332457403
1990-03-18,
1990-03-19,
1990-03-20,
1990-03-21,
1990-03-22,0.6032242072132062
1990-03-23,0.6717776011937686
1990-03-24,
1990-03-25,
1990-03-26,
1990-03-27,
1990-03-28,
1990-03-29,
1990-03-30,
1990-03-31,0.6641701776543336
1990-04-01,0.6402708209884449
1990-04-02,
1990-04-03,
1990-04-04,0.6017230087395197
1990-04-05,
1990-04-06,0.5411364985163205
1990-04-07,
1990-04-08,
1990-04-09,
1990-04-10,
1990-04-11,0.5790384615384616
1990-04-12,
1990-04-13,
1990-04-14,
1990-04-15,0.6430601128550575
1990-04-16,0.6542725493029345
1990-04-17,
1990-04-18,
1990-04-19,0.6937031956359468
1990-04-20,0.7134725556373502
1990-04-21,0.6483956173867665
1990-04-22,0.6832054274180668
1990-04-23,0.6774443489750654
1990-04-24,0.6653101012932138
1990-04-25,
1990-04-26,
1990-04-27,0.7160578142665259
1990-04-28,
1990-04-29,0.7132652243822748
1990-04-30,0.7182750404809118
1990-05-01,0.754809800359472
1990-05-02,
1990-05-03,
1990-05-04,0.7540904097428411
1990-05-05,0.6855174576343015
1990-05-06,0.7076541681861519
1990-05-07,0.6806651157423355
1990-05-08,0.67706027929688
1990-05-09,0.703913911807162
1990-05-10,
1990-05-11,
1990-05-12,0.697011077479694
1990-05-13,0.7539136540214948
1990-05-14,0.7006027434118788
1990-05-15,0.6919627989291541
1990-05-16,0.7360734667008763
1990-05-17,
1990-05-18,
1990-05-19,0.6993317042006093
1990-05-20,0.6989306803412105
1990-05-21,0.7173388159049991
1990-05-22,0.6262433198215499
1990-05-23,0.6734234493806895
1990-05-24,0.7070618637495397
1990-05-25,
1990-05-26,
1990-05-27,0.7168613700425848
1990-05-28,0.739317614502564
1990-05-29,0.7313972765000789
1990-05-30,0.68006522727299
1990-05-31,0.700153778595511
1990-06-01,
1990-06-02,
1990-06-03,0.769295084465989
1990-06-04,0.7288271686839443
1990-06-05,0.7314811778920669
1990-06-06,0.7374342248957461
1990-06-07,0.7205665188925677
1990-06-08,0.730592994631496
1990-06-09,
1990-06-10,
1990-06-11,0.7390091135450617
1990-06-12,0.7571902772917111
1990-06-13,
1990-06-14,0.725187628096853
1990-06-15,0.7157868256902484
1990-06-16,0.6557263513513514
1990-06-17,
1990-06-18,
1990-06-19,0.7573606558339665
1990-06-20,0.7236637083987086
1990-06-21,0.804095521135899
1990-06-22,0.7400671115263329
1990-06-23,0.7144225858705214
1990-06-24,
1990-06-25,
1990-06-26,0.7373381653147988
1990-06-27,0.776499737860218
1990-06-28,0.7327051265026678
1990-06-29,0.7689863437578054
1990-06-30,0.7523068058833365
1990-07-01,0.691672071250087
1990-07-02,
1990-07-03,
1990-07-04,0.7775241929173753
1990-07-05,0.712870827219708
1990-07-06,0.7477742277641908
1990-07-07,0.6726293217117714
1990-07-08,0.7394236756302567
1990-07-09,
1990-07-10,
1990-07-11,0.7234162766679909
1990-07-12,0.7790215098830866
1990-07-13,0.6790890315927341
1990-07-14,
1990-07-15,0.7538213947998116
1990-07-16,
1990-07-17,
1990-07-18,
1990-07-19,0.6935981349888833
1990-07-20,0.7174431204199896
1990-07-21,0.7888510372657959
1990-07-22,
1990-07-23,0.7508954269095452
1990-07-24,
1990-07-25,
1990-07-26,0.7668748186952332
1990-07-27,0.7185882139578162
1990-07-28,0.7343877798717727
1990-07-29,0.7381977915843483
1990-07-30,0.7423493974030455
1990-07-31,0.8192721098345523
1990-08-01,
1990-08-02,
1990-08-03,0.7163335578995044
1990-08-04,
1990-08-05,0.7914824265367589
1990-08-06,0.7515825257133667
1990-08-07,0.7788164083073943
1990-08-08,
1990-08-09,
1990-08-10,0.7843269800404921
1990-08-11,0.7912393557378431
1990-08-12,0.7971543818636548
1990-08-14,
1990-08-15,0.759037228358846
1990-08-16,
1990-08-17,
1990-08-18,0.8076166983476292
1990-08-19,0.771731648284171
1990-08-20,0.8022289775194074
1990-08-21,0.729022357231921
1990-08-22,0.7798439282881278
1990-08-23,
1990-08-24,
1990-08-27,
1990-08-28,0.7693028222050843
1990-08-29,
1990-08-30,
1990-08-31,
1990-09-01,
1990-09-02,0.8322362102615415
1990-09-03,0.7681763227270796
1990-09-04,0.778064300712991
1990-09-05,
1990-09-06,0.7530770326535792
1990-09-07,
1990-09-08,
1990-09-09,0.7973299470234637
1990-09-10,0.8049819336344503
1990-09-11,0.7927320434517643
1990-09-12,
1990-09-13,0.7552044646087668
1990-09-14,0.7627128475097693
1990-09-15,
1990-09-16,
1990-09-17,0.7642160462120108
1990-09-18,0.6893179106324024
1990-09-19,0.7474457679540437
1990-09-20,
1990-09-21,0.7419852664046728
1990-09-22,
1990-09-23,
1990-09-24,0.7608089156919997
1990-09-25,0.7599107639814373
1990-09-26,0.7412486590321778
1990-09-27,0.7793098460580518
1990-09-28,0.731732150733445
1990-09-29,0.7480493719373306
1990-09-30,
1990-10-01,
1990-10-02,0.7244174274269911
1990-10-03,0.7474918795984926
1990-10-04,0.7959101505152693
1990-10-05,0.6848805011346906
1990-10-06,0.7225526724891068
1990-10-07,
1990-10-08,
1990-10-09,0.7514246443192596
1990-10-10,0.7004177712967695
1990-10-11,
1990-10-12,0.7195964602831617
1990-10-13,0.6594476649262665
1990-10-14,0.7038498879031463
1990-10-15,
1990-10-16,
1990-10-17,
1990-10-18,
1990-10-19,
1990-10-20,0.6593158673123626
1990-10-23,
1990-10-24,0.7083919545650408
1990-10-29,
1990-10-30,
1990-10-31,0.8776721311475411
1990-11-01,
1990-11-02,
1990-11-03,
1990-11-04,
1990-11-05,
1990-11-06,
1990-11-07,
1990-11-08,0.6699764866143388
1990-11-09,
1990-11-10,
1990-11-11,
1990-11-12,
1990-11-13,
1990-11-14,
1990-11-15,
1990-11-16,0.684693363339851
1990-11-17,0.5819235898681322
1990-11-18,
1990-11-19,
1990-11-20,
1990-11-21,
1990-11-22,
1990-11-23,0.6392850770163844
1990-11-24,0.6802474069238545
1990-11-25,
1990-11-26,
1990-11-27,0.7464564665229194
1990-11-28,
1990-11-29,
1990-11-30,
1990-12-01,
1990-12-02,
1990-12-03,
1990-12-04,
1990-12-05,
1990-12-06,
1990-12-07,
1990-12-08,
1990-12-09,
1990-12-10,0.6465645479767053
1990-12-11,
1990-12-12,
1990-12-13,
1990-12-14,
1990-12-15,
1990-12-16,
1990-12-17,
1990-12-18,
1990-12-19,
1990-12-20,
1990-12-21,
1990-12-27,
1990-12-28,
1990-12-29,
1990-12-30,
1990-12-31,
1991-01-01,
1991-01-02,
1991-01-03,
1991-01-04,
1991-01-05,
1991-01-06,
1991-01-07,
1991-01-08,
1991-01-09,
1991-01-10,
1991-01-11,
1991-01-12,
1991-01-13,
1991-01-14,
1991-01-15,
1991-01-16,
1991-01-17,
1991-01-18,
1991-01-19,
1991-01-20,
1991-01-21,
1991-01-22,
1991-01-23,
1991-01-24,
1991-01-25,
1991-01-26,
1991-01-27,
1991-01-28,
1991-01-29,
1991-01-30,
1991-01-31,
1991-02-01,
1991-02-02,
1991-02-03,
1991-02-04,
1991-02-05,
1991-02-06,0.681794817896834
1991-02-07,
1991-02-08,
1991-02-09,
1991-02-10,
1991-02-11,
1991-02-12,
1991-02-13,
1991-02-14,
1991-02-15,
1991-02-16,
1991-02-17,
1991-02-18,
1991-02-19,
1991-02-20,0.6481712562283822
1991-02-21,
1991-02-22,
1991-02-23,
1991-02-24,
1991-02-25,
1991-02-26,
1991-02-27,
1991-02-28,
1991-03-01,
1991-03-02,0.7021707598020926
1991-03-03,
1991-03-04,
1991-03-05,
1991-03-06,
1991-03-07,
1991-03-08,
1991-03-09,
1991-03-11,
1991-03-12,
1991-03-13,
1991-03-14,
1991-03-15,
1991-03-16,
1991-03-17,
1991-03-18,
1991-03-19,
1991-03-20,
1991-03-21,
1991-03-22,
1991-03-23,
1991-03-24,0.6230544567800617
1991-03-25,0.615088996638526
1991-03-26,0.5621795807332076
1991-03-27,
1991-03-28,0.6401472191033608
1991-03-29,0.6668490597639518
1991-03-30,
1991-03-31,
1991-04-01,
1991-04-02,
1991-04-03,
1991-04-04,
1991-04-05,
1991-04-06,
1991-04-07,0.7291434212454376
1991-04-08,0.7191979266387737
1991-04-09,
1991-04-10,
1991-04-11,
1991-04-12,
1991-04-13,
1991-04-14,
1991-04-15,
1991-04-16,
1991-04-17,
1991-04-18,
1991-04-19,
1991-04-20,
1991-04-21,
1991-04-22,
1991-04-23,
1991-04-24,
1991-04-25,
1991-04-26,
1991-04-27,
1991-04-28,
1991-04-29,
1991-04-30,
1991-05-01,
1991-05-02,
1991-05-03,
1991-05-04,
1991-05-05,
1991-05-06,
1991-05-07,
1991-05-08,
1991-05-09,
1991-05-10,
1991-05-11,
1991-05-12,
1991-05-13,
1991-05-14,
1991-05-15,
1991-05-16,
1991-05-17,
1991-05-18,
1991-05-19,
1991-05-20,
1991-05-21,
1991-05-22,
1991-05-23,
1991-05-24,
1991-05-25,
1991-05-26,
1991-05-27,
1991-05-28,
1991-05-29,
1991-05-30,
1991-05-31,
1991-06-01,
1991-06-02,
1991-06-03,
1991-06-04,
1991-06-05,
1991-06-06,
1991-06-07,
1991-06-08,
1991-06-09,
1991-06-10,
1991-06-11,
1991-06-12,
1991-06-13,
1991-06-14,
1991-06-16,
1991-06-17,
1991-06-18,
1991-06-19,
1991-06-21,
1991-06-22,
1991-06-23,
1991-06-24,
1991-06-25,
1991-06-26,
1991-06-27,
1991-06-28,
1991-06-29,
1991-06-30,
1991-07-01,
1991-07-02,
1991-07-03,
1991-07-04,
1991-07-05,0.7406159302051885
1991-07-06,
1991-07-07,
1991-07-08,0.749896554096268
1991-07-09,
1991-07-10,
1991-07-11,
1991-07-12,
1991-07-13,
1991-07-14,
1991-07-15,
1991-07-16,
1991-07-17,
1991-07-18,
1991-07-19,
1991-07-20,
1991-07-21,
1991-07-22,0.7544659423499233
1991-07-23,
1991-07-24,
1991-07-25,
1991-07-26,
1991-07-27,
1991-07-28,
1991-07-30,
1991-07-31,
1991-08-01,
1991-08-02,
1991-08-03,0.7849631553413406
1991-08-04,
1991-08-05,
1991-08-06,
1991-08-07,
1991-08-08,
1991-08-09,
1991-08-10,
1991-08-11,
1991-08-12,
1991-08-13,
1991-08-14,
1991-08-15,
1991-08-16,
1991-08-17,0.7541261390424329
1991-08-18,
1991-08-19,
1991-08-20,
1991-08-21,
1991-08-22,
1991-08-23,
1991-08-24,
1991-08-25,
1991-08-26,
1991-08-27,0.7847206221500416
1991-08-28,0.7959725448467687
1991-08-29,
1991-08-30,
1991-08-31,
1991-09-01,0.7685207095288529
1991-09-02,
1991-09-03,
1991-09-04,0.6791280296570364
1991-09-05,0.7400625505885292
1991-09-06,
1991-09-07,
1991-09-08,0.7553745975465882
1991-09-09,
1991-09-10,
1991-09-11,
1991-09-12,0.7523766970751308
1991-09-13,
1991-09-14,
1991-09-15,
1991-09-16,
1991-09-17,
1991-09-18,
1991-09-19,
1991-09-20,
1991-09-21,
1991-09-22,
1991-09-23,
1991-09-24,
1991-09-25,0.7888427325754402
1991-09-26,0.7244425661907582
1991-09-27,0.7492224820965008
1991-09-28,
1991-09-29,0.7413175007715637
1991-09-30,
1991-10-01,
1991-10-02,0.7326022847170988
1991-10-03,
1991-10-04,
1991-10-05,
1991-10-06,0.7324245588569936
1991-10-07,
1991-10-08,
1991-10-09,0.7695058161877049
1991-10-10,0.7318785783028009
1991-10-11,
1991-10-12,0.7174481794331575
1991-10-13,
1991-10-14,0.5761577815337693
1991-10-15,
1991-10-16,
1991-10-17,
1991-10-18,0.6816016010063243
1991-10-19,
1991-10-20,
1991-10-21,
1991-10-22,
1991-10-23,
1991-10-24,0.7235713804197701
1991-10-25,
1991-10-26,0.7238601219207755
1991-10-27,
1991-10-28,
1991-10-29,
1991-10-30,
1991-10-31,
1991-11-01,
1991-11-02,
1991-11-03,
1991-11-04,
1991-11-05,
1991-11-06,
1991-11-07,
1991-11-08,
1991-11-09,
1991-11-10,
1991-11-13,
1991-11-14,
1991-11-15,
1991-11-16,
1991-11-17,
1991-11-18,
1991-11-19,
1991-11-20,
1991-11-21,0.7409439090455144
1991-11-22,
1991-11-23,
1991-11-24,
1991-11-25,
1991-11-26,
1991-11-27,
1991-11-28,
1991-11-29,0.7150919667232247
1991-11-30,0.6860292230700913
1991-12-01,
1991-12-02,0.6684788406790405
1991-12-03,
1991-12-04,
1991-12-05,
1991-12-06,
1991-12-07,
1991-12-08,
1991-12-09,
1991-12-10,
1991-12-11,0.6863332084708028
1991-12-12,
1991-12-13,0.7351039450395577
1991-12-14,
1991-12-15,
1991-12-16,
1991-12-17,
1991-12-18,
1991-12-19,
1991-12-20,
1991-12-21,
1991-12-22,
1991-12-23,
1991-12-24,
1991-12-25,
1991-12-26,
1991-12-27,
1991-12-28,
1991-12-29,
1991-12-30,
1991-12-31,
1992-01-01,
1992-01-02,
1992-01-03,
1992-01-04,0.7012462200456985
1992-01-05,
1992-01-06,
1992-01-07,
1992-01-08,
1992-01-09,
1992-01-10,
1992-01-11,
1992-01-12,
1992-01-13,
1992-01-14,
1992-01-15,
1992-01-16,
1992-01-17,
1992-01-18,
1992-01-19,
1992-01-20,
1992-01-21,
1992-01-22,
1992-01-23,
1992-01-24,
1992-01-25,
1992-01-26,
1992-01-27,
1992-01-28,
1992-01-29,
1992-01-30,
1992-01-31,
1992-02-01,
1992-02-02,
1992-02-03,
1992-02-04,
1992-02-05,
1992-02-06,
1992-02-07,
1992-02-08,
1992-02-09,
1992-02-10,
1992-02-11,
1992-02-12,
1992-02-13,
1992-02-15,
1992-02-16,
1992-02-17,
1992-02-18,
1992-02-19,
1992-02-20,
1992-02-21,
1992-02-22,
1992-02-23,
1992-02-24,
1992-02-25,
1992-02-26,
1992-02-27,
1992-02-28,
1992-02-29,
1992-03-01,
1992-03-02,
1992-03-03,
1992-03-04,
1992-03-05,
1992-03-06,0.6690813868482502
1992-03-07,0.6792191497013833
1992-03-08,0.681444141357394
1992-03-09,
1992-03-10,0.7016809554211489
1992-03-11,
1992-03-12,
1992-03-13,
1992-03-14,
1992-03-15,
1992-03-16,
1992-03-17,
1992-03-18,
1992-03-19,
1992-03-20,
1992-03-21,
1992-03-22,
1992-03-23,
1992-03-24,
1992-03-25,
1992-03-26,0.5337815938730058
1992-03-27,
1992-03-28,
1992-03-29,
1992-03-30,
1992-03-31,
1992-04-01,
1992-04-02,
1992-04-03,
1992-04-04,
1992-04-05,
1992-04-06,
1992-04-07,0.6446891427327598
1992-04-08,
1992-04-09,
1992-04-10,0.6584228086918845
1992-04-11,
1992-04-12,
1992-04-13,
1992-04-14,
1992-04-15,
1992-04-16,0.7512020534060587
1992-04-17,0.6463975750567114
1992-04-18,0.6285558917529134
1992-04-19,0.6654873931086881
1992-04-20,
1992-04-21,
1992-04-22,0.6519475882278687
1992-04-23,0.6597469775837832
1992-04-24,0.6764916639590132
1992-04-25,0.6324370369264666
1992-04-26,0.6702115327260912
1992-04-27,0.6806469041122812
1992-04-28,
1992-04-29,
1992-04-30,
1992-05-01,0.6529459504770903
1992-05-02,0.6782869841850965
1992-05-03,
1992-05-04,0.6758505328980581
1992-05-05,0.6703173106082378
1992-05-06,
1992-05-07,
1992-05-08,0.7112667011931665
1992-05-09,0.6848857294949784
1992-05-10,0.7184293493819056
1992-05-11,0.7104098923055543
1992-05-12,
1992-05-13,
1992-05-14,
1992-05-15,
1992-05-16,0.7164645342906332
1992-05-17,0.722832794237411
1992-05-18,0.7328977922332995
1992-05-19,0.6957877340388617
1992-05-20,0.7091992439237667
1992-05-21,
1992-05-22,
1992-05-23,0.7507701670917971
1992-05-24,0.7660145072629793
1992-05-25,0.6857553061867837
1992-05-26,0.7172937224120477
1992-05-27,0.7060915617791643
1992-05-28,
1992-05-29,
1992-05-30,
1992-05-31,0.7402766802992591
1992-06-01,0.7431288851719902
1992-06-02,0.7087062233940882
1992-06-03,0.6899362669832779
1992-06-04,0.7477144028121933
1992-06-05,0.748906625034926
1992-06-06,
1992-06-07,
1992-06-08,
1992-06-09,0.6932174728117062
1992-06-10,0.7107586521076786
1992-06-11,0.7261667609431552
1992-06-12,0.7431353285710396
1992-06-13,
1992-06-14,
1992-06-15,
1992-06-16,0.7316524681102214
1992-06-17,
1992-06-19,0.7182626257117065
1992-06-20,
1992-06-21,
1992-06-22,
1992-06-23,
1992-06-24,0.7500020196173393
1992-06-25,0.7191950316743659
1992-06-26,0.7679206297546043
1992-06-27,0.7191417070852705
1992-06-28,0.7123308782837284
1992-06-29,0.7441662186316212
1992-06-30,
1992-07-01,
1992-07-02,0.7277747355537554
1992-07-03,0.7294327886619875
1992-07-04,0.7276275042802133
1992-07-05,0.7209876063127126
1992-07-06,0.7504078888108027
1992-07-07,
1992-07-08,
1992-07-09,0.7420124331786063
1992-07-10,0.7462588655828233
1992-07-11,0.7680519081955908
1992-07-12,0.7427985390240688
1992-07-13,0.7676712053650329
1992-07-14,0.7946720487409266
1992-07-15,
1992-07-16,
1992-07-17,0.7555679068574351
1992-07-18,0.6583727758481819
1992-07-19,0.7199552553592986
1992-07-20,
1992-07-21,0.7661387111876684
1992-07-22,0.7485473137118571
1992-07-23,
1992-07-24,
1992-07-25,
1992-07-26,0.73865680237725
1992-07-27,0.7664526462321786
1992-07-28,0.7535887321446911
1992-07-29,0.7495719349391401
1992-07-30,0.7302413995724881
1992-07-31,
1992-08-01,
1992-08-02,0.7494381917328558
1992-08-03,0.7573483773830365
1992-08-04,0.7537854849086184
1992-08-05,
1992-08-06,0.7429545718517084
1992-08-07,0.7721606275956447
1992-08-08,
1992-08-09,
1992-08-10,0.7387702041620149
1992-08-11,
1992-08-12,0.7113275049484036
1992-08-13,0.7365289789273616
1992-08-14,0.7803188698477178
1992-08-15,0.7798727303032901
1992-08-16,
1992-08-17,
1992-08-18,
1992-08-19,0.7171126165759012
1992-08-20,0.7835000147735264
1992-08-21,0.7824565914126536
1992-08-22,0.7755800989596261
1992-08-23,0.8329310344827587
1992-08-24,
1992-08-25,
1992-08-26,0.7971175566193959
1992-08-27,0.7986335123436248
1992-08-28,0.7805106431832215
1992-08-29,0.7769761482668827
1992-08-30,0.7689129837778916
1992-08-31,
1992-09-01,
1992-09-02,0.7778864385949129
1992-09-03,
1992-09-04,
1992-09-05,0.749390604591199
1992-09-06,0.7840766322520136
1992-09-07,0.7852180187579876
1992-09-08,
1992-09-09,
1992-09-10,0.7744692019436837
1992-09-11,
1992-09-12,0.7502880678067337
1992-09-13,
1992-09-14,
1992-09-15,0.7653984094028627
1992-09-16,
1992-09-17,
1992-09-18,0.7704033808363855
1992-09-19,0.7369965529677028
1992-09-20,0.7573039939738891
1992-09-21,0.7673301667518465
1992-09-22,0.8135389816263616
1992-09-23,
1992-09-24,
1992-09-25,
1992-09-26,0.8250037821368552
1992-09-27,0.77336304386119
1992-09-28,0.7233633253141287
1992-09-29,0.7276725579393994
1992-09-30,0.7680866008581836
1992-10-01,0.7517319714941862
1992-10-02,
1992-10-03,
1992-10-04,0.7223563445761654
1992-10-05,
1992-10-06,0.7233344345514428
1992-10-07,0.6268503855193828
1992-10-08,0.7388483263831099
1992-10-09,
1992-10-10,
1992-10-11,0.7604061512884457
1992-10-12,0.7500362808517131
1992-10-13,
1992-10-14,0.7272119663675572
1992-10-15,0.7801096993698637
1992-10-16,0.7250413728304593
1992-10-17,
1992-10-18,
1992-10-19,0.7181444265764436
1992-10-20,
1992-10-21,0.738543630070956
1992-10-22,
1992-10-23,
1992-10-24,0.7412918164448977
1992-10-25,
1992-10-26,
1992-10-27,0.7481378095635074
1992-10-28,0.7062335612574022
1992-10-29,0.7504717317016818
1992-10-30,0.7290014701324243
1992-10-31,0.6557728525121321
1992-11-01,
1992-11-02,
1992-11-03,
1992-11-04,0.6854910971532071
1992-11-05,0.6281504326774845
1992-11-06,0.690149568304532
1992-11-07,
1992-11-08,
1992-11-09,
1992-11-10,
1992-11-11,
1992-11-12,
1992-11-13,0.6298406240839555
1992-11-14,
1992-11-15,
1992-11-16,
1992-11-17,
1992-11-18,
1992-11-19,
1992-11-20,
1992-11-21,0.5946053001670036
1992-11-22,
1992-11-23,
1992-11-24,0.6332815770015179
1992-11-25,
1992-11-26,
1992-11-27,0.6241762976135374
1992-11-28,0.6028652108098674
1992-11-29,0.5689128127589665
1992-11-30,0.5920042469454234
1992-12-01,0.67209576989403
1992-12-02,
1992-12-03,
1992-12-04,
1992-12-05,
1992-12-06,
1992-12-07,
1992-12-08,
1992-12-09,
1992-12-10,
1992-12-11,
1992-12-12,
1992-12-13,
1992-12-14,
1992-12-15,
1992-12-16,
1992-12-17,0.4801196872915542
1992-12-18,0.5439851632047478
1992-12-19,
1992-12-20,
1992-12-21,
1992-12-22,
1992-12-23,
1992-12-24,
1992-12-25,
1992-12-26,
1992-12-27,
1992-12-28,
1992-12-29,
1992-12-30,
1992-12-31,0.6894905893469933
1993-01-01,
1993-01-02,
1993-01-03,
1993-01-05,0.615394075803149
1993-01-06,
1993-01-07,
1993-01-08,
1993-01-09,
1993-01-10,
1993-01-11,
1993-01-12,
1993-01-13,
1993-01-14,
1993-01-15,
1993-01-16,
1993-01-17,
1993-01-18,
1993-01-19,
1993-01-20,
1993-01-21,
1993-01-22,
1993-01-23,
1993-01-24,
1993-01-25,
1993-01-26,
1993-01-27,
1993-01-28,
1993-01-29,
1993-01-30,
1993-01-31,
1993-02-01,
1993-02-02,
1993-02-03,
1993-02-04,
1993-02-05,
1993-02-06,
1993-02-07,
1993-02-08,
1993-02-09,
1993-02-10,
1993-02-11,
1993-02-12,
1993-02-13,
1993-02-14,
1993-02-15,
1993-02-16,
1993-02-17,
1993-02-18,
1993-02-19,
1993-02-20,
1993-02-21,
1993-02-22,
1993-02-23,
1993-02-24,
1993-02-25,
1993-02-26,
1993-02-27,
1993-02-28,
1993-03-01,
1993-03-02,
1993-03-03,
1993-03-04,
1993-03-05,
1993-03-06,
1993-03-07,
1993-03-08,
1993-03-09,
1993-03-10,
1993-03-11,
1993-03-12,
1993-03-13,
1993-03-14,
1993-03-15,
1993-03-16,
1993-03-17,
1993-03-18,
1993-03-19,
1993-03-20,
1993-03-21,
1993-03-22,
1993-03-23,
1993-03-24,
1993-03-25,
1993-03-26,
1993-03-27,
1993-03-28,
1993-03-29,0.5292490999636472
1993-03-30,
1993-03-31,
1993-04-01,0.5784615384615386
1993-04-02,0.5913455462652747
1993-04-03,
1993-04-04,
1993-04-05,
1993-04-06,
1993-04-07,
1993-04-08,0.6468828274969587
1993-04-09,0.6109207374177071
1993-04-10,0.6721726697852044
1993-04-11,0.6288668514425991
1993-04-12,0.6432927617120217
1993-04-13,0.6235764811343858
1993-04-14,
1993-04-15,
1993-04-16,0.6997329300203652
1993-04-17,0.6131122119539593
1993-04-18,0.5814418190554886
1993-04-19,0.6429144330658342
1993-04-20,0.6648311216155249
1993-04-21,0.6825180077669011
1993-04-22,
1993-04-23,
1993-04-24,0.6211162676462934
1993-04-25,0.6706469874818762
1993-04-26,0.6437684075545098
1993-04-27,
1993-04-28,
1993-04-29,0.6738620065891835
1993-04-30,
1993-05-01,
1993-05-02,
1993-05-03,0.685179843879117
1993-05-04,0.7326440016819223
1993-05-05,0.703920273988797
1993-05-06,0.6991954205992124
1993-05-07,
1993-05-08,
1993-05-09,0.6857540969150208
1993-05-10,0.7249586452549399
1993-05-11,0.7521153808583677
1993-05-12,0.721058545397485
1993-05-13,0.7014323051323056
1993-05-14,0.7498056377560153
1993-05-15,
1993-05-16,
1993-05-17,0.7126067834253639
1993-05-18,0.7102013373251939
1993-05-19,0.7512434610217329
1993-05-20,0.7405896358809101
1993-05-21,0.746177526404211
1993-05-22,0.7494311122126195
1993-05-23,
1993-05-24,
1993-05-25,0.7616491925787752
1993-05-26,0.741702939390803
1993-05-27,0.7096401906259568
1993-05-28,0.7649735734368676
1993-05-29,0.7579187807474632
1993-05-30,0.7367215084310035
1993-05-31,
1993-06-01,
1993-06-02,0.7115422315960679
1993-06-03,0.7920547024380282
1993-06-04,0.7319804500615595
1993-06-05,
1993-06-06,0.727925910685749
1993-06-07,
1993-06-08,
1993-06-09,0.6907280501783658
1993-06-10,0.714572317805718
1993-06-11,0.6976188005555425
1993-06-12,0.7157149195156057
1993-06-13,0.7365720280828426
1993-06-14,0.7389561916113063
1993-06-15,
1993-06-16,
1993-06-17,0.7487562788562557
1993-06-18,0.7543479800383548
1993-06-19,0.7570339683301511
1993-06-20,
1993-06-21,0.7708455717634288
1993-06-22,0.727758043572583
1993-06-23,
1993-06-24,
1993-06-25,0.7372462839938374
1993-06-26,0.7480982451805419
1993-06-27,0.7324939907563437
1993-06-28,0.7478826405627763
1993-06-29,0.7100842756927828
1993-06-30,
1993-07-01,
1993-07-02,0.8052125686706244
1993-07-03,0.7625820460193513
1993-07-04,0.7247777282842832
1993-07-05,0.7236258289169466
1993-07-06,0.767960188845007
1993-07-07,0.7589333177167578
1993-07-08,
1993-07-09,
1993-07-10,0.760190529978633
1993-07-11,0.7559073180937149
1993-07-12,
1993-07-13,0.733026980821189
1993-07-14,0.741655698922062
1993-07-15,
1993-07-16,
1993-07-17,
1993-07-18,
1993-07-19,0.8319016504012985
1993-07-20,0.7838786777404184
1993-07-21,0.7145070075827419
1993-07-22,0.711650422977673
1993-07-23,0.7419471362332275
1993-07-24,
1993-07-25,
1993-07-26,0.7536022886889664
1993-07-27,
1993-07-28,0.7242967077163839
1993-07-29,0.7823274720036085
1993-07-30,0.7613134179449376
1993-07-31,
1993-08-01,
1993-08-02,0.7840558654530931
1993-08-03,0.7128946311693876
1993-08-04,0.8005288934098085
1993-08-05,0.7464470195624111
1993-08-06,0.7716896612763244
1993-08-07,0.7842391004380186
1993-08-08,
1993-08-09,
1993-08-10,0.7424730542744187
1993-08-11,0.7489530614342478
1993-08-12,0.7607174206105062
1993-08-13,0.7206139608366461
1993-08-14,0.7608789133326692
1993-08-15,0.765668582719376
1993-08-16,
1993-08-17,
1993-08-18,
1993-08-19,0.7462584640013453
1993-08-20,0.7624651266421907
1993-08-21,0.6945469362110746
1993-08-22,
1993-08-23,
1993-08-24,
1993-08-25,0.7159981267955946
1993-08-26,0.7357046337419407
1993-08-27,0.806742060043275
1993-08-28,0.7807710829146733
1993-08-29,0.7611043316409964
1993-08-30,0.8208825559487708
1993-08-31,
1993-09-01,
1993-09-02,0.7772147225728921
1993-09-03,0.7915157669232996
1993-09-04,0.774846447379735
1993-09-05,0.7932053881060287
1993-09-06,
1993-09-07,0.7885436866274083
1993-09-08,
1993-09-09,
1993-09-10,0.7432122444876804
1993-09-11,0.7516071007118287
1993-09-12,0.7580640310316469
1993-09-13,0.768353193391263
1993-09-14,
1993-09-15,0.7886927628377092
1993-09-16,
1993-09-17,
1993-09-18,
1993-09-19,0.7516529485924428
1993-09-20,0.748964671455586
1993-09-21,0.7897595018752931
1993-09-22,0.754554675421849
1993-09-23,
1993-09-24,
1993-09-25,0.7415750178984964
1993-09-26,0.7929961877031838
1993-09-27,0.8825799332421997
1993-09-28,0.725438468686416
1993-09-29,0.7760465315978697
1993-09-30,0.7100711774903216
1993-10-01,
1993-10-02,
1993-10-03,0.7771944605803873
1993-10-04,0.7177771006391886
1993-10-05,0.6981323022574343
1993-10-06,0.8005880652799261
1993-10-07,0.7324515123297947
1993-10-08,0.7770205386955471
1993-10-09,
1993-10-10,
1993-10-11,0.5918888888888889
1993-10-12,0.7445701339250246
1993-10-13,
1993-10-14,
1993-10-15,0.7066732010649049
1993-10-16,
1993-10-17,
1993-10-18,0.7063801180729284
1993-10-19,0.7544378177102813
1993-10-20,0.7433825173174289
1993-10-21,0.7982719529535313
1993-10-22,
1993-10-23,0.71425575102749
1993-10-24,
1993-10-25,
1993-10-26,0.761306296452355
1993-10-27,0.7405481258906281
1993-10-28,0.7234146911964575
1993-10-29,0.7559684107973104
1993-10-30,0.7802257909879605
1993-10-31,0.730399036821862
1993-11-01,
1993-11-02,
1993-11-03,0.6138925672613625
1993-11-04,0.5930581858239283
1993-11-05,
1993-11-06,0.688005055126404
1993-11-07,
1993-11-08,
1993-11-09,
1993-11-10,
1993-11-11,0.7272794687427132
1993-11-12,0.6615523910668327
1993-11-13,
1993-11-14,
1993-11-15,0.7334538879547314
1993-11-16,
1993-11-17,
1993-11-18,0.6075687295536151
1993-11-19,
1993-11-20,0.6762428843111532
1993-11-21,
1993-11-22,0.6933759903868771
1993-11-23,0.6798369877124152
1993-11-24,
1993-11-25,
1993-11-26,
1993-11-27,
1993-11-28,0.6792553196501554
1993-11-29,
1993-11-30,
1993-12-01,
1993-12-02,
1993-12-03,0.6600491924880253
1993-12-04,0.5379953005703239
1993-12-05,0.6775683126728984
1993-12-06,0.5454094955489615
1993-12-07,0.6339682707807568
1993-12-08,
1993-12-09,
1993-12-10,
1993-12-11,
1993-12-12,
1993-12-13,
1993-12-14,
1993-12-15,
1993-12-16,
1993-12-17,
1993-12-18,
1993-12-19,
1993-12-20,
1993-12-21,
1993-12-22,
1993-12-23,
1993-12-24,
1993-12-25,
1993-12-26,
1993-12-27,
1993-12-28,
1993-12-29,
1993-12-30,
1993-12-31,
1994-01-01,
1994-01-02,
1994-01-03,
1994-01-04,
1994-01-05,
1994-01-06,
1994-01-07,
1994-01-08,
1994-01-09,
1994-01-10,
1994-01-11,
1994-01-12,
1994-01-13,
1994-01-14,
1994-01-15,
1994-01-16,
1994-01-17,
1994-01-18,
1994-01-19,
1994-01-20,
1994-01-21,
1994-01-22,
1994-01-23,
1994-01-24,
1994-01-25,
1994-01-26,
1994-01-27,
1994-01-28,
1994-01-29,
1994-01-30,
1994-01-31,
1994-02-01,
1994-02-02,
1994-02-03,
1994-02-04,
1994-02-05,
1994-02-06,
1994-02-07,
1994-02-08,
1994-02-09,
1994-02-10,
1994-02-11,
1994-02-12,
1994-02-13,
1994-02-14,
1994-02-15,
1994-02-16,
1994-02-17,
1994-02-18,
1994-02-19,
1994-02-20,0.549446028593551
1994-02-21,0.5755371557391173
1994-02-22,
1994-02-23,
1994-02-24,
1994-02-25,
1994-02-26,
1994-02-27,
1994-02-28,
1994-03-01,
1994-03-02,
1994-03-03,
1994-03-04,
1994-03-05,
1994-03-06,
1994-03-07,
1994-03-08,
1994-03-09,
1994-03-10,
1994-03-11,
1994-03-12,
1994-03-13,
1994-03-14,
1994-03-15,
1994-03-16,
1994-03-17,
1994-03-18,
1994-03-19,
1994-03-20,
1994-03-21,
1994-03-22,
1994-03-23,0.534282598015575
1994-03-24,0.5505562864598421
1994-03-25,
1994-03-26,
1994-03-27,
1994-03-28,
1994-03-29,
1994-03-30,0.410726816389061
1994-03-31,
1994-04-01,0.6208095238095239
1994-04-02,0.615798407582845
1994-04-03,
1994-04-04,
1994-04-05,
1994-04-06,0.6635723066816545
1994-04-07,
1994-04-08,
1994-04-09,0.6420190046368586
1994-04-10,0.6646088017290909
1994-04-11,
1994-04-12,
1994-04-13,0.6870915369406108
1994-04-14,0.6397407150907479
1994-04-15,0.6133652811269377
1994-04-16,0.6667807475318244
1994-04-17,
1994-04-18,
1994-04-19,
1994-04-20,
1994-04-21,0.6532058326298052
1994-04-22,
1994-04-23,0.5109898045422203
1994-04-24,0.660437702614778
1994-04-25,0.7101659700917694
1994-04-26,
1994-04-27,
1994-04-28,
1994-04-29,0.7256640138670032
1994-04-30,0.6738917896302591
1994-05-01,0.583916100570491
1994-05-02,0.6774209480513134
1994-05-03,0.690515845003471
1994-05-04,
1994-05-05,
1994-05-06,0.6720034780564681
1994-05-07,0.6693031991761873
1994-05-08,0.7534445148653424
1994-05-09,
1994-05-10,
1994-05-11,
1994-05-12,
1994-05-13,0.710941928912578
1994-05-14,0.6977318434745821
1994-05-15,0.7235444155666569
1994-05-16,0.7281655202481242
1994-05-17,0.66910558812843
1994-05-18,0.7177988639152602
1994-05-19,
1994-05-20,
1994-05-21,
1994-05-22,0.7033627753170242
1994-05-23,0.7447762834925965
1994-05-24,0.7195013544871383
1994-05-25,0.7460090311119275
1994-05-26,0.7496310904378443
1994-05-27,
1994-05-28,
1994-05-29,0.6943813473004768
1994-05-30,0.7089468793014034
1994-05-31,0.7141694611888619
1994-06-01,0.7166872280111883
1994-06-02,0.6965258071477345
1994-06-03,
1994-06-04,
1994-06-05,
1994-06-06,0.7447426709661554
1994-06-07,0.714123906307333
1994-06-08,0.7224431408693296
1994-06-09,0.7380163438885534
1994-06-10,0.6949672345453234
1994-06-11,
1994-06-12,
1994-06-13,
1994-06-14,0.7080177608117868
1994-06-15,0.7431967065034357
1994-06-16,0.7426401800149519
1994-06-17,0.703919154795894
1994-06-18,0.7458757460536355
1994-06-19,
1994-06-20,
1994-06-21,0.7539579706458085
1994-06-22,0.7505404439171603
1994-06-23,0.7413589571312194
1994-06-24,
1994-06-25,0.7581069441824714
1994-06-26,
1994-06-27,
1994-06-28,
1994-06-29,
1994-06-30,0.7695484031604469
1994-07-01,0.719001561139366
1994-07-02,
1994-07-03,
1994-07-04,
1994-07-05,
1994-07-06,0.7723951410114188
1994-07-07,0.8165043705684167
1994-07-08,0.7421251155969132
1994-07-09,0.7425237797281387
1994-07-10,0.780367715488534
1994-07-11,0.763152227124616
1994-07-12,
1994-07-13,
1994-07-14,0.7656434036351606
1994-07-15,0.7580553210639897
1994-07-16,0.7655459160602086
1994-07-17,0.7726903541161957
1994-07-18,0.7662158697796148
1994-07-19,
1994-07-22,
1994-07-23,0.7362247717160049
1994-07-24,0.7363118779874229
1994-07-25,0.7633264358981795
1994-07-26,0.7542735879118091
1994-07-27,
1994-07-28,
1994-07-29,0.7667303627882939
1994-07-30,0.7237782895607733
1994-07-31,0.618903520920975
1994-08-01,
1994-08-02,
1994-08-03,
1994-08-04,
1994-08-05,
1994-08-08,0.7654608749071541
1994-08-09,
1994-08-10,0.7821274672629788
1994-08-11,
1994-08-12,
1994-08-13,
1994-08-15,0.7401117466676261
1994-08-16,0.695508184715808
1994-08-17,0.7804659101161298
1994-08-18,0.7577929800490415
1994-08-19,
1994-08-20,
1994-08-21,
1994-08-22,0.7186164896654262
1994-08-23,0.755814348514185
1994-08-24,0.7423221724614544
1994-08-25,
1994-08-26,
1994-08-27,
1994-08-28,
1994-08-29,
1994-08-30,0.7475838767905062
1994-08-31,
1994-09-01,0.78417028208012
1994-09-02,0.7435776794001884
1994-09-03,
1994-09-04,
1994-09-05,0.8669289223991865
1994-09-06,
1994-09-07,0.7770743014646643
1994-09-08,0.7699377522107813
1994-09-09,0.7876369695497648
1994-09-10,
1994-09-11,
1994-09-12,
1994-09-13,
1994-09-14,0.8234468976828189
1994-09-15,0.7808675101984466
1994-09-16,0.773244263759801
1994-09-17,0.786556006833874
1994-09-18,
1994-09-19,
1994-09-20,
1994-09-21,0.7485919417402315
1994-09-22,
1994-09-23,0.6217954138337101
1994-09-24,0.7466228801249187
1994-09-25,0.7878140460630798
1994-09-26,
1994-09-27,
1994-09-28,0.7606751112078048
1994-09-29,0.769021182020259
1994-09-30,0.7433611451470498
1994-10-01,0.9418208932728895
1994-10-02,0.7490669420953012
1994-10-03,
1994-10-04,
1994-10-05,
1994-10-06,0.6398493738782836
1994-10-07,0.8470887541642425
1994-10-08,0.7258460710154325
1994-10-09,0.7989143886108271
1994-10-10,0.7625122000354372
1994-10-11,
1994-10-12,
1994-10-13,
1994-10-14,0.7649890101512484
1994-10-15,0.7496424013184192
1994-10-16,0.6662491879242128
1994-10-17,
1994-10-18,0.775474210024409
1994-10-19,
1994-10-20,
1994-10-21,0.6449009324009325
1994-10-22,0.7485186319729894
1994-10-23,
1994-10-24,0.7427400723122193
1994-10-25,0.752627212419276
1994-10-26,
1994-10-27,
1994-10-28,
1994-10-29,0.7292642479668207
1994-10-30,0.8062908383459018
1994-10-31,
1994-11-01,
1994-11-02,0.7404048238818884
1994-11-03,
1994-11-04,
1994-11-05,0.7041142918723384
1994-11-06,0.6965640288569522
1994-11-07,0.6732774933017469
1994-11-08,0.6904911055730747
1994-11-09,0.7440128475085002
1994-11-10,0.6322781312935225
1994-11-11,
1994-11-12,
1994-11-13,
1994-11-14,0.697973431299791
1994-11-15,0.5397121661721068
1994-11-16,0.7349457680692268
1994-11-17,
1994-11-18,
1994-11-19,
1994-11-22,
1994-11-23,
1994-11-24,
1994-11-25,
1994-11-26,
1994-11-27,
1994-11-28,
1994-11-29,0.7337616629879148
1994-11-30,0.6321489361702128
1994-12-01,
1994-12-02,
1994-12-03,
1994-12-04,
1994-12-05,0.7746147661091259
1994-12-06,
1994-12-07,
1994-12-08,
1994-12-09,
1994-12-10,
1994-12-11,
1994-12-12,
1994-12-13,
1994-12-14,
1994-12-15,
1994-12-16,
1994-12-17,
1994-12-18,0.5761424148606811
1994-12-19,
1994-12-20,
1994-12-21,
1994-12-22,
1994-12-23,
1994-12-24,
1994-12-25,
1994-12-26,
1994-12-27,
1994-12-28,
1994-12-29,
1994-12-30,
1994-12-31,
1995-01-01,
1995-01-02,
1995-01-03,
1995-01-04,
1995-01-05,
1995-01-06,
1995-01-07,
1995-01-08,
1995-01-09,
1995-01-10,
1995-01-11,
1995-01-12,
1995-01-13,0.6815755907831769
1995-01-14,
1995-01-15,
1995-01-16,
1995-01-17,
1995-01-18,
1995-01-19,
1995-01-20,0.6788286516853934
1995-01-21,0.6174879540637015
1995-01-22,
1995-01-23,
1995-01-24,
1995-01-25,
1995-01-26,
1995-01-27,
1995-01-28,
1995-01-29,
1995-01-30,
1995-01-31,
1995-02-01,
1995-02-02,
1995-02-03,
1995-02-04,
1995-02-05,
1995-02-06,
1995-02-07,
1995-02-08,
1995-02-09,
1995-02-10,
1995-02-11,
1995-02-12,
1995-02-13,
1995-02-14,
1995-02-15,
1995-02-16,
1995-02-17,
1995-02-18,
1995-02-19,
1995-02-20,
1995-02-21,
1995-02-22,
1995-02-23,
1995-02-24,
1995-02-25,
1995-02-26,
1995-02-27,
1995-02-28,
1995-03-01,
1995-03-02,
1995-03-03,
1995-03-04,
1995-03-05,
1995-03-06,
1995-03-07,0.6963973190478311
1995-03-08,
1995-03-09,
1995-03-10,
1995-03-11,
1995-03-12,
1995-03-13,
1995-03-14,0.578
1995-03-15,
1995-03-16,0.6942237733567516
1995-03-17,
1995-03-18,
1995-03-19,
1995-03-20,
1995-03-21,
1995-03-22,
1995-03-23,0.6523594512838388
1995-03-24,
1995-03-25,
1995-03-26,0.6715250623835772
1995-03-27,
1995-03-28,
1995-03-29,
1995-03-30,
1995-03-31,0.6810917073408237
1995-04-01,
1995-04-02,
1995-04-03,
1995-04-04,
1995-04-05,
1995-04-06,
1995-04-07,
1995-04-08,
1995-04-09,
1995-04-10,
1995-04-11,
1995-04-12,
1995-04-13,
1995-04-14,0.6900169952577637
1995-04-15,
1995-04-16,
1995-04-17,
1995-04-18,0.8341724137931035
1995-04-19,
1995-04-20,
1995-04-21,0.7116341777750896
1995-04-22,0.7367499630355564
1995-04-23,0.7151704212733629
1995-04-24,0.7047110655695832
1995-04-25,
1995-04-26,0.7100164122890206
1995-04-27,
1995-04-28,
1995-04-29,0.7233681622587425
1995-04-30,0.7166584549227223
1995-05-01,0.7013549356803981
1995-05-02,0.7041372756235124
1995-05-03,
1995-05-04,0.7325858381800254
1995-05-05,
1995-05-06,
1995-05-07,0.7442433871046511
1995-05-08,0.7155686231101475
1995-05-09,0.7297928573108253
1995-05-10,0.7565627947496351
1995-05-11,0.7540264280925781
1995-05-12,
1995-05-13,
1995-05-14,
1995-05-15,
1995-05-16,0.7442694186282215
1995-05-17,0.7536933680853685
1995-05-18,0.7779852426479344
1995-05-19,
1995-05-20,
1995-05-21,
1995-05-22,
1995-05-23,
1995-05-24,
1995-05-25,0.7529107455316318
1995-05-26,0.732928886565278
1995-05-27,
1995-05-28,0.7712102167219445
1995-05-29,0.764607862204422
1995-05-30,
1995-05-31,
1995-06-01,
1995-06-02,0.7486786671812066
1995-06-03,0.7311522167099757
1995-06-04,0.7216374352583701
1995-06-05,0.7248927971551264
1995-06-06,0.7561133130671366
1995-06-07,0.7833049818512628
1995-06-08,
1995-06-09,
1995-06-10,0.7825891133836177
1995-06-11,0.7170469165596395
1995-06-12,0.6867183952593663
1995-06-13,0.7298994194965583
1995-06-14,
1995-06-15,0.749527627223459
1995-06-16,
1995-06-17,
1995-06-18,0.7766751171901006
1995-06-19,
1995-06-20,0.7150365852185975
1995-06-21,0.7595722759682024
1995-06-22,0.7486747924272729
1995-06-23,0.7518283091405848
1995-06-24,
1995-06-25,
1995-06-26,
1995-06-27,0.7891779393568465
1995-06-28,
1995-06-29,0.7773187655306176
1995-06-30,
1995-07-01,
1995-07-02,0.7155523658925649
1995-07-03,
1995-07-04,
1995-07-05,
1995-07-06,0.7566406330432206
1995-07-07,0.7454821027034103
1995-07-08,0.7560618687756746
1995-07-09,
1995-07-10,0.7605704969659264
1995-07-11,
1995-07-12,
1995-07-13,0.7578032570801572
1995-07-14,0.7549783927632797
1995-07-15,
1995-07-16,
1995-07-17,0.7548210044834125
1995-07-18,0.7829630193212526
1995-07-19,
1995-07-20,
1995-07-21,
1995-07-22,0.7303866559309563
1995-07-23,
1995-07-24,
1995-07-25,
1995-07-26,
1995-07-27,
1995-07-28,
1995-07-29,
1995-07-30,
1995-07-31,0.7452390646483601
1995-08-01,0.7504893756499342
1995-08-02,0.8074669647413572
1995-08-03,0.8052780338817757
1995-08-04,0.7519415098711182
1995-08-05,
1995-08-06,
1995-08-07,
1995-08-08,
1995-08-09,
1995-08-10,0.7396140716895594
1995-08-11,0.7570736031557554
1995-08-12,
1995-08-13,0.770689381919221
1995-08-14,
1995-08-15,
1995-08-16,0.8136979516067572
1995-08-17,
1995-08-18,0.7623939822283698
1995-08-19,0.754076139664102
1995-08-20,0.777610205215041
1995-08-21,0.7858653042073169
1995-08-22,
1995-08-23,
1995-08-24,0.7448412704939174
1995-08-25,0.7322830019062772
1995-08-26,0.789868758591835
1995-08-27,0.7838237634364466
1995-08-28,0.7797704242868545
1995-08-29,0.7817845792422187
1995-08-30,0.814148717948718
1995-08-31,
1995-09-01,
1995-09-02,0.7599457716377714
1995-09-03,0.7585697157879572
1995-09-04,0.7565103466780408
1995-09-05,0.7801973553568454
1995-09-06,0.7713670978139069
1995-09-07,0.7682660112660361
1995-09-08,
1995-09-09,
1995-09-10,0.7663230800365872
1995-09-11,0.7892579503066491
1995-09-12,0.7233197711093018
1995-09-13,0.7766739097626224
1995-09-14,0.779879296009711
1995-09-15,
1995-09-16,
1995-09-17,
1995-09-18,
1995-09-19,0.7521924855734332
1995-09-20,0.7592863098755046
1995-09-21,
1995-09-22,0.7466878513699633
1995-09-23,0.7310332245738198
1995-09-24,0.7504124505322424
1995-09-25,
1995-09-26,
1995-09-27,0.7498199318917455
1995-09-28,0.785819495152051
1995-09-29,
1995-09-30,0.733945672058757
1995-10-01,0.7557925527489016
1995-10-02,
1995-10-03,
1995-10-04,
1995-10-05,0.7664623813250855
1995-10-06,0.766337016181376
1995-10-07,0.7241083050126864
1995-10-08,0.7248094349109753
1995-10-09,0.7258087586366958
1995-10-10,0.7143988245898386
1995-10-11,
1995-10-12,
1995-10-13,
1995-10-14,0.8041154685010908
1995-10-15,
1995-10-16,0.7227893529027303
1995-10-17,
1995-10-18,0.7097649793300674
1995-10-19,0.7701698495934185
1995-10-20,
1995-10-21,
1995-10-22,
1995-10-23,0.709023588545023
1995-10-24,
1995-10-25,
1995-10-26,0.7019405778389043
1995-10-27,0.719641939357833
1995-10-28,
1995-10-29,
1995-10-30,0.616970588235294
1995-10-31,0.7116334947209372
1995-11-01,0.6764877856823049
1995-11-02,0.7128511611762364
1995-11-03,0.7617903549415691
1995-11-04,0.6878560797592647
1995-11-05,
1995-11-06,
1995-11-07,
1995-11-08,0.6752318183407721
1995-11-09,
1995-11-10,
1995-11-11,0.7049605815577613
1995-11-12,0.6153394482903293
1995-11-13,
1995-11-14,
1995-11-15,
1995-11-16,
1995-11-17,
1995-11-18,
1995-11-19,
1995-11-20,
1995-11-21,
1995-11-22,
1995-11-23,
1995-11-24,
1995-11-25,
1995-11-26,
1995-11-27,
1995-11-28,0.5941468984487456
1995-11-29,
1995-11-30,
1995-12-01,
1995-12-02,
1995-12-03,
1995-12-04,
1995-12-05,
1995-12-06,
1995-12-07,
1995-12-08,
1995-12-09,
1995-12-10,
1995-12-11,
1995-12-12,
1995-12-13,
1995-12-14,
1995-12-15,
1995-12-16,
1995-12-17,
1995-12-18,
1995-12-19,
1995-12-20,
1995-12-21,
1995-12-22,
1995-12-23,
1995-12-24,
1995-12-25,
1995-12-26,
1995-12-27,
1995-12-28,
1995-12-29,
1995-12-30,
1995-12-31,
1996-01-01,
1996-01-02,
1996-01-03,
1996-01-04,
1996-01-05,
1996-01-06,
1996-01-07,
1996-01-08,
1996-01-09,
1996-01-10,
1996-01-11,
1996-01-12,
1996-01-13,
1996-01-14,
1996-01-15,
1996-01-16,
1996-01-17,
1996-01-18,
1996-01-19,0.642378200725034
1996-01-20,
1996-01-21,
1996-01-22,
1996-01-23,
1996-01-24,
1996-01-25,
1996-01-26,
1996-01-27,
1996-01-28,
1996-01-29,
1996-01-30,
1996-01-31,
1996-02-01,
1996-02-02,
1996-02-03,
1996-02-04,
1996-02-05,
1996-02-06,
1996-02-07,
1996-02-08,
1996-02-09,
1996-02-10,
1996-02-11,
1996-02-12,
1996-02-13,
1996-02-14,
1996-02-15,
1996-02-16,
1996-02-17,
1996-02-18,
1996-02-19,
1996-02-20,
1996-02-21,0.5858351004004315
1996-02-22,
1996-02-23,
1996-02-24,
1996-02-25,0.6687342259004779
1996-02-26,0.8072830712303424
1996-02-27,
1996-02-28,0.6701030039259367
1996-02-29,
1996-03-01,
1996-03-02,
1996-03-03,
1996-03-04,
1996-03-05,
1996-03-06,
1996-03-07,
1996-03-08,
1996-03-09,
1996-03-10,
1996-03-11,
1996-03-12,
1996-03-13,
1996-03-14,
1996-03-15,0.6114696818062202
1996-03-16,
1996-03-17,
1996-03-18,
1996-03-19,
1996-03-20,
1996-03-21,
1996-03-22,
1996-03-23,
1996-03-24,
1996-03-25,0.5935736718595354
1996-03-26,
1996-03-27,
1996-03-28,
1996-03-29,
1996-03-30,0.8028666666666668
1996-03-31,
1996-04-01,0.6426896752113068
1996-04-02,
1996-04-03,
1996-04-04,
1996-04-05,
1996-04-06,
1996-04-07,
1996-04-08,
1996-04-09,
1996-04-10,
1996-04-11,0.6178471317585672
1996-04-12,0.6796443558669911
1996-04-13,
1996-04-14,
1996-04-15,
1996-04-16,0.6740282850305418
1996-04-17,0.6445927345349161
1996-04-18,0.6850048792244905
1996-04-19,0.65550361174756
1996-04-20,0.7081808559934983
1996-04-21,
1996-04-22,
1996-04-23,0.6728423172074481
1996-04-24,0.6626991622726776
1996-04-25,0.6455008147704863
1996-04-26,0.6615076156997672
1996-04-27,0.6541134904653054
1996-04-28,
1996-04-29,0.8036188034188034
1996-04-30,
1996-05-01,
1996-05-02,0.6499438896575016
1996-05-03,
1996-05-04,0.6466782233236456
1996-05-05,0.6444148924809034
1996-05-06,0.6495735836845632
1996-05-07,0.6662614521593534
1996-05-08,
1996-05-09,
1996-05-10,
1996-05-11,
1996-05-12,0.6443155602291266
1996-05-13,0.6070827256181056
1996-05-15,
1996-05-16,
1996-05-17,
1996-05-18,
1996-05-19,0.7343609568000014
1996-05-20,0.7061345962157217
1996-05-21,
1996-05-22,0.6925026812082508
1996-05-23,0.7223717093787428
1996-05-24,
1996-05-25,
1996-05-26,
1996-05-27,
1996-05-28,0.7348900767400882
1996-05-29,0.6666451698968361
1996-05-31,
1996-06-01,
1996-06-02,
1996-06-03,
1996-06-04,
1996-06-05,
1996-06-06,0.7512718006617524
1996-06-07,0.7654761307422279
1996-06-08,0.7558784480434014
1996-06-09,0.7501730662158214
1996-06-10,
1996-06-11,
1996-06-12,
1996-06-13,0.7476920895661006
1996-06-14,0.6888930992450858
1996-06-15,
1996-06-16,0.7172781280402353
1996-06-17,0.7403769430597561
1996-06-18,0.7463422522966398
1996-06-19,
1996-06-20,
1996-06-21,0.7073557462276475
1996-06-22,0.7094735942603719
1996-06-23,0.7011418443888561
1996-06-24,
1996-06-25,0.7237190450949218
1996-06-26,0.7117952103687054
1996-06-27,
1996-06-28,
1996-06-29,0.7317279256040778
1996-06-30,0.745586222122964
1996-07-01,0.6761378136866132
1996-07-02,0.748141065269434
1996-07-03,0.7377278863437364
1996-07-04,0.7453794987814082
1996-07-05,
1996-07-06,
1996-07-07,
1996-07-08,0.7529384768777188
1996-07-09,
1996-07-10,0.7162240044016176
1996-07-11,0.7213283001278785
1996-07-12,0.7809743518052978
1996-07-13,0.760950670387455
1996-07-14,
1996-07-15,
1996-07-16,0.7781609393487234
1996-07-17,0.7294923232715288
1996-07-18,0.727364780464249
1996-07-19,0.7414309794989392
1996-07-20,0.7107268215626453
1996-07-21,0.7601697020521365
1996-07-22,
1996-07-23,
1996-07-24,0.7406607225416304
1996-07-25,0.7763161636224315
1996-07-26,0.718258830473387
1996-07-27,0.7597683868799062
1996-07-28,0.7406997610243664
1996-07-29,0.7799788093203579
1996-07-30,0.8120120578375944
1996-07-31,
1996-08-01,
1996-08-02,0.7641983532933148
1996-08-03,0.724599312112808
1996-08-04,0.7359082145921032
1996-08-05,0.7460318422951335
1996-08-06,0.7499103123357579
1996-08-07,0.8051105025379823
1996-08-08,
1996-08-09,
1996-08-10,0.7760335734802758
1996-08-11,0.7317270779597994
1996-08-12,0.7194518485097592
1996-08-13,0.7600198206831728
1996-08-14,
1996-08-15,0.768552310731945
1996-08-16,
1996-08-17,
1996-08-18,0.7349017527833287
1996-08-19,
1996-08-20,
1996-08-21,0.7754868775011658
1996-08-22,0.7497703936203415
1996-08-23,0.7876540672258739
1996-08-24,0.8174504361742156
1996-08-25,
1996-08-26,
1996-08-27,0.7691154643394348
1996-08-28,0.7445755879860786
1996-08-29,0.7587019384367618
1996-08-30,0.7574092669446253
1996-08-31,
1996-09-01,0.7790291737273423
1996-09-02,
1996-09-03,
1996-09-04,0.7870111402632906
1996-09-05,0.7697697687907331
1996-09-06,0.7809354458804411
1996-09-07,0.785467016475738
1996-09-08,0.7605012191813956
1996-09-09,0.7564912934000441
1996-09-10,
1996-09-11,
1996-09-12,
1996-09-13,0.7099037794008902
1996-09-14,0.7120636679991814
1996-09-15,0.7481495963881359
1996-09-16,0.7246796603185521
1996-09-17,0.7943188280658664
1996-09-18,0.7468566873565808
1996-09-19,
1996-09-20,
1996-09-21,0.7508019855832148
1996-09-22,0.7329351699513347
1996-09-23,0.7275553999815616
1996-09-24,0.7518273381264071
1996-09-25,
1996-09-26,0.7598096555731861
1996-09-27,
1996-09-28,
1996-09-29,0.7577095369850289
1996-09-30,0.779903547457319
1996-10-01,0.7265684352392288
1996-10-02,0.7831773484966882
1996-10-03,
1996-10-04,0.709888876555801
1996-10-05,
1996-10-06,
1996-10-07,
1996-10-08,0.774301644545376
1996-10-09,0.7601678271970695
1996-10-10,0.7846812245464526
1996-10-11,0.6809605703233339
1996-10-12,0.6588431749992346
1996-10-13,0.7515881511326982
1996-10-14,
1996-10-15,
1996-10-16,0.7453514057826546
1996-10-17,0.7178423299865221
1996-10-18,0.7576950038035195
1996-10-19,
1996-10-20,0.750276096490547
1996-10-21,0.7014658321271672
1996-10-22,
1996-10-23,
1996-10-24,
1996-10-25,0.6672108490526301
1996-10-26,0.717299351096752
1996-10-27,
1996-10-28,0.7066357906747674
1996-10-29,0.6774261647022807
1996-10-30,
1996-10-31,
1996-11-01,
1996-11-02,
1996-11-03,
1996-11-04,
1996-11-05,0.6843558061553754
1996-11-06,
1996-11-07,0.7098571497923779
1996-11-08,
1996-11-09,
1996-11-10,0.483763877570977
1996-11-11,
1996-11-12,
1996-11-13,
1996-11-14,
1996-11-15,
1996-11-16,
1996-11-17,
1996-11-18,0.7184365860815081
1996-11-19,
1996-11-20,
1996-11-21,
1996-11-22,
1996-11-23,
1996-11-24,
1996-11-25,
1996-11-26,
1996-11-27,
1996-11-28,
1996-11-29,
1996-11-30,
1996-12-01,
1996-12-02,0.6116724673026495
1996-12-03,
1996-12-04,
1996-12-05,0.7792480412797814
1996-12-06,
1996-12-07,0.5850967741935483
1996-12-08,
1996-12-09,
1996-12-10,
1996-12-11,
1996-12-12,
1996-12-13,0.7067671646547357
1996-12-14,0.6570193063758547
1996-12-15,
1996-12-16,0.653528244917728
1996-12-17,0.6660423176468298
1996-12-18,0.6354854088634792
1996-12-19,
1996-12-20,
1996-12-21,
1996-12-22,
1996-12-23,
1996-12-24,0.6489121357407811
1996-12-25,
1996-12-26,
1996-12-27,
1996-12-28,
1996-12-29,
1996-12-30,
1996-12-31,
1997-01-01,
1997-01-02,
1997-01-03,
1997-01-04,
1997-01-05,
1997-01-06,
1997-01-07,
1997-01-08,
1997-01-09,
1997-01-10,
1997-01-11,
1997-01-12,
1997-01-13,
1997-01-14,
1997-01-15,
1997-01-16,
1997-01-17,
1997-01-18,
1997-01-19,
1997-01-20,
1997-01-21,
1997-01-22,
1997-01-23,
1997-01-24,
1997-01-25,
1997-01-26,
1997-01-27,
1997-01-28,
1997-01-29,
1997-01-30,
1997-01-31,
1997-02-01,
1997-02-02,
1997-02-03,
1997-02-04,
1997-02-05,
1997-02-06,
1997-02-07,
1997-02-08,
1997-02-09,
1997-02-10,
1997-02-11,
1997-02-12,
1997-02-13,
1997-02-14,
1997-02-15,
1997-02-16,
1997-02-17,
1997-02-18,
1997-02-19,0.6013351032768616
1997-02-20,
1997-02-21,0.6733452286173304
1997-02-22,0.6590917767401121
1997-02-23,
1997-02-24,
1997-02-25,
1997-02-26,
1997-02-27,
1997-02-28,
1997-03-01,
1997-03-02,0.6033105391340685
1997-03-03,
1997-03-04,
1997-03-05,
1997-03-06,
1997-03-07,
1997-03-08,
1997-03-09,
1997-03-10,
1997-03-11,
1997-03-12,
1997-03-13,
1997-03-14,
1997-03-15,
1997-03-16,
1997-03-17,
1997-03-18,
1997-03-19,
1997-03-20,
1997-03-21,
1997-03-22,
1997-03-23,
1997-03-24,
1997-03-25,
1997-03-26,0.6285770066820968
1997-03-27,
1997-03-28,0.6566090655992077
1997-03-29,0.7160656209607353
1997-03-30,
1997-03-31,
1997-04-01,
1997-04-02,0.60592258356128
1997-04-03,0.6177480218157064
1997-04-04,0.64967874930101
1997-04-05,0.6998154472559905
1997-04-06,0.6802510401950773
1997-04-07,
1997-04-08,
1997-04-09,
1997-04-10,
1997-04-11,
1997-04-12,
1997-04-13,0.6235898698762781
1997-04-14,
1997-04-15,
1997-04-16,
1997-04-17,0.7356283822785141
1997-04-18,0.6597078225413587
1997-04-19,0.6680143170607166
1997-04-20,0.5764399033910479
1997-04-21,0.6493213111856635
1997-04-22,0.592602269603801
1997-04-23,
1997-04-24,
1997-04-25,
1997-04-26,0.6882032426914465
1997-04-27,0.7118047371039543
1997-04-28,0.7160650662738882
1997-04-29,0.6778428331042955
1997-04-30,0.7064428629870936
1997-05-01,0.8095192957318061
1997-05-02,
1997-05-03,
1997-05-04,0.7117202129477658
1997-05-05,0.6900450412623311
1997-05-06,0.7264476284661698
1997-05-07,
1997-05-08,0.6423703428810046
1997-05-09,0.707997963303855
1997-05-10,
1997-05-11,
1997-05-12,0.7437134235158526
1997-05-13,0.6878201936063877
1997-05-14,0.694117837101565
1997-05-15,0.7460208807782142
1997-05-16,0.6768371011234019
1997-05-17,0.7175484692724664
1997-05-18,
1997-05-19,
1997-05-20,
1997-05-21,0.6924322156698177
1997-05-22,0.6894243109084128
1997-05-23,
1997-05-24,0.7406413905581526
1997-05-25,0.7566954863499037
1997-05-26,0.6890604178600022
1997-05-27,
1997-05-28,
1997-05-29,0.7436416285240074
1997-05-30,0.7302820330940816
1997-05-31,0.7011447406098505
1997-06-01,0.7756006170351433
1997-06-02,0.7344191539305589
1997-06-03,0.7114346030516568
1997-06-04,
1997-06-05,
1997-06-06,0.7309276055885114
1997-06-07,0.7035578693980057
1997-06-08,0.7014360313743174
1997-06-09,0.7236995469520476
1997-06-10,0.7274583849124696
1997-06-11,0.7294299502194617
1997-06-12,
1997-06-13,
1997-06-14,
1997-06-15,0.7343367433129213
1997-06-16,0.703151353907665
1997-06-17,0.7347567609555955
1997-06-18,0.7401068195967521
1997-06-19,0.7204442204825576
1997-06-20,0.7507064056120195
1997-06-21,
1997-06-22,
1997-06-23,0.7741540049382818
1997-06-24,0.7373919026608895
1997-06-25,0.716383060221337
1997-06-26,0.7427454255998741
1997-06-27,0.7249554997700695
1997-06-28,0.7246825334273984
1997-06-29,
1997-06-30,
1997-07-01,0.7047892847735098
1997-07-02,0.758177920939109
1997-07-03,0.7110138652167385
1997-07-04,0.7121525584635678
1997-07-05,0.7163654250506383
1997-07-06,0.7096855954301203
1997-07-07,
1997-07-08,
1997-07-09,
1997-07-10,0.725811612642704
1997-07-11,0.7513841262579557
1997-07-12,0.7276767558226666
1997-07-13,0.7531267195021047
1997-07-14,0.7883631770880383
1997-07-15,0.7933472674726832
1997-07-16,
1997-07-17,
1997-07-18,0.752130555613469
1997-07-19,0.759955715640977
1997-07-20,0.7403857469743446
1997-07-21,0.8175795739582008
1997-07-22,0.7617680274425372
1997-07-23,
1997-07-24,
1997-07-25,
1997-07-26,0.7861548508771916
1997-07-27,0.7797281036488788
1997-07-28,0.7720793930988433
1997-07-29,0.7481293011711615
1997-07-30,0.7823976414749545
1997-07-31,0.7590195701300697
1997-08-01,
1997-08-02,
1997-08-03,
1997-08-04,0.7941354454472498
1997-08-05,0.7545075980244217
1997-08-06,
1997-08-07,0.7642252626622945
1997-08-08,0.7490147231396761
1997-08-09,0.7888344330292094
1997-08-10,
1997-08-11,
1997-08-12,0.7921479681194061
1997-08-13,0.7991881730239748
1997-08-14,0.7397934718046175
1997-08-15,0.7722024993114867
1997-08-16,0.7767558574630219
1997-08-17,0.7904146561694729
1997-08-18,
1997-08-19,
1997-08-20,0.7573622342316524
1997-08-21,0.7852492290501297
1997-08-22,0.7450185446806662
1997-08-23,0.7590805726122767
1997-08-24,0.7243826946095535
1997-08-25,0.7503260470557902
1997-08-26,
1997-08-27,
1997-08-28,
1997-08-29,0.7688062681851983
1997-08-30,0.7599767166910266
1997-08-31,0.7799515194104331
1997-09-01,
1997-09-02,0.767658083425807
1997-09-03,0.7842488240227998
1997-09-04,
1997-09-05,
1997-09-06,0.7957118827616657
1997-09-07,0.7877706152420002
1997-09-08,0.7793296008230665
1997-09-09,
1997-09-10,0.7769340247019489
1997-09-11,0.7889497435235753
1997-09-12,
1997-09-13,
1997-09-14,0.770679824000395
1997-09-15,0.7710923588613092
1997-09-16,0.7862983848491294
1997-09-17,0.7646384027423234
1997-09-18,0.7338216413452118
1997-09-19,0.7578063750528099
1997-09-20,
1997-09-21,
1997-09-22,0.659190909090909
1997-09-23,0.7872192568817721
1997-09-24,0.7510444786031666
1997-09-25,0.7190943711237417
1997-09-26,0.7563004384684747
1997-09-27,0.7612322361481866
1997-09-28,0.7436541348720632
1997-09-29,
1997-09-30,
1997-10-01,0.7645325735965711
1997-10-02,0.6361972236304851
1997-10-03,0.7320171765766085
1997-10-04,0.7295355877934323
1997-10-05,0.7434722312350664
1997-10-06,0.7680532677798346
1997-10-07,
1997-10-08,
1997-10-09,0.7207628313729096
1997-10-10,0.7385463081811215
1997-10-11,0.744923335673862
1997-10-12,0.7061913614022162
1997-10-13,0.7478093484468513
1997-10-14,0.7571372906783056
1997-10-15,
1997-10-16,
1997-10-17,0.6611
1997-10-18,0.6475322219127561
1997-10-19,
1997-10-20,0.6059315661462458
1997-10-21,0.7090359199147692
1997-10-22,0.7247689278726379
1997-10-23,
1997-10-24,
1997-10-25,
1997-10-26,
1997-10-27,0.657515495803711
1997-10-28,0.6701971412129143
1997-10-29,0.6051606914472482
1997-10-30,0.7062478019077072
1997-10-31,0.7518278331284257
1997-11-01,
1997-11-02,
1997-11-03,0.6500347084357362
1997-11-04,0.7502900362542945
1997-11-05,0.6394640834034275
1997-11-06,0.7194408851526365
1997-11-07,0.7095278258645893
1997-11-08,
1997-11-09,
1997-11-10,
1997-11-11,0.6486285790610031
1997-11-12,
1997-11-13,
1997-11-14,
1997-11-15,
1997-11-16,
1997-11-17,
1997-11-18,
1997-11-19,
1997-11-20,
1997-11-21,
1997-11-22,0.7118449418867135
1997-11-23,
1997-11-24,
1997-11-25,
1997-11-26,
1997-11-27,
1997-11-28,0.6660688972759213
1997-11-29,0.6498825415543952
1997-11-30,
1997-12-01,0.6270509663650009
1997-12-02,
1997-12-03,
1997-12-04,
1997-12-05,
1997-12-06,
1997-12-07,
1997-12-08,
1997-12-09,
1997-12-10,
1997-12-11,
1997-12-12,
1997-12-13,
1997-12-14,
1997-12-15,
1997-12-16,
1997-12-17,0.5114166544352379
1997-12-18,
1997-12-19,
1997-12-20,
1997-12-21,
1997-12-22,
1997-12-23,
1997-12-24,
1997-12-25,
1997-12-26,0.6152411262084443
1997-12-27,
1997-12-28,
1997-12-29,
1997-12-30,
1997-12-31,
1998-01-01,
1998-01-02,
1998-01-03,0.5899069905804282
1998-01-04,0.6120754374750216
1998-01-05,0.6879489917248186
1998-01-06,
1998-01-07,
1998-01-08,
1998-01-09,0.7795776171744184
1998-01-10,0.5827942118047871
1998-01-11,
1998-01-12,
1998-01-13,
1998-01-14,
1998-01-15,
1998-01-16,
1998-01-17,
1998-01-18,
1998-01-19,
1998-01-20,
1998-01-21,
1998-01-22,
1998-01-23,
1998-01-24,
1998-01-25,
1998-01-26,
1998-01-27,
1998-01-28,
1998-01-29,
1998-01-30,
1998-01-31,
1998-02-01,
1998-02-02,
1998-02-03,
1998-02-04,
1998-02-05,
1998-02-06,
1998-02-07,
1998-02-08,
1998-02-09,
1998-02-10,
1998-02-11,
1998-02-12,0.5625689339923784
1998-02-13,
1998-02-14,
1998-02-15,
1998-02-16,
1998-02-17,
1998-02-18,
1998-02-19,
1998-02-20,0.47121063268033514
1998-02-21,
1998-02-22,
1998-02-23,
1998-02-24,
1998-02-25,
1998-02-26,
1998-02-27,
1998-02-28,
1998-03-01,0.5659660129738008
1998-03-02,0.6086581450901235
1998-03-03,0.6396699022329384
1998-03-04,
1998-03-05,
1998-03-06,
1998-03-07,
1998-03-08,
1998-03-09,0.6726296422790593
1998-03-10,0.556712101302508
1998-03-11,
1998-03-12,
1998-03-13,
1998-03-14,
1998-03-15,
1998-03-16,
1998-03-17,
1998-03-18,
1998-03-19,
1998-03-20,0.6737616743329002
1998-03-21,
1998-03-22,
1998-03-23,
1998-03-24,
1998-03-25,
1998-03-26,0.5019723532924563
1998-03-27,0.6160308179897642
1998-03-28,0.646824834694023
1998-03-29,0.6547974724345659
1998-03-30,
1998-03-31,
1998-04-01,0.7294948039751306
1998-04-02,0.6339653393856473
1998-04-03,0.606786712145012
1998-04-04,0.6436906685971904
1998-04-05,0.6553369796915585
1998-04-06,0.5891541158168504
1998-04-07,
1998-04-08,
1998-04-09,
1998-04-10,0.5537880301075974
1998-04-11,0.6830088172483043
1998-04-12,0.5728484069034186
1998-04-13,0.6570200819152182
1998-04-14,0.6866550445783479
1998-04-15,
1998-04-16,
1998-04-17,
1998-04-18,0.6986643854935967
1998-04-19,0.7083329866870183
1998-04-20,0.6185211924412112
1998-04-21,0.6557856529350614
1998-04-22,0.713412186975109
1998-04-23,0.6811687321798024
1998-04-24,
1998-04-25,
1998-04-26,0.7128411673790858
1998-04-27,0.5716233536008538
1998-04-28,0.5893691098605032
1998-04-29,0.6959957306915318
1998-04-30,0.741276827036764
1998-05-01,0.7314383364271025
1998-05-02,
1998-05-03,
1998-05-04,0.718492975734355
1998-05-05,0.7411340610334866
1998-05-06,0.7370186082075185
1998-05-07,0.7697788637630721
1998-05-08,0.7498639003966143
1998-05-09,0.7482237389456661
1998-05-10,0.766383389719524
1998-05-11,
1998-05-12,
1998-05-13,0.7085223116388296
1998-05-14,0.6878370522856185
1998-05-15,0.6879530752082414
1998-05-16,0.7160437541573501
1998-05-17,0.7148979218425875
1998-05-18,0.7629322877878975
1998-05-19,
1998-05-20,
1998-05-21,0.7495329914331545
1998-05-22,0.7307601297572363
1998-05-23,0.7245091928475678
1998-05-24,
1998-05-25,0.7609796567800526
1998-05-26,0.7315897433927232
1998-05-27,
1998-05-28,
1998-05-29,
1998-05-30,0.7066657220424205
1998-05-31,0.7665466789211951
1998-06-01,0.6913865308458214
1998-06-02,0.7078184944488982
1998-06-03,0.7027652405732662
1998-06-04,
1998-06-05,
1998-06-06,
1998-06-07,0.7196521417871904
1998-06-08,0.7229466903818368
1998-06-09,
1998-06-10,0.7018018944164092
1998-06-11,0.7248069145275539
1998-06-12,0.7810914057447248
1998-06-13,
1998-06-14,
1998-06-15,0.691008401593559
1998-06-16,0.689798430718009
1998-06-17,0.7060620526651694
1998-06-18,0.7405761709609079
1998-06-19,0.6869464876761059
1998-06-20,
1998-06-21,
1998-06-22,
1998-06-23,0.7327800172189309
1998-06-24,0.7375777344630196
1998-06-25,0.718492279789422
1998-06-26,0.5923177208783186
1998-06-27,0.7199529105485584
1998-06-28,0.7410761669834751
1998-06-29,
1998-06-30,
1998-07-01,0.7341343950237917
1998-07-02,0.7016034900265196
1998-07-03,0.6643620965517881
1998-07-04,0.755929017159576
1998-07-05,0.7298113723727726
1998-07-06,0.690015265899736
1998-07-07,
1998-07-08,
1998-07-09,
1998-07-10,0.7380749745320828
1998-07-11,0.6805968898799408
1998-07-12,0.715867488608305
1998-07-13,0.7364283744343288
1998-07-14,0.7501966140491438
1998-07-15,0.7335943536733435
1998-07-16,
1998-07-17,
1998-07-18,0.765224780130628
1998-07-19,0.7461197701740692
1998-07-20,0.7529455753938087
1998-07-21,0.7236780612726419
1998-07-22,0.7894797935466555
1998-07-23,0.722091844649634
1998-07-24,
1998-07-25,
1998-07-26,0.7570592007712739
1998-07-27,0.7533537186603737
1998-07-28,0.7335962812581825
1998-07-29,0.7750030868090073
1998-07-30,0.7702628354881652
1998-07-31,0.7588074642719936
1998-08-01,
1998-08-02,
1998-08-03,0.7684037174383629
1998-08-04,
1998-08-05,0.787279412451125
1998-08-06,0.7672387687246249
1998-08-07,0.7902036061118997
1998-08-08,0.7757969688880337
1998-08-09,
1998-08-10,
1998-08-11,
1998-08-12,0.7492199459618784
1998-08-13,0.7225962336690264
1998-08-14,0.7500416384829622
1998-08-15,
1998-08-16,0.77885611277978
1998-08-17,0.7783861803179556
1998-08-18,
1998-08-19,
1998-08-20,0.760572947137537
1998-08-21,0.757124262714669
1998-08-22,0.7519019651867603
1998-08-23,0.7423045234343733
1998-08-24,0.7752181550436451
1998-08-25,0.7560127532723466
1998-08-26,
1998-08-27,
1998-08-28,0.7789555696145254
1998-08-29,0.7813951896454949
1998-08-30,0.7228519201176836
1998-08-31,0.7617926819305006
1998-09-01,0.760364346649712
1998-09-02,0.7624952943397588
1998-09-03,
1998-09-04,
1998-09-05,0.744224476354319
1998-09-06,0.7205344175533479
1998-09-07,0.7853132763493005
1998-09-08,0.7442749420230584
1998-09-09,0.7723579990709055
1998-09-10,0.6887008863699355
1998-09-11,
1998-09-12,
1998-09-13,
1998-09-14,0.7625743752071263
1998-09-15,0.7547321526838601
1998-09-16,0.7720787786286332
1998-09-17,0.7357517469125426
1998-09-18,0.7667468001498192
1998-09-19,0.757427011695928
1998-09-20,
1998-09-21,
1998-09-22,0.7907221131520034
1998-09-23,0.7226891228774299
1998-09-24,0.7328047200499455
1998-09-25,0.7172658309627463
1998-09-26,0.7282034337094954
1998-09-27,0.7684002057228273
1998-09-28,
1998-09-29,
1998-09-30,0.7836372574156978
1998-10-01,0.7455155520603611
1998-10-02,0.7656998716841067
1998-10-03,0.728542454032427
1998-10-04,0.7485336757560316
1998-10-05,0.7518417486600542
1998-10-06,
1998-10-07,
1998-10-08,0.792211565687853
1998-10-09,0.7698642311338013
1998-10-10,0.734148914667954
1998-10-11,0.755890009782997
1998-10-12,0.7240512890595772
1998-10-13,0.7557653555892823
1998-10-14,
1998-10-15,
1998-10-16,
1998-10-17,0.7273616253292559
1998-10-18,0.7158060025985359
1998-10-19,0.7460577101922026
1998-10-20,0.7136741075033451
1998-10-21,0.7612317654268707
1998-10-22,0.7051621310479472
1998-10-23,
1998-10-24,
1998-10-25,0.7665124684284711
1998-10-26,0.7468660850343996
1998-10-27,0.7455486191065192
1998-10-28,0.738167344639947
1998-10-29,0.7197371859157351
1998-10-30,0.7237482425988618
1998-10-31,
1998-11-01,
1998-11-02,0.7214189366325902
1998-11-03,0.6958707697860911
1998-11-04,0.5603649851632048
1998-11-05,0.6129089634909622
1998-11-06,0.611091247750479
1998-11-07,0.72424093486696
1998-11-08,
1998-11-09,
1998-11-10,0.7641801624083285
1998-11-11,0.6786255122213395
1998-11-12,0.6465294114343697
1998-11-13,0.7607784235091688
1998-11-14,
1998-11-15,0.7295720457700797
1998-11-16,
1998-11-17,
1998-11-18,
1998-11-19,0.6950646990469499
1998-11-20,0.7802361462194641
1998-11-21,0.7268976582256491
1998-11-22,
1998-11-23,0.7098020037914462
1998-11-24,0.651786712802893
1998-11-25,
1998-11-26,
1998-11-27,0.7044978838236967
1998-11-28,0.65717229898588
1998-11-29,0.747263311321402
1998-11-30,0.7051876049877761
1998-12-01,0.7189206409080104
1998-12-02,0.7231735266293962
1998-12-03,
1998-12-04,
1998-12-05,0.7539609492588636
1998-12-06,0.7150104138462989
1998-12-07,
1998-12-08,0.6430700381907148
1998-12-09,0.5863442467765824
1998-12-10,
1998-12-11,
1998-12-12,
1998-12-13,
1998-12-14,
1998-12-15,
1998-12-16,0.6793698980322035
1998-12-17,0.7224354213208404
1998-12-18,
1998-12-19,
1998-12-20,
1998-12-21,
1998-12-22,
1998-12-23,
1998-12-24,
1998-12-25,
1998-12-26,
1998-12-27,
1998-12-28,
1998-12-29,
1998-12-30,
1998-12-31,
1999-01-01,
1999-01-02,
1999-01-03,
1999-01-04,
1999-01-05,
1999-01-06,
1999-01-07,
1999-01-08,
1999-01-09,
1999-01-10,
1999-01-11,
1999-01-12,
1999-01-13,
1999-01-14,
1999-01-15,
1999-01-16,
1999-01-17,
1999-01-18,
1999-01-19,
1999-01-20,
1999-01-21,
1999-01-22,
1999-01-23,
1999-01-24,0.6017013072137075
1999-01-25,0.5950929201682207
1999-01-26,
1999-01-27,
1999-01-28,
1999-01-29,
1999-01-30,
1999-01-31,
1999-02-01,
1999-02-02,
1999-02-03,0.6220338246615277
1999-02-04,
1999-02-05,
1999-02-06,
1999-02-07,
1999-02-08,
1999-02-09,
1999-02-10,0.5844435835369493
1999-02-11,
1999-02-12,0.6641752846396568
1999-02-13,
1999-02-14,
1999-02-15,
1999-02-16,
1999-02-17,0.6600199775389513
1999-02-18,
1999-02-19,
1999-02-20,
1999-02-21,
1999-02-22,
1999-02-23,
1999-02-24,
1999-02-25,
1999-02-26,
1999-02-27,
1999-02-28,
1999-03-01,
1999-03-02,
1999-03-03,
1999-03-04,
1999-03-05,
1999-03-06,
1999-03-07,
1999-03-08,
1999-03-09,
1999-03-10,
1999-03-11,
1999-03-12,
1999-03-13,
1999-03-14,
1999-03-15,
1999-03-16,
1999-03-17,
1999-03-18,
1999-03-19,
1999-03-20,
1999-03-21,
1999-03-22,
1999-03-23,0.5633199231899864
1999-03-24,0.5424187331089091
1999-03-25,
1999-03-26,
1999-03-27,
1999-03-28,
1999-03-29,
1999-03-30,0.6939654238563172
1999-03-31,0.7249457143060246
1999-04-01,0.715988077620334
1999-04-02,0.6582029204255909
1999-04-03,0.710231539510056
1999-04-04,0.6822701936323781
1999-04-05,
1999-04-06,
1999-04-07,0.6554327809526216
1999-04-08,0.6673185411078788
1999-04-09,0.6899614178414032
1999-04-10,
1999-04-11,
1999-04-12,0.6511748877398572
1999-04-13,
1999-04-14,
1999-04-15,0.7186294271157805
1999-04-16,0.7133585672753322
1999-04-17,0.6205470672608224
1999-04-18,0.6641940537962567
1999-04-19,0.7193877999896574
1999-04-20,0.6677873493421004
1999-04-21,
1999-04-22,
1999-04-23,0.724003232282428
1999-04-24,
1999-04-25,0.6019245283018868
1999-04-26,0.6614200178986263
1999-04-27,0.6890865769292195
1999-04-28,0.7251784784635604
1999-04-29,
1999-04-30,
1999-05-01,0.757315971527511
1999-05-02,0.7438122642856171
1999-05-03,0.6905817826157741
1999-05-04,0.7263580838874326
1999-05-05,0.7253537853793846
1999-05-06,0.7407197025689368
1999-05-07,
1999-05-08,
1999-05-09,
1999-05-10,0.6842916678856303
1999-05-11,0.7341261753146916
1999-05-12,0.6381296861529717
1999-05-13,0.732327112208856
1999-05-14,0.7362554235266465
1999-05-15,0.7385204341172825
1999-05-16,
1999-05-17,
1999-05-18,0.7762208176702368
1999-05-19,0.7734114674595697
1999-05-20,0.7589385292763549
1999-05-21,0.7311925633168147
1999-05-22,0.7440935745600781
1999-05-23,0.7724790675640739
1999-05-24,
1999-05-25,
1999-05-26,0.7175254121609798
1999-05-27,0.718492328488066
1999-05-28,0.7284492282882369
1999-05-29,0.7214054707392767
1999-05-30,0.7240052004773098
1999-05-31,0.7602302649123832
1999-06-01,
1999-06-02,
1999-06-03,0.7748063830203565
1999-06-04,
1999-06-05,0.7664567776793186
1999-06-06,0.7556889398198654
1999-06-07,0.7140856783101726
1999-06-08,0.7315842989311947
1999-06-09,
1999-06-10,
1999-06-11,0.7793698124814349
1999-06-12,0.7272681823448106
1999-06-13,0.7437611353199594
1999-06-14,0.771669610597309
1999-06-15,0.7664798165515329
1999-06-16,0.7528846112521406
1999-06-17,
1999-06-18,
1999-06-19,0.7849205497479231
1999-06-20,0.7685306973256655
1999-06-21,0.783679676154958
1999-06-22,0.7125203302795828
1999-06-23,0.7598870806015071
1999-06-24,0.7496661260285981
1999-06-25,
1999-06-26,
1999-06-27,
1999-06-28,0.7818205646248437
1999-06-29,0.6973591916372491
1999-06-30,0.7061236470420014
1999-07-01,0.7583045211497498
1999-07-02,0.7791905765947316
1999-07-03,0.775916779000733
1999-07-04,
1999-07-05,
1999-07-06,0.7310622791253105
1999-07-07,0.7158127680469657
1999-07-08,0.7185291906721636
1999-07-09,0.7745860067884349
1999-07-10,0.7717919646212503
1999-07-11,0.7476127927066467
1999-07-12,
1999-07-13,
1999-07-14,
1999-07-15,0.7448195507179332
1999-07-16,0.7645223822511228
1999-07-17,0.7554504804083348
1999-07-18,0.7271548629299365
1999-07-19,0.7351429235083239
1999-07-20,
1999-07-21,
1999-07-22,0.8071279278813704
1999-07-23,0.7693264395204569
1999-07-24,0.7346017261160743
1999-07-25,0.7475349246286171
1999-07-26,0.7622353843271172
1999-07-27,0.7768932589296069
1999-07-28,
1999-07-29,
1999-07-30,0.7967600975397261
1999-07-31,0.7366981354032002
1999-08-01,0.7486807348662765
1999-08-02,0.7453166425301123
1999-08-03,0.7554749566302058
1999-08-04,0.7853736707589168
1999-08-05,
1999-08-06,
1999-08-07,0.7841793842353325
1999-08-08,0.7941326695893064
1999-08-09,0.7535497465494954
1999-08-10,0.7769931885210144
1999-08-11,0.7872102509037653
1999-08-12,0.7625527419367447
1999-08-13,
1999-08-14,
1999-08-15,0.7658111346723747
1999-08-16,0.7547982154238214
1999-08-17,0.7618697537030773
1999-08-18,0.7125686045182456
1999-08-19,0.7512321704637588
1999-08-20,0.5799515657309036
1999-08-21,
1999-08-22,
1999-08-23,0.7233288401253919
1999-08-24,0.7592763982400733
1999-08-25,0.7608800004973298
1999-08-26,0.7955000063931672
1999-08-27,0.7796804059810006
1999-08-28,0.7954189767791533
1999-08-29,
1999-08-30,
1999-08-31,
1999-09-01,0.769495397588754
1999-09-02,0.7562281650944421
1999-09-03,0.7421841303769701
1999-09-04,0.7679416827340835
1999-09-05,0.7953169154269961
1999-09-06,0.7950922537996679
1999-09-07,
1999-09-08,
1999-09-09,0.7541875061902444
1999-09-10,0.7231478252040867
1999-09-11,0.7501149321293638
1999-09-12,0.7560139610277489
1999-09-13,0.7683534441848139
1999-09-14,0.7916062378535743
1999-09-15,
1999-09-16,
1999-09-17,0.8013496420365369
1999-09-18,0.7432130765782761
1999-09-19,0.720529191904754
1999-09-20,0.7779921584038467
1999-09-21,0.746318553720779
1999-09-22,0.7427090094649685
1999-09-23,
1999-09-24,
1999-09-25,0.7598933236451026
1999-09-26,0.7362018193453744
1999-09-27,0.7476795233932412
1999-09-28,0.7206171276201288
1999-09-29,0.7520298839408711
1999-09-30,0.761418097879843
1999-10-01,
1999-10-02,
1999-10-03,0.7873525086417702
1999-10-04,0.7856649298694564
1999-10-05,0.7709695008885016
1999-10-06,0.7225603381651637
1999-10-07,0.6915596113257219
1999-10-08,0.7210390723739475
1999-10-09,
1999-10-10,
1999-10-11,0.7508644339324829
1999-10-12,0.7444808097685617
1999-10-13,0.696978821127872
1999-10-14,0.6763336169415766
1999-10-15,0.7321444966860128
1999-10-16,0.7325422532732375
1999-10-17,
1999-10-18,
1999-10-19,0.630276595744681
1999-10-20,0.7397803721258147
1999-10-21,0.7562075935002617
1999-10-22,0.68837613669199
1999-10-23,0.7436834202815139
1999-10-24,0.7163479597269282
1999-10-25,
1999-10-26,
1999-10-27,0.7246456812725605
1999-10-28,
1999-10-29,0.7036576778871233
1999-10-30,0.748957869338211
1999-10-31,0.7049324540713089
1999-11-01,0.7279893493296387
1999-11-02,
1999-11-03,
1999-11-04,
1999-11-05,0.7011255232282668
1999-11-06,0.6916020104010466
1999-11-07,0.7133866180333659
1999-11-08,
1999-11-09,0.7677786164015216
1999-11-10,
1999-11-11,
1999-11-12,
1999-11-13,0.7257501580361922
1999-11-14,0.7161106378847698
1999-11-15,0.6955091708391598
1999-11-16,
1999-11-17,
1999-11-18,
1999-11-19,
1999-11-20,
1999-11-21,0.7431186779255591
1999-11-22,0.6977957171017888
1999-11-23,0.739235819460018
1999-11-24,0.7383895317849889
1999-11-25,0.7203296657320698
1999-11-26,0.7968796890974941
1999-11-27,
1999-11-28,
1999-11-29,
1999-11-30,
1999-12-01,
1999-12-02,
1999-12-03,
1999-12-04,0.6988398394425626
1999-12-05,
1999-12-06,
1999-12-07,0.6104
1999-12-08,
1999-12-09,
1999-12-10,0.706904818249388
1999-12-11,0.617882764294529
1999-12-12,
1999-12-13,
1999-12-14,
1999-12-15,0.5062434957393563
1999-12-16,0.60339291750419
1999-12-17,
1999-12-18,
1999-12-19,
1999-12-20,
1999-12-21,
1999-12-22,
1999-12-23,
1999-12-24,
1999-12-25,
1999-12-26,
1999-12-27,
1999-12-28,
1999-12-29,
1999-12-30,
1999-12-31,
2000-01-01,
2000-01-02,
2000-01-03,0.6677308022132723
2000-01-04,0.6972944253731236
2000-01-05,
2000-01-06,
2000-01-07,
2000-01-08,
2000-01-09,0.6910028885152661
2000-01-10,
2000-01-11,0.6628799969243245
2000-01-12,0.5913979739825965
2000-01-13,
2000-01-14,
2000-01-15,
2000-01-16,
2000-01-17,
2000-01-18,
2000-01-19,
2000-01-20,
2000-01-21,
2000-01-22,
2000-01-23,
2000-01-24,
2000-01-25,
2000-01-26,
2000-01-27,
2000-01-28,
2000-01-29,
2000-01-30,
2000-01-31,
2000-02-01,
2000-02-02,
2000-02-03,
2000-02-04,
2000-02-05,
2000-02-06,
2000-02-07,
2000-02-08,
2000-02-09,
2000-02-10,
2000-02-11,
2000-02-12,
2000-02-13,
2000-02-14,
2000-02-15,
2000-02-16,
2000-02-17,
2000-02-18,
2000-02-19,
2000-02-20,
2000-02-21,
2000-02-22,
2000-02-23,
2000-02-24,
2000-02-25,0.6734444641690924
2000-02-26,0.6416698926662688
2000-02-27,0.614462273925703
2000-02-28,0.5937508970894928
2000-02-29,
2000-03-01,
2000-03-02,
2000-03-03,
2000-03-04,
2000-03-05,0.6401804089901552
2000-03-06,
2000-03-07,
2000-03-08,0.7065647424517534
2000-03-09,0.6956897810893411
2000-03-10,
2000-03-11,
2000-03-12,
2000-03-13,
2000-03-14,
2000-03-15,0.677729235076196
2000-03-16,0.6750097156513062
2000-03-17,
2000-03-18,
2000-03-19,
2000-03-20,0.6642754193870317
2000-03-21,0.6840471894026624
2000-03-22,0.6768992222042193
2000-03-23,0.6696069482767117
2000-03-24,0.6791111118350679
2000-03-25,0.7104664146430896
2000-03-26,
2000-03-27,
2000-03-28,0.6836180425950933
2000-03-29,0.6918641018458891
2000-03-30,0.6446539255112187
2000-03-31,
2000-04-01,0.6032830188679246
2000-04-02,0.7434149131656181
2000-04-03,
2000-04-04,
2000-04-05,
2000-04-06,0.6489385054008021
2000-04-07,0.6410955197924131
2000-04-08,0.6880857478269653
2000-04-09,
2000-04-10,
2000-04-11,
2000-04-12,
2000-04-13,
2000-04-14,0.6991664425406783
2000-04-15,0.7282381217044296
2000-04-16,0.6932404504539477
2000-04-17,0.7080014520500943
2000-04-18,0.688544779294591
2000-04-19,
2000-04-20,
2000-04-21,0.7052953392290308
2000-04-22,0.589335096694038
2000-04-23,0.5924498075382926
2000-04-24,0.6557483431498091
2000-04-25,0.6787178484041455
2000-04-26,0.6903460444739775
2000-04-27,
2000-04-28,
2000-04-29,0.6944987893509439
2000-04-30,0.7079260265505659
2000-05-01,0.7124554145137345
2000-05-02,0.6537803845745286
2000-05-03,0.6954615158482276
2000-05-04,0.7128949939418986
2000-05-05,
2000-05-06,
2000-05-07,0.7468562829220771
2000-05-08,0.7586884181318058
2000-05-09,0.7802607204110206
2000-05-10,0.7228142941419547
2000-05-11,0.6916471459509579
2000-05-12,0.7755189535491773
2000-05-13,
2000-05-14,
2000-05-15,0.7055691679509706
2000-05-16,0.7222209818833065
2000-05-17,0.6975653969380508
2000-05-18,0.7368453659796803
2000-05-19,0.6876148455942437
2000-05-20,0.6945616164572652
2000-05-21,
2000-05-22,
2000-05-23,
2000-05-24,0.6990728707287129
2000-05-25,0.6773844768941079
2000-05-26,0.678733567741218
2000-05-27,0.6697785708443043
2000-05-28,0.7009767536528323
2000-05-29,
2000-05-30,
2000-05-31,0.7280542144148533
2000-06-01,0.7381989856995826
2000-06-02,0.7021478984764388
2000-06-03,0.7317329479511924
2000-06-04,0.7151964997895439
2000-06-05,0.7230051850180604
2000-06-06,
2000-06-07,
2000-06-08,0.7435334418891509
2000-06-09,0.7212384738307128
2000-06-10,0.7054802367008047
2000-06-11,0.7346554164588375
2000-06-12,0.7626756399573433
2000-06-13,
2000-06-14,
2000-06-15,
2000-06-16,0.7133901583778367
2000-06-17,0.7480338626647539
2000-06-18,0.7556334044399156
2000-06-19,0.7263573108345522
2000-06-20,0.7445959852530245
2000-06-21,
2000-06-22,
2000-06-23,0.6351379310344827
2000-06-24,0.7267454806361604
2000-06-25,0.7145331166471144
2000-06-26,0.7270638348099999
2000-06-27,0.7483073145653683
2000-06-28,0.7210605819091053
2000-06-29,
2000-06-30,
2000-07-01,0.706101518900675
2000-07-02,0.7329254145466074
2000-07-03,0.7631477665142576
2000-07-04,0.7526320990838983
2000-07-05,0.7503223647879486
2000-07-06,0.757020705987285
2000-07-07,
2000-07-08,
2000-07-09,0.7314234240340276
2000-07-10,0.7369813426857571
2000-07-11,0.748583040978847
2000-07-12,0.7503088985975085
2000-07-13,0.7199073343164251
2000-07-14,0.7709747101905706
2000-07-15,
2000-07-16,
2000-07-17,0.7556007567909283
2000-07-18,0.7342079837814549
2000-07-19,0.7860917691003746
2000-07-20,0.7698282978807864
2000-07-21,0.8098027115755504
2000-07-22,0.718197468433911
2000-07-23,
2000-07-24,
2000-07-25,0.7591187064240558
2000-07-26,0.7504722071357373
2000-07-27,0.7686756332185832
2000-07-28,0.7840624331608292
2000-07-29,0.7740561957215446
2000-07-30,0.7738792324867559
2000-07-31,
2000-08-01,
2000-08-02,0.741562679379948
2000-08-03,0.7362376146459333
2000-08-04,0.7296847870001392
2000-08-05,0.6929746551547369
2000-08-06,0.7435893593604338
2000-08-07,0.7777104728865291
2000-08-08,
2000-08-09,
2000-08-10,0.7682819844867773
2000-08-11,0.7455702129941623
2000-08-12,0.7644076678120154
2000-08-13,0.7500079361307169
2000-08-14,0.7557717171418604
2000-08-15,0.7595924235385506
2000-08-16,
2000-08-17,
2000-08-18,0.7839610891125316
2000-08-19,0.709017105734684
2000-08-20,0.7494852571668014
2000-08-21,0.7651125852565981
2000-08-22,0.7847799727452701
2000-08-23,
2000-08-24,
2000-08-25,
2000-08-26,0.73515407272878
2000-08-27,0.7724549311988115
2000-08-28,0.7561746119105706
2000-08-29,0.740055101674474
2000-08-30,0.7734409317425929
2000-08-31,
2000-09-01,
2000-09-02,0.7493581555431366
2000-09-03,0.7853267550376731
2000-09-04,0.7689394487442476
2000-09-05,0.7367949081778576
2000-09-06,0.7412726315628703
2000-09-07,0.7473627245278754
2000-09-08,
2000-09-09,
2000-09-10,0.7672941304141876
2000-09-11,0.7983662560324408
2000-09-12,0.7951090651101406
2000-09-13,0.7582144271690572
2000-09-14,0.7485156661447904
2000-09-15,0.7824798512982215
2000-09-16,
2000-09-17,
2000-09-18,0.7655479589192106
2000-09-19,0.78270568334118
2000-09-20,0.72090057360409
2000-09-21,0.7422269957921
2000-09-22,0.7815883557666983
2000-09-23,0.6941923770954144
2000-09-24,
2000-09-25,
2000-09-26,0.758368279468248
2000-09-27,0.7463461562459696
2000-09-28,0.7605053048801308
2000-09-29,
2000-09-30,0.7450970696123361
2000-10-01,0.7649372930035785
2000-10-02,
2000-10-03,
2000-10-04,0.7943294549600807
2000-10-05,0.7483070334722975
2000-10-06,0.7268812355565224
2000-10-07,0.7053497326906304
2000-10-08,0.6851622298141933
2000-10-09,
2000-10-10,
2000-10-11,
2000-10-12,0.7331038269600652
2000-10-13,0.7352778190023204
2000-10-14,0.7261637966530452
2000-10-15,0.7490044299313721
2000-10-16,0.7662496347373812
2000-10-17,
2000-10-18,
2000-10-19,
2000-10-20,0.6901395357551614
2000-10-21,0.715958129932986
2000-10-22,0.6825265264963016
2000-10-23,0.6213615488988624
2000-10-24,0.7474877786115419
2000-10-25,
2000-10-26,
2000-10-27,
2000-10-28,0.7094892788590773
2000-10-29,0.6824806693253183
2000-10-30,0.6888987124952726
2000-10-31,
2000-11-01,
2000-11-02,
2000-11-03,
2000-11-04,0.7254001695289322
2000-11-05,0.7470811500643286
2000-11-06,
2000-11-07,
2000-11-08,0.769018125753758
2000-11-09,0.7833724848867591
2000-11-10,
2000-11-11,
2000-11-12,0.7434837839705103
2000-11-13,0.6196362068207788
2000-11-14,0.6781996003684155
2000-11-15,0.5725069067185298
2000-11-16,0.6198571428571429
2000-11-17,0.7093396176471826
2000-11-18,
2000-11-19,
2000-11-20,
2000-11-21,
2000-11-22,
2000-11-23,
2000-11-24,
2000-11-25,
2000-11-26,
2000-11-27,
2000-11-28,0.7187785363727025
2000-11-29,0.688666544387381
2000-11-30,0.5593783783783784
2000-12-01,
2000-12-02,
2000-12-03,
2000-12-04,
2000-12-05,
2000-12-06,
2000-12-07,
2000-12-08,
2000-12-09,
2000-12-10,
2000-12-11,
2000-12-12,
2000-12-13,
2000-12-14,
2000-12-15,
2000-12-16,
2000-12-17,
2000-12-18,
2000-12-19,
2000-12-20,
2000-12-21,
2000-12-22,
2000-12-23,
2000-12-24,
2000-12-25,
2000-12-26,
2000-12-27,
2000-12-28,
2000-12-29,
2000-12-30,
2000-12-31,
2001-01-01,
2001-01-02,
2001-01-03,
2001-01-04,
2001-01-05,
2001-01-06,
2001-01-07,
2001-01-08,
2001-01-09,
2001-01-10,
2001-01-11,
2001-01-12,
2001-01-13,
2001-01-14,
2001-01-15,
2001-01-16,
2001-01-17,
2001-01-18,
2001-01-19,
2001-01-20,
2001-01-21,
2001-01-22,
2001-01-23,
2001-01-24,
2001-01-25,
2001-01-26,
2001-01-27,
2001-01-28,
2001-01-29,
2001-01-30,
2001-01-31,
2001-02-01,
2001-02-02,
2001-02-03,
2001-02-04,
2001-02-05,
2001-02-06,
2001-02-07,
2001-02-08,
2001-02-09,
2001-02-10,0.6354370717480174
2001-02-11,
2001-02-12,
2001-02-13,
2001-02-14,
2001-02-15,
2001-02-16,
2001-02-17,
2001-02-18,
2001-02-19,
2001-02-20,
2001-02-21,
2001-02-22,
2001-02-23,
2001-02-24,
2001-02-25,
2001-02-26,
2001-02-27,
2001-02-28,
2001-03-01,
2001-03-02,
2001-03-03,
2001-03-04,
2001-03-05,
2001-03-06,
2001-03-07,
2001-03-08,
2001-03-09,
2001-03-10,
2001-03-11,
2001-03-12,
2001-03-13,
2001-03-14,
2001-03-15,
2001-03-16,
2001-03-17,
2001-03-18,
2001-03-19,
2001-03-20,
2001-03-21,
2001-03-22,
2001-03-23,
2001-03-24,
2001-03-25,
2001-03-26,
2001-03-27,
2001-03-28,
2001-03-29,
2001-03-30,
2001-03-31,
2001-04-01,
2001-04-02,
2001-04-03,
2001-04-04,
2001-04-05,
2001-04-06,
2001-04-07,
2001-04-08,0.623838158445114
2001-04-09,0.581023976723972
2001-04-10,0.5749985360021965
2001-04-11,0.6413849157239818
2001-04-12,0.6923211195129283
2001-04-13,0.6398528789978021
2001-04-14,
2001-04-15,
2001-04-16,0.658508760214048
2001-04-17,0.6623124897008708
2001-04-18,0.506817987602298
2001-04-19,
2001-04-20,
2001-04-21,0.6874990958994763
2001-04-22,
2001-04-23,
2001-04-24,0.7406718719508523
2001-04-25,0.668693822672423
2001-04-26,0.6119013038243808
2001-04-27,0.6684023222430487
2001-04-28,0.7160373310184519
2001-04-29,
2001-04-30,
2001-05-01,0.7032775947164589
2001-05-02,0.7578138657568196
2001-05-03,0.7438316497992681
2001-05-04,0.7456816151634057
2001-05-05,0.7474083601317348
2001-05-06,0.7142722302253586
2001-05-07,
2001-05-08,
2001-05-09,0.698588114835932
2001-05-10,0.7056112467761367
2001-05-11,0.7347553727289551
2001-05-12,0.739454852261779
2001-05-13,0.709095725096495
2001-05-14,0.7182609853143436
2001-05-15,
2001-05-16,
2001-05-17,
2001-05-18,0.7809308919783161
2001-05-19,0.7049237875531338
2001-05-20,0.7449632606581308
2001-05-21,0.7695131629200856
2001-05-22,
2001-05-23,
2001-05-24,0.6543555555555556
2001-05-25,0.7084480299548385
2001-05-26,0.7454102001853461
2001-05-27,0.7360212544115428
2001-05-28,0.7415495565552003
2001-05-29,0.7194867732818601
2001-05-30,
2001-05-31,
2001-06-01,0.7383465225174577
2001-06-02,0.7268869256004473
2001-06-03,0.730273271869006
2001-06-04,0.6907743842104096
2001-06-05,0.7003902942295934
2001-06-06,0.7027364987954569
2001-06-07,
2001-06-08,
2001-06-09,0.7598752277011697
2001-06-10,0.7410519536829998
2001-06-11,0.7803861984109604
2001-06-12,
2001-06-13,0.7253059928520739
2001-06-14,
2001-06-15,
2001-06-16,0.7574955714162871
2001-06-17,0.747939119894181
2001-06-18,0.7358717581400178
2001-06-19,
2001-06-20,0.7716530495038757
2001-06-21,0.7605838464883781
2001-06-22,
2001-06-23,
2001-06-24,0.7281594564361263
2001-06-25,0.7372501258929421
2001-06-26,0.7262816547825043
2001-06-27,0.7342080801349699
2001-06-28,0.7265494641246135
2001-06-29,0.7537061172381927
2001-06-30,
2001-07-01,
2001-07-02,0.7316531810416895
2001-07-03,0.7709687835155369
2001-07-04,0.7687999462186991
2001-07-05,0.7451667804751377
2001-07-06,0.7678835365217704
2001-07-07,
2001-07-08,
2001-07-09,0.7383199134199137
2001-07-10,0.77012447572827
2001-07-11,0.7357922133435776
2001-07-12,0.7555361333388478
2001-07-13,0.7824873051124104
2001-07-14,0.7981514251908465
2001-07-15,
2001-07-16,
2001-07-17,0.8044266931585385
2001-07-18,0.7445606534170397
2001-07-19,0.7607290743789753
2001-07-20,0.7287277297975673
2001-07-21,0.7596597846344211
2001-07-22,0.7581989223557459
2001-07-23,
2001-07-24,
2001-07-25,0.7676145151486352
2001-07-26,0.8110338484303343
2001-07-27,0.7570418367197904
2001-07-28,0.739508983461231
2001-07-29,0.7913748454358677
2001-07-30,
2001-07-31,
2001-08-01,0.764077779179067
2001-08-02,0.7740802959198541
2001-08-03,0.7733195309732505
2001-08-04,0.7731924323810414
2001-08-05,0.7469190538669844
2001-08-06,0.7760489402607536
2001-08-07,
2001-08-08,
2001-08-09,0.7653077344949896
2001-08-10,0.8204548455856078
2001-08-11,0.7466176163062578
2001-08-12,0.7574632509930572
2001-08-13,0.7571438102576119
2001-08-14,0.7628149182453045
2001-08-15,
2001-08-16,
2001-08-17,0.7168173396058867
2001-08-18,0.7108238746244526
2001-08-19,0.7818597646223651
2001-08-20,0.7420155264037693
2001-08-21,0.7603599502517613
2001-08-22,
2001-08-23,
2001-08-24,0.7339702887257775
2001-08-25,0.7868273814578332
2001-08-26,0.7490206169460442
2001-08-27,0.7650195021150017
2001-08-28,0.8028077296137041
2001-08-29,0.7599527878176546
2001-08-30,
2001-08-31,
2001-09-01,0.7428332145439789
2001-09-02,0.732719701693708
2001-09-03,0.7616335539908972
2001-09-04,0.7446632416303378
2001-09-05,0.7719350562852542
2001-09-06,0.7591230602735929
2001-09-07,
2001-09-08,
2001-09-09,0.763961328718315
2001-09-10,0.7750943226264708
2001-09-11,0.7594563362513924
2001-09-12,0.7933418139046299
2001-09-13,0.7873673262799785
2001-09-14,
2001-09-15,
2001-09-16,0.7618815640072184
2001-09-17,0.7584464987452996
2001-09-18,0.7622939991375898
2001-09-19,0.7746786776934739
2001-09-20,0.7907578484668767
2001-09-21,0.7750797009309623
2001-09-22,
2001-09-23,
2001-09-24,0.7727849650394143
2001-09-25,0.7736861081826257
2001-09-26,0.7173033531228692
2001-09-27,0.7250937134178015
2001-09-28,0.7404705984163221
2001-09-29,0.7546703955315398
2001-09-30,
2001-10-01,
2001-10-02,0.7734337554937999
2001-10-03,0.728457697086037
2001-10-04,0.6964046255890366
2001-10-05,0.7560698802790038
2001-10-06,0.7716876671756692
2001-10-07,
2001-10-08,
2001-10-09,
2001-10-10,0.7557513531733719
2001-10-11,0.7504841248332097
2001-10-12,0.7638778450115071
2001-10-13,0.7379272447752416
2001-10-14,0.7410465768073436
2001-10-15,
2001-10-16,
2001-10-17,0.710640440424165
2001-10-18,0.6885147429960655
2001-10-19,0.7522844204576764
2001-10-20,0.7333810709253381
2001-10-21,0.7422182973328276
2001-10-22,
2001-10-23,
2001-10-24,0.7713891986093453
2001-10-25,0.7138778252854493
2001-10-26,0.7019984926347561
2001-10-27,0.6796084534169771
2001-10-28,0.7292586754409867
2001-10-29,
2001-10-30,
2001-10-31,
2001-11-01,0.7527056741483792
2001-11-02,0.708891341680319
2001-11-03,0.674405864082879
2001-11-04,0.7514222896314544
2001-11-05,0.7128289894032942
2001-11-06,
2001-11-07,
2001-11-08,
2001-11-09,0.6969016682027569
2001-11-10,0.6852192720968265
2001-11-11,0.6852451308510414
2001-11-12,
2001-11-13,
2001-11-14,
2001-11-15,
2001-11-16,0.7148689605848523
2001-11-17,0.6953266681247456
2001-11-18,0.7103966587546652
2001-11-19,0.7243837118554988
2001-11-20,0.7064555667945451
2001-11-21,0.6291536277602523
2001-11-22,
2001-11-23,
2001-11-24,0.6714761864919131
2001-11-25,0.72426789419661
2001-11-26,0.6746590549050712
2001-11-27,0.6986832570888178
2001-11-28,0.7240403335886413
2001-11-29,
2001-11-30,
2001-12-01,0.6847395794577757
2001-12-02,0.6694253242139998
2001-12-03,0.670736132961589
2001-12-04,0.6690069095685238
2001-12-05,0.6823601819301459
2001-12-06,0.7184925620844634
2001-12-07,
2001-12-08,
2001-12-09,0.5818423280975161
2001-12-10,
2001-12-11,
2001-12-12,
2001-12-13,0.6662482218408246
2001-12-14,
2001-12-15,
2001-12-16,
2001-12-17,
2001-12-18,0.6557873243923052
2001-12-19,0.6660325272666454
2001-12-20,0.7330859406964718
2001-12-21,
2001-12-22,
2001-12-23,
2001-12-24,
2001-12-25,
2001-12-26,
2001-12-27,
2001-12-28,
2001-12-29,
2001-12-30,
2001-12-31,
2002-01-01,
2002-01-02,
2002-01-03,
2002-01-04,
2002-01-05,
2002-01-06,
2002-01-07,
2002-01-08,
2002-01-09,
2002-01-10,
2002-01-11,0.6562089599271248
2002-01-12,0.6486317567567568
2002-01-13,
2002-01-14,
2002-01-15,
2002-01-16,
2002-01-17,
2002-01-18,
2002-01-19,
2002-01-20,
2002-01-21,
2002-01-22,
2002-01-23,0.5812036710825678
2002-01-24,0.6699227235449307
2002-01-25,
2002-01-26,0.5819878545071778
2002-01-27,0.6207835067770364
2002-01-28,
2002-01-29,
2002-01-30,0.8562767137410566
2002-01-31,
2002-02-01,
2002-02-02,
2002-02-03,
2002-02-04,
2002-02-05,
2002-02-06,
2002-02-07,
2002-02-08,
2002-02-09,0.7110087969378209
2002-02-10,
2002-02-11,
2002-02-12,
2002-02-13,
2002-02-14,
2002-02-15,0.5425153610974816
2002-02-16,0.678712352751745
2002-02-17,0.5734385353720004
2002-02-18,
2002-02-19,
2002-02-20,
2002-02-21,
2002-02-22,
2002-02-23,
2002-02-24,
2002-02-25,
2002-02-26,0.6798346729799795
2002-02-27,
2002-02-28,
2002-03-01,
2002-03-02,
2002-03-03,0.7066782401101512
2002-03-04,
2002-03-05,
2002-03-06,
2002-03-07,
2002-03-08,
2002-03-09,0.6801544549501232
2002-03-10,
2002-03-11,
2002-03-12,
2002-03-13,
2002-03-14,
2002-03-15,
2002-03-16,0.6298308620453154
2002-03-17,
2002-03-18,
2002-03-19,0.5988123927742457
2002-03-20,
2002-03-21,
2002-03-22,
2002-03-23,
2002-03-24,
2002-03-25,
2002-03-26,
2002-03-27,
2002-03-28,
2002-03-29,
2002-03-30,
2002-03-31,0.5956498247284427
2002-04-01,0.6991079393677468
2002-04-02,0.5719628482972137
2002-04-03,0.672908311799394
2002-04-04,
2002-04-05,
2002-04-06,
2002-04-07,
2002-04-08,0.7300363421033486
2002-04-09,0.6962574894166327
2002-04-10,0.6627126282188887
2002-04-11,0.6850268242413742
2002-04-12,
2002-04-13,
2002-04-14,
2002-04-15,0.694457025745983
2002-04-16,0.7151593076948447
2002-04-17,0.7210772333317574
2002-04-18,0.735629082926114
2002-04-19,0.7446677067058479
2002-04-20,
2002-04-21,
2002-04-22,0.7217305637757779
2002-04-23,
2002-04-24,
2002-04-25,0.7979808134047617
2002-04-26,0.711074638698352
2002-04-27,
2002-04-28,
2002-04-29,0.7193424324874835
2002-04-30,0.6854935651452859
2002-05-01,0.662114301702178
2002-05-02,0.7394986844874496
2002-05-03,0.672244044594669
2002-05-04,0.7034357572077273
2002-05-05,
2002-05-06,
2002-05-07,0.7246544748065562
2002-05-08,0.7083977047746693
2002-05-09,0.7432393797525148
2002-05-10,0.7035920613796104
2002-05-11,0.7139745724732542
2002-05-12,
2002-05-13,
2002-05-14,0.6483347943861101
2002-05-15,0.6860654576366181
2002-05-16,0.6938857193139154
2002-05-17,0.6840713901042906
2002-05-18,0.6909418174584834
2002-05-19,
2002-05-20,
2002-05-21,0.7389201305807748
2002-05-22,
2002-05-23,0.6757664994569976
2002-05-24,
2002-05-25,0.7091092392731686
2002-05-26,0.7097170136017834
2002-05-27,
2002-05-28,
2002-05-29,0.7259485585973833
2002-05-30,0.7013849582297527
2002-05-31,0.7165004810795306
2002-06-01,0.6840289617758593
2002-06-02,0.7006086773415473
2002-06-03,
2002-06-04,
2002-06-05,0.6857723236461369
2002-06-06,0.7090825320914645
2002-06-07,0.7132811045239261
2002-06-08,0.6844478767971985
2002-06-09,0.747492879562254
2002-06-10,
2002-06-11,
2002-06-12,0.7523333891208883
2002-06-13,0.7489509399794045
2002-06-14,0.8015970989181035
2002-06-15,0.7111952292511323
2002-06-16,0.6967216700209217
2002-06-17,0.7172877337071185
2002-06-18,
2002-06-19,0.6929324000079228
2002-06-20,0.6461896443112072
2002-06-21,0.7171038657707228
2002-06-22,0.7307647523683817
2002-06-23,0.723054798107412
2002-06-24,0.708399118018504
2002-06-25,0.7401680667053859
2002-06-26,0.7283181548438415
2002-06-27,0.7191185161741418
2002-06-28,0.6712451793081864
2002-06-29,0.6792447220871208
2002-06-30,0.7257950997378542
2002-07-01,0.7029628156013612
2002-07-02,0.7310953062935662
2002-07-03,0.6934559690601114
2002-07-04,0.7470212002609264
2002-07-05,0.7063968805097013
2002-07-06,0.7141556090292412
2002-07-07,0.7302667636850984
2002-07-08,0.7566972702143465
2002-07-09,0.7491294084011788
2002-07-10,0.7402575955859708
2002-07-11,0.7529732175744525
2002-07-12,0.7187236297622
2002-07-13,0.679702668628305
2002-07-14,0.7389120749943449
2002-07-15,0.6850757249182643
2002-07-16,0.7193572212936737
2002-07-17,0.7475816654940547
2002-07-18,0.7415362395593418
2002-07-19,0.7437447532885295
2002-07-20,0.7046091833548783
2002-07-21,0.7477444841509575
2002-07-22,0.7446157535062943
2002-07-23,0.7578706897053589
2002-07-24,0.7524257078039638
2002-07-25,0.7475659283820835
2002-07-26,0.7325222163412934
2002-07-27,0.7305405636766003
2002-07-28,0.7531544723967195
2002-07-29,0.7237252124755461
2002-07-30,0.7332258287395044
2002-07-31,0.7208837535306639
2002-08-01,
2002-08-02,
2002-08-03,0.6792099130459133
2002-08-04,0.7117054834457699
2002-08-05,0.7426376713351516
2002-08-06,0.7252253545516508
2002-08-07,0.7375719427012095
2002-08-08,0.773333558262665
2002-08-09,0.7906108065590178
2002-08-10,0.7426911651438695
2002-08-11,0.7314865455239481
2002-08-12,0.7389184476587252
2002-08-13,0.7543901467605123
2002-08-14,0.7383533619838237
2002-08-15,0.7390896781429104
2002-08-16,0.6887559024440602
2002-08-17,0.75000007029197
2002-08-18,0.7465940070627081
2002-08-19,0.7306295826866012
2002-08-20,0.7782191750038144
2002-08-21,0.7035598370912779
2002-08-22,0.7453113289961081
2002-08-23,
2002-08-24,0.7866418010820284
2002-08-25,0.75504570555757
2002-08-26,0.7159206757715618
2002-08-27,0.7343342711652825
2002-08-28,0.7597585121887569
2002-08-29,0.7368279927499419
2002-08-30,
2002-08-31,0.7907595265913707
2002-09-01,0.7209377436364534
2002-09-02,0.771634158009235
2002-09-03,0.751508432845848
2002-09-04,0.7237473246200437
2002-09-05,0.7367680673110554
2002-09-06,
2002-09-07,0.7711259866053887
2002-09-08,
2002-09-09,0.7410529110266666
2002-09-10,0.750508730395082
2002-09-11,0.7461913013962715
2002-09-12,0.7418045816414373
2002-09-13,0.7435421780034236
2002-09-14,
2002-09-15,
2002-09-16,0.763076080020181
2002-09-17,0.6517805711848507
2002-09-18,0.6856353704694701
2002-09-19,0.7196255010923747
2002-09-20,0.7567910674609949
2002-09-21,0.7584231403892536
2002-09-22,
2002-09-23,0.7465336895310174
2002-09-24,0.7193943650548668
2002-09-25,0.7280495542347101
2002-09-26,0.7387048729819308
2002-09-27,0.7847300803292594
2002-09-28,0.7516449668589925
2002-09-29,0.7403417947315045
2002-09-30,0.7669693094529597
2002-10-01,0.7261549738159455
2002-10-02,0.7425202378876511
2002-10-03,0.754273568867395
2002-10-04,0.757552301472684
2002-10-05,0.7354808299029226
2002-10-06,0.7360174456067101
2002-10-07,0.7452979423237005
2002-10-08,0.7196091484785795
2002-10-09,0.7412142912785401
2002-10-10,0.7042980674095892
2002-10-11,0.7596147979915642
2002-10-12,0.7625054299674245
2002-10-13,0.7552002254393183
2002-10-14,0.727842738083876
2002-10-15,0.7284124475140559
2002-10-16,0.7319378696674465
2002-10-17,0.6856637027045065
2002-10-18,0.7541447102140414
2002-10-19,0.7315942137734476
2002-10-20,0.7310403583511675
2002-10-21,0.7402115611718768
2002-10-22,0.7244217358327549
2002-10-23,0.725512028955301
2002-10-24,
2002-10-25,0.492
2002-10-26,0.7365941929247569
2002-10-27,0.7330292683879045
2002-10-28,0.7554732261181978
2002-10-29,0.4892
2002-10-30,0.7050012553203836
2002-10-31,0.5569317406143345
2002-11-01,0.6896620608653895
2002-11-02,
2002-11-03,0.4731481481481481
2002-11-04,
2002-11-05,0.7108929917637788
2002-11-06,0.7311396962009081
2002-11-07,0.7243634699887341
2002-11-08,0.6524633272852098
2002-11-09,0.6761364832426958
2002-11-10,0.7116448211869223
2002-11-11,
2002-11-12,0.752366466446862
2002-11-13,0.7198842578232989
2002-11-14,0.7410088099030275
2002-11-15,0.7079940402389094
2002-11-16,0.5374000000000001
2002-11-17,0.5074705882352941
2002-11-18,0.6181
2002-11-19,
2002-11-20,0.5853976009758742
2002-11-21,0.6627346901264852
2002-11-22,0.6840201863538061
2002-11-23,0.5212222222222223
2002-11-24,0.5752950915369908
2002-11-25,0.6156930821497106
2002-11-26,0.48322222222222216
2002-11-27,
2002-11-28,
2002-11-29,0.5374000000000001
2002-11-30,0.546133213332056
2002-12-01,0.4976
2002-12-02,
2002-12-03,
2002-12-04,
2002-12-05,
2002-12-06,
2002-12-07,0.43606602899260327
2002-12-08,0.5064117647058823
2002-12-09,
2002-12-10,
2002-12-11,
2002-12-12,
2002-12-13,
2002-12-14,0.4189797681291203
2002-12-15,0.5122777777777778
2002-12-16,0.5053529411764706
2002-12-17,
2002-12-18,
2002-12-19,
2002-12-20,0.577026445487984
2002-12-21,0.5951622209984333
2002-12-22,
2002-12-23,0.5064117647058823
2002-12-24,
2002-12-25,0.4838148148148148
2002-12-26,
2002-12-27,
2002-12-28,
2002-12-29,
2002-12-30,
2002-12-31,
2003-01-01,0.512264301740385
2003-01-02,
2003-01-03,
2003-01-04,
2003-01-05,
2003-01-06,
2003-01-07,
2003-01-08,
2003-01-09,
2003-01-10,
2003-01-11,
2003-01-12,
2003-01-13,
2003-01-14,
2003-01-15,
2003-01-16,
2003-01-17,
2003-01-18,
2003-01-19,
2003-01-20,
2003-01-21,
2003-01-22,
2003-01-23,
2003-01-24,
2003-01-25,
2003-01-26,
2003-01-27,
2003-01-28,
2003-01-29,
2003-01-30,
2003-01-31,
2003-02-01,
2003-02-02,
2003-02-03,
2003-02-04,
2003-02-05,
2003-02-06,
2003-02-07,
2003-02-08,
2003-02-09,
2003-02-10,
2003-02-11,
2003-02-12,
2003-02-13,
2003-02-14,
2003-02-15,
2003-02-16,
2003-02-17,
2003-02-18,
2003-02-19,
2003-02-20,
2003-02-21,
2003-02-22,
2003-02-23,
2003-02-24,
2003-02-25,
2003-02-26,
2003-02-27,
2003-02-28,
2003-03-01,
2003-03-02,
2003-03-03,
2003-03-04,
2003-03-05,
2003-03-06,
2003-03-07,
2003-03-08,
2003-03-09,
2003-03-10,
2003-03-11,
2003-03-12,
2003-03-13,
2003-03-14,
2003-03-15,
2003-03-16,
2003-03-17,0.5905143151372139
2003-03-18,0.6207576738665209
2003-03-19,
2003-03-20,0.6141060303134129
2003-03-21,0.5915590445474602
2003-03-22,0.631790762905606
2003-03-23,0.6138586392415912
2003-03-24,
2003-03-25,0.6144426540364593
2003-03-26,0.5992615600774723
2003-03-27,0.6485803464951332
2003-03-28,0.6478145386581544
2003-03-29,0.616394794968099
2003-03-30,0.6304073005351574
2003-03-31,
2003-04-01,
2003-04-02,0.7718919758027037
2003-04-03,
2003-04-04,
2003-04-05,
2003-04-06,
2003-04-07,
2003-04-08,
2003-04-09,
2003-04-10,
2003-04-11,
2003-04-12,0.694142472109952
2003-04-13,0.6583800893365689
2003-04-14,
2003-04-15,0.6341261453030783
2003-04-16,0.6500327628138959
2003-04-17,
2003-04-18,0.6903478861533249
2003-04-19,0.6759418535128221
2003-04-20,
2003-04-21,0.6878601895260745
2003-04-22,0.6637602472211466
2003-04-23,0.6738492187049713
2003-04-24,0.5189359805709056
2003-04-25,0.6769497084146855
2003-04-26,0.714905998234261
2003-04-27,
2003-04-28,0.7069082467086467
2003-04-29,0.7406577755698982
2003-04-30,0.7045372048667438
2003-05-01,0.6992748165485977
2003-05-02,0.7106393147925963
2003-05-03,0.6528947637119703
2003-05-04,
2003-05-05,0.6734023503440294
2003-05-06,0.6994720857463154
2003-05-07,0.6786608535286239
2003-05-08,0.6785551867160531
2003-05-09,0.6863355219333145
2003-05-10,0.686889431085033
2003-05-11,0.7418190314852317
2003-05-12,0.6639610047370561
2003-05-13,0.5801923076923077
2003-05-14,0.6660558138211685
2003-05-15,0.6720341323225417
2003-05-16,0.688401778033803
2003-05-17,0.6586564778816604
2003-05-18,0.6706873084823392
2003-05-19,0.6889107404123266
2003-05-20,
2003-05-21,0.6660302641315572
2003-05-22,0.6738783858024419
2003-05-23,0.7108638928752671
2003-05-24,0.7055738428313733
2003-05-25,0.6703690068120912
2003-05-26,0.6761711563784406
2003-05-27,0.6881435200711562
2003-05-28,0.6906038314654523
2003-05-29,0.7261729957290818
2003-05-30,0.6943029977671847
2003-05-31,0.7133817059905435
2003-06-01,0.7282381416964974
2003-06-02,0.691768366082808
2003-06-03,0.6796542172399341
2003-06-04,0.6955052250583805
2003-06-05,0.7313766218120914
2003-06-06,0.6781751369800865
2003-06-07,0.7654025065078919
2003-06-08,0.6888238768952053
2003-06-09,0.6809757585266336
2003-06-10,0.692855902683129
2003-06-11,0.6742880446453959
2003-06-12,0.6994684190323055
2003-06-13,0.7106852432987066
2003-06-14,0.7163955631958202
2003-06-15,0.6746625801308873
2003-06-16,0.7051700556206423
2003-06-17,0.7107014054028462
2003-06-18,0.7311601614527552
2003-06-19,0.7288579551826281
2003-06-20,0.702548374995522
2003-06-21,0.7617987769089475
2003-06-22,0.6906567326100399
2003-06-23,0.7269588333812346
2003-06-24,0.7032662399130537
2003-06-25,0.7187816319047254
2003-06-26,0.6927440162480547
2003-06-27,0.717929666504226
2003-06-28,0.7108283973213668
2003-06-29,0.7146966929125227
2003-06-30,0.7383969478098624
2003-07-01,0.7469535489860752
2003-07-02,0.7460544685660113
2003-07-03,0.7212384601968618
2003-07-04,0.7140221512029188
2003-07-05,0.7297779917299275
2003-07-06,0.6968455715863793
2003-07-07,0.7837066226540026
2003-07-08,0.7206360807144514
2003-07-09,
2003-07-10,0.7176189698694175
2003-07-11,0.7350213584938542
2003-07-12,0.7173026953338919
2003-07-13,0.733681811178984
2003-07-14,0.7222590001160879
2003-07-15,0.7321466656921625
2003-07-16,
2003-07-17,0.7336722165138357
2003-07-18,0.7091847945238947
2003-07-19,0.7258896529068185
2003-07-20,0.715614420754255
2003-07-21,0.7104032377017236
2003-07-22,0.7485069367958541
2003-07-23,
2003-07-24,0.7178559102357415
2003-07-25,0.7356020101431846
2003-07-26,0.703177182526488
2003-07-27,0.741781773191952
2003-07-28,0.7124507454389184
2003-07-29,0.7207542128382453
2003-07-30,0.7486409399318339
2003-07-31,0.7436064395606
2003-08-01,0.8051439253339878
2003-08-02,0.7347626155803858
2003-08-03,0.7497098002888408
2003-08-04,0.7404406570831255
2003-08-05,0.7386987614009826
2003-08-06,0.752495425772874
2003-08-07,0.7456540089490622
2003-08-08,0.7738513106482344
2003-08-09,0.7386357669499997
2003-08-10,0.7627108682928561
2003-08-11,0.728719587269845
2003-08-12,0.7596102622137207
2003-08-13,0.7324329341240978
2003-08-14,0.7229200053822245
2003-08-15,0.7277726525596655
2003-08-16,0.715688887541581
2003-08-17,0.7355573532513031
2003-08-18,0.7325604654696898
2003-08-19,0.7615078366698536
2003-08-20,0.7613501024019173
2003-08-21,0.7429176931787908
2003-08-22,0.7190901605359468
2003-08-23,0.7376906304187731
2003-08-24,0.73402396445053
2003-08-25,0.733457113498109
2003-08-26,0.8192570323698126
2003-08-27,0.7269770884184971
2003-08-28,0.7592262919388937
2003-08-29,0.7417833416340697
2003-08-30,0.7354896634079736
2003-08-31,0.7404333659201505
2003-09-01,0.7503400815564909
2003-09-02,0.7615542569395509
2003-09-03,0.7552796916690954
2003-09-04,0.7571304444983559
2003-09-05,0.7582656037318724
2003-09-06,0.71749862052653
2003-09-07,0.7220555684208344
2003-09-08,0.738234211418622
2003-09-09,0.7715042197629378
2003-09-10,0.7229682344833077
2003-09-11,0.798125522327435
2003-09-12,0.7588897980871468
2003-09-13,0.7986570178825637
2003-09-14,0.7497392664546115
2003-09-15,0.7433465566135482
2003-09-16,0.7359910222718271
2003-09-17,0.7268437261792067
2003-09-18,
2003-09-19,0.7860761756653646
2003-09-20,0.7493514616576165
2003-09-21,0.7311514303032908
2003-09-22,0.7434031850454347
2003-09-23,0.7459778739294689
2003-09-24,0.7224329913884195
2003-09-25,0.803399136277888
2003-09-26,0.7303027311852783
2003-09-27,0.7427721112666049
2003-09-28,0.7412730132871871
2003-09-29,0.7407758066315899
2003-09-30,0.7194239847986079
2003-10-01,0.7015528933523576
2003-10-02,0.7309036656943121
2003-10-03,0.6727394185393217
2003-10-04,0.7825217062736964
2003-10-05,0.7161917110037122
2003-10-06,0.6602663667774644
2003-10-07,0.5779493681630059
2003-10-08,0.7241920571410029
2003-10-09,0.7275773791975669
2003-10-10,0.7132849937071056
2003-10-11,
2003-10-12,0.7177993523897689
2003-10-13,0.7119638504313326
2003-10-14,0.7304671053303172
2003-10-15,0.76489163415704
2003-10-16,0.6992932783168001
2003-10-17,0.7104527004784906
2003-10-18,0.740621411381232
2003-10-19,0.7171305110205973
2003-10-20,0.6225967517966497
2003-10-21,0.6966648039286806
2003-10-22,0.7145579304599272
2003-10-23,0.6914750858373107
2003-10-24,0.5772429776633973
2003-10-25,0.6308110187314735
2003-10-26,0.7170372167621624
2003-10-27,0.7699053331251747
2003-10-28,0.6751437117946482
2003-10-29,0.7714948974172812
2003-10-30,0.7135959900828703
2003-10-31,0.7261372756293095
2003-11-01,0.748553024057065
2003-11-02,0.7470936662138338
2003-11-03,0.7505107459215149
2003-11-04,0.7578061574664412
2003-11-05,0.7106557812238138
2003-11-06,0.6899943200204288
2003-11-07,0.6997616164342338
2003-11-08,0.6839240200100128
2003-11-09,0.5208187831086546
2003-11-10,0.5194490922208623
2003-11-11,0.49138671616062796
2003-11-12,0.6816872937412977
2003-11-13,0.7038191206071964
2003-11-14,
2003-11-15,0.46656250000000005
2003-11-16,0.514146690253645
2003-11-17,0.6970486306680246
2003-11-18,0.6661816020853671
2003-11-19,0.714237951466196
2003-11-20,0.6545481377944021
2003-11-21,0.6617313210648014
2003-11-22,0.6812940940138811
2003-11-23,
2003-11-24,0.6664526657369347
2003-11-25,0.5569514008384889
2003-11-26,0.507322803494232
2003-11-27,0.44817144632229555
2003-11-28,0.6979757721293548
2003-11-29,0.665071349217024
2003-11-30,0.5137983715154876
2003-12-01,0.6337765593850686
2003-12-02,0.5448228527040665
2003-12-03,
2003-12-04,
2003-12-05,
2003-12-06,
2003-12-07,
2003-12-08,
2003-12-09,
2003-12-10,
2003-12-11,0.6476659235133994
2003-12-12,0.5384258137726967
2003-12-13,
2003-12-14,
2003-12-15,
2003-12-16,
2003-12-17,
2003-12-18,
2003-12-19,0.492
2003-12-20,0.4954576465426028
2003-12-21,0.4984286973530208
2003-12-22,
2003-12-23,0.5282693980986684
2003-12-24,0.608648310637447
2003-12-25,
2003-12-26,0.4934801605253389
2003-12-27,0.5009067101492102
2003-12-28,
2003-12-29,0.5900683234221376
2003-12-30,0.6534872356255594
2003-12-31,0.468061005532471
2004-01-01,0.5134351836761303
2004-01-02,0.47692806613995276
2004-01-03,0.6484910997293954
2004-01-04,0.6052897073596128
2004-01-05,
2004-01-06,
2004-01-07,
2004-01-08,
2004-01-09,
2004-01-10,
2004-01-11,
2004-01-12,
2004-01-13,
2004-01-14,
2004-01-15,
2004-01-16,
2004-01-17,
2004-01-18,
2004-01-19,
2004-01-20,
2004-01-21,
2004-01-22,
2004-01-23,
2004-01-24,
2004-01-25,
2004-01-26,
2004-01-27,
2004-01-28,
2004-01-29,
2004-01-30,
2004-01-31,
2004-02-01,
2004-02-02,
2004-02-03,
2004-02-04,
2004-02-05,
2004-02-06,
2004-02-07,
2004-02-08,
2004-02-09,
2004-02-10,
2004-02-11,
2004-02-12,
2004-02-13,
2004-02-14,
2004-02-15,
2004-02-16,
2004-02-17,
2004-02-18,
2004-02-19,
2004-02-20,
2004-02-21,
2004-02-22,
2004-02-23,
2004-02-24,
2004-02-25,
2004-02-26,
2004-02-27,
2004-02-28,
2004-02-29,
2004-03-01,
2004-03-02,0.7185295839397681
2004-03-03,0.6184412208162371
2004-03-04,0.5517291222423064
2004-03-05,0.6174494294822822
2004-03-06,0.5832377712178172
2004-03-07,0.6240664224567444
2004-03-08,0.4843224633164651
2004-03-09,
2004-03-10,
2004-03-11,
2004-03-12,
2004-03-13,
2004-03-14,
2004-03-15,
2004-03-16,
2004-03-17,
2004-03-18,
2004-03-19,
2004-03-20,
2004-03-21,
2004-03-22,
2004-03-23,
2004-03-24,
2004-03-25,0.5766246892657032
2004-03-26,0.6032655140168288
2004-03-27,0.6226898624629569
2004-03-28,0.5609047591269365
2004-03-29,0.6137046437761022
2004-03-30,0.6472362098048982
2004-03-31,0.6089421404638855
2004-04-01,0.6122038903711071
2004-04-02,0.6154008716153693
2004-04-03,0.6012239384257618
2004-04-04,
2004-04-05,
2004-04-06,
2004-04-07,0.5716722103468097
2004-04-08,0.5555967133914477
2004-04-09,0.6044627932583192
2004-04-10,0.6503897506399486
2004-04-11,0.624956659272345
2004-04-12,0.5213988043185576
2004-04-13,
2004-04-14,0.6154397386821228
2004-04-15,0.5336099998939487
2004-04-16,0.4487096471418954
2004-04-17,0.6216186079167328
2004-04-18,0.6449279016444173
2004-04-19,0.6004040977519346
2004-04-20,0.6707451197831754
2004-04-21,0.6456867115907357
2004-04-22,0.6290043067597677
2004-04-23,0.6108581782147364
2004-04-24,0.6269564986611431
2004-04-25,0.6456441797875222
2004-04-26,0.6209083465813832
2004-04-27,0.6436151981952493
2004-04-28,0.612606740144453
2004-04-29,0.7003986948896519
2004-04-30,0.6596169790193361
2004-05-01,0.7297701132919711
2004-05-02,0.6571481230711658
2004-05-03,0.6456483663980521
2004-05-04,0.6478603927885815
2004-05-05,0.6471955714291107
2004-05-06,
2004-05-07,0.6501993336983448
2004-05-08,0.6914995971409177
2004-05-09,0.6553339181069608
2004-05-10,0.6857294928615137
2004-05-11,0.6579737692845189
2004-05-12,0.6569075951421292
2004-05-13,0.6991446218310698
2004-05-14,0.6725603501529
2004-05-15,0.7348148820582163
2004-05-16,0.6742974232639268
2004-05-17,0.7115345971987754
2004-05-18,0.6821046458037282
2004-05-19,0.6845185459358041
2004-05-20,0.6909085808461565
2004-05-21,0.6565874514785471
2004-05-22,0.716308911894316
2004-05-23,0.6375778344429921
2004-05-24,0.7591813765817377
2004-05-25,0.6412681124695803
2004-05-26,0.6694045893951434
2004-05-27,0.6171798391674959
2004-05-28,0.6214908545436971
2004-05-29,0.6286516857447192
2004-05-30,0.6305257061671858
2004-05-31,0.7165664421579977
2004-06-01,0.6563074305611876
2004-06-02,0.6947805510153295
2004-06-03,0.6403876411976605
2004-06-04,0.6476129519045405
2004-06-05,0.6644879087293424
2004-06-06,0.6526715995433003
2004-06-07,0.7047661846911203
2004-06-08,0.6405777861682802
2004-06-09,0.7310474525526681
2004-06-10,0.6923838411700448
2004-06-11,0.6992151025548966
2004-06-12,0.6608616536812904
2004-06-13,0.646097663094949
2004-06-14,0.6727696944347662
2004-06-15,0.6734286745332178
2004-06-16,0.7195512803269899
2004-06-17,0.7172598378360794
2004-06-18,
2004-06-19,0.6726237582627105
2004-06-20,0.6491053703249209
2004-06-21,0.6712826934928142
2004-06-22,0.6920026044542521
2004-06-23,0.69812908806693
2004-06-24,0.6495897929308502
2004-06-25,0.750574712356501
2004-06-26,0.6579883765634987
2004-06-27,0.6966541232714374
2004-06-28,0.6844677618033688
2004-06-29,0.657903714174669
2004-06-30,0.6759436188214744
2004-07-01,0.6658753442111318
2004-07-02,0.7524805650028318
2004-07-03,0.680489150882841
2004-07-04,0.7232444997382959
2004-07-05,0.6895617098003103
2004-07-06,0.6984442947966355
2004-07-07,0.7194866592592725
2004-07-08,0.6721202156279608
2004-07-09,
2004-07-10,0.6683956362268784
2004-07-11,0.7287729815953462
2004-07-12,0.6740414146475331
2004-07-13,0.7039813516599355
2004-07-14,0.6834040855092604
2004-07-15,0.661328940142265
2004-07-16,0.7122574927190086
2004-07-17,0.6927933930467416
2004-07-18,0.7606336478654548
2004-07-19,0.6906713132700723
2004-07-20,0.752103142857576
2004-07-21,0.6814935195016326
2004-07-22,0.6682844811307667
2004-07-23,0.7111922153485469
2004-07-24,0.6712641367839053
2004-07-25,0.7522046511746847
2004-07-26,0.6961581881388149
2004-07-27,0.7943478250846427
2004-07-28,0.6757067199370598
2004-07-29,0.7231902779757834
2004-07-30,0.6811064005971826
2004-07-31,0.6867871228417335
2004-08-01,0.7250105133072956
2004-08-02,0.6737212157342046
2004-08-03,0.7591946584554015
2004-08-04,0.7089812727571557
2004-08-05,0.7822961446674668
2004-08-06,0.6965026466210921
2004-08-07,0.7161900317298263
2004-08-08,0.7016744647751749
2004-08-09,0.6847608150990864
2004-08-10,0.7188373480990572
2004-08-11,0.6689205189828203
2004-08-12,0.7494434997515309
2004-08-13,0.7342050489779226
2004-08-14,0.7481992040062433
2004-08-15,0.6824178435470938
2004-08-16,0.6720569450969286
2004-08-17,0.7287741492672444
2004-08-18,0.7066629700996139
2004-08-19,0.7571241081909695
2004-08-20,0.7482912588859648
2004-08-21,0.8059134327564073
2004-08-22,0.6828855103763233
2004-08-23,0.6888411897449387
2004-08-24,0.7058312926208468
2004-08-25,0.6991059187814043
2004-08-26,0.7539179803265486
2004-08-27,0.7087483269024235
2004-08-28,0.7620185340735707
2004-08-29,0.7035987397854289
2004-08-30,0.7516768468620959
2004-08-31,0.7083400523203699
2004-09-01,0.669943342260019
2004-09-02,0.7269044174112991
2004-09-03,0.681717356363653
2004-09-04,
2004-09-05,0.70604880889605
2004-09-06,0.7562825090303708
2004-09-07,0.6926973916544004
2004-09-08,0.7254745142762346
2004-09-09,0.757186404609247
2004-09-10,0.6879030114590068
2004-09-11,
2004-09-12,0.6753519101846195
2004-09-13,0.7463602339868309
2004-09-14,0.6823452512285783
2004-09-15,0.7433717593806641
2004-09-16,0.7022664705143177
2004-09-17,0.6992052071567095
2004-09-18,0.7694833340019189
2004-09-19,0.7230862100573711
2004-09-20,0.7364812986097392
2004-09-21,0.7037381024944649
2004-09-22,0.7142896714647302
2004-09-23,0.7208616688550221
2004-09-24,0.7050791962791396
2004-09-25,0.6990068064125938
2004-09-26,0.6841962539546813
2004-09-27,0.7613983495656809
2004-09-28,0.6859619131384421
2004-09-29,0.7428054642059668
2004-09-30,0.7187068207669358
2004-10-01,0.7238493636432973
2004-10-02,0.6901017135292492
2004-10-03,0.6713604753444471
2004-10-04,0.726770485872972
2004-10-05,0.692123269738191
2004-10-06,0.7357634992280023
2004-10-07,0.6876772404668036
2004-10-08,0.7400661169080264
2004-10-09,0.704977876169444
2004-10-10,0.7214947759287886
2004-10-11,0.7024563186253135
2004-10-12,0.7062032568676216
2004-10-13,0.760254004169651
2004-10-14,0.7101609705142816
2004-10-15,0.7403867045999907
2004-10-16,0.698240997035059
2004-10-17,0.735371694445979
2004-10-18,0.6856756821768268
2004-10-19,0.7040486377048857
2004-10-20,0.70579421632334
2004-10-21,0.7318626800593357
2004-10-22,0.7754691926218145
2004-10-23,0.7000260125595084
2004-10-24,0.7251241163246072
2004-10-25,0.7045059902539745
2004-10-26,0.6868251097872481
2004-10-27,0.6994354117160269
2004-10-28,0.670220774834208
2004-10-29,0.7397807917452128
2004-10-30,0.6924586075498566
2004-10-31,0.7475981975129083
2004-11-01,0.6741811009826681
2004-11-02,0.7136892254743781
2004-11-03,0.6840927169073157
2004-11-04,0.4677875470020413
2004-11-05,0.6639330335341265
2004-11-06,0.6767564855735531
2004-11-07,
2004-11-08,0.6734497948869665
2004-11-09,0.5466809797917142
2004-11-10,0.4627640846604754
2004-11-11,0.6517348942116505
2004-11-12,0.555156826022041
2004-11-13,0.4941030368522139
2004-11-14,
2004-11-15,0.4689848085345878
2004-11-16,0.7144902323450268
2004-11-17,0.6840727541913142
2004-11-18,0.688218253345862
2004-11-19,0.7183775940166491
2004-11-20,0.7597412432687795
2004-11-21,0.6810668569306001
2004-11-22,0.6944444833988347
2004-11-23,
2004-11-24,0.6814102024188129
2004-11-25,0.6919949028505863
2004-11-26,0.4698072681851795
2004-11-27,0.5083653221399493
2004-11-28,0.7012132185987788
2004-11-29,0.6465477601725957
2004-11-30,
2004-12-01,0.6929761425266074
2004-12-02,0.6695353078986059
2004-12-03,0.462790018505651
2004-12-04,
2004-12-05,0.6428083570423411
2004-12-06,
2004-12-07,
2004-12-08,0.613387476528227
2004-12-09,0.6007570266942113
2004-12-10,0.6726969314029575
2004-12-11,0.5852539682539684
2004-12-12,0.508007730661141
2004-12-13,0.5021028483096527
2004-12-14,0.5296214285714287
2004-12-15,
2004-12-16,
2004-12-17,0.4796839119131041
2004-12-18,
2004-12-19,0.47322463324854136
2004-12-20,
2004-12-21,
2004-12-22,
2004-12-23,0.552831809565036
2004-12-24,
2004-12-25,
2004-12-26,
2004-12-27,
2004-12-28,
2004-12-29,
2004-12-30,0.5261655460039107
2004-12-31,0.5988245458337744
2005-01-01,0.6583466447457182
2005-01-02,0.47567768205394817
2005-01-03,
2005-01-04,0.4713968183688845
2005-01-05,0.5608676139733336
2005-01-06,
2005-01-07,
2005-01-08,
2005-01-09,
2005-01-10,
2005-01-11,0.42866828657766554
2005-01-12,
2005-01-13,0.6296229534719309
2005-01-14,0.6180064352594453
2005-01-15,
2005-01-16,
2005-01-17,
2005-01-18,
2005-01-19,
2005-01-20,
2005-01-21,
2005-01-22,
2005-01-23,
2005-01-24,
2005-01-25,
2005-01-26,
2005-01-27,
2005-01-28,
2005-01-29,
2005-01-30,
2005-01-31,
2005-02-01,
2005-02-02,
2005-02-03,
2005-02-04,
2005-02-05,
2005-02-06,
2005-02-07,
2005-02-08,0.4024550514230964
2005-02-09,
2005-02-10,
2005-02-11,
2005-02-12,
2005-02-13,
2005-02-14,
2005-02-15,
2005-02-16,0.7506686817072337
2005-02-17,
2005-02-18,
2005-02-19,
2005-02-20,
2005-02-21,
2005-02-22,
2005-02-23,
2005-02-24,
2005-02-25,
2005-02-26,
2005-02-27,
2005-02-28,
2005-03-01,
2005-03-02,
2005-03-03,
2005-03-04,
2005-03-05,
2005-03-06,
2005-03-07,
2005-03-08,
2005-03-09,
2005-03-10,
2005-03-11,
2005-03-12,
2005-03-13,
2005-03-14,
2005-03-15,
2005-03-16,
2005-03-17,
2005-03-18,
2005-03-19,
2005-03-20,
2005-03-21,
2005-03-22,
2005-03-23,
2005-03-24,
2005-03-25,0.4846973559046809
2005-03-26,
2005-03-27,
2005-03-28,0.5825721950712138
2005-03-29,0.5878323921985059
2005-03-30,
2005-03-31,0.6234323837689855
2005-04-01,0.6036257826620757
2005-04-02,0.6074666666666668
2005-04-03,0.46298088665191484
2005-04-04,0.5646275857357446
2005-04-05,0.5970672045563084
2005-04-06,0.5784867136941066
2005-04-07,0.6584878277702034
2005-04-08,0.5847301624866017
2005-04-09,
2005-04-10,0.6028623667679085
2005-04-11,0.6306193604368407
2005-04-12,0.47527324000828725
2005-04-13,0.6188673562966645
2005-04-14,0.6534172511723381
2005-04-15,0.658631001375049
2005-04-16,0.6005299216519526
2005-04-17,0.6273590786256289
2005-04-18,0.6935595938765452
2005-04-19,0.6631555632368666
2005-04-20,0.6659073814588155
2005-04-21,0.654026684577726
2005-04-22,0.5973392332883265
2005-04-23,0.6781746688857985
2005-04-24,0.6309864039883804
2005-04-25,0.6367497757796674
2005-04-26,0.6201203889255323
2005-04-27,0.66192072018832
2005-04-28,0.652089372779764
2005-04-29,0.6251847292134488
2005-04-30,0.6507623397032366
2005-05-01,0.6303383249339581
2005-05-02,0.6991769169158066
2005-05-03,0.6365171217463691
2005-05-04,
2005-05-05,0.4602231107008973
2005-05-06,0.6734434319964154
2005-05-07,0.6674076017816705
2005-05-08,0.7094151814151658
2005-05-09,0.7178911185938068
2005-05-10,0.6801946986412459
2005-05-11,
2005-05-12,0.7012889973102173
2005-05-13,0.6789022795235677
2005-05-14,0.6901833908652344
2005-05-15,0.6336509396896033
2005-05-16,0.6684652497197999
2005-05-17,0.7015440918422148
2005-05-18,
2005-05-19,0.7063686164219235
2005-05-20,0.722499049851576
2005-05-21,0.6979643636334275
2005-05-22,0.6723233608670975
2005-05-23,0.7048420400182883
2005-05-24,0.7144506343698455
2005-05-25,
2005-05-26,
2005-05-27,0.7506418798113909
2005-05-28,0.6888015998560537
2005-05-29,0.7122350510026829
2005-05-30,0.6921202315242554
2005-05-31,0.7635322001939137
2005-06-01,0.7031146695281891
2005-06-02,0.718392864512369
2005-06-03,0.7318668473309686
2005-06-04,0.6874074517402169
2005-06-05,0.6885776997965739
2005-06-06,0.6738192170606134
2005-06-07,0.6641326153495067
2005-06-08,0.697313826536825
2005-06-09,0.6726611180681221
2005-06-10,0.7308725583614566
2005-06-11,0.6526722770389547
2005-06-12,0.7649888275562193
2005-06-13,0.6530048370528745
2005-06-14,0.6732784687932323
2005-06-15,0.6408230460174336
2005-06-16,0.6577591816099745
2005-06-17,0.641523863164156
2005-06-18,0.6680703614508546
2005-06-19,0.7007470654594103
2005-06-20,0.6742784577402073
2005-06-21,0.705565489857753
2005-06-22,0.6799979910328694
2005-06-23,0.6576852320130985
2005-06-24,0.6724522226676898
2005-06-25,0.6686289507017477
2005-06-26,0.7377128090845267
2005-06-27,0.666514707145279
2005-06-28,0.7342987279074573
2005-06-29,0.6904343630005122
2005-06-30,0.7113231489074563
2005-07-01,0.6730768843464398
2005-07-02,0.6644026608432833
2005-07-03,0.7072901829021156
2005-07-04,0.7156128142002406
2005-07-05,0.7400434083757774
2005-07-06,0.7242889799068605
2005-07-07,
2005-07-08,0.7005468297184172
2005-07-09,0.6959569175714366
2005-07-10,0.6736713243856873
2005-07-11,0.6805769276414991
2005-07-12,0.7272461244439761
2005-07-13,0.6824869425282263
2005-07-14,
2005-07-15,0.6952868615173394
2005-07-16,0.7336835244683378
2005-07-17,0.7047220729381523
2005-07-18,0.6933296900184264
2005-07-19,0.7004573261340955
2005-07-20,0.7008196865399924
2005-07-21,0.7667101378921752
2005-07-22,
2005-07-23,0.7375204247123901
2005-07-24,0.6807246997657911
2005-07-25,0.7162980879919484
2005-07-26,0.7214866539508294
2005-07-27,0.7238896494981752
2005-07-28,0.7673470486675044
2005-07-29,0.6733424837780243
2005-07-30,0.7760138222699559
2005-07-31,0.6783760220426425
2005-08-01,0.7389120729797524
2005-08-02,0.6804635934297281
2005-08-03,0.68824940198537
2005-08-04,0.7274684086736031
2005-08-05,0.7026129297790112
2005-08-06,0.7268224552747369
2005-08-07,0.6912262057320152
2005-08-08,0.7433945546368469
2005-08-09,0.694520423626329
2005-08-10,0.6934958033437705
2005-08-11,0.7246270417436864
2005-08-12,0.6963978224537163
2005-08-13,0.7735864595625717
2005-08-14,0.6916966085690008
2005-08-15,0.767824474619308
2005-08-16,0.6804737442784655
2005-08-17,0.7356918035662776
2005-08-18,0.6841848758324935
2005-08-19,0.6943661209436253
2005-08-20,0.7127597354715147
2005-08-21,0.7293787829992812
2005-08-22,0.7611745984025152
2005-08-23,0.7024184448455669
2005-08-24,0.7440465550645443
2005-08-25,0.6982775123354189
2005-08-26,0.7016946755331319
2005-08-27,0.7151718087316897
2005-08-28,0.6995334384409552
2005-08-29,0.7490628013248013
2005-08-30,0.7009622123858773
2005-08-31,0.8087002696345532
2005-09-01,0.6891668242064279
2005-09-02,0.7549662313389375
2005-09-03,
2005-09-04,0.6900649249600017
2005-09-05,0.7341804516002715
2005-09-06,0.6885061049346483
2005-09-07,0.7510553581011281
2005-09-08,0.7813933415651916
2005-09-09,
2005-09-10,0.6959274387801626
2005-09-11,0.7305915200053921
2005-09-12,0.7060054415114561
2005-09-13,0.7038126722186548
2005-09-14,0.7395748588139491
2005-09-15,0.7053417228853435
2005-09-16,0.7842711070027086
2005-09-17,0.7146122866445248
2005-09-18,0.7192263403104758
2005-09-19,0.6843567872458446
2005-09-20,0.6701498129307317
2005-09-21,0.6855589044807106
2005-09-22,0.6973634192528794
2005-09-23,0.7798979262559056
2005-09-24,0.6895140086252846
2005-09-25,0.7564610590575309
2005-09-26,0.7249788172239179
2005-09-27,0.6725254721898052
2005-09-28,0.6826326601240676
2005-09-29,0.6790099700625369
2005-09-30,
2005-10-01,0.6702728312866596
2005-10-02,0.7450454478861003
2005-10-03,0.692075572086819
2005-10-04,0.7153673776063499
2005-10-05,0.6829387613305413
2005-10-06,0.6762187102672226
2005-10-07,0.7016628190405122
2005-10-08,0.7450762991539335
2005-10-09,0.754170813780511
2005-10-10,0.709302651410912
2005-10-11,0.7494959349999437
2005-10-12,0.7056380328198646
2005-10-13,0.7159948244861034
2005-10-14,0.7145000571793695
2005-10-15,0.6943053455160231
2005-10-16,0.7410105201880617
2005-10-17,0.6745044492742415
2005-10-18,0.7300863698467992
2005-10-19,0.6770711407819144
2005-10-20,0.7507498078419781
2005-10-21,0.6878404446796427
2005-10-22,0.6843528523616266
2005-10-23,0.7161524636699205
2005-10-24,0.7013011604106865
2005-10-25,0.702672856698836
2005-10-26,0.6898909617865068
2005-10-27,0.712107558858261
2005-10-28,0.4817443027338323
2005-10-29,
2005-10-30,0.6912771908740271
2005-10-31,0.6597457624609268
2005-11-01,0.7095274886100343
2005-11-02,0.6627288108917985
2005-11-03,0.7091498962243725
2005-11-04,0.67401972812113
2005-11-05,0.7083698155428791
2005-11-06,0.7072579439587711
2005-11-07,0.7094049540338082
2005-11-08,0.656430193256637
2005-11-09,0.6923924822652539
2005-11-10,0.7322863662813471
2005-11-11,0.6444729763396394
2005-11-12,0.5281502902356583
2005-11-13,0.6862200678210223
2005-11-14,0.6479170256528308
2005-11-15,0.7056406816293033
2005-11-16,0.6592053062839859
2005-11-17,
2005-11-18,0.4703864332791646
2005-11-19,
2005-11-20,0.6189067558088839
2005-11-21,0.6779536254018436
2005-11-22,0.6814022410289665
2005-11-23,
2005-11-24,0.48863636363636365
2005-11-25,
2005-11-26,
2005-11-27,0.419105967194503
2005-11-28,0.6543023050889997
2005-11-29,0.65181487755528
2005-11-30,0.6330640992064865
2005-12-01,0.5551010499417661
2005-12-02,0.4966424556111645
2005-12-03,
2005-12-04,
2005-12-05,
2005-12-06,
2005-12-07,
2005-12-08,
2005-12-09,
2005-12-10,
2005-12-11,0.45229913256599763
2005-12-12,
2005-12-13,
2005-12-14,
2005-12-15,
2005-12-16,
2005-12-17,
2005-12-18,
2005-12-19,
2005-12-20,
2005-12-21,
2005-12-22,
2005-12-23,
2005-12-24,0.40968646412767457
2005-12-25,0.4011979008698459
2005-12-26,0.48547653447304323
2005-12-27,0.5308502659628952
2005-12-28,
2005-12-29,
2005-12-30,0.5648219005014075
2005-12-31,
2006-01-01,
2006-01-02,
2006-01-03,
2006-01-04,0.7441471301032909
2006-01-05,0.5680976941743331
2006-01-06,
2006-01-07,
2006-01-08,
2006-01-09,0.6470458210155795
2006-01-10,0.5996186985291899
2006-01-11,0.6758640446783087
2006-01-12,0.6678678444222641
2006-01-13,0.6538465287891011
2006-01-14,0.5910075836572792
2006-01-15,
2006-01-16,
2006-01-17,
2006-01-18,
2006-01-19,
2006-01-20,
2006-01-21,0.6299333980997658
2006-01-22,
2006-01-23,
2006-01-24,
2006-01-25,0.5583814912670816
2006-01-26,
2006-01-27,
2006-01-28,
2006-01-29,
2006-01-30,0.6372870432174075
2006-01-31,0.590400297038948
2006-02-01,
2006-02-02,0.5697189019168025
2006-02-03,0.6594912281431486
2006-02-04,0.6319959208139935
2006-02-05,
2006-02-06,
2006-02-07,
2006-02-08,
2006-02-09,
2006-02-10,
2006-02-11,
2006-02-12,
2006-02-13,
2006-02-14,
2006-02-15,0.5496824925816024
2006-02-16,
2006-02-17,0.626965852249933
2006-02-18,
2006-02-19,
2006-02-20,
2006-02-21,
2006-02-22,
2006-02-23,
2006-02-24,
2006-02-25,
2006-02-26,
2006-02-27,
2006-02-28,
2006-03-01,
2006-03-02,
2006-03-03,
2006-03-04,
2006-03-05,
2006-03-06,
2006-03-07,
2006-03-08,
2006-03-09,0.6490468611880589
2006-03-10,0.589219915068803
2006-03-11,0.6409068384665799
2006-03-12,0.6366476981262876
2006-03-13,0.6507931684398901
2006-03-14,0.5936844657964275
2006-03-15,
2006-03-16,0.6649227407643796
2006-03-17,
2006-03-18,
2006-03-19,
2006-03-20,
2006-03-21,
2006-03-22,
2006-03-23,
2006-03-24,
2006-03-25,
2006-03-26,0.4800954402980615
2006-03-27,
2006-03-28,0.4705849055392226
2006-03-29,0.6926436431103811
2006-03-30,0.67457351551946
2006-03-31,0.6247716220471522
2006-04-01,0.6744856723297266
2006-04-02,0.6581972749510284
2006-04-03,
2006-04-04,0.6457878571880047
2006-04-05,
2006-04-06,0.635170678045662
2006-04-07,0.6548314464563959
2006-04-08,0.6400866387936346
2006-04-09,
2006-04-10,
2006-04-11,0.6445810887865056
2006-04-12,0.7095378892756009
2006-04-13,0.6296588296330528
2006-04-14,0.6826180691396775
2006-04-15,0.649246402462416
2006-04-16,0.6369354893973975
2006-04-17,0.6751690307348069
2006-04-18,0.6913631357879075
2006-04-19,0.7188541459013025
2006-04-20,0.6593609317497273
2006-04-21,0.6884359671895877
2006-04-22,0.7091816719108693
2006-04-23,0.6551760928180336
2006-04-24,0.6652673307539986
2006-04-25,0.6475005327293513
2006-04-26,
2006-04-27,0.6515713198023636
2006-04-28,0.681291109870604
2006-04-29,0.43720876484963755
2006-04-30,0.6962251996206599
2006-05-01,0.7056898182507404
2006-05-02,0.670690923118929
2006-05-03,0.698514602821431
2006-05-04,0.6872617649469448
2006-05-05,0.6956119316432944
2006-05-06,0.6931558984132095
2006-05-07,0.6841195066396528
2006-05-08,0.7102055051542
2006-05-09,0.7177645959342323
2006-05-10,0.7157221671887777
2006-05-11,0.6872183143551962
2006-05-12,0.6770410422051454
2006-05-13,0.6731555457532604
2006-05-14,0.7099560060996418
2006-05-15,0.6767223396266613
2006-05-16,0.6722275897929713
2006-05-17,0.6666337506815869
2006-05-18,0.6560822405677996
2006-05-19,0.675715981741131
2006-05-20,0.6772301878079203
2006-05-21,0.7542347232502967
2006-05-22,0.6665752817820819
2006-05-23,0.5781239983389801
2006-05-24,0.6846995106923116
2006-05-25,0.6759101478046667
2006-05-26,0.7117712324951758
2006-05-27,0.6564841012361046
2006-05-28,0.7096272193463756
2006-05-29,0.6714688237387241
2006-05-30,
2006-05-31,0.6862627999861668
2006-06-01,0.6638450559515459
2006-06-02,0.6710593994444035
2006-06-03,0.6568851616285288
2006-06-04,0.6947566417049483
2006-06-05,0.653730393318512
2006-06-06,
2006-06-07,0.7176804301672256
2006-06-08,0.7371061974467179
2006-06-09,0.6777166217801985
2006-06-10,0.6908688948045686
2006-06-11,0.6622994318042249
2006-06-12,0.676139050481437
2006-06-13,0.7532058989010032
2006-06-14,0.6710092549208955
2006-06-15,0.7365541796738949
2006-06-16,0.648198043576805
2006-06-17,0.6840100936928216
2006-06-18,0.6668468137227634
2006-06-19,0.6568950683486439
2006-06-20,0.6501400031854955
2006-06-21,0.663515340165949
2006-06-22,0.7501047392049074
2006-06-23,0.6927153028840523
2006-06-24,0.7452955192553948
2006-06-25,0.6767889045351784
2006-06-26,0.6888596240138345
2006-06-27,0.7093149415502876
2006-06-28,0.6631113652217111
2006-06-29,0.735264537566556
2006-06-30,0.6530914868110937
2006-07-01,0.753362067822167
2006-07-02,0.6679018055939324
2006-07-03,0.6801035510874035
2006-07-04,0.7104216151645006
2006-07-05,0.6518431657850147
2006-07-06,0.7094115089361269
2006-07-07,0.7035047900290735
2006-07-08,0.6894985632222836
2006-07-09,0.6849739700927971
2006-07-10,0.7411919648574737
2006-07-11,0.719379236395556
2006-07-12,0.7360086986017285
2006-07-13,0.702801382713468
2006-07-14,0.6726078657736382
2006-07-15,0.7647113524154164
2006-07-16,0.6617691099520677
2006-07-17,0.7567833725601826
2006-07-18,0.6725142589435673
2006-07-19,0.6952324095902407
2006-07-20,0.6950736763523598
2006-07-21,0.7013903782226872
2006-07-22,0.7202900954058301
2006-07-23,0.680273896637463
2006-07-24,0.7405005612445451
2006-07-25,0.6886273978696992
2006-07-26,0.5605172935184052
2006-07-27,0.6937050205201232
2006-07-28,0.6981541110650543
2006-07-29,0.7097662267334932
2006-07-30,0.6862039204108032
2006-07-31,0.7686906450459078
2006-08-01,0.6897403089908197
2006-08-02,
2006-08-03,0.7280106433024527
2006-08-04,0.7123106460105402
2006-08-05,0.6953793737833645
2006-08-06,0.6600762219637564
2006-08-07,0.7139703507236608
2006-08-08,0.6893069748497802
2006-08-09,
2006-08-10,0.6767714756892431
2006-08-11,0.7495634351595499
2006-08-12,0.6998119639191333
2006-08-13,0.6991905548630896
2006-08-14,0.7104741008083567
2006-08-15,0.6909655371547749
2006-08-16,
2006-08-17,0.6796359776171826
2006-08-18,0.7583652256275353
2006-08-19,0.7211891266741296
2006-08-20,0.7259662889945369
2006-08-21,0.6978451693042913
2006-08-22,0.6894651347860589
2006-08-23,0.7505954619048354
2006-08-24,0.7485286705449837
2006-08-25,0.7912243759125209
2006-08-26,0.7263141270374759
2006-08-27,0.7502394924074599
2006-08-28,0.7423843554774516
2006-08-29,0.7494926546592487
2006-08-30,0.7324897910349756
2006-08-31,0.6942892277753343
2006-09-01,0.7503199413084084
2006-09-02,0.6560192701495642
2006-09-03,0.7758577090912223
2006-09-04,0.7121517297220177
2006-09-05,0.7204059475638251
2006-09-06,0.7318341826521467
2006-09-07,0.7028058172731101
2006-09-08,0.7096271940004257
2006-09-09,0.6989007068171031
2006-09-10,0.7474046466429678
2006-09-11,0.7069125268169942
2006-09-12,
2006-09-13,0.7579149962508479
2006-09-14,0.7508139855754181
2006-09-15,0.7240943309460104
2006-09-16,0.6876873665270505
2006-09-17,0.7711331907638601
2006-09-18,0.6744962394337191
2006-09-19,0.7943753219576409
2006-09-20,0.7051311364228827
2006-09-21,0.7254556553007107
2006-09-22,0.6907022897791293
2006-09-23,0.694329693647265
2006-09-24,0.709998436934956
2006-09-25,0.6939239124481764
2006-09-26,0.734678602305663
2006-09-27,0.7061387711838566
2006-09-28,
2006-09-29,0.7021496504837648
2006-09-30,0.6868892389829419
2006-10-01,0.7199751350477903
2006-10-02,0.66482476745364
2006-10-03,0.7599749091450284
2006-10-04,0.6900023356181147
2006-10-05,
2006-10-06,0.6740079417453433
2006-10-07,0.7019498759448162
2006-10-08,0.6991594912111638
2006-10-09,0.6746756481018642
2006-10-10,0.7210385530736393
2006-10-11,0.7340292625645889
2006-10-12,0.7367130990532382
2006-10-13,0.6802555925457462
2006-10-14,0.705383569103143
2006-10-15,0.6846003215402755
2006-10-16,0.5425225086847277
2006-10-17,0.7019958984199546
2006-10-18,0.6805467036365161
2006-10-19,
2006-10-20,0.6807801698885331
2006-10-21,0.6571622294082267
2006-10-22,0.657948415937916
2006-10-23,0.6799215246838658
2006-10-24,0.6838290624087873
2006-10-25,0.6529427730456357
2006-10-26,0.6863651209477669
2006-10-27,0.46332938627599835
2006-10-28,0.6669386661688018
2006-10-29,0.654732119645391
2006-10-30,0.7198646708234989
2006-10-31,0.6568204650742557
2006-11-01,0.6595155070732945
2006-11-02,0.658305273037285
2006-11-03,0.44521222793348586
2006-11-04,
2006-11-05,0.5069653892670006
2006-11-06,0.6239983771738173
2006-11-07,0.6714882506885178
2006-11-08,0.6943275559666654
2006-11-09,0.6887064492014339
2006-11-10,0.6373397764829364
2006-11-11,0.6795348052659352
2006-11-12,0.6798834062186561
2006-11-13,0.6391510652864436
2006-11-14,0.6582439725985407
2006-11-15,0.6826237775839505
2006-11-16,0.6679439931910384
2006-11-17,0.670486547691264
2006-11-18,0.6119773374564182
2006-11-19,0.6470003782016115
2006-11-20,
2006-11-21,0.48238625421518505
2006-11-22,
2006-11-23,0.446744789726145
2006-11-24,0.5026509471357619
2006-11-25,0.5284941079066293
2006-11-26,0.6269852983019616
2006-11-27,0.6591466485073073
2006-11-28,0.6543085815387996
2006-11-29,
2006-11-30,0.6609773509325543
2006-12-01,0.7588422096198495
2006-12-02,0.6496146850140451
2006-12-03,0.4857434004162769
2006-12-04,0.5274474590346777
2006-12-05,
2006-12-06,
2006-12-07,0.6681835846398769
2006-12-08,
2006-12-09,
2006-12-10,0.5350926769416634
2006-12-11,0.6616753234774544
2006-12-12,0.6930885170980342
2006-12-13,0.6682357035218094
2006-12-14,0.6679808905300966
2006-12-15,0.6890470338779283
2006-12-16,0.667532508009974
2006-12-17,0.7137417444470677
2006-12-18,0.6704858392380411
2006-12-19,0.656610120982751
2006-12-20,0.5055420907518339
2006-12-21,0.6772039825896369
2006-12-22,
2006-12-23,0.6494559845146622
2006-12-24,0.6303078468766414
2006-12-25,0.46082814540425576
2006-12-26,0.6651440211846554
2006-12-27,0.4809695224973846
2006-12-28,0.47537292840876355
2006-12-29,0.5605577697671725
2006-12-30,
2006-12-31,
2007-01-01,0.618641460732671
2007-01-02,0.6472376541245077
2007-01-03,0.4459905088921723
2007-01-04,0.6712971262338813
2007-01-05,0.6797855722131663
2007-01-06,0.6553390744301604
2007-01-07,0.635627675254459
2007-01-08,0.6377031169429489
2007-01-09,
2007-01-10,
2007-01-11,
2007-01-12,0.4655724317172799
2007-01-13,0.6196805671389901
2007-01-14,
2007-01-15,
2007-01-16,
2007-01-17,
2007-01-18,
2007-01-19,
2007-01-20,
2007-01-21,
2007-01-22,
2007-01-23,
2007-01-24,
2007-01-25,
2007-01-26,
2007-01-27,
2007-01-28,
2007-01-29,
2007-01-30,
2007-01-31,
2007-02-01,
2007-02-02,
2007-02-03,
2007-02-04,
2007-02-05,
2007-02-06,
2007-02-07,
2007-02-08,
2007-02-09,
2007-02-10,
2007-02-11,
2007-02-12,
2007-02-13,
2007-02-14,
2007-02-15,
2007-02-16,
2007-02-17,
2007-02-18,
2007-02-19,
2007-02-20,
2007-02-21,
2007-02-22,
2007-02-23,
2007-02-24,
2007-02-25,
2007-02-26,
2007-02-27,
2007-02-28,
2007-03-01,
2007-03-02,
2007-03-03,
2007-03-04,
2007-03-05,
2007-03-06,
2007-03-07,
2007-03-08,
2007-03-09,
2007-03-10,
2007-03-11,
2007-03-12,
2007-03-13,0.5859872454410192
2007-03-14,0.5944543530389065
2007-03-15,0.6168625133759177
2007-03-16,
2007-03-17,
2007-03-18,
2007-03-19,
2007-03-20,
2007-03-21,
2007-03-22,0.49574167760568594
2007-03-23,
2007-03-24,0.669870114278148
2007-03-25,0.5775112260749052
2007-03-26,0.620115567665459
2007-03-27,0.5906107257880279
2007-03-28,0.6180333349369019
2007-03-29,0.6180116589276493
2007-03-30,
2007-03-31,0.6518158951075642
2007-04-01,0.6569717451753934
2007-04-02,0.6264080663947282
2007-04-03,0.6233750932455149
2007-04-04,0.651559286501072
2007-04-05,0.6144940438992126
2007-04-06,
2007-04-07,
2007-04-08,
2007-04-09,
2007-04-10,
2007-04-11,
2007-04-12,0.634890111867145
2007-04-13,0.6589245759907392
2007-04-14,0.5153693973979276
2007-04-15,
2007-04-16,0.45793274642038695
2007-04-17,0.4089020183038201
2007-04-18,0.5085929526799048
2007-04-19,0.5797217736401662
2007-04-20,0.6438974175935865
2007-04-21,0.6519288158560629
2007-04-22,0.6714794590196587
2007-04-23,0.6456018969415409
2007-04-24,0.631659294356291
2007-04-25,0.6607968420341809
2007-04-26,0.6255867190343576
2007-04-27,0.6676951566479129
2007-04-28,0.649467247207758
2007-04-29,0.6489137130895325
2007-04-30,0.6402293649511039
2007-05-01,0.7048719936811932
2007-05-02,0.6514317998187915
2007-05-03,0.6770237724995383
2007-05-04,0.7033591143283322
2007-05-05,0.7003552934350964
2007-05-06,0.6961565023168348
2007-05-07,0.703701036868407
2007-05-08,0.6968491943274128
2007-05-09,0.7229216074255612
2007-05-10,0.7393345423704727
2007-05-11,0.6974436904211853
2007-05-12,0.7277018197337217
2007-05-13,0.7166633760901987
2007-05-14,0.7194960882340231
2007-05-15,0.7284556701099435
2007-05-16,0.7197819490262243
2007-05-17,0.6980082529204757
2007-05-18,0.7166181894699651
2007-05-19,0.7373350272096467
2007-05-20,0.7287987460078249
2007-05-21,0.6818674936553649
2007-05-22,0.7140016752264519
2007-05-23,0.7207106211581221
2007-05-24,0.7420421341635903
2007-05-25,0.7206637618020565
2007-05-26,
2007-05-27,0.7159383205317286
2007-05-28,0.6862618361367291
2007-05-29,0.7277342006960876
2007-05-30,0.7059197838157115
2007-05-31,0.7558448237593394
2007-06-01,0.7085605445050283
2007-06-02,
2007-06-03,0.7022821407497885
2007-06-04,0.7098026793598159
2007-06-05,0.6725188569959554
2007-06-06,0.6667876396605922
2007-06-07,0.691043051731006
2007-06-08,0.6805726079749785
2007-06-09,
2007-06-10,0.6757217284202398
2007-06-11,0.6906024249607245
2007-06-12,0.7107912819538043
2007-06-13,0.7075512514981122
2007-06-14,0.7100780002285115
2007-06-15,0.6960275173280414
2007-06-16,
2007-06-17,0.7126886465269267
2007-06-18,0.7069170979428929
2007-06-19,0.6966644336178458
2007-06-20,0.6913499834087252
2007-06-21,0.7192344688182625
2007-06-22,0.7048583213943193
2007-06-23,0.7247388458058687
2007-06-24,0.7406347919671201
2007-06-25,
2007-06-26,0.7232792580729369
2007-06-27,0.716130189278975
2007-06-28,0.744318137994096
2007-06-29,0.7084181326914781
2007-06-30,0.7336228088967058
2007-07-01,0.7179409858935073
2007-07-02,0.7299392495454489
2007-07-03,0.6983635906354592
2007-07-04,0.7189907389451838
2007-07-05,0.7137397523290013
2007-07-06,0.7427054860500371
2007-07-07,0.7272700651369388
2007-07-08,0.7149859405178053
2007-07-09,0.7294044480018799
2007-07-10,0.7032885255105656
2007-07-11,0.7521651985993174
2007-07-12,0.7297577243400902
2007-07-13,0.5360595918820839
2007-07-14,0.7363474357163887
2007-07-15,0.7214109598416885
2007-07-16,0.7213389715503347
2007-07-17,0.7040738605924671
2007-07-18,0.7908235986531168
2007-07-19,0.7316090127089606
2007-07-20,
2007-07-21,0.7357198065341232
2007-07-22,0.7252740491132332
2007-07-23,0.7303136366172313
2007-07-24,0.7467674769491218
2007-07-25,0.7404937485844812
2007-07-26,0.7460320257284793
2007-07-27,
2007-07-28,0.7766058143227246
2007-07-29,
2007-07-30,0.7188723907782691
2007-07-31,0.7201408587940288
2007-08-01,0.7333511390388451
2007-08-02,0.7185436782519662
2007-08-03,
2007-08-04,0.7298193304151178
2007-08-05,0.7767068687750314
2007-08-06,0.7562106732826851
2007-08-07,0.7097855448185236
2007-08-08,0.7535136328087968
2007-08-09,0.7337816352473151
2007-08-10,0.8188078406523114
2007-08-11,0.7459299972103958
2007-08-12,0.759650149031042
2007-08-13,0.7455799491396656
2007-08-14,0.7514412855113844
2007-08-15,0.7261233522854295
2007-08-16,0.7348384183658666
2007-08-17,0.7411641966304523
2007-08-18,0.7292084383678068
2007-08-19,0.7091999999999999
2007-08-20,0.7273174495800245
2007-08-21,0.7999246009074841
2007-08-22,0.7587988620671751
2007-08-23,0.7564623155371943
2007-08-24,0.7475609062336234
2007-08-25,0.7291546259088793
2007-08-26,0.743793869783927
2007-08-27,0.7288092238717561
2007-08-28,0.7425884900805321
2007-08-29,0.7228575654534777
2007-08-30,0.7762227904947965
2007-08-31,0.7265080376322224
2007-09-01,0.7531359127452755
2007-09-02,0.7600744484960431
2007-09-03,0.7184307444756567
2007-09-04,0.7925606169122547
2007-09-05,0.7234286055918605
2007-09-06,0.7425165061881929
2007-09-07,0.7343746262082324
2007-09-08,0.7166852037812702
2007-09-09,0.7749275612038861
2007-09-10,0.7432104040550791
2007-09-11,0.7310402822323838
2007-09-12,0.730988525410087
2007-09-13,0.7460315413546633
2007-09-14,0.7128454012021279
2007-09-15,0.7653308262009277
2007-09-16,0.752190938213147
2007-09-17,0.7227043524671782
2007-09-18,0.7529479489737906
2007-09-19,0.699916095273968
2007-09-20,0.7860552973152402
2007-09-21,0.7355993998949771
2007-09-22,
2007-09-23,0.7189004531034175
2007-09-24,0.7324581034728397
2007-09-25,0.7255306152709404
2007-09-26,0.7180653065142606
2007-09-27,0.7607855524478528
2007-09-28,0.7254258171196141
2007-09-29,
2007-09-30,0.7249750983610748
2007-10-01,0.73626953565627
2007-10-02,0.7037481657577673
2007-10-03,0.7004656028752159
2007-10-04,0.7099105463752781
2007-10-05,0.7150905770903726
2007-10-06,
2007-10-07,0.7254687634880557
2007-10-08,0.7449588337037392
2007-10-09,0.7161454376372222
2007-10-10,0.7095185934168609
2007-10-11,0.7213001485649255
2007-10-12,0.7288715996157089
2007-10-13,0.7138379328606521
2007-10-14,0.7198982374075928
2007-10-15,0.7374093738541567
2007-10-16,0.719722669625683
2007-10-17,0.7150270278162072
2007-10-18,0.721383412407509
2007-10-19,0.7126940276214545
2007-10-20,0.7088132940211563
2007-10-21,0.7126466929055859
2007-10-22,0.7437128200033005
2007-10-23,0.7353534100520238
2007-10-24,0.7307904216230817
2007-10-25,0.7121790620031755
2007-10-26,0.7110490541408351
2007-10-27,
2007-10-28,0.6983133020769761
2007-10-29,0.6194720748347617
2007-10-30,0.6769721089629838
2007-10-31,0.7575951755951608
2007-11-01,0.7325090918140008
2007-11-02,0.7225989228008559
2007-11-03,0.46587982423645935
2007-11-04,0.7122779649635359
2007-11-05,0.7262967100088853
2007-11-06,0.6932385604670013
2007-11-07,
2007-11-08,0.4757215466137167
2007-11-09,
2007-11-10,0.6813284073108189
2007-11-11,0.5229676930550443
2007-11-12,0.7042682396309473
2007-11-13,0.6987389341208436
2007-11-14,0.7267666207887158
2007-11-15,0.7250168733809851
2007-11-16,0.7075237068776182
2007-11-17,0.46864724837631516
2007-11-18,0.534192120835026
2007-11-19,0.4900560276585868
2007-11-20,0.6428219119931106
2007-11-21,0.686907138838348
2007-11-22,0.739602417300564
2007-11-23,
2007-11-24,
2007-11-25,
2007-11-26,0.6779309748555038
2007-11-27,0.7265356342452034
2007-11-28,
2007-11-29,0.6400656867684076
2007-11-30,0.5872752312857589
2007-12-01,0.4762696653259804
2007-12-02,
2007-12-03,
2007-12-04,
2007-12-05,
2007-12-06,
2007-12-07,
2007-12-08,0.5007645140572702
2007-12-09,
2007-12-10,
2007-12-11,
2007-12-12,
2007-12-13,
2007-12-14,
2007-12-15,
2007-12-16,
2007-12-17,
2007-12-18,
2007-12-19,
2007-12-20,
2007-12-21,
2007-12-22,
2007-12-23,0.45131456341331416
2007-12-24,0.4454560209664583
2007-12-25,
2007-12-26,0.4427245963377233
2007-12-27,
2007-12-28,0.4278732934054874
2007-12-29,0.5841155469248597
2007-12-30,0.4904657945936472
2007-12-31,0.49033532305009125
2008-01-01,0.4962132626300845
2008-01-02,
2008-01-03,
2008-01-04,
2008-01-05,
2008-01-06,0.47520226097089446
2008-01-07,0.6169569219847154
2008-01-08,0.6425590683530377
2008-01-09,0.6224643305760496
2008-01-10,
2008-01-11,0.6183658087023568
2008-01-12,0.620342377893641
2008-01-13,
2008-01-14,
2008-01-15,0.4952190689200727
2008-01-16,
2008-01-17,
2008-01-18,
2008-01-19,
2008-01-20,
2008-01-21,
2008-01-22,
2008-01-23,
2008-01-24,
2008-01-25,
2008-01-26,
2008-01-27,
2008-01-28,
2008-01-29,
2008-01-30,0.5091467730219572
2008-01-31,
2008-02-01,
2008-02-02,
2008-02-03,
2008-02-04,
2008-02-05,0.5433408444360154
2008-02-06,
2008-02-07,
2008-02-08,
2008-02-09,
2008-02-10,
2008-02-11,
2008-02-12,
2008-02-13,
2008-02-14,
2008-02-15,
2008-02-16,
2008-02-17,
2008-02-18,
2008-02-19,
2008-02-20,
2008-02-21,
2008-02-22,
2008-02-23,
2008-02-24,
2008-02-25,
2008-02-26,
2008-02-27,
2008-02-28,
2008-02-29,
2008-03-01,
2008-03-02,
2008-03-03,
2008-03-04,0.5695483673828727
2008-03-05,
2008-03-06,
2008-03-07,
2008-03-08,
2008-03-09,
2008-03-10,
2008-03-11,
2008-03-12,
2008-03-13,
2008-03-14,
2008-03-15,0.40597251428255826
2008-03-16,
2008-03-17,
2008-03-18,
2008-03-19,0.6277401907774048
2008-03-20,0.5678345888506883
2008-03-21,
2008-03-22,
2008-03-23,
2008-03-24,
2008-03-25,
2008-03-26,
2008-03-27,
2008-03-28,
2008-03-29,
2008-03-30,
2008-03-31,0.5583333333333335
2008-04-01,0.5929607158824819
2008-04-02,0.6336722843049378
2008-04-03,
2008-04-04,0.6416334930425935
2008-04-05,0.6356925268407448
2008-04-06,0.5670275290478648
2008-04-07,0.6208622053945818
2008-04-08,0.6644321938268232
2008-04-09,0.6422378535009212
2008-04-10,0.6533838644548966
2008-04-11,0.6958853328571898
2008-04-12,0.5938166803915006
2008-04-13,0.6271419345616941
2008-04-14,0.624987918800369
2008-04-15,0.5783651821862348
2008-04-16,0.6371650439210917
2008-04-17,0.6129471323290008
2008-04-18,0.6647418326312141
2008-04-19,0.6710991681255895
2008-04-20,0.670843398732357
2008-04-21,0.6645924959567517
2008-04-22,0.6961834646492274
2008-04-23,0.7105472331193826
2008-04-24,0.696108669746313
2008-04-25,0.6794048171771703
2008-04-26,0.722625038831162
2008-04-27,0.6678398954488007
2008-04-28,0.7037302928784572
2008-04-29,0.6708145313778677
2008-04-30,0.6363352273388165
2008-05-01,
2008-05-02,0.6896073360887907
2008-05-03,0.718798633121531
2008-05-04,0.668803326327728
2008-05-05,0.6660800143990262
2008-05-06,0.6969803971638684
2008-05-07,0.6861505162154404
2008-05-08,0.6897268944277208
2008-05-09,0.6922833338724589
2008-05-10,0.7160622801517907
2008-05-11,0.7027952542658956
2008-05-12,0.7184671522457636
2008-05-13,0.737409466334984
2008-05-14,0.7082173494034992
2008-05-15,0.7084629288080839
2008-05-16,0.724359507740532
2008-05-17,0.7312531831025179
2008-05-18,0.6987671661599127
2008-05-19,0.7502466270202642
2008-05-20,0.7063079566567697
2008-05-21,0.703364518263167
2008-05-22,0.6975347535105625
2008-05-23,0.7115891400682196
2008-05-24,0.7308743623197899
2008-05-25,0.7234418919392408
2008-05-26,
2008-05-27,0.7237950737698231
2008-05-28,0.7405893303960693
2008-05-29,0.7244358211378469
2008-05-30,0.7076902253258762
2008-05-31,0.7304165540808258
2008-06-01,0.7565155297219062
2008-06-02,0.7378745020615199
2008-06-03,0.6961083168865045
2008-06-04,0.7494528053978547
2008-06-05,0.7178571182870621
2008-06-06,0.7167252119202303
2008-06-07,0.7003200933829492
2008-06-08,0.6980565921521208
2008-06-09,0.7177016529984349
2008-06-10,0.7074799754195108
2008-06-11,0.7015592460077632
2008-06-12,0.6988403232466209
2008-06-13,0.7276617989349202
2008-06-14,0.6965222829019628
2008-06-15,0.6650022543962796
2008-06-16,0.6827161305488194
2008-06-17,0.6934978352952947
2008-06-18,
2008-06-19,0.6921645129853315
2008-06-20,0.7379115580259855
2008-06-21,0.6922931089645944
2008-06-22,0.6818905243442924
2008-06-23,0.6817900397965175
2008-06-24,0.683831637869987
2008-06-25,0.7029863450852127
2008-06-26,0.8116104084445892
2008-06-27,0.7740823825294689
2008-06-28,0.7490763558975211
2008-06-29,0.7154107911260863
2008-06-30,0.7121815245569245
2008-07-01,0.7263767000474755
2008-07-02,0.698176155365542
2008-07-03,0.7180351941062441
2008-07-04,0.7490353124692026
2008-07-05,0.7013767190760298
2008-07-06,0.7466953267499328
2008-07-07,0.7245382963489074
2008-07-08,0.7347825848850856
2008-07-09,0.7419397868480451
2008-07-10,0.6920442410561206
2008-07-11,0.7318024712123661
2008-07-12,0.7188172819309446
2008-07-13,0.74949618984703
2008-07-14,0.6947867388395349
2008-07-15,0.7601699899386157
2008-07-16,0.7201423561807079
2008-07-17,0.7349984492367274
2008-07-18,0.7137443978090205
2008-07-19,0.7091647336519461
2008-07-20,0.7889690970236729
2008-07-21,0.7449398913876543
2008-07-22,0.7819360405409508
2008-07-23,0.7272362668831371
2008-07-24,0.7394642668780061
2008-07-25,0.7104995176584852
2008-07-26,0.7083056106822738
2008-07-27,0.7277096745500395
2008-07-28,0.7673024071481359
2008-07-29,0.7674047730559166
2008-07-30,0.7262194119218971
2008-07-31,0.7300342040547485
2008-08-01,0.7275184476090971
2008-08-02,0.7001752638241202
2008-08-03,0.7539295055166229
2008-08-04,0.7300103593207117
2008-08-05,0.7591467554232477
2008-08-06,0.7379217073562616
2008-08-07,0.7445470063987563
2008-08-08,0.7266615926000004
2008-08-09,0.7705214696052983
2008-08-10,0.7159909571607321
2008-08-11,0.7260184676186203
2008-08-12,0.7415405244801129
2008-08-13,0.73515955353851
2008-08-14,0.7640209510141796
2008-08-15,0.7343780725521883
2008-08-16,0.7405099761627296
2008-08-17,0.7339476125339595
2008-08-18,0.7338043900806704
2008-08-19,0.7423398742616851
2008-08-20,0.7056544407452738
2008-08-21,0.738036048868471
2008-08-22,0.7454663172993727
2008-08-23,0.7588912018225429
2008-08-24,0.7334240177912851
2008-08-25,0.7323897689134397
2008-08-26,0.7467748251822091
2008-08-27,0.7267357311255813
2008-08-28,0.7252883502967497
2008-08-29,0.7734352914565422
2008-08-30,0.7967716257391992
2008-08-31,0.7216932526605238
2008-09-01,0.7576379255805433
2008-09-02,0.7667587669381039
2008-09-03,0.7266614433101743
2008-09-04,0.7702007115407886
2008-09-05,0.7188683962720981
2008-09-06,0.775325227359017
2008-09-07,0.7351880622553917
2008-09-08,0.7498187427062919
2008-09-09,0.7689827900762458
2008-09-10,0.7290485200726535
2008-09-11,0.735238272896753
2008-09-12,0.7402758894722556
2008-09-13,0.7614951574483684
2008-09-14,0.733233576841652
2008-09-15,0.7972245752469179
2008-09-16,0.7275058089347426
2008-09-17,0.7329611643731031
2008-09-18,0.731598488192068
2008-09-19,0.7043306234354612
2008-09-20,0.7307445903878398
2008-09-21,0.7403515036189399
2008-09-22,0.7601635890779953
2008-09-23,0.7524277257888701
2008-09-24,0.7667469842546624
2008-09-25,0.7265192636042693
2008-09-26,0.7384589496792567
2008-09-27,0.7536916595043905
2008-09-28,0.7280683198182659
2008-09-29,0.741536736980223
2008-09-30,0.7272787786597158
2008-10-01,0.7499342446625639
2008-10-02,0.7333915258350828
2008-10-03,0.7290060151199863
2008-10-04,0.7063091310241545
2008-10-05,0.7038848831484118
2008-10-06,0.7262405542697087
2008-10-07,0.5793971788350994
2008-10-08,0.7667558005736499
2008-10-09,0.7168293195196012
2008-10-10,0.7267909843154661
2008-10-11,0.7099021100934096
2008-10-12,0.7311790590561187
2008-10-13,0.7244751230310785
2008-10-14,0.7141914926820288
2008-10-15,0.7236948760254155
2008-10-16,0.7337118348187628
2008-10-17,0.6950227395880754
2008-10-18,0.6925381623739275
2008-10-19,0.5466461016256399
2008-10-20,0.5206460609901122
2008-10-21,0.7305819922527058
2008-10-22,0.6851252477441895
2008-10-23,0.6585154180345876
2008-10-24,
2008-10-25,0.7263959386910156
2008-10-26,0.6948520968305774
2008-10-27,0.6814230452487052
2008-10-28,0.6962830232196388
2008-10-29,0.6876577197098462
2008-10-30,0.4706819878830277
2008-10-31,0.6745515155403237
2008-11-01,0.689889160254589
2008-11-02,
2008-11-03,0.6966912134756149
2008-11-04,0.7304650859789974
2008-11-05,0.7147561129602268
2008-11-06,0.7016481492325252
2008-11-07,0.7080479522956504
2008-11-08,0.718924766258633
2008-11-09,0.7163928777427649
2008-11-10,0.6903284485957188
2008-11-11,0.6848268371288774
2008-11-12,0.6462371992397168
2008-11-13,0.6962761558159044
2008-11-14,0.6920080247350845
2008-11-15,0.6786933852194279
2008-11-16,0.6911639028489881
2008-11-17,0.5390804234822508
2008-11-18,
2008-11-19,
2008-11-20,
2008-11-21,
2008-11-22,
2008-11-23,
2008-11-24,
2008-11-25,
2008-11-26,0.4540310415886374
2008-11-27,
2008-11-28,0.5212595427414067
2008-11-29,0.5268466065867875
2008-11-30,
2008-12-01,0.4460775344646147
2008-12-02,0.5971308046313485
2008-12-03,0.45434407630754714
2008-12-04,0.6418548964107652
2008-12-05,0.4664373806398105
2008-12-06,
2008-12-07,
2008-12-08,
2008-12-09,
2008-12-10,0.45960819649650764
2008-12-11,
2008-12-12,
2008-12-13,
2008-12-14,
2008-12-15,0.5727305474379747
2008-12-16,0.5193506975701789
2008-12-17,
2008-12-18,
2008-12-19,
2008-12-20,
2008-12-21,
2008-12-22,
2008-12-23,
2008-12-24,
2008-12-25,0.44213790781003753
2008-12-26,
2008-12-27,
2008-12-28,0.5771210413898245
2008-12-29,0.5426379946182659
2008-12-30,0.626828794051538
2008-12-31,
2009-01-01,
2009-01-02,
2009-01-03,
2009-01-04,
2009-01-05,
2009-01-06,
2009-01-07,
2009-01-08,
2009-01-09,
2009-01-10,
2009-01-11,
2009-01-12,
2009-01-13,
2009-01-14,
2009-01-15,
2009-01-16,
2009-01-17,
2009-01-18,
2009-01-19,
2009-01-20,
2009-01-21,
2009-01-22,
2009-01-23,
2009-01-24,
2009-01-25,
2009-01-26,
2009-01-27,
2009-01-28,
2009-01-29,
2009-01-30,
2009-01-31,
2009-02-01,
2009-02-02,
2009-02-03,
2009-02-04,
2009-02-05,
2009-02-06,
2009-02-07,
2009-02-08,0.4989438318488053
2009-02-09,
2009-02-10,
2009-02-11,0.5789866068439146
2009-02-12,0.6137889406230007
2009-02-13,
2009-02-14,
2009-02-15,
2009-02-16,
2009-02-17,
2009-02-18,
2009-02-19,
2009-02-20,
2009-02-21,
2009-02-22,
2009-02-23,
2009-02-24,
2009-02-25,
2009-02-26,0.6140294111885878
2009-02-27,0.6377949160981375
2009-02-28,
2009-03-01,
2009-03-02,
2009-03-03,
2009-03-04,
2009-03-05,
2009-03-06,0.6650028114548181
2009-03-07,0.6593908210851643
2009-03-08,0.612464919798814
2009-03-09,0.6644702688162464
2009-03-10,
2009-03-11,0.5863401306570986
2009-03-12,0.6038989418356685
2009-03-13,
2009-03-14,
2009-03-15,
2009-03-16,
2009-03-17,0.7098068936338153
2009-03-18,0.6540459309463069
2009-03-19,0.6577290111766371
2009-03-20,
2009-03-21,
2009-03-22,
2009-03-23,
2009-03-24,
2009-03-25,
2009-03-26,0.6998604115238684
2009-03-27,0.6393734690268653
2009-03-28,0.671046796611065
2009-03-29,0.6959000692584029
2009-03-30,0.635692480457879
2009-03-31,
2009-04-01,0.6510403314474181
2009-04-02,0.6652922830951836
2009-04-03,0.6554680513290806
2009-04-04,0.6476247622912722
2009-04-05,0.6264030656452577
2009-04-06,0.6517342548477011
2009-04-07,
2009-04-08,
2009-04-09,0.6496120396970598
2009-04-10,0.6731069995246612
2009-04-11,0.8096358974358975
2009-04-12,
2009-04-13,
2009-04-14,0.6740066443100772
2009-04-15,0.6613596752603154
2009-04-16,0.6723488780171547
2009-04-17,0.6776372251812017
2009-04-18,0.6987437469993718
2009-04-19,0.6915426905303
2009-04-20,0.7106903879799172
2009-04-21,0.6633791866048715
2009-04-22,0.6494108758552556
2009-04-23,0.6790494703999704
2009-04-24,0.6582400809648113
2009-04-25,0.6925105612658766
2009-04-26,0.7028512039636977
2009-04-27,0.7511788543630925
2009-04-28,0.7114791421632007
2009-04-29,0.6803329042097714
2009-04-30,0.7378529448109583
2009-05-01,0.6917934558285312
2009-05-02,0.665369428528824
2009-05-03,0.6913873906279707
2009-05-04,0.7365143432689923
2009-05-05,0.7308738491386277
2009-05-06,0.7558075681138233
2009-05-07,0.6976674827641981
2009-05-08,0.6903084087997258
2009-05-09,0.7172246731499448
2009-05-10,0.695782497028967
2009-05-11,0.7162368064327601
2009-05-12,0.7134002880945389
2009-05-13,
2009-05-14,0.7299635748083069
2009-05-15,0.7386786120024191
2009-05-16,0.7473708433449693
2009-05-17,0.6671803825197693
2009-05-18,0.6908333907487942
2009-05-19,0.6748711854206374
2009-05-20,0.7532483225263166
2009-05-21,0.7048904610370706
2009-05-22,0.7412171550827431
2009-05-23,0.716658326035623
2009-05-24,0.7305208775684684
2009-05-25,0.7354281180196302
2009-05-26,0.7163087344732392
2009-05-27,0.718174732478399
2009-05-28,0.7131132397900075
2009-05-29,
2009-05-30,0.6708543102404635
2009-05-31,0.705008760098528
2009-06-01,0.7150721080971143
2009-06-02,0.6780195874853641
2009-06-03,0.7004280086017812
2009-06-04,0.6834177887388275
2009-06-05,0.7400122009167681
2009-06-06,0.6872200111158457
2009-06-07,0.7672775820497957
2009-06-08,0.7107286867600635
2009-06-09,0.6784451616959403
2009-06-10,0.6979098429504718
2009-06-11,0.6913897125834407
2009-06-12,0.7318610890329463
2009-06-13,0.6905576385637575
2009-06-14,
2009-06-15,0.7050784507741886
2009-06-16,0.7076895515963323
2009-06-17,0.7156009234088404
2009-06-18,0.7364165130516311
2009-06-19,0.706243286090139
2009-06-20,0.7236581859971963
2009-06-21,0.7703719597411745
2009-06-22,0.7031312566440996
2009-06-23,0.7329924972147474
2009-06-24,0.6853580381263837
2009-06-25,0.7186397674366318
2009-06-26,0.7268949224966025
2009-06-27,0.707709783079115
2009-06-28,0.7329445981051358
2009-06-29,0.7188061934628887
2009-06-30,
2009-07-01,0.7186221095516815
2009-07-02,0.7896967860816051
2009-07-03,0.7118294807545676
2009-07-04,0.7309290956101271
2009-07-05,0.7317678132296561
2009-07-06,0.689874376889616
2009-07-07,0.791891824155316
2009-07-08,0.7256732803425017
2009-07-09,0.7644323585650832
2009-07-10,0.7168275035225139
2009-07-11,0.7254556499243785
2009-07-12,0.7070503260450274
2009-07-13,0.7019478427689789
2009-07-14,0.7390476388365689
2009-07-15,0.7236681214094329
2009-07-16,
2009-07-17,0.7340182969406736
2009-07-18,0.7119593450763445
2009-07-19,0.7403026113681057
2009-07-20,0.7153264712118756
2009-07-21,0.7524182077119529
2009-07-22,0.7374850814020967
2009-07-23,0.7978372570903498
2009-07-24,0.7598916288467591
2009-07-25,0.7806096788341094
2009-07-26,0.7329061569166905
2009-07-27,0.7310837014298712
2009-07-28,0.7392669502026249
2009-07-29,0.7350690550728021
2009-07-30,0.77602449148771
2009-07-31,0.7527118940977818
2009-08-01,
2009-08-02,0.7334845724137493
2009-08-03,0.7457357750169245
2009-08-04,0.7382393751874442
2009-08-05,0.7493125061604309
2009-08-06,0.7368842463568616
2009-08-07,0.7347724714403808
2009-08-08,0.7927734951372872
2009-08-09,0.7869659209273336
2009-08-10,0.7653543374884622
2009-08-11,0.7496742076110046
2009-08-12,0.745625697926919
2009-08-13,0.7329211229903053
2009-08-14,0.7286544627263031
2009-08-15,0.7592362044706378
2009-08-16,0.7471697099137974
2009-08-17,
2009-08-18,0.748560762000183
2009-08-19,0.7656309502384558
2009-08-20,0.7510905943696111
2009-08-21,0.7545100464104502
2009-08-22,0.7470605865485352
2009-08-23,0.7320841879503954
2009-08-24,0.7705489589767798
2009-08-25,0.7453698252885375
2009-08-26,0.7778667782688072
2009-08-27,0.7305674430116714
2009-08-28,0.7508052661595999
2009-08-29,0.755204167557873
2009-08-30,0.7134917319002404
2009-08-31,0.7498127591645468
2009-09-01,0.7214475789080625
2009-09-02,
2009-09-03,0.7260695466037956
2009-09-04,0.7379283139595141
2009-09-05,0.7455769867818308
2009-09-06,0.7331166296937407
2009-09-07,0.7465935330683591
2009-09-08,0.7384040177957611
2009-09-09,0.756750803265481
2009-09-10,0.7418600420391522
2009-09-11,0.7784151757233776
2009-09-12,0.765617207754854
2009-09-13,0.7309794746180286
2009-09-14,0.7551453796151868
2009-09-15,0.734081695261081
2009-09-16,0.7404027207101723
2009-09-17,0.7671153148643117
2009-09-18,
2009-09-19,0.7268359013814901
2009-09-20,0.7325627632641591
2009-09-21,0.750680451381594
2009-09-22,0.7577838020278221
2009-09-23,0.7632757905165404
2009-09-24,0.7385741824162212
2009-09-25,0.7417032792331004
2009-09-26,0.73165409552273
2009-09-27,0.7834475422021205
2009-09-28,0.7250718699891
2009-09-29,0.7403967059402904
2009-09-30,0.7653800293133882
2009-10-01,0.7039926239909658
2009-10-02,0.7154697063096912
2009-10-03,0.7136107853274415
2009-10-04,
2009-10-05,0.7179336831788965
2009-10-06,0.7376593910942714
2009-10-07,0.7110973462651616
2009-10-08,0.6982550691273035
2009-10-09,0.7407787606930756
2009-10-10,0.7268486872694172
2009-10-11,0.6998618969401421
2009-10-12,0.6605443064274035
2009-10-13,0.7343916338305585
2009-10-14,0.7054114170891234
2009-10-15,0.5350014474039617
2009-10-16,0.6830271460632632
2009-10-17,0.6823832218015699
2009-10-18,0.5564829844870726
2009-10-19,0.4932016738119418
2009-10-20,0.7085664621676893
2009-10-21,0.7284313614492834
2009-10-22,0.71004170620364
2009-10-23,0.7266612867417379
2009-10-24,0.7096924833845719
2009-10-25,0.6915930115457796
2009-10-26,0.7051726245910672
2009-10-27,0.6803699936560904
2009-10-28,0.7297787733562919
2009-10-29,0.7344120141563834
2009-10-30,0.6833975076240246
2009-10-31,0.7161394359525345
2009-11-01,0.6810703425486122
2009-11-02,0.4734809884483437
2009-11-03,0.6928984041391358
2009-11-04,0.6736003486797172
2009-11-05,
2009-11-06,0.5562651829661822
2009-11-07,0.5177258232255708
2009-11-08,0.6856483014444293
2009-11-09,0.70268868933864
2009-11-10,0.6899826036197224
2009-11-11,0.6818545696454605
2009-11-12,
2009-11-13,0.4688348965160114
2009-11-14,0.6000927446340647
2009-11-15,0.7026288799121905
2009-11-16,0.6875389315512027
2009-11-17,0.527433661740019
2009-11-18,0.4814470654287199
2009-11-19,0.7109028019816166
2009-11-20,0.6727615070161801
2009-11-21,0.6727755772495125
2009-11-22,0.6684711192540859
2009-11-23,0.5733405942095118
2009-11-24,0.6980465987601262
2009-11-25,0.679256730696852
2009-11-26,0.6837159188043088
2009-11-27,0.6633038594592832
2009-11-28,0.6630430616290242
2009-11-29,0.4848695656489263
2009-11-30,0.6778016785027503
2009-12-01,0.4613221169478205
2009-12-02,0.5608364598946428
2009-12-03,0.6968607071256102
2009-12-04,0.6521422139531686
2009-12-05,0.5088521902803642
2009-12-06,0.49897104320750624
2009-12-07,
2009-12-08,0.47231826859778636
2009-12-09,0.5426062817334545
2009-12-10,0.521749758300724
2009-12-11,
2009-12-12,
2009-12-13,
2009-12-14,
2009-12-15,0.5924283024557293
2009-12-16,
2009-12-17,
2009-12-18,
2009-12-19,
2009-12-20,
2009-12-21,
2009-12-22,
2009-12-23,
2009-12-24,
2009-12-25,
2009-12-26,
2009-12-27,0.4918476374348408
2009-12-28,0.5265372328110235
2009-12-29,
2009-12-30,
2009-12-31,
2010-01-01,
2010-01-02,
2010-01-03,
2010-01-04,
2010-01-05,
2010-01-06,
2010-01-07,
2010-01-08,
2010-01-09,
2010-01-10,
2010-01-11,
2010-01-12,
2010-01-13,
2010-01-14,
2010-01-15,
2010-01-16,0.6247004390219951
2010-01-17,
2010-01-18,
2010-01-19,
2010-01-20,0.5372322469073826
2010-01-21,
2010-01-22,
2010-01-23,
2010-01-24,
2010-01-25,0.6021202527767898
2010-01-26,0.6468745965981922
2010-01-27,
2010-01-28,
2010-01-29,
2010-01-30,
2010-01-31,
2010-02-01,
2010-02-02,
2010-02-03,
2010-02-04,
2010-02-05,
2010-02-06,
2010-02-07,
2010-02-08,
2010-02-09,
2010-02-10,
2010-02-11,
2010-02-12,
2010-02-13,
2010-02-14,
2010-02-15,
2010-02-16,
2010-02-17,
2010-02-18,
2010-02-19,
2010-02-20,
2010-02-21,
2010-02-22,
2010-02-23,
2010-02-24,
2010-02-25,
2010-02-26,
2010-02-27,
2010-02-28,
2010-03-01,
2010-03-02,
2010-03-03,
2010-03-04,
2010-03-05,
2010-03-06,
2010-03-07,
2010-03-08,
2010-03-09,
2010-03-10,
2010-03-11,0.5687478158306968
2010-03-12,0.510075531526884
2010-03-13,0.6046909119131686
2010-03-14,0.5796419854892684
2010-03-15,0.5914007166157133
2010-03-16,0.7124269336162578
2010-03-17,0.6418953664993542
2010-03-18,0.646613976220208
2010-03-19,0.6252141952357839
2010-03-20,
2010-03-21,0.6871309660058118
2010-03-22,0.7006475637888828
2010-03-23,0.6616414918209904
2010-03-24,0.6203597028747025
2010-03-25,0.6672690744505929
2010-03-26,
2010-03-27,
2010-03-28,
2010-03-29,0.652405009474422
2010-03-30,
2010-03-31,0.650207384025955
2010-04-01,0.697622497834437
2010-04-02,0.6605544019331637
2010-04-03,0.6576837969311388
2010-04-04,0.6595893085864285
2010-04-05,
2010-04-06,0.6963893211008871
2010-04-07,0.6877712635119271
2010-04-08,0.700073013956539
2010-04-09,0.6584121495486747
2010-04-10,0.683473508901142
2010-04-11,0.673666287994812
2010-04-12,0.6958525954567966
2010-04-13,0.7115016959605748
2010-04-14,0.663956263825421
2010-04-15,0.70181897940237
2010-04-16,0.7037347877219127
2010-04-17,0.6763095333909631
2010-04-18,0.6743361871672454
2010-04-19,0.6915105180432151
2010-04-20,0.7025670207976812
2010-04-21,
2010-04-22,0.7102549762603391
2010-04-23,0.6931975185159157
2010-04-24,0.7204147666918056
2010-04-25,0.7119487689027321
2010-04-26,0.7106532185429818
2010-04-27,0.6754725497071891
2010-04-28,0.7023308077772022
2010-04-29,0.718984510610254
2010-04-30,0.7590901256057014
2010-05-01,0.7280219583642187
2010-05-02,0.7448683375737081
2010-05-03,0.7610257542531992
2010-05-04,0.7298584279944712
2010-05-05,0.7482635905568057
2010-05-06,0.6829256220074262
2010-05-07,
2010-05-08,0.6958150020681747
2010-05-09,0.7037299093076645
2010-05-10,0.6385003538302757
2010-05-11,0.5242868713238102
2010-05-12,0.7022137201629032
2010-05-13,0.657535670524934
2010-05-14,0.6993598299284141
2010-05-15,0.6807104196145702
2010-05-16,0.7177924755985899
2010-05-17,0.6900807553805923
2010-05-18,0.7184093709608863
2010-05-19,0.7218384108684205
2010-05-20,0.6929084801574393
2010-05-21,0.7261757663234295
2010-05-22,0.7569938585634601
2010-05-23,
2010-05-24,0.696662216332781
2010-05-25,0.7379139752216088
2010-05-26,0.6874422104925907
2010-05-27,0.7048136058847058
2010-05-28,0.7341717173293256
2010-05-29,0.7167270785825942
2010-05-30,0.7323889388476313
2010-05-31,0.7033707570021697
2010-06-01,0.8144720910714436
2010-06-02,0.6836264544873827
2010-06-03,0.7611518946731036
2010-06-04,0.688641077699097
2010-06-05,0.6793669306805572
2010-06-06,0.7422574821128417
2010-06-07,0.6554895104052969
2010-06-08,
2010-06-09,0.6854515482854014
2010-06-10,0.6946817725708997
2010-06-11,0.6598316926264661
2010-06-12,0.7316487337028811
2010-06-13,0.7352230038174162
2010-06-14,0.7143389169408483
2010-06-15,0.6818524410519582
2010-06-16,0.704666452862124
2010-06-17,0.779087176028557
2010-06-18,0.67232632205299
2010-06-19,0.7372457538492856
2010-06-20,0.6988093531285119
2010-06-21,0.6937594794579577
2010-06-22,0.7280161945380913
2010-06-23,0.6992104075425325
2010-06-24,0.752805152979066
2010-06-25,0.6968327929715228
2010-06-26,0.7501718412631946
2010-06-27,0.735166596366569
2010-06-28,0.7407135940770174
2010-06-29,0.7033792832037701
2010-06-30,0.7007172708485263
2010-07-01,0.7296882495610918
2010-07-02,0.7465603138679017
2010-07-03,0.7665124845450052
2010-07-04,0.6982164448716525
2010-07-05,0.7293356433489832
2010-07-06,0.7274833680296904
2010-07-07,0.7299041066385495
2010-07-08,0.74305992786339
2010-07-09,0.7272301454252951
2010-07-10,0.7764514097749393
2010-07-11,0.6952336443259752
2010-07-12,0.7518616252694673
2010-07-13,0.7291864540399079
2010-07-14,0.7498985720496434
2010-07-15,0.7354779735550532
2010-07-16,0.7523035950143843
2010-07-17,0.7491892512480247
2010-07-18,0.7195908823492347
2010-07-19,0.7752127746808453
2010-07-20,0.73777479431852
2010-07-21,0.7553243892937321
2010-07-22,0.7429304580831481
2010-07-23,0.6729098642227869
2010-07-24,0.7554411189237544
2010-07-25,0.7319767459327948
2010-07-26,0.7849515778205555
2010-07-27,0.7084708822708249
2010-07-28,0.7572668291927322
2010-07-29,0.7284207806595687
2010-07-30,0.7228572375634964
2010-07-31,0.7486667972112754
2010-08-01,0.749822919490163
2010-08-02,0.7444413251856054
2010-08-03,0.7533712723247256
2010-08-04,0.7970648837399344
2010-08-05,0.7409699362280823
2010-08-06,0.7621026748402793
2010-08-07,0.7623951198277441
2010-08-08,0.7563657824905388
2010-08-09,0.7567415769143534
2010-08-10,0.7674204613838663
2010-08-11,0.7945404230847608
2010-08-12,0.7434915560518688
2010-08-13,0.746549447665671
2010-08-14,0.7432694242542754
2010-08-15,0.7549452664610197
2010-08-16,0.7685304916430858
2010-08-17,0.7206189313801443
2010-08-18,0.7727189225642395
2010-08-19,0.7411721478169427
2010-08-20,0.7686334872110258
2010-08-21,0.7341018897488963
2010-08-22,0.7590140367973921
2010-08-23,0.7681379607771228
2010-08-24,0.7349846683679073
2010-08-25,0.759126265041393
2010-08-26,0.7396528429891459
2010-08-27,0.7509181516585018
2010-08-28,0.7155259916503229
2010-08-29,0.763728418164436
2010-08-30,0.730596370530557
2010-08-31,0.7392357670511011
2010-09-01,0.763420442990288
2010-09-02,0.7483766471028485
2010-09-03,0.7573120476041407
2010-09-04,0.7220200472826405
2010-09-05,0.7577858392891403
2010-09-06,0.7196367038066874
2010-09-07,0.7231390919412493
2010-09-08,0.7263607707887194
2010-09-09,0.7477408985970846
2010-09-10,0.7662707816327908
2010-09-11,0.7496106510957167
2010-09-12,0.7837033593283332
2010-09-13,0.7259057222902081
2010-09-14,0.7185068297755011
2010-09-15,0.7277602558029441
2010-09-16,0.7406283776826623
2010-09-17,0.7500861030960996
2010-09-18,0.7183940307340786
2010-09-19,0.7750254551169651
2010-09-20,0.710268756357926
2010-09-21,0.7386518065901037
2010-09-22,0.7174614648207371
2010-09-23,0.6978027665137416
2010-09-24,0.7315879333953413
2010-09-25,0.711378738722542
2010-09-26,0.7401404232815535
2010-09-27,0.7784273168129678
2010-09-28,0.7630731757308752
2010-09-29,0.7186645784975734
2010-09-30,0.7945945412446072
2010-10-01,0.7057892609948143
2010-10-02,0.7081815962214891
2010-10-03,0.7242858726785144
2010-10-04,0.7254880862214711
2010-10-05,0.7552575291517862
2010-10-06,0.7243640803786644
2010-10-07,0.7436136421841337
2010-10-08,0.6978116393246155
2010-10-09,0.7347746387404561
2010-10-10,0.7659343516392929
2010-10-11,0.7175259125150025
2010-10-12,0.737533119102095
2010-10-13,0.7187724287176838
2010-10-14,0.7267061763804301
2010-10-15,0.6935937269972378
2010-10-16,0.6981604190242395
2010-10-17,0.6995542896614422
2010-10-18,0.7066191367472777
2010-10-19,0.7235762361026932
2010-10-20,0.6955956951936147
2010-10-21,0.7163994483357025
2010-10-22,0.6898177165034383
2010-10-23,0.7128823850312499
2010-10-24,0.7115940452230102
2010-10-25,0.7206792326167273
2010-10-26,0.7194548417485515
2010-10-27,0.6741493469108623
2010-10-28,0.6818490233402698
2010-10-29,0.7067743475336582
2010-10-30,0.6952268227800437
2010-10-31,0.6809909450746304
2010-11-01,0.5773517040625462
2010-11-02,0.4678259300839851
2010-11-03,0.5354171027715519
2010-11-04,0.7159363261476231
2010-11-05,0.6993885122828986
2010-11-06,0.7130733807287908
2010-11-07,0.4667422566598746
2010-11-08,
2010-11-09,0.6631541792033628
2010-11-10,0.7110809335145507
2010-11-11,0.4944679404397274
2010-11-12,0.4980010228403917
2010-11-13,0.5339364810766334
2010-11-14,0.7019259596256471
2010-11-15,0.684485025605903
2010-11-16,0.6860258653919933
2010-11-17,0.682744691610521
2010-11-18,0.655842619224082
2010-11-19,0.6711212115049777
2010-11-20,0.6951823477124132
2010-11-21,0.48929703147540066
2010-11-22,0.6942780072558327
2010-11-23,0.6703996498398567
2010-11-24,0.6854435480665161
2010-11-25,0.4555137191520424
2010-11-26,0.6631991155420073
2010-11-27,0.48273701573267086
2010-11-28,0.5251135935259065
2010-11-29,0.5101604373904967
2010-11-30,0.6791541292684511
2010-12-01,0.7671686873026031
2010-12-02,0.5745692408656337
2010-12-03,
2010-12-04,0.48733333333333334
2010-12-05,
2010-12-06,
2010-12-07,
2010-12-08,0.523932649966951
2010-12-09,0.464125
2010-12-10,
2010-12-11,
2010-12-12,
2010-12-13,0.4417219257126425
2010-12-14,
2010-12-15,
2010-12-16,
2010-12-17,
2010-12-18,
2010-12-19,
2010-12-20,0.4838162593367914
2010-12-21,
2010-12-22,
2010-12-23,
2010-12-24,
2010-12-25,
2010-12-26,
2010-12-27,
2010-12-28,
2010-12-29,
2010-12-30,
2010-12-31,
2011-01-01,0.6114049249800076
2011-01-02,0.6465424548122548
2011-01-03,
2011-01-04,
2011-01-05,
2011-01-06,
2011-01-07,
2011-01-08,
2011-01-09,
2011-01-10,
2011-01-11,
2011-01-12,
2011-01-13,
2011-01-14,
2011-01-15,
2011-01-16,
2011-01-17,
2011-01-18,
2011-01-19,
2011-01-20,
2011-01-21,
2011-01-22,
2011-01-23,
2011-01-24,
2011-01-25,
2011-01-26,
2011-01-27,
2011-01-28,
2011-01-29,
2011-01-30,
2011-01-31,
2011-02-01,
2011-02-02,
2011-02-03,
2011-02-04,
2011-02-05,
2011-02-06,
2011-02-07,
2011-02-08,
2011-02-09,
2011-02-10,
2011-02-11,
2011-02-12,
2011-02-13,
2011-02-14,
2011-02-15,
2011-02-16,
2011-02-17,
2011-02-18,0.4491651060393073
2011-02-19,0.5728470657720971
2011-02-20,
2011-02-21,
2011-02-22,
2011-02-23,
2011-02-24,
2011-02-25,
2011-02-26,
2011-02-27,
2011-02-28,
2011-03-01,
2011-03-02,
2011-03-03,
2011-03-04,
2011-03-05,
2011-03-06,0.6137853979575199
2011-03-07,
2011-03-08,
2011-03-09,
2011-03-10,
2011-03-11,0.514293408987933
2011-03-12,
2011-03-13,0.6102336389240295
2011-03-14,
2011-03-15,
2011-03-16,0.5184522041980996
2011-03-17,0.6529941838598754
2011-03-18,0.6399540815145236
2011-03-19,0.6388507961795789
2011-03-20,
2011-03-21,0.6432088966252588
2011-03-22,0.6029803745235933
2011-03-23,
2011-03-24,
2011-03-25,
2011-03-26,
2011-03-27,
2011-03-28,
2011-03-29,
2011-03-30,
2011-03-31,0.5384003636022664
2011-04-01,0.6832643285236588
2011-04-02,0.654561196245043
2011-04-03,0.6049434350832681
2011-04-04,0.6740287036662472
2011-04-05,0.5929310150922499
2011-04-06,
2011-04-07,
2011-04-08,
2011-04-09,0.6191652028801333
2011-04-10,0.6778380206494785
2011-04-11,0.6489805166261774
2011-04-12,0.6588170430903877
2011-04-13,0.6653773761732853
2011-04-14,0.6007751802235209
2011-04-15,0.6373878059288653
2011-04-16,0.6390408724560156
2011-04-17,0.6119486548072892
2011-04-18,0.6700045538342141
2011-04-19,0.6719605300327278
2011-04-20,0.686336680519239
2011-04-21,0.6031810344135937
2011-04-22,
2011-04-23,0.6608754380012174
2011-04-24,0.6464673046883681
2011-04-25,0.6278884238338247
2011-04-26,0.6786714329138711
2011-04-27,0.6136695932015748
2011-04-28,0.6297811481430289
2011-04-29,0.6497148338297942
2011-04-30,0.6304766895515256
2011-05-01,0.6377510410718153
2011-05-02,0.6667682242675104
2011-05-03,0.741540197726106
2011-05-04,0.6200406109868836
2011-05-05,0.6599363835804928
2011-05-06,0.6917635826511805
2011-05-07,0.6576613691217721
2011-05-08,0.6885340808740743
2011-05-09,0.6472974667164153
2011-05-10,0.6919331759710088
2011-05-11,0.6721923214141687
2011-05-12,0.7235865957722881
2011-05-13,0.7004887063020223
2011-05-14,0.7117119057954946
2011-05-15,0.7163955701351049
2011-05-16,0.6784714268228978
2011-05-17,0.6830124457129403
2011-05-18,0.6869243480188142
2011-05-19,0.7052680234025377
2011-05-20,0.6681248127937872
2011-05-21,0.69725317412378
2011-05-22,0.7097661852494461
2011-05-23,0.67725319336436
2011-05-24,0.6888897144226623
2011-05-25,0.6735855442817915
2011-05-26,0.7040454689564349
2011-05-27,0.689161491030267
2011-05-28,0.7040969674942769
2011-05-29,0.7019565006620884
2011-05-30,0.7077940584300356
2011-05-31,0.7027540002278949
2011-06-01,0.6787317043202117
2011-06-02,0.6882769252505105
2011-06-03,0.6738954838100614
2011-06-04,0.7704724663575218
2011-06-05,0.6895092982692378
2011-06-06,0.7014925979872838
2011-06-07,0.6900415864735047
2011-06-08,0.6950081016130416
2011-06-09,0.7116566953164977
2011-06-10,0.7270402475205933
2011-06-11,0.757535423058866
2011-06-12,0.7018798423808819
2011-06-13,0.7300730541299701
2011-06-14,0.738430138910796
2011-06-15,0.70006660956904
2011-06-16,0.7362836198034857
2011-06-17,0.7031306264016497
2011-06-18,0.7050117856428524
2011-06-19,0.6868652853148077
2011-06-20,0.7107174170337444
2011-06-21,0.7123888089629984
2011-06-22,0.7696361493883039
2011-06-23,0.6905856952337844
2011-06-24,0.6840487512408467
2011-06-25,0.7108957026708392
2011-06-26,0.6758920583628233
2011-06-27,0.7181589921594274
2011-06-28,0.699656933597706
2011-06-29,0.7149858733640179
2011-06-30,0.6851603716083047
2011-07-01,0.6993410393195701
2011-07-02,0.7314802016445499
2011-07-03,0.7140711895779689
2011-07-04,0.6882103323515837
2011-07-05,0.6789186130080989
2011-07-06,0.7467868209318563
2011-07-07,0.7149898789715898
2011-07-08,0.7798563582845991
2011-07-09,0.7286273017297339
2011-07-10,0.6963724046412241
2011-07-11,0.708472705011672
2011-07-12,0.7200300885704742
2011-07-13,0.75102864812091
2011-07-14,0.7011352805108536
2011-07-15,0.7337573539832263
2011-07-16,0.6945786371862925
2011-07-17,0.7548574393416274
2011-07-18,0.7162269353752688
2011-07-19,0.7365362253394585
2011-07-20,0.7337888583629099
2011-07-21,0.734784335902877
2011-07-22,0.708133983720316
2011-07-23,0.7212804928211652
2011-07-24,0.8087142235182266
2011-07-25,0.7711535145481917
2011-07-26,0.7202192645889143
2011-07-27,0.7271455915225109
2011-07-28,0.7239497556125554
2011-07-29,0.6874194483062639
2011-07-30,0.7205054544171178
2011-07-31,0.7823387246275308
2011-08-01,0.726699953063321
2011-08-02,0.72037553944372
2011-08-03,0.7373703780186797
2011-08-04,0.7456779380790497
2011-08-05,0.7713645281358517
2011-08-06,0.721749715024802
2011-08-07,0.7777769250637147
2011-08-08,0.7491272743658443
2011-08-09,0.7665081004323148
2011-08-10,0.7555446589419393
2011-08-11,0.7355003700667485
2011-08-12,0.7319308958311066
2011-08-13,0.7072965881657266
2011-08-14,0.7372864577196804
2011-08-15,0.7394173819255326
2011-08-16,0.8008550452819064
2011-08-17,0.7227949941912571
2011-08-18,0.7357759608236328
2011-08-19,0.735764225940496
2011-08-20,0.7253334214639782
2011-08-21,0.7203064488299464
2011-08-22,0.7198837292940449
2011-08-23,0.7594794172373007
2011-08-24,0.7367412400068792
2011-08-25,0.7520639398865309
2011-08-26,0.7236835010818791
2011-08-27,0.7466486652798813
2011-08-28,0.7633890098124102
2011-08-29,0.7074826984319916
2011-08-30,0.7519590991149089
2011-08-31,0.7280096876816557
2011-09-01,0.7818999603662207
2011-09-02,0.7529910161489335
2011-09-03,0.7671528278562177
2011-09-04,0.7553955334870138
2011-09-05,0.7463744851185814
2011-09-06,0.7469963097969667
2011-09-07,0.7508813900233483
2011-09-08,0.7971222671752494
2011-09-09,0.7649871279673952
2011-09-10,0.7457859229298366
2011-09-11,0.7672663703923533
2011-09-12,0.740083686372245
2011-09-13,0.735767595433155
2011-09-14,0.7153169615519509
2011-09-15,0.8077198946435618
2011-09-16,0.722713155130052
2011-09-17,0.741752573837994
2011-09-18,0.7360108441436491
2011-09-19,0.7478436128684209
2011-09-20,0.764527543311756
2011-09-21,0.7175781918087044
2011-09-22,0.7345472804487386
2011-09-23,0.7280122095307134
2011-09-24,0.7556351311174554
2011-09-25,0.7280384128742633
2011-09-26,0.7719588964391847
2011-09-27,0.7764077312366139
2011-09-28,0.746622703951369
2011-09-29,0.7535051514189706
2011-09-30,0.7195329777190375
2011-10-01,0.7854097220645049
2011-10-02,0.7720287222125254
2011-10-03,0.740576163775721
2011-10-04,0.7641238698637147
2011-10-05,0.7759953266959452
2011-10-06,0.6838996422200696
2011-10-07,0.7492625812522326
2011-10-08,0.7383263593433099
2011-10-09,0.7425078371153977
2011-10-10,0.7444320515829693
2011-10-11,0.7388167842934605
2011-10-12,0.7579475396897654
2011-10-13,
2011-10-14,0.7676994804442526
2011-10-15,0.7264145734315536
2011-10-16,0.7168129505100473
2011-10-17,0.7285280809495857
2011-10-18,0.7483481983750199
2011-10-19,0.7636724931625841
2011-10-20,0.7129357218900337
2011-10-21,0.7424652681486642
2011-10-22,0.744486407148518
2011-10-23,0.7165585954853363
2011-10-24,0.7068695525287849
2011-10-25,0.7093423871083375
2011-10-26,0.7923327320596179
2011-10-27,0.7546657128310145
2011-10-28,0.6176
2011-10-29,
2011-10-30,
2011-10-31,
2011-11-01,0.7276974048367557
2011-11-02,0.7309990304903464
2011-11-03,0.7126488074081981
2011-11-04,0.7141985941326117
2011-11-05,
2011-11-06,
2011-11-07,0.7311825574081892
2011-11-08,0.7626529372895903
2011-11-09,0.7256194060390425
2011-11-10,0.71737093050954
2011-11-11,0.720398275678253
2011-11-12,0.7218779675582715
2011-11-13,0.7216480888444943
2011-11-14,
2011-11-15,0.686994616037592
2011-11-16,0.7075374550382513
2011-11-17,0.6918025670986874
2011-11-18,
2011-11-19,0.7035219245319007
2011-11-20,0.7178467250283465
2011-11-21,0.683566820640607
2011-11-22,
2011-11-23,
2011-11-24,
2011-11-25,0.7175453743745015
2011-11-26,0.6895845106234304
2011-11-27,0.7056521541918346
2011-11-28,0.7377335853932115
2011-11-29,0.7026503667921405
2011-11-30,0.6918128630981227
2011-12-01,
2011-12-02,
2011-12-03,
2011-12-04,0.7012423590280855
2011-12-05,0.7294039511596798
2011-12-06,0.7177159233039375
2011-12-07,0.6837930554269462
2011-12-08,
2011-12-09,
2011-12-10,
2011-12-11,
2011-12-12,
2011-12-13,
2011-12-14,
2011-12-15,0.7063821269600156
2011-12-16,0.635145311589655
2011-12-17,
2011-12-18,
2011-12-19,
2011-12-20,0.7076183752372707
2011-12-21,
2011-12-22,0.6820006366325868
2011-12-23,0.7519149795226722
2011-12-24,
2011-12-25,
2011-12-26,
2011-12-27,
2011-12-28,0.5867490500157497
2011-12-29,
2011-12-30,
2011-12-31,
2012-01-01,0.660756250951472
2012-01-02,0.7127352663687831
2012-01-03,
2012-01-04,
2012-01-05,
2012-01-06,
2012-01-07,0.6567494442486266
2012-01-08,0.7467093129557651
2012-01-09,
2012-01-10,0.5945271532154941
2012-01-11,
2012-01-12,
2012-01-13,0.6855205614613882
2012-01-14,
2012-01-15,
2012-01-16,
2012-01-17,
2012-01-18,0.6507411368912412
2012-01-19,
2012-01-20,
2012-01-21,
2012-01-22,
2012-01-23,
2012-01-24,
2012-01-25,0.6637317698016307
2012-01-26,
2012-01-27,
2012-01-28,0.6563212919006352
2012-01-29,
2012-01-30,
2012-01-31,
2012-02-01,0.7466860458789272
2012-02-02,0.55485154072463
2012-02-03,
2012-02-04,
2012-02-05,
2012-02-06,
2012-02-07,0.705617510701784
2012-02-08,
2012-02-09,
2012-02-10,
2012-02-11,
2012-02-12,
2012-02-13,
2012-02-14,
2012-02-15,
2012-02-16,
2012-02-17,0.6540369752701235
2012-02-18,
2012-02-19,
2012-02-20,
2012-02-21,
2012-02-22,
2012-02-23,0.727243521154041
2012-02-24,
2012-02-25,
2012-02-26,
2012-02-27,
2012-02-28,0.6965818938603919
2012-02-29,
2012-03-01,
2012-03-02,0.6651551224982484
2012-03-03,
2012-03-04,0.7124275297538974
2012-03-05,
2012-03-06,
2012-03-07,
2012-03-08,0.695917369189884
2012-03-09,0.6522347132145955
2012-03-10,
2012-03-11,
2012-03-12,0.6718832535309729
2012-03-13,0.7130820006265618
2012-03-14,0.6839817980543963
2012-03-15,0.6963638079527884
2012-03-16,0.7093360285361185
2012-03-17,0.7414772875572715
2012-03-18,0.6957452004303967
2012-03-19,
2012-03-20,0.7091112551127849
2012-03-21,0.6927414714916764
2012-03-22,0.7074433369448407
2012-03-23,0.7062607306472699
2012-03-24,0.7841277101144756
2012-03-25,0.762784182793758
2012-03-26,0.6994113355325583
2012-03-27,
2012-03-28,0.7314215808341117
2012-03-29,0.70513828503571
2012-03-30,0.6768110875176097
2012-03-31,0.6774940629395492
2012-04-01,0.8397152459282359
2012-04-02,0.6998588523473483
2012-04-03,0.7284999215580934
2012-04-04,
2012-04-05,0.6818204290746417
2012-04-06,
2012-04-07,0.6493285297367278
2012-04-08,0.7238572595323813
2012-04-09,0.6978948469318808
2012-04-10,0.7135671678726038
2012-04-11,0.715099004918604
2012-04-12,
2012-04-13,0.7141486028357269
2012-04-14,0.726552834081106
2012-04-15,0.746305726697678
2012-04-16,0.7293874644411785
2012-04-17,0.7278730415354269
2012-04-18,0.745859054656387
2012-04-19,0.7340769713174478
2012-04-20,0.7692341894732205
2012-04-21,0.8117221942755595
2012-04-22,0.7147219392155515
2012-04-23,0.7446498810828307
2012-04-24,0.6417835156357202
2012-04-25,0.6324382785594962
2012-04-26,0.6069820028658046
2012-04-27,0.6852365024564718
2012-04-28,
2012-04-29,
2012-04-30,
2012-05-01,0.7432341362924334
2012-05-02,0.7561448252407756
2012-05-03,0.7410636290749515
2012-05-04,0.7538997660756248
2012-05-05,0.6904994740944919
2012-05-06,0.6987246903858968
2012-05-07,0.7437842602200191
2012-05-08,0.7705011236798993
2012-05-09,0.7113174843377711
2012-05-10,0.7145665238151523
2012-05-11,0.7028588321525517
2012-05-12,0.7260976925152441
2012-05-13,
2012-05-14,0.76357643841247
2012-05-15,0.7565655379813667
2012-05-16,
2012-05-17,0.734982747841526
2012-05-18,0.7529894373683729
2012-05-19,0.7735377046790065
2012-05-20,0.7736991677355257
2012-05-21,
2012-05-22,0.7446786222763394
2012-05-23,0.7355599266896644
2012-05-24,0.7408271170437382
2012-05-25,0.7728382558813993
2012-05-26,0.7510303179118801
2012-05-27,0.8093532375867735
2012-05-28,0.7347237086637897
2012-05-29,0.7282762536064662
2012-05-30,0.7377439696430265
2012-05-31,0.7218647792115412
2012-06-01,0.7931066350899194
2012-06-02,0.7327551720982706
2012-06-03,0.6997687744711835
2012-06-04,0.7326912000799305
2012-06-05,0.7316577069582075
2012-06-06,
2012-06-07,0.7306435605345735
2012-06-08,0.7077080670248552
2012-06-09,0.758305353147068
2012-06-10,0.7087017900161379
2012-06-11,0.750470343540039
2012-06-12,0.8243369848656734
2012-06-13,0.6987622862893483
2012-06-14,0.7102336161822158
2012-06-15,0.707865188880238
2012-06-16,0.7419336494456384
2012-06-17,0.7517365973215316
2012-06-18,0.7688612395960583
2012-06-19,0.7701017346580186
2012-06-20,0.7133718177020083
2012-06-21,0.7614542773402521
2012-06-22,0.7540673281705458
2012-06-23,0.7638305894474975
2012-06-24,0.7704631656632109
2012-06-25,0.7571832258798338
2012-06-26,0.7484703654531137
2012-06-27,0.7728311884910053
2012-06-28,0.8001261964801877
2012-06-29,
2012-06-30,0.7786735406719538
2012-07-01,0.734476446025121
2012-07-02,0.7175901065981128
2012-07-03,0.7672801547850627
2012-07-04,0.7794898557775032
2012-07-05,0.7625161732425432
2012-07-06,0.7788707097722293
2012-07-07,0.7619989906566694
2012-07-08,0.8013596238781656
2012-07-09,0.7604008458601057
2012-07-10,0.7663773773374044
2012-07-11,0.777176951465077
2012-07-12,0.77918678402442
2012-07-13,0.7823036419664323
2012-07-14,0.7668861663923048
2012-07-15,
2012-07-16,0.7899044954499428
2012-07-17,0.808247200077725
2012-07-18,0.7979188658742464
2012-07-19,0.7826442178902322
2012-07-20,0.7869464660584355
2012-07-21,0.7915536463788702
2012-07-22,0.7946274287305161
2012-07-23,
2012-07-24,0.7984624257445566
2012-07-25,0.7745483818526379
2012-07-26,0.8128951326949447
2012-07-27,0.8107890918915175
2012-07-28,0.7475426959492546
2012-07-29,0.7754003890579242
2012-07-30,0.7751937527456658
2012-07-31,
2012-08-01,0.8041780189606941
2012-08-02,0.7616472213538585
2012-08-03,0.7625044728198326
2012-08-04,0.7795999386693394
2012-08-05,0.7871282383731191
2012-08-06,0.7734525099222794
2012-08-07,0.7627080538062806
2012-08-08,0.7590099423360459
2012-08-09,0.8097221439241216
2012-08-10,0.791502561038843
2012-08-11,0.760183901647306
2012-08-12,0.7798384852246577
2012-08-13,0.7823081991822489
2012-08-14,0.7870735892215878
2012-08-15,0.7850050433314701
2012-08-16,0.7791164142379573
2012-08-17,0.7875536019524094
2012-08-18,0.7629172975048618
2012-08-19,0.7558255660541885
2012-08-20,0.7725882735171742
2012-08-21,0.7842249334341803
2012-08-22,0.7809378997364349
2012-08-23,0.7482100883390891
2012-08-24,0.7761587948307521
2012-08-25,0.7529960527419293
2012-08-26,0.7694460250840726
2012-08-27,0.7387867320056023
2012-08-28,0.7971975881164317
2012-08-29,0.7715535393989008
2012-08-30,0.7606484750518668
2012-08-31,0.7278153783960818
2012-09-01,0.7744243775748837
2012-09-02,0.7625566260380569
2012-09-03,0.7877371511166896
2012-09-04,0.7950397046144202
2012-09-05,0.7923732487248616
2012-09-06,0.7523685540850198
2012-09-07,0.7708282115369249
2012-09-08,0.7751038214527383
2012-09-09,0.7691407970238666
2012-09-10,0.7423999884616265
2012-09-11,0.7485159364018588
2012-09-12,0.7429312345799683
2012-09-13,0.7454095900193669
2012-09-14,0.7626899487677157
2012-09-15,0.7665588871885175
2012-09-16,0.7570596991464003
2012-09-17,0.7561123355541205
2012-09-18,0.7536873009282775
2012-09-19,0.7384968811772539
2012-09-20,0.7420541264705689
2012-09-21,0.7774005614494408
2012-09-22,0.7971641157279221
2012-09-23,0.7347763929396555
2012-09-24,0.7395722667253583
2012-09-25,0.7406926975285264
2012-09-26,0.7639981819824346
2012-09-27,0.7408695162657682
2012-09-28,0.7613318491020084
2012-09-29,0.7665529945159529
2012-09-30,0.770053657722211
2012-10-01,0.7582905966191492
2012-10-02,0.7514816585724788
2012-10-03,0.7866216329323026
2012-10-04,0.7512324461956434
2012-10-05,0.7409661215122032
2012-10-06,0.7974584322597074
2012-10-07,0.7561741794535397
2012-10-08,0.760079100593473
2012-10-09,0.7428358166464453
2012-10-10,0.7374048035712001
2012-10-11,0.7404720773656958
2012-10-12,0.7393614022976767
2012-10-13,
2012-10-14,0.7554937912061579
2012-10-15,0.7479297789207904
2012-10-16,0.7444806967189379
2012-10-17,0.7684970449592037
2012-10-18,0.7294321001342488
2012-10-19,0.7563452063340979
2012-10-20,0.7400453293306637
2012-10-21,0.7146034220863848
2012-10-22,0.7322928990701256
2012-10-23,0.777304616052233
2012-10-24,0.781713480049261
2012-10-25,0.7377375963489254
2012-10-26,0.7287480628557549
2012-10-27,0.7475927014142619
2012-10-28,0.7373255285214296
2012-10-29,0.7475575638680974
2012-10-30,0.7183365819149964
2012-10-31,0.7130603883931824
2012-11-01,0.7111951772167515
2012-11-02,0.7168099392812706
2012-11-03,0.6901344225530398
2012-11-04,0.6704015061956037
2012-11-05,0.5766235077060062
2012-11-06,
2012-11-07,
2012-11-08,
2012-11-09,
2012-11-10,0.7234474724855461
2012-11-11,0.725814093601013
2012-11-12,0.71033453010825
2012-11-13,0.7133826241728212
2012-11-14,0.6122821399458295
2012-11-15,
2012-11-16,
2012-11-17,
2012-11-18,
2012-11-19,
2012-11-20,
2012-11-21,
2012-11-22,
2012-11-23,0.737462292975877
2012-11-24,0.7487085485758409
2012-11-25,
2012-11-26,
2012-11-27,
2012-11-28,
2012-11-29,
2012-11-30,
2012-12-01,
2012-12-02,
2012-12-03,0.722159191275495
2012-12-04,0.7322024301311721
2012-12-05,0.6939977338003543
2012-12-06,
2012-12-07,
2012-12-08,0.7169668142768184
2012-12-09,0.7017717633822478
2012-12-10,0.7326869855601987
2012-12-11,0.7328738456250597
2012-12-12,
2012-12-13,
2012-12-14,
2012-12-15,
2012-12-16,
2012-12-17,0.6870681197544292
2012-12-18,0.7017380610901656
2012-12-19,0.7068122091812599
2012-12-20,
2012-12-21,0.5878602841384962
2012-12-22,
2012-12-23,
2012-12-24,
2012-12-25,
2012-12-26,
2012-12-27,
2012-12-28,
2012-12-29,
2012-12-30,
2012-12-31,
2013-01-01,
2013-01-02,
2013-01-03,
2013-01-04,
2013-01-05,
2013-01-06,
2013-01-07,
2013-01-08,
2013-01-09,
2013-01-10,0.6222438238916582
2013-01-11,
2013-01-12,0.6219423400613989
2013-01-13,0.6068624547986593
2013-01-14,0.6418554596215627
2013-01-15,
2013-01-16,
2013-01-17,
2013-01-18,
2013-01-19,
2013-01-20,0.6769628105163779
2013-01-21,
2013-01-22,
2013-01-23,
2013-01-24,
2013-01-25,
2013-01-26,
2013-01-27,
2013-01-28,
2013-01-29,
2013-01-30,0.8064815494306197
2013-01-31,0.6571718730479463
2013-02-01,
2013-02-02,
2013-02-03,
2013-02-04,
2013-02-05,
2013-02-06,
2013-02-07,
2013-02-08,
2013-02-09,
2013-02-10,
2013-02-11,
2013-02-12,
2013-02-13,
2013-02-14,
2013-02-15,
2013-02-16,
2013-02-17,
2013-02-18,
2013-02-19,
2013-02-20,
2013-02-21,
2013-02-22,
2013-02-23,
2013-02-24,
2013-02-25,
2013-02-26,
2013-02-27,
2013-02-28,
2013-03-01,
2013-03-02,
2013-03-03,
2013-03-04,
2013-03-05,
2013-03-06,
2013-03-07,
2013-03-08,
2013-03-09,
2013-03-10,
2013-03-11,0.6226622738567927
2013-03-12,
2013-03-13,0.669329534757388
2013-03-14,
2013-03-15,
2013-03-16,
2013-03-17,
2013-03-18,
2013-03-19,
2013-03-20,
2013-03-21,
2013-03-22,
2013-03-23,
2013-03-24,
2013-03-25,
2013-03-26,0.5767650576914392
2013-03-27,0.6484796731422041
2013-03-28,0.6054076620217259
2013-03-29,0.6778289006394637
2013-03-30,0.5746484738700651
2013-03-31,
2013-04-01,0.6746376825185131
2013-04-02,
2013-04-03,
2013-04-04,
2013-04-05,0.705178898729671
2013-04-06,
2013-04-07,0.6888836918862007
2013-04-08,0.6925431522426855
2013-04-09,0.7235622752708405
2013-04-10,0.6750263935508435
2013-04-11,0.6558891669582072
2013-04-12,
2013-04-13,0.557648896808767
2013-04-14,0.6585621497361026
2013-04-15,
2013-04-16,0.6744929969428604
2013-04-17,0.669752120661701
2013-04-18,0.698453610851263
2013-04-19,0.689295570476137
2013-04-20,0.67593591639508
2013-04-21,
2013-04-22,
2013-04-23,0.6968149704301984
2013-04-24,0.718976510753029
2013-04-25,0.7062920870192125
2013-04-26,0.6962164699885665
2013-04-27,0.7196708757515704
2013-04-28,0.723894448679652
2013-04-29,0.737054943917844
2013-04-30,0.7317773034641906
2013-05-01,
2013-05-02,0.7368064895196766
2013-05-03,0.7583885281743589
2013-05-04,0.7585954753871292
2013-05-05,0.7479698379614694
2013-05-06,0.7516780250118489
2013-05-07,0.7661250943697441
2013-05-08,0.7907176703301169
2013-05-09,0.7151842335625568
2013-05-10,0.7462053748821277
2013-05-11,0.7328944278353917
2013-05-12,0.7188331392367091
2013-05-13,0.7314658168309375
2013-05-14,0.7117706829820174
2013-05-15,0.7627130981683904
2013-05-16,0.7420363137318219
2013-05-17,0.7290975708752586
2013-05-18,0.7576425418473898
2013-05-19,0.7679702231265803
2013-05-20,0.7689872171702028
2013-05-21,0.7662836043489595
2013-05-22,0.7150328571911685
2013-05-23,0.7222999176376413
2013-05-24,0.7250624581729735
2013-05-25,0.7027899164454265
2013-05-26,0.7298730183735763
2013-05-27,0.7466154301448631
2013-05-28,0.7284466446322088
2013-05-29,0.7147398204291664
2013-05-30,0.7017150374720611
2013-05-31,0.711300052312648
2013-06-01,0.7135371716475964
2013-06-02,0.7138613656855819
2013-06-03,0.7134472016325064
2013-06-04,0.7127096558906422
2013-06-05,0.7183781959540738
2013-06-06,0.7404410552759592
2013-06-07,0.7051564425807116
2013-06-08,0.7119536796453438
2013-06-09,
2013-06-10,0.7133246408429461
2013-06-11,0.7693763285060933
2013-06-12,0.6997470432048865
2013-06-13,0.7128332802776899
2013-06-14,0.6958845083796219
2013-06-15,0.6940553768054541
2013-06-16,0.7561452555536479
2013-06-17,0.7020626410782649
2013-06-18,0.7642819671716194
2013-06-19,0.7082421298552322
2013-06-20,0.7131419643423285
2013-06-21,0.7405783009135273
2013-06-22,0.7351143887231452
2013-06-23,0.748986057115169
2013-06-24,0.7323039824958316
2013-06-25,
2013-06-26,0.7698538882355102
2013-06-27,0.7655659324295719
2013-06-28,0.7772173430088565
2013-06-29,0.7661899601458165
2013-06-30,0.7503899002810797
2013-07-01,0.7493792645951004
2013-07-02,0.7483897928709055
2013-07-03,0.7647193108337734
2013-07-04,0.8109840972528704
2013-07-05,0.7530164553763437
2013-07-06,0.7562458418746617
2013-07-07,0.7563593982366998
2013-07-08,0.7748175909704049
2013-07-09,0.7667615041179411
2013-07-10,0.7591517736941606
2013-07-11,0.7729588616055334
2013-07-12,0.7591306367561691
2013-07-13,0.8174892908551884
2013-07-14,0.7756855622425813
2013-07-15,0.783550284827918
2013-07-16,0.7753387254793398
2013-07-17,0.7780259168568627
2013-07-18,
2013-07-19,0.7745282509335601
2013-07-20,0.8001495598795313
2013-07-21,0.7567012636434254
2013-07-22,0.7853798671840339
2013-07-23,0.7681174529257703
2013-07-24,0.788266477843117
2013-07-25,0.75777046725195
2013-07-26,0.7454794348386173
2013-07-27,0.8008053134900238
2013-07-28,0.766875669399167
2013-07-29,0.7829351768736481
2013-07-30,0.7792565133484556
2013-07-31,0.7824687564085855
2013-08-01,0.7998905066865301
2013-08-02,0.7694879920232475
2013-08-03,0.7374466501541992
2013-08-04,0.7701824544311437
2013-08-05,0.7697745699887149
2013-08-06,0.752287860747325
2013-08-07,0.7870840182303784
2013-08-08,0.7940704234711871
2013-08-09,0.800074508134336
2013-08-10,0.7537573923847063
2013-08-11,0.7591496640058262
2013-08-12,0.7687545652826406
2013-08-13,0.7618480236895604
2013-08-14,0.7720491256150589
2013-08-15,0.7611156304532578
2013-08-16,0.780907381879573
2013-08-17,0.7743666042737356
2013-08-18,0.754427190226533
2013-08-19,0.7664647808377257
2013-08-20,0.757352074090428
2013-08-21,0.740739732732118
2013-08-22,0.7608363636688104
2013-08-23,0.7741438390900065
2013-08-24,0.7650889372896621
2013-08-25,0.7602426762125345
2013-08-26,0.7892130594274519
2013-08-27,0.7803379396896228
2013-08-28,0.783725070482205
2013-08-29,0.7714738914929407
2013-08-30,0.7826510992631133
2013-08-31,0.7923774071531233
2013-09-01,0.8116436001790222
2013-09-02,0.8072201151596133
2013-09-03,0.7452381357645956
2013-09-04,0.7420960290585292
2013-09-05,0.778116164436487
2013-09-06,0.7377250210690965
2013-09-07,0.7689972546394321
2013-09-08,0.821803298301422
2013-09-09,0.7630794127575092
2013-09-10,0.7635199326255332
2013-09-11,0.7725337323921757
2013-09-12,0.7826445505867209
2013-09-13,0.7883202460899752
2013-09-14,0.7760533004661807
2013-09-15,0.7247642212499095
2013-09-16,0.7911648376107949
2013-09-17,0.7817265589204004
2013-09-18,0.7673678496926039
2013-09-19,0.7544965137446108
2013-09-20,0.7618884874434594
2013-09-21,0.7815575271553079
2013-09-22,0.7244405217566521
2013-09-23,0.7750778860635131
2013-09-24,0.7819687914721098
2013-09-25,0.7743916130902677
2013-09-26,0.7618139617602527
2013-09-27,0.7574301238770477
2013-09-28,0.7597014894546409
2013-09-29,0.7422157556325643
2013-09-30,0.7834140853865789
2013-10-01,0.7497367032898645
2013-10-02,0.7885603437872223
2013-10-03,0.7808890308741792
2013-10-04,0.7982178708251269
2013-10-05,0.7692334733582777
2013-10-06,0.7777412308713283
2013-10-07,0.7647192440424999
2013-10-08,0.7469633422362095
2013-10-09,0.7398593884397264
2013-10-10,0.7518213769684676
2013-10-11,0.7897252531463218
2013-10-12,0.7540758746756573
2013-10-13,0.7507477847156617
2013-10-14,0.7728857848317463
2013-10-15,0.7282673973638174
2013-10-16,0.7533263755968526
2013-10-17,0.7312074455828579
2013-10-18,0.7678463223785488
2013-10-19,0.7588520676567393
2013-10-20,0.7465999391709848
2013-10-21,0.7226603104118043
2013-10-22,0.7269993582573291
2013-10-23,0.7395040977605973
2013-10-24,0.737366191288291
2013-10-25,0.7379708634787281
2013-10-26,0.751264555164076
2013-10-27,0.7431553319305042
2013-10-28,0.7276487823050735
2013-10-29,
2013-10-30,0.7386816775767299
2013-10-31,0.6977785776551275
2013-11-01,0.7471362877231472
2013-11-02,0.7115463939396104
2013-11-03,0.7488323591479684
2013-11-04,
2013-11-05,
2013-11-06,0.7124800013433683
2013-11-07,0.7095830514545056
2013-11-08,0.717428307782191
2013-11-09,0.6940841780609417
2013-11-10,0.7197961848205611
2013-11-11,0.7262086888651712
2013-11-12,
2013-11-13,
2013-11-14,
2013-11-15,0.7160076945274674
2013-11-16,0.7078057919765243
2013-11-17,0.7387714434649317
2013-11-18,0.6939330039241325
2013-11-19,0.7371084907455603
2013-11-20,
2013-11-21,
2013-11-22,0.7315210976085068
2013-11-23,0.5836388888888889
2013-11-24,
2013-11-25,
2013-11-26,
2013-11-27,
2013-11-28,
2013-11-29,
2013-11-30,
2013-12-01,
2013-12-02,
2013-12-03,
2013-12-04,
2013-12-05,0.7394305544228618
2013-12-06,0.6947456267356155
2013-12-07,
2013-12-08,
2013-12-09,
2013-12-10,
2013-12-11,
2013-12-12,
2013-12-13,
2013-12-14,
2013-12-15,
2013-12-16,
2013-12-17,
2013-12-18,
2013-12-19,
2013-12-20,
2013-12-21,0.8539513909147888
2013-12-22,0.8076041444219801
2013-12-23,0.6974475939252398
2013-12-24,
2013-12-25,
2013-12-26,
2013-12-27,
2013-12-28,
2013-12-29,0.6669236582154755
2013-12-30,
2013-12-31,
2014-01-01,
2014-01-02,
2014-01-03,
2014-01-04,
2014-01-05,
2014-01-06,
2014-01-07,
2014-01-08,
2014-01-09,
2014-01-10,
2014-01-11,
2014-01-12,0.6549956975465938
2014-01-13,
2014-01-14,0.663021696393181
2014-01-15,
2014-01-16,
2014-01-17,
2014-01-18,
2014-01-19,
2014-01-20,
2014-01-21,
2014-01-22,
2014-01-23,
2014-01-24,
2014-01-25,
2014-01-26,
2014-01-27,
2014-01-28,
2014-01-29,
2014-01-30,
2014-01-31,
2014-02-01,
2014-02-02,
2014-02-03,
2014-02-04,
2014-02-05,
2014-02-06,
2014-02-07,
2014-02-08,
2014-02-09,
2014-02-10,
2014-02-11,
2014-02-12,
2014-02-13,
2014-02-14,
2014-02-15,
2014-02-16,
2014-02-17,
2014-02-18,
2014-02-19,
2014-02-20,
2014-02-21,
2014-02-22,
2014-02-23,
2014-02-24,
2014-02-25,
2014-02-26,
2014-02-27,
2014-02-28,
2014-03-01,
2014-03-02,
2014-03-03,
2014-03-04,
2014-03-05,
2014-03-06,
2014-03-07,
2014-03-08,
2014-03-09,
2014-03-10,
2014-03-11,0.6650439359202069
2014-03-12,0.6586008902509122
2014-03-13,
2014-03-14,
2014-03-15,
2014-03-16,
2014-03-17,
2014-03-18,
2014-03-19,
2014-03-20,0.5944808847414934
2014-03-21,
2014-03-22,
2014-03-23,
2014-03-24,
2014-03-25,
2014-03-26,
2014-03-27,
2014-03-28,
2014-03-29,0.6518261340521723
2014-03-30,
2014-03-31,
2014-04-01,
2014-04-02,0.7971986968576705
2014-04-03,0.8096988897636258
2014-04-04,
2014-04-05,0.6726473479413246
2014-04-06,
2014-04-07,
2014-04-08,0.6465982778069133
2014-04-09,
2014-04-10,0.6452855076591585
2014-04-11,0.6353264842202845
2014-04-12,0.6712527231563966
2014-04-13,0.6778427541029269
2014-04-14,0.6735960664873328
2014-04-15,0.6799960135411948
2014-04-16,
2014-04-17,
2014-04-18,0.6760178675893413
2014-04-19,0.6900339888586005
2014-04-20,
2014-04-21,0.6991087387406565
2014-04-22,0.698227157995521
2014-04-23,0.6993475801538556
2014-04-24,0.6695014259961859
2014-04-25,0.7049741679753266
2014-04-26,0.6834000216029736
2014-04-27,0.6984038641419047
2014-04-28,0.5534848484848485
2014-04-29,0.7299888450400731
2014-04-30,0.7171430207918598
2014-05-01,0.6643138913659727
2014-05-02,0.6806184056875526
2014-05-03,0.6933598169207331
2014-05-04,0.6675916411522993
2014-05-05,0.6901292451236538
2014-05-06,0.7094143761212734
2014-05-07,0.737147880203709
2014-05-08,0.7166206165053851
2014-05-09,0.707850715178492
2014-05-10,0.7059903193263728
2014-05-11,0.724336448715551
2014-05-12,0.7417353279052528
2014-05-13,0.6523936568764591
2014-05-14,0.7189686253012154
2014-05-15,0.7111332322212242
2014-05-16,0.7016215287231377
2014-05-17,0.6677118897869481
2014-05-18,0.6795534806679437
2014-05-19,0.7020154584226458
2014-05-20,0.6986344023703271
2014-05-21,0.7138044889584865
2014-05-22,0.7142146527793074
2014-05-23,0.7396191749984938
2014-05-24,0.7010111243384827
2014-05-25,0.70757918953343
2014-05-26,0.7148798353849056
2014-05-27,0.7441469522671978
2014-05-28,0.733970501832775
2014-05-29,0.7476297254963876
2014-05-30,0.7626290468523317
2014-05-31,0.7506264941926953
2014-06-01,0.7405652658538977
2014-06-02,0.7316690880735605
2014-06-03,0.7496544102483124
2014-06-04,0.7307581392636627
2014-06-05,0.7483935715907203
2014-06-06,0.7361030911483403
2014-06-07,0.7452424999680657
2014-06-08,0.7472267741868164
2014-06-09,0.7196966203119499
2014-06-10,0.729347542756265
2014-06-11,0.7442742022096992
2014-06-12,0.7616628301189732
2014-06-13,0.7516585911002696
2014-06-14,0.7367886609278249
2014-06-15,0.7459036375994779
2014-06-16,0.7325383034688477
2014-06-17,0.7338635911163162
2014-06-18,0.7171886067037896
2014-06-19,0.7182789879073531
2014-06-20,0.7019443559081311
2014-06-21,0.7429343280297522
2014-06-22,0.7233973286715704
2014-06-23,0.7428091499263549
2014-06-24,0.7556797518183305
2014-06-25,0.7276712807486556
2014-06-26,0.7295323124477974
2014-06-27,0.7098988626897822
2014-06-28,0.728286340792886
2014-06-29,0.7420090898299926
2014-06-30,0.7232795608788248
2014-07-01,0.7626349777476721
2014-07-02,0.7364248086768385
2014-07-03,0.7638395477902897
2014-07-04,0.7407098484506088
2014-07-05,0.7256741122173509
2014-07-06,0.7328956433451675
2014-07-07,0.7940325697220909
2014-07-08,0.7585618729480172
2014-07-09,0.7533687375431071
2014-07-10,0.7541280078026337
2014-07-11,0.7516770880361477
2014-07-12,0.7600338321933384
2014-07-13,0.7661262245394265
2014-07-14,0.7467667192048141
2014-07-15,0.7758832814964739
2014-07-16,
2014-07-17,0.7672409798766534
2014-07-18,0.7726667758557036
2014-07-19,0.7747543511841717
2014-07-20,0.7849276874984956
2014-07-21,0.7661340168327754
2014-07-22,0.7724505637333284
2014-07-23,0.7817002431748054
2014-07-24,0.764141551143081
2014-07-25,0.7635046471054279
2014-07-26,0.7763881166032672
2014-07-27,0.7641591533386386
2014-07-28,0.7814255450329518
2014-07-29,0.7547505172148012
2014-07-30,0.8059127042971369
2014-07-31,0.7786604500488309
2014-08-01,0.7726997018273625
2014-08-02,0.7776941825878271
2014-08-03,0.8026858212386263
2014-08-04,0.7840069467105036
2014-08-05,0.7603698044785943
2014-08-06,0.7722946326139318
2014-08-07,0.7638247362812357
2014-08-08,0.7887674713036575
2014-08-09,0.7624342779498325
2014-08-10,0.7748921334591902
2014-08-11,0.7810968603758915
2014-08-12,0.7655515153849161
2014-08-13,0.7769681811878361
2014-08-14,0.7584187933740899
2014-08-15,0.7739388341468377
2014-08-16,0.7717693829554235
2014-08-17,0.7924842997707137
2014-08-18,0.7751249190469368
2014-08-19,0.7857416820189933
2014-08-20,0.7825845320738074
2014-08-21,0.7669043572384143
2014-08-22,0.7695858252908336
2014-08-23,0.7955035110371292
2014-08-24,0.7596036636175804
2014-08-25,0.7718583659268291
2014-08-26,0.7896622744537476
2014-08-27,0.816261820386518
2014-08-28,0.7703360427748154
2014-08-29,0.7699122482792329
2014-08-30,0.7829430697304168
2014-08-31,0.7995684512555781
2014-09-01,0.7766608255212357
2014-09-02,
2014-09-03,0.7908366613334411
2014-09-04,0.7908219669909875
2014-09-05,0.7780285855347632
2014-09-06,0.7707042800375667
2014-09-07,0.7568859447877835
2014-09-08,0.7748827986659478
2014-09-09,0.7612615417749271
2014-09-10,0.7735681823096783
2014-09-11,0.8283448660644411
2014-09-12,0.7998871170883839
2014-09-13,0.7829155553639792
2014-09-14,0.7556715952714093
2014-09-15,0.7762363113776933
2014-09-16,0.7853131897601133
2014-09-17,0.7663709633404072
2014-09-18,0.7527463229453508
2014-09-19,0.7870331921522806
2014-09-20,0.7940543129852508
2014-09-21,0.7901981167183981
2014-09-22,0.7854626232305881
2014-09-23,0.7851901555245082
2014-09-24,0.7807106830184906
2014-09-25,
2014-09-26,0.7696904378221763
2014-09-27,0.790609562119944
2014-09-28,0.7886787714535988
2014-09-29,0.7728819889956121
2014-09-30,0.7714525590561045
2014-10-01,0.8092607857372278
2014-10-02,0.7886997419064927
2014-10-03,0.7728762568681026
2014-10-04,0.7928317434153526
2014-10-05,0.7595064209636554
2014-10-06,0.7737670834850661
2014-10-07,0.7749795487539163
2014-10-08,0.7658484224859438
2014-10-09,0.7375099710767232
2014-10-10,0.7520416460906313
2014-10-11,0.723109229842594
2014-10-12,0.755261948613677
2014-10-13,0.8051865952008813
2014-10-14,0.7888430477195344
2014-10-15,0.7691202854132241
2014-10-16,0.7635023747035348
2014-10-17,0.7463693535851851
2014-10-18,
2014-10-19,0.7503611757608821
2014-10-20,0.7440627878869026
2014-10-21,0.7721165008392985
2014-10-22,0.7734253639502378
2014-10-23,0.7514923382860931
2014-10-24,0.724227292338289
2014-10-25,0.7363174270339464
2014-10-26,0.734936681272619
2014-10-27,0.7009504369447422
2014-10-28,0.7380611346237264
2014-10-29,0.7406910285213612
2014-10-30,0.7489189718919315
2014-10-31,0.7277533666974708
2014-11-01,0.7320673820892615
2014-11-02,0.7260731886346217
2014-11-03,0.7174178537511872
2014-11-04,0.7162758033225847
2014-11-05,0.6946289410752718
2014-11-06,0.7578012728645559
2014-11-07,0.7424973419565651
2014-11-08,
2014-11-09,0.7153897877742209
2014-11-10,
2014-11-11,0.7093755555502932
2014-11-12,0.7268361256762269
2014-11-13,0.7094319639561456
2014-11-14,
2014-11-15,
2014-11-16,
2014-11-17,
2014-11-18,
2014-11-19,
2014-11-20,
2014-11-21,
2014-11-22,
2014-11-23,
2014-11-24,0.7208590201358471
2014-11-25,0.6893796425329668
2014-11-26,
2014-11-27,
2014-11-28,
2014-11-29,
2014-11-30,
2014-12-01,0.7441544898369892
2014-12-02,
2014-12-03,
2014-12-04,
2014-12-05,
2014-12-06,
2014-12-07,
2014-12-08,
2014-12-09,
2014-12-10,0.6962376431618006
2014-12-11,
2014-12-12,
2014-12-13,
2014-12-14,
2014-12-15,
2014-12-16,
2014-12-17,0.6271680728697575
2014-12-18,
2014-12-19,
2014-12-20,
2014-12-21,
2014-12-22,
2014-12-23,
2014-12-24,0.7229799769952514
2014-12-25,0.6799476530054046
2014-12-26,0.691723276455368
2014-12-27,0.669518331833944
2014-12-28,0.6964056785582398
2014-12-29,
2014-12-30,
2014-12-31,
2015-01-01,
2015-01-02,
2015-01-03,
2015-01-04,
2015-01-05,
2015-01-06,
2015-01-07,
2015-01-08,
2015-01-09,
2015-01-10,
2015-01-11,
2015-01-12,
2015-01-13,
2015-01-14,
2015-01-15,
2015-01-16,
2015-01-17,
2015-01-18,
2015-01-19,
2015-01-20,
2015-01-21,
2015-01-22,
2015-01-23,
2015-01-24,
2015-01-25,
2015-01-26,
2015-01-27,
2015-01-28,
2015-01-29,
2015-01-30,
2015-01-31,
2015-02-01,
2015-02-02,
2015-02-03,
2015-02-04,
2015-02-05,
2015-02-06,
2015-02-07,
2015-02-08,
2015-02-09,
2015-02-10,
2015-02-11,
2015-02-12,
2015-02-13,
2015-02-14,
2015-02-15,
2015-02-16,
2015-02-17,
2015-02-18,
2015-02-19,
2015-02-20,
2015-02-21,
2015-02-22,
2015-02-23,
2015-02-24,
2015-02-25,
2015-02-26,
2015-02-27,
2015-02-28,
2015-03-01,
2015-03-02,
2015-03-03,
2015-03-04,
2015-03-05,
2015-03-06,
2015-03-07,
2015-03-08,
2015-03-09,
2015-03-10,
2015-03-11,
2015-03-12,
2015-03-13,
2015-03-14,
2015-03-15,
2015-03-16,
2015-03-17,
2015-03-18,
2015-03-19,
2015-03-20,
2015-03-21,
2015-03-22,
2015-03-23,
2015-03-24,
2015-03-25,
2015-03-26,
2015-03-27,0.545223362657573
2015-03-28,
2015-03-29,
2015-03-30,0.629248700070908
2015-03-31,
2015-04-01,
2015-04-02,
2015-04-03,0.6299444646990338
2015-04-04,0.6469304179390045
2015-04-05,
2015-04-06,
2015-04-07,0.6702728106109502
2015-04-08,0.7080792717927742
2015-04-09,0.6467912102023268
2015-04-10,0.6519617810539899
2015-04-11,0.6585355184549063
2015-04-12,0.6443198314196903
2015-04-13,0.6781769647785985
2015-04-14,0.6425870358622926
2015-04-15,0.6693037123313678
2015-04-16,0.6855906697767858
2015-04-17,0.6908352984496337
2015-04-18,0.6926625625956155
2015-04-19,0.6805367397652278
2015-04-20,0.6927717028496353
2015-04-21,0.6602385292885468
2015-04-22,0.6798593045304131
2015-04-23,0.6848265401133471
2015-04-24,
2015-04-25,0.6893379568512978
2015-04-26,0.7177423281007077
2015-04-27,0.7052312703663526
2015-04-28,0.7156109789955807
2015-04-29,0.7264602335212037
2015-04-30,0.7259812420183477
2015-05-01,0.743174318384081
2015-05-02,0.7523436323212326
2015-05-03,0.7511830703116992
2015-05-04,0.7557985945066757
2015-05-05,0.7091439241985618
2015-05-06,0.729406088112064
2015-05-07,0.7421089637370014
2015-05-08,0.7528094440107059
2015-05-09,0.7705910398200498
2015-05-10,0.7834347945849736
2015-05-11,0.710482035505398
2015-05-12,0.6917476111266343
2015-05-13,0.7180588440181701
2015-05-14,0.6931792032252269
2015-05-15,0.7161994974537137
2015-05-16,0.7490358243154079
2015-05-17,0.7371303995212808
2015-05-18,0.7335784932271986
2015-05-19,0.7039476140842643
2015-05-20,0.7262755741835736
2015-05-21,0.8025718987173192
2015-05-22,0.7167786532062163
2015-05-23,0.7146450878139886
2015-05-24,0.71837643878628
2015-05-25,0.7184082354364227
2015-05-26,0.7476795669951346
2015-05-27,0.7245204956675116
2015-05-28,0.6833536959985119
2015-05-29,0.7185821180278226
2015-05-30,0.7237833222006559
2015-05-31,0.7395942370519863
2015-06-01,0.6912111302364683
2015-06-02,0.7179952003247057
2015-06-03,0.696902206545606
2015-06-04,0.7046109246465557
2015-06-05,0.6950863219353146
2015-06-06,0.6967581070971868
2015-06-07,0.6956240871574566
2015-06-08,0.6864292360452938
2015-06-09,0.6896036862407289
2015-06-10,0.6795420321693126
2015-06-11,0.7045423436200364
2015-06-12,0.7103466674150113
2015-06-13,0.6951607925574063
2015-06-14,0.7099167690801419
2015-06-15,0.7129601774207868
2015-06-16,0.7131294662277239
2015-06-17,0.6794166289900492
2015-06-18,0.704800708568929
2015-06-19,0.7339094484268744
2015-06-20,0.7086314432774027
2015-06-21,0.7272584610959238
2015-06-22,0.7019803623070943
2015-06-23,0.7203675488071591
2015-06-24,0.694215051831754
2015-06-25,0.7188008186607692
2015-06-26,0.7307412031072992
2015-06-27,0.7423797790409561
2015-06-28,0.7433276584856433
2015-06-29,0.7478236772516332
2015-06-30,0.7363087038562853
2015-07-01,0.7303570388671482
2015-07-02,0.7202260447211145
2015-07-03,0.7350356951359954
2015-07-04,0.7316544410510499
2015-07-05,0.7374450092201591
2015-07-06,0.7340564613970446
2015-07-07,0.7564589169466038
2015-07-08,0.7478732886067379
2015-07-09,0.7503432958957381
2015-07-10,0.7293972490940493
2015-07-11,0.7443761610180875
2015-07-12,0.7463656510149242
2015-07-13,0.7639262741169077
2015-07-14,0.7451025313797072
2015-07-15,0.7990967228000524
2015-07-16,0.7433412576092232
2015-07-17,0.7575400180469084
2015-07-18,0.7726555496709151
2015-07-19,0.7575240849178799
2015-07-20,0.7591022192939052
2015-07-21,0.76127958382736
2015-07-22,0.7559982729570712
2015-07-23,0.7432344544622305
2015-07-24,0.7489478528992849
2015-07-25,0.7522775704408488
2015-07-26,0.77048155755852
2015-07-27,0.7625390312455806
2015-07-28,0.7586504110026915
2015-07-29,0.7913909132061353
2015-07-30,0.7767388500837777
2015-07-31,0.7399324021842981
2015-08-01,0.7595348925652586
2015-08-02,0.7186436001085811
2015-08-03,0.759998869565127
2015-08-04,0.7823283071444196
2015-08-05,0.7965118376156303
2015-08-06,0.783065961301558
2015-08-07,0.7769507022650721
2015-08-08,0.7631955211485922
2015-08-09,0.7543619066411648
2015-08-10,0.7838076794702297
2015-08-11,0.825500302130123
2015-08-12,0.771411766455471
2015-08-13,0.7784497838729172
2015-08-14,0.8063684772374825
2015-08-15,0.7497565257641647
2015-08-16,0.7717727558379408
2015-08-17,0.7570039464899256
2015-08-18,0.7531918071365455
2015-08-19,0.7831568271960813
2015-08-20,
2015-08-21,0.778500783543084
2015-08-22,0.7750209266960221
2015-08-23,0.7773769974522247
2015-08-24,0.7740527613127631
2015-08-25,0.7334672024120132
2015-08-26,0.7777765293540462
2015-08-27,0.7726434045588054
2015-08-28,0.7520238386186541
2015-08-29,0.7886379397355686
2015-08-30,0.8104279214438426
2015-08-31,0.7715841011456108
2015-09-01,0.7752661421852156
2015-09-02,0.769367244999796
2015-09-03,0.778685583229331
2015-09-04,0.7653992124083733
2015-09-05,
2015-09-06,0.7715294694626953
2015-09-07,0.7835306693675403
2015-09-08,0.7884892674150306
2015-09-09,0.7668467076438769
2015-09-10,0.7612361369104365
2015-09-11,0.7585206749636975
2015-09-12,0.7214758718545259
2015-09-13,0.7951681546005493
2015-09-14,0.8008853874205372
2015-09-15,0.7562312650576184
2015-09-16,0.7718413005867157
2015-09-17,0.7675366550414295
2015-09-18,0.7761523198200473
2015-09-19,0.7661627981730431
2015-09-20,0.7800081125410866
2015-09-21,0.7482509131476862
2015-09-22,0.7660937943652126
2015-09-23,0.753123900408346
2015-09-24,0.7796271526460663
2015-09-25,0.7616702970017166
2015-09-26,0.7681624229112076
2015-09-27,0.762213129764947
2015-09-28,0.7833098229951271
2015-09-29,0.7498891664498202
2015-09-30,0.8084876408022967
2015-10-01,0.771071546718357
2015-10-02,0.7485405989388616
2015-10-03,0.7613841718976625
2015-10-04,0.768702446500981
2015-10-05,0.7683824216305599
2015-10-06,0.7675930649188839
2015-10-07,0.7411804170309751
2015-10-08,0.7651498904859878
2015-10-09,0.7824123028875726
2015-10-10,0.7520632813617604
2015-10-11,0.738435309400844
2015-10-12,0.7339177873232093
2015-10-13,0.7541053837477067
2015-10-14,0.754152589741036
2015-10-15,0.7381647386747869
2015-10-16,0.7586721387659017
2015-10-17,0.7475016324379821
2015-10-18,0.7411398586996724
2015-10-19,0.7206289310820592
2015-10-20,0.7249155493921563
2015-10-21,0.744263350076978
2015-10-22,0.7567815136010383
2015-10-23,0.7248692384797508
2015-10-24,0.7736163233403699
2015-10-25,0.765690262117741
2015-10-26,0.7461222738686629
2015-10-27,
2015-10-28,
2015-10-29,0.7502210131907392
2015-10-30,0.7064531316912209
2015-10-31,
2015-11-01,0.7513381695804978
2015-11-02,0.7533443348189937
2015-11-03,0.7286522358706352
2015-11-04,0.7344039529064372
2015-11-05,0.7286454094749769
2015-11-06,0.7799660711931257
2015-11-07,0.7408198837559045
2015-11-08,0.7004929757463522
2015-11-09,
2015-11-10,0.7518458237806276
2015-11-11,0.7364916546072441
2015-11-12,0.7329008445295541
2015-11-13,0.6961933087503585
2015-11-14,0.7125522945369445
2015-11-15,0.7145884127325683
2015-11-16,0.7214512668074122
2015-11-17,0.728525768988657
2015-11-18,0.7463972336137051
2015-11-19,0.7408196118267235
2015-11-20,0.7212853490173875
2015-11-21,
2015-11-22,0.7282331072404569
2015-11-23,
2015-11-24,
2015-11-25,
2015-11-26,0.728613274199692
2015-11-27,0.7184896077838875
2015-11-28,0.7328319706621347
2015-11-29,
2015-11-30,
2015-12-01,0.690319525666017
2015-12-02,0.7359830346806548
2015-12-03,0.70505377673729
2015-12-04,0.6932888464017735
2015-12-05,0.7046046368317246
2015-12-06,
2015-12-07,
2015-12-08,0.6091106592361449
2015-12-09,0.6247485060584809
2015-12-10,0.7239040152749161
2015-12-11,0.7367294146766823
2015-12-12,0.7263513501855428
2015-12-13,0.7474107769897674
2015-12-14,0.7359184428424548
2015-12-15,0.7177137403380803
2015-12-16,0.7203000571385559
2015-12-17,0.7456986311384377
2015-12-18,0.7219776512878782
2015-12-19,
2015-12-20,
2015-12-21,0.6982646266023436
2015-12-22,0.7303289084281441
2015-12-23,0.7045984645553228
2015-12-24,0.7067337245912713
2015-12-25,0.7159308166295332
2015-12-26,0.7252209395514054
2015-12-27,0.7487397081816406
2015-12-28,
2015-12-29,
2015-12-30,
2015-12-31,0.6568303307993075
2016-01-01,
2016-01-02,
2016-01-03,
2016-01-04,
2016-01-05,
2016-01-06,
2016-01-07,
2016-01-08,
2016-01-09,
2016-01-10,0.7069510630947089
2016-01-11,
2016-01-12,
2016-01-13,
2016-01-14,
2016-01-15,
2016-01-16,
2016-01-17,
2016-01-18,
2016-01-19,
2016-01-20,
2016-01-21,
2016-01-22,
2016-01-23,
2016-01-24,
2016-01-25,
2016-01-26,
2016-01-27,
2016-01-28,
2016-01-29,
2016-01-30,
2016-01-31,
2016-02-01,0.6990174540719676
2016-02-02,
2016-02-03,0.7569041600770003
2016-02-04,0.6921498768515032
2016-02-05,0.5999613709776409
2016-02-06,
2016-02-07,
2016-02-08,
2016-02-09,
2016-02-10,
2016-02-11,
2016-02-12,
2016-02-13,
2016-02-14,
2016-02-15,
2016-02-16,
2016-02-17,
2016-02-18,
2016-02-19,
2016-02-20,
2016-02-21,0.41316361202639085
2016-02-22,
2016-02-23,
2016-02-24,
2016-02-25,
2016-02-26,
2016-02-27,
2016-02-28,0.6566777539702339
2016-02-29,0.6503378868047645
2016-03-01,
2016-03-02,
2016-03-03,
2016-03-04,
2016-03-05,
2016-03-06,
2016-03-07,
2016-03-08,0.7003966587759605
2016-03-09,0.7018608228143449
2016-03-10,0.7262075489782936
2016-03-11,0.686077579193532
2016-03-12,
2016-03-13,0.7041393763621618
2016-03-14,0.7035870960601349
2016-03-15,0.6998633293800547
2016-03-16,0.7118732975745721
2016-03-17,0.6818866788078407
2016-03-18,0.6809208449171469
2016-03-19,
2016-03-20,
2016-03-21,
2016-03-22,
2016-03-23,0.6992652883929199
2016-03-24,
2016-03-25,0.7296928425577047
2016-03-26,0.6829378931204079
2016-03-27,
2016-03-28,0.7205530927045669
2016-03-29,0.6838487147441374
2016-03-30,
2016-03-31,0.7129181102837461
2016-04-01,0.704132840566238
2016-04-02,0.7245374658654052
2016-04-03,0.7028939393930171
2016-04-04,
2016-04-05,
2016-04-06,
2016-04-07,
2016-04-08,0.6767901709462613
2016-04-09,
2016-04-10,
2016-04-11,
2016-04-12,0.69291628490231
2016-04-13,
2016-04-14,
2016-04-15,
2016-04-16,
2016-04-17,0.7634889826359195
2016-04-18,0.761901066265478
2016-04-19,0.7779885556049737
2016-04-20,0.7360956871921271
2016-04-21,0.7492278811760388
2016-04-22,0.755029739852041
2016-04-23,
2016-04-24,0.7682475989360773
2016-04-25,0.7674700510069956
2016-04-26,0.7707869450653706
2016-04-27,
2016-04-28,0.7432317077389714
2016-04-29,0.7571839133416842
2016-04-30,0.7543148362096881
2016-05-01,0.7413058758240656
2016-05-02,0.7282074899710372
2016-05-03,0.7307565934794753
2016-05-04,0.7271069082683203
2016-05-05,0.7201951478539119
2016-05-06,0.7262273580358825
2016-05-07,0.6867067904772824
2016-05-08,0.7442131254709301
2016-05-09,
2016-05-10,0.7568797931148892
2016-05-11,0.771376447918013
2016-05-12,0.8039175756294851
2016-05-13,0.7507322182674971
2016-05-14,0.7426475353110451
2016-05-15,0.7405233518792953
2016-05-16,0.7359938751445398
2016-05-17,0.7630908319952393
2016-05-18,0.7640356218203765
2016-05-19,0.7666444148999284
2016-05-20,0.7654022866541859
2016-05-21,0.7618615257046039
2016-05-22,0.7296554643100169
2016-05-23,0.7543508054039653
2016-05-24,0.7503233512055334
2016-05-25,
2016-05-26,0.7410318588484651
2016-05-27,0.7603162959800195
2016-05-28,0.7459293438243925
2016-05-29,0.7258423265702211
2016-05-30,0.6920539910305996
2016-05-31,0.703052790837113
2016-06-01,0.7222099763294247
2016-06-02,0.7258876968178549
2016-06-03,0.7109216561546091
2016-06-04,0.732855986641403
2016-06-05,0.7284984233033309
2016-06-06,0.7032078388665493
2016-06-07,0.694789818149807
2016-06-08,0.7081228457531945
2016-06-09,0.7125974569958174
2016-06-10,
2016-06-11,0.7397648081478668
2016-06-12,0.72086588410286
2016-06-13,0.7806351520880528
2016-06-14,0.7410537906541809
2016-06-15,0.7467053634564199
2016-06-16,0.7261243886782222
2016-06-17,0.7057042332012767
2016-06-18,0.7343551440003029
2016-06-19,0.6759431127054972
2016-06-20,0.7169596017802918
2016-06-21,0.7279436634714266
2016-06-22,0.6993491110845292
2016-06-23,0.7169087726135995
2016-06-24,
2016-06-25,0.7259047978858857
2016-06-26,
2016-06-27,0.7676408054293088
2016-06-28,0.7627174922495794
2016-06-29,0.7719127126883242
2016-06-30,0.7284814218662562
2016-07-01,0.7343067454357484
2016-07-02,0.765600444794602
2016-07-03,
2016-07-04,0.7535112047611356
2016-07-05,
2016-07-06,0.7926351680355416
2016-07-07,0.7808934367276639
2016-07-08,0.7804020875867994
2016-07-09,0.7384416040515577
2016-07-10,0.7481052521832354
2016-07-11,0.7494850459374852
2016-07-12,
2016-07-13,0.7453522124683046
2016-07-14,0.7588376841023599
2016-07-15,0.7665536837903051
2016-07-16,0.7554326637101898
2016-07-17,0.7490522038133861
2016-07-18,0.7594245869836131
2016-07-19,0.7276551385911206
2016-07-20,0.7698167542138057
2016-07-21,0.6371806668807038
2016-07-22,0.760098177213819
2016-07-23,0.7911547700199308
2016-07-24,0.7513462382519404
2016-07-25,0.7707611614642788
2016-07-26,0.7443845346972694
2016-07-27,0.7470478365641754
2016-07-28,0.7404729434125917
2016-07-29,0.7728523859002833
2016-07-30,0.7820679892542064
2016-07-31,0.8147198627889038
2016-08-01,0.7739509920036437
2016-08-02,0.750114322699339
2016-08-03,0.7606665005419485
2016-08-04,0.7250671289883586
2016-08-05,0.745330503799109
2016-08-06,
2016-08-07,0.7588961573640974
2016-08-08,0.7743591679248141
2016-08-09,0.750440216617191
2016-08-10,0.7442916679366149
2016-08-11,0.7626315985809203
2016-08-12,0.775928560187745
2016-08-13,0.740380868961
2016-08-14,0.7766740969163564
2016-08-15,0.772161487895292
2016-08-16,0.7467339324384388
2016-08-17,0.7598471156476262
2016-08-18,0.7659882328728678
2016-08-19,0.7346111839718009
2016-08-20,0.7899344645412999
2016-08-21,0.769930783789696
2016-08-22,0.7593244234251806
2016-08-23,0.7752984475865277
2016-08-24,0.7801549257493492
2016-08-25,0.7686677318099662
2016-08-26,0.7871598889783465
2016-08-27,0.8128059105568897
2016-08-28,0.7652791631475232
2016-08-29,0.787152879932933
2016-08-30,0.75056071638894
2016-08-31,0.7530676245893181
2016-09-01,0.7844850721795996
2016-09-02,0.7812601312633287
2016-09-03,0.7661589838238905
2016-09-04,0.7745677310556273
2016-09-05,0.764524367231601
2016-09-06,0.7728840278211342
2016-09-07,
2016-09-08,0.7799779537903105
2016-09-09,0.8068368575395564
2016-09-10,0.7750017493302365
2016-09-11,0.7603290321087166
2016-09-12,
2016-09-13,0.7482142896034675
2016-09-14,
2016-09-15,0.7518021769167104
2016-09-16,0.7720394721166364
2016-09-17,0.7763279380660892
2016-09-18,0.7879611702588927
2016-09-19,0.7425280536046556
2016-09-20,0.7353476085065943
2016-09-21,
2016-09-22,0.7568613363769036
2016-09-23,
2016-09-24,0.7740461700243771
2016-09-25,0.7771411342818719
2016-09-26,0.7530641916903865
2016-09-27,0.7255730022026691
2016-09-28,
2016-09-29,0.7720950099434574
2016-09-30,0.7873368949107689
2016-10-01,0.7740172917801099
2016-10-02,0.7622986203896591
2016-10-03,0.7626413625533861
2016-10-04,0.7230187149867242
2016-10-05,0.7484465650793606
2016-10-06,0.7212982467991911
2016-10-07,0.767883559500477
2016-10-08,0.7430605976177742
2016-10-09,
2016-10-10,0.7540146850240733
2016-10-11,0.7465248877127809
2016-10-12,0.7405816830197793
2016-10-13,0.7382889334649908
2016-10-14,
2016-10-15,0.753245860750375
2016-10-16,0.7507389079996176
2016-10-17,0.7623846059142213
2016-10-18,0.747423111595821
2016-10-19,0.7612759634390136
2016-10-20,0.7386856608425761
2016-10-21,0.7858651462887712
2016-10-22,0.756299846320426
2016-10-23,
2016-10-24,0.7439579238784447
2016-10-25,
2016-10-26,0.7433238429643434
2016-10-27,0.7411453637909129
2016-10-28,0.7331211274766076
2016-10-29,0.7401906514410611
2016-10-30,0.7303137485270239
2016-10-31,0.7287813375967208
2016-11-01,0.73997510024049
2016-11-02,0.7348143318314656
2016-11-03,0.7567740280194373
2016-11-04,0.7611977308916645
2016-11-05,0.7271192369173044
2016-11-06,0.7201181759713686
2016-11-07,
2016-11-08,0.736047654333137
2016-11-09,0.7519837855456382
2016-11-10,
2016-11-11,0.7368241248307835
2016-11-12,0.7048019962077576
2016-11-13,0.7178017247945806
2016-11-14,0.7085295569567046
2016-11-15,
2016-11-16,0.7412356976476349
2016-11-17,0.7407052010744081
2016-11-18,0.7342581554857003
2016-11-19,0.7378467186130238
2016-11-20,0.7522091050235417
2016-11-21,
2016-11-22,0.574283777823299
2016-11-23,0.6606809937416654
2016-11-24,0.5925751765279677
2016-11-25,0.6165071514726763
2016-11-26,
2016-11-27,0.6822152579188032
2016-11-28,0.6812063632241481
2016-11-29,0.6979222704735402
2016-11-30,0.7102842843883778
2016-12-01,
2016-12-02,0.7035387478030986
2016-12-03,0.6900940868297181
2016-12-04,0.6594208059334499
2016-12-05,
2016-12-06,0.7176673534872706
2016-12-07,0.5472147618632494
2016-12-08,
2016-12-09,
2016-12-10,
2016-12-11,
2016-12-12,
2016-12-13,
2016-12-14,
2016-12-15,
2016-12-16,
2016-12-17,
2016-12-18,
2016-12-19,
2016-12-20,
2016-12-21,
2016-12-22,
2016-12-23,
2016-12-24,
2016-12-25,
2016-12-26,
2016-12-27,0.6822751157670234
2016-12-28,
2016-12-29,
2016-12-30,
2016-12-31,
2017-01-01,0.5724503808391098
2017-01-02,
2017-01-03,
2017-01-04,0.6162046109958461
2017-01-05,
2017-01-06,
2017-01-07,
2017-01-08,
2017-01-09,
2017-01-10,
2017-01-11,
2017-01-12,0.6420984802129952
2017-01-13,0.6354354012132359
2017-01-14,
2017-01-15,
2017-01-16,
2017-01-17,
2017-01-18,
2017-01-19,0.7980339130235506
2017-01-20,
2017-01-21,0.6397548010213486
2017-01-22,0.6893830292358258
2017-01-23,0.7116687911547757
2017-01-24,0.7207502207163045
2017-01-25,
2017-01-26,0.5665578322151047
2017-01-27,0.6319386639945368
2017-01-28,
2017-01-29,
2017-01-30,
2017-01-31,
2017-02-01,
2017-02-02,
2017-02-03,
2017-02-04,
2017-02-05,
2017-02-06,
2017-02-07,
2017-02-08,0.7716129909282932
2017-02-09,
2017-02-10,
2017-02-11,
2017-02-12,
2017-02-13,
2017-02-14,
2017-02-15,
2017-02-16,
2017-02-17,
2017-02-18,
2017-02-19,0.6296597006770768
2017-02-20,0.7067930701174029
2017-02-21,0.8010142345423013
2017-02-22,0.6778754334407795
2017-02-23,0.7042584857382136
2017-02-24,0.7227638882530041
2017-02-25,0.6762910985900669
2017-02-26,0.6950087030411629
2017-02-27,
2017-02-28,
2017-03-01,0.7021142515003836
2017-03-02,
2017-03-03,
2017-03-04,
2017-03-05,
2017-03-06,
2017-03-07,
2017-03-08,0.6715016392653219
2017-03-09,
2017-03-10,
2017-03-11,
2017-03-12,
2017-03-13,
2017-03-14,
2017-03-15,
2017-03-16,
2017-03-17,
2017-03-18,
2017-03-19,
2017-03-20,
2017-03-21,
2017-03-22,
2017-03-23,
2017-03-24,
2017-03-25,0.6554799153375023
2017-03-26,
2017-03-27,0.6278334679925335
2017-03-28,0.6875379904370218
2017-03-29,0.6586968140390085
2017-03-30,
2017-03-31,0.5653668115620591
2017-04-01,0.6328059352404417
2017-04-02,
2017-04-03,0.6614509593348816
2017-04-04,0.7242993332111183
2017-04-05,0.6700188977841528
2017-04-06,0.6702851072670155
2017-04-07,0.6569863306991928
2017-04-08,0.5287106064661843
2017-04-09,0.665534844017067
2017-04-10,
2017-04-11,0.6951955669092811
2017-04-12,0.6820182505471574
2017-04-13,0.6834158672845544
2017-04-14,0.6873437085464612
2017-04-15,0.6972126249073256
2017-04-16,0.6800237732136006
2017-04-17,0.6670659351854333
2017-04-18,0.7072575248115337
2017-04-19,0.6934490233731619
2017-04-20,0.7006292869278622
2017-04-21,0.6571657647400493
2017-04-22,0.6842419549219301
2017-04-23,0.6951759022528576
2017-04-24,0.7121387136436731
2017-04-25,0.7102118868379039
2017-04-26,0.7156064960571694
2017-04-27,0.7202347296910564
2017-04-28,0.6998020010354196
2017-04-29,0.7320325072015487
2017-04-30,0.7286804235541401
2017-05-01,0.7127044872893403
2017-05-02,0.6818614012784574
2017-05-03,
2017-05-04,0.7160950444809266
2017-05-05,0.7156823769985319
2017-05-06,0.7260793951722017
2017-05-07,0.6853421337953834
2017-05-08,0.6738874584803065
2017-05-09,0.6849299939022583
2017-05-10,0.7047820199554854
2017-05-11,0.7219843934796129
2017-05-12,
2017-05-13,0.7295488054714817
2017-05-14,0.7267981737796423
2017-05-15,0.7222396699642062
2017-05-16,0.7257451782602842
2017-05-17,0.7243717278446132
2017-05-18,0.7144294673671923
2017-05-19,
2017-05-20,0.7593437677393823
2017-05-21,
2017-05-22,0.7360217782093522
2017-05-23,0.7330219495538648
2017-05-24,0.7277284913856498
2017-05-25,0.7146233075895444
2017-05-26,
2017-05-27,0.7277020428027572
2017-05-28,
2017-05-29,0.7220279887564757
2017-05-30,0.7164669376597383
2017-05-31,0.7310040065060083
2017-06-01,0.7109343127318972
2017-06-02,0.7146280346661038
2017-06-03,0.7098803953370965
2017-06-04,0.7358710357079811
2017-06-05,0.7288575777149809
2017-06-06,0.7271696019516091
2017-06-07,0.7655538337251447
2017-06-08,0.7244945686416708
2017-06-09,0.7201519463931039
2017-06-10,0.7259340181437273
2017-06-11,0.6969443593925351
2017-06-12,0.7073406183175791
2017-06-13,
2017-06-14,0.7427322055145229
2017-06-15,0.747398250271969
2017-06-16,0.7160075043902125
2017-06-17,0.6867129831067212
2017-06-18,0.6898628159297778
2017-06-19,0.6902901519338674
2017-06-20,0.6628912049654173
2017-06-21,0.69856370468069
2017-06-22,0.7014946291551416
2017-06-23,0.7151107165635471
2017-06-24,0.755105100329027
2017-06-25,0.6962338323565105
2017-06-26,0.6974518447928931
2017-06-27,0.6855258374611152
2017-06-28,0.6977784527931564
2017-06-29,
2017-06-30,0.7160604504980607
2017-07-01,0.6998882862899792
2017-07-02,0.7229877684649587
2017-07-03,0.6988337790618263
2017-07-04,0.7066347972357225
2017-07-05,0.7045312094058591
2017-07-06,0.7105453713233596
2017-07-07,0.7489102584180956
2017-07-08,0.7053722852255563
2017-07-09,0.7180954214465572
2017-07-10,0.737955493010927
2017-07-11,0.7285375478823757
2017-07-12,0.749865017324715
2017-07-13,0.7666694232486564
2017-07-14,0.7527605708991923
2017-07-15,
2017-07-16,0.7250342014497153
2017-07-17,0.7396803524343528
2017-07-18,0.7436372521263688
2017-07-19,0.7286887006963919
2017-07-20,0.7472103296515866
2017-07-21,0.7451276474904737
2017-07-22,0.719556205117336
2017-07-23,0.7702753131537574
2017-07-24,0.7614150315791202
2017-07-25,0.8031956665387817
2017-07-26,0.7503483161195627
2017-07-27,0.7433417888471957
2017-07-28,0.7493534506790672
2017-07-29,0.791299186141981
2017-07-30,0.7628793259441914
2017-07-31,
2017-08-01,0.7686709093316066
2017-08-02,0.7572886328793845
2017-08-03,0.7820175021577971
2017-08-04,0.7404284689369539
2017-08-05,0.7501802039461714
2017-08-06,0.7373930093185532
2017-08-07,0.7554636729070151
2017-08-08,0.7741439515376939
2017-08-09,0.7502108675886057
2017-08-10,0.7692855326359255
2017-08-11,0.7804144034954119
2017-08-12,0.7683653974118385
2017-08-13,0.7778053740120372
2017-08-14,
2017-08-15,0.7680864291769378
2017-08-16,
2017-08-17,0.7647197313869599
2017-08-18,0.8034766530180804
2017-08-19,0.7686563228456743
2017-08-20,0.7580722642076528
2017-08-21,0.7591836745722952
2017-08-22,0.7802697849764326
2017-08-23,0.718499575813897
2017-08-24,0.7523491082729754
2017-08-25,0.7365453490537139
2017-08-26,0.7665695303801795
2017-08-27,0.7612400852825273
2017-08-28,0.7712855452820027
2017-08-29,0.7576511806695341
2017-08-30,
2017-08-31,0.7657678674030872
2017-09-01,
2017-09-02,0.779512880712165
2017-09-03,0.8232330834988693
2017-09-04,0.7837828446214886
2017-09-05,0.7866303127810165
2017-09-06,0.7558927810870139
2017-09-07,0.757380854921515
2017-09-08,0.7759174427791249
2017-09-09,0.7574611052608934
2017-09-10,
2017-09-11,0.7827774990178918
2017-09-12,0.7717635396942008
2017-09-13,0.768140982399071
2017-09-14,0.7863602636820903
2017-09-15,
2017-09-16,0.7847183278077653
2017-09-17,0.7764671225428376
2017-09-18,0.7909370369250963
2017-09-19,0.7892314531203412
2017-09-20,0.7903345955394876
2017-09-21,0.7676219092128514
2017-09-22,0.7573155989444262
2017-09-23,0.783845170811123
2017-09-24,0.7689123667542653
2017-09-25,0.7566908605801581
2017-09-26,0.7840790532218496
2017-09-27,0.7887536062115215
2017-09-28,0.7818418955180761
2017-09-29,0.7908322168336642
2017-09-30,0.7908669667539285
2017-10-01,
2017-10-02,0.7742026291627562
2017-10-03,
2017-10-04,0.7814145455264255
2017-10-05,0.8085307816974179
2017-10-06,0.7899673483270793
2017-10-07,0.7833178293742519
2017-10-08,0.7037991710344892
2017-10-09,0.782126722722734
2017-10-10,0.7824728559718692
2017-10-11,0.7735266817454866
2017-10-12,
2017-10-13,0.7708785769889301
2017-10-14,0.7744515666794353
2017-10-15,0.7733815743701524
2017-10-16,0.7623436973769391
2017-10-17,
2017-10-18,0.7461565417031979
2017-10-19,0.7290517791063176
2017-10-20,0.7523868495138131
2017-10-21,0.7585466926657601
2017-10-22,0.7567891790910317
2017-10-23,0.7280962075715687
2017-10-24,0.731242546216957
2017-10-25,0.7232995859940997
2017-10-26,0.7409900107455858
2017-10-27,0.7500404609185141
2017-10-28,
2017-10-29,0.7693993894243996
2017-10-30,0.7298362109604326
2017-10-31,0.7147930934884474
2017-11-01,0.7041707502505586
2017-11-02,
2017-11-03,0.7234319456211415
2017-11-04,
2017-11-05,0.7794395782905353
2017-11-06,0.7094782770639144
2017-11-07,0.738110875530047
2017-11-08,
2017-11-09,
2017-11-10,
2017-11-11,
2017-11-12,
2017-11-13,
2017-11-14,0.7547300319615716
2017-11-15,
2017-11-16,0.7260065093751166
2017-11-17,0.7232594405690074
2017-11-18,
2017-11-19,0.7432504157492612
2017-11-20,
2017-11-21,0.6345583240344231
2017-11-22,0.7219986996617277
2017-11-23,
2017-11-24,
2017-11-25,0.7002813608088431
2017-11-26,0.719368355623202
2017-11-27,
2017-11-28,
2017-11-29,
2017-11-30,
2017-12-01,0.7386782762664481
2017-12-02,
2017-12-03,
2017-12-04,0.6563600111294262
2017-12-05,0.7115926356749491
2017-12-06,0.7165615038289798
2017-12-07,0.6093513782916956
2017-12-08,
2017-12-09,
2017-12-10,
2017-12-11,
2017-12-12,
2017-12-13,
2017-12-14,
2017-12-15,
2017-12-16,
2017-12-17,
2017-12-18,
2017-12-19,
2017-12-20,0.6488147572342846
2017-12-21,
2017-12-22,
2017-12-23,
2017-12-24,
2017-12-25,
2017-12-26,
2017-12-27,
2017-12-28,
2017-12-29,
2017-12-30,
2017-12-31,
2018-01-01,
2018-01-02,
2018-01-03,
2018-01-04,
2018-01-05,
2018-01-06,
2018-01-07,
2018-01-08,
2018-01-09,
2018-01-10,
2018-01-11,
2018-01-12,0.6637851630744314
2018-01-13,0.6260747078464107
2018-01-14,
2018-01-15,
2018-01-16,
2018-01-17,
2018-01-18,
2018-01-19,
2018-01-20,
2018-01-21,
2018-01-22,
2018-01-23,
2018-01-24,
2018-01-25,
2018-01-26,
2018-01-27,
2018-01-28,0.6568634228729585
2018-01-29,
2018-01-30,
2018-01-31,
2018-02-01,
2018-02-02,
2018-02-03,
2018-02-04,
2018-02-05,
2018-02-06,
2018-02-07,
2018-02-08,
2018-02-09,
2018-02-10,
2018-02-11,
2018-02-12,
2018-02-13,
2018-02-14,
2018-02-15,
2018-02-16,0.6555844810145885
2018-02-17,
2018-02-18,
2018-02-19,
2018-02-20,0.6331588766149647
2018-02-21,0.667680533483783
2018-02-22,0.6786553424019294
2018-02-23,
2018-02-24,0.6270653719706253
2018-02-25,0.6635072604045464
2018-02-26,0.6751917686731272
2018-02-27,0.6997966339147645
2018-02-28,0.6802717227986147
2018-03-01,0.6737020734505674
2018-03-02,0.6987849840067035
2018-03-03,
2018-03-04,
2018-03-05,
2018-03-06,
2018-03-07,
2018-03-08,
2018-03-09,
2018-03-10,
2018-03-11,
2018-03-12,
2018-03-13,
2018-03-14,
2018-03-15,
2018-03-16,
2018-03-17,
2018-03-18,
2018-03-19,
2018-03-20,
2018-03-21,
2018-03-22,
2018-03-23,
2018-03-24,
2018-03-25,
2018-03-26,
2018-03-27,
2018-03-28,
2018-03-29,0.6252374075076721
2018-03-30,0.6200028463539291
2018-03-31,0.590424381533224
2018-04-01,0.638771134831068
2018-04-02,
2018-04-03,0.6626259191408755
2018-04-04,
2018-04-05,
2018-04-06,
2018-04-07,
2018-04-08,
2018-04-09,
2018-04-10,
2018-04-11,
2018-04-12,
2018-04-13,
2018-04-14,0.7110424995194841
2018-04-15,
2018-04-16,0.7137616925047805
2018-04-17,0.6301901507670682
2018-04-18,
2018-04-19,0.5589705544931269
2018-04-20,
2018-04-21,
2018-04-22,0.5856803944761637
2018-04-23,0.7629338536691384
2018-04-24,0.6873162212603373
2018-04-25,0.674778870153247
2018-04-26,0.6860322966712684
2018-04-27,0.7143350949137207
2018-04-28,0.6848017506796754
2018-04-29,
2018-04-30,0.7151398958389155
2018-05-01,0.6987239890369833
2018-05-02,0.7133406670610724
2018-05-03,0.7194356199391969
2018-05-04,0.7040905604531255
2018-05-05,0.6932413909116434
2018-05-06,0.7056870670014395
2018-05-07,0.7221222312874319
2018-05-08,0.8156100595987025
2018-05-09,0.7580679298271407
2018-05-10,0.749276273980253
2018-05-11,0.7221928161995433
2018-05-12,0.7390411745485169
2018-05-13,0.7353019585293906
2018-05-14,0.7384942627039052
2018-05-15,
2018-05-16,0.7180080764729017
2018-05-17,0.7379422812887744
2018-05-18,0.7817793710023596
2018-05-19,0.7505779249218368
2018-05-20,0.7134345245506165
2018-05-21,0.7142966667693449
2018-05-22,0.7094029420434842
2018-05-23,0.7514921736475507
2018-05-24,0.7419767495895639
2018-05-25,0.7352857925281897
2018-05-26,0.7494978845037128
2018-05-27,0.7184362077917192
2018-05-28,0.7375748678598615
2018-05-29,0.7095262577755111
2018-05-30,0.7268908477988016
2018-05-31,0.7303067447624537
2018-06-01,0.7292823641916593
2018-06-02,0.7290999982558045
2018-06-03,0.7402360708439437
2018-06-04,0.711046048217275
2018-06-05,0.703448291399571
2018-06-06,0.7416120978555525
2018-06-07,0.711430818655638
2018-06-08,0.7265223501213344
2018-06-09,0.7333383551309562
2018-06-10,0.740521021756366
2018-06-11,0.7235430398503925
2018-06-12,0.7141507578975703
2018-06-13,0.7338039008094076
2018-06-14,0.7523996914365578
2018-06-15,0.7394861994130657
2018-06-16,
2018-06-17,0.7420740260888586
2018-06-18,0.7491599959499142
2018-06-19,0.78508115049428
2018-06-20,0.7195490130224959
2018-06-21,0.7364387302946321
2018-06-22,0.7265147991024582
2018-06-23,0.7763433582824009
2018-06-24,0.7624378944074863
2018-06-25,0.738693167047069
2018-06-26,0.7390042107454254
2018-06-27,0.7663976131897371
2018-06-28,0.7497060800446833
2018-06-29,0.7301522077293102
2018-06-30,0.8084419366999159
2018-07-01,0.7339731374873218
2018-07-02,
2018-07-03,0.7481369243968317
2018-07-04,0.7727720143849132
2018-07-05,0.7841156999795351
2018-07-06,0.7064084336622326
2018-07-07,0.7300207582732459
2018-07-08,0.7355942651629805
2018-07-09,
2018-07-10,0.7441795600536235
2018-07-11,
2018-07-12,0.7549402022379428
2018-07-13,0.7563974099214783
2018-07-14,0.7724357272595258
2018-07-15,0.7924431980421044
2018-07-16,
2018-07-17,0.7833748942675856
2018-07-18,
2018-07-19,0.7331495842032246
2018-07-20,0.742670212785514
2018-07-21,0.7612876468029139
2018-07-22,0.8099666792794928
2018-07-23,0.7601307256078816
2018-07-24,0.7780071622797968
2018-07-25,0.8053299309504605
2018-07-26,0.7729982206663092
2018-07-27,0.7300804121725516
2018-07-28,0.775379652030866
2018-07-29,0.7801012542068702
2018-07-30,0.7596082290970575
2018-07-31,0.7819541827018353
2018-08-01,
2018-08-02,0.7674429555899454
2018-08-03,
2018-08-04,0.7593373485284592
2018-08-05,0.7636799750767399
2018-08-06,0.7842201596116173
2018-08-07,0.7825138006936937
2018-08-08,0.777469681346885
2018-08-09,0.7877419277913292
2018-08-10,0.7625906813666079
2018-08-11,0.7869899733546002
2018-08-12,
2018-08-13,0.7779041645662741
2018-08-14,0.7607074001282923
2018-08-15,0.7613152621962225
2018-08-16,0.7491918868675939
2018-08-17,0.7881762947978739
2018-08-18,0.7946861538826461
2018-08-19,0.7499609835514579
2018-08-20,0.781079139549351
2018-08-21,0.7691709175360941
2018-08-22,0.8062275897020056
2018-08-23,0.7538823418560057
2018-08-24,0.7451728378430829
2018-08-25,0.7615704371221975
2018-08-26,0.7531074258005245
2018-08-27,0.7757606263790183
2018-08-28,0.7904726894604432
2018-08-29,0.772454821546287
2018-08-30,0.822545907352041
2018-08-31,0.7707707529261821
2018-09-01,0.775286377040278
2018-09-02,
2018-09-03,0.7806181354573494
2018-09-04,
2018-09-05,0.7759296786343434
2018-09-06,0.7850011765794683
2018-09-07,0.8020372329705434
2018-09-08,0.7425614307846218
2018-09-09,0.7522109068332452
2018-09-10,0.7596301120276001
2018-09-11,0.8056510461809064
2018-09-12,0.8121527415441585
2018-09-13,0.8388867011784319
2018-09-14,0.7854587967062163
2018-09-15,0.7915123867831388
2018-09-16,0.7592867875489518
2018-09-17,0.7521757456637284
2018-09-18,
2018-09-19,0.7642861919510212
2018-09-20,0.779224958117706
2018-09-21,0.7794297187925634
2018-09-22,0.7758676736120335
2018-09-23,0.7575427939631969
2018-09-24,0.7453668855236583
2018-09-25,0.7726249327873908
2018-09-26,0.7101565484996135
2018-09-27,
2018-09-28,0.7727419116739238
2018-09-29,
2018-09-30,0.8094981707272302
2018-10-01,0.7995927821760954
2018-10-02,0.7806667737700762
2018-10-03,0.7696035660864089
2018-10-04,
2018-10-05,0.7320551949513531
2018-10-06,0.7544432134542164
2018-10-07,0.7900475637190462
2018-10-08,0.8017719367538247
2018-10-09,0.7776341728371235
2018-10-10,0.7522232230018642
2018-10-11,0.7719408224374588
2018-10-12,0.7498240448737491
2018-10-13,0.7641493984473859
2018-10-14,0.7498322218277274
2018-10-15,
2018-10-16,0.7663578631962218
2018-10-17,0.7427010233343024
2018-10-18,0.7325602047621218
2018-10-19,0.7416806331452738
2018-10-20,
2018-10-21,0.7618914311948273
2018-10-22,0.741524833171333
2018-10-23,0.750958757945458
2018-10-24,0.75419774740801
2018-10-25,0.7472634314197427
2018-10-26,0.7028936406097289
2018-10-27,0.7587303054960067
2018-10-28,0.7505544298352579
2018-10-29,0.7209158741879431
2018-10-30,0.732459874700934
2018-10-31,
2018-11-01,0.7684118312193344
2018-11-02,0.7514546266945092
2018-11-03,0.7342089260598684
2018-11-04,0.7178859838211762
2018-11-05,0.7377646825767413
2018-11-06,0.7502326793853228
2018-11-07,0.7169738728074322
2018-11-08,0.7129211801258605
2018-11-09,0.722407883938903
2018-11-10,0.7019473198524202
2018-11-11,
2018-11-12,
2018-11-13,0.7141489754329385
2018-11-14,
2018-11-15,
2018-11-16,
2018-11-17,
2018-11-18,
2018-11-19,
2018-11-20,
2018-11-21,
2018-11-22,
2018-11-23,
2018-11-24,
2018-11-25,
2018-11-26,0.6259487088491946
2018-11-27,0.6387378528911085
2018-11-28,
2018-11-29,
2018-11-30,
2018-12-01,
2018-12-02,
2018-12-03,0.6243646064171284
2018-12-04,
2018-12-05,
2018-12-06,
2018-12-07,
2018-12-08,
2018-12-09,
2018-12-10,
2018-12-11,
2018-12-12,
2018-12-13,
2018-12-14,
2018-12-15,0.6820784867321487
2018-12-16,
2018-12-17,0.6703341998873078
2018-12-18,
2018-12-19,
2018-12-20,
2018-12-21,
2018-12-22,0.6828260148251738
2018-12-23,
2018-12-24,
2018-12-25,
2018-12-26,
2018-12-27,
2018-12-28,0.6637397826644881
2018-12-29,0.6538612609386336
2018-12-30,
2018-12-31,
2019-01-01,
2019-01-02,
2019-01-03,
2019-01-04,
2019-01-05,
2019-01-06,
2019-01-07,
2019-01-08,
2019-01-09,0.6678278569688995
2019-01-10,
2019-01-11,
2019-01-12,
2019-01-13,
2019-01-14,
2019-01-15,
2019-01-16,
2019-01-17,
2019-01-18,
2019-01-19,
2019-01-20,
2019-01-21,
2019-01-22,
2019-01-23,
2019-01-24,
2019-01-25,
2019-01-26,
2019-01-27,
2019-01-28,
2019-01-29,
2019-01-30,
2019-01-31,
2019-02-01,
2019-02-02,
2019-02-03,
2019-02-04,
2019-02-05,0.6371636623588632
2019-02-06,
2019-02-07,
2019-02-08,0.7960843568264446
2019-02-09,
2019-02-10,
2019-02-11,
2019-02-12,
2019-02-13,
2019-02-14,
2019-02-15,
2019-02-16,
2019-02-17,
2019-02-18,
2019-02-19,
2019-02-20,
2019-02-21,
2019-02-22,
2019-02-23,
2019-02-24,
2019-02-25,
2019-02-26,
2019-02-27,
2019-02-28,
2019-03-01,
2019-03-02,
2019-03-03,
2019-03-04,
2019-03-05,
2019-03-06,
2019-03-07,
2019-03-08,
2019-03-09,
2019-03-10,
2019-03-11,
2019-03-12,
2019-03-13,
2019-03-14,
2019-03-15,
2019-03-16,0.6567800918749551
2019-03-17,
2019-03-18,
2019-03-19,
2019-03-20,
2019-03-21,0.6723370856378699
2019-03-22,
2019-03-23,
2019-03-24,
2019-03-25,
2019-03-26,
2019-03-27,
2019-03-28,
2019-03-29,0.7412729150233947
2019-03-30,0.6962871015549952
2019-03-31,0.6610751796133807
2019-04-01,
2019-04-02,
2019-04-03,0.7097562907602332
2019-04-04,
2019-04-05,
2019-04-06,0.6920745500750072
2019-04-07,
2019-04-08,0.6883803543659395
2019-04-09,0.6972288706840815
2019-04-10,0.7723072109392648
2019-04-11,
2019-04-12,0.6915293838645904
2019-04-13,0.6747036654193092
2019-04-14,0.7095724039583249
2019-04-15,0.6746389274257683
2019-04-16,
2019-04-17,0.6702035622546122
2019-04-18,0.6973580105626539
2019-04-19,0.7079785654876679
2019-04-20,0.6752837745811368
2019-04-21,0.6712694735365896
2019-04-22,0.6912121781494519
2019-04-23,0.6968144121688381
2019-04-24,0.6996621628415693
2019-04-25,0.6999188755203787
2019-04-26,0.7109640035967268
2019-04-27,0.6909011540963432
2019-04-28,0.6901164555134222
2019-04-29,0.5763205094374244
2019-04-30,0.7035555922681875
2019-05-01,0.7129921695762688
2019-05-02,0.7177615636050869
2019-05-03,0.7405647444011723
2019-05-04,0.7094150441147723
2019-05-05,0.7107155409275325
2019-05-06,0.6935945167128508
2019-05-07,0.7101096242671471
2019-05-08,0.6973763929147939
2019-05-09,
2019-05-10,0.7352356551154414
2019-05-11,0.7232658514578899
2019-05-12,0.7213480165211246
2019-05-13,0.7170073333410426
2019-05-14,0.6942754293297615
2019-05-15,0.6985739556822957
2019-05-16,0.7029556767456944
2019-05-17,0.7319152670029074
2019-05-18,0.7510586371607888
2019-05-19,0.7589038061720257
2019-05-20,0.7215603721791268
2019-05-21,0.7669272819424542
2019-05-22,0.7535130864799474
2019-05-23,0.7285119335223039
2019-05-24,0.7303595835035953
2019-05-25,0.772418809812709
2019-05-26,0.7169495539060481
2019-05-27,0.691460583089511
2019-05-28,0.7448720190902302
2019-05-29,0.7414644779415694
2019-05-30,0.7130891226801103
2019-05-31,0.7077895456723566
2019-06-01,
2019-06-02,0.7149973875859625
2019-06-03,
2019-06-04,0.7247908722879584
2019-06-05,0.7446495344380496
2019-06-06,0.7700546034270125
2019-06-07,0.7169733854314633
2019-06-08,0.7235737967801164
2019-06-09,0.728926035028961
2019-06-10,0.7422596687418799
2019-06-11,0.7394736935651844
2019-06-12,0.7114554604513537
2019-06-13,0.7295935136858464
2019-06-14,0.7334740517033114
2019-06-15,0.7036783909344322
2019-06-16,0.7329211895792516
2019-06-17,0.7219187501279394
2019-06-18,0.7162936237735857
2019-06-19,
2019-06-20,0.7397865489087296
2019-06-21,0.7202998846831574
2019-06-22,0.6958287229557872
2019-06-23,0.7005989526367978
2019-06-24,0.6963329772544148
2019-06-25,0.6829329384578521
2019-06-26,0.6968985788620335
2019-06-27,0.7251726612232458
2019-06-28,0.6921046204077446
2019-06-29,0.7342440723337179
2019-06-30,0.7220447437926791
2019-07-01,0.7161138555266551
2019-07-02,0.7467558299674668
2019-07-03,0.7360860140584875
2019-07-04,0.72543368972512
2019-07-05,
2019-07-06,0.744345648799549
2019-07-07,0.7342290812152398
2019-07-08,0.7451481826632729
2019-07-09,0.7100249327694872
2019-07-10,0.7323428912497184
2019-07-11,0.7297265521816
2019-07-12,0.7740054356051856
2019-07-13,0.7457821740318744
2019-07-14,0.7495851651982891
2019-07-15,0.7267957349917725
2019-07-16,0.7783438759231517
2019-07-17,0.7615484471941951
2019-07-18,0.7573197395612709
2019-07-19,0.7633125755815168
2019-07-20,0.7637491582179737
2019-07-21,
2019-07-22,0.7619991280440193
2019-07-23,0.7854019104285729
2019-07-24,0.7575322044597916
2019-07-25,0.7454007297508182
2019-07-26,0.7430556468847135
2019-07-27,0.7595387514070358
2019-07-28,0.7317820276011808
2019-07-29,0.7561333833912545
2019-07-30,0.7511664853530443
2019-07-31,0.7755685893386052
2019-08-01,0.7722448931844587
2019-08-02,0.7475702152311688
2019-08-03,0.755503777662672
2019-08-04,0.7634637159191823
2019-08-05,0.7424800421165045
2019-08-06,
2019-08-07,0.7684007156267636
2019-08-08,0.7743707348204292
2019-08-09,0.779886797486006
2019-08-10,0.7492575283315617
2019-08-11,0.7426964225815836
2019-08-12,0.7602905570701679
2019-08-13,0.7518851304178029
2019-08-14,0.7929811104109148
2019-08-15,0.7333245590403599
2019-08-16,0.7802352561465151
2019-08-17,0.7831108605857795
2019-08-18,0.7644803733469153
2019-08-19,0.7674864374951689
2019-08-20,
2019-08-21,0.7492153052078406
2019-08-22,
2019-08-23,0.7726534457703124
2019-08-24,0.772505323770365
2019-08-25,0.7678907690600385
2019-08-26,0.7523873670033718
2019-08-27,0.7679207491291723
2019-08-28,0.7658856342214454
2019-08-29,
2019-08-30,0.7741943911704268
2019-08-31,
2019-09-01,0.7893645306385334
2019-09-02,0.7887365310054429
2019-09-03,0.7630388924635829
2019-09-04,0.731149781901544
2019-09-05,0.7472827694068244
2019-09-06,0.7664301672108879
2019-09-07,
2019-09-08,0.7786009451419668
2019-09-09,0.7671289623297414
2019-09-10,0.8026142298365737
2019-09-11,0.7383362510509809
2019-09-12,0.7863890136376087
2019-09-13,0.7739008196875841
2019-09-14,0.7900533202275026
2019-09-15,0.7558023699015496
2019-09-16,0.807463259088274
2019-09-17,0.7839055764145858
2019-09-18,0.7859199506867837
2019-09-19,0.758684084006257
2019-09-20,0.762231356162364
2019-09-21,
2019-09-22,0.7766738838527169
2019-09-23,
2019-09-24,0.78640683206416
2019-09-25,0.774252930806621
2019-09-26,0.771283709065052
2019-09-27,0.7630011394282687
2019-09-28,0.7696648694289021
2019-09-29,0.7885289923985126
2019-09-30,0.7897060104804201
2019-10-01,0.7963032438183275
2019-10-02,0.6845968997593641
2019-10-03,0.795045382252809
2019-10-04,0.7973122007951725
2019-10-05,0.7581904706281112
2019-10-06,0.7543786365164107
2019-10-07,0.6899924630067037
2019-10-08,0.7588331330196852
2019-10-09,0.753627623120928
2019-10-10,0.7635087886111521
2019-10-11,0.7612198215865049
2019-10-12,0.7881919876837113
2019-10-13,0.7533760894607491
2019-10-14,0.7386361309176185
2019-10-15,0.7670436070856161
2019-10-16,0.770974724376031
2019-10-17,0.7613357239261495
2019-10-18,0.7763478867685378
2019-10-19,0.7741751875028305
2019-10-20,0.7789290347481933
2019-10-21,0.7630740966982142
2019-10-22,0.7308069251982707
2019-10-23,0.9180564560330488
2019-10-24,0.7480970690287864
2019-10-25,
2019-10-26,0.7554437048647024
2019-10-27,0.7848583900075797
2019-10-28,0.759059300520111
2019-10-29,0.7363062877786254
2019-10-30,0.7344203635388707
2019-10-31,0.7410179315599369
2019-11-01,0.7376682974125285
2019-11-02,0.7161172188624814
2019-11-03,0.7727079540445775
2019-11-04,0.7084424186677343
2019-11-05,0.7184122040888967
2019-11-06,0.719370319920984
2019-11-07,0.7042816556358013
2019-11-08,
2019-11-09,
2019-11-10,
2019-11-11,0.7539011897362503
2019-11-12,
2019-11-13,
2019-11-14,
2019-11-15,
2019-11-16,
2019-11-17,
2019-11-18,
2019-11-19,
2019-11-20,
2019-11-21,
2019-11-22,0.7236290902394571
2019-11-23,
2019-11-24,
2019-11-25,0.7340997048323527
2019-11-26,
2019-11-27,0.7429717955776715
2019-11-28,0.7269648630665263
2019-11-29,
2019-11-30,
2019-12-01,
2019-12-02,
2019-12-03,
2019-12-04,
2019-12-05,
2019-12-06,
2019-12-07,
2019-12-08,
2019-12-09,
2019-12-10,
2019-12-11,
2019-12-12,
2019-12-13,
2019-12-14,
2019-12-15,
2019-12-16,
2019-12-17,
2019-12-18,
2019-12-19,
2019-12-20,
2019-12-21,
2019-12-22,
2019-12-23,
2019-12-24,0.6447669822380903
2019-12-25,
2019-12-26,
2019-12-27,0.8021440352986868
2019-12-28,0.6475486506898033
2019-12-29,
2019-12-30,0.6837808112671887
2019-12-31,0.704811109780844
2020-01-01,
2020-01-02,
2020-01-03,0.6622716936763525
2020-01-04,0.6672889649941393
2020-01-05,
2020-01-06,
2020-01-07,
2020-01-08,
2020-01-09,
2020-01-10,
2020-01-11,
2020-01-12,0.682026917405901
2020-01-13,
2020-01-14,
2020-01-15,0.672994656180467
2020-01-16,0.6904540975148418
2020-01-17,
2020-01-18,
2020-01-19,
2020-01-20,
2020-01-21,
2020-01-22,
2020-01-23,
2020-01-24,
2020-01-25,0.6042202827762966
2020-01-26,
2020-01-27,
2020-01-28,
2020-01-29,
2020-01-30,
2020-01-31,
2020-02-01,
2020-02-02,
2020-02-03,
2020-02-04,
2020-02-05,
2020-02-06,
2020-02-07,
2020-02-08,
2020-02-09,
2020-02-10,
2020-02-11,
2020-02-12,
2020-02-13,
2020-02-14,
2020-02-15,
2020-02-16,
2020-02-17,
2020-02-18,
2020-02-19,
2020-02-20,
2020-02-21,
2020-02-22,
2020-02-23,
2020-02-24,
2020-02-25,0.6335779169187228
2020-02-26,0.6743947616592314
2020-02-27,0.508333658715795
2020-02-28,
2020-02-29,
2020-03-01,
2020-03-02,
2020-03-03,0.6001190685505398
2020-03-04,0.6278022125453021
2020-03-05,0.6557907801292521
2020-03-06,0.6042424161776304
2020-03-07,
2020-03-08,
2020-03-09,0.6468227738167437
2020-03-10,
2020-03-11,0.6528736075823166
2020-03-12,0.6693159966607146
2020-03-13,0.6848206737573168
2020-03-14,0.6654229432812282
2020-03-15,0.6551007512726095
2020-03-16,
2020-03-17,0.6468624932378035
2020-03-18,0.8370681393132305
2020-03-19,0.6654132389606855
2020-03-20,0.7040493389308546
2020-03-21,0.6685462776317393
2020-03-22,
2020-03-23,
2020-03-24,
2020-03-25,
2020-03-26,
2020-03-27,0.6900298546895646
2020-03-28,0.7204217476326723
2020-03-29,0.6851326858124834
2020-03-30,0.6569588035683925
2020-03-31,
2020-04-01,0.6655334504945458
2020-04-02,0.6762892969986718
2020-04-03,0.6937454370662867
2020-04-04,0.6741654367874053
2020-04-05,0.71026385980458
2020-04-06,0.6967136297473789
2020-04-07,0.6888602871645311
2020-04-08,0.6761376001037732
2020-04-09,
2020-04-10,0.6811469845801137
2020-04-11,
2020-04-12,0.6938829843642949
2020-04-13,0.6974242873119214
2020-04-14,0.6785620561123296
2020-04-15,0.6817780636440091
2020-04-16,0.7000264729019776
2020-04-17,
2020-04-18,0.5766759779756744
2020-04-19,0.7055592120344846
2020-04-20,0.6992834608105453
2020-04-21,0.7387524685436966
2020-04-22,
2020-04-23,
2020-04-24,0.7069477120257306
2020-04-25,
2020-04-26,0.7265201090822849
2020-04-27,
2020-04-28,
2020-04-29,0.7050607580370107
2020-04-30,0.7015077711702845
2020-05-01,0.6740986585607034
2020-05-02,
2020-05-03,0.6934636654621927
2020-05-04,0.848547403556462
2020-05-05,0.7307256428571051
2020-05-06,0.7414227880310686
2020-05-07,0.7543759756499661
2020-05-08,0.7106329391130328
2020-05-09,
2020-05-10,0.6987880564650935
2020-05-11,
2020-05-12,0.7250373300470464
2020-05-13,
2020-05-14,0.779049363057325
2020-05-15,0.7345572025171906
2020-05-16,0.6861146802331866
2020-05-17,0.7071755430453668
2020-05-18,0.713905739047754
2020-05-19,0.7066530095807575
2020-05-20,0.6951935176508611
2020-05-21,0.7389056177533968
2020-05-22,0.7430668290503541
2020-05-23,0.7392668370281831
2020-05-24,0.7254534591043811
2020-05-25,0.7392417561676858
2020-05-26,0.7246732838661457
2020-05-27,
2020-05-28,0.7404360166812342
2020-05-29,0.722437752640007
2020-05-30,0.7288725282141065
2020-05-31,0.7368765422838462
2020-06-01,0.7222470422911911
2020-06-02,0.7178351842848801
2020-06-03,0.7452574341673969
2020-06-04,0.7043601543208968
2020-06-05,0.7169367898042198
2020-06-06,0.7061100416755212
2020-06-07,0.7114523068143032
2020-06-08,0.7260905562929334
2020-06-09,0.7134040152200272
2020-06-10,0.7135763242984718
2020-06-11,0.71502018556862
2020-06-12,
2020-06-13,0.7352669430934803
2020-06-14,
2020-06-15,0.7468794181718591
2020-06-16,0.7372838844519553
2020-06-17,0.7241052611583753
2020-06-18,0.7208457256952021
2020-06-19,0.7090624046888496
2020-06-20,0.7381582413351514
2020-06-21,0.7344834730944729
2020-06-22,0.7612884337954801
2020-06-23,0.7479787153103268
2020-06-24,0.7426735910469987
2020-06-25,0.7255542931588755
2020-06-26,0.7173265679740753
2020-06-27,0.7334464771056723
2020-06-28,
2020-06-29,0.7519052666919158
2020-06-30,0.7527862588509888
2020-07-01,0.7964629054543895
2020-07-02,0.7606266179998682
2020-07-03,0.741805297973486
2020-07-04,0.7399117024753699
2020-07-05,0.7151785042145864
2020-07-06,0.7516529373173584
2020-07-07,0.718873013313879
2020-07-08,0.7444143343371529
2020-07-09,0.7657714103208388
2020-07-10,0.7432319264882218
2020-07-11,0.7503987433433248
2020-07-12,0.7574845889429367
2020-07-13,0.7412218682551961
2020-07-14,
2020-07-15,0.7576301380422059
2020-07-16,
2020-07-17,0.7852013751591623
2020-07-18,0.7712984434917987
2020-07-19,0.7455185624265889
2020-07-20,0.7647311928290496
2020-07-21,
2020-07-22,0.7737858954565591
2020-07-23,
2020-07-24,0.7426428524082849
2020-07-25,0.7816961486670941
2020-07-26,0.7393757215207465
2020-07-27,0.7473756657806825
2020-07-28,0.7350002648788476
2020-07-29,0.7634313444452336
2020-07-30,
2020-07-31,0.761032236565309
2020-08-01,0.7775383749499892
2020-08-02,0.8009218737210092
2020-08-03,0.7872469984904121
2020-08-04,0.7705749068465714
2020-08-05,0.7582517174335852
2020-08-06,0.7729050129469337
2020-08-07,0.7946635848229125
2020-08-08,
2020-08-09,0.7623869762648855
2020-08-10,0.7925409459354517
2020-08-11,0.7713973341766229
2020-08-12,0.7415922137143964
2020-08-13,0.7443779724601699
2020-08-14,0.7643925134507489
2020-08-15,0.7540490073919965
2020-08-16,0.7894182801545048
2020-08-17,0.787124266569095
2020-08-18,0.7762446456080778
2020-08-19,0.7842050130232419
2020-08-20,0.7487698165432303
2020-08-21,0.7697724320139642
2020-08-22,
2020-08-23,0.7863059699244086
2020-08-24,
2020-08-25,0.809593375182018
2020-08-26,0.7765240250497809
2020-08-27,0.7922877555817264
2020-08-28,0.771912946313045
2020-08-29,0.7741096234119538
2020-08-30,0.7486007492198128
2020-08-31,0.7033195358128266
2020-09-01,0.7755343855510094
2020-09-02,0.7526116439328574
2020-09-03,0.7513546314937858
2020-09-04,0.7808530218352306
2020-09-05,0.7660120399317419
2020-09-06,0.7686375018672776
2020-09-07,0.7641832128182705
2020-09-08,0.8007630769592022
2020-09-09,0.79329924409714
2020-09-10,0.7650202557899527
2020-09-11,0.8261024953509056
2020-09-12,0.7779485391638107
2020-09-13,0.7826990952024332
2020-09-14,0.7570707622765556
2020-09-15,0.7621509217210001
2020-09-16,0.7846588363234653
2020-09-17,0.7936810289079864
2020-09-18,0.7707556884450184
2020-09-19,
2020-09-20,0.7847343656086867
2020-09-21,0.7650129920573518
2020-09-22,0.7619742637203113
2020-09-23,0.7568578821628034
2020-09-24,0.7589144527576833
2020-09-25,
2020-09-26,0.764032911418471
2020-09-27,0.7781325493651675
2020-09-28,0.7801640401973617
2020-09-29,0.7584421363464349
2020-09-30,0.7435131651061992
2020-10-01,0.7333254117635738
2020-10-02,
2020-10-03,0.7553984328131773
2020-10-04,
2020-10-05,0.7726555673641693
2020-10-06,0.7614269330833642
2020-10-07,0.7341327920255172
2020-10-08,0.7366167255812157
2020-10-09,
2020-10-10,0.7267957883517572
2020-10-11,
2020-10-12,0.7722368745537294
2020-10-13,0.7761344840359218
2020-10-14,0.7715326309070732
2020-10-15,0.7442207759093684
2020-10-16,0.7460222761108882
2020-10-17,0.6452860525073163
2020-10-18,0.7596283333441888
2020-10-19,0.7622112687191834
2020-10-20,0.7744549314928086
2020-10-21,0.7680741218895407
2020-10-22,0.749928954263163
2020-10-23,0.7421708802493854
2020-10-24,0.757358717884113
2020-10-25,0.7547498822292423
2020-10-26,0.7541806382627451
2020-10-27,
2020-10-28,0.7627293653339365
2020-10-29,0.7398985483946995
2020-10-30,0.7794495819389367
2020-10-31,
2020-11-01,0.727709349902128
2020-11-02,0.7442848567579332
2020-11-03,0.7180284201387976
2020-11-04,0.7320411898674564
2020-11-05,0.7374868887953632
2020-11-06,0.7328308127983654
2020-11-07,0.7481526122620581
2020-11-08,0.7429950201252385
2020-11-09,0.7397049799271699
2020-11-10,0.6806794170088801
2020-11-11,0.7439524277461093
2020-11-12,
2020-11-13,0.7504229423683946
2020-11-14,0.7230949525330672
2020-11-15,0.7373827734271562
2020-11-16,0.7139423242012417
2020-11-17,0.7115553852030791
2020-11-18,
2020-11-19,
2020-11-20,0.7182883934139922
2020-11-21,0.7250314810930231
2020-11-22,0.725377267276859
2020-11-23,0.7427208881336939
2020-11-24,0.7290184297601808
2020-11-25,
2020-11-26,0.7289275277981753
2020-11-27,0.7211298706420288
2020-11-28,
2020-11-29,0.7333668764510133
2020-11-30,0.7328112512319536
2020-12-01,0.749069335248545
2020-12-02,
2020-12-03,
2020-12-04,0.701425665996261
2020-12-05,0.7081105531765426
2020-12-06,
2020-12-07,
2020-12-08,
2020-12-09,
2020-12-10,
2020-12-11,
2020-12-12,0.7459257220832939
2020-12-13,0.7192733495268994
2020-12-14,
2020-12-15,
2020-12-16,
2020-12-17,
2020-12-18,
2020-12-19,
2020-12-20,
2020-12-21,
2020-12-22,
2020-12-23,
2020-12-24,0.6654183558038139
2020-12-25,0.6595064265490345
2020-12-26,
2020-12-27,
2020-12-28,
2020-12-29,
2020-12-30,
2020-12-31,
2021-01-01,
2021-01-02,
2021-01-03,
2021-01-04,
2021-01-05,
2021-01-06,
2021-01-07,
2021-01-08,
2021-01-09,
2021-01-10,
2021-01-11,
2021-01-12,
2021-01-13,
2021-01-14,
2021-01-15,
2021-01-16,0.591167616537723
2021-01-17,
2021-01-18,
2021-01-19,
2021-01-20,
2021-01-21,
2021-01-22,
2021-01-23,
2021-01-24,
2021-01-25,
2021-01-26,
2021-01-27,
2021-01-28,
2021-01-29,
2021-01-30,
2021-01-31,
2021-02-01,
2021-02-02,
2021-02-03,
2021-02-04,
2021-02-05,
2021-02-06,
2021-02-07,
2021-02-08,
2021-02-09,
2021-02-10,
2021-02-11,
2021-02-12,
2021-02-13,
2021-02-14,
2021-02-15,
2021-02-16,
2021-02-17,
2021-02-18,
2021-02-19,
2021-02-20,
2021-02-21,
2021-02-22,
2021-02-23,
2021-02-24,
2021-02-25,
2021-02-26,
2021-02-27,
2021-02-28,
2021-03-01,
2021-03-02,
2021-03-03,
2021-03-04,
2021-03-05,
2021-03-06,
2021-03-07,
2021-03-08,
2021-03-09,
2021-03-10,
2021-03-11,0.6373910049708864
2021-03-12,0.6497874173016344
2021-03-13,
2021-03-14,
2021-03-15,
2021-03-16,
2021-03-17,
2021-03-18,
2021-03-19,
2021-03-20,
2021-03-21,
2021-03-22,0.6316060486068976
2021-03-23,0.7563325805157862
2021-03-24,0.71445920710228
2021-03-25,0.6992571691094159
2021-03-26,0.7019208753710948
2021-03-27,
2021-03-28,0.7189583453918651
2021-03-29,
2021-03-30,
2021-03-31,0.6947609119242811
2021-04-01,0.6938520602987426
2021-04-02,
2021-04-03,
2021-04-04,0.6971457078942616
2021-04-05,0.7390568947585286
2021-04-06,0.7502435499519754
2021-04-07,0.7577329937925383
2021-04-08,0.787087588522201
2021-04-09,0.7479081468870312
2021-04-10,0.7614688466920099
2021-04-11,0.7645030103971748
2021-04-12,0.6908662093820899
2021-04-13,0.7138031949498612
2021-04-14,
2021-04-15,0.7403994461023176
2021-04-16,0.7196259983997085
2021-04-17,0.6874224463084401
2021-04-18,0.7031391870466713
2021-04-19,
2021-04-20,0.7297069348839962
2021-04-21,0.7234582427432943
2021-04-22,
2021-04-23,0.6873181630169025
2021-04-24,0.736266935295912
2021-04-25,0.7321194258075814
2021-04-26,0.7335434729571212
2021-04-27,0.7243810615698405
2021-04-28,0.7572614804162628
2021-04-29,0.7414672858544317
2021-04-30,0.6894770897647284
2021-05-01,0.7245977278019664
2021-05-02,0.7120436970780731
2021-05-03,0.7314576749731345
2021-05-04,0.7300632562915181
2021-05-05,
2021-05-06,0.714675944353488
2021-05-07,
2021-05-08,0.736526888836504
2021-05-09,0.7226521715866316
2021-05-10,0.7495553798615111
2021-05-11,0.7274138415691362
2021-05-12,0.7375248503211993
2021-05-13,0.7372912501509336
2021-05-14,0.7817311757607626
2021-05-15,0.7641981443970786
2021-05-16,0.785547926688799
2021-05-17,0.7767306928606433
2021-05-18,0.7811917513772038
2021-05-19,0.7675325574822636
2021-05-20,0.7672026098187027
2021-05-21,
2021-05-22,0.7549983172244538
2021-05-23,0.7024590974967767
2021-05-24,0.768611442877104
2021-05-25,0.7763085036116781
2021-05-26,0.7593476196057545
2021-05-27,0.7432255430614512
2021-05-28,0.7444445917333334
2021-05-29,0.7313637223686766
2021-05-30,0.7011193802665895
2021-05-31,0.7429283234513434
2021-06-01,
2021-06-02,0.7265993518711658
2021-06-03,0.7428125825295745
2021-06-04,0.7088975646021977
2021-06-05,0.7195442721050169
2021-06-06,
2021-06-07,0.743276228201435
2021-06-08,
2021-06-09,0.7434844214031257
2021-06-10,0.7168243921115228
2021-06-11,0.7629437194056362
2021-06-12,0.7425304882008513
2021-06-13,0.7428801418177671
2021-06-14,0.723340455249404
2021-06-15,
2021-06-16,0.7425471331326684
2021-06-17,
2021-06-18,0.768846964243994
2021-06-19,0.7370026422988136
2021-06-20,0.7246489817122418
2021-06-21,0.7275438304685021
2021-06-22,
2021-06-23,0.7266131720505224
2021-06-24,0.7429429995817481
2021-06-25,0.7469029469729221
2021-06-26,0.7459234192154917
2021-06-27,0.7503137086632639
2021-06-28,0.7629794948725969
2021-06-29,0.7656428291138095
2021-06-30,0.7560283662264993
2021-07-01,0.7446576274919587
2021-07-02,0.7571083143965194
2021-07-03,
2021-07-04,0.7524647970084257
2021-07-05,0.7666579751060147
2021-07-06,0.7593203740109996
2021-07-07,0.7573399607433634
2021-07-08,
2021-07-09,0.7682247167899249
2021-07-10,0.7605282401243486
2021-07-11,0.7571514301199985
2021-07-12,0.8083886663956361
2021-07-13,0.77588360910671
2021-07-14,0.774262691205492
2021-07-15,0.7472028795830988
2021-07-16,0.7721550009235622
2021-07-17,0.780564834653956
2021-07-18,0.7992716316075896
2021-07-19,0.7546315797536803
2021-07-20,0.7793211134578459
2021-07-21,0.7543445463468381
2021-07-22,0.7564965418922277
2021-07-23,0.7634293917480858
2021-07-24,0.7159161703919589
2021-07-25,0.7872369852160644
2021-07-26,0.7333651726987234
2021-07-27,0.7657886589489736
2021-07-28,0.7623360704281598
2021-07-29,0.7859034020368284
2021-07-30,0.7720319320071807
2021-07-31,0.7590979996435642
2021-08-01,0.7801928098127646
2021-08-02,0.7866116301542843
2021-08-03,0.7725329056560613
2021-08-04,
2021-08-05,0.7766004278134484
2021-08-06,0.7951267039421607
2021-08-07,0.7766510457579843
2021-08-08,0.7939498542920169
2021-08-09,
2021-08-10,0.7776410409067244
2021-08-11,0.7667445437887661
2021-08-12,0.776518616453594
2021-08-13,0.7714492795499133
2021-08-14,0.7953581881510284
2021-08-15,0.7520711021085957
2021-08-16,0.7808012555959419
2021-08-17,0.8123798173541414
2021-08-18,0.7973895588447207
2021-08-19,0.8080248232582787
2021-08-20,
2021-08-21,0.743216524480972
2021-08-22,0.7854570530349853
2021-08-23,0.7739345704957515
2021-08-24,0.7611406159466477
2021-08-25,
2021-08-26,0.79161791365231
2021-08-27,
2021-08-28,0.7907985921348589
2021-08-29,0.7943314407160724
2021-08-30,0.7639899800735419
2021-08-31,0.7535169790124159
2021-09-01,0.7626560485415399
2021-09-02,0.7797203895401272
2021-09-03,
2021-09-04,0.7806288539797231
2021-09-05,
2021-09-06,0.790515752619743
2021-09-07,0.7984169595377768
2021-09-08,0.7786034654038001
2021-09-09,0.7714908103869045
2021-09-10,0.7714275513799412
2021-09-11,0.7686827730946244
2021-09-12,0.7932373422769989
2021-09-13,0.7223542294900774
2021-09-14,0.7945332466810745
2021-09-15,0.7727170870967733
2021-09-16,0.769149839013538
2021-09-17,0.7620929681062412
2021-09-18,0.7662186807114926
2021-09-19,
2021-09-20,0.7720590991524113
2021-09-21,0.7780571426145684
2021-09-22,0.7958518047960033
2021-09-23,0.6782852241216015
2021-09-24,0.7440255188396547
2021-09-25,0.7556294583354604
2021-09-26,0.757420236869055
2021-09-27,0.7765536855923315
2021-09-28,0.7828979367813661
2021-09-29,0.7546506730641622
2021-09-30,0.7815284620505182
2021-10-01,0.7634041712927073
2021-10-02,0.7439721653456605
2021-10-03,0.7417362670827875
2021-10-04,0.7840634731985073
2021-10-05,
2021-10-06,0.7660419602110546
2021-10-07,0.7322534618419507
2021-10-08,0.7588571539330572
2021-10-09,0.7585954887966608
2021-10-10,0.7622910687464733
2021-10-11,0.7515845193851708
2021-10-12,0.7350151316040351
2021-10-13,0.7539102940109585
2021-10-14,0.7561797839690723
2021-10-15,0.7562498759166153
2021-10-16,0.7620948735000135
2021-10-17,0.731322753680079
2021-10-18,0.7258727018193243
2021-10-19,0.7390791903384266
2021-10-20,0.7387704683790348
2021-10-21,
2021-10-22,0.7705815764997594
2021-10-23,
2021-10-24,0.8182926347944268
2021-10-25,0.7812180341617564
2021-10-26,0.7698338603276923
2021-10-27,0.733187797708477
2021-10-28,0.72981583698528
2021-10-29,0.7294348039650478
2021-10-30,0.6845104998654695
2021-10-31,0.7322065688793155
2021-11-01,0.7096983352714947
2021-11-02,0.7420523551291174
2021-11-03,0.675247286397265
2021-11-04,0.7161202045506637
2021-11-05,0.6724124323435345
2021-11-06,
2021-11-07,0.687430734308565
2021-11-08,0.7283451924297066
2021-11-09,0.7700589258890801
2021-11-10,0.7604047376674185
2021-11-11,0.7127016954335826
2021-11-12,0.7229921848293442
2021-11-13,0.6964767405123329
2021-11-14,0.7037466595056551
2021-11-15,0.6949685468149656
2021-11-16,
2021-11-17,
2021-11-18,0.732846342498046
2021-11-19,0.6995165929786602
2021-11-20,
2021-11-21,0.7097832958839224
2021-11-22,
2021-11-23,
2021-11-24,
2021-11-25,
2021-11-26,0.7296712718528645
2021-11-27,
2021-11-28,
2021-11-29,
2021-11-30,
2021-12-01,
2021-12-02,0.6680582358638
2021-12-03,0.7053011717908265
2021-12-04,
2021-12-05,
2021-12-06,0.7333162449833841
2021-12-07,0.6325874229170981
2021-12-08,
2021-12-09,
2021-12-10,
2021-12-11,
2021-12-12,0.707241236055297
2021-12-13,0.7078213563924158
2021-12-14,0.6994320739569839
2021-12-15,
2021-12-16,0.6982732328793043
2021-12-17,
2021-12-18,0.6279237642190358
2021-12-19,
2021-12-20,
2021-12-21,
2021-12-22,
2021-12-23,
2021-12-24,
2021-12-25,
2021-12-26,
2021-12-27,
2021-12-28,
2021-12-29,
2021-12-30,
2021-12-31,0.6737419674211519
