date,VOD_mean
1987-07-09,
1987-07-10,0.8077543452837628
1987-07-11,
1987-07-12,
1987-07-13,
1987-07-14,
1987-07-15,
1987-07-16,0.7544175170496765
1987-07-17,0.7733391152582612
1987-07-18,0.7691164585041463
1987-07-19,
1987-07-20,
1987-07-21,
1987-07-22,0.8077939274285351
1987-07-23,
1987-07-24,0.8279519800813965
1987-07-25,0.7856816825710233
1987-07-26,0.7822510684367756
1987-07-27,0.7986340892234287
1987-07-28,
1987-07-29,
1987-07-30,
1987-07-31,
1987-08-01,0.7438268816603529
1987-08-02,
1987-08-03,0.9422038501811991
1987-08-04,0.7805786122566999
1987-08-05,
1987-08-06,
1987-08-07,
1987-08-08,
1987-08-09,
1987-08-10,0.8207319251536278
1987-08-11,
1987-08-12,
1987-08-13,
1987-08-14,
1987-08-15,0.790479738928854
1987-08-16,0.7813313671825672
1987-08-17,0.6985382880907713
1987-08-18,0.8325415818058141
1987-08-19,0.8066871511943243
1987-08-20,0.8049766243717954
1987-08-21,
1987-08-22,
1987-08-23,0.8588217274390488
1987-08-24,0.8154709576114855
1987-08-27,
1987-08-28,0.8539797110584892
1987-08-29,0.8338015296367113
1987-08-30,
1987-08-31,
1987-09-01,0.8215458475698612
1987-09-02,0.8017619573779431
1987-09-03,0.7771981246705363
1987-09-04,
1987-09-05,0.7934677146099646
1987-09-06,
1987-09-07,
1987-09-08,
1987-09-09,0.8391792512385
1987-09-10,
1987-09-11,0.8176536798406719
1987-09-12,
1987-09-13,0.8415789441811409
1987-09-14,0.8001653673314295
1987-09-15,
1987-09-16,
1987-09-17,0.8212373838326529
1987-09-18,0.8498958626271768
1987-09-19,0.7952135300903772
1987-09-20,0.8473293937105263
1987-09-21,0.7775694915466852
1987-09-22,0.7799045644150865
1987-09-23,
1987-09-24,
1987-09-25,0.770773520623412
1987-09-26,0.7746764316895816
1987-09-27,0.7604013072422965
1987-09-28,0.803113386277062
1987-09-29,0.7622540137415199
1987-09-30,0.7694703967451861
1987-10-01,0.8002543021836588
1987-10-02,
1987-10-03,
1987-10-04,0.7289017506692286
1987-10-05,0.744209479551851
1987-10-08,
1987-10-09,0.7599040396510905
1987-10-10,
1987-10-11,
1987-10-12,0.7301954755114414
1987-10-13,0.6770702883877425
1987-10-14,0.6372483190912064
1987-10-15,
1987-10-16,0.7564208456789444
1987-10-17,0.7668808375677669
1987-10-18,
1987-10-19,
1987-10-20,0.7571849467084858
1987-10-21,0.7639755203925154
1987-10-22,
1987-10-23,
1987-10-24,0.7451972195110337
1987-10-25,0.7384323250737711
1987-10-26,
1987-10-27,
1987-10-28,0.7551640087159412
1987-10-29,0.7254126348923176
1987-10-30,0.5937255056006708
1987-10-31,0.7375128804207075
1987-11-01,0.5616960970784174
1987-11-02,0.6665715262220901
1987-11-03,0.8357140872614853
1987-11-04,
1987-11-05,0.5193892215568863
1987-11-06,0.6738093920874715
1987-11-07,
1987-11-08,0.48175085324232075
1987-11-09,0.7713128603880772
1987-11-10,0.7965571619718416
1987-11-11,0.6448721879143889
1987-11-12,
1987-11-13,
1987-11-14,0.5992875023861554
1987-11-15,0.48599632068164217
1987-11-16,
1987-11-17,0.6967552474072366
1987-11-18,0.7388081542301741
1987-11-19,0.7315453524242522
1987-11-20,
1987-11-21,
1987-11-22,
1987-11-23,
1987-11-24,0.7659656733588817
1987-11-25,0.7645113159692141
1987-11-26,
1987-11-27,0.6406116694404956
1987-11-28,
1987-11-29,
1987-11-30,
1988-01-13,
1988-01-14,
1988-01-15,
1988-01-16,
1988-01-17,
1988-01-18,
1988-01-19,0.5256809662279456
1988-01-20,
1988-01-21,
1988-01-22,
1988-01-23,
1988-01-24,
1988-01-25,
1988-01-26,
1988-01-27,
1988-01-28,
1988-01-29,
1988-01-30,
1988-01-31,
1988-02-01,0.6060626956168363
1988-02-02,
1988-02-03,
1988-02-04,
1988-02-05,
1988-02-06,
1988-02-07,
1988-02-08,
1988-02-09,
1988-02-10,
1988-02-11,
1988-02-12,
1988-02-13,
1988-02-14,
1988-02-15,
1988-02-16,
1988-02-17,
1988-02-18,
1988-02-19,
1988-02-20,
1988-02-21,0.46902007007853097
1988-02-22,
1988-02-23,
1988-02-24,0.518279053602172
1988-02-25,
1988-02-26,
1988-02-27,
1988-02-28,
1988-02-29,
1988-03-01,
1988-03-02,
1988-03-03,
1988-03-04,
1988-03-05,
1988-03-06,
1988-03-07,
1988-03-08,0.5501316673291529
1988-03-09,
1988-03-10,0.6744203207462995
1988-03-11,
1988-03-12,
1988-03-13,0.7061327558647292
1988-03-14,
1988-03-15,
1988-03-16,
1988-03-17,0.5604572936355406
1988-03-18,
1988-03-19,
1988-03-20,
1988-03-21,
1988-03-22,
1988-03-23,
1988-03-24,
1988-03-25,0.7182322583633278
1988-03-26,
1988-03-27,0.7038058598925285
1988-03-28,0.59720902102407
1988-03-29,
1988-03-30,
1988-03-31,
1988-04-01,
1988-04-02,0.7297206881478471
1988-04-03,0.7434213240776002
1988-04-04,0.7631961790114248
1988-04-05,0.7187775095254092
1988-04-06,0.7438313293019525
1988-04-07,0.754285601281196
1988-04-08,
1988-04-09,
1988-04-10,0.7585261231490068
1988-04-11,0.7385128881035412
1988-04-12,0.7320505927327711
1988-04-13,0.7056646517032852
1988-04-14,
1988-04-15,
1988-04-16,
1988-04-17,
1988-04-18,0.784662924495553
1988-04-19,0.6645421141196199
1988-04-20,0.6654169321574854
1988-04-21,0.6449651535602189
1988-04-22,0.6871008123574891
1988-04-23,0.70529888682996
1988-04-24,0.8908065796885172
1988-04-25,
1988-04-26,
1988-04-27,0.7618180498351805
1988-04-28,0.7357928200471018
1988-04-29,0.7266068813330928
1988-04-30,0.7136935590927302
1988-05-01,0.7387929111113596
1988-05-02,0.7839547837161601
1988-05-03,
1988-05-04,
1988-05-05,0.780790868812571
1988-05-10,0.7813222506705535
1988-05-11,
1988-05-12,
1988-05-13,0.7744602614402564
1988-05-14,0.7612776886734786
1988-05-15,
1988-05-16,0.7850965411991186
1988-05-17,
1988-05-18,0.7998783397709521
1988-05-19,
1988-05-20,
1988-05-21,0.7922446496440456
1988-05-22,0.7737371729095787
1988-05-23,0.7631216791990426
1988-05-24,0.7656553412575865
1988-05-25,0.8012427415170731
1988-05-26,0.7467881287310075
1988-05-27,0.7806842105263159
1988-05-28,
1988-05-29,
1988-05-30,0.7798500438107312
1988-05-31,0.8020703017528553
1988-06-01,0.8711646821873075
1988-06-02,0.7773452367124833
1988-06-03,0.7692314894051466
1988-06-04,0.8275526564416741
1988-06-05,
1988-06-06,
1988-06-07,0.82977130072015
1988-06-08,0.8115847516880516
1988-06-09,0.7865673190816199
1988-06-10,0.760029741361607
1988-06-11,0.7800967941491803
1988-06-12,0.7974509252249897
1988-06-13,
1988-06-14,
1988-06-15,0.7941854064128822
1988-06-16,0.8024567106201516
1988-06-17,
1988-06-18,0.8132695600549437
1988-06-19,0.780365488038038
1988-06-20,0.8054217689463062
1988-06-21,
1988-06-22,
1988-06-23,0.8510579057332116
1988-06-24,0.803382309892465
1988-06-25,0.8154744091001231
1988-06-26,0.8196251360865437
1988-06-27,0.7805197977411374
1988-06-28,0.7964995503792451
1988-06-29,
1988-06-30,
1988-07-01,0.8140945251757146
1988-07-02,0.8033151769477025
1988-07-03,0.7979008875456116
1988-07-04,0.7920252848205597
1988-07-05,0.7857795817497205
1988-07-06,0.7951349498456113
1988-07-07,0.8242712369465891
1988-07-08,
1988-07-09,0.7693729306753918
1988-07-10,0.8044311615787304
1988-07-11,0.8072313326628395
1988-07-12,0.8396823340042039
1988-07-13,0.8140744717539649
1988-07-14,0.7948749893239826
1988-07-15,0.8325264562119135
1988-07-16,
1988-07-17,
1988-07-18,0.8050744761063472
1988-07-19,0.7666118238097809
1988-07-20,0.8446179216293074
1988-07-21,0.8725082945376701
1988-07-22,0.8368060472711003
1988-07-23,0.8024826816306164
1988-07-24,
1988-07-25,
1988-07-26,0.8076542518148077
1988-07-27,0.8235813032100415
1988-07-28,0.7809049556592157
1988-07-29,0.7780883370626326
1988-07-30,0.8188050518362081
1988-07-31,0.7905102377283901
1988-08-01,
1988-08-02,
1988-08-03,
1988-08-04,0.7769377705134476
1988-08-05,0.7912841158122611
1988-08-06,0.8244766964740942
1988-08-07,0.7967698596975609
1988-08-08,0.782088571094879
1988-08-09,
1988-08-10,
1988-08-11,0.7888190901281223
1988-08-12,0.8070111346414465
1988-08-13,0.7956524099786347
1988-08-14,0.8167270856455384
1988-08-15,0.8226257764571266
1988-08-16,0.8170970138971457
1988-08-17,0.8609860921791511
1988-08-18,
1988-08-19,
1988-08-20,0.7538252544400182
1988-08-21,0.7680560476155616
1988-08-22,0.7544369302386863
1988-08-23,
1988-08-24,0.8285433781107434
1988-08-25,0.8173680657359066
1988-08-26,
1988-08-27,
1988-08-28,
1988-08-29,0.8086548858323291
1988-08-30,0.7936719293921344
1988-08-31,0.7367448281173309
1988-09-01,0.6874601049607211
1988-09-02,0.7590301226228786
1988-09-03,
1988-09-04,
1988-09-05,
1988-09-06,0.7186021986357332
1988-09-07,
1988-09-08,0.7758886278911279
1988-09-09,0.7816876722427715
1988-09-10,
1988-09-11,
1988-09-12,
1988-09-13,
1988-09-14,
1988-09-15,0.7572434828791299
1988-09-16,0.7398250896072837
1988-09-17,0.7456114196352918
1988-09-18,0.7911588731924192
1988-09-19,
1988-09-20,
1988-09-21,0.7984724548427904
1988-09-22,0.812343805400932
1988-09-24,0.7489720224792866
1988-09-25,0.7557225276328777
1988-09-26,0.7555108894775329
1988-09-27,0.7671596026490067
1988-09-28,
1988-09-29,0.6158100425959465
1988-09-30,
1988-10-01,0.7873578047474411
1988-10-02,
1988-10-03,0.7854724074607806
1988-10-04,0.7980099143305899
1988-10-05,0.891030456860643
1988-10-06,
1988-10-07,
1988-10-08,0.7764675217413055
1988-10-09,0.7138303585279036
1988-10-10,0.7649493488500064
1988-10-11,0.7685385322942858
1988-10-12,0.7620565061963882
1988-10-13,0.7297547673635456
1988-10-14,
1988-10-15,
1988-10-16,0.7680691241184562
1988-10-17,
1988-10-18,
1988-10-19,0.7716755137789638
1988-10-20,0.7128080887420736
1988-10-21,
1988-10-22,
1988-10-23,
1988-10-24,0.7776419748520427
1988-10-25,0.7426583423485408
1988-10-26,0.6621563938263461
1988-10-27,
1988-10-28,
1988-10-29,0.7478872293142479
1988-10-30,
1988-10-31,
1988-11-01,
1988-11-02,0.6926787705536424
1988-11-03,0.75223067980491
1988-11-04,
1988-11-05,0.7367753395104238
1988-11-06,0.7211583024270329
1988-11-07,
1988-11-08,
1988-11-09,0.7427023736090468
1988-11-10,
1988-11-11,
1988-11-12,0.6895569178343166
1988-11-13,
1988-11-14,0.7340163333791193
1988-11-15,0.8437926204237111
1988-11-16,
1988-11-17,0.7933368710889993
1988-11-18,0.7428280180006462
1988-11-19,0.6351157557854624
1988-11-20,0.7076451024074502
1988-11-21,0.687809007653168
1988-11-22,0.6363241408125473
1988-11-23,
1988-11-24,
1988-11-25,
1988-11-26,
1988-11-27,0.6865656631859133
1988-11-28,0.7930625832566761
1988-11-29,0.7147583847710957
1988-11-30,
1988-12-01,0.613153914883089
1988-12-02,
1988-12-03,
1988-12-04,0.683801065583068
1988-12-05,
1988-12-06,
1988-12-07,
1988-12-08,0.7341305654734407
1988-12-09,
1988-12-10,
1988-12-11,
1988-12-12,
1988-12-13,
1988-12-14,
1988-12-15,
1988-12-16,
1988-12-17,
1988-12-18,
1988-12-19,
1988-12-20,
1988-12-21,0.6896922093649205
1988-12-22,0.6729659273501539
1988-12-23,
1988-12-24,
1988-12-30,
1988-12-31,
1989-01-01,
1989-01-02,
1989-01-03,
1989-01-04,
1989-01-05,
1989-01-06,
1989-01-07,
1989-01-08,
1989-01-09,0.64395381084996
1989-01-10,
1989-01-11,
1989-01-12,
1989-01-13,
1989-01-15,
1989-01-16,0.6252495779433931
1989-01-17,
1989-01-18,
1989-01-19,
1989-01-20,
1989-01-21,
1989-01-22,
1989-01-23,
1989-01-24,
1989-01-25,0.6768292361413815
1989-01-26,
1989-01-27,
1989-01-28,
1989-01-29,
1989-01-30,0.6553833511679796
1989-01-31,0.7467062085882393
1989-02-01,0.7291230600578644
1989-02-02,0.6856774622123881
1989-02-03,
1989-02-04,
1989-02-05,
1989-02-06,
1989-02-07,
1989-02-08,
1989-02-09,
1989-02-10,
1989-02-11,
1989-02-12,
1989-02-13,
1989-02-14,
1989-02-15,0.6200907813752313
1989-02-16,
1989-02-17,
1989-02-18,
1989-02-19,
1989-02-20,
1989-02-21,
1989-02-22,
1989-02-23,0.5182082860904377
1989-02-24,
1989-02-25,
1989-02-26,
1989-02-27,
1989-02-28,
1989-03-01,
1989-03-02,
1989-03-03,
1989-03-04,
1989-03-05,
1989-03-06,
1989-03-07,
1989-03-08,
1989-03-09,
1989-03-10,
1989-03-11,
1989-03-12,0.5257719247723941
1989-03-13,
1989-03-14,
1989-03-15,0.7639745208196387
1989-03-16,0.7578537266836562
1989-03-17,
1989-03-18,
1989-03-19,0.5552694088680605
1989-03-20,
1989-03-21,
1989-03-22,
1989-03-23,
1989-03-24,
1989-03-25,
1989-03-26,
1989-03-27,
1989-03-28,0.7438407198471206
1989-03-29,0.7303310478658975
1989-03-30,0.7459321541805656
1989-03-31,0.5645583339035694
1989-04-01,0.5871836591063081
1989-04-02,
1989-04-03,
1989-04-04,0.7334145581025292
1989-04-05,0.731482658192393
1989-04-06,0.7272440661679382
1989-04-07,0.6930651307796328
1989-04-08,0.7744835965594697
1989-04-09,
1989-04-10,
1989-04-11,
1989-04-12,
1989-04-13,0.6354555986828989
1989-04-14,0.6868880917474602
1989-04-15,0.6615746676947293
1989-04-16,0.738406236389617
1989-04-17,0.6859398210368673
1989-04-18,
1989-04-19,
1989-04-20,0.7568289215293847
1989-04-21,0.6565515273712068
1989-04-22,0.7246750163026224
1989-04-23,
1989-04-24,
1989-04-25,0.7458716168920945
1989-04-26,
1989-04-27,
1989-04-28,0.7339562832851366
1989-04-29,0.7083243279130143
1989-04-30,0.758718240423262
1989-05-01,0.7686635550716412
1989-05-02,0.8162717195722335
1989-05-03,0.7292927660914762
1989-05-04,
1989-05-05,
1989-05-06,0.7212839525762701
1989-05-07,0.7089167621307384
1989-05-08,0.742417627260492
1989-05-09,0.7523265351632231
1989-05-10,0.7467398328620274
1989-05-11,0.8994553170280392
1989-05-12,
1989-05-13,
1989-05-14,0.7414059811164532
1989-05-15,
1989-05-16,0.7759020283002869
1989-05-17,0.7571124350678186
1989-05-18,0.7334439132266516
1989-05-19,0.8106454476807843
1989-05-20,
1989-05-21,
1989-05-22,0.7498790169646202
1989-05-23,0.7393538544499945
1989-05-24,0.7696238803466731
1989-05-25,0.7399203630028075
1989-05-26,0.7451532570841374
1989-05-27,0.7648186955561795
1989-05-28,
1989-05-29,
1989-05-30,
1989-05-31,0.7850073462957249
1989-06-01,0.7513840159451355
1989-06-02,
1989-06-03,0.7615080558075739
1989-06-04,0.8689853639130675
1989-06-05,
1989-06-06,
1989-06-09,0.7853085853881727
1989-06-10,0.7908026995783428
1989-06-11,
1989-06-12,0.7778703488372094
1989-06-13,
1989-06-14,0.7801988178489715
1989-06-15,0.8108101803840649
1989-06-16,
1989-06-17,
1989-06-18,0.7645999360000607
1989-06-19,0.7726558467457256
1989-06-20,
1989-06-21,
1989-06-22,0.7906076756698197
1989-06-23,
1989-06-24,0.7805681553307791
1989-06-25,
1989-06-26,
1989-06-27,0.7835769690977543
1989-06-28,
1989-06-29,
1989-06-30,0.7659947922468601
1989-07-01,0.8098169058905049
1989-07-02,0.7604616029614871
1989-07-03,0.7726601923669146
1989-07-04,0.7820633384371866
1989-07-05,0.8197012915234181
1989-07-06,
1989-07-07,
1989-07-08,0.7854674844223366
1989-07-09,0.7733364762221021
1989-07-10,0.7811724507670623
1989-07-11,0.7592905790676324
1989-07-12,0.7684349941601467
1989-07-13,0.7678323236752242
1989-07-14,
1989-07-15,
1989-07-16,0.7665831019352332
1989-07-17,0.8144705537956455
1989-07-18,0.7589990650686937
1989-07-19,0.7683150456828363
1989-07-21,
1989-07-22,
1989-07-25,
1989-07-26,0.8202127076016904
1989-07-27,
1989-07-28,0.7484847004288696
1989-07-29,0.7887639338565336
1989-07-30,
1989-07-31,
1989-08-01,0.8028097274566164
1989-08-02,0.8174276414945906
1989-08-03,0.8379463162854504
1989-08-04,0.8083971488393896
1989-08-05,0.8329878529991351
1989-08-06,0.8814294281362498
1989-08-07,
1989-08-08,
1989-08-09,0.8047196264894282
1989-08-10,0.7879153693053162
1989-08-11,0.8711331532727765
1989-08-12,0.8124289635901146
1989-08-13,0.8220255119362198
1989-08-14,0.8746720884948807
1989-08-15,
1989-08-16,0.8243804332211372
1989-08-17,0.809093574917491
1989-08-18,
1989-08-19,0.8139315778136288
1989-08-20,0.8637104270887357
1989-08-21,0.8258588786831729
1989-08-22,0.7976403162055337
1989-08-23,
1989-08-24,0.7901934290034506
1989-08-25,0.7865068907783431
1989-08-26,0.7873946403108375
1989-08-27,0.7840228032225754
1989-08-28,0.8170161186201393
1989-08-29,0.8379773935922364
1989-08-30,
1989-08-31,
1989-09-01,0.8123657363341137
1989-09-02,0.8148852134963048
1989-09-03,0.7801877732007705
1989-09-04,0.7695502655174302
1989-09-05,0.7436553919517376
1989-09-06,0.784782704568985
1989-09-07,
1989-09-08,
1989-09-09,0.7924613820564215
1989-09-10,0.8138111775655215
1989-09-11,0.8356579554630618
1989-09-12,0.8004719063601061
1989-09-13,0.814129061126665
1989-09-14,0.83296042550457
1989-09-15,
1989-09-16,
1989-09-17,0.8175955304553993
1989-09-18,0.8104569338461747
1989-09-19,0.8651020526318598
1989-09-20,0.7880178688639726
1989-09-21,0.829701956739302
1989-09-22,0.8524654249754638
1989-09-23,
1989-09-24,
1989-09-25,0.7323214257686012
1989-09-26,0.7262870821450178
1989-09-27,0.7430526831978481
1989-09-28,0.6466167196017178
1989-09-29,0.7522325468745146
1989-09-30,0.7788101817275844
1989-10-01,
1989-10-02,
1989-10-03,0.7983165292876837
1989-10-04,0.7534536800584444
1989-10-05,0.7497139146158799
1989-10-06,0.7958662185330176
1989-10-07,0.8028115561639302
1989-10-08,
1989-10-09,
1989-10-10,
1989-10-11,0.7741149680392386
1989-10-12,0.7191159118450912
1989-10-13,0.7661131901826043
1989-10-14,0.7622749551894418
1989-10-15,0.7699173959256824
1989-10-16,
1989-10-17,
1989-10-18,0.7883819721083083
1989-10-19,0.7936489190327088
1989-10-20,
1989-10-21,0.7224930586539584
1989-10-22,
1989-10-24,
1989-10-25,
1989-10-26,
1989-10-27,
1989-10-28,0.7478807382070082
1989-10-29,0.7587147708139593
1989-10-30,0.7369953183157314
1989-10-31,0.7910013708592474
1989-11-01,
1989-11-02,
1989-11-03,0.7715471219105688
1989-11-04,0.6424577699758245
1989-11-05,
1989-11-06,0.7503515796619326
1989-11-07,0.7152434202470274
1989-11-08,0.8171831612857324
1989-11-09,
1989-11-10,0.733829262931488
1989-11-11,0.7270636871350483
1989-11-12,0.7310011907322617
1989-11-13,
1989-11-14,0.7525618972792195
1989-11-15,0.7824816730488615
1989-11-16,
1989-11-17,
1989-11-18,
1989-11-19,
1989-11-20,
1989-11-21,0.687943615122408
1989-11-22,
1989-11-23,
1989-11-24,
1989-11-25,
1989-11-26,0.5695837046954417
1989-11-27,0.6627768032561359
1989-11-28,0.6430593502196316
1989-11-29,0.6584695056713716
1989-11-30,
1989-12-01,
1989-12-02,
1989-12-03,
1989-12-04,
1989-12-05,
1989-12-06,
1989-12-07,
1989-12-08,
1989-12-09,
1989-12-10,
1989-12-11,
1989-12-12,
1989-12-13,
1989-12-14,
1989-12-15,
1989-12-16,
1989-12-17,
1989-12-18,
1989-12-19,
1989-12-20,
1989-12-21,
1989-12-22,
1989-12-23,
1989-12-24,
1989-12-25,
1989-12-26,
1989-12-27,
1989-12-28,
1989-12-29,
1989-12-30,
1989-12-31,
1990-01-01,
1990-01-02,
1990-01-03,
1990-01-04,
1990-01-05,0.616520109371704
1990-01-06,
1990-01-07,
1990-01-08,
1990-01-09,
1990-01-10,
1990-01-11,0.7239881819958853
1990-01-12,
1990-01-13,
1990-01-14,
1990-01-15,
1990-01-16,
1990-01-17,
1990-01-18,
1990-01-19,0.7001111420254954
1990-01-20,
1990-01-21,
1990-01-22,
1990-01-23,
1990-01-24,
1990-01-25,
1990-01-26,
1990-01-27,0.6247137997995236
1990-01-28,
1990-01-29,0.5551854765895087
1990-01-30,
1990-01-31,0.5037467352654038
1990-02-01,
1990-02-02,
1990-02-03,
1990-02-04,
1990-02-05,
1990-02-06,
1990-02-07,
1990-02-08,
1990-02-09,
1990-02-10,
1990-02-11,
1990-02-12,
1990-02-13,
1990-02-14,0.6011485733110226
1990-02-15,0.5707507382439426
1990-02-16,
1990-02-17,
1990-02-18,
1990-02-19,
1990-02-20,
1990-02-21,
1990-02-22,
1990-02-23,
1990-02-24,
1990-02-25,
1990-02-26,
1990-02-27,
1990-02-28,
1990-03-01,
1990-03-02,
1990-03-03,0.6405207092629621
1990-03-04,
1990-03-05,
1990-03-06,
1990-03-07,
1990-03-08,
1990-03-09,
1990-03-10,0.474291537567777
1990-03-11,0.7929229917248086
1990-03-12,
1990-03-13,
1990-03-14,0.7278133347301377
1990-03-15,0.7262566448214064
1990-03-16,0.7294274077049953
1990-03-17,0.7558157746927445
1990-03-18,0.723349697064983
1990-03-19,
1990-03-20,
1990-03-21,0.6525849739302065
1990-03-22,
1990-03-23,0.7133940559397134
1990-03-24,
1990-03-25,
1990-03-26,
1990-03-27,
1990-03-28,
1990-03-29,
1990-03-30,
1990-03-31,
1990-04-01,0.7011741189342547
1990-04-02,0.6814350463665048
1990-04-03,
1990-04-04,
1990-04-05,0.6831923006018935
1990-04-06,0.6611770094457453
1990-04-07,0.6436943876338692
1990-04-08,0.6473084199475577
1990-04-09,
1990-04-10,0.7253430457873851
1990-04-11,
1990-04-12,
1990-04-13,
1990-04-14,
1990-04-15,0.7828943694207107
1990-04-16,0.7155039462680189
1990-04-17,0.7396730825477642
1990-04-18,0.7097218181710256
1990-04-19,
1990-04-20,0.7128926462130344
1990-04-21,0.7740202490112091
1990-04-22,0.7168273757935592
1990-04-23,0.739143045453064
1990-04-24,0.7717469741244839
1990-04-25,0.7859862300004476
1990-04-26,
1990-04-27,
1990-04-28,
1990-04-29,0.7488978785083686
1990-04-30,0.7898121609581151
1990-05-01,0.7384431728411872
1990-05-02,0.7418642588687595
1990-05-03,0.8061058680897242
1990-05-04,
1990-05-05,0.6156773019499696
1990-05-06,0.7166845882536649
1990-05-07,0.7603594265327124
1990-05-08,0.7247214013564627
1990-05-09,0.7574229466631333
1990-05-10,
1990-05-11,
1990-05-12,
1990-05-13,0.8098472411497831
1990-05-14,0.7519609682811339
1990-05-15,0.7536429315090486
1990-05-16,0.7737830450920762
1990-05-17,0.7938032322199304
1990-05-18,0.8074071805528954
1990-05-19,
1990-05-20,
1990-05-21,0.8291336893211945
1990-05-22,0.7354351800461041
1990-05-23,0.7729508171465975
1990-05-24,0.7492816960283891
1990-05-25,0.7700536303477054
1990-05-26,
1990-05-27,
1990-05-28,0.7759537055052436
1990-05-29,0.7584782666644295
1990-05-30,0.7678116993452108
1990-05-31,0.7445918598529337
1990-06-01,0.7658390546151335
1990-06-02,0.7663432448302125
1990-06-03,
1990-06-04,
1990-06-05,0.7787787181794028
1990-06-06,0.7646164723631457
1990-06-07,0.7918616860245021
1990-06-08,0.7468447770403973
1990-06-09,
1990-06-10,
1990-06-11,
1990-06-12,0.784765712623755
1990-06-13,
1990-06-14,0.7879532991003071
1990-06-15,0.7549254261432348
1990-06-16,0.7743305694446518
1990-06-17,0.789726728418509
1990-06-18,
1990-06-19,
1990-06-20,0.7868041646649385
1990-06-21,0.8035111725574788
1990-06-22,0.7901801803477253
1990-06-23,0.7862085564259002
1990-06-24,0.7597490290419779
1990-06-25,
1990-06-26,
1990-06-27,0.7778697827697483
1990-06-28,0.7738348851131565
1990-06-29,0.7825756383654849
1990-06-30,0.8145843932795465
1990-07-01,0.7764659387705574
1990-07-02,0.805779380195083
1990-07-03,
1990-07-04,
1990-07-05,0.8115381838626428
1990-07-06,0.7790044126289901
1990-07-07,0.7573692449792182
1990-07-08,0.7953038595212052
1990-07-09,0.804408061857653
1990-07-10,0.7539715742735306
1990-07-11,
1990-07-12,0.7276782913451744
1990-07-13,0.8151598395961965
1990-07-14,
1990-07-15,0.8078267534674569
1990-07-16,
1990-07-17,0.7782549460273982
1990-07-18,
1990-07-19,
1990-07-20,0.8025513360159583
1990-07-21,0.8309189540584544
1990-07-22,
1990-07-23,0.8174672854604891
1990-07-24,0.8198314576406417
1990-07-25,0.8626936283701876
1990-07-26,
1990-07-27,0.8205394777824044
1990-07-28,0.8171474969154947
1990-07-29,0.7904141501608223
1990-07-30,0.7772755882816497
1990-07-31,0.780021757573522
1990-08-01,
1990-08-02,
1990-08-03,
1990-08-04,
1990-08-05,0.7876134284605638
1990-08-06,0.763338522895545
1990-08-07,0.8369217674052701
1990-08-08,0.8098993704084626
1990-08-09,0.8841427557884005
1990-08-10,
1990-08-11,0.9310476594003114
1990-08-12,0.7908316388118976
1990-08-14,
1990-08-15,0.8000412205358405
1990-08-16,0.8126196544654261
1990-08-17,
1990-08-18,
1990-08-19,0.82077331317088
1990-08-20,0.6764538852543579
1990-08-21,0.8517056423181447
1990-08-22,0.8171291854872414
1990-08-23,
1990-08-24,
1990-08-27,
1990-08-28,0.8013983041493089
1990-08-29,
1990-08-30,
1990-08-31,
1990-09-01,
1990-09-02,
1990-09-03,0.8280362980362133
1990-09-04,0.7897926581352234
1990-09-05,
1990-09-06,0.8237576956716817
1990-09-07,0.8629169185740051
1990-09-08,0.8589692409073929
1990-09-09,
1990-09-10,0.8431453472060132
1990-09-11,0.805066258148182
1990-09-12,
1990-09-13,0.8046380392029153
1990-09-14,0.8239520678630358
1990-09-15,0.8129082823414453
1990-09-16,
1990-09-17,
1990-09-18,0.7863205968492345
1990-09-19,0.8122376087051186
1990-09-20,
1990-09-21,0.7825108617194778
1990-09-22,0.8092565754118475
1990-09-23,0.8388393925990498
1990-09-24,
1990-09-25,0.808696461488216
1990-09-26,0.7903856997197838
1990-09-27,0.8095100022134338
1990-09-28,0.800102176121563
1990-09-29,0.7725434659185486
1990-09-30,0.80178149554273
1990-10-01,
1990-10-02,
1990-10-03,0.7764941836159912
1990-10-04,0.7899507425431943
1990-10-05,0.7817176526582987
1990-10-06,0.7803782998142033
1990-10-07,0.7729340546141066
1990-10-08,0.78925
1990-10-09,
1990-10-10,0.7813030492098216
1990-10-11,
1990-10-12,0.7934766333513552
1990-10-13,0.817431254707223
1990-10-14,0.8114885031118841
1990-10-15,
1990-10-16,
1990-10-17,
1990-10-18,
1990-10-19,
1990-10-20,0.7582964444035695
1990-10-23,
1990-10-24,
1990-10-29,0.7677137835129089
1990-10-30,
1990-10-31,
1990-11-01,
1990-11-02,
1990-11-03,
1990-11-04,
1990-11-05,
1990-11-06,
1990-11-07,
1990-11-08,
1990-11-09,
1990-11-10,0.7282648520702727
1990-11-11,
1990-11-12,
1990-11-13,
1990-11-14,
1990-11-15,
1990-11-16,
1990-11-17,0.7689357099044039
1990-11-18,
1990-11-19,0.5099201990499889
1990-11-20,
1990-11-21,
1990-11-22,
1990-11-23,
1990-11-24,0.72772074928675
1990-11-25,0.7067048759936174
1990-11-26,0.7463278374221738
1990-11-27,0.48034854033299806
1990-11-28,0.7484796565550534
1990-11-29,
1990-11-30,
1990-12-01,
1990-12-02,
1990-12-03,0.6055358600548372
1990-12-04,
1990-12-05,
1990-12-06,
1990-12-07,
1990-12-08,
1990-12-09,
1990-12-10,0.6453096146902436
1990-12-11,
1990-12-12,
1990-12-13,
1990-12-14,
1990-12-15,
1990-12-16,
1990-12-17,0.6324646379394805
1990-12-18,
1990-12-19,0.6851632267392549
1990-12-20,
1990-12-21,
1990-12-27,
1990-12-28,
1990-12-29,
1990-12-30,
1990-12-31,
1991-01-01,
1991-01-02,
1991-01-03,
1991-01-04,
1991-01-05,
1991-01-06,
1991-01-07,
1991-01-08,
1991-01-09,
1991-01-10,
1991-01-11,
1991-01-12,
1991-01-13,
1991-01-14,
1991-01-15,
1991-01-16,
1991-01-17,0.5049870802213993
1991-01-18,0.6012120929716066
1991-01-19,
1991-01-20,
1991-01-21,
1991-01-22,
1991-01-23,
1991-01-24,
1991-01-25,
1991-01-26,
1991-01-27,
1991-01-28,
1991-01-29,
1991-01-30,
1991-01-31,
1991-02-01,
1991-02-02,
1991-02-03,0.532842105263158
1991-02-04,
1991-02-05,
1991-02-06,0.7500618109726143
1991-02-07,
1991-02-08,0.5857613692202461
1991-02-09,
1991-02-10,
1991-02-11,
1991-02-12,
1991-02-13,
1991-02-14,
1991-02-15,
1991-02-16,
1991-02-17,
1991-02-18,
1991-02-19,
1991-02-20,
1991-02-21,
1991-02-22,
1991-02-23,
1991-02-24,
1991-02-25,
1991-02-26,
1991-02-27,
1991-02-28,
1991-03-01,
1991-03-02,0.7304932184227688
1991-03-03,
1991-03-04,0.711436680584751
1991-03-05,0.6018358658547637
1991-03-06,
1991-03-07,
1991-03-08,
1991-03-09,
1991-03-11,
1991-03-12,
1991-03-13,
1991-03-14,
1991-03-15,
1991-03-16,
1991-03-17,
1991-03-18,
1991-03-19,0.7215535164725311
1991-03-20,
1991-03-21,
1991-03-22,
1991-03-23,
1991-03-24,
1991-03-25,0.6692310645675648
1991-03-26,0.5976366021140369
1991-03-27,0.7321932322729683
1991-03-28,
1991-03-29,
1991-03-30,0.7492236464649699
1991-03-31,
1991-04-01,
1991-04-02,0.6477415926918445
1991-04-03,0.6251399052515337
1991-04-04,
1991-04-05,
1991-04-06,
1991-04-07,0.7523135157164149
1991-04-08,0.7223069138291509
1991-04-09,
1991-04-10,
1991-04-11,0.7730782991690714
1991-04-12,
1991-04-13,
1991-04-14,
1991-04-15,
1991-04-16,
1991-04-17,
1991-04-18,0.741938391381816
1991-04-19,
1991-04-20,
1991-04-21,
1991-04-22,
1991-04-23,
1991-04-24,
1991-04-25,
1991-04-26,
1991-04-27,
1991-04-28,
1991-04-29,
1991-04-30,
1991-05-01,
1991-05-02,
1991-05-03,
1991-05-04,
1991-05-05,
1991-05-06,
1991-05-07,
1991-05-08,
1991-05-09,
1991-05-10,
1991-05-11,
1991-05-12,
1991-05-13,
1991-05-14,
1991-05-15,
1991-05-16,
1991-05-17,
1991-05-18,
1991-05-19,
1991-05-20,
1991-05-21,
1991-05-22,
1991-05-23,
1991-05-24,
1991-05-25,
1991-05-26,
1991-05-27,
1991-05-28,
1991-05-29,
1991-05-30,
1991-05-31,
1991-06-01,
1991-06-02,
1991-06-03,
1991-06-04,
1991-06-05,
1991-06-06,
1991-06-07,
1991-06-08,
1991-06-09,
1991-06-10,
1991-06-11,
1991-06-12,
1991-06-13,
1991-06-14,
1991-06-16,
1991-06-17,
1991-06-18,
1991-06-19,
1991-06-21,
1991-06-22,
1991-06-23,
1991-06-24,
1991-06-25,
1991-06-26,
1991-06-27,
1991-06-28,
1991-06-29,
1991-06-30,
1991-07-01,
1991-07-02,
1991-07-03,
1991-07-04,
1991-07-05,0.8186595147383517
1991-07-06,0.8122715530904384
1991-07-07,
1991-07-08,
1991-07-09,
1991-07-10,
1991-07-11,
1991-07-12,
1991-07-13,
1991-07-14,
1991-07-15,
1991-07-16,
1991-07-17,
1991-07-18,
1991-07-19,
1991-07-20,
1991-07-21,0.7994139320302313
1991-07-22,
1991-07-23,
1991-07-24,
1991-07-25,
1991-07-26,
1991-07-27,
1991-07-28,
1991-07-30,
1991-07-31,
1991-08-01,
1991-08-02,
1991-08-03,0.7863040247425533
1991-08-04,
1991-08-05,
1991-08-06,
1991-08-07,
1991-08-08,
1991-08-09,
1991-08-10,
1991-08-11,0.7940304565816965
1991-08-12,
1991-08-13,
1991-08-14,
1991-08-15,
1991-08-16,
1991-08-17,0.8170622725767145
1991-08-18,
1991-08-19,0.8101465004410594
1991-08-20,
1991-08-21,
1991-08-22,
1991-08-23,
1991-08-24,
1991-08-25,
1991-08-26,
1991-08-27,
1991-08-28,
1991-08-29,
1991-08-30,
1991-08-31,
1991-09-01,0.7781878635500312
1991-09-02,0.771138184805729
1991-09-03,
1991-09-04,
1991-09-05,0.831531289539733
1991-09-06,
1991-09-07,
1991-09-08,0.7672800710065951
1991-09-09,
1991-09-10,
1991-09-11,
1991-09-12,0.7857029464546084
1991-09-13,
1991-09-14,
1991-09-15,
1991-09-16,
1991-09-17,
1991-09-18,
1991-09-19,
1991-09-20,
1991-09-21,
1991-09-22,
1991-09-23,
1991-09-24,0.7923889812472008
1991-09-25,
1991-09-26,0.8022128501762543
1991-09-27,0.7543308622433006
1991-09-28,
1991-09-29,0.7125472721659584
1991-09-30,0.672994919719487
1991-10-01,0.8288127492907077
1991-10-02,
1991-10-03,
1991-10-04,
1991-10-05,
1991-10-06,0.8256651457705424
1991-10-07,
1991-10-08,0.6291944520241937
1991-10-09,
1991-10-10,
1991-10-11,
1991-10-12,0.7478969934464785
1991-10-13,
1991-10-14,0.7430308705214628
1991-10-15,
1991-10-16,
1991-10-17,
1991-10-18,0.7710698691870738
1991-10-19,
1991-10-20,
1991-10-21,
1991-10-22,0.772977146770065
1991-10-23,
1991-10-24,
1991-10-25,
1991-10-26,0.7661805343495867
1991-10-27,
1991-10-28,
1991-10-29,0.7116801822387521
1991-10-30,
1991-10-31,
1991-11-01,
1991-11-02,
1991-11-03,
1991-11-04,0.7282731164978811
1991-11-05,
1991-11-06,
1991-11-07,
1991-11-08,0.5115274289319682
1991-11-09,
1991-11-10,
1991-11-13,
1991-11-14,
1991-11-15,
1991-11-16,
1991-11-17,0.5758699447361508
1991-11-18,
1991-11-19,0.7072863011346598
1991-11-20,0.8168874106845808
1991-11-21,
1991-11-22,
1991-11-23,
1991-11-24,
1991-11-25,
1991-11-26,
1991-11-27,
1991-11-28,
1991-11-29,0.5503857142857144
1991-11-30,0.7025455259602286
1991-12-01,
1991-12-02,0.7470591484795687
1991-12-03,
1991-12-04,
1991-12-05,
1991-12-06,
1991-12-07,
1991-12-08,
1991-12-09,
1991-12-10,
1991-12-11,
1991-12-12,0.5511463630732141
1991-12-13,0.7646030354752326
1991-12-14,0.7905818136893437
1991-12-15,0.6862003740307502
1991-12-16,
1991-12-17,
1991-12-18,
1991-12-19,
1991-12-20,
1991-12-21,
1991-12-22,
1991-12-23,
1991-12-24,
1991-12-25,
1991-12-26,
1991-12-27,
1991-12-28,
1991-12-29,
1991-12-30,0.7331904761904762
1991-12-31,
1992-01-01,
1992-01-02,
1992-01-03,
1992-01-04,0.5386244262986729
1992-01-05,0.5550233144720857
1992-01-06,
1992-01-07,
1992-01-08,
1992-01-09,
1992-01-10,
1992-01-11,
1992-01-12,
1992-01-13,
1992-01-14,
1992-01-15,
1992-01-16,
1992-01-17,
1992-01-18,
1992-01-19,
1992-01-20,
1992-01-21,
1992-01-22,
1992-01-23,
1992-01-24,0.5153676000395543
1992-01-25,
1992-01-26,
1992-01-27,
1992-01-28,
1992-01-29,
1992-01-30,
1992-01-31,
1992-02-01,
1992-02-02,
1992-02-03,
1992-02-04,
1992-02-05,
1992-02-06,
1992-02-07,
1992-02-08,
1992-02-09,
1992-02-10,
1992-02-11,
1992-02-12,
1992-02-13,
1992-02-15,
1992-02-16,
1992-02-17,0.6297348753715264
1992-02-18,
1992-02-19,
1992-02-20,
1992-02-21,
1992-02-22,
1992-02-23,
1992-02-24,0.6113392892431138
1992-02-25,
1992-02-26,
1992-02-27,
1992-02-28,
1992-02-29,0.5846992614195834
1992-03-01,
1992-03-02,0.49038566552901025
1992-03-03,
1992-03-04,
1992-03-05,
1992-03-06,
1992-03-07,
1992-03-08,0.6257490255186491
1992-03-09,
1992-03-10,0.6824434436285912
1992-03-11,0.7818551998612875
1992-03-12,
1992-03-13,
1992-03-14,
1992-03-15,
1992-03-16,
1992-03-17,
1992-03-18,
1992-03-19,
1992-03-20,
1992-03-21,
1992-03-22,
1992-03-23,
1992-03-24,
1992-03-25,
1992-03-26,0.7128793898644743
1992-03-27,0.7436105711175143
1992-03-28,0.7546045872446325
1992-03-29,
1992-03-30,
1992-03-31,0.7694031698991123
1992-04-01,0.5798890997716728
1992-04-02,
1992-04-03,
1992-04-04,
1992-04-05,
1992-04-06,
1992-04-07,0.8691851851851853
1992-04-08,
1992-04-09,
1992-04-10,0.753603586586526
1992-04-11,
1992-04-12,0.6257797834026434
1992-04-13,
1992-04-14,
1992-04-15,
1992-04-16,0.49492379946193793
1992-04-17,0.5462040816326532
1992-04-18,0.5594549096400886
1992-04-19,0.7652498725148716
1992-04-20,0.7660615526898586
1992-04-21,
1992-04-22,
1992-04-23,0.8099579875459071
1992-04-24,0.7682344611264146
1992-04-25,0.7642802727958075
1992-04-26,0.7521360264019676
1992-04-27,0.7177685414102402
1992-04-28,0.7434843797701653
1992-04-29,
1992-04-30,
1992-05-01,0.7765495632713352
1992-05-02,0.7745819745282865
1992-05-03,
1992-05-04,0.7602347930964162
1992-05-05,0.7706524181081598
1992-05-06,0.7611777274845059
1992-05-07,
1992-05-08,
1992-05-09,0.7718305865055428
1992-05-10,0.7984390319931469
1992-05-11,0.786749967556782
1992-05-12,
1992-05-13,0.8259483840217565
1992-05-14,0.8125008873981487
1992-05-15,
1992-05-16,
1992-05-17,0.7756945603401529
1992-05-18,0.8068393445931706
1992-05-19,0.7599674811441116
1992-05-20,0.7886842572407912
1992-05-21,0.7868515769108265
1992-05-22,0.8131723600630325
1992-05-23,
1992-05-24,
1992-05-25,0.8052453263787198
1992-05-26,0.7942049269484924
1992-05-27,0.7897423393829973
1992-05-28,
1992-05-29,0.8467589216601256
1992-05-30,0.7995112208718897
1992-05-31,
1992-06-01,
1992-06-02,0.8088353286358058
1992-06-03,0.7963857040048451
1992-06-04,0.792342886357128
1992-06-05,0.7945849414817162
1992-06-06,
1992-06-07,
1992-06-08,
1992-06-09,0.8781379310344828
1992-06-10,0.7648219178839791
1992-06-11,0.7698784302185663
1992-06-12,0.793598534171915
1992-06-13,
1992-06-14,0.8344512666515674
1992-06-15,
1992-06-16,
1992-06-17,
1992-06-19,0.8083670234056548
1992-06-20,
1992-06-21,
1992-06-22,0.815959474559128
1992-06-23,
1992-06-24,
1992-06-25,0.839773830430339
1992-06-26,0.7838721018408298
1992-06-27,0.7904468284597767
1992-06-28,0.7784414435027639
1992-06-29,0.8018603176519447
1992-06-30,0.8106363712022786
1992-07-01,
1992-07-02,
1992-07-03,0.8044302964507712
1992-07-04,0.8582498544651836
1992-07-05,0.8091651167105218
1992-07-06,0.8270298415882112
1992-07-07,
1992-07-08,0.8039129250128411
1992-07-09,
1992-07-10,
1992-07-11,0.8053163320094885
1992-07-12,0.8179668622420333
1992-07-13,0.8397462699873289
1992-07-14,0.8374402315114305
1992-07-15,
1992-07-16,
1992-07-17,
1992-07-18,
1992-07-19,0.8132495407897691
1992-07-20,
1992-07-21,0.8178170224827855
1992-07-22,0.8012500835426722
1992-07-23,0.8393235521778097
1992-07-24,0.7952597557194909
1992-07-25,
1992-07-26,
1992-07-27,0.8153803753117639
1992-07-28,0.7886974827197069
1992-07-29,0.8122119154509894
1992-07-30,0.8218695788593783
1992-07-31,0.84193895306014
1992-08-01,
1992-08-02,
1992-08-03,0.9188012807392378
1992-08-04,0.7681092082959351
1992-08-05,
1992-08-06,0.7930648433516105
1992-08-07,0.8048645806778588
1992-08-08,0.824261277971047
1992-08-09,
1992-08-10,
1992-08-11,
1992-08-12,0.7986611632483342
1992-08-13,0.8075555709769076
1992-08-14,0.8462871815691101
1992-08-15,0.8264362171589381
1992-08-16,
1992-08-17,
1992-08-18,
1992-08-19,0.7959180009004289
1992-08-20,0.7834995164118076
1992-08-21,0.7629124099464083
1992-08-22,0.803536206484145
1992-08-23,0.8057678756150816
1992-08-24,0.8223248042600314
1992-08-25,
1992-08-26,
1992-08-27,0.799967169458214
1992-08-28,0.8265285120744474
1992-08-29,0.8058372180528188
1992-08-30,0.7792117901973216
1992-08-31,0.8226577843049222
1992-09-01,0.8055820508000648
1992-09-02,
1992-09-03,
1992-09-04,
1992-09-05,0.8109064510736775
1992-09-06,0.8252193061741979
1992-09-07,0.832618287269809
1992-09-08,
1992-09-09,0.8370948157889295
1992-09-10,
1992-09-11,
1992-09-12,0.7905941667187436
1992-09-13,
1992-09-14,
1992-09-15,0.8048167530073128
1992-09-16,0.8243844008798867
1992-09-17,0.7236744769319238
1992-09-18,
1992-09-19,0.9734692203003825
1992-09-20,0.8515343890314478
1992-09-21,0.8030690899089956
1992-09-22,0.8229783857907672
1992-09-23,
1992-09-24,0.8113811619177989
1992-09-25,
1992-09-26,
1992-09-27,0.9098967488327553
1992-09-28,0.7683248402680256
1992-09-29,0.8075338410984213
1992-09-30,0.810624753573556
1992-10-01,0.6623185641869984
1992-10-02,0.7376583049711684
1992-10-03,
1992-10-04,
1992-10-05,
1992-10-06,0.7046540907769233
1992-10-07,0.7129911348729088
1992-10-08,0.7897209739729519
1992-10-09,0.8212317937059819
1992-10-10,0.8400733940978745
1992-10-11,
1992-10-12,
1992-10-13,
1992-10-14,0.7753542363524079
1992-10-15,0.8031636999003354
1992-10-16,0.82215524680621
1992-10-17,
1992-10-18,0.6953372733339376
1992-10-19,
1992-10-20,
1992-10-21,0.7950476470509237
1992-10-22,
1992-10-23,0.6955543523019029
1992-10-24,0.7990391091464505
1992-10-25,0.8164300655171957
1992-10-26,0.7705527188320905
1992-10-27,
1992-10-28,
1992-10-29,0.6379053014277819
1992-10-30,0.7701373931085871
1992-10-31,0.7667161319554205
1992-11-01,0.6892561074335404
1992-11-02,
1992-11-03,
1992-11-04,
1992-11-05,0.8631119581516707
1992-11-06,0.7404378485591997
1992-11-07,0.7225732959442897
1992-11-08,
1992-11-09,
1992-11-10,
1992-11-11,
1992-11-12,
1992-11-13,0.7545903894338808
1992-11-14,0.6606912204199819
1992-11-15,
1992-11-16,
1992-11-17,
1992-11-18,
1992-11-19,
1992-11-20,
1992-11-21,
1992-11-22,
1992-11-23,
1992-11-24,0.7714787868514199
1992-11-25,0.8141732381641603
1992-11-26,
1992-11-27,
1992-11-28,
1992-11-29,0.5796285764093598
1992-11-30,0.7296798035452289
1992-12-01,0.7579680190646338
1992-12-02,
1992-12-03,0.7198610596030152
1992-12-04,
1992-12-05,
1992-12-06,
1992-12-07,
1992-12-08,
1992-12-09,
1992-12-10,
1992-12-11,
1992-12-12,
1992-12-13,
1992-12-14,
1992-12-15,
1992-12-16,
1992-12-17,0.5181226252158895
1992-12-18,0.5894877232029331
1992-12-19,
1992-12-20,
1992-12-21,
1992-12-22,
1992-12-23,
1992-12-24,
1992-12-25,
1992-12-26,
1992-12-27,
1992-12-28,
1992-12-29,
1992-12-30,
1992-12-31,0.6240670151320689
1993-01-01,0.7166006922968142
1993-01-02,
1993-01-03,
1993-01-05,
1993-01-06,
1993-01-07,
1993-01-08,
1993-01-09,
1993-01-10,
1993-01-11,
1993-01-12,
1993-01-13,
1993-01-14,
1993-01-15,
1993-01-16,
1993-01-17,
1993-01-18,
1993-01-19,
1993-01-20,
1993-01-21,
1993-01-22,
1993-01-23,0.47852989401694884
1993-01-24,
1993-01-25,
1993-01-26,
1993-01-27,
1993-01-28,
1993-01-29,
1993-01-30,
1993-01-31,
1993-02-01,
1993-02-02,
1993-02-03,
1993-02-04,
1993-02-05,
1993-02-06,
1993-02-07,
1993-02-08,
1993-02-09,
1993-02-10,
1993-02-11,
1993-02-12,
1993-02-13,
1993-02-14,
1993-02-15,
1993-02-16,
1993-02-17,
1993-02-18,
1993-02-19,
1993-02-20,
1993-02-21,
1993-02-22,
1993-02-23,
1993-02-24,
1993-02-25,
1993-02-26,
1993-02-27,
1993-02-28,
1993-03-01,
1993-03-02,
1993-03-03,
1993-03-04,
1993-03-05,
1993-03-06,
1993-03-07,
1993-03-08,
1993-03-09,
1993-03-10,
1993-03-11,
1993-03-12,
1993-03-13,
1993-03-14,
1993-03-15,
1993-03-16,
1993-03-17,
1993-03-18,
1993-03-19,
1993-03-20,
1993-03-21,
1993-03-22,
1993-03-23,
1993-03-24,
1993-03-25,
1993-03-26,0.5117996479477801
1993-03-27,
1993-03-28,0.7092859785806689
1993-03-29,0.7084745182312719
1993-03-30,0.6900611107309382
1993-03-31,
1993-04-01,
1993-04-02,0.6060478152242111
1993-04-03,
1993-04-04,0.586793310890105
1993-04-05,
1993-04-06,
1993-04-07,0.6033695400224195
1993-04-08,
1993-04-09,
1993-04-10,0.7380190071330388
1993-04-11,0.7272458972341979
1993-04-12,0.7403312094271399
1993-04-13,0.7226847000546431
1993-04-14,0.7762014694752842
1993-04-15,0.7842495740652573
1993-04-16,
1993-04-17,
1993-04-18,0.7124355282215661
1993-04-19,0.629513525917811
1993-04-20,0.7490875922823026
1993-04-21,0.7823733159424493
1993-04-22,0.8102542426323148
1993-04-23,
1993-04-24,
1993-04-25,0.8326130489871997
1993-04-26,0.7668912109546134
1993-04-27,0.7014980157412718
1993-04-28,
1993-04-29,0.7679748450426421
1993-04-30,0.7774665647258938
1993-05-01,
1993-05-02,
1993-05-03,0.7759674636776179
1993-05-04,0.7814608975804311
1993-05-05,0.7915860191952886
1993-05-06,0.7991092622299126
1993-05-07,0.7960208059868065
1993-05-08,0.8059009330294852
1993-05-09,
1993-05-10,
1993-05-11,0.7937224696209351
1993-05-12,0.7822075326724985
1993-05-13,0.8052032763001877
1993-05-14,0.7960206941399723
1993-05-15,0.8093618889850398
1993-05-16,0.731073799805271
1993-05-17,
1993-05-18,
1993-05-19,0.8481008427378474
1993-05-20,0.8297601955747865
1993-05-21,0.775278138700325
1993-05-22,0.7909633393217693
1993-05-23,0.8049388933099918
1993-05-24,
1993-05-25,
1993-05-26,0.9188513742025013
1993-05-27,0.8078367311760954
1993-05-28,0.8112777610063994
1993-05-29,0.8088592423543575
1993-05-30,0.8034530494855083
1993-05-31,0.8105102316339872
1993-06-01,
1993-06-02,
1993-06-03,0.8023960689824817
1993-06-04,0.8102821940004751
1993-06-05,
1993-06-06,0.8165000571872868
1993-06-07,0.8253977080305663
1993-06-08,0.7718908707112072
1993-06-09,
1993-06-10,
1993-06-11,0.8048995774572267
1993-06-12,0.7917135085524916
1993-06-13,0.8131965179455176
1993-06-14,0.8168052101270015
1993-06-15,0.7985522910598764
1993-06-16,0.7449790304306205
1993-06-17,
1993-06-18,0.8868247395572082
1993-06-19,0.7827613831695474
1993-06-20,
1993-06-21,0.832004328539338
1993-06-22,0.8157692563261836
1993-06-23,0.7896577309116337
1993-06-24,
1993-06-25,
1993-06-26,0.8203960344859794
1993-06-27,0.8199328111864135
1993-06-28,0.7842515042738485
1993-06-29,0.8402066309205372
1993-06-30,
1993-07-01,0.833794591904285
1993-07-02,
1993-07-03,
1993-07-04,0.7932293970273093
1993-07-05,0.8189806738523424
1993-07-06,0.8035933456111187
1993-07-07,0.8369570444499125
1993-07-08,0.8267269454927193
1993-07-09,0.8115533011449064
1993-07-10,
1993-07-11,
1993-07-12,
1993-07-13,0.8071981661067313
1993-07-14,0.7778262738255401
1993-07-15,
1993-07-16,
1993-07-17,
1993-07-18,
1993-07-19,0.8770167924160033
1993-07-20,0.8191629058205091
1993-07-21,0.8072563760809206
1993-07-22,0.8138024352533616
1993-07-23,0.8352572087579581
1993-07-24,0.8152056965021073
1993-07-25,
1993-07-26,
1993-07-27,
1993-07-28,0.7940856960668499
1993-07-29,0.834281386094694
1993-07-30,0.8061072201077959
1993-07-31,0.8358048016647435
1993-08-01,0.8141327993822345
1993-08-02,
1993-08-03,
1993-08-04,0.8226687259414671
1993-08-05,0.8042481921837564
1993-08-06,0.8072834731862469
1993-08-07,0.8288237439924234
1993-08-08,
1993-08-09,0.7245457205332194
1993-08-10,
1993-08-11,1.0055477718530614
1993-08-12,0.8369831339392333
1993-08-13,0.8205461395273624
1993-08-14,0.8237602313513305
1993-08-15,0.8181207593464214
1993-08-16,0.8259729330176128
1993-08-17,
1993-08-18,
1993-08-19,0.8099305085328881
1993-08-20,0.8212239933583921
1993-08-21,0.7986379018559031
1993-08-22,
1993-08-23,0.7908967716773191
1993-08-24,0.8289436968877859
1993-08-25,
1993-08-26,
1993-08-27,0.7979192915802681
1993-08-28,0.8130649335349466
1993-08-29,0.8082973898028762
1993-08-30,0.8126166822363882
1993-08-31,0.8380482244041544
1993-09-01,0.7853609703471626
1993-09-02,
1993-09-03,0.9458461538461539
1993-09-04,0.8181456875563553
1993-09-05,0.8104896571092918
1993-09-06,
1993-09-07,0.8459527607153463
1993-09-08,0.8501826668552569
1993-09-09,
1993-09-10,
1993-09-11,0.8296054417971371
1993-09-12,0.7908099669147357
1993-09-13,0.8137475032936886
1993-09-14,
1993-09-15,0.8105266967397399
1993-09-16,0.869693560471224
1993-09-17,
1993-09-18,
1993-09-19,0.798977384090076
1993-09-20,0.8024557010340209
1993-09-21,0.8682769737502398
1993-09-22,0.8127545045466713
1993-09-23,0.8129305006608494
1993-09-24,0.7685435182571979
1993-09-25,
1993-09-26,
1993-09-27,0.8099724177544887
1993-09-28,0.7772398041032698
1993-09-29,0.7980347455251061
1993-09-30,0.8207693841655952
1993-10-01,0.7689101845142574
1993-10-02,
1993-10-03,
1993-10-04,0.9295225858438174
1993-10-05,0.6562833216361257
1993-10-06,0.7808040986746746
1993-10-07,0.8045539539766591
1993-10-08,0.8062148838879358
1993-10-09,0.8314035249768004
1993-10-10,
1993-10-11,
1993-10-12,0.7245474594679929
1993-10-13,
1993-10-14,
1993-10-15,0.7936703988084762
1993-10-16,0.7971830275726061
1993-10-17,0.8288223847382982
1993-10-18,
1993-10-19,
1993-10-20,0.8711102807905218
1993-10-21,0.8397468356972738
1993-10-22,
1993-10-23,0.7955779586713889
1993-10-24,0.7342054150975971
1993-10-25,0.712718204382061
1993-10-26,
1993-10-27,0.9311322049170766
1993-10-28,0.7896740397172092
1993-10-29,0.7658317061825001
1993-10-30,0.7850511960000476
1993-10-31,0.8418993322254084
1993-11-01,0.8230970854147827
1993-11-02,
1993-11-03,
1993-11-04,0.7451097107216677
1993-11-05,
1993-11-06,0.7331679557265894
1993-11-07,0.7486246116418517
1993-11-08,
1993-11-09,
1993-11-10,
1993-11-11,
1993-11-12,0.7743248577360791
1993-11-13,0.47397071129707113
1993-11-14,
1993-11-15,0.8062268105102165
1993-11-16,0.7740979195941009
1993-11-17,
1993-11-18,
1993-11-19,
1993-11-20,0.7241194782354616
1993-11-21,
1993-11-22,0.7551816086591953
1993-11-23,0.5553570970228568
1993-11-24,0.7746180451297098
1993-11-25,
1993-11-26,
1993-11-27,
1993-11-28,0.8646582283867985
1993-11-29,
1993-11-30,0.6559490535237126
1993-12-01,
1993-12-02,
1993-12-03,
1993-12-04,
1993-12-05,0.7763244984172637
1993-12-06,0.7376467992360847
1993-12-07,0.6432796977481874
1993-12-08,0.6542650475513268
1993-12-09,
1993-12-10,0.6578090634403017
1993-12-11,
1993-12-12,
1993-12-13,
1993-12-14,
1993-12-15,0.7084217673003961
1993-12-16,0.7936425347308579
1993-12-17,
1993-12-18,
1993-12-19,
1993-12-20,
1993-12-21,0.5415021186440678
1993-12-22,0.6850971893105201
1993-12-23,
1993-12-24,
1993-12-25,
1993-12-26,
1993-12-27,
1993-12-28,
1993-12-29,
1993-12-30,
1993-12-31,
1994-01-01,
1994-01-02,
1994-01-03,
1994-01-04,
1994-01-05,
1994-01-06,
1994-01-07,
1994-01-08,
1994-01-09,
1994-01-10,
1994-01-11,
1994-01-12,
1994-01-13,
1994-01-14,
1994-01-15,
1994-01-16,
1994-01-17,
1994-01-18,
1994-01-19,
1994-01-20,
1994-01-21,
1994-01-22,
1994-01-23,
1994-01-24,
1994-01-25,
1994-01-26,
1994-01-27,
1994-01-28,
1994-01-29,
1994-01-30,
1994-01-31,
1994-02-01,
1994-02-02,
1994-02-03,
1994-02-04,
1994-02-05,
1994-02-06,
1994-02-07,
1994-02-08,
1994-02-09,
1994-02-10,
1994-02-11,
1994-02-12,
1994-02-13,
1994-02-14,
1994-02-15,
1994-02-16,
1994-02-17,
1994-02-18,
1994-02-19,
1994-02-20,
1994-02-21,0.4737383959336035
1994-02-22,0.5123678756476684
1994-02-23,
1994-02-24,
1994-02-25,
1994-02-26,
1994-02-27,
1994-02-28,
1994-03-01,
1994-03-02,
1994-03-03,
1994-03-04,
1994-03-05,
1994-03-06,
1994-03-07,
1994-03-08,
1994-03-09,
1994-03-10,
1994-03-11,
1994-03-12,
1994-03-13,
1994-03-14,
1994-03-15,
1994-03-16,
1994-03-17,
1994-03-18,
1994-03-19,
1994-03-20,
1994-03-21,
1994-03-22,
1994-03-23,0.5408000000000001
1994-03-24,0.5765942285849296
1994-03-25,
1994-03-26,0.482394848954299
1994-03-27,
1994-03-28,
1994-03-29,
1994-03-30,0.5128567567567568
1994-03-31,
1994-04-01,0.626850466454224
1994-04-02,0.6411663996880016
1994-04-03,0.6410114136454826
1994-04-04,0.6837386031101559
1994-04-05,
1994-04-06,0.8128461144994797
1994-04-07,0.7678706957232693
1994-04-08,0.6551827776268364
1994-04-09,
1994-04-10,0.7742057711142383
1994-04-11,0.7357022047983444
1994-04-12,
1994-04-13,
1994-04-14,0.732191440090372
1994-04-15,0.7520796458633102
1994-04-16,0.8206656572327863
1994-04-17,
1994-04-18,0.7514473054553589
1994-04-19,0.7409285638655401
1994-04-20,
1994-04-21,
1994-04-22,0.6471574469460092
1994-04-23,0.7836051208359601
1994-04-24,0.7635858414641958
1994-04-25,0.7819692157382899
1994-04-26,
1994-04-27,0.7537948304786801
1994-04-28,
1994-04-29,0.9614257592408895
1994-04-30,0.7603040647370406
1994-05-01,0.9036058431230313
1994-05-02,0.7443450971342315
1994-05-03,0.7663929821746621
1994-05-04,0.8103318987757163
1994-05-05,
1994-05-06,
1994-05-07,0.7757095419742144
1994-05-08,0.8025726484771367
1994-05-09,
1994-05-10,
1994-05-11,0.7917931435327744
1994-05-12,0.7853319746506562
1994-05-13,
1994-05-14,
1994-05-15,0.7804340709785357
1994-05-16,0.8123812319747692
1994-05-17,0.8008775299889179
1994-05-18,0.8021962377871504
1994-05-19,0.8222903685564726
1994-05-20,0.7246776593156119
1994-05-21,
1994-05-22,0.9531736647778828
1994-05-23,0.812936984258244
1994-05-24,0.8010819311798194
1994-05-25,0.81556506578426
1994-05-26,0.8263369464264692
1994-05-27,0.8085259787342
1994-05-28,
1994-05-29,
1994-05-30,0.8034845066157709
1994-05-31,0.7834355835994413
1994-06-01,0.8328033447715135
1994-06-02,0.8229831677094002
1994-06-03,0.8136667168106453
1994-06-04,0.8038608656153015
1994-06-05,
1994-06-06,
1994-06-07,0.7828485337342285
1994-06-08,0.8156815263836144
1994-06-09,0.7872805290057212
1994-06-10,0.8171262999667721
1994-06-11,0.8856618335361233
1994-06-12,
1994-06-13,
1994-06-14,0.9112736302918844
1994-06-15,0.809938977462335
1994-06-16,0.8156246616613847
1994-06-17,0.747793652249604
1994-06-18,0.8489233297159068
1994-06-19,
1994-06-20,
1994-06-21,
1994-06-22,0.7965065825418122
1994-06-23,0.8106569060872436
1994-06-24,
1994-06-25,0.8552123587121421
1994-06-26,0.7926435534118225
1994-06-27,0.8263132492159178
1994-06-28,
1994-06-29,
1994-06-30,0.8425272402722904
1994-07-01,0.802547311483999
1994-07-02,
1994-07-03,
1994-07-04,0.8010298927159624
1994-07-05,
1994-07-06,
1994-07-07,0.9179683961546872
1994-07-08,0.718353796853933
1994-07-09,0.8199842420826161
1994-07-10,0.8200473933482912
1994-07-11,0.8231030918194787
1994-07-12,0.7893121640995064
1994-07-13,
1994-07-14,
1994-07-15,0.845845738901308
1994-07-16,0.8218822263652811
1994-07-17,0.8212423260484961
1994-07-18,0.8285385265722082
1994-07-19,0.8349700321261608
1994-07-22,
1994-07-23,0.8383772746635173
1994-07-24,0.8366168602699048
1994-07-25,0.798452934064412
1994-07-26,0.8505168718750384
1994-07-27,0.8172858595487583
1994-07-28,
1994-07-29,
1994-07-30,0.8445956259962142
1994-07-31,0.6979299337960829
1994-08-01,
1994-08-02,
1994-08-03,0.8401662798228018
1994-08-04,
1994-08-05,
1994-08-08,0.7982839215682108
1994-08-09,
1994-08-10,0.815833989913473
1994-08-11,0.8185789656986153
1994-08-12,0.7392322699532607
1994-08-13,
1994-08-15,0.7577435383457173
1994-08-16,0.8027785374368087
1994-08-17,0.8443397539086401
1994-08-18,0.8391946442739605
1994-08-19,0.8354803031294478
1994-08-20,
1994-08-21,
1994-08-22,0.8427332396088277
1994-08-23,0.79683492765802
1994-08-24,0.8193975434924758
1994-08-25,
1994-08-26,
1994-08-27,
1994-08-28,
1994-08-29,
1994-08-30,0.7700661111126532
1994-08-31,
1994-09-01,0.8263287227671265
1994-09-02,0.8042094922977222
1994-09-03,0.8200152478894724
1994-09-04,0.7328146221960102
1994-09-05,
1994-09-06,
1994-09-07,0.7981349836853936
1994-09-08,0.7887386069522283
1994-09-09,0.8000509637045328
1994-09-10,
1994-09-11,
1994-09-12,
1994-09-13,
1994-09-14,0.8331152072352974
1994-09-15,0.8170437811577312
1994-09-16,0.7981318540812457
1994-09-17,0.7854690604648815
1994-09-18,0.8218033475732558
1994-09-19,0.8643388465653514
1994-09-20,
1994-09-21,
1994-09-22,
1994-09-23,0.9395551699071572
1994-09-24,0.8253605236821075
1994-09-25,0.8391618026418683
1994-09-26,0.859100510149098
1994-09-27,
1994-09-28,
1994-09-29,0.8216237691701499
1994-09-30,0.7830872434658832
1994-10-01,0.8141465897273513
1994-10-02,0.8051456955821241
1994-10-03,0.8108034555252442
1994-10-04,0.8130673826941087
1994-10-05,
1994-10-06,
1994-10-07,0.7062423534146787
1994-10-08,0.7823499225233935
1994-10-09,0.7878865881366677
1994-10-10,0.8100628584675401
1994-10-11,0.8153818740996618
1994-10-12,0.720621015729227
1994-10-13,
1994-10-14,0.8679870259202381
1994-10-15,0.7779620911543503
1994-10-16,0.7502836237082977
1994-10-17,0.7726664590717613
1994-10-18,0.8265946166081094
1994-10-19,
1994-10-20,
1994-10-21,
1994-10-22,0.7930022825418431
1994-10-23,
1994-10-24,0.7702121500539372
1994-10-25,0.802675055684114
1994-10-26,
1994-10-27,0.8001030928097436
1994-10-28,
1994-10-29,
1994-10-30,0.7824856645949457
1994-10-31,
1994-11-01,
1994-11-02,0.8107104352845028
1994-11-03,0.8111417640856914
1994-11-04,
1994-11-05,
1994-11-06,0.9147676381307464
1994-11-07,0.6583742548925093
1994-11-08,0.7728537884453941
1994-11-09,0.6915425964943789
1994-11-10,0.7815570690349043
1994-11-11,0.749741210675317
1994-11-12,
1994-11-13,
1994-11-14,0.7988018276548452
1994-11-15,0.8029949621150413
1994-11-16,0.7760628747551669
1994-11-17,
1994-11-18,0.7678930849445215
1994-11-19,0.7483232191832742
1994-11-22,
1994-11-23,0.6538630352540455
1994-11-24,
1994-11-25,
1994-11-26,0.5168392857142857
1994-11-27,
1994-11-28,
1994-11-29,0.7080550717436317
1994-11-30,0.5823410992243792
1994-12-01,0.6120638436064088
1994-12-02,
1994-12-03,0.6954712678739277
1994-12-04,0.7461215823885236
1994-12-05,
1994-12-06,
1994-12-07,0.7607498939010159
1994-12-08,
1994-12-09,
1994-12-10,
1994-12-11,0.5207115384615385
1994-12-12,
1994-12-13,
1994-12-14,
1994-12-15,
1994-12-16,
1994-12-17,
1994-12-18,0.48194466498838107
1994-12-19,
1994-12-20,
1994-12-21,
1994-12-22,
1994-12-23,
1994-12-24,
1994-12-25,
1994-12-26,0.5901240464214047
1994-12-27,
1994-12-28,
1994-12-29,
1994-12-30,
1994-12-31,
1995-01-01,
1995-01-02,0.7835274440097041
1995-01-03,
1995-01-04,
1995-01-05,
1995-01-06,
1995-01-07,
1995-01-08,
1995-01-09,
1995-01-10,
1995-01-11,
1995-01-12,
1995-01-13,
1995-01-14,
1995-01-15,
1995-01-16,
1995-01-17,
1995-01-18,0.7579911638788442
1995-01-19,0.7046379351681704
1995-01-20,
1995-01-21,0.8691378874457398
1995-01-22,0.6857972657873626
1995-01-23,
1995-01-24,
1995-01-25,
1995-01-26,
1995-01-27,
1995-01-28,
1995-01-29,
1995-01-30,
1995-01-31,
1995-02-01,
1995-02-02,0.5435610544537107
1995-02-03,
1995-02-04,
1995-02-05,
1995-02-06,
1995-02-07,
1995-02-08,
1995-02-09,
1995-02-10,
1995-02-11,
1995-02-12,
1995-02-13,
1995-02-14,
1995-02-15,
1995-02-16,
1995-02-17,
1995-02-18,
1995-02-19,
1995-02-20,
1995-02-21,
1995-02-22,
1995-02-23,
1995-02-24,
1995-02-25,
1995-02-26,
1995-02-27,
1995-02-28,
1995-03-01,
1995-03-02,
1995-03-03,
1995-03-04,
1995-03-05,
1995-03-06,
1995-03-07,
1995-03-08,
1995-03-09,
1995-03-10,
1995-03-11,
1995-03-12,
1995-03-13,0.6714831884677055
1995-03-14,
1995-03-15,
1995-03-16,0.7839359751380076
1995-03-17,
1995-03-18,0.7555013347791921
1995-03-19,
1995-03-20,
1995-03-21,
1995-03-22,
1995-03-23,0.837069395228117
1995-03-24,
1995-03-25,
1995-03-26,0.6569679770940074
1995-03-27,
1995-03-28,0.7112275311724091
1995-03-29,
1995-03-30,
1995-03-31,0.7385337502833059
1995-04-01,
1995-04-02,
1995-04-03,
1995-04-04,
1995-04-05,
1995-04-06,
1995-04-07,
1995-04-08,
1995-04-09,0.645081723992226
1995-04-10,0.636398368517904
1995-04-11,0.5415021186440678
1995-04-12,0.8393110018237961
1995-04-13,
1995-04-14,
1995-04-15,
1995-04-16,0.7218978682730338
1995-04-17,0.6391849431523519
1995-04-18,0.7756743932946585
1995-04-19,0.8303074937823908
1995-04-20,0.7625355254135924
1995-04-21,
1995-04-22,
1995-04-23,0.7388323644872623
1995-04-24,0.7701389421659331
1995-04-25,
1995-04-26,0.7795014964104053
1995-04-27,0.783319751019364
1995-04-28,0.7281839082148314
1995-04-29,
1995-04-30,0.8767492608634017
1995-05-01,0.7751585130323377
1995-05-02,0.7827431940423605
1995-05-03,
1995-05-04,0.7769689717653547
1995-05-05,
1995-05-06,
1995-05-07,
1995-05-08,
1995-05-09,0.7509907675190554
1995-05-10,0.7976520635287502
1995-05-11,0.7815671518259647
1995-05-12,
1995-05-13,0.788670187232677
1995-05-14,0.8083126219159029
1995-05-15,
1995-05-16,
1995-05-17,0.790925581661174
1995-05-18,0.7875346193338275
1995-05-19,
1995-05-20,
1995-05-21,
1995-05-22,
1995-05-23,
1995-05-24,
1995-05-25,0.861
1995-05-26,0.7850440032422487
1995-05-27,
1995-05-28,0.773869145409978
1995-05-29,0.8076788164545604
1995-05-30,0.7936736928701947
1995-05-31,0.8081496489740861
1995-06-01,
1995-06-02,
1995-06-03,0.8199535356735551
1995-06-04,0.7854449611466965
1995-06-05,0.7690580821548377
1995-06-06,0.7553652790446946
1995-06-07,0.8453544914736304
1995-06-08,0.8225225246821769
1995-06-09,
1995-06-10,
1995-06-11,0.9360363876884209
1995-06-12,0.8014528784555182
1995-06-13,0.8134364181826995
1995-06-14,
1995-06-15,0.7595809665411634
1995-06-16,0.799677720292864
1995-06-17,0.7526109463011349
1995-06-18,
1995-06-19,
1995-06-20,0.7960988216837267
1995-06-21,0.782138118731223
1995-06-22,0.7772510758671358
1995-06-23,0.7939912804741786
1995-06-24,0.790526182600031
1995-06-25,0.8284283052502056
1995-06-26,
1995-06-27,
1995-06-28,
1995-06-29,0.7527490944554499
1995-06-30,
1995-07-01,
1995-07-02,0.8201221136871973
1995-07-03,0.7984805118727446
1995-07-04,
1995-07-05,
1995-07-06,0.9104000000000001
1995-07-07,0.8138424371178702
1995-07-08,0.8053665760533673
1995-07-09,
1995-07-10,0.7781822573788094
1995-07-11,0.8193032493996698
1995-07-12,
1995-07-13,
1995-07-14,
1995-07-15,
1995-07-16,
1995-07-17,0.8117165920798518
1995-07-18,0.8268441244967153
1995-07-19,
1995-07-20,
1995-07-21,
1995-07-22,
1995-07-23,
1995-07-24,
1995-07-25,
1995-07-26,
1995-07-27,
1995-07-28,0.8540427873264924
1995-07-29,0.7594560229948052
1995-07-30,
1995-07-31,
1995-08-01,0.7970428766614299
1995-08-02,0.8071622010042597
1995-08-03,0.8089199201066267
1995-08-04,0.8159736303087386
1995-08-05,0.8237642816026689
1995-08-06,0.8712770963827912
1995-08-07,
1995-08-08,
1995-08-09,
1995-08-10,0.7629302511047612
1995-08-11,0.8365251683098123
1995-08-12,
1995-08-13,0.8049664993867622
1995-08-14,0.8160475622068873
1995-08-15,
1995-08-16,
1995-08-17,
1995-08-18,0.7805654456289548
1995-08-19,0.8009219142380885
1995-08-20,0.7928068177052768
1995-08-21,0.804088152104654
1995-08-22,0.8055764244541427
1995-08-23,0.82843452167826
1995-08-24,
1995-08-25,
1995-08-26,0.7956750115437432
1995-08-27,0.8207125652867565
1995-08-28,0.787543014207377
1995-08-29,0.803160287973652
1995-08-30,0.8067457028662754
1995-08-31,
1995-09-01,
1995-09-02,
1995-09-03,0.9041600933157797
1995-09-04,0.7895552397395791
1995-09-05,0.8034031273864791
1995-09-06,0.7819199290112328
1995-09-07,0.793357034375149
1995-09-08,0.8158507278574723
1995-09-09,0.7505538761801841
1995-09-10,
1995-09-11,
1995-09-12,0.7797707600743324
1995-09-13,0.8332978218929824
1995-09-14,0.8023008278865852
1995-09-15,
1995-09-16,0.8201480697354474
1995-09-17,0.8688908913554406
1995-09-18,
1995-09-19,
1995-09-20,0.7925003404779181
1995-09-21,
1995-09-22,0.815935209449961
1995-09-23,0.7686665528399736
1995-09-24,0.7929069101500547
1995-09-25,
1995-09-26,
1995-09-27,
1995-09-28,0.84235881293222
1995-09-29,
1995-09-30,0.7623844533926271
1995-10-01,0.78557156983674
1995-10-02,
1995-10-03,0.8241884247437932
1995-10-04,0.8505432467701888
1995-10-05,
1995-10-06,
1995-10-07,0.8195980000179257
1995-10-08,0.7926912831404445
1995-10-09,0.7723636521559936
1995-10-10,0.7854277587950874
1995-10-11,0.8084235053724174
1995-10-12,0.8035960916764897
1995-10-13,
1995-10-14,
1995-10-15,
1995-10-16,0.7572182606379325
1995-10-17,
1995-10-18,0.7626867098460677
1995-10-19,0.7906751952168999
1995-10-20,
1995-10-21,0.7323035204861988
1995-10-22,
1995-10-23,
1995-10-24,
1995-10-25,
1995-10-26,0.7807482443938396
1995-10-27,0.7853518562700326
1995-10-28,0.7334824388586112
1995-10-29,0.7839644286528183
1995-10-30,
1995-10-31,
1995-11-01,0.7935261605085525
1995-11-02,0.840979344434505
1995-11-03,0.7754713232318622
1995-11-04,0.7494338426211129
1995-11-05,0.6636607325105466
1995-11-06,
1995-11-07,
1995-11-08,
1995-11-09,
1995-11-10,
1995-11-11,0.7571211375401672
1995-11-12,0.6507042245091679
1995-11-13,
1995-11-14,0.5499730989589237
1995-11-15,0.7095565598274609
1995-11-16,
1995-11-17,
1995-11-18,
1995-11-19,0.6221986942639798
1995-11-20,0.649971127785535
1995-11-21,
1995-11-22,0.7156987001136863
1995-11-23,
1995-11-24,
1995-11-25,
1995-11-26,
1995-11-27,0.49567191782464054
1995-11-28,0.7211705797855387
1995-11-29,0.745360991198166
1995-11-30,
1995-12-01,
1995-12-02,0.6344769874476988
1995-12-03,
1995-12-04,
1995-12-05,
1995-12-06,0.49189757385574845
1995-12-07,
1995-12-08,
1995-12-09,
1995-12-10,
1995-12-11,
1995-12-12,
1995-12-13,
1995-12-14,
1995-12-15,
1995-12-16,
1995-12-17,
1995-12-18,
1995-12-19,
1995-12-20,
1995-12-21,
1995-12-22,
1995-12-23,
1995-12-24,
1995-12-25,
1995-12-26,
1995-12-27,
1995-12-28,
1995-12-29,
1995-12-30,
1995-12-31,
1996-01-01,
1996-01-02,
1996-01-03,
1996-01-04,
1996-01-05,
1996-01-06,
1996-01-07,
1996-01-08,
1996-01-09,
1996-01-10,
1996-01-11,
1996-01-12,
1996-01-13,
1996-01-14,
1996-01-15,
1996-01-16,
1996-01-17,
1996-01-18,
1996-01-19,
1996-01-20,
1996-01-21,
1996-01-22,
1996-01-23,
1996-01-24,0.5052201520413956
1996-01-25,0.5041582084191228
1996-01-26,
1996-01-27,
1996-01-28,
1996-01-29,
1996-01-30,
1996-01-31,
1996-02-01,
1996-02-02,
1996-02-03,
1996-02-04,
1996-02-05,
1996-02-06,
1996-02-07,
1996-02-08,
1996-02-09,
1996-02-10,0.6061820583881489
1996-02-11,
1996-02-12,
1996-02-13,
1996-02-14,
1996-02-15,
1996-02-16,
1996-02-17,
1996-02-18,
1996-02-19,
1996-02-20,
1996-02-21,0.6389566075909268
1996-02-22,0.683016856822184
1996-02-23,0.6553793850724116
1996-02-24,
1996-02-25,
1996-02-26,0.8627314006956162
1996-02-27,0.6667998119345311
1996-02-28,0.7354981706997368
1996-02-29,
1996-03-01,
1996-03-02,
1996-03-03,
1996-03-04,
1996-03-05,
1996-03-06,
1996-03-07,
1996-03-08,
1996-03-09,
1996-03-10,
1996-03-11,
1996-03-12,
1996-03-13,
1996-03-14,0.44942162058391144
1996-03-15,0.5866968629226854
1996-03-16,
1996-03-17,
1996-03-18,
1996-03-19,
1996-03-20,
1996-03-21,
1996-03-22,
1996-03-23,
1996-03-24,
1996-03-25,0.6860028760187913
1996-03-26,0.7283289957615801
1996-03-27,0.5366059441718325
1996-03-28,
1996-03-29,
1996-03-30,
1996-03-31,0.5712533704016024
1996-04-01,0.6826548007395555
1996-04-02,0.7423070800208216
1996-04-03,0.6932295398310513
1996-04-04,0.6892465178606236
1996-04-05,0.7928879004781866
1996-04-06,
1996-04-07,
1996-04-08,
1996-04-09,
1996-04-10,
1996-04-11,0.8653333333333334
1996-04-12,0.7351724940825816
1996-04-13,0.7732480872666777
1996-04-14,
1996-04-15,
1996-04-16,
1996-04-17,0.6674771377924296
1996-04-18,0.6972692662212124
1996-04-19,0.7468629826077169
1996-04-20,0.7658322312758145
1996-04-21,
1996-04-22,0.7627196705726541
1996-04-23,
1996-04-24,
1996-04-25,0.7226956999913665
1996-04-26,0.742781209495278
1996-04-27,0.7548657639393405
1996-04-28,0.7340496808579479
1996-04-29,0.808255871515266
1996-04-30,0.8494402257288775
1996-05-01,
1996-05-02,
1996-05-03,
1996-05-04,0.7502681815466148
1996-05-05,0.7259372342879487
1996-05-06,0.7754614212359513
1996-05-07,0.6521745949593959
1996-05-08,0.8084817789392628
1996-05-09,0.6080257278037124
1996-05-10,
1996-05-11,
1996-05-12,0.7596528339188735
1996-05-13,0.7409453307102785
1996-05-15,
1996-05-16,0.7985546349560955
1996-05-17,0.787681249281866
1996-05-18,
1996-05-19,
1996-05-20,0.7734113877963741
1996-05-21,
1996-05-22,0.7805526731090221
1996-05-23,0.785489478352045
1996-05-24,
1996-05-25,0.7958082791497413
1996-05-26,
1996-05-27,
1996-05-28,0.9285976662594619
1996-05-29,0.7817130916600941
1996-05-31,
1996-06-01,
1996-06-02,0.788926229881531
1996-06-03,0.7302173818764328
1996-06-04,
1996-06-05,
1996-06-06,0.7864767924595679
1996-06-07,0.7954335511008856
1996-06-08,0.8097140069121987
1996-06-09,0.81801197128222
1996-06-10,0.8264606572450671
1996-06-11,0.8165028372602391
1996-06-12,
1996-06-13,
1996-06-14,0.8077871956098596
1996-06-15,
1996-06-16,0.7919339459697035
1996-06-17,0.805331670654151
1996-06-18,0.8454626334473835
1996-06-19,0.8446194163046404
1996-06-20,
1996-06-21,
1996-06-22,0.8864977226720647
1996-06-23,0.7807000035362556
1996-06-24,
1996-06-25,0.8000985014943862
1996-06-26,0.7673702684439705
1996-06-27,0.7917551850869404
1996-06-28,0.7808340188559307
1996-06-29,
1996-06-30,
1996-07-01,0.7799785500086632
1996-07-02,0.7797994331016626
1996-07-03,0.7715234672171244
1996-07-04,0.79717328618124
1996-07-05,0.8032812680127712
1996-07-06,0.8039067437697455
1996-07-07,
1996-07-08,
1996-07-09,
1996-07-10,0.7968937831164953
1996-07-11,0.773194467015297
1996-07-12,0.7864915207556631
1996-07-13,0.7868583103160678
1996-07-14,0.8093519910625713
1996-07-15,
1996-07-16,
1996-07-17,0.8648518518518519
1996-07-18,0.7684877169674597
1996-07-19,0.8678207191095023
1996-07-20,0.7578217829136193
1996-07-21,0.788942361653869
1996-07-22,0.801077981204652
1996-07-23,
1996-07-24,
1996-07-25,
1996-07-26,0.7934485293694468
1996-07-27,0.786299861179686
1996-07-28,0.7741851891063477
1996-07-29,0.7882671220139195
1996-07-30,0.8235106901842641
1996-07-31,0.8502175574465838
1996-08-01,
1996-08-02,
1996-08-03,0.8940392259573086
1996-08-04,0.8099548247927004
1996-08-05,0.8105714480855417
1996-08-06,0.8069318888602599
1996-08-07,0.8090659897196139
1996-08-08,0.808967385238308
1996-08-09,0.7278769698563381
1996-08-10,
1996-08-11,
1996-08-12,0.7832202502250798
1996-08-13,0.8346821801778553
1996-08-14,
1996-08-15,0.8060152459523322
1996-08-16,0.8139482047534191
1996-08-17,0.8323797834648672
1996-08-18,
1996-08-19,
1996-08-20,
1996-08-21,0.8150507166696931
1996-08-22,0.7912484162442986
1996-08-23,0.801103116307068
1996-08-24,0.8067044443317827
1996-08-25,0.8373270574605717
1996-08-26,
1996-08-27,
1996-08-28,0.9784943028918359
1996-08-29,0.7911666063887318
1996-08-30,0.8010024076165617
1996-08-31,
1996-09-01,0.7999913579998831
1996-09-02,0.8309911897898679
1996-09-03,0.7457738913157241
1996-09-04,
1996-09-05,
1996-09-06,0.8203086014063936
1996-09-07,0.8203087402465841
1996-09-08,0.8238127079847063
1996-09-09,0.8422698106869428
1996-09-10,0.8455327292567459
1996-09-11,0.8272086600323988
1996-09-12,
1996-09-13,
1996-09-14,0.7848398290586672
1996-09-15,0.7816038756754384
1996-09-16,0.8158901764576258
1996-09-17,0.8766044800561203
1996-09-18,0.7587857648427369
1996-09-19,0.8129219110995834
1996-09-20,
1996-09-21,
1996-09-22,0.8924180761614666
1996-09-23,0.7954828274076107
1996-09-24,0.766246587850733
1996-09-25,
1996-09-26,0.7965463277657902
1996-09-27,0.8477909089728304
1996-09-28,0.8042986913650365
1996-09-29,
1996-09-30,
1996-10-01,0.7931670648694145
1996-10-02,0.8019192706998214
1996-10-03,
1996-10-04,0.7374519242700627
1996-10-05,0.664504085304521
1996-10-06,0.7307547807335014
1996-10-07,
1996-10-08,
1996-10-09,0.809511440274725
1996-10-10,0.8148194739757249
1996-10-11,0.7937772264135265
1996-10-12,0.6087517782923108
1996-10-13,0.8063767409034518
1996-10-14,0.8418670912101749
1996-10-15,
1996-10-16,
1996-10-17,0.9327763975509876
1996-10-18,0.7911698637743796
1996-10-19,
1996-10-20,0.7740626648772528
1996-10-21,0.8097959891149891
1996-10-22,0.7912449140353538
1996-10-23,0.7732326691664342
1996-10-24,
1996-10-25,
1996-10-26,0.7604477000287221
1996-10-27,
1996-10-28,0.8000982423481471
1996-10-29,0.7486030409580617
1996-10-30,0.83582131466204
1996-10-31,0.7965616487659483
1996-11-01,
1996-11-02,
1996-11-03,
1996-11-04,0.6977654016886967
1996-11-05,0.7838907132552753
1996-11-06,
1996-11-07,0.863930643539727
1996-11-08,0.8665224363273524
1996-11-09,
1996-11-10,
1996-11-11,
1996-11-12,
1996-11-13,
1996-11-14,
1996-11-15,
1996-11-16,
1996-11-17,
1996-11-18,
1996-11-19,
1996-11-20,0.6377591417998378
1996-11-21,
1996-11-22,
1996-11-23,
1996-11-24,0.6948411491849538
1996-11-25,
1996-11-26,
1996-11-27,
1996-11-28,
1996-11-29,
1996-11-30,
1996-12-01,0.6171037214633931
1996-12-02,0.8067804660511935
1996-12-03,0.6598673133254929
1996-12-04,
1996-12-05,
1996-12-06,
1996-12-07,0.6049341559281366
1996-12-08,0.6558150772030588
1996-12-09,
1996-12-10,
1996-12-11,0.6366170482195063
1996-12-12,0.6564607939159868
1996-12-13,
1996-12-14,
1996-12-15,0.6440152360154008
1996-12-16,0.5902114491544169
1996-12-17,0.678918763230105
1996-12-18,0.6984023870556041
1996-12-19,0.7456742465954338
1996-12-20,0.6150633397843517
1996-12-21,
1996-12-22,
1996-12-23,
1996-12-24,0.5016915929203539
1996-12-25,
1996-12-26,
1996-12-27,
1996-12-28,
1996-12-29,
1996-12-30,
1996-12-31,
1997-01-01,
1997-01-02,
1997-01-03,
1997-01-04,
1997-01-05,
1997-01-06,0.7722062129187078
1997-01-07,
1997-01-08,
1997-01-09,
1997-01-10,
1997-01-11,
1997-01-12,
1997-01-13,
1997-01-14,
1997-01-15,
1997-01-16,
1997-01-17,
1997-01-18,
1997-01-19,
1997-01-20,
1997-01-21,
1997-01-22,
1997-01-23,
1997-01-24,
1997-01-25,
1997-01-26,
1997-01-27,
1997-01-28,
1997-01-29,
1997-01-30,
1997-01-31,
1997-02-01,
1997-02-02,
1997-02-03,
1997-02-04,
1997-02-05,
1997-02-06,0.5477714285714286
1997-02-07,
1997-02-08,
1997-02-09,
1997-02-10,
1997-02-11,
1997-02-12,
1997-02-13,
1997-02-14,
1997-02-15,
1997-02-16,
1997-02-17,
1997-02-18,
1997-02-19,
1997-02-20,0.6376105632816695
1997-02-21,0.6136048531668192
1997-02-22,0.7031453334868274
1997-02-23,0.546413064655875
1997-02-24,
1997-02-25,
1997-02-26,
1997-02-27,
1997-02-28,0.7158300687683226
1997-03-01,
1997-03-02,0.6205629976051331
1997-03-03,0.7096281310033064
1997-03-04,
1997-03-05,
1997-03-06,
1997-03-07,
1997-03-08,
1997-03-09,
1997-03-10,
1997-03-11,0.6215332448905466
1997-03-12,
1997-03-13,
1997-03-14,
1997-03-15,
1997-03-16,
1997-03-17,
1997-03-18,
1997-03-19,
1997-03-20,
1997-03-21,0.6563166518436246
1997-03-22,0.6516248106782717
1997-03-23,
1997-03-24,
1997-03-25,
1997-03-26,0.6749321737633062
1997-03-27,0.6814299007408786
1997-03-28,0.6970393935863465
1997-03-29,0.762117522074202
1997-03-30,0.7452595131878728
1997-03-31,
1997-04-01,
1997-04-02,
1997-04-03,
1997-04-04,0.5819992217568133
1997-04-05,0.5738611737485055
1997-04-06,0.7298381894162329
1997-04-07,0.7395866105434447
1997-04-08,0.6264824004067195
1997-04-09,
1997-04-10,
1997-04-11,
1997-04-12,0.5812793227949266
1997-04-13,0.7090570192133793
1997-04-14,0.7355173290926098
1997-04-15,0.5984091670931154
1997-04-16,0.6192739762571696
1997-04-17,
1997-04-18,
1997-04-19,0.6298400653170488
1997-04-20,0.6630785641193487
1997-04-21,0.6987788161330459
1997-04-22,0.7618169421082964
1997-04-23,0.7825089760087041
1997-04-24,0.7815231260218155
1997-04-25,
1997-04-26,
1997-04-27,0.7911212720075204
1997-04-28,0.8189997606776668
1997-04-29,0.7193750802277149
1997-04-30,0.7612770955850677
1997-05-01,0.7861173443304869
1997-05-02,0.7537220140734818
1997-05-03,0.6467528301886792
1997-05-04,
1997-05-05,
1997-05-06,0.7690422508264514
1997-05-07,
1997-05-08,0.7598905130553455
1997-05-09,0.8406899122434232
1997-05-10,0.7704670088330391
1997-05-11,0.7818467771579136
1997-05-12,
1997-05-13,
1997-05-14,0.7652405663845064
1997-05-15,0.7739782433268513
1997-05-16,0.768256379832086
1997-05-17,0.7883340417830341
1997-05-18,0.7722813161805008
1997-05-19,0.8257377787475383
1997-05-20,
1997-05-21,
1997-05-22,0.831803782328397
1997-05-23,
1997-05-24,0.7813167561545599
1997-05-25,0.8270018533823834
1997-05-26,0.8062254893840033
1997-05-27,0.8048622709983262
1997-05-28,
1997-05-29,
1997-05-30,
1997-05-31,0.7907811706492215
1997-06-01,0.801724361339524
1997-06-02,0.8450388635770316
1997-06-03,0.8154333913330781
1997-06-04,0.8120486400969341
1997-06-05,0.8122815286741786
1997-06-06,
1997-06-07,
1997-06-08,0.7692964302627906
1997-06-09,0.7714666946854571
1997-06-10,0.7687121451448908
1997-06-11,0.7814720852418752
1997-06-12,0.8179273008812332
1997-06-13,0.8417276488740689
1997-06-14,
1997-06-15,
1997-06-16,0.8183874463782463
1997-06-17,0.7576909558817612
1997-06-18,0.8327112644998074
1997-06-19,0.818040448722507
1997-06-20,0.8051087726086316
1997-06-21,0.8214790642799604
1997-06-22,
1997-06-23,
1997-06-24,0.9052
1997-06-25,0.7986999588732798
1997-06-26,0.794687804806323
1997-06-27,0.7866619272301809
1997-06-28,0.7995377248949829
1997-06-29,0.7923068432638415
1997-06-30,0.7963221081112856
1997-07-01,
1997-07-02,
1997-07-03,0.8140944856318227
1997-07-04,0.7854359666287303
1997-07-05,0.8002345317789503
1997-07-06,0.8057970030848655
1997-07-07,0.8212607309363364
1997-07-08,0.8254156450255943
1997-07-09,
1997-07-10,
1997-07-11,0.7854617449563317
1997-07-12,0.7889998144562762
1997-07-13,0.8054652310207742
1997-07-14,0.8226311825270248
1997-07-15,0.8340669113250757
1997-07-16,0.819979549749658
1997-07-17,
1997-07-18,
1997-07-19,0.945111656350792
1997-07-20,0.7678743998071863
1997-07-21,0.8059306284878024
1997-07-22,0.8137450426383765
1997-07-23,
1997-07-24,0.7901171064177265
1997-07-25,0.827697451471889
1997-07-26,
1997-07-27,
1997-07-28,0.78763868605865
1997-07-29,0.7872807861426872
1997-07-30,0.7990644466544536
1997-07-31,0.7783596656624386
1997-08-01,0.8179839803273727
1997-08-02,0.80870950675457
1997-08-03,
1997-08-04,
1997-08-05,0.8160231103839181
1997-08-06,
1997-08-07,0.7678299139646187
1997-08-08,0.7827657431533769
1997-08-09,0.8099451504586903
1997-08-10,0.7960918008650042
1997-08-11,
1997-08-12,
1997-08-13,0.9516868008214968
1997-08-14,0.8003545689990705
1997-08-15,0.7752566458605951
1997-08-16,0.832211722223235
1997-08-17,0.8400142094275065
1997-08-18,0.8651135529645807
1997-08-19,0.7650399473119968
1997-08-20,
1997-08-21,
1997-08-22,0.7997154502264027
1997-08-23,0.7954661051211172
1997-08-24,0.7842029569229623
1997-08-25,0.8026094206030334
1997-08-26,0.8102890099663836
1997-08-27,0.8199919354814224
1997-08-28,
1997-08-29,
1997-08-30,0.7942451772604517
1997-08-31,0.7620733573474313
1997-09-01,
1997-09-02,0.8149277100787885
1997-09-03,0.8063345191921939
1997-09-04,0.8150264825588769
1997-09-05,
1997-09-06,
1997-09-07,0.9671584371378773
1997-09-08,0.7969328806784344
1997-09-09,1.0210670964213324
1997-09-10,0.7679131269184176
1997-09-11,0.8194098140619887
1997-09-12,0.8295159908888879
1997-09-13,0.7393590434639824
1997-09-14,
1997-09-15,
1997-09-16,0.79529857013515
1997-09-17,0.7662441128647791
1997-09-18,0.8321982783598012
1997-09-19,0.7890225410380817
1997-09-20,0.8330998977543007
1997-09-21,0.801404778371998
1997-09-22,
1997-09-23,
1997-09-24,0.7937835420832928
1997-09-25,0.7832581610677884
1997-09-26,0.7994961019393512
1997-09-27,0.7779808550687057
1997-09-28,0.8173493239698467
1997-09-29,0.8185286177792319
1997-09-30,
1997-10-01,
1997-10-02,0.8680683939453282
1997-10-03,0.790965338303042
1997-10-04,0.8005695804375823
1997-10-05,0.8311527988393133
1997-10-06,0.8143587622863535
1997-10-07,0.8009308829110869
1997-10-08,0.6906455469572739
1997-10-09,
1997-10-10,
1997-10-11,0.780416393771012
1997-10-12,0.7831325712016227
1997-10-13,0.7860282088807431
1997-10-14,0.8067266293320541
1997-10-15,0.8659678092538622
1997-10-16,0.8308835138734929
1997-10-17,
1997-10-18,
1997-10-19,0.7039916680910698
1997-10-20,0.7600872229857748
1997-10-21,0.7787052615172383
1997-10-22,0.715329998938785
1997-10-23,
1997-10-24,0.7838177245256401
1997-10-25,
1997-10-26,
1997-10-27,0.6521005731290643
1997-10-28,0.7689870579678586
1997-10-29,0.5002685219332206
1997-10-30,0.7459112468394283
1997-10-31,0.5758407583539701
1997-11-01,0.8052776033671044
1997-11-02,
1997-11-03,
1997-11-04,
1997-11-05,0.7384602628665605
1997-11-06,0.7118490102153864
1997-11-07,0.7405420183091567
1997-11-08,
1997-11-09,0.792059730180247
1997-11-10,0.7596940113531849
1997-11-11,
1997-11-12,
1997-11-13,
1997-11-14,
1997-11-15,
1997-11-16,
1997-11-17,
1997-11-18,
1997-11-19,
1997-11-20,
1997-11-21,
1997-11-22,0.7314687004304391
1997-11-23,
1997-11-24,
1997-11-25,
1997-11-26,
1997-11-27,
1997-11-28,
1997-11-29,
1997-11-30,
1997-12-01,0.5101676646706588
1997-12-02,
1997-12-03,
1997-12-04,0.5666451219512196
1997-12-05,0.711908883911854
1997-12-06,
1997-12-07,
1997-12-08,0.7091830183745901
1997-12-09,
1997-12-10,
1997-12-11,
1997-12-12,
1997-12-13,
1997-12-14,
1997-12-15,
1997-12-16,
1997-12-17,
1997-12-18,
1997-12-19,
1997-12-20,
1997-12-21,
1997-12-22,
1997-12-23,
1997-12-24,
1997-12-25,
1997-12-26,0.5466550964541378
1997-12-27,0.49707654867256634
1997-12-28,
1997-12-29,
1997-12-30,
1997-12-31,
1998-01-01,
1998-01-02,
1998-01-03,
1998-01-04,0.6755897153206724
1998-01-05,0.5672377270027337
1998-01-06,
1998-01-07,
1998-01-08,
1998-01-09,
1998-01-10,0.67814485891328
1998-01-11,0.5801066615638649
1998-01-12,
1998-01-13,
1998-01-14,
1998-01-15,
1998-01-16,
1998-01-17,
1998-01-18,
1998-01-19,
1998-01-20,
1998-01-21,
1998-01-22,
1998-01-23,
1998-01-24,
1998-01-25,
1998-01-26,
1998-01-27,
1998-01-28,
1998-01-29,
1998-01-30,0.6033118323763386
1998-01-31,
1998-02-01,
1998-02-02,
1998-02-03,
1998-02-04,0.6049124218507834
1998-02-05,
1998-02-06,
1998-02-07,
1998-02-08,
1998-02-09,
1998-02-10,
1998-02-11,
1998-02-12,0.6260665951137403
1998-02-13,0.684619927289163
1998-02-14,
1998-02-15,
1998-02-16,
1998-02-17,
1998-02-18,
1998-02-19,
1998-02-20,0.7917265157530365
1998-02-21,0.6895162585781851
1998-02-22,0.6492284112368267
1998-02-23,
1998-02-24,0.7117262868509022
1998-02-25,0.5091351351351352
1998-02-26,0.6684944663539076
1998-02-27,
1998-02-28,
1998-03-01,0.6675038190042178
1998-03-02,0.5851657367283223
1998-03-03,0.6736265425791685
1998-03-04,0.6744646408246419
1998-03-05,0.7106472646059973
1998-03-06,
1998-03-07,
1998-03-08,
1998-03-09,0.685697147037123
1998-03-10,0.6946478714300774
1998-03-11,
1998-03-12,
1998-03-13,
1998-03-14,
1998-03-15,
1998-03-16,
1998-03-17,
1998-03-18,
1998-03-19,
1998-03-20,
1998-03-21,
1998-03-22,
1998-03-23,
1998-03-24,
1998-03-25,
1998-03-26,0.6139337879171374
1998-03-27,0.7133962965562004
1998-03-28,0.762877237192421
1998-03-29,0.7682297857937913
1998-03-30,0.7812083698501417
1998-03-31,0.7439609249834848
1998-04-01,
1998-04-02,
1998-04-03,0.723725516487092
1998-04-04,0.7122627660767593
1998-04-05,0.6952985469732293
1998-04-06,0.7487284848125784
1998-04-07,0.7507564643662005
1998-04-08,0.7340837057410308
1998-04-09,
1998-04-10,
1998-04-11,0.6878047141575042
1998-04-12,0.5768976491328458
1998-04-13,0.686448746612384
1998-04-14,0.755421983483732
1998-04-15,
1998-04-16,0.7907865799579428
1998-04-17,
1998-04-18,
1998-04-19,0.9044407119225917
1998-04-20,0.7284380288012104
1998-04-21,0.7562177594060845
1998-04-22,0.7591665349451663
1998-04-23,0.7901138478873723
1998-04-24,0.7779208749436488
1998-04-25,0.6884604294727643
1998-04-26,
1998-04-27,
1998-04-28,0.7721484950732491
1998-04-29,0.7603272523152657
1998-04-30,0.789309040626726
1998-05-01,0.8075343544817052
1998-05-02,0.8261292608406086
1998-05-03,0.8426298866383439
1998-05-04,
1998-05-05,
1998-05-06,0.8148151529554398
1998-05-07,0.7723574598886642
1998-05-08,0.7934664382384983
1998-05-09,0.853564846017003
1998-05-10,0.8218444374894261
1998-05-11,0.8347546432345675
1998-05-12,
1998-05-13,
1998-05-14,0.8148969563951125
1998-05-15,0.7646725524041179
1998-05-16,0.791760321098016
1998-05-17,0.810696154918039
1998-05-18,0.8018710931028233
1998-05-19,0.8143361311143923
1998-05-20,
1998-05-21,
1998-05-22,0.8393893805309736
1998-05-23,0.7797172972929501
1998-05-24,
1998-05-25,0.7850014096545758
1998-05-26,0.8258267607844536
1998-05-27,0.8032448941022797
1998-05-28,0.8091457260933851
1998-05-29,
1998-05-30,
1998-05-31,0.8406338016839258
1998-06-01,0.7776509013653155
1998-06-02,0.7691544827876271
1998-06-03,0.7857564787788419
1998-06-04,0.7760504445431636
1998-06-05,0.7931707450475124
1998-06-06,
1998-06-07,
1998-06-08,0.8005989545243533
1998-06-09,
1998-06-10,0.7681782266612753
1998-06-11,0.8021641153089939
1998-06-12,0.8441022967678905
1998-06-13,0.8589753629041378
1998-06-14,
1998-06-15,
1998-06-16,0.9451270305471839
1998-06-17,0.7874311586445918
1998-06-18,0.8147949566401864
1998-06-19,0.8156359651134794
1998-06-20,
1998-06-21,0.8176850550153153
1998-06-22,0.7187239855239856
1998-06-23,
1998-06-24,
1998-06-25,0.7717727077950277
1998-06-26,0.820939134336736
1998-06-27,0.7971461699820743
1998-06-28,0.8058997609243073
1998-06-29,0.821269123371492
1998-06-30,0.7476960594444115
1998-07-01,
1998-07-02,
1998-07-03,0.7813811683591614
1998-07-04,0.7842646388334723
1998-07-05,0.817344160216656
1998-07-06,0.7986888735860039
1998-07-07,0.8333621489350437
1998-07-08,0.8193716223192938
1998-07-09,
1998-07-10,
1998-07-11,0.8066294646713851
1998-07-12,0.7886964811025692
1998-07-13,0.7664473041189781
1998-07-14,0.802686700933866
1998-07-15,0.8018028616297531
1998-07-16,0.8266193465623873
1998-07-17,
1998-07-18,
1998-07-19,0.9360661690031199
1998-07-20,0.8066899183581967
1998-07-21,0.7804432107879768
1998-07-22,0.8275388812373583
1998-07-23,0.8343601298016011
1998-07-24,0.8386697364811045
1998-07-25,0.689958838137835
1998-07-26,
1998-07-27,
1998-07-28,0.805279245481485
1998-07-29,0.7947890792110351
1998-07-30,0.815683286568452
1998-07-31,0.8464462144628039
1998-08-01,0.791447842274185
1998-08-02,0.7987525046214824
1998-08-03,
1998-08-04,
1998-08-05,0.8180408513405312
1998-08-06,0.8092397056697517
1998-08-07,0.829808859529942
1998-08-08,0.7973983626009072
1998-08-09,0.8331605500357285
1998-08-10,0.8110194879233706
1998-08-11,
1998-08-12,
1998-08-13,0.8027763478656502
1998-08-14,0.8004446930129134
1998-08-15,
1998-08-16,0.7928421657453106
1998-08-17,0.8420703869977473
1998-08-18,0.823907871782289
1998-08-19,
1998-08-20,
1998-08-21,0.9520104005050166
1998-08-22,0.7877333887021932
1998-08-23,0.7863909907701272
1998-08-24,0.8053478535141021
1998-08-25,0.8245158308646982
1998-08-26,0.8534318739011529
1998-08-27,0.7303166996224333
1998-08-28,
1998-08-29,
1998-08-30,0.7859966343280447
1998-08-31,0.8097337218693401
1998-09-01,0.7874387420326067
1998-09-02,0.8032606521111154
1998-09-03,0.8075011827463529
1998-09-04,0.8402769998894085
1998-09-05,
1998-09-06,
1998-09-07,0.8122431334935837
1998-09-08,0.8032684893143907
1998-09-09,0.786688889810207
1998-09-10,0.8122724001523179
1998-09-11,0.8106010957816027
1998-09-12,0.8342689302847193
1998-09-13,
1998-09-14,
1998-09-15,0.8245210751967031
1998-09-16,0.8136970838301887
1998-09-17,0.8084589440489497
1998-09-18,0.7970217443008807
1998-09-19,0.7817023071246755
1998-09-20,0.8342584917637896
1998-09-21,
1998-09-22,
1998-09-23,0.9398583973262639
1998-09-24,0.7637294454759657
1998-09-25,0.7757481552510538
1998-09-26,0.8005872858840478
1998-09-27,0.8140748187340859
1998-09-28,0.8303025194875292
1998-09-29,0.7200427377352786
1998-09-30,
1998-10-01,
1998-10-02,0.7788645048906567
1998-10-03,0.770405634930512
1998-10-04,0.7929650508114295
1998-10-05,0.7635688361486348
1998-10-06,0.7992279976215789
1998-10-07,
1998-10-08,
1998-10-09,
1998-10-10,0.857876732550063
1998-10-11,0.8113106568512752
1998-10-12,0.8052502777425843
1998-10-13,0.7927028073915943
1998-10-14,0.8346397996294305
1998-10-15,0.8129334000996884
1998-10-16,
1998-10-17,
1998-10-18,0.8021541672218766
1998-10-19,0.7779702211800147
1998-10-20,0.7642019199875465
1998-10-21,0.6908294157710347
1998-10-22,0.7718315208460104
1998-10-23,0.8183141482579289
1998-10-24,
1998-10-25,
1998-10-26,0.8932851907994975
1998-10-27,0.7722087059858989
1998-10-28,0.8014901814358323
1998-10-29,0.7571641570392584
1998-10-30,0.8043194433171618
1998-10-31,0.7955577505639276
1998-11-01,0.6843093359871889
1998-11-02,
1998-11-03,
1998-11-04,
1998-11-05,0.6686026385224275
1998-11-06,
1998-11-07,
1998-11-08,0.7206988732163516
1998-11-09,
1998-11-10,
1998-11-11,
1998-11-12,0.7743792245771656
1998-11-13,0.7665011909571592
1998-11-14,0.5115508982035929
1998-11-15,0.7743427921328027
1998-11-16,0.7870884973055734
1998-11-17,0.7897900688917049
1998-11-18,
1998-11-19,
1998-11-20,0.7017174514682711
1998-11-21,0.7735011542088265
1998-11-22,0.6651931250828198
1998-11-23,0.7663789900088013
1998-11-24,0.7909538965410705
1998-11-25,0.7680549801774447
1998-11-26,
1998-11-27,
1998-11-28,0.857420451468175
1998-11-29,0.6982379076750104
1998-11-30,0.7816293792125637
1998-12-01,0.7787395627698983
1998-12-02,0.7947056873751028
1998-12-03,0.7872376085494687
1998-12-04,
1998-12-05,
1998-12-06,0.8474230769230768
1998-12-07,
1998-12-08,0.7656369937679047
1998-12-09,0.7034932338498182
1998-12-10,
1998-12-11,0.6794656770197092
1998-12-12,
1998-12-13,
1998-12-14,
1998-12-15,
1998-12-16,0.6011912323258184
1998-12-17,0.48149448102246317
1998-12-18,
1998-12-19,
1998-12-20,0.7120351570231204
1998-12-21,
1998-12-22,
1998-12-23,
1998-12-24,
1998-12-25,
1998-12-26,
1998-12-27,
1998-12-28,
1998-12-29,
1998-12-30,
1998-12-31,
1999-01-01,
1999-01-02,
1999-01-03,
1999-01-04,
1999-01-05,
1999-01-06,
1999-01-07,
1999-01-08,
1999-01-09,
1999-01-10,
1999-01-11,
1999-01-12,
1999-01-13,
1999-01-14,
1999-01-15,
1999-01-16,
1999-01-17,
1999-01-18,
1999-01-19,
1999-01-20,0.5149087840180998
1999-01-21,
1999-01-22,
1999-01-23,
1999-01-24,
1999-01-25,0.647938234417027
1999-01-26,
1999-01-27,
1999-01-28,
1999-01-29,
1999-01-30,
1999-01-31,
1999-02-01,
1999-02-02,
1999-02-03,0.5802943125569491
1999-02-04,
1999-02-05,0.5877038624205856
1999-02-06,
1999-02-07,
1999-02-08,
1999-02-09,
1999-02-10,
1999-02-11,
1999-02-12,0.6714117376349743
1999-02-13,0.5192678107166125
1999-02-14,
1999-02-15,
1999-02-16,
1999-02-17,
1999-02-18,
1999-02-19,
1999-02-20,
1999-02-21,
1999-02-22,
1999-02-23,
1999-02-24,
1999-02-25,
1999-02-26,
1999-02-27,
1999-02-28,
1999-03-01,
1999-03-02,0.6131730612244899
1999-03-03,
1999-03-04,0.7319166668418159
1999-03-05,
1999-03-06,
1999-03-07,
1999-03-08,
1999-03-09,
1999-03-10,
1999-03-11,
1999-03-12,
1999-03-13,
1999-03-14,
1999-03-15,
1999-03-16,
1999-03-17,0.7601454283674034
1999-03-18,0.7076921854080609
1999-03-19,0.7345204861733243
1999-03-20,
1999-03-21,
1999-03-22,
1999-03-23,0.7081660049611128
1999-03-24,0.5475554498373939
1999-03-25,0.700112760718895
1999-03-26,
1999-03-27,
1999-03-28,0.8207690502122178
1999-03-29,
1999-03-30,
1999-03-31,0.7769894786053612
1999-04-01,0.7266800844072817
1999-04-02,0.7787458937229372
1999-04-03,0.7680719692558554
1999-04-04,0.8022981525248256
1999-04-05,0.6348635492991606
1999-04-06,
1999-04-07,
1999-04-08,0.9227419877634567
1999-04-09,0.7479114372514042
1999-04-10,
1999-04-11,0.6028416345885331
1999-04-12,0.7162906944173715
1999-04-13,0.7798406277415764
1999-04-14,0.6914117937713649
1999-04-15,
1999-04-16,
1999-04-17,0.753268465696156
1999-04-18,0.7516477223572544
1999-04-19,0.7404676984797279
1999-04-20,0.7540632891822262
1999-04-21,0.7862375790911266
1999-04-22,0.7965306693210861
1999-04-23,
1999-04-24,
1999-04-25,0.7274860324928945
1999-04-26,0.7765668396171586
1999-04-27,0.7578207249985724
1999-04-28,0.7798595760977033
1999-04-29,0.7962703742811427
1999-04-30,0.8053052405699083
1999-05-01,
1999-05-02,
1999-05-03,0.7840942100243167
1999-05-04,0.7789509129373127
1999-05-05,0.7755262938224354
1999-05-06,0.7778194928749037
1999-05-07,0.8309706111775165
1999-05-08,0.8515389232745992
1999-05-09,
1999-05-10,
1999-05-11,0.7680992545383472
1999-05-12,0.785598435414663
1999-05-13,0.7723079283273779
1999-05-14,0.7756594805453774
1999-05-15,0.7905458914791383
1999-05-16,0.8111468533163041
1999-05-17,
1999-05-18,
1999-05-19,0.9004378610120372
1999-05-20,0.7865678018302079
1999-05-21,0.7883010523753214
1999-05-22,0.8036868555369296
1999-05-23,0.8120386606013242
1999-05-24,0.8218859220461632
1999-05-25,
1999-05-26,
1999-05-27,0.9284865913016174
1999-05-28,0.780222259125257
1999-05-29,0.7620527547759182
1999-05-30,0.8006628679695152
1999-05-31,0.7958984459143188
1999-06-01,0.8106132717313322
1999-06-02,0.7319616622087345
1999-06-03,
1999-06-04,
1999-06-05,0.7995616975248948
1999-06-06,0.800881623250176
1999-06-07,0.8100736603994318
1999-06-08,0.8005584119612863
1999-06-09,0.8179765542397269
1999-06-10,0.8191444282690868
1999-06-11,
1999-06-12,
1999-06-13,0.8146563164701449
1999-06-14,0.8398086512010763
1999-06-15,0.7849857432890134
1999-06-16,0.7879856928131909
1999-06-17,0.8180478055764363
1999-06-18,0.8270851932613831
1999-06-19,
1999-06-20,
1999-06-21,0.8103352348131826
1999-06-22,0.7722719732175589
1999-06-23,0.8096027401973398
1999-06-24,0.8276306091494502
1999-06-25,0.7969771021461479
1999-06-26,0.8203883318174733
1999-06-27,
1999-06-28,
1999-06-29,0.8171179681377224
1999-06-30,0.7959976317732946
1999-07-01,0.8496657434699554
1999-07-02,0.8090735672415188
1999-07-03,0.815681944818534
1999-07-04,0.7334304268883852
1999-07-05,
1999-07-06,
1999-07-07,0.8465576101538834
1999-07-08,0.817492726916424
1999-07-09,0.8172654229507494
1999-07-10,0.8332249339789366
1999-07-11,0.8041893112545506
1999-07-12,0.8181285375469187
1999-07-13,
1999-07-14,
1999-07-15,0.9080716431808036
1999-07-16,0.7936103315984381
1999-07-17,0.7878519866983641
1999-07-18,0.8092219311210422
1999-07-19,0.8252206457334731
1999-07-20,0.8293681254801595
1999-07-21,
1999-07-22,
1999-07-23,0.8589073624231519
1999-07-24,0.8126167573733006
1999-07-25,0.821524161467584
1999-07-26,0.8204671403250311
1999-07-27,0.8239751937792988
1999-07-28,0.8333045552567755
1999-07-29,0.6614413374556405
1999-07-30,
1999-07-31,
1999-08-01,0.8560562588574524
1999-08-02,0.793609016658466
1999-08-03,0.7925031810971718
1999-08-04,0.8065952058002611
1999-08-05,0.8177576483453574
1999-08-06,0.79112416160247
1999-08-07,
1999-08-08,
1999-08-09,0.7828308650475129
1999-08-10,0.7717766136733762
1999-08-11,0.8386793531552119
1999-08-12,0.8382466473772174
1999-08-13,0.8455939302370452
1999-08-14,0.8336844111867732
1999-08-15,
1999-08-16,
1999-08-17,0.8101270231281541
1999-08-18,0.7946064131801465
1999-08-19,0.7919471143363445
1999-08-20,0.818084825718027
1999-08-21,0.8225803267330892
1999-08-22,0.8255940573223226
1999-08-23,
1999-08-24,
1999-08-25,0.7905913228656819
1999-08-26,0.8371555276792247
1999-08-27,0.836044752837791
1999-08-28,0.8125846363801411
1999-08-29,0.8301303854897699
1999-08-30,0.8088089484869252
1999-08-31,
1999-09-01,
1999-09-02,0.8157652052034345
1999-09-03,0.7802732047290557
1999-09-04,0.8045304512979108
1999-09-05,0.8350336340582427
1999-09-06,0.8444747040385661
1999-09-07,0.8486422228054757
1999-09-08,
1999-09-09,
1999-09-10,0.8332303886729061
1999-09-11,0.8025180283240146
1999-09-12,0.793977743341944
1999-09-13,0.762116157818243
1999-09-14,0.810086762158642
1999-09-15,0.814023233062234
1999-09-16,
1999-09-17,
1999-09-18,0.8871421610621699
1999-09-19,0.7734463465375188
1999-09-20,0.7523539496387767
1999-09-21,0.8610411861689494
1999-09-22,0.8143852599652041
1999-09-23,0.7881876009519718
1999-09-24,
1999-09-25,
1999-09-26,0.9125242392515112
1999-09-27,0.7734813207020578
1999-09-28,0.7980867530220833
1999-09-29,0.8124170223364859
1999-09-30,0.8043834411181566
1999-10-01,0.7874642112414485
1999-10-02,0.7278572988714962
1999-10-03,
1999-10-04,
1999-10-05,0.7745314781075914
1999-10-06,0.7633453010551275
1999-10-07,0.7386954065897875
1999-10-08,
1999-10-09,0.8364383650840361
1999-10-10,0.7604599263927249
1999-10-11,
1999-10-12,
1999-10-13,0.7694906340049119
1999-10-14,0.7964456699194452
1999-10-15,0.6867100759433822
1999-10-16,0.7934061503907307
1999-10-17,0.8033718028916568
1999-10-18,0.8021145794396944
1999-10-19,
1999-10-20,
1999-10-21,0.7807713776155871
1999-10-22,0.7309446173496403
1999-10-23,0.776720635735411
1999-10-24,0.7824873538709815
1999-10-25,0.803076034272491
1999-10-26,0.7832953650816963
1999-10-27,
1999-10-28,
1999-10-29,0.766081765664843
1999-10-30,0.7534406988330117
1999-10-31,0.7625541629506247
1999-11-01,0.7756702503824509
1999-11-02,0.8232932397122201
1999-11-03,0.7635705884439514
1999-11-04,
1999-11-05,
1999-11-06,0.7499268105282226
1999-11-07,0.7626849459625498
1999-11-08,
1999-11-09,
1999-11-10,0.7858286615503299
1999-11-11,0.7830722541871681
1999-11-12,
1999-11-13,
1999-11-14,0.7229399354847911
1999-11-15,0.7855638089663524
1999-11-16,
1999-11-17,
1999-11-18,
1999-11-19,0.748375433610667
1999-11-20,
1999-11-21,
1999-11-22,0.7735388261860687
1999-11-23,0.7476881807328208
1999-11-24,0.7672531639556354
1999-11-25,0.7963526872865
1999-11-26,0.7947986591515214
1999-11-27,0.811701095026917
1999-11-28,
1999-11-29,
1999-11-30,
1999-12-01,
1999-12-02,
1999-12-03,
1999-12-04,0.7582119366445604
1999-12-05,0.7951905314312608
1999-12-06,
1999-12-07,
1999-12-08,
1999-12-09,
1999-12-10,
1999-12-11,0.7214360100265359
1999-12-12,
1999-12-13,
1999-12-14,
1999-12-15,
1999-12-16,0.8210050530149363
1999-12-17,0.6366560352115553
1999-12-18,
1999-12-19,
1999-12-20,
1999-12-21,
1999-12-22,
1999-12-23,
1999-12-24,
1999-12-25,
1999-12-26,
1999-12-27,
1999-12-28,
1999-12-29,
1999-12-30,
1999-12-31,
2000-01-01,
2000-01-02,
2000-01-03,0.7645284021979715
2000-01-04,0.7019559867658638
2000-01-05,0.7255952191313964
2000-01-06,
2000-01-07,
2000-01-08,
2000-01-09,
2000-01-10,0.6146298514124141
2000-01-11,0.7337444975606991
2000-01-12,0.6888916601461393
2000-01-13,
2000-01-14,
2000-01-15,
2000-01-16,
2000-01-17,
2000-01-18,
2000-01-19,
2000-01-20,
2000-01-21,
2000-01-22,
2000-01-23,
2000-01-24,
2000-01-25,
2000-01-26,
2000-01-27,
2000-01-28,
2000-01-29,
2000-01-30,
2000-01-31,
2000-02-01,
2000-02-02,
2000-02-03,
2000-02-04,
2000-02-05,
2000-02-06,
2000-02-07,
2000-02-08,
2000-02-09,
2000-02-10,
2000-02-11,
2000-02-12,
2000-02-13,
2000-02-14,
2000-02-15,
2000-02-16,
2000-02-17,
2000-02-18,
2000-02-19,
2000-02-20,
2000-02-21,
2000-02-22,
2000-02-23,
2000-02-24,0.5891882948817102
2000-02-25,
2000-02-26,
2000-02-27,0.512932321184214
2000-02-28,0.7214333129631593
2000-02-29,0.6434771577316796
2000-03-01,0.6828168081861569
2000-03-02,0.7134420349085584
2000-03-03,
2000-03-04,
2000-03-05,
2000-03-06,0.6921588303434814
2000-03-07,
2000-03-08,0.7568932576222699
2000-03-09,0.7768884006131777
2000-03-10,0.7597805139813765
2000-03-11,0.7147996956678961
2000-03-12,
2000-03-13,
2000-03-14,
2000-03-15,0.697445734556227
2000-03-16,0.7357587419651355
2000-03-17,0.7376074369285341
2000-03-18,
2000-03-19,
2000-03-20,
2000-03-21,
2000-03-22,0.6167029092916616
2000-03-23,0.6284934938651303
2000-03-24,0.7437784306052752
2000-03-25,0.7049738112119371
2000-03-26,0.7492653907450395
2000-03-27,0.6764107075971724
2000-03-28,
2000-03-29,
2000-03-30,0.7454244357175915
2000-03-31,0.5678417210877207
2000-04-01,0.6592396739201466
2000-04-02,0.7771376560693406
2000-04-03,0.8045039331995915
2000-04-04,0.7435696864024085
2000-04-05,
2000-04-06,
2000-04-07,0.7236380151015063
2000-04-08,0.7454672711550286
2000-04-09,0.6927455903127779
2000-04-10,0.6455005446224187
2000-04-11,0.8017049766733688
2000-04-12,0.6830413869092703
2000-04-13,
2000-04-14,
2000-04-15,0.7657100519387244
2000-04-16,0.7850248391535477
2000-04-17,0.7981525068299686
2000-04-18,0.7995530990868283
2000-04-19,0.8014197227314982
2000-04-20,0.5947728914754836
2000-04-21,
2000-04-22,
2000-04-23,0.7476336690417414
2000-04-24,0.7597402723396565
2000-04-25,0.7675718362303996
2000-04-26,0.7943815365074098
2000-04-27,0.7456837350114435
2000-04-28,0.7077368703532949
2000-04-29,
2000-04-30,0.8419871122693263
2000-05-01,0.754869480046413
2000-05-02,0.765823525430082
2000-05-03,0.7597814240046041
2000-05-04,0.8005045134347308
2000-05-05,0.8085493412446635
2000-05-06,
2000-05-07,
2000-05-08,0.9490016960023853
2000-05-09,0.7953028193774605
2000-05-10,0.8169164757506737
2000-05-11,0.7866505581240496
2000-05-12,0.814981462766764
2000-05-13,0.8528528023463031
2000-05-14,
2000-05-15,
2000-05-16,0.9262801059344834
2000-05-17,0.7665162126892122
2000-05-18,0.826844321177288
2000-05-19,0.8362134640322684
2000-05-20,0.799899685939232
2000-05-21,0.844120367446215
2000-05-22,
2000-05-23,
2000-05-24,0.8702686894753586
2000-05-25,0.753984806835372
2000-05-26,0.7927143374996054
2000-05-27,0.8039242141204287
2000-05-28,0.786274625159906
2000-05-29,0.8072680965954212
2000-05-30,
2000-05-31,
2000-06-01,0.8189884193324822
2000-06-02,0.7993571587462989
2000-06-03,0.7858256058690583
2000-06-04,0.7836921038106845
2000-06-05,0.8192872935432371
2000-06-06,0.8659037658543589
2000-06-07,
2000-06-08,
2000-06-09,0.7981496907589614
2000-06-10,0.7730786314279756
2000-06-11,0.7662243671999802
2000-06-12,0.8602338579513253
2000-06-13,0.8071632129383652
2000-06-14,0.8327845929540022
2000-06-15,
2000-06-16,
2000-06-17,0.807689119994728
2000-06-18,0.8014806463721322
2000-06-19,0.7810471573245191
2000-06-20,0.764368343072825
2000-06-21,0.8181762242657068
2000-06-22,0.8044032564361596
2000-06-23,
2000-06-24,
2000-06-25,0.7915288583025377
2000-06-26,0.8169503103489106
2000-06-27,0.7989884873032258
2000-06-28,0.7950833721266015
2000-06-29,0.8271107904034329
2000-06-30,0.8064839742280221
2000-07-01,
2000-07-02,
2000-07-03,0.7916216276762177
2000-07-04,0.7756424814846467
2000-07-05,0.7601419445554458
2000-07-06,0.7929688308364419
2000-07-07,0.8078806262398356
2000-07-08,0.7974531818073054
2000-07-09,
2000-07-10,
2000-07-11,0.7577951555640399
2000-07-12,0.7887774433662985
2000-07-13,0.7871596743204063
2000-07-14,0.8251915293934841
2000-07-15,0.8225014222995866
2000-07-16,0.7738811575872389
2000-07-17,
2000-07-18,
2000-07-19,0.7951578599096394
2000-07-20,0.775310991127242
2000-07-21,0.7582200672289507
2000-07-22,0.7966566146961765
2000-07-23,0.7967510997748098
2000-07-24,0.7431428088031593
2000-07-25,
2000-07-26,
2000-07-27,0.8316034919613176
2000-07-28,0.8179734104050398
2000-07-29,0.8030039776882458
2000-07-30,0.7955502837617134
2000-07-31,0.8436099703324927
2000-08-01,
2000-08-02,
2000-08-03,0.9323129610685023
2000-08-04,0.8087979808199177
2000-08-05,0.7848059854095447
2000-08-06,0.8050473620070394
2000-08-07,0.8409648858054972
2000-08-08,0.8271119112121637
2000-08-09,
2000-08-10,
2000-08-11,0.9030561279279162
2000-08-12,0.807769419886091
2000-08-13,0.8131024243686023
2000-08-14,0.8116081386713226
2000-08-15,0.8384473682767409
2000-08-16,0.7816188427003959
2000-08-17,
2000-08-18,
2000-08-19,0.8032761865196771
2000-08-20,0.775601520672268
2000-08-21,0.7602464197069033
2000-08-22,0.7770221723178532
2000-08-23,0.7974722558064873
2000-08-24,0.8346433085451385
2000-08-25,
2000-08-26,
2000-08-27,0.806805851261746
2000-08-28,0.8367693760158073
2000-08-29,0.8069797768225283
2000-08-30,0.8543693506266266
2000-08-31,0.828748277191716
2000-09-01,0.8373452775191353
2000-09-02,
2000-09-03,
2000-09-04,0.8353835913001281
2000-09-05,0.7918585383513781
2000-09-06,0.782272408907755
2000-09-07,0.7929389117351802
2000-09-08,0.7042018834347393
2000-09-09,0.8497983301497383
2000-09-10,
2000-09-11,
2000-09-12,0.7971384524281143
2000-09-13,0.8194090936370438
2000-09-14,0.78291272307833
2000-09-15,0.8740527434401931
2000-09-16,0.7945607842890404
2000-09-17,0.7465558518723573
2000-09-18,
2000-09-19,
2000-09-20,0.8062412983231673
2000-09-21,0.8010860037482712
2000-09-22,0.7579728509184942
2000-09-23,0.8259313793446807
2000-09-24,0.8317806022327194
2000-09-25,
2000-09-26,
2000-09-27,0.9373024668512138
2000-09-28,0.791747227231556
2000-09-29,0.7153539105673973
2000-09-30,0.7834247407417277
2000-10-01,0.7974608414679494
2000-10-02,0.8033280933344931
2000-10-03,
2000-10-04,
2000-10-05,0.8795468110605794
2000-10-06,0.7834002969475845
2000-10-07,0.7716235763784615
2000-10-08,0.7735332373420447
2000-10-09,0.6992320596963609
2000-10-10,0.735481810847092
2000-10-11,
2000-10-12,
2000-10-13,0.792238353423065
2000-10-14,0.7902528292922439
2000-10-15,0.793451179684853
2000-10-16,0.7948000983693176
2000-10-17,0.8121943173586927
2000-10-18,0.8368249452056256
2000-10-19,
2000-10-20,
2000-10-21,0.7702269299829311
2000-10-22,0.7772280285182382
2000-10-23,0.6917009861705095
2000-10-24,0.7980273812192702
2000-10-25,0.8063834085938962
2000-10-26,0.7876570040945081
2000-10-27,
2000-10-28,
2000-10-29,0.7151537550016308
2000-10-30,
2000-10-31,0.7423898639087235
2000-11-01,0.7716418172245415
2000-11-02,0.752593893986158
2000-11-03,0.7064367682329424
2000-11-04,
2000-11-05,
2000-11-06,0.771626362390477
2000-11-07,0.7402775330283772
2000-11-08,0.7750595211510151
2000-11-09,0.8057215598313471
2000-11-10,0.869844513953319
2000-11-11,
2000-11-12,
2000-11-13,0.836286456593477
2000-11-14,0.759379194321557
2000-11-15,0.7414552162827485
2000-11-16,0.7630356382441372
2000-11-17,0.784069285452256
2000-11-18,0.6646961269841271
2000-11-19,
2000-11-20,
2000-11-21,
2000-11-22,
2000-11-23,
2000-11-24,
2000-11-25,
2000-11-26,
2000-11-27,
2000-11-28,
2000-11-29,0.6902344019708444
2000-11-30,0.5875018285028548
2000-12-01,
2000-12-02,
2000-12-03,
2000-12-04,
2000-12-05,
2000-12-06,
2000-12-07,
2000-12-08,
2000-12-09,
2000-12-10,
2000-12-11,
2000-12-12,
2000-12-13,
2000-12-14,
2000-12-15,
2000-12-16,
2000-12-17,0.5839182540838548
2000-12-18,
2000-12-19,
2000-12-20,
2000-12-21,
2000-12-22,
2000-12-23,
2000-12-24,
2000-12-25,
2000-12-26,
2000-12-27,
2000-12-28,
2000-12-29,
2000-12-30,
2000-12-31,
2001-01-01,
2001-01-02,
2001-01-03,
2001-01-04,
2001-01-05,
2001-01-06,
2001-01-07,
2001-01-08,
2001-01-09,
2001-01-10,
2001-01-11,
2001-01-12,
2001-01-13,
2001-01-14,
2001-01-15,
2001-01-16,
2001-01-17,
2001-01-18,
2001-01-19,
2001-01-20,
2001-01-21,
2001-01-22,
2001-01-23,
2001-01-24,
2001-01-25,
2001-01-26,
2001-01-27,
2001-01-28,
2001-01-29,
2001-01-30,
2001-01-31,
2001-02-01,
2001-02-02,
2001-02-03,
2001-02-04,
2001-02-05,
2001-02-06,
2001-02-07,
2001-02-08,
2001-02-09,
2001-02-10,0.5433072033898305
2001-02-11,
2001-02-12,
2001-02-13,
2001-02-14,
2001-02-15,0.4925644793003236
2001-02-16,
2001-02-17,
2001-02-18,
2001-02-19,
2001-02-20,
2001-02-21,
2001-02-22,
2001-02-23,
2001-02-24,
2001-02-25,
2001-02-26,
2001-02-27,
2001-02-28,
2001-03-01,
2001-03-02,
2001-03-03,
2001-03-04,
2001-03-05,
2001-03-06,
2001-03-07,
2001-03-08,
2001-03-09,
2001-03-10,
2001-03-11,
2001-03-12,
2001-03-13,
2001-03-14,
2001-03-15,
2001-03-16,
2001-03-17,
2001-03-18,0.5061649104589552
2001-03-19,
2001-03-20,
2001-03-21,
2001-03-22,0.6024361565342159
2001-03-23,
2001-03-24,
2001-03-25,
2001-03-26,
2001-03-27,
2001-03-28,
2001-03-29,
2001-03-30,
2001-03-31,
2001-04-01,
2001-04-02,
2001-04-03,0.5429303586737985
2001-04-04,0.6473535948280807
2001-04-05,
2001-04-06,0.6156211177097864
2001-04-07,0.6555126046019912
2001-04-08,
2001-04-09,
2001-04-10,0.7568247432492003
2001-04-11,0.7299341349277544
2001-04-12,0.762736080354338
2001-04-13,0.7128890862338458
2001-04-14,0.719542362576917
2001-04-15,0.7000111111111113
2001-04-16,
2001-04-17,0.8581016613150915
2001-04-18,0.7010533353033502
2001-04-19,0.5390418734112172
2001-04-20,
2001-04-21,0.792945478634024
2001-04-22,0.7940489855395652
2001-04-23,
2001-04-24,
2001-04-25,0.7625734872577965
2001-04-26,0.7041572698404948
2001-04-27,0.7373543259943878
2001-04-28,0.7669922866200268
2001-04-29,0.7648404766912573
2001-04-30,0.7405848759647136
2001-05-01,
2001-05-02,
2001-05-03,0.7813104731649954
2001-05-04,0.7698688242730767
2001-05-05,0.8018575807461833
2001-05-06,0.7805130124032904
2001-05-07,0.7800206770257117
2001-05-08,0.6956021901153246
2001-05-09,
2001-05-10,0.8351150442477876
2001-05-11,0.7600946558314111
2001-05-12,0.7910999735418183
2001-05-13,0.8056853905172935
2001-05-14,0.8122713922950328
2001-05-15,0.8355354539548252
2001-05-16,
2001-05-17,
2001-05-18,0.8302507762314034
2001-05-19,0.7911988244037881
2001-05-20,0.7979125266024139
2001-05-21,0.821525319877544
2001-05-22,0.8789623200401178
2001-05-23,0.9079459743359947
2001-05-24,
2001-05-25,
2001-05-26,0.7967675764313588
2001-05-27,0.8067288674387024
2001-05-28,0.8272982360450666
2001-05-29,0.7780529378520544
2001-05-30,0.7885614726306407
2001-05-31,0.7076974375568997
2001-06-01,
2001-06-02,
2001-06-03,0.7809503897240938
2001-06-04,0.7727766604279926
2001-06-05,0.7822570687610576
2001-06-06,0.8198536791676305
2001-06-07,0.7895258211683126
2001-06-08,
2001-06-09,
2001-06-10,0.8051039145893885
2001-06-11,0.7633775335617976
2001-06-12,
2001-06-13,0.8033322330214548
2001-06-14,0.8202384875729277
2001-06-15,0.8090486841928366
2001-06-16,
2001-06-17,
2001-06-18,0.7835121926701674
2001-06-19,
2001-06-20,0.8117303596594556
2001-06-21,0.8098725219889232
2001-06-22,0.8215030523343941
2001-06-23,0.7475107991779669
2001-06-24,
2001-06-25,
2001-06-26,0.7727376025822233
2001-06-27,0.780628324861202
2001-06-28,0.80015356583066
2001-06-29,0.8239931273543091
2001-06-30,0.8170169682117894
2001-07-01,
2001-07-02,
2001-07-03,0.8124335337398036
2001-07-04,0.777847269804581
2001-07-05,0.7931373904308034
2001-07-06,0.7725559682469286
2001-07-07,0.8074226114150154
2001-07-08,0.8466272530504537
2001-07-09,
2001-07-10,
2001-07-11,0.754692359111681
2001-07-12,0.7739125308889837
2001-07-13,0.804930214250815
2001-07-14,0.8056550885251683
2001-07-15,0.8177098652313469
2001-07-16,0.7143933136716516
2001-07-17,
2001-07-18,
2001-07-19,0.7871797743078155
2001-07-20,0.7621362189037073
2001-07-21,0.7886731001862374
2001-07-22,0.7955790463541881
2001-07-23,0.8472844918016301
2001-07-24,
2001-07-25,
2001-07-26,0.8542360559850469
2001-07-27,0.7931477176197369
2001-07-28,0.7790241802144525
2001-07-29,0.8134592261267446
2001-07-30,0.8142413862481902
2001-07-31,0.8279429935437372
2001-08-01,
2001-08-02,
2001-08-03,0.7993514104908591
2001-08-04,0.8234496120246101
2001-08-05,0.8098069240330409
2001-08-06,0.8383857948317739
2001-08-07,0.8361087900659608
2001-08-08,0.6902096201305742
2001-08-09,
2001-08-10,0.9344615384615385
2001-08-11,0.8156361305485125
2001-08-12,0.8078080693424704
2001-08-13,0.8513387716166857
2001-08-14,0.846236204982955
2001-08-15,0.8167693805222976
2001-08-16,
2001-08-17,
2001-08-18,0.8029685604160619
2001-08-19,0.7996616615614558
2001-08-20,0.8308367654126823
2001-08-21,0.8157816199263981
2001-08-22,0.792281114562671
2001-08-23,0.8018471272687768
2001-08-24,
2001-08-25,
2001-08-26,0.7734824208779912
2001-08-27,0.8152804719924319
2001-08-28,0.8331857485737005
2001-08-29,0.8118098752206502
2001-08-30,0.818891948056462
2001-08-31,0.7129744136870435
2001-09-01,
2001-09-02,0.8875590090498351
2001-09-03,0.7906955941173981
2001-09-04,0.7828214379778423
2001-09-05,0.8064766181867291
2001-09-06,0.7948829087022059
2001-09-07,0.815314941991439
2001-09-08,
2001-09-09,
2001-09-10,0.8017023662145164
2001-09-11,0.7744430242523366
2001-09-12,0.8234080235910549
2001-09-13,0.7877569123722198
2001-09-14,0.8669368927449305
2001-09-15,0.8011989475950726
2001-09-16,
2001-09-17,
2001-09-18,0.7686290653822639
2001-09-19,0.8055085971644552
2001-09-20,0.7963633241853837
2001-09-21,0.8740418335366061
2001-09-22,0.8234541891526476
2001-09-23,
2001-09-24,
2001-09-25,0.8838298281837457
2001-09-26,0.7672277963932144
2001-09-27,0.7703111541493095
2001-09-28,0.7753058784698031
2001-09-29,0.8016142556904684
2001-09-30,0.8052263079468095
2001-10-01,
2001-10-02,
2001-10-03,0.783752624704871
2001-10-04,0.7911650108931281
2001-10-05,0.798675616139347
2001-10-06,0.8089337680591175
2001-10-07,0.807604961827712
2001-10-08,0.7221207435866451
2001-10-09,
2001-10-10,
2001-10-11,0.7762483796731608
2001-10-12,0.7811885693791234
2001-10-13,0.7984335886200844
2001-10-14,0.8065088782062939
2001-10-15,0.8362293783366483
2001-10-16,
2001-10-17,
2001-10-18,0.801546197145352
2001-10-19,
2001-10-20,0.797682816736996
2001-10-21,0.8046734291122408
2001-10-22,0.8179329112953773
2001-10-23,0.843467470719134
2001-10-24,
2001-10-25,
2001-10-26,0.7611906458360375
2001-10-27,0.7608214737583381
2001-10-28,0.738905621551402
2001-10-29,
2001-10-30,0.7731042235792412
2001-10-31,
2001-11-01,
2001-11-02,0.8936775386589423
2001-11-03,0.798437183846599
2001-11-04,0.7624581481124717
2001-11-05,0.7834650448390571
2001-11-06,0.8197690006666479
2001-11-07,0.7994108884404568
2001-11-08,
2001-11-09,
2001-11-10,0.5927951916667328
2001-11-11,0.7401803759599406
2001-11-12,
2001-11-13,
2001-11-14,
2001-11-15,0.7179795204611263
2001-11-16,
2001-11-17,0.8515695824643192
2001-11-18,
2001-11-19,0.7407885792680393
2001-11-20,0.7227254776724895
2001-11-21,
2001-11-22,
2001-11-23,
2001-11-24,
2001-11-25,0.7669524793147442
2001-11-26,0.7447806331365162
2001-11-27,0.769336037539196
2001-11-28,0.7662286855228254
2001-11-29,0.8633978157987142
2001-11-30,0.7355574605612883
2001-12-01,
2001-12-02,
2001-12-03,
2001-12-04,0.7177557419934688
2001-12-05,0.7745155101889745
2001-12-06,0.7854077671873174
2001-12-07,0.7853131602262854
2001-12-08,
2001-12-09,
2001-12-10,
2001-12-11,
2001-12-12,
2001-12-13,0.6818020277794186
2001-12-14,0.7698184909743325
2001-12-15,0.778423482341134
2001-12-16,
2001-12-17,
2001-12-18,
2001-12-19,0.6192918093118616
2001-12-20,0.5695140391934793
2001-12-21,0.6213901791182511
2001-12-22,
2001-12-23,
2001-12-24,
2001-12-25,
2001-12-26,
2001-12-27,
2001-12-28,
2001-12-29,
2001-12-30,
2001-12-31,
2002-01-01,
2002-01-02,
2002-01-03,
2002-01-04,
2002-01-05,
2002-01-06,
2002-01-07,
2002-01-08,
2002-01-09,
2002-01-10,
2002-01-11,0.5650880768805473
2002-01-12,0.6011289583684299
2002-01-13,0.5346421021021022
2002-01-14,0.5829630188942417
2002-01-15,
2002-01-16,
2002-01-17,
2002-01-18,
2002-01-19,
2002-01-20,
2002-01-21,
2002-01-22,
2002-01-23,
2002-01-24,0.6308641623661121
2002-01-25,0.6665555452751968
2002-01-26,0.6698896745384129
2002-01-27,0.524636483859401
2002-01-28,0.5623148333748956
2002-01-29,0.6847227877903408
2002-01-30,
2002-01-31,
2002-02-01,
2002-02-02,0.5003730088495575
2002-02-03,
2002-02-04,
2002-02-05,
2002-02-06,
2002-02-07,
2002-02-08,
2002-02-09,0.6721171164239127
2002-02-10,
2002-02-11,0.600285810115932
2002-02-12,
2002-02-13,
2002-02-14,
2002-02-15,
2002-02-16,0.7457850389199184
2002-02-17,0.7690266366833228
2002-02-18,
2002-02-19,
2002-02-20,0.77690265573459
2002-02-21,
2002-02-22,
2002-02-23,
2002-02-24,
2002-02-25,
2002-02-26,0.7643899020344042
2002-02-27,0.7297919135464038
2002-02-28,
2002-03-01,
2002-03-02,
2002-03-03,0.7075018798370126
2002-03-04,0.660211136668737
2002-03-05,
2002-03-06,
2002-03-07,
2002-03-08,
2002-03-09,
2002-03-10,0.735141684459989
2002-03-11,
2002-03-12,
2002-03-13,
2002-03-14,0.6838799520753001
2002-03-15,
2002-03-16,
2002-03-17,
2002-03-18,
2002-03-19,
2002-03-20,0.555791078589107
2002-03-21,0.5635517241379311
2002-03-22,
2002-03-23,
2002-03-24,
2002-03-25,0.5224285714285715
2002-03-26,0.5551710299980612
2002-03-27,0.5688482212450385
2002-03-28,0.6252777012875532
2002-03-29,
2002-03-30,
2002-03-31,
2002-04-01,0.7426373887885727
2002-04-02,0.7539435721193068
2002-04-03,0.767215269257145
2002-04-04,0.7146726120201852
2002-04-05,
2002-04-06,
2002-04-07,
2002-04-08,0.8420975666159642
2002-04-09,0.7734358959383916
2002-04-10,0.7318729267188621
2002-04-11,0.7602269314303424
2002-04-12,0.7770584971570216
2002-04-13,0.8011044204842886
2002-04-14,
2002-04-15,
2002-04-16,0.7530312457657745
2002-04-17,0.7772301033763721
2002-04-18,0.7635286645639107
2002-04-19,0.79222399641589
2002-04-20,0.7885715700759073
2002-04-21,
2002-04-22,
2002-04-23,0.6956094699633983
2002-04-24,0.6738113402706309
2002-04-25,0.7612545779770135
2002-04-26,0.7305826677568075
2002-04-27,0.6265984956443448
2002-04-28,0.8521276689181989
2002-04-29,
2002-04-30,
2002-05-01,0.7549873401034797
2002-05-02,0.825366643252013
2002-05-03,0.7675497365844612
2002-05-04,0.7663280232177997
2002-05-05,0.7979644531039674
2002-05-06,
2002-05-07,
2002-05-08,0.7617448523025456
2002-05-09,0.8075005834065164
2002-05-10,0.7839589251540221
2002-05-11,0.7757158938638786
2002-05-12,0.8150588484259349
2002-05-13,0.6922810426540286
2002-05-14,
2002-05-15,0.9213384561941887
2002-05-16,0.7634718478522259
2002-05-17,0.7983203118571065
2002-05-18,0.8471717158470785
2002-05-19,0.7845631260435826
2002-05-20,0.7148131938815973
2002-05-21,
2002-05-22,
2002-05-23,0.760142464888752
2002-05-24,
2002-05-25,0.7721629107484234
2002-05-26,0.8250694191964004
2002-05-27,0.8220091674489592
2002-05-28,
2002-05-29,
2002-05-30,0.8029482761603647
2002-05-31,0.7943667871514412
2002-06-01,0.7823603510928148
2002-06-02,0.81090680129286
2002-06-03,0.7959158524815186
2002-06-04,0.6922600750770659
2002-06-05,
2002-06-06,0.9554991065065197
2002-06-07,0.7909368860691853
2002-06-08,0.780171762240993
2002-06-09,0.8196856222209206
2002-06-10,0.820580879020237
2002-06-11,0.8126253659039147
2002-06-12,
2002-06-13,
2002-06-14,0.7987738621567009
2002-06-15,0.8352816202560622
2002-06-16,0.7842446580501443
2002-06-17,0.7844717408559426
2002-06-18,0.785513984861544
2002-06-19,0.8279698722351891
2002-06-20,0.8363426491325043
2002-06-21,0.7578718193294688
2002-06-22,0.7845005932983494
2002-06-23,0.8222948003503835
2002-06-24,0.8005280462278426
2002-06-25,0.8013636553657503
2002-06-26,0.8332400611169133
2002-06-27,0.8718562694320955
2002-06-28,0.8884121338912134
2002-06-29,0.783822348979956
2002-06-30,0.7714731263012556
2002-07-01,0.8166036866005114
2002-07-02,0.811164815680604
2002-07-03,0.8089314317131601
2002-07-04,0.8469946399324614
2002-07-05,0.7982277644661224
2002-07-06,0.7853880666438455
2002-07-07,0.7897852286725439
2002-07-08,0.7806297950932068
2002-07-09,0.8038642749727625
2002-07-10,0.8170538402834185
2002-07-11,0.8575883035918245
2002-07-12,0.8084432858991717
2002-07-13,0.7901754159905849
2002-07-14,0.7932197494906857
2002-07-15,0.7812917445657952
2002-07-16,0.8111046554217273
2002-07-17,0.8116411401286553
2002-07-18,0.8517533076910399
2002-07-19,0.8870636261177731
2002-07-20,0.9125849633309917
2002-07-21,0.7832589207870418
2002-07-22,0.8088713037721575
2002-07-23,0.818625865492647
2002-07-24,0.8112622926297715
2002-07-25,0.7988374648739854
2002-07-26,
2002-07-27,0.8969680653539133
2002-07-28,0.7838510118412548
2002-07-29,0.8227005899436238
2002-07-30,0.8122633258870842
2002-07-31,0.7938052825666881
2002-08-01,0.8049877191682449
2002-08-02,
2002-08-03,
2002-08-04,0.8152867747191233
2002-08-05,0.8119744786512986
2002-08-06,0.7925409578968385
2002-08-07,0.8093931419226426
2002-08-08,0.8142066661460153
2002-08-09,0.7472813235917845
2002-08-10,0.8613473383515953
2002-08-11,
2002-08-12,0.8138153564913021
2002-08-13,0.8024893186796883
2002-08-14,0.8322149292928226
2002-08-15,0.7987743549971752
2002-08-16,0.836154315677776
2002-08-17,0.8614464899918212
2002-08-18,
2002-08-19,0.7991436726253632
2002-08-20,0.8249405704276174
2002-08-21,0.8040099558093327
2002-08-22,0.7888350230193174
2002-08-23,0.8887287432461272
2002-08-24,0.8509659982044804
2002-08-25,
2002-08-26,0.832861539647516
2002-08-27,0.7800739253891955
2002-08-28,0.8256854131919615
2002-08-29,0.8693444068196521
2002-08-30,0.8512234887578892
2002-08-31,0.8123343219180545
2002-09-01,0.7098976877383255
2002-09-02,0.8911270462469069
2002-09-03,0.7716886900270605
2002-09-04,0.7977786874207984
2002-09-05,0.8042670168493599
2002-09-06,0.8090741035642678
2002-09-07,0.815222261947273
2002-09-08,0.8537309785618932
2002-09-09,0.8558452904564545
2002-09-10,0.7695750472369717
2002-09-11,0.8011462556425727
2002-09-12,0.7800045577034946
2002-09-13,0.7912794707020737
2002-09-14,0.8139526298680064
2002-09-15,
2002-09-16,
2002-09-17,0.793103024206802
2002-09-18,0.7542492592974035
2002-09-19,0.7976564363447395
2002-09-20,0.8247208063157527
2002-09-21,0.8273392912492625
2002-09-22,0.8717828333510796
2002-09-23,0.873636820038694
2002-09-24,0.8601523229179829
2002-09-25,0.7903107788445333
2002-09-26,0.8166058785371004
2002-09-27,0.8609224233411376
2002-09-28,0.8060373133624503
2002-09-29,0.8037042598976524
2002-09-30,0.8530687898963669
2002-10-01,0.8703875076788156
2002-10-02,0.8083092406130111
2002-10-03,0.7914934096340746
2002-10-04,0.8284898450177716
2002-10-05,0.8113558852712147
2002-10-06,0.8099535791841036
2002-10-07,0.8751711864600648
2002-10-08,0.8672405876688268
2002-10-09,0.7678414281980629
2002-10-10,0.8308252346289516
2002-10-11,0.8495270219000074
2002-10-12,0.8808403481546819
2002-10-13,0.8129395810007561
2002-10-14,0.5915579467363015
2002-10-15,0.7513200458966233
2002-10-16,0.8606763266750951
2002-10-17,0.7873433533189934
2002-10-18,0.8345761906162643
2002-10-19,0.7595373525436522
2002-10-20,0.7990723717880899
2002-10-21,0.7138171922056976
2002-10-22,0.7232404418011894
2002-10-23,0.8587251769444798
2002-10-24,
2002-10-25,0.7078234027868252
2002-10-26,0.8291011715232808
2002-10-27,0.7825117543308323
2002-10-28,0.7913012288568042
2002-10-29,0.7068181818181819
2002-10-30,
2002-10-31,
2002-11-01,0.7837947370087401
2002-11-02,
2002-11-03,
2002-11-04,
2002-11-05,0.747507084529228
2002-11-06,
2002-11-07,0.7560841219162259
2002-11-08,
2002-11-09,0.7716520001302827
2002-11-10,0.7720981536035463
2002-11-11,0.8076157229556525
2002-11-12,0.7774502569192315
2002-11-13,
2002-11-14,0.7863527480275434
2002-11-15,0.734975105094439
2002-11-16,0.7668258283458993
2002-11-17,0.7923258008461214
2002-11-18,0.6988298927188015
2002-11-19,0.68497304565346
2002-11-20,0.6985795258130023
2002-11-21,0.8474317919316897
2002-11-22,0.7163884343826006
2002-11-23,0.6936160055270701
2002-11-24,
2002-11-25,0.7639086489172904
2002-11-26,0.703374517047525
2002-11-27,
2002-11-28,
2002-11-29,
2002-11-30,0.6796443468582181
2002-12-01,0.5698404688874956
2002-12-02,
2002-12-03,
2002-12-04,
2002-12-05,
2002-12-06,
2002-12-07,
2002-12-08,
2002-12-09,
2002-12-10,
2002-12-11,
2002-12-12,
2002-12-13,
2002-12-14,0.49885181738705925
2002-12-15,0.5930403843555563
2002-12-16,0.5043287610619469
2002-12-17,
2002-12-18,
2002-12-19,
2002-12-20,
2002-12-21,0.7599188144592212
2002-12-22,
2002-12-23,0.7032084179283492
2002-12-24,0.5281192307692308
2002-12-25,
2002-12-26,
2002-12-27,
2002-12-28,
2002-12-29,
2002-12-30,
2002-12-31,
2003-01-01,0.5093595141700404
2003-01-02,
2003-01-03,
2003-01-04,
2003-01-05,
2003-01-06,
2003-01-07,
2003-01-08,
2003-01-09,
2003-01-10,
2003-01-11,
2003-01-12,
2003-01-13,
2003-01-14,
2003-01-15,
2003-01-16,
2003-01-17,
2003-01-18,
2003-01-19,
2003-01-20,
2003-01-21,
2003-01-22,
2003-01-23,
2003-01-24,
2003-01-25,
2003-01-26,
2003-01-27,
2003-01-28,
2003-01-29,
2003-01-30,
2003-01-31,
2003-02-01,
2003-02-02,
2003-02-03,0.5118851567560926
2003-02-04,
2003-02-05,
2003-02-06,
2003-02-07,
2003-02-08,
2003-02-09,
2003-02-10,
2003-02-11,
2003-02-12,
2003-02-13,
2003-02-14,
2003-02-15,
2003-02-16,
2003-02-17,
2003-02-18,
2003-02-19,
2003-02-20,
2003-02-21,
2003-02-22,
2003-02-23,
2003-02-24,
2003-02-25,
2003-02-26,
2003-02-27,
2003-02-28,
2003-03-01,
2003-03-02,
2003-03-03,
2003-03-04,
2003-03-05,
2003-03-06,
2003-03-07,
2003-03-08,
2003-03-09,
2003-03-10,
2003-03-11,
2003-03-12,
2003-03-13,0.4965688573773177
2003-03-14,
2003-03-15,
2003-03-16,
2003-03-17,0.7044321238965233
2003-03-18,0.6521605272466202
2003-03-19,
2003-03-20,
2003-03-21,0.6077297845408999
2003-03-22,0.6949864828936713
2003-03-23,
2003-03-24,0.7555196072422526
2003-03-25,0.7282497288278486
2003-03-26,0.7427539848503667
2003-03-27,0.7451220158337518
2003-03-28,0.7313835591181308
2003-03-29,0.7429526168846498
2003-03-30,0.7010882757847778
2003-03-31,
2003-04-01,
2003-04-02,
2003-04-03,0.6931663567662646
2003-04-04,0.7006846666044959
2003-04-05,
2003-04-06,
2003-04-07,
2003-04-08,
2003-04-09,
2003-04-10,0.6531001174184823
2003-04-11,0.6953357796811336
2003-04-12,0.7200437821635042
2003-04-13,0.7269900788789583
2003-04-14,0.7297893212897965
2003-04-15,
2003-04-16,0.7446993401817268
2003-04-17,0.729429910975022
2003-04-18,
2003-04-19,0.7638924621536903
2003-04-20,0.7582197714596595
2003-04-21,0.7953497907809022
2003-04-22,
2003-04-23,0.730277883664245
2003-04-24,0.733419337778581
2003-04-25,0.744288744478479
2003-04-26,0.7967083185969206
2003-04-27,0.7506442926496013
2003-04-28,0.78443085032868
2003-04-29,0.7269150185475841
2003-04-30,0.8037029796914947
2003-05-01,0.7894583311742144
2003-05-02,0.7637294149901654
2003-05-03,0.7491520414763492
2003-05-04,0.7742470985520618
2003-05-05,0.7757950609004902
2003-05-06,0.8093418216851348
2003-05-07,0.7956099005979599
2003-05-08,0.8057046008991039
2003-05-09,0.7626538799876592
2003-05-10,0.7719893781131467
2003-05-11,0.8061580210772462
2003-05-12,0.7813210934126971
2003-05-13,0.8061559407891589
2003-05-14,0.8346582395496304
2003-05-15,0.7714831143662292
2003-05-16,0.7970873427557784
2003-05-17,0.798725167018992
2003-05-18,0.8351657322293383
2003-05-19,0.7978793139423739
2003-05-20,0.8670933369429227
2003-05-21,0.8448513545214236
2003-05-22,0.8205670515919578
2003-05-23,0.8234218505096976
2003-05-24,0.8310231623140677
2003-05-25,0.8123704459821778
2003-05-26,0.8661407186736102
2003-05-27,0.878518168781808
2003-05-28,0.8801462714390468
2003-05-29,0.8419578313553324
2003-05-30,0.786188472149002
2003-05-31,0.8033754036238929
2003-06-01,0.8529731412066455
2003-06-02,0.7925866221231861
2003-06-03,0.8255221137747717
2003-06-04,0.8468388180182899
2003-06-05,0.8572894545565203
2003-06-06,0.7938045666261045
2003-06-07,0.8150921327679771
2003-06-08,0.8157593418487407
2003-06-09,0.8502603235040802
2003-06-10,0.8011382032756023
2003-06-11,0.8070607765931975
2003-06-12,0.8890835519309689
2003-06-13,0.8334705931677888
2003-06-14,0.8311003895615057
2003-06-15,0.7971444379549718
2003-06-16,0.8066340043370126
2003-06-17,0.790103844914636
2003-06-18,
2003-06-19,0.8791771241546661
2003-06-20,0.8107315105772358
2003-06-21,0.8212389506708947
2003-06-22,0.8073093149918332
2003-06-23,0.8053853222808902
2003-06-24,0.81783936303361
2003-06-25,
2003-06-26,0.858297521212179
2003-06-27,0.7930436618315776
2003-06-28,0.7813709226360306
2003-06-29,0.7938714974019633
2003-06-30,0.8215884414041716
2003-07-01,0.8018782048354304
2003-07-02,0.7323513195381727
2003-07-03,0.8004882014772866
2003-07-04,0.8129163329941765
2003-07-05,0.8136475029066648
2003-07-06,0.822409156271724
2003-07-07,0.8156236634193301
2003-07-08,0.8190107330629445
2003-07-09,0.8063034972710971
2003-07-10,0.8070444796094639
2003-07-11,0.9126000000000001
2003-07-12,0.7966494932573062
2003-07-13,0.7967416308649744
2003-07-14,0.8065299953512118
2003-07-15,0.7987260751662373
2003-07-16,0.8264136980980659
2003-07-17,0.836099091649732
2003-07-18,0.7458727734536128
2003-07-19,0.78228694058357
2003-07-20,0.7941835067535356
2003-07-21,0.8284659597312878
2003-07-22,0.7788911039893679
2003-07-23,0.8602305576259536
2003-07-24,0.8682899023671342
2003-07-25,0.8495488048925055
2003-07-26,0.7737557015039884
2003-07-27,0.8113660651762589
2003-07-28,0.8010533285382124
2003-07-29,0.8050178815467279
2003-07-30,0.7976113175054567
2003-07-31,0.8195323079919837
2003-08-01,0.8610006012991395
2003-08-02,0.8427592737739001
2003-08-03,0.8309857045756388
2003-08-04,0.8202023866203513
2003-08-05,0.8258136172275363
2003-08-06,0.8401804211704589
2003-08-07,0.8342566986960501
2003-08-08,0.858721907074289
2003-08-09,0.8550193751740366
2003-08-10,0.8466190775376726
2003-08-11,0.8217923397527704
2003-08-12,0.8330748387254308
2003-08-13,0.8278275208408958
2003-08-14,0.7968339552727849
2003-08-15,0.8550618719580151
2003-08-16,0.8399321815649126
2003-08-17,0.8216251284167772
2003-08-18,0.8139562400601565
2003-08-19,0.8022104009232686
2003-08-20,0.793808401445795
2003-08-21,0.8017113747255739
2003-08-22,0.8534149254227485
2003-08-23,0.840320337874014
2003-08-24,0.7882734201211024
2003-08-25,0.8149900497559647
2003-08-26,0.800968891054601
2003-08-27,0.8129149264990713
2003-08-28,0.8073885992570984
2003-08-29,0.8722040168267481
2003-08-30,0.8315585408937293
2003-08-31,0.7977755765320309
2003-09-01,0.8109662359804269
2003-09-02,0.8763663405361432
2003-09-03,0.8354793096293366
2003-09-04,0.8619020503819341
2003-09-05,0.8235701356110731
2003-09-06,0.7976324031960073
2003-09-07,0.825177762626942
2003-09-08,0.8030211742098813
2003-09-09,0.7948051222931317
2003-09-10,0.8399832135024664
2003-09-11,0.8230734462810867
2003-09-12,0.8152452179723855
2003-09-13,
2003-09-14,0.9059798605316961
2003-09-15,0.8310016504004545
2003-09-16,0.8108564101153519
2003-09-17,0.7865326496468104
2003-09-18,0.814198420846771
2003-09-19,0.8604022410466715
2003-09-20,0.7746869856285672
2003-09-21,0.8422278855524659
2003-09-22,0.7839049602229539
2003-09-23,0.8412077147028083
2003-09-24,0.7817072324053129
2003-09-25,0.8188832206171713
2003-09-26,0.9012591487036236
2003-09-27,0.8765002739494696
2003-09-28,0.7949277174974242
2003-09-29,0.7762779247013574
2003-09-30,0.8086868827715264
2003-10-01,0.7957163688875662
2003-10-02,0.7894294902548478
2003-10-03,0.770387464540205
2003-10-04,0.8045916891366953
2003-10-05,0.7818023452583033
2003-10-06,0.6751217270909586
2003-10-07,0.6527355876874249
2003-10-08,0.7694454461810963
2003-10-09,0.8107088660593398
2003-10-10,0.7968944956769326
2003-10-11,0.8238640326404802
2003-10-12,0.8492910002939121
2003-10-13,0.7981553091233274
2003-10-14,0.7981134232568531
2003-10-15,0.7938306535610757
2003-10-16,0.7733272991940799
2003-10-17,0.7832977321851662
2003-10-18,0.8287249182568127
2003-10-19,0.7861762316582178
2003-10-20,
2003-10-21,0.7848290897822258
2003-10-22,0.7718503483491647
2003-10-23,0.7540650019766866
2003-10-24,0.7007522935779817
2003-10-25,
2003-10-26,0.8426755127514223
2003-10-27,0.8460280946039234
2003-10-28,0.7294013732297505
2003-10-29,0.8659550592885459
2003-10-30,0.7316954364682481
2003-10-31,0.7846436998680627
2003-11-01,0.7890250262592042
2003-11-02,0.7896741816960395
2003-11-03,0.8064124392395068
2003-11-04,0.7865858119044732
2003-11-05,0.7834586311973419
2003-11-06,0.7529073168070101
2003-11-07,0.7629177756837603
2003-11-08,0.7758699630920295
2003-11-09,
2003-11-10,
2003-11-11,
2003-11-12,0.7623664110149577
2003-11-13,0.7540135178473437
2003-11-14,0.6845485325513396
2003-11-15,0.6329559572708666
2003-11-16,
2003-11-17,0.7348354241819057
2003-11-18,0.6723969153345727
2003-11-19,0.7940277648977023
2003-11-20,0.8016216109111659
2003-11-21,0.761530574028331
2003-11-22,0.7406698486362828
2003-11-23,0.7382572789063704
2003-11-24,0.7788338212896657
2003-11-25,0.7787317125683412
2003-11-26,
2003-11-27,0.684807360065957
2003-11-28,0.8254305517703313
2003-11-29,0.7396660358869447
2003-11-30,0.721426986388055
2003-12-01,0.7771714796930543
2003-12-02,
2003-12-03,
2003-12-04,
2003-12-05,
2003-12-06,
2003-12-07,
2003-12-08,
2003-12-09,
2003-12-10,
2003-12-11,0.5283541694051372
2003-12-12,0.6476901212761047
2003-12-13,
2003-12-14,
2003-12-15,
2003-12-16,
2003-12-17,0.5051352666598363
2003-12-18,0.5791847256347712
2003-12-19,
2003-12-20,0.5424461538461539
2003-12-21,
2003-12-22,
2003-12-23,0.6804596134915369
2003-12-24,0.6991985757675845
2003-12-25,0.7043186009517975
2003-12-26,
2003-12-27,0.6354882974696785
2003-12-28,
2003-12-29,
2003-12-30,0.7592096887886609
2003-12-31,0.7535079315858619
2004-01-01,0.7390009675751411
2004-01-02,
2004-01-03,
2004-01-04,0.6973824597157181
2004-01-05,0.7054465768317075
2004-01-06,
2004-01-07,
2004-01-08,
2004-01-09,
2004-01-10,
2004-01-11,
2004-01-12,
2004-01-13,
2004-01-14,
2004-01-15,
2004-01-16,
2004-01-17,
2004-01-18,
2004-01-19,
2004-01-20,
2004-01-21,
2004-01-22,
2004-01-23,
2004-01-24,
2004-01-25,
2004-01-26,
2004-01-27,
2004-01-28,
2004-01-29,
2004-01-30,
2004-01-31,
2004-02-01,
2004-02-02,
2004-02-03,
2004-02-04,
2004-02-05,
2004-02-06,
2004-02-07,
2004-02-08,
2004-02-09,
2004-02-10,
2004-02-11,
2004-02-12,
2004-02-13,
2004-02-14,
2004-02-15,
2004-02-16,
2004-02-17,
2004-02-18,
2004-02-19,
2004-02-20,
2004-02-21,
2004-02-22,
2004-02-23,
2004-02-24,
2004-02-25,
2004-02-26,
2004-02-27,
2004-02-28,
2004-02-29,0.5864798717191324
2004-03-01,0.6506490805315785
2004-03-02,0.7583026255039079
2004-03-03,0.7325232570183687
2004-03-04,0.7889990074998657
2004-03-05,0.6984322176915703
2004-03-06,0.7600154106519784
2004-03-07,0.6963836667244798
2004-03-08,0.6472484065822113
2004-03-09,
2004-03-10,
2004-03-11,
2004-03-12,0.7900175126600817
2004-03-13,
2004-03-14,
2004-03-15,
2004-03-16,
2004-03-17,
2004-03-18,
2004-03-19,
2004-03-20,
2004-03-21,
2004-03-22,
2004-03-23,
2004-03-24,
2004-03-25,0.765397148834177
2004-03-26,0.7740261157226062
2004-03-27,0.7510886520146746
2004-03-28,0.7394239163221895
2004-03-29,0.7381491101125153
2004-03-30,0.7722431452639011
2004-03-31,0.8083105332118771
2004-04-01,0.7906036114427972
2004-04-02,0.7773206051418002
2004-04-03,0.7068005837524912
2004-04-04,0.7506311623252616
2004-04-05,
2004-04-06,
2004-04-07,0.7672499820847085
2004-04-08,
2004-04-09,0.8128051151557291
2004-04-10,0.6343514112934033
2004-04-11,0.772045223518611
2004-04-12,0.7227241879614709
2004-04-13,0.8278015078833967
2004-04-14,0.7442396466840161
2004-04-15,0.6866975613150793
2004-04-16,0.7796594194595952
2004-04-17,0.7337552674254553
2004-04-18,0.7555726095758039
2004-04-19,0.752517311023395
2004-04-20,0.7675535754439249
2004-04-21,0.7880110175616112
2004-04-22,0.8221006703284215
2004-04-23,0.79965158729227
2004-04-24,0.7275751530304971
2004-04-25,0.7619474657437476
2004-04-26,0.8179846831062871
2004-04-27,0.7502941633146584
2004-04-28,0.7492510089607654
2004-04-29,0.8027718211749846
2004-04-30,0.7789452419471734
2004-05-01,0.7717865666748204
2004-05-02,0.8109211771226019
2004-05-03,0.8104000604031157
2004-05-04,0.7764549653116236
2004-05-05,0.7586405790714245
2004-05-06,0.813709770815596
2004-05-07,0.8279365528389494
2004-05-08,0.8078523112826735
2004-05-09,0.7987077787346416
2004-05-10,0.8054830505743442
2004-05-11,0.7912152984866937
2004-05-12,0.8010393641634246
2004-05-13,0.8741410809738349
2004-05-14,0.8346447979249855
2004-05-15,0.8925170022179648
2004-05-16,0.8059728028364382
2004-05-17,0.786153787829491
2004-05-18,0.826331951652369
2004-05-19,0.8239392286317421
2004-05-20,0.8257355162910934
2004-05-21,0.8625987202831553
2004-05-22,0.8538296362483834
2004-05-23,0.805806063272233
2004-05-24,0.8133218026017885
2004-05-25,0.8087075108740062
2004-05-26,0.8346146774458553
2004-05-27,0.8266335408008126
2004-05-28,0.8371307151765354
2004-05-29,0.7871774046224776
2004-05-30,0.7716798857064616
2004-05-31,0.7900614256770471
2004-06-01,0.8151048522865865
2004-06-02,0.8139114020785311
2004-06-03,0.798594406262003
2004-06-04,0.7871366331370727
2004-06-05,0.845400214205424
2004-06-06,0.8059487281496766
2004-06-07,0.8144266506978334
2004-06-08,0.7977910752049782
2004-06-09,0.8072426031078066
2004-06-10,0.8262968487380817
2004-06-11,
2004-06-12,0.8515320255438951
2004-06-13,0.7837052411216104
2004-06-14,0.8199846218642183
2004-06-15,0.8061845159699393
2004-06-16,0.7999044690951246
2004-06-17,0.8121057865228568
2004-06-18,0.788343196485588
2004-06-19,0.8638802432063275
2004-06-20,0.7997791591260802
2004-06-21,0.7820719605486728
2004-06-22,0.8218968264227786
2004-06-23,0.7956148995271359
2004-06-24,0.7920938916901813
2004-06-25,0.8455723211654771
2004-06-26,0.8210729652930406
2004-06-27,0.7955379406605502
2004-06-28,0.7949437547186534
2004-06-29,0.7839634708448048
2004-06-30,0.8030120143021151
2004-07-01,0.8176299107491697
2004-07-02,0.8166107663252841
2004-07-03,0.7959018902472608
2004-07-04,0.8720821005646967
2004-07-05,0.8326462622588127
2004-07-06,0.8102235822649624
2004-07-07,0.7900147298166462
2004-07-08,0.8365482519045119
2004-07-09,0.8249130374382724
2004-07-10,0.8428866850018878
2004-07-11,0.8643875270154925
2004-07-12,0.8212649017941948
2004-07-13,0.8547532815741058
2004-07-14,0.8420672404946227
2004-07-15,0.8437092300139655
2004-07-16,0.8355205334224151
2004-07-17,0.8336107344634786
2004-07-18,0.8733536901262524
2004-07-19,0.8142041108336268
2004-07-20,0.8142692267862022
2004-07-21,0.80155329084751
2004-07-22,0.8168918332391034
2004-07-23,0.836936893710494
2004-07-24,0.8968276514750324
2004-07-25,0.8371978036322518
2004-07-26,0.8123391246906435
2004-07-27,0.8399181394832553
2004-07-28,0.8558136079394779
2004-07-29,0.8107450232343054
2004-07-30,0.8069201011216546
2004-07-31,0.8231124951950591
2004-08-01,0.845578464799136
2004-08-02,0.7955048204546807
2004-08-03,0.7951315270032637
2004-08-04,0.8103525905083527
2004-08-05,0.8333595656307683
2004-08-06,0.807718679446616
2004-08-07,
2004-08-08,0.8702697245449396
2004-08-09,0.7940454345249243
2004-08-10,0.8103789143918246
2004-08-11,0.8107927650174723
2004-08-12,0.8316229956422055
2004-08-13,0.8598719780209424
2004-08-14,0.7665725987518722
2004-08-15,0.7972550471634815
2004-08-16,0.9467709099685966
2004-08-17,0.8179079379437376
2004-08-18,0.8011964303837881
2004-08-19,0.8345298395912808
2004-08-20,0.8347166810439379
2004-08-21,0.8980565655462684
2004-08-22,0.797549159385573
2004-08-23,0.7974022999157859
2004-08-24,0.8140440169457547
2004-08-25,0.7752876017510759
2004-08-26,0.8118635998477579
2004-08-27,0.8139733724046885
2004-08-28,0.8241465163367708
2004-08-29,0.8239242844316401
2004-08-30,0.6978887774589061
2004-08-31,0.8376664011124327
2004-09-01,0.7851869260584801
2004-09-02,0.8022468578570121
2004-09-03,0.794557748236922
2004-09-04,0.8102289762660994
2004-09-05,0.8674535629337111
2004-09-06,0.7398200272716412
2004-09-07,0.808107168770199
2004-09-08,0.838652027230936
2004-09-09,0.84881758157982
2004-09-10,0.7986979783643214
2004-09-11,0.8041190702117013
2004-09-12,0.8164403586409669
2004-09-13,0.857420947754921
2004-09-14,0.7944348423530575
2004-09-15,0.7866503238649516
2004-09-16,0.8239492939878605
2004-09-17,0.8171342131534551
2004-09-18,0.9024681179677426
2004-09-19,0.8152117710545219
2004-09-20,0.7967389171875857
2004-09-21,0.8027859505606201
2004-09-22,0.7872060373680616
2004-09-23,0.8115945135841213
2004-09-24,0.784090501303377
2004-09-25,0.8198635199203612
2004-09-26,0.8103403650029377
2004-09-27,0.8071986874982735
2004-09-28,0.8302302065806855
2004-09-29,0.8219410493366284
2004-09-30,0.8001128967604844
2004-10-01,0.8068693671909845
2004-10-02,0.8064515852590655
2004-10-03,0.7937302160293658
2004-10-04,0.8706397093630699
2004-10-05,0.8267496450593954
2004-10-06,0.6731558244041566
2004-10-07,0.7922192740770009
2004-10-08,0.7992860646011924
2004-10-09,0.8046503684009108
2004-10-10,0.7491223358231278
2004-10-11,0.8900723102340777
2004-10-12,0.8659407582631609
2004-10-13,0.8087042850123667
2004-10-14,0.8150133685183701
2004-10-15,0.8307799906169605
2004-10-16,0.8014808087084206
2004-10-17,0.7919974844624202
2004-10-18,0.8629698223745118
2004-10-19,
2004-10-20,0.8027453762878157
2004-10-21,0.7752047091720674
2004-10-22,0.8153414008336359
2004-10-23,0.790413284970882
2004-10-24,0.8042166209167596
2004-10-25,0.8042044921081563
2004-10-26,0.7701055753511684
2004-10-27,0.8001596538629899
2004-10-28,0.7793382125724521
2004-10-29,0.6871770222545146
2004-10-30,0.8536030639294602
2004-10-31,0.7804300213787482
2004-11-01,0.800991124987718
2004-11-02,
2004-11-03,0.775981889045492
2004-11-04,
2004-11-05,0.7487375528774542
2004-11-06,0.7581683478465695
2004-11-07,0.7860506111296379
2004-11-08,0.7950824670347364
2004-11-09,
2004-11-10,
2004-11-11,0.7725489510472907
2004-11-12,0.7503355749194183
2004-11-13,
2004-11-14,
2004-11-15,0.6606124300446794
2004-11-16,0.7620591144980918
2004-11-17,0.5946478471930889
2004-11-18,0.7724171644817557
2004-11-19,0.7667500065620168
2004-11-20,0.7767658614601749
2004-11-21,0.8176275788169206
2004-11-22,0.7892819405907595
2004-11-23,0.6757356176166492
2004-11-24,0.8084750071505156
2004-11-25,0.7810362341593549
2004-11-26,0.6754469573452662
2004-11-27,
2004-11-28,0.7981737539780442
2004-11-29,0.7480870899898708
2004-11-30,0.704906185657879
2004-12-01,0.7844964471627781
2004-12-02,0.7438123255084736
2004-12-03,
2004-12-04,
2004-12-05,0.6476332599081656
2004-12-06,
2004-12-07,
2004-12-08,
2004-12-09,0.797213318674009
2004-12-10,0.7152161350880066
2004-12-11,0.6984225714824663
2004-12-12,0.7356054224194537
2004-12-13,0.6344022663458612
2004-12-14,
2004-12-15,
2004-12-16,
2004-12-17,
2004-12-18,
2004-12-19,
2004-12-20,
2004-12-21,
2004-12-22,
2004-12-23,
2004-12-24,0.6751552010265753
2004-12-25,
2004-12-26,
2004-12-27,
2004-12-28,
2004-12-29,
2004-12-30,0.6425823232360489
2004-12-31,
2005-01-01,0.742548220380471
2005-01-02,
2005-01-03,0.5387944915254237
2005-01-04,0.8279383454675112
2005-01-05,
2005-01-06,
2005-01-07,
2005-01-08,
2005-01-09,
2005-01-10,
2005-01-11,
2005-01-12,
2005-01-13,
2005-01-14,0.7946195271407892
2005-01-15,
2005-01-16,
2005-01-17,
2005-01-18,
2005-01-19,
2005-01-20,
2005-01-21,
2005-01-22,
2005-01-23,
2005-01-24,
2005-01-25,
2005-01-26,
2005-01-27,
2005-01-28,
2005-01-29,
2005-01-30,
2005-01-31,
2005-02-01,
2005-02-02,
2005-02-03,
2005-02-04,
2005-02-05,0.6325264697450723
2005-02-06,
2005-02-07,
2005-02-08,0.7985502900654242
2005-02-09,
2005-02-10,0.6786695072381997
2005-02-11,
2005-02-12,
2005-02-13,
2005-02-14,
2005-02-15,
2005-02-16,0.793176631048562
2005-02-17,
2005-02-18,
2005-02-19,
2005-02-20,
2005-02-21,
2005-02-22,
2005-02-23,
2005-02-24,
2005-02-25,
2005-02-26,
2005-02-27,
2005-02-28,
2005-03-01,
2005-03-02,
2005-03-03,
2005-03-04,
2005-03-05,
2005-03-06,0.705
2005-03-07,0.6431087831495433
2005-03-08,0.6422981063029497
2005-03-09,
2005-03-10,
2005-03-11,
2005-03-12,
2005-03-13,
2005-03-14,
2005-03-15,
2005-03-16,
2005-03-17,
2005-03-18,
2005-03-19,
2005-03-20,
2005-03-21,0.6079289794748765
2005-03-22,
2005-03-23,0.666422779873259
2005-03-24,
2005-03-25,
2005-03-26,
2005-03-27,
2005-03-28,0.8158951774386721
2005-03-29,0.6953878996781713
2005-03-30,0.6929005382622638
2005-03-31,0.788299363592482
2005-04-01,0.732948013231612
2005-04-02,0.8469950285565486
2005-04-03,0.708036101037043
2005-04-04,0.7542554672075619
2005-04-05,0.7596621112608369
2005-04-06,0.760508194332225
2005-04-07,0.8084908934752867
2005-04-08,0.7480249932505382
2005-04-09,0.7259559640585371
2005-04-10,0.73324968877249
2005-04-11,0.7308921046975029
2005-04-12,0.708892382854541
2005-04-13,0.7755706635945561
2005-04-14,0.8110489362055987
2005-04-15,0.7799719765459574
2005-04-16,0.7430351184740205
2005-04-17,0.7507595344832094
2005-04-18,0.7704374314140974
2005-04-19,0.7559309982059408
2005-04-20,0.7902190426290041
2005-04-21,0.8280399729310253
2005-04-22,0.781147021904528
2005-04-23,0.7722255862557066
2005-04-24,0.7568396612298691
2005-04-25,0.7614029336502718
2005-04-26,0.751976198275491
2005-04-27,0.8375716787521089
2005-04-28,0.7911795722376715
2005-04-29,
2005-04-30,0.7844232217031492
2005-05-01,0.7521368197305528
2005-05-02,0.7736578698201474
2005-05-03,0.7600288329213553
2005-05-04,0.8026303389482683
2005-05-05,0.7560066808923002
2005-05-06,
2005-05-07,0.8094207258744296
2005-05-08,0.7684972155640551
2005-05-09,0.8131358264535543
2005-05-10,0.7947353545482233
2005-05-11,0.815173716805373
2005-05-12,0.8558229879974963
2005-05-13,
2005-05-14,0.8605174406895308
2005-05-15,0.8136949413739688
2005-05-16,0.8433073102038084
2005-05-17,0.7929106395853031
2005-05-18,0.8237942102641854
2005-05-19,0.8546741257495479
2005-05-20,0.7380173719523538
2005-05-21,0.8677162496824777
2005-05-22,0.7798448129567246
2005-05-23,0.8044313552637674
2005-05-24,0.8162628179167738
2005-05-25,0.87526979070291
2005-05-26,0.8004372161048571
2005-05-27,0.8731493735427165
2005-05-28,0.8518929906852493
2005-05-29,0.7913349647841174
2005-05-30,0.8198502187997719
2005-05-31,0.813521376110066
2005-06-01,0.8331250309017035
2005-06-02,0.8114878077976367
2005-06-03,
2005-06-04,0.8469658707293928
2005-06-05,0.806187329373611
2005-06-06,0.8284192630868435
2005-06-07,0.8157854450686763
2005-06-08,0.8069117101185044
2005-06-09,0.8276167803291239
2005-06-10,0.8762818877453601
2005-06-11,0.8494364296354363
2005-06-12,0.8184309867329169
2005-06-13,0.7993997162471709
2005-06-14,0.8206053405030329
2005-06-15,0.8445395422303446
2005-06-16,0.8648454586256258
2005-06-17,0.8688066702586487
2005-06-18,0.7997262891761764
2005-06-19,0.8076063283913676
2005-06-20,0.7732864433788638
2005-06-21,0.780389938488113
2005-06-22,0.8128948371498419
2005-06-23,0.797460463542488
2005-06-24,0.8160365691495692
2005-06-25,0.807328566983552
2005-06-26,0.8142841607757498
2005-06-27,0.7719201845988579
2005-06-28,0.8438693027626606
2005-06-29,0.8227747222316086
2005-06-30,0.8308818517660993
2005-07-01,0.8822816197129784
2005-07-02,
2005-07-03,0.7806862297478018
2005-07-04,0.8101789900984081
2005-07-05,0.8029907574427299
2005-07-06,0.8386736958927467
2005-07-07,0.845411872593422
2005-07-08,0.8758006390700523
2005-07-09,
2005-07-10,0.821523265191207
2005-07-11,0.8136591045173936
2005-07-12,0.8009594201446889
2005-07-13,0.8051502798851683
2005-07-14,0.835798372469293
2005-07-15,0.8697171323179248
2005-07-16,0.8437410285829277
2005-07-17,0.8582112620033814
2005-07-18,0.8411754282248837
2005-07-19,0.818778762779846
2005-07-20,0.7742349050876249
2005-07-21,0.8038696167664596
2005-07-22,0.7325409517856238
2005-07-23,0.8138409389991806
2005-07-24,0.8482674648767684
2005-07-25,0.8108114327026739
2005-07-26,0.7957776730305819
2005-07-27,0.8355833498146499
2005-07-28,0.8262050375689383
2005-07-29,0.8038168056620425
2005-07-30,0.8681534949517224
2005-07-31,0.8599303316883565
2005-08-01,0.8194189349945468
2005-08-02,0.8360203453438176
2005-08-03,0.8303260419572348
2005-08-04,0.8268944526343112
2005-08-05,0.8163685126978428
2005-08-06,0.8749048139055815
2005-08-07,0.8507547882431816
2005-08-08,0.8017993453093561
2005-08-09,0.818077985723411
2005-08-10,0.8299953546261148
2005-08-11,0.8287836719995016
2005-08-12,0.8596456156551172
2005-08-13,0.8549895067344666
2005-08-14,0.8247025532084672
2005-08-15,0.8459229523609877
2005-08-16,0.8117123890976577
2005-08-17,0.818201459050906
2005-08-18,0.8174441777044626
2005-08-19,0.8248638931746692
2005-08-20,0.8447514028335358
2005-08-21,0.8587736145403734
2005-08-22,0.8082540774191894
2005-08-23,0.8001378185133625
2005-08-24,0.8094902667648044
2005-08-25,0.8252186074158289
2005-08-26,0.8107109378712303
2005-08-27,0.8366549392276178
2005-08-28,0.8677380050574102
2005-08-29,0.8407112622163191
2005-08-30,0.8130299233794369
2005-08-31,0.8404502061655831
2005-09-01,0.8078320240298161
2005-09-02,0.8182381817770986
2005-09-03,
2005-09-04,
2005-09-05,0.7978536733595604
2005-09-06,0.7911762766182677
2005-09-07,0.8059538981207123
2005-09-08,0.7535587043209889
2005-09-09,0.840652714779058
2005-09-10,0.8577218995569657
2005-09-11,
2005-09-12,0.807968254542638
2005-09-13,0.812980008468685
2005-09-14,0.8350545253852041
2005-09-15,0.8676250575728964
2005-09-16,0.849370141950678
2005-09-17,0.8868700982526501
2005-09-18,0.8058527325931553
2005-09-19,0.803682889967462
2005-09-20,0.8061016906644277
2005-09-21,0.7992316646312939
2005-09-22,0.79797104933098
2005-09-23,0.8277926392764082
2005-09-24,0.8021682123783065
2005-09-25,0.8337558244600551
2005-09-26,0.8590896984911843
2005-09-27,0.8254085720550869
2005-09-28,0.8098975664234754
2005-09-29,0.8187957616067452
2005-09-30,0.8230790073556632
2005-10-01,0.8310794933220786
2005-10-02,0.8568178836050206
2005-10-03,0.8434968606053107
2005-10-04,0.7867493240654748
2005-10-05,0.8668120936252681
2005-10-06,0.8150145241174941
2005-10-07,0.8471266648148436
2005-10-08,0.8421825977816727
2005-10-09,1.0219565509290907
2005-10-10,0.8434180345906273
2005-10-11,0.8070740774630223
2005-10-12,0.8538719372133001
2005-10-13,0.8607510855779288
2005-10-14,0.8633074468352325
2005-10-15,0.8317747792444411
2005-10-16,0.778577063822254
2005-10-17,0.7771893360324862
2005-10-18,0.7800448640936284
2005-10-19,0.7716908599254723
2005-10-20,0.794708471515931
2005-10-21,0.7810992164616696
2005-10-22,0.7548054018580419
2005-10-23,0.8242150316764421
2005-10-24,0.8186747621606904
2005-10-25,0.8842227168695977
2005-10-26,0.775665124328118
2005-10-27,0.7612679139778876
2005-10-28,0.5184716112732702
2005-10-29,0.7274032971939525
2005-10-30,0.8324612591654802
2005-10-31,0.8159925755201032
2005-11-01,0.7987985489625788
2005-11-02,0.7543848758542195
2005-11-03,0.7696911473992781
2005-11-04,0.7952447642126834
2005-11-05,0.8129002972530466
2005-11-06,0.8482352115013333
2005-11-07,
2005-11-08,0.7607000426271111
2005-11-09,0.7597446987765273
2005-11-10,0.7799871865620214
2005-11-11,0.6897463726511195
2005-11-12,
2005-11-13,
2005-11-14,0.7853159807755481
2005-11-15,0.7559406260301011
2005-11-16,0.7873304652553977
2005-11-17,0.7238554566205578
2005-11-18,
2005-11-19,
2005-11-20,
2005-11-21,0.7547422376803375
2005-11-22,0.7848017024423937
2005-11-23,
2005-11-24,
2005-11-25,
2005-11-26,
2005-11-27,
2005-11-28,
2005-11-29,0.75170275738686
2005-11-30,0.7736440601836636
2005-12-01,0.7537892693866075
2005-12-02,0.7063289909465105
2005-12-03,
2005-12-04,
2005-12-05,
2005-12-06,
2005-12-07,
2005-12-08,
2005-12-09,
2005-12-10,
2005-12-11,
2005-12-12,
2005-12-13,
2005-12-14,
2005-12-15,
2005-12-16,
2005-12-17,
2005-12-18,
2005-12-19,
2005-12-20,
2005-12-21,
2005-12-22,
2005-12-23,
2005-12-24,0.6222362573484137
2005-12-25,
2005-12-26,
2005-12-27,0.6932221861829181
2005-12-28,
2005-12-29,
2005-12-30,0.6679194071236498
2005-12-31,
2006-01-01,
2006-01-02,
2006-01-03,
2006-01-04,
2006-01-05,
2006-01-06,0.5497957945953063
2006-01-07,
2006-01-08,
2006-01-09,
2006-01-10,0.5848550784754238
2006-01-11,
2006-01-12,0.6993669125837296
2006-01-13,0.5132702702702703
2006-01-14,0.7453344697950012
2006-01-15,0.7242074333402608
2006-01-16,
2006-01-17,
2006-01-18,0.5137200372850008
2006-01-19,0.6779560165702802
2006-01-20,
2006-01-21,0.7237702503261684
2006-01-22,0.5029304341133147
2006-01-23,
2006-01-24,
2006-01-25,
2006-01-26,
2006-01-27,
2006-01-28,
2006-01-29,0.7087179147665758
2006-01-30,0.695718636079595
2006-01-31,
2006-02-01,0.6311315071696026
2006-02-02,0.6528587091662587
2006-02-03,0.7414484108525504
2006-02-04,0.720667837793116
2006-02-05,0.6971807269261463
2006-02-06,0.6885583097639629
2006-02-07,
2006-02-08,
2006-02-09,
2006-02-10,
2006-02-11,
2006-02-12,
2006-02-13,
2006-02-14,
2006-02-15,0.7493329576470059
2006-02-16,0.6707273449692988
2006-02-17,0.727691367553436
2006-02-18,
2006-02-19,
2006-02-20,
2006-02-21,
2006-02-22,
2006-02-23,
2006-02-24,
2006-02-25,
2006-02-26,
2006-02-27,
2006-02-28,
2006-03-01,
2006-03-02,
2006-03-03,
2006-03-04,
2006-03-05,
2006-03-06,
2006-03-07,
2006-03-08,
2006-03-09,0.684503153763912
2006-03-10,0.7329498898453448
2006-03-11,0.744296009158918
2006-03-12,0.7056965108805409
2006-03-13,0.7707646582691327
2006-03-14,0.7622580420490068
2006-03-15,0.7235298045869307
2006-03-16,
2006-03-17,
2006-03-18,
2006-03-19,
2006-03-20,
2006-03-21,
2006-03-22,
2006-03-23,
2006-03-24,0.7444546593630784
2006-03-25,0.7712817230164524
2006-03-26,0.7635429015281803
2006-03-27,0.7276722020373089
2006-03-28,0.8133696039947061
2006-03-29,
2006-03-30,0.8014096953988903
2006-03-31,0.6681409357076086
2006-04-01,0.7661982990797681
2006-04-02,0.740491912782124
2006-04-03,0.7291666390491651
2006-04-04,0.8321996539854907
2006-04-05,
2006-04-06,0.6402238675794683
2006-04-07,0.8158379074498947
2006-04-08,0.7490645213984718
2006-04-09,0.6485795566543889
2006-04-10,0.7555594464510641
2006-04-11,0.7196671013196437
2006-04-12,0.8005611979348826
2006-04-13,0.7597399504554477
2006-04-14,0.7649989059080008
2006-04-15,0.7597408578749913
2006-04-16,
2006-04-17,0.795370646456694
2006-04-18,0.7843698080584026
2006-04-19,0.8062162891365942
2006-04-20,0.7515003880822637
2006-04-21,0.7650831172584408
2006-04-22,0.7823236050596216
2006-04-23,0.8512998092965416
2006-04-24,0.7553910524790857
2006-04-25,0.7582703378855133
2006-04-26,0.8010413363714468
2006-04-27,0.7486080153273157
2006-04-28,0.7550781326175595
2006-04-29,0.7485312887367528
2006-04-30,0.7584740921192288
2006-05-01,0.7797608514105383
2006-05-02,
2006-05-03,0.8421008869518601
2006-05-04,0.764193935590389
2006-05-05,0.7876917544792796
2006-05-06,0.7803260678201516
2006-05-07,0.7882398525310902
2006-05-08,0.7947768282055528
2006-05-09,
2006-05-10,0.8630050452385885
2006-05-11,0.820555483066346
2006-05-12,0.8174132485505903
2006-05-13,0.7853937955752276
2006-05-14,0.8022284735851031
2006-05-15,0.7863506052316782
2006-05-16,0.9121082809912857
2006-05-17,0.7954549575210194
2006-05-18,0.7871576203636406
2006-05-19,0.8389240577750363
2006-05-20,0.7672296360587442
2006-05-21,0.8020513878154343
2006-05-22,0.7749597930592983
2006-05-23,0.7918630907303471
2006-05-24,0.8396798403381502
2006-05-25,0.9448586647367302
2006-05-26,0.7911617817033633
2006-05-27,0.8090574308366729
2006-05-28,0.8007019644045759
2006-05-29,0.7888880713840065
2006-05-30,0.8236845636420903
2006-05-31,0.8577037043761988
2006-06-01,0.8855862068965517
2006-06-02,0.8273902896732138
2006-06-03,0.8524564702258033
2006-06-04,0.8122586419063458
2006-06-05,0.8140130900414131
2006-06-06,0.8235760528967606
2006-06-07,
2006-06-08,0.8525780839233
2006-06-09,0.7951949994582654
2006-06-10,0.8156264713461094
2006-06-11,0.7993068251763936
2006-06-12,0.8042688206425072
2006-06-13,0.8271006173493942
2006-06-14,0.7915293215496807
2006-06-15,0.8118989872875728
2006-06-16,0.7731430403228436
2006-06-17,0.7891207385141231
2006-06-18,0.8096143875781338
2006-06-19,0.8319156696528254
2006-06-20,0.8075681605746282
2006-06-21,0.7915131575888162
2006-06-22,0.8547825402573894
2006-06-23,0.800612477789485
2006-06-24,0.8273463471208988
2006-06-25,0.8078809108257636
2006-06-26,0.8149899513939298
2006-06-27,0.802014302384769
2006-06-28,0.8304995248875113
2006-06-29,0.8441461258662044
2006-06-30,0.768355411024655
2006-07-01,0.7690642488916302
2006-07-02,0.7983256198384296
2006-07-03,0.8092123649571815
2006-07-04,0.808112173900191
2006-07-05,
2006-07-06,0.8267415321661102
2006-07-07,0.7875289281385238
2006-07-08,0.7907776778532684
2006-07-09,0.7807185129542954
2006-07-10,0.808303229419344
2006-07-11,0.819355844691165
2006-07-12,
2006-07-13,0.8247018074155827
2006-07-14,0.7869253723232692
2006-07-15,0.7922917639070259
2006-07-16,0.8065872558324639
2006-07-17,0.8105310293898426
2006-07-18,0.8093805794266871
2006-07-19,0.8062570405865662
2006-07-20,0.8113354042342368
2006-07-21,0.8253550847208726
2006-07-22,0.8483159155730408
2006-07-23,0.8258760809677878
2006-07-24,0.7866386769582833
2006-07-25,0.8010950606107999
2006-07-26,0.8153247312092168
2006-07-27,0.8453452562717279
2006-07-28,0.8383205220637892
2006-07-29,0.807164782676961
2006-07-30,0.8197406226219317
2006-07-31,0.8136898837217554
2006-08-01,0.8312751518631336
2006-08-02,0.839350990226778
2006-08-03,0.8485670837402818
2006-08-04,0.8285296515960402
2006-08-05,0.794154549955818
2006-08-06,0.7938968576257935
2006-08-07,0.8336464845151105
2006-08-08,0.8012675841420248
2006-08-09,0.850520929245345
2006-08-10,0.8256404986999323
2006-08-11,0.848227683392603
2006-08-12,0.7864325432493116
2006-08-13,0.7780177502456009
2006-08-14,0.8164457574863809
2006-08-15,0.8051410962376528
2006-08-16,0.847928489049037
2006-08-17,0.8421299202102285
2006-08-18,0.8525180019636884
2006-08-19,0.7906298157204387
2006-08-20,0.828558593137552
2006-08-21,0.824085066975528
2006-08-22,0.796492734482196
2006-08-23,0.8004344905147275
2006-08-24,0.8389881738241306
2006-08-25,0.898761354798262
2006-08-26,0.8240585876427484
2006-08-27,0.8424078316178585
2006-08-28,0.8677643456391431
2006-08-29,0.8494253679899372
2006-08-30,0.8718082780874912
2006-08-31,0.8297088396496178
2006-09-01,0.8901327072936185
2006-09-02,0.8103070461011079
2006-09-03,0.8325682777862343
2006-09-04,0.8158715705449512
2006-09-05,0.8263164758986999
2006-09-06,0.844042577411412
2006-09-07,
2006-09-08,0.802779621575191
2006-09-09,0.791953310888759
2006-09-10,0.8140075603289407
2006-09-11,0.7821882266717528
2006-09-12,0.8182485479690077
2006-09-13,0.8248333692772025
2006-09-14,0.8580517698235283
2006-09-15,0.8571689639306042
2006-09-16,0.7878768206241781
2006-09-17,0.8235253997565408
2006-09-18,0.7987459938873087
2006-09-19,0.8109070189283946
2006-09-20,0.7950611825312961
2006-09-21,0.800908031490434
2006-09-22,0.8610138701065579
2006-09-23,0.8344705394890762
2006-09-24,0.8324077717812711
2006-09-25,0.7996418499163839
2006-09-26,0.8114964637735493
2006-09-27,0.8086387949061511
2006-09-28,0.7573727814841569
2006-09-29,0.8652295936175142
2006-09-30,0.7792229658590324
2006-10-01,0.8213361523205773
2006-10-02,0.7847685548681079
2006-10-03,0.820371716593476
2006-10-04,0.8168307455543288
2006-10-05,0.8735624405759805
2006-10-06,0.8526509321202582
2006-10-07,0.7992598225681612
2006-10-08,0.8174357935524034
2006-10-09,0.7761543483513832
2006-10-10,0.8090510477920663
2006-10-11,0.8296461921137913
2006-10-12,0.872902637469526
2006-10-13,0.7803462156057304
2006-10-14,0.7492695578579709
2006-10-15,0.7935170052352608
2006-10-16,
2006-10-17,0.7868532509180995
2006-10-18,0.8005050255650377
2006-10-19,0.7915160628166841
2006-10-20,0.8561561626288394
2006-10-21,0.7665354114867623
2006-10-22,0.7733347465003747
2006-10-23,0.7715651093796709
2006-10-24,0.7842774343618936
2006-10-25,0.7785629000592982
2006-10-26,0.8443364703175991
2006-10-27,0.7003152811502671
2006-10-28,0.8862843934121012
2006-10-29,0.7454695213369888
2006-10-30,0.7495901015519589
2006-10-31,0.7480943329082653
2006-11-01,0.7825994282264491
2006-11-02,0.859248186345846
2006-11-03,0.7118333661861089
2006-11-04,
2006-11-05,
2006-11-06,0.8436269751566874
2006-11-07,0.7567406976868144
2006-11-08,0.8449911415044301
2006-11-09,0.8087689372482323
2006-11-10,0.7645981313564684
2006-11-11,0.7946447731094097
2006-11-12,0.7607601290206184
2006-11-13,0.7810405268633139
2006-11-14,0.7795388898660058
2006-11-15,0.7621774220502191
2006-11-16,0.7822219229067752
2006-11-17,0.7442557280460326
2006-11-18,0.8669822496182843
2006-11-19,0.7128624560826705
2006-11-20,0.7608554407089728
2006-11-21,
2006-11-22,
2006-11-23,0.6006899259787578
2006-11-24,
2006-11-25,
2006-11-26,0.6633957220047808
2006-11-27,0.7585044165941659
2006-11-28,0.7664337636063941
2006-11-29,0.7940032277798807
2006-11-30,0.7851653725761651
2006-12-01,0.7476610124194228
2006-12-02,0.7794366349773766
2006-12-03,0.6911340000935395
2006-12-04,0.5852194783074551
2006-12-05,
2006-12-06,
2006-12-07,0.7705545436214273
2006-12-08,
2006-12-09,
2006-12-10,
2006-12-11,
2006-12-12,0.7601838991891864
2006-12-13,0.755114903450225
2006-12-14,0.7614630348438183
2006-12-15,0.8031142801066565
2006-12-16,0.7756369097070442
2006-12-17,
2006-12-18,0.7632661635355255
2006-12-19,
2006-12-20,
2006-12-21,0.7852781078164036
2006-12-22,
2006-12-23,0.7472583483954157
2006-12-24,0.7615736781295592
2006-12-25,0.73553783594467
2006-12-26,0.6999258210126379
2006-12-27,0.7741907828455794
2006-12-28,
2006-12-29,0.7778359520623799
2006-12-30,
2006-12-31,
2007-01-01,0.7309965807157216
2007-01-02,0.6740750261273383
2007-01-03,
2007-01-04,0.7647210592357847
2007-01-05,0.7999873855467867
2007-01-06,0.8021129906862291
2007-01-07,0.735992774909038
2007-01-08,0.8131116604340779
2007-01-09,0.7287509341665286
2007-01-10,
2007-01-11,
2007-01-12,
2007-01-13,0.805439370964658
2007-01-14,0.6726372897338345
2007-01-15,0.6750065493306323
2007-01-16,0.7363470667357213
2007-01-17,
2007-01-18,
2007-01-19,
2007-01-20,
2007-01-21,
2007-01-22,
2007-01-23,
2007-01-24,
2007-01-25,
2007-01-26,
2007-01-27,
2007-01-28,
2007-01-29,
2007-01-30,
2007-01-31,
2007-02-01,
2007-02-02,
2007-02-03,
2007-02-04,
2007-02-05,
2007-02-06,
2007-02-07,
2007-02-08,
2007-02-09,
2007-02-10,
2007-02-11,
2007-02-12,
2007-02-13,
2007-02-14,
2007-02-15,
2007-02-16,
2007-02-17,
2007-02-18,
2007-02-19,
2007-02-20,
2007-02-21,
2007-02-22,0.6532989212345955
2007-02-23,
2007-02-24,
2007-02-25,
2007-02-26,
2007-02-27,
2007-02-28,0.5579703239618963
2007-03-01,
2007-03-02,
2007-03-03,
2007-03-04,
2007-03-05,
2007-03-06,
2007-03-07,
2007-03-08,
2007-03-09,
2007-03-10,
2007-03-11,0.5849286141907901
2007-03-12,
2007-03-13,0.6792372777746405
2007-03-14,0.7047650011999669
2007-03-15,0.738350750825445
2007-03-16,0.65065254264879
2007-03-17,
2007-03-18,
2007-03-19,
2007-03-20,
2007-03-21,
2007-03-22,
2007-03-23,0.6190641830702781
2007-03-24,0.7514912373156484
2007-03-25,
2007-03-26,0.6898898046764248
2007-03-27,0.7205545436224899
2007-03-28,0.747354830675594
2007-03-29,0.7431182265107709
2007-03-30,0.724161991256776
2007-03-31,0.8090440938564384
2007-04-01,
2007-04-02,0.7247100393539353
2007-04-03,0.718306807704627
2007-04-04,0.7653174621747167
2007-04-05,0.6716791857154384
2007-04-06,
2007-04-07,
2007-04-08,
2007-04-09,
2007-04-10,
2007-04-11,
2007-04-12,0.7731135098578785
2007-04-13,0.6962970780566043
2007-04-14,0.7499416310607986
2007-04-15,0.7646021084720822
2007-04-16,0.7141087905011587
2007-04-17,0.6751574769918357
2007-04-18,0.704634730951876
2007-04-19,0.7382035052818497
2007-04-20,0.7330852771439107
2007-04-21,0.7673004086877162
2007-04-22,0.794388296399432
2007-04-23,0.727924118333005
2007-04-24,0.7468712031095153
2007-04-25,0.7622323310492874
2007-04-26,0.7365841702836937
2007-04-27,0.814535826156643
2007-04-28,0.7734530712036118
2007-04-29,0.8155828712994682
2007-04-30,0.7432321101962658
2007-05-01,0.7495577580448068
2007-05-02,0.7836111438461932
2007-05-03,0.7575117695521111
2007-05-04,0.7938948067582444
2007-05-05,
2007-05-06,0.8236070056742066
2007-05-07,0.7593589743576327
2007-05-08,0.7717461928078744
2007-05-09,0.7672022476485998
2007-05-10,0.8168736372460801
2007-05-11,0.8179544993293796
2007-05-12,0.775240382005645
2007-05-13,0.7918278651311749
2007-05-14,0.7792883266996978
2007-05-15,0.8116194484505713
2007-05-16,0.7987092516443874
2007-05-17,0.7905558798208521
2007-05-18,0.8179835439555789
2007-05-19,0.827310036107582
2007-05-20,0.8712840841822227
2007-05-21,0.7765471900039622
2007-05-22,0.7938860861344507
2007-05-23,0.7859982729227806
2007-05-24,0.7985720408172187
2007-05-25,0.7955337778347655
2007-05-26,0.7547989428601528
2007-05-27,0.835984233338656
2007-05-28,0.820507804584777
2007-05-29,0.8463661006135229
2007-05-30,0.7886920679571203
2007-05-31,0.8200841416733509
2007-06-01,0.8192380278456246
2007-06-02,0.8652357505587852
2007-06-03,0.8613179919837315
2007-06-04,0.8624187865935171
2007-06-05,0.7973381479747638
2007-06-06,0.8315018507762331
2007-06-07,0.7994269083172152
2007-06-08,0.8132569095573539
2007-06-09,0.8923640551481302
2007-06-10,0.8655595608650629
2007-06-11,0.8650327453204664
2007-06-12,0.819352985737216
2007-06-13,0.8404994622666081
2007-06-14,0.8294039598069697
2007-06-15,0.7942476219552923
2007-06-16,0.8602186083214289
2007-06-17,0.8350965421731671
2007-06-18,0.8451613284854376
2007-06-19,0.8053761582087577
2007-06-20,0.8426881953104257
2007-06-21,0.8029694712753217
2007-06-22,0.8095156275286788
2007-06-23,0.8492225905109011
2007-06-24,0.8490249290452038
2007-06-25,0.8659747465038089
2007-06-26,0.7970909785547469
2007-06-27,0.7935847085023384
2007-06-28,0.8232066481632916
2007-06-29,
2007-06-30,0.8213872160917882
2007-07-01,0.8149924416171962
2007-07-02,0.8634250147700179
2007-07-03,0.7868411050121386
2007-07-04,0.8080491038331123
2007-07-05,0.8443213132222519
2007-07-06,0.8220974065283503
2007-07-07,0.8311552275221025
2007-07-08,
2007-07-09,0.8962528199524068
2007-07-10,0.8084960757579028
2007-07-11,0.8548968558241428
2007-07-12,0.8592296970716934
2007-07-13,0.8140772586851845
2007-07-14,0.8106290231495904
2007-07-15,
2007-07-16,0.8729997737870189
2007-07-17,0.7906998878520894
2007-07-18,0.7940642930247518
2007-07-19,0.8020232603790182
2007-07-20,0.8371691923883131
2007-07-21,0.8105397809370078
2007-07-22,
2007-07-23,0.8640476987468039
2007-07-24,0.7952991180501912
2007-07-25,0.8099413744308226
2007-07-26,0.806677754231159
2007-07-27,0.8427141362937025
2007-07-28,0.8297053355094377
2007-07-29,0.7661161417811748
2007-07-30,0.8619343210938014
2007-07-31,0.7815869618970914
2007-08-01,0.7987311017122867
2007-08-02,0.8064392373991307
2007-08-03,0.8335821972782236
2007-08-04,0.8235757843483714
2007-08-05,0.8582691840102842
2007-08-06,0.8742787311009141
2007-08-07,0.7867346025984407
2007-08-08,0.8360491604004051
2007-08-09,0.7875720269678225
2007-08-10,0.8406359442844991
2007-08-11,0.8307077390389394
2007-08-12,0.8258615523469773
2007-08-13,0.8386122651805095
2007-08-14,0.8008441259085594
2007-08-15,0.7893327441293975
2007-08-16,0.8114671563988038
2007-08-17,0.8399583398462661
2007-08-18,0.8115767795622522
2007-08-19,0.8236771966895909
2007-08-20,0.8545000853495007
2007-08-21,0.8268124982184022
2007-08-22,0.8424184036139032
2007-08-23,0.8376797520513303
2007-08-24,0.8403090222547983
2007-08-25,0.8539342338510442
2007-08-26,0.8947176530554829
2007-08-27,0.8510073358163424
2007-08-28,0.8084929702530849
2007-08-29,0.8109036696994156
2007-08-30,0.8133916402719069
2007-08-31,0.8364092116789575
2007-09-01,0.8293639232593624
2007-09-02,0.8683715744702594
2007-09-03,0.8451056680550795
2007-09-04,0.8342162732029887
2007-09-05,0.8096012315096435
2007-09-06,0.8266134728518428
2007-09-07,0.8276923305377079
2007-09-08,0.8205256127007907
2007-09-09,0.8564191879828673
2007-09-10,0.8529729166395512
2007-09-11,0.8719715483630489
2007-09-12,0.8022805980383182
2007-09-13,0.8062462377498609
2007-09-14,0.8027506645096014
2007-09-15,0.8779863702134925
2007-09-16,0.7941676722398379
2007-09-17,
2007-09-18,0.7988306917841986
2007-09-19,0.781310367090106
2007-09-20,0.8314478246704399
2007-09-21,0.8193813288689329
2007-09-22,0.8206652695697884
2007-09-23,0.8417364701568539
2007-09-24,
2007-09-25,0.7976660163807964
2007-09-26,0.8097614630368631
2007-09-27,0.82865469771274
2007-09-28,0.8250457204447779
2007-09-29,0.8269418831934503
2007-09-30,0.8429287777416188
2007-10-01,0.7316693746980372
2007-10-02,0.795439278291509
2007-10-03,0.8031594538675039
2007-10-04,0.8419190566286625
2007-10-05,0.8229710947948824
2007-10-06,0.8440525542759779
2007-10-07,0.8815895598318321
2007-10-08,0.8363933201580318
2007-10-09,0.8234806886513724
2007-10-10,0.8135605942441785
2007-10-11,0.8128777892538847
2007-10-12,0.8501839469548631
2007-10-13,0.8141283087020849
2007-10-14,0.7997439319648602
2007-10-15,0.8238492355511513
2007-10-16,0.8094241735010048
2007-10-17,0.8087577105596256
2007-10-18,0.818682425044959
2007-10-19,0.8277142423453676
2007-10-20,0.8051979561023195
2007-10-21,0.7950737333389714
2007-10-22,0.886426410516538
2007-10-23,0.8242903234312854
2007-10-24,0.83006036661509
2007-10-25,0.833448805086834
2007-10-26,0.7904334689460415
2007-10-27,0.8366484649476551
2007-10-28,
2007-10-29,0.7747415671698775
2007-10-30,0.7717733102743739
2007-10-31,0.773720338931114
2007-11-01,0.7777656490103148
2007-11-02,0.8003997219613014
2007-11-03,0.8124982852607412
2007-11-04,
2007-11-05,0.8431722063594521
2007-11-06,0.8201389424242908
2007-11-07,0.7510080909171317
2007-11-08,0.6903460921018545
2007-11-09,
2007-11-10,0.7033687435242048
2007-11-11,
2007-11-12,
2007-11-13,0.9098390765779695
2007-11-14,
2007-11-15,0.8711963454007153
2007-11-16,0.786566189998313
2007-11-17,
2007-11-18,
2007-11-19,
2007-11-20,
2007-11-21,0.6725645329923117
2007-11-22,0.7689626919245839
2007-11-23,0.7079064306722423
2007-11-24,
2007-11-25,
2007-11-26,0.7576291847764597
2007-11-27,0.8493947368421053
2007-11-28,0.7061791378413915
2007-11-29,0.6750474936464079
2007-11-30,0.7175802067975432
2007-12-01,0.6816483809701773
2007-12-02,
2007-12-03,
2007-12-04,
2007-12-05,
2007-12-06,
2007-12-07,
2007-12-08,
2007-12-09,
2007-12-10,
2007-12-11,
2007-12-12,
2007-12-13,
2007-12-14,
2007-12-15,
2007-12-16,
2007-12-17,
2007-12-18,
2007-12-19,
2007-12-20,
2007-12-21,
2007-12-22,
2007-12-23,
2007-12-24,0.6970642045212299
2007-12-25,
2007-12-26,
2007-12-27,
2007-12-28,0.6092697950412898
2007-12-29,0.5702963245921949
2007-12-30,
2007-12-31,
2008-01-01,
2008-01-02,
2008-01-03,
2008-01-04,
2008-01-05,
2008-01-06,
2008-01-07,0.6999681062121135
2008-01-08,0.6985384983352735
2008-01-09,0.6943500181273071
2008-01-10,0.8096415518088071
2008-01-11,0.7108045529255808
2008-01-12,0.7291155714921874
2008-01-13,
2008-01-14,0.8240694044059906
2008-01-15,
2008-01-16,
2008-01-17,
2008-01-18,
2008-01-19,
2008-01-20,
2008-01-21,
2008-01-22,
2008-01-23,
2008-01-24,
2008-01-25,
2008-01-26,
2008-01-27,
2008-01-28,
2008-01-29,
2008-01-30,
2008-01-31,
2008-02-01,
2008-02-02,
2008-02-03,0.6215012564605106
2008-02-04,
2008-02-05,
2008-02-06,0.6195873559109621
2008-02-07,0.4957579646017699
2008-02-08,
2008-02-09,
2008-02-10,
2008-02-11,
2008-02-12,
2008-02-13,
2008-02-14,
2008-02-15,
2008-02-16,
2008-02-17,
2008-02-18,
2008-02-19,0.7492498145516124
2008-02-20,
2008-02-21,
2008-02-22,
2008-02-23,
2008-02-24,
2008-02-25,
2008-02-26,
2008-02-27,
2008-02-28,
2008-02-29,
2008-03-01,
2008-03-02,
2008-03-03,
2008-03-04,0.5202144893150933
2008-03-05,0.5774562256851854
2008-03-06,0.6157579123444412
2008-03-07,
2008-03-08,0.554419657843834
2008-03-09,0.626
2008-03-10,
2008-03-11,
2008-03-12,0.6104733042575768
2008-03-13,
2008-03-14,
2008-03-15,0.7260341835341516
2008-03-16,0.6907526568728316
2008-03-17,
2008-03-18,
2008-03-19,0.5987877308931874
2008-03-20,0.6133389231529685
2008-03-21,
2008-03-22,
2008-03-23,
2008-03-24,
2008-03-25,
2008-03-26,0.6231043891034718
2008-03-27,0.7210121802124358
2008-03-28,0.7145162981135366
2008-03-29,
2008-03-30,
2008-03-31,
2008-04-01,0.7791187909516318
2008-04-02,0.7540616930044333
2008-04-03,
2008-04-04,0.7628136112091561
2008-04-05,0.7353845669146202
2008-04-06,0.7468650924289344
2008-04-07,0.7336437262609188
2008-04-08,0.6852043924855653
2008-04-09,0.751586347749017
2008-04-10,0.7250747463217242
2008-04-11,0.7457608417923688
2008-04-12,0.7263404762567696
2008-04-13,0.7305470951983533
2008-04-14,0.6932836747008103
2008-04-15,0.6029689913602027
2008-04-16,0.7016469212415658
2008-04-17,0.7647240702530137
2008-04-18,0.7858856118699176
2008-04-19,0.7438065633899144
2008-04-20,0.7623540468736097
2008-04-21,0.7469055782490129
2008-04-22,0.7662066225690924
2008-04-23,0.7644411896120027
2008-04-24,0.7747585573902648
2008-04-25,0.7694811215222301
2008-04-26,0.8137478649166421
2008-04-27,0.7940058762919305
2008-04-28,0.8120706890795973
2008-04-29,0.7778103531691297
2008-04-30,0.7476832112478158
2008-05-01,
2008-05-02,0.7844548881587428
2008-05-03,0.8297888423759789
2008-05-04,0.8337873686002374
2008-05-05,0.7550835247121965
2008-05-06,0.7595655096848759
2008-05-07,0.7731713983508965
2008-05-08,0.8221574066781105
2008-05-09,0.8009402871237918
2008-05-10,0.7962840274604155
2008-05-11,0.8042246452010279
2008-05-12,0.8177788615839772
2008-05-13,0.7899838186125673
2008-05-14,0.7875770915972978
2008-05-15,0.808762510210549
2008-05-16,0.7944388978916592
2008-05-17,0.7991068161282137
2008-05-18,0.7878758908361234
2008-05-19,0.7992181011731623
2008-05-20,0.8607825617090467
2008-05-21,0.792843076056057
2008-05-22,0.8694867038414036
2008-05-23,0.766361043789109
2008-05-24,0.806869788536516
2008-05-25,0.8105392036296951
2008-05-26,0.8265536658754871
2008-05-27,0.832972270192764
2008-05-28,0.717875
2008-05-29,0.7876442118900108
2008-05-30,0.7905481351078676
2008-05-31,0.806431887587292
2008-06-01,0.8024861534627518
2008-06-02,0.8286830308465339
2008-06-03,0.7992767184555236
2008-06-04,0.8718392918211939
2008-06-05,0.806965738583293
2008-06-06,0.8325930713630639
2008-06-07,0.8065393762327682
2008-06-08,0.8094996544917554
2008-06-09,0.825876609596148
2008-06-10,0.7780790315471859
2008-06-11,0.8211430989561226
2008-06-12,0.7986441283451081
2008-06-13,0.7924948185323492
2008-06-14,0.815376139775137
2008-06-15,0.8471149312768708
2008-06-16,0.8208843017311643
2008-06-17,0.799837930431016
2008-06-18,0.8765573619265967
2008-06-19,0.7955031248983833
2008-06-20,0.8089899438875104
2008-06-21,0.831512148766767
2008-06-22,0.8057050437632439
2008-06-23,0.7938322539079345
2008-06-24,0.8014277325281856
2008-06-25,0.7853467774104651
2008-06-26,0.8167997496431184
2008-06-27,0.8189794952052126
2008-06-28,0.8368752313089227
2008-06-29,0.8398688987111886
2008-06-30,0.8217260376218533
2008-07-01,
2008-07-02,0.7925560724189896
2008-07-03,0.7824929400090547
2008-07-04,0.8289999548613215
2008-07-05,0.8383659995114594
2008-07-06,0.8432158370002037
2008-07-07,0.8395656940238286
2008-07-08,0.8202938580931017
2008-07-09,0.803856576953822
2008-07-10,0.7844252814357345
2008-07-11,0.8010696026856208
2008-07-12,0.8055478222208976
2008-07-13,0.8308176080500613
2008-07-14,0.8216507960162895
2008-07-15,0.7902358799185553
2008-07-16,0.7826214364268628
2008-07-17,0.785700940555966
2008-07-18,0.8090960962479973
2008-07-19,0.8173510993322792
2008-07-20,0.8378936831483026
2008-07-21,0.8390862329802087
2008-07-22,0.8593458495077336
2008-07-23,0.8899999644440127
2008-07-24,0.8473157583797047
2008-07-25,0.7814193229370285
2008-07-26,0.7874366962778819
2008-07-27,0.8476022979388459
2008-07-28,0.8104895099398942
2008-07-29,0.8340470718157688
2008-07-30,0.8213428385750055
2008-07-31,0.8155312667273685
2008-08-01,0.8022600846785393
2008-08-02,0.8024899923272696
2008-08-03,0.8131623934941232
2008-08-04,0.8183931087718112
2008-08-05,0.830429074782708
2008-08-06,0.8585322274637212
2008-08-07,0.8144310601675687
2008-08-08,0.8060069075400141
2008-08-09,0.8142927052614909
2008-08-10,0.7971017654065061
2008-08-11,0.8067955867506584
2008-08-12,0.8157491253053447
2008-08-13,0.8021298905055769
2008-08-14,0.8224167586282985
2008-08-15,0.8150781484361371
2008-08-16,0.820822414198393
2008-08-17,0.8066561282207405
2008-08-18,0.808742584635058
2008-08-19,0.8139499441840814
2008-08-20,0.7755542589706681
2008-08-21,0.8071436342053332
2008-08-22,0.8045575748835571
2008-08-23,0.8054188198450409
2008-08-24,0.8057348581432259
2008-08-25,0.828835068914479
2008-08-26,0.7877707253563843
2008-08-27,0.7765835091991193
2008-08-28,0.8040382606977037
2008-08-29,0.8098418485151274
2008-08-30,0.8534419517394966
2008-08-31,0.8065122046224427
2008-09-01,0.7196349826289071
2008-09-02,0.7981730479872066
2008-09-03,0.795777792822822
2008-09-04,0.811449840440035
2008-09-05,0.7826213038999175
2008-09-06,0.8316579887951768
2008-09-07,0.8068132581568623
2008-09-08,0.8061705537038523
2008-09-09,0.8210659058971311
2008-09-10,0.773876755412228
2008-09-11,0.7916350242813137
2008-09-12,0.7933636225164594
2008-09-13,0.8219262895042145
2008-09-14,0.8392099170894939
2008-09-15,0.8119326952745035
2008-09-16,0.8031360473590603
2008-09-17,0.6970625
2008-09-18,0.7900805242911249
2008-09-19,0.765022555637709
2008-09-20,0.7837906995771357
2008-09-21,0.7847427008858151
2008-09-22,0.8189922906491719
2008-09-23,0.7822888836837566
2008-09-24,0.8267540573433264
2008-09-25,0.8153831809237423
2008-09-26,0.8448541255881207
2008-09-27,0.8137308858495452
2008-09-28,0.8051524825813398
2008-09-29,0.8246975065146065
2008-09-30,0.786689193378051
2008-10-01,0.8223009473379275
2008-10-02,0.7902531865518454
2008-10-03,0.7945333095873726
2008-10-04,0.7808860146791299
2008-10-05,0.7977381738233683
2008-10-06,0.8033235556729921
2008-10-07,0.7725130990883897
2008-10-08,0.7682680176319229
2008-10-09,0.8233616593353986
2008-10-10,0.7900098672360467
2008-10-11,0.7967597735444666
2008-10-12,0.7728893328814397
2008-10-13,0.7987692816688847
2008-10-14,0.7788314636120218
2008-10-15,0.7881069679581955
2008-10-16,0.8242682933087749
2008-10-17,0.7886980343893667
2008-10-18,0.7615959708892023
2008-10-19,0.7207372929781684
2008-10-20,
2008-10-21,0.727757861724909
2008-10-22,0.7801881770739566
2008-10-23,0.6894895457929365
2008-10-24,
2008-10-25,0.7971569240180011
2008-10-26,0.7636443959317923
2008-10-27,0.7913727070682716
2008-10-28,0.7674609481158201
2008-10-29,0.7349617923381527
2008-10-30,0.6357002880691296
2008-10-31,
2008-11-01,0.7623024310380212
2008-11-02,0.6653241227568512
2008-11-03,
2008-11-04,0.725078207205979
2008-11-05,0.77610093889517
2008-11-06,0.7707642257580514
2008-11-07,0.7615601625312653
2008-11-08,0.7576599514106926
2008-11-09,0.7577029992594572
2008-11-10,0.760114053190375
2008-11-11,0.6774051784452767
2008-11-12,0.7163109021281054
2008-11-13,0.6707101454615157
2008-11-14,0.7355911432323662
2008-11-15,0.7924837660105662
2008-11-16,0.7464363007366848
2008-11-17,0.7298229872507176
2008-11-18,
2008-11-19,
2008-11-20,
2008-11-21,
2008-11-22,
2008-11-23,
2008-11-24,
2008-11-25,0.5835012223901928
2008-11-26,0.7448373525372644
2008-11-27,0.6847903079214208
2008-11-28,
2008-11-29,0.6207556205258724
2008-11-30,
2008-12-01,
2008-12-02,0.7634034598508226
2008-12-03,
2008-12-04,
2008-12-05,0.6572136552531047
2008-12-06,
2008-12-07,
2008-12-08,
2008-12-09,
2008-12-10,0.748954671950065
2008-12-11,0.6947609419522314
2008-12-12,0.6415490004162153
2008-12-13,
2008-12-14,
2008-12-15,0.5525290970332121
2008-12-16,0.7461273162929969
2008-12-17,
2008-12-18,
2008-12-19,
2008-12-20,
2008-12-21,
2008-12-22,
2008-12-23,
2008-12-24,
2008-12-25,
2008-12-26,0.5070771523530603
2008-12-27,
2008-12-28,0.5997759256539974
2008-12-29,0.7495698435923905
2008-12-30,
2008-12-31,
2009-01-01,
2009-01-02,
2009-01-03,
2009-01-04,
2009-01-05,
2009-01-06,
2009-01-07,
2009-01-08,
2009-01-09,
2009-01-10,
2009-01-11,
2009-01-12,
2009-01-13,
2009-01-14,
2009-01-15,
2009-01-16,
2009-01-17,
2009-01-18,
2009-01-19,
2009-01-20,
2009-01-21,
2009-01-22,
2009-01-23,
2009-01-24,
2009-01-25,
2009-01-26,
2009-01-27,
2009-01-28,
2009-01-29,
2009-01-30,
2009-01-31,
2009-02-01,
2009-02-02,
2009-02-03,
2009-02-04,
2009-02-05,
2009-02-06,
2009-02-07,
2009-02-08,
2009-02-09,
2009-02-10,
2009-02-11,
2009-02-12,0.6370027092199784
2009-02-13,0.6781081811914365
2009-02-14,
2009-02-15,
2009-02-16,
2009-02-17,
2009-02-18,
2009-02-19,
2009-02-20,
2009-02-21,
2009-02-22,
2009-02-23,
2009-02-24,
2009-02-25,
2009-02-26,
2009-02-27,
2009-02-28,0.6716552802410148
2009-03-01,
2009-03-02,
2009-03-03,
2009-03-04,
2009-03-05,
2009-03-06,
2009-03-07,0.6580472042484228
2009-03-08,0.7187886342068237
2009-03-09,0.7467258299433681
2009-03-10,0.6428714178352044
2009-03-11,0.6750183847434976
2009-03-12,0.6989
2009-03-13,
2009-03-14,
2009-03-15,0.6046621740769674
2009-03-16,
2009-03-17,
2009-03-18,0.7932864837088455
2009-03-19,0.7739410732816354
2009-03-20,0.7506358123225034
2009-03-21,
2009-03-22,
2009-03-23,
2009-03-24,
2009-03-25,
2009-03-26,0.77217627780949
2009-03-27,0.7348948001124606
2009-03-28,0.7620355234418785
2009-03-29,0.8102264991529512
2009-03-30,0.7328813159103832
2009-03-31,0.7278044334518402
2009-04-01,0.7435402432973779
2009-04-02,0.7502406831171383
2009-04-03,0.7603529585016324
2009-04-04,0.7397314951127845
2009-04-05,0.7293941757570966
2009-04-06,0.7340652966949409
2009-04-07,0.7276338276174129
2009-04-08,0.5087426605393801
2009-04-09,
2009-04-10,0.700085877985255
2009-04-11,0.7593692283937947
2009-04-12,0.7165577720462053
2009-04-13,0.6061957307759971
2009-04-14,0.7328838163168678
2009-04-15,0.7144221149258794
2009-04-16,0.6556232396534344
2009-04-17,0.7393563665150188
2009-04-18,0.7740897740723462
2009-04-19,0.7540295397709826
2009-04-20,0.7779407905696994
2009-04-21,0.806003433537226
2009-04-22,0.7281894300245978
2009-04-23,0.7301024725268981
2009-04-24,0.738557998650495
2009-04-25,0.7756342500535559
2009-04-26,0.7675889692722464
2009-04-27,0.7999359851078587
2009-04-28,0.7846920016992165
2009-04-29,0.9055257197926905
2009-04-30,0.7657028720967388
2009-05-01,0.7986710983919103
2009-05-02,0.7992413938840874
2009-05-03,0.772843879733154
2009-05-04,0.8166118420910549
2009-05-05,0.8237688260579837
2009-05-06,0.847911314142007
2009-05-07,0.8979062516426655
2009-05-08,0.7745410459626233
2009-05-09,0.8210428695346083
2009-05-10,0.784978160792346
2009-05-11,0.7964449829974488
2009-05-12,0.7906452675147178
2009-05-13,0.8201996704295088
2009-05-14,0.8233057344000574
2009-05-15,0.915509463328583
2009-05-16,0.7887178322199474
2009-05-17,0.8511416457507192
2009-05-18,0.8091874493118993
2009-05-19,0.772521583982052
2009-05-20,0.8232059221764143
2009-05-21,0.8141911171471591
2009-05-22,0.8235761487629754
2009-05-23,0.9030558728036466
2009-05-24,0.8251293658747184
2009-05-25,0.7993742020479675
2009-05-26,0.7944566524116029
2009-05-27,0.853229767383323
2009-05-28,0.8525090461643428
2009-05-29,0.895341544997212
2009-05-30,0.8582139448928818
2009-05-31,0.911789303101688
2009-06-01,0.7985766851322825
2009-06-02,0.8024655205357735
2009-06-03,0.8032038232454175
2009-06-04,0.8144395399556041
2009-06-05,0.8300117631136346
2009-06-06,0.8409973721450882
2009-06-07,0.8615256828559977
2009-06-08,0.8894291256823831
2009-06-09,0.807547412626552
2009-06-10,0.8124736789779337
2009-06-11,0.8272638869037715
2009-06-12,0.8402594271157527
2009-06-13,0.8063908001691461
2009-06-14,0.8372600121086404
2009-06-15,0.8594278390498264
2009-06-16,0.8829506821039476
2009-06-17,0.7719517773310307
2009-06-18,0.7949030322588964
2009-06-19,0.8265885061773003
2009-06-20,0.7932805775740561
2009-06-21,0.8589399061588884
2009-06-22,0.8575533267292739
2009-06-23,0.8837851363924916
2009-06-24,0.8916859783325647
2009-06-25,0.8103685678289321
2009-06-26,0.8124304099062359
2009-06-27,0.804756837961257
2009-06-28,0.826792055995848
2009-06-29,0.8386574974336494
2009-06-30,0.8312433320638943
2009-07-01,0.8754948718282588
2009-07-02,0.8760748184454547
2009-07-03,0.8102032154428442
2009-07-04,0.7966050085202716
2009-07-05,0.7931357382208123
2009-07-06,0.7835709229552473
2009-07-07,0.8251398488938672
2009-07-08,0.8335866162234981
2009-07-09,0.8728333839027401
2009-07-10,0.8182417029852819
2009-07-11,0.7933301624043271
2009-07-12,0.7971692852411613
2009-07-13,0.7848429956858111
2009-07-14,0.7798251684266498
2009-07-15,0.805953333279836
2009-07-16,0.848313092970858
2009-07-17,0.8577339621958254
2009-07-18,0.8815793584825155
2009-07-19,0.7919998079913285
2009-07-20,0.7945775956723226
2009-07-21,0.8379257246947016
2009-07-22,0.8236043634197402
2009-07-23,0.8369520071783768
2009-07-24,0.8497097327253857
2009-07-25,0.9047136940623307
2009-07-26,0.8504322814886437
2009-07-27,0.8045587086133907
2009-07-28,0.8012819377877134
2009-07-29,0.8185061857643624
2009-07-30,0.8589380917580112
2009-07-31,0.8356876324833113
2009-08-01,0.8339937143898281
2009-08-02,0.8718740381453773
2009-08-03,0.8177551595368993
2009-08-04,0.7766699442120172
2009-08-05,
2009-08-06,0.7932894241492565
2009-08-07,0.7695311365351564
2009-08-08,0.7941145669948788
2009-08-09,0.8372765399071604
2009-08-10,0.8625849473375988
2009-08-11,0.8411968718223605
2009-08-12,0.8153248670313515
2009-08-13,0.8383431699796475
2009-08-14,0.7801931242736646
2009-08-15,0.8159528158818323
2009-08-16,0.7953474875057889
2009-08-17,0.8452663031551473
2009-08-18,0.876362164307005
2009-08-19,0.8347965149632098
2009-08-20,0.8064072920442122
2009-08-21,0.8281651976351017
2009-08-22,0.8100914683024631
2009-08-23,0.8093850841319357
2009-08-24,0.8171874494518786
2009-08-25,0.8111927103449335
2009-08-26,0.8800609996463852
2009-08-27,0.7801123739657313
2009-08-28,0.7810769727723837
2009-08-29,0.8447351995932288
2009-08-30,0.8056175172512122
2009-08-31,0.7869699495243977
2009-09-01,0.7752208015970686
2009-09-02,0.8076089710404999
2009-09-03,0.8670342476906818
2009-09-04,0.7914283878648567
2009-09-05,0.7871104005135353
2009-09-06,0.7462729175709797
2009-09-07,0.7912700928092188
2009-09-08,0.7985064533554691
2009-09-09,0.8121891078369424
2009-09-10,0.7947860269363913
2009-09-11,0.8990387319952137
2009-09-12,0.8258878330877787
2009-09-13,0.7904166213241015
2009-09-14,0.7855567796750323
2009-09-15,0.7808517605484279
2009-09-16,0.8107207697333807
2009-09-17,0.7943928843484196
2009-09-18,0.826559187152556
2009-09-19,0.8788949115485989
2009-09-20,0.7744919949229976
2009-09-21,0.772761589873203
2009-09-22,0.7701074976250349
2009-09-23,0.8174209875992382
2009-09-24,0.7892546448220227
2009-09-25,0.7902399912062611
2009-09-26,0.8018403753858112
2009-09-27,0.8962289126923062
2009-09-28,0.7909340768977128
2009-09-29,0.7629487242622165
2009-09-30,0.7896423385605844
2009-10-01,0.7605270116927642
2009-10-02,0.7862654977302329
2009-10-03,0.8334428873949128
2009-10-04,0.8279556078581427
2009-10-05,0.8804855064156417
2009-10-06,0.7738746952703701
2009-10-07,0.8219263042281443
2009-10-08,0.7600158312540184
2009-10-09,0.8101809266176164
2009-10-10,0.8116043010787313
2009-10-11,0.7802284846954304
2009-10-12,0.7766978980483042
2009-10-13,0.90875082144798
2009-10-14,0.7448540031661418
2009-10-15,0.6321755106392969
2009-10-16,0.7346171026032633
2009-10-17,0.6867372280639893
2009-10-18,0.7629406147128345
2009-10-19,0.7067811769989906
2009-10-20,0.6996876478894888
2009-10-21,0.8839091298250027
2009-10-22,0.7727375954551371
2009-10-23,0.7734872810757422
2009-10-24,0.7921234050436483
2009-10-25,0.7594770968265607
2009-10-26,0.7584997573340738
2009-10-27,0.7549348681759278
2009-10-28,0.8432421909622304
2009-10-29,0.8526974271315779
2009-10-30,0.7548456196076584
2009-10-31,0.769246628660193
2009-11-01,0.7629173655181894
2009-11-02,0.7025939014982131
2009-11-03,0.7674684485346098
2009-11-04,0.7576917298319245
2009-11-05,0.7337117150673883
2009-11-06,0.8372826654910708
2009-11-07,
2009-11-08,0.7523240480548987
2009-11-09,0.5854306590614613
2009-11-10,0.7538599827225124
2009-11-11,0.746510131081647
2009-11-12,0.7375084109761763
2009-11-13,0.759611846189307
2009-11-14,0.8724571182643241
2009-11-15,0.7613665859208266
2009-11-16,0.726241085362591
2009-11-17,0.7288162571267093
2009-11-18,
2009-11-19,0.5081602794259101
2009-11-20,0.7814618525171165
2009-11-21,0.7737094486815128
2009-11-22,0.8278123736582205
2009-11-23,0.6677078537574266
2009-11-24,0.7501538629521891
2009-11-25,0.7349840420971571
2009-11-26,0.7416821359832435
2009-11-27,0.7564219642659751
2009-11-28,0.7727736465158157
2009-11-29,0.7615598232831733
2009-11-30,0.8224922590346312
2009-12-01,0.7094591801942361
2009-12-02,
2009-12-03,0.7668185047463092
2009-12-04,0.7226918164733565
2009-12-05,0.6939581490851742
2009-12-06,0.5453333333333333
2009-12-07,
2009-12-08,
2009-12-09,
2009-12-10,
2009-12-11,
2009-12-12,
2009-12-13,
2009-12-14,
2009-12-15,0.6450009362165084
2009-12-16,0.653
2009-12-17,
2009-12-18,
2009-12-19,
2009-12-20,
2009-12-21,
2009-12-22,
2009-12-23,
2009-12-24,
2009-12-25,
2009-12-26,
2009-12-27,0.48423170731707316
2009-12-28,
2009-12-29,
2009-12-30,
2009-12-31,
2010-01-01,
2010-01-02,
2010-01-03,
2010-01-04,
2010-01-05,
2010-01-06,
2010-01-07,
2010-01-08,
2010-01-09,
2010-01-10,
2010-01-11,
2010-01-12,
2010-01-13,
2010-01-14,
2010-01-15,
2010-01-16,0.7351007608021732
2010-01-17,
2010-01-18,
2010-01-19,0.6050731273757622
2010-01-20,
2010-01-21,
2010-01-22,
2010-01-23,
2010-01-24,
2010-01-25,
2010-01-26,0.713864745049645
2010-01-27,
2010-01-28,
2010-01-29,
2010-01-30,
2010-01-31,
2010-02-01,
2010-02-02,
2010-02-03,
2010-02-04,
2010-02-05,
2010-02-06,
2010-02-07,
2010-02-08,
2010-02-09,
2010-02-10,
2010-02-11,
2010-02-12,
2010-02-13,
2010-02-14,
2010-02-15,
2010-02-16,
2010-02-17,
2010-02-18,
2010-02-19,0.6753056040092333
2010-02-20,0.61539227288081
2010-02-21,0.5294063101604278
2010-02-22,
2010-02-23,
2010-02-24,
2010-02-25,
2010-02-26,0.5249804278074867
2010-02-27,0.642627871208114
2010-02-28,0.6726257337323782
2010-03-01,
2010-03-02,0.611685100166128
2010-03-03,0.6635031621773212
2010-03-04,0.6381860668715671
2010-03-05,0.6601594878035454
2010-03-06,
2010-03-07,0.6664790510123371
2010-03-08,0.6250116150738306
2010-03-09,0.7037551449758664
2010-03-10,0.666880282279374
2010-03-11,0.7112911703876101
2010-03-12,0.7207427946203895
2010-03-13,0.7438996835713574
2010-03-14,0.7387732149126696
2010-03-15,0.6678041577887748
2010-03-16,0.7172423293005337
2010-03-17,0.7042371083583664
2010-03-18,0.7246025534491254
2010-03-19,0.7253999181438847
2010-03-20,0.7637676839389893
2010-03-21,0.7597175717210511
2010-03-22,0.8274782831195766
2010-03-23,0.7404051440199141
2010-03-24,0.7297247283347325
2010-03-25,0.7391434159585841
2010-03-26,0.7291257574880151
2010-03-27,
2010-03-28,
2010-03-29,0.7832301501370781
2010-03-30,0.8209578466104407
2010-03-31,0.7120567897439094
2010-04-01,0.7228040105292047
2010-04-02,0.7227542434664478
2010-04-03,0.759844360936582
2010-04-04,0.756029305178605
2010-04-05,0.7599821408334696
2010-04-06,0.764186931765535
2010-04-07,0.8132046392883165
2010-04-08,0.7480118508709029
2010-04-09,0.7775040816718102
2010-04-10,0.7435443007585165
2010-04-11,0.7522404295067935
2010-04-12,0.7603387241892217
2010-04-13,0.7433301979427037
2010-04-14,0.7841454929512274
2010-04-15,0.8007156268957905
2010-04-16,0.7548642622223913
2010-04-17,0.7444637241472382
2010-04-18,0.7389713379292802
2010-04-19,0.776934938202828
2010-04-20,0.7709986454882806
2010-04-21,0.7957993632691164
2010-04-22,0.8067073022520509
2010-04-23,0.8183379112565269
2010-04-24,0.7604548849124155
2010-04-25,0.8014178303799527
2010-04-26,0.7919897178865383
2010-04-27,0.7917207584601028
2010-04-28,0.7461146411244116
2010-04-29,0.777923315783513
2010-04-30,0.861279093642328
2010-05-01,0.8325598688260418
2010-05-02,0.8033953685915357
2010-05-03,0.8343864667410292
2010-05-04,0.770821135544206
2010-05-05,0.7894818974584318
2010-05-06,0.8144775682101923
2010-05-07,0.8327750985472341
2010-05-08,0.8326974303310677
2010-05-09,0.81499180779375
2010-05-10,0.774824542952959
2010-05-11,0.6936832436036848
2010-05-12,0.8311783315367263
2010-05-13,0.7808283137879262
2010-05-14,0.8310492599856492
2010-05-15,0.8084126760604963
2010-05-16,0.9075744576253509
2010-05-17,0.8102937528118529
2010-05-18,0.8030016366370881
2010-05-19,0.8046994457193237
2010-05-20,0.7981390238004108
2010-05-21,0.7966445281019555
2010-05-22,0.8188404765870264
2010-05-23,0.8577286857718691
2010-05-24,0.8674913676232097
2010-05-25,0.8242354578836577
2010-05-26,0.7999868754102888
2010-05-27,0.8146175914394924
2010-05-28,0.8096905429283473
2010-05-29,0.7979427797052856
2010-05-30,0.8154860087110295
2010-05-31,0.8363272261293114
2010-06-01,0.8902092664504284
2010-06-02,0.7948543670394695
2010-06-03,0.8178383240748281
2010-06-04,0.8003795470899795
2010-06-05,0.8226604080152492
2010-06-06,0.8182668377647622
2010-06-07,0.7995915240057248
2010-06-08,0.8325985978458594
2010-06-09,0.8610465572568005
2010-06-10,0.819659789699962
2010-06-11,0.7890775863317936
2010-06-12,0.8000075459279706
2010-06-13,0.8390843971627869
2010-06-14,0.8242477360245433
2010-06-15,0.8047922042829706
2010-06-16,0.8139926095004236
2010-06-17,0.8943210620073309
2010-06-18,0.802274128522904
2010-06-19,0.7867243502386039
2010-06-20,0.8158109447829482
2010-06-21,0.80427941544654
2010-06-22,0.80698053506357
2010-06-23,0.840929557304741
2010-06-24,0.8594514994982844
2010-06-25,0.8671035925001424
2010-06-26,0.8068946586260614
2010-06-27,0.8214510098950403
2010-06-28,0.8267208462409318
2010-06-29,0.8069226201219714
2010-06-30,0.8008654432188677
2010-07-01,0.8120594001076518
2010-07-02,0.8220930025678007
2010-07-03,0.8992278018495158
2010-07-04,0.8094602528889822
2010-07-05,0.7928169254633348
2010-07-06,0.8186850910693019
2010-07-07,0.837962075131765
2010-07-08,0.8433996956770822
2010-07-09,0.8300889584247036
2010-07-10,0.8748554685625705
2010-07-11,0.858522347812198
2010-07-12,0.8104751601734925
2010-07-13,0.8149919384019083
2010-07-14,0.8406504223515564
2010-07-15,0.8264587890678137
2010-07-16,0.8331468555051285
2010-07-17,0.834971946210104
2010-07-18,0.8437250037375947
2010-07-19,0.9039504819481005
2010-07-20,0.8236498671793447
2010-07-21,0.8335083780087298
2010-07-22,0.7982555553153012
2010-07-23,0.8259528189654661
2010-07-24,0.843748643449248
2010-07-25,0.8315902992472776
2010-07-26,0.8372355782417057
2010-07-27,0.8601647757158563
2010-07-28,0.7946209723990628
2010-07-29,0.8187325549425302
2010-07-30,0.7978006501721862
2010-07-31,0.7888248320094263
2010-08-01,0.827076243054707
2010-08-02,0.8466879318858834
2010-08-03,0.8505946029122122
2010-08-04,0.9302040609535829
2010-08-05,0.8298072234545029
2010-08-06,0.8115795123502652
2010-08-07,0.7941021636968346
2010-08-08,0.7976998519039126
2010-08-09,0.8294568758284173
2010-08-10,0.845623673910157
2010-08-11,0.8531612806242238
2010-08-12,0.8901294528341972
2010-08-13,0.8217123673957295
2010-08-14,0.787349247143492
2010-08-15,0.8119103956772309
2010-08-16,0.8559831018164131
2010-08-17,0.8105978689520902
2010-08-18,0.811783221628679
2010-08-19,0.829767809255172
2010-08-20,0.9189236576583861
2010-08-21,0.7985980239398909
2010-08-22,0.7753366400547068
2010-08-23,0.8371995250251995
2010-08-24,0.8322297849728039
2010-08-25,0.8443669093750875
2010-08-26,0.8209369649739108
2010-08-27,0.8235614120675647
2010-08-28,0.8659322853601855
2010-08-29,0.795437240759628
2010-08-30,0.7769307082200158
2010-08-31,0.7847472310096485
2010-09-01,0.8093343936386085
2010-09-02,0.7953664987233713
2010-09-03,0.8228057132818433
2010-09-04,0.830999553012916
2010-09-05,0.8975182265643747
2010-09-06,0.7713033944847747
2010-09-07,0.7789132183647264
2010-09-08,0.7883437143011135
2010-09-09,0.7848159603312289
2010-09-10,0.8190349256330898
2010-09-11,0.8039086975882225
2010-09-12,0.8239660497657147
2010-09-13,0.8860809310316627
2010-09-14,0.7822085825599522
2010-09-15,0.7804085851240969
2010-09-16,0.7564287899113057
2010-09-17,0.8181445715348287
2010-09-18,0.7824131281075625
2010-09-19,0.8283029494533661
2010-09-20,0.8181134374779586
2010-09-21,0.9096690752990406
2010-09-22,0.8092124499895363
2010-09-23,0.7617660112548433
2010-09-24,0.806119245402302
2010-09-25,0.8043418912856486
2010-09-26,0.8090901365312405
2010-09-27,0.8425749545917928
2010-09-28,0.8551364407738994
2010-09-29,0.8502560782717767
2010-09-30,0.8281001085327956
2010-10-01,0.8271662492949605
2010-10-02,0.7630303375373793
2010-10-03,0.7760712168214567
2010-10-04,0.8045193925304248
2010-10-05,0.8257585387041438
2010-10-06,0.8296684537078254
2010-10-07,0.8980213008863972
2010-10-08,0.7656974618356887
2010-10-09,0.7626222045522639
2010-10-10,0.7676699772485933
2010-10-11,0.7714663034522334
2010-10-12,0.8034199093508622
2010-10-13,0.7846411186831873
2010-10-14,0.821850882132873
2010-10-15,0.8977786063467392
2010-10-16,0.7689633038224885
2010-10-17,0.7669488188255565
2010-10-18,0.7527688879274157
2010-10-19,0.7250154804773989
2010-10-20,0.7336646728545323
2010-10-21,0.799682801912388
2010-10-22,0.7954855847550417
2010-10-23,0.8768053203941296
2010-10-24,0.774864919298253
2010-10-25,0.7440447264792244
2010-10-26,0.7766141558380197
2010-10-27,0.7250705379455221
2010-10-28,0.7926966511085276
2010-10-29,0.7827100888538815
2010-10-30,0.8517534400451398
2010-10-31,0.828033893039977
2010-11-01,0.6629306772896948
2010-11-02,0.746963165872654
2010-11-03,
2010-11-04,0.7936286580129253
2010-11-05,0.8161437530845147
2010-11-06,0.7808617041041478
2010-11-07,0.7574962677404619
2010-11-08,0.7993713667602624
2010-11-09,0.730099342583684
2010-11-10,0.744542258385138
2010-11-11,0.72085693372222
2010-11-12,0.6435256533190328
2010-11-13,0.6749986456177596
2010-11-14,0.6837123091617204
2010-11-15,0.8818239036828944
2010-11-16,0.7823793162627415
2010-11-17,0.7893054973385462
2010-11-18,0.7342702299466158
2010-11-19,0.7306831593142403
2010-11-20,
2010-11-21,0.6251553820714602
2010-11-22,0.694036794009355
2010-11-23,0.8193636742195561
2010-11-24,0.7570619655896007
2010-11-25,0.5805895853122902
2010-11-26,0.6615161895906678
2010-11-27,
2010-11-28,
2010-11-29,
2010-11-30,
2010-12-01,0.8689364673241217
2010-12-02,0.7031459265223465
2010-12-03,
2010-12-04,
2010-12-05,
2010-12-06,
2010-12-07,
2010-12-08,
2010-12-09,
2010-12-10,
2010-12-11,
2010-12-12,
2010-12-13,0.6457113764805871
2010-12-14,
2010-12-15,
2010-12-16,
2010-12-17,
2010-12-18,
2010-12-19,
2010-12-20,
2010-12-21,
2010-12-22,
2010-12-23,
2010-12-24,
2010-12-25,
2010-12-26,
2010-12-27,
2010-12-28,
2010-12-29,
2010-12-30,
2010-12-31,
2011-01-01,
2011-01-02,0.7449040127922812
2011-01-03,
2011-01-04,
2011-01-05,
2011-01-06,
2011-01-07,
2011-01-08,
2011-01-09,
2011-01-10,
2011-01-11,
2011-01-12,
2011-01-13,
2011-01-14,
2011-01-15,
2011-01-16,
2011-01-17,
2011-01-18,
2011-01-19,
2011-01-20,
2011-01-21,
2011-01-22,
2011-01-23,
2011-01-24,
2011-01-25,
2011-01-26,
2011-01-27,
2011-01-28,
2011-01-29,
2011-01-30,
2011-01-31,
2011-02-01,
2011-02-02,
2011-02-03,
2011-02-04,
2011-02-05,
2011-02-06,
2011-02-07,
2011-02-08,
2011-02-09,
2011-02-10,
2011-02-11,
2011-02-12,
2011-02-13,
2011-02-14,
2011-02-15,
2011-02-16,
2011-02-17,
2011-02-18,
2011-02-19,
2011-02-20,
2011-02-21,
2011-02-22,
2011-02-23,
2011-02-24,
2011-02-25,
2011-02-26,
2011-02-27,
2011-02-28,
2011-03-01,
2011-03-02,
2011-03-03,
2011-03-04,
2011-03-05,
2011-03-06,0.6498368128349206
2011-03-07,0.7158963050968453
2011-03-08,
2011-03-09,
2011-03-10,
2011-03-11,0.7019830949405785
2011-03-12,0.6832585914127943
2011-03-13,0.6780222977097571
2011-03-14,0.6943605421013943
2011-03-15,
2011-03-16,0.6835207879577043
2011-03-17,0.7306111377598996
2011-03-18,0.7317059481432647
2011-03-19,0.7223913613995945
2011-03-20,
2011-03-21,0.689292931136948
2011-03-22,0.6272468758428676
2011-03-23,
2011-03-24,
2011-03-25,
2011-03-26,
2011-03-27,
2011-03-28,
2011-03-29,
2011-03-30,
2011-03-31,0.7791562493246559
2011-04-01,0.5924207537651671
2011-04-02,0.6992202418055601
2011-04-03,0.6885282338710047
2011-04-04,0.7426098707352531
2011-04-05,0.7390446100091927
2011-04-06,0.6721095086902804
2011-04-07,0.5991686735777959
2011-04-08,0.4421910605910936
2011-04-09,0.6887931784926498
2011-04-10,0.7484561739974707
2011-04-11,0.7790959104008967
2011-04-12,0.7505074250576635
2011-04-13,0.7834070248924742
2011-04-14,0.7486292281805731
2011-04-15,0.8479980709246663
2011-04-16,0.7059496922702108
2011-04-17,0.7425357123117162
2011-04-18,0.7168757553723082
2011-04-19,0.7535492083398644
2011-04-20,0.7503835951049963
2011-04-21,0.739497723292555
2011-04-22,0.6606518894343697
2011-04-23,0.8057454838672959
2011-04-24,0.7369020259133393
2011-04-25,0.7529364936611862
2011-04-26,0.7567264409095888
2011-04-27,0.7782837026829024
2011-04-28,0.8134131883453989
2011-04-29,0.7347242336098301
2011-04-30,0.7659881147670379
2011-05-01,0.8550853866546236
2011-05-02,0.7632312536290298
2011-05-03,0.7874828085620995
2011-05-04,0.7892586948617454
2011-05-05,0.7512782759700781
2011-05-06,0.7680395689017885
2011-05-07,0.7992996581946965
2011-05-08,0.8167478310484433
2011-05-09,0.8463430648685767
2011-05-10,0.7798459436949082
2011-05-11,0.7813051377262231
2011-05-12,0.7860916586021178
2011-05-13,0.7893565059269759
2011-05-14,0.8220735603741156
2011-05-15,0.8459654328084907
2011-05-16,0.8288073114814429
2011-05-17,0.8620433207104776
2011-05-18,0.8227870167320535
2011-05-19,0.804258565395998
2011-05-20,0.7879070082975356
2011-05-21,0.8166732434186543
2011-05-22,0.8094539451316386
2011-05-23,0.8400481433796146
2011-05-24,0.8525882635874229
2011-05-25,0.8560181502567878
2011-05-26,0.8157497514211997
2011-05-27,0.7946741586383896
2011-05-28,0.7913063796171872
2011-05-29,0.7885148051349314
2011-05-30,0.8023642270294365
2011-05-31,0.8283744296186822
2011-06-01,0.8525867203672293
2011-06-02,0.7805942962605948
2011-06-03,0.7870219595635446
2011-06-04,0.7760864393952218
2011-06-05,0.7789953699152232
2011-06-06,0.7999889418500948
2011-06-07,0.7956287824261609
2011-06-08,0.8001796771161207
2011-06-09,0.8071484225353888
2011-06-10,0.8614319392842547
2011-06-11,0.8498422196233502
2011-06-12,0.8242771261518285
2011-06-13,0.776983574554605
2011-06-14,0.802370659834405
2011-06-15,0.8057532663931953
2011-06-16,0.801148750913737
2011-06-17,0.8500890499563571
2011-06-18,0.8949518698656859
2011-06-19,0.7661941750436259
2011-06-20,0.7738367163035828
2011-06-21,0.7806426981028324
2011-06-22,0.8454532847706351
2011-06-23,0.836101233332884
2011-06-24,0.856903767827265
2011-06-25,0.8437795515846774
2011-06-26,0.8030216678649154
2011-06-27,0.799543816953845
2011-06-28,0.7786262787623918
2011-06-29,0.7770445813326354
2011-06-30,0.784959487832388
2011-07-01,0.7869943168919421
2011-07-02,0.8227855921967834
2011-07-03,0.842885920251356
2011-07-04,0.8790268239498178
2011-07-05,0.7768117544906727
2011-07-06,0.7890131643244195
2011-07-07,0.8008032850065957
2011-07-08,0.8411826463668896
2011-07-09,0.8147901574264517
2011-07-10,0.8175857896198259
2011-07-11,0.8443689808091712
2011-07-12,0.8239170839361959
2011-07-13,0.8174138494796421
2011-07-14,0.7816550331697045
2011-07-15,0.7902352637946706
2011-07-16,0.7847031016408411
2011-07-17,0.8011455788780237
2011-07-18,0.8286140590281428
2011-07-19,0.8132426190839882
2011-07-20,0.8889292873705072
2011-07-21,0.8146036551578104
2011-07-22,0.8231255348130901
2011-07-23,0.8255361386129485
2011-07-24,0.835283756695178
2011-07-25,0.8484152109665851
2011-07-26,0.8580767413784394
2011-07-27,0.8581099239692251
2011-07-28,0.852851453305828
2011-07-29,0.8328238113101166
2011-07-30,0.8040151260102623
2011-07-31,0.7713701362728117
2011-08-01,0.7992034312158561
2011-08-02,
2011-08-03,0.79696221259462
2011-08-04,0.8238124866160823
2011-08-05,0.8368212313641066
2011-08-06,0.7943167079622702
2011-08-07,0.8522645923779006
2011-08-08,0.7900607147557026
2011-08-09,0.8009583084416894
2011-08-10,0.8125090658188139
2011-08-11,
2011-08-12,0.8687056172251902
2011-08-13,0.779437269463169
2011-08-14,0.861249243674667
2011-08-15,0.8325403888924489
2011-08-16,0.8231437926368603
2011-08-17,0.7810732674642534
2011-08-18,0.8006791839990242
2011-08-19,0.8091606358889498
2011-08-20,0.8080764374558823
2011-08-21,0.8041902409467475
2011-08-22,0.7754904363966906
2011-08-23,0.7737801263464563
2011-08-24,0.7728471547768979
2011-08-25,0.8090838373366295
2011-08-26,0.812193606451828
2011-08-27,0.8204379404534793
2011-08-28,1.0272792476573458
2011-08-29,0.7541044124770817
2011-08-30,0.7597663746212258
2011-08-31,0.755700602222852
2011-09-01,0.774414530508883
2011-09-02,0.7934792206978419
2011-09-03,0.7929677130077747
2011-09-04,0.8311454371041799
2011-09-05,
2011-09-06,0.8444862606328942
2011-09-07,0.8163758945478381
2011-09-08,0.816984905840996
2011-09-09,0.7966860861240623
2011-09-10,0.7635225974883718
2011-09-11,0.7915932739968452
2011-09-12,0.7891555080147853
2011-09-13,0.8050183956734533
2011-09-14,0.775825034702989
2011-09-15,0.7944815771113499
2011-09-16,0.7535790048209444
2011-09-17,0.7608693549021323
2011-09-18,0.7805966628083525
2011-09-19,0.7867278488099817
2011-09-20,0.8353963836203678
2011-09-21,
2011-09-22,0.9045612700517005
2011-09-23,0.7910733601012389
2011-09-24,0.805401543116142
2011-09-25,0.8014016275772028
2011-09-26,0.7898649694652111
2011-09-27,0.8000751087749521
2011-09-28,0.8482868443180219
2011-09-29,0.83394138413341
2011-09-30,0.7709332056437699
2011-10-01,0.7946129844816605
2011-10-02,0.786724039002317
2011-10-03,0.7848972353978436
2011-10-04,0.7626541353352507
2011-10-05,0.772478469491514
2011-10-06,0.7876059436592696
2011-10-07,
2011-10-08,0.7635897895206882
2011-10-09,0.7405381249854847
2011-10-10,0.7634263886831367
2011-10-11,0.776483679494634
2011-10-12,0.7865893418362715
2011-10-13,0.8254532289857648
2011-10-14,0.8356265368138663
2011-10-15,0.8321287162162163
2011-10-16,0.7519422526830072
2011-10-17,0.7605693799720175
2011-10-18,0.7482913409884485
2011-10-19,0.8099843041470522
2011-10-20,0.7844321071573516
2011-10-21,0.7609243511095851
2011-10-22,0.7740359830092144
2011-10-23,0.7899991945538077
2011-10-24,0.6913741140316468
2011-10-25,0.7362400027921917
2011-10-26,0.751585097871451
2011-10-27,0.8045712109730656
2011-10-28,0.6657816297953646
2011-10-29,0.6066960824618529
2011-10-30,0.7485435872657318
2011-10-31,
2011-11-01,0.6340922996616549
2011-11-02,
2011-11-03,0.6564125781521262
2011-11-04,0.7167220689473844
2011-11-05,
2011-11-06,
2011-11-07,0.6881833801546828
2011-11-08,0.7815448072963159
2011-11-09,0.7612038712558167
2011-11-10,0.7319474557673767
2011-11-11,0.7260017164591669
2011-11-12,0.741719036931261
2011-11-13,0.7661528102395929
2011-11-14,0.7807323011292282
2011-11-15,0.677144310695101
2011-11-16,0.7781976791710723
2011-11-17,0.7339771319610028
2011-11-18,0.678487102262249
2011-11-19,
2011-11-20,0.7472196113572609
2011-11-21,0.7524216408749785
2011-11-22,0.5745459864817105
2011-11-23,
2011-11-24,0.6562447081605374
2011-11-25,0.4999427524103357
2011-11-26,0.706701858332639
2011-11-27,0.6677358870894237
2011-11-28,0.7350575303302606
2011-11-29,0.7743533878712853
2011-11-30,0.7204056326620604
2011-12-01,0.7117568007177625
2011-12-02,
2011-12-03,0.6298560398204482
2011-12-04,
2011-12-05,0.7169711725081935
2011-12-06,0.7667112485096597
2011-12-07,0.7602544641553007
2011-12-08,0.7501842790644448
2011-12-09,
2011-12-10,0.6063894676728291
2011-12-11,
2011-12-12,
2011-12-13,
2011-12-14,
2011-12-15,0.7208488916820582
2011-12-16,0.7378295400639249
2011-12-17,0.6137764462824663
2011-12-18,
2011-12-19,
2011-12-20,0.7430789908121571
2011-12-21,
2011-12-22,0.6870756125499083
2011-12-23,0.7206180206068188
2011-12-24,
2011-12-25,
2011-12-26,
2011-12-27,
2011-12-28,0.7126847604557413
2011-12-29,
2011-12-30,
2011-12-31,
2012-01-01,0.633843065386701
2012-01-02,0.808528072820559
2012-01-03,
2012-01-04,
2012-01-05,
2012-01-06,
2012-01-07,
2012-01-08,0.7738378263878275
2012-01-09,
2012-01-10,
2012-01-11,0.6414993410651065
2012-01-12,0.5768189536493561
2012-01-13,0.5021869173698219
2012-01-14,
2012-01-15,
2012-01-16,
2012-01-17,
2012-01-18,
2012-01-19,
2012-01-20,
2012-01-21,
2012-01-22,
2012-01-23,
2012-01-24,
2012-01-25,0.6990725225816908
2012-01-26,
2012-01-27,
2012-01-28,0.6251129394477843
2012-01-29,0.6440747016490805
2012-01-30,
2012-01-31,
2012-02-01,0.6945782823004129
2012-02-02,0.7634667188202904
2012-02-03,
2012-02-04,0.6574889687018984
2012-02-05,
2012-02-06,
2012-02-07,0.6476405385276562
2012-02-08,
2012-02-09,
2012-02-10,
2012-02-11,0.6336745055874135
2012-02-12,
2012-02-13,
2012-02-14,
2012-02-15,
2012-02-16,
2012-02-17,0.5550564923202637
2012-02-18,
2012-02-19,0.6383551839891433
2012-02-20,
2012-02-21,
2012-02-22,0.5110066688418985
2012-02-23,0.7353765330265064
2012-02-24,0.6066869928726291
2012-02-25,0.6836003499403072
2012-02-26,
2012-02-27,
2012-02-28,0.6521176765530463
2012-02-29,
2012-03-01,
2012-03-02,
2012-03-03,
2012-03-04,0.6202253219652824
2012-03-05,
2012-03-06,
2012-03-07,
2012-03-08,0.6634195949824525
2012-03-09,0.7021890638540189
2012-03-10,
2012-03-11,
2012-03-12,0.7071318631718856
2012-03-13,
2012-03-14,0.7210050626870598
2012-03-15,0.7103589045082049
2012-03-16,0.7462623405271184
2012-03-17,0.7577388836406493
2012-03-18,0.7614522210249941
2012-03-19,0.762432892864332
2012-03-20,0.7775422677186654
2012-03-21,0.8644764178082807
2012-03-22,0.7466897870131028
2012-03-23,0.7590401713773527
2012-03-24,0.7331035614671718
2012-03-25,0.762132540565551
2012-03-26,0.7523089396787185
2012-03-27,
2012-03-28,0.73448440329469
2012-03-29,0.7524342350829868
2012-03-30,0.7447076860086077
2012-03-31,0.7510710227388921
2012-04-01,0.6220291081917732
2012-04-02,0.735550537088086
2012-04-03,0.7207585871824839
2012-04-04,0.7604048590132128
2012-04-05,0.6795803972578829
2012-04-06,0.6384453031194467
2012-04-07,0.6659785019645531
2012-04-08,0.7431815187455622
2012-04-09,0.7494574725361812
2012-04-10,0.7412804788993399
2012-04-11,0.7639708398372869
2012-04-12,0.7744251014700497
2012-04-13,
2012-04-14,0.7549322160581143
2012-04-15,0.7536514118090942
2012-04-16,0.7523913779554479
2012-04-17,0.7630857317789925
2012-04-18,0.7754806543435558
2012-04-19,0.778657531513795
2012-04-20,0.7820565717775985
2012-04-21,0.8183468976435745
2012-04-22,0.7646195442652238
2012-04-23,0.7535043713352946
2012-04-24,0.7367602156976282
2012-04-25,0.7486806483449254
2012-04-26,0.7471103243332615
2012-04-27,0.7708430231247833
2012-04-28,0.745459565215546
2012-04-29,
2012-04-30,0.7434572388198594
2012-05-01,0.8246641684398679
2012-05-02,0.7560280343979429
2012-05-03,0.7698809076840534
2012-05-04,0.8167331334326084
2012-05-05,0.8228635764074581
2012-05-06,0.7917180250889174
2012-05-07,0.789032820826871
2012-05-08,0.8084731545931455
2012-05-09,0.8154928070087372
2012-05-10,0.7703694957554559
2012-05-11,0.766284638349959
2012-05-12,0.77998469720846
2012-05-13,0.7864927305335172
2012-05-14,0.8320429150824613
2012-05-15,0.965823783974103
2012-05-16,
2012-05-17,0.7601458735876608
2012-05-18,0.7866112572026944
2012-05-19,0.7883967380842648
2012-05-20,0.7902087590636947
2012-05-21,0.850376798046245
2012-05-22,0.8624424088672127
2012-05-23,0.8053845579891634
2012-05-24,0.7985700081797503
2012-05-25,0.8257320465847885
2012-05-26,0.7782349556207527
2012-05-27,0.8059987356470891
2012-05-28,0.8141407192773248
2012-05-29,0.8120662814232511
2012-05-30,0.8179846936261594
2012-05-31,0.8390023730359142
2012-06-01,0.7845279088782494
2012-06-02,0.8220969002609181
2012-06-03,0.7701187426181628
2012-06-04,0.8019915572145866
2012-06-05,0.8063675226988188
2012-06-06,0.8240560728137517
2012-06-07,
2012-06-08,0.7929650971366212
2012-06-09,0.784788592838963
2012-06-10,0.7921758913708391
2012-06-11,0.8194995506476387
2012-06-12,0.8141840764782204
2012-06-13,0.8720962404998335
2012-06-14,0.8210914636318541
2012-06-15,0.7844948819601522
2012-06-16,0.7797469873649797
2012-06-17,0.7834134233439572
2012-06-18,0.7717175519806332
2012-06-19,0.8126176766602586
2012-06-20,0.8060360529186769
2012-06-21,0.8080184162402341
2012-06-22,0.824279756495175
2012-06-23,
2012-06-24,0.7901964551499961
2012-06-25,0.7905820205487779
2012-06-26,0.7944431505907312
2012-06-27,0.7841162121019073
2012-06-28,0.78947165067583
2012-06-29,0.8657711371739097
2012-06-30,0.8251083059910962
2012-07-01,
2012-07-02,0.8141387941740281
2012-07-03,0.7983669959832264
2012-07-04,0.8118566920990081
2012-07-05,0.8003879107538129
2012-07-06,0.7819504034759391
2012-07-07,0.8061664941752261
2012-07-08,0.8342772595583295
2012-07-09,0.8357068192857268
2012-07-10,0.805796051229838
2012-07-11,0.7842106914605271
2012-07-12,0.780372352359836
2012-07-13,0.7862774039371496
2012-07-14,0.7880508439504122
2012-07-15,0.8302426750700606
2012-07-16,0.813909691817283
2012-07-17,0.9847197198348168
2012-07-18,0.818588607082602
2012-07-19,0.8373969428466542
2012-07-20,0.7860875005737631
2012-07-21,0.7829388483299098
2012-07-22,0.796670475618438
2012-07-23,0.8259593908249989
2012-07-24,0.8057410303491149
2012-07-25,0.8003623158180541
2012-07-26,0.7646904048466213
2012-07-27,0.8166267221075284
2012-07-28,0.8006592649076159
2012-07-29,0.8070869736972157
2012-07-30,0.8005684863487801
2012-07-31,0.8096810788761934
2012-08-01,0.8077063348509471
2012-08-02,0.8212138735268667
2012-08-03,0.7876009157117145
2012-08-04,0.7948634335601398
2012-08-05,0.8196179268961229
2012-08-06,0.8165608709484464
2012-08-07,0.7867993938924291
2012-08-08,0.7877359455510501
2012-08-09,0.8659404601193876
2012-08-10,0.8047821039391613
2012-08-11,0.8162844027607589
2012-08-12,0.8068308077972651
2012-08-13,0.7686867619437818
2012-08-14,0.7875181231782946
2012-08-15,0.7572489224293745
2012-08-16,0.8139913173688161
2012-08-17,0.8272654977726913
2012-08-18,0.82094569555221
2012-08-19,0.747801948701141
2012-08-20,0.7695363064427571
2012-08-21,0.7755149225311139
2012-08-22,0.7626693245666916
2012-08-23,0.7871165326015801
2012-08-24,0.7859554897253427
2012-08-25,0.8724406463052006
2012-08-26,0.772823291936512
2012-08-27,0.780328408895196
2012-08-28,0.7970236068624895
2012-08-29,0.7449736253296854
2012-08-30,0.7660367364599234
2012-08-31,0.773768283062621
2012-09-01,0.8244793096687745
2012-09-02,0.8240252252552569
2012-09-03,0.7646836767241486
2012-09-04,0.8295210330988538
2012-09-05,0.7903709201598504
2012-09-06,0.7913501693761213
2012-09-07,0.7838609876550917
2012-09-08,0.8047529804078027
2012-09-09,0.7843708574321822
2012-09-10,0.8426946604372361
2012-09-11,0.7456508440732742
2012-09-12,0.7588603463349164
2012-09-13,0.7537277161797065
2012-09-14,0.7491766742448999
2012-09-15,0.7831581616392562
2012-09-16,0.7715354703767929
2012-09-17,0.790775801385179
2012-09-18,0.8078317495287376
2012-09-19,0.7892824819323266
2012-09-20,0.7411889691434893
2012-09-21,0.7415842611815958
2012-09-22,0.7575315697014969
2012-09-23,0.7520651854158178
2012-09-24,0.7687146746603086
2012-09-25,0.7581499826972805
2012-09-26,0.7929311876361238
2012-09-27,0.7700298234761828
2012-09-28,0.7835877814493503
2012-09-29,0.7898179492191476
2012-09-30,0.7984028049810318
2012-10-01,0.7764324673596397
2012-10-02,0.8046048872547605
2012-10-03,0.8462925364325155
2012-10-04,0.7983613213209036
2012-10-05,0.7585566433158706
2012-10-06,0.7589874117585882
2012-10-07,
2012-10-08,0.7679796877403958
2012-10-09,0.7904580114769691
2012-10-10,0.8250859330426535
2012-10-11,0.7713008497043731
2012-10-12,0.7861436291690839
2012-10-13,0.620731788732672
2012-10-14,0.7879409781015829
2012-10-15,0.7715192818730493
2012-10-16,0.7555293807664636
2012-10-17,0.7381444362829199
2012-10-18,0.7906549891491648
2012-10-19,0.843736273276561
2012-10-20,0.7382185153580226
2012-10-21,0.7480539446027201
2012-10-22,0.7485029213291822
2012-10-23,0.7603304994630403
2012-10-24,0.7799823247407165
2012-10-25,0.786161741167764
2012-10-26,0.8001162045273474
2012-10-27,0.7731427620497434
2012-10-28,0.7701567380063066
2012-10-29,0.7553895695471335
2012-10-30,0.7477976571795525
2012-10-31,0.7456217200820413
2012-11-01,0.7550547247917576
2012-11-02,0.766803313652887
2012-11-03,0.7627233308235596
2012-11-04,0.8613977631112528
2012-11-05,0.696031763953806
2012-11-06,
2012-11-07,
2012-11-08,
2012-11-09,0.6395381165020243
2012-11-10,0.7751010424749515
2012-11-11,0.7826405997395712
2012-11-12,0.7578359819197589
2012-11-13,0.7788379430209974
2012-11-14,0.668867970653976
2012-11-15,
2012-11-16,
2012-11-17,
2012-11-18,
2012-11-19,
2012-11-20,
2012-11-21,
2012-11-22,
2012-11-23,
2012-11-24,0.7461470573034474
2012-11-25,
2012-11-26,
2012-11-27,
2012-11-28,
2012-11-29,
2012-11-30,0.5960065905242058
2012-12-01,
2012-12-02,
2012-12-03,0.78274052363571
2012-12-04,
2012-12-05,0.7917335615889193
2012-12-06,
2012-12-07,
2012-12-08,0.6379895156327259
2012-12-09,0.7400782047553083
2012-12-10,0.7021760424912473
2012-12-11,0.758090055935668
2012-12-12,
2012-12-13,
2012-12-14,
2012-12-15,
2012-12-16,
2012-12-17,
2012-12-18,0.5482942137178787
2012-12-19,0.7319752546696016
2012-12-20,0.6408789310132761
2012-12-21,0.7094964715190858
2012-12-22,0.6585959998428831
2012-12-23,0.45832603713310854
2012-12-24,
2012-12-25,
2012-12-26,
2012-12-27,
2012-12-28,
2012-12-29,
2012-12-30,
2012-12-31,
2013-01-01,
2013-01-02,
2013-01-03,
2013-01-04,
2013-01-05,
2013-01-06,
2013-01-07,
2013-01-08,
2013-01-09,
2013-01-10,0.5773158757211466
2013-01-11,
2013-01-12,0.5126441020908027
2013-01-13,
2013-01-14,0.7221207259577467
2013-01-15,0.6508457881954235
2013-01-16,
2013-01-17,0.48464884507325673
2013-01-18,
2013-01-19,
2013-01-20,0.6357068509920213
2013-01-21,
2013-01-22,
2013-01-23,
2013-01-24,
2013-01-25,
2013-01-26,
2013-01-27,
2013-01-28,
2013-01-29,
2013-01-30,
2013-01-31,0.736220460365721
2013-02-01,
2013-02-02,
2013-02-03,
2013-02-04,
2013-02-05,
2013-02-06,
2013-02-07,
2013-02-08,
2013-02-09,
2013-02-10,
2013-02-11,
2013-02-12,
2013-02-13,0.8385474516220063
2013-02-14,
2013-02-15,
2013-02-16,
2013-02-17,
2013-02-18,
2013-02-19,
2013-02-20,
2013-02-21,
2013-02-22,
2013-02-23,
2013-02-24,
2013-02-25,
2013-02-26,
2013-02-27,
2013-02-28,0.5876460993716768
2013-03-01,0.7240676245531104
2013-03-02,0.6307963780246537
2013-03-03,
2013-03-04,
2013-03-05,
2013-03-06,
2013-03-07,0.7169677710200524
2013-03-08,
2013-03-09,
2013-03-10,
2013-03-11,0.6372637062876978
2013-03-12,0.6919613753495482
2013-03-13,0.7209145443208648
2013-03-14,
2013-03-15,
2013-03-16,
2013-03-17,
2013-03-18,
2013-03-19,
2013-03-20,
2013-03-21,
2013-03-22,
2013-03-23,
2013-03-24,0.5978778534444938
2013-03-25,0.6672184330938832
2013-03-26,0.6843779008607075
2013-03-27,0.6038521113241887
2013-03-28,0.6524887850799463
2013-03-29,0.7166950827224208
2013-03-30,0.700809185652385
2013-03-31,0.5646323049060445
2013-04-01,
2013-04-02,
2013-04-03,0.672743047716778
2013-04-04,
2013-04-05,0.7099591241038437
2013-04-06,0.7244416582676774
2013-04-07,
2013-04-08,0.7657515721119655
2013-04-09,0.7653926161809209
2013-04-10,0.7316025187533487
2013-04-11,0.7362774822864632
2013-04-12,0.7247330846490473
2013-04-13,0.6388483662518643
2013-04-14,0.7334530775385975
2013-04-15,0.625859087416665
2013-04-16,0.7496473604864774
2013-04-17,
2013-04-18,0.7417346295856978
2013-04-19,0.7478532724172308
2013-04-20,0.7551472427835034
2013-04-21,0.6756338978717757
2013-04-22,0.6696733444033878
2013-04-23,0.7425001622708812
2013-04-24,0.7787061255165227
2013-04-25,0.803943836660252
2013-04-26,0.733007731152559
2013-04-27,0.7409925604594771
2013-04-28,0.7440227622547516
2013-04-29,0.7750225771897532
2013-04-30,0.7574431704283295
2013-05-01,0.7803037749618689
2013-05-02,0.7845706268324427
2013-05-03,0.8600277512727826
2013-05-04,0.7702323066767608
2013-05-05,0.7426036594688192
2013-05-06,0.77015150342823
2013-05-07,0.7782269701414736
2013-05-08,0.8270553226161373
2013-05-09,0.8008732442515888
2013-05-10,0.7136440303717517
2013-05-11,0.8007998056663618
2013-05-12,0.7773076378296524
2013-05-13,0.7564260065647845
2013-05-14,0.7442980624242075
2013-05-15,0.6735746121828319
2013-05-16,0.7855967167090565
2013-05-17,0.8043668440242578
2013-05-18,0.825329550469966
2013-05-19,0.7981979718658971
2013-05-20,0.7967725520404059
2013-05-21,0.7804472254405443
2013-05-22,0.8088352394484409
2013-05-23,0.7820397337149233
2013-05-24,0.8218421125870177
2013-05-25,0.8243966281048081
2013-05-26,0.7174320843328906
2013-05-27,0.7640617932309334
2013-05-28,0.7585344720166934
2013-05-29,0.8110812457043639
2013-05-30,0.7916951915043692
2013-05-31,0.8056994226186927
2013-06-01,0.7709757117706034
2013-06-02,0.8183782631107887
2013-06-03,0.8153388576082277
2013-06-04,0.7774111430851901
2013-06-05,0.7591402431683976
2013-06-06,0.7634451670982255
2013-06-07,0.829471023997681
2013-06-08,0.8201758278814131
2013-06-09,0.790309559434791
2013-06-10,0.7963753786150339
2013-06-11,0.9352655800750002
2013-06-12,0.7802688291073432
2013-06-13,0.8008758222350999
2013-06-14,0.7889221242294308
2013-06-15,0.7587817176584397
2013-06-16,0.7833093772171832
2013-06-17,0.7816056439806945
2013-06-18,0.8287874627923203
2013-06-19,0.7666397025721223
2013-06-20,0.7761206417826083
2013-06-21,0.7675267928807338
2013-06-22,0.7720817285513882
2013-06-23,0.7952242123541162
2013-06-24,0.8000644132046686
2013-06-25,0.8312644331181139
2013-06-26,0.8313311793348395
2013-06-27,0.8279329014195735
2013-06-28,0.8092850797949054
2013-06-29,0.7894832449821929
2013-06-30,0.7815557639967442
2013-07-01,0.8233454863059899
2013-07-02,0.8334274167884328
2013-07-03,0.8339402505389955
2013-07-04,0.8621411637056342
2013-07-05,0.795863235746261
2013-07-06,0.8142641229522981
2013-07-07,0.7952955217109888
2013-07-08,0.8080356218821997
2013-07-09,0.8135272225301906
2013-07-10,0.8206270696970579
2013-07-11,0.8486322608339935
2013-07-12,0.8269018278314015
2013-07-13,0.843743020269746
2013-07-14,0.8070244157211999
2013-07-15,0.8031067428162875
2013-07-16,0.8023877110716326
2013-07-17,0.8108460896069146
2013-07-18,0.8334866448051773
2013-07-19,0.8229370426333693
2013-07-20,0.8726343693328528
2013-07-21,0.7955585457099492
2013-07-22,0.8001362564818418
2013-07-23,0.7954705287270982
2013-07-24,0.8118136196195974
2013-07-25,0.8032582993159929
2013-07-26,0.8268713440749647
2013-07-27,0.8504543862054775
2013-07-28,0.788734168478619
2013-07-29,0.8004142772673658
2013-07-30,0.7729270621766011
2013-07-31,0.7756821657591166
2013-08-01,0.7922524484623589
2013-08-02,0.8101576076227064
2013-08-03,0.8240470075309453
2013-08-04,0.7894308373090455
2013-08-05,0.7725618507706096
2013-08-06,0.7602546267398713
2013-08-07,0.784843248228614
2013-08-08,0.818225620510658
2013-08-09,0.7349556876922769
2013-08-10,0.7925157004561042
2013-08-11,0.7878354534321597
2013-08-12,0.8610342998807335
2013-08-13,0.7926009689771935
2013-08-14,0.7665932697547341
2013-08-15,0.7466483117779841
2013-08-16,0.7752175383157831
2013-08-17,0.7700745151873769
2013-08-18,0.7911116067448258
2013-08-19,0.8046161236631572
2013-08-20,0.7971490439969072
2013-08-21,0.7762942424451487
2013-08-22,0.780078661011568
2013-08-23,
2013-08-24,0.7665332716775886
2013-08-25,0.7631502505288684
2013-08-26,0.8052538675236237
2013-08-27,0.8369201626564166
2013-08-28,0.868159897912261
2013-08-29,0.7946184875127368
2013-08-30,0.7898843357610891
2013-08-31,0.7868297802705921
2013-09-01,0.8199324648356255
2013-09-02,0.8088449501875347
2013-09-03,0.8080303707247932
2013-09-04,0.8165872693949303
2013-09-05,0.7920137185314565
2013-09-06,0.7556394972859872
2013-09-07,0.7649079343473153
2013-09-08,0.7801313470764517
2013-09-09,0.7655925742096756
2013-09-10,0.8276080307718401
2013-09-11,0.8156672303751847
2013-09-12,0.8416319353762293
2013-09-13,0.7992998312837402
2013-09-14,0.7745455994269219
2013-09-15,0.733887211677991
2013-09-16,0.7732289380336718
2013-09-17,0.7574587027632373
2013-09-18,0.758184470558023
2013-09-19,0.7796848542370113
2013-09-20,0.8098379382087436
2013-09-21,0.7535845198576622
2013-09-22,0.7674341783851237
2013-09-23,0.7744295054343565
2013-09-24,0.7477289157892659
2013-09-25,0.7671032470186262
2013-09-26,0.7744657246172961
2013-09-27,0.7987160495107053
2013-09-28,0.8062120638646555
2013-09-29,0.7786207460953094
2013-09-30,0.7562781167226041
2013-10-01,0.7573678742497099
2013-10-02,0.7716034694688776
2013-10-03,0.7671877142765754
2013-10-04,0.8040540150801248
2013-10-05,0.8311286848167467
2013-10-06,0.8426203585544628
2013-10-07,0.7829964377718365
2013-10-08,0.7488930055349933
2013-10-09,0.7579639874387036
2013-10-10,0.7682472942753321
2013-10-11,0.7931215364804161
2013-10-12,0.7946548641735814
2013-10-13,0.8674295284949408
2013-10-14,0.7772032447292052
2013-10-15,0.7994640237035069
2013-10-16,0.7670590225603245
2013-10-17,0.7937790870035722
2013-10-18,0.7710444099429103
2013-10-19,0.7646510098148664
2013-10-20,0.7786797564309559
2013-10-21,0.8688881122305058
2013-10-22,0.78600267949263
2013-10-23,0.7380861284839657
2013-10-24,0.7649185277319398
2013-10-25,0.7876264814102795
2013-10-26,
2013-10-27,0.7791667768743769
2013-10-28,
2013-10-29,0.6774094903269701
2013-10-30,
2013-10-31,0.5785233280958464
2013-11-01,0.7685912279871964
2013-11-02,0.7497422161415866
2013-11-03,0.7685292631349839
2013-11-04,
2013-11-05,
2013-11-06,0.8895680235235522
2013-11-07,0.7767399630920176
2013-11-08,0.6741781759182561
2013-11-09,0.6855393350322333
2013-11-10,0.7504807835405389
2013-11-11,0.7718237420428528
2013-11-12,0.7730293154318053
2013-11-13,
2013-11-14,
2013-11-15,0.5555783032791823
2013-11-16,0.5487698103087616
2013-11-17,0.662764644208946
2013-11-18,0.7849405107434037
2013-11-19,0.7557895958413161
2013-11-20,
2013-11-21,
2013-11-22,0.7309077694118847
2013-11-23,0.7383325706429228
2013-11-24,
2013-11-25,
2013-11-26,
2013-11-27,
2013-11-28,0.6817098560082501
2013-11-29,
2013-11-30,
2013-12-01,
2013-12-02,
2013-12-03,
2013-12-04,
2013-12-05,0.5523968539075138
2013-12-06,0.7943115347250813
2013-12-07,0.684781274697072
2013-12-08,
2013-12-09,
2013-12-10,
2013-12-11,
2013-12-12,
2013-12-13,
2013-12-14,
2013-12-15,
2013-12-16,
2013-12-17,
2013-12-18,
2013-12-19,
2013-12-20,
2013-12-21,
2013-12-22,
2013-12-23,0.7588857082628325
2013-12-24,0.7072684538222299
2013-12-25,
2013-12-26,
2013-12-27,
2013-12-28,
2013-12-29,
2013-12-30,0.6398544553717956
2013-12-31,
2014-01-01,
2014-01-02,
2014-01-03,
2014-01-04,
2014-01-05,
2014-01-06,
2014-01-07,
2014-01-08,
2014-01-09,
2014-01-10,
2014-01-11,
2014-01-12,0.7514837277856944
2014-01-13,0.8514257905582588
2014-01-14,0.7572194077564609
2014-01-15,0.7531102792319553
2014-01-16,
2014-01-17,
2014-01-18,
2014-01-19,
2014-01-20,
2014-01-21,
2014-01-22,
2014-01-23,
2014-01-24,
2014-01-25,
2014-01-26,
2014-01-27,
2014-01-28,
2014-01-29,
2014-01-30,
2014-01-31,
2014-02-01,
2014-02-02,
2014-02-03,0.66521641547785
2014-02-04,
2014-02-05,
2014-02-06,
2014-02-07,
2014-02-08,
2014-02-09,
2014-02-10,
2014-02-11,
2014-02-12,
2014-02-13,
2014-02-14,
2014-02-15,
2014-02-16,
2014-02-17,
2014-02-18,
2014-02-19,
2014-02-20,
2014-02-21,
2014-02-22,
2014-02-23,
2014-02-24,
2014-02-25,
2014-02-26,
2014-02-27,
2014-02-28,
2014-03-01,
2014-03-02,
2014-03-03,
2014-03-04,
2014-03-05,
2014-03-06,
2014-03-07,
2014-03-08,
2014-03-09,
2014-03-10,
2014-03-11,
2014-03-12,0.5290391400936437
2014-03-13,
2014-03-14,
2014-03-15,
2014-03-16,0.5191107800751255
2014-03-17,
2014-03-18,
2014-03-19,
2014-03-20,
2014-03-21,0.6307718396512614
2014-03-22,
2014-03-23,
2014-03-24,
2014-03-25,
2014-03-26,
2014-03-27,
2014-03-28,
2014-03-29,0.7041471449975294
2014-03-30,0.6899793823439504
2014-03-31,0.6814182013162806
2014-04-01,0.6599488393327274
2014-04-02,0.6297178934466955
2014-04-03,0.591786073655878
2014-04-04,
2014-04-05,0.6471711965385164
2014-04-06,0.7296995099218787
2014-04-07,0.5148281457472047
2014-04-08,0.7766383420313958
2014-04-09,0.7675134807416888
2014-04-10,0.6033590389386022
2014-04-11,0.7391907161621458
2014-04-12,0.7235182526065487
2014-04-13,0.765456914998795
2014-04-14,0.7559302577560414
2014-04-15,0.7856187774397937
2014-04-16,0.6794364350977085
2014-04-17,
2014-04-18,
2014-04-19,0.6493218898804153
2014-04-20,0.6889268027087567
2014-04-21,0.7385175814934006
2014-04-22,0.7505567451627657
2014-04-23,0.7624801095384663
2014-04-24,0.7413881529986328
2014-04-25,0.8337429280481332
2014-04-26,0.7607030014976822
2014-04-27,0.7246299675891024
2014-04-28,0.7358690043510956
2014-04-29,0.7409572709350016
2014-04-30,0.7789957382219083
2014-05-01,0.7779148333801814
2014-05-02,0.7735908522299976
2014-05-03,0.7463420840460077
2014-05-04,0.737625865197426
2014-05-05,0.772487735943829
2014-05-06,0.7443879383520547
2014-05-07,0.750969970658811
2014-05-08,0.7813341034044697
2014-05-09,0.8265782163914184
2014-05-10,0.8039187002164195
2014-05-11,0.8420134853496379
2014-05-12,0.7576935578798504
2014-05-13,0.7908521139266208
2014-05-14,0.7889894657539855
2014-05-15,0.8109140240595144
2014-05-16,0.8080570159738897
2014-05-17,0.7810267645840421
2014-05-18,0.8195999621368246
2014-05-19,0.7583300808709705
2014-05-20,0.7701726386839101
2014-05-21,0.757074852221139
2014-05-22,0.779528408056661
2014-05-23,0.7933905854426861
2014-05-24,0.809410762560103
2014-05-25,0.8144676915956327
2014-05-26,0.7825902749835117
2014-05-27,0.7893227506631652
2014-05-28,0.7914353631429875
2014-05-29,0.7579679926468315
2014-05-30,0.7654288394521652
2014-05-31,0.7965204627197628
2014-06-01,0.786380888130094
2014-06-02,0.8026463563939297
2014-06-03,0.8340474956984341
2014-06-04,0.7835752949687818
2014-06-05,0.8159797149014749
2014-06-06,0.7839359824802068
2014-06-07,0.7790831776401963
2014-06-08,0.7830681221456701
2014-06-09,0.8414205584408976
2014-06-10,0.8343498092040963
2014-06-11,0.8168837777507069
2014-06-12,0.8179070610246882
2014-06-13,0.8147791490609034
2014-06-14,0.8072591257763625
2014-06-15,0.7801909830040616
2014-06-16,0.7830331981581128
2014-06-17,0.8263182653852695
2014-06-18,0.9191921880556829
2014-06-19,0.8349962410391372
2014-06-20,0.7549001117979218
2014-06-21,0.7637709378921811
2014-06-22,0.768784986033331
2014-06-23,0.7522494404181469
2014-06-24,0.8002346649146325
2014-06-25,0.8525128737635508
2014-06-26,0.8211262998212557
2014-06-27,0.7745682173039425
2014-06-28,0.7711793392296086
2014-06-29,0.7622604375689176
2014-06-30,0.7918183819751519
2014-07-01,0.801110379576731
2014-07-02,0.8345015025738055
2014-07-03,0.8392860869289377
2014-07-04,0.917925188939944
2014-07-05,0.7755332715022066
2014-07-06,0.7636647080410041
2014-07-07,0.7847995299359498
2014-07-08,0.7970132830266184
2014-07-09,0.813209123884148
2014-07-10,0.8057098522069258
2014-07-11,0.771105462955266
2014-07-12,0.8316819043513428
2014-07-13,0.7913991131768321
2014-07-14,0.812443744664849
2014-07-15,0.811853166397051
2014-07-16,0.8462037028544113
2014-07-17,0.7797211102442743
2014-07-18,0.8001618724300831
2014-07-19,0.8321745568425899
2014-07-20,0.811006919872835
2014-07-21,0.7885244564454471
2014-07-22,0.7794264510160215
2014-07-23,0.826178607061648
2014-07-24,0.8139735234660618
2014-07-25,0.7959914870888148
2014-07-26,0.7929374102064068
2014-07-27,
2014-07-28,0.807871863855236
2014-07-29,0.7907674161867624
2014-07-30,0.7834406412675453
2014-07-31,0.769597699353907
2014-08-01,0.7981218406617276
2014-08-02,0.817339976917781
2014-08-03,0.8268686186192001
2014-08-04,0.860736170405192
2014-08-05,0.7788247191006439
2014-08-06,0.7893486858985156
2014-08-07,0.7634626401699743
2014-08-08,0.7785649465675692
2014-08-09,0.7742366072693488
2014-08-10,0.8056618251597606
2014-08-11,0.8314272395468847
2014-08-12,
2014-08-13,0.8528474401559466
2014-08-14,0.7738990742860098
2014-08-15,0.789345022807383
2014-08-16,0.7669360633835272
2014-08-17,0.8020799783263585
2014-08-18,0.7950086500757643
2014-08-19,
2014-08-20,0.7801822608438406
2014-08-21,0.876583963582945
2014-08-22,0.8062311879365776
2014-08-23,0.7932597140942652
2014-08-24,0.7860330018760074
2014-08-25,0.7933904086085167
2014-08-26,0.8121275180430099
2014-08-27,0.8133079771412675
2014-08-28,0.7715226444834443
2014-08-29,0.7606780830361785
2014-08-30,0.7547407919345238
2014-08-31,0.8212261503727611
2014-09-01,0.8116497174235053
2014-09-02,0.8522977061826067
2014-09-03,0.8290339044411354
2014-09-04,0.8512281996166111
2014-09-05,0.7847397903788572
2014-09-06,0.792604371651152
2014-09-07,0.7816569505459227
2014-09-08,0.7689731698132928
2014-09-09,0.7761256367757927
2014-09-10,0.800656418853856
2014-09-11,
2014-09-12,0.7805368862098834
2014-09-13,0.7642779083391613
2014-09-14,0.7703671504614502
2014-09-15,0.7549217052542021
2014-09-16,0.7943330265704484
2014-09-17,0.7542904840661535
2014-09-18,0.7920127030683073
2014-09-19,0.7797328593196975
2014-09-20,0.758397820022078
2014-09-21,0.795236715731976
2014-09-22,0.7584849421399024
2014-09-23,0.7619012229650702
2014-09-24,0.770481442024372
2014-09-25,0.8070970274911295
2014-09-26,0.7862219323753915
2014-09-27,0.9415842935465619
2014-09-28,0.7716503531237058
2014-09-29,0.7549781125720999
2014-09-30,0.8080965099878729
2014-10-01,0.8116115913194383
2014-10-02,0.8143026941152113
2014-10-03,0.7946004013147798
2014-10-04,0.7168384427917844
2014-10-05,0.7698074324508967
2014-10-06,0.7095495491070121
2014-10-07,0.770527591634124
2014-10-08,0.7596949442102371
2014-10-09,0.7717866661753836
2014-10-10,0.7659059413118963
2014-10-11,0.797246446577214
2014-10-12,0.7898224582589503
2014-10-13,0.7158485900386465
2014-10-14,0.7914927585564765
2014-10-15,0.7764425403529461
2014-10-16,0.7994977381997784
2014-10-17,0.7660044433597464
2014-10-18,0.8079188895628743
2014-10-19,0.7965829863667052
2014-10-20,0.6570368601702381
2014-10-21,0.7718120905080236
2014-10-22,0.7798760971753451
2014-10-23,0.7443322674417021
2014-10-24,0.7840371477278119
2014-10-25,0.7805650163916712
2014-10-26,0.7638791932654626
2014-10-27,0.8203632835503327
2014-10-28,0.7676461959810577
2014-10-29,0.7495238108228909
2014-10-30,0.7556687221962879
2014-10-31,0.7493048323452357
2014-11-01,0.7876365557544546
2014-11-02,0.7573835720027865
2014-11-03,0.746178285481904
2014-11-04,0.7625208599185483
2014-11-05,0.7557433603837863
2014-11-06,0.7522449776794521
2014-11-07,0.7321319871912394
2014-11-08,0.748658074124087
2014-11-09,0.7586808582645279
2014-11-10,
2014-11-11,0.7547355348015703
2014-11-12,0.8135716113534354
2014-11-13,0.7564366291815267
2014-11-14,0.693231263753441
2014-11-15,
2014-11-16,
2014-11-17,0.6939531445772305
2014-11-18,0.7066864666417473
2014-11-19,
2014-11-20,
2014-11-21,
2014-11-22,
2014-11-23,0.6611386682820876
2014-11-24,0.8055492901303646
2014-11-25,0.7567684470776768
2014-11-26,0.7904889685232055
2014-11-27,0.7445249830087017
2014-11-28,0.7575278797816932
2014-11-29,0.792693586909249
2014-11-30,0.6630553237341178
2014-12-01,0.7089639346609217
2014-12-02,0.6554690050535559
2014-12-03,
2014-12-04,0.6682931224672315
2014-12-05,
2014-12-06,
2014-12-07,0.5444915758885295
2014-12-08,
2014-12-09,
2014-12-10,
2014-12-11,
2014-12-12,
2014-12-13,
2014-12-14,
2014-12-15,0.6505486502628046
2014-12-16,
2014-12-17,0.5127942777236093
2014-12-18,0.6622158914126149
2014-12-19,0.6640713734209918
2014-12-20,
2014-12-21,
2014-12-22,
2014-12-23,0.5629444078490409
2014-12-24,0.6861390403935038
2014-12-25,0.721349890095926
2014-12-26,0.7309061721754817
2014-12-27,0.5436000000000001
2014-12-28,0.8862083782757851
2014-12-29,0.6794354983975006
2014-12-30,
2014-12-31,
2015-01-01,
2015-01-02,
2015-01-03,
2015-01-04,
2015-01-05,0.6982950289288317
2015-01-06,
2015-01-07,
2015-01-08,
2015-01-09,
2015-01-10,
2015-01-11,
2015-01-12,
2015-01-13,
2015-01-14,
2015-01-15,
2015-01-16,
2015-01-17,
2015-01-18,
2015-01-19,
2015-01-20,0.5220609766893651
2015-01-21,
2015-01-22,
2015-01-23,
2015-01-24,
2015-01-25,
2015-01-26,
2015-01-27,
2015-01-28,
2015-01-29,
2015-01-30,
2015-01-31,
2015-02-01,
2015-02-02,
2015-02-03,
2015-02-04,
2015-02-05,
2015-02-06,
2015-02-07,
2015-02-08,
2015-02-09,
2015-02-10,
2015-02-11,
2015-02-12,
2015-02-13,
2015-02-14,
2015-02-15,
2015-02-16,
2015-02-17,
2015-02-18,
2015-02-19,
2015-02-20,
2015-02-21,
2015-02-22,
2015-02-23,
2015-02-24,
2015-02-25,
2015-02-26,
2015-02-27,
2015-02-28,
2015-03-01,
2015-03-02,
2015-03-03,
2015-03-04,
2015-03-05,
2015-03-06,
2015-03-07,
2015-03-08,
2015-03-09,
2015-03-10,
2015-03-11,
2015-03-12,
2015-03-13,
2015-03-14,
2015-03-15,
2015-03-16,
2015-03-17,
2015-03-18,
2015-03-19,
2015-03-20,
2015-03-21,
2015-03-22,
2015-03-23,
2015-03-24,
2015-03-25,
2015-03-26,
2015-03-27,0.6492098810974277
2015-03-28,0.6444046385410749
2015-03-29,
2015-03-30,
2015-03-31,0.6387780250929053
2015-04-01,0.5946045909539333
2015-04-02,
2015-04-03,0.7253241675165449
2015-04-04,0.7304950208621621
2015-04-05,
2015-04-06,0.6394047638996467
2015-04-07,0.7925786453776332
2015-04-08,0.7105957402731149
2015-04-09,0.5056176356326322
2015-04-10,0.6471634276572193
2015-04-11,0.7144443691554271
2015-04-12,0.6969634381981133
2015-04-13,0.7517708831802524
2015-04-14,0.7011269856133995
2015-04-15,0.7338873153099654
2015-04-16,0.6775855414473942
2015-04-17,0.74872097688073
2015-04-18,0.734747127986767
2015-04-19,0.7425842712243865
2015-04-20,0.7405650631399736
2015-04-21,0.7524108440577462
2015-04-22,0.7669230997547118
2015-04-23,0.7138081922630294
2015-04-24,0.7231136434012215
2015-04-25,0.6483205445059672
2015-04-26,0.7417362386058693
2015-04-27,0.7531457121492766
2015-04-28,0.7563783233485035
2015-04-29,0.7470450947582115
2015-04-30,0.7704331661303541
2015-05-01,0.7530203250405523
2015-05-02,0.7402258651449762
2015-05-03,0.7593938638218746
2015-05-04,0.7615129489819489
2015-05-05,0.7890238457711686
2015-05-06,0.7857553001873467
2015-05-07,0.78104332234692
2015-05-08,0.7754368171131222
2015-05-09,0.7767087336449853
2015-05-10,0.7784136490033284
2015-05-11,0.7844530868531351
2015-05-12,0.8156928423477819
2015-05-13,0.7995979695041617
2015-05-14,0.7910354805713434
2015-05-15,0.815815175488629
2015-05-16,0.8388135119464987
2015-05-17,0.7937170196122024
2015-05-18,0.7952289745286371
2015-05-19,0.8275080350793377
2015-05-20,0.7968587319793742
2015-05-21,0.8011150252413447
2015-05-22,0.7941635419996096
2015-05-23,0.7660500218652936
2015-05-24,0.7634398336233075
2015-05-25,0.7973950668240658
2015-05-26,0.794717810512522
2015-05-27,0.8095083072481879
2015-05-28,0.8102432736042045
2015-05-29,0.8001333941452147
2015-05-30,0.7859178035328953
2015-05-31,0.8103100019352545
2015-06-01,0.8190469249102784
2015-06-02,0.81316800366433
2015-06-03,0.772197451594385
2015-06-04,0.7933062665326898
2015-06-05,0.8071472163138645
2015-06-06,0.8148161698512196
2015-06-07,0.7847222717362632
2015-06-08,0.7963533765896408
2015-06-09,0.8129378402975003
2015-06-10,0.7749933644991851
2015-06-11,0.7895477566400468
2015-06-12,0.8200251046330419
2015-06-13,0.82719903489031
2015-06-14,0.7724812593280611
2015-06-15,0.8389505109923807
2015-06-16,0.8130458571018608
2015-06-17,0.769938955975767
2015-06-18,0.7779750052321802
2015-06-19,0.8297231600320314
2015-06-20,0.7958602436003029
2015-06-21,0.8091452825877201
2015-06-22,0.7890684842095945
2015-06-23,0.7913375424043494
2015-06-24,0.7837566738136306
2015-06-25,0.7741641627425747
2015-06-26,0.8009600864539379
2015-06-27,0.77932517950119
2015-06-28,0.8451912548126508
2015-06-29,0.8104807485283383
2015-06-30,0.7737949603585162
2015-07-01,0.7915813678206721
2015-07-02,0.7811696540406083
2015-07-03,0.7683497320701477
2015-07-04,0.7798071118873522
2015-07-05,0.8110408931186144
2015-07-06,0.796346780618545
2015-07-07,0.8296155444628459
2015-07-08,0.8391164593528851
2015-07-09,0.7857817795842582
2015-07-10,0.8224738493585555
2015-07-11,0.7965854313902272
2015-07-12,0.7913033166135176
2015-07-13,0.8218911313179635
2015-07-14,0.8292438127268014
2015-07-15,0.8136653540268661
2015-07-16,0.7741987187713719
2015-07-17,0.7813357134515732
2015-07-18,0.8130724854633431
2015-07-19,0.7958938088127683
2015-07-20,0.802796204169912
2015-07-21,0.8206540650097573
2015-07-22,0.851787176281788
2015-07-23,0.7906209116425759
2015-07-24,0.7708245539451438
2015-07-25,0.7845810345396043
2015-07-26,0.8066055475004199
2015-07-27,0.8205428907192696
2015-07-28,0.8054670695290373
2015-07-29,0.8083899702895025
2015-07-30,
2015-07-31,0.8016425287809877
2015-08-01,0.7792717336259607
2015-08-02,0.7838092607983514
2015-08-03,0.7780625020474825
2015-08-04,0.7952777322083376
2015-08-05,0.7911461835926853
2015-08-06,
2015-08-07,0.8393195499521571
2015-08-08,0.7905676185813325
2015-08-09,0.7828833571827686
2015-08-10,0.7746370682991689
2015-08-11,0.8599242655328853
2015-08-12,0.7946139507331499
2015-08-13,0.7989266832999203
2015-08-14,0.7970586111209352
2015-08-15,0.8067173295774661
2015-08-16,0.8135361629099985
2015-08-17,0.7857223732572416
2015-08-18,0.8822032404588366
2015-08-19,0.804857330702769
2015-08-20,0.8244935579369799
2015-08-21,0.8041597113411557
2015-08-22,0.7727725099422132
2015-08-23,0.7812466010082616
2015-08-24,0.7947525828732047
2015-08-25,0.8123218115249903
2015-08-26,0.8010042759389412
2015-08-27,0.8036236814884293
2015-08-28,0.793041057027602
2015-08-29,0.7715305552862858
2015-08-30,0.8140877413553742
2015-08-31,0.791228044886696
2015-09-01,0.7863991769243535
2015-09-02,0.7824732291937685
2015-09-03,0.7987542667835803
2015-09-04,0.8126090176520442
2015-09-05,0.793895869703933
2015-09-06,0.7949951309755249
2015-09-07,0.7894720135757237
2015-09-08,0.7923968121943199
2015-09-09,0.7856434256148835
2015-09-10,0.8208285562713583
2015-09-11,0.8086934939579478
2015-09-12,0.7974896702399901
2015-09-13,0.8250036765810622
2015-09-14,0.8137880809722752
2015-09-15,0.7835758063498341
2015-09-16,0.760546510054039
2015-09-17,0.7711982750840016
2015-09-18,0.7676152616696956
2015-09-19,0.793311303724454
2015-09-20,0.8222173644284921
2015-09-21,0.7615334127745068
2015-09-22,0.7822042639131502
2015-09-23,0.7780154391319273
2015-09-24,0.7622703701861961
2015-09-25,0.7816092221529166
2015-09-26,0.7794607962747853
2015-09-27,0.7589490675551577
2015-09-28,0.7976054961649807
2015-09-29,0.833157908258662
2015-09-30,0.7880128018668703
2015-10-01,0.8068475287778225
2015-10-02,0.7809929659007205
2015-10-03,0.819204142849148
2015-10-04,0.7919019791733175
2015-10-05,0.7979525358062873
2015-10-06,0.7994390261781997
2015-10-07,0.8101294726822758
2015-10-08,0.7772059445901659
2015-10-09,0.7882357129838777
2015-10-10,0.7620583815772171
2015-10-11,0.7637896132673606
2015-10-12,0.7903556854231871
2015-10-13,0.7988408348032727
2015-10-14,0.7845580682787536
2015-10-15,0.7607592918446877
2015-10-16,0.767261307004519
2015-10-17,0.7730474797409259
2015-10-18,0.6582631315137989
2015-10-19,0.6315226178744882
2015-10-20,0.7964352816113388
2015-10-21,0.837400598629298
2015-10-22,0.8025878263899358
2015-10-23,0.7603535894591346
2015-10-24,0.7717905858535309
2015-10-25,0.5758180487194059
2015-10-26,0.7726175190845382
2015-10-27,0.7132606532555451
2015-10-28,0.75149778736069
2015-10-29,0.7906587517702558
2015-10-30,0.7941580260500664
2015-10-31,0.7264194779002677
2015-11-01,0.765277940984211
2015-11-02,0.7630751288255637
2015-11-03,0.7858754780291102
2015-11-04,0.7917277709413608
2015-11-05,0.7904341816808831
2015-11-06,0.8194018633824122
2015-11-07,0.7729487307511882
2015-11-08,0.7369486115880303
2015-11-09,0.6167359596955688
2015-11-10,0.7343008361510899
2015-11-11,0.7834025516728769
2015-11-12,0.7557274161599447
2015-11-13,0.762598410424147
2015-11-14,0.7626205768437165
2015-11-15,0.6967047931243985
2015-11-16,0.7489793950439401
2015-11-17,0.6979057173021828
2015-11-18,
2015-11-19,0.7909176572208658
2015-11-20,0.7615891884787541
2015-11-21,0.6944539408394022
2015-11-22,0.7355898763102702
2015-11-23,0.7373260823731795
2015-11-24,
2015-11-25,
2015-11-26,
2015-11-27,0.7680524805543473
2015-11-28,0.7849781749974837
2015-11-29,0.747309512840992
2015-11-30,
2015-12-01,
2015-12-02,0.5826406571231993
2015-12-03,0.7403683657719504
2015-12-04,0.7459681524583764
2015-12-05,0.7684849526686264
2015-12-06,0.6460879316864957
2015-12-07,0.6284473495066693
2015-12-08,0.6823547930764294
2015-12-09,0.6433787306130775
2015-12-10,0.7447925253476061
2015-12-11,0.7588738006455567
2015-12-12,0.7625528660807355
2015-12-13,0.7818231830717537
2015-12-14,0.7663299860271378
2015-12-15,0.7420132335279195
2015-12-16,0.7252273780492889
2015-12-17,0.7392225155465713
2015-12-18,0.7438604037155927
2015-12-19,0.6421825680004056
2015-12-20,
2015-12-21,
2015-12-22,0.7590890748694801
2015-12-23,0.7290039136233525
2015-12-24,0.7659785100595478
2015-12-25,0.7316396352425507
2015-12-26,0.7436787999429136
2015-12-27,0.7747639530011178
2015-12-28,0.8249612445514094
2015-12-29,
2015-12-30,
2015-12-31,0.45604018569992316
2016-01-01,0.6609253113599837
2016-01-02,0.5752295929415172
2016-01-03,
2016-01-04,0.6535901690473778
2016-01-05,
2016-01-06,
2016-01-07,
2016-01-08,
2016-01-09,
2016-01-10,0.6813902889345964
2016-01-11,0.6985577945700446
2016-01-12,
2016-01-13,
2016-01-14,
2016-01-15,
2016-01-16,0.5178750000000001
2016-01-17,0.6837741378609947
2016-01-18,
2016-01-19,
2016-01-20,
2016-01-21,
2016-01-22,
2016-01-23,
2016-01-24,
2016-01-25,0.7103028671324871
2016-01-26,
2016-01-27,0.754032761730833
2016-01-28,
2016-01-29,
2016-01-30,
2016-01-31,0.6911698749355564
2016-02-01,0.7536379073936956
2016-02-02,0.7382397850057917
2016-02-03,
2016-02-04,0.7569712806014339
2016-02-05,0.7686721796308504
2016-02-06,0.581684339925677
2016-02-07,
2016-02-08,0.6002464411418531
2016-02-09,
2016-02-10,
2016-02-11,
2016-02-12,
2016-02-13,
2016-02-14,
2016-02-15,
2016-02-16,
2016-02-17,0.7142908162692546
2016-02-18,
2016-02-19,
2016-02-20,
2016-02-21,0.7317710206461244
2016-02-22,0.7598514092089642
2016-02-23,
2016-02-24,0.5224868067103765
2016-02-25,0.6834231266463191
2016-02-26,0.7239659066617388
2016-02-27,
2016-02-28,
2016-02-29,0.7353942840407686
2016-03-01,0.5857840924886365
2016-03-02,0.6097968209118062
2016-03-03,
2016-03-04,
2016-03-05,
2016-03-06,
2016-03-07,
2016-03-08,0.7835867817279447
2016-03-09,0.7381108259529274
2016-03-10,0.7605912238234614
2016-03-11,0.7485433894367776
2016-03-12,0.680729869013868
2016-03-13,0.7476774212319204
2016-03-14,0.7618950895939459
2016-03-15,0.7387672680367094
2016-03-16,0.7367151543284005
2016-03-17,0.7125098709684938
2016-03-18,0.7312463999739257
2016-03-19,0.6318015429777005
2016-03-20,0.6837678455675239
2016-03-21,0.6253179324960746
2016-03-22,0.6961234782767796
2016-03-23,0.7422967297657537
2016-03-24,0.7405513996781227
2016-03-25,0.6984640548843118
2016-03-26,0.735335037027989
2016-03-27,0.7636446192907291
2016-03-28,0.7737892901839541
2016-03-29,0.7483396734569346
2016-03-30,0.6349284044525756
2016-03-31,0.7350352973980651
2016-04-01,0.7674764348054698
2016-04-02,0.7515643793842884
2016-04-03,0.7337850019943104
2016-04-04,
2016-04-05,
2016-04-06,
2016-04-07,0.6710925740059185
2016-04-08,0.7764282261257887
2016-04-09,
2016-04-10,0.6725705851672501
2016-04-11,
2016-04-12,0.8154945283081548
2016-04-13,0.7224190189249728
2016-04-14,0.8360245208815239
2016-04-15,0.7739740547524652
2016-04-16,
2016-04-17,0.7982199955928575
2016-04-18,
2016-04-19,0.7631510567177334
2016-04-20,0.7598419172949428
2016-04-21,0.8853738131483263
2016-04-22,0.7711419368155407
2016-04-23,0.7690805502903245
2016-04-24,0.805883600584529
2016-04-25,0.8295556740945877
2016-04-26,0.8382860639038133
2016-04-27,0.6960106484168669
2016-04-28,0.7919070059500242
2016-04-29,0.7994049186863074
2016-04-30,0.7838453205103721
2016-05-01,0.780994324434354
2016-05-02,0.7364477691999401
2016-05-03,0.7830086748356414
2016-05-04,
2016-05-05,0.8025643856305816
2016-05-06,0.7568570459491423
2016-05-07,0.8411029712499889
2016-05-08,0.7667263512671684
2016-05-09,0.7596710751289533
2016-05-10,0.8120710007707526
2016-05-11,0.7867072736542156
2016-05-12,0.8211835165490666
2016-05-13,0.9404546549411654
2016-05-14,0.7835185951057131
2016-05-15,0.8123789583168146
2016-05-16,0.7990570352409191
2016-05-17,0.7794112588166167
2016-05-18,0.7895265362196838
2016-05-19,0.8010834305687697
2016-05-20,0.6856794741571746
2016-05-21,0.779680733085804
2016-05-22,0.7847497128553947
2016-05-23,0.8117126612610673
2016-05-24,0.7683643633495455
2016-05-25,0.7783521476927531
2016-05-26,0.7835046061760089
2016-05-27,0.8007430569836385
2016-05-28,0.8589877204171025
2016-05-29,0.8035576016322389
2016-05-30,0.8593384682914821
2016-05-31,0.8291651459700092
2016-06-01,0.7836310807897179
2016-06-02,0.8303724047898329
2016-06-03,0.8112480715288224
2016-06-04,0.7725349156242127
2016-06-05,
2016-06-06,0.7827540169781558
2016-06-07,0.7853900799933626
2016-06-08,0.8461878638049932
2016-06-09,0.7943648553945505
2016-06-10,0.8001577047859595
2016-06-11,0.7921054012615186
2016-06-12,0.7919595153792979
2016-06-13,0.8505157446637436
2016-06-14,0.7924556635966066
2016-06-15,0.7815131736664611
2016-06-16,0.840600042537498
2016-06-17,0.8105141346199033
2016-06-18,0.7840142595691225
2016-06-19,0.753782319478017
2016-06-20,0.7940084844943689
2016-06-21,
2016-06-22,0.7662657179985556
2016-06-23,0.7584303006771846
2016-06-24,0.8421018579521004
2016-06-25,0.764170861222214
2016-06-26,0.7799672991723666
2016-06-27,0.8406072048894481
2016-06-28,
2016-06-29,0.8630016001982336
2016-06-30,
2016-07-01,0.8609996403609019
2016-07-02,0.8370250267648233
2016-07-03,0.8589141338628594
2016-07-04,0.8189456470724066
2016-07-05,0.8304668397468233
2016-07-06,0.8373262857556312
2016-07-07,0.6678886828002891
2016-07-08,0.8549319252543661
2016-07-09,0.8234038606464693
2016-07-10,0.8911834478114495
2016-07-11,0.784578400862751
2016-07-12,0.7813677113495707
2016-07-13,0.8655254136440417
2016-07-14,0.8232491783104094
2016-07-15,0.8115291926013297
2016-07-16,
2016-07-17,0.8381294815759527
2016-07-18,0.849980632683818
2016-07-19,0.818618866173396
2016-07-20,0.7841799170668249
2016-07-21,0.8261837703191599
2016-07-22,0.7808413791345007
2016-07-23,0.804739681463393
2016-07-24,0.8644556261025097
2016-07-25,0.8277037457984885
2016-07-26,0.8482861131437941
2016-07-27,0.8488487732784521
2016-07-28,0.8051095944261356
2016-07-29,0.7779503045888607
2016-07-30,0.7876089521982302
2016-07-31,0.8183889253708482
2016-08-01,
2016-08-02,0.8169397925936877
2016-08-03,0.784041547046402
2016-08-04,0.8753381920924311
2016-08-05,0.7920293357631314
2016-08-06,0.8670480459852151
2016-08-07,0.7868708655690578
2016-08-08,0.7797249252855093
2016-08-09,0.7940966897972537
2016-08-10,0.805311925264324
2016-08-11,0.8184922998341805
2016-08-12,0.8222412770774847
2016-08-13,0.8309807883005366
2016-08-14,0.8384599314129039
2016-08-15,0.8044556247032633
2016-08-16,0.8194010837808593
2016-08-17,0.8107981928536424
2016-08-18,0.8004778805606731
2016-08-19,0.866461121341831
2016-08-20,0.8193932094028187
2016-08-21,0.8053957934218358
2016-08-22,0.8112766488079785
2016-08-23,0.7821082119148606
2016-08-24,0.8231910648233676
2016-08-25,0.8497789286753431
2016-08-26,0.8086764882304539
2016-08-27,0.8867210635688068
2016-08-28,0.8051531391658889
2016-08-29,0.8261085692578409
2016-08-30,0.8407851070310237
2016-08-31,0.8133917994056936
2016-09-01,0.8189717803617331
2016-09-02,
2016-09-03,0.799884626585834
2016-09-04,0.8443945710362596
2016-09-05,0.8549469821502663
2016-09-06,0.8325649668603561
2016-09-07,0.7986456113078624
2016-09-08,0.817078023637834
2016-09-09,0.8351603729553256
2016-09-10,0.8778287653060832
2016-09-11,0.8221723227130838
2016-09-12,0.7887973344628726
2016-09-13,0.8355303604412226
2016-09-14,0.8091255014732223
2016-09-15,0.826966702751766
2016-09-16,0.7810163743655426
2016-09-17,0.8195238320751654
2016-09-18,
2016-09-19,0.8277625062634911
2016-09-20,0.8511968750573601
2016-09-21,0.8654254882684123
2016-09-22,0.8449519018648192
2016-09-23,0.7365077699227991
2016-09-24,0.8527102223461241
2016-09-25,
2016-09-26,0.8181239303361115
2016-09-27,0.8318919461669283
2016-09-28,0.8032459042293728
2016-09-29,0.8464536067701506
2016-09-30,0.8315296641037251
2016-10-01,0.854171364838103
2016-10-02,0.9921803545780085
2016-10-03,0.8145999707948897
2016-10-04,
2016-10-05,0.7875546487276217
2016-10-06,0.7918251226947949
2016-10-07,0.86024656402718
2016-10-08,0.7839936451659499
2016-10-09,0.7653166479169118
2016-10-10,0.8467328437826381
2016-10-11,0.8404643992940393
2016-10-12,0.8548094561227051
2016-10-13,0.7860938054783674
2016-10-14,0.8132956191747227
2016-10-15,0.7689945941903129
2016-10-16,0.778202050757101
2016-10-17,0.8103285011176878
2016-10-18,
2016-10-19,0.8268124184246801
2016-10-20,0.5915127325045524
2016-10-21,0.8673207675705276
2016-10-22,0.7901250430740137
2016-10-23,0.8473286224243253
2016-10-24,0.787944806249485
2016-10-25,0.765094458417884
2016-10-26,0.7665564619909612
2016-10-27,0.7547718384135628
2016-10-28,0.7302309918119146
2016-10-29,0.7444067822767148
2016-10-30,0.7971045219535569
2016-10-31,0.8007229184635872
2016-11-01,0.7833039068934752
2016-11-02,0.7778369118898543
2016-11-03,0.808992558134457
2016-11-04,0.7827606965788497
2016-11-05,0.7610094787341405
2016-11-06,0.7839727989444755
2016-11-07,0.7692771323377591
2016-11-08,
2016-11-09,0.7847040323095287
2016-11-10,0.7430861014060065
2016-11-11,0.7745659605797589
2016-11-12,0.7402866962987791
2016-11-13,0.8163276482358176
2016-11-14,0.737812513609929
2016-11-15,0.7986434358191031
2016-11-16,0.7933064889691278
2016-11-17,0.7576581792376086
2016-11-18,0.7943779381353592
2016-11-19,0.6765065274618184
2016-11-20,0.773621794153156
2016-11-21,
2016-11-22,0.5131070097173062
2016-11-23,0.6290205900225047
2016-11-24,
2016-11-25,0.6285948062166702
2016-11-26,0.7231287182725888
2016-11-27,0.7072058616061379
2016-11-28,0.6631793787678687
2016-11-29,
2016-11-30,0.7106111993780322
2016-12-01,0.7774931206614577
2016-12-02,0.7752388615404074
2016-12-03,0.7358471511749876
2016-12-04,0.6866795011833862
2016-12-05,
2016-12-06,0.4825012683150522
2016-12-07,
2016-12-08,0.6391192963546234
2016-12-09,
2016-12-10,
2016-12-11,
2016-12-12,
2016-12-13,
2016-12-14,
2016-12-15,
2016-12-16,
2016-12-17,
2016-12-18,
2016-12-19,
2016-12-20,
2016-12-21,
2016-12-22,
2016-12-23,0.5564452329750398
2016-12-24,
2016-12-25,0.7360230552546027
2016-12-26,
2016-12-27,
2016-12-28,0.7459921695868718
2016-12-29,
2016-12-30,
2016-12-31,
2017-01-01,
2017-01-02,
2017-01-03,
2017-01-04,0.6985253878616697
2017-01-05,0.5957404573222553
2017-01-06,
2017-01-07,
2017-01-08,
2017-01-09,
2017-01-10,
2017-01-11,
2017-01-12,0.781431583106683
2017-01-13,0.7208705691547753
2017-01-14,
2017-01-15,
2017-01-16,
2017-01-17,
2017-01-18,
2017-01-19,
2017-01-20,0.7414486743107831
2017-01-21,0.5349344680215212
2017-01-22,
2017-01-23,0.7384521202609257
2017-01-24,0.4689470494627131
2017-01-25,0.5726440384225061
2017-01-26,0.6152026502947272
2017-01-27,0.7711438682135997
2017-01-28,0.6153337708108324
2017-01-29,
2017-01-30,
2017-01-31,
2017-02-01,
2017-02-02,
2017-02-03,
2017-02-04,
2017-02-05,
2017-02-06,0.6228054908470474
2017-02-07,
2017-02-08,
2017-02-09,0.7728054134875585
2017-02-10,
2017-02-11,
2017-02-12,
2017-02-13,
2017-02-14,
2017-02-15,
2017-02-16,
2017-02-17,
2017-02-18,
2017-02-19,0.44454909497995104
2017-02-20,
2017-02-21,0.5261078387341943
2017-02-22,0.6031313780613713
2017-02-23,
2017-02-24,0.7147435790398232
2017-02-25,
2017-02-26,0.8005367670556036
2017-02-27,0.5543252154505924
2017-02-28,0.7702506769120302
2017-03-01,0.7840144136220241
2017-03-02,0.7159360204525047
2017-03-03,
2017-03-04,
2017-03-05,
2017-03-06,
2017-03-07,
2017-03-08,0.777528237428351
2017-03-09,0.7874447830173873
2017-03-10,0.7480647169419362
2017-03-11,
2017-03-12,
2017-03-13,
2017-03-14,
2017-03-15,
2017-03-16,
2017-03-17,
2017-03-18,
2017-03-19,
2017-03-20,
2017-03-21,
2017-03-22,
2017-03-23,
2017-03-24,
2017-03-25,0.6747896451514799
2017-03-26,0.6006430139839193
2017-03-27,
2017-03-28,0.7560444092059442
2017-03-29,0.7256377140064305
2017-03-30,0.7638789764091104
2017-03-31,0.7651059132638387
2017-04-01,0.49441428038951063
2017-04-02,0.6892221752071249
2017-04-03,0.7038190075832893
2017-04-04,0.7048873978177734
2017-04-05,
2017-04-06,0.7285947107968312
2017-04-07,0.6809822488229416
2017-04-08,0.859127144092614
2017-04-09,0.7241151614084266
2017-04-10,0.8016044409070369
2017-04-11,0.7273817921730157
2017-04-12,0.7374185591061834
2017-04-13,0.7281345480855752
2017-04-14,0.7359365331766512
2017-04-15,0.7383311452340413
2017-04-16,0.7448712889287158
2017-04-17,0.7517883527613519
2017-04-18,0.7844533404069851
2017-04-19,0.7648562330443617
2017-04-20,0.7891107959975837
2017-04-21,0.7461360165588994
2017-04-22,0.7364001208579358
2017-04-23,0.7903308168868565
2017-04-24,0.762622953028721
2017-04-25,0.7686431772248398
2017-04-26,0.8185707726477612
2017-04-27,0.7481504204197514
2017-04-28,0.8875717298180319
2017-04-29,0.7754207813205992
2017-04-30,0.7636943302227496
2017-05-01,0.8513603496457727
2017-05-02,0.788657516437798
2017-05-03,0.7662846189943692
2017-05-04,0.8160631860366361
2017-05-05,0.7762533423267461
2017-05-06,0.8365647813343267
2017-05-07,
2017-05-08,0.7574540521889216
2017-05-09,0.805328377440096
2017-05-10,0.7937851388881496
2017-05-11,0.7731355660536716
2017-05-12,0.8476776329854944
2017-05-13,0.7756572684669947
2017-05-14,0.697760064419585
2017-05-15,0.8275080933080567
2017-05-16,0.7608649728425213
2017-05-17,0.8637010732169994
2017-05-18,0.824743433335418
2017-05-19,0.7986377773959255
2017-05-20,0.8452639590211213
2017-05-21,0.7597691595002527
2017-05-22,0.852392819560109
2017-05-23,
2017-05-24,0.8333458089372416
2017-05-25,0.8270659006058935
2017-05-26,0.8566507454890293
2017-05-27,0.84443270332538
2017-05-28,0.8482156598287266
2017-05-29,0.8297330680789929
2017-05-30,
2017-05-31,0.8520623080010175
2017-06-01,
2017-06-02,0.7595866377636302
2017-06-03,0.8184705564435245
2017-06-04,0.7821191262149252
2017-06-05,0.8397521005348495
2017-06-06,0.8934078703444941
2017-06-07,0.8226271882846906
2017-06-08,
2017-06-09,0.7538776975523342
2017-06-10,0.778830200424106
2017-06-11,0.8450279222300849
2017-06-12,0.7917388513296444
2017-06-13,0.8230668251569025
2017-06-14,0.8511159878569138
2017-06-15,0.7860359956752951
2017-06-16,0.8334992178549591
2017-06-17,0.82960271601667
2017-06-18,0.8254255792433077
2017-06-19,0.8513041525424342
2017-06-20,0.8082132493486265
2017-06-21,0.7709282980126223
2017-06-22,0.7864989633845384
2017-06-23,0.803418518655591
2017-06-24,
2017-06-25,0.781767154095208
2017-06-26,0.7618961763078711
2017-06-27,0.833345315576212
2017-06-28,0.7594444622115646
2017-06-29,0.7674980046596643
2017-06-30,0.8361166768388814
2017-07-01,0.8135064605573598
2017-07-02,0.83188708162007
2017-07-03,0.7778736994306038
2017-07-04,0.773861126303506
2017-07-05,0.7716384424065499
2017-07-06,0.7874297974810855
2017-07-07,0.7868457257265995
2017-07-08,0.796871310941139
2017-07-09,0.7910463370498985
2017-07-10,
2017-07-11,0.8052214900175473
2017-07-12,0.8358696423033576
2017-07-13,0.8608733788173261
2017-07-14,0.8295389254586776
2017-07-15,0.880565061976795
2017-07-16,0.7991816531238061
2017-07-17,0.7829648043215613
2017-07-18,0.8475956378409887
2017-07-19,0.8078706215331168
2017-07-20,0.8173081316886089
2017-07-21,0.8559222524400822
2017-07-22,0.8082201033989844
2017-07-23,0.8650285595090628
2017-07-24,0.7403610604173158
2017-07-25,0.8297784106843106
2017-07-26,
2017-07-27,0.8032461194979168
2017-07-28,0.7869387096946916
2017-07-29,0.8772495454020691
2017-07-30,0.7790737456795236
2017-07-31,0.8132311211296988
2017-08-01,0.8334742337640291
2017-08-02,0.8037834536695798
2017-08-03,0.8625671391242767
2017-08-04,0.7743600856660329
2017-08-05,0.8035639872685787
2017-08-06,0.8346950935024054
2017-08-07,0.7811226289839136
2017-08-08,0.8751897483242875
2017-08-09,0.751959757444921
2017-08-10,0.7932789796138925
2017-08-11,
2017-08-12,0.8103552041334761
2017-08-13,0.8620573661839434
2017-08-14,0.8550741022822317
2017-08-15,0.8354215211863598
2017-08-16,0.8495306373710919
2017-08-17,0.8221965987967259
2017-08-18,
2017-08-19,0.8678247690320257
2017-08-20,
2017-08-21,0.8632857133717767
2017-08-22,0.8549436792845979
2017-08-23,0.8984750083541584
2017-08-24,0.78061398611377
2017-08-25,0.7654609976364748
2017-08-26,0.7698807892559536
2017-08-27,0.6929574684877775
2017-08-28,0.8285083005197752
2017-08-29,0.8008343560199098
2017-08-30,0.8646159631260546
2017-08-31,0.7735823048928615
2017-09-01,0.7786070877893092
2017-09-02,0.8073494215663937
2017-09-03,0.8308205882643742
2017-09-04,0.7917990390285735
2017-09-05,
2017-09-06,0.8288732401241398
2017-09-07,0.8644694242581739
2017-09-08,0.8560906314113106
2017-09-09,0.775359011454101
2017-09-10,0.7506277114331132
2017-09-11,0.7872172886103739
2017-09-12,0.7601187090829085
2017-09-13,0.8175959314171556
2017-09-14,0.8186730177029898
2017-09-15,0.8315227636912246
2017-09-16,0.865526125884154
2017-09-17,0.801910521055403
2017-09-18,0.8479360421815532
2017-09-19,0.8511327858725252
2017-09-20,0.8242586064174546
2017-09-21,
2017-09-22,0.801993697142545
2017-09-23,0.8039343301735764
2017-09-24,0.8259493709671032
2017-09-25,0.8138645116680769
2017-09-26,0.8019788438954448
2017-09-27,0.8050664302775962
2017-09-28,0.8213162634704886
2017-09-29,0.830988051617562
2017-09-30,0.7856915244009732
2017-10-01,0.8724961859264052
2017-10-02,0.7848714336410418
2017-10-03,0.7850554994352129
2017-10-04,0.8289371636753966
2017-10-05,
2017-10-06,0.8534398560368925
2017-10-07,
2017-10-08,0.8306875196165818
2017-10-09,0.8538293943192891
2017-10-10,0.8151721009899827
2017-10-11,0.790653065758848
2017-10-12,0.745364920735148
2017-10-13,0.772106524998523
2017-10-14,0.8068974230062372
2017-10-15,0.8628184710029111
2017-10-16,0.8275130083886805
2017-10-17,0.879391739742133
2017-10-18,0.8289965398088874
2017-10-19,0.789871020340927
2017-10-20,0.8394263470522806
2017-10-21,0.7849679868975312
2017-10-22,0.7789390231082701
2017-10-23,
2017-10-24,0.8159396641553974
2017-10-25,0.8126830765526267
2017-10-26,0.8727243136680889
2017-10-27,0.7670589465633516
2017-10-28,0.737096576464814
2017-10-29,0.7992346466131076
2017-10-30,0.8004193685546032
2017-10-31,0.8145030415939601
2017-11-01,0.7472202205499812
2017-11-02,0.8557543886095978
2017-11-03,0.8217920551326251
2017-11-04,0.8322094034662955
2017-11-05,0.8215738593019638
2017-11-06,
2017-11-07,0.8194380281517298
2017-11-08,
2017-11-09,
2017-11-10,0.8043411044118346
2017-11-11,
2017-11-12,
2017-11-13,
2017-11-14,0.688209902230693
2017-11-15,
2017-11-16,0.7937560676406613
2017-11-17,0.7487351162252069
2017-11-18,
2017-11-19,0.7491722810172121
2017-11-20,0.6601112384966417
2017-11-21,0.641832244712815
2017-11-22,
2017-11-23,0.6371444191861756
2017-11-24,
2017-11-25,0.8135142423919371
2017-11-26,0.8088475334865936
2017-11-27,
2017-11-28,
2017-11-29,0.6694014071955298
2017-11-30,0.6759067378488685
2017-12-01,0.7533908750433721
2017-12-02,0.7754311877423686
2017-12-03,
2017-12-04,0.6268963545819082
2017-12-05,0.7517453398785872
2017-12-06,0.8288040584579177
2017-12-07,0.6691779510370853
2017-12-08,
2017-12-09,
2017-12-10,
2017-12-11,
2017-12-12,
2017-12-13,0.5637328654022443
2017-12-14,
2017-12-15,
2017-12-16,
2017-12-17,
2017-12-18,
2017-12-19,
2017-12-20,0.7332733798233697
2017-12-21,
2017-12-22,
2017-12-23,
2017-12-24,
2017-12-25,
2017-12-26,
2017-12-27,
2017-12-28,
2017-12-29,
2017-12-30,
2017-12-31,
2018-01-01,
2018-01-02,
2018-01-03,
2018-01-04,
2018-01-05,
2018-01-06,
2018-01-07,
2018-01-08,
2018-01-09,
2018-01-10,
2018-01-11,
2018-01-12,0.7558088496631492
2018-01-13,0.7320682639625314
2018-01-14,
2018-01-15,
2018-01-16,
2018-01-17,
2018-01-18,
2018-01-19,
2018-01-20,
2018-01-21,0.7420936621162119
2018-01-22,
2018-01-23,
2018-01-24,0.729248206128929
2018-01-25,
2018-01-26,
2018-01-27,
2018-01-28,0.7964122441470073
2018-01-29,0.6731472338626985
2018-01-30,
2018-01-31,
2018-02-01,
2018-02-02,
2018-02-03,
2018-02-04,
2018-02-05,
2018-02-06,
2018-02-07,
2018-02-08,
2018-02-09,
2018-02-10,
2018-02-11,
2018-02-12,0.5214559087916824
2018-02-13,
2018-02-14,
2018-02-15,
2018-02-16,0.7656412274732064
2018-02-17,
2018-02-18,
2018-02-19,
2018-02-20,0.6179579455209031
2018-02-21,0.7803537678623025
2018-02-22,0.7411956826216192
2018-02-23,0.5901433040043941
2018-02-24,
2018-02-25,0.7155292195293045
2018-02-26,0.6468339781852723
2018-02-27,0.690016057712396
2018-02-28,0.7586931640655181
2018-03-01,0.8234779341115325
2018-03-02,0.7368451659851137
2018-03-03,0.6368844633279649
2018-03-04,0.7389647720840175
2018-03-05,0.6703266073111207
2018-03-06,0.6560603646566022
2018-03-07,
2018-03-08,
2018-03-09,
2018-03-10,
2018-03-11,0.6405515361295916
2018-03-12,
2018-03-13,0.6018074130211356
2018-03-14,
2018-03-15,
2018-03-16,0.6785961296737095
2018-03-17,
2018-03-18,
2018-03-19,
2018-03-20,
2018-03-21,0.6562016087513446
2018-03-22,
2018-03-23,0.6885526751943042
2018-03-24,0.6269570726782442
2018-03-25,0.7405867172703445
2018-03-26,0.6921460573889359
2018-03-27,0.7200070477622729
2018-03-28,0.7466367162927433
2018-03-29,0.7095183895546112
2018-03-30,0.8172672656107396
2018-03-31,0.7252584324771647
2018-04-01,0.7297708723783995
2018-04-02,0.7630665368081316
2018-04-03,0.7160166030047072
2018-04-04,0.6801063312649757
2018-04-05,0.7144892410604476
2018-04-06,0.5897833304684056
2018-04-07,0.6260529371989454
2018-04-08,
2018-04-09,0.6177880084054803
2018-04-10,0.716464575108658
2018-04-11,0.6750229416331416
2018-04-12,0.7393247162847996
2018-04-13,0.7993821614045656
2018-04-14,0.7387586316391482
2018-04-15,
2018-04-16,
2018-04-17,0.8141753050577103
2018-04-18,0.7475350925012852
2018-04-19,0.7523052577150612
2018-04-20,0.7331246405269783
2018-04-21,0.7777601558264879
2018-04-22,
2018-04-23,0.7846899465240288
2018-04-24,
2018-04-25,0.7976006739504841
2018-04-26,0.7773724201649392
2018-04-27,0.8884253833903526
2018-04-28,0.7697296839002924
2018-04-29,0.8177432618760201
2018-04-30,0.7402065516748537
2018-05-01,0.7537281352022276
2018-05-02,0.8106471563215659
2018-05-03,0.7891430505471707
2018-05-04,0.7979354990530108
2018-05-05,0.7987955291055017
2018-05-06,0.8015935171690433
2018-05-07,0.8113384618203381
2018-05-08,0.7774381659387273
2018-05-09,0.7915090495551956
2018-05-10,
2018-05-11,0.79388640396837
2018-05-12,0.8146499199685049
2018-05-13,0.8760435724432271
2018-05-14,0.8014056350527644
2018-05-15,0.879757646875858
2018-05-16,0.8007873081916219
2018-05-17,0.7942734185933985
2018-05-18,0.856558202687338
2018-05-19,0.7864477980505061
2018-05-20,0.8141372244733162
2018-05-21,0.8378701257181108
2018-05-22,0.7839166400934752
2018-05-23,0.8194118203221525
2018-05-24,0.7269676753589696
2018-05-25,0.7802611778063583
2018-05-26,
2018-05-27,0.7899005438392016
2018-05-28,0.8119011977401852
2018-05-29,0.8170406343445022
2018-05-30,0.7858838859295162
2018-05-31,0.776484444765236
2018-06-01,0.8150859138816747
2018-06-02,0.7924102577606787
2018-06-03,0.847084198595346
2018-06-04,0.8154915881853285
2018-06-05,0.8381069768267588
2018-06-06,0.7711458901664948
2018-06-07,0.7656242120329741
2018-06-08,0.8253795936710302
2018-06-09,0.759631254462698
2018-06-10,0.7680364954418534
2018-06-11,
2018-06-12,0.7679543976917197
2018-06-13,0.8256137611806141
2018-06-14,0.8559402150875073
2018-06-15,0.8063893073902749
2018-06-16,0.8317716093492397
2018-06-17,0.7960210906572125
2018-06-18,0.7829962006358326
2018-06-19,0.8638939178332463
2018-06-20,0.7674770719429975
2018-06-21,0.8154172682716118
2018-06-22,0.8293537373633436
2018-06-23,0.7760164537769936
2018-06-24,0.871501101740728
2018-06-25,0.743888226474032
2018-06-26,0.7815705784799719
2018-06-27,
2018-06-28,0.8198840145536308
2018-06-29,0.7883120772013888
2018-06-30,0.8593268818648967
2018-07-01,0.7924273179192429
2018-07-02,0.8602668169260511
2018-07-03,0.8458310695409513
2018-07-04,0.8090427025956468
2018-07-05,0.8533022268196152
2018-07-06,0.7856570063772167
2018-07-07,0.8414909070375155
2018-07-08,0.8219962985433784
2018-07-09,0.8493840113551829
2018-07-10,0.8390137488399266
2018-07-11,0.7678623572039198
2018-07-12,0.8372612341441331
2018-07-13,
2018-07-14,0.8525024124095757
2018-07-15,0.8778088960478679
2018-07-16,0.8839192678977563
2018-07-17,0.8651714157098845
2018-07-18,0.7917996625570918
2018-07-19,0.8241959816125897
2018-07-20,0.7863935876895669
2018-07-21,0.813873388530183
2018-07-22,0.9288109225833865
2018-07-23,0.8346944621490923
2018-07-24,0.8503968642515046
2018-07-25,0.8116701472395558
2018-07-26,0.8289406406984979
2018-07-27,0.773656740564506
2018-07-28,0.8122117621961041
2018-07-29,0.7808844982240777
2018-07-30,0.8171373550560426
2018-07-31,0.8113671972678569
2018-08-01,0.881192097669664
2018-08-02,0.8178355728739752
2018-08-03,0.8110342971842155
2018-08-04,0.8671130448611662
2018-08-05,0.7792931434257644
2018-08-06,0.793367867084006
2018-08-07,
2018-08-08,0.8261289077092228
2018-08-09,0.8594328458139238
2018-08-10,0.8540175869744229
2018-08-11,0.829999780990385
2018-08-12,0.7770092012118481
2018-08-13,0.8336674026376696
2018-08-14,0.8207581751852219
2018-08-15,0.8601796642016875
2018-08-16,0.8015405757271856
2018-08-17,0.8143609228855329
2018-08-18,0.8327598866926343
2018-08-19,0.8296544885393395
2018-08-20,0.8322027554254001
2018-08-21,0.7827481628562489
2018-08-22,0.8163946712125357
2018-08-23,0.7983508076242951
2018-08-24,0.7830653258900151
2018-08-25,0.8271048686439598
2018-08-26,0.7843856419316406
2018-08-27,0.8232842731666852
2018-08-28,0.7825870777716106
2018-08-29,0.8078181232675122
2018-08-30,
2018-08-31,0.8112019166304825
2018-09-01,0.8075316872628563
2018-09-02,0.8705515687128768
2018-09-03,0.830579573097454
2018-09-04,0.81330312286043
2018-09-05,0.8578037151676644
2018-09-06,0.8145158207926049
2018-09-07,0.871086337804096
2018-09-08,0.6215182191137958
2018-09-09,0.7830124497743307
2018-09-10,0.8282142307883562
2018-09-11,0.8382979705415284
2018-09-12,0.8244914764288874
2018-09-13,0.7340242370225681
2018-09-14,0.8178476123498007
2018-09-15,0.8002872182841717
2018-09-16,0.8520073267097074
2018-09-17,0.8097055776726797
2018-09-18,0.8607775452074684
2018-09-19,0.7824763744028378
2018-09-20,0.8099581809525105
2018-09-21,0.8697874149573143
2018-09-22,0.8314153864263059
2018-09-23,0.8130720156787509
2018-09-24,
2018-09-25,0.8079046616002327
2018-09-26,0.8593705786273362
2018-09-27,0.8374057667747885
2018-09-28,0.8702319434360521
2018-09-29,0.743629975454201
2018-09-30,0.8253688499762213
2018-10-01,
2018-10-02,0.8675975024070531
2018-10-03,0.8557858369561523
2018-10-04,0.8687180701002306
2018-10-05,0.8280972248051379
2018-10-06,0.8648197840468197
2018-10-07,0.8713000731540375
2018-10-08,
2018-10-09,0.8227883044173362
2018-10-10,
2018-10-11,0.8199378388231902
2018-10-12,0.7955002560393356
2018-10-13,0.8552697250468989
2018-10-14,0.7795255479911996
2018-10-15,0.7434088339434058
2018-10-16,0.8432043969051239
2018-10-17,0.8473827821332589
2018-10-18,0.8198021516970945
2018-10-19,0.668493584524136
2018-10-20,0.7943727571572198
2018-10-21,0.8293947958519603
2018-10-22,0.5538218403032212
2018-10-23,0.758944052594746
2018-10-24,
2018-10-25,0.8025041219641097
2018-10-26,
2018-10-27,0.745702105941797
2018-10-28,0.7593611921323586
2018-10-29,0.8620874558191738
2018-10-30,0.7777994683412306
2018-10-31,0.7383376412900909
2018-11-01,0.850422891453545
2018-11-02,0.8001247175680656
2018-11-03,0.8307771829934637
2018-11-04,0.8060928052051071
2018-11-05,0.7526537892525034
2018-11-06,0.7912608843172123
2018-11-07,0.755426281794592
2018-11-08,0.7452589759739168
2018-11-09,0.6379905538977928
2018-11-10,0.792437230114347
2018-11-11,0.6021911098504699
2018-11-12,
2018-11-13,0.6873102228094109
2018-11-14,0.6647946891598171
2018-11-15,
2018-11-16,
2018-11-17,
2018-11-18,0.6509825229822409
2018-11-19,
2018-11-20,0.5612141077825732
2018-11-21,
2018-11-22,
2018-11-23,
2018-11-24,
2018-11-25,
2018-11-26,0.6752205239085575
2018-11-27,
2018-11-28,0.6339029591127069
2018-11-29,0.6599595627400943
2018-11-30,
2018-12-01,0.4304587869951534
2018-12-02,
2018-12-03,0.6985300669669633
2018-12-04,0.7090284528606983
2018-12-05,
2018-12-06,
2018-12-07,
2018-12-08,
2018-12-09,
2018-12-10,
2018-12-11,
2018-12-12,
2018-12-13,
2018-12-14,
2018-12-15,0.654887865228617
2018-12-16,
2018-12-17,0.6681859604701136
2018-12-18,0.7426288746877006
2018-12-19,
2018-12-20,
2018-12-21,
2018-12-22,0.7894839904027803
2018-12-23,0.8252369565976931
2018-12-24,
2018-12-25,
2018-12-26,
2018-12-27,
2018-12-28,
2018-12-29,0.5951332653429431
2018-12-30,
2018-12-31,
2019-01-01,
2019-01-02,0.45303785783654593
2019-01-03,
2019-01-04,
2019-01-05,0.6252025442183948
2019-01-06,0.6145240008613116
2019-01-07,
2019-01-08,
2019-01-09,
2019-01-10,
2019-01-11,
2019-01-12,
2019-01-13,
2019-01-14,
2019-01-15,
2019-01-16,
2019-01-17,
2019-01-18,
2019-01-19,
2019-01-20,
2019-01-21,
2019-01-22,
2019-01-23,
2019-01-24,
2019-01-25,0.5837314333943837
2019-01-26,
2019-01-27,
2019-01-28,
2019-01-29,
2019-01-30,
2019-01-31,
2019-02-01,
2019-02-02,
2019-02-03,
2019-02-04,
2019-02-05,0.8017801112715481
2019-02-06,0.7138785431300595
2019-02-07,
2019-02-08,0.6298313475757464
2019-02-09,
2019-02-10,
2019-02-11,
2019-02-12,
2019-02-13,
2019-02-14,
2019-02-15,
2019-02-16,0.7004699078680937
2019-02-17,0.6234238990747004
2019-02-18,
2019-02-19,
2019-02-20,
2019-02-21,
2019-02-22,0.4855914943984708
2019-02-23,0.5026001517723487
2019-02-24,
2019-02-25,0.5378791146312905
2019-02-26,
2019-02-27,
2019-02-28,
2019-03-01,
2019-03-02,
2019-03-03,
2019-03-04,
2019-03-05,
2019-03-06,
2019-03-07,
2019-03-08,
2019-03-09,
2019-03-10,0.607069139857324
2019-03-11,
2019-03-12,
2019-03-13,
2019-03-14,0.6871456815769954
2019-03-15,0.7253094070328705
2019-03-16,0.7894623782841842
2019-03-17,
2019-03-18,
2019-03-19,
2019-03-20,
2019-03-21,0.7412792322011797
2019-03-22,0.6666418743086826
2019-03-23,
2019-03-24,0.48330493014350157
2019-03-25,0.7672526567728176
2019-03-26,
2019-03-27,
2019-03-28,0.8528428583713609
2019-03-29,0.7421577736676152
2019-03-30,0.7427972056320329
2019-03-31,0.7885550151583697
2019-04-01,0.6506501417404825
2019-04-02,
2019-04-03,0.8013849064827053
2019-04-04,0.7912923863808402
2019-04-05,0.7447468620552098
2019-04-06,0.5548823529411765
2019-04-07,0.7549309306698605
2019-04-08,0.8010769696379456
2019-04-09,0.7320627733286698
2019-04-10,0.7268525412429543
2019-04-11,
2019-04-12,0.7450489208012354
2019-04-13,0.7881913284705432
2019-04-14,0.824359147628325
2019-04-15,0.745139889696351
2019-04-16,0.7927587657905023
2019-04-17,0.7380677149470342
2019-04-18,0.7324095319959398
2019-04-19,0.799827460708034
2019-04-20,0.7923595847028851
2019-04-21,0.7426020755150687
2019-04-22,0.7376428123245629
2019-04-23,0.7542551597933602
2019-04-24,0.7369587196930701
2019-04-25,0.74509616309512
2019-04-26,0.7581128987217323
2019-04-27,0.7252700855832676
2019-04-28,0.7370157843969323
2019-04-29,0.7824592490884273
2019-04-30,0.7539624533807453
2019-05-01,0.8023000028669101
2019-05-02,0.8110313007053505
2019-05-03,0.7474227120951392
2019-05-04,
2019-05-05,0.7777135555762229
2019-05-06,0.7454655904715735
2019-05-07,0.8491964620566308
2019-05-08,0.7582946148070359
2019-05-09,0.7972762908823657
2019-05-10,0.8244484191780582
2019-05-11,0.7791558018777305
2019-05-12,0.8426574399407559
2019-05-13,0.7157472254374377
2019-05-14,0.7609893543075574
2019-05-15,0.8184041155960834
2019-05-16,0.7947807569553109
2019-05-17,0.7718289844421757
2019-05-18,0.8447839754993461
2019-05-19,0.7887011054425553
2019-05-20,0.8145024411198494
2019-05-21,0.8568368856296661
2019-05-22,0.7850748482628395
2019-05-23,0.8874560749206144
2019-05-24,0.8016613136750677
2019-05-25,0.7931902034504492
2019-05-26,0.8549305779132285
2019-05-27,0.7495828981152766
2019-05-28,0.8545996522782934
2019-05-29,
2019-05-30,0.8179318337971495
2019-05-31,0.8599810940784742
2019-06-01,0.8593450600380611
2019-06-02,0.8374733437519295
2019-06-03,0.8252029000144143
2019-06-04,0.8195969816439717
2019-06-05,
2019-06-06,0.8377821713493252
2019-06-07,
2019-06-08,0.8547587893048831
2019-06-09,0.8260843672621391
2019-06-10,0.8323275840151803
2019-06-11,0.8699756840002164
2019-06-12,0.7679322622997152
2019-06-13,0.7897390532785001
2019-06-14,
2019-06-15,0.7730725557817621
2019-06-16,0.8108656662387177
2019-06-17,0.8811781868739389
2019-06-18,0.8381219075388289
2019-06-19,0.8579952697958475
2019-06-20,0.8176510364983703
2019-06-21,0.8175601959667834
2019-06-22,0.8339230774791376
2019-06-23,0.7704634424165046
2019-06-24,0.7834824586461435
2019-06-25,0.8577390988357021
2019-06-26,0.8032844052973427
2019-06-27,0.8516886084179889
2019-06-28,0.8024547405740055
2019-06-29,0.7762626570745286
2019-06-30,
2019-07-01,0.7881980759797944
2019-07-02,0.7827821541583446
2019-07-03,0.870371421389579
2019-07-04,0.7871723733928488
2019-07-05,0.7960482250597468
2019-07-06,0.8717215626574636
2019-07-07,0.8210456593008696
2019-07-08,0.8380284450072372
2019-07-09,0.7691926093756757
2019-07-10,0.7872458494105391
2019-07-11,0.8237367373880977
2019-07-12,0.835229968565503
2019-07-13,0.7975057907447802
2019-07-14,0.7981960370837385
2019-07-15,0.7849256552525018
2019-07-16,0.5849855516640812
2019-07-17,0.8238204880332511
2019-07-18,0.8213130270223462
2019-07-19,0.8309119150594544
2019-07-20,0.8252100319479662
2019-07-21,0.8671886718364894
2019-07-22,0.8024223126774752
2019-07-23,0.8249649591910888
2019-07-24,0.8215487617350453
2019-07-25,0.7732977650340754
2019-07-26,0.862666791814352
2019-07-27,0.8300506393750338
2019-07-28,0.8035558945542929
2019-07-29,0.8617338945779227
2019-07-30,0.8155126536009193
2019-07-31,0.8032962508551663
2019-08-01,
2019-08-02,0.7865854203029866
2019-08-03,0.8295188344340009
2019-08-04,0.8633428265637505
2019-08-05,0.77629202516234
2019-08-06,0.8478035583484097
2019-08-07,0.8136851758124225
2019-08-08,0.8215184919070909
2019-08-09,0.8475815014237283
2019-08-10,0.7648222180989511
2019-08-11,0.7773438155969651
2019-08-12,0.8408206623534749
2019-08-13,0.8129048419568788
2019-08-14,0.8697756531048766
2019-08-15,0.7649964991210682
2019-08-16,0.7973711617040761
2019-08-17,
2019-08-18,0.8214268274874722
2019-08-19,0.8158628126090071
2019-08-20,0.8451455727570255
2019-08-21,0.8629783025976266
2019-08-22,0.8809247397322723
2019-08-23,0.8654316815300709
2019-08-24,
2019-08-25,0.8497093955295403
2019-08-26,
2019-08-27,0.8452492106776279
2019-08-28,0.8622933139271343
2019-08-29,0.8769685634442664
2019-08-30,0.7858882508264265
2019-08-31,0.7422335854011003
2019-09-01,0.806457663025904
2019-09-02,
2019-09-03,0.8022519529911194
2019-09-04,0.8191383896694691
2019-09-05,0.8647429693242241
2019-09-06,0.7675654300987798
2019-09-07,0.8145392087527636
2019-09-08,0.8475582223302567
2019-09-09,0.8046408356247168
2019-09-10,0.8314813409288753
2019-09-11,0.9617538560117058
2019-09-12,0.8208703493690374
2019-09-13,0.8222369289361343
2019-09-14,0.8092027634314031
2019-09-15,0.7944033891541454
2019-09-16,0.7500728453187835
2019-09-17,0.7756960489490601
2019-09-18,0.7946842259030735
2019-09-19,0.8134306160238249
2019-09-20,0.7796321237949714
2019-09-21,0.8894633801253833
2019-09-22,0.7901375174219604
2019-09-23,0.8245683662966842
2019-09-24,0.842083366663098
2019-09-25,0.7948420643227438
2019-09-26,0.792984608087978
2019-09-27,
2019-09-28,0.8205932102831235
2019-09-29,0.8702655491560223
2019-09-30,0.7923445712550221
2019-10-01,0.8355219744936471
2019-10-02,0.8257288576859557
2019-10-03,0.8243832621754268
2019-10-04,0.8178831224043438
2019-10-05,0.7810567019041985
2019-10-06,0.7933717212002055
2019-10-07,0.8782941265103367
2019-10-08,0.806896045271152
2019-10-09,0.7886314453648148
2019-10-10,0.8239615098618845
2019-10-11,0.8157843313554277
2019-10-12,0.8772752623607379
2019-10-13,0.7899709053747176
2019-10-14,0.8159190453402524
2019-10-15,0.8442861479546965
2019-10-16,0.782958885745299
2019-10-17,0.809774211976853
2019-10-18,0.6666653936846517
2019-10-19,0.7798692479364902
2019-10-20,
2019-10-21,0.7903914108627271
2019-10-22,0.7852799131152286
2019-10-23,0.8706138191370236
2019-10-24,0.772721130465941
2019-10-25,0.8004733178757732
2019-10-26,0.8382454570260371
2019-10-27,0.8046740168202263
2019-10-28,0.8279356131162606
2019-10-29,0.7472130484564296
2019-10-30,0.7851068703769999
2019-10-31,0.8385768725688182
2019-11-01,0.7813432022440221
2019-11-02,0.7573796367214936
2019-11-03,0.7093012794611714
2019-11-04,0.7543560832096338
2019-11-05,0.779759813642232
2019-11-06,0.8149307744727501
2019-11-07,0.7370125020334357
2019-11-08,0.882544978718749
2019-11-09,
2019-11-10,
2019-11-11,0.7833926008931831
2019-11-12,
2019-11-13,
2019-11-14,
2019-11-15,
2019-11-16,0.7710829995334109
2019-11-17,
2019-11-18,
2019-11-19,0.7438681503426098
2019-11-20,0.7868276819798934
2019-11-21,0.7051217203310163
2019-11-22,0.7806306230330504
2019-11-23,0.6541224505009152
2019-11-24,
2019-11-25,0.7375613295894721
2019-11-26,0.7287284379099928
2019-11-27,0.7602267367789722
2019-11-28,0.7428370553709134
2019-11-29,
2019-11-30,
2019-12-01,
2019-12-02,
2019-12-03,
2019-12-04,
2019-12-05,
2019-12-06,
2019-12-07,
2019-12-08,
2019-12-09,
2019-12-10,0.5645786479498698
2019-12-11,0.7258443401587672
2019-12-12,
2019-12-13,
2019-12-14,
2019-12-15,0.7124496341066431
2019-12-16,
2019-12-17,
2019-12-18,
2019-12-19,
2019-12-20,
2019-12-21,
2019-12-22,
2019-12-23,
2019-12-24,0.7117189165690698
2019-12-25,
2019-12-26,
2019-12-27,0.4446957563639311
2019-12-28,0.731752647968991
2019-12-29,0.4859011858962904
2019-12-30,
2019-12-31,
2020-01-01,
2020-01-02,
2020-01-03,0.7604473197909544
2020-01-04,0.7233691613288591
2020-01-05,0.6779133487355661
2020-01-06,
2020-01-07,
2020-01-08,
2020-01-09,
2020-01-10,
2020-01-11,0.719563539445311
2020-01-12,0.7493832258683515
2020-01-13,0.7429268714942057
2020-01-14,0.7205772766429565
2020-01-15,0.6716287339265087
2020-01-16,0.672781009174438
2020-01-17,
2020-01-18,
2020-01-19,
2020-01-20,
2020-01-21,
2020-01-22,
2020-01-23,
2020-01-24,
2020-01-25,
2020-01-26,0.6155597478815712
2020-01-27,0.8992487051987754
2020-01-28,0.7895389251530701
2020-01-29,0.7379269646851293
2020-01-30,
2020-01-31,
2020-02-01,
2020-02-02,
2020-02-03,
2020-02-04,
2020-02-05,0.8169266680206496
2020-02-06,
2020-02-07,
2020-02-08,
2020-02-09,
2020-02-10,
2020-02-11,0.6992088832451885
2020-02-12,0.7076909512073551
2020-02-13,
2020-02-14,0.6582839437413406
2020-02-15,
2020-02-16,
2020-02-17,
2020-02-18,
2020-02-19,
2020-02-20,
2020-02-21,
2020-02-22,
2020-02-23,
2020-02-24,
2020-02-25,0.7686358858180858
2020-02-26,0.7842399542881543
2020-02-27,0.7547272820342363
2020-02-28,
2020-02-29,
2020-03-01,
2020-03-02,
2020-03-03,
2020-03-04,0.723260352568361
2020-03-05,0.7057214163366107
2020-03-06,
2020-03-07,0.7512846963901019
2020-03-08,
2020-03-09,0.7549640065406081
2020-03-10,0.741428496596628
2020-03-11,0.7969487363972084
2020-03-12,0.7494185508516783
2020-03-13,0.7479733424603053
2020-03-14,0.7358431001139656
2020-03-15,0.7423614703793898
2020-03-16,
2020-03-17,0.752506954864551
2020-03-18,0.7415096990428995
2020-03-19,0.7292566493998459
2020-03-20,0.7461256110052764
2020-03-21,
2020-03-22,
2020-03-23,
2020-03-24,
2020-03-25,0.5651959969873243
2020-03-26,
2020-03-27,0.7446270301264439
2020-03-28,0.7202935644430865
2020-03-29,0.7789680839023186
2020-03-30,0.7257917505612587
2020-03-31,0.7116325058433102
2020-04-01,0.7933490750774225
2020-04-02,0.7462952259506215
2020-04-03,0.8042853510559655
2020-04-04,
2020-04-05,0.7477852235627156
2020-04-06,
2020-04-07,0.7505125628090609
2020-04-08,0.7476876813228661
2020-04-09,0.8303167134422818
2020-04-10,0.7319806315790168
2020-04-11,0.7607622087936731
2020-04-12,
2020-04-13,0.7542593301332428
2020-04-14,0.783331532177634
2020-04-15,0.7720140081396731
2020-04-16,0.73703358163663
2020-04-17,
2020-04-18,0.7418276762145555
2020-04-19,
2020-04-20,
2020-04-21,0.7366988472103505
2020-04-22,
2020-04-23,0.7241331448061629
2020-04-24,0.7933288164533066
2020-04-25,0.8177213629449077
2020-04-26,0.8035438587946844
2020-04-27,0.6631472509197205
2020-04-28,0.8049964425623305
2020-04-29,
2020-04-30,0.8069295313056609
2020-05-01,0.7918426876665927
2020-05-02,0.8590439634277317
2020-05-03,0.789470630974843
2020-05-04,0.8191913431599583
2020-05-05,0.7763457267725584
2020-05-06,
2020-05-07,0.7541938693263105
2020-05-08,0.7715769981560959
2020-05-09,0.8108181804760759
2020-05-10,0.6830897866366613
2020-05-11,0.8419852515236799
2020-05-12,0.8192488003373928
2020-05-13,0.8017020831678725
2020-05-14,0.8292411826436159
2020-05-15,0.7870603217638145
2020-05-16,0.7675493745924568
2020-05-17,0.8236121585896214
2020-05-18,0.8310620480504379
2020-05-19,0.7997422055743602
2020-05-20,0.8535574022805805
2020-05-21,0.7846370602262739
2020-05-22,
2020-05-23,0.8050299953369485
2020-05-24,0.778239644312459
2020-05-25,0.8886405097702428
2020-05-26,0.8084960507500337
2020-05-27,0.8153634178184054
2020-05-28,0.854206209403359
2020-05-29,0.8304153100560733
2020-05-30,0.8639809495877492
2020-05-31,0.8838101146793407
2020-06-01,0.7796830830138367
2020-06-02,0.8501288038692957
2020-06-03,0.8197759614227054
2020-06-04,0.7809144736800212
2020-06-05,0.7954012321639549
2020-06-06,0.8096199474236411
2020-06-07,0.7471997381156079
2020-06-08,0.7958290018015683
2020-06-09,0.7668359896307716
2020-06-10,0.8453256908628254
2020-06-11,0.7992871699384364
2020-06-12,0.8557016759837399
2020-06-13,0.7705484405745143
2020-06-14,0.7815004544529205
2020-06-15,0.8285996228010041
2020-06-16,0.7679451810282969
2020-06-17,0.8044853288900039
2020-06-18,0.8348356722580726
2020-06-19,0.811146006862935
2020-06-20,0.8451072137364779
2020-06-21,0.8034414753038904
2020-06-22,0.7936954309777744
2020-06-23,
2020-06-24,0.8067275045408321
2020-06-25,0.7921606846484899
2020-06-26,0.83849675759396
2020-06-27,0.781333108910431
2020-06-28,0.8671509768178541
2020-06-29,0.8172318011529094
2020-06-30,0.8108979306625601
2020-07-01,0.8611319392900904
2020-07-02,0.7997093860589228
2020-07-03,0.80031998257197
2020-07-04,0.8576964649809853
2020-07-05,0.8003899194175679
2020-07-06,0.7840630440628816
2020-07-07,0.8707891348500345
2020-07-08,0.832539264810981
2020-07-09,
2020-07-10,0.7926798748579111
2020-07-11,
2020-07-12,0.8731834903506858
2020-07-13,0.7992010799729632
2020-07-14,0.854948125798374
2020-07-15,0.8332593731266186
2020-07-16,0.7641090756244351
2020-07-17,0.8092418486322722
2020-07-18,
2020-07-19,0.8497472129156539
2020-07-20,0.8736127614399476
2020-07-21,0.8635815856377921
2020-07-22,0.8638325629385747
2020-07-23,0.8746030540878575
2020-07-24,0.8609569963193886
2020-07-25,0.6948429741373238
2020-07-26,0.8548934917845672
2020-07-27,0.8078194000605825
2020-07-28,0.8783230960873295
2020-07-29,0.7736027664788705
2020-07-30,0.8016161640640667
2020-07-31,0.8425898448266139
2020-08-01,0.7817739828698345
2020-08-02,0.8117436606689747
2020-08-03,
2020-08-04,0.812775255377931
2020-08-05,0.8512600460562891
2020-08-06,0.8488467863403555
2020-08-07,0.8131515490781749
2020-08-08,0.8676408265603517
2020-08-09,0.7810216483400972
2020-08-10,0.7951683149390683
2020-08-11,0.8661997635979166
2020-08-12,0.8184857982047268
2020-08-13,0.8200732954226898
2020-08-14,0.8396100299947286
2020-08-15,0.8015333976242857
2020-08-16,0.8407684380457074
2020-08-17,0.7791121908894001
2020-08-18,0.7916232577063819
2020-08-19,
2020-08-20,0.813241087008177
2020-08-21,0.835944410255915
2020-08-22,0.871170847625839
2020-08-23,0.8332914156810943
2020-08-24,0.8707277679175502
2020-08-25,0.8587642417184991
2020-08-26,
2020-08-27,0.8304290186394198
2020-08-28,0.8131090937347156
2020-08-29,0.80521482318922
2020-08-30,0.7827242847919612
2020-08-31,0.7845489028593171
2020-09-01,0.8452457624176031
2020-09-02,0.8336265954026479
2020-09-03,0.8716695708234211
2020-09-04,0.7925598407962008
2020-09-05,0.7817073857941054
2020-09-06,0.8469041828747739
2020-09-07,0.8065802865144686
2020-09-08,0.7838035788710832
2020-09-09,0.8393936802293133
2020-09-10,0.8245813552089889
2020-09-11,0.8660995560067877
2020-09-12,0.8188348807940845
2020-09-13,0.7783636054673057
2020-09-14,0.8737805826620361
2020-09-15,0.7719525749543039
2020-09-16,0.7801559928101417
2020-09-17,0.8313035330732808
2020-09-18,0.7942303998357915
2020-09-19,0.7883972685084983
2020-09-20,
2020-09-21,0.7732147955162469
2020-09-22,0.8059179745532792
2020-09-23,0.8321096891671311
2020-09-24,0.7840628918882541
2020-09-25,0.838007449634201
2020-09-26,0.7879908336289188
2020-09-27,0.8031813129749298
2020-09-28,0.8649830402575446
2020-09-29,0.8279422308497129
2020-09-30,0.8419209513300594
2020-10-01,0.8108738753476059
2020-10-02,0.7884511726503665
2020-10-03,0.8002958734035842
2020-10-04,0.7678577374887116
2020-10-05,0.8291512696305207
2020-10-06,
2020-10-07,0.8302265875523733
2020-10-08,0.8369398077561178
2020-10-09,0.9502364386110229
2020-10-10,0.8358516778994161
2020-10-11,0.8477351522397693
2020-10-12,0.8376654750082732
2020-10-13,
2020-10-14,0.8345583069806671
2020-10-15,
2020-10-16,0.8165042996472526
2020-10-17,0.794105793894402
2020-10-18,
2020-10-19,0.8290413483304147
2020-10-20,0.8694221494716211
2020-10-21,0.8239072067321115
2020-10-22,
2020-10-23,0.7932017090346192
2020-10-24,0.7989194649699595
2020-10-25,0.9196613283352228
2020-10-26,0.8077147826348904
2020-10-27,0.8378265181942011
2020-10-28,0.8423574533813974
2020-10-29,0.8683594138914535
2020-10-30,0.8180047200124485
2020-10-31,
2020-11-01,0.5564148957311599
2020-11-02,0.7968885135246124
2020-11-03,0.6050453380211944
2020-11-04,0.6674488058772378
2020-11-05,0.6851483695247769
2020-11-06,0.7681190191873203
2020-11-07,
2020-11-08,0.7849859578671776
2020-11-09,0.7591331307381569
2020-11-10,0.8393379027138602
2020-11-11,0.7689379766431219
2020-11-12,0.7634204217949572
2020-11-13,0.803730135283769
2020-11-14,0.7469974275663697
2020-11-15,0.6046285976416762
2020-11-16,0.7311501249688606
2020-11-17,0.7538204911055841
2020-11-18,
2020-11-19,
2020-11-20,0.7441361381644811
2020-11-21,0.7650648462872734
2020-11-22,0.7526456392463984
2020-11-23,
2020-11-24,0.6281973361528532
2020-11-25,
2020-11-26,0.7718519552521476
2020-11-27,0.7258034722244882
2020-11-28,0.8010396297139513
2020-11-29,0.6093428572266855
2020-11-30,0.6632647430145125
2020-12-01,0.7904610658043769
2020-12-02,0.7301241008455791
2020-12-03,0.7359153735068231
2020-12-04,0.7823279613007058
2020-12-05,0.7392636423129327
2020-12-06,0.7084562405819292
2020-12-07,
2020-12-08,
2020-12-09,
2020-12-10,
2020-12-11,
2020-12-12,0.8435475125473912
2020-12-13,0.7046826534234757
2020-12-14,0.7614792958795574
2020-12-15,0.7072780275079271
2020-12-16,
2020-12-17,
2020-12-18,
2020-12-19,
2020-12-20,
2020-12-21,
2020-12-22,
2020-12-23,
2020-12-24,
2020-12-25,0.7056877094742035
2020-12-26,0.7375470840177201
2020-12-27,
2020-12-28,
2020-12-29,0.7590679948863353
2020-12-30,
2020-12-31,
2021-01-01,
2021-01-02,
2021-01-03,
2021-01-04,
2021-01-05,
2021-01-06,
2021-01-07,
2021-01-08,
2021-01-09,
2021-01-10,
2021-01-11,
2021-01-12,
2021-01-13,
2021-01-14,
2021-01-15,
2021-01-16,
2021-01-17,
2021-01-18,0.6919393843945838
2021-01-19,
2021-01-20,
2021-01-21,
2021-01-22,
2021-01-23,
2021-01-24,
2021-01-25,
2021-01-26,
2021-01-27,
2021-01-28,
2021-01-29,
2021-01-30,
2021-01-31,
2021-02-01,
2021-02-02,
2021-02-03,
2021-02-04,
2021-02-05,
2021-02-06,
2021-02-07,
2021-02-08,
2021-02-09,
2021-02-10,
2021-02-11,
2021-02-12,
2021-02-13,
2021-02-14,
2021-02-15,
2021-02-16,
2021-02-17,
2021-02-18,
2021-02-19,
2021-02-20,
2021-02-21,
2021-02-22,
2021-02-23,
2021-02-24,
2021-02-25,0.6134848892516414
2021-02-26,
2021-02-27,
2021-02-28,0.5073252649113827
2021-03-01,0.5871237676085812
2021-03-02,
2021-03-03,
2021-03-04,0.619715767671164
2021-03-05,
2021-03-06,
2021-03-07,
2021-03-08,
2021-03-09,
2021-03-10,0.6554450652657685
2021-03-11,0.7322488192705646
2021-03-12,0.7217420559378217
2021-03-13,0.697099538753113
2021-03-14,0.6883608664468496
2021-03-15,
2021-03-16,
2021-03-17,
2021-03-18,0.8519662711378184
2021-03-19,0.7489801024076798
2021-03-20,
2021-03-21,
2021-03-22,
2021-03-23,0.7993180924513215
2021-03-24,
2021-03-25,0.8138927453289794
2021-03-26,0.8042344948067098
2021-03-27,0.8119520700278675
2021-03-28,0.7650834544921962
2021-03-29,0.6943731399800072
2021-03-30,0.5868451188461054
2021-03-31,0.7547832390561344
2021-04-01,0.7910998958668372
2021-04-02,0.5245486752853648
2021-04-03,
2021-04-04,
2021-04-05,0.8037366735882359
2021-04-06,0.7969067431502513
2021-04-07,0.7655646655411814
2021-04-08,0.7656365738205654
2021-04-09,
2021-04-10,0.7775042707948203
2021-04-11,0.7682460351885477
2021-04-12,0.8217679729549467
2021-04-13,0.7756912440275706
2021-04-14,0.7278505977310537
2021-04-15,0.7813989776783953
2021-04-16,0.7595396115613445
2021-04-17,0.7843091664467142
2021-04-18,0.7427091172788848
2021-04-19,0.7499524320113319
2021-04-20,0.7913790356241726
2021-04-21,0.7657072624282841
2021-04-22,0.6681799939442755
2021-04-23,0.9051223076444151
2021-04-24,0.7545498100544148
2021-04-25,
2021-04-26,0.7590727826869573
2021-04-27,0.7463059809391599
2021-04-28,0.7695932959751266
2021-04-29,0.761136317591918
2021-04-30,0.7360183851818994
2021-05-01,0.7527247605929066
2021-05-02,0.7676137645110613
2021-05-03,0.7553609522520294
2021-05-04,0.787322867653129
2021-05-05,0.7731072582690643
2021-05-06,0.7411090909672271
2021-05-07,0.770289742352071
2021-05-08,0.8103144546628127
2021-05-09,0.7734767034495543
2021-05-10,0.8282179568863987
2021-05-11,0.6928104062228515
2021-05-12,0.7728266988274849
2021-05-13,0.8033881014581511
2021-05-14,0.7870630196811792
2021-05-15,0.769832378642612
2021-05-16,0.7371542407955073
2021-05-17,0.7799432512499859
2021-05-18,0.8590844439938703
2021-05-19,0.846382182495751
2021-05-20,0.776357168917553
2021-05-21,0.8779897372261575
2021-05-22,0.7950049652906204
2021-05-23,0.7981982285273088
2021-05-24,0.8376894179803603
2021-05-25,0.7731513504898733
2021-05-26,0.8238527229566897
2021-05-27,
2021-05-28,0.8075084638762184
2021-05-29,0.8530372385462499
2021-05-30,0.8615466252806767
2021-05-31,0.81027411296106
2021-06-01,0.7391454255268951
2021-06-02,0.7638228519183481
2021-06-03,
2021-06-04,0.8484665039342417
2021-06-05,0.7669066895846925
2021-06-06,0.8557428217261969
2021-06-07,0.8365565030129668
2021-06-08,0.8687832523866991
2021-06-09,0.8680175057984705
2021-06-10,
2021-06-11,0.8243602479618123
2021-06-12,
2021-06-13,0.826227011569184
2021-06-14,0.8332642413219814
2021-06-15,0.8468153099989983
2021-06-16,0.8353294964751635
2021-06-17,0.7248113083343615
2021-06-18,0.8249299970563526
2021-06-19,0.8122757148234995
2021-06-20,0.8251782093040084
2021-06-21,0.802336683967136
2021-06-22,0.8108629744806212
2021-06-23,0.8191741575996468
2021-06-24,0.787135957348743
2021-06-25,0.814985205856135
2021-06-26,0.9627706809364592
2021-06-27,0.817030941873021
2021-06-28,
2021-06-29,0.8064849429998432
2021-06-30,0.8067878674871444
2021-07-01,0.8645674013880389
2021-07-02,0.7930935089616895
2021-07-03,0.7872878918078595
2021-07-04,0.8596724836496463
2021-07-05,0.7856395651282762
2021-07-06,0.8429334306161181
2021-07-07,0.8048848131778693
2021-07-08,0.7362586950179429
2021-07-09,0.8624878111472998
2021-07-10,0.8095556339937908
2021-07-11,0.7932475130281098
2021-07-12,
2021-07-13,0.8075266881512593
2021-07-14,
2021-07-15,0.8106833979216675
2021-07-16,0.7951197886217745
2021-07-17,0.8612938602889212
2021-07-18,0.8175054225477875
2021-07-19,0.8154113254478809
2021-07-20,0.7960547846559687
2021-07-21,0.7795593654569901
2021-07-22,0.8163267233585231
2021-07-23,0.7739838356401013
2021-07-24,0.7815346069597626
2021-07-25,0.7921488839880649
2021-07-26,0.7963582922120239
2021-07-27,0.8337423510718365
2021-07-28,0.8227789775507607
2021-07-29,0.7904986210081065
2021-07-30,
2021-07-31,0.7799171357520724
2021-08-01,0.8325401357965792
2021-08-02,0.8533115083213806
2021-08-03,0.7626668136749554
2021-08-04,0.7298507305756756
2021-08-05,0.8323013424025529
2021-08-06,0.7911030290593053
2021-08-07,0.8510497321403508
2021-08-08,0.8086747874605344
2021-08-09,0.8241257296241304
2021-08-10,0.8523517804125593
2021-08-11,0.8231857989233242
2021-08-12,0.8652781128397091
2021-08-13,0.7793783499985475
2021-08-14,0.8027230387271612
2021-08-15,
2021-08-16,0.787947034868918
2021-08-17,0.7957622586172615
2021-08-18,0.8684425714290342
2021-08-19,0.8184561780948099
2021-08-20,0.8290059735010753
2021-08-21,0.8701040373732674
2021-08-22,0.8131755988466179
2021-08-23,0.8552360781024857
2021-08-24,0.8117940456001655
2021-08-25,0.8560329861503466
2021-08-26,0.8401257841385754
2021-08-27,0.7897951163524796
2021-08-28,0.8725262610490916
2021-08-29,
2021-08-30,0.8768210010106253
2021-08-31,
2021-09-01,0.8627472811189899
2021-09-02,0.8616643016402019
2021-09-03,0.8427713538956475
2021-09-04,0.845388568973086
2021-09-05,0.7340545086342136
2021-09-06,0.8711718077951178
2021-09-07,
2021-09-08,0.7966233194098871
2021-09-09,0.8657333131453201
2021-09-10,0.8035961853941413
2021-09-11,0.8224750235924906
2021-09-12,0.7855088811588323
2021-09-13,0.8316680814108655
2021-09-14,
2021-09-15,0.8105221170301763
2021-09-16,0.7811589281024783
2021-09-17,0.8742496265555224
2021-09-18,0.8123375921799905
2021-09-19,0.8363442833585314
2021-09-20,0.8405097524020287
2021-09-21,0.8114796649573761
2021-09-22,0.8620409049536629
2021-09-23,0.8142445420129901
2021-09-24,0.8068508112189929
2021-09-25,0.8010417749512896
2021-09-26,0.7861448934212164
2021-09-27,0.7654462790013488
2021-09-28,0.8512328382103965
2021-09-29,0.7806334064030559
2021-09-30,
2021-10-01,0.7640484161895825
2021-10-02,0.7743779710123594
2021-10-03,0.8589851598459558
2021-10-04,0.830223321025864
2021-10-05,0.8216244281339083
2021-10-06,0.8379535344095828
2021-10-07,0.7865242778652127
2021-10-08,0.8295267275934495
2021-10-09,0.7821408430286079
2021-10-10,0.7985120169158538
2021-10-11,0.8086640277150714
2021-10-12,0.8014848978954233
2021-10-13,0.7780972100821397
2021-10-14,0.7992913048741667
2021-10-15,0.797836615578124
2021-10-16,
2021-10-17,0.7820842287306567
2021-10-18,0.9051476791241606
2021-10-19,0.8185215983463142
2021-10-20,0.7733021448830211
2021-10-21,0.8567777564070732
2021-10-22,0.8001391311693612
2021-10-23,0.7811372510211437
2021-10-24,0.8344061741675589
2021-10-25,0.8570717477393721
2021-10-26,0.8019818906010765
2021-10-27,0.8169715976708789
2021-10-28,0.7787539449191062
2021-10-29,0.7758810771106857
2021-10-30,0.8047375280638742
2021-10-31,0.7746716679572239
2021-11-01,
2021-11-02,0.7693389249487717
2021-11-03,0.7655004171493133
2021-11-04,
2021-11-05,0.6965867087225914
2021-11-06,0.6859084650537127
2021-11-07,
2021-11-08,0.6109187304895022
2021-11-09,0.7794151735251723
2021-11-10,0.7769211839795941
2021-11-11,0.765127415942269
2021-11-12,0.8052184338356163
2021-11-13,0.7422139972765793
2021-11-14,0.7656551806551645
2021-11-15,0.7970413101891527
2021-11-16,0.7319595995597539
2021-11-17,
2021-11-18,0.7854305070937042
2021-11-19,
2021-11-20,
2021-11-21,0.7279515287526386
2021-11-22,0.8302514076937081
2021-11-23,
2021-11-24,
2021-11-25,
2021-11-26,
2021-11-27,0.6831911279013946
2021-11-28,
2021-11-29,
2021-11-30,
2021-12-01,
2021-12-02,0.4681522801723729
2021-12-03,0.7619836037538749
2021-12-04,
2021-12-05,0.5360268455527681
2021-12-06,0.7828254187370008
2021-12-07,0.7557275750603586
2021-12-08,
2021-12-09,
2021-12-10,
2021-12-11,
2021-12-12,
2021-12-13,0.6336349566174719
2021-12-14,0.7299069845885504
2021-12-15,
2021-12-16,0.7530997936965327
2021-12-17,0.7988447380250219
2021-12-18,0.738042634282923
2021-12-19,0.6819514888577396
2021-12-20,
2021-12-21,
2021-12-22,
2021-12-23,
2021-12-24,
2021-12-25,
2021-12-26,
2021-12-27,0.7175625836883799
2021-12-28,
2021-12-29,0.7127422724674922
2021-12-30,0.6460514581965837
2021-12-31,0.7198122536028009
