date,VOD_mean
1987-07-09,
1987-07-10,0.6442192669520161
1987-07-11,0.5772914035819557
1987-07-12,
1987-07-13,
1987-07-14,
1987-07-15,
1987-07-16,0.626249221244129
1987-07-17,0.6256460215019124
1987-07-18,0.6131878522570547
1987-07-19,0.6503679732890667
1987-07-20,
1987-07-21,
1987-07-22,0.6152414628226954
1987-07-23,
1987-07-24,0.6614850812396452
1987-07-25,0.6471707745106108
1987-07-26,0.6613961504525159
1987-07-27,0.6059837702209976
1987-07-28,
1987-07-29,
1987-07-30,
1987-07-31,
1987-08-01,0.5799753473359944
1987-08-02,
1987-08-03,0.7085366932074956
1987-08-04,0.6213303833712981
1987-08-05,
1987-08-06,
1987-08-07,
1987-08-08,
1987-08-09,
1987-08-10,0.6765963093231422
1987-08-11,
1987-08-12,
1987-08-13,0.5321595532077485
1987-08-14,
1987-08-15,
1987-08-16,0.579591977673814
1987-08-17,0.21455728001103597
1987-08-18,0.6540445841145698
1987-08-19,0.6642561987888631
1987-08-20,0.6413552617520807
1987-08-21,0.6269288400838714
1987-08-22,
1987-08-23,
1987-08-24,0.5822567799942937
1987-08-27,
1987-08-28,0.6798001568451094
1987-08-29,0.7264542525267377
1987-08-30,
1987-08-31,
1987-09-01,0.6083772704398893
1987-09-02,0.5993535373288612
1987-09-03,0.6245432588087699
1987-09-04,
1987-09-05,0.6241411832182368
1987-09-06,
1987-09-07,
1987-09-08,
1987-09-09,0.8076744067400035
1987-09-10,
1987-09-11,0.6303966413559483
1987-09-12,
1987-09-13,0.6542721422435136
1987-09-14,0.6536413546833525
1987-09-15,0.49885940809684204
1987-09-16,
1987-09-17,
1987-09-18,0.6087747187995205
1987-09-19,0.6609113421776398
1987-09-20,0.6510711082598118
1987-09-21,0.6065283656971937
1987-09-22,0.6386170789461144
1987-09-23,0.6787278688524591
1987-09-24,
1987-09-25,
1987-09-26,0.5808427722706913
1987-09-27,0.5630383518808728
1987-09-28,0.6523604777687847
1987-09-29,0.6219726057556042
1987-09-30,0.6222979682116412
1987-10-01,0.627576561916699
1987-10-02,
1987-10-03,
1987-10-04,0.5824309140008055
1987-10-05,0.6179978155367626
1987-10-08,
1987-10-09,0.5337080378748289
1987-10-10,0.6412702702702704
1987-10-11,
1987-10-12,0.6052321844556042
1987-10-13,0.48316163726359473
1987-10-14,0.2543970315398887
1987-10-15,0.5933647540983606
1987-10-16,0.6290385932398724
1987-10-17,0.6102957269660851
1987-10-18,0.5325582964499574
1987-10-19,
1987-10-20,
1987-10-21,0.5851216720542423
1987-10-22,
1987-10-23,
1987-10-24,0.5352950525674736
1987-10-25,0.6464314120128689
1987-10-26,0.5289514473428053
1987-10-27,
1987-10-28,
1987-10-29,0.5754277906427697
1987-10-30,0.5964385245901639
1987-10-31,0.5717205751886226
1987-11-01,0.4730680666167676
1987-11-02,0.39132884904459464
1987-11-03,0.5708682896451213
1987-11-04,
1987-11-05,
1987-11-06,0.5458489457571535
1987-11-07,
1987-11-08,
1987-11-09,0.6019801306646179
1987-11-10,0.6759638640436374
1987-11-11,
1987-11-12,
1987-11-13,
1987-11-14,0.5608376094667663
1987-11-15,0.5953700257226456
1987-11-16,
1987-11-17,0.3794133367300929
1987-11-18,0.5913074588337551
1987-11-19,0.5330496768296709
1987-11-20,0.3590276316428959
1987-11-21,
1987-11-22,
1987-11-23,
1987-11-24,0.6363232092614632
1987-11-25,0.631515744716361
1987-11-26,
1987-11-27,
1987-11-28,
1987-11-29,
1987-11-30,
1988-01-13,
1988-01-14,
1988-01-15,
1988-01-16,
1988-01-17,
1988-01-18,
1988-01-19,0.5747537688442212
1988-01-20,
1988-01-21,
1988-01-22,
1988-01-23,
1988-01-24,
1988-01-25,
1988-01-26,
1988-01-27,
1988-01-28,
1988-01-29,
1988-01-30,
1988-01-31,
1988-02-01,0.5289617297543122
1988-02-02,0.45505914469647524
1988-02-03,
1988-02-04,
1988-02-05,
1988-02-06,
1988-02-07,
1988-02-08,
1988-02-09,
1988-02-10,
1988-02-11,
1988-02-12,
1988-02-13,
1988-02-14,
1988-02-15,
1988-02-16,
1988-02-17,
1988-02-18,
1988-02-19,
1988-02-20,
1988-02-21,
1988-02-22,
1988-02-23,
1988-02-24,0.33911355705962204
1988-02-25,
1988-02-26,
1988-02-27,
1988-02-28,
1988-02-29,
1988-03-01,
1988-03-02,
1988-03-03,
1988-03-04,
1988-03-05,
1988-03-06,
1988-03-07,
1988-03-08,
1988-03-09,
1988-03-10,0.45957124225519785
1988-03-11,
1988-03-12,
1988-03-13,0.360699390847248
1988-03-14,
1988-03-15,
1988-03-16,
1988-03-17,
1988-03-18,0.3816040795486152
1988-03-19,
1988-03-20,
1988-03-21,
1988-03-22,
1988-03-23,
1988-03-24,
1988-03-25,0.5171551814256592
1988-03-26,
1988-03-27,0.5467498382958833
1988-03-28,0.4295681317932111
1988-03-29,
1988-03-30,
1988-03-31,
1988-04-01,
1988-04-02,0.606299961046904
1988-04-03,0.5597466397077329
1988-04-04,0.616293304357465
1988-04-05,0.5641445552547067
1988-04-06,0.5728940853425172
1988-04-07,0.5946052957543764
1988-04-08,0.515001325812548
1988-04-09,
1988-04-10,
1988-04-11,0.5180595421347942
1988-04-12,0.4878462238223843
1988-04-13,
1988-04-14,
1988-04-15,
1988-04-16,0.5387792995864371
1988-04-17,
1988-04-18,
1988-04-19,0.5184407226757626
1988-04-20,0.4964962916085484
1988-04-21,
1988-04-22,0.5033844819939266
1988-04-23,0.4602432900628842
1988-04-24,0.5697426575938068
1988-04-25,
1988-04-26,
1988-04-27,0.5356762458122916
1988-04-28,0.5772049626607175
1988-04-29,0.5159394741102467
1988-04-30,0.5372889683549422
1988-05-01,0.5633367166288802
1988-05-02,0.5558390259492004
1988-05-03,
1988-05-04,
1988-05-05,0.6626050772045337
1988-05-10,0.6831304419925184
1988-05-11,0.5978561477918902
1988-05-12,
1988-05-13,
1988-05-14,0.5564519850450794
1988-05-15,
1988-05-16,0.6028986833627356
1988-05-17,
1988-05-18,0.6067364645535087
1988-05-19,0.6163208818239312
1988-05-20,
1988-05-21,
1988-05-22,0.5984530329495918
1988-05-23,0.5716591397118667
1988-05-24,0.5565637628599392
1988-05-25,0.6672529299707125
1988-05-26,0.5752311031315496
1988-05-27,0.6236503457916096
1988-05-28,
1988-05-29,
1988-05-30,0.5788059112997181
1988-05-31,0.6190949821088463
1988-06-01,0.6191067637596575
1988-06-02,0.6211963445838233
1988-06-03,0.5841439589529841
1988-06-04,0.6443307479899776
1988-06-05,
1988-06-06,
1988-06-07,0.568992426125736
1988-06-08,0.5991945242347423
1988-06-09,0.610966218198083
1988-06-10,0.6133261334988377
1988-06-11,0.6159864270058452
1988-06-12,0.6261348286627039
1988-06-13,0.651
1988-06-14,
1988-06-15,0.7548169606810334
1988-06-16,0.6139133099693893
1988-06-17,
1988-06-18,0.6178628886488247
1988-06-19,0.629144931038659
1988-06-20,0.6394280272963544
1988-06-21,0.5443835425689549
1988-06-22,
1988-06-23,
1988-06-24,0.605844363904999
1988-06-25,0.6310440906360002
1988-06-26,0.6221696725225545
1988-06-27,0.6402338049488278
1988-06-28,0.6113114248437053
1988-06-29,
1988-06-30,
1988-07-01,
1988-07-02,0.5949436822733133
1988-07-03,0.652529021747823
1988-07-04,0.5995628713125173
1988-07-05,0.6497057730166202
1988-07-06,0.6613103233007063
1988-07-07,0.6811592728036341
1988-07-08,
1988-07-09,
1988-07-10,0.636817940169435
1988-07-11,0.632406244971595
1988-07-12,0.6518176505293072
1988-07-13,0.6418318228323776
1988-07-14,0.6795479523022503
1988-07-15,0.6507790933897325
1988-07-16,
1988-07-17,
1988-07-18,0.6213610253702898
1988-07-19,0.6458209634700373
1988-07-20,0.6687948930963998
1988-07-21,0.6917857526392602
1988-07-22,0.7370459224512138
1988-07-23,0.6326391104409265
1988-07-24,0.6111306068166661
1988-07-25,
1988-07-26,0.7408742912769422
1988-07-27,0.6688611764331523
1988-07-28,0.6632233749499421
1988-07-29,0.6235285464591565
1988-07-30,0.6584050196702225
1988-07-31,0.6177167180800683
1988-08-01,0.5821162670826994
1988-08-02,
1988-08-03,
1988-08-04,0.607764553583584
1988-08-05,0.6192090846264156
1988-08-06,0.6427042845589993
1988-08-07,0.6679366668532895
1988-08-08,0.6379632053190251
1988-08-09,0.6315704958878582
1988-08-10,
1988-08-11,
1988-08-12,0.6293504840229371
1988-08-13,0.6131861972306176
1988-08-14,0.6438878635851092
1988-08-15,0.6812743274679575
1988-08-16,0.6448921235815589
1988-08-17,0.5971249970246059
1988-08-18,
1988-08-19,
1988-08-20,0.5576504135159628
1988-08-21,0.5877362626565773
1988-08-22,0.5932552474093725
1988-08-23,
1988-08-24,0.6325483153584189
1988-08-25,0.6347099585821591
1988-08-26,
1988-08-27,
1988-08-28,
1988-08-29,0.617448066836406
1988-08-30,0.6157945945333223
1988-08-31,0.5723912481011384
1988-09-01,0.6253229781507532
1988-09-02,0.6105598715441404
1988-09-03,0.6025416666666668
1988-09-04,
1988-09-05,
1988-09-06,0.5599377578090111
1988-09-07,
1988-09-08,0.5584706979685455
1988-09-09,0.6158074399037567
1988-09-10,
1988-09-11,0.5035083362016517
1988-09-12,
1988-09-13,
1988-09-14,
1988-09-15,0.5723066634537717
1988-09-16,0.6191806672421628
1988-09-17,0.5846330158099716
1988-09-18,0.6668824667456718
1988-09-19,
1988-09-20,
1988-09-21,
1988-09-22,0.5826323179848547
1988-09-24,0.576022761328083
1988-09-25,0.6137805660128217
1988-09-26,0.6062022923135598
1988-09-27,0.5976418778165106
1988-09-28,
1988-09-29,
1988-09-30,
1988-10-01,0.6132558835264423
1988-10-02,
1988-10-03,0.6199780696417396
1988-10-04,0.615871154148842
1988-10-05,0.6588070857210054
1988-10-06,
1988-10-07,
1988-10-08,0.5900797149047747
1988-10-09,0.5436461552904669
1988-10-10,0.5606621796640457
1988-10-11,0.6204226431890448
1988-10-12,0.5974924775261268
1988-10-13,0.5976962493315559
1988-10-14,
1988-10-15,
1988-10-16,0.7059786414138071
1988-10-17,
1988-10-18,
1988-10-19,0.5757922589739942
1988-10-20,0.5451345909564814
1988-10-21,
1988-10-22,0.6685193695610737
1988-10-23,
1988-10-24,
1988-10-25,0.5094250337757305
1988-10-26,0.5250295822045441
1988-10-27,
1988-10-28,
1988-10-29,0.5387956352731318
1988-10-30,0.518667181173863
1988-10-31,
1988-11-01,
1988-11-02,0.5145415842521823
1988-11-03,0.5544393915579661
1988-11-04,
1988-11-05,0.5605345648325452
1988-11-06,0.5361972060715805
1988-11-07,0.5697000713466198
1988-11-08,
1988-11-09,
1988-11-10,
1988-11-11,
1988-11-12,0.5066469000664342
1988-11-13,
1988-11-14,0.5640845779599294
1988-11-15,0.5313666306700161
1988-11-16,
1988-11-17,
1988-11-18,0.5638143821021994
1988-11-19,
1988-11-20,
1988-11-21,0.5105635205067756
1988-11-22,0.4751470800685924
1988-11-23,
1988-11-24,
1988-11-25,
1988-11-26,
1988-11-27,
1988-11-28,0.5581985827632133
1988-11-29,0.5361757867144673
1988-11-30,
1988-12-01,0.3233632091035638
1988-12-02,
1988-12-03,
1988-12-04,0.5219389600353865
1988-12-05,
1988-12-06,
1988-12-07,
1988-12-08,0.5771407246824442
1988-12-09,
1988-12-10,
1988-12-11,
1988-12-12,
1988-12-13,
1988-12-14,
1988-12-15,
1988-12-16,
1988-12-17,
1988-12-18,
1988-12-19,
1988-12-20,
1988-12-21,0.5825593729536592
1988-12-22,0.47307337129962423
1988-12-23,
1988-12-24,
1988-12-30,
1988-12-31,
1989-01-01,
1989-01-02,
1989-01-03,
1989-01-04,
1989-01-05,
1989-01-06,
1989-01-07,
1989-01-08,
1989-01-09,0.5363092743235124
1989-01-10,
1989-01-11,
1989-01-12,
1989-01-13,
1989-01-15,
1989-01-16,0.49462379113394317
1989-01-17,
1989-01-18,
1989-01-19,
1989-01-20,
1989-01-21,
1989-01-22,
1989-01-23,
1989-01-24,
1989-01-25,0.6198895916321864
1989-01-26,
1989-01-27,
1989-01-28,
1989-01-29,
1989-01-30,
1989-01-31,0.5246343642434455
1989-02-01,0.5856615808084327
1989-02-02,0.4375302489136992
1989-02-03,
1989-02-04,
1989-02-05,
1989-02-06,
1989-02-07,
1989-02-08,
1989-02-09,
1989-02-10,
1989-02-11,
1989-02-12,
1989-02-13,
1989-02-14,
1989-02-15,
1989-02-16,
1989-02-17,
1989-02-18,
1989-02-19,
1989-02-20,
1989-02-21,
1989-02-22,
1989-02-23,
1989-02-24,
1989-02-25,
1989-02-26,
1989-02-27,
1989-02-28,
1989-03-01,
1989-03-02,
1989-03-03,
1989-03-04,
1989-03-05,
1989-03-06,
1989-03-07,
1989-03-08,
1989-03-09,
1989-03-10,
1989-03-11,
1989-03-12,
1989-03-13,
1989-03-14,
1989-03-15,0.580269270089887
1989-03-16,0.6139261386362596
1989-03-17,
1989-03-18,
1989-03-19,
1989-03-20,
1989-03-21,
1989-03-22,
1989-03-23,
1989-03-24,
1989-03-25,
1989-03-26,
1989-03-27,
1989-03-28,0.5817156688211895
1989-03-29,0.5656954939101041
1989-03-30,0.561345301356704
1989-03-31,
1989-04-01,
1989-04-02,
1989-04-03,
1989-04-04,0.5556898230311895
1989-04-05,0.5183879136644266
1989-04-06,0.6000959069739743
1989-04-07,0.5546776061527755
1989-04-08,0.5583493017926368
1989-04-09,
1989-04-10,
1989-04-11,
1989-04-12,
1989-04-13,
1989-04-14,0.4602233333333333
1989-04-15,
1989-04-16,0.5596900592311238
1989-04-17,0.5004258877247373
1989-04-18,0.6465405405405407
1989-04-19,
1989-04-20,0.5465666836609181
1989-04-21,0.18091783635657155
1989-04-22,0.46010501971828577
1989-04-23,
1989-04-24,
1989-04-25,
1989-04-26,
1989-04-27,
1989-04-28,0.6547875165041717
1989-04-29,0.40017752972770193
1989-04-30,0.5555435518166522
1989-05-01,0.558373614043148
1989-05-02,0.6543630331021423
1989-05-03,0.5219748139980913
1989-05-04,
1989-05-05,
1989-05-06,0.6358577294153314
1989-05-07,0.4951384700197979
1989-05-08,0.560478181289626
1989-05-09,0.5580906070205924
1989-05-10,0.5918820935739841
1989-05-11,0.6873280945208614
1989-05-12,
1989-05-13,
1989-05-14,0.5704193137290613
1989-05-15,
1989-05-16,0.5754684298266217
1989-05-17,0.6206370123068128
1989-05-18,0.6235323661529035
1989-05-19,0.5974450769498567
1989-05-20,
1989-05-21,
1989-05-22,0.5438403575122973
1989-05-23,0.5750532697098786
1989-05-24,0.6362556327390615
1989-05-25,0.5980754884724
1989-05-26,0.6172282365785301
1989-05-27,0.6066529691266679
1989-05-28,
1989-05-29,
1989-05-30,
1989-05-31,0.6078914776821245
1989-06-01,0.5862131031604287
1989-06-02,
1989-06-03,0.6209273044904791
1989-06-04,0.6762666699341563
1989-06-05,
1989-06-06,
1989-06-09,0.6130094585140498
1989-06-10,0.6030251714907257
1989-06-11,
1989-06-12,0.6060253054784961
1989-06-13,
1989-06-14,
1989-06-15,0.6339534077240266
1989-06-16,
1989-06-17,
1989-06-18,0.6078798592814911
1989-06-19,0.6199749459089235
1989-06-20,0.5852771849234625
1989-06-21,
1989-06-22,
1989-06-23,
1989-06-24,0.6208542658577351
1989-06-25,
1989-06-26,
1989-06-27,0.642553190390276
1989-06-28,0.6482169858884758
1989-06-29,
1989-06-30,
1989-07-01,0.6096969578421845
1989-07-02,0.6202023978963132
1989-07-03,0.6186524162715693
1989-07-04,0.6289806498693119
1989-07-05,0.6743461155056636
1989-07-06,0.624499685861987
1989-07-07,
1989-07-08,
1989-07-09,0.6114170519083865
1989-07-10,0.6941853755545653
1989-07-11,0.6182600952046691
1989-07-12,0.6128681927843609
1989-07-13,0.6006742736499239
1989-07-14,0.5343219415092099
1989-07-15,
1989-07-16,0.7539767954133513
1989-07-17,0.7161985898661675
1989-07-18,0.6118347034147736
1989-07-19,0.6184853206514885
1989-07-21,
1989-07-22,
1989-07-25,
1989-07-26,0.6740197003285734
1989-07-27,
1989-07-28,0.7600600156565398
1989-07-29,0.6399662270480722
1989-07-30,
1989-07-31,
1989-08-01,0.6093071729017846
1989-08-02,0.6404407237340937
1989-08-03,0.6503386618997328
1989-08-04,0.6828788046786507
1989-08-05,0.6910647832664805
1989-08-06,0.6747156134362541
1989-08-07,
1989-08-08,
1989-08-09,0.5889800766005262
1989-08-10,0.617775984437696
1989-08-11,0.6797635776397425
1989-08-12,0.6747125937640985
1989-08-13,0.729361860337889
1989-08-14,0.6784492260332406
1989-08-15,
1989-08-16,
1989-08-17,0.5842043469678195
1989-08-18,
1989-08-19,0.6416701487179627
1989-08-20,0.689489996280156
1989-08-21,0.6569372497239001
1989-08-22,0.6254072968800118
1989-08-23,
1989-08-24,
1989-08-25,0.5664972240738343
1989-08-26,0.6146847426425204
1989-08-27,0.5953726125846363
1989-08-28,0.6401209627394877
1989-08-29,0.6637994153030132
1989-08-30,0.6764942243277675
1989-08-31,
1989-09-01,
1989-09-02,0.6438577319115879
1989-09-03,0.6270587966219555
1989-09-04,0.6082612239685699
1989-09-05,0.579215245271684
1989-09-06,0.5963262505851437
1989-09-07,0.5674171678991236
1989-09-08,
1989-09-09,
1989-09-10,0.6406446873880158
1989-09-11,0.6788039088891983
1989-09-12,0.6509128614429126
1989-09-13,0.6525192362726702
1989-09-14,0.6947130432915944
1989-09-15,0.5521646814964611
1989-09-16,
1989-09-17,0.8186474489241455
1989-09-18,0.6334269668196016
1989-09-19,0.6641076712589253
1989-09-20,0.6494053963035081
1989-09-21,0.6693195191273819
1989-09-22,0.7085030192309529
1989-09-23,
1989-09-24,
1989-09-25,0.49058353462272397
1989-09-26,0.5103024102315542
1989-09-27,0.5576135060250828
1989-09-28,0.5017576491917672
1989-09-29,0.5857705692125975
1989-09-30,0.5762860026438912
1989-10-01,
1989-10-02,
1989-10-03,0.5731769249651434
1989-10-04,0.5699756546252521
1989-10-05,0.5630647890181074
1989-10-06,0.6593460096636795
1989-10-07,0.6078894322776756
1989-10-08,0.590507533035006
1989-10-09,
1989-10-10,
1989-10-11,0.5508598344090955
1989-10-12,0.5298861823519821
1989-10-13,0.6121496097241822
1989-10-14,0.6027574572023844
1989-10-15,0.6403369497531789
1989-10-16,0.6069383287016668
1989-10-17,
1989-10-18,
1989-10-19,0.5933366025184286
1989-10-20,
1989-10-21,0.5701273984728439
1989-10-22,
1989-10-24,
1989-10-25,
1989-10-26,
1989-10-27,
1989-10-28,0.5917102786396147
1989-10-29,0.5222056614824166
1989-10-30,0.5474216806837007
1989-10-31,0.6194730065218048
1989-11-01,
1989-11-02,
1989-11-03,0.6077824815881077
1989-11-04,0.4818137531614287
1989-11-05,
1989-11-06,0.5532444841915168
1989-11-07,0.5754306620552584
1989-11-08,0.5570308821944313
1989-11-09,
1989-11-10,
1989-11-11,0.5440623408787141
1989-11-12,0.5321719681555892
1989-11-13,
1989-11-14,0.5089993570834218
1989-11-15,0.6027137336753151
1989-11-16,0.6263720368791756
1989-11-17,
1989-11-18,
1989-11-19,
1989-11-20,
1989-11-21,0.4652133605074938
1989-11-22,
1989-11-23,
1989-11-24,
1989-11-25,
1989-11-26,
1989-11-27,0.4298239893120632
1989-11-28,
1989-11-29,0.43018642714570865
1989-11-30,
1989-12-01,
1989-12-02,
1989-12-03,
1989-12-04,
1989-12-05,
1989-12-06,
1989-12-07,
1989-12-08,
1989-12-09,
1989-12-10,
1989-12-11,
1989-12-12,
1989-12-13,
1989-12-14,
1989-12-15,
1989-12-16,
1989-12-17,
1989-12-18,
1989-12-19,
1989-12-20,
1989-12-21,
1989-12-22,
1989-12-23,
1989-12-24,
1989-12-25,
1989-12-26,
1989-12-27,
1989-12-28,
1989-12-29,
1989-12-30,
1989-12-31,
1990-01-01,
1990-01-02,
1990-01-03,
1990-01-04,
1990-01-05,0.4176652590322708
1990-01-06,
1990-01-07,
1990-01-08,
1990-01-09,
1990-01-10,
1990-01-11,
1990-01-12,
1990-01-13,
1990-01-14,
1990-01-15,
1990-01-16,
1990-01-17,
1990-01-18,
1990-01-19,0.635364970245038
1990-01-20,
1990-01-21,
1990-01-22,
1990-01-23,
1990-01-24,
1990-01-25,
1990-01-26,
1990-01-27,0.412411244119707
1990-01-28,
1990-01-29,
1990-01-30,
1990-01-31,
1990-02-01,
1990-02-02,
1990-02-03,
1990-02-04,
1990-02-05,
1990-02-06,
1990-02-07,
1990-02-08,
1990-02-09,
1990-02-10,
1990-02-11,
1990-02-12,
1990-02-13,
1990-02-14,0.40571403443033915
1990-02-15,
1990-02-16,
1990-02-17,
1990-02-18,
1990-02-19,
1990-02-20,
1990-02-21,
1990-02-22,
1990-02-23,
1990-02-24,
1990-02-25,
1990-02-26,
1990-02-27,
1990-02-28,
1990-03-01,
1990-03-02,
1990-03-03,0.39886896987398546
1990-03-04,
1990-03-05,
1990-03-06,
1990-03-07,
1990-03-08,
1990-03-09,
1990-03-10,
1990-03-11,0.5383487259647084
1990-03-12,
1990-03-13,
1990-03-14,0.537965278862459
1990-03-15,0.5822151199290758
1990-03-16,0.57499311953933
1990-03-17,0.5697095013406887
1990-03-18,0.5902309091586568
1990-03-19,0.47323493943723943
1990-03-20,
1990-03-21,0.6086945102079588
1990-03-22,
1990-03-23,0.5842805507568414
1990-03-24,
1990-03-25,
1990-03-26,
1990-03-27,
1990-03-28,
1990-03-29,
1990-03-30,
1990-03-31,
1990-04-01,0.5442770646555175
1990-04-02,0.5223773676382845
1990-04-03,0.5481114660472023
1990-04-04,
1990-04-05,
1990-04-06,0.3404269627222487
1990-04-07,0.5628688644420866
1990-04-08,0.25503896103896107
1990-04-09,
1990-04-10,0.5211907041735478
1990-04-11,0.5955317439431967
1990-04-12,
1990-04-13,
1990-04-14,
1990-04-15,0.5866161283367423
1990-04-16,0.5099299639736183
1990-04-17,0.46432587729003966
1990-04-18,0.44606830772768385
1990-04-19,
1990-04-20,
1990-04-21,0.571112653058426
1990-04-22,0.5358625823962218
1990-04-23,0.5547599730958741
1990-04-24,0.5446419136034437
1990-04-25,0.6069361574443427
1990-04-26,0.5352024938256426
1990-04-27,
1990-04-28,
1990-04-29,0.5558518654973889
1990-04-30,0.5459513586751186
1990-05-01,0.6047826235503461
1990-05-02,0.5560323783672991
1990-05-03,0.5600677653751116
1990-05-04,
1990-05-05,
1990-05-06,0.5431567463404455
1990-05-07,0.5408539610658043
1990-05-08,0.5371052201074658
1990-05-09,0.5742944104115029
1990-05-10,
1990-05-11,0.5929607774435907
1990-05-12,
1990-05-13,
1990-05-14,0.569055642192713
1990-05-15,0.59232973296074
1990-05-16,0.5817547004027692
1990-05-17,0.631010219556746
1990-05-18,0.5898404874469997
1990-05-19,
1990-05-20,
1990-05-21,0.5887083980441615
1990-05-22,0.5741967792920963
1990-05-23,0.6144229596937375
1990-05-24,0.5449407750118731
1990-05-25,0.5995542836034329
1990-05-26,0.5887155741016931
1990-05-27,
1990-05-28,
1990-05-29,0.5826068238550897
1990-05-30,0.6508443642132514
1990-05-31,0.5979991009275705
1990-06-01,0.5798887559840202
1990-06-02,0.5922938042708589
1990-06-03,
1990-06-04,
1990-06-05,0.5984355447847413
1990-06-06,0.5539615495910294
1990-06-07,0.6469896894329957
1990-06-08,0.5805166771812659
1990-06-09,
1990-06-10,0.661608110793506
1990-06-11,
1990-06-12,
1990-06-13,
1990-06-14,0.5835784126032578
1990-06-15,0.5884922729440369
1990-06-16,0.620317661641726
1990-06-17,0.6453369580227306
1990-06-18,0.6354
1990-06-19,
1990-06-20,0.7597273128989684
1990-06-21,0.6157406810176231
1990-06-22,0.6295313205698776
1990-06-23,0.6465868308481382
1990-06-24,0.6115011676250844
1990-06-25,
1990-06-26,
1990-06-27,
1990-06-28,0.5738474788807374
1990-06-29,0.5950781505659892
1990-06-30,0.6521998504218793
1990-07-01,0.6732542136557029
1990-07-02,0.6288824553047515
1990-07-03,0.613200303030303
1990-07-04,
1990-07-05,0.7342016084796762
1990-07-06,0.5854116696381351
1990-07-07,0.5896978226993806
1990-07-08,0.606524366434419
1990-07-09,0.6618092647720322
1990-07-10,0.5968060238232896
1990-07-11,
1990-07-12,
1990-07-13,0.6019654043411602
1990-07-14,
1990-07-15,0.625509992956285
1990-07-16,
1990-07-17,0.6192614433880133
1990-07-18,
1990-07-19,
1990-07-20,0.733800796421336
1990-07-21,0.6676682823616884
1990-07-22,
1990-07-23,0.67879962838018
1990-07-24,0.6805117015730662
1990-07-25,0.6971430545046616
1990-07-26,
1990-07-27,
1990-07-28,0.6089420884593599
1990-07-29,0.6325185347471662
1990-07-30,0.5870948700511702
1990-07-31,0.6112082570239649
1990-08-01,
1990-08-02,0.5361765594046273
1990-08-03,
1990-08-04,
1990-08-05,0.5718278782045528
1990-08-06,0.6711692736161283
1990-08-07,0.6799256825229052
1990-08-08,0.7065906625672879
1990-08-09,0.6411724147606088
1990-08-10,
1990-08-11,
1990-08-12,0.6141624698310129
1990-08-14,
1990-08-15,0.6305517979617253
1990-08-16,0.6815276621119112
1990-08-17,0.5555638200758124
1990-08-18,
1990-08-19,0.804127884483442
1990-08-20,0.3884325250122358
1990-08-21,0.6206195753492147
1990-08-22,0.6476189881974547
1990-08-23,
1990-08-24,
1990-08-27,
1990-08-28,0.6879884404141277
1990-08-29,
1990-08-30,
1990-08-31,
1990-09-01,0.5687903258126505
1990-09-02,
1990-09-03,0.8079267715701703
1990-09-04,0.6044341151601688
1990-09-05,
1990-09-06,0.6616831531593654
1990-09-07,0.6833943606584284
1990-09-08,0.6469056719375047
1990-09-09,
1990-09-10,
1990-09-11,0.6418267231031992
1990-09-12,
1990-09-13,0.6735837236882721
1990-09-14,0.6830095216970319
1990-09-15,0.6946933791249562
1990-09-16,0.4974946515524721
1990-09-17,
1990-09-18,0.8540479110164217
1990-09-19,0.5479396244522932
1990-09-20,
1990-09-21,0.6072286178049706
1990-09-22,0.6426227351335732
1990-09-23,0.6113824586769047
1990-09-24,
1990-09-25,
1990-09-26,0.5770974720159928
1990-09-27,0.6164518917084372
1990-09-28,0.6279057894905485
1990-09-29,0.6325643874485809
1990-09-30,0.6618392780141046
1990-10-01,0.5490297785181106
1990-10-02,
1990-10-03,0.6836256136635308
1990-10-04,0.5786140357045539
1990-10-05,0.6087907854108201
1990-10-06,0.6380390231943464
1990-10-07,0.6401403275675043
1990-10-08,0.6272472001330838
1990-10-09,
1990-10-10,
1990-10-11,
1990-10-12,0.6381881294102235
1990-10-13,0.6522514993576362
1990-10-14,0.634439064288082
1990-10-15,
1990-10-16,
1990-10-17,
1990-10-18,
1990-10-19,
1990-10-20,0.5571924216662741
1990-10-23,
1990-10-24,
1990-10-29,0.5751436845600996
1990-10-30,
1990-10-31,0.6113357843137255
1990-11-01,
1990-11-02,
1990-11-03,
1990-11-04,
1990-11-05,
1990-11-06,
1990-11-07,
1990-11-08,
1990-11-09,
1990-11-10,0.432894324853229
1990-11-11,
1990-11-12,
1990-11-13,
1990-11-14,
1990-11-15,
1990-11-16,
1990-11-17,0.545714368456549
1990-11-18,
1990-11-19,0.4270768051723984
1990-11-20,
1990-11-21,
1990-11-22,
1990-11-23,
1990-11-24,
1990-11-25,0.42837739380356904
1990-11-26,0.5363310062956411
1990-11-27,
1990-11-28,0.55654987829018
1990-11-29,
1990-11-30,
1990-12-01,
1990-12-02,
1990-12-03,0.5623835616438357
1990-12-04,
1990-12-05,
1990-12-06,
1990-12-07,
1990-12-08,
1990-12-09,
1990-12-10,
1990-12-11,
1990-12-12,
1990-12-13,
1990-12-14,
1990-12-15,
1990-12-16,
1990-12-17,
1990-12-18,
1990-12-19,0.5209814112056398
1990-12-20,
1990-12-21,
1990-12-27,
1990-12-28,
1990-12-29,
1990-12-30,
1990-12-31,
1991-01-01,
1991-01-02,
1991-01-03,
1991-01-04,
1991-01-05,
1991-01-06,
1991-01-07,
1991-01-08,
1991-01-09,
1991-01-10,
1991-01-11,
1991-01-12,
1991-01-13,
1991-01-14,
1991-01-15,
1991-01-16,
1991-01-17,
1991-01-18,
1991-01-19,
1991-01-20,
1991-01-21,
1991-01-22,
1991-01-23,
1991-01-24,
1991-01-25,
1991-01-26,
1991-01-27,
1991-01-28,
1991-01-29,
1991-01-30,
1991-01-31,
1991-02-01,
1991-02-02,
1991-02-03,
1991-02-04,0.5302723694297686
1991-02-05,
1991-02-06,
1991-02-07,
1991-02-08,
1991-02-09,
1991-02-10,
1991-02-11,
1991-02-12,
1991-02-13,
1991-02-14,
1991-02-15,
1991-02-16,
1991-02-17,
1991-02-18,
1991-02-19,
1991-02-20,
1991-02-21,
1991-02-22,
1991-02-23,
1991-02-24,
1991-02-25,
1991-02-26,
1991-02-27,
1991-02-28,
1991-03-01,
1991-03-02,0.5709103274134436
1991-03-03,
1991-03-04,0.40132187744899894
1991-03-05,0.42252000132558787
1991-03-06,
1991-03-07,
1991-03-08,
1991-03-09,
1991-03-11,
1991-03-12,
1991-03-13,
1991-03-14,
1991-03-15,
1991-03-16,
1991-03-17,
1991-03-18,
1991-03-19,0.5383431098574438
1991-03-20,
1991-03-21,
1991-03-22,
1991-03-23,
1991-03-24,
1991-03-25,
1991-03-26,0.37183202807214405
1991-03-27,0.46440938835329054
1991-03-28,
1991-03-29,
1991-03-30,0.5289666244336055
1991-03-31,
1991-04-01,
1991-04-02,0.3240305466682317
1991-04-03,0.41397111039939266
1991-04-04,
1991-04-05,
1991-04-06,
1991-04-07,0.5730270967549691
1991-04-08,0.5476748730349488
1991-04-09,
1991-04-10,
1991-04-11,0.5452456658833361
1991-04-12,
1991-04-13,
1991-04-14,
1991-04-15,
1991-04-16,
1991-04-17,
1991-04-18,0.561226527827713
1991-04-19,
1991-04-20,
1991-04-21,
1991-04-22,
1991-04-23,
1991-04-24,
1991-04-25,
1991-04-26,0.515797366770394
1991-04-27,
1991-04-28,
1991-04-29,
1991-04-30,
1991-05-01,
1991-05-02,
1991-05-03,
1991-05-04,
1991-05-05,
1991-05-06,
1991-05-07,
1991-05-08,
1991-05-09,
1991-05-10,
1991-05-11,
1991-05-12,
1991-05-13,
1991-05-14,
1991-05-15,
1991-05-16,
1991-05-17,
1991-05-18,
1991-05-19,
1991-05-20,
1991-05-21,
1991-05-22,
1991-05-23,
1991-05-24,
1991-05-25,
1991-05-26,
1991-05-27,
1991-05-28,
1991-05-29,
1991-05-30,
1991-05-31,
1991-06-01,
1991-06-02,
1991-06-03,
1991-06-04,
1991-06-05,
1991-06-06,
1991-06-07,
1991-06-08,
1991-06-09,
1991-06-10,
1991-06-11,
1991-06-12,
1991-06-13,
1991-06-14,
1991-06-16,
1991-06-17,
1991-06-18,
1991-06-19,
1991-06-21,
1991-06-22,
1991-06-23,0.6562931141659563
1991-06-24,
1991-06-25,
1991-06-26,
1991-06-27,
1991-06-28,
1991-06-29,
1991-06-30,
1991-07-01,
1991-07-02,
1991-07-03,
1991-07-04,
1991-07-05,0.6375606093600229
1991-07-06,0.658086397844736
1991-07-07,0.6562950536796753
1991-07-08,
1991-07-09,
1991-07-10,
1991-07-11,
1991-07-12,
1991-07-13,
1991-07-14,
1991-07-15,
1991-07-16,
1991-07-17,
1991-07-18,
1991-07-19,
1991-07-20,
1991-07-21,0.625715355533061
1991-07-22,
1991-07-23,
1991-07-24,
1991-07-25,
1991-07-26,
1991-07-27,
1991-07-28,
1991-07-30,
1991-07-31,
1991-08-01,
1991-08-02,
1991-08-03,0.6126644328870695
1991-08-04,
1991-08-05,0.6311446310311025
1991-08-06,
1991-08-07,
1991-08-08,
1991-08-09,
1991-08-10,
1991-08-11,0.6310235512581186
1991-08-12,
1991-08-13,
1991-08-14,
1991-08-15,
1991-08-16,
1991-08-17,0.6284449594535916
1991-08-18,
1991-08-19,0.6826977896402501
1991-08-20,
1991-08-21,
1991-08-22,
1991-08-23,
1991-08-24,
1991-08-25,
1991-08-26,
1991-08-27,
1991-08-28,
1991-08-29,
1991-08-30,
1991-08-31,
1991-09-01,0.6203481464847341
1991-09-02,0.6143102245934379
1991-09-03,0.5425001516523064
1991-09-04,
1991-09-05,0.6873115156592962
1991-09-06,
1991-09-07,
1991-09-08,0.6278389004216722
1991-09-09,
1991-09-10,
1991-09-11,
1991-09-12,0.7166603753061979
1991-09-13,
1991-09-14,
1991-09-15,
1991-09-16,
1991-09-17,
1991-09-18,
1991-09-19,
1991-09-20,
1991-09-21,
1991-09-22,
1991-09-23,
1991-09-24,0.5964617239083043
1991-09-25,
1991-09-26,
1991-09-27,0.5686803887881495
1991-09-28,
1991-09-29,0.5311150299613278
1991-09-30,0.505702416237562
1991-10-01,0.6308352661417677
1991-10-02,
1991-10-03,
1991-10-04,
1991-10-05,
1991-10-06,0.664935035521029
1991-10-07,
1991-10-08,0.4151221447309776
1991-10-09,
1991-10-10,
1991-10-11,
1991-10-12,0.5752858782871263
1991-10-13,
1991-10-14,0.5594390827541318
1991-10-15,
1991-10-16,
1991-10-17,
1991-10-18,0.6228411555242618
1991-10-19,
1991-10-20,
1991-10-21,
1991-10-22,0.6206534197478009
1991-10-23,0.49161110933993335
1991-10-24,
1991-10-25,
1991-10-26,0.6164840654097911
1991-10-27,
1991-10-28,
1991-10-29,0.4982102652898073
1991-10-30,0.5303903927611294
1991-10-31,
1991-11-01,
1991-11-02,
1991-11-03,
1991-11-04,0.5470748740747425
1991-11-05,
1991-11-06,
1991-11-07,
1991-11-08,
1991-11-09,
1991-11-10,
1991-11-13,
1991-11-14,
1991-11-15,
1991-11-16,
1991-11-17,
1991-11-18,
1991-11-19,0.5667397260273974
1991-11-20,0.5894102073511064
1991-11-21,
1991-11-22,
1991-11-23,
1991-11-24,
1991-11-25,
1991-11-26,
1991-11-27,
1991-11-28,
1991-11-29,
1991-11-30,0.4930471503909853
1991-12-01,
1991-12-02,0.5693152170611608
1991-12-03,
1991-12-04,
1991-12-05,
1991-12-06,
1991-12-07,
1991-12-08,
1991-12-09,
1991-12-10,
1991-12-11,
1991-12-12,
1991-12-13,0.6006142253282671
1991-12-14,0.6092017671526263
1991-12-15,0.48937640241948255
1991-12-16,
1991-12-17,
1991-12-18,
1991-12-19,
1991-12-20,
1991-12-21,
1991-12-22,
1991-12-23,
1991-12-24,
1991-12-25,
1991-12-26,
1991-12-27,
1991-12-28,
1991-12-29,
1991-12-30,
1991-12-31,
1992-01-01,
1992-01-02,
1992-01-03,
1992-01-04,
1992-01-05,
1992-01-06,
1992-01-07,
1992-01-08,
1992-01-09,
1992-01-10,
1992-01-11,
1992-01-12,
1992-01-13,
1992-01-14,
1992-01-15,
1992-01-16,
1992-01-17,
1992-01-18,
1992-01-19,
1992-01-20,
1992-01-21,
1992-01-22,
1992-01-23,
1992-01-24,
1992-01-25,
1992-01-26,
1992-01-27,
1992-01-28,
1992-01-29,
1992-01-30,
1992-01-31,
1992-02-01,
1992-02-02,
1992-02-03,
1992-02-04,
1992-02-05,
1992-02-06,
1992-02-07,
1992-02-08,
1992-02-09,
1992-02-10,
1992-02-11,
1992-02-12,
1992-02-13,
1992-02-15,
1992-02-16,
1992-02-17,
1992-02-18,
1992-02-19,
1992-02-20,
1992-02-21,
1992-02-22,
1992-02-23,
1992-02-24,
1992-02-25,
1992-02-26,
1992-02-27,
1992-02-28,
1992-02-29,
1992-03-01,
1992-03-02,
1992-03-03,
1992-03-04,
1992-03-05,
1992-03-06,
1992-03-07,
1992-03-08,
1992-03-09,
1992-03-10,0.6125211202373656
1992-03-11,0.685818662995967
1992-03-12,
1992-03-13,
1992-03-14,
1992-03-15,
1992-03-16,
1992-03-17,
1992-03-18,
1992-03-19,
1992-03-20,
1992-03-21,
1992-03-22,
1992-03-23,
1992-03-24,
1992-03-25,
1992-03-26,
1992-03-27,0.6299436561121098
1992-03-28,0.5807963850596941
1992-03-29,
1992-03-30,
1992-03-31,0.5784527886389421
1992-04-01,
1992-04-02,
1992-04-03,
1992-04-04,
1992-04-05,
1992-04-06,
1992-04-07,
1992-04-08,
1992-04-09,
1992-04-10,0.5652776883612065
1992-04-11,
1992-04-12,
1992-04-13,0.24731147514827773
1992-04-14,
1992-04-15,
1992-04-16,
1992-04-17,
1992-04-18,
1992-04-19,0.4039946947243628
1992-04-20,0.5402485966665429
1992-04-21,0.599431718352035
1992-04-22,
1992-04-23,
1992-04-24,0.5535384453385114
1992-04-25,0.551623919049462
1992-04-26,0.48130449613406545
1992-04-27,0.4757922129723686
1992-04-28,
1992-04-29,
1992-04-30,
1992-05-01,
1992-05-02,0.5756576495615872
1992-05-03,
1992-05-04,0.5783423654514894
1992-05-05,0.5777100704476983
1992-05-06,0.21455728001103597
1992-05-07,
1992-05-08,
1992-05-09,0.7556308230558612
1992-05-10,0.5838317375619607
1992-05-11,0.5901472305941179
1992-05-12,
1992-05-13,0.6270035999510891
1992-05-14,0.6507443911229998
1992-05-15,
1992-05-16,
1992-05-17,0.6858081631087968
1992-05-18,0.6013633911929976
1992-05-19,0.625309859505216
1992-05-20,0.6005591536757531
1992-05-21,0.6180404751654522
1992-05-22,0.6114507724124376
1992-05-23,
1992-05-24,
1992-05-25,0.5743785831349115
1992-05-26,0.5888371643793626
1992-05-27,0.6289422678595861
1992-05-28,
1992-05-29,0.6854636015285461
1992-05-30,0.6421319432316355
1992-05-31,
1992-06-01,
1992-06-02,0.589683030499294
1992-06-03,0.6290134230116483
1992-06-04,0.5962516678351446
1992-06-05,0.7060845666569796
1992-06-06,
1992-06-07,
1992-06-08,
1992-06-09,
1992-06-10,0.5780468181238825
1992-06-11,0.5865307290515412
1992-06-12,0.6173287351445617
1992-06-13,
1992-06-14,0.6393302741720176
1992-06-15,0.65565755043606
1992-06-16,
1992-06-17,
1992-06-19,0.6567909900776081
1992-06-20,
1992-06-21,
1992-06-22,0.6403936623843907
1992-06-23,0.5602749052222069
1992-06-24,
1992-06-25,
1992-06-26,0.6040431729459509
1992-06-27,0.637325552759552
1992-06-28,0.6121335255249506
1992-06-29,0.625104750161601
1992-06-30,0.6660846399535936
1992-07-01,0.3989926176502052
1992-07-02,
1992-07-03,0.7743767900056259
1992-07-04,0.6597429574649625
1992-07-05,0.6602997698414443
1992-07-06,0.6761412527602273
1992-07-07,
1992-07-08,0.6372958390415421
1992-07-09,
1992-07-10,
1992-07-11,0.6712259953055578
1992-07-12,0.6441015333434911
1992-07-13,0.6904401466829865
1992-07-14,0.6492726921896942
1992-07-15,
1992-07-16,
1992-07-17,
1992-07-18,
1992-07-19,0.6219964149916848
1992-07-20,
1992-07-21,0.6488146016220863
1992-07-22,0.5967092642683954
1992-07-23,0.6836396491456809
1992-07-24,0.6608647499686586
1992-07-25,
1992-07-26,
1992-07-27,0.6531782940765986
1992-07-28,0.6344516539693119
1992-07-29,0.6251481456454208
1992-07-30,0.6233757982309579
1992-07-31,0.68387459794975
1992-08-01,
1992-08-02,
1992-08-03,
1992-08-04,0.6435119936148533
1992-08-05,
1992-08-06,0.6169900699011038
1992-08-07,0.6404625146893348
1992-08-08,0.6744059198721288
1992-08-09,0.6131226960798851
1992-08-10,
1992-08-11,
1992-08-12,0.6082656759525229
1992-08-13,0.6257778641210857
1992-08-14,0.7151943557305355
1992-08-15,0.705831358814455
1992-08-16,
1992-08-17,0.5387140984507783
1992-08-18,
1992-08-19,0.8478976798495039
1992-08-20,0.6120633764858799
1992-08-21,0.6316295423789542
1992-08-22,0.6511755106794171
1992-08-23,0.6717502573887513
1992-08-24,0.6374131828747532
1992-08-25,
1992-08-26,
1992-08-27,0.755178688124719
1992-08-28,0.6521472451441154
1992-08-29,0.6575999436420118
1992-08-30,0.6252087746282777
1992-08-31,0.6374960853115313
1992-09-01,0.6543232503573954
1992-09-02,
1992-09-03,
1992-09-04,
1992-09-05,0.628775629042054
1992-09-06,0.6497233203336251
1992-09-07,0.6928369246050579
1992-09-08,
1992-09-09,0.6909535873406549
1992-09-10,
1992-09-11,
1992-09-12,0.5958584595266507
1992-09-13,
1992-09-14,
1992-09-15,0.6458445191953603
1992-09-16,0.6840082862330976
1992-09-17,0.6759870754352534
1992-09-18,
1992-09-19,
1992-09-20,0.6239110918864541
1992-09-21,0.656173896409521
1992-09-22,0.6792756681683598
1992-09-23,
1992-09-24,0.5793999003077945
1992-09-25,0.45097770898620393
1992-09-26,
1992-09-27,
1992-09-28,0.586135918457709
1992-09-29,0.640366778208761
1992-09-30,0.667065805656071
1992-10-01,0.4057362304945874
1992-10-02,
1992-10-03,0.5467351417314052
1992-10-04,
1992-10-05,
1992-10-06,0.5407376222573562
1992-10-07,0.5873756552688734
1992-10-08,0.6433923442873958
1992-10-09,0.6456933708528154
1992-10-10,0.7053310393696638
1992-10-11,
1992-10-12,
1992-10-13,
1992-10-14,0.6111101632789698
1992-10-15,0.6357273710636555
1992-10-16,0.6933311742882624
1992-10-17,
1992-10-18,0.5117663853676481
1992-10-19,
1992-10-20,
1992-10-21,0.6347275453798454
1992-10-22,
1992-10-23,0.593226267512578
1992-10-24,0.6652417861207427
1992-10-25,0.6382746074840675
1992-10-26,0.628687057762491
1992-10-27,
1992-10-28,
1992-10-29,0.5047439834024896
1992-10-30,0.584190559153305
1992-10-31,0.5892256160998227
1992-11-01,0.4460436779555339
1992-11-02,
1992-11-03,0.5226827601472255
1992-11-04,
1992-11-05,
1992-11-06,0.5977158749704097
1992-11-07,0.5012115012516478
1992-11-08,
1992-11-09,
1992-11-10,
1992-11-11,
1992-11-12,
1992-11-13,0.7657316151037097
1992-11-14,0.4961616608702771
1992-11-15,
1992-11-16,
1992-11-17,
1992-11-18,
1992-11-19,
1992-11-20,
1992-11-21,
1992-11-22,
1992-11-23,
1992-11-24,0.5600426031929299
1992-11-25,0.5751224973877557
1992-11-26,
1992-11-27,
1992-11-28,
1992-11-29,
1992-11-30,0.5616883633842861
1992-12-01,0.5441642364801181
1992-12-02,
1992-12-03,0.5680230749258117
1992-12-04,0.5818691823216983
1992-12-05,
1992-12-06,
1992-12-07,
1992-12-08,
1992-12-09,
1992-12-10,
1992-12-11,
1992-12-12,
1992-12-13,
1992-12-14,
1992-12-15,
1992-12-16,
1992-12-17,
1992-12-18,
1992-12-19,
1992-12-20,
1992-12-21,
1992-12-22,
1992-12-23,
1992-12-24,
1992-12-25,
1992-12-26,
1992-12-27,
1992-12-28,
1992-12-29,
1992-12-30,
1992-12-31,
1993-01-01,0.3810962762117199
1993-01-02,
1993-01-03,
1993-01-05,
1993-01-06,
1993-01-07,
1993-01-08,
1993-01-09,
1993-01-10,
1993-01-11,
1993-01-12,
1993-01-13,
1993-01-14,
1993-01-15,
1993-01-16,
1993-01-17,
1993-01-18,
1993-01-19,
1993-01-20,
1993-01-21,
1993-01-22,
1993-01-23,
1993-01-24,
1993-01-25,
1993-01-26,
1993-01-27,
1993-01-28,
1993-01-29,
1993-01-30,
1993-01-31,
1993-02-01,
1993-02-02,
1993-02-03,
1993-02-04,
1993-02-05,
1993-02-06,
1993-02-07,
1993-02-08,
1993-02-09,
1993-02-10,
1993-02-11,
1993-02-12,
1993-02-13,
1993-02-14,
1993-02-15,
1993-02-16,
1993-02-17,
1993-02-18,
1993-02-19,
1993-02-20,
1993-02-21,
1993-02-22,
1993-02-23,
1993-02-24,
1993-02-25,
1993-02-26,
1993-02-27,
1993-02-28,
1993-03-01,
1993-03-02,
1993-03-03,
1993-03-04,
1993-03-05,
1993-03-06,
1993-03-07,
1993-03-08,
1993-03-09,
1993-03-10,
1993-03-11,
1993-03-12,
1993-03-13,
1993-03-14,
1993-03-15,
1993-03-16,
1993-03-17,
1993-03-18,
1993-03-19,
1993-03-20,
1993-03-21,
1993-03-22,
1993-03-23,
1993-03-24,
1993-03-25,
1993-03-26,
1993-03-27,
1993-03-28,0.3372398594543363
1993-03-29,0.5406810277855721
1993-03-30,0.5544443317818271
1993-03-31,0.4459728632478633
1993-04-01,
1993-04-02,
1993-04-03,
1993-04-04,
1993-04-05,
1993-04-06,
1993-04-07,
1993-04-08,
1993-04-09,
1993-04-10,0.5184498261548456
1993-04-11,0.5615228072850388
1993-04-12,0.576957840424988
1993-04-13,0.5712442784673181
1993-04-14,0.6142455322068048
1993-04-15,0.5482370672964072
1993-04-16,
1993-04-17,
1993-04-18,0.5586683319952627
1993-04-19,0.40777250554245137
1993-04-20,0.582010784730828
1993-04-21,0.6231338085452687
1993-04-22,0.6061625358745442
1993-04-23,0.5937338054486202
1993-04-24,
1993-04-25,
1993-04-26,0.6002739166729135
1993-04-27,0.4618148166132397
1993-04-28,
1993-04-29,0.6313201575522961
1993-04-30,0.6021600882431641
1993-05-01,0.3408886626737728
1993-05-02,
1993-05-03,0.7477102516997246
1993-05-04,0.6046843635080241
1993-05-05,0.6609317362934487
1993-05-06,0.6533992268722962
1993-05-07,0.6354586333096802
1993-05-08,0.6743690277309723
1993-05-09,
1993-05-10,
1993-05-11,0.5892944858407435
1993-05-12,0.6265537312728517
1993-05-13,0.6225604636683119
1993-05-14,0.6354834131746838
1993-05-15,0.6292380795751853
1993-05-16,0.6605033695433756
1993-05-17,
1993-05-18,
1993-05-19,0.7016818014815506
1993-05-20,0.6254963833912055
1993-05-21,0.6177133679635599
1993-05-22,0.6810738007401506
1993-05-23,0.6271406033549045
1993-05-24,0.5958934158907749
1993-05-25,
1993-05-26,
1993-05-27,0.5747929948411993
1993-05-28,0.6139292091196513
1993-05-29,0.6659799959961351
1993-05-30,0.6345719380262029
1993-05-31,0.6612176313249092
1993-06-01,
1993-06-02,
1993-06-03,0.7637436126241891
1993-06-04,0.6150204409986365
1993-06-05,
1993-06-06,0.7367640479530123
1993-06-07,0.6414986970025655
1993-06-08,0.6633771068387588
1993-06-09,
1993-06-10,
1993-06-11,0.6451474426608915
1993-06-12,0.6094673506998435
1993-06-13,0.6563011557078056
1993-06-14,0.6893726383998973
1993-06-15,0.6721515762380023
1993-06-16,0.6664524026280859
1993-06-17,
1993-06-18,
1993-06-19,0.6610915969623689
1993-06-20,
1993-06-21,0.6962916083487407
1993-06-22,0.6942625176481982
1993-06-23,0.6501481871980268
1993-06-24,0.4454300558280991
1993-06-25,
1993-06-26,0.9163444403053361
1993-06-27,0.6658910126765519
1993-06-28,0.6519852218493727
1993-06-29,0.6665818329868288
1993-06-30,
1993-07-01,0.6617058923657376
1993-07-02,
1993-07-03,
1993-07-04,0.6519709903645426
1993-07-05,0.6371188656187275
1993-07-06,0.6637208345908945
1993-07-07,0.6676390121640575
1993-07-08,0.6727445767868134
1993-07-09,0.674128250702332
1993-07-10,
1993-07-11,
1993-07-12,
1993-07-13,0.5913098502398693
1993-07-14,0.6339528718255163
1993-07-15,
1993-07-16,
1993-07-17,
1993-07-18,
1993-07-19,
1993-07-20,0.6385696670891395
1993-07-21,0.6355377740110384
1993-07-22,0.6446649304933321
1993-07-23,0.6391462773767316
1993-07-24,0.6459661723915421
1993-07-25,
1993-07-26,
1993-07-27,
1993-07-28,0.6477910151073317
1993-07-29,0.7242492426192596
1993-07-30,0.72899606194563
1993-07-31,0.6983534273732589
1993-08-01,0.6616362288049844
1993-08-02,
1993-08-03,
1993-08-04,0.6418564927868532
1993-08-05,0.6254711881350543
1993-08-06,0.6581139672934335
1993-08-07,0.6588832334645068
1993-08-08,
1993-08-09,0.6513102524875733
1993-08-10,
1993-08-11,
1993-08-12,0.6449365724674949
1993-08-13,0.6632920606971818
1993-08-14,0.6804071398265511
1993-08-15,0.6725585101693379
1993-08-16,0.6472487004031691
1993-08-17,0.5317577391540952
1993-08-18,
1993-08-19,0.8417915663097977
1993-08-20,0.6326657194378937
1993-08-21,0.682292936063745
1993-08-22,0.6458769273699227
1993-08-23,0.6374996375771655
1993-08-24,0.6616999750134469
1993-08-25,
1993-08-26,
1993-08-27,0.5924099473507152
1993-08-28,0.6544311958326834
1993-08-29,0.6287802385100788
1993-08-30,0.6618744556805967
1993-08-31,0.6925801219842205
1993-09-01,0.7164521705073547
1993-09-02,
1993-09-03,
1993-09-04,0.708805175476329
1993-09-05,0.6443421772317355
1993-09-06,
1993-09-07,0.674950187486592
1993-09-08,0.6838054483777065
1993-09-09,0.625918876233629
1993-09-10,
1993-09-11,
1993-09-12,0.6162297246856092
1993-09-13,0.6390590053701732
1993-09-14,
1993-09-15,0.6729978042361979
1993-09-16,0.7031328987902504
1993-09-17,
1993-09-18,
1993-09-19,0.672140196149219
1993-09-20,0.6177697370723851
1993-09-21,0.618974590251452
1993-09-22,0.7371668314450495
1993-09-23,0.6568517791001052
1993-09-24,0.6299761276629977
1993-09-25,
1993-09-26,
1993-09-27,0.6173502929929747
1993-09-28,0.6138890740483124
1993-09-29,0.6386640960474269
1993-09-30,0.5786877129249862
1993-10-01,0.6447272373044383
1993-10-02,0.6326100655782665
1993-10-03,
1993-10-04,
1993-10-05,0.5371500974658869
1993-10-06,0.5455734872373931
1993-10-07,0.6716423419946438
1993-10-08,0.6404955208660613
1993-10-09,0.6671668461483242
1993-10-10,
1993-10-11,
1993-10-12,
1993-10-13,
1993-10-14,
1993-10-15,0.6472282032954991
1993-10-16,0.6262825907749904
1993-10-17,0.6474759683102
1993-10-18,
1993-10-19,
1993-10-20,0.609479459986474
1993-10-21,0.7323929741047415
1993-10-22,
1993-10-23,0.6309876888550756
1993-10-24,
1993-10-25,0.6432954662434002
1993-10-26,
1993-10-27,
1993-10-28,0.6059435917543431
1993-10-29,0.5859431824982598
1993-10-30,0.6199942076412717
1993-10-31,0.6766148803815616
1993-11-01,0.6920892971027569
1993-11-02,0.35232193732193734
1993-11-03,
1993-11-04,0.7255249927346702
1993-11-05,
1993-11-06,0.6083354166144306
1993-11-07,0.5648727439137547
1993-11-08,
1993-11-09,
1993-11-10,
1993-11-11,
1993-11-12,0.5913740074530424
1993-11-13,
1993-11-14,
1993-11-15,0.6896243384333937
1993-11-16,0.5855709375727665
1993-11-17,
1993-11-18,
1993-11-19,
1993-11-20,0.4783853278823923
1993-11-21,
1993-11-22,0.5705048422836492
1993-11-23,0.6069304745440617
1993-11-24,0.5789517099775489
1993-11-25,
1993-11-26,
1993-11-27,
1993-11-28,0.6113127352645344
1993-11-29,
1993-11-30,0.5210323556886999
1993-12-01,
1993-12-02,
1993-12-03,
1993-12-04,
1993-12-05,0.5669994154977167
1993-12-06,0.5215715890436442
1993-12-07,0.5885294176943879
1993-12-08,
1993-12-09,
1993-12-10,
1993-12-11,
1993-12-12,
1993-12-13,
1993-12-14,
1993-12-15,0.5348900033625811
1993-12-16,0.5225720895225975
1993-12-17,
1993-12-18,
1993-12-19,
1993-12-20,
1993-12-21,
1993-12-22,0.47751535230358994
1993-12-23,
1993-12-24,
1993-12-25,
1993-12-26,
1993-12-27,
1993-12-28,
1993-12-29,
1993-12-30,
1993-12-31,
1994-01-01,
1994-01-02,
1994-01-03,
1994-01-04,
1994-01-05,
1994-01-06,
1994-01-07,
1994-01-08,
1994-01-09,
1994-01-10,
1994-01-11,
1994-01-12,
1994-01-13,
1994-01-14,
1994-01-15,
1994-01-16,
1994-01-17,
1994-01-18,
1994-01-19,
1994-01-20,
1994-01-21,
1994-01-22,
1994-01-23,
1994-01-24,
1994-01-25,
1994-01-26,
1994-01-27,
1994-01-28,
1994-01-29,
1994-01-30,
1994-01-31,
1994-02-01,
1994-02-02,
1994-02-03,
1994-02-04,
1994-02-05,
1994-02-06,
1994-02-07,
1994-02-08,
1994-02-09,
1994-02-10,
1994-02-11,
1994-02-12,
1994-02-13,
1994-02-14,
1994-02-15,
1994-02-16,
1994-02-17,
1994-02-18,
1994-02-19,
1994-02-20,
1994-02-21,0.3051626679176076
1994-02-22,0.39651863006649246
1994-02-23,
1994-02-24,
1994-02-25,
1994-02-26,
1994-02-27,
1994-02-28,
1994-03-01,
1994-03-02,
1994-03-03,
1994-03-04,
1994-03-05,
1994-03-06,
1994-03-07,
1994-03-08,
1994-03-09,
1994-03-10,
1994-03-11,
1994-03-12,
1994-03-13,
1994-03-14,
1994-03-15,
1994-03-16,
1994-03-17,
1994-03-18,
1994-03-19,
1994-03-20,
1994-03-21,
1994-03-22,
1994-03-23,
1994-03-24,
1994-03-25,0.5315197535044992
1994-03-26,
1994-03-27,
1994-03-28,
1994-03-29,
1994-03-30,
1994-03-31,0.336404618928446
1994-04-01,0.39698775114814244
1994-04-02,0.4800626096984584
1994-04-03,
1994-04-04,0.5625243747203441
1994-04-05,
1994-04-06,
1994-04-07,0.5949211833149106
1994-04-08,0.4346698067738525
1994-04-09,
1994-04-10,0.6360530328583373
1994-04-11,0.6086642544871459
1994-04-12,
1994-04-13,
1994-04-14,0.7159912693726936
1994-04-15,0.5945092124289876
1994-04-16,0.6363379680387562
1994-04-17,
1994-04-18,0.5707369337979095
1994-04-19,0.5538240622344733
1994-04-20,
1994-04-21,
1994-04-22,0.46927076391533235
1994-04-23,0.45865666666666666
1994-04-24,0.5656593123304029
1994-04-25,
1994-04-26,
1994-04-27,0.6125375937321053
1994-04-28,
1994-04-29,
1994-04-30,0.5456814898896774
1994-05-01,0.6024228053193825
1994-05-02,0.5665807568531896
1994-05-03,0.5594677944505887
1994-05-04,0.5548854492469935
1994-05-05,0.5953261480188582
1994-05-06,
1994-05-07,0.7404675365393489
1994-05-08,0.6066025746801901
1994-05-09,
1994-05-10,
1994-05-11,0.5772041373261904
1994-05-12,0.6214418839890771
1994-05-13,
1994-05-14,
1994-05-15,0.5622701864370674
1994-05-16,0.6700393595914415
1994-05-17,0.6194300550099858
1994-05-18,0.6316649961018446
1994-05-19,0.6168847229029196
1994-05-20,0.6439595789675681
1994-05-21,
1994-05-22,
1994-05-23,0.6550078411102864
1994-05-24,0.5937432457997897
1994-05-25,0.6862021360942422
1994-05-26,0.6596421316722727
1994-05-27,0.691235638431135
1994-05-28,0.3878246229137915
1994-05-29,
1994-05-30,0.8045089692066852
1994-05-31,0.6152164470918455
1994-06-01,0.6747794881879533
1994-06-02,0.6256034449490087
1994-06-03,0.6433747602007932
1994-06-04,0.6420132609235024
1994-06-05,
1994-06-06,
1994-06-07,0.5376557974794062
1994-06-08,0.6504823808348381
1994-06-09,0.6560042128246819
1994-06-10,0.6156576280388599
1994-06-11,0.658709874379898
1994-06-12,
1994-06-13,
1994-06-14,
1994-06-15,0.6236595957120794
1994-06-16,0.6333822265325518
1994-06-17,
1994-06-18,0.6875598879528924
1994-06-19,
1994-06-20,
1994-06-21,
1994-06-22,0.7604066957640806
1994-06-23,0.6227113858429825
1994-06-24,
1994-06-25,0.7081782343273264
1994-06-26,0.6643761423732831
1994-06-27,0.6449225432845407
1994-06-28,
1994-06-29,
1994-06-30,0.658636743811487
1994-07-01,0.6563969230693132
1994-07-02,
1994-07-03,
1994-07-04,0.6646543328871559
1994-07-05,0.627249387276331
1994-07-06,
1994-07-07,
1994-07-08,0.7653438793572687
1994-07-09,0.6954986566666931
1994-07-10,0.6830280165767978
1994-07-11,0.6604470680499323
1994-07-12,0.6259230880736343
1994-07-13,
1994-07-14,
1994-07-15,0.7360834142005668
1994-07-16,0.6353593882176582
1994-07-17,0.7025957942641804
1994-07-18,0.6743668665553618
1994-07-19,0.7150602998860159
1994-07-22,
1994-07-23,0.653738979018644
1994-07-24,0.6772255170721634
1994-07-25,0.6697906362096692
1994-07-26,0.6671855359312355
1994-07-27,0.6797942720578533
1994-07-28,0.4789677368070592
1994-07-29,
1994-07-30,0.9132802697323746
1994-07-31,0.7162002922052222
1994-08-01,
1994-08-02,
1994-08-03,
1994-08-04,
1994-08-05,
1994-08-08,0.6274608561694411
1994-08-09,
1994-08-10,0.6715243688126468
1994-08-11,0.6488113903749446
1994-08-12,0.6641042645936209
1994-08-13,
1994-08-15,0.6449390693096638
1994-08-16,0.6154036566280578
1994-08-17,0.6676115773643061
1994-08-18,0.716916871034635
1994-08-19,0.7332632072518873
1994-08-20,
1994-08-21,
1994-08-22,0.818376820738216
1994-08-23,0.6078702916121671
1994-08-24,0.6064958898491339
1994-08-25,
1994-08-26,
1994-08-27,
1994-08-28,
1994-08-29,
1994-08-30,0.5961576116960403
1994-08-31,
1994-09-01,0.6581683632805719
1994-09-02,0.6051738445723392
1994-09-03,0.6283551603863347
1994-09-04,0.6433787867843148
1994-09-05,
1994-09-06,
1994-09-07,0.6540655137615756
1994-09-08,0.6376637031257583
1994-09-09,0.6295409401556263
1994-09-10,
1994-09-11,
1994-09-12,
1994-09-13,
1994-09-14,0.7313240803104025
1994-09-15,0.6205242512315923
1994-09-16,0.6535310473996462
1994-09-17,0.6884300086342515
1994-09-18,0.697806441103531
1994-09-19,0.6603272788442781
1994-09-20,
1994-09-21,
1994-09-22,
1994-09-23,0.7534092913207034
1994-09-24,0.6783688661842724
1994-09-25,0.7217508231571852
1994-09-26,0.6949053677281909
1994-09-27,
1994-09-28,
1994-09-29,0.885
1994-09-30,0.593633206641028
1994-10-01,0.6642509803564172
1994-10-02,0.6649545454545456
1994-10-03,0.6197826243813218
1994-10-04,0.6492609901465918
1994-10-05,
1994-10-06,
1994-10-07,0.5138718169521549
1994-10-08,0.6215443679201301
1994-10-09,0.6652215304933897
1994-10-10,0.6137843088561392
1994-10-11,0.6620526288535434
1994-10-12,0.5489054896804955
1994-10-13,
1994-10-14,
1994-10-15,0.6179663222186335
1994-10-16,0.628867417321053
1994-10-17,0.5805650159565218
1994-10-18,0.6693601535679757
1994-10-19,
1994-10-20,
1994-10-21,
1994-10-22,0.7981418893606406
1994-10-23,
1994-10-24,0.47429276580830393
1994-10-25,0.6391891147001434
1994-10-26,
1994-10-27,0.7338910472634943
1994-10-28,
1994-10-29,
1994-10-30,0.5746590340216448
1994-10-31,
1994-11-01,
1994-11-02,0.6276569854010897
1994-11-03,0.617631289554423
1994-11-04,0.6387819941603324
1994-11-05,
1994-11-06,
1994-11-07,0.6614228577462181
1994-11-08,0.6143442254050255
1994-11-09,0.625447140061589
1994-11-10,0.611484076433121
1994-11-11,0.6435441045054164
1994-11-12,
1994-11-13,
1994-11-14,
1994-11-15,0.6463017739419327
1994-11-16,0.6122725836849348
1994-11-17,
1994-11-18,
1994-11-19,0.5907353330649424
1994-11-22,
1994-11-23,0.5382512753623786
1994-11-24,
1994-11-25,
1994-11-26,
1994-11-27,
1994-11-28,
1994-11-29,
1994-11-30,0.42841395103052604
1994-12-01,
1994-12-02,
1994-12-03,0.421653823531838
1994-12-04,0.5944259697736577
1994-12-05,
1994-12-06,
1994-12-07,0.5671519616188675
1994-12-08,
1994-12-09,
1994-12-10,
1994-12-11,
1994-12-12,
1994-12-13,
1994-12-14,
1994-12-15,
1994-12-16,
1994-12-17,
1994-12-18,
1994-12-19,
1994-12-20,
1994-12-21,
1994-12-22,
1994-12-23,
1994-12-24,
1994-12-25,
1994-12-26,
1994-12-27,
1994-12-28,
1994-12-29,
1994-12-30,
1994-12-31,
1995-01-01,
1995-01-02,
1995-01-03,
1995-01-04,
1995-01-05,
1995-01-06,
1995-01-07,
1995-01-08,
1995-01-09,
1995-01-10,
1995-01-11,
1995-01-12,
1995-01-13,
1995-01-14,
1995-01-15,
1995-01-16,
1995-01-17,
1995-01-18,0.5588849996344668
1995-01-19,0.28276190476190477
1995-01-20,
1995-01-21,
1995-01-22,0.4681340200620364
1995-01-23,
1995-01-24,
1995-01-25,
1995-01-26,
1995-01-27,
1995-01-28,
1995-01-29,
1995-01-30,
1995-01-31,
1995-02-01,
1995-02-02,
1995-02-03,
1995-02-04,
1995-02-05,
1995-02-06,
1995-02-07,
1995-02-08,
1995-02-09,
1995-02-10,
1995-02-11,
1995-02-12,
1995-02-13,
1995-02-14,
1995-02-15,
1995-02-16,
1995-02-17,
1995-02-18,
1995-02-19,
1995-02-20,
1995-02-21,
1995-02-22,
1995-02-23,
1995-02-24,
1995-02-25,
1995-02-26,
1995-02-27,
1995-02-28,
1995-03-01,
1995-03-02,
1995-03-03,
1995-03-04,
1995-03-05,
1995-03-06,
1995-03-07,
1995-03-08,
1995-03-09,
1995-03-10,
1995-03-11,
1995-03-12,
1995-03-13,
1995-03-14,
1995-03-15,
1995-03-16,0.5164318876829898
1995-03-17,
1995-03-18,0.5470900732730086
1995-03-19,
1995-03-20,
1995-03-21,0.6160192600557153
1995-03-22,
1995-03-23,
1995-03-24,
1995-03-25,
1995-03-26,
1995-03-27,
1995-03-28,
1995-03-29,
1995-03-30,
1995-03-31,0.591552167055086
1995-04-01,
1995-04-02,
1995-04-03,
1995-04-04,
1995-04-05,
1995-04-06,
1995-04-07,
1995-04-08,
1995-04-09,0.5716290293771721
1995-04-10,0.4262478287232202
1995-04-11,
1995-04-12,0.5822454094138076
1995-04-13,0.4823056757730209
1995-04-14,
1995-04-15,
1995-04-16,0.535659593113345
1995-04-17,
1995-04-18,0.5410192084359977
1995-04-19,0.6592010570100856
1995-04-20,0.6139828900585212
1995-04-21,
1995-04-22,
1995-04-23,0.489131144072317
1995-04-24,0.5311610549476027
1995-04-25,
1995-04-26,0.5793199451164399
1995-04-27,0.6403710590100553
1995-04-28,0.6358193739538539
1995-04-29,
1995-04-30,
1995-05-01,0.6103607560514158
1995-05-02,0.6202733514619416
1995-05-03,
1995-05-04,0.6022012567547262
1995-05-05,
1995-05-06,
1995-05-07,
1995-05-08,
1995-05-09,0.5501269286848566
1995-05-10,0.5758201816359855
1995-05-11,0.5903451091785997
1995-05-12,
1995-05-13,0.5998828872200473
1995-05-14,0.6416178281932382
1995-05-15,
1995-05-16,
1995-05-17,0.8656315789473685
1995-05-18,0.57347429424454
1995-05-19,
1995-05-20,
1995-05-21,
1995-05-22,
1995-05-23,0.6199329635791911
1995-05-24,
1995-05-25,
1995-05-26,0.5767815392960715
1995-05-27,
1995-05-28,0.6192665880548728
1995-05-29,0.7168018824961845
1995-05-30,0.6439159711770124
1995-05-31,0.6232469940317782
1995-06-01,
1995-06-02,
1995-06-03,0.7710529246012464
1995-06-04,0.6723479783333105
1995-06-05,0.6487147056387933
1995-06-06,0.6307076051665047
1995-06-07,0.747424636623779
1995-06-08,0.6920135201643473
1995-06-09,0.49959302339244527
1995-06-10,
1995-06-11,
1995-06-12,0.6723123583791908
1995-06-13,0.6527118906990818
1995-06-14,
1995-06-15,0.6480929707467064
1995-06-16,0.6208438264220675
1995-06-17,0.6023368357798484
1995-06-18,
1995-06-19,
1995-06-20,0.6066649546588333
1995-06-21,0.5776187756408833
1995-06-22,0.6094326069320356
1995-06-23,0.642548978533236
1995-06-24,0.6220448362134852
1995-06-25,0.71377614112966
1995-06-26,
1995-06-27,
1995-06-28,
1995-06-29,0.584376634411802
1995-06-30,
1995-07-01,
1995-07-02,0.6910608394770269
1995-07-03,0.6256162113857193
1995-07-04,0.6574371501811086
1995-07-05,
1995-07-06,
1995-07-07,0.6266662521206763
1995-07-08,0.6770319196124179
1995-07-09,
1995-07-10,0.6531495271210324
1995-07-11,0.6521624762046814
1995-07-12,
1995-07-13,
1995-07-14,
1995-07-15,
1995-07-16,
1995-07-17,0.7036920625950722
1995-07-18,0.7013127785244472
1995-07-19,
1995-07-20,
1995-07-21,0.531025049642381
1995-07-22,
1995-07-23,
1995-07-24,
1995-07-25,
1995-07-26,
1995-07-27,
1995-07-28,0.6893768948783845
1995-07-29,0.7116871908226353
1995-07-30,
1995-07-31,
1995-08-01,0.6047850564808456
1995-08-02,0.6391310923999832
1995-08-03,0.6866119050744728
1995-08-04,0.6791457216287284
1995-08-05,0.7153926548209947
1995-08-06,0.719472658685586
1995-08-07,
1995-08-08,
1995-08-09,
1995-08-10,0.5927861405573375
1995-08-11,0.641138691361981
1995-08-12,
1995-08-13,0.6419817806143548
1995-08-14,0.6953075353009879
1995-08-15,0.6885168995215298
1995-08-16,
1995-08-17,
1995-08-18,0.5929720301561888
1995-08-19,0.6200355567912972
1995-08-20,0.6100876457559096
1995-08-21,0.6981605175096834
1995-08-22,0.6636246211281713
1995-08-23,0.6625843019326614
1995-08-24,
1995-08-25,
1995-08-26,0.7455206598743567
1995-08-27,0.6843757489368025
1995-08-28,0.6195660212086564
1995-08-29,0.6314471118515251
1995-08-30,0.6496039684516994
1995-08-31,
1995-09-01,0.4912332974083651
1995-09-02,
1995-09-03,
1995-09-04,0.6150880732663068
1995-09-05,0.6427482038426207
1995-09-06,0.6252274266634013
1995-09-07,0.6735693654317148
1995-09-08,0.7074003685639876
1995-09-09,0.6938375187441146
1995-09-10,
1995-09-11,
1995-09-12,0.5944049984047025
1995-09-13,0.6604657093671824
1995-09-14,0.6822739634141145
1995-09-15,
1995-09-16,0.6416714022075077
1995-09-17,0.70313442849386
1995-09-18,
1995-09-19,
1995-09-20,0.8244469129060076
1995-09-21,
1995-09-22,0.7234504373143689
1995-09-23,0.5993568122434053
1995-09-24,0.580606331334236
1995-09-25,
1995-09-26,0.6493637972285101
1995-09-27,
1995-09-28,
1995-09-29,
1995-09-30,0.5657839006980087
1995-10-01,0.631849732326718
1995-10-02,
1995-10-03,0.6529637281441272
1995-10-04,0.6915547108581518
1995-10-05,
1995-10-06,
1995-10-07,0.6671476036953092
1995-10-08,0.6056823344060475
1995-10-09,0.5948861298272111
1995-10-10,0.6246513859751028
1995-10-11,0.6392554684904233
1995-10-12,0.6026602274557439
1995-10-13,0.33180503919250154
1995-10-14,
1995-10-15,
1995-10-16,0.5807931234322072
1995-10-17,
1995-10-18,0.5840182933031349
1995-10-19,0.6034920231574632
1995-10-20,
1995-10-21,0.6530668393697028
1995-10-22,
1995-10-23,
1995-10-24,
1995-10-25,
1995-10-26,0.589259164791729
1995-10-27,0.6574297100497534
1995-10-28,0.6345991349485638
1995-10-29,0.6497024428749231
1995-10-30,
1995-10-31,
1995-11-01,0.7980070600221448
1995-11-02,0.7318107417377873
1995-11-03,0.5551975262920634
1995-11-04,0.5312963210692572
1995-11-05,0.49020949501049155
1995-11-06,0.5092025462962964
1995-11-07,0.42404889826416253
1995-11-08,
1995-11-09,
1995-11-10,
1995-11-11,0.3828185945212287
1995-11-12,
1995-11-13,
1995-11-14,
1995-11-15,0.6024006662737641
1995-11-16,
1995-11-17,
1995-11-18,
1995-11-19,0.25375510204081636
1995-11-20,0.5304075969067487
1995-11-21,
1995-11-22,0.5836528322917259
1995-11-23,
1995-11-24,
1995-11-25,
1995-11-26,
1995-11-27,
1995-11-28,0.5382215491310195
1995-11-29,
1995-11-30,
1995-12-01,
1995-12-02,
1995-12-03,
1995-12-04,
1995-12-05,
1995-12-06,
1995-12-07,
1995-12-08,
1995-12-09,
1995-12-10,
1995-12-11,
1995-12-12,
1995-12-13,
1995-12-14,
1995-12-15,
1995-12-16,
1995-12-17,
1995-12-18,
1995-12-19,
1995-12-20,
1995-12-21,
1995-12-22,
1995-12-23,
1995-12-24,
1995-12-25,
1995-12-26,
1995-12-27,
1995-12-28,
1995-12-29,
1995-12-30,
1995-12-31,
1996-01-01,
1996-01-02,
1996-01-03,
1996-01-04,
1996-01-05,
1996-01-06,
1996-01-07,
1996-01-08,
1996-01-09,
1996-01-10,
1996-01-11,
1996-01-12,
1996-01-13,
1996-01-14,
1996-01-15,
1996-01-16,
1996-01-17,
1996-01-18,
1996-01-19,
1996-01-20,
1996-01-21,
1996-01-22,
1996-01-23,
1996-01-24,
1996-01-25,0.47362170091529787
1996-01-26,
1996-01-27,
1996-01-28,0.39714548004539585
1996-01-29,
1996-01-30,
1996-01-31,
1996-02-01,
1996-02-02,
1996-02-03,
1996-02-04,
1996-02-05,
1996-02-06,
1996-02-07,
1996-02-08,
1996-02-09,
1996-02-10,0.5594460550099717
1996-02-11,
1996-02-12,
1996-02-13,
1996-02-14,
1996-02-15,
1996-02-16,
1996-02-17,
1996-02-18,
1996-02-19,
1996-02-20,
1996-02-21,
1996-02-22,0.44763762995839
1996-02-23,
1996-02-24,
1996-02-25,
1996-02-26,
1996-02-27,0.38298649098180787
1996-02-28,0.4715828586856292
1996-02-29,
1996-03-01,
1996-03-02,
1996-03-03,
1996-03-04,
1996-03-05,
1996-03-06,
1996-03-07,
1996-03-08,
1996-03-09,
1996-03-10,
1996-03-11,
1996-03-12,
1996-03-13,
1996-03-14,
1996-03-15,
1996-03-16,
1996-03-17,
1996-03-18,
1996-03-19,
1996-03-20,0.5925736183021825
1996-03-21,
1996-03-22,
1996-03-23,
1996-03-24,
1996-03-25,0.48078675658523456
1996-03-26,0.601600012892198
1996-03-27,0.41521465423030984
1996-03-28,
1996-03-29,
1996-03-30,
1996-03-31,
1996-04-01,
1996-04-02,0.552113335129148
1996-04-03,
1996-04-04,
1996-04-05,0.6431357185890818
1996-04-06,
1996-04-07,
1996-04-08,
1996-04-09,
1996-04-10,
1996-04-11,
1996-04-12,0.5245769947604407
1996-04-13,0.5149534114981567
1996-04-14,0.5143814278370524
1996-04-15,
1996-04-16,
1996-04-17,0.4533319016445787
1996-04-18,0.5102364713040749
1996-04-19,0.5326737488172165
1996-04-20,0.5563550711719596
1996-04-21,
1996-04-22,0.5768223640084865
1996-04-23,
1996-04-24,
1996-04-25,0.6022071723473893
1996-04-26,0.5427981100439948
1996-04-27,0.5336775284573982
1996-04-28,0.5429546836938531
1996-04-29,0.5468923510716668
1996-04-30,0.5775568073574313
1996-05-01,0.45174253935564385
1996-05-02,
1996-05-03,
1996-05-04,0.5294384422984476
1996-05-05,0.5498291893323531
1996-05-06,0.609810933583742
1996-05-07,0.531400689362595
1996-05-08,0.6072108303525586
1996-05-09,0.5847742427021629
1996-05-10,
1996-05-11,
1996-05-12,0.5062122496347272
1996-05-13,0.5841149747343646
1996-05-15,
1996-05-16,0.5892533062961018
1996-05-17,0.6224337494303488
1996-05-18,
1996-05-19,
1996-05-20,0.7615089334207357
1996-05-21,
1996-05-22,0.6059302295706023
1996-05-23,0.5945224600854733
1996-05-24,
1996-05-25,0.6325821583734066
1996-05-26,0.5418774306117163
1996-05-27,
1996-05-28,
1996-05-29,0.596285656906656
1996-05-31,
1996-06-01,
1996-06-02,0.60014550023605
1996-06-03,0.6281441930985746
1996-06-04,
1996-06-05,
1996-06-06,0.594332556475031
1996-06-07,0.6150071248066478
1996-06-08,0.6634844722525745
1996-06-09,0.6793745597744097
1996-06-10,0.719119408416804
1996-06-11,0.6933934959579815
1996-06-12,
1996-06-13,
1996-06-14,0.8530452131459872
1996-06-15,
1996-06-16,0.5894561798409349
1996-06-17,0.6385243436106862
1996-06-18,0.6544146212773472
1996-06-19,0.6375983967855614
1996-06-20,0.6653600871862384
1996-06-21,
1996-06-22,
1996-06-23,0.6015172502620787
1996-06-24,
1996-06-25,0.6689805967815042
1996-06-26,0.6628839484835924
1996-06-27,0.6396452571746943
1996-06-28,0.6613465532885298
1996-06-29,
1996-06-30,
1996-07-01,0.6531503571366163
1996-07-02,0.6127388004907224
1996-07-03,0.6621008264539272
1996-07-04,0.6641571776160002
1996-07-05,0.6649641369704252
1996-07-06,0.6732820208208871
1996-07-07,0.5094992124633523
1996-07-08,
1996-07-09,
1996-07-10,0.6185028183694155
1996-07-11,0.6263566892488595
1996-07-12,0.6162964086332839
1996-07-13,0.7347814964030492
1996-07-14,0.6769933849268673
1996-07-15,0.6834268722341587
1996-07-16,
1996-07-17,
1996-07-18,0.6020820178432995
1996-07-19,0.6724527573668369
1996-07-20,0.6381005552131206
1996-07-21,0.6477140960886422
1996-07-22,0.6373834861342452
1996-07-23,
1996-07-24,
1996-07-25,
1996-07-26,0.6767150329629441
1996-07-27,0.6271479503684265
1996-07-28,0.6725354398991947
1996-07-29,0.640544265922502
1996-07-30,0.6793105922596367
1996-07-31,0.655800408550841
1996-08-01,0.4865853596855969
1996-08-02,
1996-08-03,
1996-08-04,0.6595318181280276
1996-08-05,0.6483446658452988
1996-08-06,0.6781295005713561
1996-08-07,0.6226278662642973
1996-08-08,0.659694658751386
1996-08-09,0.6880059398029923
1996-08-10,
1996-08-11,
1996-08-12,0.6254981836871012
1996-08-13,0.6786563931180466
1996-08-14,
1996-08-15,0.6512710555764262
1996-08-16,0.7074505407935717
1996-08-17,0.6463487796998724
1996-08-18,
1996-08-19,
1996-08-20,
1996-08-21,0.6848149055680404
1996-08-22,0.6352628430800727
1996-08-23,0.6527424981670764
1996-08-24,0.6920628760444096
1996-08-25,0.6384373122200049
1996-08-26,0.5221180732188293
1996-08-27,
1996-08-28,
1996-08-29,0.620007550912251
1996-08-30,0.5854411463360807
1996-08-31,
1996-09-01,0.6748738796977125
1996-09-02,0.7043661244137073
1996-09-03,0.7024924527640983
1996-09-04,
1996-09-05,
1996-09-06,0.6115429974803404
1996-09-07,0.6678137111963515
1996-09-08,0.7056048545111602
1996-09-09,0.742526647929242
1996-09-10,0.6937756260609613
1996-09-11,0.6956093736855927
1996-09-12,
1996-09-13,
1996-09-14,0.7992446937216535
1996-09-15,0.6025519131938486
1996-09-16,0.6171861001580862
1996-09-17,0.6870996663741755
1996-09-18,0.7457040424657088
1996-09-19,0.6394924684132347
1996-09-20,0.539761091743462
1996-09-21,
1996-09-22,
1996-09-23,0.6139896581524122
1996-09-24,0.5885518804250418
1996-09-25,
1996-09-26,0.5974246492017145
1996-09-27,0.6795677701815114
1996-09-28,0.6715554172206324
1996-09-29,
1996-09-30,
1996-10-01,0.6123870457485456
1996-10-02,0.6292830657375124
1996-10-03,
1996-10-04,0.561458314555844
1996-10-05,
1996-10-06,
1996-10-07,
1996-10-08,
1996-10-09,0.8639134920011007
1996-10-10,0.6453059530739925
1996-10-11,0.6309469773834214
1996-10-12,
1996-10-13,0.6453167721172298
1996-10-14,0.6451935311244581
1996-10-15,0.4997231387641869
1996-10-16,
1996-10-17,
1996-10-18,0.585261032148798
1996-10-19,
1996-10-20,0.6761838702188294
1996-10-21,0.6840341439364042
1996-10-22,0.6417672548016925
1996-10-23,0.5927731194197712
1996-10-24,
1996-10-25,
1996-10-26,0.5883666518984263
1996-10-27,
1996-10-28,0.6462973398269257
1996-10-29,0.537558071093186
1996-10-30,0.600763848759984
1996-10-31,0.5420620539897646
1996-11-01,
1996-11-02,
1996-11-03,
1996-11-04,
1996-11-05,0.5783441187958989
1996-11-06,
1996-11-07,0.6381337057668063
1996-11-08,0.6542998028567213
1996-11-09,0.6388798344239295
1996-11-10,
1996-11-11,
1996-11-12,
1996-11-13,
1996-11-14,
1996-11-15,
1996-11-16,
1996-11-17,
1996-11-18,
1996-11-19,
1996-11-20,0.4070534763682127
1996-11-21,
1996-11-22,
1996-11-23,
1996-11-24,0.5663072075751109
1996-11-25,
1996-11-26,
1996-11-27,
1996-11-28,
1996-11-29,
1996-11-30,
1996-12-01,
1996-12-02,0.606453557788097
1996-12-03,0.4756867280247633
1996-12-04,
1996-12-05,
1996-12-06,
1996-12-07,
1996-12-08,
1996-12-09,
1996-12-10,
1996-12-11,
1996-12-12,
1996-12-13,
1996-12-14,
1996-12-15,0.42815287769784177
1996-12-16,0.41708777466418673
1996-12-17,0.4045940084962806
1996-12-18,0.49078043900638635
1996-12-19,0.5308476756265048
1996-12-20,0.45378121794871795
1996-12-21,
1996-12-22,
1996-12-23,
1996-12-24,
1996-12-25,
1996-12-26,
1996-12-27,
1996-12-28,
1996-12-29,0.3320091129521954
1996-12-30,
1996-12-31,
1997-01-01,
1997-01-02,
1997-01-03,
1997-01-04,
1997-01-05,
1997-01-06,0.531508474705178
1997-01-07,
1997-01-08,
1997-01-09,
1997-01-10,
1997-01-11,
1997-01-12,
1997-01-13,
1997-01-14,
1997-01-15,
1997-01-16,
1997-01-17,
1997-01-18,
1997-01-19,
1997-01-20,
1997-01-21,
1997-01-22,
1997-01-23,0.5829398862427919
1997-01-24,
1997-01-25,
1997-01-26,
1997-01-27,
1997-01-28,
1997-01-29,
1997-01-30,
1997-01-31,
1997-02-01,
1997-02-02,
1997-02-03,
1997-02-04,
1997-02-05,
1997-02-06,
1997-02-07,
1997-02-08,
1997-02-09,
1997-02-10,
1997-02-11,
1997-02-12,
1997-02-13,
1997-02-14,
1997-02-15,
1997-02-16,
1997-02-17,
1997-02-18,
1997-02-19,
1997-02-20,0.4821968411257371
1997-02-21,
1997-02-22,0.5160671422980633
1997-02-23,
1997-02-24,
1997-02-25,
1997-02-26,
1997-02-27,
1997-02-28,0.5659357931419889
1997-03-01,
1997-03-02,
1997-03-03,0.48715029156369277
1997-03-04,
1997-03-05,
1997-03-06,
1997-03-07,
1997-03-08,
1997-03-09,
1997-03-10,
1997-03-11,
1997-03-12,
1997-03-13,
1997-03-14,
1997-03-15,
1997-03-16,
1997-03-17,
1997-03-18,
1997-03-19,
1997-03-20,
1997-03-21,
1997-03-22,
1997-03-23,
1997-03-24,
1997-03-25,
1997-03-26,
1997-03-27,0.4491549107029627
1997-03-28,0.36974506797732487
1997-03-29,0.5323984771432038
1997-03-30,0.5652622487949294
1997-03-31,0.43085504047480955
1997-04-01,
1997-04-02,
1997-04-03,
1997-04-04,
1997-04-05,
1997-04-06,0.6211175745201533
1997-04-07,0.5545915668442356
1997-04-08,0.5474282612579594
1997-04-09,
1997-04-10,
1997-04-11,
1997-04-12,
1997-04-13,0.41772475929444297
1997-04-14,0.606963081713508
1997-04-15,
1997-04-16,
1997-04-17,
1997-04-18,
1997-04-19,0.5177693956107011
1997-04-20,0.4715519975951239
1997-04-21,0.5393094616045034
1997-04-22,0.5481719045807952
1997-04-23,0.579859941616571
1997-04-24,0.5622354513177602
1997-04-25,0.30091697705635534
1997-04-26,
1997-04-27,
1997-04-28,0.6161188196326255
1997-04-29,0.512018061785465
1997-04-30,0.5073441400758403
1997-05-01,0.5729815328731978
1997-05-02,0.5747857647106939
1997-05-03,0.5719454338495361
1997-05-04,
1997-05-05,
1997-05-06,0.5903204668868139
1997-05-07,
1997-05-08,0.5650603665676869
1997-05-09,0.569133360560786
1997-05-10,0.5407032550774349
1997-05-11,0.5742569731948127
1997-05-12,
1997-05-13,
1997-05-14,0.5883173589933458
1997-05-15,0.6152912611785712
1997-05-16,0.5908561770318929
1997-05-17,0.5802174015928397
1997-05-18,0.612861034929718
1997-05-19,0.7263032110295352
1997-05-20,0.49946666666666667
1997-05-21,
1997-05-22,
1997-05-23,
1997-05-24,0.6116232944036084
1997-05-25,0.6629900244178094
1997-05-26,0.5693381563571406
1997-05-27,0.6323703431570906
1997-05-28,0.6144197323717205
1997-05-29,
1997-05-30,
1997-05-31,0.5972842297566461
1997-06-01,0.6716109318891738
1997-06-02,0.6206289107425279
1997-06-03,0.6291786075673946
1997-06-04,0.6875844359417757
1997-06-05,0.649436585636003
1997-06-06,
1997-06-07,
1997-06-08,0.6411354741684396
1997-06-09,0.5886544345879181
1997-06-10,0.6279915390438845
1997-06-11,0.6379628697245087
1997-06-12,0.6749252341014544
1997-06-13,0.6882620285947906
1997-06-14,
1997-06-15,
1997-06-16,
1997-06-17,0.5919547590915718
1997-06-18,0.6930021211107512
1997-06-19,0.6868597317420241
1997-06-20,0.6213789457924066
1997-06-21,0.6461386035376471
1997-06-22,
1997-06-23,
1997-06-24,
1997-06-25,0.6255627542861606
1997-06-26,0.6552050340582487
1997-06-27,0.6128665029253751
1997-06-28,0.6246881553671301
1997-06-29,0.648768207811975
1997-06-30,0.6350767476253322
1997-07-01,
1997-07-02,
1997-07-03,0.584882727809475
1997-07-04,0.6022866780473604
1997-07-05,0.6096135493078282
1997-07-06,0.6131360172144399
1997-07-07,0.639872658106616
1997-07-08,0.6253403443632979
1997-07-09,
1997-07-10,
1997-07-11,0.8872047372197575
1997-07-12,0.6208664649033755
1997-07-13,0.6594227413943621
1997-07-14,0.6612942061976066
1997-07-15,0.7165983688375988
1997-07-16,0.6712484578853034
1997-07-17,0.6409582299458747
1997-07-18,
1997-07-19,
1997-07-20,0.6033436944172205
1997-07-21,0.6316064830375241
1997-07-22,0.6407716098668115
1997-07-23,
1997-07-24,0.642944418015142
1997-07-25,0.6615545050154321
1997-07-26,
1997-07-27,
1997-07-28,0.6369998445286922
1997-07-29,0.6287718479895128
1997-07-30,0.6334164139848266
1997-07-31,0.6471548484915896
1997-08-01,0.646224616616887
1997-08-02,0.6722976467197449
1997-08-03,
1997-08-04,
1997-08-05,0.8445780663371625
1997-08-06,
1997-08-07,0.6261156662642424
1997-08-08,0.6796517101599325
1997-08-09,0.6732370750614068
1997-08-10,0.663625982517129
1997-08-11,
1997-08-12,
1997-08-13,
1997-08-14,0.6305560854682417
1997-08-15,0.6345077177994832
1997-08-16,0.6789627965960972
1997-08-17,0.6672807949995259
1997-08-18,0.67824754143889
1997-08-19,0.680857860600291
1997-08-20,
1997-08-21,
1997-08-22,0.6004837684056509
1997-08-23,0.6193973044095193
1997-08-24,0.6131143776255561
1997-08-25,0.610318843975871
1997-08-26,0.6858499957621432
1997-08-27,0.6723983881260787
1997-08-28,
1997-08-29,
1997-08-30,0.817969640873097
1997-08-31,0.6013553765040838
1997-09-01,
1997-09-02,0.6417979165141208
1997-09-03,0.6346235629091558
1997-09-04,0.6628249632012359
1997-09-05,0.5559874820232628
1997-09-06,
1997-09-07,
1997-09-08,0.6408350823282108
1997-09-09,0.6524033813988261
1997-09-10,0.6301624200240112
1997-09-11,0.6980545989552607
1997-09-12,0.6920477419854536
1997-09-13,0.6720188966159123
1997-09-14,
1997-09-15,
1997-09-16,0.6258463041933148
1997-09-17,0.6211817655556988
1997-09-18,0.629085147273973
1997-09-19,0.6348006193722623
1997-09-20,0.699298949982178
1997-09-21,0.6469677458070631
1997-09-22,
1997-09-23,
1997-09-24,0.7919103367781464
1997-09-25,0.5955669963708509
1997-09-26,0.6385910527348643
1997-09-27,0.6392927872950754
1997-09-28,0.6564926093584543
1997-09-29,0.7072272716727115
1997-09-30,0.5069680075681224
1997-10-01,
1997-10-02,
1997-10-03,0.6101733881521858
1997-10-04,0.6280184735918753
1997-10-05,0.6976033970383616
1997-10-06,0.659171550855394
1997-10-07,0.6164900028496919
1997-10-08,0.6629209372583631
1997-10-09,
1997-10-10,
1997-10-11,0.6144964827566722
1997-10-12,0.6049397944593481
1997-10-13,0.6586869194784354
1997-10-14,0.6519109195304418
1997-10-15,0.6885584294556131
1997-10-16,0.6555453374912842
1997-10-17,
1997-10-18,
1997-10-19,0.6606525412879273
1997-10-20,0.5900551858420641
1997-10-21,0.5954950289341034
1997-10-22,0.301047619047619
1997-10-23,
1997-10-24,0.5114022305533792
1997-10-25,
1997-10-26,
1997-10-27,
1997-10-28,0.5617877587498411
1997-10-29,0.4948035377865845
1997-10-30,
1997-10-31,
1997-11-01,0.630544818943774
1997-11-02,0.6199061769231893
1997-11-03,
1997-11-04,
1997-11-05,0.5012788654398251
1997-11-06,0.5201119044096452
1997-11-07,0.5392494310550989
1997-11-08,
1997-11-09,0.627562283754497
1997-11-10,0.5759862918822489
1997-11-11,
1997-11-12,
1997-11-13,
1997-11-14,
1997-11-15,
1997-11-16,
1997-11-17,
1997-11-18,
1997-11-19,
1997-11-20,
1997-11-21,
1997-11-22,0.4985236159570858
1997-11-23,
1997-11-24,
1997-11-25,
1997-11-26,
1997-11-27,0.49949604431023387
1997-11-28,
1997-11-29,
1997-11-30,
1997-12-01,
1997-12-02,
1997-12-03,
1997-12-04,
1997-12-05,0.34502698464166603
1997-12-06,
1997-12-07,
1997-12-08,0.5390591240875914
1997-12-09,
1997-12-10,
1997-12-11,
1997-12-12,
1997-12-13,
1997-12-14,
1997-12-15,
1997-12-16,
1997-12-17,
1997-12-18,
1997-12-19,
1997-12-20,
1997-12-21,
1997-12-22,
1997-12-23,
1997-12-24,
1997-12-25,
1997-12-26,
1997-12-27,
1997-12-28,
1997-12-29,
1997-12-30,
1997-12-31,
1998-01-01,
1998-01-02,
1998-01-03,
1998-01-04,0.49430757732679664
1998-01-05,
1998-01-06,
1998-01-07,
1998-01-08,
1998-01-09,
1998-01-10,
1998-01-11,
1998-01-12,
1998-01-13,
1998-01-14,
1998-01-15,
1998-01-16,
1998-01-17,
1998-01-18,
1998-01-19,
1998-01-20,
1998-01-21,
1998-01-22,
1998-01-23,
1998-01-24,
1998-01-25,
1998-01-26,
1998-01-27,
1998-01-28,
1998-01-29,
1998-01-30,
1998-01-31,
1998-02-01,
1998-02-02,
1998-02-03,
1998-02-04,
1998-02-05,
1998-02-06,
1998-02-07,
1998-02-08,
1998-02-09,
1998-02-10,
1998-02-11,
1998-02-12,
1998-02-13,0.3475083541070723
1998-02-14,
1998-02-15,
1998-02-16,
1998-02-17,
1998-02-18,
1998-02-19,
1998-02-20,
1998-02-21,0.41489474615936445
1998-02-22,0.3896407311758564
1998-02-23,
1998-02-24,
1998-02-25,
1998-02-26,0.22606551073493172
1998-02-27,
1998-02-28,
1998-03-01,0.39742795814326176
1998-03-02,0.32132716469565215
1998-03-03,0.44454551282051286
1998-03-04,0.4646611875954034
1998-03-05,0.4877653908482147
1998-03-06,
1998-03-07,
1998-03-08,
1998-03-09,
1998-03-10,0.47674723257668455
1998-03-11,
1998-03-12,
1998-03-13,
1998-03-14,
1998-03-15,
1998-03-16,
1998-03-17,
1998-03-18,
1998-03-19,
1998-03-20,
1998-03-21,
1998-03-22,
1998-03-23,
1998-03-24,
1998-03-25,
1998-03-26,
1998-03-27,0.5153053174367461
1998-03-28,0.5637786363343154
1998-03-29,0.6007592362169836
1998-03-30,0.6206739439083164
1998-03-31,0.5923503153306914
1998-04-01,
1998-04-02,
1998-04-03,0.5711010853435492
1998-04-04,0.49697390991172846
1998-04-05,0.45964811099439395
1998-04-06,0.5630909993730042
1998-04-07,0.5761388238613955
1998-04-08,0.5192776260699045
1998-04-09,
1998-04-10,
1998-04-11,
1998-04-12,
1998-04-13,0.4958394416902318
1998-04-14,0.5398733360952986
1998-04-15,
1998-04-16,0.629027295803023
1998-04-17,0.6074058768621803
1998-04-18,
1998-04-19,
1998-04-20,0.517008623842883
1998-04-21,0.5794758277808385
1998-04-22,0.6191290724466464
1998-04-23,0.5877970596694673
1998-04-24,0.5906881833680767
1998-04-25,0.5638316166920244
1998-04-26,
1998-04-27,
1998-04-28,0.576235340866641
1998-04-29,0.5747457112050073
1998-04-30,0.5963779948398783
1998-05-01,0.5937464029994793
1998-05-02,0.7133764247408373
1998-05-03,0.613080620462314
1998-05-04,
1998-05-05,
1998-05-06,0.7624454242165868
1998-05-07,0.5875561796994708
1998-05-08,0.5870230740041281
1998-05-09,0.6306813148824086
1998-05-10,0.700453668813265
1998-05-11,0.6726724384845759
1998-05-12,0.4132052510626099
1998-05-13,
1998-05-14,
1998-05-15,0.5709968533720885
1998-05-16,0.5957360208900317
1998-05-17,0.6253298246096419
1998-05-18,0.6479581127512118
1998-05-19,0.6237154270523922
1998-05-20,0.6239417570883519
1998-05-21,
1998-05-22,
1998-05-23,0.5786831399241367
1998-05-24,
1998-05-25,0.6276255292827082
1998-05-26,0.6401077711993285
1998-05-27,0.6149653688755826
1998-05-28,0.6226724910829841
1998-05-29,
1998-05-30,
1998-05-31,0.6594444842293553
1998-06-01,0.6237772926851277
1998-06-02,0.6030897360062887
1998-06-03,0.654877435766949
1998-06-04,0.6412089420874676
1998-06-05,0.6170521973834447
1998-06-06,
1998-06-07,
1998-06-08,0.8143321767056367
1998-06-09,
1998-06-10,0.5959175618738879
1998-06-11,0.6371840459775744
1998-06-12,0.6589566588129749
1998-06-13,0.7449842945700152
1998-06-14,0.5728389977602734
1998-06-15,
1998-06-16,
1998-06-17,0.6453882570145044
1998-06-18,0.6442171370241532
1998-06-19,0.6501417056684363
1998-06-20,
1998-06-21,0.6446351859727224
1998-06-22,0.6624934885846623
1998-06-23,
1998-06-24,
1998-06-25,0.6098259812112414
1998-06-26,0.6400977973972117
1998-06-27,0.6838616638021383
1998-06-28,0.6715161764735569
1998-06-29,0.666944201031529
1998-06-30,0.6449364500554421
1998-07-01,
1998-07-02,
1998-07-03,0.6697972955845947
1998-07-04,0.6416799326162341
1998-07-05,0.6832932258723361
1998-07-06,0.5982212679598888
1998-07-07,0.6665937900931117
1998-07-08,0.686709995573579
1998-07-09,
1998-07-10,
1998-07-11,0.8310354395604396
1998-07-12,0.6251973792190543
1998-07-13,0.6079689274648274
1998-07-14,0.6473514184239538
1998-07-15,0.6500615892500403
1998-07-16,0.6949405451347674
1998-07-17,0.5853357467125655
1998-07-18,
1998-07-19,
1998-07-20,0.6512884816037701
1998-07-21,0.6476405876077528
1998-07-22,0.6759044731468059
1998-07-23,0.6905563343973055
1998-07-24,0.6839767379046449
1998-07-25,0.6236211925483375
1998-07-26,
1998-07-27,
1998-07-28,0.6221360847054743
1998-07-29,0.6910961323299174
1998-07-30,0.6972684257460979
1998-07-31,0.6406962389384465
1998-08-01,0.6228993379752413
1998-08-02,0.6282493408548053
1998-08-03,
1998-08-04,
1998-08-05,0.6963119590887753
1998-08-06,0.651065798277103
1998-08-07,0.6829710005991841
1998-08-08,0.6480280668305163
1998-08-09,0.6790638228820091
1998-08-10,0.6971028331579318
1998-08-11,0.5064
1998-08-12,
1998-08-13,0.9013921568627452
1998-08-14,0.6073652737945274
1998-08-15,
1998-08-16,0.6469779923680572
1998-08-17,0.6762485242795018
1998-08-18,0.6921506207142618
1998-08-19,0.6272865460498033
1998-08-20,
1998-08-21,
1998-08-22,0.5893611658107663
1998-08-23,0.6346116102553719
1998-08-24,0.655396594660931
1998-08-25,0.6672058784417427
1998-08-26,0.6690175555044291
1998-08-27,0.645697399529946
1998-08-28,
1998-08-29,
1998-08-30,0.6134339954209713
1998-08-31,0.6492990637274746
1998-09-01,0.6048133400820837
1998-09-02,0.6394077445050618
1998-09-03,0.6964721441961476
1998-09-04,0.6489962263987699
1998-09-05,
1998-09-06,
1998-09-07,0.6921298633913607
1998-09-08,0.6144398030727926
1998-09-09,0.6628412962473981
1998-09-10,0.637472135322554
1998-09-11,0.6089128632986666
1998-09-12,0.6585629676362273
1998-09-13,0.4697073170731708
1998-09-14,
1998-09-15,0.9006470588235295
1998-09-16,0.6424376463112521
1998-09-17,0.613108197885378
1998-09-18,0.653655435527488
1998-09-19,0.6605782453365807
1998-09-20,0.6753169597800132
1998-09-21,0.6150568572063407
1998-09-22,
1998-09-23,
1998-09-24,0.5877047182163114
1998-09-25,0.6102395493618108
1998-09-26,0.63075016004545
1998-09-27,0.6754639716402615
1998-09-28,0.6479168407458887
1998-09-29,0.6894579933452883
1998-09-30,
1998-10-01,
1998-10-02,0.5884802269346698
1998-10-03,0.6082879233331174
1998-10-04,0.5980121617097289
1998-10-05,0.5940721920790326
1998-10-06,0.5786704877891597
1998-10-07,
1998-10-08,
1998-10-09,
1998-10-10,0.7529568150802136
1998-10-11,0.6550356367878412
1998-10-12,0.6192754190243568
1998-10-13,0.6322221043417967
1998-10-14,0.6652014806030623
1998-10-15,0.6162831930880908
1998-10-16,
1998-10-17,
1998-10-18,
1998-10-19,0.5916680778100591
1998-10-20,0.6003523104415809
1998-10-21,0.6783071382709787
1998-10-22,0.5774600941405313
1998-10-23,0.6679545336985387
1998-10-24,0.5351102923682596
1998-10-25,
1998-10-26,
1998-10-27,0.40793031283252235
1998-10-28,0.5805999850642953
1998-10-29,0.5785915960640993
1998-10-30,0.610777845868171
1998-10-31,0.5819556296906162
1998-11-01,0.5951181056403541
1998-11-02,
1998-11-03,
1998-11-04,0.34059356705162536
1998-11-05,
1998-11-06,
1998-11-07,0.6018728570697044
1998-11-08,0.6103186064474798
1998-11-09,
1998-11-10,
1998-11-11,
1998-11-12,0.5792297576363848
1998-11-13,0.5137521840343778
1998-11-14,
1998-11-15,0.5986378496499339
1998-11-16,0.5466548554223878
1998-11-17,0.5740227399552721
1998-11-18,
1998-11-19,
1998-11-20,0.7698714912280702
1998-11-21,0.539965871911685
1998-11-22,0.5420356292539885
1998-11-23,0.5683519105291238
1998-11-24,0.5913793429589717
1998-11-25,0.6268566351285643
1998-11-26,0.43072229040800464
1998-11-27,
1998-11-28,
1998-11-29,0.6381801703675655
1998-11-30,0.5489815229751636
1998-12-01,0.5753212750673685
1998-12-02,0.5817383227046616
1998-12-03,0.5915527298038161
1998-12-04,0.6376756405729825
1998-12-05,
1998-12-06,
1998-12-07,
1998-12-08,0.47511539710212375
1998-12-09,0.4026605460233198
1998-12-10,
1998-12-11,0.5464347305389222
1998-12-12,
1998-12-13,
1998-12-14,
1998-12-15,
1998-12-16,
1998-12-17,0.6288
1998-12-18,
1998-12-19,
1998-12-20,
1998-12-21,
1998-12-22,
1998-12-23,
1998-12-24,
1998-12-25,
1998-12-26,
1998-12-27,
1998-12-28,
1998-12-29,
1998-12-30,
1998-12-31,
1999-01-01,
1999-01-02,
1999-01-03,
1999-01-04,
1999-01-05,
1999-01-06,
1999-01-07,
1999-01-08,
1999-01-09,
1999-01-10,
1999-01-11,
1999-01-12,
1999-01-13,
1999-01-14,
1999-01-15,
1999-01-16,
1999-01-17,
1999-01-18,
1999-01-19,
1999-01-20,
1999-01-21,
1999-01-22,
1999-01-23,
1999-01-24,
1999-01-25,0.51253975119645
1999-01-26,
1999-01-27,
1999-01-28,
1999-01-29,
1999-01-30,
1999-01-31,
1999-02-01,
1999-02-02,
1999-02-03,
1999-02-04,
1999-02-05,
1999-02-06,
1999-02-07,
1999-02-08,
1999-02-09,
1999-02-10,
1999-02-11,
1999-02-12,
1999-02-13,0.5071558326105825
1999-02-14,
1999-02-15,
1999-02-16,
1999-02-17,
1999-02-18,
1999-02-19,
1999-02-20,
1999-02-21,
1999-02-22,
1999-02-23,
1999-02-24,
1999-02-25,
1999-02-26,
1999-02-27,
1999-02-28,
1999-03-01,
1999-03-02,0.46648999999999996
1999-03-03,
1999-03-04,0.5592204555150022
1999-03-05,
1999-03-06,
1999-03-07,
1999-03-08,
1999-03-09,
1999-03-10,
1999-03-11,
1999-03-12,
1999-03-13,
1999-03-14,
1999-03-15,
1999-03-16,
1999-03-17,
1999-03-18,0.5185897661804002
1999-03-19,0.5604910116669809
1999-03-20,
1999-03-21,
1999-03-22,
1999-03-23,
1999-03-24,0.24797773654916513
1999-03-25,0.4739428449730463
1999-03-26,
1999-03-27,
1999-03-28,0.513863568282334
1999-03-29,
1999-03-30,
1999-03-31,
1999-04-01,0.505347579581118
1999-04-02,0.5785169100392518
1999-04-03,0.5746918442565758
1999-04-04,0.5954806481776703
1999-04-05,
1999-04-06,0.48858067533307614
1999-04-07,
1999-04-08,
1999-04-09,0.5697004202285528
1999-04-10,
1999-04-11,
1999-04-12,0.37957134508822404
1999-04-13,0.5920639712976162
1999-04-14,0.6163901443621731
1999-04-15,
1999-04-16,
1999-04-17,0.5200092785294514
1999-04-18,0.5500876469429866
1999-04-19,0.5807799791973806
1999-04-20,0.5515375645081262
1999-04-21,0.6149429151964684
1999-04-22,0.6238511598002148
1999-04-23,
1999-04-24,
1999-04-25,0.5429920788051305
1999-04-26,0.5640903594928853
1999-04-27,0.5529179079053935
1999-04-28,0.5809235926262265
1999-04-29,0.6040033787392466
1999-04-30,0.6056970983643444
1999-05-01,
1999-05-02,
1999-05-03,0.6875653434353746
1999-05-04,0.5969213400821286
1999-05-05,0.5571023257523244
1999-05-06,0.5767812500121866
1999-05-07,0.622605877230825
1999-05-08,0.7029566815369305
1999-05-09,0.43845989511902217
1999-05-10,
1999-05-11,0.7968621795084233
1999-05-12,0.5676989886478714
1999-05-13,0.5965292282646635
1999-05-14,0.6283608247366188
1999-05-15,0.6291260158639677
1999-05-16,0.6321865577826741
1999-05-17,0.4625144738419488
1999-05-18,
1999-05-19,
1999-05-20,0.6210353837265238
1999-05-21,0.5708137359813068
1999-05-22,0.6342277318127527
1999-05-23,0.6576097004599382
1999-05-24,0.6196276130918897
1999-05-25,
1999-05-26,
1999-05-27,
1999-05-28,0.6350225642836685
1999-05-29,0.5933738947524494
1999-05-30,0.6245859283255181
1999-05-31,0.6481834025888366
1999-06-01,0.6678346330456851
1999-06-02,0.6746963305675767
1999-06-03,
1999-06-04,
1999-06-05,0.5893951349536779
1999-06-06,0.6252150512930384
1999-06-07,0.655171245750958
1999-06-08,0.6563739422686347
1999-06-09,0.6702357405325264
1999-06-10,0.636673107743088
1999-06-11,
1999-06-12,
1999-06-13,0.631769356681958
1999-06-14,0.6701339807047619
1999-06-15,0.6555916323884201
1999-06-16,0.6395183359797032
1999-06-17,0.6505873337526125
1999-06-18,0.681620685435734
1999-06-19,
1999-06-20,
1999-06-21,0.711491676949952
1999-06-22,0.6190247161213007
1999-06-23,0.653022427569258
1999-06-24,0.6669514981712853
1999-06-25,0.6314681755817493
1999-06-26,0.6592678607675136
1999-06-27,
1999-06-28,
1999-06-29,0.8239970067834229
1999-06-30,0.6267527796204004
1999-07-01,0.6952972639849179
1999-07-02,0.7243399647804407
1999-07-03,0.66884569081184
1999-07-04,0.6029105196987309
1999-07-05,0.3358501642900289
1999-07-06,
1999-07-07,
1999-07-08,0.6116239588708373
1999-07-09,0.6309809862251468
1999-07-10,0.6448163595806157
1999-07-11,0.6437422544971736
1999-07-12,0.6358302915813958
1999-07-13,0.5750766473080946
1999-07-14,
1999-07-15,
1999-07-16,0.6302290818806744
1999-07-17,0.6311357110610278
1999-07-18,0.6441638888320376
1999-07-19,0.7026201948258268
1999-07-20,0.6580687481192206
1999-07-21,0.6213254754672664
1999-07-22,
1999-07-23,
1999-07-24,0.635533792042028
1999-07-25,0.6421804726335774
1999-07-26,0.7081218812119954
1999-07-27,0.6790060460646115
1999-07-28,0.6994919918583495
1999-07-29,0.6436739991855038
1999-07-30,
1999-07-31,
1999-08-01,0.6661047576069398
1999-08-02,0.640869601053256
1999-08-03,0.6424678767151065
1999-08-04,0.6545432613561767
1999-08-05,0.6798684288422883
1999-08-06,0.6524560183634115
1999-08-07,
1999-08-08,
1999-08-09,0.589622453750425
1999-08-10,0.5973040864289759
1999-08-11,0.6612620932514542
1999-08-12,0.6702039467209586
1999-08-13,0.6823087085549038
1999-08-14,0.7080745952822678
1999-08-15,
1999-08-16,
1999-08-17,0.694835147994961
1999-08-18,0.6421682804619708
1999-08-19,0.6300626985380433
1999-08-20,0.651908225151275
1999-08-21,0.7015848974451752
1999-08-22,0.6622840743370975
1999-08-23,
1999-08-24,
1999-08-25,0.7497405486196401
1999-08-26,0.6673078524712274
1999-08-27,0.6544701586326811
1999-08-28,0.6890637289359126
1999-08-29,0.6400645256901757
1999-08-30,0.6597147238129403
1999-08-31,
1999-09-01,
1999-09-02,0.8202300987488538
1999-09-03,0.6269284595217052
1999-09-04,0.664024580917461
1999-09-05,0.6471168824618306
1999-09-06,0.6649961559060016
1999-09-07,0.7073456614895915
1999-09-08,0.5405618368344823
1999-09-09,
1999-09-10,
1999-09-11,0.6271426363876109
1999-09-12,0.6307287046327162
1999-09-13,0.6209100064299315
1999-09-14,0.6556947951148985
1999-09-15,0.6718135987698203
1999-09-16,0.5904055089407008
1999-09-17,
1999-09-18,
1999-09-19,0.5600652571740042
1999-09-20,0.6258652463466193
1999-09-21,0.6946838986574622
1999-09-22,0.6648484315375245
1999-09-23,0.6381044855037081
1999-09-24,0.6100671048344488
1999-09-25,
1999-09-26,
1999-09-27,0.60999768711572
1999-09-28,0.647726905395789
1999-09-29,0.6694793796254919
1999-09-30,0.6862746188962353
1999-10-01,0.6904107935256516
1999-10-02,0.6314585211370479
1999-10-03,
1999-10-04,
1999-10-05,0.6047147378920087
1999-10-06,0.6213465367300555
1999-10-07,0.542128713883147
1999-10-08,
1999-10-09,0.7255979233577765
1999-10-10,0.6215585444013739
1999-10-11,
1999-10-12,
1999-10-13,0.5865779390048343
1999-10-14,0.6057374246699319
1999-10-15,0.5987367222787674
1999-10-16,0.6810863575960019
1999-10-17,0.6558423109322279
1999-10-18,0.685969730573045
1999-10-19,
1999-10-20,
1999-10-21,0.5517604945143332
1999-10-22,0.4382165589854031
1999-10-23,0.6481600478666157
1999-10-24,0.5896187909087772
1999-10-25,0.6280706213501515
1999-10-26,0.5511560093661406
1999-10-27,
1999-10-28,
1999-10-29,0.6077312140098442
1999-10-30,0.5360205151326889
1999-10-31,0.5988397423750927
1999-11-01,0.5931806180663549
1999-11-02,0.6487906045205502
1999-11-03,0.6712554210231788
1999-11-04,
1999-11-05,
1999-11-06,0.6909382824491687
1999-11-07,0.5126990157364493
1999-11-08,
1999-11-09,
1999-11-10,0.6242975890975235
1999-11-11,0.5930868320358971
1999-11-12,
1999-11-13,
1999-11-14,0.7371271721986226
1999-11-15,0.4972249025031589
1999-11-16,
1999-11-17,
1999-11-18,
1999-11-19,0.3385356727455163
1999-11-20,
1999-11-21,
1999-11-22,0.7882074021752341
1999-11-23,0.6069410264430368
1999-11-24,0.6064707667316841
1999-11-25,0.6347588815900664
1999-11-26,0.5757889764134605
1999-11-27,0.6603737366024202
1999-11-28,0.6192
1999-11-29,
1999-11-30,
1999-12-01,
1999-12-02,
1999-12-03,
1999-12-04,0.6104848769466883
1999-12-05,0.5750913961521786
1999-12-06,0.32631776115943295
1999-12-07,
1999-12-08,
1999-12-09,
1999-12-10,
1999-12-11,0.49230122596046744
1999-12-12,
1999-12-13,
1999-12-14,0.38847809034002007
1999-12-15,
1999-12-16,
1999-12-17,0.5081179392643279
1999-12-18,
1999-12-19,
1999-12-20,
1999-12-21,
1999-12-22,
1999-12-23,
1999-12-24,
1999-12-25,
1999-12-26,
1999-12-27,
1999-12-28,
1999-12-29,
1999-12-30,
1999-12-31,
2000-01-01,
2000-01-02,
2000-01-03,0.5403835745030399
2000-01-04,
2000-01-05,0.59427894406336
2000-01-06,
2000-01-07,
2000-01-08,
2000-01-09,
2000-01-10,
2000-01-11,0.5215947389077082
2000-01-12,0.4724524715746101
2000-01-13,
2000-01-14,
2000-01-15,
2000-01-16,
2000-01-17,
2000-01-18,
2000-01-19,
2000-01-20,
2000-01-21,
2000-01-22,
2000-01-23,
2000-01-24,
2000-01-25,
2000-01-26,
2000-01-27,
2000-01-28,
2000-01-29,
2000-01-30,
2000-01-31,
2000-02-01,
2000-02-02,
2000-02-03,
2000-02-04,
2000-02-05,
2000-02-06,
2000-02-07,
2000-02-08,
2000-02-09,
2000-02-10,
2000-02-11,
2000-02-12,
2000-02-13,
2000-02-14,
2000-02-15,
2000-02-16,
2000-02-17,
2000-02-18,
2000-02-19,
2000-02-20,
2000-02-21,
2000-02-22,
2000-02-23,
2000-02-24,
2000-02-25,
2000-02-26,
2000-02-27,
2000-02-28,0.5360335333986719
2000-02-29,0.4329140860415544
2000-03-01,0.43337697710741213
2000-03-02,0.514731588089201
2000-03-03,
2000-03-04,
2000-03-05,
2000-03-06,0.5752158202780322
2000-03-07,
2000-03-08,0.5433630060238073
2000-03-09,0.5960928160429559
2000-03-10,0.5810732721534975
2000-03-11,0.5762613065326634
2000-03-12,
2000-03-13,
2000-03-14,
2000-03-15,0.48895481040180855
2000-03-16,0.5690695681052834
2000-03-17,0.6621328793381758
2000-03-18,
2000-03-19,
2000-03-20,
2000-03-21,
2000-03-22,
2000-03-23,
2000-03-24,0.5322515897385773
2000-03-25,
2000-03-26,0.567491509207134
2000-03-27,0.591220230030892
2000-03-28,
2000-03-29,
2000-03-30,0.5433727362330247
2000-03-31,
2000-04-01,0.4213825908306058
2000-04-02,0.5944052185179131
2000-04-03,0.5683993766149966
2000-04-04,0.585566002052289
2000-04-05,
2000-04-06,
2000-04-07,0.5082841146907223
2000-04-08,0.5428290064014888
2000-04-09,0.6382735274228561
2000-04-10,0.4933789870308224
2000-04-11,0.4586085635770816
2000-04-12,0.5520628246971929
2000-04-13,
2000-04-14,
2000-04-15,0.5460569044322388
2000-04-16,0.5797507557073207
2000-04-17,0.5863895768358092
2000-04-18,0.6165751305690349
2000-04-19,0.6147326330313012
2000-04-20,0.5781365110386085
2000-04-21,
2000-04-22,
2000-04-23,0.5144341136341065
2000-04-24,0.5088902594697543
2000-04-25,0.5596783063940558
2000-04-26,0.6003837829134059
2000-04-27,0.5588144132411318
2000-04-28,0.5726690054621724
2000-04-29,
2000-04-30,
2000-05-01,0.5188023420580369
2000-05-02,0.5769945816926115
2000-05-03,0.516191412105479
2000-05-04,0.5838672332103334
2000-05-05,0.6094168259327231
2000-05-06,0.6318174838174789
2000-05-07,
2000-05-08,
2000-05-09,0.6105871735586553
2000-05-10,0.6332914548954512
2000-05-11,0.6283290437231364
2000-05-12,0.6356849650961168
2000-05-13,0.6123223740834559
2000-05-14,0.5808816299601002
2000-05-15,
2000-05-16,
2000-05-17,0.5930443510538385
2000-05-18,0.6206294382479645
2000-05-19,0.6440394105873187
2000-05-20,0.594698633972687
2000-05-21,0.6646642003179609
2000-05-22,0.5796230609278302
2000-05-23,
2000-05-24,
2000-05-25,0.6134359767296019
2000-05-26,0.6115348531009394
2000-05-27,0.6333478623090042
2000-05-28,0.6541163936772239
2000-05-29,0.6292070086675244
2000-05-30,0.46751446973277794
2000-05-31,
2000-06-01,0.8902156862745099
2000-06-02,0.6131116719279375
2000-06-03,0.6354774374168272
2000-06-04,0.6218385752170228
2000-06-05,0.6521514775056056
2000-06-06,0.6745080816013853
2000-06-07,
2000-06-08,
2000-06-09,0.8245932136036863
2000-06-10,0.6246089974642215
2000-06-11,0.6233397559756204
2000-06-12,0.7497864056248149
2000-06-13,0.6141916962292404
2000-06-14,0.7162670516624831
2000-06-15,
2000-06-16,
2000-06-17,0.8049658471547596
2000-06-18,0.5991576775665958
2000-06-19,0.6885542494462652
2000-06-20,0.6233165154319491
2000-06-21,0.6583903752538569
2000-06-22,0.6760985460494836
2000-06-23,
2000-06-24,
2000-06-25,0.7146304549305686
2000-06-26,0.6804507493732103
2000-06-27,0.6839153995795203
2000-06-28,0.6099384296729374
2000-06-29,0.6592264297016222
2000-06-30,0.668548844057577
2000-07-01,
2000-07-02,
2000-07-03,0.6864110457039967
2000-07-04,0.6895691366707272
2000-07-05,0.6122354220799646
2000-07-06,0.6202091499941472
2000-07-07,0.6235632092478554
2000-07-08,0.6788922613171581
2000-07-09,
2000-07-10,
2000-07-11,0.598373957438999
2000-07-12,0.6134552630308506
2000-07-13,0.6255962570874561
2000-07-14,0.6582462431976683
2000-07-15,0.6955189468826026
2000-07-16,0.6605607480678897
2000-07-17,
2000-07-18,
2000-07-19,0.6013534223446559
2000-07-20,0.5826459801065846
2000-07-21,0.6318712553342296
2000-07-22,0.686311257216052
2000-07-23,0.642131524436634
2000-07-24,0.628492555096842
2000-07-25,
2000-07-26,
2000-07-27,0.5409874232397259
2000-07-28,0.6612008916530364
2000-07-29,0.6603380538430904
2000-07-30,0.6638279198506737
2000-07-31,0.7359433685249401
2000-08-01,0.7062158841434514
2000-08-02,
2000-08-03,
2000-08-04,0.634500828933103
2000-08-05,0.6036586184256554
2000-08-06,0.6356784380288789
2000-08-07,0.6849432803385549
2000-08-08,0.646242649740096
2000-08-09,0.5888087704146696
2000-08-10,
2000-08-11,
2000-08-12,0.6507910774615303
2000-08-13,0.6716940941064726
2000-08-14,0.7446618220698906
2000-08-15,0.6768953944021673
2000-08-16,0.7048545796357548
2000-08-17,0.5541922498663578
2000-08-18,
2000-08-19,0.8298720968934912
2000-08-20,0.580723682486631
2000-08-21,0.6412585789814141
2000-08-22,0.6131894105771065
2000-08-23,0.6498549922431028
2000-08-24,0.6328861769180979
2000-08-25,
2000-08-26,
2000-08-27,0.8032163704249272
2000-08-28,0.6243807395625102
2000-08-29,0.6223334915270211
2000-08-30,0.626188584312704
2000-08-31,0.7073872146777513
2000-09-01,0.6653168836479837
2000-09-02,
2000-09-03,
2000-09-04,0.6928412526863985
2000-09-05,0.6214615527950703
2000-09-06,0.6402202118466032
2000-09-07,0.644978924110293
2000-09-08,0.6388974360990496
2000-09-09,0.6480923109248226
2000-09-10,
2000-09-11,
2000-09-12,0.6218655868517108
2000-09-13,0.6683459266367994
2000-09-14,0.6343464031411623
2000-09-15,0.6694670388435906
2000-09-16,0.675946906906302
2000-09-17,0.6284999320127768
2000-09-18,
2000-09-19,
2000-09-20,0.6375842272985587
2000-09-21,0.6464007598501429
2000-09-22,0.581489416995126
2000-09-23,0.6632663720111002
2000-09-24,0.6684547927020753
2000-09-25,0.6013685841537809
2000-09-26,
2000-09-27,
2000-09-28,0.6228980036639093
2000-09-29,0.517870753869257
2000-09-30,0.5967500663522203
2000-10-01,0.5868593299281081
2000-10-02,0.6305232978009211
2000-10-03,0.5737255190182545
2000-10-04,
2000-10-05,
2000-10-06,0.6588694536665592
2000-10-07,0.6782722929057029
2000-10-08,0.534564360666913
2000-10-09,0.5105041054414656
2000-10-10,0.5386994355488111
2000-10-11,
2000-10-12,
2000-10-13,0.8265073496659243
2000-10-14,0.6570010944166053
2000-10-15,0.6119940987986464
2000-10-16,0.653066919855042
2000-10-17,0.6322772811726971
2000-10-18,0.6706644785927283
2000-10-19,
2000-10-20,
2000-10-21,0.6382067772771496
2000-10-22,0.571496873950057
2000-10-23,0.4156653676481259
2000-10-24,0.5499787056660864
2000-10-25,0.6559642914669839
2000-10-26,0.6039465432857944
2000-10-27,
2000-10-28,
2000-10-29,0.4944387888077165
2000-10-30,0.29038095238095235
2000-10-31,0.6134392405500407
2000-11-01,0.5672464201290742
2000-11-02,0.6572755488199169
2000-11-03,0.6094562258697689
2000-11-04,
2000-11-05,
2000-11-06,0.5038996878048376
2000-11-07,0.5729344844388162
2000-11-08,0.6164925916501061
2000-11-09,0.6078124807597678
2000-11-10,0.7421772230038938
2000-11-11,0.643260123675787
2000-11-12,
2000-11-13,
2000-11-14,0.5633812156840977
2000-11-15,0.5048030552620077
2000-11-16,0.5439541439017789
2000-11-17,0.5494879247933352
2000-11-18,0.42294152239054306
2000-11-19,
2000-11-20,
2000-11-21,
2000-11-22,
2000-11-23,
2000-11-24,
2000-11-25,
2000-11-26,
2000-11-27,
2000-11-28,
2000-11-29,0.6827038626609443
2000-11-30,
2000-12-01,
2000-12-02,
2000-12-03,
2000-12-04,
2000-12-05,
2000-12-06,
2000-12-07,
2000-12-08,
2000-12-09,
2000-12-10,
2000-12-11,
2000-12-12,
2000-12-13,
2000-12-14,
2000-12-15,
2000-12-16,
2000-12-17,
2000-12-18,0.5496905614894243
2000-12-19,
2000-12-20,
2000-12-21,
2000-12-22,
2000-12-23,
2000-12-24,
2000-12-25,
2000-12-26,
2000-12-27,
2000-12-28,
2000-12-29,
2000-12-30,
2000-12-31,
2001-01-01,
2001-01-02,
2001-01-03,
2001-01-04,
2001-01-05,
2001-01-06,
2001-01-07,
2001-01-08,
2001-01-09,
2001-01-10,
2001-01-11,
2001-01-12,
2001-01-13,
2001-01-14,
2001-01-15,
2001-01-16,
2001-01-17,
2001-01-18,
2001-01-19,
2001-01-20,
2001-01-21,
2001-01-22,
2001-01-23,
2001-01-24,
2001-01-25,
2001-01-26,
2001-01-27,
2001-01-28,
2001-01-29,
2001-01-30,
2001-01-31,
2001-02-01,
2001-02-02,
2001-02-03,
2001-02-04,
2001-02-05,
2001-02-06,
2001-02-07,
2001-02-08,
2001-02-09,
2001-02-10,
2001-02-11,
2001-02-12,
2001-02-13,
2001-02-14,
2001-02-15,
2001-02-16,
2001-02-17,
2001-02-18,
2001-02-19,
2001-02-20,
2001-02-21,
2001-02-22,
2001-02-23,
2001-02-24,
2001-02-25,
2001-02-26,
2001-02-27,
2001-02-28,
2001-03-01,
2001-03-02,
2001-03-03,
2001-03-04,
2001-03-05,
2001-03-06,
2001-03-07,
2001-03-08,
2001-03-09,
2001-03-10,
2001-03-11,
2001-03-12,
2001-03-13,
2001-03-14,
2001-03-15,
2001-03-16,
2001-03-17,
2001-03-18,
2001-03-19,
2001-03-20,
2001-03-21,
2001-03-22,0.5095894297208017
2001-03-23,
2001-03-24,
2001-03-25,
2001-03-26,
2001-03-27,
2001-03-28,
2001-03-29,
2001-03-30,
2001-03-31,
2001-04-01,
2001-04-02,
2001-04-03,
2001-04-04,
2001-04-05,
2001-04-06,
2001-04-07,0.32651491053677933
2001-04-08,
2001-04-09,
2001-04-10,0.3827424689406662
2001-04-11,0.3979063036518654
2001-04-12,0.5548051521968043
2001-04-13,0.4080075925720776
2001-04-14,0.5089265268185683
2001-04-15,0.34552938555718626
2001-04-16,
2001-04-17,
2001-04-18,0.5130485337302098
2001-04-19,
2001-04-20,
2001-04-21,0.5819687252434893
2001-04-22,0.6146855161904765
2001-04-23,0.4006316612299863
2001-04-24,
2001-04-25,
2001-04-26,0.49629188856984346
2001-04-27,0.5113693356293786
2001-04-28,0.5909014524602197
2001-04-29,0.5281722345889777
2001-04-30,0.5446702474855627
2001-05-01,
2001-05-02,
2001-05-03,0.606311839488432
2001-05-04,0.6048828077928793
2001-05-05,0.6511505905699922
2001-05-06,0.5827274681314059
2001-05-07,
2001-05-08,0.6219013453337185
2001-05-09,
2001-05-10,
2001-05-11,0.5515042221546845
2001-05-12,0.6251200030266618
2001-05-13,0.628956217378791
2001-05-14,0.6119137004143987
2001-05-15,0.6676748704547929
2001-05-16,0.4918670556906174
2001-05-17,
2001-05-18,0.8954313725490197
2001-05-19,0.6140888626382656
2001-05-20,0.6092548168298416
2001-05-21,0.6122851707020427
2001-05-22,0.7320227650596861
2001-05-23,0.6741942839040418
2001-05-24,
2001-05-25,
2001-05-26,0.6461448925896977
2001-05-27,0.6419613632632005
2001-05-28,0.6792605030663658
2001-05-29,0.6530102274454221
2001-05-30,0.6127201574681808
2001-05-31,0.5867325856126955
2001-06-01,
2001-06-02,
2001-06-03,0.5960242046482711
2001-06-04,0.6147758868970239
2001-06-05,0.6409983904360506
2001-06-06,0.6206614430635047
2001-06-07,0.6053700396746841
2001-06-08,0.5532226722061755
2001-06-09,
2001-06-10,0.8794285714285714
2001-06-11,0.5845795192868903
2001-06-12,
2001-06-13,0.6185473324208047
2001-06-14,0.6658567677416699
2001-06-15,0.687324099899753
2001-06-16,
2001-06-17,
2001-06-18,0.6399205502527922
2001-06-19,
2001-06-20,0.6138369905032621
2001-06-21,0.6467209876285515
2001-06-22,0.697869159431408
2001-06-23,0.7077003317766393
2001-06-24,
2001-06-25,
2001-06-26,0.6062723866863586
2001-06-27,0.6305744101028609
2001-06-28,0.6638623356273674
2001-06-29,0.6433653964908987
2001-06-30,0.6852065543412389
2001-07-01,0.561951142586399
2001-07-02,
2001-07-03,
2001-07-04,0.6585921575449327
2001-07-05,0.6421538690414272
2001-07-06,0.6249834813154972
2001-07-07,0.6604114273526116
2001-07-08,0.6927781406920586
2001-07-09,
2001-07-10,
2001-07-11,0.6733590012719715
2001-07-12,0.6288443809481626
2001-07-13,0.6165252773980547
2001-07-14,0.6727215424909618
2001-07-15,0.643129291846808
2001-07-16,0.6368820130725484
2001-07-17,
2001-07-18,
2001-07-19,0.6212002273520323
2001-07-20,0.6467032343593087
2001-07-21,0.6385553338793318
2001-07-22,0.6526779698560673
2001-07-23,0.692958008870925
2001-07-24,0.5201198717749098
2001-07-25,
2001-07-26,
2001-07-27,0.611991089235375
2001-07-28,0.6114273767361255
2001-07-29,0.6119912913312509
2001-07-30,0.6508245100209366
2001-07-31,0.6559415633824807
2001-08-01,
2001-08-02,
2001-08-03,0.6456268696694794
2001-08-04,0.675801402983549
2001-08-05,0.6688218263892044
2001-08-06,0.6531136736441532
2001-08-07,0.6654065135845318
2001-08-08,0.6680133920318851
2001-08-09,
2001-08-10,
2001-08-11,0.6177576511266534
2001-08-12,0.7049521826100056
2001-08-13,0.6571609361221081
2001-08-14,0.6695741577946719
2001-08-15,0.6356316709326374
2001-08-16,0.39014735011432916
2001-08-17,
2001-08-18,0.904
2001-08-19,0.6369137194625866
2001-08-20,0.6883753741226514
2001-08-21,0.6637915799365307
2001-08-22,0.6850885556514578
2001-08-23,0.6328085353801574
2001-08-24,
2001-08-25,
2001-08-26,0.586310964690556
2001-08-27,0.7007166295907218
2001-08-28,0.6565326347520176
2001-08-29,0.6340087324090375
2001-08-30,0.6293577826308563
2001-08-31,0.6840631023306246
2001-09-01,
2001-09-02,
2001-09-03,0.6275408247739834
2001-09-04,0.6143903466220695
2001-09-05,0.6280685802225885
2001-09-06,0.6290382284454363
2001-09-07,0.6430083893061752
2001-09-08,0.5091172143959231
2001-09-09,
2001-09-10,0.8140939175133631
2001-09-11,0.6209472496376803
2001-09-12,0.6291640744237601
2001-09-13,0.6143152876576502
2001-09-14,0.7036167832693718
2001-09-15,0.6356306549399833
2001-09-16,
2001-09-17,
2001-09-18,0.5931579275874651
2001-09-19,0.6221273347358738
2001-09-20,0.6557652596055571
2001-09-21,0.6176061344177735
2001-09-22,0.6620661081003312
2001-09-23,0.6166619922563714
2001-09-24,
2001-09-25,
2001-09-26,0.6080752670663332
2001-09-27,0.6154087103219549
2001-09-28,0.6447104853996976
2001-09-29,0.6386385370373021
2001-09-30,0.6557849843694775
2001-10-01,
2001-10-02,
2001-10-03,0.6614295650989133
2001-10-04,0.5924102460705765
2001-10-05,0.6168598144172174
2001-10-06,0.6561197885556752
2001-10-07,0.6349479848183193
2001-10-08,0.6124387703056013
2001-10-09,
2001-10-10,
2001-10-11,0.5891717257135101
2001-10-12,0.6598571152154816
2001-10-13,0.6701992947911304
2001-10-14,0.6477124301836266
2001-10-15,0.6987007564006069
2001-10-16,0.46004141264277504
2001-10-17,
2001-10-18,0.8139262630860266
2001-10-19,0.5777688442211056
2001-10-20,0.6018756676513037
2001-10-21,0.6523198158756721
2001-10-22,0.6136208804249933
2001-10-23,0.5753119012038311
2001-10-24,
2001-10-25,
2001-10-26,0.5746007887060717
2001-10-27,0.6109267964428378
2001-10-28,0.5842216946207578
2001-10-29,
2001-10-30,0.5957840952277931
2001-10-31,
2001-11-01,
2001-11-02,
2001-11-03,0.6256527439581748
2001-11-04,0.5778654106029724
2001-11-05,0.5503858107584841
2001-11-06,0.5614489391606686
2001-11-07,0.596956940606149
2001-11-08,
2001-11-09,
2001-11-10,
2001-11-11,0.5245681699039512
2001-11-12,
2001-11-13,
2001-11-14,
2001-11-15,0.5645726947916706
2001-11-16,
2001-11-17,
2001-11-18,
2001-11-19,0.5417769621971884
2001-11-20,0.6717189566269001
2001-11-21,
2001-11-22,
2001-11-23,
2001-11-24,
2001-11-25,0.735179019976125
2001-11-26,0.5713330814279017
2001-11-27,0.5782603332034105
2001-11-28,0.6105115966829727
2001-11-29,0.6742283660958301
2001-11-30,0.6104998123795824
2001-12-01,
2001-12-02,
2001-12-03,
2001-12-04,0.4857781651363763
2001-12-05,0.5693798242038839
2001-12-06,0.6230628497113675
2001-12-07,0.5800321623398697
2001-12-08,
2001-12-09,
2001-12-10,
2001-12-11,
2001-12-12,
2001-12-13,
2001-12-14,0.5540941356204545
2001-12-15,0.556471507660833
2001-12-16,
2001-12-17,
2001-12-18,
2001-12-19,
2001-12-20,
2001-12-21,
2001-12-22,
2001-12-23,
2001-12-24,
2001-12-25,
2001-12-26,
2001-12-27,
2001-12-28,
2001-12-29,
2001-12-30,
2001-12-31,
2002-01-01,
2002-01-02,
2002-01-03,
2002-01-04,
2002-01-05,
2002-01-06,
2002-01-07,
2002-01-08,
2002-01-09,
2002-01-10,
2002-01-11,0.5100131888096708
2002-01-12,0.5089409910581667
2002-01-13,
2002-01-14,
2002-01-15,
2002-01-16,
2002-01-17,
2002-01-18,
2002-01-19,
2002-01-20,
2002-01-21,
2002-01-22,
2002-01-23,
2002-01-24,
2002-01-25,0.5689273862503905
2002-01-26,
2002-01-27,
2002-01-28,
2002-01-29,0.47745666666666664
2002-01-30,
2002-01-31,
2002-02-01,
2002-02-02,
2002-02-03,
2002-02-04,
2002-02-05,
2002-02-06,
2002-02-07,
2002-02-08,
2002-02-09,
2002-02-10,
2002-02-11,
2002-02-12,
2002-02-13,
2002-02-14,
2002-02-15,
2002-02-16,0.4602019944901878
2002-02-17,0.44626950673967325
2002-02-18,
2002-02-19,
2002-02-20,0.48153440018588106
2002-02-21,
2002-02-22,
2002-02-23,
2002-02-24,
2002-02-25,
2002-02-26,0.4717378129807846
2002-02-27,0.6111907778561222
2002-02-28,
2002-03-01,
2002-03-02,
2002-03-03,0.5567156301876878
2002-03-04,0.5583650761045428
2002-03-05,
2002-03-06,
2002-03-07,
2002-03-08,
2002-03-09,
2002-03-10,0.5248802094048214
2002-03-11,
2002-03-12,
2002-03-13,
2002-03-14,0.5933703134525798
2002-03-15,
2002-03-16,
2002-03-17,
2002-03-18,
2002-03-19,
2002-03-20,
2002-03-21,
2002-03-22,
2002-03-23,
2002-03-24,
2002-03-25,
2002-03-26,
2002-03-27,
2002-03-28,0.5183058599879041
2002-03-29,
2002-03-30,
2002-03-31,
2002-04-01,0.889843137254902
2002-04-02,0.5314816880204469
2002-04-03,0.5551049363151919
2002-04-04,0.46454966669429876
2002-04-05,
2002-04-06,
2002-04-07,
2002-04-08,
2002-04-09,0.5672988217453043
2002-04-10,0.5454808524169552
2002-04-11,0.6069480646622432
2002-04-12,0.6001542845818038
2002-04-13,0.6361336038248279
2002-04-14,
2002-04-15,
2002-04-16,0.5945136726640275
2002-04-17,0.6160505160695394
2002-04-18,0.5894279236826802
2002-04-19,0.5895017428140573
2002-04-20,0.5912683446077671
2002-04-21,
2002-04-22,
2002-04-23,
2002-04-24,0.48386731637699476
2002-04-25,0.5601446073746598
2002-04-26,0.49616197898939063
2002-04-27,0.4525472114784607
2002-04-28,0.5951736930719599
2002-04-29,
2002-04-30,
2002-05-01,0.5288793852660572
2002-05-02,0.5423598266635835
2002-05-03,0.537170566897223
2002-05-04,0.5473155771875297
2002-05-05,0.6285516677571067
2002-05-06,
2002-05-07,
2002-05-08,0.6723458527134923
2002-05-09,0.6049220232258666
2002-05-10,0.5599519563306221
2002-05-11,0.5927765280365654
2002-05-12,0.599508230260328
2002-05-13,0.6657529529817152
2002-05-14,
2002-05-15,
2002-05-16,0.5640299457208561
2002-05-17,0.6159884477645352
2002-05-18,0.5323518480098056
2002-05-19,0.6027114741045303
2002-05-20,0.5755719402431928
2002-05-21,
2002-05-22,
2002-05-23,0.5798558920890219
2002-05-24,
2002-05-25,0.5904328563752715
2002-05-26,0.6453561458797394
2002-05-27,0.6370953859567094
2002-05-28,0.44686253508818014
2002-05-29,
2002-05-30,0.7876772167365308
2002-05-31,0.603723929958696
2002-06-01,0.6225702138107374
2002-06-02,0.6092464967631598
2002-06-03,0.5927169550562894
2002-06-04,0.6268898197585717
2002-06-05,
2002-06-06,
2002-06-07,0.629953498518741
2002-06-08,0.5688772400082737
2002-06-09,0.6746175261005847
2002-06-10,0.6355828376374675
2002-06-11,0.6599932745609255
2002-06-12,
2002-06-13,
2002-06-14,0.6274594668169167
2002-06-15,0.7221595287671939
2002-06-16,0.6389067974911947
2002-06-17,0.6515052938581031
2002-06-18,0.6112551831002705
2002-06-19,0.6140005407079706
2002-06-20,0.6466938197976003
2002-06-21,0.6615931088177947
2002-06-22,0.6738504997178723
2002-06-23,0.6875219074832302
2002-06-24,0.6640664889576168
2002-06-25,0.629588641853958
2002-06-26,0.6674802693918824
2002-06-27,0.6853771113539833
2002-06-28,
2002-06-29,0.6175626700010888
2002-06-30,0.6506823836641091
2002-07-01,0.6797261293518344
2002-07-02,0.6838577835316583
2002-07-03,0.7251099572874193
2002-07-04,0.6712464205255804
2002-07-05,0.5987384245477194
2002-07-06,0.6053913708455853
2002-07-07,0.6534085897394616
2002-07-08,0.6032615241020222
2002-07-09,0.6549027640147969
2002-07-10,0.662225384297496
2002-07-11,0.6440636642579026
2002-07-12,0.6526445652111877
2002-07-13,0.6655422687166223
2002-07-14,0.6035485300877328
2002-07-15,0.6200900236837408
2002-07-16,0.6632040023831677
2002-07-17,0.6615070458468152
2002-07-18,0.667668074824524
2002-07-19,0.8628699457941462
2002-07-20,0.7579705724024595
2002-07-21,0.6019957386134168
2002-07-22,0.669052182166846
2002-07-23,0.6630456622158717
2002-07-24,0.6656824655479392
2002-07-25,0.638655897350774
2002-07-26,
2002-07-27,0.7264737166066562
2002-07-28,0.6445891237317802
2002-07-29,0.6402770437987509
2002-07-30,0.7086523251954866
2002-07-31,0.6844970133197035
2002-08-01,0.6725058536452715
2002-08-02,0.6514725090056961
2002-08-03,
2002-08-04,0.8883529411764707
2002-08-05,0.6687727800430501
2002-08-06,0.6434901237304216
2002-08-07,0.6604168418853693
2002-08-08,0.6621475344020745
2002-08-09,0.6809283734847207
2002-08-10,0.6969244734734378
2002-08-11,
2002-08-12,0.6436007946977662
2002-08-13,0.6721144259338094
2002-08-14,0.6666538530048627
2002-08-15,0.6480848291625766
2002-08-16,0.6747359993668177
2002-08-17,0.7184902866575502
2002-08-18,
2002-08-19,0.6398666981592003
2002-08-20,0.6992269889673797
2002-08-21,0.6532192441715555
2002-08-22,0.6459831783300474
2002-08-23,0.725715777241453
2002-08-24,0.671849492689549
2002-08-25,
2002-08-26,0.6770993594665228
2002-08-27,0.6589310370590565
2002-08-28,0.6529829619555242
2002-08-29,0.6735850628460591
2002-08-30,0.6738337965436496
2002-08-31,0.6891320694990543
2002-09-01,0.6377193843940543
2002-09-02,0.7517952362618789
2002-09-03,0.6576080747372892
2002-09-04,0.6837301110846946
2002-09-05,0.7221211290012554
2002-09-06,0.6725665596295337
2002-09-07,0.6640372620669981
2002-09-08,0.6841018954959331
2002-09-09,0.7186564418420675
2002-09-10,0.6332634497269762
2002-09-11,0.655829339475781
2002-09-12,0.6294743601919996
2002-09-13,0.6782696644337601
2002-09-14,0.6448589678891516
2002-09-15,0.6052814858609432
2002-09-16,
2002-09-17,0.8909607843137255
2002-09-18,0.6381590003536383
2002-09-19,0.6501271126159929
2002-09-20,0.678783238590772
2002-09-21,0.7210089509670711
2002-09-22,0.6924497636018039
2002-09-23,0.7590226878217354
2002-09-24,0.6662295808250043
2002-09-25,0.6387354690065356
2002-09-26,0.6458752132851259
2002-09-27,0.7315097220086476
2002-09-28,0.67435515721007
2002-09-29,0.6591523436211684
2002-09-30,0.6845931058487758
2002-10-01,0.7117420087889788
2002-10-02,0.6656401379480538
2002-10-03,0.6823791671504894
2002-10-04,0.6598340743979045
2002-10-05,0.7245212918345237
2002-10-06,0.6589580311638723
2002-10-07,0.6575252031760235
2002-10-08,0.6929566868320782
2002-10-09,0.6592770360953394
2002-10-10,0.6409986231080869
2002-10-11,0.6689554092420629
2002-10-12,0.6802073674891421
2002-10-13,0.6847562870922107
2002-10-14,0.6249443096066695
2002-10-15,0.5233598113097284
2002-10-16,0.683186370198401
2002-10-17,0.5940523530624509
2002-10-18,0.6715699848965021
2002-10-19,0.5621199461066128
2002-10-20,0.6304512161334441
2002-10-21,
2002-10-22,
2002-10-23,
2002-10-24,
2002-10-25,
2002-10-26,0.4859751869490752
2002-10-27,0.617331580431254
2002-10-28,0.5545277418999219
2002-10-29,
2002-10-30,
2002-10-31,
2002-11-01,0.4595670036316307
2002-11-02,
2002-11-03,
2002-11-04,
2002-11-05,
2002-11-06,
2002-11-07,0.6197084278026233
2002-11-08,
2002-11-09,0.5849024315861908
2002-11-10,0.6088587499750777
2002-11-11,0.6305406755826864
2002-11-12,0.5970200567291227
2002-11-13,
2002-11-14,0.5917031361347923
2002-11-15,0.5608260108490273
2002-11-16,0.6087708869495329
2002-11-17,
2002-11-18,
2002-11-19,0.5454706586826349
2002-11-20,0.5844958905159299
2002-11-21,
2002-11-22,0.6156716779470242
2002-11-23,0.5479781685298468
2002-11-24,
2002-11-25,0.5736335852098784
2002-11-26,0.5565927961761998
2002-11-27,
2002-11-28,
2002-11-29,
2002-11-30,
2002-12-01,
2002-12-02,
2002-12-03,
2002-12-04,
2002-12-05,
2002-12-06,
2002-12-07,
2002-12-08,
2002-12-09,
2002-12-10,
2002-12-11,
2002-12-12,
2002-12-13,
2002-12-14,
2002-12-15,0.4319852773652038
2002-12-16,
2002-12-17,
2002-12-18,
2002-12-19,
2002-12-20,
2002-12-21,0.6141803704889093
2002-12-22,
2002-12-23,0.5954569976438578
2002-12-24,
2002-12-25,
2002-12-26,
2002-12-27,
2002-12-28,
2002-12-29,
2002-12-30,
2002-12-31,
2003-01-01,
2003-01-02,
2003-01-03,
2003-01-04,
2003-01-05,
2003-01-06,
2003-01-07,
2003-01-08,
2003-01-09,
2003-01-10,
2003-01-11,
2003-01-12,
2003-01-13,
2003-01-14,
2003-01-15,
2003-01-16,
2003-01-17,
2003-01-18,
2003-01-19,
2003-01-20,
2003-01-21,
2003-01-22,
2003-01-23,
2003-01-24,
2003-01-25,
2003-01-26,
2003-01-27,
2003-01-28,
2003-01-29,
2003-01-30,
2003-01-31,
2003-02-01,
2003-02-02,
2003-02-03,
2003-02-04,
2003-02-05,
2003-02-06,
2003-02-07,
2003-02-08,
2003-02-09,
2003-02-10,
2003-02-11,
2003-02-12,
2003-02-13,
2003-02-14,
2003-02-15,
2003-02-16,
2003-02-17,
2003-02-18,
2003-02-19,
2003-02-20,
2003-02-21,
2003-02-22,
2003-02-23,
2003-02-24,
2003-02-25,
2003-02-26,
2003-02-27,
2003-02-28,
2003-03-01,
2003-03-02,
2003-03-03,
2003-03-04,
2003-03-05,
2003-03-06,
2003-03-07,
2003-03-08,
2003-03-09,
2003-03-10,
2003-03-11,
2003-03-12,
2003-03-13,
2003-03-14,
2003-03-15,
2003-03-16,
2003-03-17,
2003-03-18,
2003-03-19,
2003-03-20,
2003-03-21,
2003-03-22,0.5229706523252383
2003-03-23,0.42397361160703795
2003-03-24,0.48600486651212427
2003-03-25,0.41322893297807006
2003-03-26,0.52934089078704
2003-03-27,0.5272198378548798
2003-03-28,0.48158486359444314
2003-03-29,0.5794915078614347
2003-03-30,0.5981756530771766
2003-03-31,0.29604081632653056
2003-04-01,
2003-04-02,
2003-04-03,0.5046050330881667
2003-04-04,0.44465196087370434
2003-04-05,
2003-04-06,
2003-04-07,
2003-04-08,
2003-04-09,
2003-04-10,
2003-04-11,
2003-04-12,0.49815828273463725
2003-04-13,0.5710432942919736
2003-04-14,0.5512408954541786
2003-04-15,0.6671377373473819
2003-04-16,0.5590984971421228
2003-04-17,
2003-04-18,
2003-04-19,0.5583958917739997
2003-04-20,0.5998766611892506
2003-04-21,0.5546607367116103
2003-04-22,
2003-04-23,0.5675620136749044
2003-04-24,0.5581030401638243
2003-04-25,0.5615648826491849
2003-04-26,0.5916891985137062
2003-04-27,0.5536211141912929
2003-04-28,0.5552837421798549
2003-04-29,0.5316188640585409
2003-04-30,0.5389015108545017
2003-05-01,0.6401883232151634
2003-05-02,0.6067851539721777
2003-05-03,0.5578496305907508
2003-05-04,0.5546234563616441
2003-05-05,0.5663601487123927
2003-05-06,0.5640662022832534
2003-05-07,0.6200733192122057
2003-05-08,0.6551297553380425
2003-05-09,0.5819964578872779
2003-05-10,0.5920017454124932
2003-05-11,0.6019768260653694
2003-05-12,0.6016442442230707
2003-05-13,0.6000210168666873
2003-05-14,0.6101715324232336
2003-05-15,0.5484179566767498
2003-05-16,0.5926911712534663
2003-05-17,0.5999215735886742
2003-05-18,0.6081486592783217
2003-05-19,0.6427066561295323
2003-05-20,0.5929071530630821
2003-05-21,0.5489920791233607
2003-05-22,0.6167453703219237
2003-05-23,0.6315774022639102
2003-05-24,0.6823165798358133
2003-05-25,0.6736250469988648
2003-05-26,0.6728925828272914
2003-05-27,0.6319198387745126
2003-05-28,0.5717021250467302
2003-05-29,0.601985642985364
2003-05-30,0.5968922704035415
2003-05-31,0.580721456893073
2003-06-01,0.6758904949743152
2003-06-02,0.6393692808627154
2003-06-03,0.5907832508131101
2003-06-04,0.7782818633371592
2003-06-05,0.6959337315412062
2003-06-06,0.6084556182862402
2003-06-07,0.5895111551255939
2003-06-08,0.6340492326341661
2003-06-09,0.6584884175605882
2003-06-10,0.6005992824089956
2003-06-11,0.635344982200671
2003-06-12,0.6262888732585851
2003-06-13,0.613481400636315
2003-06-14,0.6756662932817433
2003-06-15,0.6134277334599137
2003-06-16,0.5844373020688938
2003-06-17,0.5905813211267226
2003-06-18,
2003-06-19,0.6412630013223288
2003-06-20,0.6756740305825347
2003-06-21,0.6110402120232774
2003-06-22,0.6557300787080582
2003-06-23,0.6108156852417779
2003-06-24,0.6353937726920283
2003-06-25,0.5362954739341647
2003-06-26,0.6169807294392642
2003-06-27,0.8008349857908031
2003-06-28,0.5805326932451141
2003-06-29,0.5637546019152284
2003-06-30,0.6025114650190777
2003-07-01,0.6036219253001133
2003-07-02,0.5875310149046373
2003-07-03,0.5828851329888075
2003-07-04,0.6359558915856429
2003-07-05,0.6048773337345819
2003-07-06,0.6408007880156159
2003-07-07,0.6154845325690919
2003-07-08,0.641601814989597
2003-07-09,0.6100463081461062
2003-07-10,0.5703872283829106
2003-07-11,0.7693766951894543
2003-07-12,0.6272872780013625
2003-07-13,0.6131071084800801
2003-07-14,0.6005712528085809
2003-07-15,0.5955247405573681
2003-07-16,0.5970842005755876
2003-07-17,0.5904902493700385
2003-07-18,0.550485419280253
2003-07-19,0.5953704662240219
2003-07-20,0.6213097586465058
2003-07-21,0.6139173406966751
2003-07-22,0.6404887677964458
2003-07-23,0.6815551886345946
2003-07-24,0.6404305524656128
2003-07-25,0.5888132890595156
2003-07-26,0.6000074700155705
2003-07-27,0.645586904676148
2003-07-28,0.5921550988734737
2003-07-29,0.6609556810938745
2003-07-30,0.6204177642607142
2003-07-31,0.6109295637828651
2003-08-01,0.5792955193405432
2003-08-02,0.6844120039102223
2003-08-03,0.6321676115244009
2003-08-04,0.6518479452669934
2003-08-05,0.6914463022084083
2003-08-06,0.6515614047808059
2003-08-07,0.6480768301703761
2003-08-08,0.6935933447521365
2003-08-09,0.6432740991341509
2003-08-10,0.6457864105163236
2003-08-11,0.6355538478298322
2003-08-12,0.720455571248792
2003-08-13,0.6665822048323529
2003-08-14,0.6522003524422626
2003-08-15,0.6061578700032646
2003-08-16,0.5873101611283111
2003-08-17,0.6074782631428763
2003-08-18,0.6136554697024592
2003-08-19,0.6265584194863021
2003-08-20,0.6103104861170149
2003-08-21,0.7038239074990524
2003-08-22,0.5838182034700903
2003-08-23,0.7671341723877321
2003-08-24,0.5671636065502673
2003-08-25,0.5844707015192753
2003-08-26,0.5721357781480944
2003-08-27,0.6355289232602105
2003-08-28,0.610543324928858
2003-08-29,0.589318703407475
2003-08-30,0.8371839105909589
2003-08-31,0.5810499299242676
2003-09-01,0.6272237120337443
2003-09-02,0.6042792259606888
2003-09-03,0.6188484533038242
2003-09-04,0.6626650817917549
2003-09-05,0.6129784651083867
2003-09-06,0.6316080483122636
2003-09-07,0.6181056576537157
2003-09-08,0.59950761548495
2003-09-09,0.6036722211050853
2003-09-10,0.5770587586763067
2003-09-11,0.6085828104220988
2003-09-12,0.5995848740192907
2003-09-13,
2003-09-14,0.6652251836220349
2003-09-15,0.6438886544728508
2003-09-16,0.681214737947048
2003-09-17,0.5892837241889949
2003-09-18,0.5945793981957566
2003-09-19,0.6773377314463129
2003-09-20,0.584081753557929
2003-09-21,0.5997928028918659
2003-09-22,0.5757979884598158
2003-09-23,0.6380858307784597
2003-09-24,0.6427593113031459
2003-09-25,0.6165473103217352
2003-09-26,0.6264663669166676
2003-09-27,0.6136947353153773
2003-09-28,0.6152202842834799
2003-09-29,0.5748853542653287
2003-09-30,0.5713566493995924
2003-10-01,0.6175341075099109
2003-10-02,0.591561289228075
2003-10-03,0.5655455747890447
2003-10-04,0.5758637542466256
2003-10-05,0.5493048266473864
2003-10-06,0.5581126482656023
2003-10-07,0.5021101935450819
2003-10-08,0.623066638005304
2003-10-09,0.6316708157155968
2003-10-10,0.6252240938435413
2003-10-11,0.6049232115349242
2003-10-12,0.5728774303413405
2003-10-13,0.5927043584951606
2003-10-14,0.5932438304015315
2003-10-15,0.6342099933816455
2003-10-16,0.5783951955229408
2003-10-17,0.5657165508646784
2003-10-18,0.5785884478177018
2003-10-19,0.5033146285492367
2003-10-20,0.2918163265306122
2003-10-21,0.6030281284889207
2003-10-22,0.6121511726497825
2003-10-23,0.5881166206933109
2003-10-24,0.4778689221732442
2003-10-25,
2003-10-26,0.7826029780164213
2003-10-27,0.660795203404856
2003-10-28,0.5529880685976774
2003-10-29,0.6729097232152729
2003-10-30,0.5487333427379596
2003-10-31,0.6134966326348834
2003-11-01,0.6525568623340922
2003-11-02,0.6835591836367358
2003-11-03,0.7070306364648757
2003-11-04,0.586868965981826
2003-11-05,0.5122329853382083
2003-11-06,0.553504061370427
2003-11-07,0.5542641569003833
2003-11-08,0.5738673725349802
2003-11-09,
2003-11-10,
2003-11-11,
2003-11-12,0.5252851400941975
2003-11-13,0.6766206731651119
2003-11-14,0.4609663941045408
2003-11-15,
2003-11-16,
2003-11-17,
2003-11-18,
2003-11-19,0.6016342517745678
2003-11-20,0.6276870156007317
2003-11-21,0.6177510114516387
2003-11-22,0.5479092064681693
2003-11-23,
2003-11-24,
2003-11-25,0.6437606233670765
2003-11-26,
2003-11-27,
2003-11-28,0.5913617036357943
2003-11-29,0.5707675408373509
2003-11-30,0.4326014231144239
2003-12-01,0.5688277878550909
2003-12-02,
2003-12-03,
2003-12-04,
2003-12-05,
2003-12-06,
2003-12-07,
2003-12-08,
2003-12-09,
2003-12-10,
2003-12-11,
2003-12-12,
2003-12-13,
2003-12-14,
2003-12-15,
2003-12-16,
2003-12-17,
2003-12-18,
2003-12-19,
2003-12-20,
2003-12-21,
2003-12-22,
2003-12-23,0.3111866045055022
2003-12-24,0.5482108013937282
2003-12-25,0.49660738169540075
2003-12-26,0.39430474489470085
2003-12-27,0.49955446172097284
2003-12-28,
2003-12-29,
2003-12-30,0.527599910378228
2003-12-31,0.5176790776559775
2004-01-01,0.48866712497967124
2004-01-02,
2004-01-03,
2004-01-04,
2004-01-05,
2004-01-06,
2004-01-07,
2004-01-08,
2004-01-09,
2004-01-10,
2004-01-11,
2004-01-12,
2004-01-13,
2004-01-14,
2004-01-15,
2004-01-16,
2004-01-17,
2004-01-18,
2004-01-19,
2004-01-20,
2004-01-21,
2004-01-22,
2004-01-23,
2004-01-24,
2004-01-25,
2004-01-26,
2004-01-27,
2004-01-28,
2004-01-29,
2004-01-30,
2004-01-31,
2004-02-01,
2004-02-02,
2004-02-03,
2004-02-04,
2004-02-05,
2004-02-06,
2004-02-07,
2004-02-08,
2004-02-09,
2004-02-10,
2004-02-11,
2004-02-12,
2004-02-13,
2004-02-14,
2004-02-15,
2004-02-16,
2004-02-17,
2004-02-18,
2004-02-19,
2004-02-20,
2004-02-21,
2004-02-22,
2004-02-23,
2004-02-24,
2004-02-25,
2004-02-26,
2004-02-27,
2004-02-28,
2004-02-29,
2004-03-01,0.4390993818631635
2004-03-02,0.6643989314867496
2004-03-03,0.5378403387571002
2004-03-04,0.46229312956618457
2004-03-05,
2004-03-06,0.5250723593633714
2004-03-07,0.5409235975767515
2004-03-08,0.3221538461538462
2004-03-09,
2004-03-10,
2004-03-11,
2004-03-12,
2004-03-13,
2004-03-14,
2004-03-15,
2004-03-16,
2004-03-17,
2004-03-18,
2004-03-19,
2004-03-20,
2004-03-21,
2004-03-22,
2004-03-23,
2004-03-24,
2004-03-25,
2004-03-26,0.5991606695587065
2004-03-27,0.5886189166237766
2004-03-28,0.5496915225738316
2004-03-29,
2004-03-30,
2004-03-31,0.6635443128797731
2004-04-01,0.6795169353340544
2004-04-02,0.6128388998276892
2004-04-03,0.4898205347212179
2004-04-04,0.5563510966752684
2004-04-05,0.4377351365421657
2004-04-06,
2004-04-07,0.5887761173767273
2004-04-08,0.46534004302656706
2004-04-09,0.5710907887291505
2004-04-10,0.3754169060848931
2004-04-11,0.574486351118165
2004-04-12,0.44318791906941385
2004-04-13,0.6466384696294452
2004-04-14,0.5608161577126329
2004-04-15,0.5505349780602847
2004-04-16,0.5205783447143978
2004-04-17,
2004-04-18,0.5874146914069374
2004-04-19,0.6537841388971068
2004-04-20,0.5646604111858288
2004-04-21,0.5576173252538558
2004-04-22,0.5629285274944301
2004-04-23,0.5918783912381855
2004-04-24,0.6160001237347309
2004-04-25,0.5949278534095253
2004-04-26,0.6709001157516086
2004-04-27,0.5597859470050992
2004-04-28,0.5449049171419036
2004-04-29,0.5167584202277453
2004-04-30,0.6107800000618339
2004-05-01,0.5843911465558431
2004-05-02,0.6009019726704677
2004-05-03,0.6297482139564244
2004-05-04,0.5976050672137003
2004-05-05,0.6221569214814711
2004-05-06,0.6077239264191587
2004-05-07,0.5837895805385148
2004-05-08,0.5362684238848016
2004-05-09,0.6028601482862412
2004-05-10,0.6235638646518392
2004-05-11,0.6461277601670515
2004-05-12,0.6367624655837174
2004-05-13,0.6294571651815308
2004-05-14,0.5956806536807133
2004-05-15,0.605306891163863
2004-05-16,0.6544205098882252
2004-05-17,0.5972032389108293
2004-05-18,0.6698765552472095
2004-05-19,0.6561626662409419
2004-05-20,0.6074948047164912
2004-05-21,0.8218739693053908
2004-05-22,0.6830398956713668
2004-05-23,0.6591819675902172
2004-05-24,0.6634203547465632
2004-05-25,0.6220007792604094
2004-05-26,0.7380271525044592
2004-05-27,0.6400685596451533
2004-05-28,0.7098185949032161
2004-05-29,0.6069186688022793
2004-05-30,0.5700231432693759
2004-05-31,0.5912287026658909
2004-06-01,0.6463111887978668
2004-06-02,0.6130884061039235
2004-06-03,0.6262941172387176
2004-06-04,0.6402701213870411
2004-06-05,0.5660112132356385
2004-06-06,0.6164219369913347
2004-06-07,0.6255146887677395
2004-06-08,0.6140706631754257
2004-06-09,0.61014022007291
2004-06-10,0.6691666459445227
2004-06-11,
2004-06-12,0.5955040626028885
2004-06-13,0.7009223729440427
2004-06-14,0.6244628810068261
2004-06-15,0.6026724042277752
2004-06-16,0.5801643761097003
2004-06-17,0.6292699565824003
2004-06-18,0.6532703651177972
2004-06-19,0.6465681737825779
2004-06-20,0.6095916583916686
2004-06-21,0.5625034454255113
2004-06-22,0.6480854815320785
2004-06-23,0.5938834394929183
2004-06-24,0.5941334786085444
2004-06-25,0.6147262450454939
2004-06-26,0.6270835187311452
2004-06-27,0.5809419246091247
2004-06-28,0.5751877845794469
2004-06-29,0.6994670348530476
2004-06-30,0.5991563806732905
2004-07-01,0.6002811029273093
2004-07-02,0.6064878249077489
2004-07-03,0.5779448656171077
2004-07-04,0.5425388943018586
2004-07-05,0.625416046840411
2004-07-06,0.653354563623568
2004-07-07,0.6039351752164593
2004-07-08,0.6972379907720093
2004-07-09,0.6279372816213077
2004-07-10,0.5853207873639655
2004-07-11,0.5774587001221074
2004-07-12,0.5953858480790626
2004-07-13,0.6940481995898605
2004-07-14,0.6692232128602745
2004-07-15,0.6838964912094887
2004-07-16,0.6470923609355186
2004-07-17,0.5934143284763685
2004-07-18,0.5972851095846552
2004-07-19,0.6823615589659878
2004-07-20,0.6256504922299624
2004-07-21,0.609065157916783
2004-07-22,0.6422008888514481
2004-07-23,0.6580274611580923
2004-07-24,0.8567239285806167
2004-07-25,0.595442848593064
2004-07-26,0.5950205710525025
2004-07-27,0.6218872222874542
2004-07-28,0.7197475552785556
2004-07-29,0.7060456809384446
2004-07-30,0.6317011247913129
2004-07-31,0.6131134395476204
2004-08-01,0.6457149114055322
2004-08-02,0.6009356502851284
2004-08-03,0.6008498370173432
2004-08-04,0.6316470242098463
2004-08-05,0.6298023094824099
2004-08-06,0.5880287798181433
2004-08-07,0.6009366811570863
2004-08-08,0.6229633413432788
2004-08-09,0.7824955092418315
2004-08-10,0.61023836079795
2004-08-11,0.607033536142666
2004-08-12,0.6422194061184817
2004-08-13,0.7065170782732565
2004-08-14,0.6187114288423593
2004-08-15,0.6059443764043746
2004-08-16,
2004-08-17,0.6279138861120546
2004-08-18,0.5872028244148372
2004-08-19,0.6217147984142045
2004-08-20,0.6497550381806382
2004-08-21,0.6345958844310011
2004-08-22,0.5994466856881739
2004-08-23,0.6055272056502442
2004-08-24,0.5864430472026156
2004-08-25,0.622465824394852
2004-08-26,0.5942771687261165
2004-08-27,0.6215219858848829
2004-08-28,0.6182259598302416
2004-08-29,0.6431124543513903
2004-08-30,0.7113021483366754
2004-08-31,0.6995418940156913
2004-09-01,0.6251925996860792
2004-09-02,0.5965600795863755
2004-09-03,0.5838778585407739
2004-09-04,0.6163699168104868
2004-09-05,0.5957805282970893
2004-09-06,0.5558489838658692
2004-09-07,0.6079197108268727
2004-09-08,0.6875408507630498
2004-09-09,0.714557344150504
2004-09-10,0.6650705442097339
2004-09-11,0.6191831554367907
2004-09-12,0.5672337495639616
2004-09-13,0.5799461370323074
2004-09-14,0.5887032760317878
2004-09-15,0.6193011578459843
2004-09-16,0.6507340838737735
2004-09-17,0.6949906600150954
2004-09-18,0.6549796053499467
2004-09-19,0.5588101242448257
2004-09-20,0.570216880070144
2004-09-21,0.6106731997391384
2004-09-22,0.59145178529529
2004-09-23,0.6271727501431024
2004-09-24,0.681602191469063
2004-09-25,0.6237544764784949
2004-09-26,0.5962408737955439
2004-09-27,0.5751583658896834
2004-09-28,0.5980219565203951
2004-09-29,0.6747338000740571
2004-09-30,0.606222770025187
2004-10-01,0.6420626179136125
2004-10-02,0.6073667685179154
2004-10-03,0.5856211967211544
2004-10-04,0.6121096330302476
2004-10-05,0.5750566440893787
2004-10-06,0.2848965517241379
2004-10-07,0.5923174373976675
2004-10-08,0.5693787949923095
2004-10-09,0.601649696021363
2004-10-10,0.6454313623286454
2004-10-11,0.6349560017891054
2004-10-12,0.8166635476540925
2004-10-13,0.5888519260322616
2004-10-14,0.5897868436183008
2004-10-15,0.6424825412172552
2004-10-16,0.6068831708074816
2004-10-17,0.5928703346027107
2004-10-18,0.5955709833605614
2004-10-19,
2004-10-20,0.5939375863483174
2004-10-21,0.4862334671185066
2004-10-22,0.6078103746340302
2004-10-23,0.594028126220963
2004-10-24,0.5795809194034061
2004-10-25,0.6346287555598804
2004-10-26,0.6427163770674116
2004-10-27,0.588762788252221
2004-10-28,0.6039297446367932
2004-10-29,
2004-10-30,0.5518892477999401
2004-10-31,0.6141433168352031
2004-11-01,0.6191814890628231
2004-11-02,
2004-11-03,0.604693309230228
2004-11-04,
2004-11-05,0.5864615329329235
2004-11-06,0.5746709895952147
2004-11-07,0.6075759847762033
2004-11-08,0.5624823390611914
2004-11-09,
2004-11-10,
2004-11-11,0.5047439834024896
2004-11-12,0.5448057787114843
2004-11-13,
2004-11-14,
2004-11-15,0.4336953057525959
2004-11-16,0.2900508880896904
2004-11-17,
2004-11-18,0.6214261593946994
2004-11-19,0.5564574243008538
2004-11-20,0.523032305001299
2004-11-21,0.5771572981451313
2004-11-22,0.5621554202959679
2004-11-23,
2004-11-24,0.5361272834520664
2004-11-25,0.5940807090821127
2004-11-26,0.4575344172034539
2004-11-27,
2004-11-28,0.5142534807939316
2004-11-29,0.5971142009875013
2004-11-30,
2004-12-01,0.44135166015254623
2004-12-02,0.5006670750548041
2004-12-03,
2004-12-04,
2004-12-05,
2004-12-06,
2004-12-07,
2004-12-08,
2004-12-09,0.4982278382737512
2004-12-10,0.42833863560130103
2004-12-11,0.5342361958445189
2004-12-12,0.49145118756280737
2004-12-13,
2004-12-14,
2004-12-15,
2004-12-16,
2004-12-17,
2004-12-18,
2004-12-19,
2004-12-20,
2004-12-21,
2004-12-22,
2004-12-23,
2004-12-24,0.4702618557090639
2004-12-25,
2004-12-26,
2004-12-27,
2004-12-28,
2004-12-29,
2004-12-30,
2004-12-31,
2005-01-01,
2005-01-02,
2005-01-03,
2005-01-04,0.5956052936690811
2005-01-05,
2005-01-06,
2005-01-07,
2005-01-08,
2005-01-09,
2005-01-10,
2005-01-11,
2005-01-12,
2005-01-13,
2005-01-14,0.6115298237181027
2005-01-15,
2005-01-16,
2005-01-17,
2005-01-18,
2005-01-19,
2005-01-20,
2005-01-21,
2005-01-22,
2005-01-23,
2005-01-24,
2005-01-25,
2005-01-26,
2005-01-27,
2005-01-28,
2005-01-29,
2005-01-30,
2005-01-31,
2005-02-01,
2005-02-02,
2005-02-03,
2005-02-04,
2005-02-05,
2005-02-06,
2005-02-07,
2005-02-08,
2005-02-09,
2005-02-10,
2005-02-11,
2005-02-12,
2005-02-13,
2005-02-14,
2005-02-15,
2005-02-16,
2005-02-17,
2005-02-18,
2005-02-19,
2005-02-20,
2005-02-21,
2005-02-22,
2005-02-23,
2005-02-24,
2005-02-25,
2005-02-26,
2005-02-27,
2005-02-28,
2005-03-01,
2005-03-02,
2005-03-03,
2005-03-04,
2005-03-05,
2005-03-06,
2005-03-07,
2005-03-08,
2005-03-09,
2005-03-10,
2005-03-11,
2005-03-12,
2005-03-13,
2005-03-14,
2005-03-15,
2005-03-16,
2005-03-17,
2005-03-18,
2005-03-19,
2005-03-20,
2005-03-21,0.46492333333333336
2005-03-22,
2005-03-23,
2005-03-24,
2005-03-25,
2005-03-26,
2005-03-27,
2005-03-28,0.5720415564356108
2005-03-29,0.4517714636460639
2005-03-30,0.4149982552339867
2005-03-31,0.35207198719749844
2005-04-01,0.5847072100841063
2005-04-02,0.5823830568657501
2005-04-03,0.5721814131549018
2005-04-04,0.5521994634357666
2005-04-05,0.58829976587141
2005-04-06,0.6643439592331366
2005-04-07,0.6026361821696612
2005-04-08,0.5340340297542328
2005-04-09,0.5257019128281264
2005-04-10,0.48516104981760666
2005-04-11,0.5900179964613622
2005-04-12,0.4048672248643112
2005-04-13,
2005-04-14,0.5705092234089363
2005-04-15,0.43385730164230774
2005-04-16,
2005-04-17,0.5312362872438189
2005-04-18,0.5453142210487879
2005-04-19,0.5509602667917786
2005-04-20,0.5849165943089845
2005-04-21,0.6050645834860481
2005-04-22,0.6974133640552995
2005-04-23,0.5954473873879876
2005-04-24,0.572017884536389
2005-04-25,0.531839730594515
2005-04-26,0.548039073699346
2005-04-27,0.6199598612248507
2005-04-28,0.5791531330468451
2005-04-29,
2005-04-30,0.5891172391038665
2005-05-01,0.5458916099526723
2005-05-02,0.5401004636657317
2005-05-03,0.5657121699732625
2005-05-04,0.558145757949413
2005-05-05,0.5194893448071578
2005-05-06,
2005-05-07,0.573685980444583
2005-05-08,0.5791942920777937
2005-05-09,0.597900013664149
2005-05-10,0.5831317398919215
2005-05-11,0.5865959299782644
2005-05-12,0.6225097673055039
2005-05-13,
2005-05-14,0.5892373711097146
2005-05-15,0.6136830001874809
2005-05-16,0.6341649105770256
2005-05-17,0.584583394497981
2005-05-18,0.6064465962358556
2005-05-19,0.591336367843461
2005-05-20,0.5707201472466081
2005-05-21,0.5882189877610104
2005-05-22,0.5831077844453532
2005-05-23,0.6151188256463013
2005-05-24,0.669098186952105
2005-05-25,0.6706798893954851
2005-05-26,0.6551251157878891
2005-05-27,0.570524449312849
2005-05-28,0.590822680930458
2005-05-29,0.6098498603857333
2005-05-30,0.5966041558317648
2005-05-31,0.6637755340175876
2005-06-01,0.6102767508457223
2005-06-02,0.5889183185519057
2005-06-03,
2005-06-04,0.5795193085806073
2005-06-05,0.6446578796294712
2005-06-06,0.6447275857418764
2005-06-07,0.6250974554053319
2005-06-08,0.6066605526243232
2005-06-09,0.6764620199244917
2005-06-10,0.6144979278525508
2005-06-11,0.6140458577234517
2005-06-12,0.622570221632759
2005-06-13,0.6367529436562313
2005-06-14,0.6789221602404657
2005-06-15,0.687959303269864
2005-06-16,0.6954879036326597
2005-06-17,0.6736274399483064
2005-06-18,0.6314252914262769
2005-06-19,0.5915439566421107
2005-06-20,0.5845485837337536
2005-06-21,0.5586193013335403
2005-06-22,0.6312558942483368
2005-06-23,0.617439758056736
2005-06-24,0.581806364264647
2005-06-25,0.7067484214905428
2005-06-26,0.6189400620417509
2005-06-27,0.6232348951211228
2005-06-28,0.6231311389708716
2005-06-29,0.6314917083660893
2005-06-30,0.6624079445673796
2005-07-01,0.697300811595576
2005-07-02,
2005-07-03,0.5984793589819636
2005-07-04,0.5558847407304021
2005-07-05,0.5811486298144453
2005-07-06,0.652613686554793
2005-07-07,0.6511989352954668
2005-07-08,0.6692228198904074
2005-07-09,
2005-07-10,0.6235073838036411
2005-07-11,0.6229836303152942
2005-07-12,0.6334055125934203
2005-07-13,0.6185670163947355
2005-07-14,0.6195464873739317
2005-07-15,0.6466569106237119
2005-07-16,
2005-07-17,0.6304289233544155
2005-07-18,0.6746668722729762
2005-07-19,0.6778511679849819
2005-07-20,0.602542867871347
2005-07-21,0.624758223063478
2005-07-22,0.6573098212524788
2005-07-23,0.584770407363313
2005-07-24,0.5841009032563578
2005-07-25,0.6673160024864359
2005-07-26,0.6056348544419371
2005-07-27,0.6630217672707843
2005-07-28,0.6317305629093909
2005-07-29,0.5875841365221819
2005-07-30,0.600390794854817
2005-07-31,0.5911248474297873
2005-08-01,0.631522105632762
2005-08-02,0.6284518078185304
2005-08-03,0.632378833591639
2005-08-04,0.607833952982187
2005-08-05,0.6330769806276889
2005-08-06,0.5952308813545089
2005-08-07,0.5848502364058724
2005-08-08,0.5787594346010566
2005-08-09,0.6075151938078376
2005-08-10,0.6285954178730117
2005-08-11,0.6367524104576332
2005-08-12,0.8121940646050898
2005-08-13,0.5855831210847273
2005-08-14,0.6105310673051998
2005-08-15,0.6844444237827457
2005-08-16,0.6163802482259171
2005-08-17,0.685346279788866
2005-08-18,0.6290008253777152
2005-08-19,0.6262881571065922
2005-08-20,0.6418138874993194
2005-08-21,0.6279376673043185
2005-08-22,0.6043705994412443
2005-08-23,0.6011262590546045
2005-08-24,0.6048836278969446
2005-08-25,0.6333546299130555
2005-08-26,0.624580009679018
2005-08-27,0.5915218561517122
2005-08-28,0.8327271191450323
2005-08-29,0.6563030202434349
2005-08-30,0.6479374221019822
2005-08-31,0.6990598179647581
2005-09-01,0.6272562729488409
2005-09-02,0.6374810099588327
2005-09-03,0.6453243243243244
2005-09-04,
2005-09-05,0.6147914868711689
2005-09-06,0.594528931921504
2005-09-07,0.5953164363030833
2005-09-08,0.6386580119360613
2005-09-09,0.6071495704106179
2005-09-10,0.6048643397823349
2005-09-11,
2005-09-12,0.6266612299723479
2005-09-13,0.6147432106999811
2005-09-14,0.6414701054706096
2005-09-15,0.6479026777665953
2005-09-16,0.6479179709627574
2005-09-17,0.6881102326769479
2005-09-18,0.6673718579635541
2005-09-19,0.5966355876448415
2005-09-20,0.6532982702628851
2005-09-21,0.6051854934244999
2005-09-22,0.5884334436843144
2005-09-23,0.6583339973034711
2005-09-24,0.5706663135384167
2005-09-25,0.5462905232809723
2005-09-26,0.6640586859948353
2005-09-27,0.6663801308851861
2005-09-28,0.597972123864156
2005-09-29,0.6414498663654495
2005-09-30,0.6057552841201511
2005-10-01,0.6025350324368024
2005-10-02,0.576054800639859
2005-10-03,0.6048429891738201
2005-10-04,0.5925761704894312
2005-10-05,0.6226116082987748
2005-10-06,0.6473115625955289
2005-10-07,0.6734360805591133
2005-10-08,0.5194919179547143
2005-10-09,0.6724116797897856
2005-10-10,0.6234802346408347
2005-10-11,0.6470523598681576
2005-10-12,0.6574181787089501
2005-10-13,0.6174873130744423
2005-10-14,0.6677055062041783
2005-10-15,0.6384369716355187
2005-10-16,0.5659114747168257
2005-10-17,0.5757721222630144
2005-10-18,0.563005976207407
2005-10-19,0.5827320843910678
2005-10-20,0.6377555113466701
2005-10-21,0.5636995512931732
2005-10-22,0.35497472649842593
2005-10-23,0.65609985750635
2005-10-24,0.5874944251381996
2005-10-25,0.6144181804095672
2005-10-26,0.5585050761714482
2005-10-27,0.544563188914534
2005-10-28,0.5366191338879885
2005-10-29,0.4792996668758298
2005-10-30,0.5563926941659187
2005-10-31,0.7642138082826611
2005-11-01,0.5615250328057984
2005-11-02,0.566679693901543
2005-11-03,0.5461914179927208
2005-11-04,0.593840878062664
2005-11-05,0.643527075255576
2005-11-06,0.6011229527695519
2005-11-07,
2005-11-08,0.5546546065740384
2005-11-09,0.5648312953584979
2005-11-10,0.607617557939757
2005-11-11,0.44914959063753984
2005-11-12,
2005-11-13,
2005-11-14,0.6681389720117461
2005-11-15,0.5566010310191757
2005-11-16,0.6127586653587043
2005-11-17,0.45655459203709065
2005-11-18,
2005-11-19,
2005-11-20,
2005-11-21,0.66867024812127
2005-11-22,0.5969281064087483
2005-11-23,
2005-11-24,
2005-11-25,
2005-11-26,
2005-11-27,
2005-11-28,
2005-11-29,
2005-11-30,0.5507227927678312
2005-12-01,0.5631221725801739
2005-12-02,0.5940217703937438
2005-12-03,
2005-12-04,
2005-12-05,
2005-12-06,
2005-12-07,
2005-12-08,
2005-12-09,
2005-12-10,
2005-12-11,
2005-12-12,
2005-12-13,
2005-12-14,
2005-12-15,
2005-12-16,
2005-12-17,
2005-12-18,
2005-12-19,
2005-12-20,
2005-12-21,
2005-12-22,
2005-12-23,
2005-12-24,
2005-12-25,
2005-12-26,
2005-12-27,
2005-12-28,
2005-12-29,
2005-12-30,0.41619190103846637
2005-12-31,
2006-01-01,
2006-01-02,
2006-01-03,
2006-01-04,
2006-01-05,
2006-01-06,
2006-01-07,
2006-01-08,
2006-01-09,
2006-01-10,
2006-01-11,
2006-01-12,0.4819691334991852
2006-01-13,
2006-01-14,0.5540404959262708
2006-01-15,0.4766032428332743
2006-01-16,
2006-01-17,
2006-01-18,
2006-01-19,
2006-01-20,
2006-01-21,0.551377953763132
2006-01-22,
2006-01-23,
2006-01-24,
2006-01-25,
2006-01-26,
2006-01-27,
2006-01-28,
2006-01-29,0.43302023079371593
2006-01-30,
2006-01-31,
2006-02-01,
2006-02-02,
2006-02-03,0.29666801224348344
2006-02-04,0.4882841332891421
2006-02-05,0.5404274254394461
2006-02-06,0.4393389466634412
2006-02-07,
2006-02-08,
2006-02-09,
2006-02-10,
2006-02-11,
2006-02-12,
2006-02-13,
2006-02-14,
2006-02-15,
2006-02-16,0.4021237896888926
2006-02-17,0.5390252070853161
2006-02-18,
2006-02-19,
2006-02-20,
2006-02-21,
2006-02-22,
2006-02-23,
2006-02-24,
2006-02-25,
2006-02-26,
2006-02-27,
2006-02-28,
2006-03-01,
2006-03-02,
2006-03-03,
2006-03-04,
2006-03-05,
2006-03-06,
2006-03-07,
2006-03-08,
2006-03-09,
2006-03-10,0.6842647540983607
2006-03-11,0.5320821186061526
2006-03-12,
2006-03-13,0.5969945543876748
2006-03-14,0.5348542271466536
2006-03-15,0.5459005082718993
2006-03-16,
2006-03-17,
2006-03-18,
2006-03-19,
2006-03-20,
2006-03-21,
2006-03-22,
2006-03-23,
2006-03-24,0.6415734343159604
2006-03-25,0.6062708069857512
2006-03-26,0.5945957712867282
2006-03-27,0.45148697457533454
2006-03-28,0.5675960075257256
2006-03-29,
2006-03-30,0.5113473890244493
2006-03-31,0.4741758431267405
2006-04-01,0.6222621076824978
2006-04-02,0.5630423711121897
2006-04-03,0.5068199617973281
2006-04-04,0.5777318262222342
2006-04-05,
2006-04-06,
2006-04-07,0.7010684083037066
2006-04-08,0.5972075661308536
2006-04-09,0.3808526754175354
2006-04-10,0.45350965538914895
2006-04-11,0.49952556769349926
2006-04-12,0.5792285256455876
2006-04-13,0.6002423947956915
2006-04-14,0.6153753170588558
2006-04-15,0.5883139743274172
2006-04-16,
2006-04-17,0.5785660185765068
2006-04-18,0.585928474184946
2006-04-19,0.6064614853998925
2006-04-20,0.541213111708627
2006-04-21,0.5461323246926297
2006-04-22,0.5532062358582445
2006-04-23,0.5977709578288318
2006-04-24,0.6229981911585345
2006-04-25,0.6094124143492365
2006-04-26,0.5392047922800218
2006-04-27,0.5460839439017814
2006-04-28,0.5349089741136313
2006-04-29,0.5552953673066928
2006-04-30,0.5995762799310396
2006-05-01,0.6200565679909092
2006-05-02,0.6385109370627022
2006-05-03,0.6074932329086491
2006-05-04,0.5286817203478305
2006-05-05,0.5775119039576937
2006-05-06,0.5702347160694616
2006-05-07,0.5724296449598172
2006-05-08,0.6059867960393037
2006-05-09,0.6157616787466259
2006-05-10,0.6194591240470959
2006-05-11,0.7179511321026084
2006-05-12,0.6451081669754778
2006-05-13,0.6487387317800188
2006-05-14,0.6106285123065152
2006-05-15,0.6016608942673856
2006-05-16,0.670762405955209
2006-05-17,0.5734618007783641
2006-05-18,0.6984017946547629
2006-05-19,0.5799255426573126
2006-05-20,0.5329131402661785
2006-05-21,0.5656595105821498
2006-05-22,0.5886022468316253
2006-05-23,0.5749890867874287
2006-05-24,0.6037742622807964
2006-05-25,
2006-05-26,0.5951318350462517
2006-05-27,0.6586154602643256
2006-05-28,0.5856957654939043
2006-05-29,0.5947029880027709
2006-05-30,0.6094035469284285
2006-05-31,0.6370686474574507
2006-06-01,
2006-06-02,0.6231209872220608
2006-06-03,0.7262102371655675
2006-06-04,0.6802268226264322
2006-06-05,0.6020151737054125
2006-06-06,0.5908191104589895
2006-06-07,
2006-06-08,0.5866732332834376
2006-06-09,0.6185923877136608
2006-06-10,0.660166020635086
2006-06-11,0.5991946560027739
2006-06-12,0.645731986585097
2006-06-13,0.6003015313888093
2006-06-14,0.5767286690109878
2006-06-15,0.6108418754875313
2006-06-16,0.5696183623299707
2006-06-17,0.6055938741009259
2006-06-18,0.6301556871038921
2006-06-19,0.676996013186833
2006-06-20,0.6051527934699528
2006-06-21,0.5505008495349681
2006-06-22,0.5656286821475074
2006-06-23,0.6013517080138326
2006-06-24,0.6618367456403541
2006-06-25,0.6173225006059672
2006-06-26,0.6777290224907487
2006-06-27,0.6179678882973705
2006-06-28,0.7663433963208777
2006-06-29,0.6277394096520237
2006-06-30,0.5836766021513834
2006-07-01,0.564018752732347
2006-07-02,0.6051976240636043
2006-07-03,0.6215804561178667
2006-07-04,0.639386814216454
2006-07-05,
2006-07-06,0.5961040297782981
2006-07-07,0.5789730877408957
2006-07-08,0.5785494320783389
2006-07-09,0.5953281832967422
2006-07-10,0.5856830174792694
2006-07-11,0.631253637827991
2006-07-12,0.6576050808314088
2006-07-13,0.6909568424649504
2006-07-14,0.6254764449508936
2006-07-15,0.5983881796573202
2006-07-16,0.6111088971608986
2006-07-17,0.5978043916120749
2006-07-18,0.6173774273633597
2006-07-19,0.600139799838337
2006-07-20,0.5792244482401542
2006-07-21,0.8141931855765249
2006-07-22,0.6495199276992621
2006-07-23,0.6535131645233991
2006-07-24,0.6001064784333168
2006-07-25,0.599746064619673
2006-07-26,0.618234209538648
2006-07-27,0.621843877626718
2006-07-28,0.8625438135267135
2006-07-29,0.624243529280628
2006-07-30,0.6571229064823305
2006-07-31,0.6124978579046924
2006-08-01,0.6270645086605987
2006-08-02,0.5951042952212209
2006-08-03,0.6132612108457485
2006-08-04,0.9617091766104537
2006-08-05,0.5908715369650996
2006-08-06,0.569234580088349
2006-08-07,0.6270038014513706
2006-08-08,0.5888006467075734
2006-08-09,0.5939127093925604
2006-08-10,0.576714802628682
2006-08-11,0.5432408891340703
2006-08-12,0.6023431429339136
2006-08-13,0.6337117640904915
2006-08-14,0.6041958035462435
2006-08-15,0.6975222656942971
2006-08-16,0.6110995360765538
2006-08-17,0.577240465804604
2006-08-18,0.5685179431777402
2006-08-19,0.6234774483423094
2006-08-20,0.7223893125207936
2006-08-21,0.6634412143002172
2006-08-22,0.6258259107160256
2006-08-23,0.5957966844461152
2006-08-24,0.5858354828242262
2006-08-25,0.6115246445978713
2006-08-26,0.5828373427526935
2006-08-27,0.5864669337556226
2006-08-28,0.6813611452664815
2006-08-29,0.6939321535117167
2006-08-30,0.6394538647555155
2006-08-31,0.7924331718515466
2006-09-01,0.6041601786016697
2006-09-02,0.5936468292247535
2006-09-03,0.6478320408906729
2006-09-04,0.6314245917688323
2006-09-05,0.6788463850511092
2006-09-06,0.6543955447150699
2006-09-07,
2006-09-08,0.591654835252942
2006-09-09,0.5855522650591148
2006-09-10,0.5812112160469821
2006-09-11,0.5973764167398724
2006-09-12,0.5656747540003889
2006-09-13,0.6106391674920486
2006-09-14,0.6536946046877364
2006-09-15,0.6689238608802863
2006-09-16,0.6142118524418729
2006-09-17,0.6228511330491329
2006-09-18,0.5917848404643876
2006-09-19,0.6109344466844379
2006-09-20,0.5990262877412904
2006-09-21,0.5961515529217372
2006-09-22,0.6184660939401746
2006-09-23,0.6668412767247994
2006-09-24,0.6341994828063854
2006-09-25,0.5967518274633267
2006-09-26,0.5769570149395225
2006-09-27,0.5946731006738302
2006-09-28,0.5824827690187873
2006-09-29,0.6712569663095113
2006-09-30,0.574345991372577
2006-10-01,0.612574715188158
2006-10-02,0.6229427409662365
2006-10-03,0.6066418115537576
2006-10-04,0.6360919520635997
2006-10-05,0.6270340921771794
2006-10-06,0.6065858551820836
2006-10-07,0.6413193547143458
2006-10-08,0.5743533381199886
2006-10-09,0.6334402403571144
2006-10-10,0.6180996968639516
2006-10-11,0.6174211514008174
2006-10-12,0.4279566559659398
2006-10-13,0.5877815690865241
2006-10-14,0.5148152196443138
2006-10-15,0.5837769048117025
2006-10-16,
2006-10-17,0.5778311777221499
2006-10-18,0.6676653044419086
2006-10-19,0.6069024135936434
2006-10-20,0.6326930340762448
2006-10-21,0.5498385202161972
2006-10-22,0.532872471099501
2006-10-23,0.6023953696506537
2006-10-24,0.6014722453101371
2006-10-25,0.6523246765825544
2006-10-26,0.6071485966593273
2006-10-27,0.48713292404451286
2006-10-28,0.602627504476592
2006-10-29,0.5521580726080896
2006-10-30,0.5596264794103445
2006-10-31,0.5670328825657367
2006-11-01,0.6216345382653627
2006-11-02,0.6429799970319506
2006-11-03,
2006-11-04,
2006-11-05,
2006-11-06,
2006-11-07,0.47083513218417233
2006-11-08,0.6556899434058092
2006-11-09,0.6125067913491979
2006-11-10,0.6353409941440241
2006-11-11,0.6004926147540361
2006-11-12,0.6060620429582151
2006-11-13,0.5820882189079303
2006-11-14,0.6055425933157954
2006-11-15,0.5536000624256117
2006-11-16,0.6083639025715427
2006-11-17,0.7251637682687722
2006-11-18,
2006-11-19,0.5310304547576268
2006-11-20,0.5288472858356607
2006-11-21,
2006-11-22,
2006-11-23,
2006-11-24,
2006-11-25,
2006-11-26,
2006-11-27,0.5454622688086934
2006-11-28,0.6127217383214418
2006-11-29,0.5239753282927246
2006-11-30,0.5861963952554319
2006-12-01,0.5811495850115506
2006-12-02,0.5533247323141264
2006-12-03,0.5225447660439434
2006-12-04,0.40555445650706723
2006-12-05,
2006-12-06,
2006-12-07,0.547914404812617
2006-12-08,
2006-12-09,
2006-12-10,
2006-12-11,
2006-12-12,
2006-12-13,0.428698248221016
2006-12-14,0.5377628742614263
2006-12-15,0.6184295658355604
2006-12-16,0.6127551261967615
2006-12-17,0.3689290858527028
2006-12-18,0.5855238135930766
2006-12-19,
2006-12-20,
2006-12-21,0.5513111025293266
2006-12-22,
2006-12-23,0.502388809143778
2006-12-24,0.5484856197255843
2006-12-25,0.5227728165610417
2006-12-26,0.6753608065529539
2006-12-27,0.598329682545848
2006-12-28,
2006-12-29,
2006-12-30,
2006-12-31,
2007-01-01,
2007-01-02,
2007-01-03,
2007-01-04,0.5961689721000647
2007-01-05,0.5801849798186021
2007-01-06,0.7685582753915364
2007-01-07,0.5807923090095591
2007-01-08,0.618415879173655
2007-01-09,0.4273175648964076
2007-01-10,
2007-01-11,
2007-01-12,
2007-01-13,0.6813559131636694
2007-01-14,
2007-01-15,
2007-01-16,
2007-01-17,
2007-01-18,
2007-01-19,
2007-01-20,
2007-01-21,
2007-01-22,
2007-01-23,
2007-01-24,
2007-01-25,
2007-01-26,
2007-01-27,
2007-01-28,
2007-01-29,
2007-01-30,
2007-01-31,
2007-02-01,
2007-02-02,
2007-02-03,
2007-02-04,
2007-02-05,
2007-02-06,
2007-02-07,
2007-02-08,
2007-02-09,
2007-02-10,
2007-02-11,
2007-02-12,
2007-02-13,
2007-02-14,
2007-02-15,
2007-02-16,
2007-02-17,
2007-02-18,
2007-02-19,
2007-02-20,
2007-02-21,
2007-02-22,
2007-02-23,
2007-02-24,
2007-02-25,
2007-02-26,
2007-02-27,
2007-02-28,
2007-03-01,
2007-03-02,
2007-03-03,
2007-03-04,
2007-03-05,
2007-03-06,
2007-03-07,
2007-03-08,
2007-03-09,
2007-03-10,
2007-03-11,
2007-03-12,
2007-03-13,0.4167964786940712
2007-03-14,0.5504193929575133
2007-03-15,0.5617586753840685
2007-03-16,0.4737286347446961
2007-03-17,
2007-03-18,
2007-03-19,
2007-03-20,
2007-03-21,
2007-03-22,
2007-03-23,0.5414533051934294
2007-03-24,0.4746649447504354
2007-03-25,
2007-03-26,
2007-03-27,0.5844917251279826
2007-03-28,0.5895308838766864
2007-03-29,0.5674539126789387
2007-03-30,
2007-03-31,0.5738294954247792
2007-04-01,
2007-04-02,0.6286073497291228
2007-04-03,0.493110206110588
2007-04-04,0.46980234226661916
2007-04-05,
2007-04-06,
2007-04-07,
2007-04-08,
2007-04-09,
2007-04-10,
2007-04-11,
2007-04-12,0.6171032594936132
2007-04-13,0.32640613727093654
2007-04-14,0.5433938014440256
2007-04-15,0.516465106928978
2007-04-16,0.610766003619824
2007-04-17,0.43876372558405796
2007-04-18,0.528998610509831
2007-04-19,0.5537911510037858
2007-04-20,0.5580357142614185
2007-04-21,0.5814981026598222
2007-04-22,0.5297855859028837
2007-04-23,0.5196085188405781
2007-04-24,0.5377695883434517
2007-04-25,0.5830980434122123
2007-04-26,0.5771079807305707
2007-04-27,0.6457355601954388
2007-04-28,0.7385866516013372
2007-04-29,0.5881171478246467
2007-04-30,0.5284815786946911
2007-05-01,0.5625527869035318
2007-05-02,0.5935787066403593
2007-05-03,0.5496775180505918
2007-05-04,0.5577451183751316
2007-05-05,
2007-05-06,0.5711925804431468
2007-05-07,0.5460249202914619
2007-05-08,0.5948729807078494
2007-05-09,0.5830342272658977
2007-05-10,0.5851823759196226
2007-05-11,0.6174529156637233
2007-05-12,0.7736031150700975
2007-05-13,0.6081650351723022
2007-05-14,0.6684273615540067
2007-05-15,0.610569081469582
2007-05-16,0.6008653486417376
2007-05-17,0.6013909258809601
2007-05-18,0.6323489558885247
2007-05-19,0.7655992378616937
2007-05-20,0.6416760440781022
2007-05-21,0.7073460067296075
2007-05-22,0.5710072220424621
2007-05-23,0.5750494280140405
2007-05-24,0.6114989935983923
2007-05-25,0.5969509344493131
2007-05-26,0.5865210590208002
2007-05-27,0.5985589225950105
2007-05-28,0.7885762763964028
2007-05-29,0.5909693169855523
2007-05-30,0.6035116847613926
2007-05-31,0.6387238595374113
2007-06-01,0.6516198069702399
2007-06-02,0.6009688339288993
2007-06-03,0.6305059324746265
2007-06-04,0.7682673097889138
2007-06-05,0.6095363715286837
2007-06-06,0.5883625655664644
2007-06-07,0.6051377544869776
2007-06-08,0.6195341466413756
2007-06-09,0.6581814756819535
2007-06-10,0.6324168487746427
2007-06-11,0.601694661379156
2007-06-12,0.6112871041417971
2007-06-13,0.6736641502788551
2007-06-14,0.6118800615415598
2007-06-15,0.6682389787699254
2007-06-16,0.6043715020265856
2007-06-17,0.5848361898642348
2007-06-18,0.5535191248432172
2007-06-19,0.6095707713647229
2007-06-20,0.6685459205437723
2007-06-21,0.6021724604093488
2007-06-22,0.6092730241903184
2007-06-23,0.6055522605077951
2007-06-24,0.5791648570569689
2007-06-25,0.6261338461607765
2007-06-26,0.5961709457537604
2007-06-27,0.5963737642675205
2007-06-28,0.6539789311708056
2007-06-29,
2007-06-30,0.6119837772834058
2007-07-01,0.7906888045433651
2007-07-02,0.5834650440948738
2007-07-03,0.5631237839229434
2007-07-04,0.5872281345107897
2007-07-05,0.6675045653953805
2007-07-06,0.6635311769685686
2007-07-07,0.6036381958392347
2007-07-08,
2007-07-09,0.6472075371377455
2007-07-10,0.6234249820052419
2007-07-11,0.6234962089008784
2007-07-12,0.6371897188495226
2007-07-13,0.5895761967060298
2007-07-14,0.5827014706600443
2007-07-15,
2007-07-16,0.623694260169063
2007-07-17,0.6320255806410378
2007-07-18,0.6187754635419785
2007-07-19,0.6262805428344956
2007-07-20,0.6595936319617255
2007-07-21,0.5893763290319616
2007-07-22,
2007-07-23,0.6005665694887784
2007-07-24,0.6042109832487956
2007-07-25,0.6212760925269817
2007-07-26,0.6092701553546648
2007-07-27,0.6371576151627734
2007-07-28,0.62963958797028
2007-07-29,0.5984009883567455
2007-07-30,0.6291896989299605
2007-07-31,0.6138557476268846
2007-08-01,0.6294473982549172
2007-08-02,0.6703126423566657
2007-08-03,0.6226944776863772
2007-08-04,0.6095654410431602
2007-08-05,0.5807919753698156
2007-08-06,0.5924018671589834
2007-08-07,0.6186498833486117
2007-08-08,0.7135778980707729
2007-08-09,0.6132045384536489
2007-08-10,0.6248932095720527
2007-08-11,0.6131315990728029
2007-08-12,0.5716114839190813
2007-08-13,0.5910321277585823
2007-08-14,0.5715789088889223
2007-08-15,0.5996141981489945
2007-08-16,0.6549633924532462
2007-08-17,0.6429480257971829
2007-08-18,0.591644104585098
2007-08-19,0.585260675372718
2007-08-20,0.6005909734858145
2007-08-21,0.577026682064662
2007-08-22,0.5894750912412673
2007-08-23,0.6741632852565261
2007-08-24,0.6496900972972164
2007-08-25,0.6471946031081379
2007-08-26,0.6473486742601213
2007-08-27,0.5890208934026178
2007-08-28,0.5872640404626475
2007-08-29,0.5805218374849445
2007-08-30,0.6068864332158221
2007-08-31,0.6684100744659119
2007-09-01,0.6570492607770859
2007-09-02,0.6095084060155505
2007-09-03,0.8078877574110417
2007-09-04,0.5829008118955203
2007-09-05,0.566334357318328
2007-09-06,0.6236892573292719
2007-09-07,0.6180295669947288
2007-09-08,0.6825998754460578
2007-09-09,0.6616714169638679
2007-09-10,0.7126796885937017
2007-09-11,0.6675808412140334
2007-09-12,0.575589797124089
2007-09-13,0.600638618067469
2007-09-14,0.6004919514151613
2007-09-15,0.6466412720513552
2007-09-16,0.5625782170968702
2007-09-17,0.5930539205612073
2007-09-18,0.6158911158210375
2007-09-19,0.6149635678708233
2007-09-20,0.611445976713944
2007-09-21,0.6336140196968221
2007-09-22,0.637853972031222
2007-09-23,0.5931817124146359
2007-09-24,
2007-09-25,0.6174066777016286
2007-09-26,0.7026949591208113
2007-09-27,0.6190719788361548
2007-09-28,0.6180312342050686
2007-09-29,0.6155584578563053
2007-09-30,0.5848576548747236
2007-10-01,0.5734556869851106
2007-10-02,0.5872733458726547
2007-10-03,0.6093649850791975
2007-10-04,0.6118755826728643
2007-10-05,0.6922634127863455
2007-10-06,0.6384654831439462
2007-10-07,0.6605427814765016
2007-10-08,0.6398889125642165
2007-10-09,0.6125554069845666
2007-10-10,0.6674348903549009
2007-10-11,0.6317859984566897
2007-10-12,0.6733820115267343
2007-10-13,0.6045267669821299
2007-10-14,0.5748387123792015
2007-10-15,0.5604971159949989
2007-10-16,0.6188365601071018
2007-10-17,0.5475360995027971
2007-10-18,0.646604171900049
2007-10-19,0.6701721700987867
2007-10-20,0.6210189051396673
2007-10-21,0.6062358675030143
2007-10-22,0.6175935491941389
2007-10-23,0.5956253922484711
2007-10-24,0.6499964459638413
2007-10-25,0.633895944133805
2007-10-26,0.6094059184614512
2007-10-27,0.7236578509844137
2007-10-28,0.5945083532052022
2007-10-29,0.5040850897047621
2007-10-30,0.5362018098718627
2007-10-31,0.6112336599818224
2007-11-01,0.5835466562533984
2007-11-02,0.5677665355830908
2007-11-03,0.5812584910694176
2007-11-04,
2007-11-05,
2007-11-06,0.6874802251979253
2007-11-07,0.5406398966476781
2007-11-08,0.30889189189189187
2007-11-09,
2007-11-10,0.4387064656029666
2007-11-11,
2007-11-12,
2007-11-13,
2007-11-14,
2007-11-15,0.5973183418306296
2007-11-16,0.6294231805326813
2007-11-17,
2007-11-18,
2007-11-19,
2007-11-20,
2007-11-21,
2007-11-22,0.27879035250463824
2007-11-23,0.4959009530140434
2007-11-24,
2007-11-25,
2007-11-26,
2007-11-27,
2007-11-28,
2007-11-29,
2007-11-30,0.48553004074043277
2007-12-01,
2007-12-02,
2007-12-03,
2007-12-04,
2007-12-05,
2007-12-06,
2007-12-07,
2007-12-08,
2007-12-09,
2007-12-10,
2007-12-11,
2007-12-12,
2007-12-13,
2007-12-14,
2007-12-15,
2007-12-16,
2007-12-17,
2007-12-18,
2007-12-19,
2007-12-20,
2007-12-21,
2007-12-22,
2007-12-23,
2007-12-24,
2007-12-25,
2007-12-26,
2007-12-27,
2007-12-28,
2007-12-29,
2007-12-30,
2007-12-31,
2008-01-01,
2008-01-02,
2008-01-03,
2008-01-04,
2008-01-05,
2008-01-06,
2008-01-07,
2008-01-08,
2008-01-09,0.5087853893162547
2008-01-10,0.4804688748012935
2008-01-11,
2008-01-12,0.38416463781848526
2008-01-13,
2008-01-14,
2008-01-15,
2008-01-16,
2008-01-17,
2008-01-18,
2008-01-19,
2008-01-20,
2008-01-21,
2008-01-22,
2008-01-23,
2008-01-24,
2008-01-25,
2008-01-26,
2008-01-27,
2008-01-28,
2008-01-29,
2008-01-30,
2008-01-31,
2008-02-01,
2008-02-02,
2008-02-03,0.39272261613930975
2008-02-04,
2008-02-05,
2008-02-06,
2008-02-07,
2008-02-08,
2008-02-09,
2008-02-10,
2008-02-11,
2008-02-12,
2008-02-13,
2008-02-14,
2008-02-15,
2008-02-16,
2008-02-17,
2008-02-18,
2008-02-19,0.34214439987018336
2008-02-20,
2008-02-21,
2008-02-22,
2008-02-23,
2008-02-24,
2008-02-25,
2008-02-26,
2008-02-27,
2008-02-28,
2008-02-29,
2008-03-01,
2008-03-02,
2008-03-03,
2008-03-04,
2008-03-05,
2008-03-06,0.24330053738651114
2008-03-07,
2008-03-08,
2008-03-09,0.4398952991452991
2008-03-10,
2008-03-11,
2008-03-12,
2008-03-13,
2008-03-14,
2008-03-15,0.42620930674950763
2008-03-16,0.3060134155071552
2008-03-17,
2008-03-18,
2008-03-19,
2008-03-20,
2008-03-21,
2008-03-22,
2008-03-23,
2008-03-24,
2008-03-25,
2008-03-26,
2008-03-27,0.4963715860678635
2008-03-28,0.5911723523706741
2008-03-29,
2008-03-30,
2008-03-31,
2008-04-01,0.47671838323268745
2008-04-02,0.49407411384066463
2008-04-03,
2008-04-04,0.48807080465049413
2008-04-05,0.5239849369217129
2008-04-06,0.513648178479717
2008-04-07,0.4580933121498573
2008-04-08,
2008-04-09,
2008-04-10,0.5490642721114554
2008-04-11,0.5288848581018738
2008-04-12,0.5946188080663868
2008-04-13,0.5666180993372414
2008-04-14,0.5493416546035498
2008-04-15,
2008-04-16,0.37687491986833477
2008-04-17,0.5694168293568042
2008-04-18,0.5496809441289301
2008-04-19,0.5521057451252087
2008-04-20,0.589338588956354
2008-04-21,0.6109526668282252
2008-04-22,0.5775095678998086
2008-04-23,0.5803526894960748
2008-04-24,0.5899791332928034
2008-04-25,0.573649693942228
2008-04-26,0.5844709552576582
2008-04-27,0.5957098200016959
2008-04-28,0.5932666208117978
2008-04-29,0.6144641302415793
2008-04-30,0.6125433110321409
2008-05-01,
2008-05-02,0.5694883346850796
2008-05-03,0.6347587310252064
2008-05-04,0.558234190566069
2008-05-05,0.5046487407368507
2008-05-06,0.5588026901776496
2008-05-07,0.6011155653142031
2008-05-08,0.6088882757515224
2008-05-09,0.5654979841291432
2008-05-10,0.6325030719102659
2008-05-11,0.5866693859767914
2008-05-12,0.5906504797877813
2008-05-13,0.579226221238509
2008-05-14,0.5955507993071361
2008-05-15,0.6131230633989646
2008-05-16,0.6231943589101326
2008-05-17,0.6345512363030279
2008-05-18,0.5987032163173907
2008-05-19,0.586913169142166
2008-05-20,0.5852669192230188
2008-05-21,0.5558340217740668
2008-05-22,0.6117035354745348
2008-05-23,0.6637643455218482
2008-05-24,0.6110790912500929
2008-05-25,0.590853912031086
2008-05-26,0.6152211565445604
2008-05-27,0.6286565698094984
2008-05-28,0.5589871458174889
2008-05-29,0.5644029460425906
2008-05-30,0.5715851869463318
2008-05-31,0.6284584312992422
2008-06-01,0.6265965253177319
2008-06-02,0.6293780235440121
2008-06-03,0.621750150625848
2008-06-04,0.6393006744243012
2008-06-05,0.6520445919229994
2008-06-06,0.6668622806660252
2008-06-07,0.6327195112499129
2008-06-08,0.6371719948691555
2008-06-09,0.644237933424964
2008-06-10,0.6298013482340904
2008-06-11,0.6389202911876924
2008-06-12,0.5983272079444607
2008-06-13,0.5622193194365638
2008-06-14,0.6035004398799673
2008-06-15,0.6821528056456095
2008-06-16,0.6485374528092941
2008-06-17,0.6960618920190398
2008-06-18,0.6008457011703144
2008-06-19,0.6060146560998007
2008-06-20,0.609013433374663
2008-06-21,0.5801179234550714
2008-06-22,0.6091283599779939
2008-06-23,0.6061466425250562
2008-06-24,0.6378754854231995
2008-06-25,0.6153381850517372
2008-06-26,0.6279804932769651
2008-06-27,0.6617234364418237
2008-06-28,0.6792881909386556
2008-06-29,0.6558237116536755
2008-06-30,0.6268989092239331
2008-07-01,
2008-07-02,0.636764320993591
2008-07-03,0.5865764643660554
2008-07-04,0.661336905002017
2008-07-05,0.6353545379955863
2008-07-06,0.6412246820670183
2008-07-07,0.6608216538305055
2008-07-08,0.5923381503939433
2008-07-09,0.6158784847734403
2008-07-10,0.5847769686159242
2008-07-11,0.6092971245153462
2008-07-12,0.6107379180825958
2008-07-13,0.6555319542913626
2008-07-14,0.6460311395151098
2008-07-15,0.5302967182598373
2008-07-16,0.563955378077061
2008-07-17,0.610598282491148
2008-07-18,0.6226273221047717
2008-07-19,0.6770394437213336
2008-07-20,0.6685361259284315
2008-07-21,0.6789845734103656
2008-07-22,0.6689749061103133
2008-07-23,0.6550370237826462
2008-07-24,0.6574360005780345
2008-07-25,0.5989295138820072
2008-07-26,0.5924831859703495
2008-07-27,0.6290225595071814
2008-07-28,0.6528474867133596
2008-07-29,0.658183364495362
2008-07-30,0.6393151865288634
2008-07-31,0.5946514890740228
2008-08-01,0.6072083944143326
2008-08-02,0.6432075778406957
2008-08-03,0.6537981407502306
2008-08-04,0.669951447632936
2008-08-05,0.6659997792518219
2008-08-06,0.6663953235730858
2008-08-07,0.641084859735121
2008-08-08,0.6252801183985363
2008-08-09,0.5890247461038228
2008-08-10,0.6028802775542041
2008-08-11,0.6823614741955584
2008-08-12,0.6360571570751717
2008-08-13,0.600281353630289
2008-08-14,0.6582848241450662
2008-08-15,0.6086200509182399
2008-08-16,0.6180216025058224
2008-08-17,0.5948434429117607
2008-08-18,0.6123152763068074
2008-08-19,0.6216543942614841
2008-08-20,0.6538096461134334
2008-08-21,0.6241117146342303
2008-08-22,0.6261464081566473
2008-08-23,0.6011421291945352
2008-08-24,0.5849654106915331
2008-08-25,0.6400359925885383
2008-08-26,0.5890139667646899
2008-08-27,0.6056816143813105
2008-08-28,0.6302209635750665
2008-08-29,0.5901243748194804
2008-08-30,0.6858215621460558
2008-08-31,0.6059270148709357
2008-09-01,0.5657393529335834
2008-09-02,0.6070007392217301
2008-09-03,0.5774109440386266
2008-09-04,0.6051858259108223
2008-09-05,0.6282750598556225
2008-09-06,0.6457786480719356
2008-09-07,0.6447657516186884
2008-09-08,0.5986233440115284
2008-09-09,0.6065396424647275
2008-09-10,0.5376771153238341
2008-09-11,0.617784975906366
2008-09-12,0.6237103296656374
2008-09-13,0.6511471598949841
2008-09-14,0.6833211666964359
2008-09-15,0.632095000882126
2008-09-16,0.5942406688159556
2008-09-17,0.5655358305798248
2008-09-18,0.5709506907319555
2008-09-19,0.5839477672050987
2008-09-20,0.6084682695658943
2008-09-21,0.6056475414836132
2008-09-22,0.6517594748665884
2008-09-23,0.5894700962095292
2008-09-24,0.6208850834525053
2008-09-25,0.6282922515206563
2008-09-26,0.5790816114767606
2008-09-27,0.6501298282442858
2008-09-28,0.680662086815736
2008-09-29,0.6464432231348469
2008-09-30,0.6300639343386809
2008-10-01,0.6595566019882518
2008-10-02,0.6025793881190726
2008-10-03,0.5499468814251226
2008-10-04,0.5659286141408726
2008-10-05,0.568609895916427
2008-10-06,0.6013380928363693
2008-10-07,0.6183733037151521
2008-10-08,0.5975184501409517
2008-10-09,0.6416816528991011
2008-10-10,0.573241075321412
2008-10-11,0.6067576969312433
2008-10-12,0.5793898738943452
2008-10-13,0.5954100655902955
2008-10-14,0.6422605940719416
2008-10-15,0.61280811410224
2008-10-16,0.6345794945398537
2008-10-17,0.6014562881028942
2008-10-18,0.5413974466079593
2008-10-19,0.4693423467376096
2008-10-20,
2008-10-21,0.6471223933969334
2008-10-22,0.6096075613232037
2008-10-23,0.5839024515531019
2008-10-24,
2008-10-25,0.5632272375603914
2008-10-26,0.6271296505003658
2008-10-27,0.6041693226391388
2008-10-28,0.5735669430948119
2008-10-29,0.5597371411719471
2008-10-30,0.5457037502209586
2008-10-31,
2008-11-01,0.5782895816621535
2008-11-02,
2008-11-03,
2008-11-04,0.5375734640693915
2008-11-05,0.5766592365799865
2008-11-06,0.632951938554578
2008-11-07,0.59360210336595
2008-11-08,0.6116884721241747
2008-11-09,0.6008643992409082
2008-11-10,0.5764733066044391
2008-11-11,0.4879826504979493
2008-11-12,0.40203570988468035
2008-11-13,
2008-11-14,0.5801569925442823
2008-11-15,0.5956294643687153
2008-11-16,0.6248291374968911
2008-11-17,0.5546653716443296
2008-11-18,
2008-11-19,
2008-11-20,
2008-11-21,
2008-11-22,
2008-11-23,
2008-11-24,
2008-11-25,
2008-11-26,0.5295147212364987
2008-11-27,
2008-11-28,
2008-11-29,
2008-11-30,
2008-12-01,
2008-12-02,0.5633170294338252
2008-12-03,
2008-12-04,
2008-12-05,0.46598595597098197
2008-12-06,
2008-12-07,
2008-12-08,
2008-12-09,
2008-12-10,0.6660831923748574
2008-12-11,0.5452745889176355
2008-12-12,
2008-12-13,
2008-12-14,
2008-12-15,
2008-12-16,0.5767688263468673
2008-12-17,
2008-12-18,
2008-12-19,
2008-12-20,
2008-12-21,
2008-12-22,
2008-12-23,
2008-12-24,
2008-12-25,
2008-12-26,
2008-12-27,
2008-12-28,0.25197120721670185
2008-12-29,0.5493916597423314
2008-12-30,
2008-12-31,
2009-01-01,
2009-01-02,
2009-01-03,
2009-01-04,
2009-01-05,
2009-01-06,
2009-01-07,
2009-01-08,
2009-01-09,
2009-01-10,
2009-01-11,
2009-01-12,
2009-01-13,
2009-01-14,
2009-01-15,
2009-01-16,
2009-01-17,
2009-01-18,
2009-01-19,
2009-01-20,
2009-01-21,
2009-01-22,
2009-01-23,
2009-01-24,
2009-01-25,
2009-01-26,
2009-01-27,
2009-01-28,
2009-01-29,
2009-01-30,
2009-01-31,
2009-02-01,
2009-02-02,
2009-02-03,
2009-02-04,
2009-02-05,
2009-02-06,
2009-02-07,
2009-02-08,
2009-02-09,
2009-02-10,
2009-02-11,
2009-02-12,
2009-02-13,0.5060194403775587
2009-02-14,
2009-02-15,
2009-02-16,
2009-02-17,
2009-02-18,
2009-02-19,
2009-02-20,
2009-02-21,
2009-02-22,
2009-02-23,
2009-02-24,
2009-02-25,
2009-02-26,
2009-02-27,
2009-02-28,0.5032328950350594
2009-03-01,
2009-03-02,
2009-03-03,
2009-03-04,
2009-03-05,
2009-03-06,
2009-03-07,0.4796328363967398
2009-03-08,0.45472244343132534
2009-03-09,0.4907864912505995
2009-03-10,
2009-03-11,
2009-03-12,0.4363694673118626
2009-03-13,
2009-03-14,
2009-03-15,
2009-03-16,
2009-03-17,
2009-03-18,
2009-03-19,0.5589617621091192
2009-03-20,0.40785571652726876
2009-03-21,
2009-03-22,
2009-03-23,
2009-03-24,
2009-03-25,
2009-03-26,
2009-03-27,0.5451610400181945
2009-03-28,0.5248567580475458
2009-03-29,0.5830196330663606
2009-03-30,0.5500192755963134
2009-03-31,0.5547207691202897
2009-04-01,
2009-04-02,0.5745012207962596
2009-04-03,0.5779314108489302
2009-04-04,0.541718603169223
2009-04-05,0.5527476303910608
2009-04-06,0.5476023818687243
2009-04-07,0.527660951506117
2009-04-08,0.4339633349849107
2009-04-09,
2009-04-10,0.4959591608499959
2009-04-11,0.5892501801729064
2009-04-12,0.5132275511993851
2009-04-13,0.21112979187183883
2009-04-14,0.517574109175994
2009-04-15,0.3852073458125597
2009-04-16,0.5001040858546678
2009-04-17,0.5540321982664548
2009-04-18,0.5919014558236526
2009-04-19,0.5337398473636525
2009-04-20,0.49857783745407874
2009-04-21,0.6535737311062503
2009-04-22,0.4845103737560939
2009-04-23,0.525513754899052
2009-04-24,0.5390515784987832
2009-04-25,0.5789934249814707
2009-04-26,0.5755569815343586
2009-04-27,0.6239111261917969
2009-04-28,0.5876501304189857
2009-04-29,0.5376444279218947
2009-04-30,0.514274961421361
2009-05-01,0.6277256441767045
2009-05-02,0.6062319942282611
2009-05-03,0.6028590181974852
2009-05-04,0.623620602184441
2009-05-05,0.6082125919117537
2009-05-06,0.6657128320159507
2009-05-07,0.6435566344032514
2009-05-08,0.5594508924361701
2009-05-09,0.5950402665041281
2009-05-10,0.6101214905274771
2009-05-11,0.6043459901710561
2009-05-12,0.6001567394720164
2009-05-13,0.5968829750333317
2009-05-14,0.6129206365387312
2009-05-15,0.5949949253674902
2009-05-16,0.5708061206696597
2009-05-17,0.6594810992275313
2009-05-18,0.6659799429840059
2009-05-19,0.6517007995870137
2009-05-20,0.6483097315648549
2009-05-21,0.572868094628639
2009-05-22,0.6136405949201896
2009-05-23,0.7158610002686343
2009-05-24,0.6072359687764569
2009-05-25,0.5939818344550473
2009-05-26,0.6195658982333052
2009-05-27,0.6651593583175727
2009-05-28,0.7014777173872898
2009-05-29,0.6580006566339363
2009-05-30,0.6528535493571704
2009-05-31,0.5678203859151773
2009-06-01,0.5631026113819201
2009-06-02,0.6141609317747342
2009-06-03,0.6135612111733326
2009-06-04,0.6353874566685704
2009-06-05,0.6344378923973154
2009-06-06,0.6161087012052205
2009-06-07,0.6322391194623734
2009-06-08,0.6957486052981846
2009-06-09,0.6539629457861816
2009-06-10,0.6224027482573429
2009-06-11,0.6593374372728057
2009-06-12,0.6435025282044794
2009-06-13,0.6239447926326577
2009-06-14,0.6158400551425616
2009-06-15,0.6449645532816488
2009-06-16,0.6258311955344985
2009-06-17,0.5471150250568929
2009-06-18,0.6140684608165933
2009-06-19,0.6906782009794228
2009-06-20,0.6756214440093924
2009-06-21,0.6656769551213484
2009-06-22,0.6590921394640621
2009-06-23,0.6874340371066832
2009-06-24,0.6943205354104088
2009-06-25,0.6189010631446118
2009-06-26,0.6283531284452591
2009-06-27,0.67484117494872
2009-06-28,0.7234730117121605
2009-06-29,0.7115313289912139
2009-06-30,0.6277619847431063
2009-07-01,0.6747382976034311
2009-07-02,0.6341555131079571
2009-07-03,0.6060778358098251
2009-07-04,0.6136026919227489
2009-07-05,0.616731576815069
2009-07-06,0.6416241803188429
2009-07-07,0.6847581952896347
2009-07-08,0.6044419038531987
2009-07-09,0.6603176279532545
2009-07-10,0.6588553415246593
2009-07-11,0.5882587266182995
2009-07-12,0.6147645210305165
2009-07-13,0.5999556088326807
2009-07-14,0.6206923848893345
2009-07-15,0.6315168716310647
2009-07-16,0.6434668643468858
2009-07-17,0.6248533987376884
2009-07-18,0.6300959909446477
2009-07-19,0.579179547822316
2009-07-20,0.6039620335950954
2009-07-21,0.6519840876271759
2009-07-22,0.6594076215135941
2009-07-23,0.6583028846018824
2009-07-24,0.699156039449915
2009-07-25,0.641883062490441
2009-07-26,0.7131049047107646
2009-07-27,0.6212528911996551
2009-07-28,0.6028877408714116
2009-07-29,0.6588342697787486
2009-07-30,0.6901849158720267
2009-07-31,0.642505722383047
2009-08-01,0.6258324938693405
2009-08-02,0.6333162889956664
2009-08-03,0.6184979326224026
2009-08-04,0.5785682491170429
2009-08-05,
2009-08-06,0.6052789738595838
2009-08-07,0.6251043155292242
2009-08-08,0.619359582455455
2009-08-09,0.5825542933871026
2009-08-10,0.6647745081023058
2009-08-11,0.7309762020011588
2009-08-12,0.6247932007489017
2009-08-13,0.6498195987155825
2009-08-14,0.6367624155141329
2009-08-15,0.6316961995364601
2009-08-16,0.6245344439341888
2009-08-17,0.625858880534047
2009-08-18,0.6327661496372463
2009-08-19,0.6294560681811086
2009-08-20,0.5960197246151937
2009-08-21,0.6654186045828605
2009-08-22,0.6426391868079816
2009-08-23,0.6942253160076849
2009-08-24,0.6657990034343529
2009-08-25,0.5954413646127457
2009-08-26,0.6176403585089207
2009-08-27,0.6557218476925963
2009-08-28,0.5858629788359213
2009-08-29,0.7020014000687868
2009-08-30,0.6362121829652019
2009-08-31,0.6125891467998271
2009-09-01,0.5936263989862653
2009-09-02,0.5920714491403505
2009-09-03,0.602948042228023
2009-09-04,0.5960147293139372
2009-09-05,0.5737587187371644
2009-09-06,0.5909725496864601
2009-09-07,0.5937053258897915
2009-09-08,0.6242759601169323
2009-09-09,0.6299515098998513
2009-09-10,0.5785930155643867
2009-09-11,0.6010872628473808
2009-09-12,0.6818792367806493
2009-09-13,0.5912176308315054
2009-09-14,0.598169572753339
2009-09-15,0.6235682109592102
2009-09-16,0.6178150198695715
2009-09-17,0.6137147879617325
2009-09-18,0.6147691357381346
2009-09-19,0.5882668741714485
2009-09-20,0.5738284197878861
2009-09-21,0.5829761422314796
2009-09-22,0.5881968161125337
2009-09-23,0.6449769450639563
2009-09-24,0.6468675410055306
2009-09-25,0.6314241799910835
2009-09-26,0.5819627880495897
2009-09-27,0.6544971527089044
2009-09-28,0.6922125596396113
2009-09-29,0.567133630334978
2009-09-30,0.6004103335172446
2009-10-01,0.5705643407415405
2009-10-02,0.6098249760977745
2009-10-03,0.6821968668876747
2009-10-04,0.6478397525397512
2009-10-05,0.6028872031353886
2009-10-06,0.5806207551836515
2009-10-07,0.6418099118761589
2009-10-08,0.6227075767054973
2009-10-09,0.6150700662163496
2009-10-10,0.6572074444474846
2009-10-11,0.6202485741313161
2009-10-12,0.5758152027070168
2009-10-13,0.6250922024093599
2009-10-14,0.606865119359965
2009-10-15,
2009-10-16,0.5695873202346001
2009-10-17,0.5544399999999999
2009-10-18,0.5975321082525132
2009-10-19,0.5156877505114112
2009-10-20,
2009-10-21,0.6146042747315504
2009-10-22,0.5869853129668365
2009-10-23,0.5932632439627104
2009-10-24,0.6405814827057115
2009-10-25,0.5952445301204669
2009-10-26,0.6483753153646179
2009-10-27,0.6073371474513019
2009-10-28,0.6166651552151493
2009-10-29,0.5962349243134772
2009-10-30,0.5620889161932799
2009-10-31,0.5790907014736845
2009-11-01,0.5750816547621164
2009-11-02,0.5371831020947178
2009-11-03,0.5774065866844883
2009-11-04,0.5620714941330615
2009-11-05,0.4813006643584511
2009-11-06,0.5571953119394725
2009-11-07,
2009-11-08,0.5473103182079665
2009-11-09,0.5107604166666666
2009-11-10,0.5721353880774939
2009-11-11,0.6003530239056127
2009-11-12,0.4461413105675957
2009-11-13,0.4228494976078701
2009-11-14,0.6304326404529349
2009-11-15,0.5592689286915975
2009-11-16,0.48821872972055985
2009-11-17,0.5426832229145039
2009-11-18,
2009-11-19,
2009-11-20,0.6109875633236294
2009-11-21,0.5903822964005386
2009-11-22,0.5199399967712637
2009-11-23,0.39912925972910895
2009-11-24,0.5559621153710206
2009-11-25,0.5341879206508775
2009-11-26,0.5456940341421437
2009-11-27,0.6092347052999844
2009-11-28,0.5834893424002164
2009-11-29,0.5513471018867024
2009-11-30,0.5707199839070757
2009-12-01,0.4563696315146589
2009-12-02,
2009-12-03,0.6242998924460235
2009-12-04,0.5423265200710216
2009-12-05,0.5123386005313253
2009-12-06,
2009-12-07,
2009-12-08,
2009-12-09,
2009-12-10,
2009-12-11,
2009-12-12,
2009-12-13,
2009-12-14,
2009-12-15,
2009-12-16,0.3506240746198874
2009-12-17,
2009-12-18,
2009-12-19,
2009-12-20,
2009-12-21,
2009-12-22,
2009-12-23,
2009-12-24,
2009-12-25,
2009-12-26,
2009-12-27,
2009-12-28,
2009-12-29,
2009-12-30,
2009-12-31,
2010-01-01,
2010-01-02,
2010-01-03,
2010-01-04,
2010-01-05,
2010-01-06,
2010-01-07,
2010-01-08,
2010-01-09,
2010-01-10,
2010-01-11,
2010-01-12,
2010-01-13,
2010-01-14,
2010-01-15,
2010-01-16,0.47874402513515285
2010-01-17,
2010-01-18,
2010-01-19,
2010-01-20,
2010-01-21,
2010-01-22,
2010-01-23,
2010-01-24,
2010-01-25,
2010-01-26,0.4052491647298134
2010-01-27,
2010-01-28,
2010-01-29,
2010-01-30,
2010-01-31,
2010-02-01,
2010-02-02,
2010-02-03,
2010-02-04,
2010-02-05,
2010-02-06,
2010-02-07,
2010-02-08,
2010-02-09,
2010-02-10,
2010-02-11,
2010-02-12,
2010-02-13,
2010-02-14,
2010-02-15,
2010-02-16,
2010-02-17,
2010-02-18,
2010-02-19,
2010-02-20,
2010-02-21,
2010-02-22,
2010-02-23,
2010-02-24,
2010-02-25,0.39943648570058654
2010-02-26,0.37430138912861416
2010-02-27,
2010-02-28,
2010-03-01,
2010-03-02,0.5413852069754325
2010-03-03,
2010-03-04,0.5058533226320877
2010-03-05,0.46902420651954196
2010-03-06,
2010-03-07,0.4261618288567173
2010-03-08,0.48258328147395646
2010-03-09,0.5484031768563594
2010-03-10,
2010-03-11,
2010-03-12,0.5469626527559704
2010-03-13,0.2738428947137473
2010-03-14,0.5344612834780763
2010-03-15,0.46110634399189193
2010-03-16,0.428418324764623
2010-03-17,
2010-03-18,0.5769763530522484
2010-03-19,0.6038458147612608
2010-03-20,0.5722022333421829
2010-03-21,0.5548958190964138
2010-03-22,0.5766410036154012
2010-03-23,0.6462042779888745
2010-03-24,0.5426493375706524
2010-03-25,0.5670862451899892
2010-03-26,0.46256427094636743
2010-03-27,
2010-03-28,
2010-03-29,0.5948375601606549
2010-03-30,0.5971452930796762
2010-03-31,0.48810600352887074
2010-04-01,0.48883246999496127
2010-04-02,0.5638286096714348
2010-04-03,0.5397574658333789
2010-04-04,0.5820219555520411
2010-04-05,0.5501464986109006
2010-04-06,0.5549123475941008
2010-04-07,0.5532592319700953
2010-04-08,0.5347252338259901
2010-04-09,0.5682244203648588
2010-04-10,0.5230735813525713
2010-04-11,0.5843692865606708
2010-04-12,0.5934087859857897
2010-04-13,0.5179342224811783
2010-04-14,0.5516017086379961
2010-04-15,0.5700603790069312
2010-04-16,0.5379033688846335
2010-04-17,0.5789396748865939
2010-04-18,0.5491996645447452
2010-04-19,0.5476611170931583
2010-04-20,0.6004594873898852
2010-04-21,0.6011025897049509
2010-04-22,0.5824709635448189
2010-04-23,0.6001986120835477
2010-04-24,0.5130095492491983
2010-04-25,0.5663005913159589
2010-04-26,0.6334801732605843
2010-04-27,0.6120444940420369
2010-04-28,0.5783871198067604
2010-04-29,0.5608189824255185
2010-04-30,0.616335477164974
2010-05-01,0.6297938409663916
2010-05-02,0.5893008028863719
2010-05-03,0.61080374143079
2010-05-04,0.6026443121447721
2010-05-05,0.6051592206277304
2010-05-06,0.6718920357228401
2010-05-07,0.6311877733476702
2010-05-08,0.6690390196996887
2010-05-09,0.5996291533788408
2010-05-10,0.5642117411294448
2010-05-11,0.5320342320776774
2010-05-12,0.5996539915152872
2010-05-13,0.6182665647311882
2010-05-14,0.6651273429396992
2010-05-15,0.6134452083419064
2010-05-16,0.6488158861842886
2010-05-17,0.6254812874135784
2010-05-18,0.5604632068945642
2010-05-19,0.6744349937300944
2010-05-20,0.640016162812698
2010-05-21,0.6725179301970937
2010-05-22,0.6735148208020929
2010-05-23,0.6528219140873736
2010-05-24,0.6243483334988575
2010-05-25,0.8326091453626209
2010-05-26,0.6071952719084702
2010-05-27,0.6226172244273831
2010-05-28,0.595555842302587
2010-05-29,0.6540878582149493
2010-05-30,0.6327960632779489
2010-05-31,0.6260826004590099
2010-06-01,0.6752635287448754
2010-06-02,0.6947772423183071
2010-06-03,0.6111133177437464
2010-06-04,0.612395157730066
2010-06-05,0.639053201833239
2010-06-06,0.6738584553851764
2010-06-07,0.6458765740968636
2010-06-08,0.625999692096306
2010-06-09,0.5907255020494272
2010-06-10,0.6700439196008916
2010-06-11,0.6014246631835082
2010-06-12,0.6372275729980645
2010-06-13,0.6780163347457645
2010-06-14,0.668059720774429
2010-06-15,0.6222599051739193
2010-06-16,0.5967978676676987
2010-06-17,0.6383711393645238
2010-06-18,0.6725325460568348
2010-06-19,0.5689462289494139
2010-06-20,0.6400335448372856
2010-06-21,0.6680627140784119
2010-06-22,0.6003011034599468
2010-06-23,0.7087587871135465
2010-06-24,0.6500319910674428
2010-06-25,0.5963401155024558
2010-06-26,0.6273363250347103
2010-06-27,0.5941728274092574
2010-06-28,0.6578940202100411
2010-06-29,0.6500079250918349
2010-06-30,0.6753058187022969
2010-07-01,0.618773399228878
2010-07-02,0.6262707737700789
2010-07-03,0.5932288470948099
2010-07-04,0.631616443991156
2010-07-05,0.5892228996607575
2010-07-06,0.6549281844801281
2010-07-07,0.6916406271840718
2010-07-08,0.671234518888289
2010-07-09,0.6802217331911626
2010-07-10,0.6852791016371542
2010-07-11,0.6384245010967721
2010-07-12,0.5931886996692746
2010-07-13,0.6201344626836517
2010-07-14,0.6798959347854249
2010-07-15,0.662418568280328
2010-07-16,0.7061188493133516
2010-07-17,0.6652581529768504
2010-07-18,0.6463230217174172
2010-07-19,0.6137574313969663
2010-07-20,0.5987349003890782
2010-07-21,0.6041253871444277
2010-07-22,0.6263731316674914
2010-07-23,0.6396466615780672
2010-07-24,0.707174290239082
2010-07-25,0.694638756676668
2010-07-26,0.6370175127089562
2010-07-27,0.5818231945258056
2010-07-28,0.5699188609563327
2010-07-29,0.634105497801461
2010-07-30,0.6272041610797692
2010-07-31,0.5943299288241131
2010-08-01,0.6490099443585906
2010-08-02,0.6630404875224615
2010-08-03,0.6517765201789661
2010-08-04,0.6216329746655687
2010-08-05,0.6051028542570696
2010-08-06,0.6043136442006816
2010-08-07,0.6152237326359208
2010-08-08,0.6771600095789108
2010-08-09,0.6668308844318573
2010-08-10,0.7108786347745762
2010-08-11,0.6630121366655783
2010-08-12,0.681872457530312
2010-08-13,0.5888676739150408
2010-08-14,0.5667232139001995
2010-08-15,0.6270318478569451
2010-08-16,0.715396632910774
2010-08-17,0.6586087813392273
2010-08-18,0.6234658548628343
2010-08-19,0.6326285842645049
2010-08-20,0.7226233354891534
2010-08-21,0.5612988077586665
2010-08-22,0.6197562009954013
2010-08-23,0.6802057547112278
2010-08-24,0.6708816985635724
2010-08-25,0.7182604474340737
2010-08-26,0.7186047800499488
2010-08-27,0.6259421554454528
2010-08-28,0.6581426976882528
2010-08-29,0.5745946871944293
2010-08-30,0.5704397227728315
2010-08-31,0.6319148171895026
2010-09-01,0.6325774194993379
2010-09-02,0.6776301646658602
2010-09-03,0.636738668948722
2010-09-04,0.6515975152555804
2010-09-05,0.8681376582918559
2010-09-06,0.5418824397517219
2010-09-07,0.5939050612829138
2010-09-08,0.6074287093716918
2010-09-09,0.6328541947681302
2010-09-10,0.6241685090665909
2010-09-11,0.635708768609714
2010-09-12,0.6445446562964235
2010-09-13,0.7085806187007728
2010-09-14,0.5828086667836231
2010-09-15,0.5899947467842809
2010-09-16,0.6235650927562983
2010-09-17,0.6643916157685129
2010-09-18,0.6158385140339755
2010-09-19,0.6277410604328103
2010-09-20,0.6132315783472571
2010-09-21,0.8264406885815135
2010-09-22,0.5906816055452608
2010-09-23,0.5759236825368251
2010-09-24,0.6404595707615941
2010-09-25,0.6504081539915719
2010-09-26,0.6288950959227503
2010-09-27,0.7045555225099851
2010-09-28,0.6681035413174069
2010-09-29,0.6482710588884194
2010-09-30,0.6118815861434674
2010-10-01,0.6080395227333011
2010-10-02,0.568890389094286
2010-10-03,0.6297006335736381
2010-10-04,0.6477404300903878
2010-10-05,0.6578614783247531
2010-10-06,0.6704412583985255
2010-10-07,0.6809639344262295
2010-10-08,0.5457347068902053
2010-10-09,0.564195118369248
2010-10-10,0.5909201311562973
2010-10-11,0.6051294897965848
2010-10-12,0.6331333611703086
2010-10-13,0.6309142145232033
2010-10-14,0.5931229902843244
2010-10-15,0.6638369040781646
2010-10-16,0.567202714502837
2010-10-17,0.6117928714267054
2010-10-18,0.626946920421501
2010-10-19,0.6077120946661991
2010-10-20,0.634063908785642
2010-10-21,0.5991900108154592
2010-10-22,0.5717085384953099
2010-10-23,0.6349814471243043
2010-10-24,0.5713092450500667
2010-10-25,0.5677263333570302
2010-10-26,0.628929045331482
2010-10-27,0.6181700528419971
2010-10-28,0.5926118522670224
2010-10-29,0.6094941093350651
2010-10-30,0.6155038690471162
2010-10-31,0.6091830217488798
2010-11-01,0.43186478027288316
2010-11-02,0.5890134099872458
2010-11-03,
2010-11-04,
2010-11-05,0.6435901887204747
2010-11-06,0.5697288101575502
2010-11-07,0.5519933946429515
2010-11-08,0.611461328088328
2010-11-09,0.5272070012979727
2010-11-10,0.5751751877112374
2010-11-11,0.557438403242748
2010-11-12,0.5480608900407203
2010-11-13,0.42809469391299265
2010-11-14,0.461842577012623
2010-11-15,0.6010041532989994
2010-11-16,0.6059709818055041
2010-11-17,0.6579683181669091
2010-11-18,0.5540580120489377
2010-11-19,0.5562197269111333
2010-11-20,
2010-11-21,0.5689268292682929
2010-11-22,
2010-11-23,0.5840725606075026
2010-11-24,0.5299134710905004
2010-11-25,
2010-11-26,
2010-11-27,
2010-11-28,
2010-11-29,
2010-11-30,
2010-12-01,0.5907954305422068
2010-12-02,0.5270534704806398
2010-12-03,
2010-12-04,0.3185077550358383
2010-12-05,
2010-12-06,
2010-12-07,
2010-12-08,
2010-12-09,
2010-12-10,
2010-12-11,
2010-12-12,
2010-12-13,0.5461685869495349
2010-12-14,
2010-12-15,
2010-12-16,
2010-12-17,
2010-12-18,
2010-12-19,
2010-12-20,
2010-12-21,
2010-12-22,
2010-12-23,
2010-12-24,
2010-12-25,
2010-12-26,
2010-12-27,
2010-12-28,
2010-12-29,
2010-12-30,
2010-12-31,
2011-01-01,
2011-01-02,0.5140944406570664
2011-01-03,
2011-01-04,
2011-01-05,
2011-01-06,
2011-01-07,
2011-01-08,
2011-01-09,
2011-01-10,
2011-01-11,
2011-01-12,
2011-01-13,
2011-01-14,
2011-01-15,
2011-01-16,
2011-01-17,
2011-01-18,
2011-01-19,
2011-01-20,
2011-01-21,
2011-01-22,
2011-01-23,
2011-01-24,
2011-01-25,
2011-01-26,
2011-01-27,
2011-01-28,
2011-01-29,
2011-01-30,
2011-01-31,
2011-02-01,
2011-02-02,
2011-02-03,
2011-02-04,
2011-02-05,
2011-02-06,
2011-02-07,
2011-02-08,
2011-02-09,
2011-02-10,
2011-02-11,
2011-02-12,
2011-02-13,
2011-02-14,
2011-02-15,
2011-02-16,
2011-02-17,
2011-02-18,
2011-02-19,
2011-02-20,
2011-02-21,
2011-02-22,
2011-02-23,
2011-02-24,
2011-02-25,
2011-02-26,
2011-02-27,
2011-02-28,
2011-03-01,
2011-03-02,
2011-03-03,
2011-03-04,
2011-03-05,
2011-03-06,
2011-03-07,0.5295742126166646
2011-03-08,
2011-03-09,
2011-03-10,
2011-03-11,
2011-03-12,0.4519850425118085
2011-03-13,0.5212965056103697
2011-03-14,0.47451750845995627
2011-03-15,
2011-03-16,
2011-03-17,
2011-03-18,0.5443798460267116
2011-03-19,0.5315286933003318
2011-03-20,
2011-03-21,
2011-03-22,
2011-03-23,
2011-03-24,
2011-03-25,
2011-03-26,
2011-03-27,
2011-03-28,
2011-03-29,
2011-03-30,
2011-03-31,0.4370931615795182
2011-04-01,0.29803379496276916
2011-04-02,
2011-04-03,0.49189274861372173
2011-04-04,0.552790628728385
2011-04-05,0.5119326088826395
2011-04-06,0.493183278309368
2011-04-07,
2011-04-08,
2011-04-09,0.3996733959964493
2011-04-10,0.5703213926554903
2011-04-11,0.5784034898506525
2011-04-12,0.5931138055946089
2011-04-13,0.6096674939363471
2011-04-14,0.5725811452158255
2011-04-15,0.5401833917641266
2011-04-16,
2011-04-17,0.5536258835016823
2011-04-18,0.547181591759515
2011-04-19,0.5729375959457984
2011-04-20,0.5890559268286786
2011-04-21,0.6129787587020531
2011-04-22,0.4601519431572035
2011-04-23,0.5984949555764912
2011-04-24,0.5826099111280544
2011-04-25,0.570713141923441
2011-04-26,0.5899187221861809
2011-04-27,0.5886162970571001
2011-04-28,0.6334766176035265
2011-04-29,0.5667032415378892
2011-04-30,0.5967490494058496
2011-05-01,0.5709499424799344
2011-05-02,0.5330428722083552
2011-05-03,0.5934651514221266
2011-05-04,0.6144122093172028
2011-05-05,0.5805356145047965
2011-05-06,0.5943729835771141
2011-05-07,0.6303953449117259
2011-05-08,0.6107543405825633
2011-05-09,0.6024771693491581
2011-05-10,0.6432359025633375
2011-05-11,0.6053865858918189
2011-05-12,0.5992360620614742
2011-05-13,0.629976988057163
2011-05-14,0.6815831013598314
2011-05-15,0.6785012253352368
2011-05-16,0.6793785508796829
2011-05-17,0.6463799018796892
2011-05-18,0.6118752396573733
2011-05-19,0.6356643943279379
2011-05-20,0.6103312516196566
2011-05-21,0.6001357623463515
2011-05-22,0.6376038488749025
2011-05-23,0.7139820333874575
2011-05-24,0.6571529000427572
2011-05-25,0.5956514362506289
2011-05-26,0.579368884784586
2011-05-27,0.5849615146743449
2011-05-28,0.61740720877347
2011-05-29,0.6188575246796443
2011-05-30,0.6821626455020479
2011-05-31,0.6561292279687176
2011-06-01,0.672624353079913
2011-06-02,0.5650553215765878
2011-06-03,0.5517160402306315
2011-06-04,0.59662104359298
2011-06-05,0.5807264183845692
2011-06-06,0.6154323414603481
2011-06-07,0.6346936354907894
2011-06-08,0.6066356609675304
2011-06-09,0.6137906326271787
2011-06-10,0.8065114287360645
2011-06-11,0.6203840200323368
2011-06-12,0.6735722932715472
2011-06-13,0.6167377308293011
2011-06-14,0.6462237108560002
2011-06-15,0.6556907403881956
2011-06-16,0.6336887992257544
2011-06-17,0.662012267128486
2011-06-18,0.6660536843309423
2011-06-19,0.5467076305491944
2011-06-20,0.5732500354848645
2011-06-21,0.5988820200187749
2011-06-22,0.6286058653674127
2011-06-23,0.6954482308560398
2011-06-24,0.7301939372134152
2011-06-25,0.6723567647206248
2011-06-26,0.695689768572876
2011-06-27,0.5896318263279658
2011-06-28,0.5832340308176129
2011-06-29,0.6337555698554257
2011-06-30,0.594912945716501
2011-07-01,0.6022689294887592
2011-07-02,0.6034061310032389
2011-07-03,0.6626842056433887
2011-07-04,0.6442501592236033
2011-07-05,0.5695882815858677
2011-07-06,0.6024738308727225
2011-07-07,0.6074271567921337
2011-07-08,0.623093962252165
2011-07-09,0.6567834905428276
2011-07-10,0.6251466168640853
2011-07-11,0.6554317473512432
2011-07-12,0.628648374768265
2011-07-13,0.5819523939840077
2011-07-14,0.6070206892506422
2011-07-15,0.5949731691210683
2011-07-16,0.625710349159684
2011-07-17,0.6162251046673808
2011-07-18,0.6069597003906932
2011-07-19,0.6213232452215691
2011-07-20,0.6914400129594488
2011-07-21,0.6137992986786948
2011-07-22,0.67482836068423
2011-07-23,0.5930140009501417
2011-07-24,0.6077458354366585
2011-07-25,0.6512449040262743
2011-07-26,0.7184232357498753
2011-07-27,0.6473999688843154
2011-07-28,0.7776316573227676
2011-07-29,0.628863388936876
2011-07-30,0.6094695804222476
2011-07-31,0.5946799057390243
2011-08-01,0.6254147046710511
2011-08-02,
2011-08-03,0.6175294136665238
2011-08-04,0.6025028059503235
2011-08-05,0.6263827152765414
2011-08-06,0.6134067353556563
2011-08-07,0.6879071890187
2011-08-08,0.6885418185175476
2011-08-09,0.5909450324821487
2011-08-10,0.677097473787128
2011-08-11,
2011-08-12,0.6161702436250601
2011-08-13,0.7778740652893901
2011-08-14,0.6244829234564354
2011-08-15,0.6920158151009266
2011-08-16,0.6524890319925972
2011-08-17,0.6125223749744958
2011-08-18,0.6390710933106879
2011-08-19,0.6203638622824984
2011-08-20,0.6255915520202493
2011-08-21,0.6140036426429505
2011-08-22,0.6144405741903802
2011-08-23,0.6047363180369584
2011-08-24,0.6268599067506252
2011-08-25,0.6453494600228646
2011-08-26,0.6292443873541677
2011-08-27,0.6147305736134423
2011-08-28,0.6599570643253009
2011-08-29,0.6287630898900037
2011-08-30,0.568430317000322
2011-08-31,0.57691583980261
2011-09-01,0.5620115961314004
2011-09-02,0.6057540591433616
2011-09-03,0.6424167623139339
2011-09-04,0.6407643078023382
2011-09-05,0.5617497424068649
2011-09-06,0.6672200503940217
2011-09-07,0.6089292997842727
2011-09-08,0.6504170814493972
2011-09-09,0.6209431586942511
2011-09-10,0.5981528755001682
2011-09-11,0.6003528937967391
2011-09-12,0.6054202562248239
2011-09-13,0.5947379824770952
2011-09-14,0.5847988658350737
2011-09-15,0.6177564842530447
2011-09-16,0.5636087761587311
2011-09-17,0.5872441731435639
2011-09-18,0.569881384202864
2011-09-19,0.5774660341694868
2011-09-20,0.6349815906166139
2011-09-21,0.5198177224287103
2011-09-22,0.6999958809577563
2011-09-23,0.5988463886588927
2011-09-24,0.6391422391785434
2011-09-25,0.6103349781780945
2011-09-26,0.6087989250596266
2011-09-27,0.6209147440322244
2011-09-28,0.6455054565442081
2011-09-29,0.7105514707750642
2011-09-30,0.5696474196067266
2011-10-01,0.6150619089882478
2011-10-02,0.6170607217048905
2011-10-03,0.6065678316013416
2011-10-04,0.6118444461765661
2011-10-05,0.5950227094833153
2011-10-06,0.6165715376785336
2011-10-07,
2011-10-08,0.5510474745594357
2011-10-09,0.56985244923149
2011-10-10,0.5891790859376601
2011-10-11,0.5686806889600925
2011-10-12,0.5956296341269248
2011-10-13,0.6779789722601033
2011-10-14,0.6762653335856519
2011-10-15,
2011-10-16,0.5487722556281435
2011-10-17,0.5555713533111019
2011-10-18,0.5834152988029941
2011-10-19,0.612923603904073
2011-10-20,0.6317544193445387
2011-10-21,0.608658680739731
2011-10-22,0.5988027065231055
2011-10-23,0.6583039566556109
2011-10-24,0.5499292388835718
2011-10-25,0.5843212239815891
2011-10-26,0.6312169936798527
2011-10-27,0.6690108776356495
2011-10-28,0.5355684761365499
2011-10-29,
2011-10-30,0.5381876492121901
2011-10-31,
2011-11-01,
2011-11-02,
2011-11-03,
2011-11-04,0.5997479882804118
2011-11-05,
2011-11-06,
2011-11-07,0.47953333333333337
2011-11-08,0.6638535015186176
2011-11-09,0.5863935918249328
2011-11-10,0.6074453865044216
2011-11-11,0.6271984350675611
2011-11-12,0.5424086088861076
2011-11-13,0.5991161666574896
2011-11-14,0.6003807565588001
2011-11-15,0.6110692227105935
2011-11-16,0.8195405405405406
2011-11-17,0.5140908652205581
2011-11-18,0.4775428417133398
2011-11-19,
2011-11-20,0.6405664099462356
2011-11-21,0.5923926280313218
2011-11-22,
2011-11-23,
2011-11-24,
2011-11-25,
2011-11-26,0.5553066105831524
2011-11-27,0.5413464627904319
2011-11-28,0.562809038106719
2011-11-29,0.6303707286692828
2011-11-30,0.5833321366091934
2011-12-01,0.5774503410451294
2011-12-02,
2011-12-03,0.41757182251783687
2011-12-04,
2011-12-05,0.5854717445393671
2011-12-06,0.6351396405341742
2011-12-07,0.6244428282910633
2011-12-08,0.5178648299062322
2011-12-09,
2011-12-10,
2011-12-11,
2011-12-12,
2011-12-13,
2011-12-14,
2011-12-15,0.4476391585760518
2011-12-16,0.5584538693785857
2011-12-17,0.5411366771240954
2011-12-18,
2011-12-19,
2011-12-20,0.5670664764799391
2011-12-21,
2011-12-22,
2011-12-23,0.49814290357228186
2011-12-24,
2011-12-25,
2011-12-26,
2011-12-27,
2011-12-28,0.4942926140026235
2011-12-29,
2011-12-30,
2011-12-31,
2012-01-01,
2012-01-02,
2012-01-03,
2012-01-04,
2012-01-05,
2012-01-06,
2012-01-07,
2012-01-08,0.4832311477272832
2012-01-09,
2012-01-10,
2012-01-11,
2012-01-12,
2012-01-13,
2012-01-14,
2012-01-15,
2012-01-16,
2012-01-17,
2012-01-18,
2012-01-19,
2012-01-20,
2012-01-21,
2012-01-22,
2012-01-23,
2012-01-24,
2012-01-25,0.5283044511373536
2012-01-26,
2012-01-27,
2012-01-28,0.4861081110466934
2012-01-29,0.3503372630683732
2012-01-30,
2012-01-31,
2012-02-01,
2012-02-02,0.5910726580588445
2012-02-03,
2012-02-04,
2012-02-05,
2012-02-06,
2012-02-07,
2012-02-08,
2012-02-09,
2012-02-10,
2012-02-11,0.6880482758620691
2012-02-12,
2012-02-13,
2012-02-14,
2012-02-15,
2012-02-16,
2012-02-17,0.35628754578754585
2012-02-18,
2012-02-19,
2012-02-20,
2012-02-21,
2012-02-22,
2012-02-23,0.6335893863533556
2012-02-24,
2012-02-25,
2012-02-26,
2012-02-27,
2012-02-28,
2012-02-29,
2012-03-01,
2012-03-02,
2012-03-03,
2012-03-04,
2012-03-05,
2012-03-06,
2012-03-07,
2012-03-08,0.5466605243369608
2012-03-09,0.5542294179421032
2012-03-10,
2012-03-11,
2012-03-12,0.5302520719632781
2012-03-13,
2012-03-14,0.5210491845562709
2012-03-15,0.5578051957644442
2012-03-16,0.5743884564419126
2012-03-17,0.6598649299302719
2012-03-18,0.5968301513028141
2012-03-19,0.5925551150381894
2012-03-20,0.6141975939260029
2012-03-21,
2012-03-22,0.5689675012414409
2012-03-23,0.5874051228171733
2012-03-24,0.5842627891216157
2012-03-25,0.6020220098021617
2012-03-26,0.5926537325943834
2012-03-27,
2012-03-28,0.502917356687484
2012-03-29,0.6766615219422738
2012-03-30,0.4885320337095054
2012-03-31,0.5086074148870846
2012-04-01,
2012-04-02,0.5882755448981873
2012-04-03,0.4493595833717698
2012-04-04,0.6064060333769999
2012-04-05,0.55289798464691
2012-04-06,
2012-04-07,0.5294716171185305
2012-04-08,0.6100645118440351
2012-04-09,0.6118263838900933
2012-04-10,0.6208324137254657
2012-04-11,0.559923339140092
2012-04-12,0.6059998800641121
2012-04-13,0.5210344604855481
2012-04-14,0.6642401277161334
2012-04-15,0.5885424669098933
2012-04-16,0.5918392662396422
2012-04-17,0.5893745916677656
2012-04-18,0.6023173348481456
2012-04-19,0.6025828647544202
2012-04-20,0.6443302068839908
2012-04-21,0.6507606009964201
2012-04-22,0.5929956724998412
2012-04-23,0.66524180015175
2012-04-24,0.540494817403764
2012-04-25,0.6338474725916764
2012-04-26,0.6670257818899828
2012-04-27,0.6322466318685882
2012-04-28,0.5737122838394842
2012-04-29,0.29911654279883476
2012-04-30,0.5414001623131306
2012-05-01,0.6409732790949898
2012-05-02,0.6203986038427673
2012-05-03,0.6373551350235672
2012-05-04,0.6713289591785414
2012-05-05,0.642600562319722
2012-05-06,0.626099235073737
2012-05-07,0.6990900380111659
2012-05-08,0.5837685370941932
2012-05-09,0.6214336671614027
2012-05-10,0.6547114062388979
2012-05-11,0.5940661268970234
2012-05-12,0.6077513257617181
2012-05-13,0.6527962723119585
2012-05-14,0.6724444501753652
2012-05-15,
2012-05-16,
2012-05-17,0.5704559354875345
2012-05-18,0.5875140930849071
2012-05-19,0.6174358873872685
2012-05-20,0.6425903008795523
2012-05-21,0.6278308247061044
2012-05-22,0.6864339507173798
2012-05-23,0.8754333333333334
2012-05-24,0.6065388150006984
2012-05-25,0.6392225800143834
2012-05-26,0.6551034554331541
2012-05-27,0.6405376871041745
2012-05-28,0.6637798930908798
2012-05-29,0.6920737229368331
2012-05-30,0.6487976496062187
2012-05-31,0.8681176470588235
2012-06-01,0.5930394913222176
2012-06-02,0.6064866783076718
2012-06-03,0.6384144453213327
2012-06-04,0.6783328533408253
2012-06-05,0.6785553450987634
2012-06-06,0.6636712231561642
2012-06-07,0.6518475408511337
2012-06-08,0.7962102559897781
2012-06-09,0.569761197045168
2012-06-10,0.588876297334703
2012-06-11,0.6256188799323386
2012-06-12,0.6493113810785658
2012-06-13,0.6859998484951844
2012-06-14,0.6512114742845481
2012-06-15,0.5705488435619827
2012-06-16,0.6296409259512517
2012-06-17,0.5763896329475999
2012-06-18,0.6005136850201244
2012-06-19,0.6326422346037925
2012-06-20,0.6757805889067641
2012-06-21,0.6293787699133355
2012-06-22,0.6451717613720395
2012-06-23,0.45237654707272634
2012-06-24,0.6112704402298248
2012-06-25,0.6237723221730234
2012-06-26,0.6391007674782145
2012-06-27,0.599801006888421
2012-06-28,0.6202051211352262
2012-06-29,0.6604390099682617
2012-06-30,0.6469981665297614
2012-07-01,
2012-07-02,0.5886977412679181
2012-07-03,0.5960362046869286
2012-07-04,0.6834649178341219
2012-07-05,0.6654089967282476
2012-07-06,0.6829959085064576
2012-07-07,0.6670257216248692
2012-07-08,0.6575106088034508
2012-07-09,0.6933869384392215
2012-07-10,0.5739636229941978
2012-07-11,0.6121220258140899
2012-07-12,0.6690669829317211
2012-07-13,0.6464870577474695
2012-07-14,0.6665794583086398
2012-07-15,0.6612201700378352
2012-07-16,0.6963120790107548
2012-07-17,
2012-07-18,0.627198364577264
2012-07-19,0.636351111010545
2012-07-20,0.6324077331625171
2012-07-21,0.6273802516764192
2012-07-22,0.657616603587419
2012-07-23,0.7017994453518017
2012-07-24,0.6680376557396076
2012-07-25,0.7178475360041686
2012-07-26,0.6273289502135622
2012-07-27,0.6860974276118631
2012-07-28,0.7006492557664696
2012-07-29,0.689309884284567
2012-07-30,0.6548716585171279
2012-07-31,0.6563734190044784
2012-08-01,0.6702241518761074
2012-08-02,0.6986857417491329
2012-08-03,0.6243070055576635
2012-08-04,0.6467309845265234
2012-08-05,0.6612427508634807
2012-08-06,0.6609655040720543
2012-08-07,0.6463669970854725
2012-08-08,0.627334356752967
2012-08-09,0.6387922608289468
2012-08-10,0.7428835412679413
2012-08-11,0.6410273974263467
2012-08-12,0.6826034667034486
2012-08-13,0.6418308600911256
2012-08-14,0.660333834183746
2012-08-15,0.6110611064219349
2012-08-16,0.6688828811169131
2012-08-17,0.6276711445067787
2012-08-18,0.6210838341484991
2012-08-19,0.5923639107645998
2012-08-20,0.5970093715568302
2012-08-21,0.644135248131533
2012-08-22,0.6083709208318678
2012-08-23,0.6329767173565763
2012-08-24,0.634510521252495
2012-08-25,0.7137062030231789
2012-08-26,0.5761814374330092
2012-08-27,0.6037007472934122
2012-08-28,0.6189016232039585
2012-08-29,0.5896844224831713
2012-08-30,0.6229888528328896
2012-08-31,0.6374690455360477
2012-09-01,0.6557106223410641
2012-09-02,0.73980969016141
2012-09-03,0.5871154165292319
2012-09-04,0.6555508898108611
2012-09-05,0.676756119130947
2012-09-06,0.6583443726375069
2012-09-07,0.6333728153222496
2012-09-08,0.6670189439550193
2012-09-09,0.6161517009466948
2012-09-10,0.7207289620658692
2012-09-11,0.56151344309771
2012-09-12,0.5849006905531805
2012-09-13,0.5952202247136923
2012-09-14,0.6048447488396972
2012-09-15,0.6222956289901285
2012-09-16,0.5960488991813453
2012-09-17,0.612858609014206
2012-09-18,0.7136912665598825
2012-09-19,0.6217661461727447
2012-09-20,0.5766447767476133
2012-09-21,0.584760643662663
2012-09-22,0.6375867404381693
2012-09-23,0.6250653848978088
2012-09-24,0.6059137973685793
2012-09-25,0.5833818596452854
2012-09-26,0.7451810146410516
2012-09-27,0.5817615436362049
2012-09-28,0.6168155086545223
2012-09-29,0.646634090955044
2012-09-30,0.6218926551407828
2012-10-01,0.65111693380407
2012-10-02,0.6326245728645914
2012-10-03,0.6725601223406363
2012-10-04,0.6652066020815933
2012-10-05,0.5954099621429066
2012-10-06,0.6054875377216037
2012-10-07,
2012-10-08,0.6161367246505224
2012-10-09,0.6156559813281473
2012-10-10,0.6470101615244239
2012-10-11,0.6108903025453801
2012-10-12,0.5749503298901928
2012-10-13,
2012-10-14,0.6398036429300489
2012-10-15,0.61905877470641
2012-10-16,0.6095062300930153
2012-10-17,0.6140768166409796
2012-10-18,0.5939396318425614
2012-10-19,0.6866527192596429
2012-10-20,0.5799444145588908
2012-10-21,0.5786034067964919
2012-10-22,0.6176369745123986
2012-10-23,0.595613801220734
2012-10-24,0.6084121367312619
2012-10-25,0.6446746964519714
2012-10-26,0.6464768654514487
2012-10-27,0.6490511097112266
2012-10-28,0.5788298068794203
2012-10-29,0.5925587570492993
2012-10-30,0.6013856884218752
2012-10-31,0.6038421401341272
2012-11-01,0.5929547145814469
2012-11-02,0.606629834729707
2012-11-03,0.5946507671877471
2012-11-04,0.7343617563553645
2012-11-05,0.5124444367696006
2012-11-06,
2012-11-07,
2012-11-08,
2012-11-09,0.5483133478510547
2012-11-10,0.6060686040452893
2012-11-11,
2012-11-12,0.6016596927897463
2012-11-13,0.5888171295872223
2012-11-14,0.43262389532560375
2012-11-15,
2012-11-16,
2012-11-17,
2012-11-18,
2012-11-19,
2012-11-20,
2012-11-21,
2012-11-22,
2012-11-23,
2012-11-24,0.5703406807147312
2012-11-25,
2012-11-26,
2012-11-27,
2012-11-28,
2012-11-29,
2012-11-30,
2012-12-01,
2012-12-02,
2012-12-03,0.6149487446171599
2012-12-04,
2012-12-05,0.8538217159363284
2012-12-06,
2012-12-07,
2012-12-08,0.5597513664475422
2012-12-09,0.5701802373153834
2012-12-10,0.5707804878048782
2012-12-11,0.5818249085810393
2012-12-12,
2012-12-13,
2012-12-14,
2012-12-15,
2012-12-16,
2012-12-17,
2012-12-18,
2012-12-19,0.5289937217683351
2012-12-20,0.5035749433122885
2012-12-21,
2012-12-22,0.5443724154857921
2012-12-23,
2012-12-24,
2012-12-25,
2012-12-26,
2012-12-27,
2012-12-28,
2012-12-29,
2012-12-30,
2012-12-31,
2013-01-01,
2013-01-02,
2013-01-03,
2013-01-04,
2013-01-05,
2013-01-06,
2013-01-07,
2013-01-08,
2013-01-09,
2013-01-10,
2013-01-11,
2013-01-12,
2013-01-13,0.3482159845955704
2013-01-14,0.5157529472564046
2013-01-15,0.5533609214159441
2013-01-16,
2013-01-17,
2013-01-18,
2013-01-19,
2013-01-20,0.48491158880726537
2013-01-21,
2013-01-22,
2013-01-23,
2013-01-24,
2013-01-25,
2013-01-26,
2013-01-27,
2013-01-28,
2013-01-29,
2013-01-30,
2013-01-31,0.5604653676811477
2013-02-01,
2013-02-02,
2013-02-03,
2013-02-04,
2013-02-05,
2013-02-06,
2013-02-07,
2013-02-08,
2013-02-09,
2013-02-10,
2013-02-11,
2013-02-12,
2013-02-13,
2013-02-14,
2013-02-15,
2013-02-16,
2013-02-17,
2013-02-18,
2013-02-19,
2013-02-20,
2013-02-21,
2013-02-22,
2013-02-23,
2013-02-24,
2013-02-25,
2013-02-26,
2013-02-27,
2013-02-28,
2013-03-01,
2013-03-02,
2013-03-03,
2013-03-04,
2013-03-05,
2013-03-06,
2013-03-07,
2013-03-08,
2013-03-09,
2013-03-10,
2013-03-11,
2013-03-12,0.38803823374075286
2013-03-13,0.5031657701273236
2013-03-14,
2013-03-15,
2013-03-16,
2013-03-17,
2013-03-18,
2013-03-19,
2013-03-20,
2013-03-21,
2013-03-22,
2013-03-23,
2013-03-24,
2013-03-25,
2013-03-26,0.34661980993228597
2013-03-27,
2013-03-28,0.5050697009275799
2013-03-29,0.48864687727454603
2013-03-30,0.5412138181370626
2013-03-31,
2013-04-01,0.5435634380316762
2013-04-02,0.2163294830900784
2013-04-03,
2013-04-04,
2013-04-05,0.5556267807267575
2013-04-06,0.534868308956664
2013-04-07,
2013-04-08,0.6027267435820877
2013-04-09,0.6004360383915662
2013-04-10,0.5927911536040444
2013-04-11,0.5604070640092299
2013-04-12,0.5508523158377272
2013-04-13,0.4453781039542748
2013-04-14,0.5459539859868725
2013-04-15,0.3569549320366727
2013-04-16,0.5834976848297416
2013-04-17,
2013-04-18,0.5195219391431742
2013-04-19,0.5693476700370298
2013-04-20,0.6246059230851079
2013-04-21,0.5334142570255602
2013-04-22,
2013-04-23,0.4933195565005728
2013-04-24,0.6183310762478313
2013-04-25,0.6684464644423083
2013-04-26,0.484513906793447
2013-04-27,0.5524907310382428
2013-04-28,0.6227057542241814
2013-04-29,0.6184378769512442
2013-04-30,0.6049357935614704
2013-05-01,0.6094079137181647
2013-05-02,0.6159203738753303
2013-05-03,
2013-05-04,0.5642358369738345
2013-05-05,0.5529024901782653
2013-05-06,0.6089389794511074
2013-05-07,0.6092058130488875
2013-05-08,0.6670652313914628
2013-05-09,0.6361894511965591
2013-05-10,0.6524601372900488
2013-05-11,0.7957567879359662
2013-05-12,0.6074891525986373
2013-05-13,0.576400574163408
2013-05-14,0.6247074219909785
2013-05-15,0.6525317640319194
2013-05-16,0.6234722675690267
2013-05-17,0.6380694897175554
2013-05-18,0.6126723638861661
2013-05-19,0.619248892191062
2013-05-20,0.6396066038645938
2013-05-21,0.6311802440661672
2013-05-22,0.6580367136785371
2013-05-23,0.6721474300703433
2013-05-24,0.6719160484964951
2013-05-25,0.6885525849182907
2013-05-26,0.6471617731196806
2013-05-27,0.5680024125240029
2013-05-28,0.6111517842405936
2013-05-29,0.6698365038870515
2013-05-30,0.6448844343832666
2013-05-31,0.6554336663112795
2013-06-01,0.6346080431180962
2013-06-02,0.6621806403868264
2013-06-03,0.6748072275202381
2013-06-04,0.564301700281973
2013-06-05,0.602529112122489
2013-06-06,0.6143816320731662
2013-06-07,0.7076413989970526
2013-06-08,0.7190070810195405
2013-06-09,0.6410663763771417
2013-06-10,0.6163370073362484
2013-06-11,0.696510823004657
2013-06-12,0.6198174024560428
2013-06-13,0.6187648186835789
2013-06-14,0.6682459978688081
2013-06-15,0.5991238960991502
2013-06-16,0.6418709961298666
2013-06-17,0.6355638621280264
2013-06-18,0.6509642979602139
2013-06-19,0.6462875630939813
2013-06-20,0.5801250301162216
2013-06-21,0.6187792089292901
2013-06-22,0.6301402119931315
2013-06-23,0.6640259843944664
2013-06-24,0.6799920090037985
2013-06-25,0.6624901108583229
2013-06-26,0.6571850766675952
2013-06-27,0.6758218500165273
2013-06-28,0.669251041099952
2013-06-29,0.6549211565201819
2013-06-30,0.6370596933793693
2013-07-01,0.7075579514283676
2013-07-02,0.7064018844824491
2013-07-03,0.6807626355175913
2013-07-04,0.688399375355345
2013-07-05,0.6218275478601185
2013-07-06,0.64738549617169
2013-07-07,0.6439006631514888
2013-07-08,0.676667477134834
2013-07-09,0.723275197447285
2013-07-10,0.6969035493682122
2013-07-11,0.6875600402626838
2013-07-12,0.6661335180601688
2013-07-13,0.6378674306309391
2013-07-14,0.6590158608441669
2013-07-15,0.6320744860410061
2013-07-16,0.660663501119072
2013-07-17,0.672469158047669
2013-07-18,0.6835549144313444
2013-07-19,0.6774411894853049
2013-07-20,0.6918074099606788
2013-07-21,0.6021013721987803
2013-07-22,0.6684890621114224
2013-07-23,0.5917716862862983
2013-07-24,0.6524778650845139
2013-07-25,0.6597164202479308
2013-07-26,0.6679530732361886
2013-07-27,0.6475171207114601
2013-07-28,0.6501802425173978
2013-07-29,0.6421784909560002
2013-07-30,0.6119879833544193
2013-07-31,0.6327645987435775
2013-08-01,0.6391577795168253
2013-08-02,0.698543650584164
2013-08-03,0.6623233407149054
2013-08-04,0.6142127205662146
2013-08-05,0.63792801942852
2013-08-06,0.5909354708770403
2013-08-07,0.6252102219702955
2013-08-08,0.6780006436001834
2013-08-09,0.6218354127516678
2013-08-10,0.6581203326913085
2013-08-11,0.6304441876254355
2013-08-12,0.7640242506701576
2013-08-13,0.6007468424020356
2013-08-14,0.608044976820204
2013-08-15,0.5960773800474051
2013-08-16,0.5913070614605995
2013-08-17,0.6321386697075486
2013-08-18,0.6315520124647468
2013-08-19,0.6355141847425271
2013-08-20,0.6444024601360857
2013-08-21,0.5982247427436808
2013-08-22,0.6094926442228565
2013-08-23,0.3074576068381931
2013-08-24,0.6174096179419224
2013-08-25,0.6018831103979756
2013-08-26,0.6848277559790125
2013-08-27,0.6653686526233772
2013-08-28,0.7152801280283837
2013-08-29,0.6248834223792353
2013-08-30,0.6287021923401064
2013-08-31,0.6551202673208539
2013-09-01,0.667961642967356
2013-09-02,0.6876560622444826
2013-09-03,0.6501697185700274
2013-09-04,0.626551605734189
2013-09-05,0.668740018949132
2013-09-06,0.5666702446337575
2013-09-07,0.6083097441954827
2013-09-08,0.6299007157846109
2013-09-09,0.6401945523656632
2013-09-10,0.6564461916799673
2013-09-11,0.6715575098490745
2013-09-12,0.6440036133672045
2013-09-13,0.6412114253684594
2013-09-14,0.5941444789351402
2013-09-15,0.5803927213311045
2013-09-16,0.6293292584490964
2013-09-17,0.614365425692651
2013-09-18,0.604440055910769
2013-09-19,0.6013611931454919
2013-09-20,0.7086482736417979
2013-09-21,0.5495369402628028
2013-09-22,0.6381937362857251
2013-09-23,0.5873149768275425
2013-09-24,0.5903962409006211
2013-09-25,0.6528155746805208
2013-09-26,0.6049257263693683
2013-09-27,0.6478152768185407
2013-09-28,0.6402863442384384
2013-09-29,0.5617616299611689
2013-09-30,0.6132813451027479
2013-10-01,0.6188707602558606
2013-10-02,0.6181495576795031
2013-10-03,0.600655574900138
2013-10-04,0.6490167730514532
2013-10-05,0.6357838073251404
2013-10-06,0.7334869041549392
2013-10-07,0.6032465416616951
2013-10-08,0.5873198177636918
2013-10-09,0.5867543538067609
2013-10-10,0.5955496447988244
2013-10-11,0.6164973802026621
2013-10-12,0.6176999774288985
2013-10-13,0.6336363289768367
2013-10-14,0.6020795971858447
2013-10-15,0.6059510588001235
2013-10-16,0.6006766966495025
2013-10-17,0.6498378555364467
2013-10-18,0.6398706875364633
2013-10-19,0.5913389653779832
2013-10-20,0.616853214088179
2013-10-21,0.4985638813723196
2013-10-22,0.6274543173985527
2013-10-23,0.5612490319010338
2013-10-24,0.607438040785905
2013-10-25,0.5973843364355222
2013-10-26,
2013-10-27,0.6153939136488407
2013-10-28,0.42458333333333337
2013-10-29,
2013-10-30,
2013-10-31,
2013-11-01,0.6256016775041328
2013-11-02,0.6067430523478891
2013-11-03,0.6105571316682032
2013-11-04,
2013-11-05,
2013-11-06,
2013-11-07,0.6028448994292983
2013-11-08,0.5711291615766623
2013-11-09,0.6214006323199767
2013-11-10,0.5993316448891346
2013-11-11,0.595209186178562
2013-11-12,0.614872434055677
2013-11-13,
2013-11-14,
2013-11-15,
2013-11-16,0.578654908607869
2013-11-17,
2013-11-18,0.7009884726631589
2013-11-19,0.6096696655428405
2013-11-20,
2013-11-21,
2013-11-22,
2013-11-23,0.6465528234018648
2013-11-24,
2013-11-25,
2013-11-26,
2013-11-27,
2013-11-28,0.6022584216854381
2013-11-29,
2013-11-30,
2013-12-01,
2013-12-02,
2013-12-03,
2013-12-04,
2013-12-05,
2013-12-06,0.7163763440860216
2013-12-07,0.5547564205211253
2013-12-08,
2013-12-09,
2013-12-10,
2013-12-11,
2013-12-12,
2013-12-13,
2013-12-14,
2013-12-15,
2013-12-16,
2013-12-17,
2013-12-18,
2013-12-19,
2013-12-20,
2013-12-21,
2013-12-22,0.36473166749245534
2013-12-23,0.6101402138597105
2013-12-24,
2013-12-25,
2013-12-26,
2013-12-27,
2013-12-28,
2013-12-29,
2013-12-30,
2013-12-31,
2014-01-01,
2014-01-02,
2014-01-03,
2014-01-04,
2014-01-05,
2014-01-06,
2014-01-07,
2014-01-08,
2014-01-09,
2014-01-10,
2014-01-11,
2014-01-12,0.5443539997589549
2014-01-13,0.4938446538219756
2014-01-14,0.5492265061242663
2014-01-15,0.5673317595004145
2014-01-16,
2014-01-17,
2014-01-18,
2014-01-19,
2014-01-20,
2014-01-21,
2014-01-22,
2014-01-23,
2014-01-24,
2014-01-25,
2014-01-26,
2014-01-27,
2014-01-28,
2014-01-29,
2014-01-30,
2014-01-31,
2014-02-01,
2014-02-02,
2014-02-03,0.5690958770954935
2014-02-04,
2014-02-05,
2014-02-06,
2014-02-07,
2014-02-08,
2014-02-09,
2014-02-10,
2014-02-11,
2014-02-12,
2014-02-13,
2014-02-14,
2014-02-15,
2014-02-16,
2014-02-17,
2014-02-18,
2014-02-19,
2014-02-20,
2014-02-21,
2014-02-22,
2014-02-23,
2014-02-24,
2014-02-25,
2014-02-26,
2014-02-27,
2014-02-28,
2014-03-01,
2014-03-02,
2014-03-03,
2014-03-04,
2014-03-05,
2014-03-06,
2014-03-07,
2014-03-08,
2014-03-09,
2014-03-10,
2014-03-11,
2014-03-12,0.22586970858463445
2014-03-13,
2014-03-14,
2014-03-15,
2014-03-16,
2014-03-17,
2014-03-18,
2014-03-19,
2014-03-20,
2014-03-21,
2014-03-22,
2014-03-23,
2014-03-24,
2014-03-25,
2014-03-26,
2014-03-27,
2014-03-28,
2014-03-29,0.5548378969266022
2014-03-30,0.4852245584301088
2014-03-31,
2014-04-01,0.41125910872850596
2014-04-02,
2014-04-03,
2014-04-04,
2014-04-05,0.4826310202335665
2014-04-06,0.5821589150567219
2014-04-07,
2014-04-08,0.6281077463793411
2014-04-09,0.6213276697202947
2014-04-10,
2014-04-11,0.5577951288801288
2014-04-12,0.5567349114879616
2014-04-13,0.6141410641195428
2014-04-14,0.6130984931577543
2014-04-15,0.6296589035228887
2014-04-16,0.6382974692744414
2014-04-17,
2014-04-18,
2014-04-19,
2014-04-20,0.47345833333333337
2014-04-21,0.6080096257857218
2014-04-22,0.6055113822168773
2014-04-23,0.6017593463097008
2014-04-24,0.5788919997298438
2014-04-25,0.6192123123650625
2014-04-26,0.6177774000772949
2014-04-27,0.585090545496614
2014-04-28,0.5792806226878803
2014-04-29,0.555237256613622
2014-04-30,0.6110325506873437
2014-05-01,0.6805569789626973
2014-05-02,0.610663548223032
2014-05-03,0.5560262767989296
2014-05-04,0.5596252730717538
2014-05-05,0.5930130579156292
2014-05-06,0.601855103758124
2014-05-07,0.5729770614640304
2014-05-08,0.6053097053429004
2014-05-09,0.6500758100194336
2014-05-10,0.6404234938490828
2014-05-11,0.6897399112984822
2014-05-12,0.5621730770657533
2014-05-13,0.6316606795310608
2014-05-14,0.6482167826296995
2014-05-15,0.6517291686722797
2014-05-16,0.6581680187968564
2014-05-17,0.5968997257759491
2014-05-18,0.6358679560758898
2014-05-19,0.6029717624327519
2014-05-20,0.5956412930581925
2014-05-21,0.5971645575134785
2014-05-22,0.6193064770589963
2014-05-23,0.6720413020233583
2014-05-24,0.6614341875643205
2014-05-25,0.6537572488198761
2014-05-26,0.6248255237894008
2014-05-27,0.6187439443386605
2014-05-28,0.6425448196691148
2014-05-29,0.6117772863469397
2014-05-30,0.6233038440007123
2014-05-31,0.7035847584163494
2014-06-01,0.6305687900037704
2014-06-02,0.6575385922297485
2014-06-03,0.7321709652279902
2014-06-04,0.6242842305083061
2014-06-05,0.6359331503812831
2014-06-06,0.6391550064557989
2014-06-07,0.6463373825013418
2014-06-08,0.6295983741973021
2014-06-09,0.638412306674844
2014-06-10,0.6932743901810845
2014-06-11,0.6171791310184037
2014-06-12,0.624248994252697
2014-06-13,0.6650776218619552
2014-06-14,0.6773894894157986
2014-06-15,0.6335335096728621
2014-06-16,0.6306176073242777
2014-06-17,0.6709847441040433
2014-06-18,0.6670467747917076
2014-06-19,0.6878265125911316
2014-06-20,0.5809865842627819
2014-06-21,0.6122556084889984
2014-06-22,0.6199541323134546
2014-06-23,0.6486291932547191
2014-06-24,0.6539219527089243
2014-06-25,0.7061820133254679
2014-06-26,0.6683107495299008
2014-06-27,0.5756237607164986
2014-06-28,0.6029616523827888
2014-06-29,0.6079542181485743
2014-06-30,0.6549307037033018
2014-07-01,0.6626582093905615
2014-07-02,0.6955325289359561
2014-07-03,0.7019282176232193
2014-07-04,
2014-07-05,0.6241310757441155
2014-07-06,0.6552258839433565
2014-07-07,0.662375541456774
2014-07-08,0.6875587800636372
2014-07-09,0.6554934432875661
2014-07-10,0.6530539407831265
2014-07-11,0.6407963916912657
2014-07-12,0.6343902713975377
2014-07-13,0.6162184538317761
2014-07-14,0.6512561170288199
2014-07-15,0.6792433321015889
2014-07-16,0.7221872161840556
2014-07-17,0.6281960147673895
2014-07-18,0.6591370489344484
2014-07-19,0.6253739230013176
2014-07-20,0.7162851336370881
2014-07-21,0.6174987288688422
2014-07-22,0.6266221497255812
2014-07-23,0.6608171076850936
2014-07-24,0.7016120262205905
2014-07-25,0.6405601276489932
2014-07-26,0.6505439670381077
2014-07-27,
2014-07-28,0.6081356688924864
2014-07-29,0.6216740522103421
2014-07-30,0.639914010923858
2014-07-31,0.635535044326817
2014-08-01,0.670920601780311
2014-08-02,0.679195471824512
2014-08-03,0.6585145136784853
2014-08-04,0.6916406111005173
2014-08-05,0.6027000887882844
2014-08-06,0.6440217744454734
2014-08-07,0.6334616649914375
2014-08-08,0.6589791339538453
2014-08-09,0.6454835001937492
2014-08-10,0.6174165832631493
2014-08-11,0.647013045082584
2014-08-12,
2014-08-13,0.6780486516400221
2014-08-14,0.6148715485695649
2014-08-15,0.6371510844272542
2014-08-16,0.6198427848857598
2014-08-17,0.6529322613318623
2014-08-18,0.6384416671182264
2014-08-19,0.4239372676870463
2014-08-20,0.591657646886668
2014-08-21,
2014-08-22,0.6719562909668001
2014-08-23,0.6473767788917874
2014-08-24,0.6418431279894363
2014-08-25,0.6450566319101253
2014-08-26,0.6321961982410111
2014-08-27,0.6818782220528662
2014-08-28,0.5773978935527734
2014-08-29,0.6065923378114442
2014-08-30,0.6220944862206862
2014-08-31,0.6639479894517285
2014-09-01,0.6693219578923363
2014-09-02,0.7194851882394198
2014-09-03,0.6472717433291679
2014-09-04,
2014-09-05,0.622031482604543
2014-09-06,0.6333216354410666
2014-09-07,0.6387846523509053
2014-09-08,0.6166295728403692
2014-09-09,0.6183472602080577
2014-09-10,0.6500480162997654
2014-09-11,0.5997848351557399
2014-09-12,0.6265845642348378
2014-09-13,0.5859319444151108
2014-09-14,0.6029278572074315
2014-09-15,0.6066836679532969
2014-09-16,0.6734559616161979
2014-09-17,0.6117057598721858
2014-09-18,0.6155862293693908
2014-09-19,0.6268363727469575
2014-09-20,0.5531126366897362
2014-09-21,0.6398715994823466
2014-09-22,0.5935242769049134
2014-09-23,0.6181519700317076
2014-09-24,0.6233242587030271
2014-09-25,0.6750778853734323
2014-09-26,0.6157357073255921
2014-09-27,
2014-09-28,0.5832415662920891
2014-09-29,0.5885295686802254
2014-09-30,0.6504180740365944
2014-10-01,0.6879049125435811
2014-10-02,0.6789383534903506
2014-10-03,0.615759237684829
2014-10-04,0.6605002152699015
2014-10-05,0.6533075824376484
2014-10-06,0.5323941354058652
2014-10-07,0.6221422707527012
2014-10-08,0.822214854436244
2014-10-09,0.6275467285012268
2014-10-10,0.595658244003858
2014-10-11,0.6229159880370216
2014-10-12,0.580026201165247
2014-10-13,0.4326283350599823
2014-10-14,0.6302336317274606
2014-10-15,0.6175533009993458
2014-10-16,0.6604746319188043
2014-10-17,0.6233218009463987
2014-10-18,0.6528174715407019
2014-10-19,0.6408355694691943
2014-10-20,0.6301470842568507
2014-10-21,0.5790245571186061
2014-10-22,0.6056920445010953
2014-10-23,0.6233207480270031
2014-10-24,0.6364309943821355
2014-10-25,0.6449210659275857
2014-10-26,0.6027367234235316
2014-10-27,0.622769402422779
2014-10-28,0.6361895003125249
2014-10-29,0.5619288882213896
2014-10-30,0.5761935021309643
2014-10-31,0.6054296332671034
2014-11-01,0.6295571214234524
2014-11-02,0.6144792047968536
2014-11-03,0.577087767202316
2014-11-04,0.5727383548540514
2014-11-05,0.5794661104307269
2014-11-06,0.5823588799637139
2014-11-07,0.5613869615022382
2014-11-08,0.5984224895284754
2014-11-09,0.6243599981845549
2014-11-10,
2014-11-11,0.43373203276925226
2014-11-12,0.70765559636525
2014-11-13,0.6152701013609744
2014-11-14,0.4786301933450859
2014-11-15,
2014-11-16,
2014-11-17,0.6225449849657438
2014-11-18,0.5273954173080813
2014-11-19,
2014-11-20,
2014-11-21,
2014-11-22,
2014-11-23,
2014-11-24,0.6492776243377759
2014-11-25,0.5779447303107608
2014-11-26,0.6312783663913196
2014-11-27,0.6100146886424843
2014-11-28,0.5463066035995013
2014-11-29,0.5497902676762088
2014-11-30,0.5042950529927522
2014-12-01,0.5172001339975594
2014-12-02,0.47518392134894044
2014-12-03,
2014-12-04,0.40138532964989826
2014-12-05,
2014-12-06,
2014-12-07,
2014-12-08,
2014-12-09,
2014-12-10,
2014-12-11,
2014-12-12,
2014-12-13,
2014-12-14,
2014-12-15,
2014-12-16,
2014-12-17,0.36749994364665617
2014-12-18,0.46730600067613254
2014-12-19,0.5094135734796519
2014-12-20,
2014-12-21,
2014-12-22,
2014-12-23,
2014-12-24,0.43577860319306205
2014-12-25,0.5663628535333103
2014-12-26,0.577550155698553
2014-12-27,
2014-12-28,0.6411574804384921
2014-12-29,0.5242969043419636
2014-12-30,
2014-12-31,
2015-01-01,
2015-01-02,
2015-01-03,
2015-01-04,
2015-01-05,
2015-01-06,
2015-01-07,
2015-01-08,
2015-01-09,
2015-01-10,
2015-01-11,
2015-01-12,
2015-01-13,
2015-01-14,
2015-01-15,
2015-01-16,
2015-01-17,
2015-01-18,
2015-01-19,
2015-01-20,0.2893861658894382
2015-01-21,
2015-01-22,
2015-01-23,
2015-01-24,
2015-01-25,
2015-01-26,
2015-01-27,
2015-01-28,
2015-01-29,
2015-01-30,
2015-01-31,
2015-02-01,
2015-02-02,
2015-02-03,
2015-02-04,
2015-02-05,
2015-02-06,
2015-02-07,
2015-02-08,
2015-02-09,
2015-02-10,
2015-02-11,
2015-02-12,
2015-02-13,
2015-02-14,
2015-02-15,
2015-02-16,
2015-02-17,
2015-02-18,
2015-02-19,
2015-02-20,
2015-02-21,
2015-02-22,
2015-02-23,
2015-02-24,
2015-02-25,
2015-02-26,
2015-02-27,
2015-02-28,
2015-03-01,
2015-03-02,
2015-03-03,
2015-03-04,
2015-03-05,
2015-03-06,
2015-03-07,
2015-03-08,
2015-03-09,
2015-03-10,
2015-03-11,
2015-03-12,
2015-03-13,
2015-03-14,
2015-03-15,
2015-03-16,
2015-03-17,
2015-03-18,
2015-03-19,
2015-03-20,
2015-03-21,
2015-03-22,
2015-03-23,
2015-03-24,
2015-03-25,
2015-03-26,
2015-03-27,0.5109440873433674
2015-03-28,0.4793073114842467
2015-03-29,
2015-03-30,
2015-03-31,
2015-04-01,
2015-04-02,
2015-04-03,0.5849809838111998
2015-04-04,0.558646000952539
2015-04-05,
2015-04-06,
2015-04-07,
2015-04-08,0.4459783343092653
2015-04-09,
2015-04-10,
2015-04-11,0.5892510450557539
2015-04-12,0.6491478391088743
2015-04-13,0.6121798613801693
2015-04-14,0.653649606020921
2015-04-15,0.6135780313469374
2015-04-16,0.622759635330648
2015-04-17,0.6173843882524054
2015-04-18,0.6303403793575222
2015-04-19,0.6289237646087912
2015-04-20,0.6372345551006801
2015-04-21,0.63181257058267
2015-04-22,0.644867419675676
2015-04-23,0.5758138304066964
2015-04-24,0.605215323838822
2015-04-25,0.5788820919031563
2015-04-26,0.6439758065453544
2015-04-27,0.6290406459747709
2015-04-28,0.6391633148481355
2015-04-29,0.6359886545577197
2015-04-30,0.7519543084855539
2015-05-01,0.6163413980933663
2015-05-02,0.6523301876235517
2015-05-03,0.6227887272187208
2015-05-04,0.6485197023812377
2015-05-05,0.6736613612355823
2015-05-06,0.662193053117414
2015-05-07,0.6722584199357491
2015-05-08,0.5970248990848652
2015-05-09,0.6691437923640481
2015-05-10,0.6520339553829896
2015-05-11,0.6623935806726736
2015-05-12,0.7168107063337225
2015-05-13,0.6743441070377804
2015-05-14,0.69193600296614
2015-05-15,0.7332324894519776
2015-05-16,0.6274992657165361
2015-05-17,0.6495274928628163
2015-05-18,0.6474369546449095
2015-05-19,0.733949431863032
2015-05-20,0.6551441861808691
2015-05-21,0.6689870852039493
2015-05-22,0.6515089491255858
2015-05-23,0.7371026546772648
2015-05-24,0.6228054517619964
2015-05-25,0.6315795666705241
2015-05-26,0.6922667052738796
2015-05-27,0.6862447681983975
2015-05-28,0.6962678381207089
2015-05-29,0.6820998013606936
2015-05-30,0.7533818902673218
2015-05-31,0.7147163780603244
2015-06-01,0.7166138425908284
2015-06-02,0.7287721323071455
2015-06-03,0.6968361236020719
2015-06-04,0.6790391955819959
2015-06-05,0.6985296546682267
2015-06-06,0.7176830850062353
2015-06-07,0.6899453295883948
2015-06-08,0.6805913902951369
2015-06-09,0.6803136079375074
2015-06-10,0.6749900480881211
2015-06-11,0.7070320969881383
2015-06-12,0.684538588628778
2015-06-13,0.7081433437459159
2015-06-14,0.675362192674868
2015-06-15,0.73270447769189
2015-06-16,0.69722855741338
2015-06-17,0.651003031244181
2015-06-18,0.6654002156605392
2015-06-19,0.7121421145240745
2015-06-20,0.6496688743239459
2015-06-21,0.7291116728169954
2015-06-22,0.7301052121855
2015-06-23,0.655029373254532
2015-06-24,0.6679712896859233
2015-06-25,0.6633181222414198
2015-06-26,0.7054881843641092
2015-06-27,0.6711680882350376
2015-06-28,0.7632020712857354
2015-06-29,0.6863011082784642
2015-06-30,0.7097747675075723
2015-07-01,0.7162734254430303
2015-07-02,0.6585976761679725
2015-07-03,0.6261090809911841
2015-07-04,0.6642007687264924
2015-07-05,0.7102570815153443
2015-07-06,0.6749737709798703
2015-07-07,0.7025534234025307
2015-07-08,0.6609461089390082
2015-07-09,0.6566610614008096
2015-07-10,0.7360297088018866
2015-07-11,0.6604791217382497
2015-07-12,0.6976131980189876
2015-07-13,0.6894562815637599
2015-07-14,0.7026163341488192
2015-07-15,0.7308846401085308
2015-07-16,0.6077528380045872
2015-07-17,0.6701860978441199
2015-07-18,0.7183636935030376
2015-07-19,0.7075878755136158
2015-07-20,0.7146905752982503
2015-07-21,0.6867541517351813
2015-07-22,0.6727793391886236
2015-07-23,0.7077787902989087
2015-07-24,0.6669670186339237
2015-07-25,0.6656886274672291
2015-07-26,0.7158750571132008
2015-07-27,0.7222781386279301
2015-07-28,0.7104113166159794
2015-07-29,0.6997240485178529
2015-07-30,0.5216227166091558
2015-07-31,0.6884724902586566
2015-08-01,0.6570599144934415
2015-08-02,0.6561131404412178
2015-08-03,0.6827713056267762
2015-08-04,0.6943795521250874
2015-08-05,0.6823859776452146
2015-08-06,
2015-08-07,0.7352988027291862
2015-08-08,0.6128249084073645
2015-08-09,0.6557139521248165
2015-08-10,0.6512431837731703
2015-08-11,0.7172352065758182
2015-08-12,0.6984377720938212
2015-08-13,0.6666736849077259
2015-08-14,0.6541115896732166
2015-08-15,0.7785990322260606
2015-08-16,0.672280222493501
2015-08-17,0.708856173055257
2015-08-18,0.7817206544215598
2015-08-19,0.7422763677047549
2015-08-20,0.6965424237966631
2015-08-21,0.7241490752179026
2015-08-22,0.7486418786235949
2015-08-23,0.6503160966308684
2015-08-24,0.7128721671894513
2015-08-25,0.7216627096491144
2015-08-26,0.7730921985121202
2015-08-27,0.6895492792047656
2015-08-28,0.6545633022328053
2015-08-29,0.707968919642523
2015-08-30,0.7422726341485618
2015-08-31,0.628125981889094
2015-09-01,0.6679531985900425
2015-09-02,0.6901103794451637
2015-09-03,0.6784037261966487
2015-09-04,0.7037276334745567
2015-09-05,0.6712724648997623
2015-09-06,0.7288429120075103
2015-09-07,0.680109273465294
2015-09-08,0.6747973944809808
2015-09-09,0.6930633639906317
2015-09-10,0.7234674286752222
2015-09-11,0.7178279237189883
2015-09-12,0.687413904787779
2015-09-13,0.6984545796038844
2015-09-14,
2015-09-15,0.670435303295294
2015-09-16,0.6280249009564505
2015-09-17,0.6748325517194795
2015-09-18,0.674869875964075
2015-09-19,0.6712079414503184
2015-09-20,0.7063784333000835
2015-09-21,0.6626503908496073
2015-09-22,0.6682284882609416
2015-09-23,0.664379645927788
2015-09-24,0.6524845522041743
2015-09-25,0.6783466058210428
2015-09-26,0.6607256765125875
2015-09-27,0.6245675171804508
2015-09-28,0.6919960262718936
2015-09-29,0.7747084928358468
2015-09-30,0.6883977385578621
2015-10-01,0.6743528252636206
2015-10-02,0.6551105094112261
2015-10-03,0.708536839758465
2015-10-04,0.6871307414901622
2015-10-05,0.6299773690639813
2015-10-06,0.6789741394301666
2015-10-07,0.756078751253064
2015-10-08,0.6456871042197243
2015-10-09,0.6747285705204724
2015-10-10,0.6400785475759037
2015-10-11,0.6662497345611871
2015-10-12,0.6860353005371961
2015-10-13,0.750480245247546
2015-10-14,0.6737215045263321
2015-10-15,0.6354875822420155
2015-10-16,0.6657077521532404
2015-10-17,0.6565398250196379
2015-10-18,0.5285653678782323
2015-10-19,
2015-10-20,0.6908455628456015
2015-10-21,0.6892892571939401
2015-10-22,0.7278478888409488
2015-10-23,0.5946989165772173
2015-10-24,0.6075650486336684
2015-10-25,
2015-10-26,0.6739355581591931
2015-10-27,
2015-10-28,
2015-10-29,0.7148724036014794
2015-10-30,0.7603277825241399
2015-10-31,0.6976716148560292
2015-11-01,0.6061221385916539
2015-11-02,0.627819710664882
2015-11-03,0.6267031491138558
2015-11-04,0.676321980510834
2015-11-05,0.6866927891144928
2015-11-06,0.6856431923173943
2015-11-07,0.6597281961450494
2015-11-08,0.5985128085042631
2015-11-09,0.6246603485563054
2015-11-10,0.6864939171235621
2015-11-11,0.6873915841053932
2015-11-12,0.6606146641404705
2015-11-13,0.6564323967179031
2015-11-14,0.6992205757026205
2015-11-15,0.6111674683023964
2015-11-16,0.604757811484657
2015-11-17,0.5018083333333334
2015-11-18,
2015-11-19,0.7470424969500955
2015-11-20,0.7123346235920612
2015-11-21,0.6249359572499226
2015-11-22,
2015-11-23,0.657129034201343
2015-11-24,
2015-11-25,
2015-11-26,
2015-11-27,0.6587444685442296
2015-11-28,0.6917626958317737
2015-11-29,0.6211539622060968
2015-11-30,
2015-12-01,
2015-12-02,
2015-12-03,0.6604621265081013
2015-12-04,0.6443427644235754
2015-12-05,0.641631482391412
2015-12-06,0.6012838556135099
2015-12-07,0.602764017252456
2015-12-08,0.5865076115833079
2015-12-09,0.6216190124814394
2015-12-10,0.6639783839156845
2015-12-11,0.6441839793176103
2015-12-12,0.6564953773487773
2015-12-13,0.658007936783697
2015-12-14,0.6888913948641632
2015-12-15,0.6550630747426922
2015-12-16,0.6254100050228149
2015-12-17,0.5804603357822117
2015-12-18,0.6103749467110767
2015-12-19,0.5986610781605431
2015-12-20,
2015-12-21,
2015-12-22,0.6815688161289277
2015-12-23,0.6510375018158384
2015-12-24,0.6421984356268705
2015-12-25,0.618481410183521
2015-12-26,0.6041997063762007
2015-12-27,0.6770888375958958
2015-12-28,0.6326556956879446
2015-12-29,
2015-12-30,
2015-12-31,
2016-01-01,0.513565382941171
2016-01-02,0.47779762804024895
2016-01-03,
2016-01-04,0.4672260530079135
2016-01-05,
2016-01-06,
2016-01-07,
2016-01-08,
2016-01-09,
2016-01-10,
2016-01-11,0.6235364419803342
2016-01-12,
2016-01-13,
2016-01-14,
2016-01-15,
2016-01-16,
2016-01-17,
2016-01-18,
2016-01-19,
2016-01-20,
2016-01-21,
2016-01-22,
2016-01-23,
2016-01-24,
2016-01-25,
2016-01-26,
2016-01-27,0.6094932662491467
2016-01-28,
2016-01-29,
2016-01-30,
2016-01-31,0.5722421731666375
2016-02-01,0.5927376408482583
2016-02-02,0.5998856019013038
2016-02-03,
2016-02-04,0.6072203173594772
2016-02-05,0.6523521542449766
2016-02-06,
2016-02-07,
2016-02-08,
2016-02-09,
2016-02-10,
2016-02-11,
2016-02-12,
2016-02-13,
2016-02-14,
2016-02-15,
2016-02-16,
2016-02-17,0.6819694630436818
2016-02-18,
2016-02-19,
2016-02-20,
2016-02-21,0.653012220516792
2016-02-22,0.6650723341954068
2016-02-23,
2016-02-24,
2016-02-25,0.5163338317693261
2016-02-26,0.6184433797781216
2016-02-27,
2016-02-28,
2016-02-29,0.6514094010705115
2016-03-01,0.677364339022343
2016-03-02,
2016-03-03,
2016-03-04,
2016-03-05,
2016-03-06,
2016-03-07,
2016-03-08,
2016-03-09,0.6167767113332295
2016-03-10,0.6727395511919205
2016-03-11,0.6695943319895118
2016-03-12,0.5481397466308988
2016-03-13,0.635387867251726
2016-03-14,0.6226818096390039
2016-03-15,0.6115462766708483
2016-03-16,0.5886786381508123
2016-03-17,0.5560186204111308
2016-03-18,0.6051070403705129
2016-03-19,0.636196745568351
2016-03-20,
2016-03-21,
2016-03-22,
2016-03-23,0.6160837535267037
2016-03-24,0.6585946032012684
2016-03-25,
2016-03-26,0.6062891140699417
2016-03-27,0.6580296429692568
2016-03-28,0.6566913691944795
2016-03-29,0.6331376816040912
2016-03-30,0.5456717837598558
2016-03-31,0.5920610966580488
2016-04-01,0.6818446514766419
2016-04-02,0.6163565564038038
2016-04-03,0.6023910469351328
2016-04-04,
2016-04-05,
2016-04-06,
2016-04-07,
2016-04-08,0.5747121856817117
2016-04-09,
2016-04-10,
2016-04-11,
2016-04-12,0.6565643622117016
2016-04-13,0.42103494686261256
2016-04-14,0.7240726000644768
2016-04-15,0.40825217269077174
2016-04-16,
2016-04-17,0.5701993018016129
2016-04-18,
2016-04-19,0.654052260677257
2016-04-20,0.6822568224505502
2016-04-21,0.6469258433154537
2016-04-22,0.6681624491480832
2016-04-23,0.7013794467344958
2016-04-24,0.6329527204120092
2016-04-25,0.6813100976951508
2016-04-26,0.6600975935810631
2016-04-27,
2016-04-28,0.6660996493024849
2016-04-29,0.6155943872276987
2016-04-30,0.6796960508227654
2016-05-01,0.6480538849298044
2016-05-02,0.6567747130518705
2016-05-03,0.6508996424422675
2016-05-04,0.4246882477758075
2016-05-05,0.6548933596622187
2016-05-06,0.6537589248471128
2016-05-07,0.6790200754476567
2016-05-08,0.645164459667252
2016-05-09,0.6655878480317146
2016-05-10,0.6320333928447964
2016-05-11,0.6847510606329418
2016-05-12,0.6635217001733268
2016-05-13,
2016-05-14,0.6752195369531674
2016-05-15,0.6536571779781375
2016-05-16,0.6698163478633449
2016-05-17,0.6772529690902886
2016-05-18,0.7113568430174019
2016-05-19,0.6789971807078868
2016-05-20,0.6670955110012862
2016-05-21,0.6670597209219419
2016-05-22,0.6786855532038305
2016-05-23,0.7045310134183178
2016-05-24,0.6634720900240701
2016-05-25,0.7067428091506317
2016-05-26,0.6750568131847786
2016-05-27,0.7072350793670253
2016-05-28,0.7142024243628513
2016-05-29,0.7197098820434278
2016-05-30,0.7412155905286548
2016-05-31,0.6796471139781985
2016-06-01,0.6784040613696125
2016-06-02,0.6618272489723603
2016-06-03,0.7576934058162618
2016-06-04,0.6794811626225541
2016-06-05,
2016-06-06,0.6969747192866096
2016-06-07,0.6712974170433835
2016-06-08,0.674830588417925
2016-06-09,0.6889938733496515
2016-06-10,0.6964343437542089
2016-06-11,0.6723037844216483
2016-06-12,0.7078097902175711
2016-06-13,0.6938993080316318
2016-06-14,0.7341933773478794
2016-06-15,0.7008504381113577
2016-06-16,0.6764002512410986
2016-06-17,0.677004546384902
2016-06-18,0.6669524583706049
2016-06-19,0.6912931838220998
2016-06-20,0.6934321825779899
2016-06-21,0.7257667622713775
2016-06-22,0.6631357563518724
2016-06-23,0.6688278987968943
2016-06-24,0.6742304894001606
2016-06-25,0.6555364319177424
2016-06-26,0.691490541807683
2016-06-27,0.6933669305980396
2016-06-28,
2016-06-29,0.6854156154970995
2016-06-30,
2016-07-01,0.6917663789273825
2016-07-02,0.6720984625412092
2016-07-03,0.697154814099398
2016-07-04,0.6662572433592582
2016-07-05,0.6978945296061395
2016-07-06,0.6931205302716669
2016-07-07,0.7167719723386592
2016-07-08,0.7433270651461064
2016-07-09,0.7590614434715192
2016-07-10,0.754440585763348
2016-07-11,0.7046012951332833
2016-07-12,0.6970525744890858
2016-07-13,0.697428979194023
2016-07-14,0.7268139130809596
2016-07-15,0.7171208835388511
2016-07-16,
2016-07-17,0.710012104937933
2016-07-18,0.6846071368884911
2016-07-19,0.7225388790858773
2016-07-20,0.7002182461880158
2016-07-21,0.6961464131754564
2016-07-22,0.6940908956399878
2016-07-23,0.7133975086274227
2016-07-24,0.724194861808854
2016-07-25,0.700354092136433
2016-07-26,0.7179405621239906
2016-07-27,0.7047036700682506
2016-07-28,0.7180652084384376
2016-07-29,0.6833560500009153
2016-07-30,0.7000247938035806
2016-07-31,0.6980051922526792
2016-08-01,
2016-08-02,0.7261971463590244
2016-08-03,0.6795302846130964
2016-08-04,0.7374650877676728
2016-08-05,0.6929017648107861
2016-08-06,0.7138454607570275
2016-08-07,0.6868451259685112
2016-08-08,0.6876856719414582
2016-08-09,0.7040187649610866
2016-08-10,0.7042554187950443
2016-08-11,0.7224380213841437
2016-08-12,0.7254142924507624
2016-08-13,0.7392788777811109
2016-08-14,0.7188290121841809
2016-08-15,0.7161055299408836
2016-08-16,0.6959585248132469
2016-08-17,
2016-08-18,0.6999395072690623
2016-08-19,0.711476346881973
2016-08-20,0.7111019715856934
2016-08-21,0.7111819420180014
2016-08-22,0.6790478823586978
2016-08-23,0.6614598281150642
2016-08-24,0.7032632537499388
2016-08-25,0.721207859847026
2016-08-26,0.7349756046276638
2016-08-27,0.706702222754039
2016-08-28,0.7055048150384612
2016-08-29,0.7396796104074543
2016-08-30,0.6790494958214499
2016-08-31,0.7246218575609912
2016-09-01,0.7072397797233229
2016-09-02,
2016-09-03,0.6934819815689902
2016-09-04,0.7022375503192305
2016-09-05,0.7529345682080946
2016-09-06,0.7285205203275553
2016-09-07,0.7546232158670738
2016-09-08,0.7531095973682218
2016-09-09,0.7006849288493163
2016-09-10,0.7326741710565142
2016-09-11,0.7536120869932051
2016-09-12,0.686717109863347
2016-09-13,0.684702734989156
2016-09-14,0.7065255640651616
2016-09-15,0.6836311490869513
2016-09-16,0.6992230473884329
2016-09-17,0.6765701460486307
2016-09-18,
2016-09-19,0.4809045186006362
2016-09-20,0.7147398091221653
2016-09-21,0.7280495217547961
2016-09-22,0.6885596638666115
2016-09-23,0.7156256041052862
2016-09-24,0.6903400598099019
2016-09-25,
2016-09-26,0.6532960840771016
2016-09-27,0.8745347152906386
2016-09-28,0.7332949067558773
2016-09-29,0.681496213949376
2016-09-30,0.7143420726797679
2016-10-01,0.7504295992399739
2016-10-02,0.8671394736842106
2016-10-03,0.7320503052563077
2016-10-04,
2016-10-05,0.6906250035096537
2016-10-06,0.6866146804863404
2016-10-07,0.7435343564658602
2016-10-08,0.6908150891403074
2016-10-09,0.7476311710691312
2016-10-10,0.6708067881506206
2016-10-11,0.718883814745985
2016-10-12,0.7057510108570816
2016-10-13,0.7204953993975962
2016-10-14,0.7023337680456199
2016-10-15,0.5428658123150829
2016-10-16,0.7053085478638557
2016-10-17,0.7286991268221267
2016-10-18,
2016-10-19,0.7147736519380099
2016-10-20,0.6553600667573273
2016-10-21,0.7284567948423125
2016-10-22,0.6979882561999953
2016-10-23,0.7628793928173421
2016-10-24,0.6768996260652771
2016-10-25,0.6748195453084443
2016-10-26,0.5232157934980082
2016-10-27,0.6786742635009454
2016-10-28,0.7220094521145851
2016-10-29,0.6808570002922995
2016-10-30,0.678369273974419
2016-10-31,0.6249901683166451
2016-11-01,0.7736923180773704
2016-11-02,0.6883592365203125
2016-11-03,0.8309808308360375
2016-11-04,0.6594626306763736
2016-11-05,0.6599832753362426
2016-11-06,0.6555701039231879
2016-11-07,0.6322984904298503
2016-11-08,
2016-11-09,0.6551834792744133
2016-11-10,0.6743551811043581
2016-11-11,0.6445683896332803
2016-11-12,0.6591997591883971
2016-11-13,0.6586457992389215
2016-11-14,0.657519337140467
2016-11-15,0.6650019188169133
2016-11-16,0.6115944353152095
2016-11-17,0.6529450673548014
2016-11-18,0.6563318444598426
2016-11-19,
2016-11-20,0.6450482802905646
2016-11-21,
2016-11-22,
2016-11-23,0.5991639833983968
2016-11-24,
2016-11-25,
2016-11-26,0.5618935890446148
2016-11-27,0.6035764360531238
2016-11-28,0.6017394925279576
2016-11-29,
2016-11-30,
2016-12-01,0.6919231871859831
2016-12-02,0.5829055885365019
2016-12-03,0.6482035651400501
2016-12-04,0.4160124790615161
2016-12-05,
2016-12-06,
2016-12-07,
2016-12-08,
2016-12-09,
2016-12-10,
2016-12-11,
2016-12-12,
2016-12-13,
2016-12-14,
2016-12-15,
2016-12-16,
2016-12-17,
2016-12-18,
2016-12-19,0.38538658834353656
2016-12-20,
2016-12-21,
2016-12-22,
2016-12-23,
2016-12-24,
2016-12-25,0.5511067482613746
2016-12-26,
2016-12-27,
2016-12-28,0.7039300708012639
2016-12-29,
2016-12-30,
2016-12-31,
2017-01-01,
2017-01-02,
2017-01-03,
2017-01-04,0.47587187556070887
2017-01-05,0.32184069719664843
2017-01-06,
2017-01-07,
2017-01-08,
2017-01-09,
2017-01-10,
2017-01-11,
2017-01-12,0.3676657065005839
2017-01-13,0.6018779258270607
2017-01-14,
2017-01-15,
2017-01-16,
2017-01-17,
2017-01-18,
2017-01-19,
2017-01-20,0.5627741193917526
2017-01-21,
2017-01-22,0.407792690062592
2017-01-23,0.3247351895769488
2017-01-24,
2017-01-25,
2017-01-26,0.46125691803311686
2017-01-27,0.8034567439333826
2017-01-28,0.39935131911867233
2017-01-29,
2017-01-30,
2017-01-31,
2017-02-01,
2017-02-02,
2017-02-03,
2017-02-04,
2017-02-05,
2017-02-06,
2017-02-07,
2017-02-08,
2017-02-09,0.38242851047924686
2017-02-10,
2017-02-11,
2017-02-12,
2017-02-13,
2017-02-14,
2017-02-15,
2017-02-16,
2017-02-17,
2017-02-18,
2017-02-19,
2017-02-20,0.5356031262636138
2017-02-21,
2017-02-22,0.49994658917353124
2017-02-23,
2017-02-24,0.5853537649673319
2017-02-25,0.5564296965867697
2017-02-26,0.6013948495704516
2017-02-27,0.4796506321746782
2017-02-28,0.7210759496496999
2017-03-01,0.6103645306348312
2017-03-02,0.6516327420857685
2017-03-03,
2017-03-04,
2017-03-05,
2017-03-06,
2017-03-07,
2017-03-08,0.5364568903526936
2017-03-09,0.6953887383358907
2017-03-10,0.3965872544792698
2017-03-11,
2017-03-12,
2017-03-13,
2017-03-14,
2017-03-15,
2017-03-16,
2017-03-17,
2017-03-18,
2017-03-19,
2017-03-20,
2017-03-21,
2017-03-22,
2017-03-23,
2017-03-24,
2017-03-25,
2017-03-26,
2017-03-27,
2017-03-28,
2017-03-29,0.33736932085777116
2017-03-30,0.5448556074340851
2017-03-31,0.5491700528320949
2017-04-01,
2017-04-02,
2017-04-03,0.42521998667664385
2017-04-04,0.4940365228103485
2017-04-05,
2017-04-06,0.5463475784022426
2017-04-07,0.2711031617261527
2017-04-08,0.6623903403740402
2017-04-09,0.5851547765750816
2017-04-10,0.6197799205301415
2017-04-11,0.596228791227107
2017-04-12,0.633044667652691
2017-04-13,0.6046838455804538
2017-04-14,0.627046073261291
2017-04-15,0.6024829979312526
2017-04-16,0.6168815858829236
2017-04-17,0.6921840504248972
2017-04-18,0.5772215001950256
2017-04-19,0.6340874316985111
2017-04-20,0.6409580868355634
2017-04-21,
2017-04-22,0.6420404355450049
2017-04-23,0.7388324884794996
2017-04-24,0.6477064758745881
2017-04-25,0.638131923386368
2017-04-26,0.658256673634583
2017-04-27,0.6223164073162154
2017-04-28,0.6742718576256915
2017-04-29,0.6906857625036823
2017-04-30,0.6397178393158637
2017-05-01,0.6808166717601047
2017-05-02,0.6715943302540727
2017-05-03,0.6625199833787271
2017-05-04,0.6375482637696952
2017-05-05,0.6503820105963942
2017-05-06,0.6607693917545439
2017-05-07,
2017-05-08,0.6455784873276651
2017-05-09,0.6775047551655075
2017-05-10,0.7001764410628198
2017-05-11,0.6502170516939285
2017-05-12,0.6911719993474481
2017-05-13,0.6715444258992522
2017-05-14,0.6526330584503969
2017-05-15,0.6787276859598673
2017-05-16,0.6467456138569165
2017-05-17,0.7013131609785135
2017-05-18,0.6626850955859118
2017-05-19,0.6766367610383351
2017-05-20,0.6822804231357732
2017-05-21,0.6878315007740907
2017-05-22,0.7227598158818568
2017-05-23,
2017-05-24,0.7154304377658217
2017-05-25,0.8391567175261191
2017-05-26,0.5498298514832927
2017-05-27,0.6799271841315689
2017-05-28,0.6958870115290383
2017-05-29,0.6829900378831567
2017-05-30,
2017-05-31,0.7289110146130175
2017-06-01,
2017-06-02,0.6668373357400645
2017-06-03,0.6536713655269774
2017-06-04,0.7043855775963918
2017-06-05,0.6205853435478439
2017-06-06,0.7478841584146129
2017-06-07,0.7226641347922462
2017-06-08,
2017-06-09,0.670498301300922
2017-06-10,0.7216012697937314
2017-06-11,0.7087201109106677
2017-06-12,0.6871361405280761
2017-06-13,0.7064528688613941
2017-06-14,0.6890730814780943
2017-06-15,0.7043818289910709
2017-06-16,0.7469254749998279
2017-06-17,0.7263367926671997
2017-06-18,0.7237429779806123
2017-06-19,0.7078942383024649
2017-06-20,0.7299598505483108
2017-06-21,0.6759999051567026
2017-06-22,0.6859422467803129
2017-06-23,0.7107043524534079
2017-06-24,
2017-06-25,0.6886218925853814
2017-06-26,0.7141592357533435
2017-06-27,0.6929428118516644
2017-06-28,0.6699356323443798
2017-06-29,0.6809704805514206
2017-06-30,0.7271566884344346
2017-07-01,0.7163560131557558
2017-07-02,0.7123601598666672
2017-07-03,0.6900309723409321
2017-07-04,0.6883468530567776
2017-07-05,0.6602091459553863
2017-07-06,0.6829662636249078
2017-07-07,0.7040066330416315
2017-07-08,0.7069291824532653
2017-07-09,0.691855272305426
2017-07-10,
2017-07-11,0.6915526473703936
2017-07-12,0.7051002276741123
2017-07-13,0.7629155871515951
2017-07-14,0.7160302486608359
2017-07-15,0.7171330167653571
2017-07-16,0.7051315405485622
2017-07-17,0.7003063807463266
2017-07-18,0.7161433011975077
2017-07-19,0.7052785140350619
2017-07-20,0.7018136789715164
2017-07-21,0.6847570114757939
2017-07-22,0.7104356380913924
2017-07-23,0.7005938837570705
2017-07-24,0.6932381745409844
2017-07-25,0.7165346908691029
2017-07-26,0.6595342009179935
2017-07-27,0.7305599543336889
2017-07-28,0.7030906089160729
2017-07-29,0.7264600086503259
2017-07-30,0.6773994056053813
2017-07-31,0.6950103483813986
2017-08-01,0.7152839466070059
2017-08-02,0.6997856535164171
2017-08-03,0.7079491570927149
2017-08-04,
2017-08-05,0.7194530172199166
2017-08-06,0.6699614502826798
2017-08-07,0.71975159937838
2017-08-08,0.7456261976329966
2017-08-09,0.6871220831897167
2017-08-10,0.702625695049594
2017-08-11,
2017-08-12,0.7276863574067999
2017-08-13,0.881543157894737
2017-08-14,0.7116833999489335
2017-08-15,0.7158708575098454
2017-08-16,0.7424268099641893
2017-08-17,0.6950908311314422
2017-08-18,
2017-08-19,0.7522883551276501
2017-08-20,
2017-08-21,0.7005098918937378
2017-08-22,0.7130498932225665
2017-08-23,0.7615805910669609
2017-08-24,0.6877721818934801
2017-08-25,0.7010465510871243
2017-08-26,0.6820890365113917
2017-08-27,0.6956267899571954
2017-08-28,0.6911423979786934
2017-08-29,0.7076997857827285
2017-08-30,0.7139111053044148
2017-08-31,0.6929423550453866
2017-09-01,0.7113187651535456
2017-09-02,0.6843194617245272
2017-09-03,0.6690224750989455
2017-09-04,0.7191768830694323
2017-09-05,
2017-09-06,0.7174770807372698
2017-09-07,0.7219510234771239
2017-09-08,0.7369863829546156
2017-09-09,0.6916041671524957
2017-09-10,0.6796429317566443
2017-09-11,0.690414054140698
2017-09-12,0.6879384700566972
2017-09-13,0.7019284437402951
2017-09-14,0.7289286195011638
2017-09-15,0.7192968655647174
2017-09-16,0.7288739827738372
2017-09-17,0.7059746968740105
2017-09-18,0.7125531432853613
2017-09-19,0.8168510732665766
2017-09-20,0.7407024635303026
2017-09-21,
2017-09-22,0.7094943445768599
2017-09-23,0.720357249455709
2017-09-24,0.736198234313771
2017-09-25,0.7186357884496083
2017-09-26,0.701972459285163
2017-09-27,0.6992307891677622
2017-09-28,0.7330186298695149
2017-09-29,0.7047324560822995
2017-09-30,0.700116328951353
2017-10-01,0.7001718165481254
2017-10-02,0.7018506454295038
2017-10-03,0.690410353309674
2017-10-04,0.687774562983972
2017-10-05,
2017-10-06,0.701983087345607
2017-10-07,
2017-10-08,0.7231681904427593
2017-10-09,0.7006675287006099
2017-10-10,0.745013642927513
2017-10-11,0.6880211771728442
2017-10-12,0.7253990336569719
2017-10-13,0.6795403712302371
2017-10-14,0.7023529574050025
2017-10-15,0.7113724912141962
2017-10-16,0.7358802456214483
2017-10-17,0.6847207483705797
2017-10-18,0.6812461546162644
2017-10-19,0.6941084571545766
2017-10-20,0.7007604572273487
2017-10-21,
2017-10-22,0.6986138377811346
2017-10-23,
2017-10-24,0.718933396694966
2017-10-25,0.6966143796432234
2017-10-26,0.7534455712981184
2017-10-27,0.6688334490215117
2017-10-28,0.6907705780627116
2017-10-29,0.7209433146636199
2017-10-30,0.6494029988915053
2017-10-31,0.6561129184770259
2017-11-01,0.6567449395774433
2017-11-02,0.7247944705816239
2017-11-03,0.6800855072842171
2017-11-04,0.6817080553131954
2017-11-05,0.6781505059916728
2017-11-06,
2017-11-07,0.672509516135893
2017-11-08,
2017-11-09,
2017-11-10,0.6178456203903514
2017-11-11,
2017-11-12,
2017-11-13,
2017-11-14,
2017-11-15,
2017-11-16,
2017-11-17,0.7151845404851725
2017-11-18,
2017-11-19,0.5079847376644687
2017-11-20,0.5663384450510749
2017-11-21,0.5527187176027359
2017-11-22,
2017-11-23,0.5103856257534521
2017-11-24,
2017-11-25,0.5924991963573698
2017-11-26,0.6690091601934156
2017-11-27,
2017-11-28,
2017-11-29,
2017-11-30,
2017-12-01,0.6701561331176277
2017-12-02,0.792358105529547
2017-12-03,
2017-12-04,
2017-12-05,
2017-12-06,0.7148763471364388
2017-12-07,0.5824395702377703
2017-12-08,
2017-12-09,
2017-12-10,
2017-12-11,
2017-12-12,
2017-12-13,
2017-12-14,
2017-12-15,
2017-12-16,
2017-12-17,
2017-12-18,
2017-12-19,
2017-12-20,0.6350705538488345
2017-12-21,
2017-12-22,
2017-12-23,
2017-12-24,
2017-12-25,
2017-12-26,
2017-12-27,
2017-12-28,
2017-12-29,
2017-12-30,
2017-12-31,
2018-01-01,
2018-01-02,
2018-01-03,
2018-01-04,
2018-01-05,
2018-01-06,
2018-01-07,
2018-01-08,
2018-01-09,
2018-01-10,
2018-01-11,
2018-01-12,
2018-01-13,0.6173648788112202
2018-01-14,
2018-01-15,
2018-01-16,
2018-01-17,
2018-01-18,
2018-01-19,
2018-01-20,
2018-01-21,0.6750040830747109
2018-01-22,
2018-01-23,
2018-01-24,
2018-01-25,
2018-01-26,
2018-01-27,
2018-01-28,0.5426966392650319
2018-01-29,0.44904702804440555
2018-01-30,
2018-01-31,
2018-02-01,
2018-02-02,
2018-02-03,
2018-02-04,
2018-02-05,
2018-02-06,
2018-02-07,
2018-02-08,
2018-02-09,
2018-02-10,
2018-02-11,
2018-02-12,
2018-02-13,
2018-02-14,
2018-02-15,
2018-02-16,0.5769979328450838
2018-02-17,
2018-02-18,
2018-02-19,
2018-02-20,0.6122491455473574
2018-02-21,0.748923198766012
2018-02-22,0.6324448119931605
2018-02-23,
2018-02-24,
2018-02-25,0.6442438165728792
2018-02-26,0.46065506298361425
2018-02-27,0.5787031925213918
2018-02-28,0.6730427179008218
2018-03-01,0.6649472117241675
2018-03-02,0.6326913308359616
2018-03-03,0.6062226003292724
2018-03-04,0.5952684250720512
2018-03-05,0.6482482079738114
2018-03-06,0.6270418313708398
2018-03-07,
2018-03-08,
2018-03-09,
2018-03-10,
2018-03-11,
2018-03-12,
2018-03-13,
2018-03-14,
2018-03-15,
2018-03-16,
2018-03-17,
2018-03-18,
2018-03-19,
2018-03-20,
2018-03-21,
2018-03-22,
2018-03-23,
2018-03-24,
2018-03-25,
2018-03-26,
2018-03-27,
2018-03-28,0.6219909290705321
2018-03-29,0.5991839052157597
2018-03-30,0.6105207268532816
2018-03-31,0.6179871540409199
2018-04-01,0.6186510900661453
2018-04-02,0.635798089304547
2018-04-03,0.5420097340675837
2018-04-04,0.6077964808294763
2018-04-05,0.5842755291886125
2018-04-06,0.5121398890823883
2018-04-07,0.40939407549131124
2018-04-08,
2018-04-09,0.552672868270261
2018-04-10,
2018-04-11,
2018-04-12,0.6495269012543408
2018-04-13,0.6387262686900135
2018-04-14,0.6589988939401049
2018-04-15,
2018-04-16,
2018-04-17,
2018-04-18,0.5476913772214826
2018-04-19,0.5757721661686797
2018-04-20,0.687994643151508
2018-04-21,0.6136477412881136
2018-04-22,0.620543571072103
2018-04-23,0.6081459969397386
2018-04-24,
2018-04-25,0.6705098779256395
2018-04-26,0.6418978602885673
2018-04-27,0.6875008016427328
2018-04-28,0.6701960242087195
2018-04-29,0.6688462207461746
2018-04-30,0.6142692228615315
2018-05-01,0.653128496208408
2018-05-02,0.657139299495957
2018-05-03,0.6882285085142569
2018-05-04,0.6708299155608296
2018-05-05,0.6281746758786915
2018-05-06,0.7134376060150929
2018-05-07,0.6300281490051426
2018-05-08,0.6662874195827709
2018-05-09,0.69122051823607
2018-05-10,
2018-05-11,0.6986598932398864
2018-05-12,0.693385502416686
2018-05-13,0.7188280272532892
2018-05-14,0.6872268068108001
2018-05-15,0.7215972693944362
2018-05-16,0.6970900167569436
2018-05-17,0.7188779020853018
2018-05-18,0.725059847380015
2018-05-19,0.6670389926729797
2018-05-20,0.7239250721112942
2018-05-21,0.6657997988693773
2018-05-22,0.6920451923501578
2018-05-23,0.7118025450328658
2018-05-24,0.694221497560177
2018-05-25,0.6845269414257256
2018-05-26,
2018-05-27,0.7261890140632442
2018-05-28,0.7392855574662446
2018-05-29,0.7502564111333725
2018-05-30,0.6676407931691705
2018-05-31,0.6978124592675458
2018-06-01,0.7246544844086223
2018-06-02,0.7250267181931368
2018-06-03,0.691264141585839
2018-06-04,0.6671741819557799
2018-06-05,0.708341109926842
2018-06-06,0.6611978048909907
2018-06-07,0.6898763577458246
2018-06-08,0.6806570079929499
2018-06-09,0.6671797840620051
2018-06-10,0.6621896292342812
2018-06-11,
2018-06-12,0.6622394329177727
2018-06-13,0.6775164599805908
2018-06-14,0.7187322771876149
2018-06-15,0.7169281567033983
2018-06-16,0.691428311870963
2018-06-17,0.7092459616537423
2018-06-18,0.6907927187795269
2018-06-19,0.7522228787133904
2018-06-20,0.691036233366964
2018-06-21,0.6834832570285708
2018-06-22,0.6534726893328667
2018-06-23,0.6851135464159969
2018-06-24,0.7206455300956345
2018-06-25,0.7499368996858893
2018-06-26,0.6671846983620192
2018-06-27,0.6492408810408309
2018-06-28,0.759106540658662
2018-06-29,0.7292055559713799
2018-06-30,0.7115683697686996
2018-07-01,0.7150986839951777
2018-07-02,0.7446056314224554
2018-07-03,0.7256863041245971
2018-07-04,0.7168816144818397
2018-07-05,0.7276439817808099
2018-07-06,
2018-07-07,0.6955356742028176
2018-07-08,0.6666710787192621
2018-07-09,0.7408079748115671
2018-07-10,0.6921574881913456
2018-07-11,0.7196147097691915
2018-07-12,0.6965287434985372
2018-07-13,
2018-07-14,0.7344650528590179
2018-07-15,0.8943267560404289
2018-07-16,0.732857626780685
2018-07-17,0.7349142985911125
2018-07-18,0.7125524005358544
2018-07-19,0.6843183987810992
2018-07-20,0.7086837877248309
2018-07-21,0.6847070658450237
2018-07-22,
2018-07-23,0.7531072812082693
2018-07-24,0.7091558630450213
2018-07-25,0.7326508388542814
2018-07-26,0.7453724342857453
2018-07-27,0.7272572751334813
2018-07-28,0.7350396392490299
2018-07-29,0.7245212864448968
2018-07-30,0.7075788902055258
2018-07-31,0.7192046851707976
2018-08-01,0.7421928594956565
2018-08-02,0.7306077301917908
2018-08-03,0.7236412892030454
2018-08-04,0.7594866374838306
2018-08-05,0.7147771291862548
2018-08-06,0.7052362451496942
2018-08-07,
2018-08-08,0.7338116445996627
2018-08-09,0.7018320752991761
2018-08-10,0.7412071052511545
2018-08-11,0.7098214157101023
2018-08-12,0.6738548826125867
2018-08-13,0.7266286945991631
2018-08-14,0.7523034509968943
2018-08-15,0.7543511245453457
2018-08-16,0.7279776274070832
2018-08-17,0.7105673064604838
2018-08-18,0.7096681453059152
2018-08-19,0.7321207907921782
2018-08-20,0.7068671464998436
2018-08-21,0.6881445314727533
2018-08-22,0.7288161079391138
2018-08-23,0.7953260921944838
2018-08-24,0.6720231797550427
2018-08-25,0.6883670081221746
2018-08-26,0.6868058004156412
2018-08-27,0.6994732861645905
2018-08-28,0.731870728013577
2018-08-29,0.7124666185797297
2018-08-30,0.7309002277701039
2018-08-31,0.72318622524795
2018-09-01,0.7101166118073624
2018-09-02,0.7355613120445692
2018-09-03,0.7345447659879114
2018-09-04,0.732437148464023
2018-09-05,0.7330125695839745
2018-09-06,0.7278699057257249
2018-09-07,0.7207530332539815
2018-09-08,
2018-09-09,0.6701537375073778
2018-09-10,0.657265223091903
2018-09-11,0.7829241958246728
2018-09-12,0.7327064604699164
2018-09-13,0.7348264249893672
2018-09-14,0.6860914758059911
2018-09-15,0.7043562807077502
2018-09-16,0.721646156241241
2018-09-17,0.7205386210335507
2018-09-18,0.7068992683732566
2018-09-19,0.7040808053076651
2018-09-20,0.7025374398275868
2018-09-21,0.7331044851607991
2018-09-22,0.7465144675519639
2018-09-23,0.6622923407622985
2018-09-24,
2018-09-25,0.6859162958061942
2018-09-26,0.7105106493159862
2018-09-27,0.7285190802485008
2018-09-28,0.7209760723594565
2018-09-29,0.6662029288913345
2018-09-30,0.6753319599484915
2018-10-01,
2018-10-02,0.7571207430248735
2018-10-03,0.9036783108116611
2018-10-04,0.7510203380475229
2018-10-05,0.6706364239548354
2018-10-06,0.6967238703317351
2018-10-07,0.7506550003769331
2018-10-08,
2018-10-09,0.7321710417059606
2018-10-10,
2018-10-11,0.7472452217238639
2018-10-12,0.7225048405166387
2018-10-13,0.7889354885986697
2018-10-14,0.6869684981946649
2018-10-15,0.6464279360820423
2018-10-16,0.6829805438678554
2018-10-17,0.740603456118581
2018-10-18,0.6663315006529739
2018-10-19,0.4301020569232429
2018-10-20,0.7072776198839401
2018-10-21,0.6809396670268114
2018-10-22,
2018-10-23,0.6863667320321953
2018-10-24,
2018-10-25,0.6860908723965699
2018-10-26,
2018-10-27,0.647834762914317
2018-10-28,0.6600531496298048
2018-10-29,0.7610910713953558
2018-10-30,0.6555443676137935
2018-10-31,0.6749253401046775
2018-11-01,0.6982444998624177
2018-11-02,0.6724501556525563
2018-11-03,0.7243145443807372
2018-11-04,0.7808354408063668
2018-11-05,0.6554169368832083
2018-11-06,0.6292677475416538
2018-11-07,0.636269247784573
2018-11-08,0.643039018128575
2018-11-09,0.6228227802956817
2018-11-10,0.6492680497512272
2018-11-11,0.6194499269508646
2018-11-12,
2018-11-13,0.5609192140234476
2018-11-14,0.6346951428040675
2018-11-15,
2018-11-16,
2018-11-17,
2018-11-18,0.5430816067211766
2018-11-19,
2018-11-20,0.4099980568694608
2018-11-21,
2018-11-22,
2018-11-23,
2018-11-24,
2018-11-25,
2018-11-26,0.590564772664953
2018-11-27,
2018-11-28,0.6208170305358397
2018-11-29,0.5776594980905524
2018-11-30,
2018-12-01,0.5112372812929713
2018-12-02,
2018-12-03,0.4983092214373859
2018-12-04,0.6136896494760515
2018-12-05,
2018-12-06,
2018-12-07,
2018-12-08,
2018-12-09,
2018-12-10,
2018-12-11,
2018-12-12,
2018-12-13,
2018-12-14,
2018-12-15,
2018-12-16,
2018-12-17,0.4666512810923667
2018-12-18,
2018-12-19,
2018-12-20,
2018-12-21,
2018-12-22,0.8231260366629718
2018-12-23,0.5511062940088427
2018-12-24,
2018-12-25,
2018-12-26,
2018-12-27,
2018-12-28,
2018-12-29,0.5406847432905283
2018-12-30,
2018-12-31,
2019-01-01,
2019-01-02,
2019-01-03,
2019-01-04,
2019-01-05,
2019-01-06,
2019-01-07,
2019-01-08,
2019-01-09,
2019-01-10,
2019-01-11,
2019-01-12,
2019-01-13,
2019-01-14,
2019-01-15,
2019-01-16,
2019-01-17,
2019-01-18,
2019-01-19,
2019-01-20,
2019-01-21,
2019-01-22,
2019-01-23,
2019-01-24,
2019-01-25,0.5214403760680035
2019-01-26,
2019-01-27,
2019-01-28,
2019-01-29,
2019-01-30,
2019-01-31,
2019-02-01,
2019-02-02,
2019-02-03,
2019-02-04,
2019-02-05,
2019-02-06,0.6124508476002647
2019-02-07,
2019-02-08,0.615701628892808
2019-02-09,
2019-02-10,
2019-02-11,
2019-02-12,
2019-02-13,
2019-02-14,
2019-02-15,
2019-02-16,0.3730319226791231
2019-02-17,
2019-02-18,
2019-02-19,
2019-02-20,
2019-02-21,
2019-02-22,
2019-02-23,
2019-02-24,
2019-02-25,0.4819909578499272
2019-02-26,
2019-02-27,
2019-02-28,
2019-03-01,
2019-03-02,
2019-03-03,
2019-03-04,
2019-03-05,
2019-03-06,
2019-03-07,
2019-03-08,
2019-03-09,
2019-03-10,
2019-03-11,
2019-03-12,
2019-03-13,
2019-03-14,
2019-03-15,0.543896661837041
2019-03-16,0.5458652698102935
2019-03-17,
2019-03-18,
2019-03-19,
2019-03-20,
2019-03-21,0.5138737768475593
2019-03-22,0.5473484798798669
2019-03-23,0.36212793092466117
2019-03-24,0.5164561643356081
2019-03-25,0.603831478032421
2019-03-26,
2019-03-27,
2019-03-28,
2019-03-29,0.6601127917119041
2019-03-30,0.63661842439506
2019-03-31,0.6722938130272833
2019-04-01,0.5974116972026168
2019-04-02,
2019-04-03,0.6648130441627061
2019-04-04,0.6644035595527017
2019-04-05,0.5475227912558605
2019-04-06,
2019-04-07,0.681394130499583
2019-04-08,0.6221693181318529
2019-04-09,0.4745260824943862
2019-04-10,0.505455113988403
2019-04-11,
2019-04-12,0.6541620132481896
2019-04-13,0.6715582392017547
2019-04-14,0.6996643381116898
2019-04-15,0.6558641639388255
2019-04-16,0.6405794557509442
2019-04-17,0.6000916546308499
2019-04-18,0.6432218808983895
2019-04-19,0.6278852303823937
2019-04-20,0.701025937039421
2019-04-21,0.6281836692358211
2019-04-22,0.6276149042565006
2019-04-23,0.6698625336703006
2019-04-24,0.5988560442240103
2019-04-25,0.6187497269169367
2019-04-26,0.641220470272822
2019-04-27,0.5824647611841044
2019-04-28,0.6042588982291969
2019-04-29,0.733871046863562
2019-04-30,0.6494732584402176
2019-05-01,0.6397116273431834
2019-05-02,0.7009061176388373
2019-05-03,0.619046961525052
2019-05-04,0.662960698540552
2019-05-05,0.6724461437276761
2019-05-06,0.6624262973550343
2019-05-07,0.6809612939522971
2019-05-08,0.6260153396312211
2019-05-09,0.6638601143569443
2019-05-10,0.689154774604666
2019-05-11,0.6556715377706364
2019-05-12,0.6662882762089025
2019-05-13,
2019-05-14,0.6624290769157575
2019-05-15,0.7509880638870827
2019-05-16,0.7180556007870934
2019-05-17,0.6630671567027168
2019-05-18,0.694122383507476
2019-05-19,0.6697872635741833
2019-05-20,0.7191372874222794
2019-05-21,0.6888643835125444
2019-05-22,0.6802004841080036
2019-05-23,0.7044011421357299
2019-05-24,0.6809665136069853
2019-05-25,0.6959265883363962
2019-05-26,0.6967269191473717
2019-05-27,0.6848411187525475
2019-05-28,0.7038018609965365
2019-05-29,
2019-05-30,0.7259055290227001
2019-05-31,0.8650182340185576
2019-06-01,0.7308886564169165
2019-06-02,0.7173372840427409
2019-06-03,0.7018267104793379
2019-06-04,0.6804026478465316
2019-06-05,
2019-06-06,0.6447747245314096
2019-06-07,
2019-06-08,0.6910024673307318
2019-06-09,0.6569696757552439
2019-06-10,0.7356896186458409
2019-06-11,0.7343111975213731
2019-06-12,0.6607234579628989
2019-06-13,0.6720943189331564
2019-06-14,
2019-06-15,0.6774937579217615
2019-06-16,0.7213792643749581
2019-06-17,0.7555846752575566
2019-06-18,0.7096099875627173
2019-06-19,0.7208277819498711
2019-06-20,0.735103001414563
2019-06-21,0.7413981840309861
2019-06-22,0.7088712614204179
2019-06-23,0.6959279030281387
2019-06-24,0.6771295055062486
2019-06-25,0.6861192295365657
2019-06-26,0.7283990707240854
2019-06-27,0.7222294321079656
2019-06-28,0.7174544992430297
2019-06-29,0.6883549131470806
2019-06-30,
2019-07-01,0.6899284624769313
2019-07-02,0.7135114577650818
2019-07-03,0.72435788648088
2019-07-04,0.6862467358052324
2019-07-05,0.7151326852061495
2019-07-06,0.7387465116860826
2019-07-07,0.7281411511861644
2019-07-08,0.6737269573673753
2019-07-09,0.6976491361394854
2019-07-10,0.7024024931914843
2019-07-11,0.6956815151965963
2019-07-12,0.7135388832527412
2019-07-13,0.7187077445907534
2019-07-14,0.689025791136527
2019-07-15,0.6884861004334907
2019-07-16,0.6476271313996457
2019-07-17,0.7306847004501161
2019-07-18,0.7260185859925097
2019-07-19,0.7613182468999689
2019-07-20,0.7116642026877846
2019-07-21,0.7582277551895515
2019-07-22,0.7040930362657577
2019-07-23,0.6698161408853162
2019-07-24,0.6697331420103735
2019-07-25,0.6947145836253878
2019-07-26,0.7000547011963996
2019-07-27,0.6951426344598408
2019-07-28,0.7166615076539006
2019-07-29,0.7197276866149828
2019-07-30,0.734472494765659
2019-07-31,0.7227107883340714
2019-08-01,
2019-08-02,0.6908848266649755
2019-08-03,0.7104881590604631
2019-08-04,0.7408975083380781
2019-08-05,0.6749007480160125
2019-08-06,0.7052640671222145
2019-08-07,0.7401281944720807
2019-08-08,0.6568057444190377
2019-08-09,0.7124021049086298
2019-08-10,0.7072193266811045
2019-08-11,0.6791282602960864
2019-08-12,0.7027981155187557
2019-08-13,0.7254330333335501
2019-08-14,0.7234410367938814
2019-08-15,0.7128833635244753
2019-08-16,0.7202531638837214
2019-08-17,
2019-08-18,0.7155297816950285
2019-08-19,0.7404709477754431
2019-08-20,0.7083870688388592
2019-08-21,0.7198993608407802
2019-08-22,0.7238660240314152
2019-08-23,0.7384084607722953
2019-08-24,
2019-08-25,0.7109661545351493
2019-08-26,
2019-08-27,0.6999498996215902
2019-08-28,0.726116616008182
2019-08-29,0.775593685036192
2019-08-30,0.6958381597567183
2019-08-31,0.6813877034498262
2019-09-01,0.6900327273788315
2019-09-02,
2019-09-03,0.731346179278294
2019-09-04,0.738782828062461
2019-09-05,0.7407918727384254
2019-09-06,0.6951676127832912
2019-09-07,0.734614727828665
2019-09-08,0.7030759674528696
2019-09-09,0.710703547846968
2019-09-10,0.7016016406837549
2019-09-11,
2019-09-12,0.7323478442021186
2019-09-13,0.658371144254629
2019-09-14,0.6946751443729126
2019-09-15,0.709165151534632
2019-09-16,0.6950854815101318
2019-09-17,0.695061250073731
2019-09-18,0.7214075930946294
2019-09-19,0.683555712135112
2019-09-20,0.6999961689652693
2019-09-21,0.7742496731309229
2019-09-22,0.7157268730939467
2019-09-23,0.7369857681596962
2019-09-24,0.7169622087222466
2019-09-25,0.7016703673207013
2019-09-26,0.7056326227443915
2019-09-27,
2019-09-28,0.7038739453592044
2019-09-29,0.7132794811976895
2019-09-30,0.748862338949011
2019-10-01,0.7318011952394154
2019-10-02,0.7410431968778007
2019-10-03,0.7093378840690695
2019-10-04,0.7364857163919657
2019-10-05,0.6793167857840366
2019-10-06,0.6998232365346195
2019-10-07,0.7445005771914592
2019-10-08,0.7007189862448359
2019-10-09,0.6903109686748445
2019-10-10,0.7335410035064946
2019-10-11,0.6868784961956506
2019-10-12,0.7435648060988446
2019-10-13,0.7212944729685902
2019-10-14,0.6903637004189196
2019-10-15,0.6877300333877333
2019-10-16,0.6860060627970163
2019-10-17,0.6336433477847085
2019-10-18,0.6838485548274383
2019-10-19,0.6767878647590544
2019-10-20,0.696181860547446
2019-10-21,0.7277587519512076
2019-10-22,0.6960686834397273
2019-10-23,0.7358935040129498
2019-10-24,0.666326727803668
2019-10-25,0.6875455475209847
2019-10-26,0.6857259011872207
2019-10-27,0.6820194139310776
2019-10-28,0.6856816010889163
2019-10-29,
2019-10-30,0.6667942219218437
2019-10-31,0.6886639842105002
2019-11-01,0.739052452875224
2019-11-02,0.6413432036056325
2019-11-03,0.5209781324190165
2019-11-04,0.647225836729842
2019-11-05,0.6753032963084876
2019-11-06,0.6818558629961433
2019-11-07,0.6665650669321116
2019-11-08,0.6882338412979
2019-11-09,
2019-11-10,
2019-11-11,0.6659492033336741
2019-11-12,
2019-11-13,
2019-11-14,
2019-11-15,
2019-11-16,0.6348252893946741
2019-11-17,
2019-11-18,
2019-11-19,0.5584491577409618
2019-11-20,0.6475368406655365
2019-11-21,0.5750938458192707
2019-11-22,
2019-11-23,0.5449373382249754
2019-11-24,
2019-11-25,0.5879077929617266
2019-11-26,0.5985987690117338
2019-11-27,0.5804647505471884
2019-11-28,0.6582443542583833
2019-11-29,
2019-11-30,
2019-12-01,
2019-12-02,
2019-12-03,
2019-12-04,
2019-12-05,
2019-12-06,
2019-12-07,
2019-12-08,
2019-12-09,
2019-12-10,0.47360591215580483
2019-12-11,0.5605615853131767
2019-12-12,
2019-12-13,
2019-12-14,
2019-12-15,0.5773499690405579
2019-12-16,
2019-12-17,
2019-12-18,
2019-12-19,
2019-12-20,
2019-12-21,
2019-12-22,
2019-12-23,
2019-12-24,0.6508352280116378
2019-12-25,
2019-12-26,
2019-12-27,
2019-12-28,0.48876951287541937
2019-12-29,0.611417224840756
2019-12-30,
2019-12-31,
2020-01-01,
2020-01-02,0.4230601659546383
2020-01-03,0.3510527695130574
2020-01-04,0.7145036351421703
2020-01-05,0.3104690215454242
2020-01-06,
2020-01-07,
2020-01-08,
2020-01-09,
2020-01-10,
2020-01-11,0.49224257544801236
2020-01-12,0.5782499638941236
2020-01-13,0.6431613724286542
2020-01-14,
2020-01-15,
2020-01-16,0.6463624469176069
2020-01-17,
2020-01-18,
2020-01-19,
2020-01-20,
2020-01-21,
2020-01-22,
2020-01-23,
2020-01-24,
2020-01-25,
2020-01-26,0.5031182590233305
2020-01-27,0.7241070032637583
2020-01-28,0.6394140818297254
2020-01-29,0.5548884991913992
2020-01-30,
2020-01-31,
2020-02-01,
2020-02-02,
2020-02-03,
2020-02-04,
2020-02-05,0.7355405686596724
2020-02-06,
2020-02-07,
2020-02-08,
2020-02-09,
2020-02-10,
2020-02-11,
2020-02-12,0.5158691204195083
2020-02-13,0.4230601659546383
2020-02-14,0.4865791751907328
2020-02-15,
2020-02-16,
2020-02-17,
2020-02-18,
2020-02-19,
2020-02-20,
2020-02-21,
2020-02-22,
2020-02-23,
2020-02-24,
2020-02-25,0.6643422589187313
2020-02-26,0.5997009302022245
2020-02-27,
2020-02-28,
2020-02-29,
2020-03-01,
2020-03-02,
2020-03-03,
2020-03-04,0.5992729952271315
2020-03-05,0.6903678931795836
2020-03-06,
2020-03-07,0.6525331638047173
2020-03-08,
2020-03-09,0.6610546765359032
2020-03-10,0.6715306599950667
2020-03-11,0.6294068745165834
2020-03-12,0.652067607633282
2020-03-13,0.6692571588578972
2020-03-14,0.6443088810137272
2020-03-15,0.6526778652924476
2020-03-16,0.29476925914540425
2020-03-17,
2020-03-18,0.6665555552371601
2020-03-19,0.7385895634249285
2020-03-20,0.6090556717816638
2020-03-21,
2020-03-22,
2020-03-23,
2020-03-24,
2020-03-25,
2020-03-26,0.40106000443118833
2020-03-27,0.6051049999993039
2020-03-28,0.6043634652286219
2020-03-29,0.6561486391898205
2020-03-30,0.5448984457406505
2020-03-31,0.47719508741314837
2020-04-01,
2020-04-02,0.6281358910090957
2020-04-03,0.6336697099239885
2020-04-04,
2020-04-05,0.6152969238540011
2020-04-06,0.6390835834676718
2020-04-07,0.6227932866544683
2020-04-08,0.6044645291054752
2020-04-09,0.7399388712503543
2020-04-10,0.580739427732503
2020-04-11,0.6149001770058573
2020-04-12,0.4952296422057008
2020-04-13,0.6588712687977861
2020-04-14,0.5969471876319633
2020-04-15,0.7110779351908127
2020-04-16,0.6291650746012175
2020-04-17,0.49634999999999996
2020-04-18,0.6447794026547069
2020-04-19,0.53847872426033
2020-04-20,
2020-04-21,0.6309910014706425
2020-04-22,
2020-04-23,0.4882812557660078
2020-04-24,0.5326651174974036
2020-04-25,0.743604114653528
2020-04-26,0.6268956977518948
2020-04-27,0.6343119804552148
2020-04-28,0.5745900627728733
2020-04-29,
2020-04-30,0.6798223631969293
2020-05-01,0.8027748645605363
2020-05-02,0.6865619464147799
2020-05-03,0.6518661175978686
2020-05-04,0.6682383273942959
2020-05-05,0.6829324285615626
2020-05-06,
2020-05-07,0.6395927815595052
2020-05-08,0.6819676517649004
2020-05-09,0.6569527637896133
2020-05-10,0.5782786420803161
2020-05-11,0.6781484064284701
2020-05-12,0.6330181836844431
2020-05-13,0.6823577819235842
2020-05-14,0.6644955798638968
2020-05-15,0.6924322271518212
2020-05-16,0.6698668806156294
2020-05-17,0.7868446109583451
2020-05-18,0.7219144430036332
2020-05-19,0.6800768885708096
2020-05-20,0.7096767347276248
2020-05-21,0.6874533045684361
2020-05-22,
2020-05-23,0.6966865776544158
2020-05-24,0.7032186656436739
2020-05-25,0.7281736496489479
2020-05-26,0.7047939724375422
2020-05-27,0.7127678173448965
2020-05-28,0.6986677969608546
2020-05-29,0.7294966655519838
2020-05-30,0.6850318701962489
2020-05-31,0.8082164525467487
2020-06-01,0.6796443701742927
2020-06-02,0.8017614063378125
2020-06-03,0.7149177641820794
2020-06-04,0.6899591697751808
2020-06-05,0.7055526478721083
2020-06-06,0.6989676435960536
2020-06-07,0.6967957380107249
2020-06-08,0.6716516552008475
2020-06-09,0.6734684686016099
2020-06-10,0.7449507444184794
2020-06-11,0.7188298567394428
2020-06-12,0.724492256468777
2020-06-13,0.6940310965823079
2020-06-14,0.6614060639469911
2020-06-15,0.682246065396789
2020-06-16,0.6730669323741111
2020-06-17,0.6704617468012327
2020-06-18,0.796745320860451
2020-06-19,0.7105168182742169
2020-06-20,0.7034358059606051
2020-06-21,0.7223751736679511
2020-06-22,0.7102843075215367
2020-06-23,
2020-06-24,0.7025037983875224
2020-06-25,0.6943585083929558
2020-06-26,0.7082746983811505
2020-06-27,0.6802683280287161
2020-06-28,0.7107721974354978
2020-06-29,0.7227406201001759
2020-06-30,0.7212393694652849
2020-07-01,0.7288499028234087
2020-07-02,0.7411368725540072
2020-07-03,0.7214093229472532
2020-07-04,0.8299476994846995
2020-07-05,0.712612959545508
2020-07-06,0.6875562988103773
2020-07-07,0.721208184630469
2020-07-08,0.719614958254737
2020-07-09,
2020-07-10,0.7330388853642644
2020-07-11,0.7434436096651431
2020-07-12,0.7345788452464932
2020-07-13,0.7154948908544179
2020-07-14,0.7327625207068016
2020-07-15,0.7262136661093352
2020-07-16,0.7108938949778199
2020-07-17,0.732499243155013
2020-07-18,
2020-07-19,0.7376237490129549
2020-07-20,0.8570721769220813
2020-07-21,0.7401694488116789
2020-07-22,0.7240891069385627
2020-07-23,0.7438006515565282
2020-07-24,0.7392945344986278
2020-07-25,0.6698786059123705
2020-07-26,0.7265678773857523
2020-07-27,0.7292916895529143
2020-07-28,0.7624417874440338
2020-07-29,0.6821453293531066
2020-07-30,0.718169950893955
2020-07-31,0.7024623838815275
2020-08-01,0.7002131057810548
2020-08-02,0.7144930398891092
2020-08-03,
2020-08-04,0.7266182500489462
2020-08-05,0.7210473347376077
2020-08-06,0.7269409773607992
2020-08-07,0.7106433793800027
2020-08-08,0.7365360490179373
2020-08-09,0.7088593917621674
2020-08-10,0.7425802804189481
2020-08-11,0.7525451901347203
2020-08-12,0.7433619456847739
2020-08-13,0.7012457959259695
2020-08-14,0.698844983653303
2020-08-15,0.7159574297432195
2020-08-16,0.7053440108383088
2020-08-17,0.7283054003705474
2020-08-18,0.7151286853401895
2020-08-19,
2020-08-20,0.7019037557721183
2020-08-21,0.8531091130116343
2020-08-22,0.7597004364485482
2020-08-23,0.6947245015680741
2020-08-24,0.7326804797487402
2020-08-25,0.7251289286081681
2020-08-26,
2020-08-27,0.7223573361951282
2020-08-28,0.7251686881364302
2020-08-29,0.7206536603991255
2020-08-30,0.7007860389345726
2020-08-31,0.719752428602197
2020-09-01,0.7060407888672134
2020-09-02,0.7118563818680015
2020-09-03,0.7438768709842419
2020-09-04,
2020-09-05,0.6884044944268503
2020-09-06,0.8700694775026349
2020-09-07,0.7285755694617112
2020-09-08,0.706663740521798
2020-09-09,0.746245867092743
2020-09-10,0.7225030084449565
2020-09-11,0.7285629200063122
2020-09-12,0.6730343575428024
2020-09-13,0.6879316259392741
2020-09-14,0.732745051156685
2020-09-15,0.6737963481097432
2020-09-16,0.7131402901447996
2020-09-17,0.6921340237152144
2020-09-18,0.7248115635065836
2020-09-19,0.6960364579744954
2020-09-20,
2020-09-21,0.6931449797738133
2020-09-22,0.7056248578117035
2020-09-23,0.7496479295989121
2020-09-24,0.7078165994785115
2020-09-25,0.7189145044744724
2020-09-26,0.7261024477265764
2020-09-27,0.7328916456114546
2020-09-28,0.7591850891617175
2020-09-29,0.7379232148241099
2020-09-30,0.7778071509658435
2020-10-01,0.6836389877302885
2020-10-02,0.7095338286320726
2020-10-03,0.6696837826830561
2020-10-04,0.661915149854371
2020-10-05,0.7074283992288144
2020-10-06,
2020-10-07,0.7240491236714922
2020-10-08,0.865236363117432
2020-10-09,0.698544833890274
2020-10-10,0.7148888311260728
2020-10-11,0.7332208893657484
2020-10-12,0.6973037018453936
2020-10-13,
2020-10-14,0.7148465025961344
2020-10-15,
2020-10-16,0.7223667761712652
2020-10-17,0.6140513591554358
2020-10-18,0.606231361775563
2020-10-19,0.654786682777426
2020-10-20,0.7145202885403208
2020-10-21,0.7353632916396406
2020-10-22,
2020-10-23,0.7147024440307755
2020-10-24,0.7296725173680664
2020-10-25,0.7406560089992619
2020-10-26,0.7142925964292364
2020-10-27,0.6949962988721101
2020-10-28,0.6832381644731813
2020-10-29,0.7354006131313675
2020-10-30,0.7012561002669883
2020-10-31,
2020-11-01,
2020-11-02,0.6147889169235102
2020-11-03,
2020-11-04,
2020-11-05,0.6746563990280612
2020-11-06,0.680406873901072
2020-11-07,
2020-11-08,0.7111963738354591
2020-11-09,0.6921016263871966
2020-11-10,0.7207623351518196
2020-11-11,0.6711892237569681
2020-11-12,0.6949838375871182
2020-11-13,0.6474830966767013
2020-11-14,0.6514684629490497
2020-11-15,0.66043774358923
2020-11-16,0.6248163798938052
2020-11-17,0.6444841886212467
2020-11-18,
2020-11-19,
2020-11-20,
2020-11-21,0.6713874041497339
2020-11-22,0.6536706436749423
2020-11-23,
2020-11-24,0.5587423196073937
2020-11-25,
2020-11-26,
2020-11-27,0.6513609788575738
2020-11-28,0.648296183868429
2020-11-29,0.519718179511936
2020-11-30,
2020-12-01,0.6250533550135451
2020-12-02,0.6365488728063868
2020-12-03,0.6193574210390697
2020-12-04,0.5777739526163501
2020-12-05,0.6576464759606581
2020-12-06,0.6528114048513284
2020-12-07,
2020-12-08,0.5537500039880271
2020-12-09,
2020-12-10,0.47756511420320014
2020-12-11,0.3648669221633406
2020-12-12,
2020-12-13,0.5261149701428822
2020-12-14,0.6446622271990314
2020-12-15,
2020-12-16,
2020-12-17,
2020-12-18,
2020-12-19,
2020-12-20,
2020-12-21,
2020-12-22,
2020-12-23,
2020-12-24,
2020-12-25,0.5949418296104602
2020-12-26,0.6068168099430773
2020-12-27,
2020-12-28,
2020-12-29,0.6079192114819045
2020-12-30,
2020-12-31,
2021-01-01,
2021-01-02,
2021-01-03,
2021-01-04,
2021-01-05,
2021-01-06,
2021-01-07,
2021-01-08,
2021-01-09,
2021-01-10,
2021-01-11,
2021-01-12,
2021-01-13,
2021-01-14,
2021-01-15,0.3661765596919186
2021-01-16,
2021-01-17,0.5233530471272089
2021-01-18,0.6408859764999396
2021-01-19,
2021-01-20,
2021-01-21,
2021-01-22,
2021-01-23,
2021-01-24,
2021-01-25,
2021-01-26,
2021-01-27,
2021-01-28,
2021-01-29,
2021-01-30,
2021-01-31,
2021-02-01,
2021-02-02,
2021-02-03,
2021-02-04,
2021-02-05,
2021-02-06,
2021-02-07,
2021-02-08,
2021-02-09,
2021-02-10,
2021-02-11,
2021-02-12,
2021-02-13,
2021-02-14,
2021-02-15,
2021-02-16,
2021-02-17,
2021-02-18,
2021-02-19,
2021-02-20,
2021-02-21,
2021-02-22,
2021-02-23,
2021-02-24,
2021-02-25,0.38427903322835205
2021-02-26,
2021-02-27,
2021-02-28,
2021-03-01,0.5650667884060045
2021-03-02,
2021-03-03,
2021-03-04,
2021-03-05,
2021-03-06,
2021-03-07,
2021-03-08,
2021-03-09,
2021-03-10,0.6593804307017792
2021-03-11,0.7550645439441965
2021-03-12,0.5968817840842985
2021-03-13,0.6173338526899823
2021-03-14,0.6450797074629641
2021-03-15,
2021-03-16,
2021-03-17,
2021-03-18,0.6943254599052477
2021-03-19,0.552762274003913
2021-03-20,
2021-03-21,
2021-03-22,
2021-03-23,0.6271086956622917
2021-03-24,
2021-03-25,0.6630180368933482
2021-03-26,0.6543806356149043
2021-03-27,0.7146779244090197
2021-03-28,0.6805111551622703
2021-03-29,0.5893473124473767
2021-03-30,0.40994725529885223
2021-03-31,0.6663148200614516
2021-04-01,0.6631651673310935
2021-04-02,
2021-04-03,
2021-04-04,
2021-04-05,0.693091229845226
2021-04-06,0.6231372226894817
2021-04-07,0.6712447074153282
2021-04-08,0.6694124269763879
2021-04-09,
2021-04-10,0.6714603344069533
2021-04-11,0.6694925155720489
2021-04-12,0.7433782725922516
2021-04-13,0.6713901434477856
2021-04-14,0.6670050604611213
2021-04-15,0.6814899628099876
2021-04-16,0.6653787041887009
2021-04-17,0.5564609569613456
2021-04-18,0.6267442093875347
2021-04-19,0.6543052213107162
2021-04-20,0.6045826018377044
2021-04-21,0.6536833222255649
2021-04-22,0.6000902360505549
2021-04-23,
2021-04-24,0.6458551377772993
2021-04-25,
2021-04-26,0.6445330007041857
2021-04-27,0.6461361489029326
2021-04-28,0.6681996767327814
2021-04-29,0.6461252270471937
2021-04-30,0.7062694032945137
2021-05-01,0.6139228418352717
2021-05-02,0.6579920391113687
2021-05-03,0.6712495956804484
2021-05-04,0.673660246375791
2021-05-05,0.6900935709889958
2021-05-06,0.6174351233956853
2021-05-07,0.6419342819404085
2021-05-08,0.6464274363594975
2021-05-09,0.6660774412597337
2021-05-10,0.6627233459688301
2021-05-11,
2021-05-12,0.6563800562074787
2021-05-13,0.6403391876786326
2021-05-14,0.7157502686804
2021-05-15,0.6666138383078357
2021-05-16,0.690723455683654
2021-05-17,0.6637729694199279
2021-05-18,0.691265469922447
2021-05-19,0.7159848269937529
2021-05-20,0.7029057515457722
2021-05-21,0.7232136545486626
2021-05-22,0.6917442901013897
2021-05-23,0.698277459636347
2021-05-24,0.7074512646646522
2021-05-25,0.6793034891586323
2021-05-26,0.7183285249942883
2021-05-27,
2021-05-28,0.6964585542878918
2021-05-29,0.6574037846743629
2021-05-30,0.7639791169153984
2021-05-31,0.7202880530467256
2021-06-01,0.684217877350753
2021-06-02,0.6992244859614821
2021-06-03,0.6463866477828053
2021-06-04,0.7395970038666335
2021-06-05,0.6979271377787658
2021-06-06,0.7278498784720471
2021-06-07,0.7033267006937979
2021-06-08,0.7353421310298237
2021-06-09,0.732011956328585
2021-06-10,
2021-06-11,0.6964615288409256
2021-06-12,
2021-06-13,0.6772058258599262
2021-06-14,0.6868616760114425
2021-06-15,0.7510689146824686
2021-06-16,0.7025707785630385
2021-06-17,0.6405874284740307
2021-06-18,0.6915236179821758
2021-06-19,0.7168565514511996
2021-06-20,0.7069569932541709
2021-06-21,0.7181970074696299
2021-06-22,0.7114534617487511
2021-06-23,0.6657131630571261
2021-06-24,0.6864923557411817
2021-06-25,0.7285973750776088
2021-06-26,
2021-06-27,0.7377542671725044
2021-06-28,
2021-06-29,0.7152999308158364
2021-06-30,0.7219549187114785
2021-07-01,0.7399816764274711
2021-07-02,0.6751833579820427
2021-07-03,0.7369295920814913
2021-07-04,0.7217529579296483
2021-07-05,0.7121946511151966
2021-07-06,0.6972369283698152
2021-07-07,0.7117980243813784
2021-07-08,0.7368551889276974
2021-07-09,0.72741993444797
2021-07-10,0.7102908242513108
2021-07-11,0.6934764895817729
2021-07-12,
2021-07-13,0.7200651165151589
2021-07-14,
2021-07-15,0.7190112231623824
2021-07-16,0.7112795427212656
2021-07-17,0.7601231852629948
2021-07-18,0.6703390330740877
2021-07-19,0.7286912681076209
2021-07-20,0.6976210989965479
2021-07-21,0.7011021190246328
2021-07-22,0.6964954521396554
2021-07-23,0.7028769572703624
2021-07-24,0.7036423686896544
2021-07-25,0.7008795947990389
2021-07-26,0.6947261686758595
2021-07-27,0.7162212255662109
2021-07-28,0.7429912441616873
2021-07-29,0.6956786551542793
2021-07-30,
2021-07-31,0.6821824793295377
2021-08-01,0.6809193603080692
2021-08-02,0.7423297870641336
2021-08-03,0.6746644411584756
2021-08-04,0.6822064725287352
2021-08-05,0.7391913974799067
2021-08-06,0.7149863666323171
2021-08-07,0.7369175811072927
2021-08-08,0.7234570070949702
2021-08-09,0.7337389560642529
2021-08-10,0.7241964205199197
2021-08-11,0.7347275759907619
2021-08-12,0.7272291652437407
2021-08-13,
2021-08-14,0.7178369035184795
2021-08-15,0.64478
2021-08-16,0.6870896581668263
2021-08-17,0.684996388872954
2021-08-18,0.7636334081934187
2021-08-19,0.7336168951133988
2021-08-20,0.7471411147246945
2021-08-21,0.7309030038682715
2021-08-22,0.7453147868673492
2021-08-23,0.7466468924433987
2021-08-24,0.8783491648265777
2021-08-25,0.7166456704439556
2021-08-26,0.7068750661870861
2021-08-27,0.7190905561852654
2021-08-28,0.7344364317970642
2021-08-29,
2021-08-30,0.7462926636816801
2021-08-31,
2021-09-01,0.710161681454855
2021-09-02,0.7858005532205525
2021-09-03,0.7340542676333697
2021-09-04,0.6985553339819934
2021-09-05,0.6896584225839595
2021-09-06,0.7356159622678937
2021-09-07,
2021-09-08,0.7117447709609043
2021-09-09,0.7957968974293541
2021-09-10,0.7194677101900121
2021-09-11,0.675181831561594
2021-09-12,0.6918164661393404
2021-09-13,0.7131368466891944
2021-09-14,
2021-09-15,0.7318113509487562
2021-09-16,0.6951501210953673
2021-09-17,0.7224877748330982
2021-09-18,0.7135010403934998
2021-09-19,0.700610218869809
2021-09-20,0.6816869852336143
2021-09-21,0.7123742709058055
2021-09-22,0.745517196687877
2021-09-23,0.7230826270268842
2021-09-24,0.7388674349838033
2021-09-25,0.7991648975085545
2021-09-26,0.7132246027027256
2021-09-27,0.6795678670958895
2021-09-28,0.7207496487722721
2021-09-29,0.6737225499279829
2021-09-30,
2021-10-01,0.6756769761438293
2021-10-02,0.7049910077947018
2021-10-03,0.7226436012485422
2021-10-04,0.7092823482561901
2021-10-05,0.7396784615347245
2021-10-06,0.6961990042750675
2021-10-07,0.6871109921258112
2021-10-08,0.6812313992668533
2021-10-09,0.6921627117621855
2021-10-10,0.694752778706594
2021-10-11,0.8506115024377725
2021-10-12,0.7039004307169463
2021-10-13,0.6943447177522044
2021-10-14,0.7120502765524562
2021-10-15,0.7021015531218178
2021-10-16,
2021-10-17,0.6797942004100116
2021-10-18,0.6987208814739245
2021-10-19,0.6882467226965757
2021-10-20,0.6734557301204646
2021-10-21,0.7220933259204602
2021-10-22,0.7114403759133782
2021-10-23,0.6926638226890758
2021-10-24,0.6820673056437034
2021-10-25,0.697187092347532
2021-10-26,0.7084352230805108
2021-10-27,0.8477267532306917
2021-10-28,0.6738205434021518
2021-10-29,0.6766514492005328
2021-10-30,0.7347931095727456
2021-10-31,0.6962970056552112
2021-11-01,
2021-11-02,0.6574718167065524
2021-11-03,0.656192163114109
2021-11-04,
2021-11-05,0.5778089755769129
2021-11-06,0.4244533793588042
2021-11-07,
2021-11-08,
2021-11-09,0.6601148473876952
2021-11-10,
2021-11-11,0.661151157024653
2021-11-12,0.8184457261573554
2021-11-13,0.647879840345635
2021-11-14,0.5958665509586054
2021-11-15,0.6467472966738997
2021-11-16,0.6306502376515606
2021-11-17,
2021-11-18,0.6477705402369277
2021-11-19,
2021-11-20,
2021-11-21,
2021-11-22,0.7456739572606689
2021-11-23,0.4268740418314048
2021-11-24,
2021-11-25,
2021-11-26,
2021-11-27,0.5650594831737237
2021-11-28,
2021-11-29,
2021-11-30,
2021-12-01,
2021-12-02,
2021-12-03,0.6661738938412402
2021-12-04,
2021-12-05,
2021-12-06,0.4591883178293882
2021-12-07,0.6233656995599058
2021-12-08,
2021-12-09,
2021-12-10,
2021-12-11,
2021-12-12,
2021-12-13,0.6363279193170795
2021-12-14,0.680861478296483
2021-12-15,
2021-12-16,0.6314328782134161
2021-12-17,0.6738481348375895
2021-12-18,0.639970754325398
2021-12-19,
2021-12-20,
2021-12-21,
2021-12-22,
2021-12-23,
2021-12-24,
2021-12-25,
2021-12-26,
2021-12-27,
2021-12-28,
2021-12-29,0.5000332037141981
2021-12-30,
2021-12-31,0.5012718483130184
