,"(42.125, -75.125)","(42.125, -74.875)","(42.125, -74.625)","(42.375, -75.125)","(42.375, -74.875)","(42.375, -74.625)"
1990-01-01,0.0,0.0,0.0,0.0,0.0,0.0
1990-01-02,0.0,0.0,0.0,0.0,0.0,0.0
1990-01-03,0.0,0.0,0.0,0.0,0.0,0.0
1990-01-04,6.036523814145767e-07,2.6810090503204265e-07,2.2956191969569772e-07,8.534461812814698e-07,6.119848876551259e-07,5.210594054005924e-07
1990-01-05,0.0,0.0,0.0,0.0,0.0,0.0
1990-01-06,3.0449707992374897e-05,2.7195670554647222e-05,2.4038552510319278e-05,2.7413365387474187e-05,2.3337648599408567e-05,2.0185771063552238e-05
1990-01-07,0.00026018553762696683,0.00028440915048122406,0.00030513235833495855,0.0002535344974603504,0.0002696251031011343,0.0002867617004085332
1990-01-08,9.64078299148241e-06,9.235931429429911e-06,8.482688826916274e-06,8.47872161102714e-06,7.830656613805331e-06,7.367599209828768e-06
1990-01-09,1.9176671628429176e-07,0.0,0.0,1.2832478546442871e-07,0.0,0.0
1990-01-10,0.0,0.0,0.0,0.0,0.0,0.0
1990-01-11,0.0,0.0,0.0,0.0,0.0,0.0
1990-01-12,0.0,0.0,0.0,0.0,0.0,0.0
1990-01-13,0.0,0.0,0.0,0.0,0.0,0.0
1990-01-14,0.0,0.0,0.0,0.0,0.0,0.0
1990-01-15,0.0,0.0,0.0,0.0,0.0,0.0
1990-01-16,7.842551713110879e-05,7.473504956578836e-05,7.013224967522547e-05,9.192113066092134e-05,8.756634633755311e-05,8.255134162027389e-05
1990-01-17,0.00013409543316811323,0.00013646918523591012,0.00013171609316486865,0.00015811169578228146,0.00015951399109326303,0.00015665798855479807
1990-01-18,4.6282188122859225e-05,4.7142555558821186e-05,4.5968972699483857e-05,6.934470729902387e-05,6.96019342285581e-05,6.839809066150337e-05
1990-01-19,5.973924430691113e-07,5.078822482573742e-07,5.074138584859611e-07,1.3953302868685569e-06,1.1609338343987474e-06,1.1531476502568694e-06
1990-01-20,2.1821356313012075e-06,2.116880068570026e-06,2.0105178464291384e-06,5.097472694615135e-06,4.839294433622854e-06,4.569542852550512e-06
1990-01-21,1.3337014024727978e-05,1.3260467312647961e-05,1.2157988749095239e-05,1.4376809303939808e-05,1.3894639778300188e-05,1.2781697478203569e-05
1990-01-22,3.1786410090717254e-06,3.359953552717343e-06,2.987472043969319e-06,3.302488948975224e-06,3.3708927276165923e-06,3.0887811135471566e-06
1990-01-23,0.0,0.0,0.0,0.0,0.0,0.0
1990-01-24,4.2569055835883773e-07,4.2231388874824916e-07,4.691479489338235e-07,9.948887509381166e-07,9.316505611423054e-07,9.605623745301273e-07
1990-01-25,0.0,0.0,0.0,0.0,0.0,0.0
1990-01-26,0.0,0.0,0.0,0.0,0.0,0.0
1990-01-27,0.0,0.0,0.0,0.0,0.0,0.0
1990-01-28,3.825187013717368e-05,3.82751677534543e-05,3.691681558848359e-05,2.664268686203286e-05,2.6051093300338835e-05,2.5138895580312237e-05
1990-01-29,2.064825821435079e-05,2.2918000468052924e-05,2.5539076887071133e-05,1.3849863535142504e-05,1.5050601177790668e-05,1.6697522369213402e-05
1990-01-30,0.0,0.0,0.0,0.0,0.0,0.0
1990-01-31,3.774629817598907e-07,4.003849767286738e-07,7.248647193591751e-07,6.077669922888163e-07,6.339744800243352e-07,7.722352393102483e-07
1990-02-01,0.0,0.0,0.0,0.0,0.0,0.0
1990-02-02,0.0,0.0,0.0,0.0,0.0,0.0
1990-02-03,0.00015104420890565962,0.00016197895456571132,0.00016469031106680632,0.00014111699420027435,0.00014906366413924843,0.00015100133896339685
1990-02-04,0.00016433758719358593,0.00018117576837539673,0.00019187947327736765,0.00017857077182270586,0.00019106685067526996,0.00020091285114176571
1990-02-05,1.1686186553561129e-05,1.0144273801415693e-05,8.21913818072062e-06,1.1191720659553539e-05,9.613928341423161e-06,7.750391887384467e-06
1990-02-06,0.0,1.6454478057870148e-10,5.139912939711166e-10,0.0,3.7654296347611194e-10,1.1698351176647748e-09
1990-02-07,0.0,0.0,0.0,0.0,0.0,0.0
1990-02-08,0.0,0.0,0.0,0.0,0.0,0.0
1990-02-09,0.0,0.0,0.0,0.0,0.0,0.0
1990-02-10,1.1140023161715362e-05,1.0106088666361757e-05,8.669954695506021e-06,1.3016655429964885e-05,1.1904525308636948e-05,1.0623723937897012e-05
1990-02-11,0.0,0.0,0.0,0.0,0.0,0.0
1990-02-12,0.0,0.0,0.0,0.0,0.0,0.0
1990-02-13,1.4031530554348137e-05,1.4100019143370446e-05,1.2964615962118842e-05,2.022497028519865e-05,2.0104347640881315e-05,1.9048500689677894e-05
1990-02-14,6.093147675301225e-08,0.0,0.0,4.086269456138325e-08,0.0,0.0
1990-02-15,6.86116109136492e-05,7.055119931465015e-05,7.01795652275905e-05,7.512899173889309e-05,7.611283217556775e-05,7.563881081296131e-05
1990-02-16,0.0,0.0,0.0,0.0,0.0,0.0
1990-02-17,1.359615680485149e-06,2.7678725018631667e-06,5.264419087325223e-06,9.115000807469187e-07,1.8505971866034088e-06,3.5433165521681076e-06
1990-02-18,1.3566286725108512e-05,1.0444850886415225e-05,9.269559086533263e-06,2.775853317871224e-05,2.3634480385226198e-05,2.0892628526780754e-05
1990-02-19,5.600642180070281e-05,5.8571913541527465e-05,5.763989611295983e-05,4.862239075009711e-05,5.040192627348006e-05,5.046357910032384e-05
1990-02-20,0.00021573161939159036,0.0002193667460232973,0.00021993732661940157,0.0002216321008745581,0.00022019873722456396,0.0002164523903047666
1990-02-21,8.440636156592518e-05,0.00010335859406040981,0.0001176926089101471,7.889689004514366e-05,9.58721648203209e-05,0.00011051779438275844
1990-02-22,0.0,0.0,0.0,0.0,0.0,0.0
1990-02-23,3.639599526650272e-05,3.601840217015706e-05,3.313078923383728e-05,3.376489257789217e-05,3.2390482374466956e-05,2.9702530810027383e-05
1990-02-24,0.00030480287387035787,0.0003275226627010852,0.0003329808823764324,0.0002897592494264245,0.0003106816438958049,0.00032232346711680293
1990-02-25,5.851775495102629e-05,6.212070002220571e-05,6.396335083991289e-05,5.8331814216217026e-05,6.111450056778267e-05,6.297285290202126e-05
1990-02-26,6.929317208914654e-08,7.423052039712275e-08,5.995041618689356e-08,1.6171196648429031e-07,1.6976841266114207e-07,1.364782917789853e-07
1990-02-27,1.0029611985373776e-05,8.58902967593167e-06,8.796248948783614e-06,9.23239167605061e-06,7.486079994123429e-06,7.269455636560451e-06
1990-02-28,2.7660733394441195e-05,3.1108345865504816e-05,3.2869553251657635e-05,2.679946192074567e-05,2.9658544008270837e-05,3.180820567649789e-05
1990-03-01,1.6120886357384734e-05,1.5669744243496098e-05,1.5014724340289831e-05,3.128617026959546e-05,3.070612729061395e-05,2.9901500965934247e-05
1990-03-02,4.5021479309070855e-05,4.489127604756504e-05,4.4337175495456904e-05,3.687953721964732e-05,3.5562843549996614e-05,3.432335506659001e-05
1990-03-03,0.00013996394409332424,0.00015644202358089387,0.00017285491048824042,0.0001454916928196326,0.00015844292647670954,0.00017355690943077207
1990-03-04,7.938090362813455e-08,0.0,0.0,1.850473978493028e-07,0.0,0.0
1990-03-05,2.0653560568462126e-06,1.509937533228367e-06,1.218573743244633e-06,4.813704890693771e-06,3.4519273413025076e-06,2.773583219095599e-06
1990-03-06,9.402437513017503e-07,7.91193258464773e-07,8.369910915462242e-07,2.19100138565409e-06,1.8086818727169884e-06,1.9050095261263778e-06
1990-03-07,0.0,0.0,0.0,0.0,0.0,0.0
1990-03-08,3.496885983622633e-05,3.382329305168241e-05,3.3097967389039695e-05,2.4169225071091205e-05,2.2178512153914198e-05,2.1608897441183217e-05
1990-03-09,0.00024071411462500691,0.00027149493689648807,0.0003048440266866237,0.00021172786364331841,0.00023253436665982008,0.0002603524480946362
1990-03-10,3.942876446672017e-06,1.5771450989632285e-06,1.42570604566572e-06,5.906525984755717e-06,3.5960758850706043e-06,3.217889116058359e-06
1990-03-11,1.678055377851706e-05,1.6269057596218772e-05,1.3177185792301316e-05,1.9987659470643848e-05,1.9021548723685555e-05,1.540141602163203e-05
1990-03-12,6.7374562604527455e-06,5.37332016392611e-06,4.333684955781791e-06,4.858332431467716e-06,3.52276492776582e-06,2.829052846209379e-06
1990-03-13,5.396957931225188e-05,5.7797580666374415e-05,6.0152313380967826e-05,6.138546450529248e-05,6.537316221510991e-05,6.875297549413517e-05
1990-03-14,4.144504782743752e-05,4.217791138216853e-05,4.012872523162514e-05,4.263854134478606e-05,4.292955782148056e-05,4.108171197003685e-05
1990-03-15,3.7164020341151627e-06,3.618399432525621e-06,2.9175064355513314e-06,2.7622213565337006e-06,2.6340189833717886e-06,2.1148107407498173e-06
1990-03-16,0.0,0.0,0.0,0.0,0.0,0.0
1990-03-17,0.0,0.0,0.0,0.0,0.0,0.0
1990-03-18,0.0,0.0,0.0,0.0,0.0,0.0
1990-03-19,8.04751891791966e-07,6.273550070545753e-07,5.056354552834819e-07,5.841297934239265e-07,4.112237093067961e-07,3.300442585896235e-07
1990-03-20,0.00017465160635765642,0.00018814628128893673,0.00019895011791959405,0.00016925517411436886,0.00017947981541510671,0.00018780608661472797
1990-03-21,5.33959507720283e-07,5.05285015606205e-07,4.071609964739764e-07,1.2411126135702943e-06,1.1545565712367534e-06,9.264435334443988e-07
1990-03-22,5.818764748255489e-06,6.571400717803044e-06,6.299922461039387e-06,5.447777311928803e-06,6.206790203577839e-06,6.239441063371487e-06
1990-03-23,0.0,0.0,0.0,0.0,0.0,0.0
1990-03-24,0.0,0.0,0.0,0.0,0.0,0.0
1990-03-25,9.007289918372408e-06,7.232544248836348e-06,5.8471337069931906e-06,6.9199504650896415e-06,4.8242318371194415e-06,3.919262780982535e-06
1990-03-26,8.78784533142607e-07,7.672410902159754e-07,6.178551643643004e-07,2.041370407823706e-06,1.7532248648421955e-06,1.4059596651350148e-06
1990-03-27,5.877136572962627e-07,0.0,0.0,3.915988031621964e-07,0.0,0.0
1990-03-28,0.00011085435835411772,0.00011421545059420168,0.00010786110942717642,0.00010196158837061375,0.00010330091754440218,9.579960169503465e-05
1990-03-29,7.447539974236861e-05,7.978117355378345e-05,8.196126873372123e-05,8.041405817493796e-05,8.469634485663846e-05,8.645855268696323e-05
1990-03-30,6.005264822306344e-06,6.381858383974759e-06,6.779549039492849e-06,5.6630697145010345e-06,5.626828624372138e-06,5.850323759659659e-06
1990-03-31,0.0,0.0,0.0,0.0,0.0,0.0
1990-04-01,0.0,1.1601467342359228e-08,3.599984665925149e-08,0.0,2.6517760431943316e-08,8.19433338961062e-08
1990-04-02,1.1447699534983258e-06,1.2809516647394048e-06,1.2842866681239684e-06,2.6576949494483415e-06,2.9281038678163895e-06,2.9235275178507436e-06
1990-04-03,0.0,0.0,0.0,0.0,0.0,0.0
1990-04-04,0.0,1.9012489360648033e-07,5.89598187161755e-07,0.0,1.2469308785512112e-07,3.850854568554496e-07
1990-04-05,0.0,0.0,0.0,0.0,0.0,0.0
1990-04-06,1.0866084920735375e-07,0.0,0.0,2.5222013277925726e-07,0.0,0.0
1990-04-07,5.221578703640262e-06,5.149911430635257e-06,4.551103302219417e-06,7.866065971029457e-06,7.78439425630495e-06,7.0908777161093894e-06
1990-04-08,0.0,0.0,0.0,0.0,0.0,0.0
1990-04-09,0.0,0.0,0.0,0.0,0.0,0.0
1990-04-10,1.0226171909266668e-08,0.0,0.0,2.373478302786225e-08,0.0,0.0
1990-04-11,8.780348434811458e-05,8.910984615795314e-05,8.646581409266219e-05,0.00011045295104850084,0.00010984629625454545,0.00010692609794205055
1990-04-12,0.0,0.0,0.0,0.0,0.0,0.0
1990-04-13,0.00012006681936327368,0.00012361975677777082,0.0001235226372955367,0.00015828984032850713,0.00016402451728936285,0.00017114354704972357
1990-04-14,6.682651928713312e-06,6.906112957949517e-06,7.416820153594017e-06,1.5181646631390322e-05,1.5372830603155307e-05,1.6341035006917082e-05
1990-04-15,0.0,0.0,0.0,0.0,0.0,0.0
1990-04-16,3.2064133847597986e-05,2.4524275431758724e-05,1.9668814275064506e-05,2.2240372345549986e-05,1.6109759599203244e-05,1.286967562919017e-05
1990-04-17,1.0721059879870154e-06,3.391359769011615e-06,7.91893671703292e-06,7.138924615901487e-07,2.228159246442374e-06,5.182635050005047e-06
1990-04-18,8.620856533525512e-05,8.17900217953138e-05,6.744194979546592e-05,8.405879634665325e-05,8.149092900566757e-05,6.946859502932057e-05
1990-04-19,1.7456244449931546e-07,1.9076699686593201e-07,1.733541523663007e-07,4.0522701283407514e-07,4.222960683364363e-07,3.502071592720313e-07
1990-04-20,2.071603375952691e-05,1.640666596358642e-05,1.3426744772004895e-05,2.7159343517269008e-05,2.2589427317143418e-05,1.8692748199100606e-05
1990-04-21,2.1437926989165135e-06,2.1360251594160218e-06,1.707960109342821e-06,4.909943072561873e-06,4.896086011285661e-06,3.90035120290122e-06
1990-04-22,1.1045260180253536e-05,8.918044841266237e-06,7.933383130875882e-06,1.4752694369235542e-05,1.2260344192327466e-05,1.0855956134037115e-05
1990-04-23,0.00012067842180840671,0.00011473748600110412,0.00010362783359596506,0.00012431314098648727,0.0001190786570077762,0.0001092799793696031
1990-04-24,0.00021360434766393155,0.00024086280609481037,0.0002632134419400245,0.00016328791389241815,0.00018546354840509593,0.00020657185814343393
1990-04-25,0.0,0.0,0.0,0.0,0.0,0.0
1990-04-26,0.0,0.0,0.0,0.0,0.0,0.0
1990-04-27,0.0002547990588936955,0.0002651138056535274,0.00027119446895085275,0.00021485121396835893,0.00022112242004368454,0.00022605193953495473
1990-04-28,7.000393907219404e-06,1.0373844361311058e-06,3.1892989227344515e-06,4.664344032789813e-06,7.311352305805485e-07,2.2403401089832187e-06
1990-04-29,0.0001404755748808384,0.00021102487517055124,0.00031772974762134254,0.00011773905134759843,0.00017441374075133353,0.00026103309937752783
1990-04-30,2.0583440800692188e-06,4.707037078333087e-06,9.615694580134004e-06,1.3716838793698116e-06,3.166841452184599e-06,6.515380846394692e-06
1990-05-01,0.0,0.0,0.0,0.0,0.0,0.0
1990-05-02,4.175135927653173e-06,5.363810942071723e-06,6.910804586368613e-06,9.700564078229945e-06,1.1781230568885803e-05,1.4161633771436755e-05
1990-05-03,8.521557788299106e-07,1.287926352233626e-06,2.0201241568429396e-06,9.466602932661772e-07,1.8339043208470684e-06,3.4627698823896935e-06
1990-05-04,5.334188244887628e-05,5.264816718408838e-05,4.9684185796650127e-05,5.026286453357898e-05,4.934025855618529e-05,4.685664316639304e-05
1990-05-05,4.582375186146237e-05,4.332715616328642e-05,4.2416515498189256e-05,5.0405094953021035e-05,4.7806199290789664e-05,4.637487654690631e-05
1990-05-06,1.1853097021230496e-05,1.0360438864154276e-05,9.506356036581565e-06,1.3754453902947716e-05,1.2645828064705711e-05,1.1349298802088015e-05
1990-05-07,0.0,0.0,0.0,0.0,0.0,0.0
1990-05-08,0.0,0.0,0.0,0.0,0.0,0.0
1990-05-09,5.293135473039001e-06,5.935476110607851e-06,6.718849363096524e-06,1.2305527889111545e-05,1.3597089491668157e-05,1.5213043297990225e-05
1990-05-10,0.0,0.0,0.0,0.0,0.0,0.0
1990-05-11,0.0001897906040539965,0.00020527944434434175,0.0002216487773694098,0.00020516087533906102,0.00021810313046444207,0.0002329840062884614
1990-05-12,0.0,0.0,0.0,0.0,0.0,0.0
1990-05-13,0.0,0.0,0.0,0.0,0.0,0.0
1990-05-14,9.371680675940297e-08,0.0,0.0,2.179648390665534e-07,0.0,0.0
1990-05-15,0.00010363706678617746,0.00010886419477174059,0.00011225087655475363,9.183709335047752e-05,9.543019405100495e-05,9.933567343978211e-05
1990-05-16,6.651711009908468e-05,7.253252988448367e-05,7.536805787822232e-05,6.34726311545819e-05,6.760571704944596e-05,6.945212226128206e-05
1990-05-17,0.0,1.5091512750586844e-06,4.596041890181368e-06,0.0,9.995854952649097e-07,3.0395515295822406e-06
1990-05-18,0.0,0.0,0.0,0.0,0.0,0.0
1990-05-19,8.220687277571415e-07,1.021177695292863e-06,1.4701641930514597e-06,1.4078459571464919e-06,1.9776978206209606e-06,3.0915234674466774e-06
1990-05-20,0.00012115399294998497,0.00012603923096321523,0.0001335752458544448,0.00011630538938334212,0.0001204928703373298,0.0001321846793871373
1990-05-21,0.00012073323887307197,0.00013758130080532283,0.00015056254051160067,8.059318497544155e-05,9.205134847434238e-05,0.00010221567936241627
1990-05-22,0.0,0.0,0.0,0.0,0.0,0.0
1990-05-23,0.0,0.0,0.0,0.0,0.0,0.0
1990-05-24,0.0,0.0,0.0,0.0,0.0,0.0
1990-05-25,0.0001016500245896168,0.00010163362458115444,9.86734448815696e-05,0.0001030563362292014,0.0001013588989735581,9.693150059320033e-05
1990-05-26,8.448211156064644e-05,8.29618438729085e-05,7.620961696375161e-05,8.206145867006853e-05,7.987114804564044e-05,7.53488129703328e-05
1990-05-27,0.00010517603368498385,0.00010437130549689755,0.00010077153274323791,9.828848851611838e-05,9.68027234193869e-05,9.351667540613562e-05
1990-05-28,6.658225174760446e-06,2.9334696591831744e-06,4.440565135155339e-06,8.471343790006358e-06,5.224669621384237e-06,5.523972049559234e-06
1990-05-29,0.0,0.0,0.0,0.0,0.0,0.0
1990-05-30,5.161836043043877e-07,0.0,0.0,1.2016733990094508e-06,0.0,0.0
1990-05-31,0.00011117780377389863,0.00011378705676179379,0.00011536267265910283,0.00010954077879432589,0.00011106735473731533,0.00011240235471632332
1990-06-01,8.705990330781788e-05,8.89293005457148e-05,9.118325397139415e-05,7.674643711652607e-05,7.914806337794289e-05,8.134210656862706e-05
1990-06-02,5.5488217185484245e-05,5.7411227317061275e-05,5.771330324932933e-05,5.9403388149803504e-05,6.0596910770982504e-05,5.901472832192667e-05
1990-06-03,0.0,0.0,0.0,0.0,0.0,0.0
1990-06-04,3.0840765248285607e-05,3.126521551166661e-05,3.086849028477445e-05,3.9154503610916436e-05,3.9850907342042774e-05,3.9678892790107056e-05
1990-06-05,5.277296440908685e-05,5.240585596766323e-05,4.996000279788859e-05,5.827763379784301e-05,5.687354860128835e-05,5.170001168153249e-05
1990-06-06,0.0,0.0,0.0,0.0,0.0,0.0
1990-06-07,0.0,0.0,0.0,0.0,0.0,0.0
1990-06-08,4.054846431245096e-05,2.8925853257533163e-05,2.271354060212616e-05,5.863098340341821e-05,4.749328945763409e-05,3.7340323615353554e-05
1990-06-09,6.916851998539641e-05,7.375857239821926e-05,7.826999353710562e-05,6.974889402044937e-05,7.278027624124661e-05,7.544929394498467e-05
1990-06-10,0.0,2.6125647423214104e-07,7.903159939814941e-07,0.0,1.7402564367330342e-07,5.269586722533859e-07
1990-06-11,8.682513725943863e-05,0.00010230945918010548,0.00011810784053523093,8.222346514230594e-05,9.534318087389693e-05,0.00010997992649208754
1990-06-12,0.0,7.901294196699382e-08,2.390024462783913e-07,0.0,5.264433156071391e-08,1.5942444520078425e-07
1990-06-13,0.0,0.0,0.0,0.0,0.0,0.0
1990-06-14,0.0,0.0,0.0,0.0,0.0,0.0
1990-06-15,2.240496723970864e-05,2.3762064301990904e-05,2.443892662995495e-05,4.5194155973149464e-05,4.661342245526612e-05,4.682063445216045e-05
1990-06-16,4.852004713029601e-05,5.3419902542373165e-05,5.5965374485822394e-05,5.2567178499884903e-05,5.615575355477631e-05,5.8301255194237456e-05
1990-06-17,2.6773790295919753e-07,2.2162057575769722e-06,6.089479029469658e-06,6.232200462363835e-07,3.2395012112829136e-06,8.383239219256211e-06
1990-06-18,0.0,0.0,0.0,0.0,0.0,0.0
1990-06-19,0.0,0.0,0.0,0.0,0.0,0.0
1990-06-20,1.0620991020005022e-07,3.932063918909989e-08,1.1900672802767076e-07,7.090964970757341e-08,9.137211520737765e-08,2.7700505711436563e-07
1990-06-21,0.0,0.0,0.0,0.0,0.0,0.0
1990-06-22,0.0,0.0,0.0,0.0,0.0,0.0
1990-06-23,0.0,0.0,0.0,0.0,0.0,0.0
1990-06-24,3.172203287249431e-05,3.082790499320254e-05,2.969921479234472e-05,5.4398908105213195e-05,5.3893207223154604e-05,5.2111208788119256e-05
1990-06-25,7.304290920728818e-05,7.235139491967857e-05,6.945220229681581e-05,5.8264016843168065e-05,5.7113913499051705e-05,5.4834948969073594e-05
1990-06-26,0.0001279829884879291,0.00012917192361783236,0.0001277569681406021,0.00011476328654680401,0.00011416670895414427,0.00011190224176971242
1990-06-27,7.384140189969912e-05,7.58179958211258e-05,7.273150549735874e-05,7.536986959166825e-05,7.83442665124312e-05,7.644626748515293e-05
1990-06-28,0.0,0.0,0.0,0.0,0.0,0.0
1990-06-29,6.438741024794581e-07,6.10348081409029e-07,4.799574639946513e-07,1.4973722954891855e-06,1.4177048797137104e-06,1.1170476454935852e-06
1990-06-30,6.2054500631347764e-06,0.0,0.0,5.218033948040102e-06,0.0,0.0
1990-07-01,0.00012112403055652976,0.00012777144729625434,0.00013083257363177836,8.165142207872123e-05,8.679276652401313e-05,9.042765304911882e-05
1990-07-02,0.0,0.0,0.0,0.0,0.0,0.0
1990-07-03,0.0,0.0,0.0,0.0,0.0,0.0
1990-07-04,0.0,0.0,0.0,0.0,0.0,0.0
1990-07-05,6.81442270433763e-06,8.50895230541937e-06,1.006180355034303e-05,4.542823262454476e-06,5.760514341091039e-06,7.003887731116265e-06
1990-07-06,0.0,0.0,0.0,0.0,0.0,0.0
1990-07-07,0.0,0.0,0.0,0.0,0.0,0.0
1990-07-08,0.0,0.0,0.0,0.0,0.0,0.0
1990-07-09,3.634196730217809e-07,0.0,0.0,2.4213596816480276e-07,0.0,0.0
1990-07-10,0.00011690425890265033,0.00012092046381440014,0.00012565609358716756,0.00012251260341145098,0.00012654828606173396,0.00013034814037382603
1990-07-11,7.257840479724109e-05,7.297526462934911e-05,7.031341374386102e-05,7.196609658421949e-05,6.885819311719388e-05,6.294446939136833e-05
1990-07-12,3.991537596448325e-06,0.0,0.0,2.7977673653367674e-06,0.0,0.0
1990-07-13,0.0,2.5392321276740404e-06,7.746508345007896e-06,0.0,1.6873308368303697e-06,5.157485247764271e-06
1990-07-14,1.5563698980258778e-05,1.5548097508144565e-05,2.331742871319875e-05,1.177646299765911e-05,1.2013984814984724e-05,1.755368612066377e-05
1990-07-15,5.8374735090183094e-05,5.364825847209431e-05,4.449354673852213e-05,5.7025063142646104e-05,5.3782503528054804e-05,4.5187760406406596e-05
1990-07-16,9.629920896259136e-06,8.950258234108333e-06,7.199984338512877e-06,1.582691038493067e-05,1.5701687516411766e-05,1.2716386663669255e-05
1990-07-17,1.0811730135174002e-05,9.054943802766502e-06,7.19994977771421e-06,2.169465005863458e-05,2.095068157359492e-05,1.6688638424966484e-05
1990-07-18,1.105394176192931e-06,0.0,0.0,2.5635936253820546e-06,0.0,0.0
1990-07-19,2.3675729607930407e-05,2.1372532501118258e-05,2.060988117591478e-05,3.834075323538855e-05,3.692146856337786e-05,3.587613900890574e-05
1990-07-20,0.00014256832946557552,0.00014711653057020158,0.00015037732373457402,0.00013716908870264888,0.00014036758511792868,0.00014333058788906783
1990-07-21,4.5265143853612244e-05,4.035061283502728e-05,4.1365059587405995e-05,5.863243859494105e-05,5.3855241276323795e-05,5.314977533998899e-05
1990-07-22,5.399768997449428e-05,5.272079215501435e-05,4.734252070193179e-05,5.6605946156196296e-05,5.5177406466100365e-05,5.1171107770642266e-05
1990-07-23,0.0,0.0,0.0,0.0,0.0,0.0
1990-07-24,0.0,0.0,0.0,0.0,0.0,0.0
1990-07-25,0.0,0.0,0.0,0.0,0.0,0.0
1990-07-26,0.0,0.0,0.0,0.0,0.0,0.0
1990-07-27,0.0,0.0,0.0,0.0,0.0,0.0
1990-07-28,0.0,0.0,0.0,0.0,0.0,0.0
1990-07-29,3.793147698161192e-05,2.8683478376478888e-05,2.2856638679513708e-05,4.9203503294847906e-05,3.97930562030524e-05,3.174737867084332e-05
1990-07-30,6.499822484329343e-05,6.839186244178563e-05,6.527166988234967e-05,6.893657700857148e-05,7.243612344609573e-05,7.178581290645525e-05
1990-07-31,7.319310680031776e-05,5.9872101701330394e-05,4.7747354983584955e-05,4.8584231990389526e-05,3.955817737733014e-05,3.1581108487444e-05
1990-08-01,0.0002694525464903563,0.00029520998941734433,0.00032494449988007545,0.0002529124030843377,0.000276436738204211,0.00030394800705835223
1990-08-02,0.0,0.0,0.0,0.0,0.0,0.0
1990-08-03,0.0,0.0,0.0,0.0,0.0,0.0
1990-08-04,0.0,2.2095458973581117e-07,6.806204737586086e-07,0.0,5.082773668618756e-07,1.5669500044168672e-06
1990-08-05,7.0875612436793745e-06,8.835611879476346e-06,1.1109947990917135e-05,4.700915269495454e-06,6.110433787398506e-06,8.202795470424462e-06
1990-08-06,0.0,0.0,0.0,0.0,0.0,0.0
1990-08-07,0.00011187431664438918,0.00011501961853355169,0.00011600938159972429,0.0001111205347115174,0.00011545499000931159,0.00011679481394821778
1990-08-08,6.905501504661515e-05,7.194946374511346e-05,7.067163824103773e-05,6.063816908863373e-05,6.343422137433663e-05,6.151831621536985e-05
1990-08-09,0.0,0.0,0.0,0.0,0.0,0.0
1990-08-10,0.0,0.0,0.0,0.0,0.0,0.0
1990-08-11,0.0,0.0,0.0,0.0,0.0,0.0
1990-08-12,0.0,0.0,0.0,0.0,0.0,0.0
1990-08-13,0.00010191139881499112,0.00010008879326051101,9.628800762584433e-05,0.00011674163397401571,0.00011567719047889113,0.00011254915443714708
1990-08-14,5.7689816458150744e-05,6.079803279135376e-05,6.595991726499051e-05,5.1438215450616553e-05,5.5651085858698934e-05,6.12334260949865e-05
1990-08-15,0.0,0.0,0.0,0.0,0.0,0.0
1990-08-16,0.0,0.0,0.0,0.0,0.0,0.0
1990-08-17,8.685645298101008e-05,8.047345909290016e-05,7.124164403649047e-05,9.771334589459002e-05,9.093158587347716e-05,8.386958506889641e-05
1990-08-18,0.0001224639272550121,0.00012417390826158226,0.00012498874275479466,0.00014279784227255732,0.0001477577316109091,0.00014989686314947903
1990-08-19,0.0,0.0,0.0,0.0,0.0,0.0
1990-08-20,0.0,0.0,0.0,0.0,0.0,0.0
1990-08-21,0.0,0.0,0.0,0.0,0.0,0.0
1990-08-22,0.0,0.0,0.0,0.0,0.0,0.0
1990-08-23,0.0,0.0,0.0,0.0,0.0,0.0
1990-08-24,0.0,0.0,0.0,0.0,0.0,0.0
1990-08-25,9.433264835934096e-07,0.0,0.0,7.081900434968702e-07,0.0,0.0
1990-08-26,7.249743066495284e-05,7.903708319645375e-05,8.05956224212423e-05,4.8013622290454805e-05,5.228403824730776e-05,5.3909043344901875e-05
1990-08-27,0.00015153689309954643,0.00015147696831263602,0.0001530428125988692,0.00015224168600980192,0.00015051993250381202,0.00014995400852058083
1990-08-28,0.0002082252176478505,0.0002257793239550665,0.00023775614681653678,0.00020667648641392589,0.00022472134151030332,0.00023669986694585532
1990-08-29,0.0,0.0,0.0,0.0,0.0,0.0
1990-08-30,0.0,0.0,0.0,0.0,0.0,0.0
1990-08-31,8.845541015034541e-05,9.502859029453248e-05,9.636722825234756e-05,9.592682908987626e-05,0.00010175105126108974,0.00010401805775472894
1990-09-01,0.00010349844524171203,0.0001016107271425426,9.720981324790046e-05,0.00014910042227711529,0.0001425404188921675,0.00013370136730372906
1990-09-02,2.0216755729052238e-05,2.861049688362982e-05,4.24733261752408e-05,2.069975198537577e-05,2.9265142075018957e-05,4.284456736058928e-05
1990-09-03,0.0,0.0,0.0,0.0,0.0,0.0
1990-09-04,0.0,0.0,0.0,0.0,0.0,0.0
1990-09-05,0.0,0.0,0.0,0.0,0.0,0.0
1990-09-06,0.0,0.0,0.0,0.0,0.0,0.0
1990-09-07,0.0,0.0,0.0,0.0,0.0,0.0
1990-09-08,2.355799915676471e-05,1.4469854249909986e-05,1.1559257472981699e-05,4.258507760823704e-05,3.320740142953582e-05,2.647843211889267e-05
1990-09-09,4.77885187137872e-05,5.249266541795805e-05,4.947916750097647e-05,4.437844472704455e-05,5.033198249293491e-05,5.114481245982461e-05
1990-09-10,0.0,0.0,0.0,0.0,0.0,0.0
1990-09-11,0.0,0.0,0.0,0.0,0.0,0.0
1990-09-12,0.0,0.0,0.0,0.0,0.0,0.0
1990-09-13,9.797049216331288e-08,9.383974486354418e-08,7.487436448627705e-08,2.2661603793494578e-07,2.1555160856223665e-07,1.7160004972538445e-07
1990-09-14,3.1910476536722854e-05,2.4134777049766853e-05,2.2996709958533756e-05,5.362532829167321e-05,4.695031384471804e-05,4.394302595756017e-05
1990-09-15,0.0,0.0,0.0,0.0,0.0,0.0
1990-09-16,0.00011332221765769646,0.00012341846013441682,0.0001404970680596307,0.000157323811436072,0.00016902729112189263,0.00018586430815048516
1990-09-17,0.0,0.0,0.0,0.0,0.0,0.0
1990-09-18,0.0,0.0,0.0,0.0,0.0,0.0
1990-09-19,0.0,0.0,0.0,0.0,0.0,0.0
1990-09-20,0.0,0.0,0.0,0.0,0.0,0.0
1990-09-21,4.405193521961337e-06,7.695988642808516e-06,1.3235223377705552e-05,2.9281525257829344e-06,5.088127636554418e-06,8.736180461710319e-06
1990-09-22,4.7382254706462845e-06,4.0162790355680045e-06,5.954386324447114e-06,5.425553808890982e-06,4.091636128578102e-06,5.366036930354312e-06
1990-09-23,0.00012009226338705048,0.00010857437882805243,0.00010083335655508563,0.00014259765157476068,0.00012972437252756208,0.00011899347009602934
1990-09-24,0.0002831747697200626,0.00027083177701570094,0.00025415699928998947,0.00032162221032194793,0.00031339863198809326,0.000294304481940344
1990-09-25,0.00013153832696843892,0.0001415172591805458,0.0001496531185694039,0.00011664109479170293,0.00012204441736685112,0.00012650837015826255
1990-09-26,0.00012713402975350618,0.00014947754971217364,0.00018171807460021228,0.00011970090417889878,0.0001381032052449882,0.00016523769591003656
1990-09-27,3.770134208025411e-05,3.8614653021795675e-05,3.575301161617972e-05,3.2266241760225967e-05,3.261116216890514e-05,3.0743020033696666e-05
1990-09-28,0.0,0.0,0.0,0.0,0.0,0.0
1990-09-29,0.0,0.0,0.0,0.0,0.0,0.0
1990-09-30,4.070608611073112e-06,3.929394551960286e-06,3.454597162999562e-06,9.454361133975908e-06,9.058830073627178e-06,7.935809662740212e-06
1990-10-01,0.0,0.0,0.0,0.0,0.0,0.0
1990-10-02,0.0,0.0,0.0,0.0,0.0,0.0
1990-10-03,0.0,0.0,0.0,0.0,0.0,0.0
1990-10-04,0.0,0.0,0.0,0.0,0.0,0.0
1990-10-05,3.2406062473455677e-06,3.2043808460002765e-06,2.745326128206216e-06,4.7956536946003325e-06,4.708087999460986e-06,4.16656212109956e-06
1990-10-06,0.00013374398986343294,0.00013088785635773093,0.00012352153134997934,0.00011414879554649815,0.00011134179658256471,0.00010544774704612792
1990-10-07,9.982332994695753e-05,9.301232785219327e-05,8.169372449629009e-05,7.746573101030663e-05,7.095506589394063e-05,6.220992509042844e-05
1990-10-08,0.00011877574434038252,0.0001274792739422992,0.00013976776972413063,0.00013609533198177814,0.00014302541967481375,0.00015355536015704274
1990-10-09,0.00028954099980182946,0.00029892282327637076,0.00029816696769557893,0.0003040241717826575,0.0003123571223113686,0.00030821666587144136
1990-10-10,0.0,0.0,0.0,0.0,0.0,0.0
1990-10-11,0.0,0.0,0.0,0.0,0.0,0.0
1990-10-12,0.0,0.0,0.0,0.0,0.0,0.0
1990-10-13,0.0,0.0,0.0,0.0,0.0,0.0
1990-10-14,0.0,0.0,0.0,0.0,0.0,0.0
1990-10-15,0.00034116749884560704,0.0003526355721987784,0.00035479635698720813,0.0003313214401714504,0.00033801101380959153,0.000338587851729244
1990-10-16,4.896744485449744e-06,4.698503289546352e-06,4.6841778384987265e-06,1.1421451745263766e-05,1.085089570551645e-05,1.0767435924208257e-05
1990-10-17,1.7808838492783252e-06,9.78775460680481e-07,7.774090704515402e-07,3.3753010484360857e-06,2.260411065435619e-06,1.78690629581979e-06
1990-10-18,1.3510276630768203e-06,1.4091720004216768e-06,1.1422683883210993e-06,9.043812951858854e-07,9.339492521576176e-07,7.543230253759248e-07
1990-10-19,0.00021741601813118905,0.00021636218298226595,0.00020899043011013418,0.0002449138555675745,0.00024516144185326993,0.00023921547108329833
1990-10-20,0.0004993097973056138,0.0005059840623289347,0.000490487611386925,0.00048514848458580673,0.0004934663884341717,0.00048598585999570787
1990-10-21,2.3523683921666816e-05,2.6481868189875968e-05,2.79632968158694e-05,2.5758869014680386e-05,2.6841174985747784e-05,2.686441621335689e-05
1990-10-22,0.00036230188561603427,0.0003825485473498702,0.00037470812094397843,0.00033202397753484547,0.0003506648645270616,0.00035087871947325766
1990-10-23,0.0,0.0,0.0,0.0,0.0,0.0
1990-10-24,2.460092787259782e-07,0.0,0.0,5.747014597545785e-07,0.0,0.0
1990-10-25,1.3780478091973691e-08,0.0,0.0,3.21973629979766e-08,0.0,0.0
1990-10-26,2.83509194787257e-07,5.603535555565031e-07,1.1958027243963443e-06,1.9004855289495026e-07,3.709674274432473e-07,7.87573753768811e-07
1990-10-27,0.00012897842680104077,0.0001260931312572211,0.00012352682824712247,0.00012621740461327136,0.00012222258374094963,0.00011853127216454595
1990-10-28,0.0002530703495722264,0.0002606301277410239,0.0002608337963465601,0.00032515666680410504,0.0003285700804553926,0.0003241593949496746
1990-10-29,6.133552687970223e-08,3.2238218761193593e-09,7.220300801691337e-09,1.4337744858039514e-07,7.4361521384958e-09,1.6566993110700423e-08
1990-10-30,6.230500002857298e-05,6.340225081657991e-05,6.338074308587238e-05,7.560619997093454e-05,7.668101170565933e-05,7.716209074715152e-05
1990-10-31,6.509271202048694e-07,7.021148462627025e-07,8.103489221866766e-07,1.521870103715628e-06,1.6188803328986978e-06,1.8585038787932717e-06
1990-11-01,2.543306720781402e-07,2.7054701945417037e-07,2.2999014959168562e-07,5.946680516899505e-07,6.236726335373532e-07,5.273469128042052e-07
1990-11-02,0.0,0.0,0.0,0.0,0.0,0.0
1990-11-03,1.547462943563005e-06,1.3359434660742409e-06,1.2926406043334282e-06,3.554702061592252e-06,3.0782484827795997e-06,2.9624156923091505e-06
1990-11-04,4.8411902753287e-07,6.184652647789335e-07,8.150835810738499e-07,1.1321134252284537e-06,1.3159419722796883e-06,1.5347550288424827e-06
1990-11-05,0.0,0.0,0.0,0.0,0.0,0.0
1990-11-06,0.0,0.0,0.0,0.0,0.0,0.0
1990-11-07,0.0,0.0,0.0,0.0,0.0,0.0
1990-11-08,0.0,0.0,0.0,0.0,0.0,0.0
1990-11-09,0.0,0.0,0.0,0.0,0.0,0.0
1990-11-10,0.0,0.0,0.0,0.0,0.0,0.0
1990-11-11,0.0,3.63288634730452e-08,1.1200796024013471e-07,0.0,2.3962233086649576e-08,7.347363606413637e-08
1990-11-12,6.971394213906024e-06,5.757211965828901e-06,4.603621164278593e-06,1.6301146388286725e-05,1.3233752724772785e-05,1.0523872333578765e-05
1990-11-13,2.9282704417710193e-05,2.7446394597063772e-05,2.456149559293408e-05,4.481508585740812e-05,4.019282278022729e-05,3.51831731677521e-05
1990-11-14,2.089897179757827e-06,2.452419721521437e-06,2.7965249955741456e-06,1.7884517546917778e-06,2.0241063793946523e-06,2.5352487682539504e-06
1990-11-15,0.0,6.566244792338694e-08,2.027414041094744e-07,0.0,4.32607407674368e-08,1.3283801081342972e-07
1990-11-16,6.6470438468968496e-06,7.245477263495559e-06,7.477545295841992e-06,6.528998255816987e-06,6.85086524754297e-06,6.844429663033225e-06
1990-11-17,1.738642640702892e-05,1.7472344552516006e-05,1.717269333312288e-05,2.2607369828619994e-05,2.245235737063922e-05,2.2032934793969616e-05
1990-11-18,1.516308566351654e-05,1.462859563616803e-05,1.4556268979504239e-05,1.872072425612714e-05,1.781619357643649e-05,1.7468364603701048e-05
1990-11-19,1.3372497051022947e-05,1.2846747267758474e-05,1.161463023890974e-05,1.5185827578534372e-05,1.430947031622054e-05,1.2946366041433066e-05
1990-11-20,1.6095258615678176e-05,1.4259634554036893e-05,1.2611287274921779e-05,2.2530148271471262e-05,2.025923822657205e-05,1.8208678739028983e-05
1990-11-21,3.6327733141661156e-06,3.969874796894146e-06,3.5751845643972047e-06,5.154023710929323e-06,5.664137006533565e-06,5.384348696679808e-06
1990-11-22,1.284321115235798e-05,1.3522643712349236e-05,1.2862164112448227e-05,1.6709856936358847e-05,1.7499276509624906e-05,1.7437050701119006e-05
1990-11-23,0.0,0.0,0.0,0.0,0.0,0.0
1990-11-24,0.0,0.0,0.0,0.0,0.0,0.0
1990-11-25,0.0,0.0,0.0,0.0,0.0,0.0
1990-11-26,9.245310934602458e-07,8.991765980681521e-07,7.856982620069175e-07,2.15901127376128e-06,2.0589175164786866e-06,1.7892803043650929e-06
1990-11-27,0.0,0.0,0.0,0.0,0.0,0.0
1990-11-28,0.0,0.0,0.0,0.0,0.0,0.0
1990-11-29,0.0,0.0,0.0,0.0,0.0,0.0
1990-11-30,1.36955541165662e-05,1.2501794117270038e-05,1.1382217053323984e-05,1.2981597137695644e-05,1.1269217793596908e-05,1.0159740668314043e-05
1990-12-01,6.813556683482602e-05,7.023594662314281e-05,7.013054710114375e-05,6.692638999084011e-05,6.810948252677917e-05,6.81987075950019e-05
1990-12-02,0.00022831196838524193,0.00027319081709720194,0.00032585111330263317,0.00020740216132253408,0.00024316277995239943,0.00028785367612726986
1990-12-03,6.077639409340918e-05,6.757939263479784e-05,7.424202340189368e-05,5.724021320929751e-05,6.2531340518035e-05,6.911509990459308e-05
1990-12-04,5.310133929015137e-06,4.825628820981365e-06,4.2720344026747625e-06,6.571516223630169e-06,5.954709195066243e-06,5.366080131352646e-06
1990-12-05,0.0,0.0,0.0,0.0,0.0,0.0
1990-12-06,0.0,0.0,0.0,0.0,0.0,0.0
1990-12-07,3.760207982850261e-05,4.0852813981473446e-05,4.2893971112789586e-05,3.3134769182652235e-05,3.552244379534386e-05,3.7465601053554565e-05
1990-12-08,0.00014811086293775588,0.000158173221279867,0.0001660790730966255,0.00014731544069945812,0.00015533569967374206,0.00016312759544234723
1990-12-09,8.57991926750401e-06,7.28148961570696e-06,6.13772681390401e-06,5.739306288887747e-06,4.770881787408143e-06,3.999892669526162e-06
1990-12-10,1.3991466403240338e-05,1.1358855772414245e-05,9.754885468282737e-06,1.1158686902490444e-05,8.516839443473145e-06,7.219555755000329e-06
1990-12-11,0.0001492088777013123,0.00015455101674888283,0.00015412831271532923,0.00016833021072670817,0.00017101233243010938,0.00017131774802692235
1990-12-12,8.209181942220312e-06,9.005271749629173e-06,9.605970262782648e-06,7.604084657941712e-06,8.005064955796115e-06,8.489028004987631e-06
1990-12-13,0.0,2.2366275498342247e-09,6.967434629245872e-09,0.0,5.10604891701405e-09,1.582073494432734e-08
1990-12-14,0.0,0.0,0.0,0.0,0.0,0.0
1990-12-15,2.7877160135858503e-08,2.5606615494666585e-08,2.0690595903261055e-08,6.497385385273446e-08,5.844729500381618e-08,4.697265154618435e-08
1990-12-16,0.00012016027176287025,0.00011743207141989842,0.00011077238741563633,0.0001308257778873667,0.00012568131205625832,0.00011876237113028765
1990-12-17,7.059617928462103e-05,7.841809565434232e-05,8.548572077415884e-05,5.2846127800876275e-05,5.916463123867288e-05,6.677711644442752e-05
1990-12-18,0.00013957719784229994,0.00014994520461186767,0.0001566640130477026,0.00013213274360168725,0.00014009815640747547,0.00014663275214843452
1990-12-19,0.0002190679224440828,0.00023220050206873566,0.00023758639872539788,0.0002017934893956408,0.0002100860292557627,0.00021477903646882623
1990-12-20,1.577952025400009e-05,1.8972557882079855e-05,2.3362439605989493e-05,1.9135346519760787e-05,2.174289147660602e-05,2.4822564228088595e-05
1990-12-21,4.09524136557593e-06,4.180393261776771e-06,3.815310719801346e-06,4.0910981624620035e-06,4.09751919505652e-06,3.834619292319985e-06
1990-12-22,2.829497680068016e-05,2.655764365044888e-05,2.4378872694796883e-05,2.3348897229880095e-05,2.121921716025099e-05,1.923601666931063e-05
1990-12-23,0.00024413243227172643,0.000250882440013811,0.00024868230684660375,0.0002513533690944314,0.0002546625619288534,0.00025270585319958627
1990-12-24,0.0001800249592633918,0.0001940734509844333,0.00020510531612671912,0.0001636277447687462,0.00017349714471492916,0.00018296681810170412
1990-12-25,3.2068990549305454e-05,3.8025154935894534e-05,4.3774743971880525e-05,2.338984631933272e-05,2.7394877179176547e-05,3.1945201044436544e-05
1990-12-26,0.00011967327009188011,0.0001349962840322405,0.0001502034137956798,0.00010531909356359392,0.00011737010936485603,0.00013004323409404606
1990-12-27,5.135212268214673e-05,5.707037780666724e-05,6.185979873407632e-05,4.020829874207266e-05,4.33690074714832e-05,4.667229950428009e-05
1990-12-28,5.611750111711444e-06,7.0715036599722225e-06,8.318783329741564e-06,3.856605871987995e-06,4.743202680401737e-06,5.5192626859934535e-06
1990-12-29,4.839419489144348e-06,4.65081484435359e-06,4.013909347122535e-06,8.492680535709951e-06,7.94097468315158e-06,6.956152901693713e-06
1990-12-30,3.4855440844694385e-07,3.818761911134061e-07,3.5563468259169895e-07,8.122929671117163e-07,8.71398924573441e-07,8.070255717029795e-07
1990-12-31,2.0883667275484186e-06,1.54882241076848e-06,1.2886412150692195e-06,1.798129915187019e-06,1.4261837577578262e-06,1.1711518936863285e-06
1991-01-01,0.00013304062304086983,0.00014000071678310633,0.0001419655018253252,0.0001321768795605749,0.00013720325659960508,0.00013944075908511877
1991-01-02,4.868369796895422e-05,5.002856414648704e-05,4.9785012379288673e-05,4.8433987103635445e-05,4.908696064376272e-05,4.937222911394201e-05
1991-01-03,0.0,0.0,0.0,0.0,0.0,0.0
1991-01-04,0.0,0.0,0.0,0.0,0.0,0.0
1991-01-05,0.0,0.0,0.0,0.0,0.0,0.0
1991-01-06,0.0,0.0,0.0,0.0,0.0,0.0
1991-01-07,4.218343019601889e-05,4.563901529763825e-05,4.848499520448968e-05,4.703818558482453e-05,5.0371945690130815e-05,5.3719108109362423e-05
1991-01-08,0.0,0.0,0.0,0.0,0.0,0.0
1991-01-09,0.0,0.0,0.0,0.0,0.0,0.0
1991-01-10,4.360188540886156e-06,4.487380920181749e-06,3.929436388716567e-06,5.519425485545071e-06,5.302796580508584e-06,4.708524556917837e-06
1991-01-11,6.254658273974201e-06,7.056521099002566e-06,6.988882432779064e-06,5.093001163913868e-06,5.375048203859478e-06,5.2684217735077254e-06
1991-01-12,0.0,0.0,0.0,0.0,0.0,0.0
1991-01-13,0.0,0.0,0.0,0.0,0.0,0.0
1991-01-14,3.305890459159855e-07,2.527253286643827e-07,2.2651597930689604e-07,3.05470109651651e-07,1.7272598995532462e-07,1.696559763786354e-07
1991-01-15,0.00031399517320096493,0.0003091710968874395,0.00029871336300857365,0.0003107270458713174,0.0002993234957102686,0.00028610703884623945
1991-01-16,0.0001104496986954473,0.00014476712385658175,0.00018993980484083295,0.00010634267528075725,0.00013729861530009657,0.0001822356425691396
1991-01-17,4.0498598536942154e-05,3.95527713408228e-05,3.6073874071007594e-05,4.4582662667380646e-05,4.219392212689854e-05,3.868123530992307e-05
1991-01-18,4.5685801524086855e-06,5.1973083827761e-06,5.018483079766156e-06,3.894534529536031e-06,4.290754986868706e-06,4.092977178515866e-06
1991-01-19,4.1861767385853454e-05,4.2341311200289056e-05,4.103930405108258e-05,4.634916331269778e-05,4.658284524339251e-05,4.623503627954051e-05
1991-01-20,3.98123447666876e-05,4.6002736780792475e-05,5.5195807362906635e-05,4.043192893732339e-05,4.538094435702078e-05,5.3819076129002497e-05
1991-01-21,5.408248853200348e-06,5.1904821702919435e-06,5.068328391644172e-06,7.823025953257456e-06,7.675213055335917e-06,7.41442090657074e-06
1991-01-22,0.0,0.0,0.0,0.0,0.0,0.0
1991-01-23,0.0,0.0,0.0,0.0,0.0,0.0
1991-01-24,1.3864164429833181e-06,3.926820397737174e-07,3.184850640991499e-07,1.5393293324450497e-06,4.250856875387399e-07,3.4278059501957614e-07
1991-01-25,2.313157165190205e-05,2.383730316068977e-05,2.228941593784839e-05,2.3630653231521137e-05,2.4067428967100568e-05,2.34919734793948e-05
1991-01-26,2.52847962656233e-06,1.995177171920659e-06,1.7626134649617597e-06,5.130062618263764e-06,4.563418315228773e-06,4.008389169030124e-06
1991-01-27,0.0,0.0,0.0,0.0,0.0,0.0
1991-01-28,0.0,0.0,0.0,0.0,0.0,0.0
1991-01-29,0.0,0.0,0.0,0.0,0.0,0.0
1991-01-30,5.025083009968512e-05,4.977867865818553e-05,4.773868931806646e-05,4.6797096729278564e-05,4.501483999774791e-05,4.284006718080491e-05
1991-01-31,3.357301466166973e-05,3.782192652579397e-05,4.2103391024284065e-05,3.698374712257646e-05,4.054997771163471e-05,4.472635919228196e-05
1991-02-01,7.688863092880638e-07,2.45529122366861e-07,1.989761244658439e-07,1.2078126019332558e-06,5.617825991066638e-07,4.527210535343329e-07
1991-02-02,9.316707291873172e-06,8.384157808905002e-06,7.211580850707833e-06,1.0106719855684787e-05,9.007051630760543e-06,7.75950957176974e-06
1991-02-03,2.9093388320688973e-07,2.0796412059098657e-07,1.7951174413610715e-07,6.804257850490103e-07,4.7586883056283114e-07,4.0849192828318337e-07
1991-02-04,0.0,0.0,0.0,0.0,0.0,0.0
1991-02-05,0.0,0.0,0.0,0.0,0.0,0.0
1991-02-06,0.0,0.0,0.0,0.0,0.0,0.0
1991-02-07,2.0860057702520862e-05,2.28691005759174e-05,2.3766857339069247e-05,1.3995358131069224e-05,1.5012945368653163e-05,1.551828972878866e-05
1991-02-08,0.00011307674139970914,0.00012609062832780182,0.00013254735677037388,0.0001034230153891258,0.00011285509390290827,0.0001175666184280999
1991-02-09,0.0,0.0,0.0,0.0,0.0,0.0
1991-02-10,0.0,1.5339985282025737e-08,4.788984142578556e-08,0.0,1.0070331235567664e-08,3.1273099665440895e-08
1991-02-11,2.5409649424545933e-06,2.171607320633484e-06,1.9473538941383595e-06,2.820140252879355e-06,2.2284780243353453e-06,1.9474960026855115e-06
1991-02-12,0.0,0.0,0.0,0.0,0.0,0.0
1991-02-13,1.3943193835075363e-06,0.0,0.0,1.1870636171806837e-06,0.0,0.0
1991-02-14,4.3385087337810546e-05,4.718592390418053e-05,5.0256599934073165e-05,4.1739829612197354e-05,4.4109499867772684e-05,4.634439028450288e-05
1991-02-15,1.4131632269709371e-05,1.3678508366865572e-05,1.2470726687752176e-05,1.6414845958934166e-05,1.593780871189665e-05,1.5228157280944288e-05
1991-02-16,0.0,0.0,0.0,0.0,0.0,0.0
1991-02-17,2.595387229575863e-07,2.9391731004579924e-07,2.7376336220186204e-07,6.065433240109996e-07,6.725003913743421e-07,6.232810392248211e-07
1991-02-18,0.0,0.0,0.0,0.0,0.0,0.0
1991-02-19,0.0,0.0,0.0,0.0,0.0,0.0
1991-02-20,0.0,0.0,0.0,0.0,0.0,0.0
1991-02-21,7.78442554292269e-05,8.488800813211128e-05,9.140521433437243e-05,7.305842882487923e-05,7.855709554860368e-05,8.431012975051999e-05
1991-02-22,4.890280706604244e-06,3.949828624172369e-06,3.364709527886589e-06,5.65401842322899e-06,4.908945811621379e-06,4.341957719589118e-06
1991-02-23,0.0,0.0,0.0,0.0,0.0,0.0
1991-02-24,0.0,0.0,0.0,0.0,0.0,0.0
1991-02-25,5.683582458004821e-06,5.891930413781665e-06,6.22411971562542e-06,5.066327503300272e-06,5.149894604983274e-06,5.470335054269526e-06
1991-02-26,1.2679605276844086e-07,1.20734284791979e-07,1.0235055469820509e-07,2.959085065867839e-07,2.761245525562117e-07,2.3300304974327446e-07
1991-02-27,2.1523491966490838e-07,7.901134324583836e-08,7.096680576523795e-08,3.5349839322407206e-07,1.756292817844951e-07,1.4585620533580368e-07
1991-02-28,7.921233918750659e-05,8.822637755656615e-05,9.491039236309007e-05,7.863577775424346e-05,8.590383367845789e-05,9.13773910724558e-05
1991-03-01,2.8516928068711422e-05,3.589210973586887e-05,4.479746348806657e-05,3.5311488318257034e-05,4.342751708463766e-05,5.3242889407556504e-05
1991-03-02,4.8440202959909584e-08,1.8570275983620377e-07,4.586568707054539e-07,1.129632778429368e-07,3.927453064989095e-07,9.45250235417916e-07
1991-03-03,0.0,0.0,0.0,0.0,0.0,0.0
1991-03-04,0.0,0.0,0.0,0.0,0.0,0.0
1991-03-05,0.0,0.0,0.0,0.0,0.0,0.0
1991-03-06,0.0,0.0,0.0,0.0,0.0,0.0
1991-03-07,0.0,0.0,0.0,0.0,0.0,0.0
1991-03-08,0.0,0.0,0.0,0.0,0.0,0.0
1991-03-09,0.0,0.0,0.0,0.0,0.0,0.0
1991-03-10,1.3409552366283606e-06,6.221620765245461e-07,8.16460612895753e-07,1.3325128520591534e-06,4.1260381067331764e-07,5.475139914778993e-07
1991-03-11,9.4872601039242e-05,0.00010032630962086841,0.00010693292279029265,9.129351383307949e-05,9.258408681489527e-05,9.570919064572081e-05
1991-03-12,4.081976294401102e-05,4.4004158553434536e-05,4.6068096708040684e-05,4.945919135934673e-05,5.269076791591942e-05,5.564040475292131e-05
1991-03-13,0.0,0.0,0.0,0.0,0.0,0.0
1991-03-14,6.037260027369484e-05,6.269154255278409e-05,6.452736852224916e-05,5.423817128757946e-05,5.4911713959882036e-05,5.6093063903972507e-05
1991-03-15,4.997695668862434e-06,8.231636456912383e-06,1.4249951163947117e-05,3.335406518090167e-06,5.975227395538241e-06,1.1095134141214658e-05
1991-03-16,2.630425512961665e-07,1.0274604989035652e-07,8.283603136760576e-08,5.860073315488989e-07,2.347855740936211e-07,1.8848932370474358e-07
1991-03-17,2.0161578504485078e-05,1.94025687960675e-05,1.7808984921430238e-05,1.8633521904121153e-05,1.77413021447137e-05,1.6489531844854355e-05
1991-03-18,8.59977717482252e-06,8.986513421405107e-06,9.987907105823979e-06,6.847728400316555e-06,6.981557817198336e-06,7.724780516582541e-06
1991-03-19,0.0,0.0,0.0,0.0,0.0,0.0
1991-03-20,3.110201305389637e-06,1.5030263966764323e-06,1.2112798231100896e-06,4.5105994104233105e-06,3.0287437766673975e-06,2.430593895041966e-06
1991-03-21,6.840080914116697e-06,5.771953055955237e-06,5.574946953856852e-06,1.3591358765552286e-05,1.0606110663502477e-05,9.319192031398416e-06
1991-03-22,6.61909652990289e-05,7.053064473439008e-05,7.437007297994569e-05,7.207206363091245e-05,7.359318988164887e-05,7.60112889111042e-05
1991-03-23,0.0,0.0,0.0,0.0,0.0,0.0
1991-03-24,0.0,0.0,0.0,0.0,0.0,0.0
1991-03-25,0.0,0.0,0.0,0.0,0.0,0.0
1991-03-26,0.0,1.0197416600021825e-07,3.167456839037186e-07,0.0,6.68462050157359e-08,2.0676533551977627e-07
1991-03-27,5.818831141368719e-07,6.101045073592104e-07,5.682005621565622e-07,8.050227506828378e-07,8.342294677277096e-07,7.19134334303817e-07
1991-03-28,1.5585188748445944e-06,1.6230396795435809e-06,1.9439034986135084e-06,3.3609899219300132e-06,3.611188503782614e-06,4.121133770240704e-06
1991-03-29,5.4287831119381735e-08,5.891467935725814e-08,5.102191735772976e-08,1.2607137023223913e-07,1.3464052983636066e-07,1.1611624017859867e-07
1991-03-30,0.0,2.681650634883681e-08,8.324325762032458e-08,0.0,6.12880057815346e-08,1.8945571866879618e-07
1991-03-31,0.0,0.0,0.0,0.0,0.0,0.0
1991-04-01,0.00020728583331219852,0.00021819982794113457,0.00021809343888889998,0.0001856585149653256,0.00019378552678972483,0.00019511484424583614
1991-04-02,0.00025409492081962526,0.00027925774338655174,0.0003037625574506819,0.0002331912546651438,0.0002522518334444612,0.0002727338287513703
1991-04-03,3.0448014513240196e-05,3.236342308809981e-05,3.494370321277529e-05,3.378033943590708e-05,3.604912490118295e-05,3.95079878217075e-05
1991-04-04,2.2080092094256543e-05,2.312045580765698e-05,2.407675128779374e-05,2.7586864234763198e-05,2.8886281143059023e-05,3.0971663363743573e-05
1991-04-05,1.7977106836042367e-05,1.8663855371414684e-05,1.886133941297885e-05,2.321994907106273e-05,2.3773542125127278e-05,2.4081564333755523e-05
1991-04-06,1.2590725418704096e-05,1.3231933735369239e-05,1.3736083928961307e-05,1.7250527889700606e-05,1.7895325072458945e-05,1.841920857259538e-05
1991-04-07,0.0,0.0,0.0,0.0,0.0,0.0
1991-04-08,0.0001142295659519732,0.00012982271437067538,0.00014670795644633472,9.045498154591769e-05,0.00010202699195360765,0.00011481880937935784
1991-04-09,1.4709234164911322e-05,2.1601683329208754e-05,3.152661520289257e-05,1.0042840585811064e-05,1.5716033885837533e-05,2.476878944435157e-05
1991-04-10,0.0,0.0,0.0,0.0,0.0,0.0
1991-04-11,0.0,0.0,0.0,0.0,0.0,0.0
1991-04-12,0.00022823688050266355,0.0002516981039661914,0.0002687177329789847,0.00021155468130018562,0.00022820229060016572,0.0002395727497059852
1991-04-13,2.6038929718197323e-05,2.7336176572134718e-05,2.880791544157546e-05,3.180035128025338e-05,3.4153577871620655e-05,3.6897516110911965e-05
1991-04-14,0.0,0.0,0.0,0.0,0.0,0.0
1991-04-15,0.0,0.0,0.0,0.0,0.0,0.0
1991-04-16,3.892273070960073e-06,1.83960310096154e-06,1.4738395748281619e-06,2.6637842438503867e-06,1.2084174159099348e-06,9.643611065257574e-07
1991-04-17,0.00011422215175116435,0.00011383399396436289,0.0001092531529138796,0.0001108521901187487,0.00010862362250918522,0.00010372590622864664
1991-04-18,3.375416781636886e-05,4.1820836486294866e-05,5.5075895943446085e-05,4.014892692794092e-05,4.672168142860755e-05,5.7134151575155556e-05
1991-04-19,0.0,0.0,0.0,0.0,0.0,0.0
1991-04-20,0.0,0.0,0.0,0.0,0.0,0.0
1991-04-21,1.1185071571162553e-06,1.2096252248738892e-06,1.0742381846284843e-06,2.5967367491830373e-06,2.7726405278372113e-06,2.453163915561163e-06
1991-04-22,0.0,0.0,0.0,0.0,0.0,0.0
1991-04-23,0.0,0.0,0.0,0.0,0.0,0.0
1991-04-24,6.376373494276777e-05,6.185835809446871e-05,5.9179765230510384e-05,6.898893479956314e-05,6.651135481661186e-05,6.361235864460468e-05
1991-04-25,5.713413884222973e-06,8.990219612314831e-06,1.4168046618578956e-05,4.092739800398704e-06,7.125814136088593e-06,1.2333355698501691e-05
1991-04-26,0.00034799007698893547,0.00034856231650337577,0.00033101049484685063,0.00035618487163446844,0.0003569945984054357,0.00034433091059327126
1991-04-27,5.7133238442474976e-05,7.11875400156714e-05,9.025540930451825e-05,5.616752605419606e-05,6.830209167674184e-05,8.523643191438168e-05
1991-04-28,0.0,0.0,0.0,0.0,0.0,0.0
1991-04-29,0.0,0.0,0.0,0.0,0.0,0.0
1991-04-30,0.0,0.0,0.0,0.0,0.0,0.0
1991-05-01,1.5079993318067864e-05,1.2206206520204432e-05,1.0180886420130264e-05,1.1558508049347438e-05,9.784393114387058e-06,8.515408808307257e-06
1991-05-02,0.0,1.3246965124835697e-07,4.0645545595907606e-07,0.0,3.044852974198875e-07,9.314402404925204e-07
1991-05-03,0.0,0.0,0.0,0.0,0.0,0.0
1991-05-04,0.0,0.0,0.0,0.0,0.0,0.0
1991-05-05,3.326904698042199e-05,2.313403456355445e-05,1.910051651066169e-05,2.5627185095800087e-05,1.619988506718073e-05,1.357971632387489e-05
1991-05-06,0.00019892019918188453,0.00021543094771914184,0.00023324965150095522,0.00019496938330121338,0.00020744763605762273,0.00022167353017721325
1991-05-07,4.287809133529663e-05,4.289598291506991e-05,4.176372749498114e-05,4.8567282647127286e-05,4.79601658298634e-05,4.6884033508831635e-05
1991-05-08,1.0469586868566694e-06,9.429519423065358e-07,7.47812123336189e-07,7.572509730380261e-07,6.228532924978936e-07,4.927363761453307e-07
1991-05-09,9.889025704978849e-07,4.857759563492436e-07,3.850506686831068e-07,1.6276173937512795e-06,1.118878458328254e-06,8.847761705510493e-07
1991-05-10,0.0,0.0,0.0,0.0,0.0,0.0
1991-05-11,0.0,0.0,0.0,0.0,0.0,0.0
1991-05-12,0.0,0.0,0.0,0.0,0.0,0.0
1991-05-13,0.0,0.0,0.0,0.0,0.0,0.0
1991-05-14,0.0,0.0,0.0,0.0,0.0,0.0
1991-05-15,6.6909783527080435e-06,9.190019227389712e-06,1.2494809197960421e-05,4.464511221158318e-06,6.09864218859002e-06,8.303136382892262e-06
1991-05-16,4.8941390559775755e-05,4.3172723962925375e-05,3.7889818486291915e-05,5.0843824283219874e-05,4.507319681579247e-05,4.0115544834407046e-05
1991-05-17,7.338509021792561e-05,7.592786278109998e-05,7.412282138830051e-05,6.62103047943674e-05,6.833254883531481e-05,6.716864299960434e-05
1991-05-18,0.0,0.0,0.0,0.0,0.0,0.0
1991-05-19,0.0,0.0,0.0,0.0,0.0,0.0
1991-05-20,6.258124631131068e-05,5.992036676616408e-05,5.49451433471404e-05,4.678096229326911e-05,4.311202428652905e-05,4.0177230403060094e-05
1991-05-21,9.652118023950607e-05,9.8935175628867e-05,9.907525236485526e-05,8.883792179403827e-05,8.916421938920394e-05,8.807251288089901e-05
1991-05-22,0.00010807161743286997,0.00011129246558994055,0.00011405780242057517,0.0001110598532250151,0.00011274571443209425,0.00011554034426808357
1991-05-23,9.925849735736847e-05,0.0001017430768115446,0.00010630707402015105,8.614432590547949e-05,8.635418635094538e-05,8.824956603348255e-05
1991-05-24,6.786697485949844e-05,7.377255678875372e-05,7.860890036681667e-05,4.613313649315387e-05,4.899955092696473e-05,5.2246319683035836e-05
1991-05-25,9.06708010006696e-05,0.00010136108903679997,0.00011936061491724104,9.279006189899519e-05,9.98223913484253e-05,0.00011291319242445752
1991-05-26,0.0001429566036676988,0.0001484412350691855,0.00015162461204454303,0.00013680054689757526,0.00014221550372894853,0.00014660404121968895
1991-05-27,5.4559268392040394e-06,8.92152456799522e-06,1.4497928532364313e-05,3.643188847490819e-06,5.926753146923147e-06,9.628590305510443e-06
1991-05-28,0.0,0.0,0.0,0.0,0.0,0.0
1991-05-29,6.783386197639629e-06,6.840385594841791e-06,6.942951586097479e-06,1.5791150872246362e-05,1.5846620954107493e-05,1.6081359717645682e-05
1991-05-30,9.141783152699645e-07,1.172960423900804e-06,1.4518936950480565e-06,2.12820373235445e-06,2.717966935961158e-06,3.364070380484918e-06
1991-05-31,0.0,0.0,0.0,0.0,0.0,0.0
1991-06-01,0.0,0.0,0.0,0.0,0.0,0.0
1991-06-02,0.0,2.5606102127539998e-08,7.754517383773418e-08,0.0,5.9374301031311916e-08,1.798521367391004e-07
1991-06-03,1.5087616702658124e-05,1.6027590390876867e-05,1.62422420544317e-05,1.6114432582980953e-05,1.7190584912896156e-05,1.7710257452563383e-05
1991-06-04,0.00011097799870185554,0.00011689287202898413,0.00012103310291422531,0.00011459291272331029,0.00011913572234334424,0.000122885248856619
1991-06-05,6.663493695668876e-05,7.28540908312425e-05,7.365104102063924e-05,6.949777889531106e-05,7.533965253969654e-05,7.565148553112522e-05
1991-06-06,0.0,0.0,0.0,0.0,0.0,0.0
1991-06-07,0.0,0.0,0.0,0.0,0.0,0.0
1991-06-08,0.0,0.0,0.0,0.0,0.0,0.0
1991-06-09,0.0,0.0,0.0,0.0,0.0,0.0
1991-06-10,0.0,0.0,0.0,0.0,0.0,0.0
1991-06-11,0.0001015599918900989,9.770087490323931e-05,8.998877456178889e-05,9.80545228230767e-05,9.485323244007304e-05,8.763852383708581e-05
1991-06-12,0.000196127308299765,0.00020409634453244507,0.0002078040415653959,0.00018281959637533873,0.00019182432151865214,0.00019730758504010737
1991-06-13,0.0,0.0,0.0,0.0,0.0,0.0
1991-06-14,0.0,0.0,0.0,0.0,0.0,0.0
1991-06-15,0.0,0.0,0.0,0.0,0.0,0.0
1991-06-16,8.194617839762941e-05,8.235812856582925e-05,7.517034828197211e-05,6.744246638845652e-05,6.566592492163181e-05,5.86354908591602e-05
1991-06-17,9.252219024347141e-05,8.87847418198362e-05,8.192952373065054e-05,8.428069850197062e-05,8.217789581976831e-05,8.079154213191941e-05
1991-06-18,0.00015963276382535696,0.00016100089123938233,0.00016064038209151477,0.00016309825878124684,0.00016439150203950703,0.00016311630315613002
1991-06-19,3.347066740388982e-05,3.478193320916034e-05,2.8438114895834588e-05,2.23475944949314e-05,2.4035662136157043e-05,2.1563855625572614e-05
1991-06-20,0.0,0.0,0.0,0.0,0.0,0.0
1991-06-21,0.00012493158283177763,0.00012713174510281533,0.00012805532605852932,0.00011167344928253442,0.00011229536175960675,0.00011339501361362636
1991-06-22,0.0,0.0,0.0,0.0,0.0,0.0
1991-06-23,0.0,0.0,0.0,0.0,0.0,0.0
1991-06-24,4.846702950089821e-07,0.0,0.0,1.1276646318947314e-06,0.0,0.0
1991-06-25,0.00022996107873041183,0.00022517274192068726,0.0002037281810771674,0.00023852332378737628,0.00023610758944414556,0.0002185874036513269
1991-06-26,0.0001328071957686916,0.0001650267222430557,0.000204084615688771,0.00011848110443679616,0.00014702526095788926,0.00018195748270954937
1991-06-27,0.0,0.0,0.0,0.0,0.0,0.0
1991-06-28,3.0029947083676234e-05,3.4754109947243705e-05,4.3514057324500754e-05,2.127968218701426e-05,2.4593273337814026e-05,3.278887743363157e-05
1991-06-29,1.0894032129726838e-06,1.0603122291286127e-06,1.054157337421202e-06,7.267722708093061e-07,7.065173690534721e-07,7.038096896394563e-07
1991-06-30,0.0,0.0,0.0,0.0,0.0,0.0
1991-07-01,1.8899077986134216e-05,1.253090249520028e-05,9.860539648798294e-06,3.241819649701938e-05,2.556975778134074e-05,2.016133839788381e-05
1991-07-02,0.00015922579041216522,0.0001620948751224205,0.00016034123837016523,0.00016778885037638247,0.00016953206795733422,0.00016814551781862974
1991-07-03,0.00020479861996136606,0.00021637497411575168,0.00022251068730838597,0.00022162134700920433,0.0002356126205995679,0.0002467269077897072
1991-07-04,0.0,0.0,0.0,0.0,0.0,0.0
1991-07-05,0.0,0.0,0.0,0.0,0.0,0.0
1991-07-06,0.0,0.0,0.0,0.0,0.0,0.0
1991-07-07,0.0,0.0,0.0,0.0,0.0,0.0
1991-07-08,0.0,0.0,0.0,0.0,0.0,0.0
1991-07-09,3.553209171514027e-05,4.391716720419936e-05,5.573145972448401e-05,2.367400156799704e-05,3.226222543162294e-05,4.644994260161184e-05
1991-07-10,0.0,0.0,0.0,0.0,0.0,0.0
1991-07-11,0.0,0.0,0.0,0.0,0.0,0.0
1991-07-12,0.0,0.0,0.0,0.0,0.0,0.0
1991-07-13,1.616994632058777e-05,1.6692900317138992e-05,1.3202910849940963e-05,2.7019335902878083e-05,2.783660420391243e-05,2.2059126422391273e-05
1991-07-14,5.992221485939808e-05,6.287445285124704e-05,6.458293501054868e-05,6.737954390700907e-05,7.037496834527701e-05,7.267030014190823e-05
1991-07-15,0.0,7.222463693778991e-08,2.205498503826675e-07,0.0,1.672079292802664e-07,5.115489898344094e-07
1991-07-16,0.0,0.0,0.0,0.0,0.0,0.0
1991-07-17,0.0,0.0,0.0,0.0,0.0,0.0
1991-07-18,0.0,0.0,0.0,0.0,0.0,0.0
1991-07-19,0.00013645616127178073,0.00015203582006506622,0.00015632108261343092,9.07674475456588e-05,0.00010084829409606755,0.00010386879876023158
1991-07-20,1.5951901843891392e-07,1.6502906419191277e-07,1.309695960571844e-07,3.6982149254072283e-07,3.814726312612038e-07,3.032493225418875e-07
1991-07-21,0.0,0.0,0.0,0.0,0.0,0.0
1991-07-22,0.00011072540655732155,0.00011125490709673613,0.00010832132829818875,0.00010861384362215176,0.00010811527317855507,0.00010587775614112616
1991-07-23,4.638287919078721e-06,7.057989478198579e-06,1.0885212759603746e-05,1.0747465239546727e-05,1.4586598808818962e-05,1.9918554244213738e-05
1991-07-24,3.148244559270097e-06,3.132374502001767e-07,2.490606618721358e-07,2.5919080144376494e-06,7.231129757201415e-07,5.758114411946735e-07
1991-07-25,0.0001043855954776518,0.00011434221232775599,0.00012184742809040472,8.548553887521848e-05,9.442919690627605e-05,0.00010412716801511124
1991-07-26,5.883090125280432e-06,7.028240815998288e-06,1.299252653552685e-05,7.547946097474778e-06,9.085895726457238e-06,1.6433477867394686e-05
1991-07-27,0.0,0.0,0.0,0.0,0.0,0.0
1991-07-28,0.0,0.0,0.0,0.0,0.0,0.0
1991-07-29,4.104210802324815e-06,0.0,0.0,2.7252176550973672e-06,0.0,0.0
1991-07-30,3.4187629353255033e-05,2.7427742679719813e-05,2.3908185539767146e-05,5.16470790898893e-05,4.567623545881361e-05,4.1166680603055283e-05
1991-07-31,0.00012428178160917014,0.0001321411255048588,0.00013392350228969008,0.00012504988990258425,0.0001321653980994597,0.00013425697397906333
1991-08-01,9.292023719353892e-07,4.4536551513374434e-07,9.12960331334034e-07,9.356811574434687e-07,1.0254394737785333e-06,2.1041851141490042e-06
1991-08-02,0.0,0.0,0.0,0.0,0.0,0.0
1991-08-03,0.0,0.0,0.0,0.0,0.0,0.0
1991-08-04,0.0,0.0,0.0,0.0,0.0,0.0
1991-08-05,1.3579655387729872e-05,1.533546492282767e-05,1.6655385479680263e-05,2.2621037714998238e-05,2.4537486751796678e-05,2.5964100132114254e-05
1991-08-06,2.091706079454525e-07,6.389989835042797e-07,1.473188149248017e-06,4.835522986468277e-07,1.179022433461796e-06,2.4945513814600417e-06
1991-08-07,0.0,0.0,0.0,0.0,0.0,0.0
1991-08-08,7.269964407896623e-05,8.249177335528657e-05,9.484779002377763e-05,6.801470590289682e-05,7.594157796120271e-05,8.644704212201759e-05
1991-08-09,0.0,7.217121833491547e-08,2.2261916399202164e-07,0.0,1.657973029978166e-07,5.116538090987888e-07
1991-08-10,0.0,0.0,0.0,0.0,0.0,0.0
1991-08-11,0.0,0.0,0.0,0.0,0.0,0.0
1991-08-12,0.0,0.0,0.0,0.0,0.0,0.0
1991-08-13,0.00029588289908133447,0.0003183845547027886,0.0003333939239382744,0.00028055632719770074,0.00030003595747984946,0.0003159893094561994
1991-08-14,3.9680631743976846e-05,4.314829857321456e-05,5.088971010991372e-05,4.1596151277190074e-05,4.578887819661759e-05,5.3291900258045644e-05
1991-08-15,0.0,0.0,0.0,0.0,0.0,0.0
1991-08-16,0.0,0.0,0.0,0.0,0.0,0.0
1991-08-17,9.702040551928803e-05,8.805129618849605e-05,7.508318230975419e-05,0.0001140539679909125,0.00010654545621946454,9.542084444547072e-05
1991-08-18,5.107923789182678e-05,5.440971290227026e-05,5.389949365053326e-05,4.9678059440338984e-05,5.6494031014153734e-05,6.187973485793918e-05
1991-08-19,0.0,0.0,0.0,0.0,0.0,0.0
1991-08-20,0.0,0.0,0.0,0.0,0.0,0.0
1991-08-21,0.0,0.0,0.0,0.0,0.0,0.0
1991-08-22,0.0,0.0,0.0,0.0,0.0,0.0
1991-08-23,0.00016559041978325695,0.00016117532504722476,0.0001655964006204158,0.00018942409951705486,0.00018591001571621746,0.00018569982785265893
1991-08-24,4.658230409404496e-06,1.1366770280574201e-07,3.510570252274192e-07,3.0849853374093072e-06,7.475058794170764e-08,2.3070720089890528e-07
1991-08-25,7.733082384220324e-06,1.2332319784036372e-05,1.9660519683384337e-05,5.1213860388088506e-06,8.631323908048216e-06,1.4528416613757145e-05
1991-08-26,0.0,0.0,0.0,0.0,0.0,0.0
1991-08-27,3.8134068745421246e-05,3.733448829734698e-05,3.555629518814385e-05,2.9899489163653925e-05,2.8164962714072317e-05,2.6294390409020707e-05
1991-08-28,0.0,1.694015054454212e-06,5.230072019912768e-06,0.0,1.1140227798023261e-06,3.436006409174297e-06
1991-08-29,7.008084503468126e-05,6.734138150932267e-05,6.439287244575098e-05,6.841711729066446e-05,6.400395795935765e-05,5.849112130817957e-05
1991-08-30,0.00013834270066581666,0.0001400215842295438,0.00013602474064100534,0.00014145387103781104,0.00014129211194813251,0.00013726858014706522
1991-08-31,6.446426414186135e-05,7.480797648895532e-05,8.3745842857752e-05,5.5735083151375875e-05,6.383973959600553e-05,7.356412970693782e-05
1991-09-01,4.65912526124157e-05,5.391746526584029e-05,5.962398063275032e-05,5.369909558794461e-05,6.106622458901256e-05,6.584003858733922e-05
1991-09-02,5.851119931321591e-05,5.359377610147931e-05,4.480561619857326e-05,6.60618461552076e-05,5.9847920056199655e-05,4.969800647813827e-05
1991-09-03,0.0,0.0,0.0,0.0,0.0,0.0
1991-09-04,0.0,1.2257680737093324e-06,3.780173074119375e-06,0.0,2.537034333727206e-06,7.811939212842844e-06
1991-09-05,0.0,0.0,0.0,0.0,0.0,0.0
1991-09-06,0.0,0.0,0.0,0.0,0.0,0.0
1991-09-07,0.0,0.0,0.0,0.0,0.0,0.0
1991-09-08,0.0,0.0,0.0,0.0,0.0,0.0
1991-09-09,0.0,0.0,0.0,0.0,0.0,0.0
1991-09-10,0.00010190108878305182,0.00011551766510820016,0.00012736674398183823,8.777332550380379e-05,0.00010014277359005064,0.00011371789878467098
1991-09-11,0.0,2.865486521841376e-06,8.823136340652127e-06,0.0,1.8874537772717304e-06,5.799484824819956e-06
1991-09-12,0.0,0.0,0.0,0.0,0.0,0.0
1991-09-13,0.0,0.0,0.0,0.0,0.0,0.0
1991-09-14,9.040095028467476e-05,8.542930299881846e-05,7.867871318012476e-05,9.696131019154564e-05,9.438646520720795e-05,8.885749412002042e-05
1991-09-15,0.000391576555557549,0.00039495827513746917,0.0004003292415291071,0.0003275443450547755,0.00033163957414217293,0.0003384325827937573
1991-09-16,4.4592583435587585e-05,4.2431140172993764e-05,4.057905243826099e-05,3.739778549061157e-05,3.416452818783e-05,3.1610223231837153e-05
1991-09-17,3.6558085412252694e-06,2.9878124223614577e-06,3.3188277939188993e-06,7.626723800058244e-06,6.8688023020513356e-06,7.610189186380012e-06
1991-09-18,7.57193348022156e-08,2.653466708579799e-07,6.365644935613091e-07,1.753276137606008e-07,6.10149584190367e-07,1.4598693951484165e-06
1991-09-19,0.0,0.0,0.0,0.0,0.0,0.0
1991-09-20,0.0,0.0,0.0,0.0,0.0,0.0
1991-09-21,0.0,0.0,0.0,0.0,0.0,0.0
1991-09-22,5.964944648439996e-06,5.9907288232352585e-06,4.769490260514431e-06,7.3360670285183005e-06,7.100718903529923e-06,5.636478817905299e-06
1991-09-23,0.0,8.808415330463504e-09,2.7043141059834852e-08,0.0,2.027701917484137e-08,6.20644584614638e-08
1991-09-24,0.0,0.0,0.0,0.0,0.0,0.0
1991-09-25,0.0,0.0,0.0,0.0,0.0,0.0
1991-09-26,0.0,0.0,0.0,0.0,0.0,0.0
1991-09-27,0.0,0.0,0.0,0.0,0.0,0.0
1991-09-28,0.0,0.0,0.0,0.0,0.0,0.0
1991-09-29,4.4003834773320705e-05,4.0407379856333137e-05,3.3512889785924926e-05,3.87180334655568e-05,3.502387335174717e-05,2.8688164093182422e-05
1991-09-30,2.7076155674876645e-05,2.0366858734632842e-05,1.6575138943153434e-05,2.8578871933859773e-05,2.247864358650986e-05,1.8219143385067582e-05
1991-10-01,1.1267280797255808e-06,2.4027131075854413e-06,4.944115971738938e-06,2.4558671611885075e-06,3.9043820834194776e-06,6.362356998579344e-06
1991-10-02,1.1220833329161906e-07,1.838207097648592e-08,1.4606925446969399e-08,2.607586395697581e-07,4.2393736521262326e-08,3.356208111426895e-08
1991-10-03,0.0,0.0,0.0,0.0,0.0,0.0
1991-10-04,0.0,0.0,0.0,0.0,0.0,0.0
1991-10-05,7.006302439549472e-06,6.755245067324722e-06,6.383312666002894e-06,1.5342731785494834e-05,1.4929853932699189e-05,1.4150905371934641e-05
1991-10-06,0.0,0.0,0.0,0.0,0.0,0.0
1991-10-07,1.1600894140428863e-05,1.1508704119478352e-05,1.185731071018381e-05,1.3031963135290425e-05,1.2069881449860986e-05,1.155837071564747e-05
1991-10-08,4.6253706386778504e-05,5.325263919075951e-05,6.645909161306918e-05,3.9424485294148326e-05,4.4884844101034105e-05,5.387985220295377e-05
1991-10-09,5.308546406013193e-06,6.783769094909076e-06,8.845043339533731e-06,3.865776307065971e-06,4.777808953804197e-06,6.077030320739141e-06
1991-10-10,3.435374310356565e-05,2.287951974722091e-05,1.8168415408581495e-05,2.2952033759793267e-05,1.5153392268985044e-05,1.1981663192273118e-05
1991-10-11,0.0,0.0,0.0,0.0,0.0,0.0
1991-10-12,0.0,0.0,0.0,0.0,0.0,0.0
1991-10-13,0.0002768197446130216,0.0002829013974405825,0.00027428707107901573,0.00024373865744564682,0.00025022911722771823,0.000244863738771528
1991-10-14,3.2660125725669786e-05,4.9559799663256854e-05,7.634659414179623e-05,3.0376908398466185e-05,4.6786411985522136e-05,7.319429278140888e-05
1991-10-15,0.0,0.0,0.0,0.0,0.0,0.0
1991-10-16,0.0,0.0,0.0,0.0,0.0,0.0
1991-10-17,0.0,0.0,0.0,0.0,0.0,0.0
1991-10-18,0.0,0.0,0.0,0.0,0.0,0.0
1991-10-19,0.0,0.0,0.0,0.0,0.0,0.0
1991-10-20,0.0,0.0,0.0,0.0,0.0,0.0
1991-10-21,0.0,0.0,0.0,0.0,0.0,0.0
1991-10-22,2.4710863044674625e-07,2.5321418206658564e-07,2.047438556473935e-07,5.770777420366358e-07,5.846342787663161e-07,4.703713329945458e-07
1991-10-23,0.00010091144940815866,9.8949130915571e-05,9.190036507789046e-05,0.00010506511898711324,0.00010382613254478201,9.918040450429544e-05
1991-10-24,2.9316743166418746e-06,2.8608847060240805e-06,2.5644005745562026e-06,5.218281785346335e-06,5.172998498892412e-06,4.757621809403645e-06
1991-10-25,0.0,0.0,0.0,0.0,0.0,0.0
1991-10-26,0.0,0.0,0.0,0.0,0.0,0.0
1991-10-27,0.0,0.0,0.0,0.0,0.0,0.0
1991-10-28,0.0,0.0,0.0,0.0,0.0,0.0
1991-10-29,4.080509370396612e-07,8.819112622404646e-07,1.746154794091126e-06,9.538566700939555e-07,1.4625995845563011e-06,2.2606748188991332e-06
1991-10-30,0.0,0.0,0.0,0.0,0.0,0.0
1991-10-31,0.0,0.0,0.0,0.0,0.0,0.0
1991-11-01,0.0,0.0,0.0,0.0,0.0,0.0
1991-11-02,7.378200280072633e-06,5.486180725711165e-06,5.0206886044179555e-06,5.908716502744937e-06,3.811463329839171e-06,3.447670678724535e-06
1991-11-03,0.00013923345250077546,0.00013834783749189228,0.00014024574193172157,0.00013705708261113614,0.0001346808421658352,0.00013419777678791434
1991-11-04,0.00011948202882194892,0.00012954071280546486,0.0001366390788462013,0.00012259295908734202,0.00013277326070237905,0.00014123586879577488
1991-11-05,2.0316920199547894e-06,1.0211465450993273e-06,9.499938187218504e-07,3.2439456845168024e-06,2.3517429781350074e-06,2.1759983610536437e-06
1991-11-06,0.0,0.0,0.0,0.0,0.0,0.0
1991-11-07,1.5187947610684205e-06,9.92559193946363e-07,7.95127164110454e-07,2.953857801912818e-06,2.2847125364933163e-06,1.8202655382992816e-06
1991-11-08,1.1357616131135728e-05,1.226788208441576e-05,1.2923182111990172e-05,1.7537871826789342e-05,1.792735383787658e-05,1.8100239685736597e-05
1991-11-09,0.0,0.0,0.0,0.0,0.0,0.0
1991-11-10,8.024093403946608e-05,7.399670721497387e-05,6.543978088302538e-05,8.09684643172659e-05,7.300882134586573e-05,6.38757846900262e-05
1991-11-11,0.00022273213835433125,0.0002660702739376575,0.00031552769360132515,0.00020975354709662497,0.00024707074044272304,0.00029301989707164466
1991-11-12,0.0,0.0,0.0,0.0,0.0,0.0
1991-11-13,0.0,0.0,0.0,0.0,0.0,0.0
1991-11-14,1.2536607982838177e-06,0.0,0.0,1.7040713373717153e-06,0.0,0.0
1991-11-15,0.00023456377675756812,0.00025356243713758886,0.0002561802393756807,0.00022122611699160188,0.00023999526456464082,0.00024944415781646967
1991-11-16,1.5794701539562084e-05,1.4391978766070679e-05,1.2765463907271624e-05,1.96157161553856e-05,1.8275692127645016e-05,1.6927519027376547e-05
1991-11-17,0.0,0.0,0.0,0.0,0.0,0.0
1991-11-18,0.0,0.0,0.0,0.0,0.0,0.0
1991-11-19,0.0,0.0,0.0,0.0,0.0,0.0
1991-11-20,1.262837031390518e-06,1.1398162769182818e-06,9.526912663204712e-07,2.9510251806641463e-06,2.6140507998206886e-06,2.1729083528043702e-06
1991-11-21,8.42852273308381e-07,8.442842727163224e-07,8.48982494972006e-07,1.9693900412676157e-06,1.935745785885956e-06,1.935846739797853e-06
1991-11-22,0.00020959293760824949,0.00021238277258817106,0.00020603949087671936,0.00021302395907696337,0.00021420781558845192,0.00020977342501282692
1991-11-23,8.998936391435564e-05,8.790202991804108e-05,8.621493907412514e-05,0.00010382380423834547,0.00010157116776099429,9.990138642024249e-05
1991-11-24,0.0003068299556616694,0.00031895816209726036,0.0003301836841274053,0.0002976486284751445,0.0003075655549764633,0.0003189563285559416
1991-11-25,0.00016343750758096576,0.00016922388749662787,0.0001734453544486314,0.00014444172848016024,0.00014955979713704437,0.00015499618893954903
1991-11-26,4.4822238123742864e-05,4.980567973689176e-05,5.426889765658416e-05,4.691290814662352e-05,5.2103016059845686e-05,5.75855010538362e-05
1991-11-27,0.0,0.0,0.0,0.0,0.0,0.0
1991-11-28,0.0,0.0,0.0,0.0,0.0,0.0
1991-11-29,0.00010568539437372237,0.00010707219189498574,0.0001024065277306363,0.00010348426440032199,0.00010382223990745842,9.950612729880959e-05
1991-11-30,3.9619067138119135e-06,7.3304836405441165e-06,1.3948732885182835e-05,6.347184353217017e-06,8.64604317030171e-06,1.3463486538967118e-05
1991-12-01,0.0,0.0,0.0,0.0,0.0,0.0
1991-12-02,0.0,0.0,0.0,0.0,0.0,0.0
1991-12-03,0.0,0.0,0.0,0.0,0.0,0.0
1991-12-04,0.00040087822708301246,0.00042221639887429774,0.0004397877783048898,0.0004207467718515545,0.0004327203787397593,0.0004449293774086982
1991-12-05,7.896951865404844e-05,8.429230365436524e-05,8.89428993104957e-05,8.033896301640198e-05,8.385093678953126e-05,8.820808579912409e-05
1991-12-06,3.1264222343452275e-05,3.170913623762317e-05,3.100181857007556e-05,3.8401260098908097e-05,3.7879748560953885e-05,3.650975486380048e-05
1991-12-07,0.0,0.0,0.0,0.0,0.0,0.0
1991-12-08,0.0,0.0,0.0,0.0,0.0,0.0
1991-12-09,3.5415255297266413e-06,3.1842412226978922e-06,2.8800243399018655e-06,8.258206435129978e-06,7.227159585454501e-06,6.401321115845349e-06
1991-12-10,5.866418177902233e-06,5.426953066489659e-06,4.649050424632151e-06,8.17556519905338e-06,7.4350587055960204e-06,6.5630524659354705e-06
1991-12-11,0.0,0.0,0.0,0.0,0.0,0.0
1991-12-12,3.325902798678726e-05,4.10310531151481e-05,4.676536627812311e-05,2.2241922124521807e-05,2.7613345082500018e-05,3.275588824180886e-05
1991-12-13,1.8439574205331155e-06,9.257098099624272e-06,2.4342747565242462e-05,1.233049260918051e-06,6.387205758073833e-06,1.6862666598171927e-05
1991-12-14,0.0,0.0,0.0,0.0,0.0,0.0
1991-12-15,0.0,0.0,0.0,0.0,0.0,0.0
1991-12-16,2.1723508325521834e-05,2.0346957171568647e-05,1.9000961401616223e-05,1.893765147542581e-05,1.7271340766455978e-05,1.595325011294335e-05
1991-12-17,3.489714436000213e-05,4.363898915471509e-05,5.477420563693158e-05,3.122170164715499e-05,3.8332611438818276e-05,4.857173917116597e-05
1991-12-18,1.881573916762136e-05,1.7306654626736417e-05,1.5120116586331278e-05,2.55460872722324e-05,2.3984503059182316e-05,2.1744735931861214e-05
1991-12-19,3.069219019380398e-06,2.905320570789627e-06,2.606159114293405e-06,4.306814389565261e-06,3.9199112507048994e-06,3.4065672025462845e-06
1991-12-20,2.305955177916985e-07,1.8504722731904621e-07,1.496843395898395e-07,5.373340741243737e-07,4.222462735015142e-07,3.3970772506108915e-07
1991-12-21,9.041057637659833e-05,0.00010389809176558629,0.00011528543109307066,6.730300083290786e-05,7.73369029047899e-05,8.788145350990817e-05
1991-12-22,0.00011348143743816763,0.00012909968791063875,0.00014006940182298422,9.512479300610721e-05,0.00010909394768532366,0.00012170086847618222
1991-12-23,0.0,0.0,0.0,0.0,0.0,0.0
1991-12-24,2.7052890800405294e-05,2.7286974727758206e-05,2.550244244048372e-05,2.3427252017427236e-05,2.3166872779256664e-05,2.1764784833067097e-05
1991-12-25,0.0,2.0033637326832832e-07,6.256424285311368e-07,0.0,1.3112568808537617e-07,4.072635420016013e-07
1991-12-26,3.959234163630754e-05,4.613612327375449e-05,5.242434417596087e-05,3.1216313800541684e-05,3.625428871600889e-05,4.299911597627215e-05
1991-12-27,8.673091542732436e-06,8.392978088522796e-06,7.91002548794495e-06,1.1253878255956806e-05,1.0731128895713482e-05,9.895550647343043e-06
1991-12-28,9.179305379802827e-06,7.636692316737026e-06,6.3740017139934935e-06,8.527546924597118e-06,6.693767772958381e-06,5.514749773283256e-06
1991-12-29,0.0002852866891771555,0.00029351565171964467,0.0002840954693965614,0.00026885862462222576,0.00027391358162276447,0.0002684388018678874
1991-12-30,0.00014119270781520754,0.00016503829101566225,0.00018765799177344888,0.00012481653538998216,0.00014445846318267286,0.00016573452739976346
1991-12-31,0.0,0.0,0.0,0.0,0.0,0.0
1992-01-01,0.0,0.0,0.0,0.0,0.0,0.0
1992-01-02,1.0302896313874044e-08,0.0,0.0,2.4016680200134033e-08,0.0,0.0
1992-01-03,2.2145245637261723e-09,0.0,0.0,5.162613891940282e-09,0.0,0.0
1992-01-04,2.6184090984315844e-07,2.900154072449368e-07,2.6236432404402876e-07,6.104709200371872e-07,6.620085173381085e-07,5.955142796665314e-07
1992-01-05,0.0,0.0,0.0,0.0,0.0,0.0
1992-01-06,0.0,0.0,0.0,0.0,0.0,0.0
1992-01-07,0.0,0.0,0.0,0.0,0.0,0.0
1992-01-08,2.9440367143251933e-05,2.8982400181121193e-05,2.7593712729867548e-05,2.7497510018292814e-05,2.633031181176193e-05,2.4914408641052432e-05
1992-01-09,8.144917956087738e-06,7.920089046820067e-06,7.94795596448239e-06,9.351713742944412e-06,9.111477993428707e-06,9.043101272254717e-06
1992-01-10,0.0,0.0,0.0,0.0,0.0,0.0
1992-01-11,0.0,0.0,0.0,0.0,0.0,0.0
1992-01-12,0.0,0.0,0.0,0.0,0.0,0.0
1992-01-13,0.0,0.0,0.0,0.0,0.0,0.0
1992-01-14,5.378926175581e-07,4.61128962570001e-07,4.3962958784504735e-07,1.2256066383997677e-06,1.0535441106185317e-06,9.986277973439428e-07
1992-01-15,0.0,0.0,0.0,0.0,0.0,0.0
1992-01-16,2.9103677690045515e-08,3.102432444279657e-08,2.5170297845988898e-08,6.795060158992783e-08,7.089555253969593e-08,5.7185481239230285e-08
1992-01-17,0.0,0.0,0.0,0.0,0.0,0.0
1992-01-18,1.3196874988352647e-06,1.250125706064864e-06,1.1281833849352552e-06,3.081992872466799e-06,2.825002411555033e-06,2.463174041622551e-06
1992-01-19,0.0,0.0,0.0,0.0,0.0,0.0
1992-01-20,0.0,1.9751639968035306e-07,6.180384275467077e-07,0.0,1.295298233117137e-07,4.029592446386232e-07
1992-01-21,4.435980827111052e-06,4.2616247810656205e-06,5.12614633407793e-06,5.837924618390389e-06,5.595665243163239e-06,6.2373401306103915e-06
1992-01-22,0.0,0.0,0.0,0.0,0.0,0.0
1992-01-23,0.0,0.0,0.0,0.0,0.0,0.0
1992-01-24,0.0,0.0,0.0,0.0,0.0,0.0
1992-01-25,0.0,0.0,0.0,0.0,0.0,0.0
1992-01-26,4.058021829678182e-07,3.153347734041745e-07,2.826130014454975e-07,9.486035423833528e-07,7.212413493107306e-07,6.426949994420283e-07
1992-01-27,0.0,0.0,0.0,0.0,0.0,0.0
1992-01-28,1.5062020793266129e-05,1.4599761925637722e-05,1.4841286429145839e-05,1.1544193512236234e-05,1.0470361303305253e-05,1.0400938663224224e-05
1992-01-29,4.611104668583721e-05,4.8910718760453165e-05,5.1652143156388775e-05,5.4917658417252824e-05,5.667312507284805e-05,5.9054062148788944e-05
1992-01-30,2.6551526389084756e-05,3.0491975849145092e-05,3.5286895581521094e-05,3.253378963563591e-05,3.627936530392617e-05,4.089811773155816e-05
1992-01-31,1.923601121234242e-05,2.3954447897267528e-05,2.821392445184756e-05,2.3636073819943704e-05,2.9013222956564277e-05,3.393751831026748e-05
1992-02-01,0.0,0.0,0.0,0.0,0.0,0.0
1992-02-02,0.0,0.0,0.0,0.0,0.0,0.0
1992-02-03,0.0,0.0,0.0,0.0,0.0,0.0
1992-02-04,0.0,0.0,0.0,0.0,0.0,0.0
1992-02-05,3.8968344597378746e-05,4.244381852913648e-05,4.357089346740395e-05,5.9882269852096215e-05,6.26800101599656e-05,6.208500417415053e-05
1992-02-06,4.161429842497455e-06,5.2052655519219115e-06,6.387129815266235e-06,6.761590157111641e-06,7.604326128785033e-06,8.322281246364582e-06
1992-02-07,0.0,0.0,0.0,0.0,0.0,0.0
1992-02-08,1.7376078176312149e-06,7.585030630252731e-07,7.724577812950884e-07,1.1657579079837888e-06,4.979402206117811e-07,5.043909254709433e-07
1992-02-09,0.00020355534798000008,0.0002257382875541225,0.00024743826361373067,0.00022028303646948189,0.00023734538990538567,0.000255719234701246
1992-02-10,8.60272120917216e-05,9.000275895232335e-05,8.825099939713255e-05,9.179544576909393e-05,9.571054397383705e-05,9.601137571735308e-05
1992-02-11,1.0155869176742272e-06,9.90102762443712e-07,8.570003160457418e-07,2.3748059447825653e-06,2.2657616227661492e-06,1.9509325284161605e-06
1992-02-12,0.0,0.0,0.0,0.0,0.0,0.0
1992-02-13,4.4087169953854755e-05,4.7866280510788783e-05,5.029818930779584e-05,4.344800254330039e-05,4.630353578249924e-05,4.836960579268634e-05
1992-02-14,7.464527129741327e-07,4.0809518964124436e-07,3.3010965694302286e-07,9.427868121747451e-07,5.918940928495431e-07,4.763486174397258e-07
1992-02-15,4.2463520344426797e-07,3.9752660541125806e-07,3.4167155149589234e-07,9.926043276209384e-07,9.096267490349419e-07,7.778735948704707e-07
1992-02-16,0.0,0.0,0.0,0.0,0.0,0.0
1992-02-17,3.332452615723014e-05,3.548650784068741e-05,3.775129880523309e-05,3.0953237001085654e-05,3.186938920407556e-05,3.3309155696770176e-05
1992-02-18,0.0,0.0,0.0,0.0,0.0,0.0
1992-02-19,0.0,0.0,0.0,0.0,0.0,0.0
1992-02-20,5.767684001511952e-07,5.8684406667453e-07,4.974821763426007e-07,1.347358875136706e-06,1.342562882200582e-06,1.1326251296850387e-06
1992-02-21,0.0,0.0,0.0,0.0,0.0,0.0
1992-02-22,0.0,0.0,0.0,0.0,0.0,0.0
1992-02-23,5.930088491368224e-07,5.673423402186017e-07,4.5836327444703784e-07,1.3846438378095627e-06,1.2977512824363657e-06,1.0435306876388495e-06
1992-02-24,3.3823478588601574e-05,3.3692733268253505e-05,3.1334933737525716e-05,3.465070767560974e-05,3.378541077836417e-05,3.1305276934290305e-05
1992-02-25,2.7548921934794635e-05,3.098180968663655e-05,3.394325540284626e-05,2.9700444429181516e-05,3.249822111683898e-05,3.551536428858526e-05
1992-02-26,0.0,0.0,0.0,0.0,0.0,0.0
1992-02-27,0.0,0.0,0.0,0.0,0.0,0.0
1992-02-28,0.0,0.0,0.0,0.0,0.0,0.0
1992-02-29,,,,,,
1992-03-01,0.0,0.0,0.0,0.0,0.0,0.0
1992-03-02,0.0,0.0,0.0,0.0,0.0,0.0
1992-03-03,0.0,0.0,0.0,0.0,0.0,0.0
1992-03-04,0.0002402821119176224,0.0002680897305253893,0.00029162256396375597,0.0002375021285843104,0.0002604341716505587,0.00028020853642374277
1992-03-05,7.35899618575786e-07,5.551344628429433e-08,4.480134307982553e-08,7.622090265613224e-07,1.2691145911958301e-07,1.0197187094718174e-07
1992-03-06,3.5891567495838217e-09,0.0,0.0,8.363626236018717e-09,0.0,0.0
1992-03-07,0.0,0.0,0.0,0.0,0.0,0.0
1992-03-08,2.581963371994789e-07,1.0824473974935245e-06,2.732756911427714e-06,1.7253196915589797e-07,7.145280278564314e-07,1.7988677427638322e-06
1992-03-09,6.83412793023308e-07,3.842213118332438e-06,1.0273726729792543e-05,4.565852691484906e-07,2.6434968276589643e-06,7.092124178598169e-06
1992-03-10,0.0,0.0,0.0,0.0,0.0,0.0
1992-03-11,0.0,0.0,0.0,0.0,0.0,0.0
1992-03-12,0.0,0.0,0.0,0.0,0.0,0.0
1992-03-13,1.6831279936013743e-05,1.580181015015114e-05,1.452241758670425e-05,1.3932811270933598e-05,1.2853283806180116e-05,1.1908392480108887e-05
1992-03-14,4.231497223372571e-05,2.976334326376673e-05,2.662596853042487e-05,3.191779615008272e-05,2.129218410118483e-05,1.8810513211064972e-05
1992-03-15,0.00025329418713226914,0.0002297614119015634,0.00020674652478192002,0.00023824851086828858,0.00020922029216308147,0.00018558159354142845
1992-03-16,0.00043074777931906283,0.0004808762460015714,0.000512693717610091,0.00042190964450128376,0.00046211868175305426,0.0004879047046415508
1992-03-17,2.7210560915591486e-07,7.435512117126564e-08,5.994085938709759e-08,3.8112523270683596e-07,1.699056753068362e-07,1.3639059659453778e-07
1992-03-18,4.055882982356707e-06,3.0081714612606447e-06,2.5721578822412994e-06,6.585996288777096e-06,5.445883743959712e-06,4.706593699665973e-06
1992-03-19,2.7175460104444937e-07,1.6052304374625237e-07,1.2937833560044965e-07,6.318336431831995e-07,3.6679321624433214e-07,2.943847903225105e-07
1992-03-20,0.0,0.0,0.0,0.0,0.0,0.0
1992-03-21,0.0,0.0,0.0,0.0,0.0,0.0
1992-03-22,2.507350700398092e-06,2.948406290670391e-06,3.0387157039513113e-06,5.827202130603837e-06,6.737005151080666e-06,6.9142506617936306e-06
1992-03-23,1.714832364996255e-06,2.0228492303431267e-06,2.150389946109499e-06,3.984843715443276e-06,4.6221716729633044e-06,4.893016921414528e-06
1992-03-24,1.5673183952458203e-05,1.3054299415671267e-05,1.054602580552455e-05,1.0446600754221436e-05,8.557013643439859e-06,6.883918103994802e-06
1992-03-25,7.999300351002603e-07,1.2162481652921997e-06,1.828801373449096e-06,5.331133934305399e-07,7.972575417625194e-07,1.1937742101508775e-06
1992-03-26,0.0,0.0,0.0,0.0,0.0,0.0
1992-03-27,8.791646905592643e-06,7.020581051619956e-06,7.180840384535259e-06,7.217326128738932e-06,5.718794000131311e-06,6.484507593995659e-06
1992-03-28,5.386560223996639e-05,5.475018042488955e-05,5.391143713495694e-05,5.0210481276735663e-05,5.027520455769263e-05,4.9693946493789554e-05
1992-03-29,3.747933078557253e-05,3.6404886486707255e-05,3.3634227293077856e-05,5.897497248952277e-05,5.712817801395431e-05,5.344359306036495e-05
1992-03-30,2.0698073058156297e-05,2.6301957404939458e-05,3.1402421882376075e-05,1.3787598618364427e-05,1.7244165064767003e-05,2.050230250461027e-05
1992-03-31,8.546849130652845e-06,1.0575266969681252e-05,1.2092219549231231e-05,5.6928734011307824e-06,6.933768418093678e-06,7.895345333963633e-06
1992-04-01,0.00015706746489740908,0.00017528234457131475,0.00019367938512004912,0.0001492488954681903,0.0001629018079256639,0.00017832547018770128
1992-04-02,0.00010805474448716268,0.0001104882248910144,0.00010533847671467811,0.00010623421258060262,0.00010775939153973013,0.00010505269892746583
1992-04-03,5.119909474160522e-05,5.00613241456449e-05,4.758673094329424e-05,4.547978096525185e-05,4.343561886344105e-05,4.184390127193183e-05
1992-04-04,0.0001169567258330062,0.00012218103802297264,0.00012472679372876883,0.0001170764080598019,0.00012014895037282258,0.00012120529572712258
1992-04-05,2.751943247858435e-05,2.8122583898948506e-05,2.755300374701619e-05,2.425960155960638e-05,2.3954886273713782e-05,2.2853573682368733e-05
1992-04-06,0.0,0.0,0.0,0.0,0.0,0.0
1992-04-07,1.3920765013608616e-05,1.5789839380886406e-05,1.601031362952199e-05,1.976191379071679e-05,2.1919046048424207e-05,2.2343881937558763e-05
1992-04-08,0.0,9.549088630933511e-09,2.9583722138681878e-08,0.0,2.1840399710981728e-08,6.738578406384477e-08
1992-04-09,2.939616570074577e-05,2.8847520297858864e-05,2.8284945074119605e-05,3.0462266295216978e-05,2.9515793357859366e-05,2.907620364567265e-05
1992-04-10,1.3992644198879134e-05,1.2707337191386614e-05,1.2404448170855176e-05,2.0025256162625737e-05,1.8281874872627668e-05,1.7270114767597988e-05
1992-04-11,1.9470102415652946e-05,2.137618685082998e-05,2.3731014152872376e-05,2.4561502868891694e-05,2.6492454708204605e-05,2.819716428348329e-05
1992-04-12,0.0,0.0,0.0,0.0,0.0,0.0
1992-04-13,0.0003015119000338018,0.00030622415943071246,0.00029805017402395606,0.00030541259911842644,0.00030674863955937326,0.0002938664401881397
1992-04-14,1.707603587419726e-06,1.5032488818178535e-06,1.37219342377648e-06,3.963403287343681e-06,3.441074795773602e-06,3.1285917430068366e-06
1992-04-15,0.0,0.0,0.0,0.0,0.0,0.0
1992-04-16,0.0,0.0,0.0,0.0,0.0,0.0
1992-04-17,2.7844180294778198e-05,3.073584593948908e-05,3.4836833947338164e-05,1.8540846212999895e-05,2.0240091544110328e-05,2.2941871065995656e-05
1992-04-18,0.0,0.0,0.0,0.0,0.0,0.0
1992-04-19,6.77535808790708e-06,6.033990757714491e-06,5.158586191100767e-06,1.5728228390798904e-05,1.3825000678480137e-05,1.1774325685109943e-05
1992-04-20,0.0,0.0,0.0,0.0,0.0,0.0
1992-04-21,1.3767046766588464e-05,1.0865534932236187e-05,9.36103879212169e-06,2.8005904823658057e-05,2.4059605493675917e-05,2.070336449833121e-05
1992-04-22,0.00011444996198406443,0.00011199567234143615,0.0001057181361829862,0.00011528851609909907,0.00011222090688534081,0.0001068074707291089
1992-04-23,0.00014416099293157458,0.00016233636415563524,0.00018075061962008476,0.0001266045292140916,0.00014308976824395359,0.0001620183902559802
1992-04-24,0.0,0.0,0.0,0.0,0.0,0.0
1992-04-25,0.0,0.0,0.0,0.0,0.0,0.0
1992-04-26,3.097033186350018e-05,3.8272293750196695e-05,4.4619740947382525e-05,2.0632423911592923e-05,2.5880966859403998e-05,3.137587191304192e-05
1992-04-27,8.400306796829682e-06,9.655615031078923e-06,1.0658623068593442e-05,7.491151791327866e-06,8.263641575467773e-06,8.744824299355969e-06
1992-04-28,1.3421887388176401e-06,2.3064828837959794e-06,3.927386842406122e-06,8.94296874776046e-07,1.5702549944762723e-06,2.7347589366399916e-06
1992-04-29,0.0,0.0,0.0,0.0,0.0,0.0
1992-04-30,1.392949798173504e-05,1.3292896255734377e-05,1.2427266483427957e-05,1.4700844985782169e-05,1.4635277693741955e-05,1.4247292710933834e-05
1992-05-01,3.677397035062313e-05,4.053537850268185e-05,4.340278610470705e-05,3.413755985093303e-05,3.7828562199138105e-05,4.080279904883355e-05
1992-05-02,5.2590068662539124e-05,5.083583891973831e-05,5.014093403588049e-05,5.213733675191179e-05,5.032799890614115e-05,4.9787147872848436e-05
1992-05-03,8.753044676268473e-05,8.690295362612233e-05,8.54256795719266e-05,6.631544965784997e-05,6.422071601264179e-05,6.341133848764002e-05
1992-05-04,0.0001695225655566901,0.00018112361431121826,0.00019592368334997445,0.00016287752077914774,0.00017233550897799432,0.00018656962492968887
1992-05-05,0.0,0.0,0.0,0.0,0.0,0.0
1992-05-06,0.0,0.0,0.0,0.0,0.0,0.0
1992-05-07,0.0,0.0,0.0,0.0,0.0,0.0
1992-05-08,0.0001358135195914656,0.00013033121649641544,0.00012260019138921052,0.00013470335397869349,0.00012933560356032103,0.00012326041178312153
1992-05-09,0.00019090843852609396,0.0001988630392588675,0.00019810108642559499,0.00018917443230748177,0.00019770053040701896,0.00019950098067056388
1992-05-10,4.382905171951279e-05,4.045858440804295e-05,3.7096298910910264e-05,4.2165458580711856e-05,3.8560701796086505e-05,3.49626898241695e-05
1992-05-11,8.585374757785758e-07,9.520267667539883e-07,9.556604254612466e-07,1.9962762962677516e-06,2.1941225440968992e-06,2.1977193682687357e-06
1992-05-12,2.267434410896385e-06,1.6828955722303363e-06,1.3319372555997688e-06,5.272694124869304e-06,3.879732958012028e-06,3.064295697186026e-06
1992-05-13,8.109975169645622e-05,8.312739373650402e-05,9.004324238048866e-05,8.563793380744755e-05,8.618568244855851e-05,9.100505849346519e-05
1992-05-14,0.00011437029024818912,0.00012059679283993319,0.0001261450379388407,0.0001245309686055407,0.00012783501006197184,0.00012983045598957688
1992-05-15,0.0,0.0,0.0,0.0,0.0,0.0
1992-05-16,1.466517289827607e-07,0.0,0.0,3.4113347169295594e-07,0.0,0.0
1992-05-17,5.0783728511305526e-05,4.9738766392692924e-05,4.827084921998903e-05,4.234706284478307e-05,4.194424400338903e-05,4.121107849641703e-05
1992-05-18,1.9263085050624795e-05,1.99448004423175e-05,2.020410647673998e-05,2.0857360141235404e-05,2.1514571926672943e-05,2.2101665308582596e-05
1992-05-19,8.616730337962508e-05,8.402790990658104e-05,7.828559319023043e-05,8.887899457477033e-05,8.767534018261358e-05,8.362739026779309e-05
1992-05-20,2.6435460313223302e-05,2.757379479589872e-05,2.919378130172845e-05,3.214538446627557e-05,3.2984273275360465e-05,3.3967957278946415e-05
1992-05-21,0.0,0.0,0.0,0.0,0.0,0.0
1992-05-22,0.0,0.0,0.0,0.0,0.0,0.0
1992-05-23,0.0,0.0,0.0,0.0,0.0,0.0
1992-05-24,0.0,0.0,0.0,0.0,0.0,0.0
1992-05-25,4.40691874246113e-05,4.4071119191357866e-05,3.4762790164677426e-05,4.1423765651416034e-05,4.0537011955166236e-05,3.206749170203693e-05
1992-05-26,4.936494951834902e-05,4.612403063219972e-05,4.1319013689644635e-05,5.4576474212808535e-05,5.1241484470665455e-05,4.622761844075285e-05
1992-05-27,2.4914137611631304e-05,2.556739855208434e-05,2.097219112329185e-05,1.6636386135360226e-05,1.698261985438876e-05,1.3924813174526207e-05
1992-05-28,8.148892811732367e-05,8.478946256218478e-05,8.519541006535292e-05,6.71170637360774e-05,6.947549991309643e-05,7.03464393154718e-05
1992-05-29,0.0001801474136300385,0.0001879013143479824,0.00018539394659455866,0.0001680888090049848,0.00017558448598720133,0.00017479516100138426
1992-05-30,8.634646655991673e-05,9.021072037285194e-05,9.050014341482893e-05,9.0710302174557e-05,9.531850082566962e-05,9.647839033277705e-05
1992-05-31,6.733547343173996e-05,6.640442734351382e-05,6.920436135260388e-05,6.757451046723872e-05,6.58963035675697e-05,6.762105476809666e-05
1992-06-01,0.0,0.0,0.0,0.0,0.0,0.0
1992-06-02,0.0,0.0,0.0,0.0,0.0,0.0
1992-06-03,0.0,0.0,0.0,0.0,0.0,0.0
1992-06-04,3.8189908082131296e-05,3.4700158721534535e-05,3.287303843535483e-05,3.634031963883899e-05,3.2418389309896156e-05,3.077436485909857e-05
1992-06-05,6.817906250944361e-05,6.530857353936881e-05,5.8102439652429894e-05,6.367264722939581e-05,6.074355769669637e-05,5.402521128416993e-05
1992-06-06,4.7253361117327586e-05,4.3660988012561575e-05,3.7170837458688766e-05,3.9640304748900235e-05,3.658078276203014e-05,3.143288995488547e-05
1992-06-07,2.1009138436056674e-05,1.3548704373533837e-05,1.0722992556111421e-05,2.3190785213955678e-05,1.5647679902031086e-05,1.2348874406598043e-05
1992-06-08,9.092163963941857e-05,8.798942144494504e-05,7.64251162763685e-05,9.658815542934462e-05,9.313877671957016e-05,8.002593676792458e-05
1992-06-09,0.00013902629143558443,0.00014066796575207263,0.00014266501239035279,0.00013438357564155012,0.0001355549757136032,0.00013684287841897458
1992-06-10,0.0001786630309652537,0.00018133882258553058,0.00017801890498958528,0.00017647094500716776,0.00017835792095866054,0.0001756825076881796
1992-06-11,0.00017431260494049639,0.0001844996731961146,0.0001855993759818375,0.00015897255798336118,0.00016823456098791212,0.00017307019152212888
1992-06-12,0.00019743539451155812,0.00021774263586848974,0.00023650750517845154,0.00019210943719372153,0.000209686259040609,0.00022637266374658793
1992-06-13,7.747554627712816e-05,9.218548802891746e-05,0.00010588199074845761,8.414418698521331e-05,9.706677519716322e-05,0.00010870801634155214
1992-06-14,0.0,0.0,0.0,0.0,0.0,0.0
1992-06-15,9.854575182544068e-05,9.751097240950912e-05,9.368157043354586e-05,0.00010283124720444903,0.00010126053530257195,9.703158866614103e-05
1992-06-16,0.00010653224308043718,0.00010871324775507674,0.00011047688167309389,0.00012121522013330832,0.00012059498112648726,0.00011552315845619887
1992-06-17,0.0,0.0,0.0,0.0,0.0,0.0
1992-06-18,0.0,0.0,0.0,0.0,0.0,0.0
1992-06-19,1.5602488929289393e-05,6.6950519794772845e-06,5.252629762253491e-06,1.0417423254693858e-05,4.4629236981563736e-06,3.507054088913719e-06
1992-06-20,0.0,0.0,0.0,0.0,0.0,0.0
1992-06-21,0.0,0.0,0.0,0.0,0.0,0.0
1992-06-22,0.0,0.0,0.0,0.0,0.0,0.0
1992-06-23,0.00010789056250359863,0.00011257470760028809,0.00011408474529162049,0.0001341218303423375,0.00013961871445644647,0.00014182347513269633
1992-06-24,0.0,0.0,0.0,0.0,0.0,0.0
1992-06-25,0.0,0.0,0.0,0.0,0.0,0.0
1992-06-26,0.0,0.0,0.0,0.0,0.0,0.0
1992-06-27,7.92517948866589e-06,6.611676781176357e-06,5.196036454435671e-06,1.843427526182495e-05,1.5360379620688036e-05,1.209493257192662e-05
1992-06-28,0.00012978453014511615,0.00012927011994179338,0.00012479368888307363,0.00011766343959607184,0.00011401360097806901,0.00010607422882458195
1992-06-29,2.8656811537075555e-06,1.503478188169538e-06,1.3890756918044644e-06,2.932511733888532e-06,1.0018120519816875e-06,9.274183412344428e-07
1992-06-30,7.451377314282581e-05,8.308802352985367e-05,8.396813791478053e-05,8.108795009320602e-05,8.715755393495783e-05,8.645779598737136e-05
1992-07-01,0.0,0.0,0.0,0.0,0.0,0.0
1992-07-02,0.0,0.0,0.0,0.0,0.0,0.0
1992-07-03,0.0,0.0,0.0,0.0,0.0,0.0
1992-07-04,0.0,0.0,0.0,0.0,0.0,0.0
1992-07-05,0.0,0.0,0.0,0.0,0.0,0.0
1992-07-06,0.0,0.0,0.0,0.0,0.0,0.0
1992-07-07,6.215753091964871e-05,5.566223626374267e-05,4.391984111862257e-05,6.296671199379489e-05,5.6271670473506674e-05,4.451105996849947e-05
1992-07-08,4.617347804014571e-05,4.624175562639721e-05,4.2533010855549946e-05,4.6808043407509103e-05,4.860277840634808e-05,4.804545460501686e-05
1992-07-09,0.0,0.0,0.0,0.0,0.0,0.0
1992-07-10,0.0,0.0,0.0,0.0,0.0,0.0
1992-07-11,2.3424803657690063e-05,2.9749018722213805e-05,4.3868574721273035e-05,3.154859587084502e-05,3.7025045457994565e-05,4.8443158448208123e-05
1992-07-12,0.0,0.0,0.0,0.0,0.0,0.0
1992-07-13,0.0,0.0,0.0,0.0,0.0,0.0
1992-07-14,0.0,0.0,0.0,0.0,0.0,0.0
1992-07-15,6.857745756860822e-05,6.714754999848083e-05,6.630003190366551e-05,7.422784256050363e-05,7.356607966357842e-05,7.3705603426788e-05
1992-07-16,1.9257784344972606e-07,0.0,0.0,1.2816481387289969e-07,0.0,0.0
1992-07-17,0.0,0.0,0.0,0.0,0.0,0.0
1992-07-18,0.0,0.0,0.0,0.0,0.0,0.0
1992-07-19,7.23153498256579e-05,7.173082849476486e-05,6.588504038518295e-05,7.504662789870054e-05,7.243014988489449e-05,6.492871762020513e-05
1992-07-20,1.3908754226577003e-05,1.2203847290948033e-05,9.836378922045697e-06,2.864646194211673e-05,2.820978443196509e-05,2.2775328034185804e-05
1992-07-21,0.0,0.0,0.0,0.0,0.0,0.0
1992-07-22,4.278457709006034e-06,1.0973969892802415e-06,8.717445894035336e-07,6.7000505623582285e-06,2.5350343548780074e-06,2.016952521444182e-06
1992-07-23,0.00012003422307316214,0.0001243076694663614,0.0001278689014725387,0.00011027034634025767,0.00011385660764062777,0.00011620472650974989
1992-07-24,2.7982752726529725e-05,3.7510031688725576e-05,4.919354250887409e-05,1.859698022599332e-05,2.4840524929459207e-05,3.2626016036374494e-05
1992-07-25,0.00014689679665025324,0.00015692740271333605,0.00016646631411276758,0.00014150496281217784,0.00014955671213101596,0.00015859128325246274
1992-07-26,0.00015531260578427464,0.0001619306276552379,0.00016922283975873142,0.00015895499382168055,0.00016364685143344104,0.0001674328959779814
1992-07-27,5.5118776799645275e-05,5.986056930851191e-05,5.994630555505864e-05,5.62504465051461e-05,6.2455830629915e-05,6.40544094494544e-05
1992-07-28,7.597630610689521e-05,7.545119296992198e-05,7.459340849891305e-05,8.466336294077337e-05,8.282774069812149e-05,7.97725297161378e-05
1992-07-29,5.117999890558167e-08,0.0,0.0,3.398379178065625e-08,0.0,0.0
1992-07-30,0.0,0.0,0.0,0.0,0.0,0.0
1992-07-31,0.00013896188465878367,0.00015240313950926065,0.0001603431737748906,0.00014366928371600807,0.00015842569700907916,0.00017186859622597694
1992-08-01,0.0,0.0,0.0,0.0,0.0,0.0
1992-08-02,3.7111257711330836e-07,0.0,0.0,2.462577413098188e-07,0.0,0.0
1992-08-03,0.00015684543177485466,0.000158663431648165,0.00016297992260660976,0.00016344190225936472,0.00016540211800020188,0.00017149625637102872
1992-08-04,0.0001485498360125348,0.00015568852541036904,0.0001614477369002998,9.864615276455879e-05,0.00010288663179380819,0.00010683573782444
1992-08-05,0.0,0.0,0.0,0.0,0.0,0.0
1992-08-06,0.0001566206628922373,0.00017074198694899678,0.0001802155456971377,0.00012706380221061409,0.00013572463649325073,0.00014264638593886048
1992-08-07,1.700462780718226e-05,3.218140409444459e-05,5.884695201530121e-05,2.5772693334147334e-05,3.9932463550940156e-05,6.230945291463286e-05
1992-08-08,0.0,0.0,0.0,0.0,0.0,0.0
1992-08-09,0.0,0.0,0.0,0.0,0.0,0.0
1992-08-10,5.610928837995743e-06,2.0194949001961504e-07,1.6153643400684814e-07,4.038990027765976e-06,4.6382410801015794e-07,3.711502643000131e-07
1992-08-11,1.5790368706802838e-05,1.2926943782076705e-05,1.068138317350531e-05,3.388587720110081e-05,2.968306580442004e-05,2.453450724715367e-05
1992-08-12,3.803506842814386e-05,4.477425682125613e-05,5.049207175034098e-05,2.6537269150139764e-05,3.166560782119632e-05,3.6836521758232266e-05
1992-08-13,0.0,0.0,0.0,0.0,0.0,0.0
1992-08-14,0.0,0.0,0.0,0.0,0.0,0.0
1992-08-15,0.0,0.0,0.0,0.0,0.0,0.0
1992-08-16,3.781470513786189e-05,3.429365096963011e-05,2.9485563572961837e-05,3.9295944588957354e-05,3.686276977532543e-05,3.3271731808781624e-05
1992-08-17,0.0,0.0,0.0,0.0,0.0,0.0
1992-08-18,0.0,0.0,0.0,0.0,0.0,0.0
1992-08-19,0.0,0.0,0.0,0.0,0.0,0.0
1992-08-20,0.0001591378968441859,0.00016020926705095917,0.00015709058789070696,0.0001488973357481882,0.00014787979307584465,0.000144404562888667
1992-08-21,4.548349534161389e-05,4.0766790334600955e-05,3.2645217288518324e-05,3.446638220339082e-05,2.8688895326922648e-05,2.2963304218137637e-05
1992-08-22,0.0,0.0,0.0,0.0,0.0,0.0
1992-08-23,0.0,0.0,0.0,0.0,0.0,0.0
1992-08-24,0.0,0.0,0.0,0.0,0.0,0.0
1992-08-25,5.9233311731077265e-06,0.0,0.0,6.897642379044555e-06,0.0,0.0
1992-08-26,0.00020867613784503192,0.00023545007570646703,0.00025996254407800734,0.00018998862651642412,0.00021289453434292227,0.00023528731253463775
1992-08-27,0.0,3.3316628105239943e-06,1.0287240002071485e-05,0.0,2.6443065053172177e-06,8.157429874700028e-06
1992-08-28,0.0,0.0,0.0,0.0,0.0,0.0
1992-08-29,0.0,0.0,0.0,0.0,0.0,0.0
1992-08-30,2.314044650120195e-05,2.3643446183996275e-05,2.2540074496646412e-05,5.343216616893187e-05,5.42055640835315e-05,5.161660010344349e-05
1992-08-31,0.0,0.0,0.0,0.0,0.0,0.0
1992-09-01,0.0,0.0,0.0,0.0,0.0,0.0
1992-09-02,0.0,0.0,0.0,0.0,0.0,0.0
1992-09-03,0.0,0.0,0.0,0.0,0.0,0.0
1992-09-04,0.0,0.0,0.0,0.0,0.0,0.0
1992-09-05,0.0,0.0,0.0,0.0,0.0,0.0
1992-09-06,0.0,0.0,0.0,0.0,0.0,0.0
1992-09-07,6.799635593779385e-05,4.83750736748334e-05,3.865316466544755e-05,4.509976861299947e-05,3.184236993547529e-05,2.539772140153218e-05
1992-09-08,0.00023206685727927834,0.00022480990446638316,0.00019730217172764242,0.00016796124691609293,0.0001593458728166297,0.000138696123030968
1992-09-09,2.7694130039890297e-05,2.8594073228305206e-05,2.3751512344460934e-05,2.338090052944608e-05,2.3249152945936657e-05,1.9691442503244616e-05
1992-09-10,0.0,0.0,0.0,0.0,0.0,0.0
1992-09-11,8.939665713114664e-05,8.74749748618342e-05,8.541592251276597e-05,9.622325887903571e-05,9.24446212593466e-05,8.935882215155289e-05
1992-09-12,0.0,0.0,0.0,0.0,0.0,0.0
1992-09-13,0.0,0.0,0.0,0.0,0.0,0.0
1992-09-14,2.2803739341270557e-07,2.3700960127825965e-07,1.890621774691681e-07,1.5134405373373738e-07,1.5620641136138147e-07,1.2431489437858545e-07
1992-09-15,0.00012162205530330539,0.00012478225107770413,0.00012192402209620923,0.00011954256478929892,0.00012269853323232383,0.0001207132518175058
1992-09-16,0.0,9.069878501577477e-07,2.7892647267435677e-06,0.0,6.096278184486437e-07,1.8701231283557718e-06
1992-09-17,0.0,0.0,0.0,0.0,0.0,0.0
1992-09-18,0.0,0.0,0.0,0.0,0.0,0.0
1992-09-19,0.0,0.0,0.0,0.0,0.0,0.0
1992-09-20,0.0,0.0,0.0,0.0,0.0,0.0
1992-09-21,0.0,0.0,0.0,0.0,0.0,0.0
1992-09-22,4.11075416195672e-05,5.834921103087254e-05,8.214134140871465e-05,2.7331076125847176e-05,3.9628121157875285e-05,5.745331509388052e-05
1992-09-23,5.813142342958599e-05,6.855262472527102e-05,8.034981874516234e-05,4.750096195493825e-05,5.599560245173052e-05,6.580700573977083e-05
1992-09-24,2.0954510546289384e-05,2.5702449420350604e-05,3.101699621765874e-05,1.6528349078726023e-05,1.9979917851742357e-05,2.3936410798341967e-05
1992-09-25,0.0001590823958395049,0.00017048040172085166,0.00018083963368553668,0.00015580901526845992,0.0001627856254344806,0.0001716130500426516
1992-09-26,0.00015433726366609335,0.0001564130070619285,0.00015833097859285772,0.00015180447371676564,0.0001553603942738846,0.0001587727601872757
1992-09-27,0.00030179187888279557,0.0003367107128724456,0.00035767588997259736,0.00027792484615929425,0.0003168107650708407,0.0003496010322123766
1992-09-28,0.0,0.0,0.0,0.0,0.0,0.0
1992-09-29,0.0,0.0,0.0,0.0,0.0,0.0
1992-09-30,0.0,0.0,0.0,0.0,0.0,0.0
1992-10-01,0.00038451486034318805,0.0003918937873095274,0.00038570488686673343,0.0003897308779414743,0.00039394726627506316,0.00038441119249910116
1992-10-02,5.757477629231289e-05,6.899669824633747e-05,8.6297768575605e-05,5.427929136203602e-05,6.548210512846708e-05,8.126771717797965e-05
1992-10-03,8.997941768029705e-05,0.0001099520522984676,0.00013868085807189345,7.039966294541955e-05,8.757458999752998e-05,0.00011262573389103636
1992-10-04,4.322392487665638e-05,4.994549817638472e-05,6.17423138464801e-05,4.7182835260173306e-05,5.413728649728e-05,6.657998164882883e-05
1992-10-05,0.0,6.712624345261986e-10,2.0566759406648316e-09,0.0,1.5488624827142417e-09,4.7268766678598695e-09
1992-10-06,0.0,0.0,0.0,0.0,0.0,0.0
1992-10-07,2.1968249711790122e-05,1.9020508261746727e-05,1.5753666957607493e-05,2.2036185328033753e-05,2.002560177061241e-05,1.7327902241959237e-05
1992-10-08,0.0001034653905662708,0.00010342764289816841,0.00010003349598264322,0.00010948145791189745,0.00010834146087290719,0.00010473089787410572
1992-10-09,1.5498604625463486e-05,1.4735742297489196e-05,1.2374080142762978e-05,1.9953198716393672e-05,1.9026663721888326e-05,1.6497509932378307e-05
1992-10-10,0.0,0.0,0.0,0.0,0.0,0.0
1992-10-11,0.0,0.0,0.0,0.0,0.0,0.0
1992-10-12,0.0,0.0,0.0,0.0,0.0,0.0
1992-10-13,0.00042241651681251824,0.0004243750008754432,0.00040982026257552207,0.00036683413782157004,0.00036563692265190184,0.0003535273717716336
1992-10-14,7.614259811816737e-05,9.063431207323447e-05,0.00010814506094902754,7.332678796956316e-05,8.598250133218244e-05,0.00010070089774671942
1992-10-15,0.0,0.0,0.0,0.0,0.0,0.0
1992-10-16,0.00021591535187326372,0.0002443296543788165,0.0002677088778000325,0.00020623713498935103,0.00023315430735237896,0.0002571197983343154
1992-10-17,0.0,0.0,0.0,0.0,0.0,0.0
1992-10-18,0.00022609195730183274,0.0002257557207485661,0.00021714868489652872,0.00016474496806040406,0.00016414285346399993,0.00015800179971847683
1992-10-19,0.00026879546931013465,0.0002962185244541615,0.0003217440680600703,0.0002589563373476267,0.0002824391413014382,0.00030586199136450887
1992-10-20,1.6770267393440008e-05,1.619604336156044e-05,1.4717516023665667e-05,2.5193903638864867e-05,2.3654454707866535e-05,2.0822337319259532e-05
1992-10-21,0.0,0.0,0.0,0.0,0.0,0.0
1992-10-22,0.0,0.0,0.0,0.0,0.0,0.0
1992-10-23,7.444056038252711e-09,0.0,0.0,1.7387231210364007e-08,0.0,0.0
1992-10-24,8.092826465144753e-05,7.64896540204063e-05,6.895312981214374e-05,9.227749978890643e-05,8.725837687961757e-05,7.956508488859981e-05
1992-10-25,5.9142574173165485e-05,6.229004065971822e-05,6.28223133389838e-05,4.5183707698015496e-05,4.789456579601392e-05,4.9064805352827534e-05
1992-10-26,0.0001023116274154745,0.00010860175098059699,0.00011102955613750964,0.00010453827417222783,0.00010977013880619779,0.00011210884258616716
1992-10-27,1.3887532986700535e-05,1.5923749742796645e-05,1.7878663129522465e-05,9.71609006228391e-06,1.123030324379215e-05,1.2940361557411961e-05
1992-10-28,2.9042384994681925e-05,3.0290912036434747e-05,3.240198566345498e-05,2.8821823434554972e-05,2.939034311566502e-05,3.0474515369860455e-05
1992-10-29,1.29677107452153e-06,1.2483715181588195e-06,1.117019905905181e-06,3.031321739399573e-06,2.8795266189263202e-06,2.5630042728153057e-06
1992-10-30,0.0,0.0,0.0,0.0,0.0,0.0
1992-10-31,0.0,0.0,0.0,0.0,0.0,0.0
1992-11-01,3.623691009124741e-05,3.712917532538995e-05,3.779189501074143e-05,3.984852446592413e-05,4.024001827929169e-05,4.0348215406993404e-05
1992-11-02,0.0,0.0,0.0,0.0,0.0,0.0
1992-11-03,3.323229122997873e-07,3.0627836622443283e-07,2.4415430743829347e-07,7.771099035380757e-07,7.057192306092475e-07,5.595418883785896e-07
1992-11-04,3.255731826357078e-06,3.158686922688503e-06,2.9492948669940233e-06,4.826456915907329e-06,4.76918194181053e-06,4.539884685073048e-06
1992-11-05,0.0,0.0,0.0,0.0,0.0,0.0
1992-11-06,0.0,0.0,0.0,0.0,0.0,0.0
1992-11-07,0.0,0.0,0.0,0.0,0.0,0.0
1992-11-08,0.00016031063569243997,0.00016748231428209692,0.00016906112432479858,0.00016520005010534078,0.00017099175602197647,0.00017303637287113816
1992-11-09,1.3445081776808365e-06,1.387030692967528e-06,1.4559485634890734e-06,1.9148887986375485e-06,1.9992362467746716e-06,1.9200147107767407e-06
1992-11-10,0.0,0.0,0.0,0.0,0.0,0.0
1992-11-11,2.6900657758233137e-05,2.5734578230185434e-05,2.39978835452348e-05,3.4936078009195626e-05,3.345422737766057e-05,3.132488200208172e-05
1992-11-12,4.184784756944282e-06,2.546738414821448e-06,2.3707409582129912e-06,4.448692379810382e-06,2.8776050839951495e-06,2.542417178119649e-06
1992-11-13,3.31190790348046e-06,2.9824643661413575e-06,2.86980798591685e-06,6.1800237745046616e-06,6.135533567430684e-06,5.9872081692446955e-06
1992-11-14,0.0,0.0,0.0,0.0,0.0,0.0
1992-11-15,0.0,0.0,0.0,0.0,0.0,0.0
1992-11-16,7.86465818691795e-07,8.356275316145911e-07,7.004540520938463e-07,5.779888851975556e-07,6.023043965797115e-07,5.001619456379558e-07
1992-11-17,0.0,0.0,0.0,0.0,0.0,0.0
1992-11-18,1.6878278756848886e-06,1.5272971722879447e-06,1.3236681297712494e-06,3.94491962651955e-06,3.5046646189584862e-06,3.0207027066353476e-06
1992-11-19,0.0,0.0,0.0,0.0,0.0,0.0
1992-11-20,0.0001768871588865295,0.00017203341121785343,0.0001567631697980687,0.00017361948266625404,0.00016990031872410327,0.0001593050401424989
1992-11-21,0.00023478105140384287,0.0002556943509262055,0.0002698731259442866,0.00021766553982160985,0.00023377587785944343,0.00024806492729112506
1992-11-22,9.22035105759278e-05,0.00010297547851223499,0.00011239225568715483,8.276745211333036e-05,9.171897545456886e-05,0.00010139750520465896
1992-11-23,0.0,0.0,0.0,0.0,0.0,0.0
1992-11-24,5.7622368331067264e-05,8.17820691736415e-05,0.00011553127114893869,4.30111977038905e-05,6.354638026095927e-05,9.53715862124227e-05
1992-11-25,0.0,0.0,0.0,0.0,0.0,0.0
1992-11-26,0.0,0.0,0.0,0.0,0.0,0.0
1992-11-27,0.0,0.0,0.0,0.0,0.0,0.0
1992-11-28,0.0,0.0,0.0,0.0,0.0,0.0
1992-11-29,0.0,0.0,0.0,0.0,0.0,0.0
1992-11-30,3.4857969239965314e-06,3.1588651836500503e-06,2.7150324513058877e-06,4.9847649279399775e-06,4.604985406331252e-06,4.079467544215731e-06
1992-12-01,3.215872084183502e-07,3.7572112887573894e-07,3.885861019625736e-07,7.505366852456063e-07,8.59341071191011e-07,8.839602401167213e-07
1992-12-02,0.00010001559712691233,9.924719779519364e-05,9.477099229115993e-05,9.602136560715735e-05,9.361913544125855e-05,8.948602771852165e-05
1992-12-03,7.279717101482674e-05,8.275780419353396e-05,9.203996160067618e-05,6.556180596817285e-05,7.342891331063583e-05,8.186574996216223e-05
1992-12-04,0.0,0.0,0.0,0.0,0.0,0.0
1992-12-05,1.728744973661378e-05,1.644705844228156e-05,1.5271627489710227e-05,2.3500746465288103e-05,2.2381402231985703e-05,2.0871642846032046e-05
1992-12-06,1.537461685074959e-06,1.8629874602993368e-06,2.1699413537135115e-06,3.4318538837396773e-06,3.874361937050708e-06,4.089650701644132e-06
1992-12-07,2.77189083135454e-05,2.7020476409234107e-05,2.579480678832624e-05,2.66832339548273e-05,2.5443056074436754e-05,2.430404128972441e-05
1992-12-08,0.0,1.9281852559061008e-08,5.998810337359828e-08,0.0,4.404615339126394e-08,1.3629681916427216e-07
1992-12-09,2.440064235997852e-05,2.74112171609886e-05,2.8685739380307496e-05,2.0496554498095065e-05,2.209949161624536e-05,2.2832602553535253e-05
1992-12-10,0.00018835983064491302,0.00020112907805014402,0.0002119817363563925,0.00019396097923163325,0.0001996269274968654,0.00020669895457103848
1992-12-11,7.336388080148026e-06,7.610232842125697e-06,8.146676918840967e-06,1.0251217645418365e-05,1.052254629030358e-05,1.105313731386559e-05
1992-12-12,2.1865049347979948e-05,2.1165307771298103e-05,1.9761197108891793e-05,2.0899169612675905e-05,1.9508468540152535e-05,1.8147340597352013e-05
1992-12-13,2.5241276944143465e-06,2.4638836748636095e-06,2.1568523607129464e-06,3.3281962714681868e-06,3.2375307910115225e-06,2.9743673621851485e-06
1992-12-14,0.0,0.0,0.0,0.0,0.0,0.0
1992-12-15,6.337597824312979e-07,5.975621775178297e-07,4.828407327295281e-07,1.4771165979254874e-06,1.3639402141052415e-06,1.0961651923935278e-06
1992-12-16,0.0,0.0,0.0,0.0,0.0,0.0
1992-12-17,0.0,1.7224493831236032e-06,5.370688995753881e-06,0.0,1.142667088060989e-06,3.5437151382211596e-06
1992-12-18,0.0,0.0,0.0,0.0,0.0,0.0
1992-12-19,0.0,0.0,0.0,0.0,0.0,0.0
1992-12-20,0.0,0.0,0.0,0.0,0.0,0.0
1992-12-21,8.340233762282878e-05,8.32269070087932e-05,7.934135646792129e-05,9.263124957215041e-05,9.154605504591018e-05,8.796039765002206e-05
1992-12-22,4.9036934797186404e-05,5.5807009630370885e-05,6.299894448602572e-05,5.092852370580658e-05,5.710816185455769e-05,6.40113721601665e-05
1992-12-23,5.84395784244407e-05,5.890972533961758e-05,5.8555240684654564e-05,6.174005102366209e-05,6.085409040679224e-05,5.906960723223165e-05
1992-12-24,1.3549581126426347e-05,1.741093183227349e-05,2.1994921553414315e-05,1.6776397387729958e-05,2.0421441149665043e-05,2.4923321689129807e-05
1992-12-25,2.0275172573747113e-05,2.1680565623682924e-05,2.1947833374724723e-05,2.4135901185218245e-05,2.4525221306248568e-05,2.4265445972559974e-05
1992-12-26,3.4793603731486655e-07,3.771913270611549e-07,4.0700848558117286e-07,8.107406870294653e-07,8.606210712969187e-07,9.235685070052568e-07
1992-12-27,6.015687540639192e-05,5.642020914820023e-05,5.195488120079972e-05,6.452280649682507e-05,6.0634898545686156e-05,5.622475509881042e-05
1992-12-28,6.287147698458284e-05,7.141791138565168e-05,7.925611862447113e-05,5.865880666533485e-05,6.554472201969475e-05,7.282465958269313e-05
1992-12-29,7.072305743349716e-05,7.268296758411452e-05,7.174671918619424e-05,7.353376713581383e-05,7.351862586801872e-05,7.160392851801589e-05
1992-12-30,1.2565745237225201e-05,1.2707544556178618e-05,1.2233328561706003e-05,1.3947061233920977e-05,1.3785816918243654e-05,1.3086695616948418e-05
1992-12-31,0.0,0.0,0.0,0.0,0.0,0.0
1993-01-01,0.0,0.0,0.0,0.0,0.0,0.0
1993-01-02,0.0,0.0,0.0,0.0,0.0,0.0
1993-01-03,2.603607526907581e-06,2.7383591714169597e-06,2.76287255474017e-06,2.809496663758182e-06,2.8283616302360315e-06,2.7086136924481252e-06
1993-01-04,7.02000834280625e-05,7.830551476217806e-05,8.422994142165408e-05,5.709779725293629e-05,6.354411016218364e-05,6.999372271820903e-05
1993-01-05,0.0,0.0,0.0,0.0,0.0,0.0
1993-01-06,0.0,0.0,0.0,0.0,0.0,0.0
1993-01-07,0.0,0.0,0.0,0.0,0.0,0.0
1993-01-08,0.0,0.0,0.0,0.0,0.0,0.0
1993-01-09,2.9942082619527355e-05,2.7458250769996084e-05,2.4375811335630715e-05,2.5806659323279746e-05,2.293082798132673e-05,2.0026984202559106e-05
1993-01-10,0.00012954938574694097,0.00013937022595200688,0.00014646681665908545,0.0001310841180384159,0.00013837189180776477,0.00014528435713145882
1993-01-11,0.00026390067068859935,0.0002793578605633229,0.0002867432194761932,0.00027106713969260454,0.00027893370133824646,0.0002832530881278217
1993-01-12,0.00011281647311989218,0.00012638638145290315,0.00014246137288864702,0.00011701755283866078,0.00012675086327362806,0.0001417161984136328
1993-01-13,4.4525197154143825e-05,4.3496369471540675e-05,4.096636257600039e-05,4.547476419247687e-05,4.3423176975920796e-05,4.0391794755123556e-05
1993-01-14,9.612818394089118e-05,9.919453441398218e-05,9.937631693901494e-05,0.0001063366507878527,0.00010820961324498057,0.00010788188956212252
1993-01-15,0.0,1.8433006232498883e-07,5.768305300080101e-07,0.0,1.2082324474249617e-07,3.759116111723415e-07
1993-01-16,1.8690393517317716e-06,1.3808908079226967e-06,1.4079289485380286e-06,3.655346517916769e-06,2.9566308512585238e-06,2.579829470050754e-06
1993-01-17,3.0882226553785586e-08,9.199548145488734e-08,2.115524750934128e-07,2.068676607791531e-08,6.031245192161805e-08,1.3789156128041213e-07
1993-01-18,4.0792865547700785e-06,3.6082601582165807e-06,3.0385897389351157e-06,9.526749636279419e-06,8.247078767453786e-06,6.904823749209754e-06
1993-01-19,2.538918579375604e-06,2.0633615349652246e-06,1.858361656559282e-06,5.494689048646251e-06,4.716499461210333e-06,4.223308678774629e-06
1993-01-20,7.086737241479568e-07,1.3730917203247373e-07,1.218365923705278e-07,9.1689997816502e-07,3.1389569699058484e-07,2.769124876067508e-07
1993-01-21,0.0,0.0,0.0,0.0,0.0,0.0
1993-01-22,3.4261233849974815e-07,2.648573627084261e-07,2.1484069634425396e-07,6.890515464874625e-07,6.055886387912324e-07,4.883887072537618e-07
1993-01-23,5.453119956655428e-05,5.744442023569718e-05,5.912146662012674e-05,5.5192416766658425e-05,5.713466089218855e-05,5.872590554645285e-05
1993-01-24,5.682180926669389e-06,6.940209004824283e-06,8.41018118080683e-06,7.129438927222509e-06,8.465877726848703e-06,1.0241962627333123e-05
1993-01-25,0.0,0.0,0.0,0.0,0.0,0.0
1993-01-26,0.0,6.583840672647057e-08,2.0593164151705423e-07,0.0,4.3198529198207325e-08,1.3434352297281293e-07
1993-01-27,4.5776951651532727e-07,4.059419040913781e-07,3.8330350093929155e-07,1.0295594847775646e-06,9.285474789066939e-07,8.717553328096983e-07
1993-01-28,2.689010329959274e-07,2.4929644837357046e-07,3.7184273082857544e-07,4.017342973838822e-07,3.2213955591942067e-07,3.704336677401443e-07
1993-01-29,0.0,0.0,0.0,0.0,0.0,0.0
1993-01-30,2.8521460535557708e-06,3.3487506243545795e-06,3.988837306678761e-06,3.821283371507889e-06,4.209172857372323e-06,5.000799319532234e-06
1993-01-31,0.0,0.0,0.0,0.0,0.0,0.0
1993-02-01,0.0,0.0,0.0,0.0,0.0,0.0
1993-02-02,8.506573067279533e-06,7.979510883160401e-06,7.758489118714351e-06,1.1409817489038687e-05,1.0918300176854245e-05,1.0557144378253724e-05
1993-02-03,1.8133281400878332e-06,1.2957929129697732e-06,1.1282015748292906e-06,2.8063866466254694e-06,2.330020606677863e-06,2.0556424260576023e-06
1993-02-04,0.0,0.0,0.0,0.0,0.0,0.0
1993-02-05,0.0,0.0,0.0,0.0,0.0,0.0
1993-02-06,1.9805104329861933e-06,3.1615506941307103e-06,4.96640132041648e-06,1.3287785805005115e-06,2.092894646921195e-06,3.29679528476845e-06
1993-02-07,0.0,0.0,0.0,0.0,0.0,0.0
1993-02-08,0.0,0.0,0.0,0.0,0.0,0.0
1993-02-09,0.0,0.0,0.0,0.0,0.0,0.0
1993-02-10,9.506648893875536e-06,8.785397767496761e-06,8.006805728655308e-06,1.0370415111538023e-05,9.345125363324769e-06,8.493658242514357e-06
1993-02-11,9.212655641022138e-06,8.016781066544354e-06,6.487667633336969e-06,6.850350928289117e-06,5.744705504184822e-06,4.624700068234233e-06
1993-02-12,0.0,0.0,0.0,0.0,0.0,0.0
1993-02-13,3.091190819759504e-06,2.6851687380258227e-06,2.203227040808997e-06,2.073247514999821e-06,1.7844648709797184e-06,1.5065310208228766e-06
1993-02-14,0.0,0.0,0.0,0.0,0.0,0.0
1993-02-15,0.0,0.0,0.0,0.0,0.0,0.0
1993-02-16,0.0,3.6915650980517967e-07,1.1514570132931112e-06,0.0,2.423117280159204e-07,7.520277449657442e-07
1993-02-17,2.668752131285146e-05,2.9825689125573263e-05,3.312143962830305e-05,2.3513837732025422e-05,2.5387844289070927e-05,2.79092801065417e-05
1993-02-18,1.945498661370948e-05,2.0118552129133604e-05,1.8944707335322164e-05,1.9673434508149512e-05,2.00172344193561e-05,1.929814607137814e-05
1993-02-19,0.0,0.0,0.0,0.0,0.0,0.0
1993-02-20,0.0,0.0,0.0,0.0,0.0,0.0
1993-02-21,0.0,0.0,0.0,0.0,0.0,0.0
1993-02-22,0.0,0.0,0.0,0.0,0.0,0.0
1993-02-23,0.0,0.0,0.0,0.0,0.0,0.0
1993-02-24,1.6654935279802885e-06,1.6358094399038237e-06,1.32956654397276e-06,1.26559928048664e-06,1.2367936506052501e-06,1.012953362078406e-06
1993-02-25,3.7951238482492045e-05,3.8873877201694995e-05,3.794072108576074e-05,4.081935912836343e-05,4.118716242373921e-05,4.0518600144423544e-05
1993-02-26,0.0,0.0,0.0,0.0,0.0,0.0
1993-02-27,5.936098386882804e-05,6.220229988684878e-05,6.409116031136364e-05,6.845346797490492e-05,7.075328176142648e-05,7.249764166772366e-05
1993-02-28,6.689577958240989e-07,7.713634886385989e-07,7.498039167330717e-07,1.5606022998326807e-06,1.763940190357971e-06,1.7068622355509433e-06
1993-03-01,4.4883654481964186e-07,3.069373519792862e-07,3.8622764009232924e-07,6.312569666988566e-07,5.399333531386219e-07,7.490469329241023e-07
1993-03-02,0.0,0.0,0.0,0.0,0.0,0.0
1993-03-03,0.00017159718845505267,0.00018153322162106633,0.00018402586283627898,0.00014651624951511621,0.0001517553610028699,0.00015334691852331161
1993-03-04,5.316104579833336e-05,5.960445923847146e-05,6.473759276559576e-05,5.851381865795702e-05,6.370131450239569e-05,6.830284837633371e-05
1993-03-05,6.905949703650549e-06,8.599008651799522e-06,1.0863317584153265e-05,9.083964869205374e-06,1.0321566151105799e-05,1.2141741535742767e-05
1993-03-06,1.1707734302035533e-05,1.18629486678401e-05,1.224017069034744e-05,1.0295547326677479e-05,1.0136768651136663e-05,1.0099027349497192e-05
1993-03-07,5.996305389999179e-07,2.1549253403918556e-07,2.9964942882543255e-07,7.653621310055314e-07,4.925943812850164e-07,6.819880695729807e-07
1993-03-08,0.0,0.0,0.0,0.0,0.0,0.0
1993-03-09,6.360487168421969e-05,6.340638356050476e-05,6.185851816553622e-05,5.3504478273680434e-05,5.198952567297965e-05,5.009795495425351e-05
1993-03-10,6.794396176701412e-05,7.912757428130135e-05,9.102947660721838e-05,6.939871673239395e-05,7.866136729717255e-05,8.918269304558635e-05
1993-03-11,9.536855031910818e-06,1.0305216164852027e-05,1.0408624802948907e-05,8.677339792484418e-06,9.450039215153083e-06,9.705707270768471e-06
1993-03-12,1.6266875491055544e-06,1.818205532799766e-06,1.9034213210034068e-06,3.7863949273742037e-06,4.155306669417769e-06,4.331494437792571e-06
1993-03-13,1.7577625840203837e-05,1.7186481272801757e-05,1.566275386721827e-05,1.7590506104170345e-05,1.6841688193380833e-05,1.5158210771915037e-05
1993-03-14,1.6336834960384294e-05,1.7555967133375816e-05,1.7942549675353803e-05,1.9672030248329975e-05,2.0773835785803385e-05,2.1377809389377944e-05
1993-03-15,4.567769337882055e-06,4.382098268251866e-06,4.461011940293247e-06,6.340751951938728e-06,6.350684088829439e-06,6.549869340233272e-06
1993-03-16,0.0,0.0,0.0,0.0,0.0,0.0
1993-03-17,0.0,0.0,0.0,0.0,0.0,0.0
1993-03-18,0.0,0.0,0.0,0.0,0.0,0.0
1993-03-19,0.0,0.0,0.0,0.0,0.0,0.0
1993-03-20,0.0,0.0,0.0,0.0,0.0,0.0
1993-03-21,0.0,9.759688737176475e-07,3.033412212971598e-06,0.0,6.431135375351005e-07,1.9904764485545456e-06
1993-03-22,0.0,5.2986338232585695e-06,1.646680357225705e-05,0.0,4.731718036055099e-06,1.4643327631347347e-05
1993-03-23,0.0,0.0,0.0,0.0,0.0,0.0
1993-03-24,9.52759182837326e-06,9.032351954374462e-06,8.08387267170474e-06,1.3217984815128148e-05,1.295373476750683e-05,1.209190577355912e-05
1993-03-25,0.0,0.0,0.0,0.0,0.0,0.0
1993-03-26,0.0,0.0,0.0,0.0,0.0,0.0
1993-03-27,0.0,0.0,0.0,0.0,0.0,0.0
1993-03-28,0.0,0.0,0.0,0.0,0.0,0.0
1993-03-29,0.0,0.0,0.0,0.0,0.0,0.0
1993-03-30,0.0,0.0,0.0,0.0,0.0,0.0
1993-03-31,1.0362744262693013e-07,0.0,0.0,6.902402560626797e-08,0.0,0.0
1993-04-01,0.00024035938258748502,0.0002450634492561221,0.0002479712711647153,0.00022355654800776392,0.00022305824677459896,0.00022287860338110477
1993-04-02,3.550724795786664e-05,3.783571082749404e-05,4.1405975935049355e-05,4.214059663354419e-05,4.3743821152020246e-05,4.630826515494846e-05
1993-04-03,1.3508197298506275e-05,1.245263592863921e-05,1.0875631232920568e-05,1.6393008991144598e-05,1.5346153304562904e-05,1.4026956705492921e-05
1993-04-04,3.160780397593044e-05,3.0204942959244363e-05,2.7330810553394258e-05,3.480552913970314e-05,3.319380630273372e-05,3.052141983062029e-05
1993-04-05,8.13679798739031e-06,8.204653568100184e-06,7.770761840220075e-06,1.247768523171544e-05,1.2785087164957076e-05,1.287503710045712e-05
1993-04-06,0.0,0.0,0.0,0.0,0.0,0.0
1993-04-07,0.0,0.0,0.0,0.0,0.0,0.0
1993-04-08,0.0,0.0,0.0,0.0,0.0,0.0
1993-04-09,0.0,0.0,0.0,0.0,0.0,0.0
1993-04-10,2.5412224204046652e-05,2.0341502022347413e-05,1.6427238733740523e-05,3.674667459563352e-05,3.107764496235177e-05,2.506963392079342e-05
1993-04-11,1.7569236661074683e-05,1.9765211618505418e-05,2.132429654011503e-05,1.8447250113240443e-05,2.0498888261499815e-05,2.2132966478238814e-05
1993-04-12,0.00018922542221844196,0.00019217905355617404,0.00019046873785555363,0.00019815353152807802,0.00020115089137107134,0.00020082114497199655
1993-04-13,2.1770672447019024e-06,2.0319459963502595e-06,2.1044741060904926e-06,4.562933554552728e-06,4.6505692807841115e-06,4.7972957872843836e-06
1993-04-14,1.1261689905950334e-05,8.64099547470687e-06,7.016507879598066e-06,1.9304359739180654e-05,1.5830062693567015e-05,1.2843338481616229e-05
1993-04-15,6.400297934305854e-06,5.311883796821348e-06,4.776649348059436e-06,1.3653363566845655e-05,1.2161425729573239e-05,1.0892867067013867e-05
1993-04-16,0.0006192582077346742,0.000658298609778285,0.0006729643791913986,0.0005809347494505346,0.0006118893506936729,0.000632064591627568
1993-04-17,5.806959961773828e-05,6.109155947342515e-05,6.48230270599015e-05,6.671957089565694e-05,6.892516103107482e-05,7.219824328785762e-05
1993-04-18,1.3355523833524785e-06,1.0974716815326246e-06,9.132266995948157e-07,3.0096266527834814e-06,2.514013885956956e-06,2.0839170247199945e-06
1993-04-19,0.0,0.0,0.0,0.0,0.0,0.0
1993-04-20,0.0,0.0,0.0,0.0,0.0,0.0
1993-04-21,0.0,0.0,0.0,0.0,0.0,0.0
1993-04-22,4.221156632411294e-05,4.2013627535197884e-05,3.7633148167515174e-05,3.5865985410055146e-05,3.645067772595212e-05,3.3802363759605214e-05
1993-04-23,0.0002121167053701356,0.00022999168140813708,0.00023685142514295876,0.00017081656551454216,0.00018689112039282918,0.00019854547281283885
1993-04-24,3.227286651963368e-05,4.66285455331672e-05,6.728756125085056e-05,2.169514300476294e-05,3.224493775633164e-05,4.8455403884872794e-05
1993-04-25,0.0,0.0,0.0,0.0,0.0,0.0
1993-04-26,0.0,0.0,0.0,0.0,0.0,0.0
1993-04-27,0.0,0.0,0.0,0.0,0.0,0.0
1993-04-28,0.0,0.0,0.0,0.0,0.0,0.0
1993-04-29,0.0,0.0,0.0,0.0,0.0,0.0
1993-04-30,2.083029357891064e-06,1.5079494914971292e-06,1.2007474197162082e-06,1.388134137414454e-06,9.937469940268784e-07,7.887954893703863e-07
1993-05-01,0.0001747629139572382,0.00018559359887149185,0.00019370987138245255,0.0001600449759280309,0.00016800095909275115,0.0001750180235831067
1993-05-02,3.742665285244584e-05,5.11465004819911e-05,6.908646901138127e-05,2.5347932023578323e-05,3.622624353738502e-05,5.213727126829326e-05
1993-05-03,0.0,0.0,0.0,0.0,0.0,0.0
1993-05-04,0.0,0.0,0.0,0.0,0.0,0.0
1993-05-05,0.0,0.0,0.0,0.0,0.0,0.0
1993-05-06,0.0,0.0,0.0,0.0,0.0,0.0
1993-05-07,0.0,3.689974548137798e-08,1.1293118262756252e-07,0.0,8.493917391660943e-08,2.592881855889573e-07
1993-05-08,0.0,0.0,0.0,0.0,0.0,0.0
1993-05-09,0.0,0.0,0.0,0.0,0.0,0.0
1993-05-10,0.0003549046232365072,0.00037447555223479867,0.0003940419992431998,0.0003551830304786563,0.0003688621218316257,0.0003828566404990852
1993-05-11,0.0001643635769141838,0.00017008073336910456,0.00017262173059862107,0.0001701822766335681,0.00017521098197903484,0.00017885552369989455
1993-05-12,0.0,0.0,0.0,0.0,0.0,0.0
1993-05-13,2.8602757083717734e-05,3.5389093682169914e-05,4.224962322041392e-05,1.9081933714915067e-05,2.3421223886543885e-05,2.792503437376581e-05
1993-05-14,0.00026901430101133883,0.00028017230215482414,0.0002904254652094096,0.00022373421234078705,0.00023236100969370455,0.0002415538765490055
1993-05-15,2.754363049461972e-05,3.815331365331076e-05,5.2417741244426e-05,1.8378306776867248e-05,2.527260767237749e-05,3.468937211437151e-05
1993-05-16,0.0,0.0,0.0,0.0,0.0,0.0
1993-05-17,0.0,0.0,0.0,0.0,0.0,0.0
1993-05-18,0.0,0.0,0.0,0.0,0.0,0.0
1993-05-19,4.796629582415335e-05,4.647591049433686e-05,4.3217718484811485e-05,6.073984695831314e-05,6.017509076627903e-05,5.812753806822002e-05
1993-05-20,5.425577910500579e-06,3.988336629845435e-06,4.046458343509585e-06,3.6215044474374736e-06,3.303573976154439e-06,4.68293819722021e-06
1993-05-21,0.0,0.0,0.0,0.0,0.0,0.0
1993-05-22,4.207906749797985e-05,3.873076639138162e-05,3.0630053515778854e-05,4.80840535601601e-05,4.424983126227744e-05,3.509641464916058e-05
1993-05-23,3.624878081609495e-05,3.533771450747736e-05,3.854645183309913e-05,7.350002852035686e-05,7.710133650107309e-05,8.441563113592565e-05
1993-05-24,0.0,0.0,0.0,0.0,0.0,0.0
1993-05-25,0.0,0.0,0.0,0.0,0.0,0.0
1993-05-26,0.00014504445425700396,0.00014155324606690556,0.00013913681323174387,0.00016173785843420774,0.0001595084904693067,0.00015585555229336023
1993-05-27,4.079105565324426e-05,5.098766632727347e-05,6.320008833426982e-05,3.7189365684753284e-05,4.615641591954045e-05,5.643818076350726e-05
1993-05-28,0.0,0.0,0.0,0.0,0.0,0.0
1993-05-29,0.0,0.0,0.0,0.0,0.0,0.0
1993-05-30,0.0,0.0,0.0,0.0,0.0,0.0
1993-05-31,0.0,0.0,0.0,0.0,0.0,0.0
1993-06-01,2.784242724374053e-06,2.0533730094030034e-06,1.7039199065038702e-06,6.48207651465782e-06,4.7602347876818385e-06,3.950669906771509e-06
1993-06-02,2.2915974113857374e-05,2.4379725800827146e-05,2.513668550818693e-05,2.5087050744332373e-05,2.6323241399950348e-05,2.689553912205156e-05
1993-06-03,0.00011409728176658973,0.00011597227421589196,0.00011593542876653373,0.00011834991892101243,0.00011966109013883397,0.00011908042506547645
1993-06-04,0.00013273408694658428,0.00013677093375008553,0.0001400481996824965,0.00010767467028927058,0.00011336746683809906,0.000122580022434704
1993-06-05,0.0001539950171718374,0.00016164610860869288,0.0001697128900559619,0.00014013155305292457,0.00014675561396870762,0.00015287772112060338
1993-06-06,0.0001534286275273189,0.00016132039309013635,0.00016687643073964864,0.00015443545999005437,0.0001614249194972217,0.00016698663239367306
1993-06-07,8.343038643943146e-06,8.615360457042698e-06,8.094133590930142e-06,1.9425040591158904e-05,1.900969618873205e-05,1.581342803547159e-05
1993-06-08,0.0,0.0,0.0,0.0,0.0,0.0
1993-06-09,0.0,0.0,0.0,0.0,0.0,0.0
1993-06-10,1.827716187108308e-05,1.8571472537587397e-05,1.5844709196244366e-05,1.558938492962625e-05,1.628284553589765e-05,1.5757001165184192e-05
1993-06-11,4.022739449283108e-05,3.9357488276436925e-05,3.450793883530423e-05,4.5242602936923504e-05,4.516309127211571e-05,4.241328497300856e-05
1993-06-12,0.0,0.0,0.0,0.0,0.0,0.0
1993-06-13,0.0,0.0,0.0,0.0,0.0,0.0
1993-06-14,7.331582310143858e-05,7.057883340166882e-05,6.60949808661826e-05,7.869082037359476e-05,7.62953277444467e-05,7.233917858684435e-05
1993-06-15,8.834034815663472e-05,9.334781498182565e-05,9.673014574218541e-05,8.422346581937745e-05,8.939199324231595e-05,9.356188093079254e-05
1993-06-16,1.4400313375517726e-05,1.3295949429448228e-05,1.2187829270260409e-05,2.9199914933997206e-05,2.8111435312894173e-05,2.6174026061198674e-05
1993-06-17,0.00010671927884686738,0.00010505021782591939,9.902667807182297e-05,0.00010858793393708766,0.00010767133062472567,0.00010323016613256186
1993-06-18,9.172367572318763e-05,9.593139111530036e-05,9.942392352968454e-05,7.991275924723595e-05,8.292522397823632e-05,8.507545862812549e-05
1993-06-19,7.379713497357443e-05,7.091106090229005e-05,6.716186180710793e-05,8.100655395537615e-05,7.920845382614061e-05,7.607527368236333e-05
1993-06-20,7.87003809818998e-05,7.7408469223883e-05,7.20791140338406e-05,8.084540604613721e-05,8.10221754363738e-05,7.737448322586715e-05
1993-06-21,0.00016520412464160472,0.00017121786368079484,0.0001745218614814803,0.0001609048922546208,0.00016910505655687302,0.00017541948182042688
1993-06-22,0.0001883562799775973,0.00022694362269248813,0.0002728380204644054,0.00014918889792170376,0.00018489053763914853,0.00023010217410046607
1993-06-23,0.0,0.0,0.0,0.0,0.0,0.0
1993-06-24,4.704170351033099e-06,3.2137552352651255e-06,2.523680223021074e-06,3.1397671591548715e-06,2.142214952982613e-06,1.6853271063155262e-06
1993-06-25,6.97398791089654e-05,6.570242840098217e-05,5.9947302361251786e-05,6.111807306297123e-05,5.692453123629093e-05,5.129390046931803e-05
1993-06-26,7.024121259746607e-06,5.142850113770692e-06,4.040577550767921e-06,4.907351922156522e-06,3.427735009609023e-06,2.698209073059843e-06
1993-06-27,0.0001509720750618726,0.00015095686831045896,0.00014843736425973475,0.00015485832409467548,0.00015576102305203676,0.00015286410052794963
1993-06-28,4.46785161329899e-05,5.0147082220064476e-05,5.1944753067800775e-05,5.280691402731463e-05,5.762333239545114e-05,6.015912731527351e-05
1993-06-29,0.0,0.0,0.0,0.0,0.0,0.0
1993-06-30,0.0,0.0,0.0,0.0,0.0,0.0
1993-07-01,0.00015762682596687227,0.00016265071462839842,0.000164903758559376,0.00015958324365783483,0.00016569116269238293,0.00016907346434891224
1993-07-02,2.2179128791322e-05,2.3002618036116473e-05,2.2101243303040974e-05,3.9848466258263215e-05,4.172173794358969e-05,4.0417464333586395e-05
1993-07-03,0.0,0.0,0.0,0.0,0.0,0.0
1993-07-04,5.6359956943197176e-05,5.1310333219589666e-05,4.3142765207448974e-05,7.228263712022454e-05,6.754921196261421e-05,5.9651967603713274e-05
1993-07-05,2.6353352950536646e-05,2.767572550510522e-05,2.7260910428594798e-05,2.1118083168403246e-05,2.2830930902273394e-05,2.336881880182773e-05
1993-07-06,6.847257463959977e-05,7.2482020186726e-05,7.481644570361823e-05,6.488341023214161e-05,6.887423660373315e-05,7.148693111957982e-05
1993-07-07,8.786933176452294e-05,8.962797437561676e-05,8.890956087270752e-05,9.169422992272303e-05,9.260983642889187e-05,9.157569002127275e-05
1993-07-08,8.007045107660815e-05,8.960945706348866e-05,9.175351442536339e-05,7.350258238147944e-05,8.15072562545538e-05,8.453729969915003e-05
1993-07-09,0.0,0.0,0.0,0.0,0.0,0.0
1993-07-10,0.0,0.0,0.0,0.0,0.0,0.0
1993-07-11,8.317695028381422e-05,7.48156599001959e-05,6.405582826118916e-05,7.803875632816926e-05,7.207057933555916e-05,6.384775770129636e-05
1993-07-12,0.0003369006735738367,0.00035147127346135676,0.00036424180143512785,0.00035489792935550213,0.00037687443546019495,0.00039689865661785007
1993-07-13,0.0,0.0,0.0,0.0,0.0,0.0
1993-07-14,0.00017507061420474201,0.00018174212891608477,0.00018261153309140354,0.00016928400145843625,0.00017623671737965196,0.00017972037312574685
1993-07-15,0.0,6.572628080903087e-06,2.007060538744554e-05,0.0,4.365072072687326e-06,1.3354320799408015e-05
1993-07-16,0.0,0.0,0.0,0.0,0.0,0.0
1993-07-17,1.7927699445863254e-05,1.2260437870281748e-05,1.0839417882380076e-05,3.275668859714642e-05,2.726473394432105e-05,2.424917147436645e-05
1993-07-18,4.944829561281949e-05,5.244434578344226e-05,4.456874739844352e-05,3.2897598430281505e-05,3.516899232636206e-05,3.0760220397496596e-05
1993-07-19,0.0,0.0,0.0,0.0,0.0,0.0
1993-07-20,0.0001732249656924978,0.0001745543850120157,0.00017204805044457316,0.0001688743068370968,0.00017103333084378392,0.00017059361562132835
1993-07-21,8.570270438212901e-05,9.652626613387838e-05,0.00010655666119419038,6.378122634487227e-05,7.345232734223828e-05,8.443741535302252e-05
1993-07-22,0.0,0.0,0.0,0.0,0.0,0.0
1993-07-23,5.9993901231791824e-05,5.99343293288257e-05,5.008349398849532e-05,4.949429057887755e-05,5.000676173949614e-05,4.229241676512174e-05
1993-07-24,0.00014351044956129044,0.00014634769468102604,0.0001289592037210241,0.00014409367577172816,0.00015258821076713502,0.0001437221362721175
1993-07-25,0.0,0.0,0.0,0.0,0.0,0.0
1993-07-26,0.0,0.0,0.0,0.0,0.0,0.0
1993-07-27,6.857948028482497e-05,6.32831797702238e-05,5.464306377689354e-05,6.177587056299672e-05,5.61086053494364e-05,4.755229383590631e-05
1993-07-28,0.00022094171436037868,0.00022573475143872201,0.0002246587537229061,0.0002232060069218278,0.00022803661704529077,0.0002294876321684569
1993-07-29,4.91690771013964e-05,5.2545674407156184e-05,5.255046198726632e-05,4.4219003029866144e-05,4.708446795120835e-05,4.812658517039381e-05
1993-07-30,0.0,0.0,0.0,0.0,0.0,0.0
1993-07-31,0.00023491523461416364,0.00024352713080588728,0.0002529665653128177,0.00023705801868345588,0.00024285621475428343,0.00025021014153026044
1993-08-01,0.0,0.0,0.0,0.0,0.0,0.0
1993-08-02,0.0,0.0,0.0,0.0,0.0,0.0
1993-08-03,0.0,0.0,0.0,0.0,0.0,0.0
1993-08-04,0.0,0.0,0.0,0.0,0.0,0.0
1993-08-05,0.0,0.0,0.0,0.0,0.0,0.0
1993-08-06,0.0,0.0,0.0,0.0,0.0,0.0
1993-08-07,7.915110472822562e-05,7.8604556620121e-05,7.412718696286902e-05,7.89165569585748e-05,7.820026075933129e-05,7.47373269405216e-05
1993-08-08,5.953596337349154e-05,6.244025280466303e-05,5.951922867097892e-05,4.96126085636206e-05,5.296988820191473e-05,5.173583485884592e-05
1993-08-09,0.0,1.0621859836135172e-08,3.276416293829243e-08,0.0,2.4401359155490354e-08,7.530308465675262e-08
1993-08-10,6.731021585437702e-06,7.387680852843914e-06,8.148556844389532e-06,1.5552504919469357e-05,1.6967531337286346e-05,1.872233406174928e-05
1993-08-11,0.0,3.136406405701564e-07,9.678593642092892e-07,0.0,7.201869038908626e-07,2.223116098321043e-06
1993-08-12,2.1183159333304502e-05,1.9930823327740654e-05,1.8468776033842005e-05,4.8446047003380954e-05,4.575578714138828e-05,4.240956695866771e-05
1993-08-13,1.905882527353242e-05,2.136811235686764e-05,2.5223936972906813e-05,2.9040220397291705e-05,3.14776407321915e-05,3.5749078961089253e-05
1993-08-14,0.0,0.0,0.0,0.0,0.0,0.0
1993-08-15,0.0,0.0,0.0,0.0,0.0,0.0
1993-08-16,0.00023810696438886225,0.00025642107357271016,0.00026801161584444344,0.0002555086393840611,0.00026901409728452563,0.00027633600984700024
1993-08-17,0.0,0.0,0.0,0.0,0.0,0.0
1993-08-18,0.0,0.0,0.0,0.0,0.0,0.0
1993-08-19,0.0,0.0,0.0,0.0,0.0,0.0
1993-08-20,7.87195131124463e-06,4.852720394410426e-06,3.887776983901858e-06,6.364454293361632e-06,4.270363660907606e-06,3.422568624955602e-06
1993-08-21,0.0,0.0,0.0,0.0,0.0,0.0
1993-08-22,0.0,0.0,0.0,0.0,0.0,0.0
1993-08-23,0.0,0.0,0.0,0.0,0.0,0.0
1993-08-24,0.0,0.0,0.0,0.0,0.0,0.0
1993-08-25,6.626669346587732e-05,6.042261156835593e-05,5.1107435865560547e-05,9.655606845626608e-05,8.900131069822237e-05,7.745830225758255e-05
1993-08-26,8.416413038503379e-05,9.061596938408911e-05,9.544503700453788e-05,9.2310830950737e-05,0.00010023628419730812,0.00010652925993781537
1993-08-27,9.952836262527853e-05,8.628102659713477e-05,6.989231769694015e-05,0.00010364839545218274,9.049061191035435e-05,7.425754301948473e-05
1993-08-28,3.511571048875339e-05,2.8334896342130378e-05,2.636396311572753e-05,4.511285442276858e-05,4.001181878265925e-05,3.6729008570546284e-05
1993-08-29,0.0,0.0,0.0,0.0,0.0,0.0
1993-08-30,7.929473940748721e-05,7.501317304559052e-05,6.605187809327617e-05,5.2726278227055445e-05,4.933457967126742e-05,4.339103907113895e-05
1993-08-31,0.0,0.0,0.0,0.0,0.0,0.0
1993-09-01,0.0,0.0,0.0,0.0,0.0,0.0
1993-09-02,0.0,0.0,0.0,0.0,0.0,0.0
1993-09-03,0.0,0.0,0.0,0.0,0.0,0.0
1993-09-04,0.0,0.0,0.0,0.0,0.0,0.0
1993-09-05,0.00020320748444646597,0.00020277916337363422,0.00019964599050581455,0.00019055067969020456,0.00019055783923249692,0.0001897839829325676
1993-09-06,4.394868028612109e-06,9.286907697969582e-06,1.818484452087432e-05,2.9130117127351696e-06,6.112112714617979e-06,1.1947860912187025e-05
1993-09-07,0.0,0.0,0.0,0.0,0.0,0.0
1993-09-08,0.0,0.0,0.0,0.0,0.0,0.0
1993-09-09,0.0002021257096203044,0.00021543243201449513,0.0002273918507853523,0.00018871924839913845,0.0001997533836401999,0.00021123356418684125
1993-09-10,0.0,0.0,0.0,0.0,0.0,0.0
1993-09-11,0.0,0.0,0.0,0.0,0.0,0.0
1993-09-12,0.0,0.0,0.0,0.0,0.0,0.0
1993-09-13,0.0,0.0,0.0,0.0,0.0,0.0
1993-09-14,0.00010605177521938458,0.00010536069021327421,0.00010275870590703562,8.616627746960148e-05,8.512654312653467e-05,8.30991193652153e-05
1993-09-15,0.0,0.0,0.0,0.0,0.0,0.0
1993-09-16,0.0,0.0,0.0,0.0,0.0,0.0
1993-09-17,3.16526961796626e-06,3.3660969620541437e-06,2.861019311239943e-06,2.102031430695206e-06,2.347967210880597e-06,2.274677171953954e-06
1993-09-18,2.7411550036049448e-05,2.586310620245058e-05,2.078480065392796e-05,2.246584881504532e-05,2.122635669365991e-05,1.727041308186017e-05
1993-09-19,0.00016136823978740722,0.0001651618367759511,0.00016154043260030448,0.00017333743744529784,0.0001763376349117607,0.000169410472153686
1993-09-20,0.0,1.593543061062519e-06,4.895827714790357e-06,0.0,1.0516230304347118e-06,3.2218349588220008e-06
1993-09-21,1.0933714378325021e-07,1.2907567281672527e-07,1.3824895006564475e-07,2.533468830279162e-07,2.97000269711134e-07,3.1719136472929677e-07
1993-09-22,0.0,0.0,0.0,0.0,0.0,0.0
1993-09-23,0.00017162745643872768,0.00016314724052790552,0.00015450440696440637,0.000217312466702424,0.00020715092250611633,0.00019153098401147872
1993-09-24,2.4767638024059124e-05,2.4465842216159217e-05,2.2551375877810642e-05,3.494248085189611e-05,3.4462602343410254e-05,3.200168794137426e-05
1993-09-25,0.0,0.0,0.0,0.0,0.0,0.0
1993-09-26,0.0,0.0,0.0,0.0,0.0,0.0
1993-09-27,0.0,0.0,0.0,0.0,0.0,0.0
1993-09-28,3.0927807870284596e-07,0.0,0.0,7.179331191764504e-07,0.0,0.0
1993-09-29,3.5619093523564516e-06,3.4178463010903215e-06,2.74564627034124e-06,8.270585567515809e-06,7.877962161728647e-06,6.306465365923941e-06
1993-09-30,0.0,0.0,0.0,0.0,0.0,0.0
1993-10-01,0.0,0.0,0.0,0.0,0.0,0.0
1993-10-02,0.0003130724944639951,0.0003070853417739272,0.00029404566157609224,0.00028956407913938165,0.00028203503461554646,0.0002692362468224019
1993-10-03,0.0003032085078302771,0.0003136625455226749,0.00032112826011143625,0.00033921952126547694,0.0003393411170691252,0.0003404649905860424
1993-10-04,7.859385368647054e-05,8.484117279294878e-05,9.171613055514172e-05,7.384628406725824e-05,7.751578959869221e-05,8.234886627178639e-05
1993-10-05,9.929171210387722e-05,0.00011072203051298857,0.0001173531636595726,8.427303691860288e-05,9.314124326920137e-05,9.780211257748306e-05
1993-10-06,1.0672546295609209e-06,8.056512115217629e-07,7.076528731886356e-07,2.471171001161565e-06,1.8100853367286618e-06,1.4766063713977928e-06
1993-10-07,5.036326001572888e-06,3.3885764878505142e-06,2.7139785743202083e-06,7.416968855977757e-06,5.529432655748678e-06,4.425904990057461e-06
1993-10-08,0.0,0.0,0.0,0.0,0.0,0.0
1993-10-09,0.0,0.0,0.0,0.0,0.0,0.0
1993-10-10,0.0,0.0,0.0,0.0,0.0,0.0
1993-10-11,0.0,0.0,0.0,0.0,0.0,0.0
1993-10-12,0.0,0.0,0.0,0.0,0.0,0.0
1993-10-13,0.0,0.0,0.0,0.0,0.0,0.0
1993-10-14,0.0,0.0,0.0,0.0,0.0,0.0
1993-10-15,0.0,0.0,0.0,0.0,0.0,0.0
1993-10-16,2.7580995265452657e-06,2.733659812292899e-06,2.279108002767316e-06,1.9368360426597064e-06,1.9047306523134466e-06,1.5769331866977154e-06
1993-10-17,6.373489304678515e-05,6.677082274109125e-05,7.107922283466905e-05,4.606028596754186e-05,4.788628575624898e-05,5.027930092182942e-05
1993-10-18,7.885789818828925e-05,8.587779302615672e-05,8.799681381788105e-05,7.832940173102543e-05,8.820573566481471e-05,9.448690980207175e-05
1993-10-19,0.00026838728808797896,0.0002575720427557826,0.0002404067781753838,0.0002628131187520921,0.0002533906081225723,0.0002401564415777102
1993-10-20,1.1423776413721498e-06,1.4881915149089764e-06,1.8745848819889943e-06,2.5297808861068916e-06,3.2822285902511794e-06,4.1543339648342226e-06
1993-10-21,1.4957117855374236e-06,1.0543989219513605e-06,8.378825100407994e-07,3.27273846778553e-06,2.434647512927768e-06,1.9251701814937405e-06
1993-10-22,2.3876440536696464e-05,2.3269336452358402e-05,2.1837644453626126e-05,2.7196903829462826e-05,2.6369198167230934e-05,2.433370173093863e-05
1993-10-23,0.0,0.0,0.0,0.0,0.0,0.0
1993-10-24,0.0,0.0,0.0,0.0,0.0,0.0
1993-10-25,0.0,0.0,0.0,0.0,0.0,0.0
1993-10-26,0.0,0.0,0.0,0.0,0.0,0.0
1993-10-27,0.0,0.0,0.0,0.0,0.0,0.0
1993-10-28,0.0,0.0,0.0,0.0,0.0,0.0
1993-10-29,0.0,0.0,0.0,0.0,0.0,0.0
1993-10-30,1.1604795417952118e-06,7.649344979654416e-07,6.117607540545578e-07,2.630446260809549e-06,1.764081503097259e-06,1.403374540132063e-06
1993-10-31,4.347921276348643e-06,4.012787940155249e-06,4.0965333027997985e-06,2.9447944598359754e-06,2.6835502922040178e-06,2.71843737209565e-06
1993-11-01,0.00016228864842560142,0.00017346348613500595,0.00018163204367738217,0.0001475587341701612,0.0001535597548354417,0.0001586183498147875
1993-11-02,6.813232903368771e-05,7.326620107050985e-05,7.869269757065922e-05,6.242343079065904e-05,6.51159425615333e-05,6.931654206709936e-05
1993-11-03,0.0,0.0,0.0,0.0,0.0,0.0
1993-11-04,0.0,0.0,0.0,0.0,0.0,0.0
1993-11-05,0.0,0.0,0.0,0.0,0.0,0.0
1993-11-06,0.0,0.0,0.0,0.0,0.0,0.0
1993-11-07,0.0,0.0,0.0,0.0,0.0,0.0
1993-11-08,0.0,0.0,0.0,0.0,0.0,0.0
1993-11-09,4.8127465561265126e-05,5.1041715778410435e-05,5.510278060683049e-05,4.616082878783345e-05,4.806989090866409e-05,5.1357266784179956e-05
1993-11-10,0.0,0.0,0.0,0.0,0.0,0.0
1993-11-11,0.0,0.0,0.0,0.0,0.0,0.0
1993-11-12,0.0,0.0,0.0,0.0,0.0,0.0
1993-11-13,0.0,0.0,0.0,0.0,0.0,0.0
1993-11-14,2.1268513137329137e-06,2.785825699902489e-06,3.523989789755433e-06,1.428608811693266e-06,1.8952164282382e-06,2.4915989342844114e-06
1993-11-15,0.0,0.0,0.0,0.0,0.0,0.0
1993-11-16,2.477008642642886e-08,2.553656770487578e-07,7.295315072042285e-07,1.6610902875413558e-08,1.6819552683955408e-07,4.778586912834726e-07
1993-11-17,3.720629320014268e-05,3.441020817263052e-05,3.087791264988482e-05,2.6141462512896396e-05,2.4030516215134412e-05,2.2077123503549956e-05
1993-11-18,2.154873982362915e-06,1.9169926872564247e-06,2.140492370017455e-06,1.4448165757130482e-06,1.2618979781109374e-06,1.4012751989866956e-06
1993-11-19,0.0,0.0,0.0,0.0,0.0,0.0
1993-11-20,0.0,0.0,0.0,0.0,0.0,0.0
1993-11-21,1.4626796655647922e-05,1.8452910808264278e-05,2.257766027469188e-05,9.804159162740689e-06,1.2301805327297188e-05,1.5276036720024422e-05
1993-11-22,0.0,1.1710938707665264e-07,3.625019644459826e-07,0.0,7.700418791500852e-08,2.3705467810941627e-07
1993-11-23,0.0,0.0,0.0,0.0,0.0,0.0
1993-11-24,0.0,0.0,0.0,0.0,0.0,0.0
1993-11-25,3.4179571230197325e-05,4.7254437959054485e-05,6.410830974346027e-05,2.3120697733247653e-05,3.4743694413919e-05,5.276330193737522e-05
1993-11-26,1.8953318203784875e-06,2.1576997824013233e-06,2.1201094568823464e-06,1.2696951898760744e-06,1.691924580882187e-06,2.2316114609566284e-06
1993-11-27,0.0,0.0,0.0,0.0,0.0,0.0
1993-11-28,0.00013668625615537167,0.0001392042322549969,0.00014063256094232202,0.00012485530169215053,0.00012458818673621863,0.00012443748710211366
1993-11-29,4.435745992736884e-09,0.0,0.0,1.0354847645999143e-08,0.0,0.0
1993-11-30,1.7146588593419665e-09,0.0,0.0,4.002236320133079e-09,0.0,0.0
1993-12-01,0.0003852974623441696,0.0004134267510380596,0.00043163439841009676,0.00036936174728907645,0.0003891879168804735,0.00040469650411978364
1993-12-02,0.0,0.0,0.0,0.0,0.0,0.0
1993-12-03,8.296098599203106e-07,2.1365903535297548e-07,1.862516967321426e-07,1.2978846370970132e-06,4.784449174621841e-07,3.925134706150857e-07
1993-12-04,3.969682438764721e-06,3.4512572710809764e-06,2.780561544568627e-06,4.154001089773374e-06,3.501156243146397e-06,2.8055669645254966e-06
1993-12-05,0.0,0.0,0.0,0.0,0.0,0.0
1993-12-06,2.1141966499271803e-05,2.1678053599316627e-05,2.148634121112991e-05,2.2023008568794467e-05,2.2215061107999645e-05,2.2044310753699392e-05
1993-12-07,0.0,0.0,0.0,0.0,0.0,0.0
1993-12-08,7.759992513456382e-06,6.6081684053642675e-06,5.4306970014295075e-06,9.135446816799231e-06,7.869190994824748e-06,6.541754828504054e-06
1993-12-09,1.6308257499986212e-07,2.5883289822559163e-07,4.0889901242735505e-07,3.80279459477606e-07,5.911763878430065e-07,9.289150284530479e-07
1993-12-10,2.7292253435007297e-06,2.8348447358439444e-06,2.677519205462886e-06,6.363481134030735e-06,6.473947905760724e-06,6.081847914174432e-06
1993-12-11,7.910804242783342e-07,9.098959026232478e-07,9.070345186046325e-07,1.8443278122504125e-06,2.0776774363184813e-06,2.060029373751604e-06
1993-12-12,0.0,0.0,0.0,0.0,0.0,0.0
1993-12-13,0.0,0.0,0.0,0.0,0.0,0.0
1993-12-14,0.0,0.0,0.0,0.0,0.0,0.0
1993-12-15,0.0,0.0,0.0,0.0,0.0,0.0
1993-12-16,0.0,0.0,0.0,0.0,0.0,0.0
1993-12-17,7.750173836029717e-07,1.1577651548577705e-06,2.168932041968219e-06,5.18125318649254e-07,8.379998348573281e-07,1.6605170003458625e-06
1993-12-18,0.0,0.0,0.0,0.0,0.0,0.0
1993-12-19,4.711602014140226e-05,5.1120485295541584e-05,5.64319925615564e-05,5.542473081732169e-05,5.9347683418309316e-05,6.487648352049291e-05
1993-12-20,8.490844152220234e-07,8.23183370357583e-07,7.963733992255584e-07,1.927492121467367e-06,1.8783642872222117e-06,1.8073646970151458e-06
1993-12-21,6.774142093490809e-05,6.552963895956054e-05,6.38017154415138e-05,8.311160490848124e-05,8.022176189115271e-05,7.776307757012546e-05
1993-12-22,1.538948140478169e-06,2.654243871802464e-06,5.960219368716935e-06,2.380468686169479e-06,2.9413886295515113e-06,5.198943199502537e-06
1993-12-23,0.0002425109560135752,0.000244406663114205,0.00024015673261601478,0.0002536537067499012,0.00025258591631427407,0.0002472919877618551
1993-12-24,0.00011170608195243403,0.00012406654423102736,0.0001344390620943159,0.00011366864782758057,0.00012522524048108608,0.00013676972594112158
1993-12-25,4.7902958044687693e-08,9.327076355702957e-08,2.1144697370800714e-07,3.201984810630165e-08,6.104829708419857e-08,1.3764196182819433e-07
1993-12-26,0.0,0.0,0.0,0.0,0.0,0.0
1993-12-27,0.0,0.0,0.0,0.0,0.0,0.0
1993-12-28,0.0,0.0,0.0,0.0,0.0,0.0
1993-12-29,0.0,0.0,0.0,0.0,0.0,0.0
1993-12-30,0.0,0.0,0.0,0.0,0.0,0.0
1993-12-31,2.3550703645014437e-06,1.8986544318977394e-06,1.7538542351758224e-06,4.904492470814148e-06,4.317877937864978e-06,3.933966581826098e-06
1994-01-01,1.486345809098566e-05,1.5015084500191733e-05,1.3909398148825858e-05,1.550321394461207e-05,1.5234515558404382e-05,1.411822177033173e-05
1994-01-02,1.3497983673005365e-06,6.739080049555923e-08,8.802079065617363e-08,9.026166480907705e-07,4.412299503542272e-08,5.7307214973434384e-08
1994-01-03,2.5731714003995876e-07,0.0,0.0,1.767123478657595e-07,0.0,0.0
1994-01-04,5.040592895966256e-06,3.9822575672587845e-06,3.2290433864545776e-06,5.065716777608031e-06,3.901604486600263e-06,3.1458112061955035e-06
1994-01-05,1.1473825907160062e-06,6.543555741700402e-07,5.306376920088951e-07,2.455952653690474e-06,1.493787294748472e-06,1.2045110224789823e-06
1994-01-06,0.0001268954947590828,0.000129842315800488,0.00012698389764409512,0.00013727920304518193,0.00013912002032157034,0.00013807778304908425
1994-01-07,3.4565514397399966e-06,5.447781859402312e-06,8.523807082383428e-06,2.312501010237611e-06,3.7436341244756477e-06,6.096943707234459e-06
1994-01-08,1.4513674386762432e-06,1.2807410030291067e-06,1.1025872481695842e-06,9.711012580737588e-07,8.399661055591423e-07,7.213410526674124e-07
1994-01-09,0.0,0.0,0.0,0.0,0.0,0.0
1994-01-10,1.382363556956534e-08,1.566693219601234e-09,4.9020836279112245e-09,3.225007816354264e-08,3.578046303687188e-09,1.1131347399384595e-08
1994-01-11,0.0,0.0,0.0,0.0,0.0,0.0
1994-01-12,1.1223243063795962e-06,0.0,0.0,1.0034596016339492e-06,0.0,0.0
1994-01-13,0.00010674128134269267,0.00011506798909977078,0.0001178712846012786,0.00012582614726852626,0.00013213916099630296,0.0001351937826257199
1994-01-14,2.6249415896018036e-05,2.7784813937614672e-05,2.799414869514294e-05,2.3732587578706443e-05,2.4780192688922398e-05,2.5306078896392137e-05
1994-01-15,4.0769314182398375e-06,3.6400310818862636e-06,3.1329773264587857e-06,8.760649507166818e-06,8.260568392870482e-06,7.071575055306312e-06
1994-01-16,0.0,0.0,0.0,0.0,0.0,0.0
1994-01-17,1.1836032172141131e-05,1.2263146345503628e-05,1.2659973435802385e-05,1.0064940397569444e-05,9.888038221106399e-06,9.98272662400268e-06
1994-01-18,7.17390548743424e-06,7.071259005897446e-06,6.205309091456002e-06,8.961728781287093e-06,8.744766091695055e-06,7.893501788203139e-06
1994-01-19,0.0,0.0,0.0,0.0,0.0,0.0
1994-01-20,3.83329599173976e-08,0.0,0.0,2.5687766580517746e-08,0.0,0.0
1994-01-21,8.62047090777196e-06,8.72669625096023e-06,9.232368029188365e-06,8.068075658229645e-06,8.065647307375912e-06,8.314136721310206e-06
1994-01-22,3.841586604380609e-08,0.0,0.0,2.5749699261723435e-08,0.0,0.0
1994-01-23,2.3238526409841143e-05,2.5933448341675103e-05,2.766126999631524e-05,1.7775819287635386e-05,1.9479664842947386e-05,2.1230331185506657e-05
1994-01-24,0.0,0.0,0.0,0.0,0.0,0.0
1994-01-25,0.00014796222967561334,0.00015800479741301388,0.00016302018775604665,0.00013330348883755505,0.00013920935452915728,0.0001426186936441809
1994-01-26,7.00812233844772e-05,7.912129512988031e-05,8.87553978827782e-05,7.720486610196531e-05,8.459542732452974e-05,9.240965300705284e-05
1994-01-27,0.0,0.0,0.0,0.0,0.0,0.0
1994-01-28,0.0,1.1207661287926385e-07,3.5049055213676183e-07,0.0,7.354709907758661e-08,2.2868994165037293e-07
1994-01-29,1.9796671040239744e-05,2.067858622467611e-05,2.1347039364627562e-05,2.0179704733891413e-05,2.0805235180887394e-05,2.1414500224636868e-05
1994-01-30,0.0,0.0,0.0,0.0,0.0,0.0
1994-01-31,0.0,0.0,0.0,0.0,0.0,0.0
1994-02-01,0.0,0.0,0.0,0.0,0.0,0.0
1994-02-02,4.793209882336669e-05,4.654639633372426e-05,4.3055260903202e-05,4.9791426135925576e-05,4.707380139734596e-05,4.306129631004296e-05
1994-02-03,0.00011004491534549743,0.00011705483484547585,0.00011658221774268895,9.264145774068311e-05,9.676304034655914e-05,9.680213406682014e-05
1994-02-04,7.815664139343426e-05,9.678780770627782e-05,0.00011689442908391356,7.108629506547004e-05,8.718770550331101e-05,0.00010618015949148685
1994-02-05,0.0,0.0,0.0,0.0,0.0,0.0
1994-02-06,0.0,0.0,0.0,0.0,0.0,0.0
1994-02-07,0.0,0.0,0.0,0.0,0.0,0.0
1994-02-08,0.0,0.0,0.0,0.0,0.0,0.0
1994-02-09,4.735969469038537e-06,4.35849233326735e-06,3.8763132579333615e-06,4.889368938165717e-06,4.436818471731385e-06,3.922043106285855e-06
1994-02-10,7.754947546345647e-07,6.51323830425099e-07,5.940812570770504e-07,1.8134944639314199e-06,1.4905102716511465e-06,1.3523606412491063e-06
1994-02-11,7.60068769523059e-06,7.339941021200502e-06,6.376629698934266e-06,9.789959221961908e-06,9.370992302137893e-06,8.209097359213047e-06
1994-02-12,0.0,0.0,0.0,0.0,0.0,0.0
1994-02-13,9.668813436292112e-05,0.00010382007894804701,0.00010532854503253475,9.952436084859073e-05,0.0001050980354193598,0.0001064302196027711
1994-02-14,2.369642061239574e-05,2.102522375935223e-05,1.7780810594558716e-05,2.2272588466876186e-05,1.9272158169769682e-05,1.645817610551603e-05
1994-02-15,3.200681385351345e-05,3.529831883497536e-05,3.83781771233771e-05,3.447889321250841e-05,3.668208228191361e-05,3.9338636270258576e-05
1994-02-16,9.066393977263942e-05,9.506734932074323e-05,9.590583795215935e-05,8.277621964225546e-05,8.50101641844958e-05,8.506645826855674e-05
1994-02-17,8.600848377682269e-05,9.212511940859258e-05,9.51305337366648e-05,8.135526877595112e-05,8.6063431808725e-05,8.945176523411646e-05
1994-02-18,0.00020776112796738744,0.00021402566926553845,0.00020795750606339425,0.0002426762948743999,0.0002455910434946418,0.0002396525233052671
1994-02-19,9.333525667898357e-05,0.00010140495578525588,0.00010609612218104303,9.989444515667856e-05,0.00010742774611571804,0.00011296872253296897
1994-02-20,5.712706843041815e-05,6.248934369068593e-05,6.39348872937262e-05,5.4853073379490525e-05,5.9446581872180104e-05,6.22533552814275e-05
1994-02-21,1.2017901099170558e-05,1.1989597624051385e-05,1.1150907084811479e-05,1.1849178008560557e-05,1.1631434972514398e-05,1.0668778486433439e-05
1994-02-22,5.9865028561034705e-06,6.853842023701873e-06,7.4878403211187106e-06,8.375830475415569e-06,9.077883078134619e-06,8.869927114574239e-06
1994-02-23,6.882022717036307e-05,7.293051021406427e-05,7.540943624917418e-05,6.635620229644701e-05,6.856927211629227e-05,7.011688285274431e-05
1994-02-24,1.0931087672361173e-05,1.146443719335366e-05,1.2637894542422146e-05,1.3940945791546255e-05,1.420061835233355e-05,1.4996345271356404e-05
1994-02-25,6.761929398635402e-07,7.267521482390293e-07,6.387357984749542e-07,1.5783350590936607e-06,1.6622071825622697e-06,1.454124912925181e-06
1994-02-26,0.0,0.0,0.0,0.0,0.0,0.0
1994-02-27,0.0,0.0,0.0,0.0,0.0,0.0
1994-02-28,0.0,0.0,0.0,0.0,0.0,0.0
1994-03-01,0.0,0.0,0.0,0.0,0.0,0.0
1994-03-02,7.293679118447471e-06,4.698446446127491e-06,3.7929405607428635e-06,1.4420988009078428e-05,1.0743094208010007e-05,8.633828656456899e-06
1994-03-03,8.089034236036241e-05,7.378954614978284e-05,6.424058665288612e-05,0.00011946281301788986,0.00010849186219274998,9.536336438031867e-05
1994-03-04,0.0001144081397796981,0.0001160814572358504,0.0001126135975937359,0.0001362903421977535,0.00013605275307781994,0.00013216522347647697
1994-03-05,8.62285669427365e-05,8.846626587910578e-05,8.765081292949617e-05,9.750090248417109e-05,9.92367131402716e-05,9.852372022578493e-05
1994-03-06,6.484170853582327e-07,6.326333732431522e-07,5.218551564212248e-07,5.76787670070189e-07,4.6652652940792905e-07,4.00644836417996e-07
1994-03-07,5.570634311879985e-05,5.576543480856344e-05,5.545866588363424e-05,4.9655129259917885e-05,4.880673805018887e-05,4.8204510676441714e-05
1994-03-08,0.00014628807548433542,0.0001625184086151421,0.00017565886082593352,0.00015710075967945158,0.00017147684411611408,0.0001831538393162191
1994-03-09,6.27449026069371e-06,5.6452377066307236e-06,5.090695140097523e-06,1.0955245670629665e-05,1.0409145033918321e-05,9.58213786361739e-06
1994-03-10,8.695548814330323e-08,0.0,0.0,2.0247671272954904e-07,0.0,0.0
1994-03-11,0.00011589362839004025,0.0001237217802554369,0.0001259198470506817,0.00011629860091488808,0.0001224511070176959,0.0001254308590432629
1994-03-12,6.662189844064415e-05,7.214381912490353e-05,7.633141649421304e-05,6.643485539825633e-05,7.120490772649646e-05,7.564222323708236e-05
1994-03-13,0.0,0.0,0.0,0.0,0.0,0.0
1994-03-14,0.0,0.0,0.0,0.0,0.0,0.0
1994-03-15,5.5174179578898475e-05,4.751918822876178e-05,3.9694517909083515e-05,6.648620910709724e-05,5.712826532544568e-05,4.843222995987162e-05
1994-03-16,5.2658204367617145e-05,5.9238082030788064e-05,6.331110489554703e-05,4.972154420102015e-05,5.585927647189237e-05,6.008711352478713e-05
1994-03-17,0.0,0.0,0.0,0.0,0.0,0.0
1994-03-18,0.0,0.0,0.0,0.0,0.0,0.0
1994-03-19,7.004589861026034e-05,6.977921293582767e-05,6.644240056630224e-05,7.513422315241769e-05,7.44295321055688e-05,7.150988676585257e-05
1994-03-20,6.695012416457757e-05,7.269695197464898e-05,7.835839642211795e-05,6.731793837388977e-05,7.201400876510888e-05,7.781510794302449e-05
1994-03-21,1.0469292988091183e-07,0.0,0.0,2.433437487070478e-07,0.0,0.0
1994-03-22,2.724786099861376e-06,2.353340278204996e-06,1.8961138721351745e-06,6.332531938824104e-06,5.377300567488419e-06,4.3143909351783805e-06
1994-03-23,8.822521340334788e-05,9.4278046162799e-05,9.294023766415194e-05,9.132130799116567e-05,9.697474160930142e-05,9.672977466834709e-05
1994-03-24,2.28131580115587e-06,1.952403636096278e-06,1.7199581634486094e-06,4.059534148836974e-06,3.7643726500391494e-06,3.354666205268586e-06
1994-03-25,0.0,0.0,0.0,0.0,0.0,0.0
1994-03-26,1.366153810522519e-06,7.502881658183469e-07,9.590983154339483e-07,2.4113780909829075e-06,1.627071128496027e-06,1.9120884644507896e-06
1994-03-27,1.0339762468447589e-07,0.0,0.0,2.401625636139215e-07,0.0,0.0
1994-03-28,0.0,0.0,0.0,0.0,0.0,0.0
1994-03-29,0.0,0.0,0.0,0.0,0.0,0.0
1994-03-30,1.3695113239009515e-06,1.6260382835753262e-06,1.7230919411304058e-06,2.7531548312254017e-06,3.2417362945125205e-06,3.4706602036749246e-06
1994-03-31,0.0,0.0,0.0,0.0,0.0,0.0
1994-04-01,0.0,0.0,0.0,0.0,0.0,0.0
1994-04-02,0.0,0.0,0.0,0.0,0.0,0.0
1994-04-03,0.0,0.0,0.0,0.0,0.0,0.0
1994-04-04,0.0,0.0,0.0,0.0,0.0,0.0
1994-04-05,0.0,0.0,0.0,0.0,0.0,0.0
1994-04-06,0.00012072786194039509,0.00010345096234232187,8.542061550542712e-05,0.00011999304842902347,0.00010313723760191351,8.636958955321461e-05
1994-04-07,2.524889168853406e-05,2.140716060239356e-05,2.2031601474736817e-05,3.475176345091313e-05,3.044170262000989e-05,2.947626489913091e-05
1994-04-08,2.2860883746034233e-06,3.044047161893104e-06,6.357736765494337e-06,5.209258233662695e-06,4.883499514107825e-06,8.067908311204519e-06
1994-04-09,0.0,0.0,0.0,0.0,0.0,0.0
1994-04-10,0.0,1.2791335279871419e-07,3.9606223367627535e-07,0.0,2.926323929841601e-07,9.024039968608122e-07
1994-04-11,0.0,0.0,0.0,0.0,0.0,0.0
1994-04-12,0.0,0.0,0.0,0.0,0.0,0.0
1994-04-13,0.0,0.0,0.0,0.0,0.0,0.0
1994-04-14,0.0,0.0,0.0,0.0,0.0,0.0
1994-04-15,0.0,0.0,0.0,0.0,0.0,0.0
1994-04-16,0.0,0.0,0.0,0.0,0.0,0.0
1994-04-17,0.0,0.0,0.0,0.0,0.0,0.0
1994-04-18,0.0001401335612172261,0.0001311754749622196,0.00011917738447664306,0.00015433401858899742,0.00014709240349475294,0.0001358978042844683
1994-04-19,8.402740786550567e-05,8.979424455901608e-05,9.82954225037247e-05,8.991057256935164e-05,9.533155389362946e-05,0.00010380533058196306
1994-04-20,1.5515402992605232e-05,1.5743742551421747e-05,1.5039117897686083e-05,1.4818223462498281e-05,1.4849186300125439e-05,1.4792843103350606e-05
1994-04-21,2.93708908429835e-05,2.9478638680302538e-05,2.935028896899894e-05,3.143809226457961e-05,3.147680763504468e-05,3.1392839446198195e-05
1994-04-22,3.7878116927458905e-06,3.5812895475828554e-06,3.18914680974558e-06,8.794297173153609e-06,8.210657142626587e-06,7.284799721674062e-06
1994-04-23,8.759348929743282e-06,9.350505024485756e-06,9.046610102814157e-06,2.0338076865300536e-05,2.1442354409373365e-05,2.0670473531936295e-05
1994-04-24,2.255873187095858e-05,2.2240967155084945e-05,2.2189327864907682e-05,2.7190622859052382e-05,2.6785219233715907e-05,2.7202961064176634e-05
1994-04-25,0.0,0.0,0.0,0.0,0.0,0.0
1994-04-26,0.0,0.0,0.0,0.0,0.0,0.0
1994-04-27,0.0,0.0,0.0,0.0,0.0,0.0
1994-04-28,0.0,0.0,0.0,0.0,0.0,0.0
1994-04-29,1.5248566342052072e-05,3.906958227162249e-06,3.11255735141458e-06,1.3159117770555895e-05,2.5740089313330827e-06,2.043996801148751e-06
1994-04-30,9.982722986023873e-05,9.686858538771048e-05,8.047633309615776e-05,8.952625648817047e-05,8.395926124649122e-05,6.883882451802492e-05
1994-05-01,3.5914811178372474e-06,2.889331881306134e-06,2.2995677682047244e-06,6.3470174609392416e-06,5.209576556808315e-06,4.133409674977884e-06
1994-05-02,0.0001854276197263971,0.0001999831583816558,0.00020983864669688046,0.00018588265811558813,0.00019686741870827973,0.00020330867846496403
1994-05-03,0.00014063954586163163,0.0001696397812338546,0.00020487821893766522,0.00017036887584254146,0.00020096539810765535,0.0002382099919486791
1994-05-04,1.4581245295630652e-06,2.701417315620347e-06,5.083526048110798e-06,3.3883979995152913e-06,4.899600753560662e-06,7.644226570846513e-06
1994-05-05,4.799318276127451e-07,3.932330230327352e-07,6.357273036883271e-07,1.024733478516282e-06,9.046414106705924e-07,1.458482302041375e-06
1994-05-06,0.0,0.0,0.0,0.0,0.0,0.0
1994-05-07,0.0,0.0,0.0,0.0,0.0,0.0
1994-05-08,0.0,0.0,0.0,0.0,0.0,0.0
1994-05-09,0.0,0.0,0.0,0.0,0.0,0.0
1994-05-10,0.0,0.0,0.0,0.0,0.0,0.0
1994-05-11,0.0,0.0,0.0,0.0,0.0,0.0
1994-05-12,8.091885320027359e-06,5.982831680739764e-06,6.63757418806199e-06,1.145105852629058e-05,8.349765266757458e-06,7.850378096918575e-06
1994-05-13,1.5570655875762895e-07,0.0,0.0,3.621100290729373e-07,0.0,0.0
1994-05-14,0.0,0.0,0.0,0.0,0.0,0.0
1994-05-15,0.0,0.0,0.0,0.0,0.0,0.0
1994-05-16,0.0,0.0,0.0,0.0,0.0,0.0
1994-05-17,0.0,0.0,0.0,0.0,0.0,0.0
1994-05-18,3.7076697481097654e-06,3.0871149192535086e-06,2.4363580450881273e-06,8.625869668321684e-06,7.129999175958801e-06,5.619073817797471e-06
1994-05-19,0.00015756109496578574,0.00015841564163565636,0.00015389116015285254,0.00015346855798270553,0.00015415920643135905,0.0001521481026429683
1994-05-20,3.495784039841965e-05,4.14089226978831e-05,4.5753142330795527e-05,2.8733296858263202e-05,3.4290602343389764e-05,3.869107604259625e-05
1994-05-21,0.0,0.0,0.0,0.0,0.0,0.0
1994-05-22,0.0,0.0,0.0,0.0,0.0,0.0
1994-05-23,2.9279713999130763e-05,2.8964503144379705e-05,2.6588886612444185e-05,2.8430798920453526e-05,2.8235539502929896e-05,2.689738539629616e-05
1994-05-24,1.2185674904685584e-06,3.548788640728162e-07,2.793780424781289e-07,1.659777240092808e-06,8.210489568227786e-07,6.458962502620125e-07
1994-05-25,1.2263534699741285e-05,1.290209183935076e-05,1.1760155757656321e-05,8.188179890566971e-06,8.565417374484241e-06,7.802467735018581e-06
1994-05-26,0.0,0.0,0.0,0.0,0.0,0.0
1994-05-27,0.0002396323689026758,0.0002617849677335471,0.00028975241002626717,0.0002154575486201793,0.00023174597299657762,0.00025221932446584105
1994-05-28,0.00012749663437716663,0.0001420601474819705,0.00015730246377643198,8.579921268392354e-05,9.668275743024424e-05,0.00010993747127940878
1994-05-29,3.153754050799762e-06,3.567818794181221e-06,3.7094482649990823e-06,2.1060852759546833e-06,2.371044502069708e-06,2.4647270038258284e-06
1994-05-30,1.6665410385030555e-06,4.526205430011032e-06,9.883630809781607e-06,1.7376582945871633e-06,4.611366875906242e-06,9.99598705675453e-06
1994-05-31,4.823388053409872e-07,1.249689148608013e-06,2.677132442840957e-06,1.1229171832383145e-06,2.816467713273596e-06,5.962779141555075e-06
1994-06-01,0.0,5.233829369899468e-07,1.5853657941988786e-06,0.0,1.2133332347730175e-06,3.6757930956810014e-06
1994-06-02,0.0,2.9916884614067385e-07,9.059989451998263e-07,0.0,3.5029023592869635e-07,1.0610727940729703e-06
1994-06-03,4.30913241871167e-05,4.4057549530407414e-05,4.3374519009375945e-05,5.012633482692763e-05,5.160864020581357e-05,5.095830056234263e-05
1994-06-04,0.0,0.0,0.0,0.0,0.0,0.0
1994-06-05,0.0,0.0,0.0,0.0,0.0,0.0
1994-06-06,0.0,0.0,0.0,0.0,0.0,0.0
1994-06-07,1.0196784387517255e-05,9.032713023771066e-06,9.657043847255409e-06,7.964724318298977e-06,6.014062819303945e-06,6.43443036096869e-06
1994-06-08,0.00010722333536250517,0.00010079870844492689,9.127517114393413e-05,0.00010464374645380303,9.833242074819282e-05,8.960164996096864e-05
1994-06-09,0.00013568150461651385,0.00013770192163065076,0.0001383401540806517,0.0001375850843032822,0.00013979655341245234,0.0001418639876646921
1994-06-10,4.711857854999835e-06,0.0,0.0,4.539873771136627e-06,0.0,0.0
1994-06-11,8.666185749461874e-05,8.728611283004284e-05,8.696549775777385e-05,8.860652451403439e-05,8.886091382009909e-05,8.91732270247303e-05
1994-06-12,0.0,0.0,0.0,0.0,0.0,0.0
1994-06-13,3.244050094508566e-05,3.13572927552741e-05,2.9176942916819826e-05,2.1813806597492658e-05,2.1339079466997646e-05,2.0470741219469346e-05
1994-06-14,0.0,1.078595435188845e-08,3.2626449097961085e-08,0.0,2.505637652916448e-08,7.589148509623556e-08
1994-06-15,0.00014945221482776105,0.00015003794396761805,0.00014326820382848382,0.00014626183838117868,0.00014736418961547315,0.0001431845303159207
1994-06-16,0.0,1.52268682995782e-06,4.606441507348791e-06,0.0,1.0148862656933488e-06,3.0746437005291227e-06
1994-06-17,0.0,0.0,0.0,0.0,0.0,0.0
1994-06-18,7.217312486318406e-06,3.7569589039776474e-06,3.1346921787189785e-06,4.8191009227593895e-06,2.6429474928590935e-06,2.512914079488837e-06
1994-06-19,0.0,0.0,0.0,0.0,0.0,0.0
1994-06-20,0.0,0.0,0.0,0.0,0.0,0.0
1994-06-21,6.768168532289565e-06,9.379459697811399e-06,1.4262351214711089e-05,4.828251803701278e-06,6.463305453507928e-06,1.0163030310650356e-05
1994-06-22,0.00012389627227094024,0.0001270002539968118,0.00012701546074822545,0.0001277985138585791,0.00013126882549840957,0.00013140743249095976
1994-06-23,1.9908304238924757e-05,2.4424509319942445e-05,2.9864077077945694e-05,1.3288726222526748e-05,1.7148036931757815e-05,2.2572523448616266e-05
1994-06-24,5.3650670452043414e-05,5.1520335546229035e-05,5.017462535761297e-05,5.541128120967187e-05,5.4609172366326675e-05,5.259402314550243e-05
1994-06-25,9.198565180668083e-07,8.319084940922039e-07,1.1546355835889699e-06,1.5966296587066608e-06,1.5778623492224142e-06,1.6100108268801705e-06
1994-06-26,0.0,0.0,0.0,0.0,0.0,0.0
1994-06-27,0.0,2.772477785129013e-07,8.404160780628445e-07,0.0,6.441075584007194e-07,1.956255573531962e-06
1994-06-28,5.776790203526616e-05,5.914841312915087e-05,5.931190025876276e-05,6.602540815947577e-05,6.743181438650936e-05,6.692003080388531e-05
1994-06-29,0.0,0.0,0.0,0.0,0.0,0.0
1994-06-30,0.0,0.0,0.0,0.0,0.0,0.0
1994-07-01,0.00014294795983005315,0.00014330848352983594,0.00014048350567463785,0.0001481049257563427,0.00014903124247211963,0.00014691826072521508
1994-07-02,8.738038741284981e-05,8.634296682430431e-05,8.513451757607982e-05,8.821296796668321e-05,8.708327368367463e-05,8.472934132441878e-05
1994-07-03,0.0,0.0,0.0,0.0,0.0,0.0
1994-07-04,0.0,0.0,0.0,0.0,0.0,0.0
1994-07-05,0.0,0.0,0.0,0.0,0.0,0.0
1994-07-06,0.0,0.0,0.0,0.0,0.0,0.0
1994-07-07,0.0,0.0,0.0,0.0,0.0,0.0
1994-07-08,0.0,0.0,0.0,0.0,0.0,0.0
1994-07-09,0.0,0.0,0.0,0.0,0.0,0.0
1994-07-10,0.0,0.0,0.0,0.0,0.0,0.0
1994-07-11,0.0,0.0,0.0,0.0,0.0,0.0
1994-07-12,9.326785220764577e-05,8.993474330054596e-05,8.266281656688079e-05,0.00010155890777241439,9.888758359011263e-05,9.266858251066878e-05
1994-07-13,0.00018004453158937395,0.00018580460164230317,0.00019079008779954165,0.00019359774887561798,0.00019889856048393995,0.00020256427524145693
1994-07-14,0.00017866787675302476,0.0001972950267372653,0.00021418709366116673,0.00019113793678116053,0.0002109788329107687,0.0002299737825524062
1994-07-15,0.0,8.468011856166413e-07,2.5858471417450346e-06,0.0,1.9604372027970385e-06,5.997680091240909e-06
1994-07-16,0.0,0.0,0.0,0.0,0.0,0.0
1994-07-17,0.0,0.0,0.0,0.0,0.0,0.0
1994-07-18,3.5555267459130846e-06,1.7860844536699005e-06,1.4782160633330932e-06,4.46390686192899e-06,2.921811756095849e-06,2.4645680696266936e-06
1994-07-19,0.0,0.0,0.0,0.0,0.0,0.0
1994-07-20,0.0,0.0,0.0,0.0,0.0,0.0
1994-07-21,0.00010509969433769584,0.0001067614575731568,0.00010385410132585093,0.00011646010534605011,0.0001175103971036151,0.00011195103434147313
1994-07-22,0.00011541090498212725,0.00012474157847464085,0.00011882589751621708,0.00013915733143221587,0.00014718022430315614,0.00013898132601752877
1994-07-23,2.3513826818089e-05,2.3575663362862542e-05,2.163002864108421e-05,4.0297614759765565e-05,4.187412923783995e-05,4.0022066968958825e-05
1994-07-24,7.599818491144106e-05,7.351488602580503e-05,6.91438908688724e-05,7.828478555893525e-05,7.613471825607121e-05,7.339151488849893e-05
1994-07-25,8.089411858236417e-05,8.986199100036174e-05,9.988722013076767e-05,7.628784806001931e-05,8.388877904508263e-05,9.423047595191747e-05
1994-07-26,0.0,0.0,0.0,0.0,0.0,0.0
1994-07-27,0.0,0.0,0.0,0.0,0.0,0.0
1994-07-28,0.0,0.0,0.0,0.0,0.0,0.0
1994-07-29,0.0,0.0,0.0,0.0,0.0,0.0
1994-07-30,6.813947402406484e-05,6.889782525831833e-05,6.911830860190094e-05,6.797226524213329e-05,6.887411291245371e-05,6.944625783944502e-05
1994-07-31,0.0,0.0,0.0,0.0,0.0,0.0
1994-08-01,0.0,0.0,0.0,0.0,0.0,0.0
1994-08-02,0.0,0.0,0.0,0.0,0.0,0.0
1994-08-03,2.345105258427793e-06,6.693054501738516e-07,5.343405860003259e-07,3.245726475142874e-06,1.5401069504150655e-06,1.230626708093041e-06
1994-08-04,8.541447459720075e-05,8.501180855091661e-05,8.874204650055617e-05,8.317234460264444e-05,8.457405783701688e-05,8.966091263573617e-05
1994-08-05,0.00015727101708762348,0.00015882244042586535,0.00015604915097355843,0.00012495304690673947,0.00012356210208963603,0.00012010215868940577
1994-08-06,0.0,4.631928732123924e-06,1.4276646652433556e-05,0.0,3.054878334296518e-06,9.422169569006655e-06
1994-08-07,0.0,0.0,0.0,0.0,0.0,0.0
1994-08-08,0.0,0.0,0.0,0.0,0.0,0.0
1994-08-09,8.177802374120802e-05,8.300051558762789e-05,7.780588930472732e-05,8.882023394107819e-05,8.935658115660772e-05,8.536208770237863e-05
1994-08-10,2.1218587789917365e-05,2.044702705461532e-05,1.7863874745671637e-05,3.400304922251962e-05,3.175747042405419e-05,2.8878394005005248e-05
1994-08-11,0.0,0.0,0.0,0.0,0.0,0.0
1994-08-12,5.0999209634028375e-05,5.3696527174906805e-05,4.891413846053183e-05,6.582702189916745e-05,6.648602720815688e-05,5.9934918681392446e-05
1994-08-13,0.00014614194515161216,0.0001559387455927208,0.00016426063666585833,0.00014680267486255616,0.00015442863514181226,0.00016043023788370192
1994-08-14,0.0,0.0,0.0,0.0,0.0,0.0
1994-08-15,0.0,0.0,0.0,0.0,0.0,0.0
1994-08-16,0.0,0.0,0.0,0.0,0.0,0.0
1994-08-17,0.0,0.0,0.0,0.0,0.0,0.0
1994-08-18,5.4887783335288987e-05,6.178501644171774e-05,7.139044464565814e-05,4.3137235479662195e-05,5.0642403948586434e-05,6.177353498060256e-05
1994-08-19,0.0,0.0,0.0,0.0,0.0,0.0
1994-08-20,0.00011811458534793928,0.00012069092190358788,0.00012462935410439968,0.0001047750047291629,0.0001097505955840461,0.00011513389472384006
1994-08-21,0.0,0.0,0.0,0.0,0.0,0.0
1994-08-22,0.0,0.0,0.0,0.0,0.0,0.0
1994-08-23,0.0,0.0,0.0,0.0,0.0,0.0
1994-08-24,0.0,0.0,0.0,0.0,0.0,0.0
1994-08-25,0.0,0.0,0.0,0.0,0.0,0.0
1994-08-26,0.0,0.0,0.0,0.0,0.0,0.0
1994-08-27,0.0,0.0,0.0,0.0,0.0,0.0
1994-08-28,0.0,0.0,0.0,0.0,0.0,0.0
1994-08-29,0.0,0.0,0.0,0.0,0.0,0.0
1994-08-30,0.0,0.0,0.0,0.0,0.0,0.0
1994-08-31,0.0,0.0,0.0,0.0,0.0,0.0
1994-09-01,0.0,0.0,0.0,0.0,0.0,0.0
1994-09-02,0.0,0.0,0.0,0.0,0.0,0.0
1994-09-03,0.0,0.0,0.0,0.0,0.0,0.0
1994-09-04,0.0,0.0,0.0,0.0,0.0,0.0
1994-09-05,0.0,0.0,0.0,0.0,0.0,0.0
1994-09-06,1.5426796551309963e-07,0.0,0.0,1.0225207347502874e-07,0.0,0.0
1994-09-07,0.0,0.0,0.0,0.0,0.0,0.0
1994-09-08,2.4057012382172616e-08,0.0,0.0,5.560005078564245e-08,0.0,0.0
1994-09-09,0.0,0.0,0.0,0.0,0.0,0.0
1994-09-10,5.439242158900015e-06,5.434544164018007e-06,1.4881796232657507e-05,6.986023890931392e-06,5.373844942369033e-06,1.2265519217180554e-05
1994-09-11,3.083554474869743e-05,3.197304977220483e-05,3.0179649911588058e-05,3.609879786381498e-05,3.722222754731774e-05,3.643950549303554e-05
1994-09-12,0.0,0.0,0.0,0.0,0.0,0.0
1994-09-13,0.0,1.7995143934967928e-06,5.538183359021787e-06,0.0,1.1857703157147625e-06,3.6410986012924695e-06
1994-09-14,1.8997048755409196e-05,2.5791090592974797e-05,3.435454345890321e-05,1.2607977623702027e-05,1.699819040368311e-05,2.2589298168895766e-05
1994-09-15,4.979631557944231e-05,5.473347118822858e-05,5.778560080216266e-05,4.1340765164932236e-05,4.504798926063813e-05,4.7206467570504174e-05
1994-09-16,0.0001771924871718511,0.00019591758609749377,0.000213323364732787,0.0001176470032078214,0.00012919011351186782,0.00014034149353392422
1994-09-17,0.00011850979353766888,0.0001246324391104281,0.000125759732327424,0.00011077204544562846,0.00011817005724878982,0.00012222114310134202
1994-09-18,2.380147998337634e-05,2.884159766836092e-05,3.236939664930105e-05,1.5809870092198253e-05,1.970101220649667e-05,2.336812212888617e-05
1994-09-19,9.457776468480006e-05,0.00010317841952200979,0.00011278200690867379,8.807099220575765e-05,9.517602302366868e-05,0.00010395010031061247
1994-09-20,0.00016229991160798818,0.00016317145491484553,0.00015577804879285395,0.00015072591486386955,0.00014627104974351823,0.0001354429841740057
1994-09-21,9.644026431487873e-05,9.15055425139144e-05,8.02915237727575e-05,6.78106298437342e-05,6.291556201176718e-05,5.675467764376663e-05
1994-09-22,1.739005347189959e-05,1.8014046872849576e-05,1.7619064237806015e-05,4.03046615247149e-05,4.145919228903949e-05,4.043017543153837e-05
1994-09-23,1.9874421923304908e-05,2.4524604668840766e-05,3.2124378776643425e-05,1.3554684301197995e-05,1.6861342373886146e-05,2.23997649300145e-05
1994-09-24,3.687489515868947e-05,3.6262259527575225e-05,3.5487875720718876e-05,2.4529334041289985e-05,2.3962153136380948e-05,2.3399021301884204e-05
1994-09-25,1.6407222574343905e-05,1.8399789041723125e-05,1.9026334484806284e-05,1.4355039638758171e-05,1.6347468772437423e-05,1.7343762010568753e-05
1994-09-26,2.0401526853675023e-05,2.1289428332238458e-05,2.1342126274248585e-05,2.2859321688883938e-05,2.3898121071397327e-05,2.4385362848988734e-05
1994-09-27,0.0001231630303664133,0.0001272410008823499,0.0001288789208047092,0.0001347247598459944,0.00013790366938337684,0.00014038506196811795
1994-09-28,0.0,0.0,0.0,0.0,0.0,0.0
1994-09-29,0.0,0.0,0.0,0.0,0.0,0.0
1994-09-30,0.0,0.0,0.0,0.0,0.0,0.0
1994-10-01,0.0,0.0,0.0,0.0,0.0,0.0
1994-10-02,0.0,0.0,0.0,0.0,0.0,0.0
1994-10-03,0.0,0.0,0.0,0.0,0.0,0.0
1994-10-04,1.535487431647553e-10,0.0,0.0,1.0241942016708805e-10,0.0,0.0
1994-10-05,0.0,0.0,0.0,0.0,0.0,0.0
1994-10-06,1.7303045751759782e-05,2.0493680494837463e-05,2.3057682483340614e-05,1.1547801477718167e-05,1.356699885946e-05,1.520324804005213e-05
1994-10-07,1.5355827542862244e-07,1.5680750493629603e-06,4.7859812184469774e-06,3.4490989264668315e-07,1.0996844821420382e-06,3.3433966564189177e-06
1994-10-08,1.6352266811736627e-06,4.82357427245006e-06,1.0933688827208243e-05,1.0919238775386475e-06,3.1969159408617998e-06,7.21874084774754e-06
1994-10-09,0.0004988647997379303,0.0005235482240095735,0.0005164013709872961,0.0004309944633860141,0.0004491920117288828,0.00044208846520632505
1994-10-10,0.00047705628094263375,0.0005294251022860408,0.0005824128165841103,0.0005433076876215637,0.000590371317230165,0.0006327710580080748
1994-10-11,0.0,0.0,0.0,0.0,0.0,0.0
1994-10-12,1.5254358913807664e-05,1.2318860171944834e-05,1.0312493941455614e-05,1.1072515007981565e-05,8.160175639204681e-06,6.800999472034164e-06
1994-10-13,0.00011967975297011435,0.00012960830645170063,0.0001350896491203457,0.00011028752487618476,0.00012009095371467993,0.00012899533612653613
1994-10-14,3.0681448492941854e-08,1.3702867818210507e-06,4.125129635212943e-06,7.152934244913922e-08,1.8872450482376735e-06,5.588741259998642e-06
1994-10-15,1.3476485491992207e-06,9.940329164237482e-07,8.494455414620461e-07,3.1308652523875935e-06,2.2956305656407494e-06,1.9526999039953807e-06
1994-10-16,3.492886753519997e-05,3.14134631480556e-05,2.906604640884325e-05,3.832149741356261e-05,3.4098287869710475e-05,2.997668707394041e-05
1994-10-17,2.574414281752979e-07,3.092798976922495e-07,3.4256484582328994e-07,1.7229442050847865e-07,2.7523120138539525e-07,4.403372884098644e-07
1994-10-18,0.0,0.0,0.0,0.0,0.0,0.0
1994-10-19,0.0,0.0,0.0,0.0,0.0,0.0
1994-10-20,0.0,0.0,0.0,0.0,0.0,0.0
1994-10-21,8.550576603738591e-05,8.687405352247879e-05,8.420000085607171e-05,6.80579396430403e-05,6.669184222118929e-05,6.298131484072655e-05
1994-10-22,0.00010176977957598865,0.00010265349555993453,0.0001063406016328372,9.535079152556136e-05,9.426374163012952e-05,9.606804087525234e-05
1994-10-23,3.6521207221085206e-05,3.9677444874541834e-05,4.02440236939583e-05,4.160625394433737e-05,4.498097041505389e-05,4.54272267234046e-05
1994-10-24,4.914143758583123e-08,0.0,0.0,1.1479914263645696e-07,0.0,0.0
1994-10-25,2.9104918212397024e-05,2.7115942430100404e-05,2.4910279535106383e-05,3.2436066248919815e-05,2.9972492484375834e-05,2.763093652902171e-05
1994-10-26,2.7390306058805436e-06,2.4167286483134376e-06,2.343170081076096e-06,6.4004930209193844e-06,5.577257525146706e-06,5.379657977755414e-06
1994-10-27,0.00012316140055190772,0.0001225360610987991,0.00012192921712994576,0.00012920034350827336,0.00012600277841556817,0.00012308293662499636
1994-10-28,6.76619602018036e-05,7.262481813086197e-05,7.599072705488652e-05,6.754616333637387e-05,7.110686419764534e-05,7.278166594915092e-05
1994-10-29,3.9740963984513655e-05,3.669340003398247e-05,3.36902667186223e-05,3.720521999639459e-05,3.372980791027658e-05,3.0403080018004403e-05
1994-10-30,1.7571970602148212e-05,1.7772868886822835e-05,1.8065196854877286e-05,1.4037943401490338e-05,1.3811866665491834e-05,1.3782298992737196e-05
1994-10-31,0.0,0.0,0.0,0.0,0.0,0.0
1994-11-01,0.0,0.0,0.0,0.0,0.0,0.0
1994-11-02,1.6897586192499148e-06,1.8376647403783863e-06,1.6812988405945362e-06,1.568517063788022e-06,1.768428319337545e-06,1.7886045498016756e-06
1994-11-03,0.0,0.0,0.0,0.0,0.0,0.0
1994-11-04,0.0,0.0,0.0,0.0,0.0,0.0
1994-11-05,3.0565058750653407e-06,3.262521886426839e-06,3.347805886733113e-06,7.1478248173661996e-06,7.5137231760891154e-06,7.668281796213705e-06
1994-11-06,0.0,0.0,0.0,0.0,0.0,0.0
1994-11-07,0.0,0.0,0.0,0.0,0.0,0.0
1994-11-08,9.642360964789987e-06,8.462776349915657e-06,7.422492672048975e-06,2.2032256310922094e-05,1.9474702639854513e-05,1.6987343769869767e-05
1994-11-09,1.1537170394149143e-05,1.0263365766149946e-05,8.33104149933206e-06,1.2727999092021491e-05,1.1310159607091919e-05,9.28892313822871e-06
1994-11-10,0.0,0.0,0.0,0.0,0.0,0.0
1994-11-11,0.0,0.0,0.0,0.0,0.0,0.0
1994-11-12,0.0002073100913548842,0.0002333025331608951,0.00026084063574671745,0.00019485192024149,0.00021218089386820793,0.00023273307306226343
1994-11-13,2.185083030781243e-05,2.1732117602368817e-05,2.140204560419079e-05,2.669057903403882e-05,2.6464500479050912e-05,2.6295929274056107e-05
1994-11-14,1.800162863219157e-05,1.648844772716984e-05,1.4014301086717751e-05,2.404797305644024e-05,2.2076328605180606e-05,1.941510709002614e-05
1994-11-15,3.0265118766692467e-07,5.100615680930787e-07,8.517670835317404e-07,7.075554435687081e-07,1.032321620186849e-06,1.5182790775725152e-06
1994-11-16,5.933765805821167e-06,6.73116437610588e-06,7.846349035389721e-06,8.681462531967554e-06,8.878098924469668e-06,9.641892575018574e-06
1994-11-17,8.372210686502513e-06,7.944215212773997e-06,7.716294021520298e-06,1.0321829904569313e-05,9.486693670623936e-06,8.976043318398297e-06
1994-11-18,0.0,0.0,0.0,0.0,0.0,0.0
1994-11-19,0.0,0.0,0.0,0.0,0.0,0.0
1994-11-20,0.00017096403462346643,0.00018875571549870074,0.00019999990763608366,0.00016369170043617487,0.0001756336714606732,0.00018450284551363438
1994-11-21,0.000628049427177757,0.000675200077239424,0.000716929673217237,0.0006204100791364908,0.0006583460490219295,0.0007022224017418921
1994-11-22,3.509948328428436e-06,6.742413461324759e-06,1.2437138138921e-05,2.3524205516878283e-06,5.159735792403808e-06,1.0369109986640979e-05
1994-11-23,2.9117613848939072e-06,3.2595548873359803e-06,3.6684245969809126e-06,2.9547982194344513e-06,3.1795977974979905e-06,3.427155206736643e-06
1994-11-24,2.9664970497833565e-06,1.7090156916310661e-06,1.386463054586784e-06,6.008243417454651e-06,3.915245088137453e-06,3.1589513582730433e-06
1994-11-25,0.00014556545647792518,0.00015016265388112515,0.00014800054486840963,0.00017343962099403143,0.00017636317352298647,0.00017508972086943686
1994-11-26,0.0,0.0,0.0,0.0,0.0,0.0
1994-11-27,0.00011558626283658668,0.00012050999794155359,0.00012099627201678231,0.00011765697854571044,0.00012033719394821674,0.00012000743299722672
1994-11-28,3.275741983088665e-05,3.35437580361031e-05,3.449893119977787e-05,3.594862937461585e-05,3.613761145970784e-05,3.662764356704429e-05
1994-11-29,1.2040579349559266e-05,1.0856980225071311e-05,8.763233381614555e-06,1.0698970072553493e-05,9.076838978216983e-06,7.329530944844009e-06
1994-11-30,0.0,0.0,0.0,0.0,0.0,0.0
1994-12-01,0.0,0.0,0.0,0.0,0.0,0.0
1994-12-02,0.0,0.0,0.0,0.0,0.0,0.0
1994-12-03,2.2288074319476436e-07,0.0,0.0,5.200487294132472e-07,0.0,0.0
1994-12-04,0.00021016165555920452,0.00021992741676513106,0.00022184505360201,0.0002146153710782528,0.00022322546283248812,0.00022652499319519848
1994-12-05,3.3306275781797012e-06,3.1335439416579902e-06,2.868636784114642e-06,2.255827439512359e-06,2.092044496748713e-06,1.98699285647308e-06
1994-12-06,1.3876574485038873e-06,2.6250979772157734e-06,4.794292635779129e-06,9.285170108341845e-07,1.7207617020176258e-06,3.1257773116522003e-06
1994-12-07,7.450393604813144e-05,8.170305954990909e-05,8.508989412803203e-05,6.794882210670039e-05,7.416432345053181e-05,7.766390626784414e-05
1994-12-08,9.852846233115997e-06,9.342817065771669e-06,1.0733116141636856e-05,8.108386282401625e-06,7.482996807084419e-06,8.768614861764945e-06
1994-12-09,4.8423157750221435e-06,4.279880158719607e-06,3.80938263333519e-06,9.548267371428665e-06,8.763901860220358e-06,7.842349077691324e-06
1994-12-10,7.548929715994745e-05,7.260511483764276e-05,6.763825513189659e-05,7.254482625285164e-05,6.739676609868184e-05,6.16130419075489e-05
1994-12-11,0.00010030815610662103,0.00011104699660791084,0.00012037441047141328,0.00010537994967307895,0.00011499915854074061,0.00012407693429850042
1994-12-12,9.788243460207013e-07,1.092677166525391e-06,1.0234084584226366e-06,2.281847855556407e-06,2.456442416587379e-06,2.205373903052532e-06
1994-12-13,8.669209637446329e-05,8.417923527304083e-05,7.86993550718762e-05,8.432980393990874e-05,7.95070591266267e-05,7.348072540480644e-05
1994-12-14,0.0001226472231792286,0.00013575248885899782,0.00014578952686861157,0.00012582304771058261,0.00013692928769160062,0.00014667560753878206
1994-12-15,3.2770531106507406e-05,3.569377804524265e-05,3.8599493564106524e-05,2.895573379646521e-05,3.094922794844024e-05,3.3480657293694094e-05
1994-12-16,1.4949065985092602e-07,1.1301580826739155e-07,1.2289193307424284e-07,3.484006754206348e-07,2.579394902113563e-07,2.7897161203327414e-07
1994-12-17,0.0,0.0,0.0,0.0,0.0,0.0
1994-12-18,0.0001262883743038401,0.00012927678471896797,0.00012696837075054646,0.00011720370093826205,0.00011885095591424033,0.00011780655768234283
1994-12-19,4.1157411033054814e-05,4.43003918917384e-05,4.7242803702829406e-05,3.811214628512971e-05,4.050765710417181e-05,4.314499528845772e-05
1994-12-20,0.0,0.0,0.0,0.0,0.0,0.0
1994-12-21,0.0,0.0,0.0,0.0,0.0,0.0
1994-12-22,5.282092843117425e-07,0.0,0.0,3.530721812694537e-07,0.0,0.0
1994-12-23,0.00023583821894135326,0.00024701436632312834,0.000256247614743188,0.00021573311823885888,0.00022118649212643504,0.00022810150403529406
1994-12-24,2.6247265850543045e-05,2.9799568437738344e-05,3.391858626855537e-05,1.995708589674905e-05,2.2503962100017816e-05,2.5829873266047798e-05
1994-12-25,0.0,0.0,0.0,0.0,0.0,0.0
1994-12-26,0.0,0.0,0.0,0.0,0.0,0.0
1994-12-27,3.0278810569939196e-09,0.0,0.0,7.05555480706721e-09,0.0,0.0
1994-12-28,0.0,2.986182892072975e-07,9.330266834695067e-07,0.0,1.9546256169178378e-07,6.073565828046412e-07
1994-12-29,0.0,0.0,0.0,0.0,0.0,0.0
1994-12-30,0.0,0.0,0.0,0.0,0.0,0.0
1994-12-31,0.0,0.0,0.0,0.0,0.0,0.0
1995-01-01,2.2528840418090113e-05,2.144255631719716e-05,2.0849542124778964e-05,2.615308403619565e-05,2.461150143062696e-05,2.3921369574964046e-05
1995-01-02,4.8699177568778396e-05,5.3050738642923534e-05,5.709312608814798e-05,5.0918926717713475e-05,5.486177178681828e-05,5.892792614758946e-05
1995-01-03,4.749711024487624e-06,2.4337100512639154e-06,1.9731962765945354e-06,3.7021327443653718e-06,1.5935349892970407e-06,1.2847402786064777e-06
1995-01-04,0.00019656548101920635,0.0002155349648091942,0.00022912552230991423,0.00021413821377791464,0.00022931693820282817,0.00024112063692882657
1995-01-05,3.7219811929389834e-05,3.9160520827863365e-05,3.8703492464264855e-05,4.388230081531219e-05,4.6014720282983035e-05,4.595074642566033e-05
1995-01-06,6.084915639803512e-06,7.3576316026446875e-06,8.023856935324147e-06,7.317202744161477e-06,8.765803613641765e-06,9.71533518168144e-06
1995-01-07,0.0,0.0,0.0,0.0,0.0,0.0
1995-01-08,7.006604846537812e-06,7.436519808834419e-06,8.102695574052632e-06,4.688077297032578e-06,4.871173587162048e-06,5.277284799376503e-06
1995-01-09,1.9160548617946915e-05,1.9121140212519094e-05,1.8604252545628697e-05,1.8377388187218457e-05,1.7791489881346934e-05,1.702476765785832e-05
1995-01-10,0.0,0.0,0.0,0.0,0.0,0.0
1995-01-11,1.3028335388298729e-06,0.0,0.0,1.4859789416732383e-06,0.0,0.0
1995-01-12,3.492094037937932e-05,3.9438360545318574e-05,4.4094198528910056e-05,3.13468262902461e-05,3.408572229091078e-05,3.727527291630395e-05
1995-01-13,4.331032243953814e-07,8.404418139207337e-08,6.818410724918067e-08,4.212864155306306e-07,1.9199730161290063e-07,1.5486769200379058e-07
1995-01-14,9.584734925738303e-07,4.865000846621115e-07,4.3103401026201027e-07,1.0274898158968426e-06,4.94547009566304e-07,4.814480689674383e-07
1995-01-15,0.0,0.0,0.0,0.0,0.0,0.0
1995-01-16,0.0,0.0,0.0,0.0,0.0,0.0
1995-01-17,0.0,0.0,0.0,0.0,0.0,0.0
1995-01-18,2.6348960091127083e-05,2.541851790738292e-05,2.2627864382229745e-05,2.6284451450919732e-05,2.4735129045438953e-05,2.1979469238431193e-05
1995-01-19,1.3010410839342512e-05,1.3427088561002165e-05,1.4006906894792337e-05,1.6398294974351302e-05,1.659352346905507e-05,1.687911026237998e-05
1995-01-20,0.0,0.0,0.0,0.0,0.0,0.0
1995-01-21,4.4780583152714826e-07,2.5110779233727953e-07,2.2389897935681802e-07,7.661801078029384e-07,5.669782012773794e-07,4.867811753683782e-07
1995-01-22,2.7998881705570966e-05,2.650069654919207e-05,2.4623437639093027e-05,3.2177929824683815e-05,2.9960261599626392e-05,2.7698981284629554e-05
1995-01-23,2.348642192373518e-05,2.3209076971397735e-05,2.1231597202131525e-05,2.5570112484274432e-05,2.4568758817622438e-05,2.2564319806406274e-05
1995-01-24,1.3086749277135823e-05,1.3135957487975247e-05,1.2506965504144318e-05,1.925115611811634e-05,1.8786055079544894e-05,1.711631011858117e-05
1995-01-25,3.4322977171541424e-07,6.966452303913684e-08,5.72718015234841e-08,3.957256637932005e-07,1.593261629295739e-07,1.3023077372054104e-07
1995-01-26,7.912197179393843e-05,8.492123743053526e-05,8.831008744891733e-05,9.214743477059528e-05,9.677310299593955e-05,0.00010006305819842964
1995-01-27,0.00015346359577961266,0.0001637200912227854,0.00016701905406080186,0.0001594179484527558,0.00016594254702795297,0.00016789771325420588
1995-01-28,2.1687064872821793e-06,2.8948568342457293e-06,4.038505721837282e-06,5.0704747991403565e-06,6.622115961363306e-06,9.185665476252325e-06
1995-01-29,2.8117756301071495e-06,1.6087436733869254e-06,1.3041779993727687e-06,2.1899213606957346e-06,1.1517747680045431e-06,9.284262318942638e-07
1995-01-30,3.8451034924946725e-05,4.178125527687371e-05,4.388418892631307e-05,3.943069896195084e-05,4.208916288916953e-05,4.385861029732041e-05
1995-01-31,1.3291096365719568e-06,1.1338172498653876e-06,9.253985808754805e-07,3.10811492454377e-06,2.5941076273738872e-06,2.105356770698563e-06
1995-02-01,2.15214749914594e-05,2.0189032511552796e-05,1.7665448467596434e-05,2.3899972802610137e-05,2.2221649487619288e-05,1.9660381440189667e-05
1995-02-02,0.0,0.0,0.0,0.0,0.0,0.0
1995-02-03,4.4322925532469526e-05,4.4744603655999526e-05,4.071274815942161e-05,4.4211272324901074e-05,4.390750473248772e-05,4.034871017211117e-05
1995-02-04,2.100353958667256e-05,2.1496813133126125e-05,2.1195673980400898e-05,1.7614605894777924e-05,1.7969658074434847e-05,1.8033133528660983e-05
1995-02-05,0.0,0.0,0.0,0.0,0.0,0.0
1995-02-06,9.209148993249983e-05,9.515295823803172e-05,9.360994590679184e-05,0.00011408265709178522,0.00011387569975340739,0.00010982163075823337
1995-02-07,8.041938417591155e-05,9.285534179070964e-05,0.00010337212006561458,9.228838462149724e-05,0.00010413421841803938,0.00011431914754211903
1995-02-08,0.0,0.0,0.0,0.0,0.0,0.0
1995-02-09,0.0,0.0,0.0,0.0,0.0,0.0
1995-02-10,2.541336289141327e-05,2.7416113880462945e-05,2.7611569748842157e-05,2.6339803298469633e-05,2.749020859482698e-05,2.7481473807711154e-05
1995-02-11,1.6875469910360152e-08,2.4500883100131432e-08,3.4650273761371864e-08,3.946089321971158e-08,5.606807818026027e-08,7.888019126767176e-08
1995-02-12,1.077087927114917e-05,8.411599992541596e-06,6.806172677897848e-06,7.498799732275074e-06,5.521883849723963e-06,4.444855676410953e-06
1995-02-13,9.312051406595856e-05,0.00010670137999113649,0.00011512426863191649,8.499580144416541e-05,9.489888179814443e-05,0.00010195098730036989
1995-02-14,7.185689810285112e-06,3.5664631923282286e-06,2.884925152102369e-06,1.1617301424848847e-05,7.400189133477397e-06,5.955575488769682e-06
1995-02-15,0.00012750455061905086,0.00013677084643859416,0.00013933908485341817,0.00012875776155851781,0.00013626465806737542,0.00013931274588685483
1995-02-16,0.0,0.0,0.0,0.0,0.0,0.0
1995-02-17,1.207421792059904e-05,1.0806022146425676e-05,8.971192983153742e-06,1.2570783837873023e-05,1.1143730262119789e-05,9.498219696979504e-06
1995-02-18,5.388610588852316e-06,4.999223165214062e-06,4.238224391883705e-06,4.303478362999158e-06,3.807241455433541e-06,3.2164505228138296e-06
1995-02-19,0.0,0.0,0.0,0.0,0.0,0.0
1995-02-20,0.0,0.0,0.0,0.0,0.0,0.0
1995-02-21,0.0,0.0,0.0,0.0,0.0,0.0
1995-02-22,1.2167182831035461e-05,9.75255261437269e-06,8.158166565408465e-06,1.499794416304212e-05,1.2465693544072565e-05,1.0635063517838717e-05
1995-02-23,0.00014330254634842277,0.0001584904530318454,0.0001690584176685661,0.0001386068033752963,0.0001496076292824,0.00015777660883031785
1995-02-24,0.0,0.0,0.0,0.0,0.0,0.0
1995-02-25,0.0,0.0,0.0,0.0,0.0,0.0
1995-02-26,5.4517449825652875e-06,6.872738595120609e-06,9.941908501787111e-06,3.6497917790256906e-06,4.52907215731102e-06,6.5547337726457044e-06
1995-02-27,1.0200062661169795e-06,2.210667844337877e-06,4.3651421037793625e-06,6.827425522715203e-07,1.4502871863442124e-06,2.8506290163932135e-06
1995-02-28,2.628803667903412e-05,2.564074929978233e-05,2.5135785108432174e-05,2.452645821904298e-05,2.2868087398819625e-05,2.1771647880086675e-05
1995-03-01,1.5925346815492958e-05,1.6654888895573094e-05,1.709326716081705e-05,1.526584310340695e-05,1.5528295989497565e-05,1.5702611563028768e-05
1995-03-02,0.0,0.0,0.0,0.0,0.0,0.0
1995-03-03,0.0,0.0,0.0,0.0,0.0,0.0
1995-03-04,0.0,0.0,0.0,0.0,0.0,0.0
1995-03-05,1.3293266647451674e-06,1.7409439578841557e-06,2.161369138775626e-06,8.88785791630653e-07,1.14174292775715e-06,1.4112345070316223e-06
1995-03-06,5.5471682571806014e-05,5.729378608521074e-05,5.786107067251578e-05,5.691596379620023e-05,5.7564189773984253e-05,5.740488995797932e-05
1995-03-07,0.0,0.0,0.0,0.0,0.0,0.0
1995-03-08,2.808509088936262e-05,3.223821477149613e-05,3.522535916999914e-05,2.323347143828869e-05,2.593448880361393e-05,2.7330184821039438e-05
1995-03-09,8.581620204495266e-05,9.363201388623565e-05,9.894684626488015e-05,6.839537672931328e-05,7.450585690094158e-05,8.113453077385202e-05
1995-03-10,0.0,0.0,0.0,0.0,0.0,0.0
1995-03-11,0.0,0.0,0.0,0.0,0.0,0.0
1995-03-12,8.55636244523339e-05,0.00010116952762473375,0.00011863859253935516,6.699864752590656e-05,7.771462696837261e-05,9.003010200103745e-05
1995-03-13,5.135106039233506e-05,5.8903013268718496e-05,6.49138237349689e-05,4.287402771296911e-05,4.9175945605384186e-05,5.454193887999281e-05
1995-03-14,5.525409505935386e-06,7.197509603429353e-06,8.904343303584028e-06,3.6882163385598687e-06,4.929097940475913e-06,6.465140813816106e-06
1995-03-15,4.8748552217148244e-05,4.982214159099385e-05,4.908866321784444e-05,5.276069350657053e-05,5.359666101867333e-05,5.3683954320149496e-05
1995-03-16,7.975464768605889e-07,9.83642166829668e-07,1.1939395108129247e-06,1.5392831755889347e-06,1.9057413283007918e-06,2.3219781724037603e-06
1995-03-17,7.130170676106218e-09,0.0,0.0,1.6582795581143728e-08,0.0,0.0
1995-03-18,1.960082408913877e-05,2.1383253624662757e-05,2.2921323761693202e-05,1.5966908904374577e-05,1.7715741705615073e-05,1.9597722712205723e-05
1995-03-19,2.129045606125146e-05,2.1107596694491804e-05,2.0222041712258942e-05,2.1465881218318827e-05,2.1158957679290324e-05,2.0187564587104134e-05
1995-03-20,3.624723603934399e-06,3.870439286401961e-06,3.8313091863528825e-06,8.074854122241959e-06,8.657380021759309e-06,8.568021257815417e-06
1995-03-21,0.0,0.0,0.0,0.0,0.0,0.0
1995-03-22,0.0,0.0,0.0,0.0,0.0,0.0
1995-03-23,0.0,0.0,0.0,0.0,0.0,0.0
1995-03-24,0.0,0.0,0.0,0.0,0.0,0.0
1995-03-25,0.0,0.0,0.0,0.0,0.0,0.0
1995-03-26,4.1800575445449795e-07,3.752668931156222e-07,3.295059798347211e-07,9.710053063827218e-07,8.575234460295178e-07,7.498069294342713e-07
1995-03-27,9.277413482777774e-06,7.031201221252559e-06,6.288317763392115e-06,1.4203837963577826e-05,1.1855819138872903e-05,1.0932859368040226e-05
1995-03-28,9.75410221144557e-05,9.718466026242822e-05,9.522070467937738e-05,0.00011001218808814883,0.00010815926361829042,0.00010520358773646876
1995-03-29,2.6025731131085195e-05,2.6050925953313708e-05,2.5299972548964433e-05,3.050049053854309e-05,3.022557939402759e-05,2.9625341994687915e-05
1995-03-30,0.0,0.0,0.0,0.0,0.0,0.0
1995-03-31,0.0,0.0,0.0,0.0,0.0,0.0
1995-04-01,7.554015155619709e-07,5.75350611597969e-07,4.6286518795568554e-07,1.7538488918944495e-06,1.315093072662421e-06,1.0535801493460895e-06
1995-04-02,1.246585543412948e-05,1.127110681409249e-05,9.85721817414742e-06,1.3874578144168481e-05,1.2586506272782572e-05,1.1501427252369467e-05
1995-04-03,0.0,0.0,0.0,0.0,0.0,0.0
1995-04-04,2.0361067072371952e-05,1.7557951650815085e-05,1.623253592697438e-05,1.3800685337628238e-05,1.1515353435243014e-05,1.0601989743008744e-05
1995-04-05,9.079523442778736e-05,9.492756362305954e-05,9.399253031006083e-05,0.00010447067325003445,0.00010733278759289533,0.0001047934711095877
1995-04-06,4.331667150836438e-05,4.3127467506565154e-05,3.986147203249857e-05,4.052628719364293e-05,3.954641579184681e-05,3.566516897990368e-05
1995-04-07,0.0,0.0,0.0,0.0,0.0,0.0
1995-04-08,0.0004530048172455281,0.00047941721277311444,0.0004958553472533822,0.0003917016729246825,0.0004087398119736463,0.0004201115225441754
1995-04-09,4.617779632098973e-05,5.437703657662496e-05,6.209630373632535e-05,4.929273563902825e-05,5.5922530009411275e-05,6.245091935852543e-05
1995-04-10,0.0,0.0,0.0,0.0,0.0,0.0
1995-04-11,0.0,0.0,0.0,0.0,0.0,0.0
1995-04-12,0.000146619655424729,0.00016723619773983955,0.00019336659170221537,0.00013094603491481394,0.00014632742386311293,0.00016700402193237096
1995-04-13,2.1720527001889423e-05,2.260479777760338e-05,2.4215214580181055e-05,2.4688144549145363e-05,2.4984483388834633e-05,2.625301385705825e-05
1995-04-14,7.902001470938558e-07,4.70972594257546e-07,3.7759664905934187e-07,1.834080080698186e-06,1.078099558071699e-06,8.609179076302098e-07
1995-04-15,0.0,0.0,0.0,0.0,0.0,0.0
1995-04-16,0.0,0.0,0.0,0.0,0.0,0.0
1995-04-17,0.0,0.0,0.0,0.0,0.0,0.0
1995-04-18,0.0,0.0,0.0,0.0,0.0,0.0
1995-04-19,3.5726918667933205e-06,3.528233719407581e-06,3.012434035554179e-06,8.162593985616695e-06,8.083843567874283e-06,6.875794497318566e-06
1995-04-20,3.9318623748840764e-05,4.186329897493124e-05,4.2937390389852226e-05,4.53483298770152e-05,4.72927131340839e-05,4.812137194676325e-05
1995-04-21,6.47270935587585e-05,6.55874828225933e-05,6.354047945933416e-05,6.50848014629446e-05,6.30613139946945e-05,5.754049198003486e-05
1995-04-22,6.791917257942259e-05,6.020062937750481e-05,5.222672189120203e-05,9.83214340521954e-05,8.968746260507032e-05,7.861905032768846e-05
1995-04-23,0.0,0.0,0.0,0.0,0.0,0.0
1995-04-24,5.562905016631703e-07,9.083580039259687e-07,1.7144001276392373e-06,1.291715307161212e-06,1.3913351040173438e-06,1.7939377130460343e-06
1995-04-25,0.0,0.0,0.0,0.0,0.0,0.0
1995-04-26,0.0,0.0,0.0,0.0,0.0,0.0
1995-04-27,2.6318818981962977e-06,1.0682941820050473e-06,3.2859015846042894e-06,2.8367362574499566e-06,8.588027071709803e-07,2.6326219995098654e-06
1995-04-28,2.6272633476764895e-05,2.9863553208997473e-05,3.015265792782884e-05,2.3389746274915524e-05,2.616995516291354e-05,2.6482544853934087e-05
1995-04-29,0.0,0.0,0.0,0.0,0.0,0.0
1995-04-30,0.0,0.0,0.0,0.0,0.0,0.0
1995-05-01,0.0,0.0,0.0,0.0,0.0,0.0
1995-05-02,3.346519952174276e-05,3.0465005693258718e-05,2.8123398806201294e-05,4.759670628118329e-05,4.376663127914071e-05,4.1482082451693714e-05
1995-05-03,0.0,0.0,0.0,0.0,0.0,0.0
1995-05-04,0.0,0.0,0.0,0.0,0.0,0.0
1995-05-05,0.0,0.0,0.0,0.0,0.0,0.0
1995-05-06,0.0,0.0,0.0,0.0,0.0,0.0
1995-05-07,0.0,0.0,0.0,0.0,0.0,0.0
1995-05-08,2.056560219898529e-07,4.041887109451636e-07,7.565195687675441e-07,1.3714249291751912e-07,2.6698103283706587e-07,4.984737529412087e-07
1995-05-09,0.0,6.850033855698712e-07,2.0943066374456976e-06,0.0,4.526061729848152e-07,1.3805008620693116e-06
1995-05-10,8.197633178497199e-06,6.871138339192839e-06,5.443653208203614e-06,1.905956378323026e-05,1.5830979464226402e-05,1.2513590263552032e-05
1995-05-11,6.096748256823048e-05,5.84071094635874e-05,5.528344263439067e-05,6.570376717718318e-05,6.39560166746378e-05,6.242623931029812e-05
1995-05-12,0.0,0.0,0.0,0.0,0.0,0.0
1995-05-13,0.0,0.0,0.0,0.0,0.0,0.0
1995-05-14,0.0,0.0,0.0,0.0,0.0,0.0
1995-05-15,4.461765911401017e-06,4.7397993512277026e-06,4.0996615098265465e-06,3.54034250449331e-06,3.9439992178813554e-06,3.869395186484326e-06
1995-05-16,8.09772391221486e-05,8.524485747329891e-05,8.562870061723515e-05,8.178301504813135e-05,8.705238724360242e-05,9.010665962705389e-05
1995-05-17,0.0001222249265993014,0.0001251745125046,0.00012110965326428413,0.0001227025204570964,0.0001248794433195144,0.00012080182204954326
1995-05-18,3.0183946364559233e-05,3.393930091988295e-05,3.627023761509918e-05,2.6713929401012138e-05,3.0318662538775243e-05,3.273311085649766e-05
1995-05-19,0.0,0.0,0.0,0.0,0.0,0.0
1995-05-20,8.745551167521626e-05,9.476853301748633e-05,0.00010274058149661869,8.097351383185014e-05,8.791831351118162e-05,9.63318016147241e-05
1995-05-21,0.0,2.0863753888988867e-06,6.342836968542542e-06,0.0,1.9168232938682195e-06,5.821128979732748e-06
1995-05-22,3.880822532664752e-06,6.025683887855848e-06,1.1246950634813402e-05,3.952693532482954e-06,4.014836122223642e-06,7.507422196795233e-06
1995-05-23,1.9628534573712386e-05,1.4417390048038214e-05,1.41759182952228e-05,3.500222373986617e-05,3.117841697530821e-05,2.9949393137940206e-05
1995-05-24,0.00013775029219686985,0.00014010746963322163,0.00013559941726271063,0.00014958259998820722,0.00015174596046563238,0.0001477008918300271
1995-05-25,1.552299909235444e-05,1.1498187632241752e-05,9.46017917158315e-06,2.8315713279880583e-05,2.4029508495004848e-05,1.9850393073284067e-05
1995-05-26,8.880493260221556e-05,9.177876199828461e-05,9.176999446935952e-05,8.296503074234352e-05,8.586692274548113e-05,8.688541129231453e-05
1995-05-27,2.4211150957853533e-05,3.5120072425343096e-05,5.14941566507332e-05,1.6853258784976788e-05,2.5435581846977584e-05,3.907217978849076e-05
1995-05-28,0.0,0.0,0.0,0.0,0.0,0.0
1995-05-29,0.0,0.0,0.0,0.0,0.0,0.0
1995-05-30,1.1594032002903987e-05,1.0908496733463835e-05,9.48541310208384e-06,2.6990861442754976e-05,2.4823406420182437e-05,2.0603292796295136e-05
1995-05-31,5.260642865323462e-06,1.0869899647047987e-08,3.2933829885450905e-08,5.479911578731844e-06,2.5193465091888356e-08,7.633438059428954e-08
1995-06-01,4.0499711758457124e-05,3.372193532413803e-05,2.7978609068668447e-05,5.566418985836208e-05,4.890732452622615e-05,4.188225284451619e-05
1995-06-02,8.803012315183878e-05,8.782961231190711e-05,8.753039583098143e-05,9.100544411921874e-05,9.022527956403792e-05,8.983202133094892e-05
1995-06-03,0.0,0.0,0.0,0.0,0.0,0.0
1995-06-04,9.307468280894682e-05,9.301292448071763e-05,8.801092189969495e-05,0.00010062628280138597,0.00010004889190895483,9.595476876711473e-05
1995-06-05,0.00015565376088488847,0.00016123494424391538,0.0001581301330588758,0.00016015427536331117,0.00016845476056914777,0.00016940059140324593
1995-06-06,0.0,0.0,0.0,0.0,0.0,0.0
1995-06-07,0.0,0.0,0.0,0.0,0.0,0.0
1995-06-08,9.205835738157475e-08,0.0,0.0,2.143381010455414e-07,0.0,0.0
1995-06-09,0.0,0.0,0.0,0.0,0.0,0.0
1995-06-10,0.00022431896650232375,0.00023080995015334338,0.0002314238081453368,0.00022324257588479668,0.00022798922145739198,0.0002270141412736848
1995-06-11,9.963220509234816e-05,0.00010443208157084882,9.746999421622604e-05,9.031208901433274e-05,9.763130219653249e-05,9.580241749063134e-05
1995-06-12,0.0,0.0,0.0,0.0,0.0,0.0
1995-06-13,0.0,0.0,0.0,0.0,0.0,0.0
1995-06-14,0.0,0.0,0.0,0.0,0.0,0.0
1995-06-15,0.00018535563140176237,0.00019060459453612566,0.0001880615163827315,0.00018504342006053776,0.0001895025052363053,0.0001870094711193815
1995-06-16,0.0,5.948429134150501e-06,1.7995223970501684e-05,0.0,6.398779532901244e-06,1.9385392079129815e-05
1995-06-17,0.0,0.0,0.0,0.0,0.0,0.0
1995-06-18,0.0,0.0,0.0,0.0,0.0,0.0
1995-06-19,0.0,3.1506488085142337e-06,9.534293894830626e-06,0.0,2.1002233552280813e-06,6.36581762591959e-06
1995-06-20,3.671276135719381e-05,3.109793760813773e-05,2.8387148631736636e-05,5.4666914365952834e-05,5.038255039835349e-05,4.7307377826655284e-05
1995-06-21,0.00013828389637637883,0.0001403924252372235,0.00014051562175154686,0.000135662397951819,0.00013718630361836404,0.0001375225547235459
1995-06-22,0.0001963195245480165,0.00020336630404926836,0.00020830203720834106,0.0001865202939370647,0.0001931732549564913,0.00019848528609145433
1995-06-23,0.0002915053628385067,0.0003143483481835574,0.0003339506220072508,0.000273038080194965,0.000290618248982355,0.00030434035579673946
1995-06-24,0.00014148834452498704,0.00014154335076455027,0.00013407613732852042,0.00015929561050143093,0.00016199047968257219,0.00015893792442511767
1995-06-25,0.0,0.0,0.0,0.0,0.0,0.0
1995-06-26,0.0,0.0,0.0,0.0,0.0,0.0
1995-06-27,4.087887646164745e-05,3.644818934844807e-05,3.0230792617658153e-05,3.641335206339136e-05,3.3199081372004e-05,2.9419472411973402e-05
1995-06-28,0.0001440697378711775,0.00014719647879246622,0.00014957034727558494,0.00014919375826139003,0.00015127532242331654,0.00015140177856665105
1995-06-29,2.627267804200528e-06,5.111322025186382e-06,1.0746802217909135e-05,5.166878054296831e-06,8.931951015256345e-06,1.6075287931016646e-05
1995-06-30,0.0,0.0,0.0,0.0,0.0,0.0
1995-07-01,0.0,0.0,0.0,0.0,0.0,0.0
1995-07-02,0.0,0.0,0.0,0.0,0.0,0.0
1995-07-03,2.1744223488440184e-07,0.0,0.0,1.4499492806407943e-07,0.0,0.0
1995-07-04,0.00012580299517139792,0.00012790533946827054,0.00012754359340760857,0.00012772573973052204,0.00012987809896003455,0.00012988083472009748
1995-07-05,1.8999086023541167e-05,2.039334322034847e-05,2.2612552129430696e-05,2.3955824872246012e-05,2.7013402359443717e-05,2.981180114147719e-05
1995-07-06,0.0,2.153832156182034e-06,6.549968475155765e-06,0.0,1.43361637583439e-06,4.3686027311196085e-06
1995-07-07,0.0,5.847213628840109e-07,1.778940031726961e-06,0.0,3.891179858328542e-07,1.1862412065966055e-06
1995-07-08,1.071303449862171e-05,8.835289008857217e-06,6.9719917519250885e-06,2.2231928596738726e-05,2.049171416729223e-05,1.620278271730058e-05
1995-07-09,5.5186963436426595e-05,5.0724811444524676e-05,4.1800096369115636e-05,3.68047840311192e-05,3.3741154766175896e-05,2.7860338377649896e-05
1995-07-10,8.376520418096334e-05,8.364094537682831e-05,8.23317895992659e-05,8.516647358192131e-05,8.524820441380143e-05,8.417515346081927e-05
1995-07-11,4.472430737223476e-05,4.19329408032354e-05,4.100906880921684e-05,3.324615681776777e-05,3.089387246291153e-05,2.9778952011838555e-05
1995-07-12,6.194407615112141e-05,6.437364936573431e-05,6.698151264572516e-05,4.241755232214928e-05,4.364906271803193e-05,4.7238663682946935e-05
1995-07-13,8.240138413384557e-05,8.676190191181377e-05,8.661561878398061e-05,7.85064694355242e-05,8.190447988454252e-05,8.056616206886247e-05
1995-07-14,0.0,0.0,0.0,0.0,0.0,0.0
1995-07-15,3.341255069244653e-05,3.755126817850396e-05,3.998546162620187e-05,2.4154851416824386e-05,2.493888132448774e-05,2.660500831552781e-05
1995-07-16,0.0,0.0,0.0,0.0,0.0,0.0
1995-07-17,0.0,0.0,0.0,0.0,0.0,0.0
1995-07-18,0.0,0.0,0.0,0.0,0.0,0.0
1995-07-19,0.0,0.0,0.0,0.0,0.0,0.0
1995-07-20,3.998170723207295e-05,4.601528780767694e-05,5.3291336371330544e-05,4.6371587814064696e-05,5.193671677261591e-05,5.8324047131463885e-05
1995-07-21,4.504333992372267e-05,4.4555530621437356e-05,4.0666731365490705e-05,2.9951203032396734e-05,2.9535531211877242e-05,2.7001580747310072e-05
1995-07-22,0.0001436855673091486,0.00014982212451286614,0.00015583611093461514,0.00013782305177301168,0.0001439253392163664,0.00015112478286027908
1995-07-23,0.00015320566308218986,0.00015894847456365824,0.0001637673267396167,0.00015104695921763778,0.00015519946464337409,0.00015852130309212953
1995-07-24,0.0,0.0,0.0,0.0,0.0,0.0
1995-07-25,0.0001016729511320591,9.741376561578363e-05,9.030315413838252e-05,0.00011137022374896333,0.00010709195339586586,9.948389197234064e-05
1995-07-26,0.0002788116689771414,0.0003002110170200467,0.00032924499828368425,0.0002754572778940201,0.00029542273841798306,0.0003204258100595325
1995-07-27,0.0,0.0,0.0,0.0,0.0,0.0
1995-07-28,9.480491826252546e-06,0.0,0.0,7.498209015466273e-06,0.0,0.0
1995-07-29,0.00010901365021709353,9.862029401119798e-05,8.312267164001241e-05,9.023967868415639e-05,7.749556971248239e-05,6.548887904500589e-05
1995-07-30,6.508194928755984e-05,7.347063365159556e-05,7.382078183582053e-05,5.703966235159896e-05,6.403682345990092e-05,6.673071038676426e-05
1995-07-31,0.0001344809279544279,0.00014690925308968872,0.0001529078872408718,0.0001189569229609333,0.00013100774958729744,0.00014020704838912934
1995-08-01,0.0,0.0,0.0,0.0,0.0,0.0
1995-08-02,0.0,0.0,0.0,0.0,0.0,0.0
1995-08-03,0.0,0.0,0.0,0.0,0.0,0.0
1995-08-04,0.0,0.0,0.0,0.0,0.0,0.0
1995-08-05,0.0,0.0,0.0,0.0,0.0,0.0
1995-08-06,7.211116462713107e-05,7.135273335734382e-05,6.164042861200869e-05,7.106542034307495e-05,7.253458898048848e-05,6.537935405503958e-05
1995-08-07,0.0001781177124939859,0.0001924059324664995,0.00019893750140909106,0.00018189394904766232,0.0001959129294846207,0.00020397614571265876
1995-08-08,7.611190085299313e-05,7.452045974787325e-05,7.506439578719437e-05,9.096570283873007e-05,8.933199569582939e-05,8.685955253895372e-05
1995-08-09,0.0,0.0,0.0,0.0,0.0,0.0
1995-08-10,4.3551222915994003e-05,4.864374568569474e-05,5.0121801905333996e-05,3.657159686554223e-05,4.148847801843658e-05,4.395713403937407e-05
1995-08-11,0.0,0.0,0.0,0.0,0.0,0.0
1995-08-12,0.00018454382370691746,0.00019934824376832694,0.000209642545087263,0.00022704320144839585,0.000239737011725083,0.0002481499977875501
1995-08-13,0.0002492373751010746,0.00026343981153331697,0.0002698382886592299,0.0002407079446129501,0.00025481655029579997,0.00026039028307422996
1995-08-14,0.000162900731083937,0.00017894395568873733,0.00019228909513913095,0.0001538158394396305,0.00016662193229421973,0.00017907853180076927
1995-08-15,0.0,0.0,0.0,0.0,0.0,0.0
1995-08-16,0.0,8.32187367905135e-08,2.5698369654492126e-07,0.0,1.9091147862582147e-07,5.895096251151699e-07
1995-08-17,0.0,0.0,0.0,0.0,0.0,0.0
1995-08-18,0.0,0.0,0.0,0.0,0.0,0.0
1995-08-19,4.040949193040433e-07,0.0,0.0,9.33000819713925e-07,0.0,0.0
1995-08-20,0.0,0.0,0.0,0.0,0.0,0.0
1995-08-21,6.537359149660915e-05,6.863675662316382e-05,7.172201731009409e-05,7.229097536765039e-05,7.575472409371287e-05,7.936627662274987e-05
1995-08-22,3.401707363082096e-05,3.5110115277348086e-05,3.83324695576448e-05,2.8636321076191962e-05,2.9808597901137546e-05,3.468212526058778e-05
1995-08-23,0.0,0.0,0.0,0.0,0.0,0.0
1995-08-24,3.2113544875755906e-05,2.4751192540861666e-05,2.249391400255263e-05,3.773938806261867e-05,2.962420148833189e-05,2.604377004900016e-05
1995-08-25,1.210982958355089e-07,0.0,0.0,8.019974018225184e-08,0.0,0.0
1995-08-26,0.0,0.0,0.0,0.0,0.0,0.0
1995-08-27,6.56066695228219e-05,7.002965139690787e-05,6.246392149478197e-05,7.92067512520589e-05,8.486569277010858e-05,8.038864325499162e-05
1995-08-28,0.00017271771503146738,0.00018206826644018292,0.0001903337542898953,0.0001910297869471833,0.0001989775337278843,0.0002079532714560628
1995-08-29,4.321514643379487e-05,3.9917791582411155e-05,3.5908593417843804e-05,5.0243605073774233e-05,4.654027725337073e-05,4.3264200940029696e-05
1995-08-30,0.0002120166172971949,0.000213454375625588,0.00021799499518238008,0.00022889678075443953,0.00022844385239295661,0.00023261616297531873
1995-08-31,8.60787695273757e-05,8.890972821973264e-05,9.329056047135964e-05,9.907225467031822e-05,0.0001027122198138386,0.0001055217144312337
1995-09-01,0.0,0.0,0.0,0.0,0.0,0.0
1995-09-02,0.0,0.0,0.0,0.0,0.0,0.0
1995-09-03,0.0,0.0,0.0,0.0,0.0,0.0
1995-09-04,0.0,0.0,0.0,0.0,0.0,0.0
1995-09-05,0.0,0.0,0.0,0.0,0.0,0.0
1995-09-06,0.0,0.0,0.0,0.0,0.0,0.0
1995-09-07,0.0,0.0,0.0,0.0,0.0,0.0
1995-09-08,0.0,0.0,0.0,0.0,0.0,0.0
1995-09-09,0.0,0.0,0.0,0.0,0.0,0.0
1995-09-10,0.0,0.0,0.0,0.0,0.0,0.0
1995-09-11,5.462463741423562e-05,4.8810932639753446e-05,4.194135908619501e-05,5.790685463580303e-05,5.144272290635854e-05,4.382152110338211e-05
1995-09-12,0.00016733573284000158,0.00016526870604138821,0.00016766930639278144,0.0001666327880229801,0.00016311243234667927,0.00016310701903421432
1995-09-13,3.5213066439609975e-05,3.6034543882124126e-05,4.0580533095635474e-05,3.620379720814526e-05,3.5805631341645494e-05,3.822749567916617e-05
1995-09-14,5.327231974661117e-06,3.6106455354456557e-06,3.546821062627714e-06,1.10479095383198e-05,8.295392945001367e-06,8.129745765472762e-06
1995-09-15,0.0,0.0,0.0,0.0,0.0,0.0
1995-09-16,5.251986749499338e-06,1.216993723573978e-06,9.703109071779181e-07,8.342352884938009e-06,2.797192564685247e-06,2.224652007498662e-06
1995-09-17,5.9766662161564454e-05,5.6923476222436875e-05,5.0198508688481525e-05,6.391382339643314e-05,6.129851681180298e-05,5.490311741596088e-05
1995-09-18,7.40739278626279e-06,5.777068508905359e-06,5.013531790609704e-06,8.550102393201087e-06,7.022789304755861e-06,6.521388968394604e-06
1995-09-19,0.0,0.0,0.0,0.0,0.0,0.0
1995-09-20,0.0,0.0,0.0,0.0,0.0,0.0
1995-09-21,0.0,0.0,0.0,0.0,0.0,0.0
1995-09-22,0.0,0.0,0.0,0.0,0.0,0.0
1995-09-23,0.0,0.0,0.0,0.0,0.0,0.0
1995-09-24,1.17859999591019e-05,1.2424348824424669e-05,1.699535823718179e-05,2.3805283490219153e-05,2.2575091861654073e-05,2.4484872483299114e-05
1995-09-25,0.00010964614193653688,0.00010970365110551938,0.00010373663099016994,0.00013084693637210876,0.00013237359235063195,0.00012865975440945476
1995-09-26,3.512465340804738e-08,0.0,0.0,8.149171293325708e-08,0.0,0.0
1995-09-27,0.0,0.0,0.0,0.0,0.0,0.0
1995-09-28,4.035803158330964e-06,1.8001874195761047e-06,1.4474095451078028e-06,8.479912139591761e-06,4.1485022848064546e-06,3.324129465909209e-06
1995-09-29,0.0002510863996576518,0.00026972731575369835,0.0002854026388376951,0.0002396313939243555,0.0002565949398558587,0.00027114772819913924
1995-09-30,3.6540729979606112e-06,3.6094506867812015e-06,3.3216410884051584e-06,7.747050403850153e-06,7.5601565185934305e-06,7.027590982033871e-06
1995-10-01,0.0,0.0,0.0,0.0,0.0,0.0
1995-10-02,0.0,0.0,0.0,0.0,0.0,0.0
1995-10-03,0.0,0.0,0.0,0.0,0.0,0.0
1995-10-04,6.4219293562928215e-06,5.663102001562947e-06,4.4989237721893005e-06,1.4932094018149655e-05,1.3064957784081344e-05,1.0339068467146717e-05
1995-10-05,4.752245708061764e-09,0.0,0.0,1.1052861736970954e-08,0.0,0.0
1995-10-06,9.880653669824824e-05,9.542444604448974e-05,8.783928205957636e-05,0.00011607398482738063,0.00011347963300067931,0.00010573622421361506
1995-10-07,3.0492594305542298e-05,3.0763898394070566e-05,3.11373223667033e-05,2.4853748982422985e-05,2.6354215151513927e-05,2.8353932066238485e-05
1995-10-08,5.394902586886019e-07,9.276336641050875e-07,2.841501100192545e-06,3.602450817652425e-07,1.015992097563867e-06,3.0992584925115807e-06
1995-10-09,8.587976481067017e-05,7.738197018625215e-05,6.855362880742177e-05,0.00011589397763600573,0.00010863717761822045,9.730562305776402e-05
1995-10-10,2.7165810024598613e-05,2.7055168175138533e-05,2.4568680601078086e-05,2.869751915568486e-05,3.0317936762003228e-05,2.9702181564061902e-05
1995-10-11,4.269607245532825e-08,4.420254029469106e-08,3.510022494879195e-08,9.946447221409471e-08,1.0206229461573457e-07,8.069307710911744e-08
1995-10-12,0.0,0.0,0.0,0.0,0.0,0.0
1995-10-13,2.0102238522667903e-06,1.2243967830727343e-06,9.722791673993925e-07,1.972766767721623e-06,1.2326185014899238e-06,9.744279623191687e-07
1995-10-14,1.5352412447100505e-05,2.0865425540250726e-05,2.7848343961522914e-05,1.0900873348873574e-05,1.50261994349421e-05,2.0567302271956578e-05
1995-10-15,1.1524190313139115e-06,1.2169049341537175e-06,1.0203171996181482e-06,2.68734243036306e-06,2.8103336262574885e-06,2.345498160138959e-06
1995-10-16,0.0,0.0,0.0,0.0,0.0,0.0
1995-10-17,0.0001097892745747231,0.0001099064975278452,0.00010711573850130662,0.00010834168642759323,0.00010654710058588535,0.00010470300185261294
1995-10-18,3.093159830314107e-05,3.369974365341477e-05,4.200243347440846e-05,3.0402841730392538e-05,3.081031536567025e-05,3.53180366801098e-05
1995-10-19,0.0,0.0,0.0,0.0,0.0,0.0
1995-10-20,0.0,0.0,0.0,0.0,0.0,0.0
1995-10-21,0.00016583599790465087,0.00018064246978610754,0.0001973195030586794,0.00015185480879154056,0.00016311313083861023,0.00017699418822303414
1995-10-22,1.2477008795030997e-06,8.976206231636752e-07,1.082835524357506e-06,1.2957110584466136e-06,1.0914674248851952e-06,1.7118608184318873e-06
1995-10-23,0.0,0.0,0.0,0.0,0.0,0.0
1995-10-24,0.0,0.0,0.0,0.0,0.0,0.0
1995-10-25,0.0,0.0,0.0,0.0,0.0,0.0
1995-10-26,0.0,0.0,0.0,0.0,0.0,0.0
1995-10-27,1.78964370434187e-07,0.0,0.0,4.182527675311576e-07,0.0,0.0
1995-10-28,1.4204442777554505e-05,1.1480374269012827e-05,9.287656212109141e-06,1.5174286090768874e-05,1.2292903193156235e-05,1.0079501407744829e-05
1995-10-29,0.00012184273509774357,0.00012089885422028601,0.0001166506772278808,0.00013895879965275526,0.00014094058133196086,0.0001394877181155607
1995-10-30,0.00018843462748918682,0.00019194476772099733,0.00018850777996703982,0.00020058522932231426,0.00020603644952643663,0.0002045773871941492
1995-10-31,5.888930900255218e-06,6.48577542960993e-06,6.162061708891997e-06,3.94968537875684e-06,4.8020742724474985e-06,5.619102466880577e-06
1995-11-01,0.0001236757670994848,0.00011466852447483689,0.00010717844997998327,0.00011468910815892741,0.00010537640628172085,9.711433085612953e-05
1995-11-02,0.000313097465550527,0.0003419737913645804,0.0003646465775091201,0.00031620365916751325,0.00034070663969032466,0.00036054206429980695
1995-11-03,1.2485910701798275e-05,1.2122884982090909e-05,1.291271564696217e-05,1.4937307241780218e-05,1.4491979527520016e-05,1.460333623981569e-05
1995-11-04,0.0,0.0,0.0,0.0,0.0,0.0
1995-11-05,0.0,0.0,0.0,0.0,0.0,0.0
1995-11-06,0.0,0.0,0.0,0.0,0.0,0.0
1995-11-07,0.0,0.0,0.0,0.0,0.0,0.0
1995-11-08,1.2203058759041596e-06,1.3137865835233242e-06,1.1488410791571368e-06,1.4251622815208975e-06,1.5606672150170198e-06,1.4677516446681693e-06
1995-11-09,8.184620270412779e-08,0.0,0.0,1.9140101414905075e-07,0.0,0.0
1995-11-10,2.27924601858831e-06,1.9398571566853207e-06,1.5500513654842507e-06,1.5289947441488039e-06,1.2798759598808829e-06,1.0170778068641084e-06
1995-11-11,0.0,0.0,0.0,0.0,0.0,0.0
1995-11-12,4.0881693053052004e-07,1.89288869023585e-07,1.5136048148178816e-07,2.742257549925853e-07,1.248178591595206e-07,9.925886956807517e-08
1995-11-13,4.210675342619652e-06,2.1893354187341174e-06,1.9020824311155593e-06,4.618920684151817e-06,2.9447530778270448e-06,2.441455535517889e-06
1995-11-14,0.00011428334255469963,0.00011800693027907982,0.00011567721230676398,0.00012476270785555243,0.0001287206105189398,0.0001275320682907477
1995-11-15,0.0,0.0,0.0,0.0,0.0,0.0
1995-11-16,0.0,0.0,0.0,0.0,0.0,0.0
1995-11-17,6.072878591112385e-07,5.738292543355783e-07,4.794866867996461e-07,1.4195259154803352e-06,1.3171320460969582e-06,1.0945299209197401e-06
1995-11-18,0.0,0.0,0.0,0.0,0.0,0.0
1995-11-19,0.0,0.0,0.0,0.0,0.0,0.0
1995-11-20,6.311645250889342e-08,0.0,0.0,1.4749188892437815e-07,0.0,0.0
1995-11-21,0.0,0.0,0.0,0.0,0.0,0.0
1995-11-22,7.768137038510758e-06,7.294537681445945e-06,6.307011062745005e-06,1.8148899471270852e-05,1.6720126950531267e-05,1.4377418665389996e-05
1995-11-23,3.904663390130736e-05,3.983679198427126e-05,3.875736001646146e-05,4.6574848965974525e-05,4.684516534325667e-05,4.560108209261671e-05
1995-11-24,0.0,0.0,0.0,0.0,0.0,0.0
1995-11-25,0.0,0.0,0.0,0.0,0.0,0.0
1995-11-26,1.0933000567092677e-06,5.715493216484901e-07,6.91948400799447e-07,7.324089210669626e-07,3.754296074021113e-07,4.5204029675005586e-07
1995-11-27,0.0001964517286978662,0.00021277798805385828,0.00022075380547903478,0.00019751991203520447,0.0002082857390632853,0.00021362501138355583
1995-11-28,1.8611081031849608e-05,2.029641291301232e-05,2.384137587796431e-05,2.6151352358283475e-05,2.74463582172757e-05,3.033635402971413e-05
1995-11-29,3.0662706649309257e-06,3.014198227901943e-06,2.5761398774193367e-06,4.674130650528241e-06,4.663736490329029e-06,4.0759500734566245e-06
1995-11-30,0.0,0.0,0.0,0.0,0.0,0.0
1995-12-01,3.6073011870030314e-05,3.5548568121157587e-05,3.3679760235827416e-05,4.1127201257040724e-05,4.0328326576855034e-05,3.855322574963793e-05
1995-12-02,3.6008088500238955e-05,3.092661427217536e-05,2.4901482902350836e-05,3.9299047784879804e-05,3.322292832308449e-05,2.660598147485871e-05
1995-12-03,0.00040376867400482297,0.0004399444442242384,0.0004614944919012487,0.00036875598016195,0.0003979980538133532,0.00042211025720462203
1995-12-04,6.327301434794208e-06,4.403345428727334e-06,3.547626874933485e-06,4.717759566119639e-06,2.947361281258054e-06,2.361796759942081e-06
1995-12-05,3.847735570161603e-06,2.841918785634334e-06,2.290310703756404e-06,2.859351525330567e-06,1.8632039200383588e-06,1.4934798855392728e-06
1995-12-06,2.9178585464251228e-05,2.9583108698716387e-05,2.9885575713706203e-05,3.4742337447823957e-05,3.4367396438028663e-05,3.406736141187139e-05
1995-12-07,2.273407153552398e-05,2.2660966351395473e-05,2.0982983187423088e-05,2.3690425223321654e-05,2.2664688003715128e-05,2.1006502720410936e-05
1995-12-08,1.426624521627673e-06,1.5117659586394439e-06,1.6856713500601472e-06,3.280516466475092e-06,3.4008326110779308e-06,3.6673648082796717e-06
1995-12-09,0.0,0.0,0.0,0.0,0.0,0.0
1995-12-10,2.4019543687359146e-08,0.0,0.0,5.600413288675554e-08,0.0,0.0
1995-12-11,8.011530007934198e-05,8.452947076875716e-05,8.696346048964188e-05,9.0471250587143e-05,9.34526469791308e-05,9.510552627034485e-05
1995-12-12,1.2521029930212535e-05,1.2832659194828011e-05,1.1629769687715452e-05,1.7687107174424455e-05,1.7309344912064262e-05,1.605528814252466e-05
1995-12-13,1.3183496776036918e-05,1.5916855772957206e-05,1.9284811060060747e-05,2.059813959931489e-05,2.319165287190117e-05,2.5921983251464553e-05
1995-12-14,0.0,0.0,0.0,0.0,0.0,0.0
1995-12-15,0.00038385490188375115,0.0004074862226843834,0.00041867600521072745,0.00039972507511265576,0.0004201933916192502,0.00043172796722501516
1995-12-16,1.1529595212778077e-05,1.2313032129895873e-05,1.3523474081011955e-05,1.0908958756772336e-05,1.1195070328540169e-05,1.181052539322991e-05
1995-12-17,1.2681067346420605e-05,1.242392318090424e-05,1.050370883604046e-05,1.1448911209299695e-05,1.1117314898001496e-05,9.785311704035848e-06
1995-12-18,8.860997127158043e-07,8.036161602831271e-07,6.551888986905396e-07,2.064932004941511e-06,1.8338841982767917e-06,1.4871080793454894e-06
1995-12-19,8.460021490463987e-06,7.869700311857741e-06,6.6026191234414e-06,8.267120392702054e-06,7.454769274772843e-06,6.519429462059634e-06
1995-12-20,3.010180989804212e-06,1.9768954189203214e-06,1.7287874243265833e-06,5.104207957629114e-06,3.962978553317953e-06,3.4826250612240983e-06
1995-12-21,1.3828102964907885e-06,1.4136866184344399e-06,1.1700021786964498e-06,1.753572178131435e-06,1.7031125025823712e-06,1.4300186421678518e-06
1995-12-22,2.0920720999129117e-05,2.2009546228218824e-05,2.2933661966817454e-05,3.272158210165799e-05,3.482999818515964e-05,3.711873068823479e-05
1995-12-23,9.343312790122127e-09,0.0,0.0,2.1770782510088793e-08,0.0,0.0
1995-12-24,2.3427153337252093e-06,2.27738382818643e-06,2.104835402860772e-06,1.5659334167139605e-06,1.490611339249881e-06,1.3701662737730658e-06
1995-12-25,0.0002427417057333514,0.0002583753957878798,0.00026492131291888654,0.00022923373035155237,0.00024001265410333872,0.00024623124045319855
1995-12-26,4.847071977565065e-06,6.61509011479211e-06,8.77308593771886e-06,3.927141278836643e-06,5.314118880050955e-06,7.127154731279006e-06
1995-12-27,7.114283562259516e-08,2.3809661797713488e-07,6.232264126992959e-07,4.755589699811935e-08,1.5584426193981926e-07,4.056882971781306e-07
1995-12-28,3.3612028715879205e-08,5.047416493653145e-07,1.5770548316140776e-06,7.832499449023089e-08,3.303819369193661e-07,1.026588734021061e-06
1995-12-29,1.1951125600262458e-07,1.2679352323630155e-07,1.0272441386405262e-07,2.7850373385263083e-07,2.893183363994467e-07,2.3310326469072606e-07
1995-12-30,2.933005021077406e-07,3.0879189694132947e-07,2.5659977609393536e-07,6.835257977400033e-07,7.046286896184029e-07,5.822901698593341e-07
1995-12-31,0.0,0.0,0.0,0.0,0.0,0.0
1996-01-01,0.00010352661047363654,0.00011000867380062118,0.00011402342352084816,9.585583757143468e-05,9.981316543417051e-05,0.00010233856301056221
1996-01-02,1.77380188688403e-05,2.0685856725322083e-05,2.4153383492375724e-05,1.91428935067961e-05,2.16515181818977e-05,2.4766228307271376e-05
1996-01-03,1.6408746887464076e-05,1.725689071463421e-05,1.7651684174779803e-05,1.907582009152975e-05,1.9160690499120392e-05,1.88717785931658e-05
1996-01-04,5.0534526963019744e-05,5.300553675624542e-05,5.4639294830849394e-05,4.965491461916827e-05,5.0650134653551504e-05,5.1414259360171854e-05
1996-01-05,6.0260595091676805e-06,5.425956260296516e-06,4.734449248644523e-06,7.277912573044887e-06,6.545335054397583e-06,6.036807008058531e-06
1996-01-06,0.0,0.0,0.0,0.0,0.0,0.0
1996-01-07,0.0001392569247400388,0.00014310391270555556,0.00014318677131086588,0.00013560795923694968,0.0001383189664920792,0.00013974320609122515
1996-01-08,8.972629439085722e-05,0.00010246068268315867,0.00011502966663101688,8.208813960663974e-05,9.279374353354797e-05,0.00010494886373635381
1996-01-09,0.0,0.0,0.0,0.0,0.0,0.0
1996-01-10,2.203901021857746e-05,2.166387639590539e-05,2.0736033548018895e-05,1.69550421560416e-05,1.6015486835385673e-05,1.503301700722659e-05
1996-01-11,0.0003410901699680835,0.0003689102886710316,0.0003753906930796802,0.00036592409014701843,0.0003925853525288403,0.0004000915796495974
1996-01-12,0.0,2.8292850728917074e-08,8.85333548694689e-08,0.0,6.462814639007775e-08,2.010696107390686e-07
1996-01-13,0.0,0.0,0.0,0.0,0.0,0.0
1996-01-14,0.0,0.0,0.0,0.0,0.0,0.0
1996-01-15,0.0,0.0,0.0,0.0,0.0,0.0
1996-01-16,0.0,0.0,0.0,0.0,0.0,0.0
1996-01-17,6.261129215090477e-08,0.0,0.0,4.194079750163837e-08,0.0,0.0
1996-01-18,0.0,0.0,0.0,0.0,0.0,0.0
1996-01-19,8.88075302185598e-09,0.0,0.0,2.0742787043559474e-08,0.0,0.0
1996-01-20,9.431305869611606e-08,6.107284633571908e-08,1.9109991455934505e-07,6.320127710068846e-08,4.005113041216646e-08,1.2459656772989547e-07
1996-01-21,0.00022853724658489227,0.0002505630545783788,0.00026340250042267144,0.00020085270807612687,0.00021860760170966387,0.00023143069120123982
1996-01-22,0.00010299706627847627,0.00011692861880874261,0.0001269191998289898,9.287359716836363e-05,0.00010387574729975313,0.00011454133345978335
1996-01-23,3.3410535138500563e-07,1.347067613011177e-08,1.0926156868151793e-08,2.449934015658073e-07,3.080300814417569e-08,2.484037864292077e-08
1996-01-24,1.2145583241363056e-05,1.3447414858092088e-05,1.4460118109127507e-05,1.0322523849026766e-05,1.113237340177875e-05,1.2177733879070729e-05
1996-01-25,1.1761347195715643e-05,1.1828870810859371e-05,1.1156479558849242e-05,9.59949738899013e-06,9.400927410752047e-06,8.93119977263268e-06
1996-01-26,0.0,1.1967538959822832e-08,3.743248555565515e-08,0.0,2.7372450972507067e-08,8.512584770414833e-08
1996-01-27,8.200685442716349e-06,7.532296876888722e-06,6.59364695820841e-06,7.827037734386977e-06,7.143073162296787e-06,6.202788426890038e-06
1996-01-28,0.0,0.0,0.0,0.0,0.0,0.0
1996-01-29,4.774510102834029e-07,3.301315700809937e-07,3.0296732234091905e-07,1.052124844136415e-06,7.552384317932592e-07,6.891640964568069e-07
1996-01-30,2.046683903245139e-06,1.5909452031337423e-06,1.3060505352768814e-06,2.6729512683232315e-06,2.067307605102542e-06,1.703687985354918e-06
1996-01-31,2.200668177465559e-06,1.8172181626141537e-06,1.594960963302583e-06,4.761805939779151e-06,4.157689090789063e-06,3.6286653539718827e-06
1996-02-01,4.17012233810965e-06,3.948093763028737e-06,3.4392878660582937e-06,5.532173418032471e-06,5.308988420438254e-06,4.823850758839399e-06
1996-02-02,0.0,0.0,0.0,0.0,0.0,0.0
1996-02-03,0.0,0.0,0.0,0.0,0.0,0.0
1996-02-04,9.314696569617809e-09,3.500137779610668e-08,1.0936496153135522e-07,6.249476047770486e-09,2.2976184510525854e-08,7.139661306609923e-08
1996-02-05,0.0,0.0,0.0,0.0,0.0,0.0
1996-02-06,2.0787756227491627e-07,1.9213624113945116e-07,1.5560200949948921e-07,4.861856837123923e-07,4.396830775021954e-07,3.5414743138062477e-07
1996-02-07,7.23361893051333e-07,6.808544412706397e-07,6.069039386602526e-07,1.0557663472354761e-06,9.705371439849841e-07,9.081791745302326e-07
1996-02-08,1.528864459032775e-06,1.0358955933043035e-06,8.386803074245108e-07,2.170877223761636e-06,1.5898291394478292e-06,1.2802760238628252e-06
1996-02-09,0.0,0.0,0.0,0.0,0.0,0.0
1996-02-10,2.1284296963131055e-05,2.1504865799215622e-05,2.1787309378851205e-05,2.3617667466169223e-05,2.3269414668902755e-05,2.329699600522872e-05
1996-02-11,5.0555200026281e-09,0.0,0.0,1.182161746271504e-08,0.0,0.0
1996-02-12,1.841406810854096e-05,1.81237355718622e-05,1.597572372702416e-05,1.5923042155918665e-05,1.5479639841942117e-05,1.3816903447150253e-05
1996-02-13,1.4715695215272717e-05,1.6466517990920693e-05,1.781671744538471e-05,9.869749192148447e-06,1.0882307833526284e-05,1.1862018254760187e-05
1996-02-14,0.0,0.0,0.0,0.0,0.0,0.0
1996-02-15,1.0807285434566438e-05,9.675372893980239e-06,7.825308784958906e-06,9.18798650673125e-06,7.874391485529486e-06,6.336566457321169e-06
1996-02-16,3.6192877814755775e-06,4.4395692384568974e-06,5.78326080358238e-06,2.9824952889612177e-06,3.498223350106855e-06,4.447446826816304e-06
1996-02-17,6.285456493060337e-06,6.845672487543197e-06,8.29178316053003e-06,5.413440248958068e-06,5.4052029554441106e-06,6.224079697858542e-06
1996-02-18,7.423882379953284e-07,7.382888043139246e-07,6.218530188561999e-07,9.80193817667896e-07,9.278836614612374e-07,8.033458129830251e-07
1996-02-19,0.0,0.0,0.0,0.0,0.0,0.0
1996-02-20,1.2230119864398148e-05,1.125741982832551e-05,9.323583071818575e-06,1.1385269317543134e-05,1.0350461707275826e-05,8.695215910847764e-06
1996-02-21,3.260171797592193e-05,3.421691508265212e-05,3.456995546002872e-05,3.1816758564673364e-05,3.303273842902854e-05,3.403318623895757e-05
1996-02-22,5.243737177806906e-07,6.272160817388794e-07,6.571920607711945e-07,1.2245844800418126e-06,1.4347830301630893e-06,1.4962131444917759e-06
1996-02-23,0.0,0.0,0.0,0.0,0.0,0.0
1996-02-24,0.0,0.0,0.0,0.0,0.0,0.0
1996-02-25,0.0,0.0,0.0,0.0,0.0,0.0
1996-02-26,0.0,0.0,0.0,0.0,0.0,0.0
1996-02-27,6.1709410914545515e-09,0.0,0.0,1.4398746195354306e-08,0.0,0.0
1996-02-28,8.700358762325777e-07,8.453450845991028e-07,6.825699756518588e-07,2.029694769589696e-06,1.9331198473082623e-06,1.5538100797130028e-06
1996-02-29,,,,,,
1996-03-01,4.225174507155316e-06,4.189330411463743e-06,4.25819280280848e-06,9.096935173147358e-06,8.816354238661006e-06,8.666843314131256e-06
1996-03-02,6.79894185395824e-07,7.192982707238116e-07,6.010734523442807e-07,1.5855234778427985e-06,1.6446902009192854e-06,1.3682168855666532e-06
1996-03-03,2.6482462999410927e-05,2.715434857236687e-05,2.621427847770974e-05,2.2107235054136254e-05,2.204347401857376e-05,2.1429761545732617e-05
1996-03-04,2.1425341401482e-05,2.1406876840046607e-05,2.0288814994273707e-05,2.2530051865032874e-05,2.2144802642287686e-05,2.1004490918130614e-05
1996-03-05,0.0,0.0,0.0,0.0,0.0,0.0
1996-03-06,3.415958190089441e-06,2.8731076326948823e-06,2.3730694920232054e-06,7.022118552413303e-06,6.335123543976806e-06,5.214076281845337e-06
1996-03-07,1.7996713722823188e-05,1.855341179179959e-05,1.7700358512229286e-05,1.8940592781291343e-05,1.94183703570161e-05,1.897929541883059e-05
1996-03-08,0.0,0.0,0.0,0.0,0.0,0.0
1996-03-09,0.0,0.0,0.0,0.0,0.0,0.0
1996-03-10,8.940985026129056e-06,8.221692041843198e-06,7.438992724928539e-06,1.0878031389438547e-05,1.0267649486195296e-05,9.784764188225381e-06
1996-03-11,0.0,0.0,0.0,0.0,0.0,0.0
1996-03-12,0.00013788166688755155,0.0001423137728124857,0.0001393973216181621,0.00013378883886616677,0.00013600978127215058,0.00013314028910826892
1996-03-13,7.351137901423499e-05,7.991786696948111e-05,8.350394637091085e-05,8.876658830558881e-05,9.552410483593121e-05,9.989868703996763e-05
1996-03-14,1.596634683664888e-05,1.8489135982235894e-05,1.9381142919883132e-05,1.2136137229390442e-05,1.3793213838653173e-05,1.4398521670955233e-05
1996-03-15,7.989216044279601e-08,1.5036249578770366e-06,4.4802668526244815e-06,5.331914465500631e-08,9.85684096121986e-07,2.9245525183796417e-06
1996-03-16,9.346771548734978e-06,7.49486798667931e-06,6.042519999027718e-06,7.782879947626498e-06,5.92544120081584e-06,4.757031092594843e-06
1996-03-17,2.0068912931492378e-07,1.470298798267322e-07,1.1852709747017798e-07,4.6674716713823727e-07,3.359716345130437e-07,2.696988872230577e-07
1996-03-18,3.4267003456989187e-07,6.152410492177296e-07,1.0736401918620686e-06,7.968322393026028e-07,1.3841341797160567e-06,2.3757656890666112e-06
1996-03-19,4.3559262849157676e-05,4.337737846071832e-05,4.138968142797239e-05,2.9162772989366204e-05,2.852195393643342e-05,2.729063999140635e-05
1996-03-20,2.2926915335119702e-05,2.3589982447447255e-05,2.314589437446557e-05,1.5289369912352413e-05,1.546282510389574e-05,1.5108006664377172e-05
1996-03-21,8.753426664043218e-05,8.784441160969436e-05,8.607248309999704e-05,9.046876948559657e-05,8.854713087202981e-05,8.542540308553725e-05
1996-03-22,0.00018822820857167244,0.00020622790907509625,0.00021886080503463745,0.00022425591305363923,0.00024059772840701044,0.00025452187401242554
1996-03-23,8.200519914680626e-06,7.672645551792812e-06,6.990570454945555e-06,1.121174318541307e-05,1.080250513041392e-05,1.0332015335734468e-05
1996-03-24,6.612888228119118e-06,5.893508387089241e-06,4.782774340128526e-06,1.5364841601694934e-05,1.3466717064147815e-05,1.0882932656386402e-05
1996-03-25,0.00011570876813493669,0.00012043415335938334,0.00012198242620797828,0.00011478889064164832,0.00011528385948622599,0.00011358993651811033
1996-03-26,0.00015779020031914115,0.00016788482025731355,0.00017445764387957752,0.00019153919129166752,0.00019822371541522443,0.0002012844051932916
1996-03-27,3.432811581660644e-07,3.631111837876233e-07,2.9236889531603083e-07,7.973421247697843e-07,8.297708973259432e-07,6.653209538853844e-07
1996-03-28,0.0,0.0,0.0,0.0,0.0,0.0
1996-03-29,4.215963599563111e-06,3.296753220638493e-06,3.218789970560465e-06,7.570823981950525e-06,6.699392997688847e-06,6.656183359154966e-06
1996-03-30,0.0,0.0,0.0,0.0,0.0,0.0
1996-03-31,5.211793904891238e-06,2.079631258311565e-06,1.6733622487663524e-06,1.0006707270804327e-05,4.753172106575221e-06,3.808677320193965e-06
1996-04-01,4.018993422505446e-05,3.9453883800888434e-05,3.8059013604652137e-05,3.5769506212091073e-05,3.433988240431063e-05,3.396819010959007e-05
1996-04-02,4.8474145586396844e-08,3.271807713645103e-08,1.0150552753884767e-07,1.1253746379225049e-07,7.478965358131973e-08,2.3106538549200195e-07
1996-04-03,3.187397226156463e-07,1.207568743666343e-06,2.974595872728969e-06,2.1226557578302163e-07,8.617524827059242e-07,2.1583462057606084e-06
1996-04-04,0.0,0.0,0.0,0.0,0.0,0.0
1996-04-05,4.799300222657621e-05,4.7379191528307274e-05,4.626089139492251e-05,4.941010047332384e-05,4.815599459107034e-05,4.686669853981584e-05
1996-04-06,0.0,0.0,0.0,0.0,0.0,0.0
1996-04-07,2.1188976461417042e-05,2.5541372451698408e-05,3.137122621410526e-05,1.9498233086778782e-05,2.3106225853553042e-05,2.8420861781341955e-05
1996-04-08,0.0,0.0,0.0,0.0,0.0,0.0
1996-04-09,0.0,0.0,0.0,0.0,0.0,0.0
1996-04-10,3.317559458082542e-05,3.062913674511947e-05,2.824248804245144e-05,3.295889473520219e-05,3.0270290153566748e-05,2.8361329896142706e-05
1996-04-11,2.4070193830993958e-05,2.4993691113195382e-05,2.4606169972685166e-05,2.499103720765561e-05,2.593658609839622e-05,2.6185198294115253e-05
1996-04-12,0.0,0.0,0.0,0.0,0.0,0.0
1996-04-13,0.0,0.0,0.0,0.0,0.0,0.0
1996-04-14,4.3273803385091014e-07,0.0,0.0,3.107918473688187e-07,0.0,0.0
1996-04-15,5.397919085226022e-05,5.818665158585645e-05,6.398098776116967e-05,6.238916103029624e-05,6.704597763018683e-05,7.426261436194181e-05
1996-04-16,5.294497896102257e-05,5.748427793150768e-05,5.9385438362369314e-05,5.9083831729367375e-05,6.387246685335413e-05,6.695001502521336e-05
1996-04-17,4.651489871321246e-05,4.4972694013267756e-05,4.226822784403339e-05,5.1776245527435094e-05,4.962309685652144e-05,4.649336187867448e-05
1996-04-18,2.479025351931341e-05,2.382924867561087e-05,2.2617485228693113e-05,2.5243340132874437e-05,2.3868398784543388e-05,2.2711066776537336e-05
1996-04-19,0.0,0.0,0.0,0.0,0.0,0.0
1996-04-20,0.0,0.0,0.0,0.0,0.0,0.0
1996-04-21,0.0,0.0,0.0,0.0,0.0,0.0
1996-04-22,5.793062882730737e-06,4.8769456952868495e-06,4.1376838453288656e-06,1.344996053376235e-05,1.118114869314013e-05,9.451492587686516e-06
1996-04-23,4.677410743170185e-06,2.344487029404263e-06,1.928349320223788e-06,8.791104846750386e-06,5.376321951189311e-06,4.406058906170074e-06
1996-04-24,0.00019144290126860142,0.00020007671264465898,0.0002019601670326665,0.0001782223698683083,0.0001853125577326864,0.00018782264669425786
1996-04-25,8.805467587080784e-06,1.4287602425611112e-05,2.3165528546087444e-05,5.86579608352622e-06,1.039033850247506e-05,1.8220909623778425e-05
1996-04-26,0.0001843598874984309,0.0002116023824783042,0.00024382848641835153,0.0001522366510471329,0.00017153573571704328,0.00019513424194883555
1996-04-27,5.068575774203055e-06,5.821075774292694e-06,6.504820703412406e-06,1.1185856237716507e-05,1.2557860827655531e-05,1.377811986458255e-05
1996-04-28,0.0,0.0,0.0,0.0,0.0,0.0
1996-04-29,0.0,0.0,0.0,0.0,0.0,0.0
1996-04-30,0.0,0.0,0.0,0.0,0.0,0.0
1996-05-01,0.0,0.0,0.0,0.0,0.0,0.0
1996-05-02,8.858424735080916e-06,8.46740476845298e-06,6.735675924574025e-06,1.264914135390427e-05,1.2074894584657159e-05,9.576488082529977e-06
1996-05-03,6.848412795079639e-06,8.082774002104998e-06,8.729967703402508e-06,4.56492489320226e-06,5.331078682502266e-06,5.741104359913152e-06
1996-05-04,1.6988631614367478e-05,1.6532150766579434e-05,2.2228417947189882e-05,1.132502166001359e-05,1.0907107935054228e-05,1.4623596143792383e-05
1996-05-05,0.0001608925813343376,0.0001612697378732264,0.0001585856662131846,0.00018302348325960338,0.00018136034486815333,0.00017825623217504472
1996-05-06,0.0,0.0,0.0,0.0,0.0,0.0
1996-05-07,5.358035650715465e-07,1.0689710734368418e-06,2.02018850359309e-06,1.2454255511329393e-06,2.031725216511404e-06,3.32895706378622e-06
1996-05-08,2.645954964464181e-06,3.941393515560776e-06,5.8825412452279124e-06,6.150808530946961e-06,7.970833394210786e-06,1.0141185157408472e-05
1996-05-09,0.0,0.0,0.0,0.0,0.0,0.0
1996-05-10,0.0,3.363541978274043e-08,1.0278372286620652e-07,0.0,3.6310993323240837e-08,1.1070774519339466e-07
1996-05-11,7.005484803812578e-05,6.437465344788507e-05,5.8962432376574725e-05,8.032664482016116e-05,7.407391240121797e-05,6.755738286301494e-05
1996-05-12,0.0,0.0,0.0,0.0,0.0,0.0
1996-05-13,0.0,0.0,0.0,0.0,0.0,0.0
1996-05-14,0.0,0.0,0.0,0.0,0.0,0.0
1996-05-15,4.633532807929441e-05,4.286585681256838e-05,3.668401041068137e-05,4.123847247683443e-05,3.815330637735315e-05,3.265790292061865e-05
1996-05-16,0.00014642452879343182,0.00014898112567607313,0.00014110324264038354,0.00014358687622006983,0.00014522610581479967,0.00013854308053851128
1996-05-17,7.459710468538105e-05,7.706899486947805e-05,7.995969644980505e-05,7.741307490505278e-05,7.883388752816245e-05,8.048251766012982e-05
1996-05-18,3.4492473787395284e-05,4.411514601088129e-05,5.446197610581294e-05,2.302008942933753e-05,3.1844614568399265e-05,4.398544115247205e-05
1996-05-19,9.140739712165669e-05,9.115597640629858e-05,8.813986642053351e-05,8.88500944711268e-05,8.781357610132545e-05,8.473378693452105e-05
1996-05-20,6.768806633772328e-05,7.640849071322009e-05,7.766305498080328e-05,6.579994078492746e-05,7.445640221703798e-05,7.645494770258665e-05
1996-05-21,0.0,0.0,0.0,0.0,0.0,0.0
1996-05-22,0.0,0.0,0.0,0.0,0.0,0.0
1996-05-23,5.696127118426375e-05,5.9935333410976455e-05,6.298689550021663e-05,5.988789416733198e-05,6.120281614130363e-05,6.288587610470131e-05
1996-05-24,9.539510159584097e-08,1.706222363395682e-08,5.180998385867497e-08,6.369053551225079e-08,3.94752177612645e-08,1.1977991221101547e-07
1996-05-25,0.00014676082355435938,0.00014552327047567815,0.0001420040352968499,0.0001021390562527813,9.875199611997232e-05,9.589974069967866e-05
1996-05-26,0.00015970550884958357,0.00016011387924663723,0.00016403912741225213,0.00017123161524068564,0.0001681804860709235,0.00016876070003490895
1996-05-27,0.0,6.259015208343044e-07,1.8985775795954396e-06,0.0,5.366567847886472e-07,1.6272203993139556e-06
1996-05-28,0.0,0.0,0.0,0.0,0.0,0.0
1996-05-29,3.951815597247332e-05,3.040700357814785e-05,2.4612954803160392e-05,3.6616478610085323e-05,2.8023325285175815e-05,2.2495707526104525e-05
1996-05-30,7.086781261023134e-05,6.753441266482696e-05,6.397049583029002e-05,7.170600292738527e-05,6.790182669647038e-05,6.536974979098886e-05
1996-05-31,0.0,0.0,0.0,0.0,0.0,0.0
1996-06-01,0.0,0.0,0.0,0.0,0.0,0.0
1996-06-02,2.511598722776398e-05,2.08531509997556e-05,1.7752687199390493e-05,4.019661355414428e-05,3.5170585761079565e-05,3.0821363907307386e-05
1996-06-03,4.362969411886297e-05,4.241506030666642e-05,4.536609412753023e-05,5.6321528973057866e-05,5.533303919946775e-05,5.752399010816589e-05
1996-06-04,0.0,0.0,0.0,0.0,0.0,0.0
1996-06-05,0.0,0.0,0.0,0.0,0.0,0.0
1996-06-06,0.0,0.0,0.0,0.0,0.0,0.0
1996-06-07,0.0,0.0,0.0,0.0,0.0,0.0
1996-06-08,1.6243210154698318e-07,2.7628470888885204e-06,8.359043022210244e-06,3.7818824694113573e-07,2.2678091227135155e-06,6.866909188829595e-06
1996-06-09,4.341319436207414e-05,4.9512240366311744e-05,5.066974335932173e-05,3.55211304849945e-05,4.1180424886988476e-05,4.3662337702699006e-05
1996-06-10,1.576138674863614e-05,1.0636227671056986e-05,8.341720786120277e-06,1.562963552714791e-05,1.0045725503005087e-05,7.886401363066398e-06
1996-06-11,0.00011818805069196969,0.00012882523878943175,0.00013508809206541628,0.00011539773549884558,0.0001246704050572589,0.00012967326620128006
1996-06-12,0.0,2.3551207561922638e-07,7.123892373783747e-07,0.0,1.569157603853455e-07,4.751928486257384e-07
1996-06-13,0.0,0.0,0.0,0.0,0.0,0.0
1996-06-14,0.0,0.0,0.0,0.0,0.0,0.0
1996-06-15,9.319010132458061e-06,9.28049394133268e-06,9.231033800460864e-06,1.3809557458444033e-05,1.5165029253694229e-05,1.6452408090117387e-05
1996-06-16,3.5417939216131344e-05,3.942204421036877e-05,4.4513813918456435e-05,4.2810999730136245e-05,4.567889482132159e-05,4.946257467963733e-05
1996-06-17,0.0,2.583569084890769e-06,7.816468496457674e-06,0.0,1.9599835923145292e-06,5.938718913967023e-06
1996-06-18,0.0,0.0,0.0,0.0,0.0,0.0
1996-06-19,0.0,0.0,0.0,0.0,0.0,0.0
1996-06-20,9.906782906909939e-06,7.109237230906729e-06,6.861057954665739e-06,1.6881189367268234e-05,1.3741750080953352e-05,1.378627166559454e-05
1996-06-21,0.00016976727056317031,0.0001699283457128331,0.00016609419253654778,0.00018322584219276905,0.00018244785314891487,0.00017798335466068238
1996-06-22,0.00014334055595099926,0.00014511072367895395,0.00014252212713472545,0.00014678823936264962,0.00014733198622707278,0.00014202289457898587
1996-06-23,4.517576962825842e-05,5.0973179895663634e-05,5.113114457344636e-05,4.1141160181723535e-05,4.6798173571005464e-05,4.771510430146009e-05
1996-06-24,0.0,0.0,0.0,0.0,0.0,0.0
1996-06-25,0.0,0.0,0.0,0.0,0.0,0.0
1996-06-26,0.0,0.0,0.0,0.0,0.0,0.0
1996-06-27,0.0,0.0,0.0,0.0,0.0,0.0
1996-06-28,2.6063686163979582e-05,1.9089169654762372e-05,1.5006389730842784e-05,5.307720130076632e-05,4.434444781509228e-05,3.492850737529807e-05
1996-06-29,5.5572527344338596e-05,4.974000694346614e-05,4.0998496842803434e-05,6.128835957497358e-05,5.725350638385862e-05,4.949778303853236e-05
1996-06-30,0.0,0.0,0.0,0.0,0.0,0.0
1996-07-01,0.0,0.0,0.0,0.0,0.0,0.0
1996-07-02,0.0,0.0,0.0,0.0,0.0,0.0
1996-07-03,0.0,0.0,0.0,0.0,0.0,0.0
1996-07-04,0.0,0.0,0.0,0.0,0.0,0.0
1996-07-05,2.4177688828785904e-05,2.258199492644053e-05,1.8513235772843473e-05,2.893390046665445e-05,2.6460491426405497e-05,2.2199061277206056e-05
1996-07-06,0.00015408280887641013,0.00015951749810483307,0.000160893818247132,0.00015068564971443266,0.00015774145140312612,0.00016074758605100214
1996-07-07,0.00012389387120492756,0.00013049531844444573,0.00013460357149597257,0.00013058628246653825,0.00013743348245043308,0.00014071172336116433
1996-07-08,0.0,0.0,0.0,0.0,0.0,0.0
1996-07-09,6.905304326210171e-05,6.699262303300202e-05,6.40745201963e-05,7.011290290392935e-05,6.807947647757828e-05,6.318635132629424e-05
1996-07-10,0.00015169412654358894,0.00016573103494010866,0.00017735302390065044,0.00014259808813221753,0.00015511922538280487,0.00016791140660643578
1996-07-11,0.0,8.452753945675795e-07,2.5762738005141728e-06,0.0,5.619862690764421e-07,1.7162240055768052e-06
1996-07-12,0.00011272785195615143,0.0001160567844635807,0.00011918655945919454,0.00011193533282494172,0.0001138362058554776,0.00011655152047751471
1996-07-13,0.00013488568947650492,0.0001374067214783281,0.0001409799442626536,0.00013417591981124133,0.0001369781675748527,0.00014252326218411326
1996-07-14,5.8318481023889035e-05,6.207662227097899e-05,6.414867675630376e-05,5.2852596127195284e-05,5.8240311773261055e-05,6.194498564582318e-05
1996-07-15,0.0,0.0,0.0,0.0,0.0,0.0
1996-07-16,0.0,0.0,0.0,0.0,0.0,0.0
1996-07-17,0.00014094324433244765,0.00014637119602411985,0.00014674956037197262,0.00014156338875181973,0.0001479821657994762,0.00014965921582188457
1996-07-18,5.210851668380201e-05,4.98444314871449e-05,4.2939354898408055e-05,6.317751103779301e-05,6.16029865341261e-05,5.5340162361972034e-05
1996-07-19,0.00010705763270379975,0.00010459043551236391,9.229224815499038e-05,0.0001078609493561089,0.0001060283902916126,9.702980605652556e-05
1996-07-20,4.0744213038124144e-05,4.2143696191487834e-05,3.6219142202753574e-05,3.1587693229084834e-05,3.2928983273450285e-05,3.259794175392017e-05
1996-07-21,0.0,0.0,0.0,0.0,0.0,0.0
1996-07-22,0.0,8.46895957806737e-08,2.594904060515546e-07,0.0,5.612173126223752e-08,1.7222990322807163e-07
1996-07-23,0.000134063811856322,0.00013587124703917652,0.00013489520642906427,0.0001360363676212728,0.00013826083159074187,0.00013851684343535453
1996-07-24,3.0453909857897088e-05,3.190233474015258e-05,3.079531961702742e-05,3.6719215131597593e-05,3.845479295705445e-05,3.8934660551603884e-05
1996-07-25,9.82117035164265e-06,8.128378794935998e-06,6.465970272984123e-06,1.3304418644111138e-05,9.270729606214445e-06,7.3852165769494604e-06
1996-07-26,9.06533095985651e-05,8.604849426774308e-05,7.568966975668445e-05,9.256983321392909e-05,8.748137042857707e-05,7.71918857935816e-05
1996-07-27,0.00015753509069327265,0.0001637429086258635,0.00016940259956754744,0.0001566984865348786,0.00016240384138654917,0.00016823197074700147
1996-07-28,0.0,0.0,0.0,0.0,0.0,0.0
1996-07-29,0.0,0.0,0.0,0.0,0.0,0.0
1996-07-30,0.0,0.0,0.0,0.0,0.0,0.0
1996-07-31,0.00012174236326245591,0.0001193328425870277,0.0001126800780184567,0.00012706004781648517,0.0001246976462425664,0.00011864663974847645
1996-08-01,0.00012432319635991007,0.00013278814731165767,0.00013601469981949776,0.00012274511391296983,0.0001310413790633902,0.00013553546159528196
1996-08-02,0.0,4.6447514279179813e-08,1.4297907569016388e-07,0.0,1.0691068297319362e-07,3.2941349559223454e-07
1996-08-03,0.0,0.0,0.0,0.0,0.0,0.0
1996-08-04,0.0,0.0,0.0,0.0,0.0,0.0
1996-08-05,0.0,0.0,0.0,0.0,0.0,0.0
1996-08-06,0.0,0.0,0.0,0.0,0.0,0.0
1996-08-07,0.0,0.0,0.0,0.0,0.0,0.0
1996-08-08,0.0,0.0,0.0,0.0,0.0,0.0
1996-08-09,6.317433872027323e-06,3.928415480913827e-06,3.2576851936028106e-06,4.389551577332895e-06,2.5888789423333947e-06,2.1478483631653944e-06
1996-08-10,0.0001074628671631217,0.00011478670785436407,0.00012105415953556076,0.00010984541586367413,0.00011752556019928306,0.00012591926497407258
1996-08-11,6.744026177329943e-05,6.578803004231304e-05,6.0981798014836386e-05,5.8103152696276084e-05,5.902446719119325e-05,5.704423529095948e-05
1996-08-12,0.0,0.0,0.0,0.0,0.0,0.0
1996-08-13,6.208578611222038e-07,0.0,0.0,1.4340820371216978e-06,0.0,0.0
1996-08-14,9.56923613557592e-05,9.846947068581358e-05,9.791321645025164e-05,8.985905878944322e-05,9.254753967979923e-05,9.306344873039052e-05
1996-08-15,2.9928107323939912e-05,3.827785258181393e-05,5.2655628678621724e-05,2.8876858777948655e-05,3.457927596173249e-05,4.353910844656639e-05
1996-08-16,0.0,0.0,0.0,0.0,0.0,0.0
1996-08-17,1.921080365718808e-05,1.713475830911193e-05,1.4949589967727661e-05,4.279948916519061e-05,3.9303100493270904e-05,3.4286211302969605e-05
1996-08-18,3.994993221567711e-06,0.0,0.0,3.3521619116072543e-06,0.0,0.0
1996-08-19,4.631679257727228e-05,4.665134838433005e-05,4.372861803858541e-05,4.058025297126733e-05,4.2959392885677516e-05,4.321878805058077e-05
1996-08-20,0.00015207468823064119,0.00015570803952869028,0.00015756327775307,0.00015770364552736282,0.00016189362213481218,0.00016286196478176862
1996-08-21,0.0002079535333905369,0.00022417990840040147,0.0002388766297372058,0.0001811762631405145,0.00019359188445378095,0.0002061522682197392
1996-08-22,0.0,1.4954611060602474e-06,4.6190075408958364e-06,0.0,9.835395076152054e-07,3.0362616598722525e-06
1996-08-23,0.0,0.0,0.0,0.0,0.0,0.0
1996-08-24,0.0,0.0,0.0,0.0,0.0,0.0
1996-08-25,3.3611373510211706e-05,3.9201899198815227e-05,4.098304270883091e-05,2.2259793695411645e-05,2.5779518182389438e-05,2.6930467356578447e-05
1996-08-26,0.0,0.0,0.0,0.0,0.0,0.0
1996-08-27,4.9616501200944185e-06,4.474231445783516e-06,4.623075710696867e-06,3.2860878036444774e-06,3.0604408038925612e-06,3.401875574127189e-06
1996-08-28,0.0,0.0,0.0,0.0,0.0,0.0
1996-08-29,0.0,0.0,0.0,0.0,0.0,0.0
1996-08-30,2.2022377379471436e-06,0.0,0.0,1.458733891013253e-06,0.0,0.0
1996-08-31,2.671192487468943e-05,1.7376569303451106e-05,1.3903070794185624e-05,4.132377216592431e-05,3.1402178137796e-05,2.5094186639762484e-05
1996-09-01,0.0002356870099902153,0.0002425091079203412,0.00024000293342396617,0.0002256450243294239,0.000233057580771856,0.00023242022143676877
1996-09-02,0.0,3.6340625797492976e-07,1.1211391210963484e-06,0.0,2.390593749623804e-07,7.364966450040811e-07
1996-09-03,0.0,0.0,0.0,0.0,0.0,0.0
1996-09-04,0.0,0.0,0.0,0.0,0.0,0.0
1996-09-05,0.0,0.0,0.0,0.0,0.0,0.0
1996-09-06,0.00015762292605359107,0.00015689196879975498,0.0001511316077085212,0.00014797179028391838,0.00014305963122751564,0.0001379367895424366
1996-09-07,0.0002679266035556793,0.0002571714867372066,0.0002378476201556623,0.00019123105448670685,0.00017977920651901513,0.0001646558230277151
1996-09-08,0.0007298227283172309,0.0008173648384399712,0.0008790342835709453,0.0006506058853119612,0.0007367954240180552,0.0008113638614304364
1996-09-09,3.0050252917135367e-06,2.0878737814200576e-06,1.8443409999235882e-06,6.21430626779329e-06,4.792330400960054e-06,4.225138582114596e-06
1996-09-10,0.0,0.0,0.0,0.0,0.0,0.0
1996-09-11,0.0,0.0,0.0,0.0,0.0,0.0
1996-09-12,0.0,0.0,0.0,0.0,0.0,0.0
1996-09-13,0.0,0.0,0.0,0.0,0.0,0.0
1996-09-14,0.0,0.0,0.0,0.0,0.0,0.0
1996-09-15,0.0,0.0,0.0,0.0,0.0,0.0
1996-09-16,0.0,0.0,0.0,0.0,0.0,0.0
1996-09-17,0.00010031242709374055,9.447011689189821e-05,8.376787445740774e-05,0.00011470550816738978,0.00010967951675411314,0.00010100347572006285
1996-09-18,0.0,0.0,0.0,0.0,0.0,0.0
1996-09-19,0.0,0.0,0.0,0.0,0.0,0.0
1996-09-20,0.00018909313075710088,0.00019771824008785188,0.00020564398437272757,0.0002047917660092935,0.00021202146308496594,0.00021852921054232866
1996-09-21,1.5216011888696812e-05,2.145743928849697e-05,3.2630356145091355e-05,2.3834536477806978e-05,2.9121436455170624e-05,3.783660940825939e-05
1996-09-22,0.0,0.0,0.0,0.0,0.0,0.0
1996-09-23,0.0,0.0,0.0,0.0,0.0,0.0
1996-09-24,0.0,0.0,0.0,0.0,0.0,0.0
1996-09-25,0.0,0.0,0.0,0.0,0.0,0.0
1996-09-26,0.0,0.0,0.0,0.0,0.0,0.0
1996-09-27,0.0,0.0,0.0,0.0,0.0,0.0
1996-09-28,0.0,0.0,0.0,0.0,0.0,0.0
1996-09-29,0.0,0.0,0.0,0.0,0.0,0.0
1996-09-30,0.0,1.0842555866474868e-06,3.324247472846764e-06,0.0,7.170658022914722e-07,2.1906250822212314e-06
1996-10-01,0.00012141425395384431,0.00012043785682180896,0.00011918706150026992,0.00010459529585205019,0.00010238059621769935,9.986639634007588e-05
1996-10-02,0.00044307575444690883,0.0004539901274256408,0.0004601550754159689,0.0004589590535033494,0.0004660054692067206,0.0004704681923612952
1996-10-03,1.5600094229739625e-06,1.1611284207901917e-05,3.193203519913368e-05,1.6534136193513405e-06,1.0928992196568288e-05,2.953333387267776e-05
1996-10-04,0.0,0.0,0.0,0.0,0.0,0.0
1996-10-05,0.0,0.0,0.0,0.0,0.0,0.0
1996-10-06,0.0,0.0,0.0,0.0,0.0,0.0
1996-10-07,0.0,0.0,0.0,0.0,0.0,0.0
1996-10-08,0.0,0.0,0.0,0.0,0.0,0.0
1996-10-09,0.0,0.0,0.0,0.0,0.0,0.0
1996-10-10,6.794286309741437e-05,6.911487434990704e-05,6.849498458905146e-05,7.410324178636074e-05,7.571881724288687e-05,7.605412974953651e-05
1996-10-11,1.4321383787319064e-05,1.5448080375790596e-05,1.3971597581985407e-05,1.2649569725908805e-05,1.3812594261253253e-05,1.347927263850579e-05
1996-10-12,0.0,0.0,0.0,0.0,0.0,0.0
1996-10-13,0.0,0.0,0.0,0.0,0.0,0.0
1996-10-14,3.775733057409525e-05,3.706051575136371e-05,3.313786146463826e-05,4.7636902309022844e-05,4.625605288310908e-05,4.132184403715655e-05
1996-10-15,4.531053036771482e-06,4.515510227065533e-06,4.715944669442251e-06,3.093579380220035e-06,3.114274932158878e-06,3.362124516570475e-06
1996-10-16,0.0,0.0,0.0,0.0,0.0,0.0
1996-10-17,0.0,0.0,0.0,0.0,0.0,0.0
1996-10-18,4.791489118360914e-06,3.1121858228289057e-06,2.4721480258449446e-06,9.381004929309711e-06,7.187230494309915e-06,5.681903530785348e-06
1996-10-19,2.4156702238542493e-06,2.229474603154813e-06,1.9698607047757832e-06,5.638130005536368e-06,5.133160357218003e-06,4.4801790863857605e-06
1996-10-20,0.0,0.0,0.0,0.0,0.0,0.0
1996-10-21,1.4079931816013413e-06,1.7758788999344688e-06,2.1315040612535086e-06,1.0395701792731415e-06,1.7975698938244022e-06,3.076401299040299e-06
1996-10-22,6.044450628905906e-07,6.722968919348205e-07,7.679274744987197e-07,1.0156738881050842e-06,1.2402982747516944e-06,1.5175215821727761e-06
1996-10-23,0.0,0.0,0.0,0.0,0.0,0.0
1996-10-24,0.0,0.0,0.0,0.0,0.0,0.0
1996-10-25,5.394142135628499e-06,9.829630471358541e-06,1.7519940229249187e-05,9.756668077898212e-06,1.5258669918694068e-05,2.4149992896127515e-05
1996-10-26,1.2441295439202804e-05,1.5293730029952712e-05,1.797992445062846e-05,2.732207576627843e-05,3.1916391890263185e-05,3.502233084873296e-05
1996-10-27,1.8745942043096875e-06,2.359595100642764e-06,2.8210299660713645e-06,4.3810632632812485e-06,5.444576800073264e-06,6.4755363382573705e-06
1996-10-28,0.0,0.0,0.0,0.0,0.0,0.0
1996-10-29,0.0,0.0,0.0,0.0,0.0,0.0
1996-10-30,6.47575652692467e-05,7.919230847619474e-05,9.335129288956523e-05,5.27853007952217e-05,6.410672358470038e-05,7.558580546174198e-05
1996-10-31,9.701713133836165e-05,0.00010618616215651855,0.00011236066347919405,0.00010089296119986102,0.0001097163330996409,0.00011493633792269975
1996-11-01,4.304776666685939e-05,7.152422767831013e-05,0.00011799869389506057,3.430099241086282e-05,6.32957526249811e-05,0.00011392605665605515
1996-11-02,0.0,0.0,0.0,0.0,0.0,0.0
1996-11-03,1.88371842568813e-08,0.0,0.0,1.2636271584653969e-08,0.0,0.0
1996-11-04,0.0,0.0,0.0,0.0,0.0,0.0
1996-11-05,1.7629267858865205e-06,1.8339527514399379e-06,1.4629069937655004e-06,1.182670530397445e-06,1.2116319112465135e-06,9.612476787879132e-07
1996-11-06,1.7550964912516065e-05,1.528151005913969e-05,1.3860253602615558e-05,2.3176493414212018e-05,1.9886127120116726e-05,1.793677256500814e-05
1996-11-07,3.250269173804554e-06,3.5347957236808725e-06,3.844221282633953e-06,2.7016458261641674e-06,2.8380818548612297e-06,2.924657337644021e-06
1996-11-08,2.770390892692376e-06,3.2710136110836174e-06,3.9896194721222855e-06,3.3887283734657103e-06,3.928870228264714e-06,4.498237103689462e-06
1996-11-09,0.0,0.0,0.0,0.0,0.0,0.0
1996-11-10,3.825242310995236e-05,4.560233355732635e-05,5.118628541822545e-05,2.7782594770542346e-05,3.245908737881109e-05,3.5928344004787505e-05
1996-11-11,1.4138664710117155e-06,1.4431246881940751e-06,1.2978641734662233e-06,2.6088566755788634e-06,2.499520405763178e-06,2.081655566144036e-06
1996-11-12,7.054052548483014e-05,7.130215090001002e-05,6.996474257903174e-05,6.915935227880254e-05,6.835201202193275e-05,6.609314732486382e-05
1996-11-13,4.534640902420506e-05,5.4659009038005024e-05,6.514614506158978e-05,3.5249493521405384e-05,4.199168324703351e-05,5.065325240138918e-05
1996-11-14,1.509531215304616e-11,0.0,0.0,3.52931468772244e-11,0.0,0.0
1996-11-15,2.6699950694819563e-08,2.7892260945350245e-08,2.2327668602883932e-08,6.242068906203713e-08,6.405893770988769e-08,5.099674282860178e-08
1996-11-16,0.0,0.0,0.0,0.0,0.0,0.0
1996-11-17,0.00018387835007160902,0.00018081434245686978,0.0001753513643052429,0.00017191116057801992,0.00016624934505671263,0.00016066395619418472
1996-11-18,0.00010962810483761132,0.00012961577158421278,0.00015165668446570635,9.706066339276731e-05,0.00011147586337756366,0.0001283942983718589
1996-11-19,1.621665433049202e-05,2.3789201804902405e-05,3.468775685178116e-05,1.864085606939625e-05,2.629903974593617e-05,3.725435453816317e-05
1996-11-20,0.0,2.1106357550593202e-08,6.528654949988777e-08,0.0,4.8405247810023866e-08,1.4890625266161805e-07
1996-11-21,2.9523027478717268e-05,2.377264536335133e-05,1.9104007151327096e-05,2.0753794160555117e-05,1.5659159544156864e-05,1.2568313650263008e-05
1996-11-22,9.405988384969532e-05,9.72483612713404e-05,9.619784395908937e-05,0.00010323869355488569,0.00010462061618454754,0.00010316474799765274
1996-11-23,5.559066994464956e-05,5.526515451492742e-05,5.235466960584745e-05,6.81325254845433e-05,6.628959090448916e-05,6.229811697266996e-05
1996-11-24,1.0165432286157738e-05,1.0548514183028601e-05,9.39680467126891e-06,1.546184648759663e-05,1.5719280781922862e-05,1.4663637557532638e-05
1996-11-25,0.0,0.0,0.0,0.0,0.0,0.0
1996-11-26,0.0,0.0,0.0,0.0,0.0,0.0
1996-11-27,0.0,0.0,0.0,0.0,0.0,0.0
1996-11-28,0.0,0.0,0.0,0.0,0.0,0.0
1996-11-29,7.808552618371323e-05,7.890148117439821e-05,7.688807818340138e-05,7.47404556022957e-05,7.442662899848074e-05,7.299361459445208e-05
1996-11-30,3.4078777844115393e-07,3.350852011863026e-06,9.576424417900853e-06,2.281864368569586e-07,2.248940063509508e-06,6.404671239579329e-06
1996-12-01,0.0,0.0,0.0,0.0,0.0,0.0
1996-12-02,0.0,8.448030541785556e-08,2.6236992312078655e-07,0.0,5.833602401139615e-08,1.8019547098901967e-07
1996-12-03,0.0,0.0,0.0,0.0,0.0,0.0
1996-12-04,0.0002000335807679221,0.00020977512758690864,0.00021451532666105777,0.00020907555881422013,0.000215491556446068,0.00022032842389307916
1996-12-05,4.994685696146917e-07,5.294763809615688e-07,4.4741835836248356e-07,3.4321024600103556e-07,3.502112235764798e-07,3.01273786362799e-07
1996-12-06,0.0,0.0,0.0,0.0,0.0,0.0
1996-12-07,0.0,0.0,0.0,0.0,0.0,0.0
1996-12-08,0.0,0.0,0.0,0.0,0.0,0.0
1996-12-09,0.0,0.0,0.0,0.0,0.0,0.0
1996-12-10,5.692237664334243e-06,8.416345735895447e-06,1.2459726349334233e-05,3.88382250093855e-06,5.679856258211657e-06,8.63319291966036e-06
1996-12-11,1.7867796486825682e-05,2.1118119548191316e-05,2.6282472390448675e-05,2.3444948965334333e-05,2.6712599719758146e-05,3.209490387234837e-05
1996-12-12,1.2010224054392893e-05,1.1928417734452523e-05,1.1649622138065752e-05,1.9009212337550707e-05,1.860593147284817e-05,1.784736741683446e-05
1996-12-13,1.1583751984289847e-06,1.0564162948867306e-06,8.960831792137469e-07,2.7002124625141732e-06,2.4117171051329933e-06,2.034707677012193e-06
1996-12-14,1.0295631227563717e-06,8.062104939199344e-07,6.512787535939424e-07,2.2128915588837117e-06,1.8403408148515155e-06,1.4786929796173354e-06
1996-12-15,0.0,0.0,0.0,0.0,0.0,0.0
1996-12-16,0.0,0.0,0.0,0.0,0.0,0.0
1996-12-17,0.0,0.0,0.0,0.0,0.0,0.0
1996-12-18,0.0,0.0,0.0,0.0,0.0,0.0
1996-12-19,0.0,0.0,0.0,0.0,0.0,0.0
1996-12-20,4.216689831082476e-06,3.020679741894128e-06,2.7039461656386266e-06,8.235519999288954e-06,6.446563929785043e-06,5.5107711887103505e-06
1996-12-21,1.1625211016053072e-08,0.0,0.0,2.708846125187847e-08,0.0,0.0
1996-12-22,0.0,0.0,0.0,0.0,0.0,0.0
1996-12-23,2.0314093490014784e-05,1.820873330871109e-05,1.7617889170651324e-05,2.7337709980201907e-05,2.4464859961881302e-05,2.266145202156622e-05
1996-12-24,2.883793058572337e-05,3.2333504350390285e-05,3.5516808566171676e-05,2.1951249436824583e-05,2.4384951757383533e-05,2.7467232939670794e-05
1996-12-25,1.732281998556573e-05,2.0285899154259823e-05,2.4710454454179853e-05,2.172027961933054e-05,2.4126688003889285e-05,2.7580183086683974e-05
1996-12-26,4.761787295137765e-06,5.976582997391233e-06,8.439684279437643e-06,7.947092854010407e-06,8.845183401717804e-06,1.1324542356305756e-05
1996-12-27,9.951132597052492e-06,8.149790119205136e-06,6.600711458304431e-06,7.16482054485823e-06,5.5244013310584705e-06,4.449780590221053e-06
1996-12-28,9.174637671094388e-05,9.988978854380548e-05,0.00010668907634681091,0.00010167215077672154,0.0001084902833099477,0.00011471424659248441
1996-12-29,3.1724430300528184e-06,3.9689798541076016e-06,5.1140286814188585e-06,7.392920906568179e-06,7.897619070718065e-06,8.003531547728926e-06
1996-12-30,4.5355645852396265e-05,4.842806811211631e-05,5.110326674184762e-05,4.2562533053569496e-05,4.395411451696418e-05,4.49077197117731e-05
1996-12-31,0.00018190240371041,0.00019354975665919483,0.00019727845210582018,0.0001837868185248226,0.00019047393288929015,0.00019253806385677308
1997-01-01,6.0868544096592814e-05,7.16344075044617e-05,8.341903594555333e-05,7.521074439864606e-05,8.559913840144873e-05,9.714454790810123e-05
1997-01-02,6.062136435502907e-06,6.7659943852049764e-06,6.734495855198475e-06,9.770011274667922e-06,1.0594864761515055e-05,1.0539090908423532e-05
1997-01-03,0.0,0.0,0.0,0.0,0.0,0.0
1997-01-04,0.0,0.0,0.0,0.0,0.0,0.0
1997-01-05,0.0,0.0,0.0,0.0,0.0,0.0
1997-01-06,0.0,0.0,0.0,0.0,0.0,0.0
1997-01-07,4.5374257751973346e-05,4.755384361487813e-05,4.861189881921746e-05,4.267321128281765e-05,4.3607247789623216e-05,4.403013736009598e-05
1997-01-08,7.832720257283654e-06,6.5260592236882076e-06,5.40038035978796e-06,5.42219277122058e-06,4.274790626368485e-06,3.517267032293603e-06
1997-01-09,0.0002755356254056096,0.00028753551305271685,0.0002902135602198541,0.00029130265465937555,0.00029794633155688643,0.00029933993937447667
1997-01-10,4.0829585486790165e-05,5.034203422837891e-05,6.323433626675978e-05,4.860343688051216e-05,5.802142550237477e-05,7.062808435875922e-05
1997-01-11,0.0,0.0,0.0,0.0,0.0,0.0
1997-01-12,0.0,0.0,0.0,0.0,0.0,0.0
1997-01-13,1.4469917708481717e-08,0.0,0.0,3.3770639618069254e-08,0.0,0.0
1997-01-14,2.6038005529471775e-08,2.7741867469899262e-08,2.250704511652657e-08,6.077680581029199e-08,6.33820107509564e-08,5.1125223166081923e-08
1997-01-15,0.0,0.0,0.0,0.0,0.0,0.0
1997-01-16,0.00011465773422969505,0.00013043561193626374,0.00014069676399230957,0.00010842798656085506,0.00012114280252717435,0.00012992479605600238
1997-01-17,2.6753334623208502e-06,6.6324610088486224e-06,1.4425813787966035e-05,6.2471372075378895e-06,1.0658050996426027e-05,1.87783625733573e-05
1997-01-18,1.2015050742775202e-05,8.91799481905764e-06,7.23504354027682e-06,8.545805940229911e-06,5.847232841915684e-06,4.716311650554417e-06
1997-01-19,5.483605605149933e-07,0.0,0.0,3.674213644444535e-07,0.0,0.0
1997-01-20,0.00011527219612617046,0.00012166413216618821,0.0001248416374437511,0.00011124521552119404,0.00011484165588626638,0.00011735329462680966
1997-01-21,2.2715184968546964e-05,2.387507993262261e-05,2.476080771884881e-05,2.4954182663350366e-05,2.5335917598567903e-05,2.5682442355901003e-05
1997-01-22,2.0513067283900455e-05,2.214567211922258e-05,2.2048943719710223e-05,2.8363741876091808e-05,3.0172850529197603e-05,3.0023946237633936e-05
1997-01-23,1.3262177162687294e-05,1.3838145605404861e-05,1.3593472431239206e-05,1.7175882021547295e-05,1.7545953596709296e-05,1.709417483652942e-05
1997-01-24,8.834578579808294e-07,8.61392777551373e-07,7.172017149059684e-07,7.351542876676831e-07,7.274769018295046e-07,6.288417466748797e-07
1997-01-25,0.0,0.0,0.0,0.0,0.0,0.0
1997-01-26,2.609388502605725e-05,2.484158358129207e-05,2.3446273189620115e-05,2.4389652026002295e-05,2.3035505364532582e-05,2.186285018979106e-05
1997-01-27,0.00036930906935594976,0.00038647555629722774,0.0003924471966456622,0.0003918873844668269,0.0004007136158179492,0.000398766016587615
1997-01-28,1.2671004697040189e-05,1.5598954632878304e-05,1.9677936506923288e-05,1.460490602767095e-05,1.7532634956296533e-05,2.2083448129706085e-05
1997-01-29,1.8088070646626875e-05,1.7534579455968924e-05,1.5246064322127495e-05,2.492672865628265e-05,2.4244864107458852e-05,2.1888867195229977e-05
1997-01-30,0.0,0.0,0.0,0.0,0.0,0.0
1997-01-31,0.00013769351062364876,0.00012857787078246474,0.00011612987873377278,0.00018661726790014654,0.00017957785166800022,0.0001691143843345344
1997-02-01,7.130637095542625e-05,8.208080544136465e-05,9.096044959733263e-05,6.130799010861665e-05,6.950679380679503e-05,7.671889034099877e-05
1997-02-02,2.4974947336886544e-06,1.8889370494434843e-06,1.5305953411370865e-06,2.257299229313503e-06,1.7721926042213454e-06,1.4280108189268503e-06
1997-02-03,0.0,0.0,0.0,0.0,0.0,0.0
1997-02-04,1.4058636224945076e-05,1.4067234587855637e-05,1.3481148926075548e-05,1.7261350876651704e-05,1.6981392036541365e-05,1.6142192180268466e-05
1997-02-05,2.8822721560572973e-06,2.6989848720404552e-06,2.5200802156177815e-06,6.5201156758121215e-06,6.176222086651251e-06,5.7353377087565605e-06
1997-02-06,1.4930919860489666e-06,1.2986605497644632e-06,1.2752669817928108e-06,2.1649370864906814e-06,2.1917912818025798e-06,2.2741826342098648e-06
1997-02-07,0.0,0.0,0.0,0.0,0.0,0.0
1997-02-08,0.0,0.0,0.0,0.0,0.0,0.0
1997-02-09,1.7720908545015845e-06,4.171387899987167e-06,9.790301191969775e-06,1.8998385939994478e-06,3.5930520425608847e-06,8.46596321935067e-06
1997-02-10,8.2264123193454e-05,8.180417353287339e-05,7.800790626788512e-05,9.040477743837982e-05,8.828173304209486e-05,8.382127271033823e-05
1997-02-11,2.2428392185247503e-05,2.437644980091136e-05,2.4386790755670518e-05,2.3234479158418253e-05,2.4737664716667496e-05,2.5029063181136735e-05
1997-02-12,6.0475758800748736e-06,4.875857030128827e-06,3.945257049053907e-06,4.3499417188286316e-06,3.2801453926367685e-06,2.6403620267956285e-06
1997-02-13,7.618803465447854e-06,7.743848982499912e-06,8.172854904842097e-06,7.325039405259304e-06,7.361225470958743e-06,7.902411198301706e-06
1997-02-14,9.034113463712856e-05,9.906945342663676e-05,0.00010568252037046477,9.236927144229412e-05,9.876505646388978e-05,0.00010408065281808376
1997-02-15,1.1607982742134482e-05,1.4915296560502611e-05,1.9659733879962005e-05,1.3708104233955964e-05,1.6856423826538958e-05,2.1461863070726395e-05
1997-02-16,2.043279710051138e-05,2.1578167434199713e-05,2.120251883752644e-05,2.0333432985353284e-05,2.130813845724333e-05,2.128987580363173e-05
1997-02-17,1.0554238372151303e-07,2.168202684060816e-07,4.147707386437105e-07,2.4665308728799573e-07,4.960977548762457e-07,9.443146495868859e-07
1997-02-18,9.268559892916528e-07,9.468815846958023e-07,9.197067356581101e-07,2.1657886009052163e-06,2.1664361611328786e-06,2.093917601087014e-06
1997-02-19,0.0,0.0,0.0,0.0,0.0,0.0
1997-02-20,0.0,0.0,0.0,0.0,0.0,0.0
1997-02-21,1.5899622951565107e-07,1.9659869110455475e-07,3.062364726247324e-07,1.0653292292772676e-07,1.3364261519654974e-07,2.1435020869375876e-07
1997-02-22,0.00036797139910049736,0.00038051605224609375,0.0003793252690229565,0.00037761591374874115,0.0003834556555375457,0.00038006113027222455
1997-02-23,3.4033716929116054e-06,3.154148998874007e-06,2.7015576051780954e-06,3.2581001505604945e-06,2.961538257295615e-06,2.688235554160201e-06
1997-02-24,1.0927227776846848e-05,1.1225541129533667e-05,1.071379392669769e-05,9.134178071690258e-06,9.142215276369825e-06,8.695050382812042e-06
1997-02-25,0.0,0.0,0.0,0.0,0.0,0.0
1997-02-26,0.0,0.0,0.0,0.0,0.0,0.0
1997-02-27,1.988905387406703e-05,2.1619642211589962e-05,2.2880916731082834e-05,1.3312764167494606e-05,1.4183355233399197e-05,1.4942241250537336e-05
1997-02-28,0.0001476033212384209,0.00019822899776045233,0.00027111064991913736,0.00014712753181811422,0.00019283285655546933,0.0002626093046274036
1997-03-01,1.0301999282091856e-05,1.0219017894996796e-05,9.3663793450105e-06,1.0490244676475413e-05,1.0179999662796035e-05,9.805658919503912e-06
1997-03-02,0.0,0.0,0.0,0.0,0.0,0.0
1997-03-03,0.0,0.0,0.0,0.0,0.0,0.0
1997-03-04,0.0,0.0,0.0,0.0,0.0,0.0
1997-03-05,7.654959517822135e-06,6.355146979331039e-06,5.280414370645303e-06,1.184918437502347e-05,1.0107805792358704e-05,8.466519830108155e-06
1997-03-06,7.978470966918394e-05,8.345088281203061e-05,8.281899499706924e-05,8.019144297577441e-05,8.266031363746151e-05,8.311655255965889e-05
1997-03-07,4.832891775663484e-08,0.0,0.0,1.1259711385491755e-07,0.0,0.0
1997-03-08,4.4410560917640396e-07,5.515427119462402e-07,6.47717399715475e-07,1.0344867860112572e-06,1.2607091548488825e-06,1.4741309541932424e-06
1997-03-09,7.615665708726738e-06,1.067539142241003e-05,1.534510556666646e-05,5.087994850327959e-06,7.016349627519958e-06,1.00697398011107e-05
1997-03-10,0.0,0.0,0.0,0.0,0.0,0.0
1997-03-11,6.8731483224837575e-06,4.874095793638844e-06,3.931404989998555e-06,4.5902447709522676e-06,3.1955983104126062e-06,2.5665078737802105e-06
1997-03-12,0.0002509720507077873,0.0002593163517303765,0.00025893558631651103,0.00021845076116733253,0.00022051441192161292,0.00021630401897709817
1997-03-13,0.00040169182466343045,0.00043249098234809935,0.00045145474723540246,0.00042098117410205305,0.00044576491927728057,0.00046529326937161386
1997-03-14,6.490579835372046e-06,5.298738869896624e-06,4.443284979060991e-06,9.216051694238558e-06,7.659853508812375e-06,6.471272627095459e-06
1997-03-15,2.8832988391513936e-05,2.93821249215398e-05,2.7526726626092568e-05,3.218253550585359e-05,3.287593790446408e-05,3.177929829689674e-05
1997-03-16,1.5660258213756606e-05,1.6655125364195555e-05,1.5403356883325614e-05,1.4873003237880766e-05,1.6058467736002058e-05,1.5826308299438097e-05
1997-03-17,2.8944654673068726e-08,3.5295076372676704e-07,1.0265379160045995e-06,6.731722379527127e-08,6.18867716184468e-07,1.7548006780998548e-06
1997-03-18,0.0,0.0,0.0,0.0,0.0,0.0
1997-03-19,0.0,0.0,0.0,0.0,0.0,0.0
1997-03-20,0.0,0.0,0.0,0.0,0.0,0.0
1997-03-21,0.0001236252865055576,0.0001251215289812535,0.00012314089690335095,0.00012020941358059645,0.00012062978930771351,0.00011817275662906468
1997-03-22,0.0001319324946962297,0.00015743068070150912,0.00018446326430421323,0.00011356228787917644,0.00013498486077878624,0.00016106686962302774
1997-03-23,0.0,0.0,0.0,0.0,0.0,0.0
1997-03-24,0.0,0.0,0.0,0.0,0.0,0.0
1997-03-25,9.198272891808301e-05,0.00010029874101746827,0.00010818176087923348,9.441575093660504e-05,0.00010019555338658392,0.00010586770076770335
1997-03-26,0.0,0.0,0.0,0.0,0.0,0.0
1997-03-27,8.174722097464837e-06,6.3405891523871105e-06,5.175535079615656e-06,1.2309638805163559e-05,1.025044093694305e-05,8.378767233807594e-06
1997-03-28,7.027175342955161e-06,7.811145223968197e-06,7.454299066012027e-06,6.982901595620206e-06,8.080314728431404e-06,8.535896085959394e-06
1997-03-29,0.0,0.0,0.0,0.0,0.0,0.0
1997-03-30,0.0,0.0,0.0,0.0,0.0,0.0
1997-03-31,2.8092497359466506e-06,2.6222776341455756e-06,2.362268787692301e-06,6.52281323709758e-06,5.993435479467735e-06,5.376671651902143e-06
1997-04-01,2.9019033718213905e-06,4.047731636092067e-06,6.037997536623152e-06,6.737476724083535e-06,7.939032002468593e-06,9.686530574981589e-06
1997-04-02,2.5781142539926805e-05,2.0868681531283073e-05,1.968630931514781e-05,2.5036979423020966e-05,1.989664633583743e-05,1.8488943169359118e-05
1997-04-03,0.00012840410636272281,0.0001453069708077237,0.00015886005712673068,0.00012957886792719364,0.0001455333986086771,0.00015972397523000836
1997-04-04,0.0,1.3527474251873173e-08,4.195018377117776e-08,0.0,3.0927104432976193e-08,9.551114033001795e-08
1997-04-05,0.0,0.0,0.0,0.0,0.0,0.0
1997-04-06,0.0,0.0,0.0,0.0,0.0,0.0
1997-04-07,0.00016226820298470557,0.00016797916032373905,0.000175034292624332,0.00021379225654527545,0.0002176294510718435,0.00022295460803434253
1997-04-08,0.0001304772013099864,0.00014013098552823067,0.00014744103827979416,0.0001751923409756273,0.00018638759502209723,0.0001969812874449417
1997-04-09,0.0,0.0,0.0,0.0,0.0,0.0
1997-04-10,1.8815535440808162e-05,2.0778637917828746e-05,2.2879374228068627e-05,1.9285091184428893e-05,2.0880543161183596e-05,2.3022737877909094e-05
1997-04-11,2.5342915250803344e-05,2.610339470265899e-05,2.5933737560990267e-05,2.747529470070731e-05,2.7869751647813246e-05,2.7678661354002543e-05
1997-04-12,1.694820457487367e-05,1.607381818757858e-05,1.5699342839070596e-05,1.232350587088149e-05,1.1536033525771927e-05,1.1141394679725636e-05
1997-04-13,0.0,0.0,0.0,0.0,0.0,0.0
1997-04-14,0.0,0.0,0.0,0.0,0.0,0.0
1997-04-15,0.0,0.0,0.0,0.0,0.0,0.0
1997-04-16,0.0,0.0,0.0,0.0,0.0,0.0
1997-04-17,3.77810065401718e-05,4.0104474464897066e-05,4.1627721657278016e-05,2.5157565687550232e-05,2.6349063773523085e-05,2.7243719159741886e-05
1997-04-18,0.0,0.0,0.0,0.0,0.0,0.0
1997-04-19,0.0,0.0,0.0,0.0,0.0,0.0
1997-04-20,8.366790279978886e-05,8.492501365253702e-05,9.063661127584055e-05,8.495374640915543e-05,8.279829489765689e-05,8.5652012785431e-05
1997-04-21,9.198021871270612e-05,9.656525799073279e-05,0.00010439244942972437,8.003043330973014e-05,8.210767555283383e-05,8.944342698669061e-05
1997-04-22,7.897921750554815e-05,8.061005064519122e-05,7.448313408531249e-05,8.169141801772639e-05,8.347330003743991e-05,7.85279116826132e-05
1997-04-23,1.5930613699310925e-06,1.5571969242955674e-06,1.3133400216247537e-06,1.747941837493272e-06,1.7638444660406094e-06,1.562359898343857e-06
1997-04-24,0.0,0.0,0.0,0.0,0.0,0.0
1997-04-25,7.650772204215173e-06,5.332893124432303e-06,5.6992053032445256e-06,1.0625707545841578e-05,7.582428679597797e-06,7.867978638387285e-06
1997-04-26,0.0,0.0,0.0,0.0,0.0,0.0
1997-04-27,0.0,0.0,0.0,0.0,0.0,0.0
1997-04-28,7.772936783112527e-07,0.0,0.0,5.179088020668132e-07,0.0,0.0
1997-04-29,2.2041835109121166e-05,2.0206920453347266e-05,1.858781251939945e-05,1.5707571947132237e-05,1.3559516446548514e-05,1.2402366337482817e-05
1997-04-30,6.120641046436504e-05,5.60823391424492e-05,5.063497883384116e-05,4.0788054320728406e-05,3.695856867125258e-05,3.32631534547545e-05
1997-05-01,0.00015214324230328202,0.0001510166039224714,0.00014914774510543793,0.00010139673395315185,9.95482478174381e-05,9.801280975807458e-05
1997-05-02,0.0,9.926281308025864e-08,3.045672087864659e-07,0.0,6.545117514633603e-08,2.0021934687974863e-07
1997-05-03,0.0,0.0,0.0,0.0,0.0,0.0
1997-05-04,0.0,0.0,0.0,0.0,0.0,0.0
1997-05-05,0.0,0.0,0.0,0.0,0.0,0.0
1997-05-06,0.0,0.0,0.0,0.0,0.0,0.0
1997-05-07,4.100075238966383e-05,3.716284118127078e-05,2.9487207939382643e-05,4.2004558054031804e-05,3.781204577535391e-05,2.9925342460046522e-05
1997-05-08,5.611526648863219e-05,5.28827695234213e-05,4.975244155502878e-05,7.13710833224468e-05,6.774365465389565e-05,6.366740126395598e-05
1997-05-09,4.457122122403234e-05,5.2490984671749175e-05,5.9290956414770335e-05,3.65870728273876e-05,4.344025001046248e-05,5.0105416448786855e-05
1997-05-10,0.0,0.0,0.0,0.0,0.0,0.0
1997-05-11,0.0,0.0,0.0,0.0,0.0,0.0
1997-05-12,0.0,0.0,0.0,0.0,0.0,0.0
1997-05-13,0.0,0.0,0.0,0.0,0.0,0.0
1997-05-14,7.672551873838529e-05,7.62628551456146e-05,7.45511642890051e-05,7.778924918966368e-05,7.71062113926746e-05,7.63785865274258e-05
1997-05-15,3.954091516789049e-05,5.0815600843634456e-05,6.318955274764448e-05,2.6383417207398452e-05,3.363728319527581e-05,4.175528738414869e-05
1997-05-16,2.556586423452245e-06,9.54125243879389e-06,2.3145572413341142e-05,1.99658575184003e-06,6.61383819533512e-06,1.553431138745509e-05
1997-05-17,5.27113400039525e-07,1.19945298138191e-07,3.6528714986161503e-07,7.177903853516909e-07,7.944569802020851e-08,2.41579442672446e-07
1997-05-18,0.0002625477791298181,0.0002721241326071322,0.00027412688359618187,0.00029420500504784286,0.00030180648900568485,0.00030355245689861476
1997-05-19,0.0,0.0,0.0,0.0,0.0,0.0
1997-05-20,0.0,0.0,0.0,0.0,0.0,0.0
1997-05-21,0.0,0.0,0.0,0.0,0.0,0.0
1997-05-22,2.6829546186490916e-05,2.4067314370768145e-05,1.896164394565858e-05,1.7910673705046065e-05,1.5964440535753965e-05,1.2565660654217936e-05
1997-05-23,3.244934532631305e-06,0.0,0.0,2.3589018383063376e-06,0.0,0.0
1997-05-24,9.371874511998612e-06,5.786090241599595e-06,4.555093710223446e-06,1.757837162585929e-05,1.338671881967457e-05,1.0530956387810875e-05
1997-05-25,6.3894665800035e-05,6.254504842218012e-05,5.893066190765239e-05,6.882084562676027e-05,6.761639087926596e-05,6.531980761792511e-05
1997-05-26,4.3053500121459365e-05,4.094009273103438e-05,3.345719233038835e-05,3.843164085992612e-05,3.6539171560434625e-05,3.0828621675027534e-05
1997-05-27,0.0,0.0,0.0,0.0,0.0,0.0
1997-05-28,0.0,0.0,0.0,0.0,0.0,0.0
1997-05-29,0.0,0.0,0.0,0.0,0.0,0.0
1997-05-30,4.265717052476248e-06,3.0754704312130343e-06,2.416447841824265e-06,9.930572559824213e-06,7.126437139959307e-06,5.59896398044657e-06
1997-05-31,0.0,0.0,0.0,0.0,0.0,0.0
1997-06-01,2.5114555768368518e-08,0.0,0.0,5.846992578995014e-08,0.0,0.0
1997-06-02,8.047929441090673e-05,8.251592225860804e-05,8.1141188275069e-05,8.433184120804071e-05,8.660784806124866e-05,8.561441791243851e-05
1997-06-03,7.302011363208294e-05,7.747621566522866e-05,8.029201853787526e-05,7.342837488977239e-05,7.743949390714988e-05,8.014201011974365e-05
1997-06-04,0.0,0.0,0.0,0.0,0.0,0.0
1997-06-05,0.0,0.0,0.0,0.0,0.0,0.0
1997-06-06,0.0,0.0,0.0,0.0,0.0,0.0
1997-06-07,7.555834599770606e-05,7.616874790983275e-05,7.28137674741447e-05,6.334829959087074e-05,6.512129766633734e-05,6.291476165642962e-05
1997-06-08,0.0001780226593837142,0.0001855824957601726,0.00018836634990293533,0.00017486358410678804,0.00018286361591890454,0.00018683153029996902
1997-06-09,0.0,0.0,0.0,0.0,0.0,0.0
1997-06-10,0.0,0.0,0.0,0.0,0.0,0.0
1997-06-11,0.0,0.0,0.0,0.0,0.0,0.0
1997-06-12,0.0,0.0,0.0,0.0,0.0,0.0
1997-06-13,0.00014683020708616823,0.00014613036182709038,0.0001405356451869011,0.0001587849692441523,0.00015918028657324612,0.00015649601118639112
1997-06-14,9.163201320916414e-05,9.488502837484702e-05,9.740737004904076e-05,8.020960376597941e-05,8.324637747136876e-05,8.584198076277971e-05
1997-06-15,0.0,2.2407182314054808e-06,6.7782220867229626e-06,0.0,1.4933566490071826e-06,4.523617008089786e-06
1997-06-16,0.0,0.0,0.0,0.0,0.0,0.0
1997-06-17,0.0,0.0,0.0,0.0,0.0,0.0
1997-06-18,0.0,0.0,0.0,0.0,0.0,0.0
1997-06-19,0.00010974939505103976,0.00010968894639518112,0.00010384323104517534,0.00010712312359828502,0.00010741402365965769,0.00010317343549104407
1997-06-20,2.7424166546552442e-05,2.7790714739239775e-05,2.6929585146717727e-05,2.0863579266006127e-05,2.066695742541924e-05,2.2888751118443906e-05
1997-06-21,0.0,0.0,0.0,0.0,0.0,0.0
1997-06-22,0.0,0.0,0.0,0.0,0.0,0.0
1997-06-23,4.665059094577373e-08,0.0,0.0,1.0854888188305267e-07,0.0,0.0
1997-06-24,8.786097896518186e-05,9.207474067807198e-05,9.473740647081286e-05,9.873814997263253e-05,0.00010277680848957971,0.00010587090946501121
1997-06-25,0.00012750845053233206,0.00012714287731796503,0.0001180348772322759,0.000133918845676817,0.0001348643418168649,0.00012794582289643586
1997-06-26,4.269249620847404e-05,4.457278555491939e-05,4.3177962652407587e-05,5.041228359914385e-05,5.2589817642001435e-05,5.125606548972428e-05
1997-06-27,0.00017739520990289748,0.0001734073885018006,0.00015974350390024483,0.00018614208966027945,0.0001858241594163701,0.0001787818328011781
1997-06-28,6.496717833215371e-05,8.224533667089418e-05,0.00010219343675998971,6.877235136926174e-05,8.45518006826751e-05,0.00010315008694306016
1997-06-29,0.0,0.0,0.0,0.0,0.0,0.0
1997-06-30,0.0,0.0,0.0,0.0,0.0,0.0
1997-07-01,0.00018170296971220523,0.00017936265794560313,0.00017450802261009812,0.00014270094106905162,0.00013655821385327727,0.00012994736607652158
1997-07-02,0.0002179982839152217,0.00022174247715156525,0.00022381858434528112,0.00019685749430209398,0.00019681695266626775,0.00019498127221595496
1997-07-03,3.594586087274365e-05,4.186923979432322e-05,4.392006667330861e-05,2.3969436369952746e-05,2.7883699658559635e-05,2.9308950615813956e-05
1997-07-04,0.0,0.0,0.0,0.0,0.0,0.0
1997-07-05,0.0,0.0,0.0,0.0,0.0,0.0
1997-07-06,0.00017080605903174728,0.00019115542818326503,0.00020515668438747525,0.0001573974877828732,0.00017478142399340868,0.0001868192630354315
1997-07-07,0.0,5.164920366951264e-07,1.5713611674073036e-06,0.0,3.437130260408594e-07,1.0478224794496782e-06
1997-07-08,0.0,0.0,0.0,0.0,0.0,0.0
1997-07-09,4.827361772186123e-05,4.4002747017657384e-05,3.891257438226603e-05,8.077050733845681e-05,7.70590704632923e-05,7.06553619238548e-05
1997-07-10,0.0,0.0,0.0,0.0,0.0,0.0
1997-07-11,0.0,0.0,0.0,0.0,0.0,0.0
1997-07-12,0.0,0.0,0.0,0.0,0.0,0.0
1997-07-13,0.0,0.0,0.0,0.0,0.0,0.0
1997-07-14,8.955339012572949e-07,8.841352041599748e-07,7.411443903038162e-07,2.078305669783731e-06,2.047456973741646e-06,1.7195745840581367e-06
1997-07-15,0.00022615812486037612,0.0002394985203864053,0.00025093567091971636,0.00023559526016470045,0.00024646951351314783,0.00025696775992400944
1997-07-16,9.055865666596219e-05,8.541875286027789e-05,7.630163599969819e-05,9.913646499626338e-05,9.415776730747893e-05,8.528101170668378e-05
1997-07-17,1.2988328307983465e-05,1.4114522855379619e-05,1.3601258615381084e-05,3.012731576745864e-05,3.265717168687843e-05,3.152612043777481e-05
1997-07-18,0.0,0.0,0.0,0.0,0.0,0.0
1997-07-19,1.1168776836711913e-06,5.359868850973726e-07,4.2516177245488507e-07,2.589773202998913e-06,1.2393555834933068e-06,9.847838100540685e-07
1997-07-20,2.215667365135232e-07,0.0,0.0,5.136701020092005e-07,0.0,0.0
1997-07-21,0.00020406518888194114,0.00021034585370216519,0.0002102503931382671,0.00020260814926587045,0.0002083988074446097,0.00020924948330502957
1997-07-22,0.00011607046326389536,0.0001263119193026796,0.0001292337547056377,0.00010518525232328102,0.00011537277896422893,0.0001196596713270992
1997-07-23,4.247492688591592e-05,5.455451537272893e-05,6.736441719112918e-05,4.201621777610853e-05,5.364716344047338e-05,6.609682168345898e-05
1997-07-24,6.597465329605257e-08,0.0,0.0,1.528439526055081e-07,0.0,0.0
1997-07-25,0.0,0.0,0.0,0.0,0.0,0.0
1997-07-26,0.0,0.0,0.0,0.0,0.0,0.0
1997-07-27,0.0,0.0,0.0,0.0,0.0,0.0
1997-07-28,0.0,0.0,0.0,0.0,0.0,0.0
1997-07-29,0.0,0.0,0.0,0.0,0.0,0.0
1997-07-30,1.1105560588475782e-05,1.036841786117293e-05,9.382633834320586e-06,2.570143624325283e-05,2.3888174837338738e-05,2.1641568309860304e-05
1997-07-31,0.00011207358329556882,0.00011207256466150284,0.00011193903628736734,0.00011881843965966254,0.00011886149150086567,0.00012035485269734636
1997-08-01,0.00014137773541733623,0.00013875078002456576,0.00013121534720994532,0.00013277088874019682,0.00013081959332339466,0.0001266875769942999
1997-08-02,0.0,0.0,0.0,0.0,0.0,0.0
1997-08-03,0.00012385414447635412,0.0001254444505320862,0.00012252124724909663,0.00012825781595893204,0.0001297214621445164,0.0001258002157555893
1997-08-04,0.00010560550435911864,0.00011031686153728515,0.00011260342580499128,0.00011420596274547279,0.0001187927191494964,0.00012059555592713878
1997-08-05,0.0,0.0,0.0,0.0,0.0,0.0
1997-08-06,0.0,0.0,0.0,0.0,0.0,0.0
1997-08-07,0.00014193682000041008,0.00014060299145057797,0.00013352387759368867,0.00013985141413286328,0.0001390106335747987,0.00013442549970932305
1997-08-08,0.00012682225496973842,0.00012839453120250255,0.00012858562695328146,0.0001425640657544136,0.00014427900896407664,0.00014466341235674918
1997-08-09,9.77387317107059e-05,9.841509017860517e-05,9.74455033428967e-05,0.00011117813119199127,0.00011282655032118782,0.00011307476961519569
1997-08-10,0.0,0.0,0.0,0.0,0.0,0.0
1997-08-11,0.00010526377445785329,0.00010132409079233184,9.469150245422497e-05,0.00011761664791265503,0.00011433330655563623,0.00010877512249862775
1997-08-12,4.274262028047815e-05,4.089279173058458e-05,4.030102354590781e-05,4.105585321667604e-05,4.0739607356954366e-05,4.143271144130267e-05
1997-08-13,0.0,0.0,0.0,0.0,0.0,0.0
1997-08-14,1.1315794836264104e-05,1.9037844367630896e-06,1.5238432524711243e-06,9.850876267591957e-06,2.429944061077549e-06,1.945176109074964e-06
1997-08-15,0.00017624955216888338,0.0002041880798060447,0.00022946660465095192,0.0001519977522548288,0.00017536031373310834,0.00019873645214829594
1997-08-16,3.902452954207547e-05,4.8715675802668557e-05,5.750629134126939e-05,2.7592766855377704e-05,3.756260412046686e-05,5.071657869848423e-05
1997-08-17,0.0,0.0,0.0,0.0,0.0,0.0
1997-08-18,0.0,0.0,0.0,0.0,0.0,0.0
1997-08-19,6.716245025017997e-06,1.7221598682226613e-05,3.719026790349744e-05,4.448422259883955e-06,1.1329176231811289e-05,2.4458449843223207e-05
1997-08-20,0.0,2.0177608917038015e-07,6.23226355855877e-07,0.0,1.3272475030134956e-07,4.09797479505869e-07
1997-08-21,0.0,0.0,0.0,0.0,0.0,0.0
1997-08-22,6.588926044059917e-05,5.956338281976059e-05,5.3378262236947194e-05,6.235051841940731e-05,5.5223576055141166e-05,4.89973826915957e-05
1997-08-23,9.40122663450893e-06,8.190213520720135e-06,7.817214282113127e-06,1.026237259793561e-05,8.438173608737998e-06,7.668027137697209e-06
1997-08-24,2.085534589468807e-07,0.0,0.0,1.38117755454914e-07,0.0,0.0
1997-08-25,4.9707530706655234e-05,4.457958129933104e-05,4.128277214476839e-05,6.77312709740363e-05,6.604596273973584e-05,6.564448995050043e-05
1997-08-26,6.550789112225175e-05,7.968795398483053e-05,9.094789857044816e-05,4.440246266312897e-05,5.5695592891424894e-05,6.75107366987504e-05
1997-08-27,0.0,0.0,0.0,0.0,0.0,0.0
1997-08-28,0.0,0.0,0.0,0.0,0.0,0.0
1997-08-29,1.9779703507083468e-05,1.546082057757303e-05,1.2373816389299463e-05,1.3276254321681336e-05,1.0167750588152558e-05,8.128889930958394e-06
1997-08-30,0.00012202893412904814,0.00013931856665294617,0.00015769587480463088,0.00011494132195366547,0.00013160626986064017,0.00015198298206087202
1997-08-31,0.0,0.0,0.0,0.0,0.0,0.0
1997-09-01,0.0,0.0,0.0,0.0,0.0,0.0
1997-09-02,0.0,6.413291941953503e-08,1.9785547067385778e-07,0.0,4.218852822646113e-08,1.2997486464882968e-07
1997-09-03,0.0,0.0,0.0,0.0,0.0,0.0
1997-09-04,0.0,0.0,0.0,0.0,0.0,0.0
1997-09-05,0.0,0.0,0.0,0.0,0.0,0.0
1997-09-06,4.3365624151192605e-05,4.612664633896202e-05,4.915823956253007e-05,2.93149751087185e-05,3.119098619208671e-05,3.3782947866711766e-05
1997-09-07,0.00017675591516308486,0.00019352574599906802,0.00021116062998771667,0.00016568154387641698,0.00017653152463026345,0.00018824556900653988
1997-09-08,7.21449832781218e-05,7.70993938203901e-05,7.924129749881104e-05,7.393765554297715e-05,7.928526611067355e-05,8.13754231785424e-05
1997-09-09,0.0,0.0,0.0,0.0,0.0,0.0
1997-09-10,0.0,0.0,0.0,0.0,0.0,0.0
1997-09-11,0.0,0.0,0.0,0.0,0.0,0.0
1997-09-12,0.0,0.0,0.0,0.0,0.0,0.0
1997-09-13,7.565317446278641e-06,8.992369657789823e-06,9.746472642291337e-06,1.7499372916063294e-05,2.052572017419152e-05,2.1938420104561374e-05
1997-09-14,0.0,0.0,0.0,0.0,0.0,0.0
1997-09-15,0.0,0.0,0.0,0.0,0.0,0.0
1997-09-16,0.0,0.0,0.0,0.0,0.0,0.0
1997-09-17,0.0,0.0,0.0,0.0,0.0,0.0
1997-09-18,0.0,2.0323143417044776e-06,6.246894372452516e-06,0.0,1.3405851859715767e-06,4.109761448489735e-06
1997-09-19,4.1884057282004505e-05,4.049516428494826e-05,3.943108458770439e-05,5.0437654863344505e-05,4.856318264501169e-05,4.7453857405344024e-05
1997-09-20,0.00010697997640818357,0.00011328924301778898,0.00011800409993156791,9.841033897828311e-05,0.000104977581941057,0.0001118181535275653
1997-09-21,6.260606460273266e-05,6.0480611864477396e-05,5.732938370783813e-05,6.286290590651333e-05,6.0565238527487963e-05,5.7916589867090806e-05
1997-09-22,3.823486258625053e-05,4.173381603322923e-05,4.3662377720465884e-05,4.649910260923207e-05,4.914664532407187e-05,5.112443977850489e-05
1997-09-23,0.0,0.0,0.0,0.0,0.0,0.0
1997-09-24,7.874829179854714e-07,7.372628374469059e-07,5.867051413588342e-07,1.8260608385389787e-06,1.6975586731859948e-06,1.3466918744597933e-06
1997-09-25,0.0,0.0,0.0,0.0,0.0,0.0
1997-09-26,0.0,0.0,0.0,0.0,0.0,0.0
1997-09-27,0.0,0.0,0.0,0.0,0.0,0.0
1997-09-28,2.9676871236006264e-06,3.076484517805511e-06,2.446254484311794e-06,1.9762132978939917e-06,2.0338045487733325e-06,1.6116434835566906e-06
1997-09-29,0.0,0.0,0.0,0.0,0.0,0.0
1997-09-30,0.0,0.0,0.0,0.0,0.0,0.0
1997-10-01,2.651370039075118e-07,0.0,0.0,5.518677994587051e-07,0.0,0.0
1997-10-02,0.00013361719902604818,0.00011972474749200046,0.00011025634012185037,0.00014226023631636053,0.00012761396646965295,0.00011599709978327155
1997-10-03,0.0006992630660533905,0.0006994582945480943,0.0006645217654295266,0.0007974084583111107,0.000803331087809056,0.0007500960491597652
1997-10-04,7.30378451407887e-05,9.901632438413799e-05,0.00013571717136073858,7.046747487038374e-05,9.617135947337374e-05,0.0001347848301520571
1997-10-05,0.0,4.5503402361646295e-06,1.394175342284143e-05,0.0,3.6889437069476116e-06,1.1258057384111453e-05
1997-10-06,0.0,0.0,0.0,0.0,0.0,0.0
1997-10-07,0.0,0.0,0.0,0.0,0.0,0.0
1997-10-08,0.0,0.0,0.0,0.0,0.0,0.0
1997-10-09,0.0,0.0,0.0,0.0,0.0,0.0
1997-10-10,3.8809856050647795e-05,2.956020034616813e-05,2.4220153136411682e-05,3.3316649933112785e-05,2.4193237550207414e-05,1.9651854017865844e-05
1997-10-11,0.00011365309183020145,0.00011617373093031347,0.00011599122080951929,0.00014164824096951634,0.00014481534890364856,0.00014529694453813136
1997-10-12,0.0,0.0,0.0,0.0,0.0,0.0
1997-10-13,0.0,0.0,0.0,0.0,0.0,0.0
1997-10-14,0.0,0.0,0.0,0.0,0.0,0.0
1997-10-15,9.236125333700329e-05,9.109869279200211e-05,8.819365757517517e-05,9.235572360921651e-05,8.923474524635822e-05,8.614199032308534e-05
1997-10-16,0.00015277638158295304,0.000159897594130598,0.00016537330520804971,0.0001440532214473933,0.00014974188525229692,0.00015522622561547905
1997-10-17,0.0,0.0,0.0,0.0,0.0,0.0
1997-10-18,0.0,0.0,0.0,0.0,0.0,0.0
1997-10-19,0.0,0.0,0.0,0.0,0.0,0.0
1997-10-20,1.1405908395545339e-07,0.0,0.0,2.454017362651939e-07,0.0,0.0
1997-10-21,1.7364339299774656e-08,1.798882998116369e-08,1.4294898598166128e-08,4.054393443198023e-08,4.15368965889229e-08,3.284483796051063e-08
1997-10-22,0.0,0.0,0.0,0.0,0.0,0.0
1997-10-23,7.675287633901462e-05,8.224992780014873e-05,8.193104440579191e-05,5.186631824471988e-05,5.525778033188544e-05,5.53705649508629e-05
1997-10-24,0.00010695455421227962,0.00010967835987685248,0.00011315574374748394,9.9620119726751e-05,0.00010082506196340546,0.00010240286064799875
1997-10-25,3.631048821262084e-05,4.042635191581212e-05,4.4352611439535394e-05,3.332802953082137e-05,3.754365025088191e-05,4.224716030876152e-05
1997-10-26,8.541696843167301e-06,1.2102502296329476e-05,1.830510336731095e-05,9.201962711813394e-06,1.2328414413786959e-05,1.8545688362792134e-05
1997-10-27,0.00015538664592895657,0.00017079190001823008,0.00019069481641054153,0.00015418081602547318,0.00016638703527860343,0.00018249657296109945
1997-10-28,0.0001963362592505291,0.0002010305761359632,0.00021022219152655452,0.000241486108279787,0.00024232034047599882,0.00024610746186226606
1997-10-29,1.8737548089120537e-05,1.7335087250103243e-05,1.542018071631901e-05,2.086593485728372e-05,1.941237314895261e-05,1.7548622054164298e-05
1997-10-30,0.0,0.0,0.0,0.0,0.0,0.0
1997-10-31,6.001093424856663e-05,5.6508739362470806e-05,5.082077404949814e-05,7.05841594026424e-05,6.560731708304957e-05,5.827391578350216e-05
1997-11-01,0.0,0.0,0.0,0.0,0.0,0.0
1997-11-02,0.0,0.0,0.0,0.0,0.0,0.0
1997-11-03,0.00017357828619424254,0.0001764642511261627,0.00017536980158183724,0.00018470105715095997,0.00018515628471504897,0.00018104189075529575
1997-11-04,3.110784382442944e-05,4.4571930629899725e-05,6.33906020084396e-05,2.8959228075109422e-05,4.266277755959891e-05,6.328830204438418e-05
1997-11-05,0.0,0.0,0.0,0.0,0.0,0.0
1997-11-06,1.0882507922360674e-05,9.485914233664516e-06,8.158150194503833e-06,9.583749488228932e-06,8.265458745881915e-06,6.9837274168094154e-06
1997-11-07,0.0,0.0,0.0,0.0,0.0,0.0
1997-11-08,0.0,0.0,0.0,0.0,0.0,0.0
1997-11-09,0.0,0.0,0.0,0.0,0.0,0.0
1997-11-10,5.73885663470719e-05,6.0893962654517964e-05,6.28377019893378e-05,5.264098945190199e-05,5.484427310875617e-05,5.6461307394783944e-05
1997-11-11,4.386107775644632e-06,3.1798367672308814e-06,3.0063959002291085e-06,4.4083194552513305e-06,3.238911403968814e-06,2.9231277949293144e-06
1997-11-12,4.704701859736815e-05,5.062558557256125e-05,5.463877823785879e-05,4.849555261898786e-05,5.081369454273954e-05,5.3238709369907156e-05
1997-11-13,2.280963371958933e-06,2.4162909539882094e-06,2.201272536694887e-06,1.5805601378815481e-06,1.6447819461973268e-06,1.484435756538005e-06
1997-11-14,1.4158268641040195e-05,1.3147093341103755e-05,1.2496006092987955e-05,9.86958184512332e-06,9.03573163668625e-06,8.611685188952833e-06
1997-11-15,8.998275734484196e-05,9.121333278017119e-05,9.051067900145426e-05,8.302032802021131e-05,8.247477671829984e-05,8.098150283331051e-05
1997-11-16,7.562835526186973e-05,7.703853771090508e-05,7.697657565586269e-05,7.355407433351502e-05,7.38989474484697e-05,7.354422268690541e-05
1997-11-17,6.650437711641644e-08,9.821077640026488e-08,1.4430570161039213e-07,4.459434066461654e-08,6.466758151191243e-08,9.449643556536103e-08
1997-11-18,0.0,0.0,0.0,0.0,0.0,0.0
1997-11-19,1.856119888543617e-05,1.95290722331265e-05,2.1463216398842633e-05,2.2949237973080017e-05,2.332945223315619e-05,2.4569269953644834e-05
1997-11-20,7.638071110704914e-06,6.822383511462249e-06,5.923678145336453e-06,1.0177731383009814e-05,9.539614438835997e-06,8.640330634079874e-06
1997-11-21,0.0,0.0,0.0,0.0,0.0,0.0
1997-11-22,0.0,0.0,0.0,0.0,0.0,0.0
1997-11-23,0.0,0.0,0.0,0.0,0.0,0.0
1997-11-24,0.0,0.0,0.0,0.0,0.0,0.0
1997-11-25,8.878098742570728e-05,9.438154665986076e-05,9.841450082603842e-05,8.988996705738828e-05,9.383835276821628e-05,9.732606849865988e-05
1997-11-26,3.644325090590428e-07,3.5842339229930076e-07,3.562349490948691e-07,8.510410225426313e-07,8.207111932279076e-07,8.112583032016119e-07
1997-11-27,0.0,0.0,0.0,0.0,0.0,0.0
1997-11-28,0.0,0.0,0.0,0.0,0.0,0.0
1997-11-29,6.107276567490771e-05,6.310146272880957e-05,6.52504968456924e-05,6.627952097915113e-05,6.716166535625234e-05,6.874549580970779e-05
1997-11-30,4.00156432078802e-06,3.756225623874343e-06,3.1269096325559076e-06,6.733640930178808e-06,6.1692494455201086e-06,5.174829766474431e-06
1997-12-01,7.5763741733680945e-06,5.481741936819162e-06,4.435366463440005e-06,6.951359409868019e-06,5.166247774468502e-06,4.188185812381562e-06
1997-12-02,9.574031537340488e-06,5.814437372464454e-06,4.6816667236271314e-06,7.96754738985328e-06,4.260504283593036e-06,3.4119475458282977e-06
1997-12-03,7.855769945308566e-05,8.402687672059983e-05,8.750348206376657e-05,9.39345991355367e-05,9.846183093031868e-05,0.00010185446444666013
1997-12-04,0.0,1.5033759126481527e-08,4.6718454882466176e-08,0.0,3.4364720846724595e-08,1.0621544532796179e-07
1997-12-05,1.150271941696701e-06,6.288133818088681e-07,5.06762546592654e-07,2.55981558439089e-06,1.4371089491760358e-06,1.1519368854351342e-06
1997-12-06,9.500014130026102e-06,9.673521162767429e-06,9.118176421907265e-06,1.0942424523818772e-05,1.1099910807388369e-05,1.073618113878183e-05
1997-12-07,0.0,0.0,0.0,0.0,0.0,0.0
1997-12-08,5.39591746928636e-05,5.601896555162966e-05,5.653162952512503e-05,5.480784238898195e-05,5.579811113420874e-05,5.613447865471244e-05
1997-12-09,0.0,1.090312373719371e-08,3.393008540797382e-08,0.0,2.4902817585825687e-08,7.708056415367537e-08
1997-12-10,0.0,7.38061745053642e-09,2.297427670328034e-08,0.0,1.0246487214260469e-08,3.172394258399436e-08
1997-12-11,1.476330027117001e-07,0.0,0.0,3.441921023750183e-07,0.0,0.0
1997-12-12,3.13876080326736e-05,3.241241574869491e-05,3.3732463634805754e-05,3.29359172610566e-05,3.336679219501093e-05,3.430230572121218e-05
1997-12-13,4.587604507833021e-06,4.533896571956575e-06,4.0190343497670256e-06,7.120956070139073e-06,6.9232546593411826e-06,6.372769803419942e-06
1997-12-14,0.0,0.0,0.0,0.0,0.0,0.0
1997-12-15,0.0,0.0,0.0,0.0,0.0,0.0
1997-12-16,0.00013208825839683414,0.00014124687004368752,0.00014796997129451483,0.0001314228866249323,0.0001378530141664669,0.00014424137771129608
1997-12-17,1.155060363089433e-05,1.1887385880982038e-05,1.2556879482872318e-05,1.1163888302689884e-05,1.0758462849480566e-05,1.0935820682789199e-05
1997-12-18,2.823009936037124e-06,3.042204980374663e-06,2.763338898148504e-06,2.8708618629025295e-06,2.887587015720783e-06,2.519837380532408e-06
1997-12-19,3.02857699807646e-07,1.7867593271603255e-07,1.44500859278196e-07,7.057410016386712e-07,4.077250537193322e-07,3.27960293589058e-07
1997-12-20,0.0,0.0,0.0,0.0,0.0,0.0
1997-12-21,5.320175660017412e-06,2.1487687718035886e-06,2.362390432608663e-06,4.35963147538132e-06,1.4064987681194907e-06,1.537952925900754e-06
1997-12-22,0.00016364017210435122,0.00017894442135002464,0.00019324639288242906,0.00016479339683428407,0.0001755251723807305,0.00018693892343435436
1997-12-23,8.426181921095122e-06,7.694912710576318e-06,7.364983048319118e-06,1.1994734450126998e-05,1.1018445547961164e-05,1.0310518518963363e-05
1997-12-24,0.0,0.0,0.0,0.0,0.0,0.0
1997-12-25,6.800168193876743e-05,7.145709241740406e-05,7.309888314921409e-05,6.231782754184678e-05,6.406266038538888e-05,6.507435318781063e-05
1997-12-26,3.8227313780225813e-05,3.9914088119985536e-05,4.127834108658135e-05,3.8977552321739495e-05,3.970359466620721e-05,4.0453363908454776e-05
1997-12-27,2.1091791495564394e-05,2.1412944988696836e-05,2.1464586097863503e-05,2.3440947188646533e-05,2.3416638214257546e-05,2.3431231966242194e-05
1997-12-28,2.4693623146276877e-08,0.0,0.0,5.7542735021343105e-08,0.0,0.0
1997-12-29,2.1651956558343954e-05,2.319865052413661e-05,2.4323342586285435e-05,1.9603536202339455e-05,2.038273487414699e-05,2.13476741919294e-05
1997-12-30,0.0,0.0,0.0,0.0,0.0,0.0
1997-12-31,0.0,0.0,0.0,0.0,0.0,0.0
1998-01-01,1.4992397154856008e-06,1.4604889884139993e-06,1.3779898608845542e-06,3.4945574043376837e-06,3.333157110319007e-06,3.1273070817405824e-06
1998-01-02,6.606203533010557e-05,6.58415156067349e-05,6.515228596981615e-05,6.623339140787721e-05,6.453438254538924e-05,6.327257869997993e-05
1998-01-03,1.2146233530074824e-05,1.4093902791501023e-05,1.6416024664067663e-05,1.248938133358024e-05,1.3933906302554533e-05,1.56393252837006e-05
1998-01-04,1.4255182577471714e-05,1.6050962585723028e-05,1.7986996681429446e-05,1.4693669982079882e-05,1.6260250049526803e-05,1.8077014829032123e-05
1998-01-05,0.0,0.0,0.0,0.0,0.0,0.0
1998-01-06,0.0,0.0,0.0,0.0,0.0,0.0
1998-01-07,0.0,0.0,0.0,0.0,0.0,0.0
1998-01-08,6.412722723325714e-05,5.5616474128328264e-05,4.8380763473687693e-05,7.486732647521421e-05,6.463505269493908e-05,5.5003893066896126e-05
1998-01-09,2.6137531676795334e-05,3.137323074042797e-05,3.6111101508140564e-05,2.516576205380261e-05,2.951932947325986e-05,3.4044285712298006e-05
1998-01-10,6.442703011089179e-07,4.7452451212848246e-07,4.132415085678076e-07,1.1343694268362015e-06,8.45505496727128e-07,7.46221871850139e-07
1998-01-11,2.4180362743209116e-05,2.4558385121054016e-05,2.3606997274328023e-05,2.019741623371374e-05,1.975648592633661e-05,1.8559681848273613e-05
1998-01-12,1.174730005004676e-05,1.2847370271629188e-05,1.3322216545930132e-05,1.1382592674635816e-05,1.2155415788583923e-05,1.2487352250900585e-05
1998-01-13,1.8560390913080482e-07,1.1761062523873989e-07,9.541620471509304e-08,4.33172004932203e-07,2.686792015538231e-07,2.1672038030828844e-07
1998-01-14,0.0,0.0,0.0,0.0,0.0,0.0
1998-01-15,0.0,1.4486827737414387e-08,4.533413644480788e-08,0.0,9.495714436980052e-09,2.9543565815970396e-08
1998-01-16,0.0,0.0,0.0,0.0,0.0,0.0
1998-01-17,0.0,1.7892583059619938e-07,5.599131327471696e-07,0.0,1.1730419657851598e-07,3.649557527296565e-07
1998-01-18,0.0,0.0,0.0,0.0,0.0,0.0
1998-01-19,5.88875227549579e-05,6.161517376312986e-05,6.483479228336364e-05,5.141142901265994e-05,5.226139910519123e-05,5.386937118601054e-05
1998-01-20,0.00019945418171118945,0.00023711498943157494,0.0002678662713151425,0.00017279166786465794,0.00020554852380882949,0.00023830968711990863
1998-01-21,1.0261426723445766e-05,1.8084689145325683e-05,3.1708081223769113e-05,9.856384167505894e-06,1.722322849673219e-05,3.066031786147505e-05
1998-01-22,4.1201451494998764e-06,4.249280664225807e-06,3.999759883299703e-06,8.497708222421352e-06,8.53594065119978e-06,8.140928912325762e-06
1998-01-23,1.6099695585580776e-06,4.6550925958399603e-07,3.775776917791518e-07,1.785952804311819e-06,6.014873861204251e-07,4.850556933888583e-07
1998-01-24,5.886271082999883e-06,5.5023920140229166e-06,4.876923867414007e-06,5.431807039713021e-06,5.0502339945524e-06,4.589201580529334e-06
1998-01-25,3.6732803891936783e-06,3.6352976167108864e-06,4.0651279960002284e-06,3.074374035350047e-06,2.9503044061129913e-06,3.293298732387484e-06
1998-01-26,1.589442035765387e-05,1.7017884601955302e-05,1.7091693734982982e-05,1.0969875802402385e-05,1.1261887266300619e-05,1.1227459253859706e-05
1998-01-27,7.342839580815053e-07,2.117720214300789e-06,4.804699528904166e-06,4.924426662000769e-07,1.389599447065848e-06,3.13472105517576e-06
1998-01-28,0.0,0.0,0.0,0.0,0.0,0.0
1998-01-29,0.0,0.0,0.0,0.0,0.0,0.0
1998-01-30,2.0285372102080146e-06,1.5518614873144543e-06,1.549059675198805e-06,2.1180692328925943e-06,1.352813228550076e-06,1.2803784557036124e-06
1998-01-31,0.0,0.0,0.0,0.0,0.0,0.0
1998-02-01,3.69820736523252e-05,3.074323103646748e-05,2.791095175780356e-05,4.201499541522935e-05,3.40003716701176e-05,3.00812807836337e-05
1998-02-02,4.5024145947536454e-05,5.185257032280788e-05,5.80956184421666e-05,4.612861084751785e-05,5.1637256547110155e-05,5.668245648848824e-05
1998-02-03,2.818624852807261e-05,2.323674561921507e-05,1.9232496924814768e-05,3.720141830854118e-05,3.122213820461184e-05,2.6080626412294805e-05
1998-02-04,2.2961621652939357e-05,2.597313687147107e-05,2.8107024263590574e-05,2.1043126253061928e-05,2.4040822609094903e-05,2.7094665711047128e-05
1998-02-05,1.6871830439413316e-06,1.7518151480544475e-06,2.02241994884389e-06,1.1319827990519116e-06,1.149983290815726e-06,1.3203735989009147e-06
1998-02-06,0.00011331103451084346,0.00010883642971748486,9.937460708897561e-05,0.00011588485358515754,0.00010878583998419344,9.802426939131692e-05
1998-02-07,0.00016568561841268092,0.0001843656355049461,0.00019449340470600873,0.00017449897131882608,0.00019102443184237927,0.0002024617133429274
1998-02-08,9.766032462721341e-07,6.345835572574288e-07,5.593468017650594e-07,2.03346985472308e-06,1.4522046285492252e-06,1.2731887863992597e-06
1998-02-09,0.0,0.0,0.0,0.0,0.0,0.0
1998-02-10,0.0,0.0,0.0,0.0,0.0,0.0
1998-02-11,1.0804376870510168e-05,9.197849067277275e-06,7.616776656504953e-06,1.329950009676395e-05,1.1166858712385874e-05,9.369674444315024e-06
1998-02-12,2.2159807485877536e-05,2.270947879878804e-05,2.214790220023133e-05,2.257490632473491e-05,2.2855563656776212e-05,2.2595699192606844e-05
1998-02-13,0.0,0.0,0.0,0.0,0.0,0.0
1998-02-14,2.0635545297409408e-05,2.725069316511508e-05,3.6060875572729856e-05,1.4073358215682674e-05,1.8262055164086632e-05,2.47114530793624e-05
1998-02-15,0.00026548956520855427,0.00028343667509034276,0.00029601872665807605,0.0002656847645994276,0.0002798759378492832,0.00029377132887020707
1998-02-16,2.5003766950248973e-06,2.3660943497816334e-06,1.913390178742702e-06,2.324035676792846e-06,1.960836470971117e-06,1.577738657942973e-06
1998-02-17,1.3226206647232175e-05,1.2479358701966703e-05,1.1029735105694272e-05,1.2738465557049494e-05,1.1771503523050342e-05,1.0503789781068917e-05
1998-02-18,2.5658773665782064e-06,2.377519422225305e-06,2.160402118533966e-06,5.4018905757402536e-06,5.160655746294651e-06,4.694160907092737e-06
1998-02-19,2.2496759299883706e-07,2.1844788022917783e-07,1.7657853845776117e-07,5.256108579487773e-07,4.997807536710752e-07,4.020204187327181e-07
1998-02-20,0.0,0.0,0.0,0.0,0.0,0.0
1998-02-21,2.57486931332096e-07,1.2151188855114015e-07,1.1476105754582022e-07,4.893353775514697e-07,1.9456173561138712e-07,1.804145313144545e-07
1998-02-22,2.0169134131720057e-06,2.6379314022051403e-06,3.670060777949402e-06,2.4872144877008395e-06,2.669989953574259e-06,3.24830989484326e-06
1998-02-23,5.911837797611952e-05,6.578786997124553e-05,7.007646490819752e-05,5.364130629459396e-05,5.8494068071013317e-05,6.235044565983117e-05
1998-02-24,1.1772468724302598e-06,1.3320690186446882e-06,1.2540415355033474e-06,2.7483454232424265e-06,3.0468395380012225e-06,2.8549623038998106e-06
1998-02-25,0.0,0.0,0.0,0.0,0.0,0.0
1998-02-26,5.733221769332886e-06,5.130903446115553e-06,4.845977855438832e-06,1.2502004210546147e-05,1.1702722986228764e-05,1.0933130397461355e-05
1998-02-27,7.836166560082347e-07,6.803738301641715e-07,5.517640602192841e-07,1.7430929801776074e-06,1.5559559187749983e-06,1.256073005606595e-06
1998-02-28,0.0,0.0,0.0,0.0,0.0,0.0
1998-03-01,0.0,0.0,0.0,0.0,0.0,0.0
1998-03-02,0.0,0.0,0.0,0.0,0.0,0.0
1998-03-03,4.1898410927387886e-06,3.4700146898103412e-06,2.8363094770611497e-06,9.410889106220566e-06,7.933810593385715e-06,6.456076334870886e-06
1998-03-04,7.606132567161694e-05,8.681228064233437e-05,9.377519745612517e-05,6.506517820525914e-05,7.299070421140641e-05,7.920995994936675e-05
1998-03-05,0.0,0.0,0.0,0.0,0.0,0.0
1998-03-06,0.0,6.680695108229884e-09,2.0794049149230887e-08,0.0,1.5272187070536347e-08,4.732769554038896e-08
1998-03-07,3.382141949259676e-05,3.79037628590595e-05,4.168742088950239e-05,3.2219784770859405e-05,3.536407893989235e-05,3.8799775211373344e-05
1998-03-08,0.0,0.0,0.0,0.0,0.0,0.0
1998-03-09,4.8754092858871445e-05,5.664550553774461e-05,6.434299575630575e-05,5.141993096913211e-05,6.006221519783139e-05,7.069890125421807e-05
1998-03-10,8.338060069945641e-06,7.917447874206118e-06,6.553397270181449e-06,9.479193067818414e-06,9.073742148757447e-06,7.66733046475565e-06
1998-03-11,0.0,0.0,0.0,0.0,0.0,0.0
1998-03-12,0.0,0.0,0.0,0.0,0.0,0.0
1998-03-13,0.0,0.0,0.0,0.0,0.0,0.0
1998-03-14,0.0,0.0,0.0,0.0,0.0,0.0
1998-03-15,1.155232212113333e-06,8.982748909147631e-07,7.928808827273315e-07,2.5986496439145412e-06,2.052705440291902e-06,1.8041915836874978e-06
1998-03-16,0.0,0.0,0.0,0.0,0.0,0.0
1998-03-17,3.858893649066886e-08,4.1056477328993424e-08,3.30973932705092e-08,8.97471537086858e-08,9.381638932381975e-08,7.531046009034981e-08
1998-03-18,3.1300553473556647e-06,4.128417003812501e-06,7.553330306109274e-06,2.971712319776998e-06,3.3028763937181793e-06,5.409295681602089e-06
1998-03-19,2.355970354983583e-05,2.709585714910645e-05,2.9397420803434215e-05,1.671518839430064e-05,1.859346048149746e-05,1.9856743165291846e-05
1998-03-20,8.788650120550301e-06,9.226067959389184e-06,9.097001566260587e-06,1.4700825886393432e-05,1.5334346244344488e-05,1.5722043826826848e-05
1998-03-21,1.2801332331946469e-06,1.3839799066772684e-06,1.4159436432237271e-06,2.9754867227893556e-06,3.1623403629055247e-06,3.2218010801443597e-06
1998-03-22,0.0,0.0,0.0,0.0,0.0,0.0
1998-03-23,0.0,2.698029710757055e-08,8.383777583276242e-08,0.0,1.7685206188389202e-08,5.4724285547536056e-08
1998-03-24,0.0,0.0,0.0,0.0,0.0,0.0
1998-03-25,0.0,0.0,0.0,0.0,0.0,0.0
1998-03-26,2.1222567170298134e-07,0.0,0.0,4.92989045142167e-07,0.0,0.0
1998-03-27,3.920489533015825e-08,7.897542531054569e-08,1.4987159602242173e-07,9.106154408300426e-08,1.804722984388718e-07,3.410510771573172e-07
1998-03-28,0.0,0.0,0.0,0.0,0.0,0.0
1998-03-29,0.0,0.0,0.0,0.0,0.0,0.0
1998-03-30,0.0,0.0,0.0,0.0,0.0,0.0
1998-03-31,3.7444773624883965e-05,3.799575279117562e-05,3.637667396105826e-05,3.3748059649951756e-05,3.3586769859539345e-05,3.182546788593754e-05
1998-04-01,0.0,7.011308866822219e-08,2.1756389401161869e-07,0.0,6.231356763919393e-08,1.9255706718013244e-07
1998-04-02,0.0,3.1654596455155115e-07,9.820614650379866e-07,0.0,2.803700454023783e-07,8.662136679049581e-07
1998-04-03,0.00045251433039084077,0.0004820997128263116,0.0005004184204153717,0.000425404665293172,0.0004439691547304392,0.00045927701285108924
1998-04-04,0.00016846723156049848,0.000182897609192878,0.0001836308219935745,0.0001648490724619478,0.00017288708477281034,0.00017418865172658116
1998-04-05,0.0,0.0,0.0,0.0,0.0,0.0
1998-04-06,3.1112494980334304e-06,1.4408557262868271e-06,1.1578933936107205e-06,5.28498321727966e-06,3.2947659747151192e-06,2.6368081762484508e-06
1998-04-07,2.717449751798995e-05,2.508975194359664e-05,2.1834752260474488e-05,2.911064621002879e-05,2.6772870114655234e-05,2.3540305846836418e-05
1998-04-08,4.617014201357961e-05,4.32498891314026e-05,3.839881901512854e-05,4.121309393667616e-05,3.754095087060705e-05,3.2872481824597344e-05
1998-04-09,0.00019139146024826914,0.00021521841699723154,0.00023572976351715624,0.00019114738097414374,0.00021087181812617928,0.00023070811585057527
1998-04-10,1.45867716128123e-06,1.0747596661531134e-06,8.627662850813067e-07,3.3855665151349967e-06,2.458770040902891e-06,1.9657611574075418e-06
1998-04-11,1.477473688282771e-05,1.3934847629570868e-05,1.3480922461894806e-05,2.3782480639056303e-05,2.3210308427223936e-05,2.2661024559056386e-05
1998-04-12,8.364198583876714e-05,8.925927977543324e-05,9.344016871182248e-05,0.00010189816384809092,0.00010663593275239691,0.00011088346218457446
1998-04-13,1.0957942322420422e-05,1.0030565135821234e-05,1.008757681120187e-05,1.9022199921892025e-05,1.874519875855185e-05,1.9302668079035357e-05
1998-04-14,0.0002877785300370306,0.00029017403721809387,0.00028423930052667856,0.0002825831761583686,0.00028087300597690046,0.0002741172502283007
1998-04-15,0.0001535938063170761,0.00016938147018663585,0.00018808913591783494,0.0001514372561359778,0.00016409216914325953,0.0001794732379494235
1998-04-16,0.00014962349086999893,0.00014362861111294478,0.00013734934327658266,0.00015263140085153282,0.00014464964624494314,0.00013635290088132024
1998-04-17,0.000313464377541095,0.0003463751054368913,0.0003879058640450239,0.000337536126608029,0.00036323085078038275,0.0003931164392270148
1998-04-18,1.149902800534619e-05,1.404481372446753e-05,1.7101334378821775e-05,1.720243744784966e-05,1.9044187865802087e-05,2.054221295111347e-05
1998-04-19,0.0,0.0,0.0,0.0,0.0,0.0
1998-04-20,0.0,0.0,0.0,0.0,0.0,0.0
1998-04-21,3.384195110811561e-07,3.5181435009690176e-07,2.813098660681135e-07,7.856779120629653e-07,8.064106395977433e-07,6.424079401767813e-07
1998-04-22,0.0001289554638788104,0.00013509618293028325,0.00013931846478953958,0.0001248731859959662,0.00012716023775283247,0.00012872395745944232
1998-04-23,1.5618753650414874e-06,9.238285088031262e-07,2.8467775337048806e-06,2.753556145762559e-06,8.810345093479555e-07,2.7050932658312377e-06
1998-04-24,0.0001500092912465334,0.0001699032582109794,0.0001855800801422447,0.00018236273899674416,0.00019644568965304643,0.0002048682072199881
1998-04-25,4.218005415168591e-05,4.0195653127739206e-05,3.981507325079292e-05,3.658403511508368e-05,3.3661071938695386e-05,3.3174495911225677e-05
1998-04-26,1.23882500702166e-05,7.4330555435153656e-06,5.930215593252797e-06,9.1104993771296e-06,5.449247055366868e-06,4.3325426304363646e-06
1998-04-27,0.00011813274613814428,0.00012123462511226535,0.00012907585187349468,0.00012880354188382626,0.0001320943993050605,0.0001432062708772719
1998-04-28,5.421948662842624e-05,5.3654261137126014e-05,5.609985237242654e-05,4.6760880650253966e-05,4.4062115193810314e-05,4.4119631638750434e-05
1998-04-29,0.0,0.0,0.0,0.0,0.0,0.0
1998-04-30,9.988007514039055e-05,0.00010443501378176734,0.00010596531501505524,9.706503624329343e-05,0.0001016080568660982,0.0001045365133904852
1998-05-01,3.0129704100545496e-05,4.0275263017974794e-05,5.42298294021748e-05,2.123766353179235e-05,2.9225404432509094e-05,4.114638431929052e-05
1998-05-02,4.1697617803038156e-07,0.0,0.0,4.324625137996918e-07,0.0,0.0
1998-05-03,7.55789878894575e-05,7.481327338609844e-05,7.076436304487288e-05,7.681255374336615e-05,7.46905934647657e-05,6.921862222952768e-05
1998-05-04,1.1120941053377464e-05,1.1327882930345368e-05,1.136872833740199e-05,7.413481398543809e-06,7.558332981716376e-06,7.738270141999237e-06
1998-05-05,0.0,0.0,0.0,0.0,0.0,0.0
1998-05-06,0.00014812695735599846,0.0001615222281543538,0.0001668134646024555,0.00014955064398236573,0.0001583668781677261,0.00016107465489767492
1998-05-07,0.0,0.0,0.0,0.0,0.0,0.0
1998-05-08,0.0,0.0,0.0,0.0,0.0,0.0
1998-05-09,0.0,0.0,0.0,0.0,0.0,0.0
1998-05-10,0.0,0.0,0.0,0.0,0.0,0.0
1998-05-11,4.127413558308035e-05,4.6156757889548317e-05,5.099505142425187e-05,4.96932007081341e-05,5.288292595651001e-05,5.5957443692022935e-05
1998-05-12,2.0908881197101437e-05,2.5565892428858206e-05,3.207238114555366e-05,3.354475848027505e-05,3.73709735868033e-05,4.196056033833884e-05
1998-05-13,0.0,0.0,0.0,0.0,0.0,0.0
1998-05-14,6.742503319401294e-05,6.589850090676919e-05,6.512003164971247e-05,7.229854963952675e-05,7.120556256268173e-05,7.166113937273622e-05
1998-05-15,3.827168984571472e-05,3.7831901863683015e-05,3.821429709205404e-05,3.690629455377348e-05,3.6172794352751225e-05,3.6247121897758916e-05
1998-05-16,0.0,0.0,0.0,0.0,0.0,0.0
1998-05-17,0.0,0.0,0.0,0.0,0.0,0.0
1998-05-18,1.7487524246462272e-06,1.070293365046382e-06,8.656998033984564e-07,4.068460839334875e-06,2.4719493012526073e-06,1.9965993942605564e-06
1998-05-19,8.574363891966641e-05,9.322601545136422e-05,9.991494152927771e-05,0.00011253414413658902,0.0001193584903376177,0.000125420032418333
1998-05-20,0.0,0.0,0.0,0.0,0.0,0.0
1998-05-21,0.0,0.0,0.0,0.0,0.0,0.0
1998-05-22,0.0,0.0,0.0,0.0,0.0,0.0
1998-05-23,0.0,0.0,0.0,0.0,0.0,0.0
1998-05-24,1.1254868468313362e-06,0.0,0.0,2.6194393285550177e-06,0.0,0.0
1998-05-25,5.116828833706677e-05,4.716813418781385e-05,4.156305658398196e-05,5.994442472001538e-05,5.6114720791811123e-05,5.1804829126922414e-05
1998-05-26,0.00011289813119219616,0.00011518513201735914,0.0001157948499894701,0.00013168681471142918,0.00013446442608255893,0.00013484255759976804
1998-05-27,0.00012676016194745898,0.0001277322298847139,0.0001233435032190755,0.0001286863989662379,0.00012972819968126714,0.00012606682139448822
1998-05-28,4.011297642136924e-05,4.221235940349288e-05,4.133878246648237e-05,3.615600144257769e-05,3.850203211186454e-05,3.770301191252656e-05
1998-05-29,6.491714884759858e-05,6.435206887545064e-05,5.8887864724965766e-05,6.362792919389904e-05,6.145477527752519e-05,5.4378080676542595e-05
1998-05-30,8.58393614180386e-05,9.027330816024914e-05,8.680353494128212e-05,8.857252396410331e-05,9.233505988959223e-05,8.971709758043289e-05
1998-05-31,0.0,0.0,0.0,0.0,0.0,0.0
1998-06-01,0.0,0.0,0.0,0.0,0.0,0.0
1998-06-02,0.00010173160990234464,0.00011482728586997837,0.00012637909094337374,8.876897481968626e-05,9.896962728817016e-05,0.00010780498996609822
1998-06-03,0.0,1.5408298850161373e-06,4.665258529712446e-06,0.0,1.0251357025481411e-06,3.104932375208591e-06
1998-06-04,0.0,6.389987561306043e-08,1.934368754064053e-07,0.0,1.4822887806076324e-07,4.489157845455338e-07
1998-06-05,0.0,0.0,0.0,0.0,0.0,0.0
1998-06-06,0.0,0.0,0.0,0.0,0.0,0.0
1998-06-07,6.33107265457511e-05,6.0416143242036924e-05,6.013446181896143e-05,0.00010263431613566354,0.00010019710316555575,9.878165292320773e-05
1998-06-08,0.0001424924557795748,0.00013864372158423066,0.0001283124729525298,0.00014331562852021307,0.00014312217535916716,0.0001385709474561736
1998-06-09,0.0,0.0,0.0,0.0,0.0,0.0
1998-06-10,0.0,0.0,0.0,0.0,0.0,0.0
1998-06-11,0.0,0.0,0.0,0.0,0.0,0.0
1998-06-12,0.0,0.0,0.0,0.0,0.0,0.0
1998-06-13,0.0,0.0,0.0,0.0,0.0,0.0
1998-06-14,0.0,0.0,0.0,0.0,0.0,0.0
1998-06-15,0.0,0.0,0.0,0.0,0.0,0.0
1998-06-16,2.0352303181425668e-05,1.6741572835599072e-05,1.3130627849022858e-05,1.3850791219738312e-05,1.115842769650044e-05,8.764249287196435e-06
1998-06-17,4.1394880099687725e-05,4.2991381633328274e-05,4.371609975351021e-05,3.925976488972083e-05,4.114512921660207e-05,4.190153777017258e-05
1998-06-18,0.0,0.0,0.0,0.0,0.0,0.0
1998-06-19,4.5607816900883336e-06,0.0,0.0,3.045129460588214e-06,0.0,0.0
1998-06-20,0.00020141930144745857,0.00021324140834622085,0.00022560873185284436,0.0002094069350278005,0.0002212801482528448,0.0002351906878175214
1998-06-21,7.483801891794428e-05,8.259479363914579e-05,9.629366832086816e-05,7.198344974312931e-05,8.066539885476232e-05,9.374799992656335e-05
1998-06-22,0.0,0.0,0.0,0.0,0.0,0.0
1998-06-23,0.0,0.0,0.0,0.0,0.0,0.0
1998-06-24,0.0,0.0,0.0,0.0,0.0,0.0
1998-06-25,3.61271560223031e-07,0.0,0.0,8.404861659982998e-07,0.0,0.0
1998-06-26,0.0,0.0,0.0,0.0,0.0,0.0
1998-06-27,2.543918355968344e-07,0.0,0.0,5.917253247389453e-07,0.0,0.0
1998-06-28,0.0,0.0,0.0,0.0,0.0,0.0
1998-06-29,6.551366823259741e-05,6.879769352963194e-05,6.93694018991664e-05,4.4459200580604374e-05,4.592283221427351e-05,4.6560424380004406e-05
1998-06-30,0.0,0.0,0.0,0.0,0.0,0.0
1998-07-01,0.00024037646653596312,0.0002541767607908696,0.00026733134291134775,0.00024637734168209136,0.0002579436404630542,0.00026982120471075177
1998-07-02,0.00018804866704158485,0.00020237140415702015,0.00021360913524404168,0.0001790399255696684,0.00019401294412091374,0.00020606820180546492
1998-07-03,0.0,0.0,0.0,0.0,0.0,0.0
1998-07-04,0.0,0.0,0.0,0.0,0.0,0.0
1998-07-05,8.065568545134738e-05,7.492274016840383e-05,6.246926204767078e-05,8.551825885660946e-05,8.151140355039388e-05,7.187337905634195e-05
1998-07-06,2.3442924430128187e-05,2.7388578018872067e-05,2.9095530408085324e-05,1.5626068488927558e-05,1.8635042579262517e-05,2.0639485228457488e-05
1998-07-07,0.0,0.0,0.0,0.0,0.0,0.0
1998-07-08,0.0,0.0,0.0,0.0,0.0,0.0
1998-07-09,0.0,0.0,0.0,0.0,0.0,0.0
1998-07-10,0.0,0.0,0.0,0.0,0.0,0.0
1998-07-11,0.0,0.0,0.0,0.0,0.0,0.0
1998-07-12,0.0,1.2292601240915246e-05,3.748359449673444e-05,0.0,8.170685759978369e-06,2.4963237592601217e-05
1998-07-13,0.0,0.0,0.0,0.0,0.0,0.0
1998-07-14,0.0,0.0,0.0,0.0,0.0,0.0
1998-07-15,0.0,0.0,0.0,0.0,0.0,0.0
1998-07-16,1.0729380846896674e-05,4.562718459055759e-06,3.614016122810426e-06,1.6834543203003705e-05,1.0560078408161644e-05,8.379694918403402e-06
1998-07-17,0.0001441105268895626,0.0001578225928824395,0.00016272783977910876,0.00014271082181949168,0.00015754652849864215,0.00016331294318661094
1998-07-18,0.0,2.44461404008689e-07,7.475927645828051e-07,0.0,1.6220697318658495e-07,4.969203928339994e-07
1998-07-19,0.0,0.0,0.0,0.0,0.0,0.0
1998-07-20,0.00010885259689530358,0.00010639177344273776,0.00010089532588608563,0.00011366540275048465,0.00011143005394842476,0.00010573938197921962
1998-07-21,6.46666157990694e-05,6.61904996377416e-05,6.681854574708268e-05,7.071947766235098e-05,7.179177191574126e-05,7.257080142153427e-05
1998-07-22,8.391330629820004e-05,8.492804045090452e-05,8.23245572973974e-05,8.453975897282362e-05,8.502653508912772e-05,8.30070348456502e-05
1998-07-23,6.856251275166869e-05,7.259726407937706e-05,7.367318903561682e-05,6.673418101854622e-05,7.17651637387462e-05,7.503818778786808e-05
1998-07-24,2.1819610992679372e-05,2.5837221983238123e-05,2.840142769855447e-05,2.6189576601609588e-05,3.107166776317172e-05,3.427016417845152e-05
1998-07-25,6.585803930647671e-05,6.49744615657255e-05,6.527134246425703e-05,4.647776222554967e-05,4.548957076622173e-05,4.6146815293468535e-05
1998-07-26,0.0,0.0,0.0,0.0,0.0,0.0
1998-07-27,4.852106576436199e-05,5.49785909242928e-05,5.9585880080703646e-05,3.3731463190633804e-05,3.8032470911275595e-05,4.104420804651454e-05
1998-07-28,0.0,0.0,0.0,0.0,0.0,0.0
1998-07-29,0.0,0.0,0.0,0.0,0.0,0.0
1998-07-30,0.0,0.0,0.0,0.0,0.0,0.0
1998-07-31,0.00010374067642260343,0.00011010569869540632,0.00011587191693251953,0.00010113884491147473,0.00010665176523616537,0.00011226125207031146
1998-08-01,0.0,0.0,0.0,0.0,0.0,0.0
1998-08-02,0.00013382099859882146,0.00013214326463639736,0.0001249710621777922,0.00013141635281499475,0.0001280648139072582,0.00011954124784097075
1998-08-03,0.00016194963245652616,0.00016012389096431434,0.0001512202579760924,0.00015225147944875062,0.0001484618551330641,0.0001390392571920529
1998-08-04,0.00012506962229963392,0.0001358853915007785,0.00014709934475831687,0.00011793010344263166,0.00012622338545043021,0.00013496892643161118
1998-08-05,0.0,0.0,0.0,0.0,0.0,0.0
1998-08-06,0.0,0.0,0.0,0.0,0.0,0.0
1998-08-07,0.0,4.263665232429048e-06,1.3145191587682348e-05,0.0,3.0995529414212797e-06,9.561918886902276e-06
1998-08-08,0.0,0.0,0.0,0.0,0.0,0.0
1998-08-09,0.00011129366612294689,0.00010469262633705512,8.37237894302234e-05,0.00010865616786759347,0.00010183417907683179,8.147541666403413e-05
1998-08-10,0.0,0.0,0.0,0.0,0.0,0.0
1998-08-11,0.0,0.0,0.0,0.0,0.0,0.0
1998-08-12,5.946789315203205e-05,6.0859874793095514e-05,5.283607242745347e-05,8.598645945312455e-05,8.530724880984053e-05,7.486646063625813e-05
1998-08-13,2.642116669449024e-06,5.286196028464474e-06,1.0946203474304639e-05,5.46934688827605e-06,1.2059465916536283e-05,2.490088445483707e-05
1998-08-14,0.0,0.0,0.0,0.0,0.0,0.0
1998-08-15,0.0,0.0,0.0,0.0,0.0,0.0
1998-08-16,0.0,0.0,0.0,0.0,0.0,0.0
1998-08-17,0.0,0.0,0.0,0.0,0.0,0.0
1998-08-18,0.0,0.0,0.0,0.0,0.0,0.0
1998-08-19,7.765729242237285e-05,7.909140549600124e-05,7.717843254795298e-05,8.825457916827872e-05,8.797551708994433e-05,8.40531793073751e-05
1998-08-20,0.00015957832511048764,0.0001633504289202392,0.00016549773863516748,0.00015843014989513904,0.00016207262524403632,0.00016545367543585598
1998-08-21,6.166010280139744e-05,5.751981370849535e-05,5.219424929236993e-05,4.10826105508022e-05,3.783237480092794e-05,3.431439836276695e-05
1998-08-22,0.0,0.0,0.0,0.0,0.0,0.0
1998-08-23,3.1603402021573856e-05,3.232426752219908e-05,3.360732807777822e-05,2.0929906895617023e-05,2.147616214642767e-05,2.276197301398497e-05
1998-08-24,7.06463333699503e-06,0.0,0.0,7.190308679128066e-06,0.0,0.0
1998-08-25,0.00020396921900101006,0.00020955012587364763,0.00020807770488318056,0.00021565964561887085,0.00022353703388944268,0.0002279837935930118
1998-08-26,7.720269422861747e-06,1.2170392437838018e-05,2.1307587303454056e-05,5.891361524845706e-06,8.869349585438613e-06,1.5845878806430846e-05
1998-08-27,0.0,0.0,0.0,0.0,0.0,0.0
1998-08-28,0.0,0.0,0.0,0.0,0.0,0.0
1998-08-29,6.403879524441436e-05,8.256961882580072e-05,0.00010547269630478695,6.398547702701762e-05,8.113737567327917e-05,0.00010109769209520891
1998-08-30,2.0757374841195997e-06,2.0463462533371057e-06,1.9269339190941537e-06,2.2089429876359645e-06,2.3356735709967325e-06,2.3482325559598394e-06
1998-08-31,2.7424999643699266e-05,2.8300051781116053e-05,2.9572673156508245e-05,2.0575986127369106e-05,2.151572516595479e-05,2.2779468054068275e-05
1998-09-01,0.0,8.544409979549528e-07,2.6364791665400844e-06,0.0,5.620264005301578e-07,1.7319334801868536e-06
1998-09-02,0.0,0.0,0.0,0.0,0.0,0.0
1998-09-03,0.0,0.0,0.0,0.0,0.0,0.0
1998-09-04,7.793574332026765e-05,8.159848221112043e-05,7.983536488609388e-05,6.851729267509654e-05,7.371303217951208e-05,7.736892439424992e-05
1998-09-05,0.0,0.0,0.0,0.0,0.0,0.0
1998-09-06,0.0,0.0,0.0,0.0,0.0,0.0
1998-09-07,0.0,0.0,0.0,0.0,0.0,0.0
1998-09-08,2.434668203932233e-05,2.945599044323899e-05,3.495083365123719e-05,2.5730059860507026e-05,2.9595763407996856e-05,3.427865158300847e-05
1998-09-09,6.420899444492534e-05,7.406165241263807e-05,8.489182073390111e-05,4.883664223598316e-05,5.627227437798865e-05,6.441886944230646e-05
1998-09-10,0.00031034895800985396,0.0003420959983486682,0.00037695153150707483,0.00030872697243466973,0.0003375937230885029,0.0003719366213772446
1998-09-11,1.1526271009643096e-05,8.85248573467834e-06,7.974254003784154e-06,2.19174016820034e-05,1.8797936718328856e-05,1.7053896954166703e-05
1998-09-12,7.909668966021854e-06,7.839348654670175e-06,7.4406580097274855e-06,1.829253596952185e-05,1.8003596778726205e-05,1.7050801034201868e-05
1998-09-13,0.0,0.0,0.0,0.0,0.0,0.0
1998-09-14,0.0,0.0,0.0,0.0,0.0,0.0
1998-09-15,0.0,0.0,0.0,0.0,0.0,0.0
1998-09-16,3.226217131668818e-06,2.6733528102340642e-06,2.209840431532939e-06,7.467036539310357e-06,6.144553481135517e-06,5.066547601018101e-06
1998-09-17,0.0001336090499535203,0.00013478207984007895,0.00013610147289000452,0.00011909128079423681,0.00011707682278938591,0.00011595981777645648
1998-09-18,0.0,0.0,0.0,0.0,0.0,0.0
1998-09-19,0.0,0.0,0.0,0.0,0.0,0.0
1998-09-20,0.0,0.0,0.0,0.0,0.0,0.0
1998-09-21,2.3256550321093528e-06,2.557898142185877e-06,2.3643835902475985e-06,5.030788997828495e-06,5.484289886226179e-06,5.0326325435889885e-06
1998-09-22,1.0426459084555972e-05,8.685628927196376e-06,7.811442628735676e-06,2.287963798153214e-05,1.998990774154663e-05,1.7924790881806985e-05
1998-09-23,1.8689130229176953e-05,1.5418745533679612e-05,1.547821011627093e-05,3.8298188883345574e-05,3.429420758038759e-05,3.3692544093355536e-05
1998-09-24,0.00020538386888802052,0.00021605803340207785,0.00022040403564460576,0.0001763368782121688,0.00018581650510895997,0.0001915754983201623
1998-09-25,3.287088929937454e-06,4.2996230149583425e-06,5.444565431389492e-06,2.187152858823538e-06,3.260043513364508e-06,4.868648829869926e-06
1998-09-26,0.0003244697581976652,0.0003237555210944265,0.00030613018316216767,0.0002760179922915995,0.00027602227055467665,0.0002585468755569309
1998-09-27,6.0967075114604086e-05,6.21277722530067e-05,6.392117938958108e-05,8.532814536010846e-05,8.714613795746118e-05,8.529428305337206e-05
1998-09-28,0.0,0.0,0.0,0.0,0.0,0.0
1998-09-29,1.0761807516246336e-06,1.2034679457428865e-06,1.1566808097995818e-06,2.4988410132209538e-06,2.7739322376874043e-06,2.6567761324258754e-06
1998-09-30,0.0,0.0,0.0,0.0,0.0,0.0
1998-10-01,2.8250398827367462e-05,2.3697639335296117e-05,1.950351543200668e-05,3.20783001370728e-05,2.605410736578051e-05,2.2170075681060553e-05
1998-10-02,8.417481876676902e-05,8.68114730110392e-05,8.61574153532274e-05,7.965244731167331e-05,8.280668407678604e-05,8.100760169327259e-05
1998-10-03,0.0,0.0,0.0,0.0,0.0,0.0
1998-10-04,0.0,0.0,0.0,0.0,0.0,0.0
1998-10-05,0.0,0.0,0.0,0.0,0.0,0.0
1998-10-06,0.0,0.0,0.0,0.0,0.0,0.0
1998-10-07,0.0,0.0,0.0,0.0,0.0,0.0
1998-10-08,0.0,0.0,0.0,0.0,0.0,0.0
1998-10-09,0.0,0.0,0.0,0.0,0.0,0.0
1998-10-10,0.0,0.0,0.0,0.0,0.0,0.0
1998-10-11,2.5282648493885063e-05,3.0282806619652547e-05,3.6051031202077866e-05,1.6895983208087273e-05,2.0107554519199766e-05,2.392531678196974e-05
1998-10-12,0.0005563357844948769,0.0005233928095549345,0.00047988691949285567,0.0005984349991194904,0.0005680897738784552,0.000512679573148489
1998-10-13,0.0003385122981853783,0.0003821369318757206,0.00041781351319514215,0.0003809613408520818,0.0004298147978261113,0.00047417927999049425
1998-10-14,5.178937499294989e-05,5.834687181049958e-05,6.26068067504093e-05,4.321893720771186e-05,4.759933290188201e-05,5.091436833026819e-05
1998-10-15,0.0,0.0,0.0,0.0,0.0,0.0
1998-10-16,0.0,0.0,0.0,0.0,0.0,0.0
1998-10-17,0.0,0.0,0.0,0.0,0.0,0.0
1998-10-18,0.0,0.0,0.0,0.0,0.0,0.0
1998-10-19,0.0,0.0,0.0,0.0,0.0,0.0
1998-10-20,0.0,0.0,0.0,0.0,0.0,0.0
1998-10-21,0.0,0.0,0.0,0.0,0.0,0.0
1998-10-22,0.0,0.0,0.0,0.0,0.0,0.0
1998-10-23,1.3509460586647037e-05,1.2112704098399263e-05,1.002685894491151e-05,2.6471998353372328e-05,2.265234616061207e-05,1.8592454580357298e-05
1998-10-24,0.0,0.0,0.0,0.0,0.0,0.0
1998-10-25,0.00029979945975355804,0.0003056489222217351,0.00029966270085424185,0.00029537113732658327,0.00030037129181437194,0.00029432756127789617
1998-10-26,3.0064404299423586e-09,1.2043976926889854e-09,3.695126649105873e-09,7.025369619384492e-09,2.779474650438374e-09,8.483599600594971e-09
1998-10-27,6.287113940572908e-09,0.0,0.0,1.4693443795010808e-08,0.0,0.0
1998-10-28,1.0402343832538463e-05,9.975075954571366e-06,9.158381544693839e-06,1.1599145182117354e-05,1.1220261512789875e-05,1.0469498192833271e-05
1998-10-29,0.0,0.0,0.0,0.0,0.0,0.0
1998-10-30,1.835934199334588e-05,1.352229173789965e-05,1.0836099136213306e-05,2.0201639927108772e-05,1.4522341189149301e-05,1.1661017197184265e-05
1998-10-31,0.0005503281718119979,0.0005580842262133956,0.000548575131688267,0.0005412931786850095,0.0005460218526422977,0.0005373047315515578
1998-11-01,0.0,0.0,0.0,0.0,0.0,0.0
1998-11-02,5.772088570665801e-06,3.9541205296700355e-06,3.7972122299834155e-06,1.0914735867117997e-05,9.113114174397197e-06,8.704506399226375e-06
1998-11-03,0.0,0.0,0.0,0.0,0.0,0.0
1998-11-04,3.099145715168561e-06,0.0,0.0,3.5461573588690953e-06,0.0,0.0
1998-11-05,0.0002459839452058077,0.00027339684311300516,0.0002968899207189679,0.0002454184286762029,0.00026818813057616353,0.0002889437600970268
1998-11-06,0.0,0.0,0.0,0.0,0.0,0.0
1998-11-07,0.0,0.0,0.0,0.0,0.0,0.0
1998-11-08,9.730723604661762e-07,1.0409326023363974e-06,8.938106361711107e-07,1.2781441682818695e-06,1.3731255421589594e-06,1.2337781072346843e-06
1998-11-09,7.210807240198847e-08,7.51333075754701e-08,6.001437924396669e-08,4.8373824057534875e-08,4.9585182182454446e-08,3.939019421750345e-08
1998-11-10,3.660737274913117e-05,3.441531953285448e-05,3.134194412268698e-05,4.6325192670337856e-05,4.251189238857478e-05,3.8322094042086974e-05
1998-11-11,6.408197805285454e-05,6.447087798733264e-05,6.750658940291032e-05,8.22639194666408e-05,8.176964911399409e-05,8.379741484532133e-05
1998-11-12,0.0,0.0,0.0,0.0,0.0,0.0
1998-11-13,0.0,0.0,0.0,0.0,0.0,0.0
1998-11-14,0.0,0.0,0.0,0.0,0.0,0.0
1998-11-15,0.0,0.0,0.0,0.0,0.0,0.0
1998-11-16,0.0,0.0,0.0,0.0,0.0,0.0
1998-11-17,0.0,0.0,0.0,0.0,0.0,0.0
1998-11-18,1.8664808521862142e-05,1.8106973584508523e-05,1.7848267816589214e-05,1.7413505702279508e-05,1.630363658478018e-05,1.5457933841389604e-05
1998-11-19,0.0,0.0,0.0,0.0,0.0,0.0
1998-11-20,0.0,0.0,0.0,0.0,0.0,0.0
1998-11-21,2.168105129385367e-05,2.2055952285882086e-05,2.182380558224395e-05,2.4863551516318694e-05,2.4938191927503794e-05,2.478727765264921e-05
1998-11-22,9.226652764482424e-06,8.820819857646711e-06,8.260944014182314e-06,1.127649284171639e-05,1.0670823940017726e-05,1.0079833373310976e-05
1998-11-23,0.0,0.0,0.0,0.0,0.0,0.0
1998-11-24,1.315291569881083e-06,1.916495193654555e-06,2.7712585506378673e-06,2.8399556413205573e-06,3.451330485404469e-06,3.96593168261461e-06
1998-11-25,3.68566723807362e-08,0.0,0.0,2.4693449063306616e-08,0.0,0.0
1998-11-26,0.0001021075586322695,0.00011508319585118443,0.00012416753452271223,8.333125879289582e-05,9.325691644335166e-05,0.00010249252227367833
1998-11-27,2.537364025556599e-06,3.268007276346907e-06,4.013085344922729e-06,1.8294954315933865e-06,2.3049551600706764e-06,2.805412805173546e-06
1998-11-28,0.0,0.0,0.0,0.0,0.0,0.0
1998-11-29,0.00017576357640791684,0.00018771071336232126,0.0002015820355154574,0.00016487781249452382,0.000171840307302773,0.00018403783906251192
1998-11-30,0.0,0.0,0.0,0.0,0.0,0.0
1998-12-01,0.00011099749826826155,0.00012220250209793448,0.00013211237092036754,0.00011755735613405704,0.00012613690341822803,0.00013380481686908752
1998-12-02,1.4880709386488888e-05,1.4856229427095968e-05,1.4836190530331805e-05,2.0637166016967967e-05,2.065508124360349e-05,2.0897427020827308e-05
1998-12-03,1.5328997733377037e-06,6.343735208247381e-07,5.30658553543617e-07,1.9054339190915925e-06,6.833610655121447e-07,5.922654509049607e-07
1998-12-04,0.0,0.0,0.0,0.0,0.0,0.0
1998-12-05,0.0,0.0,0.0,0.0,0.0,0.0
1998-12-06,0.00021272296726237983,0.0002395949704805389,0.0002640020684339106,0.00020860330550931394,0.00022906916274223477,0.0002501692797522992
1998-12-07,2.0965775604508963e-07,1.933504563567112e-06,5.6791668612277135e-06,4.88981186208548e-07,1.6236855344686774e-06,4.262761649442837e-06
1998-12-08,0.0,0.0,0.0,0.0,0.0,0.0
1998-12-09,1.1893253031303175e-05,1.049390084517654e-05,9.204030902765226e-06,7.955671208037529e-06,6.875675353512634e-06,5.998171218379866e-06
1998-12-10,0.00011181412992300466,0.00012021807924611494,0.00012692769814748317,0.00011006963904947042,0.00011674076813505962,0.00012211233843117952
1998-12-11,3.1202960144582903e-06,6.392317573045148e-06,1.2778105883626267e-05,2.8040740289725363e-06,4.952861672791187e-06,8.995303687697742e-06
1998-12-12,5.126495580043411e-06,4.7214471123879775e-06,4.6595728235843126e-06,7.130159247026313e-06,6.709717126796022e-06,6.5198873926419765e-06
1998-12-13,0.0,0.0,0.0,0.0,0.0,0.0
1998-12-14,0.0,0.0,0.0,0.0,0.0,0.0
1998-12-15,0.0,0.0,0.0,0.0,0.0,0.0
1998-12-16,0.0,0.0,0.0,0.0,0.0,0.0
1998-12-17,0.0,0.0,0.0,0.0,0.0,0.0
1998-12-18,2.5958893274946604e-06,9.0327432644699e-07,7.303517008949711e-07,3.784597538469825e-06,2.0613081233022967e-06,1.6577080259594368e-06
1998-12-19,8.899693057173863e-06,7.554714557045372e-06,6.280539309955202e-06,1.1055852155550383e-05,9.407292964169756e-06,7.954564352985471e-06
1998-12-20,1.104965349441045e-06,1.0856748531296034e-06,1.1426240007494926e-06,2.5747922336449847e-06,2.477325324434787e-06,2.5931783511623507e-06
1998-12-21,2.6727071599452756e-05,3.037238639080897e-05,3.157913306495175e-05,1.7869560906547122e-05,1.993174919334706e-05,2.0717387087643147e-05
1998-12-22,0.00014976390230003744,0.00014987305621616542,0.00014543584256898612,0.00015598775644320995,0.0001559098600409925,0.00015381528646685183
1998-12-23,9.307552682003006e-05,9.914706606650725e-05,0.0001047680780175142,0.00010228293103864416,0.00010749542707344517,0.0001136064893216826
1998-12-24,2.0458541257539764e-05,2.1193953216425143e-05,1.9822404283331707e-05,1.9645394786493853e-05,1.9614022676250897e-05,1.8430220734444447e-05
1998-12-25,1.196465433395133e-07,0.0,0.0,2.787893720324064e-07,0.0,0.0
1998-12-26,3.26359695463907e-05,3.4272565244464204e-05,3.617849506554194e-05,2.644613414304331e-05,2.6947716833092272e-05,2.836212661350146e-05
1998-12-27,2.482758418409503e-06,2.3992706701392308e-06,2.202254336225451e-06,5.785312623629579e-06,5.474393219628837e-06,4.997275482310215e-06
1998-12-28,7.021095171921843e-08,4.83584692290151e-08,3.917278945664293e-08,1.63610252457147e-07,1.1034149594024711e-07,8.889008284995725e-08
1998-12-29,6.474425049418642e-07,7.618075983373274e-07,8.697668363311095e-07,1.5087713336470188e-06,1.7382977830493473e-06,1.973683311007335e-06
1998-12-30,0.0,0.0,0.0,0.0,0.0,0.0
1998-12-31,3.0314247851492837e-05,3.301311517134309e-05,3.517324512358755e-05,3.217019548173994e-05,3.39281941705849e-05,3.5832450521411374e-05
1999-01-01,1.6964868336799555e-06,2.0155764559603995e-06,2.4709609078854555e-06,2.8954716526641278e-06,2.996721150338999e-06,3.1586612294631777e-06
1999-01-02,0.0,0.0,0.0,0.0,0.0,0.0
1999-01-03,7.37070877221413e-05,8.06329699116759e-05,8.60129512147978e-05,6.0969690821366385e-05,6.50737711112015e-05,6.878177373437211e-05
1999-01-04,0.00014317639579530805,0.000144599296618253,0.00015134297427721322,0.00015462283045053482,0.00015224686649162322,0.0001569191226735711
1999-01-05,0.0,2.9041706284260727e-07,9.083896088668553e-07,0.0,1.9018574448637082e-07,5.915148904023226e-07
1999-01-06,3.580223392418702e-06,4.661684670281829e-06,6.884536560392007e-06,4.473208264244022e-06,5.231368049862795e-06,6.722335001541069e-06
1999-01-07,3.3141910193990043e-07,3.048083385692735e-07,2.8022716946907167e-07,7.72921850966668e-07,6.959407983231358e-07,6.361790951814328e-07
1999-01-08,0.0,0.0,0.0,0.0,0.0,0.0
1999-01-09,4.1950705053750426e-05,4.571764657157473e-05,4.8755020543467253e-05,3.06476213154383e-05,3.2966348953777924e-05,3.496014323900454e-05
1999-01-10,0.000271838711341843,0.0002952870272565633,0.0003078305453527719,0.0002888109884224832,0.00031107611721381545,0.00032530262251384556
1999-01-11,1.1182975434564923e-08,1.247236003365515e-08,1.1431800395200753e-08,2.609272797826634e-08,2.8487328052051453e-08,2.5960753546883097e-08
1999-01-12,3.4276239603059366e-05,3.5512832255335525e-05,3.5547545849112794e-05,3.191307405359112e-05,3.220477083232254e-05,3.203555752406828e-05
1999-01-13,6.462609576374234e-07,5.313175392984704e-07,4.556943906663946e-07,1.508277136963443e-06,1.2137844578319346e-06,1.0350261163694086e-06
1999-01-14,3.5484648552852605e-09,0.0,0.0,8.282675878490409e-09,0.0,0.0
1999-01-15,0.0,0.0,0.0,0.0,0.0,0.0
1999-01-16,0.0,0.0,0.0,0.0,0.0,0.0
1999-01-17,1.0989455404342152e-05,1.162314038083423e-05,1.1997312867606524e-05,7.497539627365768e-06,7.64204469305696e-06,7.888036634540185e-06
1999-01-18,7.997310603968799e-05,8.223957411246374e-05,8.050006726989523e-05,8.711204282008111e-05,8.840150985633954e-05,8.68585120770149e-05
1999-01-19,0.0,0.0,0.0,0.0,0.0,0.0
1999-01-20,4.4731634261552244e-05,5.706497540813871e-05,7.220255793072283e-05,3.4626405977178365e-05,4.270629506208934e-05,5.32011290488299e-05
1999-01-21,0.0,0.0,0.0,0.0,0.0,0.0
1999-01-22,0.0,0.0,0.0,0.0,0.0,0.0
1999-01-23,0.0,1.3284231670240843e-07,4.1560446106814197e-07,0.0,8.714069821280646e-08,2.7105150479656004e-07
1999-01-24,0.0,0.0,0.0,0.0,0.0,0.0
1999-01-25,2.9051454930595355e-07,3.6617495879909256e-07,4.419874812811031e-07,2.0544936774058442e-07,3.27566198166096e-07,5.599085852736607e-07
1999-01-26,8.163164602592587e-05,8.672397234477103e-05,8.997521945275366e-05,7.254862430272624e-05,7.493542943848297e-05,7.706914766458794e-05
1999-01-27,0.0002725413360167295,0.00029980699764564633,0.00031832282547838986,0.00026931081083603203,0.0002909820759668946,0.0003091950202360749
1999-01-28,9.564420224705827e-07,6.746195140294731e-07,5.819595685352397e-07,1.9775488908635452e-06,1.5432225382028264e-06,1.3236791573945084e-06
1999-01-29,4.5292748836800456e-05,4.6623972593806684e-05,4.6195364120649174e-05,3.4330707421759143e-05,3.406430550967343e-05,3.340479815960862e-05
1999-01-30,3.213253148715012e-05,3.483452746877447e-05,3.7125366361578926e-05,2.9315839128685184e-05,3.024947909580078e-05,3.1193620088743046e-05
1999-01-31,0.0,0.0,0.0,0.0,0.0,0.0
1999-02-01,0.0,0.0,0.0,0.0,0.0,0.0
1999-02-02,1.554096087375001e-07,1.0101643255211457e-07,8.185306654695523e-08,3.6345628018352727e-07,2.3114013458780391e-07,1.8624984932102961e-07
1999-02-03,0.0,0.0,0.0,0.0,0.0,0.0
1999-02-04,0.0,0.0,0.0,0.0,0.0,0.0
1999-02-05,0.0,0.0,0.0,0.0,0.0,0.0
1999-02-06,4.2443184611329343e-07,4.4484326622296066e-07,3.7197145275058574e-07,9.926646953317686e-07,1.0179757055084337e-06,8.466004715046438e-07
1999-02-07,0.0,0.0,0.0,0.0,0.0,0.0
1999-02-08,0.0,0.0,0.0,0.0,0.0,0.0
1999-02-09,4.261090361978859e-05,4.60777482658159e-05,4.9744281568564475e-05,4.192831693217158e-05,4.426785380928777e-05,4.79338486911729e-05
1999-02-10,6.230758117453661e-06,5.408694050856866e-06,5.029851763538318e-06,9.451772712054662e-06,8.942015483626164e-06,8.405239896092098e-06
1999-02-11,0.0,0.0,0.0,0.0,0.0,0.0
1999-02-12,3.441517037572339e-05,3.2608277251711115e-05,2.9603703296743333e-05,2.5904584617819637e-05,2.362085615459364e-05,2.1115878553246148e-05
1999-02-13,3.091789403697476e-05,3.6262146750232205e-05,4.173398338025436e-05,2.5690516849863343e-05,2.936169403255917e-05,3.295446731499396e-05
1999-02-14,1.6381296745748841e-06,1.1401505162211834e-06,9.222719654644607e-07,1.098584789360757e-06,7.484318302886095e-07,6.023281571287953e-07
1999-02-15,8.822817108011805e-06,1.0302954251528718e-05,1.1261439794907346e-05,7.0871642492420506e-06,7.91833645052975e-06,8.41875771584455e-06
1999-02-16,0.00010243048018310219,0.00011802346125477925,0.00013004764332436025,8.316518506035209e-05,9.332801710115746e-05,0.00010198251402471215
1999-02-17,0.00013799933367408812,0.00016660391702316701,0.00019557186169549823,0.00013083513476885855,0.00015436048852279782,0.00018093478865921497
1999-02-18,5.332850196282379e-05,6.0718284657923505e-05,6.589817348867655e-05,5.8093894040212035e-05,6.501550524262711e-05,6.984526407904923e-05
1999-02-19,5.233660340309143e-05,4.9799335101852193e-05,4.9035847041523084e-05,4.883932342636399e-05,4.479535709833726e-05,4.319504660088569e-05
1999-02-20,1.3528151612263173e-05,1.6639633031445555e-05,2.073531322821509e-05,1.8899432689067908e-05,2.140258038707543e-05,2.4719638531678356e-05
1999-02-21,3.380492671567481e-06,2.894022145483177e-06,2.593365707070916e-06,6.141567155282246e-06,6.036239483364625e-06,5.4343981901183724e-06
1999-02-22,0.0,0.0,0.0,0.0,0.0,0.0
1999-02-23,3.1656629289500415e-05,3.0221581255318597e-05,2.7018635591957718e-05,3.8930669688852504e-05,3.657151683000848e-05,3.278891017544083e-05
1999-02-24,0.0,2.881159488765661e-08,8.977276877430995e-08,0.0,3.3259304643706855e-08,1.0314688836388086e-07
1999-02-25,0.0,0.0,0.0,0.0,0.0,0.0
1999-02-26,1.668658478592988e-05,1.5723602700745687e-05,1.4074807040742598e-05,1.6635394786135294e-05,1.5138168237172067e-05,1.3362136996875051e-05
1999-02-27,0.0,0.0,0.0,0.0,0.0,0.0
1999-02-28,0.0,0.0,0.0,0.0,0.0,0.0
1999-03-01,0.0,0.0,0.0,0.0,0.0,0.0
1999-03-02,2.4167661649698857e-07,1.4128754344255867e-07,1.1405796840335825e-07,5.635934599013126e-07,3.2305686659128696e-07,2.5962890504160896e-07
1999-03-03,0.0,0.0,0.0,0.0,0.0,0.0
1999-03-04,4.100226078662672e-07,0.0,0.0,9.558169722367893e-07,0.0,0.0
1999-03-05,9.0675319370348e-05,9.641393990023062e-05,9.884702012641355e-05,8.445379353361204e-05,8.7683969468344e-05,8.865361451171339e-05
1999-03-06,0.0,0.0,0.0,0.0,0.0,0.0
1999-03-07,9.796721087695914e-07,7.051841635075107e-07,5.690019975190808e-07,2.2824483494332526e-06,1.6119804513436975e-06,1.2950218888363452e-06
1999-03-08,0.0,0.0,0.0,0.0,0.0,0.0
1999-03-09,0.0,0.0,0.0,0.0,0.0,0.0
1999-03-10,0.0,0.0,0.0,0.0,0.0,0.0
1999-03-11,0.0,0.0,0.0,0.0,0.0,0.0
1999-03-12,0.0,0.0,0.0,0.0,0.0,0.0
1999-03-13,0.00018593165441416204,0.00019977297051809728,0.00021131377434358,0.00019460557086858898,0.0002037118683801964,0.0002119359705829993
1999-03-14,5.089925616630353e-05,5.326823884388432e-05,5.3309275244828314e-05,5.1246763177914545e-05,5.2669449360109866e-05,5.3028259571874514e-05
1999-03-15,0.0,1.6564302995902835e-07,5.151505888534302e-07,0.0,1.0858539667424338e-07,3.36271256173859e-07
1999-03-16,0.0,0.0,0.0,0.0,0.0,0.0
1999-03-17,1.2017638937322772e-06,2.605209488137916e-07,2.1001710592827294e-07,8.017848358576884e-07,1.7077348957172944e-07,1.3708724111438642e-07
1999-03-18,8.919204447010998e-06,7.4957470133085735e-06,6.32100818620529e-06,6.481092896137852e-06,5.117908585816622e-06,4.420610821398441e-06
1999-03-19,0.00020164305169600993,0.0002060051483567804,0.00020154354569967836,0.00020149757619947195,0.0002069108741125092,0.00020664189651142806
1999-03-20,5.147270712768659e-06,3.5976354411104694e-06,3.146305061818566e-06,8.019605047593359e-06,6.726747869834071e-06,5.960274847893743e-06
1999-03-21,3.637553618318634e-06,4.1233488445868716e-06,4.008039468317293e-06,8.454973794869147e-06,9.421692084288225e-06,9.119788956013508e-06
1999-03-22,1.5184668882284313e-05,1.470338520448422e-05,1.2324258932494558e-05,1.654168045206461e-05,1.5772377082612365e-05,1.3337552445591427e-05
1999-03-23,0.0,0.0,0.0,0.0,0.0,0.0
1999-03-24,0.0,0.0,0.0,0.0,0.0,0.0
1999-03-25,3.236661359551363e-05,3.72483664250467e-05,4.2440482502570376e-05,2.7920930733671412e-05,3.131779521936551e-05,3.539478711900301e-05
1999-03-26,8.050821634242311e-05,7.05870843376033e-05,6.015145845594816e-05,8.477216033497825e-05,7.433551945723593e-05,6.346059672068805e-05
1999-03-27,0.00011714967695297673,0.00012713247269857675,0.00013222749112173915,0.00012057326239300892,0.0001294029934797436,0.00013423468044493347
1999-03-28,1.1242483196838293e-05,1.0676158126443624e-05,9.507604772807099e-06,1.2824480108974967e-05,1.2016954315186013e-05,1.0931164979410823e-05
1999-03-29,7.818186531949323e-06,7.4056115408893675e-06,6.431508154491894e-06,1.1367106708348729e-05,1.1029434972442687e-05,9.866917025647126e-06
1999-03-30,0.0,0.0,0.0,0.0,0.0,0.0
1999-03-31,9.024743485497311e-05,9.369249892188236e-05,9.626667451811954e-05,8.291420090245083e-05,8.352642180398107e-05,8.482674456899986e-05
1999-04-01,2.416270217509009e-05,2.458447306707967e-05,2.470674371579662e-05,3.258162905694917e-05,3.3272470318479463e-05,3.382235809112899e-05
1999-04-02,0.0,0.0,0.0,0.0,0.0,0.0
1999-04-03,0.0,0.0,0.0,0.0,0.0,0.0
1999-04-04,2.038143747995491e-06,9.811237760004587e-07,8.377026574635238e-07,1.3572398529504426e-06,6.434683541556296e-07,5.471304689308454e-07
1999-04-05,0.0001661144196987152,0.0001795831194613129,0.00018144777277484536,0.00013113005843479186,0.0001426824164809659,0.00014678716252092272
1999-04-06,1.8717417333391495e-05,2.273171594424639e-05,2.5450732209719718e-05,1.4736706361873075e-05,1.833056376199238e-05,2.1800609829369932e-05
1999-04-07,5.544167379412102e-06,7.321747489186237e-06,9.491634045843966e-06,8.134958989103325e-06,1.0236603884550277e-05,1.272731606150046e-05
1999-04-08,0.0,7.806810486954419e-08,2.418602491616184e-07,0.0,1.7855509781838919e-07,5.509091351996176e-07
1999-04-09,4.706681284005754e-05,4.978714059689082e-05,5.2972605772083625e-05,4.788003207067959e-05,4.975002593710087e-05,5.199175939196721e-05
1999-04-10,1.5412273569381796e-05,1.908114973048214e-05,2.308720286237076e-05,1.6842888726387173e-05,2.0773029973497614e-05,2.5273897335864604e-05
1999-04-11,0.0,0.0,0.0,0.0,0.0,0.0
1999-04-12,0.00010778012801893055,0.0001014654480968602,9.232330921804532e-05,0.00010145419946638867,9.4071619969327e-05,8.509912731824443e-05
1999-04-13,6.236355693545192e-05,6.394778756657615e-05,6.36148834018968e-05,6.961345934541896e-05,7.133910548873246e-05,7.172239565989003e-05
1999-04-14,0.0,0.0,0.0,0.0,0.0,0.0
1999-04-15,0.0,0.0,0.0,0.0,0.0,0.0
1999-04-16,0.0,0.0,0.0,0.0,0.0,0.0
1999-04-17,2.9866474505979568e-05,4.1197519749403e-05,6.08395021117758e-05,2.1351961549953558e-05,3.047518475796096e-05,4.687040200224146e-05
1999-04-18,8.166062798409257e-06,1.5637302567483857e-05,2.882909757317975e-05,5.510696610144805e-06,1.1719540452759247e-05,2.314197990926914e-05
1999-04-19,0.0,0.0,0.0,0.0,0.0,0.0
1999-04-20,0.0,0.0,0.0,0.0,0.0,0.0
1999-04-21,0.0,0.0,0.0,0.0,0.0,0.0
1999-04-22,0.0,0.0,0.0,0.0,0.0,0.0
1999-04-23,0.0,0.0,0.0,0.0,0.0,0.0
1999-04-24,0.0,0.0,0.0,0.0,0.0,0.0
1999-04-25,2.768516969808843e-05,2.5592478777980432e-05,2.508352008590009e-05,2.4299299184349366e-05,2.128808955603745e-05,2.076811324513983e-05
1999-04-26,6.465682236012071e-05,6.242097879294306e-05,5.709651668439619e-05,6.274181941989809e-05,6.00496496190317e-05,5.7158908020937815e-05
1999-04-27,3.0619856261182576e-05,3.1448529625777155e-05,3.5566044971346855e-05,2.233288250863552e-05,2.3125739971874282e-05,2.7701958970283158e-05
1999-04-28,2.654934723977931e-05,2.5244889911846258e-05,2.4158038286259398e-05,2.7316751584294252e-05,2.6165300369029865e-05,2.4930810468504205e-05
1999-04-29,0.0,6.678973818452505e-08,2.0523623334156582e-07,0.0,1.533910989337528e-07,4.698249256307463e-07
1999-04-30,6.430039502447471e-05,6.365744047798216e-05,6.146130908746272e-05,7.166666182456538e-05,7.044461381155998e-05,6.883453170303255e-05
1999-05-01,5.9420686739031225e-05,5.7100016420008615e-05,5.726962262997404e-05,5.146887997398153e-05,5.009626693208702e-05,5.010464883525856e-05
1999-05-02,3.211162265870371e-06,2.129026732688999e-08,6.532474117193487e-08,2.1402740912890295e-06,1.4038217699408051e-08,4.2943813838292044e-08
1999-05-03,0.0,0.0,0.0,0.0,0.0,0.0
1999-05-04,0.0,0.0,0.0,0.0,0.0,0.0
1999-05-05,0.0,0.0,0.0,0.0,0.0,0.0
1999-05-06,0.0,0.0,0.0,0.0,0.0,0.0
1999-05-07,0.0,0.0,0.0,0.0,0.0,0.0
1999-05-08,0.0,0.0,0.0,0.0,0.0,0.0
1999-05-09,4.683381848735735e-05,4.264771268935874e-05,3.419343556743115e-05,4.8765588871901855e-05,4.4417993194656447e-05,3.557926174835302e-05
1999-05-10,4.329365765443072e-05,4.2913736251648515e-05,3.962953996961005e-05,4.1044477256946266e-05,3.9799317164579406e-05,3.599168121581897e-05
1999-05-11,0.0,1.199856853872916e-07,3.6646997614298016e-07,0.0,2.765293061202101e-07,8.42766098685388e-07
1999-05-12,0.0,0.0,0.0,0.0,0.0,0.0
1999-05-13,4.618421371560544e-05,4.894936864729971e-05,5.222556501394138e-05,4.9644972023088485e-05,5.32586891495157e-05,5.801937368232757e-05
1999-05-14,4.083631938556209e-05,3.607631879276596e-05,2.880418105632998e-05,2.8764812668669038e-05,2.532680991862435e-05,2.0172836229903623e-05
1999-05-15,0.0001193709613289684,0.0001198868194478564,0.00011430006270529702,0.00011421423550928012,0.00011514463403727859,0.00011245966743445024
1999-05-16,0.00010335436672903597,0.00010562824172666296,0.00010283149458700791,0.0001080860965885222,0.00011023177648894489,0.00010758443386293948
1999-05-17,0.0,1.641696144361049e-06,4.999700195185142e-06,0.0,1.0873765177166206e-06,3.3065075513150077e-06
1999-05-18,5.0646682211663574e-05,5.4278709285426885e-05,5.60320149816107e-05,3.590050619095564e-05,3.96073010051623e-05,4.333546894486062e-05
1999-05-19,0.0,0.0,0.0,0.0,0.0,0.0
1999-05-20,0.0,0.0,0.0,0.0,0.0,0.0
1999-05-21,0.00025733449729159474,0.00028175502666272223,0.00030411931220442057,0.0003091897815465927,0.00033311915467493236,0.0003576397430151701
1999-05-22,0.00010701488645281643,0.00011406341218389571,0.00012075011909473687,0.00010295634274370968,0.00011146246833959594,0.00011995185195701197
1999-05-23,0.0001141825268859975,0.00010722531442297623,9.035793482325971e-05,0.00011492773046484217,0.00010851425759028643,9.356588998343796e-05
1999-05-24,2.7635946025839075e-05,3.246465712436475e-05,3.509499947540462e-05,2.5649487724876963e-05,3.05971443594899e-05,3.424793612794019e-05
1999-05-25,0.0,0.0,0.0,0.0,0.0,0.0
1999-05-26,7.042130891932175e-05,6.778050737921149e-05,6.11391878919676e-05,4.7982011892599985e-05,4.558660657494329e-05,4.112247916054912e-05
1999-05-27,0.0,0.0,0.0,0.0,0.0,0.0
1999-05-28,0.0,0.0,0.0,0.0,0.0,0.0
1999-05-29,0.0,0.0,0.0,0.0,0.0,0.0
1999-05-30,1.4531334500134108e-06,1.595589878888859e-06,2.0421800854819594e-06,3.3828891901066527e-06,3.5239343105786247e-06,4.206474841339514e-06
1999-05-31,0.00015449889178853482,0.00015893785166554153,0.0001610772596905008,0.0001549734442960471,0.0001596600195625797,0.00016355817206203938
1999-06-01,0.0,1.4042282145965146e-06,4.253511633578455e-06,0.0,9.338542099612823e-07,2.829111281243968e-06
1999-06-02,0.0,0.0,0.0,0.0,0.0,0.0
1999-06-03,0.0,0.0,0.0,0.0,0.0,0.0
1999-06-04,0.0,0.0,0.0,0.0,0.0,0.0
1999-06-05,0.0,0.0,0.0,0.0,0.0,0.0
1999-06-06,0.0,0.0,0.0,0.0,0.0,0.0
1999-06-07,0.00022835933486931026,0.00022565689869225025,0.00020875106565654278,0.00022742809960618615,0.00022534200979862362,0.00021063158055767417
1999-06-08,0.00010591077443677932,0.0001237107062479481,0.00013184368435759097,8.434769551968202e-05,0.00010010108235292137,0.00011033616465283558
1999-06-09,0.0,0.0,0.0,0.0,0.0,0.0
1999-06-10,4.910292773274705e-05,4.281731526134536e-05,3.491892130114138e-05,5.842113387188874e-05,5.2835821406915784e-05,4.4589654862647876e-05
1999-06-11,1.5468323908862658e-05,1.7333462892565876e-05,1.961629641300533e-05,2.9353355785133317e-05,3.224966712878086e-05,3.4412976674502715e-05
1999-06-12,2.36387805330196e-07,0.0,0.0,5.503451347976807e-07,0.0,0.0
1999-06-13,0.0,0.0,0.0,0.0,0.0,0.0
1999-06-14,0.00010673332144506276,0.00011128409096272662,0.00011204642214579508,0.00010450703121023253,0.00010902549547608942,0.00011051478213630617
1999-06-15,5.148212949279696e-05,5.154915925231762e-05,4.286600596969947e-05,4.941120641888119e-05,5.012525798520073e-05,4.325128975324333e-05
1999-06-16,1.3303405467013363e-05,1.4208650100044906e-05,1.2405746929289307e-05,8.883725058694836e-06,9.929740372172091e-06,9.672586202214006e-06
1999-06-17,0.0,0.0,0.0,0.0,0.0,0.0
1999-06-18,0.00024142279289662838,0.00023905876150820404,0.0002268936950713396,0.00016120137297548354,0.00015935148985590786,0.0001514780306024477
1999-06-19,0.0,0.0,0.0,0.0,0.0,0.0
1999-06-20,0.0,2.0887284790660487e-07,6.321686782939651e-07,0.0,4.853724249187508e-07,1.4714622693645651e-06
1999-06-21,0.0,0.0,0.0,0.0,0.0,0.0
1999-06-22,0.0,0.0,0.0,0.0,0.0,0.0
1999-06-23,0.0,0.0,0.0,0.0,0.0,0.0
1999-06-24,0.0,0.0,0.0,0.0,0.0,0.0
1999-06-25,0.0,0.0,0.0,0.0,0.0,0.0
1999-06-26,6.358188693411648e-05,7.369402737822384e-05,9.190712444251403e-05,9.060028969543055e-05,0.00010211238986812532,0.00011952521890634671
1999-06-27,0.0,0.0,0.0,0.0,0.0,0.0
1999-06-28,0.0,0.0,0.0,0.0,0.0,0.0
1999-06-29,4.768045982928015e-05,5.577596675720997e-05,6.462033343268558e-05,3.180900603183545e-05,3.716518040164374e-05,4.314386023906991e-05
1999-06-30,0.0,4.5741840040136594e-06,1.3878662684874143e-05,0.0,3.1975569072528742e-06,9.721215974423103e-06
1999-07-01,0.00016037689056247473,0.00016425598005298525,0.0001672409853199497,0.00015968139632605016,0.0001636903762118891,0.00016676310042385012
1999-07-02,6.579385080840439e-05,6.031421435181983e-05,5.0205300794914365e-05,5.014649286749773e-05,4.6555906010326e-05,4.205406366963871e-05
1999-07-03,4.302343313611345e-06,3.0584326395910466e-06,2.5740846467670053e-06,8.04082264949102e-06,7.100246421032352e-06,5.987965323583921e-06
1999-07-04,0.0,0.0,0.0,0.0,0.0,0.0
1999-07-05,0.0,0.0,0.0,0.0,0.0,0.0
1999-07-06,2.2711280962539604e-06,2.1134960661584046e-06,1.666337880124047e-06,5.2771410992136225e-06,4.903900844510645e-06,3.874231424561003e-06
1999-07-07,8.541230272385292e-06,6.151150046207476e-06,5.341984888218576e-06,1.7049593225237913e-05,1.4269469829741865e-05,1.2417482139426284e-05
1999-07-08,5.8278754295315593e-05,6.653337186435238e-05,7.564297266071662e-05,3.8902824599063024e-05,4.632093623513356e-05,5.669405072694644e-05
1999-07-09,0.0,0.0,0.0,0.0,0.0,0.0
1999-07-10,0.0,0.0,0.0,0.0,0.0,0.0
1999-07-11,4.9890924856299534e-05,4.668136898544617e-05,3.84757477149833e-05,4.620643085218035e-05,4.3552219722187147e-05,3.751754411496222e-05
1999-07-12,0.0001238900877069682,0.00012829530169256032,0.00013139545626472682,0.0001234666706295684,0.0001279220450669527,0.00013176181528251618
1999-07-13,0.0,1.0281747009344144e-08,3.136682380500133e-08,0.0,2.381682584484679e-08,7.279837177520676e-08
1999-07-14,3.3362670365022495e-05,3.507417204673402e-05,3.0338787837536074e-05,3.232723975088447e-05,3.420791108510457e-05,2.9935174097772688e-05
1999-07-15,2.969433580801706e-06,9.454864084545989e-06,2.1933788957539946e-05,5.2153473006910644e-06,1.161595355370082e-05,2.3356391466222703e-05
1999-07-16,9.991095430450514e-05,0.00011475029168650508,0.0001238397235283628,9.9444885563571e-05,0.00011482770787551999,0.0001274256792385131
1999-07-17,0.0,6.851427656329179e-07,2.094230467264424e-06,0.0,1.5186025166258332e-06,4.650146365747787e-06
1999-07-18,0.0,0.0,0.0,0.0,0.0,0.0
1999-07-19,3.577889629013953e-07,0.0,0.0,2.3799283610514976e-07,0.0,0.0
1999-07-20,0.0,0.0,0.0,0.0,0.0,0.0
1999-07-21,3.3130156680272194e-06,1.5279285889846506e-06,1.2131704352214001e-06,5.920225248701172e-06,3.5307368762005353e-06,2.8079600724595366e-06
1999-07-22,3.472614480415359e-05,3.481030944385566e-05,3.274786286056042e-05,3.681081216200255e-05,3.812308204942383e-05,3.813216608250514e-05
1999-07-23,2.2539936253451742e-05,2.8301361453486606e-05,3.456679041846655e-05,1.7666350686340593e-05,2.3659707949263975e-05,3.202622610842809e-05
1999-07-24,0.0,7.147792189243773e-07,2.1921441657468677e-06,0.0,1.332196120529261e-06,4.091740265721455e-06
1999-07-25,9.699257498141378e-05,0.00010034118895418942,0.00010378070874139667,0.00011350157728884369,0.00011619715951383114,0.0001190139664686285
1999-07-26,8.164339305949397e-06,1.4578105037799105e-05,2.55098711932078e-05,1.8067341443384066e-05,2.6169975171796978e-05,3.7971614801790565e-05
1999-07-27,5.885255814064294e-05,5.969145422568545e-05,6.351318734232336e-05,6.63942628307268e-05,6.857097469037399e-05,7.145020208554342e-05
1999-07-28,0.0,0.0,0.0,0.0,0.0,0.0
1999-07-29,0.0,0.0,0.0,0.0,0.0,0.0
1999-07-30,0.0,0.0,0.0,0.0,0.0,0.0
1999-07-31,0.0,0.0,0.0,0.0,0.0,0.0
1999-08-01,0.0,0.0,0.0,0.0,0.0,0.0
1999-08-02,4.054013334098272e-05,4.9216825573239475e-05,5.817596320412122e-05,3.117582309641875e-05,3.6391589674167335e-05,4.473571971175261e-05
1999-08-03,0.0,0.0,0.0,0.0,0.0,0.0
1999-08-04,0.0,0.0,0.0,0.0,0.0,0.0
1999-08-05,0.0,0.0,0.0,0.0,0.0,0.0
1999-08-06,0.0001492927985964343,0.00015931087546050549,0.0001656615495448932,0.00014916351938154548,0.00015827824245207012,0.00016340150614269078
1999-08-07,5.249475361779332e-05,6.763699639122933e-05,8.390207221964374e-05,3.651486986200325e-05,4.9168265832122415e-05,6.542639312101528e-05
1999-08-08,5.59068439542898e-07,3.4573404263937846e-06,1.0661970009095967e-05,1.2920842209496186e-06,2.769172624539351e-06,8.54430254548788e-06
1999-08-09,0.0,0.0,0.0,0.0,0.0,0.0
1999-08-10,0.0,0.0,0.0,0.0,0.0,0.0
1999-08-11,0.0,0.0,0.0,0.0,0.0,0.0
1999-08-12,8.130928108585067e-06,7.86406690167496e-06,7.823057785572018e-06,5.388222234614659e-06,5.179034360480728e-06,5.1532724683056585e-06
1999-08-13,4.6011406084289774e-05,5.156090992386453e-05,4.9677546485327184e-05,3.155287777190097e-05,3.6031931813340634e-05,3.66253916581627e-05
1999-08-14,2.4245207896456122e-05,2.613497053971514e-05,2.357047014811542e-05,1.6063833754742518e-05,1.774226620909758e-05,1.7176907931570895e-05
1999-08-15,0.00011653563706204295,0.000122907615150325,0.00012467279157135636,0.00011395977344363928,0.0001196395605802536,0.00012248402344994247
1999-08-16,0.0001691038632998243,0.00017054805357474834,0.00017367654072586447,0.00018315613851882517,0.0001843242789618671,0.00018665139214135706
1999-08-17,2.1116524294484407e-05,2.8790676878998056e-05,4.121700476389378e-05,1.9021168554900214e-05,2.446512007736601e-05,3.225754699087702e-05
1999-08-18,0.0,1.1257795762276146e-07,3.476963286175305e-07,0.0,2.58194233992981e-07,7.972627713570546e-07
1999-08-19,8.980336133390665e-05,0.00010085295798489824,0.0001153699413407594,5.98729275225196e-05,7.05385027686134e-05,8.78906503203325e-05
1999-08-20,0.00010465621016919613,0.00012476512347348034,0.0001438370964024216,8.16368410596624e-05,9.813464566832408e-05,0.00011503801215440035
1999-08-21,1.9747028545680223e-06,0.0,0.0,2.1747932805737946e-06,0.0,0.0
1999-08-22,0.00032140722032636404,0.00034046403015963733,0.00035517930518835783,0.00033318568603135645,0.0003490464005153626,0.0003637467452790588
1999-08-23,0.0,0.0,0.0,0.0,0.0,0.0
1999-08-24,0.0,0.0,0.0,0.0,0.0,0.0
1999-08-25,0.0,0.0,0.0,0.0,0.0,0.0
1999-08-26,0.0,0.0,0.0,0.0,0.0,0.0
1999-08-27,0.0,0.0,0.0,0.0,0.0,0.0
1999-08-28,3.5879394999938086e-05,3.344206925248727e-05,2.991100882354658e-05,5.0104277761420235e-05,4.902898581349291e-05,4.640323095372878e-05
1999-08-29,0.0001786540524335578,0.00019302678992971778,0.00020089799363631755,0.0001476146571803838,0.00016103882808238268,0.00017020040831994265
1999-08-30,0.0,0.0,0.0,0.0,0.0,0.0
1999-08-31,0.0,0.0,0.0,0.0,0.0,0.0
1999-09-01,0.0,0.0,0.0,0.0,0.0,0.0
1999-09-02,0.0,0.0,0.0,0.0,0.0,0.0
1999-09-03,0.0,5.446831607969216e-08,1.6800852620235673e-07,0.0,1.2491673828662897e-07,3.8474374264296785e-07
1999-09-04,0.0,0.0,0.0,0.0,0.0,0.0
1999-09-05,0.0,0.0,0.0,0.0,0.0,0.0
1999-09-06,0.0,0.0,0.0,0.0,0.0,0.0
1999-09-07,6.88361978973262e-05,7.047020335448906e-05,6.720593228237703e-05,6.834698433522135e-05,6.97699433658272e-05,6.952223338885233e-05
1999-09-08,1.9085293843090767e-06,1.4443903637584299e-06,4.450574579095701e-06,4.410952442412963e-06,9.509028586762724e-07,2.924551154137589e-06
1999-09-09,0.0,0.0,0.0,0.0,0.0,0.0
1999-09-10,7.383003685390577e-05,6.416448741219938e-05,5.6349050282733515e-05,0.0001103416143450886,0.00010178666707361117,9.282955579692498e-05
1999-09-11,0.00017071061301976442,0.00020519796817097813,0.000254208454862237,0.0001720401633065194,0.00021251545695122331,0.0002719427284318954
1999-09-12,0.0,0.0,0.0,0.0,0.0,0.0
1999-09-13,0.0,0.0,0.0,0.0,0.0,0.0
1999-09-14,5.357983900466934e-05,5.225984932621941e-05,4.6599201596109197e-05,4.559428998618387e-05,4.327089845901355e-05,3.766849476960488e-05
1999-09-15,4.8458492528880015e-05,5.902620614506304e-05,6.991422560531646e-05,3.4311491617700085e-05,4.102726234123111e-05,4.920649007544853e-05
1999-09-16,3.2654610549798235e-05,2.7775560738518834e-05,2.218659210484475e-05,3.112304329988547e-05,2.5645154892117716e-05,2.0490233509917744e-05
1999-09-17,0.0001928574638441205,0.00019934870942961425,0.00020413572201505303,0.00019766188052017242,0.00020393080194480717,0.00020488766313064843
1999-09-18,0.00019127443374600261,0.00018172372074332088,0.00016366821364499629,0.00012888833589386195,0.00012176531163277104,0.00010918083717115223
1999-09-19,0.00032483655377291143,0.0003811670758295804,0.00044136002543382347,0.00021830711921211332,0.00025624100817367435,0.00029916083440184593
1999-09-20,3.900184674421325e-05,3.7528632674366236e-05,3.286217543063685e-05,2.5918496248777956e-05,2.477551061019767e-05,2.165445221180562e-05
1999-09-21,0.0,0.0,0.0,0.0,0.0,0.0
1999-09-22,0.0,0.0,0.0,0.0,0.0,0.0
1999-09-23,0.0,0.0,0.0,0.0,0.0,0.0
1999-09-24,0.0,0.0,0.0,0.0,0.0,0.0
1999-09-25,0.0,0.0,0.0,0.0,0.0,0.0
1999-09-26,0.0,0.0,0.0,0.0,0.0,0.0
1999-09-27,0.0,0.0,0.0,0.0,0.0,0.0
1999-09-28,2.1332575670385268e-06,2.2770263967686333e-06,1.959515657290467e-06,1.7282212638747296e-06,1.9296721802675165e-06,1.8711988332142937e-06
1999-09-29,0.0,0.0,0.0,0.0,0.0,0.0
1999-09-30,1.2490572771639563e-05,1.1111597814306151e-05,8.832272214931436e-06,8.322159374074545e-06,7.348586223088205e-06,5.820323622174328e-06
1999-10-01,3.4733246138785034e-05,4.233872823533602e-05,5.062784475740045e-05,4.939241262036376e-05,5.6254069932037964e-05,6.278129876591265e-05
1999-10-02,0.0,0.0,0.0,0.0,0.0,0.0
1999-10-03,0.0,0.0,0.0,0.0,0.0,0.0
1999-10-04,3.3894368698383914e-06,2.7034116101276595e-06,2.1476641904882854e-06,7.88102624937892e-06,6.236856279429048e-06,4.935591277899221e-06
1999-10-05,9.283708095608745e-07,1.0378773822594667e-06,1.1483127764222445e-06,2.1592220491584158e-06,2.3947850422700867e-06,2.6391776373202447e-06
1999-10-06,0.0,0.0,0.0,0.0,0.0,0.0
1999-10-07,0.0,0.0,0.0,0.0,0.0,0.0
1999-10-08,0.0,0.0,0.0,0.0,0.0,0.0
1999-10-09,1.8745008389942086e-07,2.0115267318487895e-07,1.7579242239662562e-07,1.2520369807589304e-07,1.332131347453469e-07,1.159278539830666e-07
1999-10-10,3.1848117941990495e-05,3.921859388356097e-05,4.83136172988452e-05,2.127800507878419e-05,2.5975497919716872e-05,3.1863364711171016e-05
1999-10-11,2.2306558093987405e-05,2.2963040464674123e-05,2.3242066163220443e-05,1.9833762053167447e-05,2.0524728824966587e-05,2.0126781237195246e-05
1999-10-12,0.0,0.0,0.0,0.0,0.0,0.0
1999-10-13,0.0,0.0,0.0,0.0,0.0,0.0
1999-10-14,0.0,0.0,0.0,0.0,0.0,0.0
1999-10-15,3.110378384008072e-05,3.0996667192084715e-05,3.132916026515886e-05,3.1842941098148e-05,3.14280841848813e-05,3.100353933405131e-05
1999-10-16,0.0,0.0,0.0,0.0,0.0,0.0
1999-10-17,0.0,0.0,0.0,0.0,0.0,0.0
1999-10-18,0.0,0.0,0.0,0.0,0.0,0.0
1999-10-19,4.478600203583483e-06,2.4037674393184716e-06,1.9096369214821607e-06,7.429756806232035e-06,4.832005288335495e-06,3.820195161097217e-06
1999-10-20,4.17762549886902e-07,2.150127329514362e-07,1.7083586101307446e-07,8.159440767485648e-07,4.965049242855457e-07,3.925683813577052e-07
1999-10-21,3.577081224648282e-05,3.591780114220455e-05,3.7632584280800074e-05,3.5369717807043344e-05,3.479753650026396e-05,3.48694265994709e-05
1999-10-22,0.0,0.0,0.0,0.0,0.0,0.0
1999-10-23,0.0,0.0,0.0,0.0,0.0,0.0
1999-10-24,0.0,0.0,0.0,0.0,0.0,0.0
1999-10-25,7.90479316492565e-06,8.596477528044488e-06,1.1642761819530278e-05,6.257765107875457e-06,6.697610842820723e-06,8.517140486219432e-06
1999-10-26,1.0053398000309244e-05,1.174109729618067e-05,1.232932845596224e-05,8.749952030484565e-06,1.0007050150306895e-05,1.028373389999615e-05
1999-10-27,3.259792720200494e-05,2.81804968835786e-05,2.5536994144204073e-05,3.682229362311773e-05,3.2111507607623935e-05,2.8091830245102756e-05
1999-10-28,8.899504609871656e-05,8.02411450422369e-05,6.821273564128205e-05,0.00010032171121565625,9.040851728059351e-05,7.765242480672896e-05
1999-10-29,0.00020320761541370302,0.00019214925123378634,0.00017970161570701748,0.00028007134096696973,0.00026384866214357316,0.00024490387295372784
1999-10-30,0.00015757275104988366,0.00016420187603216618,0.0001711258664727211,0.00019904121290892363,0.00020568772742990404,0.00020834436872974038
1999-10-31,0.0,0.0,0.0,0.0,0.0,0.0
1999-11-01,0.0,0.0,0.0,0.0,0.0,0.0
1999-11-02,0.0,0.0,0.0,0.0,0.0,0.0
1999-11-03,0.0,0.0,0.0,0.0,0.0,0.0
1999-11-04,8.26971881906502e-06,4.279950189811643e-06,3.412914566069958e-06,1.430424799764296e-05,9.859370038611814e-06,7.819512575224508e-06
1999-11-05,0.00041043254896067083,0.0004140535311307758,0.0003857904812321067,0.00040781183633953333,0.0004149271990172565,0.0003959798195865005
1999-11-06,3.68215864909871e-07,2.0019954263261752e-06,6.144081908132648e-06,2.470234221618739e-07,1.3223118457972305e-06,4.036051905131899e-06
1999-11-07,0.0,0.0,0.0,0.0,0.0,0.0
1999-11-08,0.0,0.0,0.0,0.0,0.0,0.0
1999-11-09,0.0,0.0,0.0,0.0,0.0,0.0
1999-11-10,0.0,0.0,0.0,0.0,0.0,0.0
1999-11-11,0.0,0.0,0.0,0.0,0.0,0.0
1999-11-12,1.4226372080372585e-08,9.909661713436435e-08,3.0564123676413146e-07,9.542748813373692e-09,6.534471452823709e-08,2.0043277970671625e-07
1999-11-13,3.867772102239542e-05,3.555623334250413e-05,3.102552727796137e-05,3.129088509012945e-05,2.6883246391662396e-05,2.3079743186826818e-05
1999-11-14,7.068557169986889e-05,7.452090358128771e-05,7.606558938277885e-05,7.416434527840465e-05,7.666354940738529e-05,7.747493509668857e-05
1999-11-15,2.3881366360001266e-06,3.809622285189107e-06,6.72095075060497e-06,1.6016150539144292e-06,2.7847129331348697e-06,5.247437002253719e-06
1999-11-16,0.0,0.0,0.0,0.0,0.0,0.0
1999-11-17,0.00034610487637110054,0.0003205490647815168,0.0002995147369801998,0.00035911676241084933,0.0003323113778606057,0.0003106236981693655
1999-11-18,0.00035995669895783067,0.00039062791620381176,0.00040911597898229957,0.0003512272087391466,0.00037855454138480127,0.0003988067910540849
1999-11-19,0.0,0.0,0.0,0.0,0.0,0.0
1999-11-20,1.1498023923195433e-05,1.047713067237055e-05,8.613834324933123e-06,1.4223999642126728e-05,1.279630851058755e-05,1.0688580914575141e-05
1999-11-21,8.400770070693397e-07,9.710532822282403e-07,1.0277758519805502e-06,1.9629053440439748e-06,2.2263973278313642e-06,2.3435306957253488e-06
1999-11-22,0.0,0.0,0.0,0.0,0.0,0.0
1999-11-23,0.00013181024405639619,0.00011035082570742816,9.03536711120978e-05,0.00014281165204010904,0.00012094590783817694,0.00010027495591202751
1999-11-24,0.00036087309126742184,0.0003977692686021328,0.0004200018011033535,0.0003709736920427531,0.00040267061558552086,0.00042161840246990323
1999-11-25,9.53102585299348e-07,4.2358044538559625e-07,3.4028329309876426e-07,1.841131620494707e-06,9.701481076263008e-07,7.75118110141193e-07
1999-11-26,5.0792772526619956e-05,5.009396772948094e-05,4.790765160578303e-05,6.0984624724369496e-05,5.924321521888487e-05,5.684206553269178e-05
1999-11-27,9.04539092516643e-07,1.0561718681856291e-06,1.0931560154858744e-06,2.11207270695013e-06,2.417816858724109e-06,2.488874770278926e-06
1999-11-28,0.00011085797450505197,0.0001051334838848561,9.78188545559533e-05,0.00010414103599032387,9.731698810355738e-05,9.073800902115181e-05
1999-11-29,0.0001461185165680945,0.00016119198699016124,0.00017573601508047432,0.00016367813805118203,0.00017612066585570574,0.00018896491383202374
1999-11-30,3.6536130210151896e-05,3.359170295880176e-05,2.878724262700416e-05,3.098885281360708e-05,2.688982385734562e-05,2.2830217858427204e-05
1999-12-01,5.617224087473005e-05,6.10608549322933e-05,6.676359771518037e-05,5.728625546908006e-05,5.943950600340031e-05,6.236982153495774e-05
1999-12-02,1.2949218364255444e-09,3.356148692290617e-09,1.0423168994577736e-08,3.0217985891312082e-09,7.674544555413831e-09,2.3706075324980702e-08
1999-12-03,0.0,0.0,0.0,0.0,0.0,0.0
1999-12-04,0.0,0.0,0.0,0.0,0.0,0.0
1999-12-05,1.0629991038513253e-06,8.03671753146773e-07,1.3579079904957325e-06,1.6934137647695024e-06,1.3378237326833187e-06,1.5441892173839733e-06
1999-12-06,2.9196578907431103e-05,2.603356733743567e-05,2.367827619309537e-05,4.560983870760538e-05,3.941037357435562e-05,3.448460120125674e-05
1999-12-07,7.735740655334666e-05,7.840347097953781e-05,7.732277299510315e-05,9.062213212018833e-05,9.075139678316191e-05,8.925503061618656e-05
1999-12-08,3.7275589420460165e-05,3.706412098836154e-05,3.5386692616157234e-05,3.794061194639653e-05,3.7246754800435156e-05,3.566465602489188e-05
1999-12-09,1.4770680536457803e-06,5.6859636288209e-07,4.920350988868449e-07,1.744778501233668e-06,9.686157227406511e-07,8.529125352652045e-07
1999-12-10,1.3988672435516492e-05,1.7149935956695117e-05,2.0243822291377e-05,1.9664064893731847e-05,2.3346718080574647e-05,2.7483809390105307e-05
1999-12-11,0.0,3.9121481165693694e-08,1.218083554022087e-07,0.0,8.933089645779546e-08,2.7664742674460285e-07
1999-12-12,0.00012395867088343948,0.00012605426309164613,0.00012465212785173208,0.00012853334192186594,0.00012886157492175698,0.00012749257439281791
1999-12-13,1.8258851923746988e-05,2.049047725449782e-05,2.2603004254051484e-05,1.5211159734462854e-05,1.662562135607004e-05,1.784860432962887e-05
1999-12-14,0.0,0.0,0.0,0.0,0.0,0.0
1999-12-15,0.0,0.0,0.0,0.0,0.0,0.0
1999-12-16,0.0,0.0,0.0,0.0,0.0,0.0
1999-12-17,0.0,0.0,0.0,0.0,0.0,0.0
1999-12-18,0.0,0.0,0.0,0.0,0.0,0.0
1999-12-19,1.6960415450739674e-05,9.203668014379218e-06,8.18621992948465e-06,1.1615647053986322e-05,6.024807134963339e-06,5.329851774149574e-06
1999-12-20,0.0001555206108605489,0.00016167732246685773,0.00016770369256846607,0.00011857281788252294,0.00012006590986857191,0.0001233586808666587
1999-12-21,5.3081985242897645e-05,6.329621828626841e-05,7.409966201521456e-05,3.9729769923724234e-05,4.7020119382068515e-05,5.546235843212344e-05
1999-12-22,0.0,0.0,0.0,0.0,0.0,0.0
1999-12-23,5.253094059298746e-05,5.006757419323549e-05,4.7822595661273226e-05,5.336325193638913e-05,4.9497291911393404e-05,4.635782534023747e-05
1999-12-24,1.1992490726697724e-05,1.502270060882438e-05,1.7516682419227436e-05,1.0385773748566862e-05,1.3004929314774927e-05,1.5597781384713016e-05
1999-12-25,0.0,0.0,0.0,0.0,0.0,0.0
1999-12-26,6.77804637234658e-05,7.43773634894751e-05,7.815245044184849e-05,5.62093046028167e-05,6.229277641978115e-05,6.718980148434639e-05
1999-12-27,1.7779279914975632e-06,4.35849779023556e-06,9.253149073629174e-06,1.8198325051344e-06,4.533930678007891e-06,9.737572327139787e-06
1999-12-28,0.0,0.0,0.0,0.0,0.0,0.0
1999-12-29,0.0,0.0,0.0,0.0,0.0,0.0
1999-12-30,0.0,0.0,0.0,0.0,0.0,0.0
1999-12-31,0.00014349931734614074,0.00015135519788600504,0.00015937755233608186,0.00014814737369306386,0.00015136963338591158,0.00015663735393900424
2000-01-01,7.0739952207077295e-06,8.722370694158599e-06,9.872574992186856e-06,5.954429525445448e-06,7.159339475037996e-06,8.000052730494644e-06
2000-01-02,5.758197971772461e-07,4.647810101232608e-07,3.8874060237503727e-07,1.1935140946661704e-06,1.0607961939967936e-06,8.82273297975189e-07
2000-01-03,3.9635328903386835e-06,4.145428647461813e-06,3.375330379640218e-06,3.451236580076511e-06,3.4400356980768265e-06,2.805909844028065e-06
2000-01-04,4.462784545467002e-06,3.7839233755221358e-06,3.206835799574037e-06,6.207396836543921e-06,5.33924230694538e-06,4.61958370578941e-06
2000-01-05,2.8445452926462167e-07,0.0,0.0,2.7360943022358697e-07,0.0,0.0
2000-01-06,3.867197847284842e-06,3.0459566460194765e-06,2.471746483934112e-06,4.735298716695979e-06,3.790713435591897e-06,3.0601875096181175e-06
2000-01-07,2.3249419882631628e-06,1.7914081809067284e-06,1.4938143522158498e-06,2.8790707347070565e-06,2.3190316369436914e-06,1.9629728740255814e-06
2000-01-08,5.040966470915009e-07,4.509103348482313e-07,3.6574064665728656e-07,1.1757638276321813e-06,1.0296110986018903e-06,8.303732101921923e-07
2000-01-09,0.0,0.0,0.0,0.0,0.0,0.0
2000-01-10,0.0,0.0,0.0,0.0,0.0,0.0
2000-01-11,1.027401026476582e-07,1.082824674369931e-08,3.388234759427178e-08,6.876746283523971e-08,7.094831833143189e-09,2.207277915999839e-08
2000-01-12,0.0,2.6994013069270295e-07,8.446905894743395e-07,0.0,1.76885919245251e-07,5.503234206116758e-07
2000-01-13,0.00020503156702034175,0.0002065858425339684,0.00020249058434274048,0.00019503796647768468,0.0001932217855937779,0.00018946488853543997
2000-01-14,0.00014346104580909014,0.00015028072812128812,0.00015286864072550088,0.00018169880786444992,0.00018458429258316755,0.00018418066611047834
2000-01-15,1.004301140028474e-07,1.045999766802197e-07,9.436954684360899e-08,2.3445073793482152e-07,2.390039526289911e-07,2.143821262734491e-07
2000-01-16,0.0,0.0,0.0,0.0,0.0,0.0
2000-01-17,0.0,0.0,0.0,0.0,0.0,0.0
2000-01-18,0.0,0.0,0.0,0.0,0.0,0.0
2000-01-19,3.3706994599924656e-06,2.689098892005859e-06,2.3387437977362424e-06,3.6949143122910755e-06,3.050462510145735e-06,2.8175966235721717e-06
2000-01-20,0.0,0.0,0.0,0.0,0.0,0.0
2000-01-21,0.0,0.0,0.0,0.0,0.0,0.0
2000-01-22,8.632561048216303e-07,0.0,0.0,6.1788313132638e-07,0.0,0.0
2000-01-23,0.00038892508018761873,0.0004394486313685775,0.0004983760300092399,0.00036354968324303627,0.0004033117729704827,0.00045523393782787025
2000-01-24,3.239326542825438e-05,3.63848012057133e-05,3.765848668990657e-05,3.48721987393219e-05,3.8645488530164585e-05,4.028192051919177e-05
2000-01-25,1.4702774933539331e-05,1.4836948139418382e-05,1.500861890235683e-05,1.9031289411941543e-05,1.889356099127326e-05,1.886278550955467e-05
2000-01-26,6.7008318183070514e-06,7.124932380975224e-06,7.268217814271338e-06,7.951692168717273e-06,8.091548806987703e-06,7.962675226735882e-06
2000-01-27,8.295194857055321e-05,8.788925333647057e-05,8.792290464043617e-05,8.806193363852799e-05,9.11395691218786e-05,9.104137279791757e-05
2000-01-28,6.039256277290406e-06,8.513412467436865e-06,1.3386356840783264e-05,7.2275988713954575e-06,8.589212484366726e-06,1.1458067092462443e-05
2000-01-29,2.587289031907858e-07,0.0,0.0,1.965100295819866e-07,0.0,0.0
2000-01-30,4.352794348960742e-06,4.205301138426876e-06,4.3204709072597325e-06,4.547449862002395e-06,4.388419256429188e-06,4.302876277506584e-06
2000-01-31,1.0856905646505766e-05,1.095584866561694e-05,9.918897376337554e-06,1.2053492355335038e-05,1.2038977729389444e-05,1.1172835002071224e-05
2000-02-01,0.0,0.0,0.0,0.0,0.0,0.0
2000-02-02,3.292159362899838e-07,2.747541998360248e-07,2.413449919913546e-07,7.699368893554492e-07,6.286771281338588e-07,5.491604611052026e-07
2000-02-03,9.338253585156053e-05,8.906906441552565e-05,8.180216536857188e-05,0.00010748812928795815,0.00010407140507595614,9.812587086344138e-05
2000-02-04,5.132638762006536e-05,6.173837027745321e-05,6.993113493081182e-05,3.770088005694561e-05,4.4631087803281844e-05,5.13987397425808e-05
2000-02-05,1.0172306247113738e-05,1.3683985343959648e-05,1.9238825188949704e-05,7.225074568850687e-06,1.038482332660351e-05,1.5951160094118677e-05
2000-02-06,3.4717727430688683e-06,3.168192279190407e-06,2.852882289516856e-06,2.5335139071103185e-06,2.3773961856932146e-06,2.2946062472328776e-06
2000-02-07,3.919324080925435e-05,4.250312485964969e-05,4.4877775508211926e-05,3.660761285573244e-05,3.871567969326861e-05,4.018073741463013e-05
2000-02-08,6.066661171644228e-06,6.745851806044811e-06,6.8780627771047875e-06,7.023318175924942e-06,7.604009169881465e-06,7.724380338913761e-06
2000-02-09,0.0,0.0,0.0,0.0,0.0,0.0
2000-02-10,7.980289410625119e-06,7.595666829729453e-06,7.1901613409863785e-06,5.825492735311855e-06,5.228366262599593e-06,4.890164746029768e-06
2000-02-11,9.720853086037096e-06,1.0168108929065056e-05,1.1498324056447018e-05,9.079021765501238e-06,9.276620403397828e-06,1.0271599421685096e-05
2000-02-12,0.0,0.0,0.0,0.0,0.0,0.0
2000-02-13,8.67260132508818e-06,8.47934188641375e-06,7.4937684075848665e-06,8.634027835796587e-06,8.245481694757473e-06,7.3410978984611575e-06
2000-02-14,0.0,0.0,0.0,0.0,0.0,0.0
2000-02-15,0.0,0.0,0.0,0.0,0.0,0.0
2000-02-16,0.0,0.0,0.0,0.0,0.0,0.0
2000-02-17,0.0,0.0,0.0,0.0,0.0,0.0
2000-02-18,1.1922784324269742e-06,6.515407449114718e-07,5.267336860015348e-07,2.264490831294097e-06,1.4907054719515145e-06,1.199226744574844e-06
2000-02-19,2.106485226249788e-06,1.4630692248829291e-06,1.4031541013537208e-06,4.4140792851976585e-06,3.280586724940804e-06,2.987558218592312e-06
2000-02-20,0.0,0.0,0.0,0.0,0.0,0.0
2000-02-21,1.854048423410859e-05,1.4901063877914567e-05,1.233981856785249e-05,2.164524448744487e-05,1.7406307961209677e-05,1.4325785741675645e-05
2000-02-22,0.00012591572885867208,0.00013292206858750433,0.00013104872778058052,0.0001221246930072084,0.00012831187632400542,0.00012855800741817802
2000-02-23,1.2873892046627589e-05,1.576945032866206e-05,1.8765249478747137e-05,9.509596566203982e-06,1.1782273759308737e-05,1.4782760445086751e-05
2000-02-24,0.0,0.0,0.0,0.0,0.0,0.0
2000-02-25,0.00016236770898103714,0.00017512695922050625,0.0001800611353246495,0.0001511394657427445,0.00016023572243284434,0.0001645069569349289
2000-02-26,0.0,1.1126352319479338e-06,3.46599745171261e-06,0.0,7.620535029673192e-07,2.36296841649164e-06
2000-02-27,2.3600175609317375e-06,2.2061072968426743e-07,3.979999121384026e-07,2.1786077013530303e-06,1.447295119305636e-07,2.5991138841163774e-07
2000-02-28,4.519436333794147e-05,4.6307119191624224e-05,4.69120241177734e-05,5.048109233030118e-05,5.071115811006166e-05,5.1588773203548044e-05
2000-02-29,,,,,,
2000-03-01,9.485612281423528e-06,9.860325917543378e-06,8.774144589551724e-06,1.2314828381931875e-05,1.2551646250358317e-05,1.1534461918927263e-05
2000-03-02,8.44275564304553e-05,9.054195106728002e-05,9.359631076222286e-05,7.98179826233536e-05,8.389788854401559e-05,8.633267862023786e-05
2000-03-03,1.0459593369205322e-07,5.377723937272094e-07,1.4162235402181977e-06,2.438732167320268e-07,7.104476367203461e-07,1.6145990002769395e-06
2000-03-04,0.0,0.0,0.0,0.0,0.0,0.0
2000-03-05,5.6110678997356445e-05,5.7282697525806725e-05,5.61752422072459e-05,6.252587627386674e-05,6.205250247148797e-05,6.017001214786433e-05
2000-03-06,0.0002777311601676047,0.00028568593552336097,0.0002802189555950463,0.00032127927988767624,0.00032518646912649274,0.00031877466244623065
2000-03-07,1.673622932685248e-06,3.0891269489075057e-06,5.491068804985844e-06,1.11855831619323e-06,2.0256941297702724e-06,3.585097829272854e-06
2000-03-08,0.0,0.0,0.0,0.0,0.0,0.0
2000-03-09,4.1858249460347e-05,4.200832700007595e-05,4.0185735997511074e-05,2.8640391974477097e-05,2.815554034896195e-05,2.6726576834334992e-05
2000-03-10,1.8965212802868336e-05,1.965562296390999e-05,1.844282633101102e-05,1.3251548807602376e-05,1.3290624337969348e-05,1.2452868759282865e-05
2000-03-11,0.0,0.0,0.0,0.0,0.0,0.0
2000-03-12,0.0,0.0,0.0,0.0,0.0,0.0
2000-03-13,0.0,0.0,0.0,0.0,0.0,0.0
2000-03-14,1.652555147302337e-05,1.6636140571790747e-05,1.4982907487137709e-05,2.0775765733560547e-05,1.9961029465775937e-05,1.830014298320748e-05
2000-03-15,6.42741215415299e-05,7.242872379720211e-05,8.273496496258304e-05,6.297712388914078e-05,6.949331145733595e-05,7.925263344077393e-05
2000-03-16,0.0,3.758051647650973e-08,1.1686449852277292e-07,0.0,2.4634845274817962e-08,7.628354836697326e-08
2000-03-17,2.612099160614889e-05,2.258901804452762e-05,1.8209979316452518e-05,2.653488627402112e-05,2.2555301256943494e-05,1.8106111383531243e-05
2000-03-18,0.00048024876741692424,0.0005155163235031068,0.0005358651978895068,0.00046072262921370566,0.0004862926434725523,0.0005013942718505859
2000-03-19,8.423007238889113e-05,8.94911790965125e-05,9.243906242772937e-05,0.0001089710058295168,0.00011390204599592835,0.00011540306877577677
2000-03-20,0.0,0.0,0.0,0.0,0.0,0.0
2000-03-21,8.142944352584891e-06,7.68004247220233e-06,6.950805072847288e-06,1.264163620362524e-05,1.2102339496777859e-05,1.1080534022767097e-05
2000-03-22,7.376211578957736e-05,7.771623495500535e-05,8.133923984132707e-05,6.29291171208024e-05,6.612455035792664e-05,6.994858995312825e-05
2000-03-23,2.3478663933929056e-05,2.7162333935848437e-05,2.944827065221034e-05,1.565106322232168e-05,1.785795029718429e-05,1.938738023454789e-05
2000-03-24,0.0,0.0,0.0,0.0,0.0,0.0
2000-03-25,0.000252026307862252,0.0002627854119054973,0.0002621728926897049,0.00023879864602349699,0.00024225881497841328,0.00024015147937461734
2000-03-26,0.000157791975652799,0.00019113623420707881,0.00023159323609434068,0.00016370076627936214,0.00019244739087298512,0.00022973072191234678
2000-03-27,6.968602519918932e-06,6.184514404594665e-06,5.490388957696268e-06,9.887440683087334e-06,8.864335541147739e-06,8.103036634565797e-06
2000-03-28,3.209241583590483e-08,3.39243904079467e-08,2.731095882779755e-08,7.453417083524982e-08,7.752576891562057e-08,6.215179126911607e-08
2000-03-29,0.0002211298851761967,0.0002392282331129536,0.00024673351435922086,0.0002060833212453872,0.00021965999621897936,0.00022630362946074456
2000-03-30,2.7127443900099024e-05,3.661579467006959e-05,4.781144161825068e-05,2.2244435967877507e-05,3.012169872818049e-05,4.018927211291157e-05
2000-03-31,0.0,0.0,0.0,0.0,0.0,0.0
2000-04-01,4.3524752982193604e-05,3.8336915167747065e-05,3.553084025043063e-05,4.608681774698198e-05,3.8176651287358254e-05,3.393569204490632e-05
2000-04-02,0.00016219582175835967,0.00016334229439962655,0.00015736055502202362,0.00020451666205190122,0.00020288716768845916,0.00019345492182765156
2000-04-03,0.0,4.1494308788969647e-07,1.2870644923168584e-06,0.0,9.485825103183743e-07,2.930091341113439e-06
2000-04-04,0.0,0.0,0.0,0.0,0.0,0.0
2000-04-05,0.0,0.0,0.0,0.0,0.0,0.0
2000-04-06,0.0002263038040837273,0.00024368925369344652,0.00025043211644515395,0.0002053774951491505,0.0002185919147450477,0.00022645562421530485
2000-04-07,2.3156828319770284e-05,3.816209209617227e-05,6.310191383818164e-05,2.0573765141307376e-05,3.2777599699329585e-05,5.3946132538840175e-05
2000-04-08,0.0,0.0,0.0,0.0,0.0,0.0
2000-04-09,3.678804205264896e-05,3.652373197837733e-05,3.568876491044648e-05,2.4612054403405637e-05,2.4128397853928618e-05,2.354401112825144e-05
2000-04-10,2.875584686989896e-05,2.704908729356248e-05,2.476423469488509e-05,3.2902487873798236e-05,3.0617444281233475e-05,2.8151500373496674e-05
2000-04-11,1.9025919755222276e-05,1.844753023760859e-05,1.7563157598488033e-05,1.9378347133169882e-05,1.852834247983992e-05,1.761259773047641e-05
2000-04-12,1.1335456520100706e-06,1.136722289629688e-06,1.0541306210143375e-06,2.630937160574831e-06,2.601251935629989e-06,2.4025428047025343e-06
2000-04-13,0.0,0.0,0.0,0.0,0.0,0.0
2000-04-14,6.83436737745069e-05,6.408718036254868e-05,5.901744953007437e-05,6.786373705836013e-05,6.216700421646237e-05,5.6694960221648216e-05
2000-04-15,8.13614678918384e-06,9.858315024757758e-06,1.246575266122818e-05,1.1559230188140646e-05,1.3490160199580714e-05,1.6223135389736854e-05
2000-04-16,0.0,0.0,0.0,0.0,0.0,0.0
2000-04-17,1.6989845619264088e-07,1.7710631539102906e-07,1.4184016094986873e-07,1.1313176173644024e-07,1.1636072372311901e-07,9.282884860795093e-08
2000-04-18,4.13873276556842e-05,4.437802272150293e-05,4.839351095142774e-05,4.3170559365535155e-05,4.5373646571533754e-05,4.885360613116063e-05
2000-04-19,7.76583965489408e-06,9.158463399216998e-06,9.932403372658882e-06,1.2990882169106044e-05,1.506273474660702e-05,1.619947943254374e-05
2000-04-20,5.308828804118093e-06,5.1288084250700194e-06,4.874397745879833e-06,6.903653684275923e-06,6.640135779889533e-06,6.675082659057807e-06
2000-04-21,8.958097168942913e-06,9.312809197581373e-06,9.94267702481011e-06,1.0051765457319561e-05,9.999344911193475e-06,1.0323578862880822e-05
2000-04-22,0.0,0.0,0.0,0.0,0.0,0.0
2000-04-23,0.0,0.0,0.0,0.0,0.0,0.0
2000-04-24,0.00012493600661400706,0.0001200481565319933,0.0001163938213721849,0.00010095533798448741,9.503800538368523e-05,9.019910066854209e-05
2000-04-25,0.0,3.4379937119410897e-07,1.058462544278882e-06,0.0,2.2627160944921343e-07,6.941878041288874e-07
2000-04-26,0.00033197487937286496,0.00033700515632517636,0.0003298380470369011,0.00031000017770566046,0.0003116596199106425,0.0003066363278776407
2000-04-27,5.619496050712769e-07,1.1962653161390335e-06,2.364793772358098e-06,9.428573548575514e-07,2.264460135847912e-06,4.775918114319211e-06
2000-04-28,0.0,0.0,0.0,0.0,0.0,0.0
2000-04-29,0.0,0.0,0.0,0.0,0.0,0.0
2000-04-30,0.00021913752425462008,0.00022993132006376982,0.00023455670452676713,0.00020707650401163846,0.00021582568297162652,0.00022074019943829626
2000-05-01,1.2706774441539892e-06,1.1771211347877397e-06,1.1150908676427207e-06,2.952063823613571e-06,2.704887720028637e-06,2.5544393338350346e-06
2000-05-02,0.0,0.0,0.0,0.0,0.0,0.0
2000-05-03,0.0,0.0,0.0,0.0,0.0,0.0
2000-05-04,0.00014344479131978005,0.0001490758004365489,0.0001544762635603547,0.00017200691218022257,0.00017460329399909824,0.00017931417096406221
2000-05-05,0.00027640300686471164,0.0002860538079403341,0.0002836953499354422,0.0003097555018030107,0.0003186366520822048,0.00031786394538357854
2000-05-06,8.514269575243816e-05,9.05350098037161e-05,9.561285696690902e-05,0.00010141514212591574,0.00010648829629644752,0.00011258147424086928
2000-05-07,3.5798449971480295e-05,2.8661370379268192e-05,2.288594623678364e-05,4.228983380016871e-05,3.436266342760064e-05,2.7526752091944218e-05
2000-05-08,6.22395018581301e-05,5.7177545386366546e-05,4.753219036501832e-05,6.522447074530646e-05,5.96476711507421e-05,4.995926792616956e-05
2000-05-09,1.9487174540699925e-06,3.4519405289756833e-06,6.011041477904655e-06,1.2996217719773995e-06,2.2808201265434036e-06,3.962289156334009e-06
2000-05-10,0.0,0.0,0.0,0.0,0.0,0.0
2000-05-11,0.0,0.0,0.0,0.0,0.0,0.0
2000-05-12,0.00010614741768222302,9.802510612644255e-05,8.839338988764212e-05,9.705290722195059e-05,8.866715506883338e-05,7.965588883962482e-05
2000-05-13,0.0,0.0,0.0,0.0,0.0,0.0
2000-05-14,0.0,0.0,0.0,0.0,0.0,0.0
2000-05-15,0.0,0.0,0.0,0.0,0.0,0.0
2000-05-16,4.12367116950918e-05,5.279259130475111e-05,6.657890480710194e-05,4.873812213190831e-05,5.968096957076341e-05,7.26338621461764e-05
2000-05-17,0.0,0.0,0.0,0.0,0.0,0.0
2000-05-18,0.0,0.0,0.0,0.0,0.0,0.0
2000-05-19,2.0881968794128625e-06,2.3409368168358924e-06,4.148324023844907e-06,1.3937500398242264e-06,1.5514456208620686e-06,2.7457142550701974e-06
2000-05-20,0.0,0.0,0.0,0.0,0.0,0.0
2000-05-21,0.00011761784116970375,0.00010847277735592797,9.098668670048937e-05,8.003021503100172e-05,7.385555363725871e-05,6.26368127996102e-05
2000-05-22,0.0,0.0,0.0,0.0,0.0,0.0
2000-05-23,0.0,0.0,0.0,0.0,0.0,0.0
2000-05-24,0.0,0.0,0.0,0.0,0.0,0.0
2000-05-25,5.778505283160484e-07,7.375279551524727e-07,9.068215831575799e-07,1.3449507605400868e-06,1.7068132365238853e-06,2.0972968286514515e-06
2000-05-26,0.00010620029934216291,0.00011241895845159888,0.0001144338384619914,9.700121154310182e-05,0.00010121522063855082,0.00010222401760984212
2000-05-27,2.2645228455075994e-05,2.2653412088402547e-05,1.81046016223263e-05,2.9606901080114767e-05,2.8897795345983468e-05,2.33867594943149e-05
2000-05-28,0.0,0.0,0.0,0.0,0.0,0.0
2000-05-29,0.0,0.0,0.0,0.0,0.0,0.0
2000-05-30,2.4065693651209585e-06,2.8178667434985982e-06,3.1231236334861023e-06,1.6071687696239678e-06,1.8731051341092098e-06,2.0758707250934094e-06
2000-05-31,5.77995233470574e-05,4.967101267538965e-05,3.901700983988121e-05,4.2054281948367134e-05,3.471389936748892e-05,2.7269048587186262e-05
2000-06-01,0.00011279891623416916,0.00011350813292665407,0.00011651210661511868,0.00010043919610325247,0.00010060363274533302,0.00010452333663124591
2000-06-02,0.0,1.4525595304348826e-07,4.398912096803542e-07,0.0,9.662063149562528e-08,2.9267590662129805e-07
2000-06-03,0.0,0.0,0.0,0.0,0.0,0.0
2000-06-04,1.213947257383552e-06,1.587196379659872e-06,2.0155764559603995e-06,2.8263805234018946e-06,3.681827593027265e-06,4.677619472204242e-06
2000-06-05,2.3958831661730073e-05,2.7255782697466202e-05,2.971488720504567e-05,1.60022664204007e-05,1.8319207811146043e-05,2.0328596292529255e-05
2000-06-06,0.0,0.0,0.0,0.0,0.0,0.0
2000-06-07,2.6595142799124005e-07,6.123600826413167e-08,1.8529047451920633e-07,6.192129262672097e-07,4.077149284853476e-08,1.2345793720669462e-07
2000-06-08,0.0,0.0,0.0,0.0,0.0,0.0
2000-06-09,0.0004136503557674587,0.0004428420215845108,0.00044686076580546796,0.0003936238354071975,0.00041304680053144693,0.0004119905934203416
2000-06-10,5.879320451640524e-05,6.889350333949551e-05,8.180776057997718e-05,5.915119618293829e-05,6.989120447542518e-05,8.163074380718172e-05
2000-06-11,0.0,1.0535463701444314e-07,3.186897004070488e-07,0.0,7.018687142590352e-08,2.1253734416859515e-07
2000-06-12,0.0,0.0,0.0,0.0,0.0,0.0
2000-06-13,0.0,0.0,0.0,0.0,0.0,0.0
2000-06-14,7.126537821022794e-05,6.136861338745803e-05,5.3007683163741603e-05,8.197599527193233e-05,7.42873817216605e-05,6.849195051472634e-05
2000-06-15,0.0,0.0,0.0,0.0,0.0,0.0
2000-06-16,0.0,0.0,0.0,0.0,0.0,0.0
2000-06-17,0.0,0.0,0.0,0.0,0.0,0.0
2000-06-18,0.00014634401304647326,0.0001390979887219146,0.0001268612832063809,9.77159506874159e-05,9.271976159652695e-05,8.469471504213288e-05
2000-06-19,0.0,0.0,0.0,0.0,0.0,0.0
2000-06-20,0.0,0.0,0.0,0.0,0.0,0.0
2000-06-21,0.0,0.0,0.0,0.0,0.0,0.0
2000-06-22,0.0,0.0,0.0,0.0,0.0,0.0
2000-06-23,4.0381814869761e-06,4.475061814446235e-06,4.248895493219607e-06,9.396238056069706e-06,1.0398795893706847e-05,9.89106047200039e-06
2000-06-24,0.0001669510529609397,0.00016241977573372424,0.00015657860785722733,0.00013960125215817243,0.0001350238308077678,0.0001301269221585244
2000-06-25,0.00032632125657983124,0.0003447141498327255,0.0003760469553526491,0.0003169873380102217,0.0003293633053544909,0.0003558157477527857
2000-06-26,0.0001447260583518073,0.0001452757860533893,0.00012887768389191478,0.00014725887740496546,0.00015094933041837066,0.00014012836618348956
2000-06-27,0.0,0.0,0.0,0.0,0.0,0.0
2000-06-28,0.0,0.0,0.0,0.0,0.0,0.0
2000-06-29,0.0,0.0,0.0,0.0,0.0,0.0
2000-06-30,1.3733292689721566e-05,1.3699322153115645e-05,1.3132099411450326e-05,3.193421434843913e-05,3.1816871342016384e-05,3.056053174077533e-05
2000-07-01,0.0001005359081318602,9.917242277879268e-05,9.487279021413997e-05,9.314558701589704e-05,9.267832501791418e-05,8.935460937209427e-05
2000-07-02,1.9837032994018955e-07,0.0,0.0,1.3229357875843561e-07,0.0,0.0
2000-07-03,6.201986980158836e-05,6.008040872984566e-05,5.634421177092008e-05,7.077682676026598e-05,6.84653568896465e-05,6.394498632289469e-05
2000-07-04,4.292254743631929e-05,4.161968900007196e-05,3.683877730509266e-05,5.6348413636442274e-05,5.6001488701440394e-05,5.1734812586801127e-05
2000-07-05,0.00012865789176430553,0.00012752332258969545,0.00012420525308698416,0.00012024943862343207,0.00011872698814840987,0.0001149384697782807
2000-07-06,5.569959284912329e-06,8.110985163511941e-07,2.4666128410899546e-06,4.4970975068281405e-06,5.398768507802743e-07,1.6451455167043605e-06
2000-07-07,0.0,0.0,0.0,0.0,0.0,0.0
2000-07-08,0.0,0.0,0.0,0.0,0.0,0.0
2000-07-09,0.00012108185910619795,0.00012425916793290526,0.00012329696619417518,0.00012153472926001996,0.00012462286395020783,0.00012347078882157803
2000-07-10,4.52654276159592e-05,4.717725096270442e-05,3.9537280827062204e-05,3.841805664706044e-05,4.010627526440658e-05,3.457629281911068e-05
2000-07-11,1.8747590729617514e-05,2.0642786694224924e-05,1.924749813042581e-05,1.24871548905503e-05,1.3724475138587877e-05,1.2822013559343759e-05
2000-07-12,0.0,0.0,0.0,0.0,0.0,0.0
2000-07-13,0.00016258502728305757,0.0001632727071410045,0.00016160531959030777,0.0001733012468321249,0.00017485700664110482,0.0001755356352077797
2000-07-14,9.991518163587898e-05,0.00010346425551688299,9.490812226431444e-05,9.789449541131034e-05,0.00010781853052321821,0.00010945412213914096
2000-07-15,0.0,0.0,0.0,0.0,0.0,0.0
2000-07-16,1.6971351215033792e-05,1.6970505384961143e-05,1.6192212569876574e-05,3.899558214470744e-05,3.9276990719372407e-05,3.754432691494003e-05
2000-07-17,0.0,0.0,0.0,0.0,0.0,0.0
2000-07-18,0.0,0.0,0.0,0.0,0.0,0.0
2000-07-19,5.730336488340981e-05,5.31599871465005e-05,4.678343248087913e-05,5.505537774297409e-05,5.034613059251569e-05,4.330075898906216e-05
2000-07-20,1.8806571461027488e-05,2.1380026737460867e-05,2.6383097065263428e-05,3.105461655650288e-05,3.219272184651345e-05,3.47035274899099e-05
2000-07-21,1.2160121514170896e-05,2.2911937776370905e-05,4.162163531873375e-05,1.935202453751117e-05,2.9832724976586178e-05,4.6148041292326525e-05
2000-07-22,0.0,0.0,0.0,0.0,0.0,0.0
2000-07-23,0.0,0.0,0.0,0.0,0.0,0.0
2000-07-24,0.0,0.0,0.0,0.0,0.0,0.0
2000-07-25,8.017773325263988e-07,8.189559252969048e-07,8.023434361348336e-07,1.8571537339084898e-06,1.8899410179074039e-06,1.8542474435889744e-06
2000-07-26,0.00012903325841762125,0.00012897052511107177,0.00012608611723408103,0.00012459918798413128,0.00012359222455415875,0.00012194053124403581
2000-07-27,0.0002558616397436708,0.0002642447652760893,0.0002689011162146926,0.00027396154473535717,0.0002836128987837583,0.00029407910187728703
2000-07-28,0.0,7.359162282227771e-06,2.2609669031226076e-05,0.0,8.138777047861367e-06,2.5036340957740322e-05
2000-07-29,0.0,0.0,0.0,0.0,0.0,0.0
2000-07-30,0.0,0.0,0.0,0.0,0.0,0.0
2000-07-31,0.0,0.0,0.0,0.0,0.0,0.0
2000-08-01,2.6489274205232505e-06,1.358477106805367e-06,1.0837776471817051e-06,4.721620371128665e-06,3.1278493679565145e-06,2.4978837700473377e-06
2000-08-02,1.1182391062902752e-05,7.054326943034539e-06,5.691709702659864e-06,9.310164386988617e-06,6.073457825550577e-06,4.994091341359308e-06
2000-08-03,2.401112851657672e-06,1.7003434322759858e-06,1.6894946384127252e-06,4.186917067272589e-06,3.912579813913908e-06,3.891033429681556e-06
2000-08-04,0.0,0.0,0.0,0.0,0.0,0.0
2000-08-05,1.0833872693183366e-05,6.110468348197173e-06,4.8814158617460635e-06,1.9768374841078185e-05,1.4052288861421403e-05,1.1234170415264089e-05
2000-08-06,1.6380712622776628e-05,1.3041913007327821e-05,1.2502157005656045e-05,3.193444717908278e-05,2.998420131916646e-05,2.8762640795321204e-05
2000-08-07,0.0,0.0,0.0,0.0,0.0,0.0
2000-08-08,0.0,0.0,0.0,0.0,0.0,0.0
2000-08-09,0.0,0.0,0.0,0.0,0.0,0.0
2000-08-10,1.2475292351155076e-05,1.334635635430459e-05,1.4326235032058321e-05,2.8636790375458077e-05,3.0653020075988024e-05,3.291632674518041e-05
2000-08-11,8.092979442153592e-07,1.1945376172661781e-06,2.234061184935854e-06,1.5424452612933237e-06,2.5411461592739215e-06,4.508666734182043e-06
2000-08-12,0.0,0.0,0.0,0.0,0.0,0.0
2000-08-13,0.0,0.0,0.0,0.0,0.0,0.0
2000-08-14,2.7567170036491007e-05,2.857198160199914e-05,2.286982453370001e-05,1.826482366595883e-05,1.8809399989550002e-05,1.5056972188176587e-05
2000-08-15,3.779330290853977e-05,4.9780108383856714e-05,6.372899224516004e-05,2.503814539522864e-05,3.345686127431691e-05,4.408233508002013e-05
2000-08-16,0.0,0.0,0.0,0.0,0.0,0.0
2000-08-17,0.0,0.0,0.0,0.0,0.0,0.0
2000-08-18,0.0,0.0,0.0,0.0,0.0,0.0
2000-08-19,1.8945804185932502e-05,2.6197454644716345e-05,3.753986311494373e-05,2.8545937311719172e-05,3.3648128010099754e-05,3.835120878648013e-05
2000-08-20,0.0,0.0,0.0,0.0,0.0,0.0
2000-08-21,0.0,0.0,0.0,0.0,0.0,0.0
2000-08-22,0.0,0.0,0.0,0.0,0.0,0.0
2000-08-23,2.5442348032811424e-06,2.1023361114203e-06,1.8219984667666722e-06,5.873673671885626e-06,4.819646164833102e-06,4.174465630057966e-06
2000-08-24,0.000135653157485649,0.00014553588698618114,0.00015046833141241223,0.00014318767352961004,0.00015137788432184607,0.00015525869093835354
2000-08-25,3.4886293178715277e-06,5.8181717577099334e-06,9.655996109358966e-06,8.053948477027006e-06,9.866156688076444e-06,1.140630502050044e-05
2000-08-26,0.0,0.0,0.0,0.0,0.0,0.0
2000-08-27,1.9169212464476004e-05,1.2878572306362912e-05,1.1036860996682663e-05,2.600176230771467e-05,1.956979940587189e-05,1.73174703377299e-05
2000-08-28,1.6265413478322444e-06,1.7474469586886698e-06,1.5209805042104563e-06,3.7553695619862992e-06,4.00589897253667e-06,3.4832858091249363e-06
2000-08-29,0.0,0.0,0.0,0.0,0.0,0.0
2000-08-30,0.0,0.0,0.0,0.0,0.0,0.0
2000-08-31,0.0,0.0,0.0,0.0,0.0,0.0
2000-09-01,0.00028400280280038714,0.00030143139883875847,0.0003092787228524685,0.0002477204834576696,0.00026394048472866416,0.0002752798900473863
2000-09-02,0.0,0.0,0.0,0.0,0.0,0.0
2000-09-03,0.0,0.0,0.0,0.0,0.0,0.0
2000-09-04,0.0,0.0,0.0,0.0,0.0,0.0
2000-09-05,0.0,0.0,0.0,0.0,0.0,0.0
2000-09-06,0.0,0.0,0.0,0.0,0.0,0.0
2000-09-07,3.3585374694666825e-06,2.5750430268089985e-06,2.114509015882504e-06,7.761090273561422e-06,5.908637831453234e-06,4.843266651732847e-06
2000-09-08,0.0,2.3868645726565774e-08,7.354604036891033e-08,0.0,5.477703268752521e-08,1.6846961159444618e-07
2000-09-09,0.0,0.0,0.0,0.0,0.0,0.0
2000-09-10,0.0,0.0,0.0,0.0,0.0,0.0
2000-09-11,0.0,0.0,0.0,0.0,0.0,0.0
2000-09-12,2.4289793145726435e-05,2.6713678380474448e-05,2.7054218662669882e-05,2.520575981179718e-05,2.628338370413985e-05,2.4830802431097254e-05
2000-09-13,1.6855500462042983e-06,1.9298897768749157e-06,1.944978066603653e-06,1.1184532695551752e-06,1.2716798210021807e-06,1.2787327250407543e-06
2000-09-14,0.0002401447418378666,0.0002608396462164819,0.00027410901384428144,0.00022268123575486243,0.00023347753449343145,0.00023868006246630102
2000-09-15,2.6864003302762285e-05,2.9043700124020688e-05,3.186039248248562e-05,3.1575484172208235e-05,3.341994306538254e-05,3.550175824784674e-05
2000-09-16,4.282667941879481e-05,4.426250234246254e-05,4.3409669160610065e-05,4.9396745453123e-05,5.0394650315865874e-05,4.9624482926446944e-05
2000-09-17,0.0,0.0,0.0,0.0,0.0,0.0
2000-09-18,0.0,0.0,0.0,0.0,0.0,0.0
2000-09-19,0.00036501328577287495,0.00039288902189582586,0.0004159525269642472,0.00040409626672044396,0.00042683508945629,0.0004461209464352578
2000-09-20,1.3823806739310385e-06,3.823798579105642e-06,8.481738404952921e-06,3.2023694984673057e-06,5.398596385930432e-06,9.047118510352448e-06
2000-09-21,1.547460851725191e-05,1.2357348168734461e-05,1.0621863111737184e-05,2.6357904062024318e-05,2.30561363423476e-05,2.0100053006899543e-05
2000-09-22,3.36069570039399e-05,3.635939356172457e-05,4.0940703911473975e-05,4.247156175551936e-05,4.4341901229927316e-05,4.637034362531267e-05
2000-09-23,0.0,0.0,0.0,0.0,0.0,0.0
2000-09-24,0.0,0.0,0.0,0.0,0.0,0.0
2000-09-25,0.0,0.0,0.0,0.0,0.0,0.0
2000-09-26,0.0,0.0,0.0,0.0,0.0,0.0
2000-09-27,0.0,5.800638973596506e-07,1.7793873894333956e-06,0.0,1.3364705182539183e-06,4.086014996573795e-06
2000-09-28,0.00015313700714614242,0.00015732464089524,0.00016117733321152627,0.0001552222529426217,0.0001541293750051409,0.00015443010488525033
2000-09-29,0.00021040631690993905,0.00023400924692396075,0.00026321259792894125,0.0002836614439729601,0.00031620945082977414,0.0003545417566783726
2000-09-30,0.00011143689334858209,0.00011958357936237007,0.00012281819363124669,0.00011149655620101839,0.00011922195699298754,0.00012335387873463333
2000-10-01,4.661917046178132e-06,4.909994004265172e-06,4.980367521056905e-06,9.419949492439628e-06,9.779235369933303e-06,9.313422197010368e-06
2000-10-02,0.0,8.019132913261728e-09,2.4578620028137266e-08,0.0,1.8494162645765755e-08,5.6473869136652866e-08
2000-10-03,0.0,0.0,0.0,0.0,0.0,0.0
2000-10-04,0.0003032530948985368,0.0003065249475184828,0.0003088313387706876,0.0002565414470154792,0.00025592106976546347,0.00025567447301000357
2000-10-05,0.00012723388499580324,0.0001336021814495325,0.00013989262515679002,0.00014521100092679262,0.00014989850751589984,0.0001543846883578226
2000-10-06,3.1799020234757336e-06,2.7238045277044876e-06,2.2434558104578173e-06,7.07902790963999e-06,6.28577572570066e-06,5.156528004590655e-06
2000-10-07,1.198504719468474e-06,4.815944976144237e-07,3.903840024577221e-07,2.789041673167958e-06,1.1115322422483587e-06,8.973439662440796e-07
2000-10-08,0.0,0.0,0.0,0.0,0.0,0.0
2000-10-09,1.0778922643339683e-07,1.1996601756436576e-07,1.1424876333876455e-07,2.5097244815697195e-07,2.7694824211721425e-07,2.626384230097756e-07
2000-10-10,0.00018783430277835578,0.0002043177664745599,0.00022027615341357887,0.00017541747365612537,0.00018855283269658685,0.00020178512204438448
2000-10-11,0.00029595562955364585,0.00033022454590536654,0.00037161208456382155,0.0002688531531020999,0.0002965632011182606,0.00033310509752482176
2000-10-12,4.5854901031816553e-07,9.486710155215405e-07,2.0449517705856124e-06,1.068507458512613e-06,1.748407839841093e-06,3.3528156109241536e-06
2000-10-13,0.0,0.0,0.0,0.0,0.0,0.0
2000-10-14,0.0,0.0,0.0,0.0,0.0,0.0
2000-10-15,0.0,0.0,0.0,0.0,0.0,0.0
2000-10-16,0.0,0.0,0.0,0.0,0.0,0.0
2000-10-17,0.00014547609316650778,0.0001396713050780818,0.0001304250181419775,0.00017495777865406126,0.00017015049525070935,0.00016192562179639935
2000-10-18,0.0,0.0,0.0,0.0,0.0,0.0
2000-10-19,0.0,0.0,0.0,0.0,0.0,0.0
2000-10-20,0.0,0.0,0.0,0.0,0.0,0.0
2000-10-21,1.4844781617284752e-05,1.2917770618514623e-05,1.1287334018561523e-05,1.3214141290518455e-05,1.1383903256501071e-05,1.0451028174429666e-05
2000-10-22,0.0,0.0,0.0,0.0,0.0,0.0
2000-10-23,0.0,0.0,0.0,0.0,0.0,0.0
2000-10-24,0.0,4.4825537770520896e-06,1.3746739568887278e-05,0.0,2.9751113288511988e-06,9.077608410734683e-06
2000-10-25,0.0,2.1405953702924307e-06,6.565961939486442e-06,0.0,1.4173217550705886e-06,4.325215741118882e-06
2000-10-26,0.0,0.0,0.0,0.0,0.0,0.0
2000-10-27,0.0,0.0,0.0,0.0,0.0,0.0
2000-10-28,0.0,0.0,0.0,0.0,0.0,0.0
2000-10-29,0.0,0.0,0.0,0.0,0.0,0.0
2000-10-30,3.3956584957195446e-06,3.235364602005575e-06,2.9433801955747185e-06,7.556286163890036e-06,7.46135447116103e-06,6.7520918491936754e-06
2000-10-31,0.0,3.7493002480459836e-08,1.1517835218910477e-07,0.0,8.644837379279124e-08,2.6415708020977036e-07
2000-11-01,0.0,0.0,0.0,0.0,0.0,0.0
2000-11-02,0.0,0.0,0.0,0.0,0.0,0.0
2000-11-03,0.0,0.0,0.0,0.0,0.0,0.0
2000-11-04,0.0,0.0,0.0,0.0,0.0,0.0
2000-11-05,0.00024706244585104287,0.000237436659517698,0.00021552313410211354,0.0002481334959156811,0.00023505014542024583,0.00021201510389801115
2000-11-06,3.70459420082625e-05,5.2624069212470204e-05,7.450041448464617e-05,3.933561674784869e-05,5.4694370192009956e-05,7.678376277908683e-05
2000-11-07,0.0,0.0,0.0,0.0,0.0,0.0
2000-11-08,0.0,0.0,0.0,0.0,0.0,0.0
2000-11-09,1.0252078936900944e-06,9.90868443295767e-07,8.418294896728185e-07,1.4786018027734826e-06,1.4372703844856005e-06,1.2275062317712582e-06
2000-11-10,7.095914770616218e-05,7.073997403495014e-05,6.861832662252709e-05,7.357702270383015e-05,7.240605191327631e-05,7.007256499491632e-05
2000-11-11,3.0710311875736807e-06,3.2541940981900552e-06,3.3455198718002066e-06,7.1812896749179345e-06,7.48235106584616e-06,7.650070074305404e-06
2000-11-12,0.0,0.0,0.0,0.0,0.0,0.0
2000-11-13,0.0,0.0,0.0,0.0,0.0,0.0
2000-11-14,6.005290924804285e-05,6.163159559946507e-05,6.302338442765176e-05,6.320860848063603e-05,6.328040763037279e-05,6.32258816040121e-05
2000-11-15,9.60856638698715e-08,5.733021879450462e-08,4.5892665667679466e-08,1.7275918651193933e-07,1.316678179819064e-07,1.04819562807279e-07
2000-11-16,5.760777639807202e-06,6.13227393841953e-06,6.696060609101551e-06,5.414737188402796e-06,5.2839059208054096e-06,5.5044629334588535e-06
2000-11-17,0.00022314484522212297,0.00023143397993408144,0.00022776979312766343,0.00021488724451046437,0.00022034416906535625,0.00021857806132175028
2000-11-18,2.2056952730054036e-05,2.673951348697301e-05,3.1857336580287665e-05,1.898005575640127e-05,2.3282747861230746e-05,2.9084254492772743e-05
2000-11-19,0.0,0.0,0.0,0.0,0.0,0.0
2000-11-20,1.843283280322794e-05,1.713193159957882e-05,1.4993151125963777e-05,1.4078582353249658e-05,1.2994518328923732e-05,1.1553791409824044e-05
2000-11-21,7.294512670341646e-06,7.71493523643585e-06,8.201868695323355e-06,5.2172335927025415e-06,5.554186827794183e-06,6.073832537367707e-06
2000-11-22,3.8898616594451596e-07,3.595772568587563e-07,3.757242836854857e-07,4.145416028222826e-07,3.8763855059187335e-07,3.712784462095442e-07
2000-11-23,1.9575356418499723e-05,1.782000435923692e-05,1.58790971909184e-05,2.3823889932828024e-05,2.1468013073899783e-05,1.8671256839297712e-05
2000-11-24,3.852152076433413e-05,4.0255621570395306e-05,4.178782910457812e-05,3.6377416108734906e-05,3.698221917147748e-05,3.815087620751001e-05
2000-11-25,2.6251385861542076e-05,2.468427010171581e-05,2.237769149360247e-05,2.8577289413078688e-05,2.612963544379454e-05,2.3290631361305714e-05
2000-11-26,3.679169367387658e-06,3.3130932024505455e-06,2.68238704848045e-06,6.466146260208916e-06,5.536698608921142e-06,4.4705302570946515e-06
2000-11-27,7.858843531494131e-08,8.252874295067159e-08,6.634413551864782e-08,5.264062252763324e-08,5.419694915076434e-08,4.333155700919633e-08
2000-11-28,6.298163498286158e-05,6.662395026069134e-05,6.726088031427935e-05,5.84745648666285e-05,6.162511272123083e-05,6.355220830300823e-05
2000-11-29,1.959150949915056e-06,1.400505652782158e-06,1.2131421271988074e-06,3.81082668354793e-06,3.1371494060294935e-06,2.6862444428843446e-06
2000-11-30,0.0,0.0,0.0,0.0,0.0,0.0
2000-12-01,2.3447681485322391e-07,4.375872464379427e-08,3.7629590110555e-08,1.5698346089720872e-07,3.0417815821692784e-08,2.982702795861769e-08
2000-12-02,0.0,0.0,0.0,0.0,0.0,0.0
2000-12-03,3.772688330627716e-07,5.811315304526943e-07,9.843048474067473e-07,2.5252438717870973e-07,3.8113756772872875e-07,6.420787030947395e-07
2000-12-04,0.00011944695870624855,0.00012555759167298675,0.00013013546413276345,0.00013544924149755388,0.00014040777750778943,0.0001455086312489584
2000-12-05,3.7755548873974476e-06,3.8211878745642025e-06,3.951343387598172e-06,7.812884177837986e-06,7.922203622001689e-06,8.331961907970253e-06
2000-12-06,0.0,0.0,0.0,0.0,0.0,0.0
2000-12-07,2.0422115994733758e-05,2.200359813286923e-05,2.2201933461474255e-05,1.731225711409934e-05,1.930511643877253e-05,2.137960836989805e-05
2000-12-08,1.7338247744191904e-06,1.8358956594966003e-06,1.4980142850617995e-06,1.2099950481569977e-06,1.2669650004681898e-06,1.0555228300290764e-06
2000-12-09,0.0,0.0,0.0,0.0,0.0,0.0
2000-12-10,0.0,0.0,0.0,0.0,0.0,0.0
2000-12-11,0.0004927415866404772,0.0005072517669759691,0.0005033917259424925,0.0005006648716516793,0.0005121654248796403,0.0005093574291095138
2000-12-12,2.8115482564317062e-05,2.8486596420407295e-05,2.839689295797143e-05,3.8070775190135464e-05,3.866094630211592e-05,3.9409787859767675e-05
2000-12-13,1.1011614333256148e-05,1.0067166840599384e-05,8.431862625002395e-06,1.3445681361190509e-05,1.2173510185675696e-05,1.0463081707712263e-05
2000-12-14,2.3893759134807624e-05,2.3903823603177443e-05,2.1431806089822203e-05,2.3501035684603266e-05,2.271675839438103e-05,2.0298899471526965e-05
2000-12-15,2.084229663523729e-06,1.678922899372992e-06,1.6962352447080775e-06,3.679233486764133e-06,3.0659480216854718e-06,2.8993329124205047e-06
2000-12-16,2.8628156201193633e-07,0.0,0.0,2.864331634100381e-07,0.0,0.0
2000-12-17,4.5040513896310586e-07,3.6812127746088663e-07,3.863716813157225e-07,8.798688782007957e-07,8.401173658967309e-07,8.77020738698775e-07
2000-12-18,0.0,0.0,0.0,0.0,0.0,0.0
2000-12-19,2.7130286639476253e-07,1.8743885732419585e-07,3.0411823104259383e-07,4.313028796332219e-07,3.2029964813773404e-07,3.56947197133195e-07
2000-12-20,2.141003733413527e-06,3.2290931812894996e-06,5.251502443570644e-06,1.4311718814496999e-06,2.1137063868081896e-06,3.4189558846264845e-06
2000-12-21,0.0,0.0,0.0,0.0,0.0,0.0
2000-12-22,0.0,0.0,0.0,0.0,0.0,0.0
2000-12-23,7.538504723925143e-05,7.900937634985894e-05,8.036333747440949e-05,6.271110760280862e-05,6.447166379075497e-05,6.538830348290503e-05
2000-12-24,0.00011204527254449204,0.00012206029350636527,0.00013212391058914363,0.00012002370203845203,0.0001282247103517875,0.0001372152182739228
2000-12-25,2.094906631100457e-05,2.1071529772598296e-05,1.9596949641709216e-05,2.241175934614148e-05,2.2169100702740252e-05,2.0992476493120193e-05
2000-12-26,2.1929559807176702e-05,2.198827496613376e-05,2.1578831365332007e-05,2.1280351575114764e-05,2.0543960999930277e-05,2.0050931198056787e-05
2000-12-27,2.868455703719519e-05,3.094599742325954e-05,3.3058975532185286e-05,2.7383390261093155e-05,2.8801083317375742e-05,3.072373510804027e-05
2000-12-28,0.0,1.1828256418766614e-07,3.6957143834115413e-07,0.0,8.580067856200913e-08,2.666065768153203e-07
2000-12-29,6.74833529501484e-07,1.1165317346240045e-06,1.8318289676244603e-06,1.1791589713538997e-06,1.584767346685112e-06,2.1051491785328835e-06
2000-12-30,3.940175702155102e-06,3.5435502923064632e-06,3.282626039435854e-06,8.809403880150057e-06,8.085987246886361e-06,7.449114036717219e-06
2000-12-31,0.0,0.0,0.0,0.0,0.0,0.0
2001-01-01,0.0002234444982605055,0.0002314128796570003,0.00023110532492864877,0.0002429556188872084,0.00024596357252448797,0.00024326139828190207
2001-01-02,0.00018724429537542164,0.0002047658053925261,0.0002182667813031003,0.0001738018763717264,0.00018626627570483834,0.0001993607875192538
2001-01-03,0.0,0.0,0.0,0.0,0.0,0.0
2001-01-04,0.0,0.0,0.0,0.0,0.0,0.0
2001-01-05,7.3249284469056875e-06,8.622123459645081e-06,9.778913408808876e-06,6.1841296883358154e-06,7.057275524857687e-06,7.675708729948383e-06
2001-01-06,2.590200267604814e-07,2.507477461222152e-07,2.0335636463642004e-07,6.040118023520336e-07,5.724617722080438e-07,4.616339026597416e-07
2001-01-07,2.038329330389388e-05,2.0200739527354017e-05,1.8694518075790256e-05,2.110753848683089e-05,2.0563456928357482e-05,1.9354785763425753e-05
2001-01-08,0.0,0.0,0.0,0.0,0.0,0.0
2001-01-09,3.1738952088744554e-07,3.929506817712536e-07,4.4673501520264836e-07,2.1238795966382895e-07,2.574191455551045e-07,2.90980324280099e-07
2001-01-10,0.0,0.0,0.0,0.0,0.0,0.0
2001-01-11,0.0,0.0,0.0,0.0,0.0,0.0
2001-01-12,2.5752542569534853e-06,2.6195950795226963e-06,2.456998117850162e-06,6.009484877722571e-06,5.959295322099933e-06,5.503803095052717e-06
2001-01-13,0.0,0.0,0.0,0.0,0.0,0.0
2001-01-14,1.6887398714970914e-06,1.101640691558714e-06,8.937639108808071e-07,1.1307686236250447e-06,7.220232873805799e-07,5.823986839459394e-07
2001-01-15,0.00020741333719342947,0.00021909996576141566,0.00022301550779957324,0.00021363954874686897,0.00022204584092833102,0.00022497314785141498
2001-01-16,3.470589035714511e-06,4.592847290041391e-06,5.8428322518011555e-06,3.9557307900395244e-06,4.79944355902262e-06,5.525381766346982e-06
2001-01-17,8.449446795566473e-06,9.328844498668332e-06,1.0619921340548899e-05,6.640499123022892e-06,7.074829227349255e-06,8.255989087047055e-06
2001-01-18,0.0,0.0,0.0,0.0,0.0,0.0
2001-01-19,5.257093960153725e-08,0.0,0.0,4.814820186993529e-08,0.0,0.0
2001-01-20,1.0473972906765994e-05,1.0327381460228935e-05,1.0869970537896734e-05,1.2229295862198342e-05,1.1944827747356612e-05,1.2400983905536123e-05
2001-01-21,4.863433105128934e-07,4.597326324073947e-07,3.729346360614727e-07,1.0485865686860052e-06,1.0510699439691962e-06,8.476952189084841e-07
2001-01-22,0.0,0.0,0.0,0.0,0.0,0.0
2001-01-23,0.0,0.0,0.0,0.0,0.0,0.0
2001-01-24,0.0,0.0,0.0,0.0,0.0,0.0
2001-01-25,6.024565300322138e-05,6.099251550040208e-05,5.729297481593676e-05,6.0918791859876364e-05,6.208862032508478e-05,5.989766214042902e-05
2001-01-26,5.054475423094118e-06,7.502374955947744e-06,1.128867097577313e-05,3.7313166103558615e-06,5.58741157874465e-06,8.643162800581194e-06
2001-01-27,1.5274896441042074e-06,1.0793698947964003e-06,8.75202601946512e-07,1.0244008308291086e-06,7.082578008521523e-07,5.710068080588826e-07
2001-01-28,0.0,0.0,0.0,0.0,0.0,0.0
2001-01-29,0.0,0.0,0.0,0.0,0.0,0.0
2001-01-30,0.0,0.0,0.0,0.0,0.0,0.0
2001-01-31,0.0,0.0,0.0,0.0,0.0,0.0
2001-02-01,4.297277882869821e-06,5.201271051191725e-06,6.171206678118324e-06,7.869542969274335e-06,8.850975063978694e-06,9.817597856454086e-06
2001-02-02,0.0,1.036181629388011e-08,3.238504575620027e-08,0.0,2.3709327834353644e-08,7.368948473640557e-08
2001-02-03,0.0,0.0,0.0,0.0,0.0,0.0
2001-02-04,0.0,0.0,0.0,0.0,0.0,0.0
2001-02-05,3.746403010040922e-08,4.0128618650214776e-08,3.2502853741789295e-08,8.76216077472236e-08,9.182831917087242e-08,7.397178336532306e-08
2001-02-06,2.0119642840654706e-07,2.1862599908217817e-07,1.841900001409158e-07,4.705598541931977e-07,5.003020078220288e-07,4.1921316551452037e-07
2001-02-07,1.0219546453527073e-07,4.878929189544579e-07,1.2704907703664503e-06,2.3901174017737503e-07,7.000570008131035e-07,1.5980890566424932e-06
2001-02-08,0.0,0.0,0.0,0.0,0.0,0.0
2001-02-09,0.0,0.0,0.0,0.0,0.0,0.0
2001-02-10,2.7616917464001745e-07,4.028553632906551e-07,6.867260822218668e-07,6.458216148530482e-07,7.235461225718609e-07,9.472528290643822e-07
2001-02-11,2.7300887950332253e-07,0.0,0.0,1.831338636293367e-07,0.0,0.0
2001-02-12,9.982370102079585e-05,9.872228838503361e-05,9.346046863356605e-05,8.52008379297331e-05,8.06919124443084e-05,7.438829925376922e-05
2001-02-13,7.73827123339288e-05,7.701367576373741e-05,7.280926365638152e-05,5.706218507839367e-05,5.478232924360782e-05,5.105606760480441e-05
2001-02-14,6.614755693590268e-05,6.331007170956582e-05,5.90033560001757e-05,5.225995846558362e-05,4.811063990928233e-05,4.39062096120324e-05
2001-02-15,0.0002070865302812308,0.0002294836303917691,0.0002457191585563123,0.00022549352433998138,0.00024288130225613713,0.00025623399415053427
2001-02-16,2.200595918111503e-05,2.3526945369667374e-05,2.4205637600971386e-05,2.6233599783154204e-05,2.7921587388846092e-05,2.9286547942319885e-05
2001-02-17,0.0,0.0,0.0,0.0,0.0,0.0
2001-02-18,0.0,0.0,0.0,0.0,0.0,0.0
2001-02-19,3.291999382781796e-05,3.514180571073666e-05,3.617306356318295e-05,3.367406679899432e-05,3.5118409869028255e-05,3.627203113865107e-05
2001-02-20,2.83791018773627e-06,2.628406036819797e-06,2.4886087430786574e-06,2.4096939341688994e-06,2.3474185582017526e-06,2.717408278840594e-06
2001-02-21,1.1547066605999134e-05,1.447383237973554e-05,1.7799820852815174e-05,1.2582838280650321e-05,1.5278885257430375e-05,1.8602670024847612e-05
2001-02-22,7.232624284370104e-06,1.0438919161970261e-05,1.717261693556793e-05,5.870481800229754e-06,8.759730917518027e-06,1.4917046428308822e-05
2001-02-23,0.00018227995315100998,0.00019269490439910442,0.00019268043979536742,0.00018578367598820478,0.00019206655269954354,0.00019055927987210453
2001-02-24,1.2595486623467878e-05,1.1049949534935877e-05,9.181598215945996e-06,1.690247154328972e-05,1.4965851732995361e-05,1.2614325896720402e-05
2001-02-25,5.425268678749262e-09,0.0,0.0,1.2663385895450574e-08,0.0,0.0
2001-02-26,3.525450154029386e-07,1.855970594988321e-06,4.9101176955446135e-06,2.3601907628290064e-07,1.2176607242508908e-06,3.206595238225418e-06
2001-02-27,2.981054967676755e-05,2.9365639420575462e-05,2.669249806785956e-05,2.7327147108735517e-05,2.6375573725090362e-05,2.412472531432286e-05
2001-02-28,2.6194191704576042e-08,5.746800368910954e-08,1.1427155044430037e-07,6.11080679391307e-08,1.3141679744421708e-07,2.601290702841652e-07
2001-03-01,1.132205625253846e-06,1.100574422707723e-06,8.885590432328172e-07,2.6408160920254886e-06,2.516629592719255e-06,2.022673015744658e-06
2001-03-02,7.3307037382619455e-06,6.654151547991205e-06,5.796914138045395e-06,7.892173016443849e-06,7.459576409019064e-06,6.882150501041906e-06
2001-03-03,3.6794788229599362e-06,3.579045596779906e-06,3.242085313104326e-06,5.858053100382676e-06,5.8776586229214445e-06,5.527052053366788e-06
2001-03-04,6.385384040186182e-06,6.408075932995416e-06,5.363387117540697e-06,7.652509339095559e-06,7.700786227360368e-06,6.6234570113010705e-06
2001-03-05,3.5634673167805886e-07,3.7916132100690447e-07,3.059967923491058e-07,8.305337360070553e-07,8.668155260238564e-07,6.964761496419669e-07
2001-03-06,0.0,0.0,0.0,0.0,0.0,0.0
2001-03-07,5.461451451083121e-07,5.173078534426168e-07,5.204488502386084e-07,1.1019145631507854e-06,1.0626310995576205e-06,1.0882064316319884e-06
2001-03-08,8.419566438533366e-05,8.664935012347996e-05,8.55583930388093e-05,7.107204146450385e-05,7.180534157669172e-05,7.078633643686771e-05
2001-03-09,0.00030299159698188305,0.00031804764876142144,0.0003259963996242732,0.00032232137164101005,0.00033078843262046576,0.0003370649355929345
2001-03-10,2.0044919438078068e-05,1.9961567886639386e-05,1.8607235688250512e-05,2.0698083972092718e-05,2.050466719083488e-05,1.9453065760899335e-05
2001-03-11,1.5432229702128097e-05,1.827964479161892e-05,1.9764045646297745e-05,1.4235230992198922e-05,1.64517477969639e-05,1.7761938579496928e-05
2001-03-12,2.7814774057333125e-06,3.2627112886984833e-06,3.314148216304602e-06,2.649782800290268e-06,3.260901848989306e-06,3.734457322934759e-06
2001-03-13,9.476691047893837e-06,8.65801666805055e-06,7.454125807271339e-06,9.570660949975718e-06,9.121265065914486e-06,8.39836138766259e-06
2001-03-14,0.0,0.0,0.0,0.0,0.0,0.0
2001-03-15,8.768668635639187e-08,1.1286486767403403e-07,1.358727246270064e-07,2.0400075584348087e-07,2.5791473490244243e-07,3.091768689955643e-07
2001-03-16,0.0,0.0,0.0,0.0,0.0,0.0
2001-03-17,0.0,0.0,0.0,0.0,0.0,0.0
2001-03-18,0.0,0.0,0.0,0.0,0.0,0.0
2001-03-19,0.0,0.0,0.0,0.0,0.0,0.0
2001-03-20,3.1915304134599864e-05,3.159360130666755e-05,2.953868533950299e-05,3.466232737991959e-05,3.347333404235542e-05,3.099551395280287e-05
2001-03-21,0.0,0.0,0.0,0.0,0.0,0.0
2001-03-22,8.269292447948828e-05,7.77869499870576e-05,7.106174598447978e-05,8.910906763048843e-05,8.272051491076127e-05,7.584345439681783e-05
2001-03-23,5.088737088954076e-05,6.398550613084808e-05,7.697764522163197e-05,4.518231799011119e-05,5.698840686818585e-05,7.031538552837446e-05
2001-03-24,0.0,0.0,0.0,0.0,0.0,0.0
2001-03-25,6.120622515481955e-07,3.105596135810629e-07,2.5012673177116085e-07,6.859772270217945e-07,2.0357359176159662e-07,1.63273540465525e-07
2001-03-26,0.00013445234799291939,0.0001397887390339747,0.0001389584067510441,0.00012516889546532184,0.0001292803935939446,0.0001296081318287179
2001-03-27,5.9839199820999056e-05,6.041258166078478e-05,5.739315747632645e-05,6.639710045419633e-05,6.619437772314996e-05,6.312390178209171e-05
2001-03-28,0.0,0.0,0.0,0.0,0.0,0.0
2001-03-29,2.8946528729534293e-08,0.0,0.0,6.722185474927755e-08,0.0,0.0
2001-03-30,4.694985909736715e-05,4.383697159937583e-05,3.7767156754853204e-05,4.7895198804326355e-05,4.347807407611981e-05,3.796313831117004e-05
2001-03-31,1.0740593097580131e-05,1.1757991160266101e-05,1.2621249879885e-05,8.910999895306304e-06,9.358373972645495e-06,9.766217772266828e-06
2001-04-01,1.5487876225961372e-05,1.5323057596106082e-05,1.4733393982169218e-05,1.8590248146210797e-05,1.81998129846761e-05,1.7327372916042805e-05
2001-04-02,0.0,0.0,0.0,0.0,0.0,0.0
2001-04-03,6.980032048886642e-05,7.110047590686008e-05,7.161976100178435e-05,6.291066529229283e-05,6.300546374404803e-05,6.335385114653036e-05
2001-04-04,5.828063876833767e-05,6.0454971389845014e-05,6.197296170284972e-05,5.22447116964031e-05,5.295906521496363e-05,5.356255132937804e-05
2001-04-05,0.0,0.0,0.0,0.0,0.0,0.0
2001-04-06,0.000482965144328773,0.00051217240979895,0.0005161146400496364,0.00046867941273376346,0.0004927485715597868,0.000495604588650167
2001-04-07,2.131174005626235e-05,2.602055792522151e-05,3.0001656341482885e-05,2.6615511160343885e-05,3.113507045782171e-05,3.4435845009284094e-05
2001-04-08,1.4059127124710358e-06,1.1025267667719163e-06,8.855525379658502e-07,2.0992415556975175e-06,1.6709392411939916e-06,1.3366036455408903e-06
2001-04-09,0.0,0.0,0.0,0.0,0.0,0.0
2001-04-10,0.0,0.0,0.0,0.0,0.0,0.0
2001-04-11,0.0,0.0,0.0,0.0,0.0,0.0
2001-04-12,1.306122612731997e-06,0.0,0.0,1.2107819884477067e-06,0.0,0.0
2001-04-13,0.00010214326903223991,0.00010361474414821714,0.00010267787729389966,0.00010681822459446266,0.0001059278438333422,0.00010391243995400146
2001-04-14,4.1174578768732317e-07,5.974560508548166e-07,8.62314493588201e-07,9.556752047501504e-07,1.3676318530997378e-06,1.9660715224745218e-06
2001-04-15,0.0,0.0,0.0,0.0,0.0,0.0
2001-04-16,0.0,0.0,0.0,0.0,0.0,0.0
2001-04-17,2.7704640160663985e-05,2.806300835800357e-05,2.902104824897833e-05,3.073643165407702e-05,3.114566425210796e-05,3.192488293279894e-05
2001-04-18,5.09149913341389e-07,6.85978250203334e-07,9.050743301486364e-07,1.181885636469815e-06,1.3748147011938272e-06,1.4606322338295286e-06
2001-04-19,0.0,0.0,0.0,0.0,0.0,0.0
2001-04-20,5.7352135627297685e-06,5.356507244869135e-06,4.895501206192421e-06,1.3314258467289619e-05,1.2275288099772297e-05,1.1176621228514705e-05
2001-04-21,3.829981869785115e-05,3.626868056016974e-05,3.376021413714625e-05,5.074931323179044e-05,4.858277679886669e-05,4.607714799931273e-05
2001-04-22,0.0,1.6509955003130017e-07,5.089764840704447e-07,0.0,1.0858384769107943e-07,3.335198357490299e-07
2001-04-23,0.0,1.874339545793191e-07,5.775777367489354e-07,0.0,2.3157251405336865e-07,7.110109550012567e-07
2001-04-24,0.0,0.0,0.0,0.0,0.0,0.0
2001-04-25,0.00013759933062829077,0.00014123256551101804,0.00014104216825217009,0.00012355462240520865,0.00012569398677442223,0.00012645902461372316
2001-04-26,7.4437128205318e-05,8.346646063728258e-05,9.097519796341658e-05,6.458225834649056e-05,7.205627480288967e-05,7.875095616327599e-05
2001-04-27,3.884787656716071e-05,3.7032314139651135e-05,3.5915345506509766e-05,4.3562315113376826e-05,4.115331466891803e-05,3.96064278902486e-05
2001-04-28,0.0,0.0,0.0,0.0,0.0,0.0
2001-04-29,0.0,0.0,0.0,0.0,0.0,0.0
2001-04-30,0.0,0.0,0.0,0.0,0.0,0.0
2001-05-01,0.0,0.0,0.0,0.0,0.0,0.0
2001-05-02,4.087066827196395e-06,2.6143709419557126e-06,2.3185084501164965e-06,6.946291250642389e-06,5.221766059548827e-06,4.688621174864238e-06
2001-05-03,0.00012914779654238373,0.0001288296189159155,0.00012461873120628297,0.0001488928246544674,0.0001478646299801767,0.00014462678518611938
2001-05-04,9.890756336972117e-05,0.00010648445459082723,0.00011138940317323431,7.802467735018581e-05,8.425759006058797e-05,8.87298010638915e-05
2001-05-05,0.00010683800792321563,0.00011916334187844768,0.0001281562290387228,9.746510477270931e-05,0.0001083364404621534,0.00011759699555113912
2001-05-06,0.0,0.0,0.0,0.0,0.0,0.0
2001-05-07,0.0,0.0,0.0,0.0,0.0,0.0
2001-05-08,0.0,0.0,0.0,0.0,0.0,0.0
2001-05-09,4.676873504649848e-05,3.5558452509576455e-05,2.818543180183042e-05,5.368623533286154e-05,4.2462510464247316e-05,3.357810419402085e-05
2001-05-10,0.0001545426930533722,0.00015468614583369344,0.00014942492998670787,0.00014350225683301687,0.000143186523928307,0.0001400120963808149
2001-05-11,0.0003094489511568099,0.0003372552164364606,0.0003622159129008651,0.00028022160404361784,0.0003085208300035447,0.0003375575179234147
2001-05-12,2.1378061774157686e-06,2.3599807263963157e-06,2.2339670522342203e-06,4.971255748387193e-06,5.440679160528816e-06,5.139533186593326e-06
2001-05-13,0.0,4.7673364633737947e-07,1.4546343436450115e-06,0.0,4.153663724082435e-07,1.2649040854739724e-06
2001-05-14,0.0,0.0,0.0,0.0,0.0,0.0
2001-05-15,8.327575778821483e-05,8.539824921172112e-05,8.971709030447528e-05,7.557819481007755e-05,7.698772242292762e-05,8.120764687191695e-05
2001-05-16,0.0,0.0,0.0,0.0,0.0,0.0
2001-05-17,0.0,0.0,0.0,0.0,0.0,0.0
2001-05-18,0.0,0.0,0.0,0.0,0.0,0.0
2001-05-19,0.0,0.0,0.0,0.0,0.0,0.0
2001-05-20,2.122957766914624e-06,0.0,0.0,1.484354925196385e-06,0.0,0.0
2001-05-21,8.34802704048343e-05,8.300378976855427e-05,8.47710543894209e-05,9.339397365693003e-05,9.30626702029258e-05,9.366544691147283e-05
2001-05-22,0.00010512003063922748,0.00010976065823342651,0.00011044111306546256,0.00010979234502883628,0.00011421567614888772,0.00011592533701332286
2001-05-23,0.0,0.0,0.0,0.0,0.0,0.0
2001-05-24,2.851186400221195e-05,2.411324567219708e-05,1.901888936117757e-05,2.5883955458994024e-05,2.1963500330457464e-05,1.7360755009576678e-05
2001-05-25,7.467660452675773e-06,7.655106855963822e-06,6.024274625815451e-06,4.986045951227425e-06,5.0820581236621365e-06,3.996903160441434e-06
2001-05-26,0.0,0.0,0.0,0.0,0.0,0.0
2001-05-27,0.00015184645599219948,0.0001578732335474342,0.0001574307680130005,0.00015746547433082014,0.0001639696565689519,0.0001656711392570287
2001-05-28,0.0,1.1022827948181657e-06,3.342547870488488e-06,0.0,7.756056561447622e-07,2.3512609459430678e-06
2001-05-29,0.00031872407998889685,0.0003452026576269418,0.0003731113683898002,0.0002939608821179718,0.00031185790430754423,0.00032968196319416165
2001-05-30,4.3082658521598205e-05,5.098365727462806e-05,6.095183198340237e-05,4.158188676228747e-05,4.7925834223860875e-05,5.395287735154852e-05
2001-05-31,0.0,0.0,0.0,0.0,0.0,0.0
2001-06-01,2.3691698515904136e-05,1.8095530322170816e-05,1.537541174911894e-05,2.5428338631172664e-05,2.232398219348397e-05,2.023430533881765e-05
2001-06-02,0.0002047999296337366,0.00021988165099173784,0.00023172819055616856,0.00019369684741832316,0.00020813177980016917,0.00021863878646399826
2001-06-03,1.801134567358531e-05,2.2032027118257247e-05,3.1365558243123814e-05,1.2599490219145082e-05,1.6209238310693763e-05,2.426790706522297e-05
2001-06-04,0.0,0.0,0.0,0.0,0.0,0.0
2001-06-05,0.0,0.0,0.0,0.0,0.0,0.0
2001-06-06,0.0,0.0,0.0,0.0,0.0,0.0
2001-06-07,0.0,0.0,0.0,0.0,0.0,0.0
2001-06-08,1.7461514289607294e-05,1.651915954425931e-05,1.5742280083941296e-05,1.774245174601674e-05,1.6729745766497217e-05,1.641116068640258e-05
2001-06-09,5.166757546248846e-05,5.430049714050256e-05,5.2102092013228685e-05,5.022042751079425e-05,5.213478289078921e-05,4.991757305106148e-05
2001-06-10,2.3551456251880154e-05,2.512604078219738e-05,2.2463615096057765e-05,2.7048048650613055e-05,2.9194115995778702e-05,2.7656951715471223e-05
2001-06-11,0.0,0.0,0.0,0.0,0.0,0.0
2001-06-12,0.0,0.0,0.0,0.0,0.0,0.0
2001-06-13,0.0,0.0,0.0,0.0,0.0,0.0
2001-06-14,8.034781058086082e-05,7.902953802840784e-05,7.397267472697422e-05,8.48888885229826e-05,8.293941209558398e-05,7.818503945600241e-05
2001-06-15,0.00013025586667936295,0.0001320620212936774,0.00012893423263449222,0.00016431584663223475,0.00016714894445613027,0.00016440257604699582
2001-06-16,9.927286009769887e-05,0.0001060481445165351,0.00010857650340767577,9.70805631368421e-05,0.00010397329606348649,0.00010771916277008131
2001-06-17,2.123692155464596e-08,3.7273545672178443e-07,1.1276938494120259e-06,4.943370157661775e-08,3.591696895455243e-07,1.0882783954002662e-06
2001-06-18,0.0,0.0,0.0,0.0,0.0,0.0
2001-06-19,0.0,0.0,0.0,0.0,0.0,0.0
2001-06-20,3.5153996691406064e-07,6.163980970086413e-07,1.0566500350250863e-06,8.181523298844695e-07,1.432367184861505e-06,2.4595026388851693e-06
2001-06-21,0.0,0.0,0.0,0.0,0.0,0.0
2001-06-22,7.228807226056233e-05,7.994300540303811e-05,8.120404527289793e-05,8.385469118366018e-05,9.202076762448996e-05,9.48675224208273e-05
2001-06-23,1.5789642930030823e-05,1.9130553482682444e-05,2.3869350116001442e-05,3.6740115319844335e-05,4.0338320104638115e-05,4.307981362217106e-05
2001-06-24,2.1498674414033303e-06,1.6261880091406056e-06,3.29646945829154e-06,5.002017587685259e-06,3.778680138566415e-06,7.673934305785224e-06
2001-06-25,1.0163470506086014e-05,1.1292814633634407e-05,1.1316122254356742e-05,1.7727403246681206e-05,2.0117886379011907e-05,2.0758478058269247e-05
2001-06-26,2.069182755803922e-06,4.977838671038626e-06,1.0311786354577634e-05,4.8134534154087305e-06,8.292483471450396e-06,1.4066556104808114e-05
2001-06-27,0.0,0.0,0.0,0.0,0.0,0.0
2001-06-28,0.0,3.300230133618243e-08,1.0006889539226904e-07,0.0,7.666487533697364e-08,2.329179267235304e-07
2001-06-29,0.0,0.0,0.0,0.0,0.0,0.0
2001-06-30,1.7423618103862282e-08,0.0,0.0,4.0515381272143713e-08,0.0,0.0
2001-07-01,0.0,0.0,0.0,0.0,0.0,0.0
2001-07-02,3.275505605415674e-06,3.6722499316965695e-06,3.842646492557833e-06,7.614818514412036e-06,8.526557394361589e-06,8.940274710766971e-06
2001-07-03,1.471339174941022e-07,0.0,0.0,9.811189016772914e-08,0.0,0.0
2001-07-04,2.38831660226424e-07,2.459202619320422e-07,1.937319922262759e-07,5.550917876462336e-07,5.708160983886046e-07,4.5059536546432355e-07
2001-07-05,4.734381218440831e-05,5.021094693802297e-05,5.02901675645262e-05,6.722780381096527e-05,7.003477367106825e-05,7.067930710036308e-05
2001-07-06,0.00010816914436873049,0.00010726855543907732,9.607215179130435e-05,0.00011748506949516013,0.00011571783397812396,0.00010508962441235781
2001-07-07,0.00010613830818329006,0.00010596046195132658,0.0001019476039800793,0.00010067906259791926,9.786037844605744e-05,9.029828652273864e-05
2001-07-08,0.00012087832146789879,0.00012775571667589247,0.00013235285587143153,0.00012857196270488203,0.0001351338141830638,0.00013883848441764712
2001-07-09,0.0,1.7104097196352086e-06,5.20829644301557e-06,0.0,2.9199975415394874e-06,8.909382813726552e-06
2001-07-10,0.0,0.0,0.0,0.0,0.0,0.0
2001-07-11,0.00010019638284575194,0.00011161965085193515,0.00012005535245407373,9.431719081476331e-05,0.00010546766861807555,0.00011434734187787399
2001-07-12,1.904691816889681e-05,2.9691304007428698e-05,4.613726196112111e-05,2.001350003411062e-05,2.8887303415103815e-05,4.1602907003834844e-05
2001-07-13,0.0,0.0,0.0,0.0,0.0,0.0
2001-07-14,0.0001389667741023004,0.0001384451607009396,0.00013906681851949543,0.00013473638682626188,0.00013389982632361352,0.00013476893946062773
2001-07-15,0.00014961426495574415,0.000154657187522389,0.00014822478988207877,0.0001501083461334929,0.00015610676200594753,0.0001518325589131564
2001-07-16,0.0,1.4970952477710853e-08,4.573846013045113e-08,0.0,3.4649172420131436e-08,1.0605218392356619e-07
2001-07-17,0.0,1.4910614254404209e-07,4.557629154078313e-07,0.0,9.896662334085704e-08,3.0304789788715425e-07
2001-07-18,1.8574817659100518e-05,1.6771051377872936e-05,1.5097626601345837e-05,1.4472649127128534e-05,1.1128060577902943e-05,1.0035300874733366e-05
2001-07-19,0.00017660179582890123,0.00018712610471993685,0.00019264695583842695,0.00017537674284540117,0.00018578952585812658,0.0001914206804940477
2001-07-20,7.360389281529933e-05,7.46036967029795e-05,7.190683390945196e-05,7.78561006882228e-05,7.866294617997482e-05,7.680817361688241e-05
2001-07-21,0.00011705944052664563,0.00012495415285229683,0.00013000224134884775,0.00011669675586745143,0.00012376635277178138,0.0001295022520935163
2001-07-22,2.701889343370567e-06,0.0,0.0,4.255934982211329e-06,0.0,0.0
2001-07-23,0.00011872144386870787,0.00012766130384989083,0.0001338981674052775,0.00010555443441262469,0.00011396590707590804,0.0001197526726173237
2001-07-24,0.0,0.0,0.0,0.0,0.0,0.0
2001-07-25,9.979549940908328e-05,9.629324631532654e-05,8.942079148255289e-05,9.946944192051888e-05,9.483681787969545e-05,8.84568871697411e-05
2001-07-26,0.00019936970784328878,0.00020791862334590405,0.00021427222236525267,0.00019897449237760156,0.0002058017416857183,0.0002125720784533769
2001-07-27,3.219499558326788e-05,4.111157250008546e-05,5.032858462072909e-05,2.138505078619346e-05,2.9669863579329103e-05,4.093981988262385e-05
2001-07-28,0.0,0.0,0.0,0.0,0.0,0.0
2001-07-29,0.0,0.0,0.0,0.0,0.0,0.0
2001-07-30,7.084382218636165e-07,0.0,0.0,1.6395282500525354e-06,0.0,0.0
2001-07-31,0.00010639396350597963,0.00010326248593628407,9.522031177766621e-05,0.00011678016744554043,0.00011449892917880788,0.0001073597013601102
2001-08-01,8.452089241473004e-05,9.093961853068322e-05,9.81292178039439e-05,8.303357753902674e-05,8.936189260566607e-05,9.798864630283788e-05
2001-08-02,1.8057856721043208e-07,3.2570947041676845e-06,9.598735232430045e-06,4.177048822384677e-07,2.694670001801569e-06,7.317763902392471e-06
2001-08-03,9.13815529202111e-05,9.259703801944852e-05,9.4006369181443e-05,9.201942884828895e-05,9.312215115642175e-05,9.51041147345677e-05
2001-08-04,5.4547715990338475e-05,5.839301229570992e-05,6.27605986665003e-05,3.618482151068747e-05,3.8533595215994865e-05,4.1449380660196766e-05
2001-08-05,0.0,2.7091587071481626e-06,8.347788934770506e-06,0.0,1.7872605440061307e-06,5.511217750608921e-06
2001-08-06,0.0,0.0,0.0,0.0,0.0,0.0
2001-08-07,0.0,0.0,0.0,0.0,0.0,0.0
2001-08-08,0.0,0.0,0.0,0.0,0.0,0.0
2001-08-09,4.35391666542273e-05,3.691156962304376e-05,2.957045398943592e-05,4.2790099541889504e-05,3.629378625191748e-05,2.9157150493119843e-05
2001-08-10,7.880278280936182e-05,7.547451241407543e-05,6.661230872850865e-05,8.888279990060255e-05,8.66680420585908e-05,7.943745731608942e-05
2001-08-11,9.255266922991723e-05,9.312819020124152e-05,9.028592467075214e-05,9.134818537859246e-05,9.176861931337044e-05,8.955921657616273e-05
2001-08-12,9.447848242416512e-06,6.058020062482683e-06,4.84755673824111e-06,6.533432497235481e-06,3.989627202827251e-06,3.193224529240979e-06
2001-08-13,9.313961345469579e-05,8.869427256286144e-05,8.184400212485343e-05,0.00011139409616589546,0.00010758456483017653,0.0001018178227241151
2001-08-14,8.948262984631583e-05,9.563307685311884e-05,0.00010091338481288403,8.571631042286754e-05,9.198919724440202e-05,9.740465611685067e-05
2001-08-15,7.327437924686819e-05,6.811043567722663e-05,5.8892055676551536e-05,7.105436088750139e-05,6.593808939214796e-05,5.721236448152922e-05
2001-08-16,2.115604729624465e-05,2.0353048967081122e-05,1.7588587070349604e-05,1.4014878615853377e-05,1.3394337656791322e-05,1.1574365089472849e-05
2001-08-17,0.0,0.0,0.0,0.0,0.0,0.0
2001-08-18,0.0,0.0,0.0,0.0,0.0,0.0
2001-08-19,0.0002084291772916913,0.00021012191427871585,0.0001992476754821837,0.00020213404786773026,0.0002062429120996967,0.00019947615510318428
2001-08-20,0.0,0.0,0.0,0.0,0.0,0.0
2001-08-21,0.0,0.0,0.0,0.0,0.0,0.0
2001-08-22,0.0,0.0,0.0,0.0,0.0,0.0
2001-08-23,0.0,0.0,0.0,0.0,0.0,0.0
2001-08-24,2.489306098141242e-06,2.2011220153217437e-06,1.762458964549296e-06,5.746845999965444e-06,5.045925718150102e-06,4.037584858451737e-06
2001-08-25,4.384460407891311e-05,3.687844582600519e-05,3.192580697941594e-05,6.568073877133429e-05,5.9072386648040265e-05,5.2755825890926644e-05
2001-08-26,2.792519069316768e-07,0.0,0.0,6.446992415476416e-07,0.0,0.0
2001-08-27,0.0,0.0,0.0,0.0,0.0,0.0
2001-08-28,0.0,0.0,0.0,0.0,0.0,0.0
2001-08-29,0.0,0.0,0.0,0.0,0.0,0.0
2001-08-30,3.1110859708860517e-05,2.242996015411336e-05,1.9791530576185323e-05,4.807216828339733e-05,4.262660149834119e-05,3.829105480690487e-05
2001-08-31,0.00010325049515813589,0.00011238487786613405,0.00011273361451458186,9.588947432348505e-05,0.00010509572894079611,0.00010828862286871299
2001-09-01,0.0,0.0,0.0,0.0,0.0,0.0
2001-09-02,0.0,0.0,0.0,0.0,0.0,0.0
2001-09-03,0.0,0.0,0.0,0.0,0.0,0.0
2001-09-04,0.0,0.0,0.0,0.0,0.0,0.0
2001-09-05,0.00017366748943459243,0.00018209751578979194,0.00019218120723962784,0.0001711888035060838,0.00017865397967398167,0.0001884499070001766
2001-09-06,8.899314707377926e-07,5.395400876295753e-06,1.4517398085445166e-05,2.056231778624351e-06,6.0223760556255e-06,1.3689841580344364e-05
2001-09-07,0.0,0.0,0.0,0.0,0.0,0.0
2001-09-08,3.1903621966478113e-09,0.0,0.0,7.373497368234894e-09,0.0,0.0
2001-09-09,1.680401737758075e-07,0.0,0.0,3.8842892990942346e-07,0.0,0.0
2001-09-10,0.0,0.0,0.0,0.0,0.0,0.0
2001-09-11,0.0,0.0,0.0,0.0,0.0,0.0
2001-09-12,0.00010396973812021315,0.0001128513686126098,0.00011810527212219313,9.311045869253576e-05,9.998952009482309e-05,0.00010547264537308365
2001-09-13,0.0,0.0,0.0,0.0,0.0,0.0
2001-09-14,0.0,0.0,0.0,0.0,0.0,0.0
2001-09-15,0.0,0.0,0.0,0.0,0.0,0.0
2001-09-16,0.0,0.0,0.0,0.0,0.0,0.0
2001-09-17,0.0,0.0,0.0,0.0,0.0,0.0
2001-09-18,0.0,0.0,0.0,0.0,0.0,0.0
2001-09-19,0.0,0.0,0.0,0.0,0.0,0.0
2001-09-20,0.0,0.0,0.0,0.0,0.0,0.0
2001-09-21,2.304067947989097e-06,2.5730835204740288e-06,3.7376264572230866e-06,1.613409153833345e-06,2.176524731112295e-06,3.789293941736105e-06
2001-09-22,3.1550084145237633e-07,6.689225529044052e-07,1.3093742836645106e-06,7.312314664886799e-07,1.5395202126455843e-06,3.0045998755667824e-06
2001-09-23,0.0,0.0,0.0,0.0,0.0,0.0
2001-09-24,2.7077048798673786e-06,8.260763934231363e-06,1.89695037988713e-05,1.926140384966857e-06,8.511082342010923e-06,2.1546058633248322e-05
2001-09-25,0.0,0.0,0.0,0.0,0.0,0.0
2001-09-26,0.0,0.0,0.0,0.0,0.0,0.0
2001-09-27,0.0,0.0,0.0,0.0,0.0,0.0
2001-09-28,2.291031341883354e-05,2.383868195465766e-05,2.295013291586656e-05,2.908446913352236e-05,3.0128749131108634e-05,2.91506130452035e-05
2001-09-29,2.0770005448866868e-07,3.74780597667268e-08,1.1492433316107054e-07,1.3834736023454752e-07,8.638502180247087e-08,2.639692979755637e-07
2001-09-30,1.7797601685742848e-06,2.1174651010369416e-06,2.347541794733843e-06,1.933357680172776e-06,2.2635852019448066e-06,2.516575705158175e-06
2001-10-01,0.0,0.0,0.0,0.0,0.0,0.0
2001-10-02,4.2600945562298875e-06,1.8319868786420557e-06,1.4886643384670606e-06,6.637775186391082e-06,4.019117568532238e-06,3.2574639590166043e-06
2001-10-03,3.044208096980583e-05,2.672968912520446e-05,2.38516822719248e-05,3.267200372647494e-05,2.8400449082255363e-05,2.609488001326099e-05
2001-10-04,3.779930557357147e-05,4.3507316149771214e-05,4.819184687221423e-05,3.0351780878845602e-05,3.491752431727946e-05,4.027425529784523e-05
2001-10-05,1.2093483746866696e-05,8.903199159249198e-06,7.647478923900053e-06,2.1338837541406974e-05,1.7108843167079613e-05,1.485900520492578e-05
2001-10-06,6.191848660819232e-05,6.086568828322925e-05,5.662569310516119e-05,6.580873014172539e-05,6.368714821292087e-05,5.874989801668562e-05
2001-10-07,0.0,0.0,0.0,0.0,0.0,0.0
2001-10-08,0.0,0.0,0.0,0.0,0.0,0.0
2001-10-09,0.0,0.0,0.0,0.0,0.0,0.0
2001-10-10,0.0,0.0,0.0,0.0,0.0,0.0
2001-10-11,2.901013067457825e-05,3.0221657652873546e-05,3.118922541034408e-05,3.3975560654653236e-05,3.567546445992775e-05,3.6602741602109745e-05
2001-10-12,8.908780728233978e-06,9.307054824603256e-06,9.128588317253161e-06,8.897313819034025e-06,9.440083886147477e-06,9.188785043079406e-06
2001-10-13,0.0,0.0,0.0,0.0,0.0,0.0
2001-10-14,0.0,0.0,0.0,0.0,0.0,0.0
2001-10-15,0.0,0.0,0.0,0.0,0.0,0.0
2001-10-16,0.0,0.0,0.0,0.0,0.0,0.0
2001-10-17,0.0,0.0,0.0,0.0,0.0,0.0
2001-10-18,1.484780653981943e-07,2.1213091372374038e-07,3.0098283332335996e-07,3.464725750745856e-07,4.898915904050227e-07,6.917690029695223e-07
2001-10-19,0.0,0.0,0.0,0.0,0.0,0.0
2001-10-20,1.3820004824083298e-05,1.0838662092282902e-05,9.298868462792598e-06,1.6772306480561383e-05,1.262230216525495e-05,1.0930228199867997e-05
2001-10-21,2.702280198718654e-06,2.736228907451732e-06,2.174355813622242e-06,4.28434486821061e-06,4.24325935455272e-06,3.355309900143766e-06
2001-10-22,0.0,0.0,0.0,0.0,0.0,0.0
2001-10-23,0.0,0.0,0.0,0.0,0.0,0.0
2001-10-24,1.0611664038151503e-05,1.1502224879222922e-05,1.219908517668955e-05,1.4046701835468411e-05,1.4183193343342282e-05,1.3967006452730857e-05
2001-10-25,0.0,0.0,0.0,0.0,0.0,0.0
2001-10-26,0.0,0.0,0.0,0.0,0.0,0.0
2001-10-27,7.64397825037122e-08,2.0500297015502156e-09,6.291020149262749e-09,1.7864535095668543e-07,4.730278835296531e-09,1.4440729501075111e-08
2001-10-28,7.909455234766938e-06,6.408509761968162e-06,5.888015493837884e-06,1.222338050865801e-05,1.0465760169608984e-05,1.0093898708873894e-05
2001-10-29,0.0,0.0,0.0,0.0,0.0,0.0
2001-10-30,0.0,0.0,0.0,0.0,0.0,0.0
2001-10-31,6.421761645469815e-05,5.66109738429077e-05,4.687194086727686e-05,6.980183388805017e-05,6.207849219208583e-05,5.2190756832715124e-05
2001-11-01,0.00034413160756230354,0.00041422279900871217,0.0005002671969123185,0.00033532397355884314,0.0003990133700426668,0.00047737310524098575
2001-11-02,2.810555452015251e-05,3.144675065414049e-05,3.559256219887175e-05,4.492619336815551e-05,4.8842444812180474e-05,5.365072865970433e-05
2001-11-03,0.0,1.0785235815546912e-08,3.316220897886524e-08,0.0,2.4851079416521316e-08,7.599966522775503e-08
2001-11-04,9.505180287305848e-08,6.743365332795292e-08,5.3772886587921676e-08,2.222788566541567e-07,1.553413682131577e-07,1.232019712915644e-07
2001-11-05,0.0,0.0,0.0,0.0,0.0,0.0
2001-11-06,0.0,0.0,0.0,0.0,0.0,0.0
2001-11-07,0.0,0.0,0.0,0.0,0.0,0.0
2001-11-08,0.0,0.0,0.0,0.0,0.0,0.0
2001-11-09,0.0,0.0,0.0,0.0,0.0,0.0
2001-11-10,0.0,0.0,0.0,0.0,0.0,0.0
2001-11-11,5.271103020731971e-08,5.496889698974883e-08,4.393881525288634e-08,1.2325929787948553e-07,1.2638969337785966e-07,1.0047318710348918e-07
2001-11-12,1.397791402268922e-05,1.1600208381423727e-05,9.828877409745473e-06,2.7399071768741123e-05,2.367778324696701e-05,2.0093519196962006e-05
2001-11-13,1.5744722986710258e-05,1.082427115761675e-05,9.150252481049392e-06,3.3170268579851836e-05,2.4873959773685783e-05,2.091140231641475e-05
2001-11-14,5.292091373121366e-05,5.2006209443788975e-05,4.978838478564285e-05,5.964332740404643e-05,5.912733104196377e-05,5.6063381634885445e-05
2001-11-15,1.9010153096132854e-07,1.3873520288143482e-07,1.7204597213549278e-07,4.444303840500652e-07,3.186270873811736e-07,3.9295568399211334e-07
2001-11-16,7.913680747151375e-06,7.022281351964921e-06,5.876771865587216e-06,9.482901987212244e-06,8.324633199663367e-06,7.2082170845533255e-06
2001-11-17,5.248296588433732e-07,5.102136242385313e-07,4.262260802079254e-07,6.994844738983375e-07,6.965881880205416e-07,5.94910829931905e-07
2001-11-18,3.20542403642321e-06,3.2639452456351137e-06,2.9899654236942297e-06,2.842632738975226e-06,2.8429437861632323e-06,2.658952553247218e-06
2001-11-19,4.3550469854380935e-05,4.891626304015517e-05,5.435413550003432e-05,3.4082349884556606e-05,3.831549474853091e-05,4.353147960500792e-05
2001-11-20,0.0,0.0,0.0,0.0,0.0,0.0
2001-11-21,6.758067320333794e-05,7.103272218955681e-05,7.157127402024344e-05,4.9246147682424635e-05,5.1448056183289737e-05,5.2118015446467325e-05
2001-11-22,0.0003311671025585383,0.00037081772461533546,0.00040319838444702327,0.0003019672294612974,0.00033555444679223,0.0003666947886813432
2001-11-23,0.0,0.0,0.0,0.0,0.0,0.0
2001-11-24,2.3049310584610794e-06,1.951731974259019e-06,2.2421422727347817e-06,1.5444509244844085e-06,1.2826670854337863e-06,1.4654757478638203e-06
2001-11-25,0.0002191635430790484,0.0002316845639143139,0.000240036184550263,0.00021541559544857591,0.00022256319061852992,0.00022898345196153969
2001-11-26,7.1261283665080555e-06,6.0207603382878006e-06,5.9110629990755115e-06,5.3893659242021386e-06,4.546193849819247e-06,4.4272164814174175e-06
2001-11-27,7.237883983179927e-05,7.78929897933267e-05,8.013478509383276e-05,6.145036604721099e-05,6.594391743419692e-05,6.894996477058157e-05
2001-11-28,7.89393307059072e-05,8.066442387644202e-05,7.98153123469092e-05,6.093200499890372e-05,6.107758963480592e-05,6.003760063322261e-05
2001-11-29,0.00010402928455732763,0.00011335996532579884,0.0001203395368065685,0.00010220357944490388,0.00010800621384987608,0.00011345795064698905
2001-11-30,7.860859477659687e-05,8.225820783991367e-05,8.32914884085767e-05,6.338729872368276e-05,6.484671757789329e-05,6.516610301332548e-05
2001-12-01,0.00012219652126077563,0.00013286693138070405,0.00014227554493118078,0.0001272043155040592,0.00013600863167084754,0.00014447668218053877
2001-12-02,6.759955795132555e-07,6.456227197304543e-07,5.463488150780904e-07,1.5645892972315778e-06,1.4636672176493448e-06,1.2034103065161617e-06
2001-12-03,2.267606760142371e-05,2.5459303287789226e-05,2.7381516702007502e-05,2.9090753741911612e-05,3.1483406928600743e-05,3.297389412182383e-05
2001-12-04,1.2168183793903609e-08,4.423014132726166e-08,1.374482394567167e-07,8.143828722495527e-09,2.9003096813084994e-08,8.964358499952141e-08
2001-12-05,1.6542329831281677e-05,1.550616798340343e-05,1.562360739626456e-05,1.867808896349743e-05,1.6941625290201046e-05,1.6679881809977815e-05
2001-12-06,0.00014702121552545577,0.00014924407878424972,0.00014663262118119746,0.00015370511391665787,0.00015365204308182,0.00015226754476316273
2001-12-07,6.864894203317817e-06,8.155193427228369e-06,1.029475242830813e-05,6.027704785083188e-06,7.035679573164089e-06,8.614801117801107e-06
2001-12-08,0.0,0.0,0.0,0.0,0.0,0.0
2001-12-09,6.9575726229231805e-06,5.628093731502304e-06,5.024777692597127e-06,1.3231699085736182e-05,1.1678590453811921e-05,1.0471298992342781e-05
2001-12-10,1.056998186754754e-07,0.0,0.0,1.606205728421628e-07,0.0,0.0
2001-12-11,3.682472379296087e-05,3.8682013837387785e-05,3.986358206020668e-05,3.34820979333017e-05,3.485945126158185e-05,3.6161585740046576e-05
2001-12-12,1.2557879927044269e-05,2.488334575900808e-05,4.691033609560691e-05,1.0433946044940967e-05,2.0305958969402127e-05,3.815419040620327e-05
2001-12-13,0.00016469275578856468,0.00017752000712789595,0.00018887479382101446,0.00016220058023463935,0.0001712200464680791,0.00018056122644338757
2001-12-14,0.0,0.0,0.0,0.0,0.0,0.0
2001-12-15,0.0003357048553880304,0.0003666294796857983,0.00039394033956341445,0.0003388829645700753,0.00036154274130240083,0.0003841801080852747
2001-12-16,1.2424960686985287e-06,1.386415647175454e-06,1.2885467413070728e-06,2.895742227337905e-06,3.164259624099941e-06,2.925073431470082e-06
2001-12-17,1.1097533388237935e-05,1.2427147339622024e-05,1.3252777534944471e-05,7.699787602177821e-06,8.479655662085861e-06,9.028107342601288e-06
2001-12-18,0.0,0.0,0.0,0.0,0.0,0.0
2001-12-19,0.0,0.0,0.0,0.0,0.0,0.0
2001-12-20,0.00025632866891101,0.00025322564761154354,0.0002511905913706869,0.0002668094530235976,0.00025700347032397985,0.0002504218718968332
2001-12-21,0.000291676027700305,0.0003013726673088968,0.0003034449473489076,0.00030428110039792955,0.00031044954084791243,0.0003124661452602595
2001-12-22,4.06243043471477e-06,4.201437604933744e-06,4.198448095849017e-06,6.928368293301901e-06,7.0000410232751165e-06,6.991765530983685e-06
2001-12-23,2.367156497484757e-07,2.911002638938953e-07,3.3353896355947654e-07,5.51569314666267e-07,6.64191929899971e-07,7.568847308903059e-07
2001-12-24,0.0,0.0,0.0,0.0,0.0,0.0
2001-12-25,0.0,0.0,0.0,0.0,0.0,0.0
2001-12-26,4.997305609322211e-07,3.8552298065042123e-07,3.4661215408959833e-07,1.1644436881397269e-06,8.796309884928633e-07,7.865193651923619e-07
2001-12-27,1.8177863239543512e-05,1.7104321159422398e-05,1.5439554772456177e-05,1.9470198822091334e-05,1.8257274859934114e-05,1.6642608898109756e-05
2001-12-28,2.8889953682664782e-05,2.920148108387366e-05,2.8139953428762965e-05,3.1846877391217276e-05,3.1492574635194615e-05,3.017681956407614e-05
2001-12-29,3.057175854337402e-05,3.212500087101944e-05,3.384926458238624e-05,2.7023650545743294e-05,2.7823249183711596e-05,2.923358442785684e-05
2001-12-30,1.9676154749959096e-07,2.158147083264339e-07,1.911054852143934e-07,4.5854540076106787e-07,4.92465119350527e-07,4.336669974236429e-07
2001-12-31,0.0,0.0,0.0,0.0,0.0,0.0
2002-01-01,5.576324838330038e-06,5.627521659334889e-06,6.2332869674719404e-06,3.87393720302498e-06,3.818658115051221e-06,4.169308340351563e-06
2002-01-02,0.0004654832009691745,0.0004841215559281409,0.0004951580194756389,0.0005049523897469044,0.0005131795769557357,0.0005183106986805797
2002-01-03,3.112810736638494e-05,3.5022305382881314e-05,3.89285123674199e-05,4.022392749902792e-05,4.4219228584552184e-05,4.8654121201252565e-05
2002-01-04,1.1025696977640109e-07,9.838670678163908e-08,1.1368742747208671e-07,2.0476490192322672e-07,2.2458404203007376e-07,2.5804760639402957e-07
2002-01-05,0.0,0.0,0.0,0.0,0.0,0.0
2002-01-06,7.663993164896965e-05,7.507741247536615e-05,7.143992115743458e-05,8.66459304234013e-05,8.459250238956884e-05,8.075458754319698e-05
2002-01-07,8.722100756131113e-05,9.811171912588179e-05,0.00010549480066401884,8.163968595908955e-05,9.008581400848925e-05,9.599977784091607e-05
2002-01-08,0.0,0.0,0.0,0.0,0.0,0.0
2002-01-09,8.175068796845153e-05,7.955231558298692e-05,7.52390842535533e-05,7.228881440823898e-05,6.855884566903114e-05,6.394433148670942e-05
2002-01-10,0.00018715998157858849,0.00020722522458527237,0.00021788720914628357,0.00017474734340794384,0.00018869682389777154,0.00019705631711985916
2002-01-11,5.54409609776485e-07,6.084920869398047e-07,6.025084644534218e-07,1.2935788618051447e-06,1.349884314549854e-06,1.2440123100532219e-06
2002-01-12,1.683003210928291e-05,1.5021060789877083e-05,1.3529226635000668e-05,1.3794850929116365e-05,1.1581656508496962e-05,1.0216834198217839e-05
2002-01-13,0.00032891600858420134,0.0003557502059265971,0.00037537378375418484,0.0003081246104557067,0.000326777808368206,0.00034195935586467385
2002-01-14,2.2456406441051513e-06,2.8369306619424606e-06,3.3687801987980492e-06,1.725979132061184e-06,2.104901113852975e-06,2.4372691314056283e-06
2002-01-15,0.0,0.0,0.0,0.0,0.0,0.0
2002-01-16,9.984313464883598e-07,1.2038364047839423e-06,1.597331220182241e-06,2.33111450143042e-06,2.3300210614252137e-06,2.319409531992278e-06
2002-01-17,0.0,0.0,0.0,0.0,0.0,0.0
2002-01-18,0.00017371331341564655,0.00018338618974667042,0.00018818800162989646,0.0001471789728384465,0.00015272739983629435,0.00015564866771455854
2002-01-19,0.000126881233882159,0.00012564289500005543,0.0001198582976940088,0.00013324653264135122,0.0001287181512452662,0.00012117363803554326
2002-01-20,0.00015821255510672927,0.00017390621360391378,0.00018294694018550217,0.000160343071911484,0.00017361609207000583,0.00018364375864621252
2002-01-21,1.091278818421415e-07,2.972416979218906e-09,9.300426206948487e-09,7.313820304943874e-08,6.795728424435765e-09,2.1140238004591083e-08
2002-01-22,0.0,0.0,0.0,0.0,0.0,0.0
2002-01-23,2.9939021260361187e-05,2.966335705423262e-05,2.8430480597307906e-05,2.2774191165808588e-05,2.188102553191129e-05,2.068129469989799e-05
2002-01-24,0.0005065585719421506,0.0005141097935847938,0.0005074577056802809,0.0004869609547313303,0.0004894427256658673,0.00048756448086351156
2002-01-25,8.309025361086242e-07,9.161869911622489e-07,9.814374379857327e-07,1.9421238448558142e-06,2.095364607157535e-06,2.231697862953297e-06
2002-01-26,0.0,0.0,0.0,0.0,0.0,0.0
2002-01-27,0.0,0.0,0.0,0.0,0.0,0.0
2002-01-28,0.0,0.0,0.0,0.0,0.0,0.0
2002-01-29,0.0003933994157705456,0.00040991781861521304,0.00041131480247713625,0.00038774198037572205,0.0003984911891166121,0.00039956788532435894
2002-01-30,0.0002265850198455155,0.00025021060719154775,0.0002631627139635384,0.00021001663117203861,0.00023038098879624158,0.00024627777747809887
2002-01-31,2.3935223225635127e-07,2.842855337803485e-07,3.1246398179973767e-07,3.3214089967259497e-07,4.2402427880006144e-07,5.284124995341699e-07
2002-02-01,8.57566746503835e-08,0.0,0.0,2.0055124139162217e-07,0.0,0.0
2002-02-02,0.0001831363479141146,0.00019232388876844198,0.00019575787882786244,0.00018498417921364307,0.00019138450443278998,0.000194124091649428
2002-02-03,1.797020331650856e-06,3.870547971018823e-06,7.64150627219351e-06,2.021150294240215e-06,3.777912752411794e-06,6.866573585284641e-06
2002-02-04,1.2135205906815827e-07,4.6563259914478294e-09,3.771991607948166e-09,2.8381876404637296e-07,1.0655045734608848e-08,8.583990407373676e-09
2002-02-05,0.0,0.0,0.0,0.0,0.0,0.0
2002-02-06,0.0002034301433013752,0.00021274291793815792,0.00021637357713188976,0.00020554743241518736,0.00021074425603728741,0.00021428677428048104
2002-02-07,9.174789011012763e-05,9.385486191604286e-05,9.072521788766608e-05,8.523567521478981e-05,8.729114779271185e-05,8.593765960540622e-05
2002-02-08,0.00020360549387987703,0.0002152372180717066,0.0002198873262386769,0.00020506352302618325,0.00021354077034629881,0.00021880287386011332
2002-02-09,0.0,0.0,0.0,0.0,0.0,0.0
2002-02-10,0.0,0.0,0.0,0.0,0.0,0.0
2002-02-11,0.0,0.0,0.0,0.0,0.0,0.0
2002-02-12,4.666484983317787e-06,2.546049017837504e-06,2.11379119718913e-06,7.625692887813784e-06,5.754428912041476e-06,4.7542430365865584e-06
2002-02-13,0.0,0.0,0.0,0.0,0.0,0.0
2002-02-14,4.2464162675059924e-07,1.136493210651679e-06,2.4936662157415412e-06,2.8477890623435087e-07,7.460311053364421e-07,1.6285927131320932e-06
2002-02-15,0.0005101236747577786,0.0005603822646662593,0.0005934874061495066,0.0004995893687009811,0.0005376139306463301,0.0005703833303414285
2002-02-16,1.9686254745465703e-05,2.004019006562885e-05,1.8897599147749133e-05,2.1685333194909617e-05,2.1758229195256718e-05,2.070426126010716e-05
2002-02-17,2.0807252099075413e-07,2.231008409125934e-07,1.803894775775916e-07,4.862665718974313e-07,5.104681122247712e-07,4.106953781501943e-07
2002-02-18,0.0,1.5235412931247083e-08,4.750829774025078e-08,0.0,3.4858164355000554e-08,1.0816323481321888e-07
2002-02-19,4.5359982436821156e-07,5.167974563846656e-07,4.881123913946794e-07,1.0597836990200449e-06,1.1823664181065396e-06,1.1112967968074372e-06
2002-02-20,0.0,0.0,0.0,0.0,0.0,0.0
2002-02-21,8.73607350513339e-05,9.858491102932021e-05,0.00010954508616123348,7.619013194926083e-05,8.385284309042618e-05,9.19179292395711e-05
2002-02-22,0.00016707515169400722,0.00017622286395635456,0.00018728339637164026,0.00016503798542544246,0.00016771671653259546,0.00017509200552012771
2002-02-23,1.3447343008010648e-05,1.2873501873400528e-05,1.1899379387614317e-05,1.4270237443270162e-05,1.3990164006827399e-05,1.3422091797110625e-05
2002-02-24,5.370934559323359e-06,5.798339316243073e-06,6.254208074096823e-06,4.197648195258807e-06,4.607321898220107e-06,5.159563897905173e-06
2002-02-25,0.0,4.67036365137119e-09,1.4550447957617507e-08,0.0,1.0681924678124233e-08,3.3125072462780736e-08
2002-02-26,0.0,0.0,0.0,0.0,0.0,0.0
2002-02-27,5.0986800488317385e-05,5.029890235164203e-05,4.6110224502626806e-05,5.638529546558857e-05,5.508275717147626e-05,5.076996239949949e-05
2002-02-28,9.431570651941001e-05,9.918092109728605e-05,9.784782014321536e-05,0.00011470649769762531,0.00011877170618390664,0.00011863342660944909
2002-03-01,0.00023839689674787223,0.0002529349585529417,0.0002573017554823309,0.0002426960418233648,0.0002530021592974663,0.0002573695674072951
2002-03-02,4.2409158140799263e-07,1.4375322621162923e-07,1.2901847412649659e-07,6.753759862476727e-07,3.2589997545073857e-07,2.85020007595449e-07
2002-03-03,2.291975761181675e-06,1.6394319573009852e-06,1.6520048120582942e-06,3.11915187012346e-06,2.7365072128304746e-06,2.6159684693993768e-06
2002-03-04,2.6249742859363323e-06,2.4011983441596385e-06,1.948549879671191e-06,3.3691426324367058e-06,3.1237830171448877e-06,2.534024588385364e-06
2002-03-05,0.0,0.0,0.0,0.0,0.0,0.0
2002-03-06,8.583044109400362e-05,9.318160300608724e-05,9.779293759493157e-05,8.176786650437862e-05,8.680525206727907e-05,9.011122165247798e-05
2002-03-07,1.1307630302326288e-05,1.3265384041005746e-05,1.569146115798503e-05,1.941751725098584e-05,2.189546103181783e-05,2.5014729544636793e-05
2002-03-08,1.0272868166794069e-05,1.048909871315118e-05,9.507577487966046e-06,1.5812065612408333e-05,1.604366843821481e-05,1.5266121408785693e-05
2002-03-09,0.0,0.0,0.0,0.0,0.0,0.0
2002-03-10,0.0,0.0,0.0,0.0,0.0,0.0
2002-03-11,7.29108796804212e-05,8.87033820617944e-05,0.00010524881508899853,5.7486056903144345e-05,6.9107671151869e-05,8.150078065227717e-05
2002-03-12,0.00022459469619207084,0.0002562129811849445,0.0002713270077947527,0.00023303169291466475,0.0002617413701955229,0.0002771659928839654
2002-03-13,2.1047819245723076e-05,2.5059596737264656e-05,2.731438507908024e-05,2.6673489628592506e-05,3.062223913730122e-05,3.3205280487891287e-05
2002-03-14,2.2857729220504552e-07,5.309140647113963e-07,1.090167188522173e-06,5.318683520272316e-07,1.1058630207116948e-06,2.1480891518876888e-06
2002-03-15,0.0,0.0,0.0,0.0,0.0,0.0
2002-03-16,2.6634115783963352e-06,1.646568080104771e-06,1.333150862592447e-06,3.0411822535825195e-06,2.1798307443532394e-06,1.7628633486310719e-06
2002-03-17,8.941102009885071e-07,0.0,0.0,5.965264904261858e-07,0.0,0.0
2002-03-18,0.0003187342663295567,0.0003483411273919046,0.0003730384632945061,0.0003021799202542752,0.000322665146086365,0.0003441683657001704
2002-03-19,4.354266275186092e-05,4.2888692405540496e-05,3.98750307795126e-05,4.63618416688405e-05,4.5592565584229305e-05,4.4017629988957196e-05
2002-03-20,4.018694380647503e-05,4.090919537702575e-05,3.911903331754729e-05,4.3685366108547896e-05,4.3424202885944396e-05,4.125706254853867e-05
2002-03-21,2.068914363917429e-05,1.8142995031666942e-05,1.4827247468929272e-05,1.3795143786410335e-05,1.1892377187905367e-05,9.678190508566331e-06
2002-03-22,1.4514716895064339e-05,1.4238898984331172e-05,1.3972142369311769e-05,9.676859008322936e-06,9.333334674010985e-06,9.120086360780988e-06
2002-03-23,4.413276838022284e-05,4.791201354237273e-05,5.084988515591249e-05,3.75940217054449e-05,4.0285769500769675e-05,4.26978622272145e-05
2002-03-24,3.553751957952045e-05,4.459089177544229e-05,5.456467988551594e-05,3.299799936939962e-05,4.102234379388392e-05,5.0363476475467905e-05
2002-03-25,6.86531620885944e-06,6.975215001148172e-06,7.160533186834073e-06,1.2651457836909685e-05,1.275764407182578e-05,1.2866404176747892e-05
2002-03-26,1.3871132978238165e-05,1.3569224392995238e-05,1.2119595339754596e-05,2.2408248696592636e-05,2.221386785095092e-05,2.0527215383481234e-05
2002-03-27,1.035393893289438e-06,4.4535849497151503e-07,3.585925583138305e-07,7.068446166158537e-07,2.9195049933150585e-07,2.3408964011650824e-07
2002-03-28,0.0,0.0,0.0,0.0,0.0,0.0
2002-03-29,0.0,0.0,0.0,0.0,0.0,0.0
2002-03-30,0.0,0.0,0.0,0.0,0.0,0.0
2002-03-31,0.0,0.0,0.0,0.0,0.0,0.0
2002-04-01,0.0,0.0,0.0,0.0,0.0,0.0
2002-04-02,1.690587669145316e-05,1.4475494936050382e-05,1.1880313650181051e-05,1.1259147868258879e-05,9.492224307905417e-06,7.758074389130343e-06
2002-04-03,0.0002518077380955219,0.0002745591045822948,0.0002966598840430379,0.0002667971421033144,0.00028319357079453766,0.00030030979542061687
2002-04-04,1.5564230125164613e-05,1.569015148561448e-05,1.4794122762396e-05,2.2542568331118673e-05,2.3395376047119498e-05,2.3316641090787016e-05
2002-04-05,0.0,0.0,0.0,0.0,0.0,0.0
2002-04-06,0.0,0.0,0.0,0.0,0.0,0.0
2002-04-07,5.376356511987979e-06,5.1527799769246485e-06,4.139812972425716e-06,9.426956239622086e-06,8.722486199985724e-06,6.978954843361862e-06
2002-04-08,0.0,0.0,0.0,0.0,0.0,0.0
2002-04-09,0.0,0.0,0.0,0.0,0.0,0.0
2002-04-10,0.0,0.0,0.0,0.0,0.0,0.0
2002-04-11,0.0,0.0,0.0,0.0,0.0,0.0
2002-04-12,0.0,0.0,0.0,0.0,0.0,0.0
2002-04-13,0.0,0.0,0.0,0.0,0.0,0.0
2002-04-14,0.0,0.0,0.0,0.0,0.0,0.0
2002-04-15,6.285886047407985e-05,7.21812539268285e-05,7.970609294716269e-05,5.0189788453280926e-05,5.741519998991862e-05,6.357914389809594e-05
2002-04-16,0.00012153624993516132,0.0001431859127478674,0.00015590978728141636,0.00012164771760581061,0.00014220597222447395,0.00015467031334992498
2002-04-17,9.710796803119592e-06,1.128112035075901e-05,1.1685323443089146e-05,8.93401011126116e-06,1.1005833584931679e-05,1.2921276720589958e-05
2002-04-18,0.0,0.0,0.0,0.0,0.0,0.0
2002-04-19,0.00010473066504346207,0.00011272659321548417,0.00012282855459488928,0.00017033312178682536,0.00018009351333603263,0.0001925317628774792
2002-04-20,4.581265602610074e-05,4.6111716073937714e-05,4.8653997509973124e-05,6.49945650366135e-05,6.27746558166109e-05,6.487951759481803e-05
2002-04-21,5.7327102695126086e-05,5.908736784476787e-05,5.660739043378271e-05,5.7288412790512666e-05,5.823898027301766e-05,5.730768316425383e-05
2002-04-22,0.0,0.0,0.0,0.0,0.0,0.0
2002-04-23,3.083059345954098e-05,3.707638825289905e-05,4.275636820239015e-05,2.0535291696432978e-05,2.43902195506962e-05,2.802503513521515e-05
2002-04-24,0.0,0.0,0.0,0.0,0.0,0.0
2002-04-25,0.00015035126125440001,0.0001627653546165675,0.00017059524543583393,0.00012650369899347425,0.00013323013263288885,0.00013628852320834994
2002-04-26,4.700611680164002e-05,6.084943379391916e-05,7.845246727811173e-05,5.032128683524206e-05,6.285984272835776e-05,7.986320997588336e-05
2002-04-27,0.0,0.0,0.0,0.0,0.0,0.0
2002-04-28,0.0,0.0,0.0,0.0,0.0,0.0
2002-04-29,0.0,0.0,0.0,0.0,0.0,0.0
2002-04-30,1.8463944797986187e-05,1.713612255116459e-05,1.752273237798363e-05,2.283015965076629e-05,2.1586212824331596e-05,2.1818066670675762e-05
2002-05-01,2.8935297450516373e-05,2.583333116490394e-05,2.3267884898814373e-05,3.622424992499873e-05,3.288847437943332e-05,3.048201688216068e-05
2002-05-02,0.00011086899758083746,0.00010933433804893866,0.00010367910726927221,0.00010050013224827126,9.785530710360035e-05,9.247328125638887e-05
2002-05-03,1.0820383977261372e-05,1.287014310946688e-05,1.4174359421303961e-05,1.0480035598448012e-05,1.2315208550717216e-05,1.3537752238335088e-05
2002-05-04,0.0,0.0,0.0,0.0,0.0,0.0
2002-05-05,0.0,0.0,0.0,0.0,0.0,0.0
2002-05-06,0.0,0.0,0.0,0.0,0.0,0.0
2002-05-07,0.0,0.0,0.0,0.0,0.0,0.0
2002-05-08,7.980870009305363e-07,8.218472657972598e-07,6.517694259855489e-07,5.322073093338986e-07,5.42859368124482e-07,4.2945353584400436e-07
2002-05-09,8.52491648402065e-05,9.777719242265448e-05,0.0001160645333584398,7.446773815900087e-05,8.404253458138555e-05,9.85181686701253e-05
2002-05-10,0.0,0.0,0.0,0.0,0.0,0.0
2002-05-11,0.0,0.0,0.0,0.0,0.0,0.0
2002-05-12,0.0,0.0,0.0,0.0,0.0,0.0
2002-05-13,0.0,0.0,0.0,0.0,0.0,0.0
2002-05-14,1.1007174407495768e-06,1.105971591641719e-06,3.3729536426108098e-06,7.34388208911696e-07,2.5512588308629347e-06,7.766329872538336e-06
2002-05-15,0.0,2.9990646908117924e-06,9.142049748334102e-06,0.0,4.014283604192315e-06,1.2215409697091673e-05
2002-05-16,2.32104957831325e-06,2.5585088678781176e-06,3.231688651794684e-06,5.3991029744793195e-06,5.410623998614028e-06,5.941654308116995e-06
2002-05-17,5.392667662817985e-05,5.702192720491439e-05,5.787651753053069e-05,5.9831920225406066e-05,6.0867831052746624e-05,5.999808854539879e-05
2002-05-18,0.0,0.0,0.0,0.0,0.0,0.0
2002-05-19,1.7179307178594172e-05,1.0740524885477498e-05,8.472688023175579e-06,3.14798453473486e-05,2.4813700292725116e-05,1.9548931959434412e-05
2002-05-20,1.4639303117292002e-05,1.5327241271734238e-05,1.7109901818912476e-05,2.7194237190997228e-05,3.0194996725185774e-05,3.2241121516563e-05
2002-05-21,0.0,4.753335076657095e-07,1.4450722574110841e-06,0.0,1.0988004532919149e-06,3.3369062748533906e-06
2002-05-22,0.0,0.0,0.0,0.0,0.0,0.0
2002-05-23,0.0,0.0,0.0,0.0,0.0,0.0
2002-05-24,2.816547203110531e-05,2.452365333738271e-05,2.1245941752567887e-05,4.1576335206627846e-05,3.701349487528205e-05,3.217903940821998e-05
2002-05-25,0.0,0.0,0.0,0.0,0.0,0.0
2002-05-26,0.0,0.0,0.0,0.0,0.0,0.0
2002-05-27,0.0,0.0,0.0,0.0,0.0,0.0
2002-05-28,6.279566878220066e-05,5.527237226488069e-05,4.398473902256228e-05,7.442807691404596e-05,6.64844483253546e-05,5.348286867956631e-05
2002-05-29,2.009709714911878e-05,1.720235923130531e-05,1.4646426279796287e-05,2.871930701076053e-05,2.5385468688909896e-05,2.1732312234234996e-05
2002-05-30,9.57400188781321e-05,0.00010082462540594861,0.00010052298603113741,8.954139048000798e-05,9.432873775949702e-05,9.576774755259976e-05
2002-05-31,9.743567352415994e-05,0.0001265429164050147,0.00015949631051626056,6.50720321573317e-05,8.419580262852833e-05,0.00010623134585330263
2002-06-01,0.0,0.0,0.0,0.0,0.0,0.0
2002-06-02,0.0,0.0,0.0,0.0,0.0,0.0
2002-06-03,0.0,0.0,0.0,0.0,0.0,0.0
2002-06-04,1.1718939276761375e-05,4.704338607552927e-06,3.6920891943736933e-06,8.430272828263696e-06,3.1304896310757613e-06,2.457981508996454e-06
2002-06-05,2.920962288044393e-05,3.678570647025481e-05,4.42358577856794e-05,1.9509305275278166e-05,2.4483621018589474e-05,2.9458180506480858e-05
2002-06-06,0.0,0.0,0.0,0.0,0.0,0.0
2002-06-07,4.220696791890077e-05,3.755084617296234e-05,2.9498931326088496e-05,4.621961124939844e-05,4.1832907299976796e-05,3.2936415664153174e-05
2002-06-08,0.00012839812552556396,0.00013847385707776994,0.00014846687554381788,0.00012105239147786051,0.0001288657949771732,0.0001372371189063415
2002-06-09,4.535013795248233e-05,4.333355536800809e-05,4.150683889747597e-05,4.3398784328019246e-05,4.258322587702423e-05,4.2596610001055524e-05
2002-06-10,0.0,0.0,0.0,0.0,0.0,0.0
2002-06-11,0.0,0.0,0.0,0.0,0.0,0.0
2002-06-12,0.0,0.0,0.0,0.0,0.0,0.0
2002-06-13,4.518263722275151e-06,0.0,0.0,5.272788712318288e-06,0.0,0.0
2002-06-14,0.00011453517072368413,0.0001176371006295085,0.00011742444621631876,0.00012152537965448573,0.000125263468362391,0.0001261090801563114
2002-06-15,0.0,0.0,0.0,0.0,0.0,0.0
2002-06-16,0.0,0.0,0.0,0.0,0.0,0.0
2002-06-17,0.0,0.0,0.0,0.0,0.0,0.0
2002-06-18,8.48789859446697e-05,8.994153904495761e-05,9.304426203016192e-05,7.957487105159089e-05,8.369410352315754e-05,8.695448195794597e-05
2002-06-19,8.40440479805693e-05,9.656073234509677e-05,0.00010397055302746594,9.025412146002054e-05,0.00010026620293501765,0.00010815206042025238
2002-06-20,0.0,0.0,0.0,0.0,0.0,0.0
2002-06-21,0.0,0.0,0.0,0.0,0.0,0.0
2002-06-22,0.0,0.0,0.0,0.0,0.0,0.0
2002-06-23,0.0,0.0,0.0,0.0,0.0,0.0
2002-06-24,0.0,0.0,0.0,0.0,0.0,0.0
2002-06-25,0.0,0.0,0.0,0.0,0.0,0.0
2002-06-26,1.2892505765194073e-05,9.720960406411905e-06,9.13189160201e-06,2.5701197955640964e-05,2.2585603801417165e-05,2.1257492335280403e-05
2002-06-27,8.431550668319687e-05,8.772381988819689e-05,8.890048775356263e-05,7.89112236816436e-05,8.126227476168424e-05,8.255529246525839e-05
2002-06-28,0.0,1.1624942430898955e-07,3.5248908147877955e-07,0.0,7.746827179744287e-08,2.3535875470770407e-07
2002-06-29,0.0,0.0,0.0,0.0,0.0,0.0
2002-06-30,0.0,0.0,0.0,0.0,0.0,0.0
2002-07-01,0.00017633412790019065,0.000181000359589234,0.00018004910089075565,0.0001827712549129501,0.00018736731726676226,0.00018759118393063545
2002-07-02,1.0096383448399138e-05,1.0920220120169688e-05,9.787453564058524e-06,2.1388910681707785e-05,2.321458850929048e-05,2.1082691091578454e-05
2002-07-03,0.0,0.0,0.0,0.0,0.0,0.0
2002-07-04,0.0,0.0,0.0,0.0,0.0,0.0
2002-07-05,0.00010867566015804186,0.0001119433727581054,0.00011381580407032743,0.00010784168262034655,0.00011084702418884262,0.00011308005196042359
2002-07-06,4.378349331091158e-05,5.347711339709349e-05,6.695713091176003e-05,2.9184237064328045e-05,3.707962605403736e-05,4.9182126531377435e-05
2002-07-07,0.0,0.0,0.0,0.0,0.0,0.0
2002-07-08,0.0,0.0,0.0,0.0,0.0,0.0
2002-07-09,0.0,0.0,0.0,0.0,0.0,0.0
2002-07-10,0.0,0.0,0.0,0.0,0.0,0.0
2002-07-11,0.0,0.0,0.0,0.0,0.0,0.0
2002-07-12,8.416772288910579e-06,8.112618161248975e-06,7.041826847853372e-06,1.9539535060175695e-05,1.8797274606185965e-05,1.6347981727449223e-05
2002-07-13,5.524293737835251e-05,5.9094403695780784e-05,6.32595329079777e-05,7.46565347071737e-05,7.806818757671863e-05,8.101282583083957e-05
2002-07-14,1.1312791912132525e-06,8.536684390492155e-07,2.605559529911261e-06,2.6254103886458324e-06,1.9769026948779356e-06,6.045318968972424e-06
2002-07-15,7.431941048707813e-05,6.647435657214373e-05,6.642498192377388e-05,7.489445124519989e-05,6.690430018352345e-05,6.600517372135073e-05
2002-07-16,0.00023113518545869738,0.00024262102670036256,0.00025328629999421537,0.0002508148900233209,0.0002601730520837009,0.00027103337924927473
2002-07-17,8.231374522438273e-05,7.086031837388873e-05,5.7568042393540964e-05,7.232265488710254e-05,6.211382424226031e-05,5.2056308049941435e-05
2002-07-18,6.833236511738505e-06,1.5621208149241284e-05,3.176748941768892e-05,4.54610335509642e-06,1.0664097317203414e-05,2.2031610569683835e-05
2002-07-19,1.6861698668435565e-06,5.935573881288292e-06,1.42082362799556e-05,1.1216008033443359e-06,4.7534540499327704e-06,1.1942541277676355e-05
2002-07-20,0.0,0.0,0.0,0.0,0.0,0.0
2002-07-21,0.0,0.0,0.0,0.0,0.0,0.0
2002-07-22,0.00018291454762220383,0.00018658433691598475,0.00018731063755694777,0.00012160591722931713,0.0001236448879353702,0.00012432248331606388
2002-07-23,3.0495946703013033e-05,4.127532156417146e-05,5.482346750795841e-05,2.0270819732104428e-05,2.7343119654688053e-05,3.637381814769469e-05
2002-07-24,7.791317329974845e-06,8.548351615900174e-06,8.18490116216708e-06,1.8050201106234454e-05,1.973398684640415e-05,1.8922937670140527e-05
2002-07-25,0.00010347721399739385,9.605120430933312e-05,7.640688272658736e-05,6.992692942731082e-05,6.358744576573372e-05,5.0654813094297424e-05
2002-07-26,5.253254130366258e-05,6.349506293190643e-05,7.329091749852523e-05,5.863021578988992e-05,6.873285019537434e-05,7.79326946940273e-05
2002-07-27,0.0,0.0,0.0,0.0,0.0,0.0
2002-07-28,9.262792445952073e-05,8.635371341370046e-05,8.32488076412119e-05,6.151602428872138e-05,5.71105774724856e-05,5.512637653737329e-05
2002-07-29,0.00012834306107833982,0.00013602280523627996,0.00014555164671037346,0.00011272145638940856,0.00012014358071610332,0.00012933668040204793
2002-07-30,0.0,1.933200195480822e-07,5.944264671597921e-07,0.0,1.4624367850046838e-07,4.501858654748503e-07
2002-07-31,0.0,0.0,0.0,0.0,0.0,0.0
2002-08-01,5.972510916762985e-05,6.188130646478385e-05,6.527278310386464e-05,3.963791823480278e-05,4.08727464673575e-05,4.3156385800102726e-05
2002-08-02,0.00021423077851068228,0.0002289092808496207,0.000242262365645729,0.0001763973996276036,0.0001917897752719,0.0002052689960692078
2002-08-03,1.53182445501443e-05,2.2923062715562992e-05,3.4297681850148365e-05,1.2046088158967905e-05,1.9679217075463384e-05,3.223390012863092e-05
2002-08-04,0.0,5.011369012208888e-06,1.543683720228728e-05,0.0,3.3070059544115793e-06,1.0195049071626272e-05
2002-08-05,0.0,8.595178542236681e-07,2.648450617925846e-06,0.0,5.670329983331612e-07,1.748509475874016e-06
2002-08-06,0.0,0.0,0.0,0.0,0.0,0.0
2002-08-07,0.0,0.0,0.0,0.0,0.0,0.0
2002-08-08,0.0,0.0,0.0,0.0,0.0,0.0
2002-08-09,0.00016915964079089463,0.00016619375674054027,0.0001603840064490214,0.0001751003146637231,0.0001719338761176914,0.00016929915000218898
2002-08-10,0.00011535748490132391,0.00012171430716989562,0.00012878587585873902,0.00010722519073169678,0.00011165788600919768,0.00011755299783544615
2002-08-11,0.000187753772479482,0.0001966912386706099,0.00020541927369777113,0.0001783506595529616,0.00018520587764214724,0.0001929051650222391
2002-08-12,9.2639762442559e-05,8.772509318077937e-05,7.498100603697821e-05,7.436144369421527e-05,7.005549559835345e-05,5.925242294324562e-05
2002-08-13,2.9116270525264554e-05,2.4728075004532002e-05,2.021992258960381e-05,2.577368650236167e-05,2.1776982976007275e-05,1.8146243746741675e-05
2002-08-14,0.0,0.0,0.0,0.0,0.0,0.0
2002-08-15,0.0,0.0,0.0,0.0,0.0,0.0
2002-08-16,4.137025825912133e-05,4.4960474042454734e-05,4.477770198718645e-05,4.154950147494674e-05,4.4822972995461896e-05,4.601748150889762e-05
2002-08-17,1.5850408090045676e-05,1.672122562013101e-05,1.610091931070201e-05,1.049944603437325e-05,1.1002663086401299e-05,1.0593068509479053e-05
2002-08-18,0.0,0.0,0.0,0.0,0.0,0.0
2002-08-19,2.227326694992371e-05,2.2962563889450394e-05,2.1917910999036394e-05,4.684720261138864e-05,4.7922367230057716e-05,4.645690569304861e-05
2002-08-20,4.6625768845842686e-06,5.231010163697647e-06,5.0478925004426856e-06,1.0764828402898274e-05,1.19946325867204e-05,1.1570515198400244e-05
2002-08-21,0.0,0.0,0.0,0.0,0.0,0.0
2002-08-22,0.0,0.0,0.0,0.0,0.0,0.0
2002-08-23,0.0,0.0,0.0,0.0,0.0,0.0
2002-08-24,0.0,0.0,0.0,0.0,0.0,0.0
2002-08-25,0.0,0.0,0.0,0.0,0.0,0.0
2002-08-26,0.00010546854900894687,0.00010434087744215503,9.857350232778117e-05,0.00011994599481113255,0.00011881147656822577,0.00011468287266325206
2002-08-27,6.87456558807753e-05,8.976487151812762e-05,0.00011365518730599433,4.553006510832347e-05,6.0469905292848125e-05,7.911396096460521e-05
2002-08-28,0.0,0.0,0.0,0.0,0.0,0.0
2002-08-29,0.0,0.0,0.0,0.0,0.0,0.0
2002-08-30,0.0,0.0,0.0,0.0,0.0,0.0
2002-08-31,0.0,0.0,0.0,0.0,0.0,0.0
2002-09-01,8.6848842784093e-08,7.461621294169163e-07,2.095685886160936e-06,2.0056515381838835e-07,1.7109092596001574e-06,4.799016096512787e-06
2002-09-02,0.0,3.412647942013791e-08,1.0528307115009738e-07,0.0,7.825715186982052e-08,2.4109544938255567e-07
2002-09-03,3.1928575481288135e-05,2.63049023487838e-05,2.324300294276327e-05,4.9112826673081145e-05,4.43387652921956e-05,4.045995956403203e-05
2002-09-04,9.433783270651475e-05,9.998238965636119e-05,0.00010540199582464993,9.322184632765129e-05,9.886876068776473e-05,0.00010401730105513707
2002-09-05,0.0,0.0,0.0,0.0,0.0,0.0
2002-09-06,0.0,0.0,0.0,0.0,0.0,0.0
2002-09-07,0.0,0.0,0.0,0.0,0.0,0.0
2002-09-08,0.0,0.0,0.0,0.0,0.0,0.0
2002-09-09,0.0,0.0,0.0,0.0,0.0,0.0
2002-09-10,0.0,0.0,0.0,0.0,0.0,0.0
2002-09-11,0.0,4.05046239393414e-06,1.2471802619984373e-05,0.0,2.66963661488262e-06,8.202859135053586e-06
2002-09-12,0.00011522143904585391,0.00012019185669487342,0.00012485665502026677,0.00011468661978142336,0.00012010618956992403,0.00012649518612306565
2002-09-13,0.0,3.9736619328323286e-08,1.2229338608449325e-07,0.0,9.127573719069915e-08,2.802768221954466e-07
2002-09-14,0.0,0.0,0.0,0.0,0.0,0.0
2002-09-15,0.0,0.0,0.0,0.0,0.0,0.0
2002-09-16,7.471261653790862e-08,0.0,0.0,1.7292138920765865e-07,0.0,0.0
2002-09-17,1.5948431610013358e-05,1.229702502314467e-05,1.0713195479183923e-05,3.143251160508953e-05,2.799977664835751e-05,2.435079113638494e-05
2002-09-18,0.0,0.0,0.0,0.0,0.0,0.0
2002-09-19,0.0,0.0,0.0,0.0,0.0,0.0
2002-09-20,0.0,0.0,0.0,0.0,0.0,0.0
2002-09-21,1.5695157344453037e-05,1.3231531738711055e-05,1.1303402970952448e-05,2.1336585632525384e-05,1.9065602828050032e-05,1.6741108993301168e-05
2002-09-22,6.978645251365378e-05,6.505563214886934e-05,5.971256905468181e-05,8.744683145778254e-05,8.170431101461872e-05,7.582191756227985e-05
2002-09-23,0.00015461341536138207,0.00015791536134202033,0.00015952570538502187,0.00015308952424675226,0.00015554616402368993,0.00015873558004386723
2002-09-24,3.2913958420976996e-05,3.179533814545721e-05,3.3178701414726675e-05,4.4244570744922385e-05,4.257502587279305e-05,4.396787699079141e-05
2002-09-25,2.2288382751867175e-05,2.578379826445598e-05,3.681732778204605e-05,3.741033287951723e-05,4.2326137190684676e-05,5.2353196224430576e-05
2002-09-26,5.00882015330717e-05,5.207038702792488e-05,5.4873900808161125e-05,5.116231841384433e-05,5.188400245970115e-05,5.2680145017802715e-05
2002-09-27,9.588716056896374e-05,0.00010285071039106697,0.00010706626198953018,0.00010011190897785127,0.00010729566565714777,0.0001109935183194466
2002-09-28,5.238089784143085e-08,0.0,0.0,1.2159277673617908e-07,0.0,0.0
2002-09-29,0.0,0.0,0.0,0.0,0.0,0.0
2002-09-30,0.0,0.0,0.0,0.0,0.0,0.0
2002-10-01,0.0,1.4771723400031078e-08,4.528188668473376e-08,0.0,9.771033759875536e-09,2.984343794310007e-08
2002-10-02,8.668578175274888e-07,2.85577766589995e-06,6.713941274938406e-06,2.0144730115134735e-06,4.067272584507009e-06,7.734847713436466e-06
2002-10-03,2.0399701838869078e-07,0.0,0.0,4.7419641191481787e-07,0.0,0.0
2002-10-04,8.785334237870757e-09,0.0,0.0,2.042741975571971e-08,0.0,0.0
2002-10-05,0.0,0.0,0.0,0.0,0.0,0.0
2002-10-06,3.85914790967945e-05,4.167407314525917e-05,4.7817742597544566e-05,4.366641951492056e-05,4.7323039325419813e-05,5.436072751763277e-05
2002-10-07,9.410858297087543e-07,7.351144404310617e-07,5.838324454998656e-07,2.190002078350517e-06,1.6966627072179108e-06,1.3420080904325005e-06
2002-10-08,0.0,0.0,0.0,0.0,0.0,0.0
2002-10-09,0.0,0.0,0.0,0.0,0.0,0.0
2002-10-10,0.0,0.0,0.0,0.0,0.0,0.0
2002-10-11,0.0,0.0,0.0,0.0,0.0,0.0
2002-10-12,5.6461492931703106e-05,5.0116523198084906e-05,4.115235060453415e-05,6.3974381191656e-05,5.7987741456599906e-05,4.8960966523736715e-05
2002-10-13,3.697157808346674e-05,3.8590274925809354e-05,3.9803897379897535e-05,4.287428964744322e-05,4.377127697807737e-05,4.3961303163086995e-05
2002-10-14,1.0504448255233001e-05,1.1057382835133467e-05,1.026167046802584e-05,1.4488294254988432e-05,1.5291383533622138e-05,1.4796272807870992e-05
2002-10-15,0.0,0.0,0.0,0.0,0.0,0.0
2002-10-16,1.1042422443097166e-07,7.916114697081866e-08,6.287000076099503e-08,2.575598614384944e-07,1.8281765790106874e-07,1.445181396775297e-07
2002-10-17,0.0,0.0,0.0,0.0,0.0,0.0
2002-10-18,1.1954113254830645e-08,0.0,0.0,2.7894838439124214e-08,0.0,0.0
2002-10-19,0.0,0.0,0.0,0.0,0.0,0.0
2002-10-20,0.0,0.0,0.0,0.0,0.0,0.0
2002-10-21,6.358756081681349e-07,6.50851347927528e-07,6.526619245050824e-07,1.4647082480223617e-06,1.5028406323835952e-06,1.499596123721858e-06
2002-10-22,0.0,0.0,0.0,0.0,0.0,0.0
2002-10-23,2.5989063942688517e-05,2.3777947717462666e-05,2.1903757442487404e-05,3.206973633496091e-05,2.991238761751447e-05,2.699825563468039e-05
2002-10-24,0.0,0.0,0.0,0.0,0.0,0.0
2002-10-25,0.0,0.0,0.0,0.0,0.0,0.0
2002-10-26,6.019557758918381e-07,6.715868607898301e-07,6.702553605464345e-07,1.4066341691432172e-06,1.5498690117965452e-06,1.5388316114695044e-06
2002-10-27,7.63179559726268e-05,7.741178706055507e-05,7.506147812819108e-05,7.831788389012218e-05,7.86666278145276e-05,7.746303890598938e-05
2002-10-28,0.0,0.0,0.0,0.0,0.0,0.0
2002-10-29,0.0,0.0,0.0,0.0,0.0,0.0
2002-10-30,2.652285274962196e-06,3.1881545510259457e-06,3.820098754658829e-06,1.7880244058687822e-06,2.10918460652465e-06,2.5138965611404274e-06
2002-10-31,1.545530540170148e-05,1.5850797353778034e-05,1.6935053281486034e-05,1.626025914447382e-05,1.6246764062088914e-05,1.7804650269681588e-05
2002-11-01,0.0,0.0,0.0,0.0,0.0,0.0
2002-11-02,0.0,0.0,0.0,0.0,0.0,0.0
2002-11-03,0.0,0.0,0.0,0.0,0.0,0.0
2002-11-04,0.0004165522113908082,0.0004431305278558284,0.000448829960078001,0.00037322205025702715,0.00039010820910334587,0.0003944410418625921
2002-11-05,1.4899620509822853e-05,1.931112456077244e-05,2.449447856633924e-05,1.3578783182310872e-05,1.7371879948768765e-05,2.2357065972755663e-05
2002-11-06,1.634723048482556e-06,1.1218718327654642e-06,9.765512913872954e-07,3.4838963074435014e-06,2.5830518097791355e-06,2.2362171421264065e-06
2002-11-07,1.5100677652757355e-11,0.0,0.0,3.5314466628744157e-11,0.0,0.0
2002-11-08,0.0,0.0,0.0,0.0,0.0,0.0
2002-11-09,0.0,4.4730450099450536e-07,1.378134925289487e-06,0.0,2.9520427347051736e-07,9.045333513313381e-07
2002-11-10,1.8832193582341006e-09,0.0,0.0,4.403873710145945e-09,0.0,0.0
2002-11-11,5.819815669383388e-06,5.5630125643801875e-06,5.139855602465104e-06,7.0847895585757215e-06,6.681558716081781e-06,6.422190836019581e-06
2002-11-12,0.0,0.0,0.0,0.0,0.0,0.0
2002-11-13,5.055864676251076e-05,5.626738493447192e-05,6.0575595853151754e-05,5.993272861815058e-05,6.566357478732243e-05,7.070632273098454e-05
2002-11-14,1.2966222584509524e-07,0.0,0.0,3.031529161034996e-07,0.0,0.0
2002-11-15,4.985079726793629e-07,3.567236888102343e-07,2.85556211565563e-07,1.1654408353933832e-06,8.192716904886765e-07,6.522147941723233e-07
2002-11-16,0.0,0.0,0.0,0.0,0.0,0.0
2002-11-17,0.0,0.0,0.0,0.0,0.0,0.0
2002-11-18,0.0,0.0,0.0,0.0,0.0,0.0
2002-11-19,9.567062079440802e-05,9.715576015878469e-05,9.420901187695563e-05,0.00011133278894703835,0.00011281090701231733,0.00011031518806703389
2002-11-20,4.8998983402270824e-05,4.9008962378138676e-05,4.8463716666447e-05,3.9908685721457005e-05,3.9228532841661945e-05,3.888899664161727e-05
2002-11-21,1.1032895599782933e-05,1.0477253454155289e-05,1.0552235835348256e-05,1.5627554603270255e-05,1.551414607092738e-05,1.597659502294846e-05
2002-11-22,0.0,0.0,0.0,0.0,0.0,0.0
2002-11-23,0.0002476415247656405,0.00025276426458731294,0.000250519864493981,0.000266641698544845,0.00026803239597938955,0.0002652844996191561
2002-11-24,2.3579737899126485e-05,2.093278817483224e-05,1.7633326933719218e-05,3.43985011568293e-05,3.081342583755031e-05,2.6484889531275257e-05
2002-11-25,1.7936717995326035e-05,1.657626125961542e-05,1.3907048014516477e-05,2.2334255845635198e-05,2.0774117729160935e-05,1.782320578058716e-05
2002-11-26,8.731926754990127e-06,6.859151199023472e-06,6.065715297154384e-06,1.2911218618683051e-05,1.0745782674348447e-05,9.849130947259255e-06
2002-11-27,1.1419511793064885e-05,1.0786060556711163e-05,9.834443517320324e-06,1.2620879715541378e-05,1.195524509967072e-05,1.1097235073975753e-05
2002-11-28,1.2995360521017574e-06,1.0146598015126074e-06,8.159456115208741e-07,2.759565404630848e-06,2.322240106877871e-06,1.8573057332105236e-06
2002-11-29,2.4800265236990526e-05,2.533730548748281e-05,2.4102782845147885e-05,2.500541268091183e-05,2.4805451175780036e-05,2.3615082682226785e-05
2002-11-30,0.0,0.0,0.0,0.0,0.0,0.0
2002-12-01,1.3751206097367685e-05,1.0985644621541724e-05,9.090710591408424e-06,1.622767922526691e-05,1.2825853445974644e-05,1.0699716767703649e-05
2002-12-02,5.330044132278999e-06,5.102288469061023e-06,4.26397900810116e-06,5.764578418165911e-06,5.533616786124185e-06,4.67167819806491e-06
2002-12-03,7.745945185888559e-05,8.002627146197483e-05,8.19338092696853e-05,6.953481351956725e-05,7.020309567451477e-05,7.117537461454049e-05
2002-12-04,1.1217176506761461e-05,1.3221656445239205e-05,1.5168524441833142e-05,1.0630991710058879e-05,1.2278626854822505e-05,1.3935010429122485e-05
2002-12-05,2.5546665710862726e-05,3.2944357371889055e-05,4.357146463007666e-05,1.965872615983244e-05,2.43307113123592e-05,3.123164060525596e-05
2002-12-06,2.179342664021533e-05,1.962009810085874e-05,1.7607577319722623e-05,1.4582536095986143e-05,1.2861049071943853e-05,1.1479766726552043e-05
2002-12-07,0.0003336367954034358,0.0003503414336591959,0.0003759567625820637,0.00035398296313360333,0.0003542476042639464,0.00036914731026627123
2002-12-08,1.3076676168566337e-06,9.76506498773233e-07,8.073514550233085e-07,2.8681392905127723e-06,2.2306649043457583e-06,1.8343541796639329e-06
2002-12-09,9.51520519265614e-07,0.0,0.0,6.364940645653405e-07,0.0,0.0
2002-12-10,1.6292908640025416e-06,2.183920059906086e-06,2.83363942799042e-06,3.7988656913512386e-06,4.987427928426769e-06,6.436467629100662e-06
2002-12-11,0.0,0.0,0.0,0.0,0.0,0.0
2002-12-12,0.0,0.0,0.0,0.0,0.0,0.0
2002-12-13,3.3141602671094006e-06,5.634698027279228e-06,9.474899343331344e-06,2.216170287283603e-06,3.6901399198541185e-06,6.171761924633756e-06
2002-12-14,9.102449985221028e-05,0.0001008611943689175,0.00010971374285873026,9.556978329783306e-05,0.00010342631867388263,0.00011062165140174329
2002-12-15,9.641545517524719e-08,1.0786110493654633e-07,1.009015804243063e-07,6.446405365068131e-08,7.062491391707226e-08,6.57129461956174e-08
2002-12-16,1.4006043329573004e-06,2.861532266251743e-06,5.501007763086818e-06,9.363994877276127e-07,1.8860273485188372e-06,3.621063569880789e-06
2002-12-17,0.0,0.0,0.0,0.0,0.0,0.0
2002-12-18,0.0,0.0,0.0,0.0,0.0,0.0
2002-12-19,0.0,0.0,0.0,0.0,0.0,0.0
2002-12-20,0.0,0.0,0.0,0.0,0.0,0.0
2002-12-21,0.0,0.0,0.0,0.0,0.0,0.0
2002-12-22,4.8917407902138166e-09,0.0,0.0,1.1398300969744923e-08,0.0,0.0
2002-12-23,2.4885016500775237e-06,4.1086454984906595e-06,6.730605491611641e-06,4.448581421456765e-06,5.868279458809411e-06,7.607323823322076e-06
2002-12-24,0.00027286389376968145,0.00030198684544302523,0.000318144477205351,0.0002693498972803354,0.0002945318992715329,0.00031182108796201646
2002-12-25,1.415152564732125e-05,1.5189088117040228e-05,1.6727821275708266e-05,1.730791336740367e-05,1.8378175809630193e-05,2.0275598217267543e-05
2002-12-26,0.0,0.0,0.0,0.0,0.0,0.0
2002-12-27,1.36535918500158e-05,1.394802256982075e-05,1.4382482731889468e-05,1.46527936522034e-05,1.4728918358741794e-05,1.527037238702178e-05
2002-12-28,7.3788401095953304e-06,7.902401193859987e-06,8.441148565907497e-06,8.6944646682241e-06,9.134082574746571e-06,9.51849597186083e-06
2002-12-29,0.0,0.0,0.0,0.0,0.0,0.0
2002-12-30,2.7095460609416477e-05,2.558995947765652e-05,2.3719572709524073e-05,2.188783764722757e-05,1.9954170056735165e-05,1.8317070498596877e-05
2002-12-31,4.12755980505608e-05,4.5772456360282376e-05,4.953425013809465e-05,4.6169956476660445e-05,5.016347859054804e-05,5.3634445066563785e-05
2003-01-01,0.0,0.0,0.0,0.0,0.0,0.0
2003-01-02,6.0943903008592315e-06,6.787583515688311e-06,7.79553192842286e-06,1.1303734936518595e-05,1.2514952686615288e-05,1.454273206036305e-05
2003-01-03,5.568655251408927e-05,6.294254126260057e-05,6.601637142011896e-05,5.01597132824827e-05,5.6755128753138706e-05,6.16433026152663e-05
2003-01-04,4.003969661425799e-05,4.8639609303791076e-05,5.751797289121896e-05,4.3411644583102316e-05,5.08995472046081e-05,5.876215800526552e-05
2003-01-05,0.0,8.355486897926312e-07,2.6134957806789316e-06,0.0,5.471767394737981e-07,1.7018267044477398e-06
2003-01-06,0.0,0.0,0.0,0.0,0.0,0.0
2003-01-07,9.040978170560265e-07,1.9275100626714448e-08,1.563328666520647e-08,8.882796009856975e-07,4.4009063060457265e-08,3.5491101613160936e-08
2003-01-08,1.81391769729089e-05,1.8118869775207713e-05,1.8087794160237536e-05,1.859870826592669e-05,1.813223207136616e-05,1.7737114831106737e-05
2003-01-09,2.5638506485847756e-05,2.5948158508981578e-05,2.534922896302305e-05,2.7790063541033305e-05,2.7513004170032218e-05,2.6630219508660957e-05
2003-01-10,0.0,0.0,0.0,0.0,0.0,0.0
2003-01-11,0.0,0.0,0.0,0.0,0.0,0.0
2003-01-12,0.0,0.0,0.0,0.0,0.0,0.0
2003-01-13,0.0,0.0,0.0,0.0,0.0,0.0
2003-01-14,0.0,0.0,0.0,0.0,0.0,0.0
2003-01-15,7.551437647634884e-06,7.21210790288751e-06,6.995261173869949e-06,6.408920398826012e-06,5.802524810860632e-06,5.426840289146639e-06
2003-01-16,0.0,0.0,0.0,0.0,0.0,0.0
2003-01-17,0.0001519677316537127,0.00016464455984532833,0.00017431964806746691,0.0001438415056327358,0.00015239696949720383,0.0001600924733793363
2003-01-18,2.3568375127069885e-06,3.1167928682407364e-06,4.419361175678205e-06,5.504149157786742e-06,6.509031209134264e-06,8.129907655529678e-06
2003-01-19,6.545408837155264e-08,2.048535385767991e-08,1.915795522222652e-08,7.413049019078244e-08,4.6826091448792795e-08,4.35383284980162e-08
2003-01-20,2.463555119902594e-06,2.598385890451027e-06,2.4409080197074218e-06,4.555708983389195e-06,4.756207090395037e-06,4.580518179864157e-06
2003-01-21,2.6107845769729465e-06,2.2990841443970567e-06,1.945913709278102e-06,2.338156264158897e-06,1.9302478904137388e-06,1.7406456436219742e-06
2003-01-22,1.028335418595816e-06,1.1137665296701016e-06,1.188282908515248e-06,2.4027881408983376e-06,2.5465947146585677e-06,2.7012754344468703e-06
2003-01-23,0.0,0.0,0.0,0.0,0.0,0.0
2003-01-24,0.0,0.0,0.0,0.0,0.0,0.0
2003-01-25,2.7437186872703023e-05,2.9224876925582066e-05,2.9512582841562107e-05,2.33486953220563e-05,2.414407572359778e-05,2.4354561901418492e-05
2003-01-26,1.5475525287911296e-05,1.514119594503427e-05,1.3866530935047194e-05,1.722670094750356e-05,1.6774103642092086e-05,1.567894287290983e-05
2003-01-27,8.06180810997148e-09,0.0,0.0,1.884704481369681e-08,0.0,0.0
2003-01-28,7.959863432915881e-05,8.43832895043306e-05,8.628320938441902e-05,7.241690036607906e-05,7.533447933383286e-05,7.693836960243061e-05
2003-01-29,2.9145012376829982e-05,3.2492294849362224e-05,3.537570228218101e-05,2.4481836589984596e-05,2.6321491532144137e-05,2.8314438168308698e-05
2003-01-30,0.0,3.993410402358677e-08,1.248565553169101e-07,0.0,2.6208782699654876e-08,8.148070662628015e-08
2003-01-31,8.191492088371888e-05,8.631908713141456e-05,8.720813639229164e-05,7.206386362668127e-05,7.415509753627703e-05,7.449069380527362e-05
2003-02-01,1.5500034351134673e-05,1.6896901797736064e-05,1.789896487025544e-05,1.0398506674391683e-05,1.1090553925896529e-05,1.1682571312121581e-05
2003-02-02,0.0,0.0,0.0,0.0,0.0,0.0
2003-02-03,0.0,0.0,0.0,0.0,0.0,0.0
2003-02-04,2.9619212000397965e-05,2.9789331165375188e-05,2.8426162316463888e-05,2.6619754862622358e-05,2.6098001399077475e-05,2.4980472517199814e-05
2003-02-05,0.0,0.0,0.0,0.0,0.0,0.0
2003-02-06,3.0098679417278618e-05,3.0760595109313726e-05,2.9760336474282667e-05,2.9476283089024946e-05,2.9759094104520045e-05,2.917686833825428e-05
2003-02-07,2.8523008950287476e-05,3.151418422930874e-05,3.368483521626331e-05,3.258585638832301e-05,3.482608371996321e-05,3.6840112443314865e-05
2003-02-08,5.498695827554911e-06,5.798331585538108e-06,5.038775725552114e-06,5.340848474588711e-06,5.328740371624008e-06,4.832439572055591e-06
2003-02-09,0.0,0.0,0.0,0.0,0.0,0.0
2003-02-10,4.735853735837736e-07,3.865460200813686e-07,3.128627952264651e-07,1.1074794201704208e-06,8.845841534821375e-07,7.121978455870703e-07
2003-02-11,0.0,0.0,0.0,0.0,0.0,0.0
2003-02-12,1.1004747193510411e-06,5.865268235538679e-07,4.745830892716185e-07,2.3065415462042438e-06,1.3421952189673902e-06,1.0804037628986407e-06
2003-02-13,0.00010359923908254132,0.00011148724297527224,0.00011399415961932391,0.00010348217620048672,0.00010960703366436064,0.00011202708265045658
2003-02-14,0.0,0.0,0.0,0.0,0.0,0.0
2003-02-15,8.391230221604928e-05,8.7746862845961e-05,8.789105777395889e-05,7.223425200209022e-05,7.35654029995203e-05,7.296103285625577e-05
2003-02-16,4.81174502056092e-05,6.075816054362804e-05,7.711660873610526e-05,5.2562310884241015e-05,6.443411984946579e-05,7.995389751158655e-05
2003-02-17,0.0,0.0,0.0,0.0,0.0,0.0
2003-02-18,0.0,0.0,0.0,0.0,0.0,0.0
2003-02-19,9.461820445721969e-05,0.00010151421884074807,0.00010607257718220353,8.062803681241348e-05,8.426580461673439e-05,8.66741975187324e-05
2003-02-20,2.5363957320223562e-05,3.019245014002081e-05,3.728122828761116e-05,2.505448537704069e-05,2.908412534452509e-05,3.5929781006416306e-05
2003-02-21,0.0,0.0,0.0,0.0,0.0,0.0
2003-02-22,0.0,0.0,0.0,0.0,0.0,0.0
2003-02-23,3.946137803723104e-05,4.329258081270382e-05,4.690275090979412e-05,3.78006006940268e-05,4.080273720319383e-05,4.397887096274644e-05
2003-02-24,3.0275119570433162e-05,3.135584120173007e-05,3.185749665135518e-05,2.92783479380887e-05,2.9895496481913142e-05,3.06104302580934e-05
2003-02-25,3.6264932532503735e-06,3.27779162034858e-06,2.9198481570347212e-06,2.9576017368526664e-06,2.8106933314120397e-06,2.7629416763375048e-06
2003-02-26,0.0,0.0,0.0,0.0,0.0,0.0
2003-02-27,5.0343285693088546e-05,5.1550294301705435e-05,5.041182885179296e-05,5.096096720080823e-05,5.154609607416205e-05,5.0352882681181654e-05
2003-02-28,7.441262278007343e-05,8.127291221171618e-05,8.555519889341667e-05,7.242356514325365e-05,7.781811291351914e-05,8.203698962461203e-05
2003-03-01,2.2114370779036108e-07,0.0,0.0,1.5865323632624495e-07,0.0,0.0
2003-03-02,1.8586595615488477e-05,2.012787081184797e-05,2.0413423044374213e-05,1.7503502022009343e-05,1.8684206224861555e-05,1.8977902072947472e-05
2003-03-03,0.00010634974023560062,0.00010369262599851936,9.617102477932349e-05,0.00011491162877064198,0.00011173374514328316,0.0001050689970725216
2003-03-04,7.915891910670325e-05,9.919020521920174e-05,0.00012346883886493742,6.784401193726808e-05,8.315412560477853e-05,0.00010374639532528818
2003-03-05,0.0,0.0,0.0,0.0,0.0,0.0
2003-03-06,9.800920452107675e-06,1.096089090424357e-05,1.1095587979070842e-05,7.4539598244882654e-06,8.11418067314662e-06,8.00016823632177e-06
2003-03-07,0.0,9.802119649293672e-08,3.050682266803051e-07,0.0,6.427737275771506e-08,1.9917790439194505e-07
2003-03-08,2.250874103992828e-06,2.1562414076470304e-06,2.6272582545061596e-06,2.3152751964516938e-06,2.311425305379089e-06,2.598499122541398e-06
2003-03-09,1.389293265674496e-05,2.0219820726197213e-05,2.943118852272164e-05,9.281811799155548e-06,1.3281141036713962e-05,1.928652636706829e-05
2003-03-10,0.0,0.0,0.0,0.0,0.0,0.0
2003-03-11,0.0,0.0,0.0,0.0,0.0,0.0
2003-03-12,0.0,7.808255304553313e-07,2.4290384317282587e-06,0.0,5.498188784258673e-07,1.7031102288456168e-06
2003-03-13,0.0,0.0,0.0,0.0,0.0,0.0
2003-03-14,0.0002022331755142659,0.00021931309311185032,0.00022926820383872837,0.0001954463223228231,0.00020953880448359996,0.00021882110740989447
2003-03-15,5.024947313359007e-05,5.749594856752083e-05,6.375455268425867e-05,5.6056665926007554e-05,6.474708789028227e-05,7.481203647330403e-05
2003-03-16,0.0,0.0,0.0,0.0,0.0,0.0
2003-03-17,0.0,0.0,0.0,0.0,0.0,0.0
2003-03-18,0.0,0.0,0.0,0.0,0.0,0.0
2003-03-19,9.971645908990467e-08,0.0,0.0,2.3184230713013676e-07,0.0,0.0
2003-03-20,6.629293056903407e-05,7.427915988955647e-05,8.149849600158632e-05,7.031763379927725e-05,7.751831435598433e-05,8.517962123733014e-05
2003-03-21,0.0,0.0,0.0,0.0,0.0,0.0
2003-03-22,2.0605457393685356e-06,2.6159518711210694e-06,3.121859890597989e-06,1.522392381048121e-06,1.9683793652802706e-06,2.507912768123788e-06
2003-03-23,0.0,0.0,0.0,0.0,0.0,0.0
2003-03-24,4.6124125219648704e-05,4.694353629020043e-05,4.513565363595262e-05,5.117089312989265e-05,5.161181979929097e-05,4.988590080756694e-05
2003-03-25,4.090081711183302e-05,4.5769007556373253e-05,5.147530828253366e-05,4.026290844194591e-05,4.360471211839467e-05,4.8626563511788845e-05
2003-03-26,0.00010602792463032529,0.0001120388405979611,0.00011358867777744308,0.00010806121281348169,0.00011083616846008226,0.00010966727859340608
2003-03-27,1.4006842320668511e-05,1.3933980881120078e-05,1.3343046703084838e-05,1.3553099051932804e-05,1.317754686169792e-05,1.2783871170540806e-05
2003-03-28,0.00014269673556555063,0.00014347347314469516,0.00014073440979700536,0.00011893769988091663,0.00011750006524380296,0.00011414793698349968
2003-03-29,0.0001435902522644028,0.00016091194993350655,0.0001758252183208242,0.0001542835816508159,0.00017055877833627164,0.00018715356418397278
2003-03-30,0.0,0.0,0.0,0.0,0.0,0.0
2003-03-31,0.0,0.0,0.0,0.0,0.0,0.0
2003-04-01,0.00011507966701174155,0.00011147452460136265,0.0001040001807268709,0.00011901516700163484,0.00011390532745281234,0.00010561849194345996
2003-04-02,2.4558903533034027e-05,2.890267569455318e-05,3.125965304207057e-05,1.759981387294829e-05,2.089438021357637e-05,2.3459009753423743e-05
2003-04-03,0.0,0.0,0.0,0.0,0.0,0.0
2003-04-04,3.12131924147252e-05,2.8200707674841397e-05,2.4971886887215078e-05,3.368416946614161e-05,3.0095250622252934e-05,2.6598014301271178e-05
2003-04-05,0.0,0.0,0.0,0.0,0.0,0.0
2003-04-06,1.4603514273403562e-06,1.3671334500031662e-06,1.9999861251562834e-06,2.2134543087304337e-06,1.6924511783145135e-06,2.0754946490342263e-06
2003-04-07,0.0,0.0,0.0,0.0,0.0,0.0
2003-04-08,8.968618931248784e-05,9.208422125084326e-05,8.879195229383186e-05,9.050556400325149e-05,9.340383985545486e-05,9.221945219906047e-05
2003-04-09,1.120843293733742e-07,2.101968448187108e-06,6.240670700208284e-06,2.601485959985439e-07,2.013925950450357e-06,5.597963536274619e-06
2003-04-10,0.0,0.0,0.0,0.0,0.0,0.0
2003-04-11,0.0,0.0,0.0,0.0,0.0,0.0
2003-04-12,9.718330693431199e-05,0.00010008149547502398,9.93123758235015e-05,0.00010964465036522597,0.00011203977192053571,0.00011070370237575844
2003-04-13,0.0,0.0,0.0,0.0,0.0,0.0
2003-04-14,0.000114942311483901,0.00011537331010913476,0.0001123397087212652,0.000129302658024244,0.00012869022611994296,0.00012580145266838372
2003-04-15,0.0,2.4751003024903184e-07,7.651391342733405e-07,0.0,2.3312036034894845e-07,7.178120426942769e-07
2003-04-16,0.0,0.0,0.0,0.0,0.0,0.0
2003-04-17,0.0,0.0,0.0,0.0,0.0,0.0
2003-04-18,0.0,0.0,0.0,0.0,0.0,0.0
2003-04-19,0.0,0.0,0.0,0.0,0.0,0.0
2003-04-20,0.0,0.0,0.0,0.0,0.0,0.0
2003-04-21,0.0,0.0,0.0,0.0,0.0,0.0
2003-04-22,0.0,0.0,0.0,0.0,0.0,0.0
2003-04-23,0.0,0.0,0.0,0.0,0.0,0.0
2003-04-24,4.6527708263965906e-07,0.0,0.0,3.09925752617346e-07,0.0,0.0
2003-04-25,0.00013336689153220505,0.00011968660692218691,9.762242552824318e-05,0.0001173025302705355,0.00010353516699979082,8.37218394735828e-05
2003-04-26,1.7181520888698287e-05,1.8170399926020764e-05,1.7731143088894896e-05,1.5292222087737173e-05,1.6291955034830607e-05,1.6039886759244837e-05
2003-04-27,0.00011286944936728105,0.00011461151734692976,0.00011384658137103543,0.00011778932093875483,0.00011841707600979134,0.00011739487672457471
2003-04-28,0.0,7.804350161677576e-07,2.3993427475943463e-06,0.0,5.14034979914868e-07,1.5751028286103974e-06
2003-04-29,0.0,0.0,0.0,0.0,0.0,0.0
2003-04-30,0.0,0.0,0.0,0.0,0.0,0.0
2003-05-01,0.0,0.0,0.0,0.0,0.0,0.0
2003-05-02,0.0,0.0,0.0,0.0,0.0,0.0
2003-05-03,0.0,0.0,0.0,0.0,0.0,0.0
2003-05-04,0.0,0.0,0.0,0.0,0.0,0.0
2003-05-05,0.0,3.763774145681964e-07,1.1530768233569688e-06,0.0,2.483881473835936e-07,7.588735684294079e-07
2003-05-06,0.0,0.0,0.0,0.0,0.0,0.0
2003-05-07,0.0,0.0,0.0,0.0,0.0,0.0
2003-05-08,0.0,0.0,0.0,0.0,0.0,0.0
2003-05-09,1.9759627321036533e-05,1.91859344340628e-05,1.856393828347791e-05,3.2390984415542334e-05,3.195867975591682e-05,3.1339000997832045e-05
2003-05-10,4.2637588194338605e-05,4.0688410081202164e-05,3.811290662270039e-05,4.836554217035882e-05,4.6247700083767995e-05,4.3660536903189495e-05
2003-05-11,1.0616660119922017e-06,0.0,0.0,2.377058308411506e-06,0.0,0.0
2003-05-12,8.041768160182983e-05,7.789630762999877e-05,8.004997653188184e-05,9.367580059915781e-05,9.090015373658389e-05,9.19821104616858e-05
2003-05-13,1.99623195840104e-06,2.59213152276061e-07,2.0505450493146782e-07,1.3317585398908705e-06,1.714808064434692e-07,1.353867276066012e-07
2003-05-14,0.0,0.0,0.0,0.0,0.0,0.0
2003-05-15,7.803738844813779e-05,7.449652184732258e-05,6.966166984057054e-05,8.674785203766078e-05,8.410446025663987e-05,7.918773917481303e-05
2003-05-16,2.9699633159907535e-05,3.3168882509926334e-05,3.801999264396727e-05,2.942667924799025e-05,3.244969775550999e-05,3.656649278127588e-05
2003-05-17,0.0,0.0,0.0,0.0,0.0,0.0
2003-05-18,0.0,0.0,0.0,0.0,0.0,0.0
2003-05-19,4.1258655983256176e-05,4.3480718886712566e-05,4.505667311605066e-05,2.7754407710745e-05,2.892732481996063e-05,3.0158636945998296e-05
2003-05-20,0.0,0.0,0.0,0.0,0.0,0.0
2003-05-21,0.0,0.0,0.0,0.0,0.0,0.0
2003-05-22,0.0,0.0,0.0,0.0,0.0,0.0
2003-05-23,2.8593719889613567e-06,2.712237801461015e-06,2.764452119663474e-06,6.654480785073247e-06,6.205536919878796e-06,6.182997822179459e-06
2003-05-24,0.0,0.0,0.0,0.0,0.0,0.0
2003-05-25,0.0,5.1413643120667984e-08,1.5606215697516745e-07,0.0,1.1898327301196332e-07,3.609404757298762e-07
2003-05-26,0.0,0.0,0.0,0.0,0.0,0.0
2003-05-27,8.928518582251854e-06,9.209564268530812e-06,9.320841854787432e-06,1.7277730876230635e-05,1.899761082313489e-05,1.9744362361961976e-05
2003-05-28,0.0,0.0,0.0,0.0,0.0,0.0
2003-05-29,0.0,0.0,0.0,0.0,0.0,0.0
2003-05-30,0.00010475613817106932,0.00010693170770537108,0.00010666995513020083,0.00010464732622494921,0.00010648233001120389,0.00010629899043124169
2003-05-31,9.358226816402748e-05,9.84191574389115e-05,0.0001034895540215075,8.884973067324609e-05,9.296503412770107e-05,9.898371354211122e-05
2003-06-01,5.56756931473501e-05,5.7449979067314416e-05,6.213173037394881e-05,6.281067908275872e-05,6.238536298042163e-05,6.47848573862575e-05
2003-06-02,3.583024226827547e-05,3.05926296277903e-05,2.407364263490308e-05,3.710564851644449e-05,3.157594983349554e-05,2.49232671194477e-05
2003-06-03,7.780133273627143e-06,7.669358637940604e-06,7.6181217991688754e-06,1.8113893020199612e-05,1.7787089745979756e-05,1.7674354239716195e-05
2003-06-04,9.058827708940953e-05,8.483130659442395e-05,7.708478369750082e-05,8.393218740820885e-05,7.78073153924197e-05,7.049769919831306e-05
2003-06-05,0.00012915233673993498,0.000127426435938105,0.00012483457976486534,0.00011711182014551014,0.00011466892465250567,0.00011180662113474682
2003-06-06,8.354971942026168e-05,8.314971637446433e-05,8.060887194005772e-05,8.149896166287363e-05,8.10964047559537e-05,7.988561264937744e-05
2003-06-07,9.633124864194542e-05,0.00010333302634535357,0.0001119339358410798,6.683690298814327e-05,7.347256178036332e-05,8.392092422582209e-05
2003-06-08,0.0,0.0,0.0,0.0,0.0,0.0
2003-06-09,0.0,0.0,0.0,0.0,0.0,0.0
2003-06-10,0.0,0.0,0.0,0.0,0.0,0.0
2003-06-11,0.0,0.0,0.0,0.0,0.0,0.0
2003-06-12,5.455682912725024e-05,5.143661473994143e-05,4.835418803850189e-05,6.03448243055027e-05,5.741337008657865e-05,5.4629475926049054e-05
2003-06-13,0.00010580928210401908,0.00010385835048509762,9.987212979467586e-05,0.00010289068450219929,9.984999633161351e-05,9.509156370768324e-05
2003-06-14,0.0002774529857560992,0.0002756533503998071,0.0002651825489010662,0.00028600249788723886,0.0002831952879205346,0.0002737186150625348
2003-06-15,0.00017382728401571512,0.00018501104204915464,0.0001904934033518657,0.00015459921269211918,0.00016519652854185551,0.0001712642697384581
2003-06-16,4.367448127595708e-05,4.315137994126417e-05,3.384417505003512e-05,2.916486846515909e-05,2.8760836357832886e-05,2.2589842046727426e-05
2003-06-17,3.7773734220536426e-05,3.83913102268707e-05,3.871578519465402e-05,2.673150083865039e-05,2.7481577490107156e-05,2.8110662242397666e-05
2003-06-18,3.179941268172115e-05,3.146121161989868e-05,3.0142358809825964e-05,3.3305015676887706e-05,3.418549749767408e-05,3.241074227844365e-05
2003-06-19,4.822017945116386e-05,5.061096453573555e-05,4.981054735253565e-05,3.625381214078516e-05,3.843885860987939e-05,3.8172358472365886e-05
2003-06-20,1.4578628906747326e-05,9.677898560767062e-06,7.593924692628207e-06,2.7636699087452143e-05,2.2489206457976252e-05,1.7675938579486683e-05
2003-06-21,6.381049752235413e-05,6.43563034827821e-05,6.220721843419597e-05,6.325248978100717e-05,6.475203554145992e-05,6.413800292648375e-05
2003-06-22,0.00011414714390411973,0.00011511920456541702,0.0001125217677326873,9.142193448496982e-05,9.354168287245557e-05,9.288900764659047e-05
2003-06-23,7.121852831915021e-05,7.134376210160553e-05,6.836288230260834e-05,5.840032099513337e-05,6.03739645157475e-05,5.9499154303921387e-05
2003-06-24,0.0,0.0,0.0,0.0,0.0,0.0
2003-06-25,0.0,0.0,0.0,0.0,0.0,0.0
2003-06-26,0.0,0.0,0.0,0.0,0.0,0.0
2003-06-27,8.536434324923903e-05,8.080281259026378e-05,7.20444877515547e-05,9.143432544078678e-05,8.644589979667217e-05,7.852942508179694e-05
2003-06-28,0.0001836182491388172,0.00018713806639425457,0.0001851036213338375,0.00017358690092805773,0.00017630246293265373,0.0001763455948093906
2003-06-29,6.5351929379176e-07,1.8302599755770643e-06,4.041466581838904e-06,4.3598151933110785e-07,1.677344130257552e-06,4.089574758836534e-06
2003-06-30,7.432766869897023e-05,6.588859105249867e-05,5.585643884842284e-05,6.376637611538172e-05,5.55384685867466e-05,4.646365050575696e-05
2003-07-01,9.562158811604604e-05,9.926634811563417e-05,0.00010256648965878412,9.776702063390985e-05,0.00010255069355480373,0.00010626766015775502
2003-07-02,1.1899836636075634e-06,1.2500411230575992e-06,1.0411033599666553e-06,2.766445959423436e-06,2.9024570267210947e-06,2.4222238153015496e-06
2003-07-03,0.0,0.0,0.0,0.0,0.0,0.0
2003-07-04,0.0,0.0,0.0,0.0,0.0,0.0
2003-07-05,0.0,0.0,0.0,0.0,0.0,0.0
2003-07-06,8.601458830526099e-05,9.010668873088434e-05,9.503652108833194e-05,8.888448064681143e-05,9.316600335296243e-05,9.777280502021313e-05
2003-07-07,0.0001508372079115361,0.000149778657942079,0.00014716673467773944,0.00014613814710173756,0.00014565172023139894,0.00014415153418667614
2003-07-08,1.3858532383892452e-06,2.1972718968754634e-06,3.466987891442841e-06,9.234897788701346e-07,1.9280280412203865e-06,3.732920049515087e-06
2003-07-09,0.0,0.0,0.0,0.0,0.0,0.0
2003-07-10,0.0,0.0,0.0,0.0,0.0,0.0
2003-07-11,0.00010085917165270075,0.00011349305714247748,0.0001201527047669515,9.637972107157111e-05,0.00010910048149526119,0.00011674432607833296
2003-07-12,0.0,3.5692128221853636e-06,1.0883532922889572e-05,0.0,2.582806928330683e-06,7.891041605034843e-06
2003-07-13,0.0,0.0,0.0,0.0,0.0,0.0
2003-07-14,0.0,0.0,0.0,0.0,0.0,0.0
2003-07-15,0.0,0.0,0.0,0.0,0.0,0.0
2003-07-16,0.0,0.0,0.0,0.0,0.0,0.0
2003-07-17,0.0,0.0,0.0,0.0,0.0,0.0
2003-07-18,4.142321756717138e-07,0.0,0.0,9.60673560257419e-07,0.0,0.0
2003-07-19,0.00010126925189979374,0.0001020217823679559,0.0001008326216833666,0.00010211057087872177,0.00010248225589748472,0.00010207187006017193
2003-07-20,0.0,0.0,0.0,0.0,0.0,0.0
2003-07-21,0.0001339821028523147,0.0001324862241744995,0.0001248031185241416,0.0001351327809970826,0.00013559390208683908,0.00013098865747451782
2003-07-22,0.0,1.479628082279305e-07,4.5336059883993585e-07,0.0,9.805133061036031e-08,3.009061231296073e-07
2003-07-23,0.0,5.323613549990114e-06,1.6319325368385762e-05,0.0,4.005152732133865e-06,1.229644567501964e-05
2003-07-24,0.00017520390974823385,0.00018584635108709335,0.00019419945601839572,0.00017355945601593703,0.00018466381879989058,0.0001946483098436147
2003-07-25,5.787607278762152e-06,2.161690190405352e-06,2.166512786061503e-06,8.80263905855827e-06,4.946901299263118e-06,4.878681920672534e-06
2003-07-26,0.00010729536006692797,0.00011488044401630759,0.00011974260996794328,0.0001019940827973187,0.00010833755368366838,0.00011434995394665748
2003-07-27,0.00011449870362412184,0.00012487331696320325,0.0001338060974376276,0.00010669341281754896,0.00011616845586104318,0.00012343749403953552
2003-07-28,0.0001768805959727615,0.0001925843534991145,0.00020382879301905632,0.0001640702539589256,0.00017930060857906938,0.00019287607574369758
2003-07-29,0.0,2.1514652814857982e-07,6.612726792809553e-07,0.0,1.422417312824109e-07,4.3771689206550946e-07
2003-07-30,0.0,2.684825233245647e-07,8.255385637312429e-07,0.0,1.7744648062034685e-07,5.46238311471825e-07
2003-07-31,0.00019237890955992043,0.00021169865794945508,0.00022445403737947345,0.00019062218780163676,0.00021065351029392332,0.00022548416745848954
2003-08-01,9.503476758254692e-05,9.688785939943045e-05,9.974543354474008e-05,6.379777914844453e-05,6.399465200956911e-05,6.594865408260375e-05
2003-08-02,2.831353594956454e-05,2.7174135539098643e-05,4.049837662023492e-05,3.053295586141758e-05,2.8245449357200414e-05,3.568353349692188e-05
2003-08-03,0.0,1.0737954880823963e-06,3.3065957723010797e-06,0.0,7.088084998940758e-07,2.1845908122486435e-06
2003-08-04,0.00011527075548656285,0.00011670214735204354,0.00011392252054065466,0.00011798900959547609,0.00011987957259407267,0.00011834812903543934
2003-08-05,9.936181413650047e-06,1.8945882402476855e-05,3.481244857539423e-05,9.723048606247175e-06,1.8314114640816115e-05,3.3519670978421345e-05
2003-08-06,3.7278652598615736e-05,3.854289388982579e-05,3.514266063575633e-05,4.54773980891332e-05,4.5846612920286134e-05,4.232124047121033e-05
2003-08-07,3.5229739296482876e-05,4.142908801441081e-05,4.721753430203535e-05,6.171395943965763e-05,6.871951336506754e-05,7.340880256379023e-05
2003-08-08,5.8570789406076074e-05,5.433334445115179e-05,4.7867666580714285e-05,7.461405039066449e-05,7.216189260361716e-05,6.734222552040592e-05
2003-08-09,0.00015731800522189587,0.00016123251407407224,0.00016314625099767,0.00016146033885888755,0.00016555949696339667,0.00016888468235265464
2003-08-10,0.0,0.0,0.0,0.0,0.0,0.0
2003-08-11,0.0,0.0,0.0,0.0,0.0,0.0
2003-08-12,6.023285095579922e-05,5.933313877903856e-05,5.5492659157607704e-05,6.95235503371805e-05,6.826162280049175e-05,6.480448791990057e-05
2003-08-13,2.6939356757793576e-05,3.126785304630175e-05,3.622076110332273e-05,4.3386327888583764e-05,4.6270492020994425e-05,4.822321352548897e-05
2003-08-14,0.0,0.0,0.0,0.0,0.0,0.0
2003-08-15,0.0,0.0,0.0,0.0,0.0,0.0
2003-08-16,3.8600079278694466e-05,4.496741894399747e-05,4.7068002459127456e-05,2.557072184572462e-05,2.9593049475806765e-05,3.097362059634179e-05
2003-08-17,0.00029120215913280845,0.00031491415575146675,0.00034125178353860974,0.00026380960480310023,0.0002845308627001941,0.0003098204906564206
2003-08-18,0.00011599297431530431,0.0001139995947596617,0.00010488881525816396,0.00011558856931515038,0.00011504380381666124,0.0001088048520614393
2003-08-19,0.0,0.0,0.0,0.0,0.0,0.0
2003-08-20,0.0,0.0,0.0,0.0,0.0,0.0
2003-08-21,0.0,0.0,0.0,0.0,0.0,0.0
2003-08-22,2.9985767469042912e-05,2.4748476789682172e-05,2.253636012028437e-05,5.0486563850427046e-05,4.6175573515938595e-05,4.318610081099905e-05
2003-08-23,0.0001146870490629226,0.00011967725731665269,0.00012332269398029894,0.00011336144234519452,0.00011787418770836666,0.00012178951874375343
2003-08-24,4.324726978666149e-05,4.173779598204419e-05,3.669227589853108e-05,4.604213609127328e-05,4.427022213349119e-05,3.812867362285033e-05
2003-08-25,6.220961495273514e-06,7.106792054401012e-06,7.1656327236269135e-06,1.436188722436782e-05,1.629147845960688e-05,1.6413958292105235e-05
2003-08-26,0.0,0.0,0.0,0.0,0.0,0.0
2003-08-27,0.0,0.0,0.0,0.0,0.0,0.0
2003-08-28,0.0,0.0,0.0,0.0,0.0,0.0
2003-08-29,0.00018405473383609205,0.00017964486323762685,0.0001589703024365008,0.00017937400843948126,0.00017376932373736054,0.00015130128304008394
2003-08-30,0.00012668182898778468,0.0001347705692751333,0.0001392302947351709,0.00011960302072111517,0.00012582277122419327,0.0001299663563258946
2003-08-31,0.0,1.1732557148036449e-08,3.620804989168391e-08,0.0,2.690005906913484e-08,8.291484476785627e-08
2003-09-01,0.0,0.0,0.0,0.0,0.0,0.0
2003-09-02,0.0,0.0,0.0,0.0,0.0,0.0
2003-09-03,0.0,0.0,0.0,0.0,0.0,0.0
2003-09-04,3.887877028319053e-06,7.597085414090543e-07,6.074138241274341e-07,7.746244591544382e-06,1.742501012813591e-06,1.3910406551076449e-06
2003-09-05,9.205492824548855e-05,9.504575427854434e-05,9.708144352771342e-05,0.00012354015780147165,0.00012622277426999062,0.00012345716822892427
2003-09-06,0.0,0.0,0.0,0.0,0.0,0.0
2003-09-07,0.0,0.0,0.0,0.0,0.0,0.0
2003-09-08,0.0,0.0,0.0,0.0,0.0,0.0
2003-09-09,0.0,0.0,0.0,0.0,0.0,0.0
2003-09-10,2.4543944164179265e-05,2.4215185476350598e-05,2.1401729100034572e-05,3.663595634861849e-05,3.613760418375023e-05,3.323643977637403e-05
2003-09-11,1.9975408577010967e-05,2.2343243472278118e-05,2.2566535335499793e-05,2.2768055714550428e-05,2.4144566850736737e-05,2.2881855329615064e-05
2003-09-12,4.53522770840209e-05,5.185086411074735e-05,5.341929863789119e-05,4.582234760164283e-05,5.117262480780482e-05,5.18699198437389e-05
2003-09-13,0.0,0.0,0.0,0.0,0.0,0.0
2003-09-14,5.27029123986722e-06,5.256287749944022e-06,4.578392235998763e-06,1.2193069778732024e-05,1.2076226084900554e-05,1.0494230991753284e-05
2003-09-15,0.00023876548220869154,0.00024184554058592767,0.00023371026327367872,0.00022479613835457712,0.0002304665686096996,0.0002285872760694474
2003-09-16,8.152898226398975e-05,0.00010423597996123135,0.00012895009422209114,5.4131189244799316e-05,7.107327837729827e-05,9.200634667649865e-05
2003-09-17,0.0,0.0,0.0,0.0,0.0,0.0
2003-09-18,0.0,0.0,0.0,0.0,0.0,0.0
2003-09-19,0.0,0.0,0.0,0.0,0.0,0.0
2003-09-20,0.0,0.0,0.0,0.0,0.0,0.0
2003-09-21,0.0,0.0,0.0,0.0,0.0,0.0
2003-09-22,0.0,2.094195483692829e-09,6.430951771108084e-09,0.0,4.819775245579194e-09,1.475700006636771e-08
2003-09-23,5.1582603191491216e-05,5.6834451243048534e-05,6.11959767411463e-05,3.430420110817067e-05,3.837317126453854e-05,4.2864725401159376e-05
2003-09-24,0.0,6.164137857922469e-07,1.892063323793991e-06,0.0,4.0715113414080406e-07,1.2458474429877242e-06
2003-09-25,0.0,0.0,0.0,0.0,0.0,0.0
2003-09-26,0.0,0.0,0.0,0.0,0.0,0.0
2003-09-27,0.0,0.0,0.0,0.0,0.0,0.0
2003-09-28,5.2451217925408855e-05,4.785768032888882e-05,4.195020301267505e-05,7.959797221701592e-05,7.466939860023558e-05,6.791898340452462e-05
2003-09-29,0.00013251298514660448,0.00013276642130222172,0.00013027171371504664,0.00015470800281036645,0.00015249107673298568,0.00014561781426891685
2003-09-30,0.00013096777547616512,0.000138887160574086,0.00013927365944255143,0.0001169759634649381,0.000123518067994155,0.00012488207721617073
2003-10-01,4.4079588406020775e-06,6.704926818201784e-06,1.0182301593886223e-05,2.937726321761147e-06,4.526394604909001e-06,6.989576377236517e-06
2003-10-02,0.0,0.0,0.0,0.0,0.0,0.0
2003-10-03,1.0186216968577355e-05,9.901616067509167e-06,8.009247721929569e-06,1.241776772076264e-05,1.2047302334394772e-05,9.862309525487944e-06
2003-10-04,0.0,0.0,0.0,0.0,0.0,0.0
2003-10-05,0.0,0.0,0.0,0.0,0.0,0.0
2003-10-06,0.0,0.0,0.0,0.0,0.0,0.0
2003-10-07,5.466565198730677e-06,6.035453225194942e-06,6.16828583588358e-06,1.2721250641334336e-05,1.3929979104432277e-05,1.4178535820974503e-05
2003-10-08,4.651563756397081e-08,4.6555837229789176e-07,1.3534940990211908e-06,1.082760832105123e-07,6.679578063994995e-07,1.8707206663748366e-06
2003-10-09,2.2426791474572383e-05,1.6490839698235504e-05,1.4553041182807647e-05,1.9377306671231054e-05,1.3296115866978653e-05,1.184654320240952e-05
2003-10-10,8.041536784730852e-05,8.765142410993576e-05,8.975985838333145e-05,6.756046786904335e-05,7.29230887372978e-05,7.457756146322936e-05
2003-10-11,1.1684921901178313e-06,8.12286941709317e-07,8.329014349328645e-07,2.3846764634072315e-06,1.8392593119642697e-06,1.8041284874925623e-06
2003-10-12,0.0,0.0,0.0,0.0,0.0,0.0
2003-10-13,0.0,0.0,0.0,0.0,0.0,0.0
2003-10-14,4.152116162003949e-05,4.21817931055557e-05,3.816120442934334e-05,3.5207711334805936e-05,3.561093035386875e-05,3.218645360902883e-05
2003-10-15,2.5978064513765275e-05,2.4881748686311767e-05,2.4100172595353797e-05,2.5800565708777867e-05,2.4385963115491904e-05,2.3425498511642218e-05
2003-10-16,2.327941547264345e-05,2.0081884940736927e-05,1.6926964235608466e-05,2.7330886950949207e-05,2.3834381863707677e-05,2.0958059394615702e-05
2003-10-17,4.8953486839309335e-05,4.7787973016966134e-05,4.549939694697969e-05,6.724129343638197e-05,6.716597999911755e-05,6.524905620608479e-05
2003-10-18,0.0,0.0,0.0,0.0,0.0,0.0
2003-10-19,0.0,0.0,0.0,0.0,0.0,0.0
2003-10-20,9.521078823127027e-07,1.136954974612081e-08,3.484366573047737e-08,6.376047281264619e-07,7.531535395344235e-09,2.296894052733478e-08
2003-10-21,3.459778235992417e-05,3.498631849652156e-05,3.534221468726173e-05,2.9957522201584652e-05,2.972879337903578e-05,2.9747874577878974e-05
2003-10-22,0.00016164532280527055,0.00018340822134632617,0.00020381824288051575,0.00015009602066129446,0.00016818029689602554,0.00018471649673301727
2003-10-23,6.883122750878101e-06,8.220987183449324e-06,9.033773494593333e-06,1.1414274922572076e-05,1.3286646208143793e-05,1.417736439179862e-05
2003-10-24,0.0,0.0,0.0,0.0,0.0,0.0
2003-10-25,0.0,0.0,0.0,0.0,0.0,0.0
2003-10-26,9.219883168043452e-07,1.215579914060072e-06,1.602891302354692e-06,1.620671014279651e-06,1.8315514580535819e-06,1.8682219433685532e-06
2003-10-27,9.496501661487855e-06,1.2772869013133459e-05,1.680558852967806e-05,7.729429853498004e-06,9.93021694739582e-06,1.241515656147385e-05
2003-10-28,0.0,0.0,0.0,0.0,0.0,0.0
2003-10-29,0.0,0.0,0.0,0.0,0.0,0.0
2003-10-30,0.0,0.0,0.0,0.0,0.0,0.0
2003-10-31,0.0,0.0,0.0,0.0,0.0,0.0
2003-11-01,4.0413862734567374e-05,3.873651803587563e-05,3.2976604416035116e-05,2.7949947252636775e-05,2.6365252779214643e-05,2.2642310796072707e-05
2003-11-02,4.634236393030733e-05,5.220899765845388e-05,5.988268458168022e-05,5.947164027020335e-05,6.709836452500895e-05,7.616958464495838e-05
2003-11-03,7.868328248150647e-05,7.123539398889989e-05,6.383632717188448e-05,7.528615969931707e-05,6.656262121396139e-05,5.819059151690453e-05
2003-11-04,0.00030811323085799813,0.0003233449242543429,0.0003237928031012416,0.00034067328670062125,0.00035275175468996167,0.0003517798031680286
2003-11-05,0.00021938256395515054,0.00021868532348889858,0.00021133282280061394,0.000247120187850669,0.0002492798084858805,0.0002471306943334639
2003-11-06,9.6651447165641e-06,1.2481430530897342e-05,1.5784014976816252e-05,1.058693123923149e-05,1.3213961210567504e-05,1.6540534488740377e-05
2003-11-07,0.0,0.0,0.0,0.0,0.0,0.0
2003-11-08,3.1498089811066166e-05,2.8895274226670153e-05,2.4118171495501883e-05,3.099254536209628e-05,2.8828735594288446e-05,2.522486829548143e-05
2003-11-09,6.379988008120563e-06,7.505766461690655e-06,8.802027878118679e-06,4.8469896682945546e-06,5.362658157537226e-06,6.1771602304361295e-06
2003-11-10,0.0,0.0,0.0,0.0,0.0,0.0
2003-11-11,2.2346846890286542e-05,2.4590963221271522e-05,2.592882447061129e-05,1.758495272952132e-05,1.913276719278656e-05,2.0419163774931803e-05
2003-11-12,0.0,0.0,0.0,0.0,0.0,0.0
2003-11-13,9.384182703797705e-06,7.83234372647712e-06,6.3231018430087715e-06,9.033831702254247e-06,7.5094494604854845e-06,6.03555463385419e-06
2003-11-14,1.0104527063958813e-05,1.1692734005919192e-05,1.4293219464889262e-05,9.274406693293713e-06,1.0605795978335664e-05,1.2958737897861283e-05
2003-11-15,6.014086466166191e-06,6.4920341174001805e-06,6.937470516277244e-06,4.692195034294855e-06,4.987229203834431e-06,5.389273155742558e-06
2003-11-16,0.0,0.0,0.0,0.0,0.0,0.0
2003-11-17,1.116013663704507e-05,1.0938267223536968e-05,1.1619194083323237e-05,9.414301530341618e-06,9.095992936636321e-06,9.622214747651014e-06
2003-11-18,1.9582363165682182e-05,2.2158093997859396e-05,2.413304719084408e-05,1.337218600383494e-05,1.4997069229139015e-05,1.6495383533765562e-05
2003-11-19,6.486770143965259e-05,7.104619726305827e-05,7.385342905763537e-05,4.687928230850957e-05,5.0414837460266426e-05,5.2304010750958696e-05
2003-11-20,7.525576802436262e-05,8.10455676401034e-05,8.50073920446448e-05,7.98763066995889e-05,8.527125464752316e-05,8.9385655883234e-05
2003-11-21,0.0,0.0,0.0,0.0,0.0,0.0
2003-11-22,4.0582762039775844e-08,4.25265014314391e-08,3.412813853742591e-08,9.481455265358818e-08,9.747684970307091e-08,7.779826916021193e-08
2003-11-23,9.65251501838793e-07,1.023031813929265e-06,8.898379633137665e-07,2.254890659969533e-06,2.344311496926821e-06,2.027942855420406e-06
2003-11-24,0.0,0.0,0.0,0.0,0.0,0.0
2003-11-25,0.00011191934027010575,0.00011012424511136487,0.00010629004827933386,0.00011104713485110551,0.0001065050091710873,0.00010155473864870146
2003-11-26,0.00028580616344697773,0.0003204813110642135,0.00036184058990329504,0.000266256247414276,0.00029378061299212277,0.00033085225732065737
2003-11-27,0.0,0.0,0.0,0.0,0.0,0.0
2003-11-28,0.0,0.0,0.0,0.0,0.0,0.0
2003-11-29,6.932700489414856e-05,7.049085252219811e-05,6.893795216456056e-05,4.812097904505208e-05,4.803043702850118e-05,4.692396032623947e-05
2003-11-30,2.0373461211420363e-06,2.8336130526440684e-06,4.330749561631819e-06,1.3641767964145401e-06,1.859574126683583e-06,2.8266913432162255e-06
2003-12-01,0.0,0.0,0.0,0.0,0.0,0.0
2003-12-02,0.0003166190581396222,0.00033090083161368966,0.000341469538398087,0.0003144088841509074,0.0003222888626623899,0.0003304260317236185
2003-12-03,1.0582406275716494e-06,4.3176628423680086e-06,1.084996165445773e-05,2.4691983071534196e-06,5.423560651252046e-06,1.092903403332457e-05
2003-12-04,0.0,0.0,0.0,0.0,0.0,0.0
2003-12-05,0.0,0.0,0.0,0.0,0.0,0.0
2003-12-06,0.0,0.0,0.0,0.0,0.0,0.0
2003-12-07,2.937324836693733e-07,5.415993200585945e-07,1.128314920606499e-06,3.993656889633712e-07,5.875148190170876e-07,1.038909658745979e-06
2003-12-08,0.0,6.137242714032709e-09,1.90936813027065e-08,0.0,1.4019499339212871e-08,4.338206593956784e-08
2003-12-09,0.0,0.0,0.0,0.0,0.0,0.0
2003-12-10,0.0,0.0,0.0,0.0,0.0,0.0
2003-12-11,8.52883022162132e-05,8.043092384468764e-05,7.424891373375431e-05,9.159701585303992e-05,8.574543608119711e-05,8.006667485460639e-05
2003-12-12,0.0003166218812111765,0.0003307152655906975,0.00033451351919211447,0.0002965741150546819,0.0003043089236598462,0.00030858046375215054
2003-12-13,3.916489959010505e-07,2.2310459257823823e-07,1.807421767807682e-07,9.129473710345337e-07,5.093306754133664e-07,4.1040553355742304e-07
2003-12-14,0.0,0.0,0.0,0.0,0.0,0.0
2003-12-15,1.1219988209631993e-06,1.1150867749165627e-06,1.2317176469878177e-06,2.1141552224435145e-06,1.8321613879379584e-06,1.776524072738539e-06
2003-12-16,0.0,0.0,0.0,0.0,0.0,0.0
2003-12-17,0.00011370219726813957,0.00011924012505915016,0.0001227352040586993,0.00011449568410171196,0.00011711834667949006,0.0001195921577163972
2003-12-18,1.2863052916145534e-06,1.1747144981200108e-06,1.0850941407625214e-06,2.9975553843542002e-06,2.6807456379174255e-06,2.462880956954905e-06
2003-12-19,0.0,0.0,0.0,0.0,0.0,0.0
2003-12-20,0.0,0.0,0.0,0.0,0.0,0.0
2003-12-21,0.0002734888985287398,0.00027998024597764015,0.00028140097856521606,0.0002864016860257834,0.000290141673758626,0.0002923218416981399
2003-12-22,0.0,0.0,0.0,0.0,0.0,0.0
2003-12-23,0.0,0.0,0.0,0.0,0.0,0.0
2003-12-24,2.8389435101416893e-05,3.327530066599138e-05,3.599286719691008e-05,1.9347347915754654e-05,2.2733920559403487e-05,2.5933899451047182e-05
2003-12-25,2.7702228180714883e-05,3.260059384047054e-05,3.8088135625002906e-05,2.5770325009943917e-05,2.9093560442561284e-05,3.364554140716791e-05
2003-12-26,5.811141363665229e-06,4.606121365213767e-06,3.799508704105392e-06,6.327525170490844e-06,4.895392521575559e-06,4.10026359531912e-06
2003-12-27,0.0,0.0,0.0,0.0,0.0,0.0
2003-12-28,0.0,1.2885145395102882e-07,4.025937130336388e-07,0.0,8.434056297801362e-08,2.620696193389449e-07
2003-12-29,5.060733201389667e-06,3.86264628104982e-06,3.280041482867091e-06,7.022805220913142e-06,5.675341526512057e-06,4.914441433356842e-06
2003-12-30,0.0,0.0,0.0,0.0,0.0,0.0
2003-12-31,9.321043035015464e-05,9.504674380877987e-05,9.178108302876353e-05,0.00010402740008430555,0.00010614917118800804,0.00010444557847222313
2004-01-01,0.0,1.3074666185275419e-06,4.087915385753149e-06,0.0,8.817695515972446e-07,2.7415328531787964e-06
2004-01-02,1.8331720639253035e-05,2.1100186131661758e-05,2.4392904379055835e-05,1.2258511560503393e-05,1.383284597977763e-05,1.593686465639621e-05
2004-01-03,6.89514267904201e-09,1.8194973563367967e-06,5.690083526133094e-06,4.611192316872348e-09,1.1913632533833152e-06,3.704790742631303e-06
2004-01-04,2.98670755682906e-07,2.9502936627068266e-07,3.399726722363994e-07,2.0911653564326116e-07,2.6398038244224153e-07,4.4151667566438846e-07
2004-01-05,6.229939117474714e-06,5.663486717821797e-06,5.3263265726855025e-06,4.167092356510693e-06,3.7088539102114737e-06,3.4683373542065965e-06
2004-01-06,1.746723683027085e-05,1.9961953512392938e-05,2.348065208934713e-05,1.7261983884964138e-05,1.833130227169022e-05,2.0616405890905298e-05
2004-01-07,0.0,0.0,0.0,0.0,0.0,0.0
2004-01-08,0.0,0.0,0.0,0.0,0.0,0.0
2004-01-09,0.0,2.3144625060922408e-07,7.241436605909257e-07,0.0,1.5161876376623695e-07,4.71670119850387e-07
2004-01-10,5.4396579798776656e-05,5.510564005817287e-05,5.4550804634345695e-05,5.039270035922527e-05,5.0130871386500075e-05,4.966700726072304e-05
2004-01-11,3.936920256819576e-05,4.2105617467314005e-05,4.4281696318648756e-05,4.6906799980206415e-05,4.833128332393244e-05,4.963160608895123e-05
2004-01-12,5.246778869150148e-07,3.066138560825493e-07,2.5467622322139505e-07,1.0157521046494367e-06,7.003848736530927e-07,5.783995220554061e-07
2004-01-13,3.090197787969373e-05,3.1403647881234065e-05,3.0639861506642774e-05,3.512901457725093e-05,3.48703506460879e-05,3.358416506671347e-05
2004-01-14,2.669647301445366e-06,2.066647994070081e-06,1.6766765611464507e-06,1.8761950286716456e-06,1.4091432376517332e-06,1.1366436183379847e-06
2004-01-15,0.0,0.0,0.0,0.0,0.0,0.0
2004-01-16,3.041280933757662e-07,2.16079811821146e-08,1.7530739526705474e-08,4.451169104413566e-07,4.9377703703612497e-08,3.982883711728391e-08
2004-01-17,0.0,0.0,0.0,0.0,0.0,0.0
2004-01-18,8.316353614645777e-07,4.492677874168294e-07,3.799723913289199e-07,1.458391693631711e-06,1.0268514643030358e-06,8.634408459329279e-07
2004-01-19,0.0,4.507124895525294e-09,1.4103517465002824e-08,0.0,1.0302533937078806e-08,3.2051620024731164e-08
2004-01-20,1.7405178368790075e-05,1.7140029740403406e-05,1.723642708384432e-05,1.8178279788116924e-05,1.762617102940567e-05,1.747395799611695e-05
2004-01-21,2.3958955353009515e-05,2.3724453058093786e-05,2.2952175640966743e-05,1.6978068742901087e-05,1.6203643099288456e-05,1.550520391901955e-05
2004-01-22,0.00016467431851197034,0.00018344206910114735,0.00019672414055094123,0.0001496826735092327,0.0001647600147407502,0.00017722815391607583
2004-01-23,6.945687800907763e-06,6.204160854395013e-06,5.552998572966317e-06,6.94595337336068e-06,5.9417398006189615e-06,5.447316652862355e-06
2004-01-24,1.1469870742075727e-06,1.1437923603807576e-06,9.960654097085353e-07,2.3802035684639122e-06,2.332911435587448e-06,2.0367147044453304e-06
2004-01-25,3.899679722962901e-05,4.115591218578629e-05,4.276920299162157e-05,3.72282593161799e-05,3.825481690000743e-05,3.909941733581945e-05
2004-01-26,8.366042720808764e-07,0.0,0.0,6.796911975470721e-07,0.0,0.0
2004-01-27,4.868579708272591e-05,5.292874629958533e-05,5.702010457753204e-05,4.4085420086048543e-05,4.63656906504184e-05,4.947752313455567e-05
2004-01-28,1.5411005733767524e-06,1.2982308135178755e-06,1.1903442782568163e-06,2.186624669775483e-06,1.864938212747802e-06,1.7605632365302881e-06
2004-01-29,4.27312579631689e-06,5.980170044495026e-06,8.886011528375093e-06,3.6342300973046804e-06,4.860906301473733e-06,6.991315331106307e-06
2004-01-30,2.2608580820815405e-06,1.3373149840845144e-06,1.1389280416551628e-06,4.034488483739551e-06,2.7329299427947262e-06,2.2635056211584015e-06
2004-01-31,7.748563075438142e-05,8.723366045160219e-05,9.573766874382272e-05,7.401972106890753e-05,8.170716319000348e-05,8.995232201414183e-05
2004-02-01,0.0,0.0,0.0,0.0,0.0,0.0
2004-02-02,1.7339973055641167e-05,1.6692538338247687e-05,1.3882028724765405e-05,1.6536690964130685e-05,1.4933280908735469e-05,1.2480255463742651e-05
2004-02-03,0.00018987007206305861,0.0001798578887246549,0.00017670229135546833,0.00020748222596012056,0.00018386304145678878,0.00017699906311463565
2004-02-04,0.0001717307895887643,0.00019951352442149073,0.00021754339104518294,0.00017053518968168646,0.00019639646052382886,0.00021638645557686687
2004-02-05,0.0,0.0,0.0,0.0,0.0,0.0
2004-02-06,2.4401489895353734e-07,2.7349480546945415e-07,3.0358896196958085e-07,5.707040600100299e-07,6.258633789002488e-07,6.909630769769137e-07
2004-02-07,0.0,1.432077834095935e-08,4.4727634929131455e-08,0.0,3.277197535567211e-08,1.0180455234376495e-07
2004-02-08,0.0,0.0,0.0,0.0,0.0,0.0
2004-02-09,1.2869135389337316e-05,1.3965821381134447e-05,1.4645205737906508e-05,8.633545803604648e-06,9.174199476547074e-06,9.581711310602259e-06
2004-02-10,0.00018865178572013974,0.0002141484001185745,0.00023394331219606102,0.0001827508967835456,0.00020281864271964878,0.00021977254073135555
2004-02-11,0.0,0.0,0.0,0.0,0.0,0.0
2004-02-12,0.0,0.0,0.0,0.0,0.0,0.0
2004-02-13,1.6003166820155457e-05,1.395962135575246e-05,1.220492777065374e-05,1.1545167581061833e-05,9.261485502065625e-06,8.049427378864493e-06
2004-02-14,0.00012898785644210875,0.00013901788042858243,0.00014791282592341304,0.00013278702681418508,0.00013835814024787396,0.00014524851576425135
2004-02-15,0.0,3.656046771993715e-07,1.1405419400034589e-06,0.0,3.7837833133380627e-07,1.174435055872891e-06
2004-02-16,0.0,0.0,0.0,0.0,0.0,0.0
2004-02-17,8.95331311312475e-08,0.0,0.0,9.369659892399795e-08,0.0,0.0
2004-02-18,0.0,0.0,0.0,0.0,0.0,0.0
2004-02-19,0.00011155951506225392,0.00010565599950496107,9.636993490858003e-05,0.00011859914229717106,0.00011186851770617068,0.00010261927673127502
2004-02-20,2.5556877517374232e-05,2.8846396162407473e-05,3.2165844459086657e-05,2.09896588785341e-05,2.3307487936108373e-05,2.5917963284882717e-05
2004-02-21,0.00015187253302428871,0.00016753491945564747,0.00018088379874825478,0.00015040008292999119,0.00016159094229806215,0.0001732015225570649
2004-02-22,2.0735826922191336e-07,2.426506284791685e-07,2.431261520996486e-07,4.842494831791555e-07,5.550734272219415e-07,5.535193849937059e-07
2004-02-23,1.9039283870370127e-05,2.242625669168774e-05,2.4867547836038284e-05,1.695986975391861e-05,1.971027086256072e-05,2.2030697437003255e-05
2004-02-24,1.1257857295277063e-05,8.459070159005933e-06,6.833358838775894e-06,1.3177613254811149e-05,1.028385668178089e-05,8.268624696938787e-06
2004-02-25,2.3585669623571448e-05,2.4659475457156077e-05,2.339102684345562e-05,2.3278173102880828e-05,2.4049810235737823e-05,2.3094644348020665e-05
2004-02-26,1.2899823786938214e-06,1.5004432043497218e-06,1.9639799120341195e-06,2.580067530288943e-06,2.6019215511041693e-06,2.8404517706803745e-06
2004-02-27,0.00015653189620934427,0.00015294199693016708,0.00014213127724360675,0.00016927334945648909,0.00016678446263540536,0.0001587929727975279
2004-02-28,0.0006667427951470017,0.0007148074801079929,0.0007094765896908939,0.0007145752897486091,0.0007560027297586203,0.000745195138733834
2004-02-29,,,,,,
2004-03-01,3.146668177578249e-06,2.4404021132795606e-06,5.55836595594883e-06,2.56746693594323e-06,2.0148017938481644e-06,4.91305036121048e-06
2004-03-02,6.805422162869945e-05,7.308294152608141e-05,7.599592936458066e-05,7.36055153538473e-05,7.710511999903247e-05,7.912392175057903e-05
2004-03-03,5.663271076628007e-05,5.905048601562157e-05,6.0324739024508744e-05,5.7264485803898424e-05,5.843445615028031e-05,5.9062142099719495e-05
2004-03-04,1.4692541299154982e-06,2.0561315068334807e-06,2.8234512683411594e-06,1.6997346392599866e-06,2.29985789701459e-06,3.1404247238242533e-06
2004-03-05,0.0,0.0,0.0,0.0,0.0,0.0
2004-03-06,0.0001576872746227309,0.00016659229004289955,0.00016777456039562821,0.00015967118088155985,0.0001656962704146281,0.00016690515622030944
2004-03-07,0.0,1.901228685596834e-08,5.9171330946128364e-08,0.0,1.2467300969376538e-08,3.863273789761479e-08
2004-03-08,0.0,0.0,0.0,0.0,0.0,0.0
2004-03-09,0.0,0.0,0.0,0.0,0.0,0.0
2004-03-10,2.991634937643539e-05,3.3916458050953224e-05,3.7497124139918014e-05,3.2729039958212525e-05,3.6033445212524384e-05,3.9433016354450956e-05
2004-03-11,0.00010382924665464088,0.00011245207133470103,0.00011883026309078559,9.98683535726741e-05,0.00010595261119306087,0.00011145164171466604
2004-03-12,0.0,0.0,0.0,0.0,0.0,0.0
2004-03-13,0.0,0.0,0.0,0.0,0.0,0.0
2004-03-14,0.0,0.0,0.0,0.0,0.0,0.0
2004-03-15,2.9102764074195875e-06,3.3377489216945833e-06,3.5521393328963313e-06,2.3373768271994777e-06,2.6763425466924673e-06,2.8828469567088177e-06
2004-03-16,0.0,0.0,0.0,0.0,0.0,0.0
2004-03-17,2.5986970285885036e-05,2.6469062504475005e-05,2.563534326327499e-05,2.9318056476768106e-05,2.9677512429771014e-05,2.905923429352697e-05
2004-03-18,6.98909374818868e-08,2.079554519696103e-07,4.7538986791550997e-07,1.6252181467280025e-07,4.7518179258077e-07,1.0816999065355049e-06
2004-03-19,0.0,0.0,0.0,0.0,0.0,0.0
2004-03-20,6.575165116373682e-06,5.170889380679e-06,4.566668394545559e-06,4.582400833896827e-06,3.3894282296387246e-06,2.9807988539687358e-06
2004-03-21,0.0,0.0,0.0,0.0,0.0,0.0
2004-03-22,0.0,0.0,0.0,0.0,0.0,0.0
2004-03-23,0.0,0.0,0.0,0.0,0.0,0.0
2004-03-24,0.0,0.0,0.0,0.0,0.0,0.0
2004-03-25,0.00029353928402997553,0.0003218369383830577,0.0003433115780353546,0.0002633844269439578,0.0002839113585650921,0.0003009575593750924
2004-03-26,0.0,0.0,0.0,0.0,0.0,0.0
2004-03-27,0.0,0.0,0.0,0.0,0.0,0.0
2004-03-28,0.0,0.0,0.0,0.0,0.0,0.0
2004-03-29,0.0,0.0,0.0,0.0,0.0,0.0
2004-03-30,0.0,0.0,0.0,0.0,0.0,0.0
2004-03-31,0.0,1.5459697522146598e-07,4.798110921910848e-07,0.0,3.102567802670819e-07,9.589094815964927e-07
2004-04-01,6.47505366941914e-05,6.516519351862371e-05,6.434099486796185e-05,7.299835851881653e-05,7.24524215911515e-05,7.094865577528253e-05
2004-04-02,0.0,0.0,0.0,0.0,0.0,0.0
2004-04-03,0.0,0.0,0.0,0.0,0.0,0.0
2004-04-04,3.5686920455191284e-05,3.098682645941153e-05,2.6745672585093416e-05,4.748609717353247e-05,4.3104701035190374e-05,3.868454587063752e-05
2004-04-05,3.74098053725902e-05,3.5614168155007064e-05,3.5330951504874974e-05,3.164005829603411e-05,2.9798742616549134e-05,2.944884545286186e-05
2004-04-06,6.333585133688757e-06,6.928155926289037e-06,7.388844096567482e-06,4.939690825267462e-06,5.4130696298670955e-06,5.797986887046136e-06
2004-04-07,0.0,0.0,0.0,0.0,0.0,0.0
2004-04-08,3.1027488148538396e-05,2.9480504963430576e-05,2.6755424187285826e-05,2.095016861858312e-05,1.934258034452796e-05,1.7482685507275164e-05
2004-04-09,0.00017902310355566442,0.00019876561418641359,0.00022118736524134874,0.00019919502665288746,0.0002125912142219022,0.00022801676823291928
2004-04-10,1.06563697954698e-06,1.3281014616950415e-06,1.5517474594162195e-06,2.4733267309784424e-06,3.038349859707523e-06,3.5355631098354934e-06
2004-04-11,0.0,0.0,0.0,0.0,0.0,0.0
2004-04-12,7.106601174200478e-08,8.286711761229526e-08,2.564281089689757e-07,4.7316678575271e-08,5.4399023952100833e-08,1.6765758914516482e-07
2004-04-13,7.742507932562148e-07,0.0,0.0,5.510178198164795e-07,0.0,0.0
2004-04-14,0.0,0.0,0.0,0.0,0.0,0.0
2004-04-15,0.0,0.0,0.0,0.0,0.0,0.0
2004-04-16,0.0,1.919808667594225e-08,5.932664137731081e-08,0.0,1.2611037547571868e-08,3.8818541270302376e-08
2004-04-17,3.583249963412527e-06,0.0,0.0,2.4869245862646494e-06,0.0,0.0
2004-04-18,5.2231360314181075e-05,4.617296508513391e-05,3.696466956171207e-05,4.5456930820364505e-05,3.874627873301506e-05,3.089986421400681e-05
2004-04-19,7.108158115443075e-07,1.4663891079180758e-06,2.834445467669866e-06,1.3589796026280965e-06,2.2298447674984345e-06,3.67631309927674e-06
2004-04-20,9.632809678805643e-07,1.3040734074820648e-06,1.7333762798443786e-06,6.41506744614162e-07,9.366250992570713e-07,1.379070567963936e-06
2004-04-21,0.0,0.0,0.0,0.0,0.0,0.0
2004-04-22,0.0,0.0,0.0,0.0,0.0,0.0
2004-04-23,5.817352212034166e-05,6.527916411869228e-05,7.512685988331214e-05,5.8410259953234345e-05,6.403484439942986e-05,7.26567959645763e-05
2004-04-24,1.5804848771949764e-06,1.1798995274148183e-06,9.86520831247617e-07,3.3361650366714457e-06,2.6745847208076157e-06,2.1572407149506034e-06
2004-04-25,0.0,0.0,0.0,0.0,0.0,0.0
2004-04-26,1.2326067917456385e-05,1.1271751645836048e-05,1.0042526810138952e-05,2.0556100935209543e-05,1.99257174244849e-05,1.8243059457745403e-05
2004-04-27,1.0931051292573102e-05,1.1833542885142379e-05,1.2917200365336612e-05,8.673906449985225e-06,1.0058817679237109e-05,1.2192141184641514e-05
2004-04-28,0.0,0.0,0.0,0.0,0.0,0.0
2004-04-29,0.0,0.0,0.0,0.0,0.0,0.0
2004-04-30,0.0,6.869736779435698e-08,2.109943011419091e-07,0.0,4.52719426391468e-08,1.3860645253771509e-07
2004-05-01,0.0,0.0,0.0,0.0,0.0,0.0
2004-05-02,0.0,0.0,0.0,0.0,0.0,0.0
2004-05-03,2.438859701214824e-05,2.4032062356127426e-05,2.3311897166422568e-05,2.6904805054073222e-05,2.7084441171609797e-05,2.6822590371011756e-05
2004-05-04,0.0,1.3779467735730577e-06,4.223657469992759e-06,0.0,1.840662775975943e-06,5.625950961984927e-06
2004-05-05,1.5585181245114654e-05,1.0575020496617071e-05,8.744569640839472e-06,2.34635026572505e-05,1.749119837768376e-05,1.464635079173604e-05
2004-05-06,0.00027013345970772207,0.0003093814884778112,0.00036473546060733497,0.00028382151504047215,0.0003189267008565366,0.00037156709004193544
2004-05-07,1.9671056179504376e-06,2.5424578780075535e-06,3.1869315080257365e-06,4.572354100673692e-06,5.852458798472071e-06,7.317143627005862e-06
2004-05-08,0.0,0.0,0.0,0.0,0.0,0.0
2004-05-09,3.605637402870343e-06,0.0,0.0,3.927646503143478e-06,0.0,0.0
2004-05-10,6.639587081735954e-05,6.768936873413622e-05,7.145808194763958e-05,6.89509033691138e-05,6.946278881514445e-05,7.117300265235826e-05
2004-05-11,0.0,1.32948283493306e-08,4.060613889578235e-08,0.0,3.064040399181067e-08,9.338140216641477e-08
2004-05-12,0.0,0.0,0.0,0.0,0.0,0.0
2004-05-13,0.0,0.0,0.0,0.0,0.0,0.0
2004-05-14,0.0,0.0,0.0,0.0,0.0,0.0
2004-05-15,7.642975106136873e-05,7.913722947705537e-05,8.26530740596354e-05,7.515376637456939e-05,7.68130412325263e-05,7.986182754393667e-05
2004-05-16,0.0,0.0,0.0,0.0,0.0,0.0
2004-05-17,0.0,0.0,0.0,0.0,0.0,0.0
2004-05-18,9.057443094206974e-05,9.403438889421523e-05,9.61970363277942e-05,9.925691119860858e-05,0.00010136523633264005,0.00010330205259379
2004-05-19,0.0,0.0,0.0,0.0,0.0,0.0
2004-05-20,7.016320523689501e-06,0.0,0.0,4.6833047235850245e-06,0.0,0.0
2004-05-21,5.111217615194619e-05,5.1160714065190405e-05,5.0920090870931745e-05,5.092848732601851e-05,5.0094356993213296e-05,4.646022352972068e-05
2004-05-22,2.7671214411384426e-05,2.6979914764524437e-05,2.9071821700199507e-05,2.9076703867758624e-05,2.7652931748889387e-05,2.8429674785002135e-05
2004-05-23,6.377748650265858e-05,6.104305066401139e-05,6.446673796745017e-05,6.935043347766623e-05,6.648506678175181e-05,7.032751454971731e-05
2004-05-24,0.00012014706589980051,0.00012948870426043868,0.00013890861009713262,0.00013357624993659556,0.00014492282934952527,0.00015693754539825022
2004-05-25,2.727287835568859e-07,6.279701096900681e-07,1.9061550347032608e-06,6.347779049065139e-07,1.2154004025433096e-06,3.6869655559712555e-06
2004-05-26,0.0,0.0,0.0,0.0,0.0,0.0
2004-05-27,0.0,0.0,0.0,0.0,0.0,0.0
2004-05-28,0.0,0.0,0.0,0.0,0.0,0.0
2004-05-29,0.0,1.1909157393574787e-07,3.6102335343457526e-07,0.0,1.0275045525531823e-07,3.1143008527578786e-07
2004-05-30,4.6856599510647357e-05,4.5077820686856285e-05,4.102601087652147e-05,5.0730704970192164e-05,4.89996891701594e-05,4.4877338950755075e-05
2004-05-31,6.63221362628974e-05,6.798672256991267e-05,6.871180812595412e-05,7.272054062923416e-05,7.38980234018527e-05,7.567432476207614e-05
2004-06-01,4.249135236022994e-05,4.110276131541468e-05,3.7870431697228923e-05,4.497537884162739e-05,4.3870852096006274e-05,4.048750997753814e-05
2004-06-02,6.84935730532743e-05,6.864947499707341e-05,6.71567177050747e-05,7.658921094844118e-05,7.582918624393642e-05,7.429419929394498e-05
2004-06-03,0.0001881338976090774,0.00020179184502921999,0.00020792038412764668,0.00015596888260915875,0.00016784131003078073,0.00017374218441545963
2004-06-04,0.00017567351460456848,0.00019834897830151021,0.00022704129514750093,0.0001765535562299192,0.0001967852731468156,0.0002231646067230031
2004-06-05,0.0001040100833051838,0.00010456651216372848,0.00010184120765188709,9.851453796727583e-05,9.895239054458216e-05,9.665184188634157e-05
2004-06-06,0.00015405123122036457,0.00015889581118244678,0.00016553769819438457,0.00014912534970790148,0.00015317683573812246,0.0001584862475283444
2004-06-07,8.77430647960864e-05,9.083195618586615e-05,8.830035221762955e-05,8.647370123071596e-05,9.116668661590666e-05,9.15008204174228e-05
2004-06-08,3.4114930258510867e-06,8.441850695817266e-06,1.7705604477669112e-05,2.278565261804033e-06,6.5681474552548025e-06,1.4666333299828693e-05
2004-06-09,0.0,9.168061865238997e-08,2.773573726244649e-07,0.0,2.1285411833105172e-07,6.445211511163507e-07
2004-06-10,0.0,0.0,0.0,0.0,0.0,0.0
2004-06-11,0.0,0.0,0.0,0.0,0.0,0.0
2004-06-12,3.898039267369313e-06,6.640357696596766e-06,1.113199868996162e-05,9.075201887753792e-06,1.248355874849949e-05,1.6983725799946114e-05
2004-06-13,0.0,7.989632990756945e-07,2.4167400169972098e-06,0.0,1.5361085843323963e-06,4.652186362363864e-06
2004-06-14,6.819950795033947e-05,6.55687545076944e-05,5.9379559388617054e-05,7.071821892168373e-05,6.783004937460646e-05,6.165014929138124e-05
2004-06-15,1.871670610853471e-05,1.9671215341077186e-05,2.1095860574860126e-05,1.264775164599996e-05,1.3699753253604285e-05,1.5864872693782672e-05
2004-06-16,8.376145706279203e-05,8.595870895078406e-05,8.281760528916493e-05,8.221113967010751e-05,8.4209896158427e-05,8.269461250165477e-05
2004-06-17,1.4072066733206157e-05,9.783730092749465e-06,7.76028900872916e-06,2.8049165848642588e-05,2.2732934667146765e-05,1.8058377463603392e-05
2004-06-18,3.689105869852938e-05,3.8194477383513004e-05,3.453974932199344e-05,4.831219484913163e-05,5.00602982356213e-05,4.8124016757356e-05
2004-06-19,0.0,0.0,0.0,0.0,0.0,0.0
2004-06-20,0.0,0.0,0.0,0.0,0.0,0.0
2004-06-21,0.0,0.0,0.0,0.0,0.0,0.0
2004-06-22,0.0,0.0,0.0,0.0,0.0,0.0
2004-06-23,0.00010704769374569878,0.0001060566573869437,0.00010057847975986078,9.012073860503733e-05,8.94516779226251e-05,8.502019045408815e-05
2004-06-24,2.870168100344017e-05,2.8308430046308786e-05,2.8376896807458252e-05,2.7374397177482024e-05,2.8635626222239807e-05,2.9635570172104053e-05
2004-06-25,0.0,0.0,0.0,0.0,0.0,0.0
2004-06-26,0.0,0.0,0.0,0.0,0.0,0.0
2004-06-27,2.583210061857244e-06,2.874110350603587e-06,2.7892979233001824e-06,6.008647233102238e-06,6.677189958281815e-06,6.492712145700352e-06
2004-06-28,0.0,0.0,0.0,0.0,0.0,0.0
2004-06-29,0.0,0.0,0.0,0.0,0.0,0.0
2004-06-30,0.00010944784298771992,0.00011017156793968752,0.0001073921739589423,0.00011252521653659642,0.00011300291225779802,0.00011129077756777406
2004-07-01,3.0075789254624397e-05,3.394909799681045e-05,3.852124063996598e-05,4.6657383791171014e-05,4.972292299498804e-05,5.1781662477878854e-05
2004-07-02,0.0,0.0,0.0,0.0,0.0,0.0
2004-07-03,0.00013232797209639102,0.00013380958989728242,0.00013335718540474772,0.0001360393944196403,0.0001363747287541628,0.00013519838103093207
2004-07-04,9.829815826378763e-05,9.772727935342118e-05,9.860981663223356e-05,0.00010842399206012487,0.00010774889233289286,0.0001078880304703489
2004-07-05,2.1572783225565217e-05,2.505242264305707e-05,2.927928653662093e-05,4.220992559567094e-05,4.784178236150183e-05,5.38482163392473e-05
2004-07-06,0.0,0.0,0.0,0.0,0.0,0.0
2004-07-07,0.0001334550033789128,0.000134342786623165,0.00013314573152456433,0.0001386417425237596,0.0001398688182234764,0.0001389830285916105
2004-07-08,8.530852210242301e-05,9.440851863473654e-05,9.76147421170026e-05,7.0268775743898e-05,7.978350186021999e-05,8.56267215567641e-05
2004-07-09,0.0,0.0,0.0,0.0,0.0,0.0
2004-07-10,0.0,0.0,0.0,0.0,0.0,0.0
2004-07-11,0.0,0.0,0.0,0.0,0.0,0.0
2004-07-12,1.2633412552531809e-05,7.010748049651738e-06,5.583982328971615e-06,2.3719067030469887e-05,1.6244195649051107e-05,1.2963516383024398e-05
2004-07-13,0.00021773495245724916,0.00022266317682806402,0.00022136353072710335,0.00021210430713836104,0.00021716553601436317,0.00021988565276842564
2004-07-14,0.00022077954781707376,0.00023453582252841443,0.0002447887964081019,0.00021295675833243877,0.00022885999351274222,0.00024154088168870658
2004-07-15,0.0001512663293397054,0.00017009966541081667,0.00017852500604931265,0.0001373093982692808,0.00015573289419990033,0.00016864160716068
2004-07-16,0.0,7.722354894212913e-06,2.3592929210281e-05,0.0,5.272640009934548e-06,1.6138190403580666e-05
2004-07-17,0.00012667002738453448,0.00013693109212908894,0.00014412833843380213,0.00012093379336874932,0.000130096756038256,0.000136578077217564
2004-07-18,3.742445187526755e-05,4.5214517740532756e-05,5.650692037306726e-05,5.202105239732191e-05,5.846032945555635e-05,6.697579374304041e-05
2004-07-19,0.0,0.0,0.0,0.0,0.0,0.0
2004-07-20,0.0,0.0,0.0,0.0,0.0,0.0
2004-07-21,4.892575088888407e-05,6.629882409470156e-05,8.818426431389526e-05,3.253277827752754e-05,4.581496614264324e-05,6.427583866752684e-05
2004-07-22,3.3736778277670965e-05,6.182519427966326e-05,0.00011017014185199514,2.3350354240392335e-05,4.823305062018335e-05,9.325059363618493e-05
2004-07-23,0.0,0.0,0.0,0.0,0.0,0.0
2004-07-24,0.0,0.0,0.0,0.0,0.0,0.0
2004-07-25,0.00021117852884344757,0.00020899112860206515,0.00020390636927913874,0.00023615873942617327,0.00023576505191158503,0.0002336581383133307
2004-07-26,0.0001451193675165996,0.00015452633670065552,0.00017079169629141688,0.00013375977869145572,0.0001429967232979834,0.00015940288722049445
2004-07-27,0.00016923656221479177,0.0001752506213961169,0.0001764989719958976,0.00017300630861427635,0.00017887337889987975,0.0001817832380766049
2004-07-28,0.00011486751463962719,0.00011728203389793634,0.0001228029141202569,0.00011989360791631043,0.00012201346544316038,0.00012647865514736623
2004-07-29,1.118108684750041e-05,3.153872603434138e-05,7.053187437122688e-05,2.4713943275855854e-05,4.118368815397844e-05,6.855129322502762e-05
2004-07-30,0.0,1.3788006071990822e-05,4.239579357090406e-05,0.0,1.0257298526994418e-05,3.1575320463161916e-05
2004-07-31,0.0,0.0,0.0,0.0,0.0,0.0
2004-08-01,0.0,0.0,0.0,0.0,0.0,0.0
2004-08-02,0.0,0.0,0.0,0.0,0.0,0.0
2004-08-03,6.072012547519989e-05,5.8726349379867315e-05,5.2733645134139806e-05,5.527061512111686e-05,5.3333889809437096e-05,4.8204659833572805e-05
2004-08-04,6.169179300741234e-07,6.408982926586759e-07,5.118295689499064e-07,1.4265809795688256e-06,1.474303417126066e-06,1.1783532727349666e-06
2004-08-05,0.0,0.0,0.0,0.0,0.0,0.0
2004-08-06,0.0,0.0,0.0,0.0,0.0,0.0
2004-08-07,5.6209162721643224e-05,5.141456858837046e-05,4.7277902922360227e-05,4.2445801227586344e-05,3.649261998361908e-05,3.3264914236497134e-05
2004-08-08,0.00017560736159794033,0.00017641606973484159,0.00016964730457402766,0.00016617347137071192,0.00016642794071231037,0.00016243774734903127
2004-08-09,7.650833140360191e-05,7.783553883200511e-05,7.862415804993361e-05,8.732140850042924e-05,8.889399759937078e-05,8.902864647097886e-05
2004-08-10,0.0,0.0,0.0,0.0,0.0,0.0
2004-08-11,0.0,0.0,0.0,0.0,0.0,0.0
2004-08-12,0.0,0.0,0.0,0.0,0.0,0.0
2004-08-13,0.000261628651060164,0.00027203038916923106,0.00028213454061187804,0.0002615377597976476,0.0002694151480682194,0.00027874266379512846
2004-08-14,0.0,0.0,0.0,0.0,0.0,0.0
2004-08-15,0.0,0.0,0.0,0.0,0.0,0.0
2004-08-16,4.702006481238641e-05,5.035053618485108e-05,4.351482493802905e-05,3.114856735919602e-05,3.4184449759777635e-05,3.187388210790232e-05
2004-08-17,8.711148984730244e-05,8.361700020032004e-05,6.942824984434992e-05,8.525149314664304e-05,8.493801578879356e-05,7.345576159423217e-05
2004-08-18,9.653239976614714e-05,9.164221410173923e-05,7.337981514865533e-05,0.00010213991481577978,9.785922156879678e-05,7.834133430151269e-05
2004-08-19,4.645089211408049e-05,4.7876197641016915e-05,4.5693250285694376e-05,5.004801641916856e-05,5.0971590098924935e-05,4.833456841879524e-05
2004-08-20,4.372065814095549e-05,5.794261232949793e-05,7.66326702432707e-05,3.730722892214544e-05,5.1134768000338227e-05,7.143692346289754e-05
2004-08-21,0.0,0.0,0.0,0.0,0.0,0.0
2004-08-22,0.0,0.0,0.0,0.0,0.0,0.0
2004-08-23,0.0,0.0,0.0,0.0,0.0,0.0
2004-08-24,0.0,0.0,0.0,0.0,0.0,0.0
2004-08-25,7.939935312606394e-05,8.056557999225333e-05,7.804574124747887e-05,9.887263149721548e-05,0.00010007294622482732,9.768659947440028e-05
2004-08-26,0.00011287786037428305,0.00011560937127796933,0.00011693088890751824,0.00011502060806378722,0.00011729972175089642,0.00011919477401534095
2004-08-27,0.00010470061533851549,0.00010603715782053769,0.00010586863936623558,0.00011710076796589419,0.00011883125989697874,0.0001195469158119522
2004-08-28,0.0,0.0,0.0,0.0,0.0,0.0
2004-08-29,0.0001275225222343579,0.00012740300735458732,0.00012577176676131785,0.00011929160245927051,0.00011834393808385357,0.00011615683615673333
2004-08-30,1.8206234017270617e-05,1.626816447242163e-05,1.7117286915890872e-05,2.1951604139758274e-05,2.0094243154744618e-05,2.063870670099277e-05
2004-08-31,0.0,0.0,0.0,0.0,0.0,0.0
2004-09-01,0.0,0.0,0.0,0.0,0.0,0.0
2004-09-02,0.0,0.0,0.0,0.0,0.0,0.0
2004-09-03,2.3661052637180546e-06,3.5119353469781345e-06,5.20473622600548e-06,5.465158210427035e-06,8.054215868469328e-06,1.1918976269953419e-05
2004-09-04,1.2923060239700135e-05,1.0964098692056723e-05,1.0571945495030377e-05,1.3344661056180485e-05,1.139437790698139e-05,1.0282449693477247e-05
2004-09-05,0.0,0.0,0.0,0.0,0.0,0.0
2004-09-06,0.0,0.0,0.0,0.0,0.0,0.0
2004-09-07,0.0,5.617803999768967e-09,1.7313931621742995e-08,0.0,1.2890491341011057e-08,3.965742934042282e-08
2004-09-08,0.0,0.0,0.0,0.0,0.0,0.0
2004-09-09,3.951428766413301e-07,4.0719382354836853e-07,3.2521214166081336e-07,9.133822800322378e-07,9.346385922981426e-07,7.450174734913162e-07
2004-09-10,9.936546121025458e-05,9.945571218850091e-05,9.798211249290034e-05,8.872782200342044e-05,8.629273361293599e-05,8.623373287264258e-05
2004-09-11,0.0001410174445481971,0.00015772265032865107,0.00017416704213246703,0.00014013364852871746,0.0001549552835058421,0.0001695016399025917
2004-09-12,1.4400863834751476e-09,2.2091182927397313e-06,6.7970390773552936e-06,3.3304596858130253e-09,1.4578411082766252e-06,4.470167823455995e-06
2004-09-13,4.2371197196189314e-05,5.016907743993215e-05,6.025395487085916e-05,4.419780816533603e-05,4.9026341002900153e-05,5.7936842495109886e-05
2004-09-14,1.03388547358918e-05,9.509131814411376e-06,1.2609101759153418e-05,1.5372830603155307e-05,1.450427771487739e-05,1.737293496262282e-05
2004-09-15,9.230049909092486e-05,8.533486106898636e-05,7.029315020190552e-05,8.16320170997642e-05,7.395017019007355e-05,6.0305173974484205e-05
2004-09-16,0.00024570312234573066,0.00023920208332128823,0.00022349844221025705,0.000258711283095181,0.0002489730541128665,0.00023115184740163386
2004-09-17,7.23076009307988e-05,8.29810815048404e-05,9.301109821535647e-05,6.921427848283201e-05,7.925619138404727e-05,8.781259384704754e-05
2004-09-18,0.0,0.0,0.0,0.0,0.0,0.0
2004-09-19,0.0,0.0,0.0,0.0,0.0,0.0
2004-09-20,0.0,0.0,0.0,0.0,0.0,0.0
2004-09-21,7.816038873897924e-07,7.635914123227394e-09,6.0807119339756355e-09,6.177825753184152e-07,1.7570069843486635e-08,1.3951277466617285e-08
2004-09-22,6.51800146442838e-05,5.522863284568302e-05,4.4506308768177405e-05,4.505724791670218e-05,3.6463192373048514e-05,2.929714355559554e-05
2004-09-23,2.8673362066911068e-06,3.1040010526339756e-06,2.9292268663994037e-06,1.906876946122793e-06,2.049788463409641e-06,1.928500296344282e-06
2004-09-24,0.0,0.0,0.0,0.0,0.0,0.0
2004-09-25,0.0001679222477832809,0.00017706827202346176,0.00018645882664714009,0.00016432338452432305,0.00017203069000970572,0.00018065329641103745
2004-09-26,0.0001176660880446434,0.00011893697956111282,0.0001161819018307142,0.00012106559734093025,0.00012239081843290478,0.00011964232544414699
2004-09-27,0.0,0.0,0.0,0.0,0.0,0.0
2004-09-28,0.0,0.0,0.0,0.0,0.0,0.0
2004-09-29,0.0,0.0,0.0,0.0,0.0,0.0
2004-09-30,9.227746318174468e-07,1.5329226243920857e-07,1.2184737840925663e-07,2.143228584827739e-06,3.534001109528617e-07,2.79904611488746e-07
2004-10-01,0.00013639626558870077,0.00014018685033079237,0.00014112572534941137,0.0001542023674119264,0.00015835909289307892,0.0001603084965609014
2004-10-02,0.0,2.6168649469582306e-07,8.020683708309662e-07,0.0,6.035157298356353e-07,1.8428987687002518e-06
2004-10-03,0.0,0.0,0.0,0.0,0.0,0.0
2004-10-04,1.0171991561946925e-05,1.0348207069910131e-05,1.0695674063754268e-05,1.3889929505239706e-05,1.347754368907772e-05,1.2903485185233876e-05
2004-10-05,0.0,0.0,0.0,0.0,0.0,0.0
2004-10-06,0.0,0.0,0.0,0.0,0.0,0.0
2004-10-07,0.0,0.0,0.0,0.0,0.0,0.0
2004-10-08,0.0,0.0,0.0,0.0,0.0,0.0
2004-10-09,0.0,0.0,0.0,0.0,0.0,0.0
2004-10-10,0.0,0.0,0.0,0.0,0.0,0.0
2004-10-11,2.3527448433924292e-08,1.8193583528614e-08,1.4447107510306978e-08,5.4809380145570685e-08,4.200841985380066e-08,3.321294173019851e-08
2004-10-12,0.0,0.0,0.0,0.0,0.0,0.0
2004-10-13,2.476712870702613e-05,2.391957605141215e-05,2.2885986254550517e-05,2.3773402062943205e-05,2.316277095815167e-05,2.211601531598717e-05
2004-10-14,5.484388748300262e-05,5.872425754205324e-05,5.9813421103172004e-05,5.9079855418531224e-05,6.345925794448704e-05,6.305069837253541e-05
2004-10-15,0.0,0.0,0.0,0.0,0.0,0.0
2004-10-16,0.0,0.0,0.0,0.0,0.0,0.0
2004-10-17,0.0,0.0,0.0,0.0,0.0,0.0
2004-10-18,4.089905633009039e-05,4.811751932720654e-05,5.383091775001958e-05,3.222765735699795e-05,3.7789497582707554e-05,4.236348831909709e-05
2004-10-19,0.0001930299767991528,0.00020038988441228867,0.0001939092908287421,0.00016791917732916772,0.00017370813293382525,0.00016953697195276618
2004-10-20,5.313693327479996e-05,5.4539770644623786e-05,5.6086111726472154e-05,4.7241879656212404e-05,4.623536005965434e-05,4.7008848923724145e-05
2004-10-21,0.0,0.0,0.0,0.0,0.0,0.0
2004-10-22,4.105696643819101e-05,3.7993690057192e-05,3.4478049201425165e-05,4.25508915213868e-05,3.941868999390863e-05,3.612361615523696e-05
2004-10-23,8.116864046314731e-05,8.758369949646294e-05,9.129591489909217e-05,7.101268420228735e-05,7.726906915195286e-05,8.177054405678064e-05
2004-10-24,0.0,0.0,0.0,0.0,0.0,0.0
2004-10-25,0.0,0.0,0.0,0.0,0.0,0.0
2004-10-26,0.0,0.0,0.0,0.0,0.0,0.0
2004-10-27,4.010393695352832e-06,4.242564955347916e-06,4.920357241644524e-06,6.551959359057946e-06,6.175332146085566e-06,5.930135557719041e-06
2004-10-28,1.80971119334572e-06,1.6750188933656318e-06,1.6109096350191976e-06,4.228732450428652e-06,3.864331574732205e-06,3.697019337778329e-06
2004-10-29,1.090498813027807e-06,6.84135414985576e-08,1.3294916811901203e-07,1.1402800055293483e-06,1.5780446460667008e-07,3.050521399927675e-07
2004-10-30,0.0001701620640233159,0.00020259030861780047,0.0002347961999475956,0.00016079212946351618,0.00018937293498311192,0.00021768607257399708
2004-10-31,6.19938291492872e-05,7.444382936228067e-05,8.765678649069741e-05,5.771103678853251e-05,7.057288166834041e-05,8.584832539781928e-05
2004-11-01,1.2367842749938518e-08,1.2847678476646252e-08,1.023543916289782e-08,2.891810346739021e-08,2.96168334301683e-08,2.3468947674132323e-08
2004-11-02,0.0,0.0,0.0,0.0,0.0,0.0
2004-11-03,7.812997864675708e-06,7.981419912539423e-06,6.8966915023338515e-06,8.039515705604572e-06,8.012476428120863e-06,7.09716232449864e-06
2004-11-04,0.0,0.0,0.0,0.0,0.0,0.0
2004-11-05,7.308224303415045e-05,8.182629971997812e-05,8.957565296441317e-05,6.260112422751263e-05,6.987250526435673e-05,7.796242425683886e-05
2004-11-06,0.0,0.0,0.0,0.0,0.0,0.0
2004-11-07,0.0,0.0,0.0,0.0,0.0,0.0
2004-11-08,1.0157188512494031e-07,1.057896099609934e-07,8.447221944152261e-08,6.814084230200024e-08,6.983638911606249e-08,5.545879844248702e-08
2004-11-09,8.813828026177362e-05,9.20987076824531e-05,8.781431097304448e-05,6.998045137152076e-05,7.189011375885457e-05,6.695358752040192e-05
2004-11-10,0.0,1.373993541164964e-07,4.234740060837794e-07,0.0,9.065313832934407e-08,2.7786563805420883e-07
2004-11-11,0.0,0.0,0.0,0.0,0.0,0.0
2004-11-12,9.21873579500243e-05,0.00010035416198661551,0.00010961189400404692,9.270567534258589e-05,9.973194391932338e-05,0.00010875126463361084
2004-11-13,0.00033803709084168077,0.000376235693693161,0.000407044863095507,0.00035704561742022634,0.00039082608418539166,0.00041848846012726426
2004-11-14,8.605246080151119e-07,5.901531494600931e-07,6.630027655774029e-07,1.6316424762408133e-06,1.355769541078189e-06,1.5147453495956142e-06
2004-11-15,3.755217039724812e-05,3.699972512549721e-05,3.713121623150073e-05,4.095078111276962e-05,3.941617615055293e-05,3.894703695550561e-05
2004-11-16,0.0,0.0,0.0,0.0,0.0,0.0
2004-11-17,0.0,0.0,0.0,0.0,0.0,0.0
2004-11-18,9.108893573284149e-05,9.504117770120502e-05,9.725389099912718e-05,8.973344665719196e-05,9.219590720022097e-05,9.44163984968327e-05
2004-11-19,1.579703348397743e-05,1.4524791367875878e-05,1.2369658179522958e-05,1.9201526811229996e-05,1.745319241308607e-05,1.5327148503274657e-05
2004-11-20,0.0,0.0,0.0,0.0,0.0,0.0
2004-11-21,1.3108934808769845e-06,1.297807102673687e-06,1.4833063914920785e-06,1.4352586958921165e-06,1.377834337290551e-06,1.420967578269483e-06
2004-11-22,0.0,0.0,0.0,0.0,0.0,0.0
2004-11-23,2.660490849848429e-07,2.888597236960777e-07,2.547098461036512e-07,6.215080929905525e-07,6.619317218792276e-07,5.804843112855451e-07
2004-11-24,0.0,0.0,0.0,0.0,0.0,0.0
2004-11-25,2.5416802600375377e-05,3.057427966268733e-05,3.738075974979438e-05,1.7173875676235184e-05,2.0698647858807817e-05,2.596718150016386e-05
2004-11-26,9.046516788657755e-05,8.405033440794796e-05,7.325474143726751e-05,8.014623017515987e-05,7.153973274398595e-05,6.189314444782212e-05
2004-11-27,0.00018209347035735846,0.0001726347691146657,0.00016216590302065015,0.00019096667529083788,0.0001816586300265044,0.00017152418149635196
2004-11-28,0.0004471111169550568,0.0004435551236383617,0.00040717804222367704,0.00044836674351245165,0.0004426223458722234,0.0004107326385565102
2004-11-29,0.00040435546543449163,0.0004613878845702857,0.0004960405640304089,0.0003376990498509258,0.0003856044204439968,0.0004278348060324788
2004-11-30,4.088046523520461e-08,0.0,0.0,9.542030454667838e-08,0.0,0.0
2004-12-01,5.086088439298919e-09,0.0,0.0,1.1870173288741626e-08,0.0,0.0
2004-12-02,7.747574272798374e-06,7.734592145425268e-06,7.141074547689641e-06,1.8079554138239473e-05,1.768678157532122e-05,1.624140168132726e-05
2004-12-03,3.939788803108968e-05,4.4239830458536744e-05,4.7878587793093175e-05,4.1783747292356566e-05,4.5214979763841256e-05,4.766121128341183e-05
2004-12-04,4.586855538946111e-06,4.9066370593209285e-06,4.473402896110201e-06,6.01295732849394e-06,6.378588295774534e-06,6.294220384006621e-06
2004-12-05,7.346388883888721e-05,7.524743705289438e-05,7.319858559640124e-05,7.175111386459321e-05,7.174593338277191e-05,6.94210029905662e-05
2004-12-06,2.2890544641995803e-05,2.941275670309551e-05,3.886273771058768e-05,2.0380617570481263e-05,2.5135477699222974e-05,3.208309499314055e-05
2004-12-07,2.414101254544221e-05,2.3693872208241373e-05,2.145353028026875e-05,2.6180679924436845e-05,2.484158358129207e-05,2.187766949646175e-05
2004-12-08,0.00027680036146193743,0.0003060733724851161,0.0003367169410921633,0.0002505076117813587,0.0002699057222343981,0.0002928042667917907
2004-12-09,9.655943722464144e-05,0.00010688023758120835,0.00011709469254128635,9.707806020742282e-05,0.00010528432176215574,0.00011406405246816576
2004-12-10,1.5254022400768008e-06,1.4321627759272815e-06,1.355745439468592e-06,3.321080612295191e-06,3.0922144560463494e-06,2.936288865384995e-06
2004-12-11,3.2119453408085974e-07,3.6681706205854425e-07,3.6596807717614865e-07,2.1880954648167972e-07,2.619308077100868e-07,3.054884416542336e-07
2004-12-12,2.8177448712085607e-06,1.8621790331962984e-06,1.6537231886104564e-06,2.3429031443811255e-06,1.2196610441606026e-06,1.0773170515676611e-06
2004-12-13,0.0,0.0,0.0,0.0,0.0,0.0
2004-12-14,0.0,0.0,0.0,0.0,0.0,0.0
2004-12-15,6.336145361274248e-06,4.427311523613753e-06,3.577345523808617e-06,6.7283440330356825e-06,4.494111180974869e-06,3.611806505432469e-06
2004-12-16,1.6608028090558946e-06,1.7009434714054805e-06,1.6674933931426494e-06,2.65768903773278e-06,2.6168518161284737e-06,2.463053988321917e-06
2004-12-17,0.0,0.0,0.0,0.0,0.0,0.0
2004-12-18,0.0,0.0,0.0,0.0,0.0,0.0
2004-12-19,8.288929166155867e-06,7.48580350773409e-06,6.224898697837489e-06,7.439291039190721e-06,6.372500138240866e-06,5.237088771536946e-06
2004-12-20,5.953714662609855e-06,7.81588187237503e-06,1.0359311090724077e-05,5.858250460732961e-06,7.136114163586171e-06,9.173183570965193e-06
2004-12-21,1.981041123144678e-06,1.6516462437721202e-06,1.4140684925223468e-06,3.942232979170512e-06,3.5603211472334806e-06,3.0414453249250073e-06
2004-12-22,0.0,0.0,0.0,0.0,0.0,0.0
2004-12-23,2.8016189389745705e-05,2.8666938305832446e-05,2.889909956138581e-05,2.8034361093887128e-05,2.826583840942476e-05,2.88105529762106e-05
2004-12-24,0.0,0.0,0.0,0.0,0.0,0.0
2004-12-25,2.9513437766581774e-05,3.125734656350687e-05,3.2132022170117125e-05,2.1117339201737195e-05,2.1662832295987755e-05,2.222905823145993e-05
2004-12-26,0.00022864500351715833,0.00026702170725911856,0.0003108216915279627,0.00020559255790431052,0.00023295602295547724,0.00026720971800386906
2004-12-27,2.259718530694954e-05,2.2431182514992543e-05,2.076085911539849e-05,2.3722661353531294e-05,2.2910055122338235e-05,2.1012618162785657e-05
2004-12-28,0.0,0.0,0.0,0.0,0.0,0.0
2004-12-29,0.0,0.0,0.0,0.0,0.0,0.0
2004-12-30,2.627636604302097e-05,2.399645200057421e-05,2.0911775209242478e-05,2.4045944883255288e-05,2.1757638023700565e-05,1.9194945707567967e-05
2004-12-31,7.277991971932352e-05,8.252493717009202e-05,8.94576805876568e-05,5.8092969993595034e-05,6.537676381412894e-05,7.192615157691762e-05
2005-01-01,2.1623029624606716e-06,1.9636777324194554e-06,1.9708847958099796e-06,2.0715201571874786e-06,1.643058908484818e-06,1.5712483900642837e-06
2005-01-02,0.0,0.0,0.0,0.0,0.0,0.0
2005-01-03,4.746255581267178e-05,5.265409708954394e-05,5.632238753605634e-05,4.723581878351979e-05,5.2027262427145615e-05,5.667334335157648e-05
2005-01-04,3.2678935895091854e-06,3.1064032555150334e-06,3.954119165427983e-06,4.842165253649e-06,4.480940333451144e-06,4.694181370723527e-06
2005-01-05,8.472945722814984e-08,9.006902246255777e-08,7.303982840767276e-08,1.975617749394587e-07,2.056129346783564e-07,1.6579538453243003e-07
2005-01-06,2.3791304556652904e-05,2.2970774807618e-05,2.1807341909152456e-05,2.297747960255947e-05,2.1716667106375098e-05,2.0383979062899016e-05
2005-01-07,3.656562330434099e-05,4.2136151023441926e-05,4.8441579565405846e-05,3.4670563763938844e-05,3.9523722080048174e-05,4.627547241398133e-05
2005-01-08,4.051583891850896e-05,4.040180647280067e-05,3.9104008465074e-05,4.094909309060313e-05,4.0214305045083165e-05,3.95672359445598e-05
2005-01-09,1.919142732731416e-06,1.8086956288243528e-06,2.2598219402425457e-06,2.008100864259177e-06,1.8797203438225552e-06,2.1573216599790612e-06
2005-01-10,1.9167612208548235e-06,2.680439592950279e-06,3.849039785563946e-06,1.2827953241867363e-06,1.7560985270392848e-06,2.5072652078961255e-06
2005-01-11,0.0,0.0,0.0,0.0,0.0,0.0
2005-01-12,5.105127911519958e-06,5.279639481159393e-06,4.6071636461419985e-06,8.785098543739878e-06,8.784897545410786e-06,7.788069524394814e-06
2005-01-13,3.744713694686652e-07,7.658638878638158e-07,1.4720111494170851e-06,4.2330694327574747e-07,7.881076271587517e-07,1.4348350987347658e-06
2005-01-14,2.75813254120294e-05,2.9367709430516697e-05,2.9174043447710574e-05,3.165937232552096e-05,3.328010643599555e-05,3.3899083064170554e-05
2005-01-15,0.0,0.0,0.0,0.0,0.0,0.0
2005-01-16,0.00011418036592658609,0.00011653760157059878,0.00011396310583222657,9.987973317038268e-05,9.8959390015807e-05,9.54274000832811e-05
2005-01-17,0.0001390844990964979,0.0001463279186282307,0.0001467564288759604,0.00016282436263281852,0.00016738497652113438,0.0001672788057476282
2005-01-18,3.903095057466999e-05,4.181684926152229e-05,4.223482756060548e-05,3.130879485979676e-05,3.33800635416992e-05,3.401004141778685e-05
2005-01-19,3.4228884032927454e-05,3.913100590580143e-05,4.4466167310019955e-05,2.881238833651878e-05,3.2093543268274516e-05,3.586486855056137e-05
2005-01-20,0.00012358909589238465,0.0001342655741609633,0.00014249944069888443,0.0001037606707541272,0.00011057722440455109,0.00011680651368806139
2005-01-21,6.584198126802221e-05,6.958996527828276e-05,7.152820035116747e-05,8.530446939403191e-05,8.898282976588234e-05,9.189813863486052e-05
2005-01-22,7.264157466124743e-05,7.345290941884741e-05,7.344521873164922e-05,0.0001057256231433712,0.00010652651690179482,0.00010689227929105982
2005-01-23,6.543410108861281e-06,6.166425464471104e-06,5.672327461070381e-06,5.573941507464042e-06,4.915234512736788e-06,4.437265488377307e-06
2005-01-24,2.26012161874678e-06,1.9583735593187157e-06,1.588340296621027e-06,1.5152810419749585e-06,1.2847444850194734e-06,1.0359922271163668e-06
2005-01-25,2.2762729713576846e-05,2.1688085325877182e-05,1.9784820324275643e-05,2.291531563969329e-05,2.162078453693539e-05,1.991722092498094e-05
2005-01-26,2.299204425071366e-05,2.4224975277320482e-05,2.5558869310771115e-05,2.4039771233219653e-05,2.4508148271706887e-05,2.5113251467701048e-05
2005-01-27,3.362262930295401e-07,5.30525426256645e-07,9.104983860197535e-07,4.136401798859879e-07,5.482155529534793e-07,8.043209049901634e-07
2005-01-28,0.0,0.0,0.0,0.0,0.0,0.0
2005-01-29,0.0,0.0,0.0,0.0,0.0,0.0
2005-01-30,2.9244196412037127e-05,3.296258728369139e-05,3.684707189677283e-05,2.395727642579004e-05,2.6077916118083522e-05,2.8701806513709016e-05
2005-01-31,3.1755584473103227e-07,3.7805683916758426e-08,1.1818812595265626e-07,3.7776808881062607e-07,8.649719518416532e-08,2.6888756110565737e-07
2005-02-01,0.0,0.0,0.0,0.0,0.0,0.0
2005-02-02,0.0,0.0,0.0,0.0,0.0,0.0
2005-02-03,0.0,0.0,0.0,0.0,0.0,0.0
2005-02-04,1.770232984199538e-06,1.2415214314387413e-06,1.0810268804561929e-06,3.647460971478722e-06,2.8409667720552534e-06,2.4601126824563835e-06
2005-02-05,0.0,0.0,0.0,0.0,0.0,0.0
2005-02-06,5.2205403335392475e-05,5.5078784498618916e-05,5.640845120069571e-05,5.4604493925580755e-05,5.6019525800365955e-05,5.651944229612127e-05
2005-02-07,2.6049106963910162e-05,2.5706420274218544e-05,2.257953747175634e-05,2.7079771825810894e-05,2.667691842361819e-05,2.4124678020598367e-05
2005-02-08,4.742801684187725e-05,4.842199632548727e-05,4.775914203491993e-05,4.7607416490791366e-05,4.7717607230879366e-05,4.7061424993444234e-05
2005-02-09,5.307434548740275e-06,5.867235358891776e-06,6.062995453248732e-06,6.012580342940055e-06,6.458900315919891e-06,6.49974390398711e-06
2005-02-10,0.0,0.0,0.0,0.0,0.0,0.0
2005-02-11,0.0,0.0,0.0,0.0,0.0,0.0
2005-02-12,6.7156233853893355e-06,6.30574641036219e-06,5.201551630307222e-06,4.864651145908283e-06,4.243839612172451e-06,3.51359267369844e-06
2005-02-13,1.5786552509666762e-08,0.0,0.0,3.690895411523343e-08,0.0,0.0
2005-02-14,0.00019229567260481417,0.00020098414097446948,0.0002052270865533501,0.0001880181225715205,0.00019197950314264745,0.00019498492474667728
2005-02-15,8.419203368248418e-05,9.932382090482861e-05,0.00011273090058239177,6.971730181248859e-05,8.11302597867325e-05,9.376451635034755e-05
2005-02-16,1.6667081581545062e-05,2.1109541194164194e-05,2.6317724405089393e-05,1.1657049981295131e-05,1.482269090047339e-05,1.937470369739458e-05
2005-02-17,1.264835191250313e-05,1.5781390175106935e-05,1.8023325537797064e-05,8.479581993015017e-06,1.0472794201632496e-05,1.2126229194109328e-05
2005-02-18,1.045577278091514e-06,5.69821509088797e-07,1.471706582378829e-06,1.187029170068854e-06,6.954286391191999e-07,1.4631245903728995e-06
2005-02-19,2.7400847102398984e-06,2.8327765448921127e-06,2.459766164975008e-06,2.0359314021334285e-06,2.1469338662427617e-06,2.056953917417559e-06
2005-02-20,0.0,0.0,0.0,0.0,0.0,0.0
2005-02-21,0.0,0.0,0.0,0.0,0.0,0.0
2005-02-22,1.3769946235697716e-05,1.4720604667672887e-05,1.497700850450201e-05,9.640571079216897e-06,1.013239671010524e-05,1.032964155456284e-05
2005-02-23,2.452885382808745e-05,2.634197153383866e-05,2.7033722290070727e-05,1.9176119167241268e-05,1.982341564144008e-05,2.006209979299456e-05
2005-02-24,0.00016197790682781488,0.00017272161494474858,0.00017654600378591567,0.00019201758550480008,0.00020031609165016562,0.00020312487322371453
2005-02-25,0.00043018365977331996,0.00046537499292753637,0.00048158515710383654,0.0004237610846757889,0.0004570346500258893,0.0004779433074872941
2005-02-26,1.3161357514945848e-07,1.6149525094988348e-07,1.7774011951132707e-07,3.0715131060787826e-07,3.693465941978502e-07,4.0462884953740286e-07
2005-02-27,3.6833025518490103e-08,0.0,0.0,2.822467948249141e-08,0.0,0.0
2005-02-28,7.153701972129056e-06,9.406672688783146e-06,1.4259083400247619e-05,7.255010586959543e-06,8.753634574532043e-06,1.278661784454016e-05
2005-03-01,9.092525942833163e-06,9.567131201038137e-06,1.2276610505068675e-05,1.0941380423901137e-05,1.1076561349909753e-05,1.3196387044445146e-05
2005-03-02,4.002884088549763e-05,4.776603600475937e-05,5.654833512380719e-05,4.3135532905580476e-05,5.0692324293777347e-05,5.96870704612229e-05
2005-03-03,0.0,0.0,0.0,0.0,0.0,0.0
2005-03-04,0.0,0.0,0.0,0.0,0.0,0.0
2005-03-05,9.796082304092124e-05,0.00010456761083332822,0.00010832713451236486,0.0001172881165985018,0.00012216686445754021,0.0001248969929292798
2005-03-06,2.063953161268728e-06,2.1002008452342125e-06,1.8863262312152074e-06,4.80952348880237e-06,4.801096110895742e-06,4.293318397685653e-06
2005-03-07,1.0156177268072497e-05,8.928028364607599e-06,7.933350389066618e-06,1.2569938917295076e-05,1.101818725146586e-05,9.698361282062251e-06
2005-03-08,9.674725151853636e-05,0.00010408648086013272,0.00010932559962384403,7.383397314697504e-05,7.76033048168756e-05,8.090616029221565e-05
2005-03-09,0.00019025360234081745,0.0002001711109187454,0.00020013928588014096,0.00018435888341628015,0.0001934410975081846,0.00019625585991889238
2005-03-10,0.0,0.0,0.0,0.0,0.0,0.0
2005-03-11,6.144919552752981e-06,5.795131073682569e-06,4.788980277226074e-06,5.580939159699483e-06,5.240711743681459e-06,4.469984560273588e-06
2005-03-12,1.409177730238298e-05,1.4403760360437445e-05,1.3995963854540605e-05,1.0879862202273216e-05,1.0881801244977396e-05,1.0335279512219131e-05
2005-03-13,2.8190210286993533e-05,2.8604486942640506e-05,2.7640122425509617e-05,2.717741153901443e-05,2.7122974643134512e-05,2.649991074576974e-05
2005-03-14,1.4247402759792749e-05,1.3686850252270233e-05,1.2741960745188408e-05,1.3112350643496029e-05,1.2566513760248199e-05,1.173773216578411e-05
2005-03-15,3.841948000626871e-06,3.7093084301886847e-06,3.5976729577669175e-06,3.2448358524561627e-06,3.0308312943816418e-06,2.8402942007232923e-06
2005-03-16,0.0,3.2372690839110874e-07,1.0066968343380722e-06,0.0,2.1221005397364934e-07,6.571235076080484e-07
2005-03-17,3.935276254196651e-05,4.090493530384265e-05,4.088535570190288e-05,4.68983271275647e-05,4.7127832658588886e-05,4.64339682366699e-05
2005-03-18,2.4925157049437985e-05,3.0336217605508864e-05,3.724119233083911e-05,3.463727989583276e-05,3.91271933040116e-05,4.46235244453419e-05
2005-03-19,7.899208867456764e-05,8.079395047388971e-05,7.971054583322257e-05,9.021502046380192e-05,9.134427818935364e-05,9.001999569591135e-05
2005-03-20,0.0,0.0,0.0,0.0,0.0,0.0
2005-03-21,2.9419885322568007e-05,2.9377035389188677e-05,2.6632602384779602e-05,2.179225703002885e-05,2.1477713744388893e-05,1.9262495698058046e-05
2005-03-22,4.809547681361437e-05,5.27651391166728e-05,5.53516365471296e-05,4.2376523197162896e-05,4.579281812766567e-05,4.753401663037948e-05
2005-03-23,0.0,0.0,0.0,0.0,0.0,0.0
2005-03-24,0.0,0.0,0.0,0.0,0.0,0.0
2005-03-25,0.0,0.0,0.0,0.0,0.0,0.0
2005-03-26,0.0,0.0,0.0,0.0,0.0,0.0
2005-03-27,0.0,0.0,0.0,0.0,0.0,0.0
2005-03-28,8.530849299859256e-06,8.590400284447242e-06,8.358088962268084e-06,1.5521800378337502e-05,1.4476510841632262e-05,1.3239304280432407e-05
2005-03-29,9.407342440681532e-05,9.798255632631481e-05,9.912937093758956e-05,9.59613171289675e-05,9.820794366532937e-05,9.897057316266e-05
2005-03-30,0.0,0.0,0.0,0.0,0.0,0.0
2005-03-31,3.6636454751715064e-05,3.5625100281322375e-05,3.3662912755971774e-05,3.308662417111918e-05,3.097766966675408e-05,2.8622420359170064e-05
2005-04-01,7.049601845210418e-05,8.095936937024817e-05,9.304858394898474e-05,6.200980715220794e-05,7.01061071595177e-05,8.048838935792446e-05
2005-04-02,5.6478307669749483e-05,5.125659299665131e-05,4.65163539047353e-05,4.313993485993706e-05,3.781130726565607e-05,3.3820637327153236e-05
2005-04-03,1.3748868695984129e-05,1.0146266504307278e-05,8.792068001639564e-06,1.0119501894223504e-05,6.77076195643167e-06,5.835480351379374e-06
2005-04-04,7.722300324530806e-06,6.737444891768973e-06,7.70379847381264e-06,5.142431291460525e-06,4.418742264533648e-06,5.031597538618371e-06
2005-04-05,0.0,0.0,0.0,0.0,0.0,0.0
2005-04-06,0.0,0.0,0.0,0.0,0.0,0.0
2005-04-07,0.0,0.0,0.0,0.0,0.0,0.0
2005-04-08,9.101330761041027e-06,7.726314834144432e-06,6.815133474447066e-06,6.0599563767027576e-06,5.069345661468105e-06,4.453184828889789e-06
2005-04-09,0.0,0.0,0.0,0.0,0.0,0.0
2005-04-10,0.00010839215974556282,0.0001035544482874684,9.7766584076453e-05,0.00010444944928167388,9.788314491743222e-05,9.138300811173394e-05
2005-04-11,5.166569462744519e-05,5.988117118249647e-05,6.915933772688732e-05,5.037899609305896e-05,5.716016676160507e-05,6.496937567135319e-05
2005-04-12,0.0,0.0,0.0,0.0,0.0,0.0
2005-04-13,0.0,0.0,0.0,0.0,0.0,0.0
2005-04-14,0.0,0.0,0.0,0.0,0.0,0.0
2005-04-15,0.0,0.0,0.0,0.0,0.0,0.0
2005-04-16,0.0,0.0,0.0,0.0,0.0,0.0
2005-04-17,0.0,0.0,0.0,0.0,0.0,0.0
2005-04-18,3.02240709970647e-06,1.0759509905255982e-06,9.053972576111846e-07,4.087988600076642e-06,1.8885995132222888e-06,1.5349620525739738e-06
2005-04-19,9.842098370427266e-05,0.00010718350677052513,0.00011676564463414252,0.00015205815725494176,0.0001617636880837381,0.00017423700774088502
2005-04-20,0.00016258988762274384,0.00016584049444645643,0.00017027434660121799,0.00017512583872303367,0.00017602865409571677,0.0001776687422534451
2005-04-21,1.3074101843812969e-05,1.3073371519567445e-05,1.2507663086580578e-05,1.993017394852359e-05,2.0188776034046896e-05,1.9545173927326687e-05
2005-04-22,0.0,0.0,0.0,0.0,0.0,0.0
2005-04-23,0.0,0.0,0.0,0.0,0.0,0.0
2005-04-24,0.0,0.0,0.0,0.0,0.0,0.0
2005-04-25,1.878011244116351e-05,1.6358420907636173e-05,1.4632089005317539e-05,1.2510443411883898e-05,1.1896250725840218e-05,1.3063019650871865e-05
2005-04-26,0.0,0.0,0.0,0.0,0.0,0.0
2005-04-27,0.0,0.0,0.0,0.0,0.0,0.0
2005-04-28,5.5108168453443795e-05,6.514643609989434e-05,7.147961150621995e-05,6.312275218078867e-05,7.235575321828946e-05,7.761202869005501e-05
2005-04-29,0.0,0.0,0.0,0.0,0.0,0.0
2005-04-30,8.472465560771525e-05,8.546337630832568e-05,8.502389391651377e-05,7.731073856120929e-05,7.698378612985834e-05,7.699557318119332e-05
2005-05-01,2.0238658180460334e-05,1.7079495592042804e-05,1.7154397937702015e-05,2.821641646733042e-05,2.3432012312696315e-05,2.098381992254872e-05
2005-05-02,3.925662531401031e-05,3.827490581898019e-05,3.4591168514452875e-05,3.0562467145500705e-05,2.9157023163861595e-05,2.5848477889667265e-05
2005-05-03,0.0,0.0,0.0,0.0,0.0,0.0
2005-05-04,0.0,0.0,0.0,0.0,0.0,0.0
2005-05-05,0.0,0.0,0.0,0.0,0.0,0.0
2005-05-06,0.0,0.0,0.0,0.0,0.0,0.0
2005-05-07,2.5690436814329587e-05,2.380269688728731e-05,2.2041132979211397e-05,3.0192915801308118e-05,2.8122352887294255e-05,2.623513137223199e-05
2005-05-08,4.2958924950653454e-07,4.423787913765409e-07,3.508304189381306e-07,9.986267741624033e-07,1.0186140571022406e-06,8.058209459704813e-07
2005-05-09,0.0,0.0,0.0,0.0,0.0,0.0
2005-05-10,0.0,0.0,0.0,0.0,0.0,0.0
2005-05-11,1.3326373846211936e-05,1.310771403950639e-05,1.159710609499598e-05,1.2038596651109401e-05,1.1884040759468917e-05,1.1213124707865063e-05
2005-05-12,5.455727659864351e-05,5.1058541430393234e-05,4.2535739339655265e-05,6.173078872961923e-05,5.761824650107883e-05,4.972520036972128e-05
2005-05-13,0.0001757059508236125,0.0001603784185135737,0.00013752478116657585,0.00023346010129898787,0.00021634806762449443,0.0001909752027131617
2005-05-14,0.00014091935008764267,0.00015351355250459164,0.00016201791004277766,0.00012566737132146955,0.00014193583047017455,0.000157116461195983
2005-05-15,0.00013756891712546349,0.0001491504954174161,0.00015942429308779538,0.00011177905980730429,0.00011840577644761652,0.00012378238898236305
2005-05-16,2.1624897271976806e-05,2.532233156671282e-05,2.7034506274503656e-05,1.4430190276470967e-05,1.6790512745501474e-05,1.7942667909665033e-05
2005-05-17,3.057951107621193e-05,3.1257794034900144e-05,3.0922350561013445e-05,2.040710205619689e-05,2.070358459604904e-05,2.045022301899735e-05
2005-05-18,2.0146487145211722e-08,0.0,0.0,4.6870667347320705e-08,0.0,0.0
2005-05-19,2.3619058993062936e-05,2.4919570932979695e-05,2.5082366846618243e-05,2.8137679692008533e-05,2.9619812266901135e-05,3.0055587558308616e-05
2005-05-20,0.0001081165173673071,0.00010900177585426718,0.00010792591638164595,0.00010761360317701474,0.00010849969112314284,0.00010805822967085987
2005-05-21,6.763288547517732e-05,7.428631943184882e-05,7.944201934151351e-05,6.178093462949619e-05,6.541945913340896e-05,6.769295578124002e-05
2005-05-22,0.0,0.0,0.0,0.0,0.0,0.0
2005-05-23,0.0,0.0,0.0,0.0,0.0,0.0
2005-05-24,0.0,0.0,0.0,0.0,0.0,0.0
2005-05-25,5.7472745538689196e-05,5.346220132196322e-05,4.69764563604258e-05,6.630492134718224e-05,6.23081941739656e-05,5.5653297749813646e-05
2005-05-26,0.00024832782219164073,0.0002550932695157826,0.0002516800013836473,0.00026385358069092035,0.0002688431413844228,0.0002624643675517291
2005-05-27,7.506133897550171e-06,1.9488508769427426e-05,4.213674401398748e-05,1.0309595381841063e-05,2.0778175894520245e-05,3.959918467444368e-05
2005-05-28,2.083033359667752e-05,1.4732361705682706e-05,1.1582204933802132e-05,3.9563950849696994e-05,3.412090154597536e-05,2.6817273464985192e-05
2005-05-29,6.961347025935538e-06,7.058010396576719e-06,5.960262569715269e-06,1.5785008145030588e-05,1.635077569517307e-05,1.3805240996589419e-05
2005-05-30,0.0,0.0,0.0,0.0,0.0,0.0
2005-05-31,0.0,0.0,0.0,0.0,0.0,0.0
2005-06-01,6.031506200088188e-05,6.054796540411189e-05,5.914259600103833e-05,6.53985480312258e-05,6.533495616167784e-05,6.355135701596737e-05
2005-06-02,0.0,0.0,0.0,0.0,0.0,0.0
2005-06-03,0.0,0.0,0.0,0.0,0.0,0.0
2005-06-04,1.4990678209869657e-05,9.33470710151596e-06,7.513496257161023e-06,2.732792927417904e-05,2.1653768271789886e-05,1.7436836060369387e-05
2005-06-05,0.00010396851575933397,0.00010299464338459074,0.00010275532986270264,0.00011006722343154252,0.00010870910045923665,0.00010698276309994981
2005-06-06,0.00015675784379709512,0.00016037204477470368,0.00015039386926218867,0.00015845304005779326,0.0001622842828510329,0.00015500641893595457
2005-06-07,4.4610646000364795e-05,4.960688602295704e-05,4.927270856569521e-05,4.3266627471894026e-05,4.8271132982335985e-05,4.8720892664277926e-05
2005-06-08,7.039249612716958e-05,7.505654502892867e-05,8.513005013810471e-05,8.709713438292965e-05,9.034859976964071e-05,9.831925854086876e-05
2005-06-09,4.7932862798916176e-05,4.804318814422004e-05,4.336235360824503e-05,6.376915553119034e-05,6.561991904163733e-05,6.320966349449009e-05
2005-06-10,2.2213409465621226e-05,2.3017424609861337e-05,1.9545936083886772e-05,3.230003858334385e-05,3.3864092984003946e-05,3.005745747941546e-05
2005-06-11,3.523861096255132e-07,4.613578312273603e-06,1.3146329365554266e-05,8.204240202758228e-07,5.495177902048454e-06,1.4758621546206996e-05
2005-06-12,0.0,0.0,0.0,0.0,0.0,0.0
2005-06-13,5.2262483222875744e-05,4.417023956193589e-05,3.7227229768177494e-05,7.377382280537859e-05,6.615882739424706e-05,5.796569530502893e-05
2005-06-14,0.00017488138109911233,0.00017152926011476666,0.00016715370293240994,0.00016395495913457125,0.00016202146071009338,0.0001605897705303505
2005-06-15,0.0,0.0,0.0,0.0,0.0,0.0
2005-06-16,1.8528415239416063e-05,1.6432257325504906e-05,1.2888026503787842e-05,2.591403972473927e-05,2.3329039322561584e-05,1.832350426411722e-05
2005-06-17,9.937967115547508e-05,9.820993727771565e-05,9.375453373650089e-05,0.00010019955516327173,9.927152132149786e-05,9.602839418221265e-05
2005-06-18,0.0001134582853410393,0.00012222063378430903,0.00012208521366119385,9.099987073568627e-05,9.75868315435946e-05,9.797848906600848e-05
2005-06-19,0.0,0.0,0.0,0.0,0.0,0.0
2005-06-20,0.0,0.0,0.0,0.0,0.0,0.0
2005-06-21,0.0,0.0,0.0,0.0,0.0,0.0
2005-06-22,3.302080949652009e-05,3.47922723449301e-05,3.292911424068734e-05,4.8938549298327416e-05,5.101538772578351e-05,4.934687240165658e-05
2005-06-23,0.0,0.0,0.0,0.0,0.0,0.0
2005-06-24,0.0,0.0,0.0,0.0,0.0,0.0
2005-06-25,0.0,0.0,0.0,0.0,0.0,0.0
2005-06-26,0.0,0.0,0.0,0.0,0.0,0.0
2005-06-27,0.0,0.0,0.0,0.0,0.0,0.0
2005-06-28,0.0,0.0,0.0,0.0,0.0,0.0
2005-06-29,0.0,0.0,0.0,0.0,0.0,0.0
2005-06-30,0.00011724252544809133,0.00012928292562719434,0.00013349212531466037,0.00010114716133102775,0.00011337581963744015,0.00011885986168636009
2005-07-01,3.0515247999574058e-05,3.623643715400249e-05,3.939631278626621e-05,2.0353081708890386e-05,2.495805347280111e-05,2.8786758775822818e-05
2005-07-02,0.0,0.0,0.0,0.0,0.0,0.0
2005-07-03,0.0,0.0,0.0,0.0,0.0,0.0
2005-07-04,0.0,4.259213426394126e-08,1.2942021498929535e-07,0.0,9.886243645951254e-08,3.010145803727937e-07
2005-07-05,8.615214755991474e-05,8.091185009106994e-05,7.207023736555129e-05,9.641729411669075e-05,9.20545935514383e-05,8.452100155409425e-05
2005-07-06,0.00019512684957589954,0.00020736131409648806,0.00022046978119760752,0.00017189333448186517,0.00018423949950374663,0.00019983600941486657
2005-07-07,0.0,0.0,0.0,0.0,0.0,0.0
2005-07-08,0.0,0.0,0.0,0.0,0.0,0.0
2005-07-09,0.00010292688966728747,0.0001031678038998507,9.66366205830127e-05,8.579855784773827e-05,8.549581252736971e-05,8.094889926724136e-05
2005-07-10,0.00011503892164910212,0.00011850230657728389,0.000120760545541998,0.00011114252265542746,0.00011420712689869106,0.00011605289910221472
2005-07-11,0.00014512677444145083,0.0001553174661239609,0.00016087866970337927,0.0001300098665524274,0.00014257369912229478,0.0001510663132648915
2005-07-12,0.000143171550007537,0.00015609261754434556,0.00016799681179691106,0.00012945801427122205,0.0001438429462723434,0.00015485059702768922
2005-07-13,2.7982592655462213e-05,3.3015581720974296e-05,3.6109377106186e-05,2.0796960598090664e-05,2.5092593205044977e-05,2.8630984161281958e-05
2005-07-14,0.0,2.1613082026306074e-06,6.596726962015964e-06,0.0,1.4690334637634805e-06,4.4922671804670244e-06
2005-07-15,0.0001605053257662803,0.00016988234710879624,0.00018049072241410613,0.0001513472234364599,0.0001600199902895838,0.0001703732123132795
2005-07-16,0.00014924486458767205,0.0001599397510290146,0.00016755313845351338,0.00012372361379675567,0.0001340540184173733,0.00014205217303242534
2005-07-17,0.00013107957784086466,0.00012845286983065307,0.00012240269279573113,0.0001293982786592096,0.00012704922119155526,0.00012203562073409557
2005-07-18,8.234677079599351e-05,7.666875899303705e-05,6.542821938637644e-05,6.473783287219703e-05,5.9030804550275207e-05,5.008318112231791e-05
2005-07-19,7.736507541267201e-05,6.581549678230658e-05,5.261567639536224e-05,5.5681080993963405e-05,4.4897526095155627e-05,3.594687223085202e-05
2005-07-20,0.00015385889855679125,0.00015067850472405553,0.00014150512288324535,0.00013886549277231097,0.00013301327999215573,0.00012145362416049466
2005-07-21,0.00011476880172267556,0.00010978134378092363,9.959007729776204e-05,0.00011517637904034927,0.00010843465861398727,9.448622586205602e-05
2005-07-22,1.8711948541749734e-06,0.0,0.0,1.2440145837899763e-06,0.0,0.0
2005-07-23,1.6517891481271363e-06,0.0,0.0,3.827392447419697e-06,0.0,0.0
2005-07-24,8.570231875637546e-05,7.711619400652125e-05,6.524610944325104e-05,9.107553341891617e-05,8.346131653524935e-05,7.36629226594232e-05
2005-07-25,0.00018204670050181448,0.00018296335474587977,0.00017957073578145355,0.00018098493455909193,0.0001810359681257978,0.00017985334852710366
2005-07-26,0.00015846874157432467,0.00017880233644973487,0.00020467066497076303,0.00015247239207383245,0.00017035948985721916,0.0001945367839653045
2005-07-27,0.0001446711248718202,0.00015933577378746122,0.0001713822566671297,0.00013620320532936603,0.00014808608102612197,0.00015954078116919845
2005-07-28,8.151175279635936e-06,1.1068302228522953e-05,1.6373694961657748e-05,9.23103652894497e-06,1.2211619832669385e-05,1.8459362763678655e-05
2005-07-29,0.0,0.0,0.0,0.0,0.0,0.0
2005-07-30,2.1572202513198135e-06,1.7101647244999185e-06,1.518901171948528e-06,4.9924233280762564e-06,3.940110673283925e-06,3.503430207274505e-06
2005-07-31,3.542131707945373e-06,7.2664732897465e-08,2.2351889583660522e-07,2.351201601413777e-06,1.67361136504951e-07,5.153608526597964e-07
2005-08-01,7.018568430794403e-05,6.628264964092523e-05,5.799769496661611e-05,6.665456021437421e-05,6.17406694800593e-05,5.268973472993821e-05
2005-08-02,7.426269439747557e-05,7.390914106508717e-05,6.925770867383108e-05,8.875916682882234e-05,8.770814019953832e-05,8.211849490180612e-05
2005-08-03,0.0,0.0,0.0,0.0,0.0,0.0
2005-08-04,0.0,0.0,0.0,0.0,0.0,0.0
2005-08-05,0.0,0.0,0.0,0.0,0.0,0.0
2005-08-06,0.0002042269188677892,0.0002019616513280198,0.0001943599054357037,0.00020317034795880318,0.00019884345238097012,0.00018933320825453848
2005-08-07,8.957324462244287e-05,8.643291948828846e-05,8.182646706700325e-05,9.650840365793556e-05,9.335569484392181e-05,8.719898323761299e-05
2005-08-08,3.19095270242542e-05,3.06595211441163e-05,2.4512912204954773e-05,2.1155683498363942e-05,2.0210060029057786e-05,1.6166964996955357e-05
2005-08-09,0.0,0.0,0.0,0.0,0.0,0.0
2005-08-10,3.882064629578963e-05,3.563983045751229e-05,3.082955299760215e-05,4.76561690447852e-05,4.6334975195350125e-05,4.241164060658775e-05
2005-08-11,0.00016335690452251583,0.00016489629342686385,0.00016235452494584024,0.0001860013435361907,0.000186885183211416,0.00018613215070217848
2005-08-12,0.00010876407031901181,0.00011352024739608169,0.0001195960066979751,7.361607276834548e-05,7.837674638722092e-05,8.630219963379204e-05
2005-08-13,0.0,0.0,0.0,0.0,0.0,0.0
2005-08-14,0.0,0.0,0.0,0.0,0.0,0.0
2005-08-15,0.0,0.0,0.0,0.0,0.0,0.0
2005-08-16,0.0,0.0,0.0,0.0,0.0,0.0
2005-08-17,4.627505040843971e-05,4.5291188143892214e-05,4.303096284274943e-05,4.861847628490068e-05,4.718734271591529e-05,4.508994970819913e-05
2005-08-18,4.1614664951339364e-05,4.033731238450855e-05,3.906795245711692e-05,3.72530885215383e-05,3.564574944903143e-05,3.549299799487926e-05
2005-08-19,0.00015854465891607106,0.00016309322381857783,0.0001636227680137381,0.00015425925084855407,0.0001580910466145724,0.000160038354806602
2005-08-20,3.753638520720415e-05,4.0935425204224885e-05,3.8801175833214074e-05,3.4268749004695565e-05,3.690845187520608e-05,3.4892524126917124e-05
2005-08-21,0.0,0.0,0.0,0.0,0.0,0.0
2005-08-22,1.8303097704119864e-07,5.325124448063434e-07,1.208632511406904e-06,4.225544500968681e-07,9.673581189417746e-07,1.9869394236593507e-06
2005-08-23,0.0,0.0,0.0,0.0,0.0,0.0
2005-08-24,0.0,0.0,0.0,0.0,0.0,0.0
2005-08-25,0.00038497732020914555,0.000413291621953249,0.00044339848682284355,0.0003294081543572247,0.00035309456870891154,0.00037971450365148485
2005-08-26,0.00011720584006980062,0.00012658962805289775,0.00015144329518079758,9.090208186535165e-05,9.730282181408256e-05,0.00012037054693792015
2005-08-27,3.721809116541408e-05,4.111960151931271e-05,4.584316411637701e-05,4.340715167927556e-05,4.559608350973576e-05,5.007498475606553e-05
2005-08-28,0.0,0.0,0.0,0.0,0.0,0.0
2005-08-29,0.0,0.0,0.0,0.0,0.0,0.0
2005-08-30,9.395412052981555e-05,9.699885413283482e-05,9.763549314811826e-05,9.506977221462876e-05,9.921566379489377e-05,0.00010133638716069981
2005-08-31,3.359733000252163e-06,6.033899353496963e-06,1.1259907296334859e-05,7.31819409338641e-06,9.690013030194677e-06,1.3010498150833882e-05
2005-09-01,0.0,0.0,0.0,0.0,0.0,0.0
2005-09-02,6.754030619049445e-05,6.392654904630035e-05,5.1130802603438497e-05,5.3061732614878565e-05,4.8210014938376844e-05,3.850672146654688e-05
2005-09-03,0.00014136102981865406,0.00014813602319918573,0.0001595636858837679,0.00014168447523843497,0.00014644477050751448,0.00015593440912198275
2005-09-04,0.00020633498206734657,0.00021603837376460433,0.00021069620561320335,0.00020504229178186506,0.00021280458895489573,0.00020887161372229457
2005-09-05,0.0,0.0,0.0,0.0,0.0,0.0
2005-09-06,0.0,0.0,0.0,0.0,0.0,0.0
2005-09-07,2.4969967853394337e-05,2.1157033188501373e-05,1.7213076716871e-05,5.7701949117472395e-05,4.8546469770371914e-05,3.94264206988737e-05
2005-09-08,6.893367390148342e-05,7.087929407134652e-05,7.68841928220354e-05,9.188502008328214e-05,9.19318335945718e-05,9.657155169406906e-05
2005-09-09,0.0,0.0,0.0,0.0,0.0,0.0
2005-09-10,0.0,0.0,0.0,0.0,0.0,0.0
2005-09-11,0.0,0.0,0.0,0.0,0.0,0.0
2005-09-12,0.0,0.0,0.0,0.0,0.0,0.0
2005-09-13,0.0,0.0,0.0,0.0,0.0,0.0
2005-09-14,5.563358627114212e-07,0.0,0.0,3.692294683332875e-07,0.0,0.0
2005-09-15,8.346236768375093e-07,8.115740683933836e-07,7.046000973787159e-07,1.9313265511300415e-06,1.864963110165263e-06,1.6152365560628823e-06
2005-09-16,0.00011368090781616047,0.00010538088827161118,9.85356600722298e-05,0.00012191766290925443,0.0001131739336415194,0.00010636683146003634
2005-09-17,0.00023448436695616692,0.00024393800413236022,0.0002446880389470607,0.0002445419377181679,0.00025020670727826655,0.0002476491790730506
2005-09-18,0.00023653845710214227,0.00025522394571453333,0.00027124100597575307,0.0002358091587666422,0.0002515361993573606,0.00026597484247758985
2005-09-19,4.646087745641125e-06,4.337003701948561e-06,5.038345534558175e-06,8.650841664348263e-06,7.69226153352065e-06,7.645235200470779e-06
2005-09-20,1.2279773500267765e-06,1.238218942489766e-06,1.0217194130746066e-06,2.844684786396101e-06,2.8484780614235206e-06,2.3438399239239516e-06
2005-09-21,0.0,0.0,0.0,0.0,0.0,0.0
2005-09-22,0.0,0.0,0.0,0.0,0.0,0.0
2005-09-23,0.0,0.0,0.0,0.0,0.0,0.0
2005-09-24,0.0,0.0,0.0,0.0,0.0,0.0
2005-09-25,0.0,0.0,0.0,0.0,0.0,0.0
2005-09-26,0.0,0.0,0.0,0.0,0.0,0.0
2005-09-27,0.0,0.0,0.0,0.0,0.0,0.0
2005-09-28,4.610690666595474e-06,3.363675887158024e-06,2.7163719096279237e-06,9.312593647337053e-06,7.751535122224595e-06,6.238436526473379e-06
2005-09-29,1.0513062989048194e-05,9.371623491460923e-06,8.732614332984667e-06,2.219546695414465e-05,2.1601115804514848e-05,2.0057910660398193e-05
2005-09-30,0.0,0.0,0.0,0.0,0.0,0.0
2005-10-01,2.7244130251347087e-05,2.0721694454550743e-05,1.6468457033624873e-05,2.628285437822342e-05,1.919199166877661e-05,1.5197166248981375e-05
2005-10-02,0.0001658759720157832,0.00018120300956070423,0.00018988556985277683,0.00017396539624314755,0.00018712009477894753,0.00019296797108836472
2005-10-03,5.962157956673764e-05,6.090805618441664e-05,5.658992813550867e-05,6.429204950109124e-05,6.473471876233816e-05,5.792742740595713e-05
2005-10-04,3.950975496991305e-06,4.072397132404149e-06,3.235224085074151e-06,2.696656338230241e-06,2.7253377083980013e-06,2.1567200292338384e-06
2005-10-05,0.0,2.3955387007390527e-08,7.339673402384506e-08,0.0,5.5274359311852095e-08,1.6868835928107728e-07
2005-10-06,3.413479498703964e-05,3.6735840694746e-05,3.975020081270486e-05,2.3530541511718184e-05,2.5386736524524167e-05,2.849395059456583e-05
2005-10-07,7.482099317712709e-05,7.985652337083593e-05,8.69270515977405e-05,6.908967043273151e-05,7.237615500343964e-05,7.675820961594582e-05
2005-10-08,4.648502726922743e-05,4.6822362492093816e-05,4.7127698053373024e-05,4.2071904317708686e-05,4.188672755844891e-05,4.220608752802946e-05
2005-10-09,0.00018005704623647034,0.00019097501353826374,0.00020029339066240937,0.0001461735664634034,0.00015291289309971035,0.0001595211069798097
2005-10-10,5.493171101988992e-06,5.204426088312175e-06,4.716597686638124e-06,3.6700353120977525e-06,3.4469564980099676e-06,3.1104907520784764e-06
2005-10-11,9.441965812584385e-05,8.955932571552694e-05,8.415050251642242e-05,8.230051753344014e-05,7.575388008262962e-05,6.898048741277307e-05
2005-10-12,0.00013447614037431777,0.00015631740097887814,0.0001835369475884363,0.00016613562183920294,0.00018704165995586663,0.00021214449952822179
2005-10-13,1.868155231932178e-05,1.8502320017432794e-05,1.880942545540165e-05,1.4913318409526255e-05,1.4473048395302612e-05,1.4316001397673972e-05
2005-10-14,0.00025957287289202213,0.0002880787942558527,0.00031869704253040254,0.00023872428573668003,0.00026079118833877146,0.0002864518028218299
2005-10-15,3.5099234082736075e-05,4.430235640029423e-05,5.896864604437724e-05,3.3622181945247576e-05,4.032087599625811e-05,5.0863523938460276e-05
2005-10-16,1.2376942322589457e-05,1.2986925867153332e-05,1.203941155836219e-05,1.6782145394245163e-05,1.75567802216392e-05,1.648821125854738e-05
2005-10-17,0.0,0.0,0.0,0.0,0.0,0.0
2005-10-18,0.0,0.0,0.0,0.0,0.0,0.0
2005-10-19,0.0,0.0,0.0,0.0,0.0,0.0
2005-10-20,0.0,0.0,0.0,0.0,0.0,0.0
2005-10-21,0.0,0.0,0.0,0.0,0.0,0.0
2005-10-22,0.0,0.0,0.0,0.0,0.0,0.0
2005-10-23,2.8772592486348003e-07,2.7091186893812846e-07,8.306515724143537e-07,5.598110419668956e-07,1.7941705721113976e-07,5.473536930367118e-07
2005-10-24,0.0002322812651982531,0.00023649320064578205,0.00023461233649868518,0.0002369689173065126,0.0002380592777626589,0.00023602036526426673
2005-10-25,1.216369400935946e-05,1.3328865861694794e-05,1.283808069274528e-05,1.2367242561595049e-05,1.3828107512381393e-05,1.4399534848053008e-05
2005-10-26,0.0,0.0,0.0,0.0,0.0,0.0
2005-10-27,0.0,0.0,0.0,0.0,0.0,0.0
2005-10-28,5.23929259088618e-07,4.380603684239759e-07,5.006798460271966e-07,6.986018661336857e-07,3.739818907888548e-07,3.961774268645968e-07
2005-10-29,0.0,0.0,0.0,0.0,0.0,0.0
2005-10-30,8.897770021576434e-05,9.418299305252731e-05,9.868074266705662e-05,7.652105705346912e-05,8.020737732294947e-05,8.366072142962366e-05
2005-10-31,0.0,0.0,0.0,0.0,0.0,0.0
2005-11-01,7.495380032196408e-06,4.694225935963914e-06,6.72572650728398e-06,1.2898545719508547e-05,8.563868505007122e-06,9.68190943240188e-06
2005-11-02,0.0001548344298498705,0.00014167850895319134,0.00013865450455341488,0.0002012260811170563,0.0001853770954767242,0.0001745362824294716
2005-11-03,7.617774826940149e-05,7.830669346731156e-05,7.736831321381032e-05,8.00971538410522e-05,8.172829257091507e-05,8.052571502048522e-05
2005-11-04,0.0,0.0,0.0,0.0,0.0,0.0
2005-11-05,0.0,0.0,0.0,0.0,0.0,0.0
2005-11-06,0.00024148578813765198,0.00023542206326965243,0.00020509825844783336,0.0002113364898832515,0.00020218302961438894,0.00017413344176020473
2005-11-07,0.0005058323149569333,0.0004930309951305389,0.00044811275438405573,0.00045660434989258647,0.000438688846770674,0.0003953269333578646
2005-11-08,3.7291563785402104e-05,4.020825508632697e-05,4.253489896655083e-05,4.50011357315816e-05,4.770531813846901e-05,4.939655264024623e-05
2005-11-09,0.0,0.0,0.0,0.0,0.0,0.0
2005-11-10,0.0,0.0,0.0,0.0,0.0,0.0
2005-11-11,0.0,0.0,0.0,0.0,0.0,0.0
2005-11-12,3.151933015033137e-06,3.0744342893740395e-06,2.669984496606048e-06,2.1529085643123835e-06,2.056465064015356e-06,1.7741140254656784e-06
2005-11-13,1.568948573549278e-05,1.7956186638912186e-05,1.8000780983129516e-05,1.1722509043465834e-05,1.3776294508716092e-05,1.4997463040344883e-05
2005-11-14,0.0,0.0,0.0,0.0,0.0,0.0
2005-11-15,0.0,0.0,0.0,0.0,0.0,0.0
2005-11-16,6.119363433754188e-07,1.2390850088195293e-06,3.712311126946588e-06,8.308900873998937e-07,9.660585646997788e-07,2.70509963229415e-06
2005-11-17,0.0,0.0,0.0,0.0,0.0,0.0
2005-11-18,0.00035671808291226625,0.00038478002534247935,0.00041321059688925743,0.00037587358383461833,0.00039534905226901174,0.0004146947176195681
2005-11-19,1.2729287846013904e-07,4.152479050389957e-06,1.253479604201857e-05,2.9749040209026134e-07,3.668804311018903e-06,1.0585916243144311e-05
2005-11-20,0.0,0.0,0.0,0.0,0.0,0.0
2005-11-21,0.0,0.0,0.0,0.0,0.0,0.0
2005-11-22,5.47015872598422e-07,5.85549514653394e-07,4.981923211744288e-07,4.3503828806024103e-07,4.61633931081451e-07,4.012312615486735e-07
2005-11-23,0.00012501058517955244,0.00012865738244727254,0.0001276730326935649,0.00012891629012301564,0.00013096444308757782,0.00013089424464851618
2005-11-24,5.238872290647123e-06,4.41404426965164e-06,4.092725703230826e-06,9.927663086273242e-06,8.526612873538397e-06,8.058503226493485e-06
2005-11-25,0.0,0.0,0.0,0.0,0.0,0.0
2005-11-26,0.0,0.0,0.0,0.0,0.0,0.0
2005-11-27,9.859077545115724e-05,0.00010796607239171863,0.00011713823914760724,9.0354798885528e-05,9.753675840329379e-05,0.0001061066723195836
2005-11-28,0.0,0.0,0.0,0.0,0.0,0.0
2005-11-29,0.0,0.0,0.0,0.0,0.0,0.0
2005-11-30,0.0,0.0,0.0,0.0,0.0,0.0
2005-12-01,0.0,0.0,0.0,0.0,0.0,0.0
2005-12-02,9.456316183786839e-05,9.61868281592615e-05,9.678899368736893e-05,0.00011689856182783842,0.00011807208647951484,0.00011973692016908899
2005-12-03,1.5890234863036312e-05,1.412377241649665e-05,1.3260936611914076e-05,1.199773669213755e-05,1.0294271305610891e-05,9.845893146120943e-06
2005-12-04,0.00029058975633233786,0.0003058993024751544,0.0003155570011585951,0.0002966023748740554,0.0003061954630538821,0.0003145099326502532
2005-12-05,1.3351702818908961e-06,1.0753354899861733e-06,9.639829841034953e-07,2.857730578398332e-06,2.457603841321543e-06,2.19125786315999e-06
2005-12-06,0.0,0.0,0.0,0.0,0.0,0.0
2005-12-07,8.025560873647919e-07,1.0024904213423724e-06,1.7173825881400262e-06,1.4620660522268736e-06,1.473595261813898e-06,1.9018467583009624e-06
2005-12-08,1.9191572846466443e-06,2.284051561218803e-06,2.8320182536845095e-06,3.84421491617104e-06,4.0036702557699755e-06,4.17323099100031e-06
2005-12-09,8.626584531157278e-06,6.774750545446295e-06,5.465898993861629e-06,6.399922312994022e-06,4.6620125431218185e-06,3.7411414268717635e-06
2005-12-10,8.750033885007724e-05,9.396398672834039e-05,9.811333438847214e-05,7.786974310874939e-05,8.261261245934293e-05,8.7096901552286e-05
2005-12-11,4.100133537576767e-06,3.938397185265785e-06,3.3049013836716767e-06,4.439974873093888e-06,4.09290214520297e-06,3.442544539211667e-06
2005-12-12,0.0,0.0,0.0,0.0,0.0,0.0
2005-12-13,3.5628494288175716e-07,0.0,0.0,3.5869121006726346e-07,0.0,0.0
2005-12-14,2.8619520890060812e-05,2.67168343270896e-05,2.391955968050752e-05,2.5682822524686344e-05,2.3100872567738406e-05,2.0503788618952967e-05
2005-12-15,4.191695188637823e-05,4.3465883209137246e-05,4.489137063501403e-05,3.578200994525105e-05,3.583605939638801e-05,3.626250691013411e-05
2005-12-16,0.0,0.0,0.0,0.0,0.0,0.0
2005-12-17,1.5493195633098367e-06,1.300010353588732e-06,1.0650425110725337e-06,3.6106341667618835e-06,2.966851752717048e-06,2.417528094156296e-06
2005-12-18,3.4872959076892585e-05,3.481917519820854e-05,3.340912371641025e-05,3.335779547342099e-05,3.1882940675131977e-05,2.9596702006529085e-05
2005-12-19,6.786637385403083e-08,5.684551496187851e-08,4.5972758044854345e-08,1.581471735789819e-07,1.2971719343113364e-07,1.0434014541260694e-07
2005-12-20,3.039185969555547e-07,2.295271173125002e-07,1.9981879972874594e-07,3.574596689759346e-07,1.602105612619198e-07,1.610175814903414e-07
2005-12-21,4.822072878596373e-05,5.344674355001189e-05,6.161569035612047e-05,5.628926737699658e-05,5.969746780465357e-05,6.608371768379584e-05
2005-12-22,9.45703959587263e-06,9.424320523976348e-06,9.121362381847575e-06,1.2861628420068882e-05,1.3124564247846138e-05,1.3175712410884444e-05
2005-12-23,4.185340074513988e-08,3.1995313065635855e-08,2.5895980471091207e-08,9.752228891102277e-08,7.300243964891706e-08,5.876457009890146e-08
2005-12-24,0.0,0.0,0.0,0.0,0.0,0.0
2005-12-25,7.71047234593425e-06,5.852978574694134e-06,5.168512416275917e-06,7.738767635601107e-06,5.236835932009853e-06,4.579293999995571e-06
2005-12-26,1.5446003089891747e-05,1.3681786185770761e-05,1.1252514013904147e-05,1.6180763850570656e-05,1.4055923202249687e-05,1.1712856576195918e-05
2005-12-27,3.949661731894594e-06,2.9570817332569277e-06,2.4063422188191907e-06,4.108728717255872e-06,3.0800929380347952e-06,2.5066563011932885e-06
2005-12-28,4.864855873165652e-05,4.952450035489164e-05,4.9601854698266834e-05,4.8778074415167794e-05,4.871041892329231e-05,4.848995013162494e-05
2005-12-29,1.34254651129595e-06,1.732661871756136e-06,2.296870206919266e-06,3.1286110697692493e-06,3.6818162243434926e-06,4.3674613152688835e-06
2005-12-30,9.042373858392239e-05,9.146194497589022e-05,9.242657688446343e-05,8.997309487313032e-05,8.920902473619208e-05,8.933096250984818e-05
2005-12-31,3.702728281496093e-05,4.852028359891847e-05,6.494404806289822e-05,3.312939952593297e-05,4.301424996810965e-05,5.830592999700457e-05
2006-01-01,8.69980226525513e-07,1.3676576600119006e-06,2.53340954259329e-06,1.4206250398274278e-06,1.590812985341472e-06,2.2677916149405064e-06
2006-01-02,5.218743694967998e-07,4.524338805822481e-07,3.667839223453484e-07,1.2165209000158939e-06,1.0326156143491971e-06,8.324410600835108e-07
2006-01-03,0.0,0.0,0.0,0.0,0.0,0.0
2006-01-04,0.0,0.0,0.0,0.0,0.0,0.0
2006-01-05,0.0,7.510520538822618e-10,2.349200611817537e-09,0.0,4.918422891186935e-10,1.5297259015056852e-09
2006-01-06,0.0,0.0,0.0,0.0,0.0,0.0
2006-01-07,0.0,7.682171565548401e-10,2.40327424627651e-09,0.0,1.753999390174954e-09,5.455976559431974e-09
2006-01-08,0.0,0.0,0.0,0.0,0.0,0.0
2006-01-09,0.0,0.0,0.0,0.0,0.0,0.0
2006-01-10,1.7461792594986036e-05,1.707270166662056e-05,1.5483241440961137e-05,1.619163049326744e-05,1.526894084236119e-05,1.3769371435046196e-05
2006-01-11,7.3494288699293975e-06,6.990463134570746e-06,5.922017862758366e-06,8.267234989034478e-06,7.645908226550091e-06,6.497627509816084e-06
2006-01-12,0.0,0.0,0.0,0.0,0.0,0.0
2006-01-13,3.604427183745429e-05,3.5284880141261965e-05,3.286876017227769e-05,3.3509626518934965e-05,3.1942912755766883e-05,2.9689997973036952e-05
2006-01-14,9.085949568543583e-05,9.569354733685032e-05,9.814855002332479e-05,8.821990923024714e-05,9.23091356526129e-05,9.577328455634415e-05
2006-01-15,0.0,4.195264580175717e-07,1.3128390037309146e-06,0.0,2.749879968177993e-07,8.555570616408659e-07
2006-01-16,0.0,0.0,0.0,0.0,0.0,0.0
2006-01-17,0.00020323647186160088,0.0002132280496880412,0.00021712726447731256,0.00020135947852395475,0.00020576109818648547,0.0002071640337817371
2006-01-18,3.9800881495466456e-05,4.0452316170558333e-05,4.12874978792388e-05,4.783119584317319e-05,4.862393325311132e-05,5.1081846322631463e-05
2006-01-19,2.874863412216655e-06,2.995930117322132e-06,2.6862819595407927e-06,4.3793170334538445e-06,4.43989893028629e-06,4.162387085671071e-06
2006-01-20,0.0,0.0,0.0,0.0,0.0,0.0
2006-01-21,9.832272917265072e-05,0.00011286118387943134,0.0001250945933861658,8.183420140994713e-05,9.137430606642738e-05,0.00010008728713728487
2006-01-22,0.00037472325493581593,0.00039737357292324305,0.0004027879622299224,0.00034315339871682227,0.0003565278311725706,0.0003607649705372751
2006-01-23,0.00010979496437357739,0.00013621788821183145,0.00016549321298953146,0.00012513776891864836,0.000149848623550497,0.0001787323853932321
2006-01-24,0.0,0.0,0.0,0.0,0.0,0.0
2006-01-25,2.5433823793719057e-06,2.0201614461257122e-06,1.7718290337143117e-06,2.623954742375645e-06,2.221523345724563e-06,2.094847559419577e-06
2006-01-26,5.760646359931343e-08,6.15685920024589e-08,4.992720903373993e-08,3.86298033561161e-08,4.039697998337033e-08,3.257098413200765e-08
2006-01-27,3.187726917985856e-07,3.1082851137398393e-07,4.0766795450508653e-07,6.29691442100011e-07,6.1262437611731e-07,6.212947027961491e-07
2006-01-28,3.374535253897193e-06,4.0552827158535365e-06,4.401977548695868e-06,2.9710781745961867e-06,3.405252073207521e-06,3.4803560993168503e-06
2006-01-29,0.0,0.0,0.0,0.0,0.0,0.0
2006-01-30,1.7536191080580465e-05,1.762337160471361e-05,1.6743319065426476e-05,1.929507197928615e-05,1.908997364807874e-05,1.8324652046430856e-05
2006-01-31,0.0,1.558136908386132e-08,4.8710472100310653e-08,0.0,2.078538940963881e-08,6.461402790591819e-08
2006-02-01,0.0,0.0,0.0,0.0,0.0,0.0
2006-02-02,0.0,1.0264439964657868e-08,3.2080706091619504e-08,0.0,2.348651761963083e-08,7.299698268070642e-08
2006-02-03,6.1299056142161135e-06,5.6976236919581424e-06,4.916232228424633e-06,8.16201190900756e-06,7.607022325828439e-06,6.81190385876107e-06
2006-02-04,8.902727586246328e-07,9.614020655135391e-07,1.0727455901360372e-06,1.1784120488300687e-06,1.256882796951686e-06,1.25540611861652e-06
2006-02-05,0.0,0.0,0.0,0.0,0.0,0.0
2006-02-06,8.204355253838003e-05,8.802061347523704e-05,9.002535080071539e-05,8.360926585737616e-05,8.732058631721884e-05,8.838393114274368e-05
2006-02-07,3.5312510249241313e-07,3.7324193158383423e-07,3.0222753366615507e-07,8.258785442194494e-07,8.541347256141307e-07,6.878999556647614e-07
2006-02-08,0.00010266623576171696,0.00010695494711399078,0.00010618272062856704,0.00010847675002878532,0.00011078741954406723,0.00010986556299030781
2006-02-09,5.645216879202053e-05,6.316320650512353e-05,6.88635918777436e-05,5.077429159427993e-05,5.581020741374232e-05,6.0642316384473816e-05
2006-02-10,0.0,0.0,0.0,0.0,0.0,0.0
2006-02-11,0.0,0.0,0.0,0.0,0.0,0.0
2006-02-12,3.4839399631891865e-07,2.0540029765925283e-07,1.6619785014881927e-07,8.146117806973052e-07,4.7003351255625603e-07,3.783547981583979e-07
2006-02-13,2.532430244173156e-06,2.3282896108867135e-06,2.1141922843526118e-06,5.262358627078356e-06,4.93816105517908e-06,4.2201454562018625e-06
2006-02-14,3.812575357642345e-07,2.2306724645204667e-07,1.8043991190097586e-07,6.937351031410799e-07,5.104403157929482e-07,4.1079573520619306e-07
2006-02-15,0.0,0.0,0.0,0.0,0.0,0.0
2006-02-16,0.0001079862704500556,0.00011073323548771441,0.00011093168723164126,9.79969699983485e-05,9.789884643396363e-05,9.71310946624726e-05
2006-02-17,0.0,3.6406394343657666e-08,1.1354116935535785e-07,0.0,2.3896037149029326e-08,7.415540892452555e-08
2006-02-18,0.0,0.0,0.0,0.0,0.0,0.0
2006-02-19,0.0,0.0,0.0,0.0,0.0,0.0
2006-02-20,0.0,0.0,0.0,0.0,0.0,0.0
2006-02-21,0.0,0.0,0.0,0.0,0.0,0.0
2006-02-22,4.390370668261312e-05,5.3194315114524215e-05,6.492977263405919e-05,3.1991359719540924e-05,3.771074625547044e-05,4.6032997488509864e-05
2006-02-23,5.335381138138473e-05,4.626870941137895e-05,4.615412763087079e-05,5.4990436183288693e-05,4.585052374750376e-05,4.380278187454678e-05
2006-02-24,0.00015059228462632746,0.0001593824417795986,0.00015602324856445193,0.0001664156443439424,0.00017337371536996216,0.00016805158520583063
2006-02-25,2.3501035684603266e-05,2.207739271398168e-05,1.9810404410236515e-05,3.450696021900512e-05,3.240759178879671e-05,2.9902381356805563e-05
2006-02-26,2.3490390958613716e-05,2.533004771976266e-05,2.654048330441583e-05,1.7357839169562794e-05,1.8340497263125144e-05,1.8924753021565266e-05
2006-02-27,4.9609872803557664e-05,4.861960042035207e-05,4.696832183981314e-05,3.546406151144765e-05,3.3305354008916765e-05,3.180494240950793e-05
2006-02-28,8.885711577022448e-05,0.00010019436740549281,0.0001090067089535296,8.930831972975284e-05,9.771731856744736e-05,0.00010456606833031401
2006-03-01,7.41425683372654e-05,8.006449206732213e-05,8.277981396531686e-05,5.7717148592928424e-05,6.106820364948362e-05,6.32924129604362e-05
2006-03-02,7.261839346028864e-05,7.815132266841829e-05,8.00574489403516e-05,6.943328480701894e-05,7.39519891794771e-05,7.612715853611007e-05
2006-03-03,0.0,0.0,0.0,0.0,0.0,0.0
2006-03-04,0.0,0.0,0.0,0.0,0.0,0.0
2006-03-05,0.0,0.0,0.0,0.0,0.0,0.0
2006-03-06,0.0,0.0,0.0,0.0,0.0,0.0
2006-03-07,0.0,2.3373665669623733e-07,7.274510949173418e-07,0.0,1.532727509356846e-07,4.749500988054933e-07
2006-03-08,0.0,0.0,0.0,0.0,0.0,0.0
2006-03-09,3.652353916550055e-05,3.4846063499571756e-05,2.976494033646304e-05,3.5318029404152185e-05,3.296733848401345e-05,2.8404883778421208e-05
2006-03-10,0.000449564860900864,0.0004669869667850435,0.00046398170525208116,0.0004614035424310714,0.00047600932884961367,0.00048128352500498295
2006-03-11,0.00017636723350733519,0.0002013885969063267,0.0002158843126380816,0.00014922740228939801,0.00017211772501468658,0.00019161765521857888
2006-03-12,0.0,0.0,0.0,0.0,0.0,0.0
2006-03-13,0.0,0.0,0.0,0.0,0.0,0.0
2006-03-14,0.00010341792221879587,0.0001084268806152977,0.00011126834579044953,8.055507350945845e-05,8.226439967984334e-05,8.374582102987915e-05
2006-03-15,5.858873555553146e-05,6.184283847687766e-05,6.58377684885636e-05,5.285081351757981e-05,5.3520176152233034e-05,5.5583299399586394e-05
2006-03-16,1.7685108105069958e-05,1.5682489902246743e-05,1.3362258869165089e-05,1.558887743158266e-05,1.4143121006782167e-05,1.2989684364583809e-05
2006-03-17,0.0,1.5291054467070353e-07,4.7546134851472743e-07,0.0,1.0023405394576912e-07,3.103541814652999e-07
2006-03-18,3.851846122415736e-05,3.981739064329304e-05,4.084466127096675e-05,3.8835987652419135e-05,3.969422323280014e-05,4.091708979103714e-05
2006-03-19,0.0001170022296719253,0.00011488149903016165,0.00010816402937052771,0.00011509939940879121,0.00011155480751767755,0.00010428488167235628
2006-03-20,0.0002962110738735646,0.000332813011482358,0.00036181346513330936,0.000301601889077574,0.0003349755425006151,0.00036502585862763226
2006-03-21,0.0,0.0,0.0,0.0,0.0,0.0
2006-03-22,0.00013107892300467938,0.00013924657832831144,0.00014396512415260077,0.00014669090160168707,0.00015421336865983903,0.00015845093003008515
2006-03-23,6.620561634917976e-06,7.270995865837904e-06,6.737432613590499e-06,8.226358659157995e-06,9.349275387648959e-06,9.466880328545813e-06
2006-03-24,4.546286800177768e-05,4.9518654122948647e-05,5.346264151739888e-05,4.743937461171299e-05,5.0456579629098997e-05,5.380856600822881e-05
2006-03-25,2.422007582936203e-06,2.6752688881970244e-06,2.4080889033939457e-06,5.626809979730751e-06,6.113121798989596e-06,5.47958097740775e-06
2006-03-26,4.3411469960119575e-05,4.3337106035323814e-05,4.227622048347257e-05,4.506963159656152e-05,4.41429547208827e-05,4.294730388210155e-05
2006-03-27,0.00020743957429658622,0.00021944649051874876,0.0002243987692054361,0.0002021774707827717,0.00021329485753085464,0.00022120513312984258
2006-03-28,1.0945295514375175e-07,1.1570100610924783e-07,9.314553039985185e-08,2.542028880725411e-07,2.6440591227583354e-07,2.11972107422298e-07
2006-03-29,0.0,0.0,0.0,0.0,0.0,0.0
2006-03-30,4.839916437049396e-05,5.4060677939560264e-05,5.687675002263859e-05,3.911805106326938e-05,4.380446262075566e-05,4.7423396608792245e-05
2006-03-31,4.722016092273407e-05,4.612380871549249e-05,4.461544085643254e-05,6.175849557621405e-05,5.8898313000099733e-05,5.5680142395431176e-05
2006-04-01,0.00016710706404410303,0.00016532860172446817,0.00016372979735024273,0.00018222587823402137,0.00018115906277671456,0.000179966795258224
2006-04-02,0.0,0.0,0.0,0.0,0.0,0.0
2006-04-03,0.0,0.0,0.0,0.0,0.0,0.0
2006-04-04,1.1252118525817423e-07,1.3990081981773983e-07,1.6191083318517485e-07,2.6120125085071777e-07,3.198474303189869e-07,3.6863457353319973e-07
2006-04-05,0.0,0.0,0.0,0.0,0.0,0.0
2006-04-06,0.0001322286989307031,0.0001488258712925017,0.00016707710165064782,0.0001507126580690965,0.00016434237477369606,0.00017941626720130444
2006-04-07,3.54712683474645e-05,3.1734947697259486e-05,2.8726813980028965e-05,4.745841579278931e-05,4.294647078495473e-05,3.9718874177196994e-05
2006-04-08,0.00010937932529486716,0.00011446096323197708,0.00011638537398539484,0.00013605743879452348,0.00014005870616529137,0.00014371211000252515
2006-04-09,3.853949237964116e-06,3.4627364584594034e-06,3.355896751600085e-06,4.831790192838525e-06,4.617350896296557e-06,4.829591489396989e-06
2006-04-10,0.00015280424850061536,0.00014742944040335715,0.00013916389434598386,0.00014504973660223186,0.00013728735211770982,0.00012819780386053026
2006-04-11,0.00013428762031253427,0.00015331692702602595,0.000176364672370255,0.00018317298963665962,0.0002040449617197737,0.00023084752319846302
2006-04-12,2.0476350925946463e-07,2.1420643747660506e-07,1.71850260244355e-07,1.3633422213388258e-07,1.406181695529085e-07,1.1235898966788227e-07
2006-04-13,0.0,0.0,0.0,0.0,0.0,0.0
2006-04-14,4.0254395571537316e-05,3.8394358853111044e-05,3.580540214898065e-05,2.7753121685236692e-05,2.5582232410670258e-05,2.3746024453430437e-05
2006-04-15,0.00014039043162483722,0.00015147538215387613,0.00016414733545389026,0.00013847180525772274,0.0001473519514547661,0.00015654526941943914
2006-04-16,0.0,0.0,0.0,0.0,0.0,0.0
2006-04-17,0.00012191984569653869,0.0001268375344807282,0.00013149305596016347,9.046337800100446e-05,9.367825259687379e-05,9.728792792884633e-05
2006-04-18,0.0,0.0,0.0,0.0,0.0,0.0
2006-04-19,0.0,0.0,0.0,0.0,0.0,0.0
2006-04-20,0.0,0.0,0.0,0.0,0.0,0.0
2006-04-21,0.0,0.0,0.0,0.0,0.0,0.0
2006-04-22,0.0,0.0,0.0,0.0,0.0,0.0
2006-04-23,0.0,0.0,0.0,0.0,0.0,0.0
2006-04-24,0.0001070626312866807,9.849699563346803e-05,8.51402583066374e-05,0.00010651682532625273,9.880787547444925e-05,8.598035492468625e-05
2006-04-25,0.00031025672797113657,0.00032975681824609637,0.0003132085839752108,0.0003258089709561318,0.00034234419581480324,0.000322763022268191
2006-04-26,7.621692930115387e-05,9.050654625752941e-05,0.00010110242874361575,9.04655535123311e-05,0.00010514276073081419,0.00011711584375007078
2006-04-27,0.0,0.0,0.0,0.0,0.0,0.0
2006-04-28,0.0,0.0,0.0,0.0,0.0,0.0
2006-04-29,0.0,0.0,0.0,0.0,0.0,0.0
2006-04-30,0.0,0.0,0.0,0.0,0.0,0.0
2006-05-01,5.9118807257618755e-05,5.8779514802154154e-05,5.686598888132721e-05,6.021100125508383e-05,6.014562677592039e-05,5.912388223805465e-05
2006-05-02,7.83580617280677e-07,1.9685389816004317e-06,4.200871444481891e-06,5.222648837843735e-07,1.2980004839846515e-06,2.7616097213467583e-06
2006-05-03,0.0,0.0,0.0,0.0,0.0,0.0
2006-05-04,0.0,0.0,0.0,0.0,0.0,0.0
2006-05-05,0.0,0.0,0.0,0.0,0.0,0.0
2006-05-06,0.0,0.0,0.0,0.0,0.0,0.0
2006-05-07,0.0,0.0,0.0,0.0,0.0,0.0
2006-05-08,0.0,0.0,0.0,0.0,0.0,0.0
2006-05-09,2.3774359760864172e-06,2.311901880602818e-06,2.2664071366307326e-06,3.5184245916752843e-06,3.0084320314927027e-06,2.7702938041329617e-06
2006-05-10,7.401753828162327e-05,7.34902496333234e-05,7.239995466079563e-05,7.965178519953042e-05,7.836523582227528e-05,7.737299893051386e-05
2006-05-11,0.000269297364866361,0.00027582209440879524,0.000275773840257898,0.0002672561095096171,0.0002743310178630054,0.00027835616492666304
2006-05-12,0.0,0.0,0.0,0.0,0.0,0.0
2006-05-13,0.0,0.0,0.0,0.0,0.0,0.0
2006-05-14,0.00023439835058525205,0.00023988979228306562,0.00023921880347188562,0.00025759192067198455,0.0002622247557155788,0.00026197783881798387
2006-05-15,0.0,0.0,0.0,0.0,0.0,0.0
2006-05-16,4.982211976312101e-06,2.3368838810711168e-06,1.8459669490766828e-06,3.3246062685066136e-06,1.5473658550035907e-06,1.220309400196129e-06
2006-05-17,9.065360063686967e-05,8.846288255881518e-05,8.514212822774425e-05,0.0001045364624587819,0.00010207216837443411,9.694748587207869e-05
2006-05-18,7.947636186145246e-05,8.149012865033001e-05,8.659646118758246e-05,8.716735464986414e-05,8.74373727128841e-05,8.809933206066489e-05
2006-05-19,0.0,0.0,0.0,0.0,0.0,0.0
2006-05-20,0.0,0.0,0.0,0.0,0.0,0.0
2006-05-21,1.8485137616153224e-06,4.3852969611180015e-07,3.4564035900075396e-07,1.4103479770710692e-06,2.908039391513739e-07,2.289600615767995e-07
2006-05-22,0.0001830004621297121,0.00017923487757798284,0.00016753455565776676,0.00018674141028895974,0.00018266749975737184,0.00017259510059375316
2006-05-23,0.0,0.0,0.0,0.0,0.0,0.0
2006-05-24,0.0,0.0,0.0,0.0,0.0,0.0
2006-05-25,5.60041589778848e-05,5.7486420701025054e-05,5.7007324357982725e-05,5.3415085858432576e-05,5.316075112204999e-05,5.16008076374419e-05
2006-05-26,4.607103983289562e-05,4.366440771264024e-05,3.9677157474216074e-05,3.6937446566298604e-05,3.516535070957616e-05,3.1724066502647474e-05
2006-05-27,0.0,0.0,0.0,0.0,0.0,0.0
2006-05-28,0.0,0.0,0.0,0.0,0.0,0.0
2006-05-29,5.856328698428115e-06,0.0,0.0,5.286918622005032e-06,0.0,0.0
2006-05-30,2.18288078031037e-05,2.047196903731674e-05,2.0565426893881522e-05,2.1225174350547604e-05,2.0039160517626442e-05,2.230462632724084e-05
2006-05-31,4.781044481205754e-06,3.952600764023373e-06,3.1388397019327385e-06,7.88574106991291e-06,6.39527343082591e-06,5.102616341901012e-06
2006-06-01,0.0,0.0,0.0,0.0,0.0,0.0
2006-06-02,2.4126049424921803e-07,1.1311382195344777e-06,2.9604480005218647e-06,5.616981866296555e-07,1.5252495586537407e-06,3.541510977811413e-06
2006-06-03,1.0968637980113272e-05,1.618866008357145e-05,2.512325590942055e-05,1.4449055925069842e-05,1.8738563085207716e-05,2.4781524189165793e-05
2006-06-04,4.234551852277946e-06,1.9287292616354534e-06,5.08213679495384e-06,2.868733645300381e-06,1.2842813248425955e-06,3.3858598271763185e-06
2006-06-05,7.387824007309973e-05,6.942006439203396e-05,6.14907403360121e-05,7.406439544865862e-05,7.006338273640722e-05,6.33269883110188e-05
2006-06-06,0.00017701198521535844,0.00017920199024956673,0.00017179908172693104,0.00016256423259619623,0.00016490629059262574,0.00016006178339011967
2006-06-07,7.087321864673868e-05,7.315760740311816e-05,7.057879702188075e-05,6.204993405845016e-05,6.39026693534106e-05,6.091416071285494e-05
2006-06-08,0.00010079463390866295,0.00010571576422080398,0.0001027606995194219,7.746458140900359e-05,8.254354179371148e-05,8.201750461012125e-05
2006-06-09,4.626859663403593e-06,4.014466412627371e-06,3.824755822279258e-06,1.01723380794283e-05,9.236432561010588e-06,8.633831384941004e-06
2006-06-10,0.0,0.0,0.0,0.0,0.0,0.0
2006-06-11,0.0,0.0,0.0,0.0,0.0,0.0
2006-06-12,0.00013172425678931177,0.00013810042582917958,0.00013969995779916644,0.00012403447180986404,0.000130590982735157,0.0001332795072812587
2006-06-13,0.0,5.485190399667772e-07,1.6591848179814406e-06,0.0,7.415915774799942e-07,2.245949417556403e-06
2006-06-14,0.0,0.0,0.0,0.0,0.0,0.0
2006-06-15,0.0,0.0,0.0,0.0,0.0,0.0
2006-06-16,3.7322831758501707e-06,5.0382759582134895e-06,6.663037765974877e-06,8.68812367116334e-06,1.1705982615239918e-05,1.5503175745834596e-05
2006-06-17,0.0001463072985643521,0.00014949936303310096,0.00015070510562509298,0.00014713934797327965,0.00014995872334111482,0.0001499598874943331
2006-06-18,0.00011090457701357082,0.00011972729407716542,0.00013277368270792067,0.00011435111809987575,0.00012006534961983562,0.00012869837519247085
2006-06-19,3.5786354146694066e-06,1.0178009688388556e-05,2.256794505228754e-05,2.389372639299836e-06,6.78466403769562e-06,1.5068070752022322e-05
2006-06-20,0.0,0.0,0.0,0.0,0.0,0.0
2006-06-21,0.0,0.0,0.0,0.0,0.0,0.0
2006-06-22,0.0,0.0,0.0,0.0,0.0,0.0
2006-06-23,9.146592492470518e-05,9.320337267126888e-05,9.26586362766102e-05,9.051137749338523e-05,9.25580898183398e-05,9.20536695048213e-05
2006-06-24,0.0,0.0,0.0,0.0,0.0,0.0
2006-06-25,0.0,0.0,0.0,0.0,0.0,0.0
2006-06-26,0.0,0.0,0.0,0.0,0.0,0.0
2006-06-27,1.3202885895680083e-07,3.46059550793143e-06,1.0490039130672812e-05,3.0710427267877094e-07,2.306332817170187e-06,7.0046949076640885e-06
2006-06-28,0.00011075819202233106,0.00010875043517444283,0.00010165098501602188,0.00011355161404935643,0.00011270274262642488,0.00010845866199815646
2006-06-29,0.0001326141064055264,0.00013581443636212498,0.00014078976528253406,0.00013355155533645302,0.0001378586166538298,0.00014278979506343603
2006-06-30,0.0,0.0,0.0,0.0,0.0,0.0
2006-07-01,0.0,0.0,0.0,0.0,0.0,0.0
2006-07-02,0.0,0.0,0.0,0.0,0.0,0.0
2006-07-03,0.0,0.0,0.0,0.0,0.0,0.0
2006-07-04,9.299052180722356e-05,8.36816689115949e-05,6.732134352205321e-05,9.7257798188366e-05,8.795547182671726e-05,7.268322951858863e-05
2006-07-05,5.300526390783489e-05,5.164663161849603e-05,5.0815091526601464e-05,4.725177132058889e-05,5.063063508714549e-05,6.120657781139016e-05
2006-07-06,7.62349518481642e-05,6.898397987242788e-05,5.537025208468549e-05,5.2534454880515113e-05,4.5916560338810086e-05,3.693004691740498e-05
2006-07-07,1.203421470563626e-05,1.4644278962805402e-05,1.824712126108352e-05,2.7958520149695687e-05,3.1275467335944995e-05,3.419546555960551e-05
2006-07-08,1.4195462426869199e-05,1.459213308407925e-05,1.5569899915135466e-05,2.3990278350538574e-05,2.4742210371186957e-05,2.3832566512282938e-05
2006-07-09,0.0,0.0,0.0,0.0,0.0,0.0
2006-07-10,2.3684289772063494e-05,2.6485740818316117e-05,2.6315781724406406e-05,2.3397529730573297e-05,2.6530693503445946e-05,2.7014955776394345e-05
2006-07-11,0.0,0.0,0.0,0.0,0.0,0.0
2006-07-12,0.0,0.0,0.0,0.0,0.0,0.0
2006-07-13,7.600671779073309e-06,6.595726063096663e-06,5.32777721673483e-06,1.5773997802170925e-05,1.4160024875309318e-05,1.1478783562779427e-05
2006-07-14,0.00014405211550183594,0.00014744384679943323,0.00014728758833371103,0.00015041582810226828,0.00015404461009893566,0.00015632360009476542
2006-07-15,0.000121533521451056,0.00012668620911426842,0.0001294246903853491,0.00011379307397874072,0.00011852067109430209,0.00012163599603809416
2006-07-16,0.00019720026466529816,0.0002078227698802948,0.0002185722696594894,0.00019724128651432693,0.00020767611567862332,0.0002182860771426931
2006-07-17,0.00021245448442641646,0.00023133851937018335,0.0002475604705978185,0.0001606503064977005,0.00017786206444725394,0.00019521877402439713
2006-07-18,0.00012156073353253305,0.00013886590022593737,0.00015629474364686757,0.00010797745198942721,0.0001234749361174181,0.00014056038344278932
2006-07-19,8.047918527154252e-05,8.054936915868893e-05,7.724783790763468e-05,8.557971159461886e-05,8.720246842131019e-05,8.662560139782727e-05
2006-07-20,1.341853476333199e-05,1.3014797332289163e-05,1.2816472917620558e-05,2.7458983822725713e-05,2.7737014534068294e-05,2.780949762382079e-05
2006-07-21,6.247877172427252e-05,5.8495494158705696e-05,4.927859845338389e-05,6.841280264779925e-05,6.534800195368007e-05,5.807778870803304e-05
2006-07-22,0.0,0.0,0.0,0.0,0.0,0.0
2006-07-23,9.179102278267237e-08,0.0,0.0,6.101399208091607e-08,0.0,0.0
2006-07-24,6.253089668462053e-05,5.62715285923332e-05,4.8175978008657694e-05,8.420973608735949e-05,7.792332326062024e-05,6.998795288382098e-05
2006-07-25,0.00013092363951727748,0.0001248009648406878,0.00011285564687568694,0.00014316012675408274,0.00013892038259655237,0.00013011151168029755
2006-07-26,7.514843309763819e-05,7.389554957626387e-05,6.808144098613411e-05,7.66721714171581e-05,7.537908822996542e-05,7.062446093186736e-05
2006-07-27,0.00010989106522174552,0.00011397878552088514,0.00011658878793241456,0.00010711551294662058,0.00010979420767398551,0.00011246593203395605
2006-07-28,0.0001200931437779218,0.00012553685519378632,0.00012789497850462794,0.00011337323667248711,0.00011673517292365432,0.00011826651461888105
2006-07-29,4.2672974814195186e-05,5.2866605983581394e-05,6.188776023918763e-05,3.9192855183500797e-05,4.747320053866133e-05,5.422082176664844e-05
2006-07-30,3.4730896913970355e-06,3.563059635780519e-06,3.006146243933472e-06,8.037720363063272e-06,8.20906279841438e-06,6.933843906153925e-06
2006-07-31,8.40924185467884e-05,8.74299366842024e-05,8.835615153657272e-05,8.164517930708826e-05,8.395313489018008e-05,8.381656516576186e-05
2006-08-01,0.00014462225954048336,0.00014890583406668156,0.00014407603885047138,0.00013793431571684778,0.00014028533769305795,0.00013428949750959873
2006-08-02,7.66296943766065e-05,9.458098793402314e-05,0.00011193625687155873,7.637673115823418e-05,9.320693061454222e-05,0.0001107316929847002
2006-08-03,0.0,0.0,0.0,0.0,0.0,0.0
2006-08-04,0.0,0.0,0.0,0.0,0.0,0.0
2006-08-05,0.0,0.0,0.0,0.0,0.0,0.0
2006-08-06,2.2464748781203525e-06,0.0,0.0,3.1642316571378615e-06,0.0,0.0
2006-08-07,4.351743427832844e-06,1.994101467062137e-06,1.5939158402034082e-06,6.092724561312934e-06,4.5833321564714424e-06,3.6657395412476035e-06
2006-08-08,3.149506665067747e-05,3.084459967794828e-05,2.7192387278773822e-05,3.070339880650863e-05,2.8901647965540178e-05,2.643132938828785e-05
2006-08-09,7.722219015704468e-05,7.647443271707743e-05,6.716614734614268e-05,7.832521805539727e-05,7.766812632326037e-05,6.913714605616406e-05
2006-08-10,0.0,0.0,0.0,0.0,0.0,0.0
2006-08-11,1.652713581279386e-05,1.8490807633497752e-05,1.88132471521385e-05,2.2586895283893682e-05,2.4786761059658602e-05,2.5534543965477496e-05
2006-08-12,0.0,0.0,0.0,0.0,0.0,0.0
2006-08-13,0.00031824386678636074,0.0003272707399446517,0.0003318904200568795,0.00028946035308763385,0.0002969659981317818,0.000302076805382967
2006-08-14,8.897869520296808e-06,1.80139559233794e-05,3.443668538238853e-05,1.6818876247270964e-05,2.830063567671459e-05,4.760221781907603e-05
2006-08-15,2.444948404445313e-05,2.1990268578520045e-05,2.0957260858267546e-05,3.3764496038202196e-05,3.2653872040100396e-05,3.2285821362165734e-05
2006-08-16,0.00010880029003601521,0.00011218185682082549,0.00010999671940226108,0.00011521309352247044,0.00011781745706684887,0.00011596969852689654
2006-08-17,2.4442186258966103e-05,2.3479080482502468e-05,2.1925801775068976e-05,3.955059946747497e-05,3.890285370289348e-05,3.7993544538039714e-05
2006-08-18,0.0,0.0,0.0,0.0,0.0,0.0
2006-08-19,0.0,0.0,0.0,0.0,0.0,0.0
2006-08-20,0.00013638696691486984,0.00014103495050221682,0.0001434803707525134,0.00012453283125068992,0.00012790919572580606,0.00013101514196023345
2006-08-21,0.0,0.0,0.0,0.0,0.0,0.0
2006-08-22,0.0,0.0,0.0,0.0,0.0,0.0
2006-08-23,0.0,0.0,0.0,0.0,0.0,0.0
2006-08-24,2.282538844156079e-05,2.6234940378344618e-05,2.9526943762903102e-05,1.6011739717214368e-05,1.8070255464408547e-05,2.0419927750481293e-05
2006-08-25,0.0,0.0,0.0,0.0,0.0,0.0
2006-08-26,0.0,0.0,0.0,0.0,0.0,0.0
2006-08-27,0.0,0.0,0.0,0.0,0.0,0.0
2006-08-28,0.0,0.0,0.0,0.0,0.0,0.0
2006-08-29,0.0,0.0,0.0,0.0,0.0,0.0
2006-08-30,2.8677419322775677e-05,2.8387734346324578e-05,2.8385686164256185e-05,5.22070586157497e-05,5.201890235184692e-05,5.146969488123432e-05
2006-08-31,2.99198418360902e-05,3.294970883871429e-05,3.7102352507645264e-05,2.2405927666113712e-05,2.5274555810028687e-05,2.9373450161074288e-05
2006-09-01,0.0,0.0,0.0,0.0,0.0,0.0
2006-09-02,8.458045158477034e-06,1.1033323971787468e-05,1.3915218005422503e-05,1.9534309103619307e-05,2.444528763589915e-05,2.9228975108708255e-05
2006-09-03,2.4860792109393515e-05,3.467972783255391e-05,4.9481517635285854e-05,5.742270514019765e-05,6.974165444262326e-05,8.315369632327929e-05
2006-09-04,7.124565308913589e-05,7.973689207574353e-05,7.8359451435972e-05,9.761656110640615e-05,0.00010566243145149201,9.951233369065449e-05
2006-09-05,0.0,0.0,0.0,0.0,0.0,0.0
2006-09-06,6.448291969718412e-05,6.418079283321276e-05,6.081473475205712e-05,6.934222619747743e-05,6.946580106159672e-05,6.687214772682637e-05
2006-09-07,3.151591226924211e-05,3.046349411306437e-05,2.6455672923475504e-05,3.333274435135536e-05,3.2941417885012925e-05,3.0038787372177467e-05
2006-09-08,0.00012638392217922956,0.00011123307194793597,8.924310532165691e-05,0.00010937616025330499,9.399678674526513e-05,7.52024061512202e-05
2006-09-09,0.0,0.0,0.0,0.0,0.0,0.0
2006-09-10,0.0,0.0,0.0,0.0,0.0,0.0
2006-09-11,8.726509986445308e-05,9.299183147959411e-05,9.649090497987345e-05,9.680763469077647e-05,0.00010105083492817357,0.0001032874351949431
2006-09-12,9.555356518831104e-05,8.113861258607358e-05,6.547808152390644e-05,6.746449798811227e-05,5.3454929002327845e-05,4.304376489017159e-05
2006-09-13,1.3902472062454763e-07,0.0,0.0,1.042721962107862e-07,0.0,0.0
2006-09-14,2.1528381921598339e-07,0.0,0.0,4.980693688594329e-07,0.0,0.0
2006-09-15,0.0,7.945365609884902e-08,2.4440510060230736e-07,0.0,5.237654221446064e-08,1.6072540631739685e-07
2006-09-16,3.930671482521575e-06,0.0,0.0,2.6097702630067943e-06,0.0,0.0
2006-09-17,0.00024453760124742985,0.0002467018784955144,0.00025500907213427126,0.0002852256875485182,0.00028053642017766833,0.000284454261418432
2006-09-18,1.8305327103007585e-05,1.5641180652892217e-05,1.701190740277525e-05,1.3317048797034658e-05,1.1530323718034197e-05,1.2198133845231496e-05
2006-09-19,5.7046738220378757e-05,6.0559756093425676e-05,6.355384539347142e-05,5.5757460359018296e-05,5.8431149227544665e-05,6.111462425906211e-05
2006-09-20,0.0002964810119010508,0.00030208539101295173,0.0002996072289533913,0.0003128567186649889,0.0003171029093209654,0.00031359936110675335
2006-09-21,0.0003365679003763944,0.0003785134176723659,0.0004202778509352356,0.0002923524589277804,0.00032713270047679543,0.0003629382699728012
2006-09-22,0.0,0.0,0.0,0.0,0.0,0.0
2006-09-23,0.0,0.0,0.0,0.0,0.0,0.0
2006-09-24,0.0,0.0,0.0,0.0,0.0,0.0
2006-09-25,0.0,0.0,0.0,0.0,0.0,0.0
2006-09-26,6.069030860089697e-07,0.0,0.0,1.4080587789067067e-06,0.0,0.0
2006-09-27,6.539353489642963e-05,6.546741497004405e-05,6.340334948617965e-05,7.223693683044985e-05,7.069631101330742e-05,6.764146382920444e-05
2006-09-28,4.325691406847909e-05,4.1310671804239973e-05,3.673760875244625e-05,4.950745278620161e-05,4.7506320697721094e-05,4.3108775571454316e-05
2006-09-29,0.0,0.0,0.0,0.0,0.0,0.0
2006-09-30,5.594097274297383e-07,0.0,0.0,3.7272081954142777e-07,0.0,0.0
2006-10-01,2.851085696420341e-07,1.1260264898282912e-07,8.949034935312739e-08,3.7005665376455e-07,2.596433148482902e-07,2.0559836855227331e-07
2006-10-02,3.9404010749422014e-05,3.6835044738836586e-05,3.700278830365278e-05,3.602582000894472e-05,3.269992157584056e-05,3.2985437428578734e-05
2006-10-03,1.0871209497054224e-06,1.066738377630827e-06,1.6716452364562429e-06,1.2433679330570158e-06,7.058642950141802e-07,1.1019407111234614e-06
2006-10-04,1.2467909073166084e-05,1.4995339370216243e-05,1.710233664198313e-05,9.23194511415204e-06,1.1115308552689385e-05,1.2817440619983245e-05
2006-10-05,0.00016875752771738917,0.00017029033915605396,0.00016226869774982333,0.0001619239483261481,0.00016216521908063442,0.00015430852363351732
2006-10-06,1.933447492774576e-05,2.816358937707264e-05,4.0845021430868655e-05,1.2903547940368298e-05,2.0113397113163956e-05,3.141341949230991e-05
2006-10-07,0.0,0.0,0.0,0.0,0.0,0.0
2006-10-08,1.3317360753717367e-05,1.0049568118120078e-05,1.1394551620469429e-05,1.6237223462667316e-05,1.1890534551639576e-05,1.23185864140396e-05
2006-10-09,5.710667392122559e-05,5.795217293780297e-05,6.040575681254268e-05,5.902397242607549e-05,5.919183968217112e-05,5.9951893490506336e-05
2006-10-10,6.029008545738179e-06,4.79005575471092e-06,4.247114702593535e-06,8.168753083737101e-06,6.8683857534779236e-06,6.289143584581325e-06
2006-10-11,0.0,0.0,0.0,0.0,0.0,0.0
2006-10-12,0.0,0.0,0.0,0.0,0.0,0.0
2006-10-13,0.0,0.0,0.0,0.0,0.0,0.0
2006-10-14,0.0,0.0,0.0,0.0,0.0,0.0
2006-10-15,0.0,0.0,0.0,0.0,0.0,0.0
2006-10-16,3.194134023942752e-07,1.7948072184026387e-07,5.498127961800492e-07,7.45018382986018e-07,1.3516066132979176e-07,4.121167194170994e-07
2006-10-17,7.096900844771881e-06,5.644337761623319e-06,4.623657787306001e-06,1.5025482753117103e-05,1.3035189112997614e-05,1.0627663868945092e-05
2006-10-18,0.0,0.0,0.0,0.0,0.0,0.0
2006-10-19,0.0,0.0,0.0,0.0,0.0,0.0
2006-10-20,0.0,0.0,0.0,0.0,0.0,0.0
2006-10-21,0.0,0.0,0.0,0.0,0.0,0.0
2006-10-22,0.0,0.0,0.0,0.0,0.0,0.0
2006-10-23,0.0,0.0,0.0,0.0,0.0,0.0
2006-10-24,2.7037456220568856e-06,1.918937641676166e-06,1.8949356217490276e-06,3.7642316783603746e-06,3.0774788228882244e-06,3.2824475511006312e-06
2006-10-25,2.1023743101977743e-05,1.9560653527150862e-05,1.7056379874702543e-05,2.6570132831693627e-05,2.5301331334048882e-05,2.332176882191561e-05
2006-10-26,0.0,0.0,0.0,0.0,0.0,0.0
2006-10-27,0.0,0.0,0.0,0.0,0.0,0.0
2006-10-28,0.0,0.0,0.0,0.0,0.0,0.0
2006-10-29,0.0,0.0,0.0,0.0,0.0,0.0
2006-10-30,0.0,0.0,0.0,0.0,0.0,0.0
2006-10-31,0.0,0.0,0.0,0.0,0.0,0.0
2006-11-01,2.686842708499171e-05,2.193098589486908e-05,1.8655828171176836e-05,2.0630244762287475e-05,1.5973777408362366e-05,1.3436674635158852e-05
2006-11-02,0.00013843306805938482,0.00018581509357318282,0.0002562369336374104,0.0001366248179692775,0.0001775407581590116,0.00023833451268728822
2006-11-03,2.9604079827549867e-05,3.2469914003740996e-05,3.0547729693353176e-05,4.8107714974321425e-05,5.318429975886829e-05,5.285653969622217e-05
2006-11-04,1.8906352124758996e-05,2.0132840290898457e-05,1.9234870705986395e-05,2.8264394131838344e-05,2.953956754936371e-05,2.9385642847046256e-05
2006-11-05,2.351998773519881e-06,2.7759895147028146e-06,4.796589564648457e-06,4.844841896556318e-06,4.864842139795655e-06,6.3098482314671855e-06
2006-11-06,3.2829902352204954e-07,1.6917843481678574e-07,1.4432029615818465e-07,4.848017738368071e-07,3.8952461522967496e-07,3.3048087288989336e-07
2006-11-07,2.32388828180774e-08,0.0,0.0,5.434648286950505e-08,0.0,0.0
2006-11-08,0.0,0.0,0.0,0.0,0.0,0.0
2006-11-09,2.2853173504699953e-05,2.551257966842968e-05,3.787790410569869e-05,1.9127384803141467e-05,2.2617912691202946e-05,3.430321885389276e-05
2006-11-10,6.097266305005178e-05,7.814278069417924e-05,9.78919051703997e-05,5.1440038077998906e-05,6.521199975395575e-05,8.170114597305655e-05
2006-11-11,0.0,0.0,0.0,0.0,0.0,0.0
2006-11-12,0.0,0.0,0.0,0.0,0.0,0.0
2006-11-13,0.0,0.0,0.0,0.0,0.0,0.0
2006-11-14,0.0,0.0,0.0,0.0,0.0,0.0
2006-11-15,1.6106947668959037e-06,1.594595005371957e-06,1.480861214986362e-06,3.7655756841559196e-06,3.6622368497774005e-06,3.3823100693552988e-06
2006-11-16,0.00017553083307575434,0.00017453805776312947,0.00016950786812230945,0.00017069675959646702,0.00016665748262312263,0.00016055958985816687
2006-11-17,0.0001190920957014896,0.00013180889072827995,0.00014149057096801698,0.0001274805108550936,0.00013831771502736956,0.0001472750591346994
2006-11-18,0.0,0.0,0.0,0.0,0.0,0.0
2006-11-19,2.5619479856686667e-05,2.6611125576891936e-05,2.7905469323741272e-05,2.4169165044440888e-05,2.4505890905857086e-05,2.552842124714516e-05
2006-11-20,8.317172159877373e-07,8.137390636875352e-07,7.673764912397019e-07,1.9435747162788175e-06,1.8662265119928634e-06,1.7502404716651654e-06
2006-11-21,0.0,0.0,0.0,0.0,0.0,0.0
2006-11-22,1.0555316976024187e-06,5.87155682296725e-07,4.7120099111452873e-07,2.0027687241963577e-06,1.3458451348924427e-06,1.074146439350443e-06
2006-11-23,0.0,0.0,0.0,0.0,0.0,0.0
2006-11-24,0.0,0.0,0.0,0.0,0.0,0.0
2006-11-25,0.0001650455960771069,0.00016744443564675748,0.00016644383140373975,0.00019849880482070148,0.0001994762133108452,0.00019783611060120165
2006-11-26,3.4154470540670445e-07,7.389804181912041e-07,1.4674245676360442e-06,7.975923494996096e-07,1.6921035239647608e-06,3.3417841223126743e-06
2006-11-27,0.0,0.0,0.0,0.0,0.0,0.0
2006-11-28,2.1756351998192258e-05,2.1289848518790677e-05,1.941466507560108e-05,1.5226873074425384e-05,1.4658397958555724e-05,1.3430529179458972e-05
2006-11-29,3.624216333264485e-05,4.1034047171706334e-05,4.456558235688135e-05,2.470285471645184e-05,2.810746264003683e-05,3.169414048898034e-05
2006-11-30,0.000229511279030703,0.0002457119117025286,0.00025911256670951843,0.00024125498021021485,0.0002539365377742797,0.00026729132514446974
2006-12-01,0.0,4.3617475853352516e-08,1.3542049259740452e-07,0.0,2.8618137193348048e-08,8.837118770088637e-08
2006-12-02,9.182495546156133e-07,1.8017666434388957e-06,3.7783038351335563e-06,1.6976139249891276e-06,2.0598845367203467e-06,3.2796626783238025e-06
2006-12-03,2.588939196357387e-06,1.736037575028604e-06,1.4032402759767137e-06,5.034220976085635e-06,3.969041244999971e-06,3.190875531799975e-06
2006-12-04,1.684271774138324e-05,1.7414882677257992e-05,1.8544515114626847e-05,1.623286516405642e-05,1.641847484279424e-05,1.7535850929562002e-05
2006-12-05,9.896763913275208e-06,9.018400305649266e-06,7.715296305832453e-06,1.5980662283254787e-05,1.4529230611515231e-05,1.2662993867706973e-05
2006-12-06,0.0,0.0,0.0,0.0,0.0,0.0
2006-12-07,0.0,0.0,0.0,0.0,0.0,0.0
2006-12-08,0.0,0.0,0.0,0.0,0.0,0.0
2006-12-09,5.911005587222462e-07,0.0,0.0,7.852998464841221e-07,0.0,0.0
2006-12-10,0.0003551472327671945,0.00037716206861659884,0.0003803735307883471,0.0003273395705036819,0.00034543476067483425,0.0003556732553988695
2006-12-11,1.039972630678676e-05,1.5299148799385875e-05,2.2866064682602882e-05,8.864478331815917e-06,1.2997324120078702e-05,1.9585504560382105e-05
2006-12-12,0.0,0.0,0.0,0.0,0.0,0.0
2006-12-13,0.00014428418944589794,0.00014522692072205245,0.00013880571350455284,0.00014564834418706596,0.0001442204520571977,0.00013812216639053077
2006-12-14,6.316789949778467e-05,6.884519098093733e-05,7.263893348863348e-05,6.086654320824891e-05,6.487634527729824e-05,6.82634927215986e-05
2006-12-15,0.0,0.0,0.0,0.0,0.0,0.0
2006-12-16,1.2871557373728137e-05,1.4473839655693155e-05,1.6287962353089824e-05,1.0064331036119256e-05,1.1579236343095545e-05,1.365780826745322e-05
2006-12-17,3.3894846751536534e-07,7.653991929146287e-07,1.8389830529486062e-06,7.899074603301415e-07,8.869361067809223e-07,1.5076964245963609e-06
2006-12-18,0.0,0.0,0.0,0.0,0.0,0.0
2006-12-19,1.0001933333114721e-05,1.4795487913943361e-05,2.26901702262694e-05,6.9825855462113395e-06,1.0117812962562311e-05,1.5627794709871523e-05
2006-12-20,0.00016978359781205654,0.0002098434342769906,0.0002653931442182511,0.00014636266860179603,0.00017686137289274484,0.00022094840824138373
2006-12-21,0.0,0.0,0.0,0.0,0.0,0.0
2006-12-22,2.301004496985115e-05,2.3219043214339763e-05,2.2416439605876803e-05,1.816856092773378e-05,1.774724842107389e-05,1.6943862647167407e-05
2006-12-23,0.00012376457743812352,0.0001326424244325608,0.00014012288011144847,0.00013878293975722045,0.00014527099847327918,0.0001526633568573743
2006-12-24,4.667598204832757e-06,4.526275461103069e-06,4.250819074513856e-06,6.932223186595365e-06,7.049213309073821e-06,7.006763553363271e-06
2006-12-25,2.650892383826431e-06,2.840181196006597e-06,2.370327820244711e-06,1.964512648555683e-06,2.1086020751681644e-06,1.8584793224363239e-06
2006-12-26,2.3839725145080592e-06,0.0,0.0,1.7266261238546576e-06,0.0,0.0
2006-12-27,2.6030497224383e-07,0.0,0.0,1.860986742485693e-07,0.0,0.0
2006-12-28,0.0,0.0,0.0,0.0,0.0,0.0
2006-12-29,1.3408723134489264e-05,1.3438570931612048e-05,1.3217799278208986e-05,1.4630476471211296e-05,1.4245403690438252e-05,1.406374303769553e-05
2006-12-30,9.900808436213993e-06,9.707105164125096e-06,9.174493243335746e-06,1.048183548846282e-05,1.0019640285463538e-05,9.410248821950518e-06
2006-12-31,0.0,0.0,0.0,0.0,0.0,0.0
2007-01-01,2.6640518058229645e-07,2.384785773301701e-07,1.93310299323457e-07,6.209602361195721e-07,5.442606152428198e-07,4.3871199295608676e-07
2007-01-02,8.304143079840287e-07,2.0906445286072994e-07,1.694866114121396e-07,1.1347743793521659e-06,4.771597446051601e-07,3.8466137652903853e-07
2007-01-03,8.104908602035721e-07,2.2726980830611865e-07,1.842651471406498e-07,5.420235424935527e-07,1.4881082677220547e-07,1.1997431670351943e-07
2007-01-04,0.0,0.0,0.0,0.0,0.0,0.0
2007-01-05,1.4310837286757305e-05,1.502937448094599e-05,1.3724690688832197e-05,1.0659494364517741e-05,1.082664675777778e-05,9.732106263982132e-06
2007-01-06,0.00018797254597302526,0.00019972879090346396,0.0002091306960210204,0.0001805164647521451,0.00018624591757543385,0.00019253526988904923
2007-01-07,1.600291511749674e-06,6.520479587379668e-07,5.288508191370056e-07,2.5577819542377256e-06,1.488760972279124e-06,1.20061110919778e-06
2007-01-08,1.4112017197476234e-05,1.3853389646101277e-05,1.3112429769535083e-05,1.6769614376244135e-05,1.6405512724304572e-05,1.5725781850051135e-05
2007-01-09,4.3857335185748525e-06,3.843027116090525e-06,3.2496029689355055e-06,5.920893272559624e-06,5.288285137794446e-06,4.504846856434597e-06
2007-01-10,0.0,0.0,0.0,0.0,0.0,0.0
2007-01-11,0.0,0.0,0.0,0.0,0.0,0.0
2007-01-12,3.5701893921213923e-06,1.804862449716893e-06,1.4642275800724747e-06,3.184291927027516e-06,1.1826873560494278e-06,9.539573966321768e-07
2007-01-13,7.153408660087734e-05,7.867614476708695e-05,8.374355093110353e-05,8.245841308962554e-05,8.878091466613114e-05,9.356076043331996e-05
2007-01-14,3.762685764741036e-06,2.3839511413825676e-06,1.9341052848176332e-06,4.821933544008061e-06,3.303165613033343e-06,2.6644006538845133e-06
2007-01-15,0.00022519650519825518,0.00023889697331469506,0.00024253599985968322,0.00021428840409498662,0.0002225496427854523,0.00022564514074474573
2007-01-16,2.08060600925819e-06,2.086891527142143e-06,1.8932953480543802e-06,2.8940771699126344e-06,2.6460982098797103e-06,2.418635176582029e-06
2007-01-17,6.119135832705069e-06,8.04358751338441e-06,1.0218503120995592e-05,4.098963927390287e-06,5.27339489053702e-06,6.660500730504282e-06
2007-01-18,0.0,1.8057612294342107e-07,5.650670118484413e-07,0.0,1.1839776448141492e-07,3.683505553908617e-07
2007-01-19,0.0,0.0,0.0,0.0,0.0,0.0
2007-01-20,0.0,0.0,0.0,0.0,0.0,0.0
2007-01-21,0.0,0.0,0.0,0.0,0.0,0.0
2007-01-22,0.0,0.0,0.0,0.0,0.0,0.0
2007-01-23,0.0,0.0,0.0,0.0,0.0,0.0
2007-01-24,0.00024852558271959424,0.0002544892195146531,0.0002462020784150809,0.00025142906815744936,0.00025117333279922605,0.00023952870105858892
2007-01-25,3.8397847674787045e-05,5.4913041822146624e-05,7.81373746576719e-05,4.6275672502815723e-05,6.268069409998134e-05,8.56160040711984e-05
2007-01-26,8.959412980402703e-07,7.726044373157492e-07,6.813646109549154e-07,2.0943532490491634e-06,1.7671196701485314e-06,1.549502826492244e-06
2007-01-27,2.5367507987539284e-06,1.908566900965525e-06,1.582546587997058e-06,4.95079075335525e-06,4.118753167858813e-06,3.400179139134707e-06
2007-01-28,4.169949079368962e-07,4.4589592107513454e-07,3.6151729432276625e-07,9.749414857651573e-07,1.0200070619248436e-06,8.222785936595756e-07
2007-01-29,0.0,0.0,0.0,0.0,0.0,0.0
2007-01-30,9.354859109578229e-09,0.0,0.0,6.275219011087074e-09,0.0,0.0
2007-01-31,8.66655318532139e-05,8.535768574802205e-05,8.064925350481644e-05,8.04664523457177e-05,7.662997813895345e-05,7.158258085837588e-05
2007-02-01,2.5395753254997544e-05,2.608975046314299e-05,2.5899636966641992e-05,2.286569360876456e-05,2.2304464437183924e-05,2.1871241187909618e-05
2007-02-02,2.7378080176276853e-06,3.304061692688265e-06,4.040825388074154e-06,3.257535126977018e-06,4.034371613670373e-06,5.2396994760783855e-06
2007-02-03,8.25531571990723e-08,0.0,0.0,1.930723811938151e-07,0.0,0.0
2007-02-04,5.255428092709735e-08,0.0,0.0,1.2291421569443628e-07,0.0,0.0
2007-02-05,7.394941349048167e-05,8.0590441939421e-05,8.55960461194627e-05,7.274757808772847e-05,7.79963520471938e-05,8.290367986774072e-05
2007-02-06,0.0,0.0,0.0,0.0,0.0,0.0
2007-02-07,0.0,1.760346890478104e-07,5.498035875461937e-07,0.0,1.1556199552842372e-07,3.589877621834603e-07
2007-02-08,3.8136242892505834e-06,3.931452283723047e-06,3.591585027606925e-06,7.169488071667729e-06,7.416881999233738e-06,6.902828772581415e-06
2007-02-09,0.0,0.0,0.0,0.0,0.0,0.0
2007-02-10,5.957835583103588e-06,5.686424174200511e-06,5.1271740630909335e-06,9.334782589576207e-06,8.924700523493811e-06,8.205126505345106e-06
2007-02-11,0.0,0.0,0.0,0.0,0.0,0.0
2007-02-12,0.00019159368821419775,0.0001994156336877495,0.0001977741630980745,0.0001915065076900646,0.00019629659072961658,0.0001953396131284535
2007-02-13,4.219183210807387e-06,1.0499316886125598e-05,2.2307136532617733e-05,2.8297865810600342e-06,7.349329280259553e-06,1.5987294318620116e-05
2007-02-14,0.0,0.0,0.0,0.0,0.0,0.0
2007-02-15,0.0,0.0,0.0,0.0,0.0,0.0
2007-02-16,0.0,0.0,0.0,0.0,0.0,0.0
2007-02-17,0.0,0.0,0.0,0.0,0.0,0.0
2007-02-18,0.0,6.372553684741433e-08,1.9871413314831443e-07,0.0,4.1825838792419745e-08,1.2978360075521778e-07
2007-02-19,4.781809911946766e-05,5.381680603022687e-05,6.0633221437456086e-05,4.1874336602631956e-05,4.624071152647957e-05,5.264604260446504e-05
2007-02-20,7.421914460792323e-08,8.165613962773932e-08,7.081522568341825e-08,1.7337950453111262e-07,1.8681026858757832e-07,1.6122608315072284e-07
2007-02-21,0.0,0.0,0.0,0.0,0.0,0.0
2007-02-22,5.025893551646732e-05,5.2552764827851206e-05,5.1997842092532665e-05,5.390055957832374e-05,5.5336720834020525e-05,5.4635605920339e-05
2007-02-23,0.0,0.0,0.0,0.0,0.0,0.0
2007-02-24,8.433756738668308e-05,8.349645941052586e-05,7.957137859193608e-05,9.431622311240062e-05,9.256638441001996e-05,8.856621570885181e-05
2007-02-25,0.0003467202768661082,0.00036905903834849596,0.00037625207914970815,0.00033667930983938277,0.0003545194922480732,0.00036466054734773934
2007-02-26,3.728171549255421e-09,0.0,0.0,8.700567377672996e-09,0.0,0.0
2007-02-27,0.0,0.0,0.0,0.0,0.0,0.0
2007-02-28,0.00016793554823379964,0.0001817175216274336,0.0001911048893816769,0.00017874631157610565,0.00018891140643972903,0.00019639699894469231
2007-03-01,0.0,0.0,0.0,0.0,0.0,0.0
2007-03-02,0.0,0.0,0.0,0.0,0.0,0.0
2007-03-03,0.0,0.0,0.0,0.0,0.0,0.0
2007-03-04,4.1940162191167474e-05,4.102425373275764e-05,3.7109093682374805e-05,4.516507760854438e-05,4.276667095837183e-05,3.800364720518701e-05
2007-03-05,0.0,0.0,0.0,0.0,0.0,0.0
2007-03-06,0.0003163957444485277,0.0003259648510720581,0.00032142599229700863,0.0002832272439263761,0.0002878721570596099,0.0002837673237081617
2007-03-07,8.265078940894455e-05,0.00010071480937767774,0.00011741942580556497,9.37485383474268e-05,0.00011187269410584122,0.00013002169725950807
2007-03-08,0.0001402108755428344,0.00014476475189439952,0.00014549428306054324,0.00012857346155215055,0.00013001920888200402,0.0001294510147999972
2007-03-09,5.9833673731191084e-05,6.321614637272432e-05,6.388023030012846e-05,6.788872997276485e-05,7.072300650179386e-05,7.148750592023134e-05
2007-03-10,3.3471547794761136e-05,2.8407615900505334e-05,2.3062793843564577e-05,3.6775818443857133e-05,3.087448931182735e-05,2.513376239221543e-05
2007-03-11,0.00013686568127013743,0.00014295201981440187,0.00014088454190641642,0.00013392021355684847,0.00013766909250989556,0.00013510776625480503
2007-03-12,8.107958274194971e-05,9.405871242051944e-05,0.0001044786476995796,7.13385597919114e-05,8.310066914418712e-05,9.591251728124917e-05
2007-03-13,0.0,0.0,0.0,0.0,0.0,0.0
2007-03-14,0.0,0.0,0.0,0.0,0.0,0.0
2007-03-15,0.0,0.0,0.0,0.0,0.0,0.0
2007-03-16,2.2295810708783392e-07,2.373359819785037e-07,1.9134526496600301e-07,5.186212774788146e-07,5.423378297564341e-07,4.353967710812867e-07
2007-03-17,0.0,0.0,0.0,0.0,0.0,0.0
2007-03-18,0.0,0.0,0.0,0.0,0.0,0.0
2007-03-19,0.0,0.0,0.0,0.0,0.0,0.0
2007-03-20,4.884625013801269e-06,5.294021320878528e-06,5.658614099957049e-06,1.1355189599271398e-05,1.156337202701252e-05,1.1224669833609369e-05
2007-03-21,0.0,0.0,0.0,0.0,0.0,0.0
2007-03-22,4.083928160980577e-06,5.057609996583778e-06,6.073303211451275e-06,9.491242963122204e-06,1.0633245437929872e-05,1.0962010492221452e-05
2007-03-23,1.3785326018478372e-06,1.6233720998570789e-06,1.7172427533296286e-06,3.203366986781475e-06,3.709374141180888e-06,3.907429345417768e-06
2007-03-24,0.0,0.0,0.0,0.0,0.0,0.0
2007-03-25,4.428931788424961e-05,4.491877189138904e-05,4.416573574417271e-05,4.386968066683039e-05,4.33139102824498e-05,4.238184919813648e-05
2007-03-26,2.6516994466874166e-07,3.66044702104773e-07,5.286052555675269e-07,6.159758072499244e-07,6.708376645292446e-07,6.906038834131323e-07
2007-03-27,0.0,0.0,0.0,0.0,0.0,0.0
2007-03-28,5.876465536402975e-08,0.0,0.0,4.8396067597877845e-08,0.0,0.0
2007-03-29,4.9003185267793015e-05,4.591788092511706e-05,4.2432540794834495e-05,4.490062201512046e-05,4.129088847548701e-05,3.768446549656801e-05
2007-03-30,0.0003229089197702706,0.00036133770481683314,0.00039854683564044535,0.0002991457295138389,0.0003303473349660635,0.00036267019459046423
2007-03-31,3.093187478953041e-05,3.4432930988259614e-05,3.762297274079174e-05,3.078073859796859e-05,3.291523171355948e-05,3.523950363160111e-05
2007-04-01,0.0,0.0,0.0,0.0,0.0,0.0
2007-04-02,0.0,0.0,0.0,0.0,0.0,0.0
2007-04-03,5.041532131144777e-05,4.489509592531249e-05,3.660597940324806e-05,5.48809657630045e-05,4.9149726692121476e-05,4.0505328797735274e-05
2007-04-04,6.080583989387378e-05,6.481157470261678e-05,6.611231219721958e-05,5.581200821325183e-05,6.031621524016373e-05,6.473130633821711e-05
2007-04-05,6.273748294916004e-05,6.069399751140736e-05,5.4594587709289044e-05,6.170394772198051e-05,5.84790795983281e-05,5.310123015078716e-05
2007-04-06,7.332076347665861e-05,9.05134656932205e-05,0.00010676549572963268,8.379294740734622e-05,0.00010208408639300615,0.00012033716484438628
2007-04-07,0.0,0.0,0.0,0.0,0.0,0.0
2007-04-08,0.0,0.0,0.0,0.0,0.0,0.0
2007-04-09,0.0,0.0,0.0,0.0,0.0,0.0
2007-04-10,0.0,0.0,0.0,0.0,0.0,0.0
2007-04-11,0.0,0.0,0.0,0.0,0.0,0.0
2007-04-12,0.0,0.0,0.0,0.0,0.0,0.0
2007-04-13,6.583152867278841e-07,6.418121643037011e-07,5.797760991299583e-07,1.5279492799891159e-06,1.4689326235384215e-06,1.3216401839599712e-06
2007-04-14,0.0,0.0,0.0,0.0,0.0,0.0
2007-04-15,0.00017149800260085613,0.0001991982717299834,0.00023534047068096697,0.00014895197818987072,0.00016890722326934338,0.00019627656729426235
2007-04-16,1.0651220691215713e-05,1.2078661711711902e-05,1.578626142872963e-05,1.0107302841788623e-05,1.0849019417946693e-05,1.4440866834775079e-05
2007-04-17,5.005416096537374e-05,4.515916225500405e-05,3.6344456020742655e-05,3.745329740922898e-05,3.154910882585682e-05,2.5329065465484746e-05
2007-04-18,2.346669316466432e-05,2.022728403971996e-05,1.6193347619264387e-05,1.7735319488565437e-05,1.4649558579549193e-05,1.1682912372634746e-05
2007-04-19,0.0,0.0,0.0,0.0,0.0,0.0
2007-04-20,5.7294208488656295e-08,0.0,0.0,8.447972277281224e-08,0.0,0.0
2007-04-21,0.0,0.0,0.0,0.0,0.0,0.0
2007-04-22,6.122186459833756e-05,5.684075222234242e-05,4.6907138312235475e-05,6.311150355031714e-05,5.797921767225489e-05,4.713805174105801e-05
2007-04-23,2.2648348021903075e-05,2.4534283511457033e-05,2.292932003911119e-05,2.8556933102663606e-05,3.088538142037578e-05,2.923919601016678e-05
2007-04-24,0.0,0.0,0.0,0.0,0.0,0.0
2007-04-25,0.0,0.0,0.0,0.0,0.0,0.0
2007-04-26,5.721964771510102e-05,5.6513192248530686e-05,5.528547626454383e-05,6.949878297746181e-05,6.789307371946052e-05,6.55734256724827e-05
2007-04-27,2.319917439308483e-05,1.551381137687713e-05,1.3586719433078542e-05,2.0943251001881436e-05,1.4218760952644516e-05,1.4003361684444826e-05
2007-04-28,8.027190051507205e-05,8.204270852729678e-05,8.209362567868084e-05,7.80441623646766e-05,7.855224248487502e-05,7.763699977658689e-05
2007-04-29,0.0,1.1634687098194263e-06,3.5751891118707135e-06,0.0,7.912923933872662e-07,2.4236667286459124e-06
2007-04-30,0.0,0.0,0.0,0.0,0.0,0.0
2007-05-01,2.077849603665527e-05,1.9045242879656143e-05,1.844510916271247e-05,2.294097976118792e-05,2.1785894205095246e-05,2.115756433340721e-05
2007-05-02,0.0,0.0,0.0,0.0,0.0,0.0
2007-05-03,0.00010012158600147814,0.0001147800066974014,0.00013034124276600778,9.802194108488038e-05,0.00011165574687765911,0.0001273599045816809
2007-05-04,6.462787132477388e-05,6.881386070745066e-05,7.276269752765074e-05,7.200408435892314e-05,7.458048639819026e-05,7.761510642012581e-05
2007-05-05,0.0,0.0,0.0,0.0,0.0,0.0
2007-05-06,2.30316672968911e-05,2.3814738597138785e-05,2.3550892365165055e-05,2.6490608433960006e-05,2.676995427464135e-05,2.660968129930552e-05
2007-05-07,0.0,0.0,0.0,0.0,0.0,0.0
2007-05-08,0.0,0.0,0.0,0.0,0.0,0.0
2007-05-09,0.0,0.0,0.0,0.0,0.0,0.0
2007-05-10,0.0,0.0,0.0,0.0,0.0,0.0
2007-05-11,1.4340632787934737e-06,8.826172575027158e-07,7.365268288594962e-07,3.3344920211675344e-06,2.0341553863545414e-06,1.6937809732553433e-06
2007-05-12,9.8670985607896e-05,0.00010038520849775523,9.618310286896303e-05,9.594243601895869e-05,9.813432552618906e-05,9.560511534800753e-05
2007-05-13,3.7558304029516876e-05,4.4230673665879294e-05,4.7707089834148064e-05,2.8736480089719407e-05,3.516864308039658e-05,4.102963794139214e-05
2007-05-14,0.0,0.0,0.0,0.0,0.0,0.0
2007-05-15,0.0,0.0,0.0,0.0,0.0,0.0
2007-05-16,1.062445704747006e-07,0.0,0.0,2.4714049118301773e-07,0.0,0.0
2007-05-17,0.0,0.0,0.0,0.0,0.0,0.0
2007-05-18,0.0,0.0,0.0,0.0,0.0,0.0
2007-05-19,0.0,0.0,0.0,0.0,0.0,0.0
2007-05-20,0.0,0.0,0.0,0.0,0.0,0.0
2007-05-21,0.0,0.0,0.0,0.0,0.0,0.0
2007-05-22,0.0,0.0,0.0,0.0,0.0,0.0
2007-05-23,1.3291026334627531e-05,1.3347103958949447e-05,1.2949944903084543e-05,1.5869440176174976e-05,1.652687933528796e-05,1.6677286112098955e-05
2007-05-24,3.3948110740311677e-06,3.4942434012918966e-06,3.137986823276151e-06,5.4783404266345315e-06,5.840722224093042e-06,5.40950168215204e-06
2007-05-25,6.027323615853675e-05,5.999482891638763e-05,5.7630673836683854e-05,6.150916306069121e-05,6.147250678623095e-05,6.002862210152671e-05
2007-05-26,1.854917536547873e-05,2.0209627109579742e-05,1.9450355466688052e-05,1.3815904821967706e-05,1.5793870261404663e-05,1.6832702385727316e-05
2007-05-27,0.0,0.0,0.0,0.0,0.0,0.0
2007-05-28,0.0,0.0,0.0,0.0,0.0,0.0
2007-05-29,0.0,1.9148427554682712e-07,5.804802185593871e-07,0.0,2.1219919688064692e-07,6.431622523450642e-07
2007-05-30,3.234314499422908e-05,3.632972220657393e-05,3.82143298338633e-05,2.1599584215437062e-05,2.4223565560532734e-05,2.56253970292164e-05
2007-05-31,5.670340669894358e-06,6.333324563456699e-06,6.149155524326488e-06,8.526979399903212e-06,9.694981599750463e-06,9.85260157904122e-06
2007-06-01,7.737150008324534e-05,8.432089816778898e-05,9.116298315348104e-05,5.1673621783265844e-05,5.955941014690325e-05,7.118782377801836e-05
2007-06-02,0.0002856366918422282,0.0003193603770341724,0.00036681050551123917,0.0002783171075861901,0.0003096963046118617,0.00035450354334898293
2007-06-03,3.511874456307851e-05,4.5816002966603264e-05,6.015539474901743e-05,2.970745299535338e-05,3.976558946305886e-05,5.49364231119398e-05
2007-06-04,1.783693369361572e-05,1.812458867789246e-05,1.6395804777857848e-05,1.2088640687579755e-05,1.2060958397341892e-05,1.091538888431387e-05
2007-06-05,0.0,0.0,0.0,0.0,0.0,0.0
2007-06-06,0.00027489650528877974,0.0002658847952261567,0.0002467716112732887,0.0002597817510832101,0.00025147487758658826,0.0002346872934140265
2007-06-07,0.0005867333384230733,0.0006179501069709659,0.0006091109826229513,0.0005663000047206879,0.0005928478203713894,0.0005822801031172276
2007-06-08,0.00020752099226228893,0.00021788229059893638,0.00022253218048717827,0.00018399850523564965,0.000191114580957219,0.00019360092119313776
2007-06-09,0.0001796754077076912,0.00018083192117046565,0.00018603165517561138,0.00017936641233973205,0.00017895015480462462,0.0001823181373765692
2007-06-10,1.6474563381052576e-05,1.3654553185915574e-05,1.687591429799795e-05,2.2215013814275153e-05,1.9128428903059103e-05,2.2699814508087002e-05
2007-06-11,0.0,0.0,0.0,0.0,0.0,0.0
2007-06-12,0.0,0.0,0.0,0.0,0.0,0.0
2007-06-13,0.0,0.0,0.0,0.0,0.0,0.0
2007-06-14,5.582957965089008e-05,6.094178024795838e-05,6.404283340089023e-05,6.192992441356182e-05,6.510363891720772e-05,6.587465031770989e-05
2007-06-15,6.0539507103385404e-05,5.5922781029948965e-05,4.926637120661326e-05,4.068890484631993e-05,3.7270485336193815e-05,3.287915023975074e-05
2007-06-16,0.0,0.0,0.0,0.0,0.0,0.0
2007-06-17,2.1413043214124627e-06,0.0,0.0,1.4298510677690501e-06,0.0,0.0
2007-06-18,0.0001621220144443214,0.00015654893650207669,0.00013749452773481607,0.00016142729145940393,0.00015573225391563028,0.00013704842422157526
2007-06-19,0.00019348003843333572,0.0002016794023802504,0.0002074954245472327,0.00018622326024342328,0.0001943664683494717,0.00020054465858265758
2007-06-20,0.0,0.0,0.0,0.0,0.0,0.0
2007-06-21,0.0,0.0,0.0,0.0,0.0,0.0
2007-06-22,0.0,0.0,0.0,0.0,0.0,0.0
2007-06-23,0.0,0.0,0.0,0.0,0.0,0.0
2007-06-24,0.0,0.0,0.0,0.0,0.0,0.0
2007-06-25,1.232137719853199e-06,1.4518121815854101e-06,1.6059784684330225e-06,2.866526756406529e-06,3.3733333566488e-06,3.7385527775768423e-06
2007-06-26,9.794762445380911e-05,9.67670202953741e-05,9.20966049307026e-05,9.660817158874124e-05,9.400084672961384e-05,8.694727148395032e-05
2007-06-27,5.2592757128877565e-05,4.855979568674229e-05,3.877657582052052e-05,3.7566536775557324e-05,3.236294651287608e-05,2.589295218058396e-05
2007-06-28,0.00012018530833302066,0.000131278793560341,0.00013347460480872542,0.00010278549598297104,0.00011203940084669739,0.00011255512799834833
2007-06-29,7.615604317834368e-06,7.941997864691075e-06,1.823079219320789e-05,5.116350621392485e-06,5.345544650481315e-06,1.2334581697359681e-05
2007-06-30,0.00013840067549608648,0.00013835843128617853,0.00013499664783012122,0.0001321804302278906,0.000130592001369223,0.00012644840171560645
2007-07-01,0.0001258873235201463,0.00013108727580402046,0.00013319349091034383,0.0001194703218061477,0.00012444486492313445,0.00012752013572026044
2007-07-02,1.7166599718621e-05,1.3161067727196496e-05,1.6030986444093287e-05,3.19198370561935e-05,2.7231781132286415e-05,2.7176178264198825e-05
2007-07-03,5.368648999137804e-05,5.43639253010042e-05,5.6237782700918615e-05,6.154236325528473e-05,6.143140490166843e-05,6.18588164797984e-05
2007-07-04,5.0682618166320026e-05,5.972178769297898e-05,6.459996075136587e-05,4.406471998663619e-05,5.2872008382109925e-05,5.932778003625572e-05
2007-07-05,4.9140990086016245e-06,1.5249121133820154e-05,3.4957869502250105e-05,3.2759758141764905e-06,1.0502102668397129e-05,2.4386819859500974e-05
2007-07-06,5.721492470911471e-06,1.3210502402216662e-05,2.8467738957260735e-05,6.536262390000047e-06,1.2192012945888564e-05,2.5225297576980665e-05
2007-07-07,0.0,0.0,0.0,0.0,0.0,0.0
2007-07-08,0.0,0.0,0.0,0.0,0.0,0.0
2007-07-09,3.989153810834978e-06,4.2238748392264824e-06,3.5839798329106998e-06,9.265116204915103e-06,9.794215657166205e-06,8.327101568283979e-06
2007-07-10,2.259218308608979e-05,2.299695734109264e-05,2.3025053451419808e-05,3.5923028917750344e-05,3.616150206653401e-05,3.554467184585519e-05
2007-07-11,0.0,0.0,0.0,0.0,0.0,0.0
2007-07-12,0.0,0.0,0.0,0.0,0.0,0.0
2007-07-13,6.4862470026128e-05,6.606306124012917e-05,6.068854418117553e-05,7.491088035749272e-05,7.818730955477804e-05,7.610218017362058e-05
2007-07-14,0.0,0.0,0.0,0.0,0.0,0.0
2007-07-15,0.0,0.0,0.0,0.0,0.0,0.0
2007-07-16,0.00012084372428944334,0.00011887877917615697,0.0001113753896788694,0.00012671515287365764,0.0001259678101632744,0.00012106606300221756
2007-07-17,0.00016167543071787804,0.00016385102935601026,0.00016822348698042333,0.00016902340576052666,0.00017194046813528985,0.00017683363694231957
2007-07-18,0.0,7.279289349071405e-08,2.2260955745423416e-07,0.0,1.683710166844321e-07,5.158039471098164e-07
2007-07-19,8.228261867770925e-05,9.597216558177024e-05,0.00010382471373304725,6.440529978135601e-05,7.748381904093549e-05,8.870657620718703e-05
2007-07-20,6.880974251544103e-05,7.976222696015611e-05,8.713352144695818e-05,6.759938696632162e-05,7.71556151448749e-05,8.42578083393164e-05
2007-07-21,0.0,0.0,0.0,0.0,0.0,0.0
2007-07-22,0.0,0.0,0.0,0.0,0.0,0.0
2007-07-23,0.0,0.0,0.0,0.0,0.0,0.0
2007-07-24,0.0,0.0,0.0,0.0,0.0,0.0
2007-07-25,0.0,0.0,0.0,0.0,0.0,0.0
2007-07-26,0.0,0.0,0.0,0.0,0.0,0.0
2007-07-27,0.0,0.0,0.0,0.0,0.0,0.0
2007-07-28,0.00015366844309028238,0.00015817144594620913,0.00016012639389373362,0.0001596509391674772,0.00016404288180638105,0.00016708127805031836
2007-07-29,7.814889977453277e-05,8.557869296055287e-05,9.084538032766432e-05,6.394818046828732e-05,6.886673509143293e-05,7.02092656865716e-05
2007-07-30,0.0,0.0,0.0,0.0,0.0,0.0
2007-07-31,0.00010722687875386328,0.00011176583211636171,0.00011264269414823502,0.00011344398080836982,0.00011790368444053456,0.00012017591507174075
2007-08-01,0.00010280330025125295,0.00010929062409559265,0.00011367883416824043,9.12523755687289e-05,9.985461656469852e-05,0.00010666422167560086
2007-08-02,0.0,0.0,0.0,0.0,0.0,0.0
2007-08-03,0.0,0.0,0.0,0.0,0.0,0.0
2007-08-04,6.62928911765448e-08,6.076828640289023e-08,1.8718841943154985e-07,1.5329783309425693e-07,1.3978956303617451e-07,4.3095221258226957e-07
2007-08-05,0.0,0.0,0.0,0.0,0.0,0.0
2007-08-06,9.31014001253061e-05,9.168207179754972e-05,8.490175241604447e-05,9.606313687982038e-05,9.542710904497653e-05,9.066909842658788e-05
2007-08-07,8.969486225396395e-05,8.538968540960923e-05,8.141725265886635e-05,9.131672413786873e-05,8.487004379276186e-05,7.840232865419239e-05
2007-08-08,0.00014176224067341536,0.000147500162711367,0.00015682692173868418,0.00014291270053945482,0.0001485621032770723,0.00015943709877319634
2007-08-09,0.0,0.0,0.0,0.0,0.0,0.0
2007-08-10,0.0,0.0,0.0,0.0,0.0,0.0
2007-08-11,0.00014216150157153606,0.00014399996143765748,0.00013980825315229595,0.0001524275285191834,0.00015479263674933463,0.0001504407700849697
2007-08-12,5.471400800161064e-05,6.721852696500719e-05,8.576085383538157e-05,6.8424160417635e-05,8.053856436163187e-05,9.43815684877336e-05
2007-08-13,4.24448035118985e-06,4.598446139425505e-06,5.098220299259992e-06,9.804069122765213e-06,9.96680864773225e-06,9.888714885164518e-06
2007-08-14,7.232686039060354e-05,6.942276377230883e-05,6.369144830387086e-05,7.652857311768457e-05,7.408040255540982e-05,6.927970389369875e-05
2007-08-15,4.205222285236232e-05,4.2910072806989774e-05,4.048431947012432e-05,3.858656054944731e-05,3.8341244362527505e-05,3.656161425169557e-05
2007-08-16,5.044050340075046e-06,5.115104613651056e-06,5.919886916672112e-06,1.1193883437954355e-05,1.1734521649486851e-05,1.3579969163401984e-05
2007-08-17,7.993190956767648e-05,8.485017315251753e-05,8.87211281224154e-05,9.123845666181296e-05,9.531881369184703e-05,9.886870975606143e-05
2007-08-18,0.0,1.852953062098095e-07,5.722833975596586e-07,0.0,4.2496930063862237e-07,1.3122378277330426e-06
2007-08-19,3.4558690913399914e-06,3.927115812984994e-06,4.375350272312062e-06,7.979137080837972e-06,8.906024049792904e-06,9.722916729515418e-06
2007-08-20,0.0001326962374150753,0.0001448524562874809,0.00016193208284676075,0.00013032220886088908,0.00014301152259577066,0.00015897319826763123
2007-08-21,2.3052834876580164e-05,2.081986895063892e-05,1.922201226989273e-05,3.774438664549962e-05,3.512333569233306e-05,3.1811367080081254e-05
2007-08-22,0.0,0.0,0.0,0.0,0.0,0.0
2007-08-23,0.0,0.0,0.0,0.0,0.0,0.0
2007-08-24,0.0,5.50361578532943e-09,1.6997644181060423e-08,0.0,1.2616672151466446e-08,3.8939589330766466e-08
2007-08-25,0.0,0.0,0.0,0.0,0.0,0.0
2007-08-26,0.0,0.0,0.0,0.0,0.0,0.0
2007-08-27,0.0,0.0,0.0,0.0,0.0,0.0
2007-08-28,0.0,0.0,0.0,0.0,0.0,0.0
2007-08-29,0.0,0.0,0.0,0.0,0.0,0.0
2007-08-30,2.1386842490755953e-05,2.53585385507904e-05,3.1810566724743694e-05,3.735625432454981e-05,3.8956914067966864e-05,4.210975384921767e-05
2007-08-31,2.6411240128254576e-07,1.4155997405396192e-06,4.3687068682629615e-06,6.098850349189888e-07,9.699350584924105e-07,2.989659378727083e-06
2007-09-01,0.0,0.0,0.0,0.0,0.0,0.0
2007-09-02,0.0,0.0,0.0,0.0,0.0,0.0
2007-09-03,0.0,0.0,0.0,0.0,0.0,0.0
2007-09-04,4.094949326827191e-05,4.3367803300498053e-05,4.462159631657414e-05,3.093768464168534e-05,3.329425453557633e-05,3.500733510009013e-05
2007-09-05,3.8007678085705265e-05,3.413658487261273e-05,2.806331031024456e-05,2.7336955099599436e-05,2.5151910449494608e-05,2.184904587920755e-05
2007-09-06,8.32999558042502e-06,9.748480806592852e-06,1.4014860425959341e-05,1.0385952919023111e-05,1.2635857274290174e-05,1.7193735402543098e-05
2007-09-07,2.4702325390535407e-05,2.7084659450338222e-05,2.9426711989799514e-05,3.907738937414251e-05,4.0810358768794686e-05,4.218991307425313e-05
2007-09-08,9.739123925101012e-06,1.4391878721653484e-05,2.1712934540119022e-05,1.5259551219060086e-05,1.9638013327494264e-05,2.5615370759624057e-05
2007-09-09,5.353032247512601e-05,5.1025865104747936e-05,4.657342651626095e-05,5.694797437172383e-05,5.6646014854777604e-05,5.555793541134335e-05
2007-09-10,8.608840289525688e-05,9.252817108063027e-05,9.765533468453214e-05,7.723855378571898e-05,8.003612310858443e-05,8.265367068815976e-05
2007-09-11,7.836145960027352e-05,8.912041812436655e-05,0.00010048860713141039,7.406394433928654e-05,8.314735896419734e-05,9.444110037293285e-05
2007-09-12,7.508676935685799e-05,8.469721797155216e-05,9.790580224944279e-05,7.224868022603914e-05,7.946392724988982e-05,8.982177678262815e-05
2007-09-13,9.035752736963332e-05,0.00010798558651003987,0.0001460133644286543,8.546798198949546e-05,0.00010015045700129122,0.00013446442608255893
2007-09-14,0.000320295337587595,0.00032608857145532966,0.0003215693577658385,0.0002974801464006305,0.0003003699821420014,0.00029484849073924124
2007-09-15,0.00012872371007688344,0.00014021422248333693,0.00015010764764156193,0.00014566055324394256,0.0001573930203448981,0.0001676768733887002
2007-09-16,2.634222255437635e-05,2.6310364773962647e-05,2.75346937996801e-05,3.375837695784867e-05,3.431440927670337e-05,3.558067692210898e-05
2007-09-17,5.808747300761752e-05,5.779378261649981e-05,5.432337638922036e-05,6.417677650460973e-05,6.292465695878491e-05,5.865729690412991e-05
2007-09-18,0.0001308044302277267,0.0001440403430024162,0.00015390959742944688,8.688540401635692e-05,9.507144568488002e-05,0.00010143144027097151
2007-09-19,0.0,0.0,0.0,0.0,0.0,0.0
2007-09-20,0.0,0.0,0.0,0.0,0.0,0.0
2007-09-21,2.975763891299721e-06,1.9882243122992804e-06,3.4603644962771796e-06,2.875565769500099e-06,2.1873911464354023e-06,3.6987617022532504e-06
2007-09-22,2.8012998882331885e-05,2.5302733774879016e-05,2.2035263100406155e-05,4.0465347410645336e-05,3.7179270293563604e-05,3.3262687793467194e-05
2007-09-23,3.84160375688225e-05,3.757016020244919e-05,3.866584665956907e-05,4.463315417524427e-05,4.2555842810543254e-05,4.203571006655693e-05
2007-09-24,0.00020911183673888445,0.00020439991203602403,0.00019719124247785658,0.0002164660400012508,0.00021049909992143512,0.00020413997117429972
2007-09-25,0.0,0.0,0.0,0.0,0.0,0.0
2007-09-26,0.0,0.0,0.0,0.0,0.0,0.0
2007-09-27,0.0,0.0,0.0,0.0,0.0,0.0
2007-09-28,8.15374733065255e-05,8.498995885020122e-05,8.680522296344861e-05,8.683665510034189e-05,9.019141725730151e-05,9.256988414563239e-05
2007-09-29,7.751299563096836e-06,8.447585969406646e-06,8.741747478779871e-06,1.032424461300252e-05,1.1504545909701847e-05,1.1901664947799873e-05
2007-09-30,6.006848707329482e-06,3.3098187941504875e-06,2.661760618138942e-06,4.418145636009285e-06,2.572867060735007e-06,2.108746457452071e-06
2007-10-01,0.00021125479543115944,0.0002300779742654413,0.00024624058278277516,0.00019574434554670006,0.00021276746701914817,0.00022880766482558101
2007-10-02,0.0,0.0,0.0,0.0,0.0,0.0
2007-10-03,0.0,0.0,0.0,0.0,0.0,0.0
2007-10-04,2.7827572921523824e-05,2.6239156795782037e-05,2.4285314793814905e-05,3.722023393493146e-05,3.557352101779543e-05,3.287054641987197e-05
2007-10-05,4.722955054603517e-06,4.757906935992651e-06,4.097380951861851e-06,3.445304400884197e-06,3.5192817904317053e-06,3.2632819966238458e-06
2007-10-06,0.0,0.0,0.0,0.0,0.0,0.0
2007-10-07,0.0,0.0,0.0,0.0,0.0,0.0
2007-10-08,0.0,0.0,0.0,0.0,0.0,0.0
2007-10-09,1.4128762586551602e-06,8.275868026430544e-07,6.572008146576991e-07,2.5623444344091695e-06,1.910530272652977e-06,1.5107925719348714e-06
2007-10-10,0.0,0.0,0.0,0.0,0.0,0.0
2007-10-11,0.0,0.0,0.0,0.0,0.0,0.0
2007-10-12,2.9393533623078838e-05,2.540101922932081e-05,2.6928559236694127e-05,3.201989966328256e-05,2.709602631512098e-05,2.666090767888818e-05
2007-10-13,0.00014987800386734307,0.0001750727678881958,0.00020916640642099082,0.0001334716653218493,0.00015345706196967512,0.0001846925588324666
2007-10-14,1.341018833045382e-05,1.7449674487579614e-05,2.3666629203944467e-05,1.9278875697636977e-05,2.3911123207653873e-05,3.01313993986696e-05
2007-10-15,9.854507516138256e-05,9.781934932107106e-05,9.1105917817913e-05,0.00010457361349835992,0.00010489816486369818,0.0001001751734293066
2007-10-16,0.0,0.0,0.0,0.0,0.0,0.0
2007-10-17,0.0,0.0,0.0,0.0,0.0,0.0
2007-10-18,0.0005986298201605678,0.0006042443565092981,0.0005941867711953819,0.0006280724192038178,0.0006329261814244092,0.0006254830514080822
2007-10-19,7.612890476593748e-05,8.146766776917502e-05,8.796450856607407e-05,7.574108894914389e-05,8.139453711919487e-05,8.875901403371245e-05
2007-10-20,0.0001467810507165268,0.00015154668653849512,0.00014871530584059656,0.00013459719775710255,0.00013933287118561566,0.00013950580614618957
2007-10-21,0.0001235013478435576,0.00013783561007585377,0.00015187681128736585,0.00011794189776992425,0.00013074028538540006,0.00014459810336120427
2007-10-22,0.0,0.0,0.0,0.0,0.0,0.0
2007-10-23,0.0,0.0,0.0,0.0,0.0,0.0
2007-10-24,0.0,6.075349556766696e-09,1.863140042246414e-08,0.0,1.402420934937254e-08,4.279042542520983e-08
2007-10-25,0.0,0.0,0.0,0.0,0.0,0.0
2007-10-26,1.3182027942093555e-05,1.1139034540974535e-05,9.189701813738793e-06,8.836487722874153e-06,7.374306278506992e-06,6.052476692275377e-06
2007-10-27,7.714417006354779e-05,7.841549086151645e-05,7.905131496954709e-05,6.439194839913398e-05,6.448519707191736e-05,6.420935824280605e-05
2007-10-28,0.0,0.0,0.0,0.0,0.0,0.0
2007-10-29,0.0,0.0,0.0,0.0,0.0,0.0
2007-10-30,0.0005158803542144597,0.0005635654670186341,0.0005983150913380086,0.00048769806744530797,0.000531568715814501,0.0005687139346264303
2007-10-31,0.0,4.044490253818367e-07,1.2424656006260193e-06,0.0,2.675168957466667e-07,8.174415029316151e-07
2007-11-01,0.0,0.0,0.0,0.0,0.0,0.0
2007-11-02,0.0,0.0,0.0,0.0,0.0,0.0
2007-11-03,0.0,0.0,0.0,0.0,0.0,0.0
2007-11-04,0.0,0.0,0.0,0.0,0.0,0.0
2007-11-05,0.0,0.0,0.0,0.0,0.0,0.0
2007-11-06,0.0,0.0,0.0,0.0,0.0,0.0
2007-11-07,0.0,0.0,0.0,0.0,0.0,0.0
2007-11-08,0.0,0.0,0.0,0.0,0.0,0.0
2007-11-09,5.176636364012666e-07,2.748147096554021e-07,2.4342421056644525e-07,7.13108249783545e-07,5.65859011203429e-07,4.867655434281914e-07
2007-11-10,6.452723027905449e-05,6.90003507770598e-05,6.856203981442377e-05,4.8339632485294715e-05,5.132533988216892e-05,5.132679143571295e-05
2007-11-11,5.853403854416683e-05,6.218902854016051e-05,6.12188086961396e-05,5.709187826141715e-05,6.086257053539157e-05,6.120211037341505e-05
2007-11-12,0.0,0.0,0.0,0.0,0.0,0.0
2007-11-13,0.0,0.0,0.0,0.0,0.0,0.0
2007-11-14,1.5046291537146317e-06,1.6044880339904921e-06,1.3601953696706914e-06,1.6826336377562257e-06,1.7891392189994804e-06,1.5664268175896723e-06
2007-11-15,0.00016773876268416643,0.0001749315852066502,0.00017955698422156274,0.00016224139835685492,0.0001658210821915418,0.0001692968507995829
2007-11-16,3.449963332968764e-05,3.920094604836777e-05,4.397724842419848e-05,3.034496694453992e-05,3.4333006624365225e-05,3.874274989357218e-05
2007-11-17,0.0,0.0,0.0,0.0,0.0,0.0
2007-11-18,0.0,0.0,0.0,0.0,0.0,0.0
2007-11-19,0.0,0.0,0.0,0.0,0.0,0.0
2007-11-20,0.0,0.0,0.0,0.0,0.0,0.0
2007-11-21,0.0,0.0,0.0,0.0,0.0,0.0
2007-11-22,1.050371429300867e-05,8.825731129036285e-06,9.119396963797044e-06,1.0219565410807263e-05,7.659627954126336e-06,7.44513363315491e-06
2007-11-23,0.00020723680790979415,0.00022450901451520622,0.00023525838332716376,0.00020871371089015156,0.00022514308511745185,0.00023863866226747632
2007-11-24,0.0,0.0,0.0,0.0,0.0,0.0
2007-11-25,4.202515629003756e-05,4.0399678255198523e-05,3.662941890070215e-05,4.538940265774727e-05,4.3196414480917156e-05,3.951833423343487e-05
2007-11-26,1.8686070006879163e-06,3.161817858199356e-06,5.4289585023070686e-06,2.1523810573853552e-06,3.278457825217629e-06,5.134166713105515e-06
2007-11-27,0.0,0.0,0.0,0.0,0.0,0.0
2007-11-28,0.0,0.0,0.0,0.0,0.0,0.0
2007-11-29,0.0,0.0,0.0,0.0,0.0,0.0
2007-11-30,0.0,0.0,0.0,0.0,0.0,0.0
2007-12-01,1.2512045941548422e-05,1.3006179869989865e-05,1.335655451839557e-05,8.385576620639767e-06,8.54253266879823e-06,8.743755643081386e-06
2007-12-02,8.869286102708429e-05,0.00010191080218646675,0.00011525443551363423,8.033087942749262e-05,8.830932347336784e-05,9.816978126764297e-05
2007-12-03,4.039135092170909e-05,4.260089554009028e-05,4.19728021370247e-05,5.146744297235273e-05,5.32802332600113e-05,5.223164407652803e-05
2007-12-04,3.199787897756323e-05,3.139110413030721e-05,3.298434603493661e-05,3.474453114904463e-05,3.328785169287585e-05,3.33585703629069e-05
2007-12-05,5.418813452706672e-05,5.538703771890141e-05,5.602406963589601e-05,5.835527917952277e-05,5.9062491345684975e-05,5.9579026128631085e-05
2007-12-06,0.0,0.0,0.0,0.0,0.0,0.0
2007-12-07,0.0,0.0,0.0,0.0,0.0,0.0
2007-12-08,0.0,0.0,0.0,0.0,0.0,0.0
2007-12-09,0.0002597917628008872,0.0002765291719697416,0.0002814074687194079,0.0002749065461102873,0.00028670605388469994,0.0002891257172450423
2007-12-10,3.6041714338352904e-05,3.404057497391477e-05,3.15822908305563e-05,4.280609209672548e-05,4.03201520384755e-05,3.8350863178493455e-05
2007-12-11,3.982616544817574e-05,3.9027814636938274e-05,3.631004074122757e-05,4.031788921565749e-05,3.9107271732063964e-05,3.672525781439617e-05
2007-12-12,4.353727263151086e-07,3.6050937524123583e-07,2.910868772687536e-07,6.736977979926451e-07,4.931014245812548e-07,3.9600922718818765e-07
2007-12-13,1.3931534112998634e-06,0.0,0.0,1.2341399724391522e-06,0.0,0.0
2007-12-14,7.152819847533465e-08,7.64686147736171e-10,2.38268937913233e-09,4.7827342086748104e-08,1.7455529244259083e-09,5.409766856701026e-09
2007-12-15,4.233454092172906e-06,4.340527084423229e-06,4.981229267286835e-06,5.3269991440174635e-06,4.9976661102846265e-06,5.3860499065194745e-06
2007-12-16,0.0,0.0,0.0,0.0,0.0,0.0
2007-12-17,0.0,0.0,0.0,0.0,0.0,0.0
2007-12-18,0.0,0.0,0.0,0.0,0.0,0.0
2007-12-19,3.3585944038350135e-05,3.583675061236136e-05,3.8771115214331076e-05,2.642723120516166e-05,2.7176271032658406e-05,2.857452091120649e-05
2007-12-20,0.0,0.0,0.0,0.0,0.0,0.0
2007-12-21,0.0,0.0,0.0,0.0,0.0,0.0
2007-12-22,0.0,0.0,0.0,0.0,0.0,0.0
2007-12-23,3.7072379200253636e-05,3.6208046367391944e-05,3.293713234597817e-05,4.9558060709387064e-05,4.780637755175121e-05,4.4184627768117934e-05
2007-12-24,5.216920544626191e-05,5.563868398894556e-05,5.825238622492179e-05,5.8870351494988427e-05,6.210640276549384e-05,6.4798143284861e-05
2007-12-25,4.034319545098697e-07,5.807058869322645e-07,8.300894478452392e-07,9.400400244885532e-07,1.3249617722976836e-06,1.883620484477433e-06
2007-12-26,7.841907063266262e-06,6.463195404649014e-06,5.5044106375135016e-06,1.264856200577924e-05,1.0702023246267345e-05,9.198778570862487e-06
2007-12-27,3.4242166293552145e-05,3.499439844745211e-05,3.425931936362758e-05,4.293446909287013e-05,4.33500790677499e-05,4.2732957808766514e-05
2007-12-28,5.478782938439508e-08,0.0,0.0,1.2767026191795594e-07,0.0,0.0
2007-12-29,0.0,0.0,0.0,0.0,0.0,0.0
2007-12-30,0.0,0.0,0.0,0.0,0.0,0.0
2007-12-31,8.900292414182331e-08,5.994541396603381e-08,7.53005906517501e-08,2.0742902506754035e-07,1.1801398613897618e-07,1.1250215692371057e-07
2008-01-01,1.213276618727832e-06,1.10430470101619e-07,8.951472807439131e-08,1.1125107448606286e-06,2.5202663778145507e-07,2.0315103199664009e-07
2008-01-02,0.00016288028564304113,0.00015259603969752789,0.00013934893650002778,0.00016897878958843648,0.00015644867380615324,0.00014480345998890698
2008-01-03,0.00045826457790099084,0.000508272962179035,0.0005390419973991811,0.00045011864858679473,0.0004902747459709644,0.0005168654024600983
2008-01-04,1.3427541034616297e-06,5.120050900586648e-06,1.3548185052059125e-05,2.934664280473953e-06,6.952974672458367e-06,1.6027865058276802e-05
2008-01-05,0.0,0.0,0.0,0.0,0.0,0.0
2008-01-06,0.0,2.7432329829935043e-07,8.581222346037976e-07,0.0,2.122157241046807e-07,6.600768074349617e-07
2008-01-07,0.0,0.0,0.0,0.0,0.0,0.0
2008-01-08,9.231629519490525e-05,0.00010088973795063794,0.00010263724107062444,7.405567885143682e-05,8.112804061966017e-05,8.555268141208217e-05
2008-01-09,4.761018499266356e-05,4.913455995847471e-05,4.5310323912417516e-05,4.542575334198773e-05,4.655982775148004e-05,4.467498729354702e-05
2008-01-10,7.222304247989086e-07,1.2340689181655762e-06,2.0796776425413555e-06,1.6849394341988955e-06,2.3896971015346935e-06,3.3887265544763068e-06
2008-01-11,0.0,0.0,0.0,0.0,0.0,0.0
2008-01-12,6.562240287166787e-06,7.022083082119934e-06,7.736114639556035e-06,1.1474280654510949e-05,1.2199760021758266e-05,1.30329763123882e-05
2008-01-13,0.0,1.1118708442836578e-07,3.4793296777024807e-07,0.0,7.28656175397191e-08,2.2670133148494642e-07
2008-01-14,0.0,0.0,0.0,0.0,0.0,0.0
2008-01-15,2.2783326130593196e-05,1.9473718566587195e-05,1.7913100236910395e-05,1.9620809325715527e-05,1.6230800611083396e-05,1.463958415115485e-05
2008-01-16,4.4938144128536806e-05,4.620393883669749e-05,4.5589764340547845e-05,3.9852620830060914e-05,3.9503705920651555e-05,3.85008315788582e-05
2008-01-17,2.9905097107985057e-05,3.7044061173219234e-05,4.593420817400329e-05,3.2678039133315906e-05,3.7651308957720175e-05,4.40648254880216e-05
2008-01-18,3.694880797411315e-05,3.901475065504201e-05,4.268485645297915e-05,3.166974420309998e-05,3.250292138545774e-05,3.905872654286213e-05
2008-01-19,0.0001953567989403382,0.00020877346105407923,0.00022147399431560189,0.00018616349552758038,0.00019404034537728876,0.00020516401855275035
2008-01-20,2.5818085447326666e-08,0.0,0.0,1.730127330290543e-08,0.0,0.0
2008-01-21,7.43865457479842e-05,8.415630145464092e-05,9.167604002868757e-05,6.155535811558366e-05,6.792142812628299e-05,7.437535532517359e-05
2008-01-22,1.6904643416637555e-05,1.820151555875782e-05,2.0066427168785594e-05,2.1396323063527234e-05,2.2535099560627714e-05,2.4021919671213254e-05
2008-01-23,1.0288508747180458e-06,7.832292112652794e-07,6.352825607791601e-07,6.897075195411162e-07,5.137756033946062e-07,4.1432252828599303e-07
2008-01-24,9.158343345916364e-07,5.547989871956815e-07,5.93385948377545e-07,6.140140840216191e-07,3.639626982021582e-07,3.8703495874869986e-07
2008-01-25,3.930888487957418e-05,4.0845923649612814e-05,4.17235896748025e-05,3.4597971534822136e-05,3.4957181924255565e-05,3.528175511746667e-05
2008-01-26,1.8256065231980756e-05,1.9440509277046658e-05,1.969963159353938e-05,1.8232640286441892e-05,1.8802480553858913e-05,1.8798804376274347e-05
2008-01-27,0.0,0.0,0.0,0.0,0.0,0.0
2008-01-28,0.0,0.0,0.0,0.0,0.0,0.0
2008-01-29,0.0,0.0,0.0,0.0,0.0,0.0
2008-01-30,1.7108068277593702e-05,1.821666410251055e-05,1.894403249025345e-05,1.6516860341653228e-05,1.7029253285727464e-05,1.7261238099308684e-05
2008-01-31,0.0003202747611794621,0.0003722401743289083,0.00043301921687088907,0.00030973265529610217,0.0003509149537421763,0.00040225821430794895
2008-02-01,4.293708570912713e-06,4.351252300693886e-06,4.3902236939175054e-06,1.0008381650550291e-05,9.832288924371824e-06,9.604710612620693e-06
2008-02-02,4.380905465950491e-06,4.5416554712574e-06,4.699013061326696e-06,1.0174612725677434e-05,1.0391961041023023e-05,1.0692213436414022e-05
2008-02-03,0.0,0.0,0.0,0.0,0.0,0.0
2008-02-04,4.857857334172877e-07,0.0,0.0,3.2592643606221827e-07,0.0,0.0
2008-02-05,1.821538120339028e-07,0.0,0.0,1.222125689537279e-07,0.0,0.0
2008-02-06,0.0,0.0,0.0,0.0,0.0,0.0
2008-02-07,0.0,0.0,0.0,0.0,0.0,0.0
2008-02-08,2.819279529830965e-07,5.212761493567086e-07,9.867165999821736e-07,2.540753598623269e-07,4.102911645986751e-07,6.99123631875409e-07
2008-02-09,0.0,0.0,0.0,0.0,0.0,0.0
2008-02-10,0.0,0.0,0.0,0.0,0.0,0.0
2008-02-11,0.0,0.0,0.0,0.0,0.0,0.0
2008-02-12,2.0938025045325048e-05,1.9616858480731025e-05,1.6831680113682523e-05,2.1270318029564805e-05,1.9645267457235605e-05,1.7332822608295828e-05
2008-02-13,2.1050296709290706e-05,2.2425303541240282e-05,2.2558760974789038e-05,2.2633230400970206e-05,2.330804090888705e-05,2.321235297131352e-05
2008-02-14,0.0,0.0,0.0,0.0,0.0,0.0
2008-02-15,7.080047362251207e-05,7.646913581993431e-05,7.925146928755566e-05,8.47923438414e-05,9.084433986572549e-05,9.508887160336599e-05
2008-02-16,0.0,0.0,0.0,0.0,0.0,0.0
2008-02-17,3.656414628494531e-05,5.1374605391174555e-05,7.163503323681653e-05,2.5858807930490002e-05,3.6737590562552214e-05,5.2900366426911205e-05
2008-02-18,3.3732314363987825e-07,2.392200997292093e-07,1.933958344579878e-07,7.882244972279295e-07,5.47328284028481e-07,4.403087814353057e-07
2008-02-19,3.513609044603072e-05,3.4588880225783214e-05,3.2725860364735126e-05,5.001235695090145e-05,4.900977000943385e-05,4.710233406512998e-05
2008-02-20,3.9603044569958e-05,4.41361335106194e-05,4.814993008039892e-05,5.0774422561516985e-05,5.4930704209255055e-05,5.9098081692354754e-05
2008-02-21,5.943851419942803e-07,2.706808288621687e-07,2.7915297096114955e-07,1.2974014680366963e-06,5.765404580415634e-07,5.031358796259155e-07
2008-02-22,4.4750460801878944e-05,4.884324152953923e-05,5.351079016691074e-05,3.941263275919482e-05,4.127334614167921e-05,4.497537520364858e-05
2008-02-23,2.100234451063443e-05,2.493787724233698e-05,2.8081431082682684e-05,2.154564208467491e-05,2.4106657292577438e-05,2.6740135581349023e-05
2008-02-24,0.0,0.0,0.0,0.0,0.0,0.0
2008-02-25,1.2121518011554144e-05,1.2507115570770111e-05,1.2738205441564787e-05,8.116456228890456e-06,8.206100574170705e-06,8.318969776155427e-06
2008-02-26,0.00026219163555651903,0.0003018369898200035,0.00034931564005091786,0.00026518222875893116,0.0002987107145600021,0.0003441061999183148
2008-02-27,3.1094437872525305e-05,2.8957483664271422e-05,2.4529719667043537e-05,3.306581493234262e-05,3.0287295885500498e-05,2.5659606762928888e-05
2008-02-28,2.896199703172897e-06,2.543176833569305e-06,2.0651493741752347e-06,5.510469236469362e-06,4.997145879315212e-06,4.043195986014325e-06
2008-02-29,,,,,,
2008-03-01,0.0,0.0,0.0,0.0,0.0,0.0
2008-03-02,5.854091796209104e-06,4.9299919737677556e-06,4.127892680116929e-06,7.628868843312375e-06,6.643728283961536e-06,5.67628194403369e-06
2008-03-03,7.035263934085378e-06,6.5486055973451585e-06,5.558038992603542e-06,1.0844582902791444e-05,1.0167529580940027e-05,8.789907951722853e-06
2008-03-04,0.0,0.0,0.0,0.0,0.0,0.0
2008-03-05,6.179867341415957e-05,6.587461393792182e-05,6.809115438954905e-05,7.020538760116324e-05,7.3698625783436e-05,7.56118242861703e-05
2008-03-06,1.044950113282539e-05,1.0049363481812179e-05,9.46469845075626e-06,1.4172442206472624e-05,1.3849642527929973e-05,1.3296379620442167e-05
2008-03-07,3.920129074685974e-06,2.208612841059221e-06,1.7820949551605736e-06,3.9798064790375065e-06,2.5520539566059597e-06,2.0502516235865187e-06
2008-03-08,1.8917688066721894e-05,1.7400228898623027e-05,1.4634975741500966e-05,1.3013757779845037e-05,1.1409630133130122e-05,9.554838470648974e-06
2008-03-09,0.0,0.0,0.0,0.0,0.0,0.0
2008-03-10,3.334972404900327e-07,2.939536329904513e-07,2.470428626111243e-07,7.765517011648626e-07,6.71853172207193e-07,5.622091521217953e-07
2008-03-11,1.2417790458130185e-05,1.290152795263566e-05,1.073597013601102e-05,1.183731910714414e-05,1.1909627573913895e-05,1.0191640285484027e-05
2008-03-12,3.728759168097895e-08,3.976714424425154e-08,3.207296117579972e-08,8.679328544758391e-08,9.088338970286713e-08,7.298638848851624e-08
2008-03-13,0.0,0.0,0.0,0.0,0.0,0.0
2008-03-14,1.5941826347898314e-07,1.6986415118935838e-07,1.369737532286308e-07,1.0641184644555324e-07,1.1135576727383523e-07,8.941314177945969e-08
2008-03-15,0.0,0.0,0.0,0.0,0.0,0.0
2008-03-16,3.1969409519660985e-06,2.447980484987511e-08,1.973613272809871e-08,3.567886324162828e-06,5.593894059074955e-08,4.4908603058502194e-08
2008-03-17,4.118247306905687e-05,4.320349034969695e-05,4.2756510083563626e-05,4.1009479900822043e-05,4.287217234377749e-05,4.25664329668507e-05
2008-03-18,0.0,0.0,0.0,0.0,0.0,0.0
2008-03-19,0.0,0.0,0.0,0.0,0.0,0.0
2008-03-20,1.6364936072932323e-06,9.215540899276675e-07,7.426748425132246e-07,3.131876610495965e-06,2.105722842316027e-06,1.6898613921512151e-06
2008-03-21,0.0,0.0,0.0,0.0,0.0,0.0
2008-03-22,2.2341621388477506e-06,0.0,0.0,1.4894999367243145e-06,0.0,0.0
2008-03-23,5.9272806538501754e-05,5.9226447774562985e-05,5.8071851526619866e-05,4.735558104584925e-05,4.5630804379470646e-05,4.3561267375480384e-05
2008-03-24,6.146992382127792e-05,6.462082819780335e-05,6.680697697447613e-05,6.533264968311414e-05,6.741516699548811e-05,6.949109956622124e-05
2008-03-25,3.346720041008666e-05,3.408015254535712e-05,3.141277557006106e-05,3.185980676789768e-05,3.188127084285952e-05,2.9059887310722843e-05
2008-03-26,0.0,2.426272294187015e-09,7.536333335167456e-09,0.0,5.54428192245382e-09,1.714929354079686e-08
2008-03-27,0.0,0.0,0.0,0.0,0.0,0.0
2008-03-28,0.0,0.0,0.0,0.0,0.0,0.0
2008-03-29,3.893105895258486e-05,4.000671106041409e-05,4.061662548338063e-05,2.5935287339962088e-05,2.6228050046483986e-05,2.651678369147703e-05
2008-03-30,7.410130638163537e-05,8.277246524812654e-05,9.139589383266866e-05,5.3127369028516114e-05,5.843609687872231e-05,6.401743303285912e-05
2008-03-31,0.0,0.0,0.0,0.0,0.0,0.0
2008-04-01,0.0,0.0,0.0,0.0,0.0,0.0
2008-04-02,0.0001632359198993072,0.0001759889128152281,0.00018441803695168346,0.0001465976529289037,0.00015526085917372257,0.00016197437071241438
2008-04-03,3.0408366001211107e-05,3.2556050427956507e-05,3.4025848435703665e-05,2.8495644073700532e-05,3.024695615749806e-05,3.191721043549478e-05
2008-04-04,0.0,0.0,0.0,0.0,0.0,0.0
2008-04-05,0.0,0.0,0.0,0.0,0.0,0.0
2008-04-06,5.484360008267686e-05,5.120695641380735e-05,4.513621752266772e-05,6.33847012068145e-05,6.000815483275801e-05,5.4077278036857024e-05
2008-04-07,1.884112680272665e-05,2.3044140107231215e-05,2.6659838113118894e-05,1.5602547136950307e-05,1.9315542886033654e-05,2.3213620806927793e-05
2008-04-08,0.0,0.0,0.0,0.0,0.0,0.0
2008-04-09,7.46438081478118e-06,5.2601585593947675e-06,4.223815267323516e-06,1.3029880392423365e-05,1.0760820259747561e-05,8.60547606862383e-06
2008-04-10,1.3483766281296994e-07,0.0,0.0,8.977681176247643e-08,0.0,0.0
2008-04-11,1.3812422366754618e-05,1.3491533536580391e-05,1.5417263057315722e-05,1.600581526872702e-05,1.548509499116335e-05,1.649533624004107e-05
2008-04-12,0.0002346691326238215,0.0002481477858964354,0.00025554903550073504,0.0001852951099863276,0.00019250574405305088,0.0001969042932614684
2008-04-13,3.4216568565170746e-06,3.690706080305972e-06,3.22075220537954e-06,2.2782023734180257e-06,2.4231717361544725e-06,2.106158945025527e-06
2008-04-14,0.0,0.0,0.0,0.0,0.0,0.0
2008-04-15,3.74472037947271e-05,3.6013305361848325e-05,3.339325121487491e-05,3.49850561178755e-05,3.2895884942263365e-05,3.0175226129358634e-05
2008-04-16,2.985231185448356e-05,2.9025581170571968e-05,2.796710396069102e-05,2.2614412955590524e-05,2.109973502228968e-05,1.9921901184716262e-05
2008-04-17,3.592732537072152e-05,3.460515654296614e-05,3.144076617900282e-05,3.907411519321613e-05,3.7045308999950066e-05,3.308099985588342e-05
2008-04-18,0.0,0.0,0.0,0.0,0.0,0.0
2008-04-19,1.3199293789512012e-05,1.3430926628643647e-05,1.4139268387225457e-05,1.449457249691477e-05,1.4594219464925118e-05,1.537128264317289e-05
2008-04-20,4.711245935595798e-07,4.901009447166871e-07,3.92046558772563e-07,3.1375017783830117e-07,3.221932161068253e-07,2.5676268933239044e-07
2008-04-21,0.0,0.0,0.0,0.0,0.0,0.0
2008-04-22,5.5014670579112135e-06,4.09757558372803e-06,3.5391012715990655e-06,1.0163079423364252e-05,8.452356269117445e-06,7.334070687647909e-06
2008-04-23,1.1800574384324136e-06,2.009753188758623e-06,3.3965311558858957e-06,7.859991910663666e-07,1.3220900427768356e-06,2.226286369477748e-06
2008-04-24,0.0,0.0,0.0,0.0,0.0,0.0
2008-04-25,0.0002297024184372276,0.00022761021682526916,0.00021854342776350677,0.0002164567995350808,0.0002120800781995058,0.00020315710571594536
2008-04-26,0.0001887163962237537,0.00019142778182867914,0.0001950331497937441,0.00021664510131813586,0.0002171669329982251,0.00021990113600622863
2008-04-27,4.414141130837379e-06,4.2522442527115345e-06,3.625295676101814e-06,2.940911372206756e-06,2.800020183713059e-06,2.379127636231715e-06
2008-04-28,0.0,0.0,0.0,0.0,0.0,0.0
2008-04-29,0.0,0.0,0.0,0.0,0.0,0.0
2008-04-30,0.0,0.0,0.0,0.0,0.0,0.0
2008-05-01,8.882341717253439e-06,1.0055416169052478e-05,1.4239798474591225e-05,1.7350663256365806e-05,2.1842790374648757e-05,2.9436074328259565e-05
2008-05-02,0.00010314688552170992,0.00010652372293407097,0.00010280865535605699,9.844405576586723e-05,9.765251161297783e-05,9.277982462663203e-05
2008-05-03,0.0,3.0812509521638276e-07,9.449396429772605e-07,0.0,7.084364597176318e-07,2.1662374365405412e-06
2008-05-04,7.572276081191376e-05,7.351720705628395e-05,7.237297540996224e-05,8.188354695448652e-05,7.954668399179354e-05,7.806081703165546e-05
2008-05-05,7.192738121375442e-05,6.729709275532514e-05,6.043235043762252e-05,4.7952602471923456e-05,4.441233613761142e-05,3.977229425800033e-05
2008-05-06,0.0,0.0,0.0,0.0,0.0,0.0
2008-05-07,0.0,0.0,0.0,0.0,0.0,0.0
2008-05-08,0.0,3.5508875839695975e-08,1.0861894139679862e-07,0.0,8.176214549848737e-08,2.494864190794033e-07
2008-05-09,0.00010996017954312265,0.00010896904859691858,0.00010592801845632493,0.00010725692845880985,0.00010767802450573072,0.00010497798211872578
2008-05-10,2.3664664695388637e-05,2.8002061299048364e-05,3.344246943015605e-05,1.5783585695317015e-05,1.85542376129888e-05,2.2195361452759244e-05
2008-05-11,0.00013885294902138412,0.00016206741565838456,0.00019152575987391174,9.437584958504885e-05,0.00011220076703466475,0.00013770160148851573
2008-05-12,0.0,3.5145044421369676e-06,1.0728930647019297e-05,0.0,2.3242862425831845e-06,7.080830528138904e-06
2008-05-13,4.513096882874379e-06,4.6213485802582e-06,4.045568857691251e-06,3.3500709832878783e-06,3.4674617381824646e-06,3.6347250897961203e-06
2008-05-14,4.634560536942445e-05,4.9607620894676074e-05,5.1927392632933334e-05,5.453617632156238e-05,5.597988638328388e-05,5.697371670976281e-05
2008-05-15,1.7358757759211585e-05,2.2602331227972172e-05,2.863659210561309e-05,1.8726444977801293e-05,2.3872971723903902e-05,2.9630620701937005e-05
2008-05-16,0.0,0.0,0.0,0.0,0.0,0.0
2008-05-17,0.00011883721163030714,0.0001235021190950647,0.0001268944761250168,0.0001498079509474337,0.00015391441411338747,0.0001572921610204503
2008-05-18,0.00011372207518434152,0.00011841583182103932,0.00011868516594404355,8.025658462429419e-05,8.463946869596839e-05,8.918417734093964e-05
2008-05-19,0.00017259865126106888,0.00017870403826236725,0.00018223586084786803,0.0001524953986518085,0.00015903251187410206,0.00016424187924712896
2008-05-20,0.0,0.0,0.0,0.0,0.0,0.0
2008-05-21,0.0,0.0,0.0,0.0,0.0,0.0
2008-05-22,0.00014083004498388618,0.00014960129919927567,0.00015781112597323954,0.00017315133300144225,0.00018118553271051496,0.00018929832731373608
2008-05-23,0.0,0.0,0.0,0.0,0.0,0.0
2008-05-24,7.14096604497172e-05,8.696587610756978e-05,9.94013826129958e-05,4.767665086546913e-05,6.100347309256904e-05,7.589019514853135e-05
2008-05-25,0.0,0.0,0.0,0.0,0.0,0.0
2008-05-26,2.413288768821076e-07,3.255882802477572e-06,9.879526260192506e-06,1.6113969536490913e-07,3.2515317798242904e-06,9.861306352831889e-06
2008-05-27,0.0,8.027361531048882e-08,2.4349787963728886e-07,0.0,1.8587034844586015e-07,5.635855586660909e-07
2008-05-28,0.0,0.0,0.0,0.0,0.0,0.0
2008-05-29,0.0,0.0,0.0,0.0,0.0,0.0
2008-05-30,0.0,0.0,0.0,0.0,0.0,0.0
2008-05-31,0.0,0.0,0.0,0.0,0.0,0.0
2008-06-01,0.00011772445577662438,0.00012302520917728543,0.00012705361586995423,0.00012087886716471985,0.00012567409430630505,0.00013080649659968913
2008-06-02,2.2104810341261327e-05,2.2450791220762767e-05,2.1863010260858573e-05,2.8604659746633843e-05,2.8359176212688908e-05,2.7366255380911753e-05
2008-06-03,5.984309609630145e-05,5.808499190607108e-05,5.6774606491671875e-05,5.253247945802286e-05,5.1121860451530665e-05,5.042018528911285e-05
2008-06-04,0.0,8.596261977800168e-07,2.602249651317834e-06,0.0,5.720359013139387e-07,1.7324288137388066e-06
2008-06-05,0.0,0.0,0.0,0.0,0.0,0.0
2008-06-06,0.0,0.0,0.0,0.0,0.0,0.0
2008-06-07,6.799852599215228e-06,1.777948909875704e-06,1.3947611705589225e-06,9.855319149210118e-06,4.126560270378832e-06,3.2395514608651865e-06
2008-06-08,3.760309118661098e-05,3.3188734960276634e-05,2.652807961567305e-05,4.09108106396161e-05,3.711992030730471e-05,3.0290560971479863e-05
2008-06-09,0.0,0.0,0.0,0.0,0.0,0.0
2008-06-10,0.0,0.0,0.0,0.0,0.0,0.0
2008-06-11,8.406277629546821e-05,8.022286783671007e-05,7.259580888785422e-05,0.00011350152635714039,0.00011135387467220426,0.00010590748570393771
2008-06-12,0.0,0.0,0.0,0.0,0.0,0.0
2008-06-13,0.0,0.0,0.0,0.0,0.0,0.0
2008-06-14,5.957217581453733e-05,5.9799098380608484e-05,5.5354197684209794e-05,8.232317486545071e-05,8.239163435064256e-05,7.914294837974012e-05
2008-06-15,0.0001412082783645019,0.00014461016689892858,0.00014601870498154312,0.00014201499288901687,0.0001457782491343096,0.0001472239091526717
2008-06-16,2.091228998324368e-05,2.3393080482492223e-05,2.510628110030666e-05,1.4680103049613535e-05,1.6790287190815434e-05,1.8745240595308132e-05
2008-06-17,0.0,0.0,0.0,0.0,0.0,0.0
2008-06-18,0.0,0.0,0.0,0.0,0.0,0.0
2008-06-19,0.0,0.0,0.0,0.0,0.0,0.0
2008-06-20,0.0,0.0,0.0,0.0,0.0,0.0
2008-06-21,9.016741387313232e-06,5.870341738045681e-06,4.929873284709174e-06,1.2099321793357376e-05,8.416666787525173e-06,7.1550066422787495e-06
2008-06-22,5.290026479087828e-07,8.51462573336903e-07,1.3597478982774192e-06,1.2310015335970093e-06,1.9786016309808474e-06,3.1653053156333044e-06
2008-06-23,0.0,0.0,0.0,0.0,0.0,0.0
2008-06-24,0.0,0.0,0.0,0.0,0.0,0.0
2008-06-25,0.0,0.0,0.0,0.0,0.0,0.0
2008-06-26,8.732156129553914e-05,7.925750105641782e-05,6.735459464835003e-05,9.967299411073327e-05,9.229266288457438e-05,8.011579484445974e-05
2008-06-27,2.2027132217772305e-05,2.4149347154889256e-05,2.3034746845951304e-05,2.570483229646925e-05,2.739451520028524e-05,2.427917206659913e-05
2008-06-28,0.0,0.0,0.0,0.0,0.0,0.0
2008-06-29,0.0,0.0,0.0,0.0,0.0,0.0
2008-06-30,1.621024239284452e-05,1.6583553588134237e-05,1.5552222976111807e-05,2.984013917739503e-05,3.039688635908533e-05,2.968108128698077e-05
2008-07-01,0.0,0.0,0.0,0.0,0.0,0.0
2008-07-02,0.0,0.0,0.0,0.0,0.0,0.0
2008-07-03,0.0,0.0,0.0,0.0,0.0,0.0
2008-07-04,0.0,0.0,0.0,0.0,0.0,0.0
2008-07-05,0.00016094000602606684,0.00016288808546960354,0.00016283959848806262,0.0001622575946385041,0.00016261945711448789,0.00016059282643254846
2008-07-06,0.00020470375602599233,0.00021114487026352435,0.00021875256788916886,0.00022837150027044117,0.00023841092479415238,0.0002516634704079479
2008-07-07,8.885516581358388e-05,9.47488151723519e-05,9.627027611713856e-05,7.865076622692868e-05,8.427695138379931e-05,8.478787640342489e-05
2008-07-08,0.0001754782279022038,0.0001825898070819676,0.00018762452236842364,0.00017645112529862672,0.00018361053662374616,0.0001891531137516722
2008-07-09,0.00010589537851046771,0.00012278265785425901,0.0001448736438760534,0.00011330770939821377,0.00012871054059360176,0.00014790694694966078
2008-07-10,0.00010082586959470063,0.00010119488433701918,0.00010030221164925024,0.00011065066064475104,0.00011074245412601158,0.00011083189747296274
2008-07-11,0.0001455360179534182,0.00015110849926713854,0.0001547347492305562,0.00014572034706361592,0.0001517260679975152,0.00015537308354396373
2008-07-12,0.0001059817586792633,0.00011155185347888619,0.0001204790678457357,9.84818980214186e-05,0.00010378722072346136,0.00011180041474290192
2008-07-13,7.624445424880832e-05,7.432830170728266e-05,7.417520100716501e-05,8.127554610837251e-05,7.928708510007709e-05,7.922003715066239e-05
2008-07-14,0.0,0.0,0.0,0.0,0.0,0.0
2008-07-15,4.223464600272564e-08,0.0,0.0,9.799951072864133e-08,0.0,0.0
2008-07-16,0.0,0.0,0.0,0.0,0.0,0.0
2008-07-17,0.0,0.0,0.0,0.0,0.0,0.0
2008-07-18,0.0,0.0,0.0,0.0,0.0,0.0
2008-07-19,0.00014634890248999,0.00015162114868871868,0.0001537773641757667,0.00016138573118951172,0.00016528833657503128,0.00016695285739842802
2008-07-20,7.536388147855178e-05,7.814126001903787e-05,8.198860450647771e-05,7.873226422816515e-05,8.133712981361896e-05,8.40581560623832e-05
2008-07-21,0.0,0.0,0.0,0.0,0.0,0.0
2008-07-22,1.0935045793303289e-06,0.0,0.0,2.4243720417871373e-06,0.0,0.0
2008-07-23,0.00034173164749518037,0.000369703077012673,0.00039635749999433756,0.00032957622897811234,0.00035382650094106793,0.0003789517213590443
2008-07-24,3.501514584058896e-05,5.3205087169772014e-05,8.149982750182971e-05,2.411565037618857e-05,4.032145443488844e-05,6.769239553250372e-05
2008-07-25,0.0,0.0,0.0,0.0,0.0,0.0
2008-07-26,0.0,0.0,0.0,0.0,0.0,0.0
2008-07-27,0.00011239387094974518,0.00011579852434806526,0.00011999929120065644,0.00011545421148184687,0.00011784059461206198,0.00012166919623268768
2008-07-28,1.0798424227687065e-05,7.74037471273914e-06,6.165411377878627e-06,2.23290753638139e-05,1.7845004549599253e-05,1.4231891327654012e-05
2008-07-29,0.0,0.0,0.0,0.0,0.0,0.0
2008-07-30,0.0,0.0,0.0,0.0,0.0,0.0
2008-07-31,3.637856207205914e-05,3.305621794424951e-05,2.6361976779298857e-05,3.652391751529649e-05,3.184861270710826e-05,2.5426210413570516e-05
2008-08-01,4.7710655053379014e-05,4.791996980202384e-05,4.8713714932091534e-05,8.039936801651493e-05,8.027793955989182e-05,8.0332305515185e-05
2008-08-02,0.00010814503184519708,0.00011159318819409236,0.00011471052857814357,0.00012573745334520936,0.00012846064055338502,0.00013097158807795495
2008-08-03,0.00014246031059883535,0.00015781042748130858,0.00017357157776132226,0.0001458030892536044,0.00015984174387995154,0.00017564832523930818
2008-08-04,5.457525548990816e-05,6.32870287518017e-05,8.092707139439881e-05,4.11061555496417e-05,4.71180937893223e-05,6.540350295836106e-05
2008-08-05,0.0,0.0,0.0,0.0,0.0,0.0
2008-08-06,0.0,0.0,0.0,0.0,0.0,0.0
2008-08-07,0.0,0.0,0.0,0.0,0.0,0.0
2008-08-08,4.850534605793655e-05,5.417024658527225e-05,5.814941687276587e-05,3.747878872673027e-05,4.316775448387489e-05,4.879833068116568e-05
2008-08-09,0.0,0.0,0.0,0.0,0.0,0.0
2008-08-10,0.00012534973211586475,0.00013036635937169194,0.00012878469715360552,0.00012389938638079911,0.00012715499906335026,0.00012473855167627335
2008-08-11,0.0002330747665837407,0.0002448734303470701,0.00025196169735863805,0.0002391913440078497,0.0002493923238944262,0.0002574507670942694
2008-08-12,7.585204002680257e-05,7.853644638089463e-05,7.642092532478273e-05,6.97199284331873e-05,7.148278382373974e-05,6.72920941724442e-05
2008-08-13,0.0,0.0,0.0,0.0,0.0,0.0
2008-08-14,0.0,0.0,0.0,0.0,0.0,0.0
2008-08-15,0.00011438689398346469,0.00012000626156805083,0.00011481685942271724,0.00010919519263552502,0.0001136216742452234,0.00011104250006610528
2008-08-16,6.0707665397785604e-05,6.430471694329754e-05,5.4011390602681786e-05,4.021594941150397e-05,4.4127435103291646e-05,4.11272412748076e-05
2008-08-17,0.0,0.0,0.0,0.0,0.0,0.0
2008-08-18,0.0,0.0,0.0,0.0,0.0,0.0
2008-08-19,0.0,0.0,0.0,0.0,0.0,0.0
2008-08-20,2.3596929167979397e-05,1.77398142113816e-05,1.4205596926331054e-05,5.123841401655227e-05,4.06771432608366e-05,3.256132549722679e-05
2008-08-21,0.00021215387096162885,0.00022909982362762094,0.00024287762062158436,0.0002445152204018086,0.0002632776740938425,0.00028094128356315196
2008-08-22,2.5115365133387968e-05,2.6463230824447237e-05,2.189110455219634e-05,2.1061812731204554e-05,2.2484975488623604e-05,1.9600256564444862e-05
2008-08-23,0.0,0.0,0.0,0.0,0.0,0.0
2008-08-24,1.0865451258723624e-05,6.160211796668591e-06,4.9325394684274215e-06,1.7392372683389112e-05,1.3956946531834546e-05,1.1167893717356492e-05
2008-08-25,0.000365738058462739,0.00036925190943293273,0.0003660878574009985,0.000399820419261232,0.000401885190512985,0.00039637467125430703
2008-08-26,0.0,0.0,0.0,0.0,0.0,0.0
2008-08-27,0.0,0.0,0.0,0.0,0.0,0.0
2008-08-28,0.0,0.0,0.0,0.0,0.0,0.0
2008-08-29,0.0,0.0,0.0,0.0,0.0,0.0
2008-08-30,6.051381933502853e-05,6.466213380917907e-05,6.90494489390403e-05,5.603101817541756e-05,5.84041845286265e-05,6.368652248056605e-05
2008-08-31,6.1484861362259835e-06,5.653566404362209e-06,5.187574970477726e-06,1.4198006283550058e-05,1.2962328582943883e-05,1.187931775348261e-05
2008-09-01,0.0,2.6278977216520616e-08,8.108690252583983e-08,0.0,1.728554543944938e-08,5.3266919763927945e-08
2008-09-02,0.0,0.0,0.0,0.0,0.0,0.0
2008-09-03,3.703209827676801e-08,0.0,0.0,8.553561769986118e-08,0.0,0.0
2008-09-04,2.0254454284440726e-05,1.522165894130012e-05,1.6271229469566606e-05,3.057237699977122e-05,2.594946272438392e-05,2.4613809728180058e-05
2008-09-05,2.9741840990027413e-05,3.127602394670248e-05,3.290294989710674e-05,3.544518767739646e-05,3.663822644739412e-05,3.814912270172499e-05
2008-09-06,1.444869326405751e-07,3.324003117199936e-08,2.6565597721628365e-08,3.338444116707251e-07,7.626069731259122e-08,6.084422210506091e-08
2008-09-07,0.0,0.0,0.0,0.0,0.0,0.0
2008-09-08,6.870577635709196e-06,6.067543836252298e-06,5.384994437918067e-06,1.2063381291227415e-05,1.137434082920663e-05,1.0146421118406579e-05
2008-09-09,0.00010176957584917545,0.0001064622774720192,0.00010813609696924686,0.00010321960144210607,0.000107070583908353,0.00010929930431302637
2008-09-10,0.0,6.289024856442893e-10,1.936922400247454e-09,0.0,1.4437812057011001e-09,4.437650247268721e-09
2008-09-11,0.0,0.0,0.0,0.0,0.0,0.0
2008-09-12,0.0,0.0,0.0,0.0,0.0,0.0
2008-09-13,0.0,3.875351950455297e-08,1.1926779563964374e-07,0.0,8.90175400058979e-08,2.7334269248058263e-07
2008-09-14,5.918409442529082e-06,5.198289272811962e-06,4.300065029383404e-06,1.369252277072519e-05,1.1942976016143803e-05,9.856271390162874e-06
2008-09-15,5.274009708955418e-06,2.688148242668831e-06,2.650051555974642e-06,8.897972293198109e-06,6.177251634653658e-06,6.0750207921955734e-06
2008-09-16,2.1193948214204283e-06,2.09277413887321e-06,1.8566689732324448e-06,4.9053114707930945e-06,4.810125574294943e-06,4.256824013282312e-06
2008-09-17,0.0,0.0,0.0,0.0,0.0,0.0
2008-09-18,0.0,0.0,0.0,0.0,0.0,0.0
2008-09-19,0.0,0.0,0.0,0.0,0.0,0.0
2008-09-20,5.3269257477950305e-05,4.1964867705246434e-05,3.8892965676495805e-05,6.136231968412176e-05,4.990124944015406e-05,4.3233703763689846e-05
2008-09-21,3.094361090916209e-05,3.1906896765576676e-05,2.55920513154706e-05,2.056836092378944e-05,2.11933675018372e-05,1.7249576558242552e-05
2008-09-22,0.0,1.2689951063293847e-06,3.89688875657157e-06,0.0,1.2545234540084493e-06,3.841050784103572e-06
2008-09-23,7.63171283324482e-06,8.427782631770242e-06,8.677094228914939e-06,1.4224408914742526e-05,1.5570203686365858e-05,1.605729994480498e-05
2008-09-24,0.0,0.0,0.0,0.0,0.0,0.0
2008-09-25,0.0,0.0,0.0,0.0,0.0,0.0
2008-09-26,0.0,0.0,0.0,0.0,0.0,0.0
2008-09-27,0.0,0.0,0.0,0.0,0.0,0.0
2008-09-28,4.185801572020864e-07,2.615611833789444e-07,2.0797935462724126e-07,9.716580962049193e-07,6.027634640304314e-07,4.776466084877029e-07
2008-09-29,0.00010383078188169748,0.00010610065510263667,0.00010512331937206909,0.0001159048406407237,0.00011526531307026744,0.00011242467735428363
2008-09-30,2.4911490982049145e-05,2.7288242563372478e-05,2.7780772143159993e-05,2.541776848374866e-05,2.7679196136887185e-05,2.902222149714362e-05
2008-10-01,1.490202976128785e-05,1.612618325452786e-05,1.7624357496970333e-05,3.383647708687931e-05,3.5829660191666335e-05,3.81784193450585e-05
2008-10-02,0.0,0.0,0.0,0.0,0.0,0.0
2008-10-03,0.0,0.0,0.0,0.0,0.0,0.0
2008-10-04,8.7853564764373e-05,7.160308450693265e-05,5.883108315174468e-05,7.137434295145795e-05,5.4105636081658304e-05,4.4127096771262586e-05
2008-10-05,0.00039506921893917024,0.0004052055883221328,0.0004250069032423198,0.00039058111724443734,0.0003899589355569333,0.00040097921737469733
2008-10-06,2.7913354188058292e-06,3.5328885132912546e-06,5.4194742915569805e-06,6.259184374357574e-06,7.478890893253265e-06,1.0399856364529114e-05
2008-10-07,1.2384365390971652e-06,8.623630378679081e-07,6.84894018831983e-07,2.8545005079649854e-06,1.9903557131328853e-06,1.5743102039778023e-06
2008-10-08,0.0,0.0,0.0,0.0,0.0,0.0
2008-10-09,0.0,0.0,0.0,0.0,0.0,0.0
2008-10-10,0.0,0.0,0.0,0.0,0.0,0.0
2008-10-11,0.0,0.0,0.0,0.0,0.0,0.0
2008-10-12,5.157131454325281e-05,5.011446410208009e-05,4.525829353951849e-05,4.349482696852647e-05,4.242837167112157e-05,3.766159716178663e-05
2008-10-13,3.4191509712400148e-06,2.1950254449620843e-06,1.8786470263876254e-06,3.5111213492200477e-06,2.59138755609456e-06,2.1766302324977005e-06
2008-10-14,1.1331690075166989e-05,1.2581977898662444e-05,1.5054080904519651e-05,9.22703020478366e-06,9.774530553841032e-06,1.1465715942904353e-05
2008-10-15,0.0,0.0,0.0,0.0,0.0,0.0
2008-10-16,0.0,0.0,0.0,0.0,0.0,0.0
2008-10-17,0.0,0.0,0.0,0.0,0.0,0.0
2008-10-18,0.0,0.0,0.0,0.0,0.0,0.0
2008-10-19,0.0,0.0,0.0,0.0,0.0,0.0
2008-10-20,6.42836130282376e-06,7.2876869126048405e-06,8.058358616835903e-06,4.9345785555487964e-06,5.718544343835674e-06,6.57188093100558e-06
2008-10-21,7.910852218628861e-06,8.02485374151729e-06,1.0056715836981311e-05,1.0788002327899449e-05,1.006373258860549e-05,1.1521920896484517e-05
2008-10-22,1.5439677554240916e-06,1.1580630143726012e-06,9.403596550328075e-07,3.345375944263651e-06,2.6737973257695558e-06,2.160349140467588e-06
2008-10-23,0.0,0.0,0.0,0.0,0.0,0.0
2008-10-24,0.0,0.0,0.0,0.0,0.0,0.0
2008-10-25,0.0,1.3140848409420869e-08,4.030761857620746e-08,0.0,3.033028050936082e-08,9.255837341015649e-08
2008-10-26,0.0,0.0,0.0,0.0,0.0,0.0
2008-10-27,0.0,0.0,0.0,0.0,0.0,0.0
2008-10-28,0.0,0.0,0.0,0.0,0.0,0.0
2008-10-29,4.1858504573610844e-07,7.983928753674263e-07,1.6790461359050823e-06,9.784811254576198e-07,1.1443015637269127e-06,1.7229315290023806e-06
2008-10-30,0.0,0.0,0.0,0.0,0.0,0.0
2008-10-31,3.6504643752266475e-09,0.0,0.0,8.534799533777004e-09,0.0,0.0
2008-11-01,0.00010452232527313754,0.00010662434942787513,0.00010401825420558453,0.00011167551565449685,0.00011282503692200407,0.00010999884398188442
2008-11-02,2.971511275973171e-05,3.0066283216001466e-05,3.0347000574693084e-05,2.8885420761071146e-05,2.8964717785129324e-05,2.912073614425026e-05
2008-11-03,1.924052185131586e-06,5.58522003757389e-07,4.452340363059193e-07,2.7661221793096047e-06,1.2869328429587767e-06,1.0203673355135834e-06
2008-11-04,0.0,0.0,0.0,0.0,0.0,0.0
2008-11-05,0.0,0.0,0.0,0.0,0.0,0.0
2008-11-06,0.0,1.9834067188639892e-06,6.104512522142613e-06,0.0,1.3326221051102038e-06,4.0792024265101645e-06
2008-11-07,0.0,0.0,0.0,0.0,0.0,0.0
2008-11-08,0.0,0.0,0.0,0.0,0.0,0.0
2008-11-09,0.0,0.0,0.0,0.0,0.0,0.0
2008-11-10,0.0,0.0,0.0,0.0,0.0,0.0
2008-11-11,1.6934924360612058e-06,1.7660328239799128e-06,1.4116600368652144e-06,1.1360103826518753e-06,1.164861373581516e-06,9.260037927560916e-07
2008-11-12,0.0,1.0628989457472926e-06,3.278272743045818e-06,0.0,7.008799798313703e-07,2.149819010810461e-06
2008-11-13,5.790269642602652e-05,5.6346911151194945e-05,5.139473432791419e-05,5.1692022680072114e-05,4.912138683721423e-05,4.4484957470558584e-05
2008-11-14,0.00012170563422841951,0.00012420634448062629,0.00012333143968135118,0.0001287627237616107,0.00012877446715719998,0.00012748448352795094
2008-11-15,1.4142277677819948e-06,9.488222190157103e-07,8.040085504035233e-07,2.962985945487162e-06,2.1791186100017512e-06,1.8363681419941713e-06
2008-11-16,0.0,0.0,0.0,0.0,0.0,0.0
2008-11-17,0.0,0.0,0.0,0.0,0.0,0.0
2008-11-18,0.00012515329581219703,0.0001300368894590065,0.00013348694483283907,0.00010626186121953651,0.00010721076250774786,0.00010841771290870383
2008-11-19,0.00018451058713253587,0.000200146998395212,0.00022079222253523767,0.00022988798446021974,0.00023905170382931828,0.0002541124995332211
2008-11-20,0.0,0.0,0.0,0.0,0.0,0.0
2008-11-21,5.509593756869435e-05,5.480049003381282e-05,5.3892643336439505e-05,7.010222907410935e-05,6.87216961523518e-05,6.739381933584809e-05
2008-11-22,6.236347871890757e-06,4.565360541164409e-06,3.6832529985986184e-06,8.156109288393054e-06,6.2987414821691345e-06,5.071570740255993e-06
2008-11-23,1.7565716916578822e-06,1.859852659436001e-06,1.6746791970945196e-06,4.103466380911414e-06,4.2205742829537485e-06,3.689287041197531e-06
2008-11-24,0.0,0.0,0.0,0.0,0.0,0.0
2008-11-25,6.5918470681936014e-06,5.266869266051799e-06,4.490266746870475e-06,9.527384463581257e-06,7.752521014481317e-06,6.7842825046682265e-06
2008-11-26,3.860197466565296e-05,3.907161590177566e-05,3.801612911047414e-05,4.376838114694692e-05,4.340398663771339e-05,4.198466194793582e-05
2008-11-27,1.3377258483160404e-06,0.0,0.0,8.96044355158665e-07,0.0,0.0
2008-11-28,0.0,0.0,0.0,0.0,0.0,0.0
2008-11-29,0.0,0.0,0.0,0.0,0.0,0.0
2008-11-30,0.0,0.0,0.0,0.0,0.0,0.0
2008-12-01,0.0,2.507853480437916e-08,7.78620901087379e-08,0.0,1.6454436035928666e-08,5.0810371021725587e-08
2008-12-02,0.0,0.0,0.0,0.0,0.0,0.0
2008-12-03,6.028064035490388e-06,6.410650712496135e-06,6.410194600903196e-06,5.781448635389097e-06,5.8231062212144025e-06,5.843782673764508e-06
2008-12-04,0.0,6.375491068411065e-08,1.981228336944696e-07,0.0,4.180610702064769e-08,1.2921547920541343e-07
2008-12-05,0.00010016856685979292,0.00010106324771186337,9.797314123716205e-05,0.00011052586341975257,0.0001105983174056746,0.00010727332846727222
2008-12-06,0.0,0.0,0.0,0.0,0.0,0.0
2008-12-07,7.800933303769853e-07,1.4910347090335563e-07,1.2023147633044573e-07,5.380472885008203e-07,9.772223563686566e-08,7.83761393563509e-08
2008-12-08,0.0004510435392148793,0.0004657169047277421,0.0004729037173092365,0.0004577200161293149,0.0004654760123230517,0.0004748165374621749
2008-12-09,6.627233233302832e-06,5.643036274705082e-06,4.800297119800234e-06,9.016992407850921e-06,7.85110387369059e-06,6.862493592052488e-06
2008-12-10,5.24331335327588e-06,3.60555623046821e-06,2.9542175070673693e-06,6.210908395587467e-06,4.569167685986031e-06,3.7686190808017273e-06
2008-12-11,1.5744599295430817e-05,1.5113452718651388e-05,1.4863496289763134e-05,1.5045474356156774e-05,1.3896903510612901e-05,1.308084847551072e-05
2008-12-12,1.0689076646031026e-07,0.0,0.0,2.4918512053773156e-07,0.0,0.0
2008-12-13,1.5199577774183126e-07,0.0,0.0,1.0163917352201679e-07,0.0,0.0
2008-12-14,1.8215072259408771e-06,0.0,0.0,1.2179510804344318e-06,0.0,0.0
2008-12-15,0.0,0.0,0.0,0.0,0.0,0.0
2008-12-16,3.7584111396427033e-06,3.7675163184758276e-06,3.5949194625573e-06,5.296658400766319e-06,5.238729045231594e-06,5.025284735893365e-06
2008-12-17,2.9802940844092518e-05,2.934489748440683e-05,2.683367711142637e-05,2.730062260525301e-05,2.685243816813454e-05,2.5394538170075975e-05
2008-12-18,0.0,0.0,0.0,0.0,0.0,0.0
2008-12-19,7.176374765549554e-07,1.305863634115667e-06,2.435795749988756e-06,9.342707016912755e-07,1.262997898265894e-06,1.9591102500271518e-06
2008-12-20,8.471896580886096e-05,8.986458851723e-05,9.183455404127017e-05,9.647470869822428e-05,0.0001005794620141387,0.00010252001811750233
2008-12-21,2.3447832063538954e-05,2.3736989533063024e-05,2.326140929653775e-05,1.8171745978179388e-05,1.7299082173849456e-05,1.6561210941290483e-05
2008-12-22,3.583978832466528e-05,3.912454849341884e-05,4.2132862290600315e-05,4.2551026126602665e-05,4.513845487963408e-05,4.7469166020164266e-05
2008-12-23,0.0,0.0,0.0,0.0,0.0,0.0
2008-12-24,0.0,0.0,0.0,0.0,0.0,0.0
2008-12-25,0.0,1.3104900631333294e-07,4.0926076394498523e-07,0.0,2.9900664344495453e-07,9.286853810408502e-07
2008-12-26,0.0,9.171201575952637e-09,2.86461236953528e-08,0.0,2.0925531529769614e-08,6.500271609866104e-08
2008-12-27,0.0,0.0,0.0,0.0,0.0,0.0
2008-12-28,0.00015939986042212695,0.00017291704716626555,0.000187808254850097,0.0001543515536468476,0.00016131722077261657,0.00017325396765954792
2008-12-29,1.8148833987652324e-05,2.178175054723397e-05,2.467192280164454e-05,2.186340316256974e-05,2.5303292204625905e-05,2.7839299946208484e-05
2008-12-30,1.0584799383650534e-05,8.3779495980707e-06,6.7885357566410676e-06,8.366918336832896e-06,6.0144484450574964e-06,4.846441697736736e-06
2008-12-31,3.792230927501805e-05,3.7505906220758334e-05,3.417747575440444e-05,4.123726102989167e-05,3.9781705709174275e-05,3.558945536497049e-05
2009-01-01,0.0,0.0,0.0,0.0,0.0,0.0
2009-01-02,0.0,0.0,0.0,0.0,0.0,0.0
2009-01-03,0.00013721130380872637,0.0001393238635500893,0.0001390222751069814,0.00012800758122466505,0.00012895299005322158,0.00012771711044479162
2009-01-04,0.00018792143964674324,0.00019862066255882382,0.00019519800844136626,0.00019899802282452583,0.00021179841132834554,0.00021148775704205036
2009-01-05,0.0,0.0,0.0,0.0,0.0,0.0
2009-01-06,0.0,0.0,0.0,0.0,0.0,0.0
2009-01-07,0.00012658891500905156,0.0001259848941117525,0.0001275998365599662,0.00010047172690974548,9.709214646136388e-05,9.753093763720244e-05
2009-01-08,0.00017693592235445976,0.00021065400505904108,0.0002430995082249865,0.00017489949823357165,0.00020403368398547173,0.00023584968585055321
2009-01-09,1.2942774446855765e-05,1.2184376828372478e-05,1.0679757906473242e-05,1.2427506590029225e-05,1.1336474926793016e-05,9.862884326139465e-06
2009-01-10,7.088643542374484e-06,6.322934950730996e-06,5.487521320901578e-06,9.467714335187338e-06,8.546479875803925e-06,7.706889846303966e-06
2009-01-11,0.0,0.0,0.0,0.0,0.0,0.0
2009-01-12,0.0,0.0,0.0,0.0,0.0,0.0
2009-01-13,5.269746907288209e-06,5.452396180771757e-06,6.061259227863047e-06,3.528124125296017e-06,3.5731868592847604e-06,3.94931112168706e-06
2009-01-14,0.00015459874703083187,0.00016581018280703574,0.00017409333668183535,0.00014926308358553797,0.00015686741971876472,0.00016319408314302564
2009-01-15,2.1880443455302157e-05,2.2781008738093078e-05,2.349976057303138e-05,2.446142752887681e-05,2.4481996661052108e-05,2.4854267394402996e-05
2009-01-16,1.962973783520283e-06,1.7597858459339477e-06,1.4277292166298139e-06,1.68070187100966e-06,1.497899688729376e-06,1.2082296052540187e-06
2009-01-17,5.818407316837693e-06,5.17972284796997e-06,4.746370450448012e-06,8.575024367019068e-06,7.69220514484914e-06,7.024254955467768e-06
2009-01-18,1.3043542139712372e-06,1.2812139402740286e-06,1.100092504202621e-06,2.245644054710283e-06,2.1706532606913242e-06,1.888670453809027e-06
2009-01-19,0.0,0.0,0.0,0.0,0.0,0.0
2009-01-20,0.0,0.0,0.0,0.0,0.0,0.0
2009-01-21,0.0,0.0,0.0,0.0,0.0,0.0
2009-01-22,0.0,0.0,0.0,0.0,0.0,0.0
2009-01-23,0.0,0.0,0.0,0.0,0.0,0.0
2009-01-24,0.0,0.0,0.0,0.0,0.0,0.0
2009-01-25,0.0,0.0,0.0,0.0,0.0,0.0
2009-01-26,8.851999950820755e-07,3.7506023886635376e-07,3.041438958462095e-07,1.2054989610987832e-06,8.578469419262547e-07,6.916587267369323e-07
2009-01-27,0.0,0.0,0.0,0.0,0.0,0.0
2009-01-28,0.0,1.33540311253455e-07,4.176127106347849e-07,0.0,8.763204562001192e-08,2.7248617584518797e-07
2009-01-29,1.3100639989716001e-05,1.2672403499891516e-05,1.253126174560748e-05,1.8853281289921142e-05,1.840924596763216e-05,1.8202395949629135e-05
2009-01-30,1.8088981335040444e-07,2.0040531012455176e-07,1.7839670363173354e-07,4.229849537296104e-07,4.5849154162169725e-07,4.058348963553726e-07
2009-01-31,1.949900070030708e-05,1.816819167288486e-05,1.6244652215391397e-05,1.7702523109619506e-05,1.6005407815100625e-05,1.4106150047155097e-05
2009-02-01,3.775464847421972e-07,3.723617112427746e-07,3.2046605724644905e-07,2.6133781716453086e-07,2.575871462795476e-07,2.5013943627527624e-07
2009-02-02,0.0,0.0,0.0,0.0,0.0,0.0
2009-02-03,0.0,0.0,0.0,0.0,0.0,0.0
2009-02-04,0.0001016248352243565,0.00010945271787932143,0.00011477011867100373,9.860379941528663e-05,0.00010372155520599335,0.00010788725194288418
2009-02-05,0.00010286070028087124,0.00011186856136191636,0.00011587177141336724,0.00010364430636400357,0.00010947984992526472,0.00011204722977709025
2009-02-06,7.769102921884041e-06,6.9661878114857245e-06,5.86285659665009e-06,6.279827175603714e-06,5.441254415927688e-06,4.8619617700751405e-06
2009-02-07,7.053485660435399e-06,6.5097456172225066e-06,5.794542630610522e-06,8.668853297422174e-06,8.175796210707631e-06,7.610225111420732e-06
2009-02-08,2.720387783483602e-05,2.6353398425271735e-05,2.4762832254054956e-05,2.727095670707058e-05,2.5706338419695385e-05,2.3902079192339443e-05
2009-02-09,1.2225968930579256e-05,1.4001001545693725e-05,1.573663394083269e-05,1.1267677109572105e-05,1.2429641174094286e-05,1.3644575119542424e-05
2009-02-10,1.4651787978436914e-06,1.2518843277575797e-06,1.1081941693191766e-06,3.064772272409755e-06,2.65917151409667e-06,2.35708444051852e-06
2009-02-11,4.962121693097288e-06,4.965642801835202e-06,4.613268174580298e-06,4.4983830775890965e-06,4.451006134331692e-06,4.199831892037764e-06
2009-02-12,1.7654961993684992e-05,1.712885932647623e-05,1.566456921864301e-05,1.8775819626171142e-05,1.8050039216177538e-05,1.6814465197967365e-05
2009-02-13,0.0,0.0,0.0,0.0,0.0,0.0
2009-02-14,1.250242917194555e-06,1.214461349263729e-06,1.1287455663477886e-06,2.1268194814183516e-06,2.0892530301352963e-06,1.9876847545674536e-06
2009-02-15,0.0,0.0,0.0,0.0,0.0,0.0
2009-02-16,1.406561978001264e-06,1.3765635458184988e-06,2.321581405340112e-06,2.3516620331065496e-06,2.1189259769016644e-06,2.5482586352154613e-06
2009-02-17,2.0113195660087513e-06,2.276979103044141e-06,2.3659831640543416e-06,3.001752020281856e-06,3.1827203201828524e-06,3.195112412868184e-06
2009-02-18,6.329211714728444e-07,7.97737129687448e-07,9.200704198519816e-07,1.0078125569634722e-06,1.223365302394086e-06,1.3641571285916143e-06
2009-02-19,0.0,0.0,0.0,0.0,0.0,0.0
2009-02-20,0.00037165291723795235,0.0003822801518253982,0.0003776667872443795,0.0003889608778990805,0.00039364470285363495,0.0003881225420627743
2009-02-21,0.00016787696222309023,0.00018917278794106096,0.0001988838630495593,0.0001560196396894753,0.00017227187345270067,0.0001812302361940965
2009-02-22,3.080463284277357e-05,3.6510613426798955e-05,4.259137494955212e-05,3.727365401573479e-05,4.28033345087897e-05,4.845628427574411e-05
2009-02-23,7.752819186634952e-08,6.370864724658531e-08,5.147104786829004e-08,1.8102417698173667e-07,1.4572856343875173e-07,1.1718132952864835e-07
2009-02-24,0.0,0.0,0.0,0.0,0.0,0.0
2009-02-25,1.2388527181883546e-07,1.856637226183011e-07,2.721085650136956e-07,8.295243247857798e-08,1.2181666875221708e-07,1.777065961050539e-07
2009-02-26,3.81648242182564e-05,4.377694858703762e-05,4.906814137939364e-05,3.4160322684329e-05,3.887089769705199e-05,4.401196929393336e-05
2009-02-27,0.0,0.0,0.0,0.0,0.0,0.0
2009-02-28,0.0,0.0,0.0,0.0,0.0,0.0
2009-03-01,9.425871394341812e-05,9.639452764531597e-05,9.464767936151475e-05,9.685898839961737e-05,9.662029333412647e-05,9.414713713340461e-05
2009-03-02,7.048853149171919e-05,7.723514136159793e-05,8.113813964882866e-05,7.353174441959709e-05,7.952097803354263e-05,8.371185685973614e-05
2009-03-03,0.00016746518667787313,0.00016850246174726635,0.00016373649123124778,0.0001599474053364247,0.00015725396224297583,0.00015127274673432112
2009-03-04,0.00018405550508759916,0.00019373788381926715,0.00020566771854646504,0.00022139379871077836,0.0002263097558170557,0.0002349101414438337
2009-03-05,9.630749264033511e-05,0.00011300181358819827,0.00012535086716525257,9.432855586055666e-05,0.0001102817477658391,0.0001241837308043614
2009-03-06,2.0691111330961576e-06,1.6630666550554452e-06,1.421452338945528e-06,4.330236606620019e-06,3.801799721259158e-06,3.235255917388713e-06
2009-03-07,0.0,0.0,0.0,0.0,0.0,0.0
2009-03-08,0.0,0.0,0.0,0.0,0.0,0.0
2009-03-09,2.010104071814567e-05,2.0470910385483876e-05,2.099757875839714e-05,2.2871550754643977e-05,2.2728565454599448e-05,2.3201757358037867e-05
2009-03-10,9.83251811703667e-06,8.157475349435117e-06,7.056094545987435e-06,1.5850175259402022e-05,1.4002476746100001e-05,1.2329460332693998e-05
2009-03-11,0.0,5.420495163832584e-09,1.6863914709119854e-08,0.0,1.2388428061171908e-08,3.837712014842509e-08
2009-03-12,0.0,0.0,0.0,0.0,0.0,0.0
2009-03-13,0.0,0.0,0.0,0.0,0.0,0.0
2009-03-14,0.0,0.0,0.0,0.0,0.0,0.0
2009-03-15,0.0,0.0,0.0,0.0,0.0,0.0
2009-03-16,1.6418189474620704e-08,0.0,0.0,1.0955524487599178e-08,0.0,0.0
2009-03-17,3.0298610909085255e-06,1.541434357932303e-08,4.7929489710440976e-08,2.0214424694131594e-06,3.522265146216341e-08,1.0905971237207268e-07
2009-03-18,7.3196817538701e-05,7.684149022679776e-05,7.532293238909915e-05,6.322834815364331e-05,6.669650611001998e-05,6.645719986408949e-05
2009-03-19,0.0,0.0,0.0,0.0,0.0,0.0
2009-03-20,3.8047943235142156e-05,4.0043756598606706e-05,4.050699499202892e-05,2.549876990087796e-05,2.6247987989336252e-05,2.6440109650138766e-05
2009-03-21,0.0,0.0,0.0,0.0,0.0,0.0
2009-03-22,0.0,0.0,0.0,0.0,0.0,0.0
2009-03-23,2.3584641894558445e-05,2.020046485995408e-05,1.6296175090246834e-05,2.01710281544365e-05,1.7295455108978786e-05,1.3926041901868302e-05
2009-03-24,2.6772013370646164e-05,3.025698970304802e-05,3.4007749491138384e-05,2.3554379367851652e-05,2.539158595027402e-05,2.806667544064112e-05
2009-03-25,1.1379937859601341e-05,1.0814434972417075e-05,9.652906555857044e-06,1.41071777761681e-05,1.3231784578238148e-05,1.1795558748417534e-05
2009-03-26,1.0117590818481403e-06,1.0144984798898804e-06,9.299470207224658e-07,2.3502630028815474e-06,2.3182335553428857e-06,2.116139739882783e-06
2009-03-27,4.14296482631471e-06,4.6598293010902125e-06,5.483378572535003e-06,2.7604944534687093e-06,3.112266995231039e-06,3.757575314011774e-06
2009-03-28,0.0,0.0,0.0,0.0,0.0,0.0
2009-03-29,1.292784617135112e-07,2.4199147574677227e-08,7.513125410696375e-08,8.612336444002722e-08,1.586474773773716e-08,4.904984862719175e-08
2009-03-30,9.350980690214783e-06,9.89460022537969e-06,1.0560594091657549e-05,6.421274520107545e-06,6.691935141134309e-06,7.070464562275447e-06
2009-03-31,0.0,0.0,0.0,0.0,0.0,0.0
2009-04-01,0.0,0.0,0.0,0.0,0.0,0.0
2009-04-02,2.939278601843398e-06,2.601816277092439e-06,2.2167737370182294e-06,6.8238227868278045e-06,5.947444151388481e-06,5.046224487159634e-06
2009-04-03,4.060374340042472e-05,4.0479084418620914e-05,3.951887629227713e-05,2.8118078262195922e-05,2.761344330792781e-05,2.682304875634145e-05
2009-04-04,0.0,0.0,0.0,0.0,0.0,0.0
2009-04-05,3.364507847436471e-06,0.0,0.0,3.1266906717064558e-06,0.0,0.0
2009-04-06,4.372867624624632e-05,4.360346065368503e-05,4.2545671021798626e-05,4.421500852913596e-05,4.3708409066312015e-05,4.3130617996212095e-05
2009-04-07,9.56437816057587e-06,1.0993103387590963e-05,1.1996758985333145e-05,9.807779861148447e-06,1.1263515261816792e-05,1.2326483556535095e-05
2009-04-08,0.0,0.0,0.0,0.0,0.0,0.0
2009-04-09,0.0,0.0,0.0,0.0,0.0,0.0
2009-04-10,1.2126334070217126e-07,0.0,0.0,8.07388502721551e-08,0.0,0.0
2009-04-11,1.3058418517175596e-05,1.25726701298845e-05,1.3201697584008798e-05,1.44678606375237e-05,1.3689554180018604e-05,1.4008983271196485e-05
2009-04-12,0.00013117534399498254,0.00012936712300870568,0.0001290938671445474,0.0001675250823609531,0.0001634876971365884,0.00016143223911058158
2009-04-13,0.0004422215570230037,0.0004496427718549967,0.0004438368487171829,0.0004494281020015478,0.00045426716678775847,0.0004500519426073879
2009-04-14,0.00015576291480101645,0.00016789493383839726,0.00018218276090919971,0.0001658947003306821,0.00017948866297956556,0.00019862325279973447
2009-04-15,0.0,0.0,0.0,0.0,0.0,0.0
2009-04-16,5.640479866997339e-05,4.89783997181803e-05,4.198029637336731e-05,4.1300263546872884e-05,3.398454646230675e-05,2.8913829737575725e-05
2009-04-17,0.00012715274351648986,0.00013712445797864348,0.00014640377776231617,0.0001395379367750138,0.00014687339717056602,0.00015367205196525902
2009-04-18,3.13688869937323e-05,3.481867679511197e-05,3.668201679829508e-05,3.211745934095234e-05,3.58906872861553e-05,3.873846071655862e-05
2009-04-19,1.3445365766528994e-05,1.343412895948859e-05,1.318176418863004e-05,1.1320965313643683e-05,1.1163485396536998e-05,1.0971812116622459e-05
2009-04-20,0.0,1.8616030672546913e-07,5.743873998653726e-07,0.0,3.3132852195194573e-07,1.0184508028032724e-06
2009-04-21,0.0,0.0,0.0,0.0,0.0,0.0
2009-04-22,3.720329186762683e-05,3.801139973802492e-05,3.395646490389481e-05,3.7063884519739076e-05,3.4942135243909433e-05,3.0168330340529792e-05
2009-04-23,0.00010654344077920541,0.00010799719166243449,0.00010239831317448989,9.228931594407186e-05,9.142830822383985e-05,8.498443639837205e-05
2009-04-24,7.518559868913144e-05,6.976920849410817e-05,6.248114368645474e-05,7.172783807618544e-05,6.442068843171e-05,5.631823660223745e-05
2009-04-25,0.00016866839723661542,0.0001899607595987618,0.00020419832435436547,0.00015589887334499508,0.00017541171109769493,0.00019140346557833254
2009-04-26,0.0,0.0,0.0,0.0,0.0,0.0
2009-04-27,0.0,0.0,0.0,0.0,0.0,0.0
2009-04-28,3.4545596605539686e-08,0.0,0.0,8.02379744868631e-08,0.0,0.0
2009-04-29,0.00018787785666063428,0.00020223867613822222,0.00021544531045947224,0.00019018443708773702,0.0002015959908021614,0.00021456411923281848
2009-04-30,7.499797447962919e-06,7.357929007412167e-06,7.206956524896668e-06,1.7259546439163387e-05,1.6869073078851216e-05,1.6399926607846282e-05
2009-05-01,1.9164456688258724e-08,0.0,0.0,4.45232579693311e-08,0.0,0.0
2009-05-02,0.0,0.0,0.0,0.0,0.0,0.0
2009-05-03,0.0,0.0,0.0,0.0,0.0,0.0
2009-05-04,0.0,0.0,0.0,0.0,0.0,0.0
2009-05-05,0.0,0.0,0.0,0.0,0.0,0.0
2009-05-06,8.597246960562188e-06,9.0425282905926e-06,8.912812518246938e-06,1.9981773220933974e-05,2.077347380691208e-05,2.0348094039945863e-05
2009-05-07,2.5693432235129876e-06,0.0,0.0,1.7132279026554897e-06,0.0,0.0
2009-05-08,0.0001153565535787493,0.00011424737749621272,0.00010747792839538306,0.00010883856884902343,0.00010548494174145162,9.730041347211227e-05
2009-05-09,0.0001200126062030904,0.00011341648496454582,0.00010018445027526468,9.580735058989376e-05,8.892130426829681e-05,7.791227108100429e-05
2009-05-10,2.3309930838877335e-05,2.6086119760293514e-05,3.285314596723765e-05,2.775420762191061e-05,3.057533103856258e-05,3.580053089535795e-05
2009-05-11,2.960792244266486e-06,3.5555394788389094e-06,4.466186055651633e-06,5.579589469562052e-06,5.899524239794118e-06,6.279963145061629e-06
2009-05-12,6.323402340058237e-05,6.351062620524317e-05,6.2448852986563e-05,6.64627950754948e-05,6.711140304105356e-05,6.700289668515325e-05
2009-05-13,0.0,1.8061312800909946e-07,5.510960932042508e-07,0.0,1.7550603104155016e-07,5.344638225324161e-07
2009-05-14,0.0,0.0,0.0,0.0,0.0,0.0
2009-05-15,0.0,0.0,0.0,0.0,0.0,0.0
2009-05-16,0.0,0.0,0.0,0.0,0.0,0.0
2009-05-17,0.00020066268916707486,0.00019956620235461742,0.00019449126557447016,0.00020049922750331461,0.0001979444205062464,0.00019228324526920915
2009-05-18,5.8862959122052416e-05,6.731422763550654e-05,7.6313539466355e-05,5.0411024858476594e-05,5.784654786111787e-05,6.523301271954551e-05
2009-05-19,0.0,0.0,0.0,0.0,0.0,0.0
2009-05-20,0.0,0.0,0.0,0.0,0.0,0.0
2009-05-21,0.0,0.0,0.0,0.0,0.0,0.0
2009-05-22,1.8506140122553916e-06,1.6488620531163178e-06,1.2990703908144496e-06,1.235419517797709e-06,1.0937305887637194e-06,8.608787993580336e-07
2009-05-23,0.0,9.782587540030363e-08,2.971643198179663e-07,0.0,2.2626733198194415e-07,6.867477395644528e-07
2009-05-24,3.970397983721341e-07,3.4624179079401074e-06,9.598154065315612e-06,9.240638405572099e-07,3.112726744802785e-06,7.328211268031737e-06
2009-05-25,0.0,1.0649470141288475e-06,3.232564722566167e-06,0.0,7.7413227472789e-07,2.3483612494601402e-06
2009-05-26,0.0,0.0,0.0,0.0,0.0,0.0
2009-05-27,0.0,0.0,0.0,0.0,0.0,0.0
2009-05-28,5.1394057663856074e-05,5.385802069213241e-05,5.630513624055311e-05,6.810723425587639e-05,7.049290434224531e-05,7.180308602983132e-05
2009-05-29,0.0,0.0,0.0,0.0,0.0,0.0
2009-05-30,1.5266595028151642e-06,1.6934641280386131e-06,1.620439434191212e-06,1.0195424238190753e-06,1.1702231859089807e-06,1.2120325436626445e-06
2009-05-31,0.0,0.0,0.0,0.0,0.0,0.0
2009-06-01,0.0,0.0,0.0,0.0,0.0,0.0
2009-06-02,7.813910633558407e-05,6.71861635055393e-05,5.3056315664434806e-05,5.2363342547323555e-05,4.4690554204862565e-05,3.5300330637255684e-05
2009-06-03,0.00031175115145742893,0.00034259536187164485,0.0003749278257600963,0.0003100851608905941,0.00033680140040814877,0.00036719164927490056
2009-06-04,1.6948981283348985e-05,1.9553246602299623e-05,2.1440700948005542e-05,2.9529119274229743e-05,3.2737421861384064e-05,3.4284148568985984e-05
2009-06-05,6.696712944176397e-07,0.0,0.0,8.455302236143325e-07,0.0,0.0
2009-06-06,9.192452125716954e-05,9.413783845957369e-05,9.2674745246768e-05,9.01731982594356e-05,9.236591722583398e-05,9.156225132755935e-05
2009-06-07,0.0,0.0,0.0,0.0,0.0,0.0
2009-06-08,0.0,0.0,0.0,0.0,0.0,0.0
2009-06-09,0.0,0.0,0.0,0.0,0.0,0.0
2009-06-10,3.9349819417111576e-05,5.403121394920163e-05,7.306997576961294e-05,2.6281533791916445e-05,3.5990749893244356e-05,4.872083809459582e-05
2009-06-11,0.0,0.0,0.0,0.0,0.0,0.0
2009-06-12,0.0,1.219884416059358e-05,3.689969889819622e-05,0.0,8.127782166411635e-06,2.4613616915303282e-05
2009-06-13,4.288511991035193e-05,6.424157618312165e-05,9.57992160692811e-05,2.8640855816775e-05,4.674904266721569e-05,7.585204002680257e-05
2009-06-14,0.00013233712525106966,0.00012496767158154398,0.0001185928049380891,0.0001290298969252035,0.00012173681170679629,0.00011591544898692518
2009-06-15,1.1910797184100375e-06,3.317627260912559e-06,1.0035896593763027e-05,7.954096759021922e-07,2.2770561827201163e-06,6.897568255226361e-06
2009-06-16,0.0,0.0,0.0,0.0,0.0,0.0
2009-06-17,0.0,0.0,0.0,0.0,0.0,0.0
2009-06-18,0.0,0.0,0.0,0.0,0.0,0.0
2009-06-19,0.0,0.0,0.0,0.0,0.0,0.0
2009-06-20,0.0,4.387526786331364e-08,1.3279164079449401e-07,0.0,1.0195601873874693e-07,3.0909137649359764e-07
2009-06-21,0.0,0.0,0.0,0.0,0.0,0.0
2009-06-22,1.460293606214691e-05,1.315190820605494e-05,1.2474855793698225e-05,3.364475924172439e-05,3.056198329431936e-05,2.9039743822067976e-05
2009-06-23,4.237046596244909e-05,3.27327215927653e-05,2.8400825613061897e-05,7.189148891484365e-05,6.412315997295082e-05,5.672479164786637e-05
2009-06-24,0.0,0.0,0.0,0.0,0.0,0.0
2009-06-25,0.0,0.0,0.0,0.0,0.0,0.0
2009-06-26,0.0,0.0,0.0,0.0,0.0,0.0
2009-06-27,0.00012906249321531504,0.00013338978169485927,0.0001356161228613928,0.00014456719509325922,0.00014796058530919254,0.00014953316713217646
2009-06-28,4.597421593643958e-06,1.0640304935805034e-05,2.1646892491844483e-05,6.484853656729683e-06,1.1812626325991005e-05,2.0902027245028876e-05
2009-06-29,0.0,0.0,0.0,0.0,0.0,0.0
2009-06-30,0.0,0.0,0.0,0.0,0.0,0.0
2009-07-01,0.0,0.0,0.0,0.0,0.0,0.0
2009-07-02,1.9814933693851344e-06,1.7478180325269932e-07,5.306852131070627e-07,3.8631678762612864e-06,4.058240108406608e-07,1.2346883977443213e-06
2009-07-03,0.00011811292642960325,0.00010820898023666814,9.296018833993003e-05,0.0001346717617707327,0.000127831706777215,0.00011533805809449404
2009-07-04,0.00017113692592829466,0.00017296301666647196,0.00017066019063349813,0.00014178591663949192,0.00014348927652463317,0.00014047093281988055
2009-07-05,0.0,0.0,0.0,0.0,0.0,0.0
2009-07-06,0.0,0.0,0.0,0.0,0.0,0.0
2009-07-07,1.1864828593388665e-05,7.982852366694715e-06,6.296580522757722e-06,7.90749163570581e-06,5.312396297085797e-06,4.198715487291338e-06
2009-07-08,0.00015262537635862827,0.00015395657101180404,0.00015202157374005765,0.0001507601555204019,0.00015142890333663672,0.0001502748636994511
2009-07-09,7.457302126567811e-05,7.833359995856881e-05,7.571909372927621e-05,7.523903332185e-05,7.980292139109224e-05,7.934429595479742e-05
2009-07-10,0.0,0.0,0.0,0.0,0.0,0.0
2009-07-11,0.00011347574763931334,0.00011682371405186132,0.0001166363072115928,0.00010466171806911007,0.0001071389633580111,0.00010658870451152325
2009-07-12,0.00016329929349012673,0.00017034501070156693,0.00017127998580690473,0.00015339834499172866,0.0001580653915880248,0.00016003020573407412
2009-07-13,5.0718521379167214e-05,5.793454693048261e-05,6.447483610827476e-05,4.453117071534507e-05,5.1589860959211364e-05,5.7952416682383046e-05
2009-07-14,0.0,0.0,0.0,0.0,0.0,0.0
2009-07-15,5.423476250143722e-05,5.151543882675469e-05,4.594325218931772e-05,5.9120557125424966e-05,5.7517529057804495e-05,5.3471590945264325e-05
2009-07-16,0.0,0.0,0.0,0.0,0.0,0.0
2009-07-17,0.0,0.0,0.0,0.0,0.0,0.0
2009-07-18,5.744930717810348e-07,0.0,0.0,1.3323452776603517e-06,0.0,0.0
2009-07-19,4.9546410991752055e-06,2.3476563910662662e-06,1.8622353081809706e-06,1.0939917956420686e-05,5.428456006484339e-06,4.313415502110729e-06
2009-07-20,5.1739090849878266e-05,4.529928992269561e-05,3.982666021329351e-05,7.657751120859757e-05,7.013764843577519e-05,6.431128713302314e-05
2009-07-21,7.198053936008364e-05,7.102511881384999e-05,6.526544893858954e-05,7.648795144632459e-05,7.579249358968809e-05,7.142540562199429e-05
2009-07-22,9.900908253257512e-07,9.67081518865598e-07,1.4496824860543711e-06,2.23669849219732e-06,2.234000248790835e-06,3.354125510668382e-06
2009-07-23,7.873918548284564e-07,0.0,0.0,1.3498640782927396e-06,0.0,0.0
2009-07-24,0.0,0.0,0.0,0.0,0.0,0.0
2009-07-25,0.00014788398402743042,0.00014942901907488704,0.00013999476504977793,0.00014352338621392846,0.0001454744633520022,0.00013922018115408719
2009-07-26,0.00012529986270237714,0.000132203203975223,0.00014158560952637345,0.00012767022417392582,0.00013373135880101472,0.00014221078890841454
2009-07-27,5.2156119636492804e-05,5.3082108934177086e-05,5.71138589293696e-05,5.916696318308823e-05,5.8692014135885984e-05,5.800077269668691e-05
2009-07-28,0.00015198766777757555,0.00015576487930957228,0.00015392446948681027,0.00014922767877578735,0.00015189732948783785,0.00015048084605950862
2009-07-29,0.00016141109517775476,0.0001709530915832147,0.00018007225298788399,0.00016846635844558477,0.00017542135901749134,0.00017850202857516706
2009-07-30,2.722105989505508e-07,1.4846830254100496e-07,1.1835574298402207e-07,4.168794589531899e-07,3.420615257709869e-07,2.7299412863612815e-07
2009-07-31,0.0,0.0,0.0,0.0,0.0,0.0
2009-08-01,8.83024767972529e-05,9.107322694035247e-05,9.193809091812e-05,8.645527850603685e-05,8.832483581500128e-05,8.907352457754314e-05
2009-08-02,0.00011323296348564327,0.0001160625324700959,0.00011105809244327247,0.00011124421143904328,0.00011338252807036042,0.00010908651893259957
2009-08-03,6.823936564614996e-05,7.392976840492338e-05,7.612533227074891e-05,4.818784509552643e-05,5.3651769121643156e-05,5.83716100663878e-05
2009-08-04,2.874457095458638e-06,2.7133708044857485e-06,4.487223122850992e-06,1.9068023675572476e-06,2.092178419843549e-06,3.893388566211797e-06
2009-08-05,0.000221941591007635,0.00022410883684642613,0.00022614211775362492,0.0002423222758807242,0.0002461207623127848,0.0002510860504116863
2009-08-06,0.00016247923485934734,0.00017031197785399854,0.000175586057594046,0.00015396739763673395,0.00016263614816125482,0.00017085806757677346
2009-08-07,0.00013901779311709106,0.00014241889584809542,0.0001459824270568788,0.00012631605204660445,0.0001267795596504584,0.00012878306733909994
2009-08-08,0.0001639771944610402,0.000168893180671148,0.00016954049351625144,0.000163231510668993,0.00016615366621408612,0.00016604556003585458
2009-08-09,0.0,2.789299742289586e-07,8.603866490375367e-07,0.0,4.343319233157672e-07,1.3403569028014317e-06
2009-08-10,0.0,0.0,0.0,0.0,0.0,0.0
2009-08-11,7.1596405177842826e-06,1.1838076261483366e-06,9.470990107729449e-07,4.745068963529775e-06,7.79785125359922e-07,6.240596235329576e-07
2009-08-12,3.2862844818737358e-06,2.1200962692091707e-06,1.8598445876705227e-06,2.1777627807750832e-06,1.396230686623312e-06,1.2251330190338194e-06
2009-08-13,7.4358035817567725e-06,3.4800880257535027e-06,3.1037882308737608e-06,1.1465356692497153e-05,7.987751814653166e-06,7.125232514226809e-06
2009-08-14,9.151037374977022e-05,8.539734699297696e-05,7.495815953006968e-05,0.00010302224836777896,9.804674482438713e-05,8.880616951500997e-05
2009-08-15,5.8408772019902244e-05,6.029105497873388e-05,5.765063178841956e-05,6.361360283335671e-05,6.554319406859577e-05,6.386076711351052e-05
2009-08-16,0.0,0.0,0.0,0.0,0.0,0.0
2009-08-17,9.492663957644254e-05,9.798826795304194e-05,9.916454291669652e-05,0.000111353539978154,0.00011237728904234245,0.00011330211418680847
2009-08-18,0.00015542568871751428,0.00016045759548433125,0.00015776691725477576,0.000170969040482305,0.00017577537801116705,0.00017448776634410024
2009-08-19,1.3513858903024811e-05,1.3132549611327704e-05,1.2269753824512009e-05,3.120168548775837e-05,3.011570697708521e-05,2.8129021302447654e-05
2009-08-20,9.143129136646166e-05,9.187935938825831e-05,9.039061842486262e-05,8.795442408882082e-05,8.73042008606717e-05,8.481119584757835e-05
2009-08-21,0.0,0.0,0.0,0.0,0.0,0.0
2009-08-22,0.0,0.0,0.0,0.0,0.0,0.0
2009-08-23,2.729960579017643e-05,3.8723868783563375e-05,5.581653385888785e-05,3.0561452149413526e-05,4.15072645409964e-05,5.668205994879827e-05
2009-08-24,0.0,0.0,0.0,0.0,0.0,0.0
2009-08-25,0.0,0.0,0.0,0.0,0.0,0.0
2009-08-26,0.00015574341523461044,0.00012887742195744067,0.00010317868873244151,0.00011283493222435936,9.00030427146703e-05,7.199597166618332e-05
2009-08-27,0.0002953234943561256,0.0003126628289464861,0.0003188235277775675,0.00031390145886689425,0.0003278438816778362,0.0003309313324280083
2009-08-28,0.00012573914136737585,0.00013650598702952266,0.0001474488090025261,0.00011719109170371667,0.00012660352513194084,0.00013825226051267236
2009-08-29,6.649766874033958e-05,6.674462929368019e-05,6.363367720041424e-05,4.404478386277333e-05,4.389434980112128e-05,4.180369069217704e-05
2009-08-30,0.0001016438691294752,0.00010914447193499655,0.00011373736924724653,9.562763443682343e-05,0.0001019011833705008,0.00010604380076983944
2009-08-31,7.063960947562009e-05,7.1588801802136e-05,7.660382834728807e-05,7.25005374988541e-05,7.396545697702095e-05,8.107210305752233e-05
2009-09-01,0.00015568545495625585,0.00016406750364694744,0.00017303749336861074,0.00015724587137810886,0.00016438360034953803,0.00017261935863643885
2009-09-02,3.1141822546487674e-05,3.9286511309910566e-05,4.842588532483205e-05,2.4522680178051814e-05,3.1553405278827995e-05,4.022497159894556e-05
2009-09-03,0.0,0.0,0.0,0.0,0.0,0.0
2009-09-04,0.0,0.0,0.0,0.0,0.0,0.0
2009-09-05,0.0,0.0,0.0,0.0,0.0,0.0
2009-09-06,0.0,0.0,0.0,0.0,0.0,0.0
2009-09-07,4.9124171397352256e-08,0.0,0.0,1.1351879436460877e-07,0.0,0.0
2009-09-08,0.000140477015520446,0.0001480546925449744,0.0001510424044681713,0.00012423982843756676,0.0001311840896960348,0.00013604594278149307
2009-09-09,3.389271296327934e-05,3.410705176065676e-05,3.093275518040173e-05,2.639439480844885e-05,2.716676317504607e-05,2.5614339392632246e-05
2009-09-10,0.0,0.0,0.0,0.0,0.0,0.0
2009-09-11,1.1106568535979022e-06,8.494222356603132e-07,6.780825287933112e-07,2.2668432393402327e-06,1.9503866042214213e-06,1.5537032140855445e-06
2009-09-12,0.00012650986900553107,0.0001271998044103384,0.000126320737763308,0.00017771185957826674,0.00017792428843677044,0.00017722422489896417
2009-09-13,8.455689385300502e-05,9.491126547800377e-05,0.00010915249731624499,9.504943591309711e-05,0.0001071075166692026,0.0001250087661901489
2009-09-14,2.1800364265800454e-05,2.2100550268078223e-05,2.0588939150911756e-05,2.28677145059919e-05,2.293158831889741e-05,2.0889026927761734e-05
2009-09-15,0.0,0.0,0.0,0.0,0.0,0.0
2009-09-16,0.0,0.0,0.0,0.0,0.0,0.0
2009-09-17,7.28603083643975e-07,0.0,0.0,1.529782480247377e-06,0.0,0.0
2009-09-18,8.624420297564939e-05,9.111789404414594e-05,9.49936147662811e-05,7.296164403669536e-05,7.709187048021704e-05,8.153925591614097e-05
2009-09-19,0.0,7.397267687281328e-09,2.2732042026518684e-08,0.0,4.880573722942927e-09,1.4957288740902186e-08
2009-09-20,0.0,0.0,0.0,0.0,0.0,0.0
2009-09-21,0.0,0.0,0.0,0.0,0.0,0.0
2009-09-22,0.0,1.5713263579186787e-08,4.8253010476173586e-08,0.0,3.616395360950264e-08,1.1072539507495094e-07
2009-09-23,0.0,0.0,0.0,0.0,0.0,0.0
2009-09-24,1.585252903169021e-05,1.3658548596140463e-05,1.27509338199161e-05,1.3491778190655168e-05,1.1599151548580267e-05,1.0551440027484205e-05
2009-09-25,0.0002558777341619134,0.0002678025048226118,0.00028449620003812015,0.00022757449187338352,0.000234877152252011,0.0002480793045833707
2009-09-26,0.00022712071950081736,0.00027040267013944685,0.0003175332094542682,0.0002215200220234692,0.00026054895715788007,0.000303756125504151
2009-09-27,1.1519960025907494e-06,3.8935624502300925e-07,7.562073278677417e-07,1.320809587923577e-06,8.970789622253506e-07,1.7364820905640954e-06
2009-09-28,0.0,0.0,0.0,0.0,0.0,0.0
2009-09-29,0.0,0.0,0.0,0.0,0.0,0.0
2009-09-30,0.0,0.0,0.0,0.0,0.0,0.0
2009-10-01,0.0,0.0,0.0,0.0,0.0,0.0
2009-10-02,0.0,0.0,0.0,0.0,0.0,0.0
2009-10-03,0.0,0.0,0.0,0.0,0.0,0.0
2009-10-04,0.0,0.0,0.0,0.0,0.0,0.0
2009-10-05,0.0,0.0,0.0,0.0,0.0,0.0
2009-10-06,0.0,0.0,0.0,0.0,0.0,0.0
2009-10-07,0.0,0.0,0.0,0.0,0.0,0.0
2009-10-08,9.780356435840076e-08,2.526948890135827e-07,5.701093073184893e-07,8.356457925629002e-08,1.6732869312363619e-07,3.759484172860539e-07
2009-10-09,2.530524398025591e-06,1.6516138430233696e-06,1.3952392237115419e-06,4.209128746879287e-06,3.6115754937782185e-06,2.91110359285085e-06
2009-10-10,3.7953526771161705e-05,3.552668931661174e-05,3.493279655231163e-05,4.564928894978948e-05,4.251645805197768e-05,4.027087561553344e-05
2009-10-11,2.9176610496506328e-06,0.0,0.0,2.6958900889439974e-06,0.0,0.0
2009-10-12,0.00021886023750994354,0.0002347913250559941,0.000245599658228457,0.00019140671065542847,0.0002029201714321971,0.00021080306032672524
2009-10-13,0.0,0.0,0.0,0.0,0.0,0.0
2009-10-14,4.172473927610554e-05,3.838355769403279e-05,3.2567786547588184e-05,5.466800575959496e-05,5.104698720970191e-05,4.4971831812290475e-05
2009-10-15,1.1998684385616798e-05,1.194103060697671e-05,1.0793930414365605e-05,8.345160495082382e-06,8.312180398206692e-06,7.666119017812889e-06
2009-10-16,0.0,0.0,0.0,0.0,0.0,0.0
2009-10-17,0.0,0.0,0.0,0.0,0.0,0.0
2009-10-18,0.0,0.0,0.0,0.0,0.0,0.0
2009-10-19,0.0,0.0,0.0,0.0,0.0,0.0
2009-10-20,1.9080694983131252e-05,1.7239328371942975e-05,1.657347456784919e-05,4.176512447884306e-05,3.980885958299041e-05,3.8084635889390483e-05
2009-10-21,6.0314814618323e-05,6.116243457654491e-05,6.0943635617149994e-05,5.2507282816804945e-05,5.3704421588918194e-05,5.514097210834734e-05
2009-10-22,3.3355942719026643e-07,2.8426799758562993e-07,2.2593124526792963e-07,6.803688847867306e-07,6.563328724951134e-07,5.190465230953123e-07
2009-10-23,0.0,0.0,0.0,0.0,0.0,0.0
2009-10-24,6.209961429703981e-05,6.708544242428616e-05,6.873228267068043e-05,5.991455327603035e-05,6.363764259731397e-05,6.442426092689857e-05
2009-10-25,3.0410360523092095e-06,4.521042228589067e-06,6.70411918690661e-06,2.0382547063491074e-06,2.993452881128178e-06,4.41622432845179e-06
2009-10-26,4.21918502979679e-06,3.344218612255645e-06,3.857323463307694e-06,5.5061773309716955e-06,4.738560619443888e-06,5.015867373003857e-06
2009-10-27,4.0971443127091334e-07,4.99698330713727e-07,1.3536049436879694e-06,6.28391603640921e-07,6.966094474591955e-07,1.7138096382041113e-06
2009-10-28,0.0,0.0,0.0,0.0,0.0,0.0
2009-10-29,2.1020010535721667e-05,2.0898867660434917e-05,2.0483077605604194e-05,3.0410883482545614e-05,2.9186905521783046e-05,2.7455835152068175e-05
2009-10-30,7.132105565688107e-06,8.224409612012096e-06,1.0991204362653662e-05,1.267989046027651e-05,1.3655139809998218e-05,1.5813247955520637e-05
2009-10-31,5.674599492522248e-07,4.4408258759176533e-07,3.536866017839202e-07,1.3267235772218555e-06,1.0239301673209411e-06,8.111665579235705e-07
2009-11-01,0.0,3.400942460984879e-08,1.0450734322375865e-07,0.0,7.839949489607534e-08,2.396259901615849e-07
2009-11-02,0.0,0.0,0.0,0.0,0.0,0.0
2009-11-03,0.00024123727052938193,0.00027664104709401727,0.00031348978518508375,0.00020524738647509366,0.00023316952865570784,0.00026403184165246785
2009-11-04,4.096418251720024e-06,4.491520485316869e-06,5.774799774371786e-06,5.695497748092748e-06,5.933589363849023e-06,6.951065643079346e-06
2009-11-05,0.0,0.0,0.0,0.0,0.0,0.0
2009-11-06,0.0,0.0,0.0,0.0,0.0,0.0
2009-11-07,3.580391307878017e-07,3.611922068103013e-07,2.8830982046201825e-07,8.187874414034013e-07,8.314066803905007e-07,6.60020702980546e-07
2009-11-08,0.0,0.0,0.0,0.0,0.0,0.0
2009-11-09,1.5216133419926337e-07,0.0,0.0,3.558361072464322e-07,0.0,0.0
2009-11-10,7.241171988425776e-05,7.267340697580948e-05,7.253664080053568e-05,7.848992390790954e-05,7.69958714954555e-05,7.472057041013613e-05
2009-11-11,1.282250650547212e-05,1.66537629411323e-05,2.2425265342462808e-05,1.616254485270474e-05,1.976834209926892e-05,2.5455328795942478e-05
2009-11-12,4.025804173579672e-06,2.8208062303747283e-06,2.335899580430123e-06,5.9772664826596156e-06,4.691036792792147e-06,3.914033641194692e-06
2009-11-13,3.665164527433262e-08,0.0,0.0,8.569757881105033e-08,0.0,0.0
2009-11-14,5.3471616411115974e-05,5.2999712352175266e-05,5.130128556629643e-05,5.365052129491232e-05,5.2392093493836e-05,5.0250597269041464e-05
2009-11-15,0.00013718999980483204,0.00014526893210131675,0.00015043416351545602,0.0001368800294585526,0.00014289710088633,0.00014747724344488233
2009-11-16,1.420811344132744e-07,7.115739322216541e-07,2.100822939610225e-06,1.6294315230425127e-07,5.776021794190456e-07,1.5526450170000317e-06
2009-11-17,5.5152254390122835e-06,4.706008439825382e-06,4.24043309976696e-06,8.146321306412574e-06,7.3177266131096985e-06,6.731093890266493e-06
2009-11-18,8.9198210844188e-06,8.669235285196919e-06,7.917376024124678e-06,1.4190685760695487e-05,1.3695161214855034e-05,1.2717602658085525e-05
2009-11-19,8.757674549997319e-06,7.801967512932606e-06,6.541310995089589e-06,7.085831839503953e-06,6.1071232266840525e-06,5.056633654021425e-06
2009-11-20,6.951629984541796e-06,6.186212885950226e-06,5.224145297688665e-06,6.113834388088435e-06,5.201763997320086e-06,4.320807875046739e-06
2009-11-21,0.0,0.0,0.0,0.0,0.0,0.0
2009-11-22,4.5367978600552306e-05,4.5906279410701245e-05,4.5565233449451625e-05,4.8534686357015744e-05,4.778761285706423e-05,4.6868546633049846e-05
2009-11-23,3.371410639374517e-05,3.350583210703917e-05,3.2007868867367506e-05,3.0066697945585474e-05,2.871152901207097e-05,2.665838837856427e-05
2009-11-24,3.1306942105402413e-07,9.339922257822764e-07,2.1397129330580356e-06,7.312670504688867e-07,1.3132033700458123e-06,2.3289724140340695e-06
2009-11-25,0.0,0.0,0.0,0.0,0.0,0.0
2009-11-26,4.884285331741012e-08,3.485091042421118e-07,9.625489383324748e-07,3.272014836852577e-08,2.2892275808317208e-07,6.288198619586183e-07
2009-11-27,6.269170853556716e-07,2.914544268151076e-07,2.342976870295388e-07,4.1992572619165003e-07,1.9139930884648493e-07,1.5302759948099265e-07
2009-11-28,6.619607302127406e-05,7.191391341621056e-05,7.531604205723852e-05,6.606334500247613e-05,7.09209925844334e-05,7.496445323340595e-05
2009-11-29,4.8709636757848784e-05,5.364677417674102e-05,5.4872438340680674e-05,4.762906610267237e-05,5.0801769248209894e-05,5.127907934365794e-05
2009-11-30,7.082452066242695e-05,6.969878450036049e-05,6.752821354893968e-05,7.757931598462164e-05,7.414990977849811e-05,7.035969611024484e-05
2009-12-01,6.709196895826608e-05,7.122668466763571e-05,7.402844494208694e-05,7.75458465795964e-05,7.979653310030699e-05,8.149183122441173e-05
2009-12-02,1.1936202781726024e-06,1.1659387837426038e-06,9.387902650814794e-07,1.206597971759038e-06,1.0382306072642677e-06,8.314481192428502e-07
2009-12-03,5.293646245263517e-05,5.510833943844773e-05,5.569992936216295e-05,5.927895108470693e-05,6.045470217941329e-05,6.06108624197077e-05
2009-12-04,1.442776010662783e-05,1.4267479855334386e-05,1.3481216228683479e-05,1.527141830592882e-05,1.493127547291806e-05,1.4544268196914345e-05
2009-12-05,2.6069494651892455e-06,3.1365707400254905e-06,4.466197879082756e-06,1.7445649973524269e-06,2.0563822999974946e-06,2.9123459626134718e-06
2009-12-06,4.102882303413935e-05,4.257503678672947e-05,4.2768206185428426e-05,3.762858614209108e-05,3.8049922295613214e-05,3.7557139876298606e-05
2009-12-07,4.5420023297992884e-07,5.497411734722846e-07,1.1801374739661696e-06,6.666260219390097e-07,8.231659194279928e-07,1.3428125384962186e-06
2009-12-08,3.273717447882518e-05,2.9032295060460456e-05,2.468136153765954e-05,2.87641269096639e-05,2.3964701540535316e-05,2.0111863705096766e-05
2009-12-09,1.1719727808667812e-05,1.1364187230356038e-05,9.629482519812882e-06,8.178974894690327e-06,7.796571480866987e-06,6.556842890859116e-06
2009-12-10,7.066191187732329e-07,4.210944837268471e-07,3.4245849178660137e-07,1.625464619792183e-06,9.616554734748206e-07,7.778769486321835e-07
2009-12-11,1.4436594710787176e-06,1.3088513242109912e-06,1.0581555898170336e-06,3.0761543712287676e-06,2.8586557618837105e-06,2.298869958394789e-06
2009-12-12,0.0,2.4102618567667378e-08,7.506473309604189e-08,0.0,1.578635711041443e-08,4.890087623721229e-08
2009-12-13,4.3506137444637716e-05,4.565669587464072e-05,4.6923487388994545e-05,2.9092436307109892e-05,2.9900376830482855e-05,3.0565031920559704e-05
2009-12-14,0.0,0.0,0.0,0.0,0.0,0.0
2009-12-15,2.454796776873991e-05,2.4614751964691095e-05,2.3821869035600685e-05,2.2069632905186154e-05,2.1580272004939616e-05,2.082475293718744e-05
2009-12-16,2.535627459110401e-07,2.3696529183325765e-07,1.915161220722439e-07,5.909494120714953e-07,5.408332413026073e-07,4.347523940850806e-07
2009-12-17,0.0,0.0,0.0,0.0,0.0,0.0
2009-12-18,0.00020797945035155863,0.00022227306908462197,0.00023122223501559347,0.00019777147099375725,0.00020741470507346094,0.00021606289374176413
2009-12-19,5.106756816530833e-06,4.366555458545918e-06,3.776598077820381e-06,6.9061961767147295e-06,6.093508545745863e-06,5.457981842482695e-06
2009-12-20,3.1876538741926197e-06,3.833985374512849e-06,4.3940685827692505e-06,3.2848777209437685e-06,3.6537910546030616e-06,4.03337480747723e-06
2009-12-21,5.378837613534415e-06,4.3462209760036785e-06,3.989304786955472e-06,9.025562576425727e-06,7.682778232265264e-06,7.151851605158299e-06
2009-12-22,0.00013493552978616208,0.00014312670100480318,0.00014917319640517235,0.00011982820433331653,0.00012404601147864014,0.00012811490159947425
2009-12-23,8.143894228851423e-05,9.156615851679817e-05,0.00010075614409288391,8.395892655244097e-05,9.071144449990243e-05,9.740322275320068e-05
2009-12-24,4.1772608483370277e-07,1.678610942690284e-06,4.2175825001322664e-06,4.3555337470024824e-07,1.5002398185970378e-06,3.6193089272273937e-06
2009-12-25,0.0,0.0,0.0,0.0,0.0,0.0
2009-12-26,1.0982566891470924e-06,1.7216434571309946e-06,2.7906671675737016e-06,7.872868650338205e-07,1.2128040225434233e-06,1.9588453596952604e-06
2009-12-27,0.0,0.0,0.0,0.0,0.0,0.0
2009-12-28,0.0,0.0,0.0,0.0,0.0,0.0
2009-12-29,1.4250277672545053e-05,1.51897402247414e-05,1.565576167195104e-05,9.784023859538138e-06,1.0003156603488605e-05,1.0239907169307116e-05
2009-12-30,6.156422750791535e-05,6.24401873210445e-05,6.105440843384713e-05,6.211994332261384e-05,6.169843982206658e-05,6.0095484514022246e-05
2009-12-31,4.505174729274586e-05,4.778739457833581e-05,5.015392889617942e-05,3.624440068961121e-05,3.837686745100655e-05,4.0865648770704865e-05
2010-01-01,0.00010292525985278189,0.00011352783621987328,0.00012114208948332816,7.901842764113098e-05,8.660645835334435e-05,9.330760804004967e-05
2010-01-02,5.5414566304534674e-05,5.682890332536772e-05,5.7670938986120746e-05,5.2707200666191056e-05,5.261166370473802e-05,5.235586650087498e-05
2010-01-03,8.860330126481131e-05,9.557409066474065e-05,0.00010240420670015737,8.992540824692696e-05,9.549698006594554e-05,0.00010169235611101612
2010-01-04,0.0,0.0,0.0,0.0,0.0,0.0
2010-01-05,3.0017722565389704e-06,3.4656468415050767e-06,4.0746081140241586e-06,2.0078307443327503e-06,2.269551941935788e-06,2.6532575247983914e-06
2010-01-06,5.875848501091241e-07,5.885408427275252e-07,5.257520001578087e-07,1.3701959460377111e-06,1.3436497283692006e-06,1.1934956773984595e-06
2010-01-07,0.0,0.0,0.0,0.0,0.0,0.0
2010-01-08,0.00012258051719982177,0.00013216614024713635,0.00013928570842836052,0.00012172812421340495,0.0001289831125177443,0.000135161928483285
2010-01-09,7.469771503565426e-07,8.00463908490201e-07,7.483805006813782e-07,1.7424639509044937e-06,1.8279475852978067e-06,1.6992420341921388e-06
2010-01-10,2.3278806111193262e-05,2.0619092538254336e-05,1.7914955606102012e-05,2.046935878752265e-05,1.7404581740265712e-05,1.4900963833497372e-05
2010-01-11,0.0001936361368279904,0.00020815127936657518,0.0002152920060325414,0.0001847602688940242,0.00019654841162264347,0.00020515565120149404
2010-01-12,8.354083547601476e-06,8.575521860620938e-06,9.119838978222106e-06,5.602419150818605e-06,5.636613423121162e-06,5.971241535007721e-06
2010-01-13,0.0,0.0,0.0,0.0,0.0,0.0
2010-01-14,8.774478033046762e-07,1.1467649301266647e-06,1.5925721754683764e-06,5.875330657545419e-07,7.515980087191565e-07,1.0377593753219116e-06
2010-01-15,0.00021909657516516745,0.00023177583352662623,0.000235166895436123,0.00022660955437459052,0.0002349669812247157,0.00023548316676169634
2010-01-16,0.00013593168114311993,0.00014481187099590898,0.00014798977645114064,0.00014484106213785708,0.00015378309763036668,0.00015873141819611192
2010-01-17,1.2657597835641354e-05,1.2901391528430395e-05,1.2139133104938082e-05,1.920554495882243e-05,1.926825279952027e-05,1.833749411161989e-05
2010-01-18,3.1681759082857752e-06,3.387284550626646e-06,3.147852567053633e-06,2.6882362362812273e-06,2.7011108159058494e-06,2.4393007151957136e-06
2010-01-19,0.0001448962721042335,0.0001477856421843171,0.00014127082249615341,0.00016382125613745302,0.00016680319095030427,0.00016328079800587147
2010-01-20,0.0,0.0,0.0,0.0,0.0,0.0
2010-01-21,0.0,0.0,0.0,0.0,0.0,0.0
2010-01-22,5.520781087398063e-06,6.116173608461395e-06,6.079179001972079e-06,4.278288997738855e-06,4.653320502256975e-06,4.654136319004465e-06
2010-01-23,3.045062840101309e-05,2.9050597731838934e-05,2.730341839196626e-05,4.797833753400482e-05,4.623403219738975e-05,4.458440889720805e-05
2010-01-24,0.0,0.0,0.0,0.0,0.0,0.0
2010-01-25,0.0,0.0,0.0,0.0,0.0,0.0
2010-01-26,3.0931667538425245e-07,3.438206306327629e-07,3.09462450331921e-07,7.230589176288049e-07,7.863949349484756e-07,7.037537557152973e-07
2010-01-27,0.0,0.0,0.0,0.0,0.0,0.0
2010-01-28,0.0,0.0,0.0,0.0,0.0,0.0
2010-01-29,5.634768240270205e-05,6.081656465539709e-05,6.45682230242528e-05,5.4626623750664294e-05,5.71872187720146e-05,5.993495506118052e-05
2010-01-30,7.795111741870642e-05,7.798052683938295e-05,7.531658047810197e-05,0.00010119603393832222,0.00010110592847922817,9.894290997181088e-05
2010-01-31,0.0,0.0,0.0,0.0,0.0,0.0
2010-02-01,0.00010293631930835545,0.00010366482456447557,0.00010104909597430378,0.00011037442891392857,0.00010914091399172321,0.0001061546936398372
2010-02-02,0.00010227333405055106,0.00011391417501727119,0.000122846569865942,7.203712448244914e-05,7.969325088197365e-05,8.730500121600926e-05
2010-02-03,0.00010033728904090822,0.00011458800145192072,0.00012216941104270518,7.89656478445977e-05,8.909998723538592e-05,9.595204755896702e-05
2010-02-04,3.300421667518094e-05,3.769966497202404e-05,4.319561048760079e-05,3.300843309261836e-05,3.637549525592476e-05,4.110483132535592e-05
2010-02-05,3.94337575926329e-08,1.8873992146950513e-08,1.5287307419953322e-08,9.2228447101661e-08,4.3190294007899865e-08,3.4791696634783875e-08
2010-02-06,3.939674684261263e-07,4.1036844322661636e-07,3.3233791896236653e-07,2.643235177401948e-07,2.693923590868508e-07,2.1698495800137607e-07
2010-02-07,2.4706519980099984e-05,2.4401562768616714e-05,2.363076782785356e-05,2.843105721694883e-05,2.8006026695948094e-05,2.8227788789081387e-05
2010-02-08,5.214225529925898e-05,4.8937676183413714e-05,4.4654327211901546e-05,7.702956645516679e-05,7.26618236512877e-05,6.722313992213458e-05
2010-02-09,0.00021708905114792287,0.00023793389846105129,0.000251098710577935,0.00018190115224570036,0.0001969303993973881,0.00020815322932321578
2010-02-10,0.0002483092248439789,0.00028338393894955516,0.00032184040173888206,0.00020986006711609662,0.00023387795954477042,0.00026326614897698164
2010-02-11,6.336134538287297e-05,7.678382098674774e-05,9.07338471733965e-05,5.543281076825224e-05,6.552789272973314e-05,7.790476229274645e-05
2010-02-12,8.043427078519017e-05,9.103123738896102e-05,0.00010329874203307554,8.103933214442804e-05,8.80715306266211e-05,9.815082012210041e-05
2010-02-13,2.7067912924394477e-06,2.8498461688286625e-06,2.7415812837716658e-06,5.195730409468524e-06,5.431602858152473e-06,5.3223334361973684e-06
2010-02-14,2.968134182879112e-08,6.249851480788493e-08,1.9499890413499088e-07,5.710377948275891e-08,4.1026051889048176e-08,1.2735218035686557e-07
2010-02-15,0.0,0.0,0.0,0.0,0.0,0.0
2010-02-16,2.2199790691956878e-05,2.1716910850955173e-05,2.0349798433016986e-05,2.4023842343012802e-05,2.3033408069750294e-05,2.1777101210318506e-05
2010-02-17,1.7055739590432495e-05,1.624839387659449e-05,1.442061966372421e-05,2.2138015992823057e-05,2.1244282834231853e-05,1.9625098502729088e-05
2010-02-18,0.0,0.0,0.0,0.0,0.0,0.0
2010-02-19,0.0,0.0,0.0,0.0,0.0,0.0
2010-02-20,0.0,0.0,0.0,0.0,0.0,0.0
2010-02-21,0.0,0.0,0.0,0.0,0.0,0.0
2010-02-22,0.0,0.0,0.0,0.0,0.0,0.0
2010-02-23,0.0,0.0,0.0,0.0,0.0,0.0
2010-02-24,4.116803393117152e-05,4.10124339396134e-05,3.992912024841644e-05,4.214125874568708e-05,4.097871351405047e-05,3.9684673538431525e-05
2010-02-25,0.0,0.0,0.0,0.0,0.0,0.0
2010-02-26,0.0,0.0,0.0,0.0,0.0,0.0
2010-02-27,0.00019337116100359708,0.00019707635510712862,0.00018949889636132866,0.00019029510440304875,0.00018904186435975134,0.00017953288624994457
2010-02-28,6.754641799489036e-05,8.346611866727471e-05,0.00010368237417424098,7.534267933806404e-05,9.0577028458938e-05,0.00011069052561651915
2010-03-01,2.8846381610492244e-05,2.709658110688906e-05,2.3565680749015883e-05,3.0450773920165375e-05,2.8311442292761058e-05,2.5199924493790604e-05
2010-03-02,1.0837956097020651e-06,1.3032322385697626e-06,1.3825027735947515e-06,2.5274277959397295e-06,2.979867304020445e-06,3.146976041534799e-06
2010-03-03,3.5928842407884076e-05,3.840180943370797e-05,3.770466355490498e-05,2.4031085558817722e-05,2.518738438084256e-05,2.4620163458166644e-05
2010-03-04,1.5507008356507868e-05,1.6068270269897766e-05,1.6877864254638553e-05,1.608457023394294e-05,1.6116517144837417e-05,1.629347934795078e-05
2010-03-05,0.00017479440430179238,0.0001873237342806533,0.0001938033092301339,0.00019400827295612544,0.0002033421042142436,0.00020841213699895889
2010-03-06,1.5884800177445868e-06,2.0497379864536924e-06,3.1443639727513073e-06,1.4400757208932191e-06,1.78003733708465e-06,2.8861782084277365e-06
2010-03-07,0.0,0.0,0.0,0.0,0.0,0.0
2010-03-08,0.0,0.0,0.0,0.0,0.0,0.0
2010-03-09,6.825502509855141e-07,0.0,0.0,6.304402404566645e-07,0.0,0.0
2010-03-10,0.00014517577074002475,0.00015678739873692393,0.0001614589709788561,0.00014030185411684215,0.00014938584354240447,0.00015474524116143584
2010-03-11,8.695964424987324e-06,9.790906915441155e-06,1.2243359378771856e-05,1.0715139978856314e-05,1.1552196156117134e-05,1.3358378055272624e-05
2010-03-12,7.060510597511893e-06,7.185878075688379e-06,7.160504083003616e-06,5.096527729619993e-06,4.785888449987397e-06,4.734489721158752e-06
2010-03-13,0.00014527278835885227,0.00016080359637271613,0.000174252490978688,0.0001890477433335036,0.0002040404360741377,0.00021807500161230564
2010-03-14,2.9890628866269253e-05,3.101197580690496e-05,3.05316862068139e-05,3.814481169683859e-05,3.8172536733327433e-05,3.7256711948430166e-05
2010-03-15,1.759764018061105e-05,1.8867040125769563e-05,1.825269646360539e-05,1.5910982256173156e-05,1.671871359576471e-05,1.6234338545473292e-05
2010-03-16,7.250781345646828e-05,7.796096178935841e-05,8.038315718295053e-05,6.0142996517242864e-05,6.331905751721933e-05,6.496403511846438e-05
2010-03-17,0.0,9.581246906975593e-09,2.9792010636242594e-08,0.0,6.2805822764744335e-09,1.9446531496214448e-08
2010-03-18,2.0666973341576522e-06,4.392584287415957e-06,8.595598956162576e-06,1.3786324188913568e-06,3.0748278732062317e-06,6.215941994014429e-06
2010-03-19,0.0,0.0,0.0,0.0,0.0,0.0
2010-03-20,2.4720238798181526e-05,2.0774657969013788e-05,1.6929250705288723e-05,2.798514651658479e-05,2.3680118829361163e-05,1.9429186068009585e-05
2010-03-21,3.927582292817533e-05,4.368540248833597e-05,4.588420415529981e-05,3.341026240377687e-05,3.76961070287507e-05,4.0773084037937224e-05
2010-03-22,0.0,0.0,0.0,0.0,0.0,0.0
2010-03-23,0.00011368004197720438,0.000129206309793517,0.00014246713544707745,0.00011536649253685027,0.00012901997251901776,0.0001416044106008485
2010-03-24,1.0727997505455278e-05,9.721797141537536e-06,8.61512580740964e-06,2.2926507881493308e-05,2.1036559701315127e-05,1.787819383025635e-05
2010-03-25,5.6239157856907696e-05,5.818665158585645e-05,5.6978464272106066e-05,5.2180621423758566e-05,5.430601959233172e-05,5.502403655555099e-05
2010-03-26,0.0001154389392468147,0.0001240601559402421,0.00012727496505249292,0.00011840734805446118,0.00012190363486297429,0.00012081439490430057
2010-03-27,2.912595300585963e-05,3.2668584026396275e-05,3.562718484317884e-05,2.850058808689937e-05,3.1271152693079785e-05,3.412579098949209e-05
2010-03-28,0.0,0.0,0.0,0.0,0.0,0.0
2010-03-29,6.481286163761979e-06,7.449687473126687e-06,8.190624612325337e-06,1.0231777196167968e-05,1.1144933523610234e-05,1.1725356671377085e-05
2010-03-30,0.0,0.0,0.0,0.0,0.0,0.0
2010-03-31,5.892443732591346e-05,6.102806582930498e-05,6.066295100026764e-05,6.573773134732619e-05,6.661289080511779e-05,6.546275835717097e-05
2010-04-01,0.00010885239316849038,0.00011737451859517023,0.00012481273734010756,0.00010288620978826657,0.0001104774564737454,0.0001184847133117728
2010-04-02,2.0276082068448886e-05,2.3431533918483183e-05,2.6277533834218048e-05,1.3682163626071997e-05,1.614665234228596e-05,1.91506405826658e-05
2010-04-03,0.0,0.0,0.0,0.0,0.0,0.0
2010-04-04,2.0284331185393967e-05,2.1285350157995708e-05,2.1872712750337087e-05,1.4625064977735747e-05,1.5475692634936422e-05,1.6355763364117593e-05
2010-04-05,0.0,0.0,0.0,0.0,0.0,0.0
2010-04-06,0.0,0.0,0.0,0.0,0.0,0.0
2010-04-07,6.359386316034943e-05,6.42640734440647e-05,6.290418969001621e-05,7.108443242032081e-05,7.106394332367927e-05,6.946015491848812e-05
2010-04-08,3.7178534739723545e-07,0.0,0.0,2.475465237239405e-07,0.0,0.0
2010-04-09,0.0,1.6911992872792325e-07,5.238013613961812e-07,0.0,2.898869695400208e-07,8.941781288740458e-07
2010-04-10,0.0,0.0,0.0,0.0,0.0,0.0
2010-04-11,0.0,0.0,0.0,0.0,0.0,0.0
2010-04-12,0.0,0.0,0.0,0.0,0.0,0.0
2010-04-13,0.0,0.0,0.0,0.0,0.0,0.0
2010-04-14,0.0,0.0,0.0,0.0,0.0,0.0
2010-04-15,0.0,0.0,0.0,0.0,0.0,0.0
2010-04-16,0.0,0.0,0.0,0.0,0.0,0.0
2010-04-17,2.526400976421428e-06,2.2885863018018426e-06,1.9981246168754296e-06,5.864305421710014e-06,5.24153847436537e-06,4.558537057164358e-06
2010-04-18,1.4383876987267286e-05,1.044642340275459e-05,8.956846613727976e-06,2.116302857757546e-05,1.6958558262558654e-05,1.4601010661863256e-05
2010-04-19,0.0,2.248867758680717e-07,6.941569949958648e-07,0.0,1.478105247088024e-07,4.545104559383617e-07
2010-04-20,5.4308318794937804e-05,5.0841306801885366e-05,4.665993037633598e-05,5.618407521978952e-05,5.336365939001553e-05,5.114716259413399e-05
2010-04-21,6.55715266475454e-05,6.220686191227287e-05,6.14436503383331e-05,6.932525138836354e-05,6.998157914495096e-05,7.483929948648438e-05
2010-04-22,0.0,0.0,0.0,0.0,0.0,0.0
2010-04-23,0.0,0.0,0.0,0.0,0.0,0.0
2010-04-24,1.2526566933956929e-05,1.2616309504664969e-05,1.077204888133565e-05,8.598327440267894e-06,8.666122994327452e-06,7.58957094149082e-06
2010-04-25,8.773069566814229e-05,8.873880142346025e-05,8.814295870251954e-05,9.46908476180397e-05,9.371987835038453e-05,9.085349302040413e-05
2010-04-26,5.1052258640993387e-05,5.492126365425065e-05,6.001308065606281e-05,6.332017801469192e-05,6.704754196107388e-05,7.173206540755928e-05
2010-04-27,0.00011371173604857177,0.00011680659372359514,0.00011769575212383643,0.00010940001084236428,0.00011071350309066474,0.00011123297736048698
2010-04-28,4.01774377678521e-06,4.3517602534848265e-06,5.050319032307016e-06,8.351194992428645e-06,8.66235677676741e-06,9.26897791941883e-06
2010-04-29,0.0,0.0,0.0,0.0,0.0,0.0
2010-04-30,0.0,0.0,0.0,0.0,0.0,0.0
2010-05-01,2.823389024797507e-07,2.568446788586698e-08,7.884698760562969e-08,6.559355369972764e-07,5.9019924947278923e-08,1.8062189610645873e-07
2010-05-02,0.0,0.0,0.0,0.0,0.0,0.0
2010-05-03,0.0,0.0,0.0,0.0,0.0,0.0
2010-05-04,0.0,0.0,0.0,0.0,0.0,0.0
2010-05-05,9.715293708723038e-05,9.724464325699955e-05,9.633762965677306e-05,9.585709631210193e-05,9.563298226566985e-05,9.545934881316498e-05
2010-05-06,3.5949841503679636e-07,2.9195575734775048e-06,8.639298357593361e-06,8.355482918886992e-07,2.3413504095515236e-06,6.460508757299976e-06
2010-05-07,3.764165739994496e-05,3.412739170016721e-05,2.707870226004161e-05,3.796645614784211e-05,3.444335379754193e-05,2.725928061408922e-05
2010-05-08,7.446521340170875e-05,7.417055167024955e-05,6.564695650013164e-05,7.506256952183321e-05,7.601135439472273e-05,7.03914774931036e-05
2010-05-09,0.0,0.0,0.0,0.0,0.0,0.0
2010-05-10,4.028915645903908e-05,3.921637107850984e-05,3.915682827937417e-05,4.1539711673976853e-05,3.9387170545523986e-05,3.771448609768413e-05
2010-05-11,7.88560719229281e-05,8.375226752832532e-05,8.538037218386307e-05,8.636811253381893e-05,9.170448174700141e-05,9.432731894776225e-05
2010-05-12,0.0,0.0,0.0,0.0,0.0,0.0
2010-05-13,0.0,0.0,0.0,0.0,0.0,0.0
2010-05-14,0.0,0.0,0.0,0.0,0.0,0.0
2010-05-15,6.4279811340384185e-06,3.4005333873210475e-06,2.6874415652855532e-06,1.0146040040126536e-05,7.846754670026712e-06,6.190480689838296e-06
2010-05-16,0.00022788405476603657,0.00023224194592330605,0.0002312208089279011,0.00018541124882176518,0.00018759530212264508,0.00018665421521291137
2010-05-17,3.484190892777406e-05,4.3605148675851524e-05,5.210447852732614e-05,2.375966141698882e-05,3.0036651878617704e-05,3.6804300179937854e-05
2010-05-18,0.0,0.0,0.0,0.0,0.0,0.0
2010-05-19,0.0,0.0,0.0,0.0,0.0,0.0
2010-05-20,9.02790852705948e-05,7.603457197546959e-05,6.64683902869001e-05,8.79223007359542e-05,7.253066723933443e-05,6.214078166522086e-05
2010-05-21,7.278793054865673e-05,7.931550499051809e-05,8.80304942256771e-05,7.2789604018908e-05,7.67145975260064e-05,8.27484909677878e-05
2010-05-22,0.0,1.1492712559402207e-07,3.4925017189380014e-07,0.0,1.5139990239276813e-07,4.5964546302457165e-07
2010-05-23,0.00012533234257716686,0.000129159219795838,0.00012846435129176825,0.0001186350200441666,0.00012148958921898156,0.00012150100519647822
2010-05-24,0.0,3.5188006677344674e-06,1.0684950211725663e-05,0.0,3.343020352986059e-06,1.0143747203983366e-05
2010-05-25,0.0,0.0,0.0,0.0,0.0,0.0
2010-05-26,0.0,0.0,0.0,0.0,0.0,0.0
2010-05-27,6.417930762836477e-06,6.3338320615002885e-06,5.0182734412373975e-06,4.28556586484774e-06,4.234454081597505e-06,3.4148458780691726e-06
2010-05-28,0.0,0.0,0.0,0.0,0.0,0.0
2010-05-29,6.388334440998733e-06,1.4094715652390732e-06,1.1077579529228387e-06,4.2661467887228355e-06,9.366843300995242e-07,7.360449671978131e-07
2010-05-30,7.126828859327361e-05,7.326197373913601e-05,7.353838009294122e-05,5.84557383263018e-05,6.085235872888006e-05,6.292659236351028e-05
2010-05-31,0.0,0.0,0.0,0.0,0.0,0.0
2010-06-01,0.0,0.0,0.0,0.0,0.0,0.0
2010-06-02,6.281967944232747e-05,6.146694795461372e-05,5.4041101975599304e-05,4.1955936467275023e-05,4.0886276110541075e-05,3.5955548810306937e-05
2010-06-03,0.0,0.0,0.0,0.0,0.0,0.0
2010-06-04,0.0,0.0,0.0,0.0,0.0,0.0
2010-06-05,0.0,0.0,0.0,0.0,0.0,0.0
2010-06-06,0.0,0.0,0.0,0.0,0.0,0.0
2010-06-07,0.0,0.0,0.0,0.0,0.0,0.0
2010-06-08,3.7871854146942496e-05,3.927141005988233e-05,3.606249447329901e-05,2.7083120585302822e-05,2.840059642039705e-05,3.0500435968860984e-05
2010-06-09,8.750370170673705e-07,0.0,0.0,2.0373190636746585e-06,0.0,0.0
2010-06-10,0.0001290637592319399,0.0001346205099252984,0.00013554672477766871,0.00013033609138801694,0.00013540763757191598,0.0001370839891023934
2010-06-11,0.00011178212298545986,0.00011088099563494325,0.00010806429054355249,0.00011714320862665772,0.00011584607273107395,0.00011335311864968389
2010-06-12,5.625442645396106e-05,6.446185579989105e-05,6.852122896816581e-05,6.234586180653423e-05,7.066940452205017e-05,7.547412678832188e-05
2010-06-13,0.0,0.0,0.0,0.0,0.0,0.0
2010-06-14,0.0,0.0,0.0,0.0,0.0,0.0
2010-06-15,6.661609950242564e-05,6.9052679464221e-05,6.587803363800049e-05,6.693435716442764e-05,6.943002517800778e-05,6.754839705536142e-05
2010-06-16,0.0,0.0,0.0,0.0,0.0,0.0
2010-06-17,0.0,0.0,0.0,0.0,0.0,0.0
2010-06-18,3.366126475157216e-05,3.174133235006593e-05,2.8699772883555852e-05,3.047374775633216e-05,2.77998078672681e-05,2.9969465686008334e-05
2010-06-19,0.0,0.0,0.0,0.0,0.0,0.0
2010-06-20,0.0,0.0,0.0,0.0,0.0,0.0
2010-06-21,8.598085514677223e-06,2.05373294193123e-06,1.611760126252193e-06,1.082614926417591e-05,4.772432021127315e-06,3.7518088902288582e-06
2010-06-22,0.0,0.0,0.0,0.0,0.0,0.0
2010-06-23,2.29018965569594e-07,2.3519962155660323e-07,1.8465512141574436e-07,5.328925567482656e-07,5.465382741931535e-07,4.2986107473552693e-07
2010-06-24,0.0,0.0,0.0,0.0,0.0,0.0
2010-06-25,6.803447467973456e-05,6.317026418400928e-05,5.4414220358012244e-05,7.282400474650785e-05,6.85794439050369e-05,6.0164373280713335e-05
2010-06-26,0.0,0.0,0.0,0.0,0.0,0.0
2010-06-27,0.00020745037181768566,0.00021376064978539944,0.00021378214296419173,0.00020713267440441996,0.00021428622130770236,0.00021572162222582847
2010-06-28,6.66846171952784e-05,7.346786151174456e-05,7.75709340814501e-05,6.084615961299278e-05,6.737064541084692e-05,7.087901030899957e-05
2010-06-29,0.0,0.0,0.0,0.0,0.0,0.0
2010-06-30,8.94909771886887e-06,0.0,0.0,9.244613465853035e-06,0.0,0.0
2010-07-01,0.00019295841048005968,0.00019903724023606628,0.00019527673430275172,0.0001927376724779606,0.00019943104416597635,0.00019620568491518497
2010-07-02,0.0001953238097485155,0.00022188361617736518,0.00024289506836794317,0.00019137500203214586,0.00021800509421154857,0.00023896637139841914
2010-07-03,0.00011450023157522082,0.00011161057773279026,0.00010655353253241628,0.00012001547293039039,0.0001176906080218032,0.00011177398846484721
2010-07-04,7.406415534205735e-05,6.468001811299473e-05,5.171146767679602e-05,9.107640653382987e-05,8.299736509798095e-05,6.727921572746709e-05
2010-07-05,6.776919326512143e-05,7.310677028726786e-05,7.175230712164193e-05,7.084623939590529e-05,7.783138426020741e-05,7.865825318731368e-05
2010-07-06,0.0,0.0,0.0,0.0,0.0,0.0
2010-07-07,1.1138361514895223e-05,1.1999342859780882e-05,1.167821574199479e-05,2.0907367797917686e-05,2.2797838028054684e-05,2.316401332791429e-05
2010-07-08,0.0,0.0,0.0,0.0,0.0,0.0
2010-07-09,0.0,0.0,0.0,0.0,0.0,0.0
2010-07-10,0.0,0.0,0.0,0.0,0.0,0.0
2010-07-11,3.2227715109911514e-06,1.9168078324582893e-06,1.51463029851584e-06,2.1465823465405265e-06,1.2744008017762098e-06,1.0089939905810752e-06
2010-07-12,0.0,0.0,0.0,0.0,0.0,0.0
2010-07-13,9.55360519583337e-05,9.658584895078093e-05,0.00010391093383077532,0.00011231368989683688,0.00011480236571514979,0.00012041205627610907
2010-07-14,2.762104031717172e-06,2.8522931643237825e-06,2.257044798170682e-06,1.8388584521744633e-06,1.894833758342429e-06,1.5022396837593988e-06
2010-07-15,0.0,0.0,0.0,0.0,0.0,0.0
2010-07-16,0.0,0.0,0.0,0.0,0.0,0.0
2010-07-17,0.00010206565639236942,0.00010409890091978014,0.0001031847350532189,0.00010032857971964404,0.00010279371053911746,0.00010283054871251807
2010-07-18,2.3791686544427648e-05,2.520607267797459e-05,3.016318441950716e-05,2.185524135711603e-05,2.302145367139019e-05,2.6059573428938165e-05
2010-07-19,0.0,0.0,0.0,0.0,0.0,0.0
2010-07-20,6.286880989136989e-07,0.0,0.0,1.457521420888952e-06,0.0,0.0
2010-07-21,0.00014021109382156283,0.00014377373736351728,0.0001492598676122725,0.00014475388161372393,0.00014862098032608628,0.00015467341290786862
2010-07-22,0.0,0.0,0.0,0.0,0.0,0.0
2010-07-23,0.0,0.0,0.0,0.0,0.0,0.0
2010-07-24,4.2566534830257297e-07,0.0,0.0,9.861420267043286e-07,0.0,0.0
2010-07-25,0.00019579753279685974,0.00020094594219699502,0.0002137122501153499,0.00018384501163382083,0.00018507374625187367,0.00019610328308772296
2010-07-26,8.93689357326366e-05,0.00010270812344970182,0.00012218512711115181,8.507184247719124e-05,9.733833576319739e-05,0.0001174694043584168
2010-07-27,0.0,1.0317564829165349e-06,3.168526745866984e-06,0.0,2.3794450498826336e-06,7.316898972931085e-06
2010-07-28,8.902996341930702e-05,8.976898243417963e-05,8.79706276464276e-05,9.520485764369369e-05,9.771378972800449e-05,9.764347487362102e-05
2010-07-29,1.0232937484033755e-06,0.0,0.0,1.2631275012608967e-06,0.0,0.0
2010-07-30,0.0,0.0,0.0,0.0,0.0,0.0
2010-07-31,7.734467544651125e-06,6.066913101676619e-06,4.890413492830703e-06,1.653647814237047e-05,1.3973289242130704e-05,1.1275680662947707e-05
2010-08-01,8.635439371573739e-06,7.229920811369084e-06,6.137348009360721e-06,1.0609249329718295e-05,1.0081318578158971e-05,8.902275112632196e-06
2010-08-02,1.2289598316783668e-06,0.0,0.0,8.41565849896142e-07,0.0,0.0
2010-08-03,0.00011460032692411914,0.00011398352944524959,0.00011563047155505046,0.00011713339335983619,0.00011417619680287316,0.00011511961201904342
2010-08-04,5.123674782225862e-06,8.874852028384339e-06,1.5192379578365944e-05,1.1848151189042255e-05,1.6355006664525717e-05,2.2458680177805945e-05
2010-08-05,0.0,0.0,0.0,0.0,0.0,0.0
2010-08-06,0.0,0.0,0.0,0.0,0.0,0.0
2010-08-07,0.0,0.0,0.0,0.0,0.0,0.0
2010-08-08,0.0,0.0,0.0,0.0,0.0,0.0
2010-08-09,6.156616109365132e-06,3.4838149076676928e-06,2.786043296509888e-06,5.137577772984514e-06,2.2958809040574124e-06,1.8368866676610196e-06
2010-08-10,0.00014167645713314414,0.00013887809473089874,0.00013142723764758557,0.00012637482723221183,0.0001224353036377579,0.00011615206312853843
2010-08-11,9.654661698732525e-05,9.969812526833266e-05,9.772311022970825e-05,0.00010156131611438468,0.0001034212255035527,0.00010171817848458886
2010-08-12,0.0,0.0,0.0,0.0,0.0,0.0
2010-08-13,0.0,0.0,0.0,0.0,0.0,0.0
2010-08-14,2.04651269086753e-06,1.3692256288777571e-06,1.0959671499222168e-06,3.4622532893990865e-06,1.834570184655604e-06,1.46857792060473e-06
2010-08-15,7.145401070829394e-08,6.571917197106814e-07,2.029236611633678e-06,7.6986175656657e-08,4.3256576987005246e-07,1.3356731187741389e-06
2010-08-16,0.0,0.0,0.0,0.0,0.0,0.0
2010-08-17,1.8790160538628697e-05,1.7943279090104625e-05,1.6667725503793918e-05,4.338859434938058e-05,4.1157658415613696e-05,3.822668077191338e-05
2010-08-18,5.316807801136747e-05,5.3525393013842404e-05,5.118885019328445e-05,5.1377970521571115e-05,5.4030566388973966e-05,5.398397843237035e-05
2010-08-19,0.0,0.0,0.0,0.0,0.0,0.0
2010-08-20,0.0,0.0,0.0,0.0,0.0,0.0
2010-08-21,0.0,0.0,0.0,0.0,0.0,0.0
2010-08-22,0.0,0.0,0.0,0.0,0.0,0.0
2010-08-23,8.40543580125086e-05,8.38889172882773e-05,8.091281051747501e-05,8.183989120880142e-05,8.339785563293844e-05,8.262912888312712e-05
2010-08-24,1.875965722319961e-06,9.798154678719584e-07,8.239387057074055e-07,3.5143982586305356e-06,1.4017342664374155e-06,1.2118631502744392e-06
2010-08-25,0.00010659608960850164,0.0001101962334359996,0.0001094634280889295,9.635442984290421e-05,0.00010127683344762772,0.00010756750998552889
2010-08-26,0.0,0.0,0.0,0.0,0.0,0.0
2010-08-27,6.927146023372188e-05,6.344182475004345e-05,5.079309266875498e-05,4.587830699165352e-05,4.1724641050677747e-05,3.338617170811631e-05
2010-08-28,1.5123695447982755e-05,2.020053580054082e-05,2.6345529477111995e-05,1.0016738997364882e-05,1.3284332453622483e-05,1.730825169943273e-05
2010-08-29,6.479289004346356e-05,7.357890717685223e-05,7.301234290935099e-05,4.291561708669178e-05,4.8388890718342736e-05,4.7964935220079497e-05
2010-08-30,0.0,0.0,0.0,0.0,0.0,0.0
2010-08-31,0.0,2.843485447101557e-07,8.775330684329674e-07,0.0,3.1939111977408174e-07,9.844686701399041e-07
2010-09-01,6.617520557483658e-05,6.71535381115973e-05,6.6049637098331e-05,5.535052332561463e-05,5.457860606838949e-05,5.358926864573732e-05
2010-09-02,0.0,0.0,0.0,0.0,0.0,0.0
2010-09-03,5.380526317821932e-07,5.642843916575657e-07,4.6076198145783565e-07,3.565121176052344e-07,3.7804758790116466e-07,3.2365477409257437e-07
2010-09-04,0.0,0.0,0.0,0.0,0.0,0.0
2010-09-05,6.232967280084267e-06,7.116285360098118e-06,8.272884770121891e-06,1.4399826795852277e-05,1.541879646538291e-05,1.6159330698428676e-05
2010-09-06,0.00011254612763877958,0.00011673544941004366,0.00012269239232409745,8.669641829328611e-05,8.746926323510706e-05,9.376809612149373e-05
2010-09-07,0.0,0.0,0.0,0.0,0.0,0.0
2010-09-08,8.174862955456774e-07,1.0357744031352922e-06,1.312210770265665e-06,5.419944955065148e-07,6.818938231845095e-07,8.622768064014963e-07
2010-09-09,9.031593799591064e-05,8.776821778155863e-05,8.525895100319758e-05,0.00010101542284246534,9.701371163828298e-05,9.300142846768722e-05
2010-09-10,0.0002098202530760318,0.00021565936913248152,0.00022835144773125648,0.0002257850137539208,0.0002315887832082808,0.0002427280560368672
2010-09-11,0.00013311885413713753,0.00013539577776100487,0.00013058280455879867,9.155680163530633e-05,9.254640463041142e-05,8.851179882185534e-05
2010-09-12,3.270374236308271e-06,3.302551476735971e-06,2.635741338963271e-06,2.1696714611607604e-06,2.175753706978867e-06,1.7326748320556362e-06
2010-09-13,0.0,0.0,0.0,0.0,0.0,0.0
2010-09-14,7.170003664214164e-05,6.804081931477413e-05,6.171090353745967e-05,8.346976392203942e-05,7.899616321083158e-05,7.117817585822195e-05
2010-09-15,0.00018996020662598312,0.00019334476382937282,0.0001982889953069389,0.0002006873837672174,0.00020220849546603858,0.00020234822295606136
2010-09-16,7.447935786331072e-05,7.871491834521294e-05,8.355467434739694e-05,6.950612441869453e-05,7.33112683519721e-05,7.957945490488783e-05
2010-09-17,9.42870246944949e-05,9.551116090733558e-05,0.00010344982729293406,0.00010742826998466626,0.00010693167132558301,0.00011010542220901698
2010-09-18,0.00021950942755211145,0.00022976851323619485,0.00022713198268320411,0.0002158611750928685,0.00022605030972044915,0.00022715717204846442
2010-09-19,0.0,0.0,0.0,0.0,0.0,0.0
2010-09-20,0.0,0.0,0.0,0.0,0.0,0.0
2010-09-21,0.0,2.9692587943941362e-08,9.120259392148e-08,0.0,6.832198806705492e-08,2.0925060084664437e-07
2010-09-22,0.0,0.0,0.0,0.0,0.0,0.0
2010-09-23,0.0,2.68301278083527e-07,8.237246902353945e-07,0.0,1.771780517856314e-07,5.423114544100827e-07
2010-09-24,7.365366627709591e-08,8.847279531210006e-08,9.783782672911912e-08,1.7079236158679123e-07,2.0370993070173427e-07,2.2457177806245454e-07
2010-09-25,0.0,0.0,0.0,0.0,0.0,0.0
2010-09-26,9.686113480711356e-05,9.260633669327945e-05,8.790112769929692e-05,0.00010211826884187758,9.826807217905298e-05,9.443649469176307e-05
2010-09-27,0.00025579510838724673,0.0002695898001547903,0.0002675269788596779,0.00024097114510368556,0.00025462350458838046,0.0002582811866886914
2010-09-28,4.4345722471916815e-07,1.264569732484233e-06,2.834024371622945e-06,1.0294056664861273e-06,2.408213276794413e-06,4.962145339959534e-06
2010-09-29,0.0,0.0,0.0,0.0,0.0,0.0
2010-09-30,0.0,0.0,0.0,0.0,0.0,0.0
2010-10-01,3.722875771927647e-05,3.850337816402316e-05,3.617213587858714e-05,4.532273669610731e-05,4.646452725864947e-05,4.4488646381068975e-05
2010-10-02,0.0,0.0,0.0,0.0,0.0,0.0
2010-10-03,0.0,0.0,0.0,0.0,0.0,0.0
2010-10-04,5.930751285632141e-07,6.377010777214309e-07,5.655963377648732e-07,1.3790021284876275e-06,1.4711966969116475e-06,1.2998084457649384e-06
2010-10-05,0.0,0.0,0.0,0.0,0.0,0.0
2010-10-06,0.0,0.0,0.0,0.0,0.0,0.0
2010-10-07,0.0,0.0,0.0,0.0,0.0,0.0
2010-10-08,0.0,0.0,0.0,0.0,0.0,0.0
2010-10-09,5.362514912121696e-06,5.7243150877184235e-06,5.148479431227315e-06,6.573621703864774e-06,6.760351880075177e-06,5.860782493982697e-06
2010-10-10,0.0,0.0,0.0,0.0,0.0,0.0
2010-10-11,1.4879804439260624e-05,1.7777460016077384e-05,1.9500272173900157e-05,9.944330486177932e-06,1.1775210623454768e-05,1.286020597035531e-05
2010-10-12,5.8355231885798275e-05,7.161620305851102e-05,9.199361375067383e-05,4.705847459263168e-05,5.5814540246501565e-05,7.052404544083402e-05
2010-10-13,3.1346669857157394e-05,4.16814764321316e-05,6.600815686397254e-05,3.4691514883888885e-05,4.274996535968967e-05,6.267774006118998e-05
2010-10-14,0.0,0.0,0.0,0.0,0.0,0.0
2010-10-15,2.9668065053556347e-06,1.5005219893282629e-06,1.1916416724488954e-06,6.5158337747561745e-06,3.465321697149193e-06,2.7393377877160674e-06
2010-10-16,0.00027306436095386744,0.00028015964198857546,0.0002794433676172048,0.0003302475088275969,0.00034424162004143,0.0003542508347891271
2010-10-17,0.0,0.0,0.0,0.0,0.0,0.0
2010-10-18,8.081494229372765e-08,5.1566704684091746e-08,4.096173000789349e-08,1.8858111161534907e-07,1.1908728936305124e-07,9.414510060423709e-08
2010-10-19,0.0,0.0,0.0,0.0,0.0,0.0
2010-10-20,5.3314007431026766e-08,0.0,0.0,1.2445886454770516e-07,0.0,0.0
2010-10-21,0.0,0.0,0.0,0.0,0.0,0.0
2010-10-22,0.0002899991231970489,0.00028601259691640735,0.00028263076092116535,0.0002687301894184202,0.00025989217101596296,0.00025364989414811134
2010-10-23,0.00018833510694094002,0.0002246379153802991,0.0002685769577510655,0.0001875134330475703,0.00021566076611634344,0.00025057021412067115
2010-10-24,5.625476529047546e-09,0.0,0.0,1.3141656651782796e-08,0.0,0.0
2010-10-25,0.0,0.0,0.0,0.0,0.0,0.0
2010-10-26,7.49502214603126e-05,7.469077536370605e-05,6.926047353772447e-05,6.438922719098628e-05,6.37832927168347e-05,5.9503385273274034e-05
2010-10-27,0.00013127762940712273,0.00016977758787106723,0.0002193514519603923,0.00010814214329002425,0.00014014799671713263,0.00018308783182874322
2010-10-28,0.0,5.043933715143112e-09,1.5482370940844703e-08,0.0,1.1636545949045285e-08,3.5531861897197814e-08
2010-10-29,0.0,0.0,0.0,0.0,0.0,0.0
2010-10-30,0.0,0.0,0.0,0.0,0.0,0.0
2010-10-31,7.217383881652495e-06,7.042996458039852e-06,6.474808287748601e-06,6.764763384126127e-06,6.1735872805002145e-06,5.7410411500313785e-06
2010-11-01,3.179180930601433e-05,3.13261007249821e-05,3.263473627157509e-05,3.667870259960182e-05,3.506693974486552e-05,3.527336593833752e-05
2010-11-02,8.298927696159808e-07,8.101144430838758e-07,8.165825988726283e-07,1.9405438251851592e-06,1.86708143701253e-06,1.8718860701483209e-06
2010-11-03,0.0,0.0,0.0,0.0,0.0,0.0
2010-11-04,4.317397906561382e-05,4.186820660834201e-05,3.59763580490835e-05,5.9661546401912346e-05,5.776127727585845e-05,5.1589660870376974e-05
2010-11-05,4.4926017039870203e-07,0.0,0.0,1.0506222452022485e-06,0.0,0.0
2010-11-06,0.00017794240557122976,0.00018018730042967945,0.00017485451826360077,0.00018631306011229753,0.00018834712682291865,0.00018525493214838207
2010-11-07,4.552408427116461e-05,4.499693386605941e-05,4.2604136979207397e-05,4.33665445598308e-05,4.2086467146873474e-05,4.0009206713875756e-05
2010-11-08,1.4993648619565647e-05,1.2511623026512098e-05,1.1980037015746348e-05,1.49004654304008e-05,1.2659907042689156e-05,1.2514231457316782e-05
2010-11-09,0.00012053793034283444,0.0001229963672813028,0.0001223350700456649,0.00012261394294910133,0.00012263595999684185,0.0001227754110004753
2010-11-10,9.914562326684973e-08,1.1920315756697164e-07,1.314460860157851e-07,6.651021777770438e-08,1.0465187472163962e-07,1.6595615193182311e-07
2010-11-11,1.0115911209140904e-05,1.195602544612484e-05,1.4252237633627374e-05,7.855678632040508e-06,9.136778317042626e-06,1.0831395229615737e-05
2010-11-12,0.0,2.451316731821862e-07,7.560536232631421e-07,0.0,1.6334922747773817e-07,5.010434165342303e-07
2010-11-13,0.0,0.0,0.0,0.0,0.0,0.0
2010-11-14,1.1693248779920395e-05,9.48965589486761e-06,7.641159754712135e-06,9.559503268974368e-06,7.637480848643463e-06,6.109039532020688e-06
2010-11-15,2.30030927923508e-05,2.3477272407035343e-05,2.2839678422315046e-05,1.9737168258870952e-05,1.9857307052006945e-05,1.939150934049394e-05
2010-11-16,0.0,0.0,0.0,0.0,0.0,0.0
2010-11-17,0.0,0.0,0.0,0.0,0.0,0.0
2010-11-18,0.0,0.0,0.0,0.0,0.0,0.0
2010-11-19,1.707732371869497e-05,1.9649703972390853e-05,1.9824967239401303e-05,1.1449051271483768e-05,1.293115292355651e-05,1.2974826859135646e-05
2010-11-20,0.0002994866226799786,0.0003091358521487564,0.0003186943067703396,0.0002829186851158738,0.00028452271362766623,0.00028820932493545115
2010-11-21,0.00012618437176570296,0.00013659267278853804,0.0001512359594926238,0.0001387864613207057,0.00014717725571244955,0.00016252601926680654
2010-11-22,6.279390163399512e-06,6.936926638445584e-06,6.385045708157122e-06,9.725475138111506e-06,1.0796536116686184e-05,1.0436602678964846e-05
2010-11-23,0.0,0.0,0.0,0.0,0.0,0.0
2010-11-24,0.0,0.0,0.0,0.0,0.0,0.0
2010-11-25,0.0,0.0,0.0,0.0,0.0,0.0
2010-11-26,4.410476321936585e-05,3.925165583495982e-05,3.4271339245606214e-05,4.723302845377475e-05,4.128956061322242e-05,3.587008177419193e-05
2010-11-27,9.997723827837035e-05,0.00010603191913105547,0.00010767418280011043,9.592671267455444e-05,0.00010015372390625998,0.00010205330909229815
2010-11-28,0.0,0.0,0.0,0.0,0.0,0.0
2010-11-29,4.31887428931077e-07,5.625277594845102e-07,7.021382089078543e-07,2.892200825499458e-07,3.692431960189424e-07,4.583847612593672e-07
2010-11-30,0.00012784561840817332,0.00013734462845604867,0.0001452827564207837,0.00013504765229299664,0.00014141654537525028,0.00014773616567254066
2010-12-01,3.396933720978268e-07,2.7263908464192355e-07,6.404164309969929e-07,7.927937986096367e-07,3.307693816623214e-07,5.526622999241226e-07
2010-12-02,0.0,0.0,0.0,0.0,0.0,0.0
2010-12-03,4.6234293904490187e-07,3.5734689873834213e-08,2.878161886599173e-08,5.405762522059376e-07,8.169894272214151e-08,6.544748742953743e-08
2010-12-04,1.5262336091836914e-05,1.3681711607205216e-05,1.1526936759764794e-05,2.084507286781445e-05,1.8751732568489388e-05,1.600285577296745e-05
2010-12-05,7.18980800229474e-07,3.5447880009087385e-07,3.169949138737138e-07,1.2833645541832084e-06,8.101364983303938e-07,7.205703695944976e-07
2010-12-06,0.0,0.0,0.0,0.0,0.0,0.0
2010-12-07,6.927846243343083e-06,6.742256118741352e-06,6.356465291901259e-06,7.538016689068172e-06,7.044922313070856e-06,6.730403583787847e-06
2010-12-08,0.0,0.0,0.0,0.0,0.0,0.0
2010-12-09,0.0,0.0,0.0,0.0,0.0,0.0
2010-12-10,8.357893420907203e-06,1.1332360372762196e-05,1.5201530914055184e-05,9.060935553861782e-06,1.1524752153491136e-05,1.43744455272099e-05
2010-12-11,0.0,6.00502005454473e-07,1.869718289526645e-06,0.0,3.933523089472146e-07,1.2181665169919142e-06
2010-12-12,0.00017121547716669738,0.00018090165394823998,0.00018780930258799344,0.0001673386723268777,0.00017349631525576115,0.00017916962679009885
2010-12-13,0.00016238070384133607,0.00017795123858377337,0.00019161554519087076,0.0001690765202511102,0.0001804589555831626,0.0001924943207995966
2010-12-14,2.764087412288063e-07,3.106537747044058e-07,2.9386850997070724e-07,6.442728022193478e-07,7.091308589224354e-07,6.672124186479778e-07
2010-12-15,0.0,0.0,0.0,0.0,0.0,0.0
2010-12-16,3.2397936593042687e-05,2.892932934628334e-05,2.65610906353686e-05,2.3124550352804363e-05,1.9433224224485457e-05,1.7692556866677478e-05
2010-12-17,0.0002564438327681273,0.0002956064126919955,0.00034103632788173854,0.0002299191546626389,0.00025820525479502976,0.0002962125581689179
2010-12-18,0.0,0.0,0.0,0.0,0.0,0.0
2010-12-19,0.0,0.0,0.0,0.0,0.0,0.0
2010-12-20,0.0,0.0,0.0,0.0,0.0,0.0
2010-12-21,3.4181418868683977e-06,4.227612862450769e-06,5.663725460181013e-06,2.2848328171676258e-06,2.7934381705563283e-06,3.7685242659790674e-06
2010-12-22,0.00043472161632962525,0.00045802307431586087,0.0004536088672466576,0.0003631047729868442,0.0003766962036024779,0.0003748195304069668
2010-12-23,0.0001599304232513532,0.0001817724696593359,0.00020361662609502673,0.00017448187281843275,0.00019334135868120939,0.00021356937941163778
2010-12-24,1.9971776055172086e-05,2.0184415916446596e-05,2.0710747776320204e-05,2.4559840312576853e-05,2.458970993757248e-05,2.517949542379938e-05
2010-12-25,0.0,0.0,0.0,0.0,0.0,0.0
2010-12-26,0.0,0.0,0.0,0.0,0.0,0.0
2010-12-27,0.0,0.0,0.0,0.0,0.0,0.0
2010-12-28,2.3352802600129507e-05,2.366203989367932e-05,2.3153026631916873e-05,2.12451795960078e-05,2.0812873117392883e-05,2.0277881048968993e-05
2010-12-29,9.83403606369393e-06,9.766020411916543e-06,8.813092790660448e-06,1.0421139450045303e-05,1.0155461495742202e-05,9.264374966733158e-06
2010-12-30,0.0,0.0,0.0,0.0,0.0,0.0
2010-12-31,3.327462763991207e-05,3.5018561902688816e-05,3.6119192373007536e-05,3.1515013688476756e-05,3.191089126630686e-05,3.21459119732026e-05
2011-01-01,1.0388254167992272e-06,5.098935389469261e-07,5.164495178178186e-07,1.4586765928470413e-06,1.1636890349109308e-06,1.1720669590431498e-06
2011-01-02,0.0,0.0,0.0,0.0,0.0,0.0
2011-01-03,0.0,0.0,0.0,0.0,0.0,0.0
2011-01-04,0.0,0.0,0.0,0.0,0.0,0.0
2011-01-05,0.0,0.0,0.0,0.0,0.0,0.0
2011-01-06,1.6086685718619265e-05,1.496297318226425e-05,1.3331006812222768e-05,1.72324671439128e-05,1.590593637956772e-05,1.4356525753100868e-05
2011-01-07,0.0,0.0,0.0,0.0,0.0,0.0
2011-01-08,0.0,0.0,0.0,0.0,0.0,0.0
2011-01-09,0.0,0.0,0.0,0.0,0.0,0.0
2011-01-10,0.0,0.0,0.0,0.0,0.0,0.0
2011-01-11,2.0464128169805917e-07,1.6391494739309564e-07,1.449538729048072e-07,4.774802278006973e-07,3.7438775279952097e-07,3.29179300706528e-07
2011-01-12,0.0,0.0,0.0,0.0,0.0,0.0
2011-01-13,1.0957327504002023e-05,9.427277291251812e-06,7.955424734973349e-06,1.2350818906270433e-05,1.0837072295544203e-05,9.40986046771286e-06
2011-01-14,6.741015386069193e-05,6.87724314047955e-05,6.820533599238843e-05,6.439597927965224e-05,6.407551700249314e-05,6.291534373303875e-05
2011-01-15,5.7089633628493175e-05,6.503234908450395e-05,7.439259206876159e-05,5.435354614746757e-05,5.926766971242614e-05,6.707350257784128e-05
2011-01-16,2.7057278657593997e-06,2.189479346270673e-06,2.2216961497179e-06,4.2599504013196565e-06,3.84292206945247e-06,3.73705097445054e-06
2011-01-17,6.583753929589875e-06,6.209151706570992e-06,6.262693204917014e-06,8.705656000529416e-06,8.282063390652183e-06,8.048762538237497e-06
2011-01-18,0.0,2.3084485711866165e-10,7.223702191971881e-10,0.0,5.276215575555909e-10,1.6414980485990327e-09
2011-01-19,0.0,0.0,0.0,0.0,0.0,0.0
2011-01-20,0.0,0.0,0.0,0.0,0.0,0.0
2011-01-21,3.972238482674584e-05,3.869095235131681e-05,3.53160357917659e-05,4.3052903492935e-05,4.1050843719858676e-05,3.764050779864192e-05
2011-01-22,4.220132243659691e-09,7.493985521023205e-08,2.344677341170609e-07,9.86067671959745e-09,5.212408638044508e-08,1.6214070797104796e-07
2011-01-23,6.846491373835306e-07,6.349065415633959e-07,8.670773468111292e-07,6.504026259790407e-07,5.838006700287224e-07,7.004277335909137e-07
2011-01-24,0.0,0.0,0.0,0.0,0.0,0.0
2011-01-25,1.938764626174816e-06,1.9834324120893143e-06,1.7006155985654914e-06,4.531603735813405e-06,4.536207143246429e-06,3.86704277843819e-06
2011-01-26,5.36611935331166e-07,4.988125397176191e-07,4.044970864924835e-07,1.2543846423795912e-06,1.1408961881897994e-06,9.198736279358855e-07
2011-01-27,0.0,0.0,0.0,0.0,0.0,0.0
2011-01-28,8.700550097273663e-05,8.786124089965597e-05,8.641507156426087e-05,8.372915908694267e-05,8.148744382197037e-05,7.973144965944812e-05
2011-01-29,0.00029862113296985626,0.00033217499731108546,0.00036430300679057837,0.0003232147137168795,0.0003551176923792809,0.0003889297368004918
2011-01-30,2.8873741030110978e-05,3.46249871654436e-05,3.8779489841545e-05,4.532105594989844e-05,5.189602597965859e-05,5.6786815548548475e-05
2011-01-31,0.0,0.0,0.0,0.0,0.0,0.0
2011-02-01,7.30783824565151e-08,3.69010990652896e-07,9.723605671752011e-07,4.902608807810793e-08,2.4220634031735244e-07,6.346552936520311e-07
2011-02-02,0.0001645968877710402,0.00019651981710921973,0.00022323323355522007,0.00014568363258149475,0.00017211140948347747,0.000195007145521231
2011-02-03,0.0,5.517243266695004e-07,1.724145022308221e-06,0.0,3.621611313064932e-07,1.1254994660703233e-06
2011-02-04,0.0,0.0,0.0,0.0,0.0,0.0
2011-02-05,0.0,0.0,0.0,0.0,0.0,0.0
2011-02-06,0.0,0.0,0.0,0.0,0.0,0.0
2011-02-07,0.0,0.0,0.0,0.0,0.0,0.0
2011-02-08,3.6794266634387895e-05,3.834179005934857e-05,3.824865780188702e-05,3.4759003028739244e-05,3.519101665006019e-05,3.4606789995450526e-05
2011-02-09,1.844577127485536e-06,1.9179140053893207e-06,1.5602266785208485e-06,1.2374756579447421e-06,1.2590693359015859e-06,1.0188228998231352e-06
2011-02-10,4.980204693083579e-09,0.0,0.0,3.3409148780805253e-09,0.0,0.0
2011-02-11,0.0,0.0,0.0,0.0,0.0,0.0
2011-02-12,0.0,0.0,0.0,0.0,0.0,0.0
2011-02-13,1.4260118405218236e-05,1.246725605597021e-05,1.0266442586726043e-05,1.2993659765925258e-05,1.1156948858115356e-05,9.216387297783513e-06
2011-02-14,4.9826303438749164e-05,5.168071584193967e-05,5.053950735600665e-05,4.589682066580281e-05,4.623753557098098e-05,4.462312426767312e-05
2011-02-15,0.00030027926550246775,0.00030883928411640227,0.0003119745524600148,0.00029690199880860746,0.00030161478207446635,0.00030254642479121685
2011-02-16,0.0001031151696224697,0.00011095326044596732,0.0001194595533888787,0.00011223035835428163,0.00011752147111110389,0.00012474978575482965
2011-02-17,9.107328651225544e-07,7.128404035938729e-07,5.763712351836148e-07,2.128387450284208e-06,1.6310216324200155e-06,1.3122329391990206e-06
2011-02-18,0.0,0.0,0.0,0.0,0.0,0.0
2011-02-19,1.2786790648533497e-05,1.2676173355430365e-05,1.0792014109028969e-05,1.4933310922060627e-05,1.4621869922848418e-05,1.2981216968910303e-05
2011-02-20,0.0,0.0,0.0,0.0,0.0,0.0
2011-02-21,0.0,0.0,0.0,0.0,0.0,0.0
2011-02-22,7.970669457790791e-09,0.0,0.0,1.8614125352200972e-08,0.0,0.0
2011-02-23,5.974415034870617e-05,5.5176329624373466e-05,4.775575871462934e-05,7.199945684988052e-05,6.604319059988484e-05,5.753096775151789e-05
2011-02-24,3.656525950646028e-05,4.071195508004166e-05,4.242225259076804e-05,3.9024096622597426e-05,4.313623139751144e-05,4.549515142571181e-05
2011-02-25,2.137944875357789e-06,2.0745553683809703e-06,1.8264173604620737e-06,4.990281922800932e-06,4.744864781969227e-06,4.157961939199595e-06
2011-02-26,3.8971586491243215e-07,5.272557359603525e-07,6.791224222979508e-07,9.09493962808483e-07,1.2058567335770931e-06,1.5460354916285723e-06
2011-02-27,1.8122840401701978e-06,1.8381250583843212e-06,2.4081627998384647e-06,3.959781679441221e-06,3.912655301974155e-06,4.579917913360987e-06
2011-02-28,0.0,0.0,0.0,0.0,0.0,0.0
2011-03-01,0.00012046049232594669,0.00012586881348397583,0.0001262867881450802,0.00012178676115581766,0.00012608648103196174,0.00012763869017362595
2011-03-02,0.0,0.0,0.0,0.0,0.0,0.0
2011-03-03,8.740030210674377e-08,4.940592361890594e-07,1.340871790489473e-06,7.079776054297326e-08,3.2404878425040806e-07,8.755543490224227e-07
2011-03-04,0.0,6.59608247133292e-07,2.0534619125101017e-06,0.0,4.3260678239676054e-07,1.3408180166152306e-06
2011-03-05,1.4982257198425941e-05,1.6115660400828347e-05,1.4302627278084401e-05,1.0017113709182013e-05,1.0575005944701843e-05,9.357475391880143e-06
2011-03-06,0.00025830973754636943,0.0002804376999847591,0.0002906638546846807,0.00024746256531216204,0.0002644403139129281,0.00027464941376820207
2011-03-07,5.026701728638727e-06,6.528824997076299e-06,8.369233000848908e-06,4.51809410151327e-06,5.289992259349674e-06,6.4733894760138355e-06
2011-03-08,1.82715453433957e-07,5.952829837951867e-07,1.852509967648075e-06,4.256121144408098e-07,4.0092487552101375e-07,1.2422667623468442e-06
2011-03-09,2.7493033485370688e-05,2.7668906113831326e-05,2.625484557938762e-05,2.062188468698878e-05,1.9791761587839574e-05,1.8471619114279747e-05
2011-03-10,1.2860689366789302e-06,1.256632913282374e-06,1.0526051710257889e-06,1.7504928564449074e-06,1.6655352510497323e-06,1.426337803422939e-06
2011-03-11,0.0,0.0,0.0,0.0,0.0,0.0
2011-03-12,3.922130781575106e-05,4.334740151534788e-05,4.623049244401045e-05,3.188785194652155e-05,3.454951729509048e-05,3.665800250018947e-05
2011-03-13,9.647245491350986e-08,1.5989363078006136e-07,2.604010944651236e-07,2.2451685310898029e-07,3.6540589576361526e-07,5.925641062276554e-07
2011-03-14,6.229661084944382e-05,6.995551666477695e-05,7.887723040767014e-05,7.243058644235134e-05,7.684242882532999e-05,8.155484829330817e-05
2011-03-15,0.0002257115120301023,0.00024308454885613173,0.00025278719840571284,0.00023775022418703884,0.0002531306236051023,0.00026376041932962835
2011-03-16,0.0,4.475311143892213e-08,1.3916918817358237e-07,0.0,2.93366397841055e-08,9.084299534833917e-08
2011-03-17,0.0,0.0,0.0,0.0,0.0,0.0
2011-03-18,2.6926933060167357e-05,3.491914685582742e-05,4.2636598664103076e-05,1.7962156562134624e-05,2.299096195201855e-05,2.814495746861212e-05
2011-03-19,1.5820387488929555e-06,1.0053910273200017e-06,8.103248205770797e-07,2.9306518172234064e-06,2.2973060822550906e-06,1.8437964399709017e-06
2011-03-20,0.0,0.0,0.0,0.0,0.0,0.0
2011-03-21,0.0,0.0,0.0,0.0,0.0,0.0
2011-03-22,0.00015935178089421242,0.00017365504754707217,0.0001806076179491356,0.0001546163111925125,0.00016597162175457925,0.00017229361401405185
2011-03-23,1.0886024028877728e-05,1.232507565873675e-05,1.6036534361774102e-05,1.1893385817529634e-05,1.306802369072102e-05,1.6639149180264212e-05
2011-03-24,1.5196677850326523e-05,1.42446588142775e-05,1.1841971172543708e-05,1.4897188520990312e-05,1.3656524060934316e-05,1.1574682503123768e-05
2011-03-25,0.0,0.0,0.0,0.0,0.0,0.0
2011-03-26,8.330334821948782e-08,0.0,0.0,1.6936979818638065e-07,0.0,0.0
2011-03-27,6.863730231998488e-05,7.38795060897246e-05,8.055747457547113e-05,7.235837256303057e-05,7.68401805544272e-05,8.301158959511667e-05
2011-03-28,5.216487352299737e-06,5.412842710939003e-06,5.602603778243065e-06,5.8319456002209336e-06,5.979596608085558e-06,6.519569978991058e-06
2011-03-29,0.0,0.0,0.0,0.0,0.0,0.0
2011-03-30,8.54048557812348e-05,8.66718910401687e-05,8.477484516333789e-05,8.18714324850589e-05,8.183129830285907e-05,7.979906513355672e-05
2011-03-31,3.986455703852698e-05,4.6990073315100744e-05,5.5545071518281475e-05,3.872686647810042e-05,4.441209603101015e-05,5.137516563991085e-05
2011-04-01,4.993986658519134e-05,4.659958722186275e-05,4.230613922118209e-05,4.3210475269006565e-05,3.918565926142037e-05,3.47771929227747e-05
2011-04-02,0.00018784204439725727,0.00019090157002210617,0.0001857398747233674,0.0001842052733991295,0.0001866189850261435,0.0001831011613830924
2011-04-03,0.0001314545952482149,0.00014684861525893211,0.00016115931794047356,0.00012715806951746345,0.00014125645975582302,0.00015579220780637115
2011-04-04,0.0,0.0,0.0,0.0,0.0,0.0
2011-04-05,2.552970909164287e-05,2.6533474738243967e-05,2.651914292073343e-05,1.7013031538226642e-05,1.740350307954941e-05,1.7322217900073156e-05
2011-04-06,0.0,0.0,0.0,0.0,0.0,0.0
2011-04-07,0.0,0.0,0.0,0.0,0.0,0.0
2011-04-08,4.042536238557659e-05,3.946759534301236e-05,3.867399937007576e-05,3.59470650437288e-05,3.407420445000753e-05,3.281441968283616e-05
2011-04-09,0.00013012412819080055,0.00017393298912793398,0.00023794756270945072,0.00011231905955355614,0.0001444968074792996,0.00019182026153430343
2011-04-10,4.6768087486270815e-05,6.031429074937478e-05,7.441551133524626e-05,3.745403955690563e-05,4.90927959617693e-05,6.306889554252848e-05
2011-04-11,0.0,1.181548281437017e-08,3.657376268506596e-08,0.0,2.7034424476823915e-08,8.334404810739215e-08
2011-04-12,0.0,0.0,0.0,0.0,0.0,0.0
2011-04-13,0.0,0.0,0.0,0.0,0.0,0.0
2011-04-14,5.557666554523166e-06,1.978035015781643e-06,1.5858657889111782e-06,7.861272024456412e-06,3.944014224543935e-06,3.1494980703428155e-06
2011-04-15,7.217592064989731e-05,7.311523222597316e-05,7.140373054426163e-05,7.69147663959302e-05,7.681918941671029e-05,7.505522080464289e-05
2011-04-16,0.0,0.0,0.0,0.0,0.0,0.0
2011-04-17,9.204430284626142e-07,0.0,0.0,6.129034204604977e-07,0.0,0.0
2011-04-18,1.651157799642533e-05,1.6881234842003323e-05,1.828500535339117e-05,1.2594618056027684e-05,1.2389148650981952e-05,1.3761402442469262e-05
2011-04-19,2.1331035895855166e-05,2.038409365923144e-05,1.6948715710896067e-05,2.4863973521860316e-05,2.2977348635322414e-05,1.9457347661955282e-05
2011-04-20,0.0,0.0,0.0,0.0,0.0,0.0
2011-04-21,1.935261389007792e-05,2.2514605007017963e-05,2.623336149554234e-05,1.2888714991277084e-05,1.4804300917603541e-05,1.7185444448841736e-05
2011-04-22,0.0,1.3320267555627652e-07,4.1064333800022723e-07,0.0,3.0538762985088397e-07,9.3801082812206e-07
2011-04-23,7.522864325437695e-05,6.950167153263465e-05,6.5338630520273e-05,9.370181214762852e-05,8.72040691319853e-05,8.148850611178204e-05
2011-04-24,2.117881376761943e-05,2.4116126951412298e-05,2.7814132408821024e-05,2.23254846787313e-05,2.4766100978013128e-05,2.8317967007751577e-05
2011-04-25,0.0,0.0,0.0,0.0,0.0,0.0
2011-04-26,1.7708654240777832e-06,2.96881762551493e-06,4.9529426178196445e-06,4.1125308598566335e-06,6.812951141910162e-06,1.132708894147072e-05
2011-04-27,5.289704859023914e-06,4.9683872020978015e-06,4.7945482037903275e-06,1.1943866411456838e-05,1.099518431146862e-05,1.0507095794309862e-05
2011-04-28,3.2766627555247396e-05,3.8764046621508896e-05,4.5237160520628095e-05,2.7532543754205108e-05,3.1955783924786374e-05,3.633824599091895e-05
2011-04-29,8.257829904323444e-05,9.644243982620537e-05,0.00011384185199858621,7.83104042056948e-05,9.05932902242057e-05,0.00010876752639887854
2011-04-30,0.0,0.0,0.0,0.0,0.0,0.0
2011-05-01,0.0,0.0,0.0,0.0,0.0,0.0
2011-05-02,4.296896065625333e-07,0.0,0.0,6.385203619174717e-07,0.0,0.0
2011-05-03,0.00012297452485654503,0.00012331741163507104,0.00011795047612395138,0.00011936322698602453,0.00011893636110471562,0.00011569249909371138
2011-05-04,6.844553013252153e-08,1.458471672322048e-07,2.8672243956862076e-07,1.590541245377608e-07,3.3542650612616853e-07,6.575464794877917e-07
2011-05-05,0.0,0.0,0.0,0.0,0.0,0.0
2011-05-06,6.508809747174382e-05,5.9543577663134784e-05,5.484233042807318e-05,6.41382357571274e-05,5.888822124688886e-05,5.446502109407447e-05
2011-05-07,0.0004692099173553288,0.0005082929274067283,0.0005673745181411505,0.0004644227446988225,0.0004951965529471636,0.0005453777266666293
2011-05-08,7.877906318753958e-05,8.624481415608898e-05,9.420643618796021e-05,0.00010174896306125447,0.00010985039989463985,0.00011887949949596077
2011-05-09,1.151305332314223e-05,1.4539975381921977e-05,1.7739159375196323e-05,2.6765648726723157e-05,3.2290397939505056e-05,3.710350938490592e-05
2011-05-10,0.0,0.0,0.0,0.0,0.0,0.0
2011-05-11,0.0,0.0,0.0,0.0,0.0,0.0
2011-05-12,0.0001549004518892616,0.00015828538744244725,0.00015698002243880183,0.00016963601228781044,0.00017276448488701135,0.0001723030291032046
2011-05-13,1.2664113455684856e-06,2.0853626665484626e-06,3.4209615478175692e-06,2.9451566661009565e-06,4.074329808645416e-06,5.63619187232689e-06
2011-05-14,1.3284690112413955e-06,7.227326364045439e-07,5.714500730391592e-07,3.0897290344000794e-06,1.6672017864038935e-06,1.3157814464648254e-06
2011-05-15,0.00011012464528903365,0.00011661153985187411,0.00011795922182500362,0.00013093522284179926,0.00013779333676211536,0.0001389330136589706
2011-05-16,2.3593038349645212e-06,3.4692391182034044e-06,5.102229351905407e-06,5.488087481353432e-06,8.007727046788204e-06,1.175777470052708e-05
2011-05-17,1.6291112842736766e-05,1.5804291251697578e-05,1.372154747514287e-05,2.2810863811173476e-05,2.208273326687049e-05,1.926523691508919e-05
2011-05-18,0.0,0.0,0.0,0.0,0.0,0.0
2011-05-19,0.0,8.52545909424407e-08,2.59405510405486e-07,0.0,5.650210610497197e-08,1.716966693265931e-07
2011-05-20,0.0,0.0,0.0,0.0,0.0,0.0
2011-05-21,0.0,0.0,0.0,0.0,0.0,0.0
2011-05-22,1.2121250620111823e-05,1.1131336577818729e-05,9.688892532722093e-06,2.8207536161062308e-05,2.5739051125128753e-05,2.2382191673386842e-05
2011-05-23,0.0,0.0,0.0,0.0,0.0,0.0
2011-05-24,0.0,0.0,0.0,0.0,0.0,0.0
2011-05-25,0.0,0.0,0.0,0.0,0.0,0.0
2011-05-26,0.0,0.0,0.0,0.0,0.0,0.0
2011-05-27,0.00014720040780957788,0.0001468242408009246,0.00014012461178936064,0.00016546985716558993,0.0001652511564316228,0.00015842870925553143
2011-05-28,0.0,0.0,0.0,0.0,0.0,0.0
2011-05-29,0.0,0.0,0.0,0.0,0.0,0.0
2011-05-30,0.0,0.0,0.0,0.0,0.0,0.0
2011-05-31,8.961490675574169e-05,9.634434536565095e-05,0.00010143345571123064,9.934858098858967e-05,0.00010590948659228161,0.00010943383676931262
2011-06-01,0.0,0.0,0.0,0.0,0.0,0.0
2011-06-02,0.0,0.0,0.0,0.0,0.0,0.0
2011-06-03,9.215711907017976e-05,9.373302600579336e-05,9.114002023125067e-05,8.832332969177514e-05,8.975157834356651e-05,8.756306488066912e-05
2011-06-04,8.831835293676704e-05,9.285195847041905e-05,9.636435424908996e-05,8.220970630645752e-05,8.678775338921696e-05,9.076809510588646e-05
2011-06-05,0.0,0.0,0.0,0.0,0.0,0.0
2011-06-06,6.075507917557843e-05,6.15291646681726e-05,6.281981768552214e-05,6.357970414683223e-05,6.436987314373255e-05,6.435491377487779e-05
2011-06-07,0.0,0.0,0.0,0.0,0.0,0.0
2011-06-08,0.0,0.0,0.0,0.0,0.0,0.0
2011-06-09,0.0,0.0,0.0,0.0,0.0,0.0
2011-06-10,1.2232993640282075e-06,3.0916701234673383e-06,6.542841219925322e-06,2.848130407073768e-06,5.962575869489228e-06,1.1524501132953446e-05
2011-06-11,9.195315215038136e-06,1.431266082363436e-05,2.2174079276737757e-05,2.1408501197583973e-05,2.86150516330963e-05,3.75497511413414e-05
2011-06-12,0.0,0.0,0.0,0.0,0.0,0.0
2011-06-13,0.00015934847760945559,0.00016717940161470324,0.00017297758313361555,0.00017984610167331994,0.00019052247807849199,0.00020002313249278814
2011-06-14,2.7937578124692664e-05,2.4146949726855382e-05,2.3057571524986997e-05,5.779175990028307e-05,5.6094715546350926e-05,5.36335792276077e-05
2011-06-15,0.0,0.0,0.0,0.0,0.0,0.0
2011-06-16,0.0,3.4707599638750253e-07,1.049976390277152e-06,0.0,2.3132969317885e-07,7.008237048466981e-07
2011-06-17,0.0,0.0,0.0,0.0,0.0,0.0
2011-06-18,0.0,0.0,0.0,0.0,0.0,0.0
2011-06-19,3.7366680771810934e-06,1.065644369191432e-06,1.0233702596451622e-06,3.945017851947341e-06,8.488341336487792e-07,1.1030007271983777e-06
2011-06-20,0.00010639653919497505,0.0001096254782169126,0.0001128625517594628,0.00012101377069484442,0.00012587216042447835,0.00013175368076190352
2011-06-21,0.00012781574332620949,0.00011759757035179064,0.00010114859469467774,0.00013911939458921552,0.0001300102157983929,0.0001146611975855194
2011-06-22,0.0,0.0,0.0,0.0,0.0,0.0
2011-06-23,0.0,0.0,0.0,0.0,0.0,0.0
2011-06-24,0.0,0.0,0.0,0.0,0.0,0.0
2011-06-25,5.152428275323473e-05,4.661983621190302e-05,3.909186852979474e-05,5.705325020244345e-05,5.369276550482027e-05,4.8011359467636794e-05
2011-06-26,0.00013446765660773963,0.00013455252337735146,0.00013216357911005616,0.00013079177006147802,0.000131219596369192,0.0001293005043407902
2011-06-27,7.849981193430722e-05,7.737897976767272e-05,6.5667147282511e-05,6.138634489616379e-05,6.120733451098204e-05,5.231885734247044e-05
2011-06-28,0.0,0.0,0.0,0.0,0.0,0.0
2011-06-29,0.0,0.0,0.0,0.0,0.0,0.0
2011-06-30,3.001753066200763e-05,2.1399047909653746e-05,1.6833046174724586e-05,2.4975235646707006e-05,1.6811438399599865e-05,1.325078119407408e-05
2011-07-01,7.226244633784518e-05,6.320096872514114e-05,5.0879574700957164e-05,7.137636566767469e-05,6.211328582139686e-05,4.974086186848581e-05
2011-07-02,4.487973274081014e-05,4.570107557810843e-05,4.5029486500425264e-05,6.225772813195363e-05,6.126279185991734e-05,5.8016310504172e-05
2011-07-03,0.0,0.0,0.0,0.0,0.0,0.0
2011-07-04,0.0,0.0,0.0,0.0,0.0,0.0
2011-07-05,7.923501834739e-05,7.770008232910186e-05,7.466536771971732e-05,7.381027535302565e-05,7.187846495071426e-05,6.886979099363089e-05
2011-07-06,0.0,0.0,0.0,0.0,0.0,0.0
2011-07-07,0.0,0.0,0.0,0.0,0.0,0.0
2011-07-08,6.900674520693428e-07,1.3894436960981693e-06,2.625270553835435e-06,4.598396401434002e-07,9.583415021552355e-07,1.8535896515459171e-06
2011-07-09,7.2702955549175385e-06,4.777260528499028e-06,3.901112449966604e-06,1.6137097190949135e-05,1.1077394447056577e-05,9.063935067388229e-06
2011-07-10,0.00010415446740807965,0.00010752536763902754,0.00011126578465336934,0.00010513968300074339,0.00010654781362973154,0.00010835814464371651
2011-07-11,0.0,0.0,0.0,0.0,0.0,0.0
2011-07-12,0.0,0.0,0.0,0.0,0.0,0.0
2011-07-13,5.711661742680008e-06,5.636597961711232e-06,4.5648835111933295e-06,1.3257484170026146e-05,1.3056718671577983e-05,1.0594509149086662e-05
2011-07-14,5.957930989097804e-05,6.264046533033252e-05,6.213609594851732e-05,7.561343227280304e-05,8.093685028143227e-05,8.390321454498917e-05
2011-07-15,0.0,0.0,0.0,0.0,0.0,0.0
2011-07-16,0.0,0.0,0.0,0.0,0.0,0.0
2011-07-17,0.0,0.0,0.0,0.0,0.0,0.0
2011-07-18,0.0,0.0,0.0,0.0,0.0,0.0
2011-07-19,2.950133966805879e-05,2.352432784391567e-05,1.8660241039469838e-05,6.223872333066538e-05,5.2672603487735614e-05,4.185330544714816e-05
2011-07-20,0.00023505979334004223,0.00025150045985355973,0.0002667839580681175,0.0002326955582248047,0.00024621334159746766,0.00025951777934096754
2011-07-21,0.0,1.7351912617868948e-07,5.314125246513868e-07,0.0,1.1502454100309478e-07,3.5284318755657296e-07
2011-07-22,0.00014059821842238307,0.00014525384176522493,0.00014666636707261205,0.00013786485942546278,0.00014290621038526297,0.00014654900587629527
2011-07-23,0.0,1.2521689995992347e-06,3.838473730866099e-06,0.0,9.735501862451201e-07,2.988951337101753e-06
2011-07-24,0.0,0.0,0.0,0.0,0.0,0.0
2011-07-25,0.0,0.0,0.0,0.0,0.0,0.0
2011-07-26,0.00012069546210113913,0.00012636197789106518,0.0001350312086287886,0.00012610203702934086,0.00013180468522477895,0.00013844006753060967
2011-07-27,4.2734769522212446e-05,5.321284697856754e-05,6.329652387648821e-05,4.0505739889340475e-05,4.9756377848098055e-05,5.8173751313006505e-05
2011-07-28,0.0,0.0,0.0,0.0,0.0,0.0
2011-07-29,0.000122472905786708,0.00012393516954034567,0.0001274697424378246,0.00012070712546119466,0.00012213891022838652,0.00012612304999493062
2011-07-30,4.099042052985169e-05,3.918179208994843e-05,3.612122236518189e-05,3.880944132106379e-05,4.00687349610962e-05,4.105898187845014e-05
2011-07-31,9.42133556236513e-05,9.634322486817837e-05,9.110755490837619e-05,9.856547694653273e-05,9.999620669987053e-05,9.496566781308502e-05
2011-08-01,1.6580921510467306e-05,1.8415465092402883e-05,1.812113987398334e-05,1.1004304724337999e-05,1.2791832887160126e-05,1.3916727766627446e-05
2011-08-02,2.432091719128948e-07,1.568150310049532e-06,4.827226348425029e-06,1.6138535841037083e-07,1.0406658930151025e-06,3.206502924513188e-06
2011-08-03,0.0,0.0,0.0,0.0,0.0,0.0
2011-08-04,0.00014993651711847633,0.00015137171430978924,0.00014652428217232227,0.00014017277862876654,0.00014192378148436546,0.00014176746481098235
2011-08-05,0.0002482858544681221,0.00025774582172743976,0.0002564879250712693,0.00024172730627469718,0.0002480351540725678,0.00024807691806927323
2011-08-06,0.0,3.8021250929887174e-06,1.1719004760379903e-05,0.0,2.968024546134984e-06,9.154286090051755e-06
2011-08-07,0.0,1.6224355192662188e-07,5.002087846150971e-07,0.0,3.7290783438947983e-07,1.1503963150971686e-06
2011-08-08,0.0,0.0,0.0,0.0,0.0,0.0
2011-08-09,0.0,0.0,0.0,0.0,0.0,0.0
2011-08-10,5.125333700561896e-05,6.393666990334168e-05,7.54247885197401e-05,3.746595757547766e-05,4.982079190085642e-05,6.520695751532912e-05
2011-08-11,0.0,0.0,0.0,0.0,0.0,0.0
2011-08-12,0.0,0.0,0.0,0.0,0.0,0.0
2011-08-13,0.0,0.0,0.0,0.0,0.0,0.0
2011-08-14,3.524203930282965e-05,2.8083390134270303e-05,2.636605677253101e-05,5.238536687102169e-05,4.732497836812399e-05,4.680536949308589e-05
2011-08-15,0.00013635061623062938,0.000136439673951827,0.00012298455112613738,0.00014379186904989183,0.00014167692279443145,0.0001254298404091969
2011-08-16,3.167183649566141e-06,2.0450929696380626e-06,1.7579670839040773e-06,5.249779860605486e-06,4.691632057074457e-06,4.032701326650567e-06
2011-08-17,0.0,0.0,0.0,0.0,0.0,0.0
2011-08-18,0.0,0.0,0.0,0.0,0.0,0.0
2011-08-19,0.00021629050024785101,0.00021818376262672246,0.00020021494128741324,0.00016736976976972073,0.00016390984819736332,0.00014798615302424878
2011-08-20,0.000429767242167145,0.00047931561130099,0.0005163374007679522,0.00043392894440330565,0.00047973418259061873,0.0005134483799338341
2011-08-21,1.0488876796443947e-05,1.2016289474559017e-05,1.2122524822189007e-05,2.4215676603489555e-05,2.7550891900318675e-05,2.778215639409609e-05
2011-08-22,1.4544957593898289e-06,1.9961114503530553e-06,2.6995533062290633e-06,3.357921514179907e-06,4.5157062231737655e-06,5.9986232372466475e-06
2011-08-23,0.0,0.0,0.0,0.0,0.0,0.0
2011-08-24,0.0,0.0,0.0,0.0,0.0,0.0
2011-08-25,0.0,0.0,0.0,0.0,0.0,0.0
2011-08-26,0.00012387038441374898,0.0001281622244277969,0.00012950129166711122,0.00010748433851404116,0.00011031571921193972,0.0001137418148573488
2011-08-27,0.0,0.0,0.0,0.0,0.0,0.0
2011-08-28,0.0,0.0,0.0,0.0,0.0,0.0
2011-08-29,0.0005308943800628185,0.00055405538296327,0.000561237393412739,0.00047216677921824157,0.0004941311781294644,0.0005039111129008234
2011-08-30,0.0,4.004732090834295e-06,1.2360921573417727e-05,0.0,2.9049992917862255e-06,8.95621269592084e-06
2011-08-31,0.0,0.0,0.0,0.0,0.0,0.0
2011-09-01,0.0,0.0,0.0,0.0,0.0,0.0
2011-09-02,0.0,0.0,0.0,0.0,0.0,0.0
2011-09-03,4.43559474661015e-06,2.363618932577083e-06,2.068409003186389e-06,3.089694018854061e-06,1.838355842664896e-06,1.8761510318654473e-06
2011-09-04,6.733027112204581e-05,7.290052599273622e-05,7.653291686438024e-05,4.731009903480299e-05,5.103926741867326e-05,5.339292692951858e-05
2011-09-05,0.0,0.0,0.0,0.0,0.0,0.0
2011-09-06,0.0,0.0,0.0,0.0,0.0,0.0
2011-09-07,0.0,0.0,0.0,0.0,0.0,0.0
2011-09-08,2.5118108169408515e-05,1.7433108951081522e-05,1.3926457540947013e-05,1.783654442988336e-05,1.1602444828895386e-05,9.251386472897138e-06
2011-09-09,8.056222213781439e-07,0.0,0.0,5.342084250514745e-07,0.0,0.0
2011-09-10,7.401874609058723e-05,6.617078906856477e-05,6.789173494325951e-05,0.0001280110445804894,0.00012573972344398499,0.00012937627616338432
2011-09-11,4.597779843606986e-05,4.022593566332944e-05,3.344024298712611e-05,5.617550414172001e-05,5.0357859436189756e-05,4.315954356570728e-05
2011-09-12,0.0,0.0,0.0,0.0,0.0,0.0
2011-09-13,0.0,0.0,0.0,0.0,0.0,0.0
2011-09-14,0.0,0.0,0.0,0.0,0.0,0.0
2011-09-15,0.0,0.0,0.0,0.0,0.0,0.0
2011-09-16,0.00023957755183801055,0.00023895094636827707,0.00023236525885295123,0.0002335928293177858,0.0002351781295146793,0.00023183079611044377
2011-09-17,0.0,0.0,0.0,0.0,0.0,0.0
2011-09-18,0.0,0.0,0.0,0.0,0.0,0.0
2011-09-19,0.0,0.0,0.0,0.0,0.0,0.0
2011-09-20,0.0,0.0,0.0,0.0,0.0,0.0
2011-09-21,0.0,0.0,0.0,0.0,0.0,0.0
2011-09-22,0.0,0.0,0.0,0.0,0.0,0.0
2011-09-23,0.0,0.0,0.0,0.0,0.0,0.0
2011-09-24,0.00013104431855026633,0.0001199043108499609,0.00010647535236785188,0.0001355117856292054,0.00012556817091535777,0.00011314632138237357
2011-09-25,0.00011057093070121482,0.00010942645167233422,0.00010207466402789578,0.00010781407763715833,0.00010587837459752336,9.80706317932345e-05
2011-09-26,2.0999670596211217e-05,2.5417226424906403e-05,2.9790848202537745e-05,1.8287146303919144e-05,2.2071993953431956e-05,2.5808412829064764e-05
2011-09-27,0.0,0.0,0.0,0.0,0.0,0.0
2011-09-28,0.0,0.0,0.0,0.0,0.0,0.0
2011-09-29,0.0,0.0,0.0,0.0,0.0,0.0
2011-09-30,0.0,0.0,0.0,0.0,0.0,0.0
2011-10-01,0.0,0.0,0.0,0.0,0.0,0.0
2011-10-02,9.31680369831156e-06,4.629177965398412e-06,5.610409971268382e-06,8.055729267653078e-06,3.6702820125356084e-06,4.179065399512183e-06
2011-10-03,0.0,0.0,0.0,0.0,0.0,0.0
2011-10-04,2.1204687072895467e-06,1.8751414927464793e-06,1.4896639868311468e-06,4.930456270813011e-06,4.326011094235582e-06,3.4234271879540756e-06
2011-10-05,5.7849807490129024e-05,5.628681174130179e-05,5.9821799368364736e-05,6.138307071523741e-05,6.10396164120175e-05,6.325309368548915e-05
2011-10-06,5.005529601476155e-05,5.227951623965055e-05,4.85551317979116e-05,4.496241672313772e-05,4.7687826736364514e-05,4.61525414721109e-05
2011-10-07,0.0,4.333104897114026e-08,1.3273889010179118e-07,0.0,1.0000915295904633e-07,3.0511606041727646e-07
2011-10-08,0.0,0.0,0.0,0.0,0.0,0.0
2011-10-09,0.0,0.0,0.0,0.0,0.0,0.0
2011-10-10,0.0,0.0,0.0,0.0,0.0,0.0
2011-10-11,0.0,0.0,0.0,0.0,0.0,0.0
2011-10-12,0.0,0.0,0.0,0.0,0.0,0.0
2011-10-13,0.0,0.0,0.0,0.0,0.0,0.0
2011-10-14,0.0,0.0,0.0,0.0,0.0,0.0
2011-10-15,4.498670750763267e-05,5.375417458708398e-05,5.96664976910688e-05,4.8685480578569695e-05,5.909916217206046e-05,6.791202758904546e-05
2011-10-16,5.751938715548022e-06,6.8956383074691985e-06,7.648484825040214e-06,3.848654614557745e-06,4.568370968627278e-06,5.043536475568544e-06
2011-10-17,0.00016077785403467715,0.0001671357749728486,0.0001691692741587758,0.0001662891445448622,0.00017043453408405185,0.00017179704445879906
2011-10-18,1.3963409401185345e-05,2.2335700123221613e-05,3.71309433830902e-05,9.761302862898447e-06,1.5522042303928174e-05,2.573323217802681e-05
2011-10-19,0.00010154691699426621,0.00011479883687570691,0.0001253264636034146,9.215689351549372e-05,0.00010557440691627562,0.00011873365292558447
2011-10-20,8.77928778209025e-06,9.482416317041498e-06,8.560395144741051e-06,1.086567499442026e-05,1.1751642887247726e-05,1.1019606063200627e-05
2011-10-21,0.0,0.0,0.0,0.0,0.0,0.0
2011-10-22,0.0,0.0,0.0,0.0,0.0,0.0
2011-10-23,0.0,0.0,0.0,0.0,0.0,0.0
2011-10-24,0.0,0.0,0.0,0.0,0.0,0.0
2011-10-25,0.0,0.0,0.0,0.0,0.0,0.0
2011-10-26,0.0,0.0,0.0,0.0,0.0,0.0
2011-10-27,0.0,0.0,0.0,0.0,0.0,0.0
2011-10-28,0.0,0.0,0.0,0.0,0.0,0.0
2011-10-29,9.884143764793407e-06,1.1056323273805901e-05,1.3354878319660202e-05,1.5650859495508485e-05,1.6324698663083836e-05,1.803882696549408e-05
2011-10-30,5.708079129362886e-07,5.349629006445866e-08,1.6429407878604252e-07,5.897658184039756e-07,1.2337241628301854e-07,3.7688934639845684e-07
2011-10-31,3.7652560422429815e-05,3.686322452267632e-05,3.5716930142370984e-05,4.563565744319931e-05,4.387665831018239e-05,4.158188312430866e-05
2011-11-01,3.7834461181773804e-06,4.300917680666316e-06,4.270198132871883e-06,6.603358997381292e-06,7.604260190419154e-06,7.930620995466597e-06
2011-11-02,0.0,0.0,0.0,0.0,0.0,0.0
2011-11-03,0.0,0.0,0.0,0.0,0.0,0.0
2011-11-04,0.0,0.0,0.0,0.0,0.0,0.0
2011-11-05,0.0,0.0,0.0,0.0,0.0,0.0
2011-11-06,4.8911363847992106e-08,5.090160826171086e-08,4.0616733087972534e-08,1.1438381619655047e-07,1.1719832571088773e-07,9.300877934492746e-08
2011-11-07,0.0,0.0,0.0,0.0,0.0,0.0
2011-11-08,0.0,0.0,0.0,0.0,0.0,0.0
2011-11-09,9.736621905176435e-06,1.0033160833700094e-05,1.115315990318777e-05,1.499570680607576e-05,1.4921673937351443e-05,1.5362254998763092e-05
2011-11-10,0.0,0.0,0.0,0.0,0.0,0.0
2011-11-11,0.0,0.0,0.0,0.0,0.0,0.0
2011-11-12,6.879444845253602e-05,6.816882523708045e-05,6.586458766832948e-05,5.247169974609278e-05,5.064460856374353e-05,4.84675147163216e-05
2011-11-13,4.2829538870137185e-05,5.0397553422953933e-05,5.779524872195907e-05,3.414438106119633e-05,4.027565591968596e-05,4.6976787416497245e-05
2011-11-14,0.0,0.0,0.0,0.0,0.0,0.0
2011-11-15,4.685325905029458e-09,0.0,0.0,1.0953626450316278e-08,0.0,0.0
2011-11-16,0.0,0.0,0.0,0.0,0.0,0.0
2011-11-17,0.0,0.0,0.0,0.0,0.0,0.0
2011-11-18,2.5174640541081317e-06,2.793103021758725e-06,3.012231445609359e-06,1.6879288295967854e-06,1.8403198964733747e-06,1.9772021460084943e-06
2011-11-19,1.811177838817457e-07,0.0,0.0,3.121016618479189e-07,0.0,0.0
2011-11-20,7.62757335905917e-05,8.070492185652256e-05,8.475750655634329e-05,6.177008617669344e-05,6.449130887631327e-05,6.78385840728879e-05
2011-11-21,0.0002973744412884116,0.00033401366090402007,0.00037497133598662913,0.00027819068054668605,0.0003049649531021714,0.00033768737921491265
2011-11-22,0.0,0.0,0.0,0.0,0.0,0.0
2011-11-23,0.0,0.0,0.0,0.0,0.0,0.0
2011-11-24,5.58172268938506e-06,1.7653513850746094e-06,1.4177085176925175e-06,5.534144293051213e-06,1.972108975678566e-06,1.5751010096209939e-06
2011-11-25,8.290263212984428e-05,8.648241782793775e-05,8.544233423890546e-05,9.342846169602126e-05,9.641865472076461e-05,9.494191908743232e-05
2011-11-26,1.1994819942628965e-05,1.214229178003734e-05,1.1772322068281937e-05,2.375248914177064e-05,2.3407255866914056e-05,2.2183958208188415e-05
2011-11-27,0.0,0.0,0.0,0.0,0.0,0.0
2011-11-28,0.0,0.0,0.0,0.0,0.0,0.0
2011-11-29,0.0,0.0,0.0,0.0,0.0,0.0
2011-11-30,0.0,0.0,0.0,0.0,0.0,0.0
2011-12-01,1.3108943903716863e-06,1.4946087958378484e-06,1.4692743661726126e-06,8.776506774665904e-07,9.806371963350102e-07,9.588026159690344e-07
2011-12-02,5.320023774402216e-05,5.4200641898205504e-05,5.4064850701252e-05,3.630868741311133e-05,3.6011842894367874e-05,3.58034812961705e-05
2011-12-03,0.00025365277542732656,0.00026725753559730947,0.0002801421214826405,0.00022740339045412838,0.0002343446685699746,0.0002448989253025502
2011-12-04,4.9370635679224506e-05,5.029494423069991e-05,5.051313200965524e-05,5.018292722525075e-05,4.992280446458608e-05,4.906035610474646e-05
2011-12-05,0.00013428571401163936,0.00013814613339491189,0.00013682615826837718,0.00014000732335262,0.00014139052655082196,0.00014007321442477405
2011-12-06,4.813130362890661e-05,4.788500882568769e-05,4.598194209393114e-05,5.146538751432672e-05,5.003129626857117e-05,4.7927911509759724e-05
2011-12-07,4.3932195694651455e-06,5.239744041318772e-06,5.826717824675143e-06,3.174757011947804e-06,3.7589591102005215e-06,4.246031494403724e-06
2011-12-08,4.585400148471308e-08,0.0,0.0,1.0693369745240489e-07,0.0,0.0
2011-12-09,0.0,0.0,0.0,0.0,0.0,0.0
2011-12-10,4.301865086375756e-09,0.0,0.0,1.0030258401627634e-08,0.0,0.0
2011-12-11,0.0,0.0,0.0,0.0,0.0,0.0
2011-12-12,8.73374938237248e-06,9.148051503871102e-06,9.629389751353301e-06,5.8406812968314625e-06,5.991647412884049e-06,6.273060535022523e-06
2011-12-13,2.4088649297482334e-06,2.158724555556546e-06,1.8247740172228077e-06,1.831878535085707e-06,1.4315195357994526e-06,1.2437121768016368e-06
2011-12-14,0.0,0.0,0.0,0.0,0.0,0.0
2011-12-15,0.0,0.0,0.0,0.0,0.0,0.0
2011-12-16,0.0,0.0,0.0,0.0,0.0,0.0
2011-12-17,1.2130150935263373e-05,1.1132300642202608e-05,9.798528481042013e-06,1.2966419490112457e-05,1.1269651622569654e-05,9.779846550372895e-06
2011-12-18,1.943587813002523e-05,1.863651596067939e-05,1.6894970030989498e-05,2.3004276954452507e-05,2.1639019905705936e-05,1.9705525119206868e-05
2011-12-19,0.0,0.0,0.0,0.0,0.0,0.0
2011-12-20,3.225998079869896e-05,3.35877230099868e-05,3.57645440089982e-05,2.992363261000719e-05,3.016073787875939e-05,3.1462350307265297e-05
2011-12-21,6.022668003424769e-06,6.143350219645072e-06,6.6521629378257785e-06,6.2743893067818135e-06,5.911861080676317e-06,6.124639185145497e-06
2011-12-22,1.8493452671464183e-06,1.511695245426381e-06,1.2232884500917862e-06,1.7021192206811975e-06,1.3816129467159044e-06,1.1119573173345998e-06
2011-12-23,1.182054984383285e-05,1.1087652637797873e-05,1.0171925168833695e-05,1.062876071955543e-05,9.665270226832945e-06,8.863394214131404e-06
2011-12-24,0.0,0.0,0.0,0.0,0.0,0.0
2011-12-25,0.0,0.0,0.0,0.0,0.0,0.0
2011-12-26,5.015372607886093e-06,3.824631676252466e-06,3.0971591513662133e-06,4.049007657158654e-06,3.023731096618576e-06,2.4351875254069455e-06
2011-12-27,5.1843566325260326e-05,5.579790013143793e-05,5.80185696890112e-05,4.468525730771944e-05,4.7431491111638024e-05,4.919999264529906e-05
2011-12-28,3.023003773705568e-05,3.2051775633590296e-05,3.1975410820450634e-05,2.7622731067822315e-05,2.8930742701049894e-05,2.883972592826467e-05
2011-12-29,7.333920621022116e-06,6.8952176661696285e-06,5.890272859687684e-06,9.202121873386204e-06,8.538034308003262e-06,7.5688481047109235e-06
2011-12-30,1.0920469321717974e-05,8.480558790324721e-06,7.543828360212501e-06,7.858636308810674e-06,5.551364665734582e-06,4.910841198579874e-06
2011-12-31,4.4901407818542793e-05,4.9292943003820255e-05,5.122629590914585e-05,4.3767900933744386e-05,4.641423583962023e-05,4.805414209840819e-05
2012-01-01,3.880302028846927e-05,3.9103084418457e-05,4.09711356041953e-05,4.70053892058786e-05,4.511333827394992e-05,4.4170068576931953e-05
2012-01-02,2.7346331989974715e-05,3.1316671083914116e-05,3.41842787747737e-05,2.942502760561183e-05,3.323732380522415e-05,3.648336132755503e-05
2012-01-03,0.0,0.0,0.0,0.0,0.0,0.0
2012-01-04,0.0,0.0,0.0,0.0,0.0,0.0
2012-01-05,0.0005363168893381953,0.0005630305386148393,0.0005759714404121041,0.0005441612447611988,0.0005618402501568198,0.000573573459405452
2012-01-06,6.690484588034451e-05,7.794303382979706e-05,9.180485358228907e-05,7.013889990048483e-05,7.96144304331392e-05,9.326577128376812e-05
2012-01-07,1.1482331956358394e-06,8.228079195760074e-07,6.677911983388185e-07,1.7625494592721225e-06,1.2451298516680254e-06,1.005141825771716e-06
2012-01-08,0.0,9.865300398814725e-08,3.0864484301673656e-07,0.0,6.462106938442957e-08,2.01020341705771e-07
2012-01-09,0.0,0.0,0.0,0.0,0.0,0.0
2012-01-10,0.0,3.860884021378297e-07,1.2080462283847737e-06,0.0,2.6797169994097203e-07,8.336633641192748e-07
2012-01-11,0.00032873553573153913,0.0003474260156508535,0.00036870024632662535,0.0003152676217723638,0.0003302391851320863,0.00034948784741573036
2012-01-12,3.594990630517714e-05,3.978125096182339e-05,4.319417348597199e-05,3.5416112950770184e-05,3.869218198815361e-05,4.3112366256536916e-05
2012-01-13,1.3861595427044904e-08,0.0,0.0,3.2350907730460676e-08,0.0,0.0
2012-01-14,0.0,0.0,0.0,0.0,0.0,0.0
2012-01-15,2.109557499352377e-05,1.9072749637416564e-05,1.7158676200779155e-05,2.296471211593598e-05,2.0212552044540644e-05,1.8189777620136738e-05
2012-01-16,5.379201320465654e-05,6.02010841248557e-05,6.669312278972939e-05,6.10130991844926e-05,6.652218871749938e-05,7.256292155943811e-05
2012-01-17,3.538617602316663e-05,3.947427831008099e-05,4.400570105644874e-05,3.649310383480042e-05,3.9238075260072947e-05,4.264694143785164e-05
2012-01-18,2.6156019430345623e-06,1.9098849861620693e-06,1.5647875670765643e-06,5.484539542521816e-06,4.365253971627681e-06,3.5557884530135198e-06
2012-01-19,6.587141342606628e-06,6.1120499594835564e-06,5.422019512479892e-06,1.0313962775398977e-05,9.615744602342602e-06,8.577777407481335e-06
2012-01-20,7.65043751016492e-07,7.148869940465374e-07,5.79941229261749e-07,9.067005066754064e-07,7.315764491977461e-07,5.900452606510953e-07
2012-01-21,0.0,0.0,0.0,0.0,0.0,0.0
2012-01-22,0.0,0.0,0.0,0.0,0.0,0.0
2012-01-23,0.0001572756009409204,0.00016734842211008072,0.00017304217908531427,0.0001589552848599851,0.00016613442858215421,0.00017145498713944107
2012-01-24,3.8811313061160035e-06,6.325951744656777e-06,1.0477990144863725e-05,3.107687007286586e-06,4.899415216641501e-06,8.426943168160506e-06
2012-01-25,0.0,0.0,0.0,0.0,0.0,0.0
2012-01-26,7.598005140607711e-06,8.911573786463123e-06,1.0375031706644222e-05,1.259330292668892e-05,1.3412784937827382e-05,1.436735055904137e-05
2012-01-27,0.0,0.0,0.0,0.0,0.0,0.0
2012-01-28,3.736735015991144e-05,4.104139225091785e-05,4.445525337359868e-05,4.189582250546664e-05,4.4123957195552066e-05,4.674016236094758e-05
2012-01-29,0.0002133381785824895,0.0002336178586119786,0.0002513599756639451,0.00020948972087353468,0.000225055031478405,0.0002426549035590142
2012-01-30,6.148755460344546e-07,4.494716847602831e-07,3.643376373929641e-07,1.4377984598468174e-06,1.0283108622388681e-06,8.288322419502947e-07
2012-01-31,0.0,0.0,0.0,0.0,0.0,0.0
2012-02-01,0.0,0.0,0.0,0.0,0.0,0.0
2012-02-02,0.0,0.0,0.0,0.0,0.0,0.0
2012-02-03,0.0002902934211306274,0.00031259676325134933,0.0003253194154240191,0.00024965833290480077,0.0002653848787304014,0.0002759100461844355
2012-02-04,0.00012021197471767664,0.00013299190322868526,0.0001376167347189039,0.00013208494056016207,0.000143594661494717,0.0001484003005316481
2012-02-05,5.231071190792136e-05,5.783134474768303e-05,6.206000398378819e-05,5.617276474367827e-05,6.0572565416805446e-05,6.387863686541095e-05
2012-02-06,1.4204374565451872e-05,1.497338143963134e-05,1.542310928925872e-05,2.141233198926784e-05,2.2334956156555563e-05,2.2545820684172213e-05
2012-02-07,0.0,2.043965352527266e-08,6.38385273532549e-08,0.0,1.3418078204097128e-08,4.16826111404589e-08
2012-02-08,0.0,0.0,0.0,0.0,0.0,0.0
2012-02-09,0.0,0.0,0.0,0.0,0.0,0.0
2012-02-10,0.0,0.0,0.0,0.0,0.0,0.0
2012-02-11,0.0,0.0,0.0,0.0,0.0,0.0
2012-02-12,0.0,0.0,0.0,0.0,0.0,0.0
2012-02-13,0.0,0.0,0.0,0.0,0.0,0.0
2012-02-14,1.1656945844151778e-06,1.1285529808446881e-06,1.709141088213073e-06,8.203496690839529e-07,7.408187912005815e-07,1.1162258033436956e-06
2012-02-15,0.0,0.0,0.0,0.0,0.0,0.0
2012-02-16,0.0,0.0,0.0,0.0,0.0,0.0
2012-02-17,0.0,0.0,0.0,0.0,0.0,0.0
2012-02-18,0.0,0.0,0.0,0.0,0.0,0.0
2012-02-19,0.0,0.0,0.0,0.0,0.0,0.0
2012-02-20,0.0,0.0,0.0,0.0,0.0,0.0
2012-02-21,9.336919174529612e-05,0.00010589943121885881,0.00011662040196824819,8.230970706790686e-05,9.153551218332723e-05,0.00010121714149136096
2012-02-22,3.587743435673474e-07,1.1578604244277813e-06,3.189525386915193e-06,8.378556799470971e-07,1.6536682778678369e-06,4.1752459765120875e-06
2012-02-23,1.4940707842470147e-05,1.5544972484349273e-05,1.5100513337529264e-05,3.1071813282324e-05,3.280615055700764e-05,3.2165808079298586e-05
2012-02-24,2.3713235464128957e-07,1.9585708344038721e-07,1.582161814894789e-07,5.535981131288281e-07,4.4798360931963543e-07,3.601963953769882e-07
2012-02-25,2.0361329006846063e-05,2.0702607798739336e-05,2.204254997195676e-05,1.9566816263250075e-05,1.9461218471406028e-05,2.051972842309624e-05
2012-02-26,1.1165544492541812e-05,1.0920782187895384e-05,9.293599759985227e-06,1.2354721548035741e-05,1.2177201824670192e-05,1.0867753189813811e-05
2012-02-27,0.0,0.0,0.0,0.0,0.0,0.0
2012-02-28,7.354349129684579e-09,0.0,0.0,4.921739904517608e-09,0.0,0.0
2012-02-29,,,,,,
2012-03-01,0.0,1.8214237229585706e-08,5.672096392572712e-08,0.0,1.1947903999498521e-08,3.703938844523691e-08
2012-03-02,4.551564245502959e-07,1.2311276975651708e-07,9.938592882008379e-08,6.472345148722525e-07,1.9138246898364741e-07,1.5380703644041205e-07
2012-03-03,0.0,0.0,0.0,0.0,0.0,0.0
2012-03-04,0.0,0.0,0.0,0.0,0.0,0.0
2012-03-05,7.449128247571934e-07,5.697662004422455e-07,4.697205895354273e-07,1.7361609252475318e-06,1.302564783145499e-06,1.0691262559703318e-06
2012-03-06,0.0,0.0,0.0,0.0,0.0,0.0
2012-03-07,0.0,0.0,0.0,0.0,0.0,0.0
2012-03-08,1.9306695321574807e-05,2.100907477142755e-05,2.1874133381061256e-05,1.866122147475835e-05,1.966826312127523e-05,2.026088986895047e-05
2012-03-09,0.0,0.0,0.0,0.0,0.0,0.0
2012-03-10,5.207053455080768e-09,0.0,0.0,3.4781715285703285e-09,0.0,0.0
2012-03-11,0.00010784508776850998,0.0001182231935672462,0.00012582338240463287,0.00011155112588312477,0.0001198410609504208,0.00012685699039138854
2012-03-12,0.00046143410145305097,0.0005122011643834412,0.000551101693417877,0.0004557815263979137,0.0004993985639885068,0.0005367941921576858
2012-03-13,5.102963768877089e-06,5.758039151260164e-06,5.3766730161441956e-06,3.4068184504576493e-06,3.9791898416297045e-06,4.142743364354828e-06
2012-03-14,3.96687064494472e-05,4.084775719093159e-05,4.001057823188603e-05,4.6883833419997245e-05,4.787969737662934e-05,4.785038254340179e-05
2012-03-15,8.778072697168682e-06,7.168738648033468e-06,6.206963462318527e-06,1.460516796214506e-05,1.2755685020238161e-05,1.1212573554075789e-05
2012-03-16,5.596384289674461e-05,5.509181210072711e-05,5.291449269861914e-05,5.1405913836788386e-05,4.997306677978486e-05,4.79092777823098e-05
2012-03-17,5.262832928565331e-05,5.7359786296729e-05,6.196067261043936e-05,5.3918636695016176e-05,5.8228779380442575e-05,6.301681423792616e-05
2012-03-18,2.735789166763425e-05,2.6937541406368837e-05,2.499553738743998e-05,1.8913897292804904e-05,1.8170359908253886e-05,1.6994647012325004e-05
2012-03-19,2.5183371690218337e-05,2.7764173864852637e-05,2.978094562422484e-05,2.048280293820426e-05,2.25126241275575e-05,2.446719372528605e-05
2012-03-20,0.0,2.286922438088368e-07,7.108779414011224e-07,0.0,1.4990379781920637e-07,4.6401098074966285e-07
2012-03-21,0.0,0.0,0.0,0.0,0.0,0.0
2012-03-22,1.5835370504646562e-05,1.3977593880554195e-05,1.3450716323859524e-05,3.350161568960175e-05,3.193831435055472e-05,3.0605573556385934e-05
2012-03-23,8.5200066678226e-05,9.087425860343501e-05,9.355119982501492e-05,8.451264875475317e-05,9.00738887139596e-05,9.434864477952942e-05
2012-03-24,0.0,0.0,0.0,0.0,0.0,0.0
2012-03-25,9.834218508331105e-05,9.685646364232525e-05,9.057219722308218e-05,8.89190923771821e-05,8.550253551220521e-05,7.963100506458431e-05
2012-03-26,0.0,0.0,0.0,0.0,0.0,0.0
2012-03-27,2.829680170179927e-06,3.1742033570481e-06,3.5031143852393143e-06,6.572522579517681e-06,7.202942924777744e-06,7.815108801878523e-06
2012-03-28,5.6755681725917384e-05,6.263820978347212e-05,6.931793177500367e-05,4.605826688930392e-05,5.021047036279924e-05,5.578287164098583e-05
2012-03-29,7.410532998619601e-05,6.732720066793263e-05,6.152757123345509e-05,6.366433808580041e-05,5.743961810367182e-05,5.278856770019047e-05
2012-03-30,0.00014942052075639367,0.00015587540110573173,0.00015689394786022604,0.00011011400783900172,0.00011360862117726356,0.00011480106331873685
2012-03-31,7.925589306978509e-05,8.25963870738633e-05,8.819500362733379e-05,7.464720692951232e-05,7.448434189427644e-05,7.741714944131672e-05
2012-04-01,2.715365008043591e-05,2.6638363124220632e-05,2.5612898753024638e-05,3.482422835077159e-05,3.452227247180417e-05,3.381614442332648e-05
2012-04-02,0.0,0.0,0.0,0.0,0.0,0.0
2012-04-03,0.0,0.0,0.0,0.0,0.0,0.0
2012-04-04,0.0,0.0,0.0,0.0,0.0,0.0
2012-04-05,5.2776027587242424e-05,5.30740107933525e-05,5.146248440723866e-05,4.712464215117507e-05,4.7509358410025015e-05,4.660825288738124e-05
2012-04-06,3.5272390164209355e-07,3.892988900133787e-07,3.783083570851886e-07,8.033146059460705e-07,8.705839604772336e-07,8.009508860595815e-07
2012-04-07,7.447747975675156e-06,7.698112312937155e-06,8.006859388842713e-06,4.9590626076678745e-06,5.069685357739218e-06,5.29113913216861e-06
2012-04-08,0.0,0.0,0.0,0.0,0.0,0.0
2012-04-09,2.253599086543545e-05,2.3008318748907186e-05,2.3051459720591083e-05,2.242830305476673e-05,2.226475771749392e-05,2.209867125202436e-05
2012-04-10,6.12610747339204e-05,6.1384605942294e-05,6.059940642444417e-05,6.337482773233205e-05,6.302158726612106e-05,6.242754170671105e-05
2012-04-11,0.0,0.0,0.0,0.0,0.0,0.0
2012-04-12,0.0,0.0,0.0,0.0,0.0,0.0
2012-04-13,1.0506268921517403e-07,0.0,0.0,2.43850450942773e-07,0.0,0.0
2012-04-14,0.00029790750704705715,0.00031720666447654366,0.00032764943898655474,0.00032000697683542967,0.0003329735482111573,0.0003424273163545877
2012-04-15,7.240122795337811e-05,7.50394247006625e-05,7.684034790145233e-05,6.887058407301083e-05,7.048769475659356e-05,7.188740710262209e-05
2012-04-16,0.0,0.0,0.0,0.0,0.0,0.0
2012-04-17,8.953359065344557e-05,8.861979586072266e-05,8.584019087720662e-05,8.685422653798014e-05,8.422494283877313e-05,8.084910223260522e-05
2012-04-18,8.24513153929729e-06,1.1392439773771912e-05,1.6185496860998683e-05,1.1746577911253553e-05,1.4609713616664521e-05,1.839427750383038e-05
2012-04-19,0.0,0.0,0.0,0.0,0.0,0.0
2012-04-20,0.0,0.0,0.0,0.0,0.0,0.0
2012-04-21,0.0,0.0,0.0,0.0,0.0,0.0
2012-04-22,2.2270428416959476e-06,1.7710993915898143e-06,1.4374242027770379e-06,5.031604359828634e-06,4.060518222104292e-06,3.283432306488976e-06
2012-04-23,3.865678809233941e-05,3.887784987455234e-05,3.8983718695817515e-05,3.9235525036929175e-05,3.921999814338051e-05,3.9495072996942326e-05
2012-04-24,3.724050475284457e-05,3.381548231118359e-05,2.92798358714208e-05,3.686881245812401e-05,3.293298141215928e-05,2.8547914553200826e-05
2012-04-25,8.973322110250592e-05,8.934661309467629e-05,8.000133675523102e-05,8.692471601534635e-05,8.662165055284277e-05,7.989687583176419e-05
2012-04-26,0.0,0.0,0.0,0.0,0.0,0.0
2012-04-27,0.0,0.0,0.0,0.0,0.0,0.0
2012-04-28,3.670897115171101e-07,0.0,0.0,8.526278065801307e-07,0.0,0.0
2012-04-29,1.621998853806872e-05,1.420318858436076e-05,1.1963631550315768e-05,1.7217404092662036e-05,1.5460391296073794e-05,1.3529388525057584e-05
2012-04-30,6.579479668289423e-05,6.267885328270495e-05,5.8484962210059166e-05,7.452816498698667e-05,7.082689990056679e-05,6.613408186240122e-05
2012-05-01,0.0,0.0,0.0,0.0,0.0,0.0
2012-05-02,9.803153488974203e-08,0.0,0.0,2.2776768560106575e-07,0.0,0.0
2012-05-03,7.766769158479292e-06,6.941581432329258e-06,5.549248271563556e-06,1.7811527868616395e-05,1.5959976735757664e-05,1.2721436178253498e-05
2012-05-04,0.0,0.0,0.0,0.0,0.0,0.0
2012-05-05,0.0,0.0,0.0,0.0,0.0,0.0
2012-05-06,0.0,0.0,0.0,0.0,0.0,0.0
2012-05-07,4.796831854037009e-05,4.8665391659596935e-05,4.803596675628796e-05,5.092461287858896e-05,5.138193228049204e-05,5.0464375817682594e-05
2012-05-08,3.4667435102164745e-05,3.58743745891843e-05,3.5727822250919417e-05,3.545263462001458e-05,3.643092350102961e-05,3.671958256745711e-05
2012-05-09,1.6532017980352975e-05,1.440966752852546e-05,1.3345418665267061e-05,1.3997168935020454e-05,1.1948990504606627e-05,1.0965351975755766e-05
2012-05-10,0.0,2.6076214965087274e-08,7.968417037318432e-08,0.0,6.00791310034765e-08,1.8317386718536e-07
2012-05-11,9.165295341517776e-05,9.292293543694541e-05,9.377893729833886e-05,9.085417696041986e-05,9.238837810698897e-05,9.41694452194497e-05
2012-05-12,8.176193659892306e-05,8.39880303828977e-05,8.790970605332404e-05,6.698470679111779e-05,6.855225365143269e-05,7.140247180359438e-05
2012-05-13,6.347161979647353e-05,6.26606706646271e-05,6.322558328974992e-05,7.981157978065312e-05,7.54394568502903e-05,7.211857882793993e-05
2012-05-14,3.3503215490782168e-06,3.526603450154653e-06,3.0725136639375705e-06,7.792116775817703e-06,8.135179996315856e-06,7.074558197928127e-06
2012-05-15,2.4184451831388287e-05,1.9122577214147896e-05,1.5112574146769475e-05,1.752958087308798e-05,1.2658153536904138e-05,9.986300028685946e-06
2012-05-16,4.647374225896783e-05,4.5084849261911586e-05,4.5441145630320534e-05,4.872104182140902e-05,4.74983717140276e-05,4.752526729134843e-05
2012-05-17,0.00012290396261960268,0.0001250380591955036,0.0001278930576518178,0.0001232976355822757,0.00012387281458359212,0.00012524747580755502
2012-05-18,2.6703590265242383e-05,3.319404277135618e-05,3.9243568608071655e-05,2.556859726610128e-05,3.1766558095114306e-05,3.790113260038197e-05
2012-05-19,0.0,0.0,0.0,0.0,0.0,0.0
2012-05-20,0.0,0.0,0.0,0.0,0.0,0.0
2012-05-21,0.0,0.0,0.0,0.0,0.0,0.0
2012-05-22,5.471384429256432e-05,6.521744217025116e-05,8.240835450123996e-05,5.495543882716447e-05,6.392726209014654e-05,7.87859971751459e-05
2012-05-23,7.258547157107387e-06,1.5094282389327418e-05,3.833161827060394e-05,1.2728731235256419e-05,1.7105678125517443e-05,3.4538817999418825e-05
2012-05-24,1.0488656698726118e-07,0.0,0.0,2.441112485485064e-07,0.0,0.0
2012-05-25,0.0,1.5168403422194388e-08,4.604252268336495e-08,0.0,3.5103255413559964e-08,1.0648712844840702e-07
2012-05-26,5.6205648434115574e-05,5.93973309150897e-05,6.0721162299159914e-05,4.517603883869015e-05,4.753272150992416e-05,4.795745917363092e-05
2012-05-27,5.910249001317425e-06,7.717869266343769e-06,1.1070466825913172e-05,3.9465621739509515e-06,5.503105967363808e-06,8.492524102621246e-06
2012-05-28,4.2172500798187684e-06,4.46608191850828e-06,4.140074906899827e-06,9.81702578428667e-06,1.0343673238821793e-05,9.585871339368168e-06
2012-05-29,0.0,0.0,0.0,0.0,0.0,0.0
2012-05-30,0.0,0.0,0.0,0.0,0.0,0.0
2012-05-31,0.0,0.0,0.0,0.0,0.0,0.0
2012-06-01,1.922413048305316e-06,0.0,0.0,2.617709697005921e-06,0.0,0.0
2012-06-02,0.00012053523096255958,0.00011853723117383197,0.00011659099254757166,0.0001291883090743795,0.0001273412926821038,0.00012491359666455537
2012-06-03,5.066565063316375e-05,5.206503556109965e-05,5.224407868809067e-05,5.253069321042858e-05,5.353330197976902e-05,5.345639874576591e-05
2012-06-04,0.0,0.0,0.0,0.0,0.0,0.0
2012-06-05,0.0,0.0,0.0,0.0,0.0,0.0
2012-06-06,0.0,0.0,0.0,0.0,0.0,0.0
2012-06-07,7.454646038240753e-07,1.029477630254405e-06,1.4028122450326919e-06,1.7356602484142059e-06,2.389383325862582e-06,3.2582515814283397e-06
2012-06-08,0.0,0.0,0.0,0.0,0.0,0.0
2012-06-09,0.0,0.0,0.0,0.0,0.0,0.0
2012-06-10,1.6358140783268027e-05,8.741097190068103e-06,6.855418178020045e-06,1.3866512745153159e-05,5.82253551328904e-06,4.570983946905471e-06
2012-06-11,0.00028071124688722193,0.0003190173301845789,0.0003692529571708292,0.0002756292815320194,0.00030821264954283834,0.0003506536013446748
2012-06-12,1.5926172636682168e-05,3.914398348570103e-06,3.069752892770339e-06,1.4557087524735834e-05,2.60806496044097e-06,2.04765137823415e-06
2012-06-13,0.00012164266081526875,0.00012155799777247012,0.00011851172894239426,0.00012284146214369684,0.00012213691661600024,0.00011820731742773205
2012-06-14,0.0001234248047694564,0.00011850893497467041,0.0001087422642740421,0.00012144624633947387,0.00011586353502934799,0.00010621055116644129
2012-06-15,0.00012579813483171165,0.00013565484550781548,0.0001414126600138843,0.0001225407759193331,0.0001319523435086012,0.00013940996723249555
2012-06-16,5.9859154134755954e-05,6.191790453158319e-05,6.32533774478361e-05,6.283060793066397e-05,6.449053034884855e-05,6.58238132018596e-05
2012-06-17,1.326540132140508e-05,1.6328098354279064e-05,1.8901786461356096e-05,1.7080872567021288e-05,2.0420662622200325e-05,2.2615937268710695e-05
2012-06-18,1.3381268217926845e-05,1.5526300558121875e-05,1.753017568262294e-05,1.483870619267691e-05,1.6921063433983363e-05,1.8043445379589684e-05
2012-06-19,0.0,8.299708724734955e-07,2.511605316612986e-06,0.0,5.53258814761648e-07,1.6769381545600481e-06
2012-06-20,0.0,3.5617397031728615e-08,1.0779861270293623e-07,0.0,8.276663265860407e-08,2.5091654265452235e-07
2012-06-21,5.7789962738752365e-05,5.656768917106092e-05,5.637526192003861e-05,5.873399641131982e-05,5.7666609791340306e-05,5.732447971240617e-05
2012-06-22,2.902315600294969e-06,2.0810314254049445e-06,3.5321220366313355e-06,5.3017738537164405e-06,3.855304839817109e-06,5.248388333711773e-06
2012-06-23,2.367405386394239e-06,2.6937520942738047e-06,5.659525868395576e-06,4.782108590006828e-06,4.484089004108682e-06,7.788727089064196e-06
2012-06-24,0.0,0.0,0.0,0.0,0.0,0.0
2012-06-25,7.311793888220564e-05,7.56432200432755e-05,7.204882422229275e-05,4.879794505541213e-05,5.051808329881169e-05,4.841282498091459e-05
2012-06-26,0.0001290806249016896,0.00013417055015452206,0.00013275303354021162,0.00012021034490317106,0.0001249105844181031,0.0001243973965756595
2012-06-27,5.258243254502304e-05,5.005591083317995e-05,4.5643188059329987e-05,5.7498076785122976e-05,5.659763337462209e-05,5.2829640480922535e-05
2012-06-28,0.00014427823771256953,0.00014443691179621965,0.0001413118588970974,0.00013359902368392795,0.0001338381553068757,0.00013221889093983918
2012-06-29,0.00013293714437168092,0.00014312549319583923,0.00015127747610677034,8.86861962499097e-05,9.628671978134662e-05,0.00010379044397268444
2012-06-30,0.0,0.0,0.0,0.0,0.0,0.0
2012-07-01,0.0,0.0,0.0,0.0,0.0,0.0
2012-07-02,0.0,0.0,0.0,0.0,0.0,0.0
2012-07-03,0.0,0.0,0.0,0.0,0.0,0.0
2012-07-04,0.0,0.0,0.0,0.0,0.0,0.0
2012-07-05,0.0,0.0,0.0,0.0,0.0,0.0
2012-07-06,0.0,0.0,0.0,0.0,0.0,0.0
2012-07-07,0.00010840463073691353,0.00010802723409142345,0.00010573725012363866,0.00012370970216579735,0.00012310508463997394,0.0001222733990289271
2012-07-08,9.132416016655043e-05,9.397054236615077e-05,9.704355034045875e-05,0.00010547952115302905,0.00010877529712161049,0.00011164489114889875
2012-07-09,7.104991527739912e-05,7.215731602627784e-05,7.244428707053885e-05,6.405756721505895e-05,6.554464198416099e-05,6.585786468349397e-05
2012-07-10,0.0,0.0,0.0,0.0,0.0,0.0
2012-07-11,3.816538537648739e-06,0.0,0.0,2.9354719117691275e-06,0.0,0.0
2012-07-12,3.358887624926865e-05,2.840956767613534e-05,2.377629243710544e-05,4.4460000935941935e-05,3.938658846891485e-05,3.42553285008762e-05
2012-07-13,0.00015136212459765375,0.00015982393233571202,0.00016696538659743965,0.00013679433322977275,0.00014575046952813864,0.0001525763509562239
2012-07-14,0.00011478427040856332,0.00012386997696012259,0.0001365121133858338,7.641711999895051e-05,8.235667337430641e-05,9.106571815209463e-05
2012-07-15,0.00012186811363790184,0.00012904891627840698,0.00013863873027730733,0.00014578935224562883,0.00015300491941161454,0.00016241315461229533
2012-07-16,0.00014310560072772205,0.0001504897081758827,0.0001597353839315474,0.0001402148191118613,0.00014661943714600056,0.00015563666238449514
2012-07-17,5.140651046531275e-05,6.069614028092474e-05,7.626538717886433e-05,6.171633140183985e-05,7.039446063572541e-05,8.136446558637545e-05
2012-07-18,0.0,0.0,0.0,0.0,0.0,0.0
2012-07-19,0.0,0.0,0.0,0.0,0.0,0.0
2012-07-20,0.0,0.0,0.0,0.0,0.0,0.0
2012-07-21,3.964753432228463e-06,3.823820406978484e-06,3.707535142893903e-06,3.4249019336130004e-06,3.836061750916997e-06,4.604858531820355e-06
2012-07-22,0.0,0.0,0.0,0.0,0.0,0.0
2012-07-23,0.00012009125930489972,0.00012171841808594763,0.00011967447062488645,0.00012134818825870752,0.0001238254044437781,0.00012306019198149443
2012-07-24,0.0,1.275171115366902e-07,3.910800501216727e-07,0.0,1.2491017287175055e-07,3.836522068922932e-07
2012-07-25,0.0,0.0,0.0,0.0,0.0,0.0
2012-07-26,0.0,0.0,0.0,0.0,0.0,0.0
2012-07-27,9.357847739011049e-05,9.167647658614442e-05,8.865814743330702e-05,9.744081762619317e-05,9.68671593000181e-05,9.443101589567959e-05
2012-07-28,4.642257408704609e-05,5.0120954256271943e-05,5.668676021741703e-05,5.0408634706400335e-05,5.7029763411264867e-05,6.634907185798511e-05
2012-07-29,0.0,0.0,0.0,0.0,0.0,0.0
2012-07-30,0.0,0.0,0.0,0.0,0.0,0.0
2012-07-31,0.00019137012714054435,0.0001961518282769248,0.00019712324137799442,0.0002022201515501365,0.00020674213010352105,0.0002086233871523291
2012-08-01,7.18494993634522e-05,8.466786675853655e-05,9.363875142298639e-05,4.768454527948052e-05,5.799866994493641e-05,6.830377969890833e-05
2012-08-02,0.0,0.0,0.0,0.0,0.0,0.0
2012-08-03,0.0,0.0,0.0,0.0,0.0,0.0
2012-08-04,0.00012688185961451381,0.00013878880417905748,0.00015685851394664496,0.00012389488983899355,0.00013366581697482616,0.00015046737098600715
2012-08-05,1.3150531231076457e-05,1.810606408980675e-05,2.5494324290775694e-05,3.0405215511564165e-05,3.723176268977113e-05,4.508393976720981e-05
2012-08-06,0.0,0.0,0.0,0.0,0.0,0.0
2012-08-07,0.0,0.0,0.0,0.0,0.0,0.0
2012-08-08,1.2194845112389885e-05,7.406687473121565e-06,5.921797765040537e-06,9.392634638061281e-06,4.882320354226977e-06,3.905594439856941e-06
2012-08-09,0.0,0.0,0.0,0.0,0.0,0.0
2012-08-10,9.079588926397264e-05,0.00010077223851112649,0.00011430413724156097,9.913175745168701e-05,0.00010824436321854591,0.00011917083611479029
2012-08-11,0.0,3.32716172124492e-06,1.0267243851558305e-05,0.0,4.22588436777005e-06,1.3044712432019878e-05
2012-08-12,9.740905807120726e-05,9.305504499934614e-05,8.341421926161274e-05,8.667669317219406e-05,8.191185042960569e-05,7.371413812506944e-05
2012-08-13,0.0,6.546609654378699e-08,2.0208952378197864e-07,0.0,4.310539836183125e-08,1.3308577706538927e-07
2012-08-14,0.0,0.0,0.0,0.0,0.0,0.0
2012-08-15,8.792249718680978e-05,7.836100849090144e-05,6.272993778111413e-05,8.926379814511165e-05,7.937523332657292e-05,6.354294600896537e-05
2012-08-16,6.444580503739417e-05,6.752648914698511e-05,6.943230255274102e-05,7.361127791227773e-05,7.792685210006312e-05,7.997374632395804e-05
2012-08-17,0.0,0.0,0.0,0.0,0.0,0.0
2012-08-18,6.971425318624824e-05,8.022277324926108e-05,8.621449524071068e-05,4.6296987420646474e-05,5.278028402244672e-05,5.671037797583267e-05
2012-08-19,5.496308585861698e-05,5.084591612103395e-05,4.973891918780282e-05,5.819735088152811e-05,5.681102629750967e-05,5.679337482433766e-05
2012-08-20,0.0,0.0,0.0,0.0,0.0,0.0
2012-08-21,0.0,0.0,0.0,0.0,0.0,0.0
2012-08-22,5.512784468919563e-07,6.994043246777437e-07,8.466405461149407e-07,1.2727090279440745e-06,1.603482246537169e-06,1.94003132492071e-06
2012-08-23,0.0,0.0,0.0,0.0,0.0,0.0
2012-08-24,0.0,0.0,0.0,0.0,0.0,0.0
2012-08-25,0.0,0.0,0.0,0.0,0.0,0.0
2012-08-26,0.0001594751374796033,0.00014519880642183125,0.00013258564285933971,0.0001486501278122887,0.00013329439389053732,0.00012064791371813044
2012-08-27,0.0003845173923764378,0.00041210142080672085,0.00042847549775615335,0.00040563353104516864,0.00043362192809581757,0.0004540063382592052
2012-08-28,0.0,1.272543386221514e-06,3.928827936761081e-06,0.0,8.368535873159999e-07,2.5811266368691577e-06
2012-08-29,0.0,0.0,0.0,0.0,0.0,0.0
2012-08-30,0.0,0.0,0.0,0.0,0.0,0.0
2012-08-31,0.0,0.0,0.0,0.0,0.0,0.0
2012-09-01,0.0,0.0,0.0,0.0,0.0,0.0
2012-09-02,6.676191333099268e-07,0.0,0.0,4.4232106688468775e-07,0.0,0.0
2012-09-03,5.666847209795378e-05,5.266204243525863e-05,4.730874206870794e-05,8.327109389938414e-05,7.866071973694488e-05,7.274309609783813e-05
2012-09-04,0.00013487554679159075,0.00013871169358026236,0.00013749097706750035,0.00010801155440276489,0.00010955559264402837,0.00010532778833294287
2012-09-05,7.404153438983485e-05,8.309017721330747e-05,8.714405703358352e-05,6.462774763349444e-05,7.146274583647028e-05,7.473477307939902e-05
2012-09-06,8.397381316171959e-05,8.544934826204553e-05,8.236952271545306e-05,8.482863631797954e-05,8.661536412546411e-05,8.642517786938697e-05
2012-09-07,4.154324051341973e-05,4.5774886530125514e-05,4.524344694800675e-05,4.242595605319366e-05,4.5643289922736585e-05,4.6506462240358815e-05
2012-09-08,0.0,0.0,0.0,0.0,0.0,0.0
2012-09-09,4.041743522975594e-05,4.514458851190284e-05,4.54935543530155e-05,2.88263017864665e-05,3.2293814001604915e-05,3.302889672340825e-05
2012-09-10,0.0,0.0,0.0,0.0,0.0,0.0
2012-09-11,0.0,0.0,0.0,0.0,0.0,0.0
2012-09-12,0.0,0.0,0.0,0.0,0.0,0.0
2012-09-13,0.0,0.0,0.0,0.0,0.0,0.0
2012-09-14,0.0,0.0,0.0,0.0,0.0,0.0
2012-09-15,4.2580573790473863e-05,4.0574544982519e-05,3.563822610885836e-05,3.513675255817361e-05,3.2406580430688336e-05,2.7964284527115524e-05
2012-09-16,1.9325083485455252e-05,2.2872514819027856e-05,2.743740515143145e-05,1.284918744204333e-05,1.5080954653967638e-05,1.804575731512159e-05
2012-09-17,6.968928937567398e-05,6.377197860274464e-05,6.12233197898604e-05,7.117665518308058e-05,6.381589628290385e-05,5.9549103752942756e-05
2012-09-18,1.0826754987647291e-05,1.3918026525061578e-05,2.1081814338685945e-05,2.264792965434026e-05,2.536959436838515e-05,2.8010259484290145e-05
2012-09-19,0.0,0.0,0.0,0.0,0.0,0.0
2012-09-20,0.0,0.0,0.0,0.0,0.0,0.0
2012-09-21,8.039776730583981e-05,8.160327706718817e-05,8.248823723988608e-05,8.043218986131251e-05,8.105851156869903e-05,8.088016329566017e-05
2012-09-22,0.0,5.171238512957643e-07,1.5880077626206912e-06,0.0,3.902218281837122e-07,1.1947660141231609e-06
2012-09-23,0.0,0.0,0.0,0.0,0.0,0.0
2012-09-24,1.0613049198582303e-05,1.1890160749317147e-05,1.3194637176638935e-05,1.989405063795857e-05,2.1129964807187207e-05,2.2181120584718883e-05
2012-09-25,0.0,5.0359791892162775e-09,1.5454473256681922e-08,0.0,1.1597957261244574e-08,3.547841842532762e-08
2012-09-26,0.0,0.0,0.0,0.0,0.0,0.0
2012-09-27,0.0,0.0,0.0,0.0,0.0,0.0
2012-09-28,1.0686266023185453e-06,7.253753437908017e-07,5.767794277744542e-07,2.4806231522234157e-06,1.6716156778784352e-06,1.3246350363260717e-06
2012-09-29,0.0,0.0,0.0,0.0,0.0,0.0
2012-09-30,5.538926870940486e-06,3.5250277505838312e-06,2.801937853291747e-06,1.080538277165033e-05,8.126602551783435e-06,6.436538114940049e-06
2012-10-01,1.8790906324284151e-06,1.912089146571816e-06,1.618317128304625e-06,4.365567292552441e-06,4.408965196489589e-06,3.7179804621700896e-06
2012-10-02,0.0,0.0,0.0,0.0,0.0,0.0
2012-10-03,0.0,0.0,0.0,0.0,0.0,0.0
2012-10-04,0.0,0.0,0.0,0.0,0.0,0.0
2012-10-05,0.0,0.0,0.0,0.0,0.0,0.0
2012-10-06,0.0,0.0,0.0,0.0,0.0,0.0
2012-10-07,7.803838464326418e-09,0.0,0.0,1.816032124679623e-08,0.0,0.0
2012-10-08,2.1541367459576577e-05,2.4425224182778038e-05,2.4744378606555983e-05,1.969088043551892e-05,2.2534506570082158e-05,2.340850005566608e-05
2012-10-09,2.684189723822783e-07,1.6487592802150175e-06,4.4196385715622455e-06,1.7928530837707513e-07,1.091888975679467e-06,2.9145692224119557e-06
2012-10-10,0.0,0.0,0.0,0.0,0.0,0.0
2012-10-11,2.1049306724307826e-06,3.957622539019212e-06,1.1257631740591023e-05,1.4066908988752402e-06,2.6213999717583647e-06,7.424279829137959e-06
2012-10-12,9.022329322760925e-05,8.945243462221697e-05,8.580608118791133e-05,9.114998101722449e-05,8.974588854471222e-05,8.5016421508044e-05
2012-10-13,2.8146612748969346e-05,3.112872946076095e-05,3.3557298593223095e-05,2.8129199563409202e-05,3.083372212131508e-05,3.3415031793992966e-05
2012-10-14,0.000161209303769283,0.00015417927352245897,0.00014615501277148724,0.00017319181642960757,0.00016563749522902071,0.00015634381270501763
2012-10-15,0.0,0.0,0.0,0.0,0.0,0.0
2012-10-16,5.544973760152061e-07,3.911893315944326e-07,4.0796871303427906e-07,1.2933420521221706e-06,9.034269510266313e-07,9.377903893437178e-07
2012-10-17,3.2180469133891165e-07,2.776421013095387e-07,2.20521982896571e-07,3.0466941325357766e-07,1.839376153611738e-07,1.45406858109709e-07
2012-10-18,4.605879803420976e-05,4.389904279378243e-05,5.394384061219171e-05,4.900613930658437e-05,4.250315760145895e-05,4.8407804570160806e-05
2012-10-19,1.1033318259023872e-07,0.0,0.0,1.6121849455430493e-07,0.0,0.0
2012-10-20,0.0,0.0,0.0,0.0,0.0,0.0
2012-10-21,0.0,0.0,0.0,0.0,0.0,0.0
2012-10-22,0.0,0.0,0.0,0.0,0.0,0.0
2012-10-23,0.0,0.0,0.0,0.0,0.0,0.0
2012-10-24,0.0,0.0,0.0,0.0,0.0,0.0
2012-10-25,0.0,0.0,0.0,0.0,0.0,0.0
2012-10-26,0.0,7.343943231319372e-10,2.2531430055039436e-09,0.0,1.694814399932909e-09,5.172965611421887e-09
2012-10-27,2.238785867803017e-07,2.03019929756465e-08,6.230166604836995e-08,5.232205921856803e-07,4.6845222811953136e-08,1.4301043904652033e-07
2012-10-28,6.774766347916739e-07,5.624447680929734e-07,4.4759192974197504e-07,1.255558004231716e-06,9.961175919670495e-07,7.885673767304979e-07
2012-10-29,0.0,0.0,0.0,0.0,0.0,0.0
2012-10-30,0.000126431550597772,0.00012191510904813185,0.00011430111771915108,0.0001151498217950575,0.00011111492494819686,0.0001047935729729943
2012-10-31,3.99819400627166e-05,4.1434759623371065e-05,4.225445445626974e-05,3.9895501686260104e-05,3.968719829572365e-05,3.9219201426021755e-05
2012-11-01,0.00035554019268602133,0.000362151738954708,0.0003539143071975559,0.0003699009248521179,0.0003721498651430011,0.00036236425512470305
2012-11-02,3.826704414677806e-06,5.573770522460109e-06,9.23918832995696e-06,3.061967390749487e-06,4.119120148970978e-06,6.419704277504934e-06
2012-11-03,0.0,0.0,0.0,0.0,0.0,0.0
2012-11-04,0.0,0.0,0.0,0.0,0.0,0.0
2012-11-05,0.0,0.0,0.0,0.0,0.0,0.0
2012-11-06,0.0,0.0,0.0,0.0,0.0,0.0
2012-11-07,1.100901954487199e-06,1.281573531741742e-06,2.500325763321598e-06,1.040046981870546e-06,1.115293684961216e-06,1.8555908809503308e-06
2012-11-08,0.0002980243298225105,0.00030314663308672607,0.00030097764101810753,0.00030199476168490946,0.0003029000072274357,0.00030004107975400984
2012-11-09,1.7942162230610847e-05,1.780918137228582e-05,1.5919598808977753e-05,2.5745299353729934e-05,2.5768558771233074e-05,2.374719588260632e-05
2012-11-10,0.0,0.0,0.0,0.0,0.0,0.0
2012-11-11,0.0,0.0,0.0,0.0,0.0,0.0
2012-11-12,3.0783565307501704e-05,3.235174517612904e-05,3.259829099988565e-05,4.532476668828167e-05,4.693914161180146e-05,4.7093111788854e-05
2012-11-13,0.0,0.0,0.0,0.0,0.0,0.0
2012-11-14,0.00012539155432023108,0.0001299437426496297,0.00012830790365114808,0.00013297582336235791,0.00013680162373930216,0.00013661298726219684
2012-11-15,1.5438989066751674e-05,1.632191924727522e-05,1.7290278265136294e-05,1.4805370483372826e-05,1.5394836736959405e-05,1.6698772014933638e-05
2012-11-16,1.2517232335085282e-06,1.1949101690333919e-06,1.073222279046604e-06,2.6556665488897124e-06,2.6154691568081034e-06,2.3485856672778027e-06
2012-11-17,0.0,0.0,0.0,0.0,0.0,0.0
2012-11-18,6.184709491208196e-07,2.4188220777432434e-06,6.3131246861303225e-06,6.358669679684681e-07,1.5971477296261583e-06,4.147988875047304e-06
2012-11-19,1.6199578567466233e-06,1.347525540040806e-06,1.14232773285039e-06,3.4744584809232038e-06,3.09127335640369e-06,2.6061470634886064e-06
2012-11-20,0.0,0.0,0.0,0.0,0.0,0.0
2012-11-21,3.2136649679159746e-05,3.265087434556335e-05,3.183820444974117e-05,2.4544708139728755e-05,2.420067357888911e-05,2.364405372645706e-05
2012-11-22,1.56686674017692e-05,2.162055352528114e-05,3.349196049384773e-05,1.4113127690507099e-05,1.718313251330983e-05,2.555572791607119e-05
2012-11-23,7.771886885166168e-06,7.010255103523377e-06,5.815154509036802e-06,9.4835977506591e-06,8.63320838107029e-06,7.319777068914846e-06
2012-11-24,0.0,0.0,0.0,0.0,0.0,0.0
2012-11-25,0.0,0.0,0.0,0.0,0.0,0.0
2012-11-26,0.0,0.0,0.0,0.0,0.0,0.0
2012-11-27,0.0,0.0,0.0,0.0,0.0,0.0
2012-11-28,0.0,0.0,0.0,0.0,0.0,0.0
2012-11-29,2.424246474674874e-07,2.1374211200964055e-07,1.814032657421194e-07,2.0907651787638315e-07,1.8364784182267613e-07,1.531080329186807e-07
2012-11-30,9.006415893964004e-06,9.001235412142705e-06,8.4484854596667e-06,1.0494826710782945e-05,1.008992603601655e-05,9.232822776539251e-06
2012-12-01,0.0,0.0,0.0,0.0,0.0,0.0
2012-12-02,1.0600297173368745e-06,8.435688414465403e-07,7.712191631981113e-07,2.3918125862110173e-06,1.8045204797090264e-06,1.5626317235728493e-06
2012-12-03,9.699852671474218e-05,0.00010093372839037329,0.00010383363405708224,0.00010551953891990706,0.00010865307558560744,0.00011176955013070256
2012-12-04,0.0,0.0,0.0,0.0,0.0,0.0
2012-12-05,0.00016227812739089131,0.00016907724784687161,0.00017247458163183182,0.00017473797197453678,0.0001784251071512699,0.0001804886996978894
2012-12-06,9.355500878882594e-06,1.0630676115397364e-05,1.1520382940943819e-05,9.470046279602684e-06,9.824215339904185e-06,1.0149673471460119e-05
2012-12-07,3.0242340471886564e-06,3.4730990137177287e-06,3.462479753579828e-06,7.053368790366221e-06,7.934909262985457e-06,7.8681405284442e-06
2012-12-08,2.2147171421238454e-06,2.4937828584370436e-06,2.88426394945418e-06,1.998325387830846e-06,2.5966146495193243e-06,3.6646413263952127e-06
2012-12-09,2.6710582460509613e-05,2.5557503249729052e-05,2.294623845955357e-05,3.210546128684655e-05,3.0689006962347776e-05,2.788979691104032e-05
2012-12-10,3.3055512176360935e-05,3.487277717795223e-05,3.609978739405051e-05,4.199914837954566e-05,4.3127340177306905e-05,4.452173743629828e-05
2012-12-11,8.164269820554182e-05,8.147154585458338e-05,7.93815270299092e-05,6.628358823945746e-05,6.331803160719573e-05,6.028759162290953e-05
2012-12-12,7.269930938491598e-05,8.571016223868355e-05,9.982616029446945e-05,6.896196282468736e-05,7.866002852097154e-05,9.078091534320265e-05
2012-12-13,0.0,0.0,0.0,0.0,0.0,0.0
2012-12-14,0.0,0.0,0.0,0.0,0.0,0.0
2012-12-15,1.3743186855208478e-06,1.3103069704811787e-06,1.158373038379068e-06,3.203151891284506e-06,2.990785333167878e-06,2.6297873318981146e-06
2012-12-16,6.638279046455864e-07,7.73562192080135e-07,8.891024663171265e-07,1.547107217447774e-06,1.765525098562648e-06,2.018312443397008e-06
2012-12-17,0.0,0.0,0.0,0.0,0.0,0.0
2012-12-18,3.210638533346355e-05,3.27018897223752e-05,3.2568535971222445e-05,2.591457450762391e-05,2.586923073977232e-05,2.5861811081995256e-05
2012-12-19,0.0,0.0,0.0,0.0,0.0,0.0
2012-12-20,2.8521256467684e-07,4.23713436248363e-06,1.252230504178442e-05,1.906527415940218e-07,3.297500143162324e-06,9.778461389942095e-06
2012-12-21,2.606009275041288e-07,1.4627770497099846e-06,4.096348675375339e-06,6.072388032407616e-07,1.4912709502823418e-06,3.5653802115120925e-06
2012-12-22,0.0,6.160876608873878e-08,1.922971648582461e-07,0.0,4.285867660769327e-08,1.3304735091423936e-07
2012-12-23,2.4227685571531765e-05,2.3249162040883675e-05,2.11724363907706e-05,2.3274777049664408e-05,2.1642686988343485e-05,1.9712224457180128e-05
2012-12-24,3.956365253543481e-05,4.047413676744327e-05,4.004630682175048e-05,4.058992271893658e-05,4.084724059794098e-05,4.050929783261381e-05
2012-12-25,5.094327207189053e-06,6.173817382659763e-06,7.6237729444983415e-06,3.9601563912583515e-06,4.783494205184979e-06,6.399470748874592e-06
2012-12-26,0.0,0.0,0.0,0.0,0.0,0.0
2012-12-27,0.0,0.0,0.0,0.0,0.0,0.0
2012-12-28,0.0,0.0,0.0,0.0,0.0,0.0
2012-12-29,4.79735831504513e-07,0.0,0.0,3.2070462907540787e-07,0.0,0.0
2012-12-30,0.00022618695220444351,0.0002448399318382144,0.0002576778642833233,0.00022897370217833668,0.00024234174634329975,0.00025235131033696234
2012-12-31,1.4828219718765467e-06,1.35383993438154e-06,1.0979457556459238e-06,3.4558449897303944e-06,3.089442543569021e-06,2.4915825633797795e-06
2013-01-01,0.0,0.0,0.0,0.0,0.0,0.0
2013-01-02,0.0,0.0,0.0,0.0,0.0,0.0
2013-01-03,8.789190906099975e-05,8.600438013672829e-05,8.224850898841396e-05,8.510800398653373e-05,8.088278991635889e-05,7.617829396622255e-05
2013-01-04,0.0001590012980159372,0.00018605947843752801,0.00021308586292434484,0.00016557860362809151,0.0001934000028995797,0.00022687343880534172
2013-01-05,1.063439867721172e-05,1.0029586519522127e-05,8.81524283613544e-06,1.538148535473738e-05,1.466609592171153e-05,1.32963969008415e-05
2013-01-06,0.0,0.0,0.0,0.0,0.0,0.0
2013-01-07,1.0460199519002344e-05,1.1755611012631562e-05,1.320324827247532e-05,1.2777266420016531e-05,1.3965445759822614e-05,1.521429749118397e-05
2013-01-08,3.17067039290464e-09,0.0,0.0,7.3953265733450735e-09,0.0,0.0
2013-01-09,0.0,0.0,0.0,0.0,0.0,0.0
2013-01-10,0.0,0.0,0.0,0.0,0.0,0.0
2013-01-11,0.0,0.0,0.0,0.0,0.0,0.0
2013-01-12,0.0,0.0,0.0,0.0,0.0,0.0
2013-01-13,1.0717155419115443e-05,1.0287557415722404e-05,9.826747373153921e-06,7.807750080246478e-06,7.2203015406557824e-06,6.799182756367372e-06
2013-01-14,0.00017964962171390653,0.000197614062926732,0.0002068737958325073,0.00015838326362427324,0.00017147093603853136,0.00017992075299844146
2013-01-15,0.00011845555127365515,0.00012287880235817283,0.0001227368920808658,9.320927347289398e-05,9.430570207769051e-05,9.341230179416016e-05
2013-01-16,0.00024502494488842785,0.00025944304070435464,0.0002709713880904019,0.0002515808155294508,0.00025819940492510796,0.00026676247944124043
2013-01-17,0.0,0.0,0.0,0.0,0.0,0.0
2013-01-18,0.0,0.0,0.0,0.0,0.0,0.0
2013-01-19,6.596620210075343e-07,6.399434369086521e-07,7.876971608311578e-07,4.419973720359849e-07,4.264267943199229e-07,5.346702209862997e-07
2013-01-20,0.0001045969984261319,0.00011244363849982619,0.00011682802869472653,9.694222535472363e-05,0.0001021426942315884,0.00010585089330561459
2013-01-21,1.7884471162687987e-05,1.95394859474618e-05,2.0968422177247703e-05,1.981643436010927e-05,2.1220357666607015e-05,2.2404154151445255e-05
2013-01-22,1.4329423869696711e-08,1.0313219611646218e-08,3.226743316986358e-08,9.604843143051767e-09,6.764578230900042e-09,2.104235541366961e-08
2013-01-23,1.53970205474252e-07,1.6590223594903364e-07,1.4842443363249913e-07,3.5980596635454276e-07,3.7936388253001496e-07,3.3743970107025234e-07
2013-01-24,0.0,0.0,0.0,0.0,0.0,0.0
2013-01-25,8.118046935123857e-06,6.2750300457992125e-06,5.096898348710965e-06,6.745618065906456e-06,4.943926342093619e-06,3.991596258856589e-06
2013-01-26,2.6639760108082555e-05,2.961185782623943e-05,3.195180761395022e-05,2.1293222744134255e-05,2.3304479327634908e-05,2.5281033231294714e-05
2013-01-27,6.139721790532349e-06,5.688636974809924e-06,4.856559371546609e-06,6.205533281899989e-06,5.522356786968885e-06,4.765051016875077e-06
2013-01-28,6.864418082841439e-07,6.307157605078828e-07,5.391019044509449e-07,1.6049133364504087e-06,1.4427909036385245e-06,1.2261984920769464e-06
2013-01-29,1.8936834749183618e-05,1.765165688993875e-05,1.6171081369975582e-05,1.6283362128888257e-05,1.4530670341628138e-05,1.2978375707461964e-05
2013-01-30,2.5717738026287407e-05,2.9799921321682632e-05,3.404255039640702e-05,2.497992136341054e-05,2.8116231987951323e-05,3.198265767423436e-05
2013-01-31,1.2818915138268494e-06,1.134356125476188e-06,1.0299347650288837e-06,2.3758495899528498e-06,2.1573823687504046e-06,1.9902167878171895e-06
2013-02-01,0.0,0.0,0.0,0.0,0.0,0.0
2013-02-02,2.6255762350047007e-05,2.596681224531494e-05,2.5117386030615307e-05,1.7614882381167263e-05,1.7044443666236475e-05,1.639518450247124e-05
2013-02-03,0.0,0.0,0.0,0.0,0.0,0.0
2013-02-04,3.982126600021729e-06,5.294190032145707e-06,7.738141903246287e-06,2.929605670942692e-06,3.694838142109802e-06,5.378462446969934e-06
2013-02-05,2.6051877739519114e-06,2.443691528242198e-06,2.09100426218356e-06,4.3433969949546736e-06,4.00290309698903e-06,3.4787180993589573e-06
2013-02-06,1.7427435068384511e-06,2.5699227990116924e-06,3.916475634468952e-06,4.07594279749901e-06,5.121059530210914e-06,6.5528911363799125e-06
2013-02-07,9.254598865027219e-08,7.733743956350736e-08,9.04862531569961e-08,2.063467690049947e-07,1.769806345919278e-07,2.0595570049408707e-07
2013-02-08,0.0,0.0,0.0,0.0,0.0,0.0
2013-02-09,2.096153548336588e-05,1.9676968804560602e-05,1.7269847376155667e-05,2.320643761777319e-05,2.17267224797979e-05,1.9342571249580942e-05
2013-02-10,2.9555641845036007e-07,1.873480499625657e-07,1.7745585978445888e-07,4.1997583366537583e-07,3.412837656924239e-07,2.9900630238444137e-07
2013-02-11,0.0,0.0,0.0,0.0,0.0,0.0
2013-02-12,1.7873471733764745e-05,1.831038753152825e-05,1.771028655639384e-05,2.2663425625069067e-05,2.269378092023544e-05,2.210080492659472e-05
2013-02-13,3.899550392816309e-06,3.2781626941869035e-06,2.7906578452530084e-06,6.494811259472044e-06,5.581408458965598e-06,4.784369593835436e-06
2013-02-14,5.474551926454296e-06,5.553068149311002e-06,6.305904662440298e-06,5.0614626161404885e-06,4.847974651056575e-06,5.129946202941937e-06
2013-02-15,4.199357661605063e-08,0.0,0.0,2.815943567213708e-08,0.0,0.0
2013-02-16,0.0,0.0,0.0,0.0,0.0,0.0
2013-02-17,0.0,0.0,0.0,0.0,0.0,0.0
2013-02-18,0.0,0.0,0.0,0.0,0.0,0.0
2013-02-19,0.0,0.0,0.0,0.0,0.0,0.0
2013-02-20,0.0,0.0,0.0,0.0,0.0,0.0
2013-02-21,0.0,0.0,0.0,0.0,0.0,0.0
2013-02-22,3.239067882532254e-05,3.338251917739399e-05,3.2927884603850543e-05,3.0070186767261475e-05,3.0364652047865093e-05,3.000974902533926e-05
2013-02-23,1.9713428628165275e-05,1.9363620594958775e-05,1.713251185719855e-05,1.9470948245725594e-05,1.891010469989851e-05,1.7130947526311502e-05
2013-02-24,8.069985597103368e-06,8.055205398704857e-06,7.0706823862565216e-06,1.1619227734627202e-05,1.1453261322458275e-05,1.0480273886059877e-05
2013-02-25,0.0,0.0,0.0,0.0,0.0,0.0
2013-02-26,1.4926704352546949e-06,0.0,0.0,9.993013918574434e-07,0.0,0.0
2013-02-27,0.0001957343047251925,0.00023076853540260345,0.00026354737929068506,0.00018948048818856478,0.00021975726122036576,0.00025164446560665965
2013-02-28,1.147162947745528e-05,1.509354478912428e-05,2.0552270143525675e-05,1.4088121133681852e-05,1.8412849385640584e-05,2.510186459403485e-05
2013-03-01,6.18925000139825e-08,0.0,0.0,1.4436132289574743e-07,0.0,0.0
2013-03-02,2.234696921732393e-06,1.94160611499683e-06,1.5932831729514874e-06,4.69037649963866e-06,4.1478333514533006e-06,3.3923531645996263e-06
2013-03-03,6.599231738846356e-08,1.0346510492809102e-07,1.5928620200611476e-07,1.5386601148748014e-07,1.940398277611166e-07,2.3076960076195974e-07
2013-03-04,1.9976027033408172e-05,1.840319782786537e-05,1.5795349099789746e-05,1.3392522305366583e-05,1.2069812328263652e-05,1.0313649909221567e-05
2013-03-05,0.00024187499366234988,0.00025906405062414706,0.00027731177397072315,0.00024099196889437735,0.00025076791644096375,0.0002652883995324373
2013-03-06,5.674429121427238e-05,5.822527964483015e-05,5.756561949965544e-05,6.642598600592464e-05,6.652763113379478e-05,6.499366281786934e-05
2013-03-07,2.6073182652908145e-06,2.82331552625692e-06,2.786258846754208e-06,5.916887857893016e-06,6.453817604779033e-06,6.3413945099455304e-06
2013-03-08,1.9381792299100198e-05,1.9194631022401154e-05,1.7713047782308422e-05,2.12015238503227e-05,2.0535582734737545e-05,1.9103736121905968e-05
2013-03-09,0.0,0.0,0.0,0.0,0.0,0.0
2013-03-10,0.0,0.0,0.0,0.0,0.0,0.0
2013-03-11,0.0,0.0,0.0,0.0,0.0,0.0
2013-03-12,0.0,0.0,0.0,0.0,0.0,0.0
2013-03-13,0.0,0.0,0.0,0.0,0.0,0.0
2013-03-14,0.0,0.0,0.0,0.0,0.0,0.0
2013-03-15,0.0,1.8948131810248015e-06,5.892877652513562e-06,0.0,1.242123062183964e-06,3.846652816719143e-06
2013-03-16,0.00013094795576762408,0.00014597935660276562,0.00016127500566653907,0.00013115887122694403,0.0001425492955604568,0.00015506523777730763
2013-03-17,8.399993384955451e-05,8.788629929767922e-05,8.57017221278511e-05,9.029889042722061e-05,9.272914030589163e-05,9.007524931803346e-05
2013-03-18,2.9964294299134053e-05,3.77439682779368e-05,4.525674012256786e-05,3.069653030252084e-05,3.802582432399504e-05,4.6146542445058e-05
2013-03-19,3.9230879878005e-08,4.1695138008890353e-08,3.360543843200503e-08,9.121239941123349e-08,9.527288824529023e-08,7.64651204576694e-08
2013-03-20,9.61742116487585e-05,0.00010295289393980056,0.00010667181777535006,9.205205424223095e-05,9.693799802334979e-05,0.00010014117287937552
2013-03-21,9.141128884948557e-07,1.7772683804651024e-06,3.2896737138798926e-06,2.124724687746493e-06,3.6580518099071924e-06,6.2381213865592144e-06
2013-03-22,0.0,0.0,0.0,0.0,0.0,0.0
2013-03-23,0.0,6.1903676851216e-07,1.923576519402559e-06,0.0,1.414486973772e-06,4.376923243398778e-06
2013-03-24,0.0,0.0,0.0,0.0,0.0,0.0
2013-03-25,0.0,0.0,0.0,0.0,0.0,0.0
2013-03-26,8.486357546644285e-05,8.190040534827858e-05,7.422307680826634e-05,8.706871449248865e-05,8.255115244537592e-05,7.445110531989485e-05
2013-03-27,8.36891631479375e-05,0.00010090214345837012,0.00011731080303434283,7.355435809586197e-05,8.903509296942502e-05,0.00010563799878582358
2013-03-28,0.0,0.0,0.0,0.0,0.0,0.0
2013-03-29,3.06666515825782e-05,2.9921076929895207e-05,2.8781201763194986e-05,2.261336521769408e-05,2.127800507878419e-05,2.0334024156909436e-05
2013-03-30,0.00011643631296465173,0.00012757256627082825,0.000136188929900527,0.00012198262993479148,0.00013177504297345877,0.0001394966384395957
2013-03-31,0.0,0.0,0.0,0.0,0.0,0.0
2013-04-01,0.0,0.0,0.0,0.0,0.0,0.0
2013-04-02,0.0,0.0,0.0,0.0,0.0,0.0
2013-04-03,0.0,0.0,0.0,0.0,0.0,0.0
2013-04-04,9.269006841350347e-05,9.975552529795095e-05,0.00010464208025950938,9.495065751252696e-05,0.00010147844295715913,0.00010702347935875878
2013-04-05,1.6866193618625402e-05,1.615732799109537e-05,1.449837327527348e-05,2.100503297697287e-05,1.9823459297185764e-05,1.797632830857765e-05
2013-04-06,5.717685780837201e-06,5.441521807370009e-06,5.396205324359471e-06,8.527905265509617e-06,8.295232873933855e-06,8.076636731857434e-06
2013-04-07,1.1244336661775378e-07,1.7494046744559455e-07,2.7114049316878663e-07,2.60992266021276e-07,4.00073702166992e-07,6.175257567520021e-07
2013-04-08,0.0,0.0,0.0,0.0,0.0,0.0
2013-04-09,0.0,0.0,0.0,0.0,0.0,0.0
2013-04-10,0.0,0.0,0.0,0.0,0.0,0.0
2013-04-11,0.0,0.0,0.0,0.0,0.0,0.0
2013-04-12,0.00032191304489970207,0.00030676982714794576,0.0002813659666571766,0.0003334821667522192,0.00032547127921134233,0.00030998760485090315
2013-04-13,8.668434020364657e-05,9.374031651532277e-05,0.00010015143925556913,8.056496881181374e-05,8.603881724411622e-05,9.19009544304572e-05
2013-04-14,4.0820264985086396e-05,4.180242103757337e-05,4.15519461967051e-05,3.2313004339812323e-05,3.238975477870554e-05,3.1939882319420576e-05
2013-04-15,1.007888113235822e-05,1.5702944438089617e-05,2.4450826458632946e-05,6.710934485454345e-06,1.1043201084248722e-05,1.8242788428324275e-05
2013-04-16,0.0,0.0,0.0,0.0,0.0,0.0
2013-04-17,0.0,0.0,0.0,0.0,0.0,0.0
2013-04-18,0.0,0.0,0.0,0.0,0.0,0.0
2013-04-19,0.00013822679466102272,0.00015237934712786227,0.0001676030660746619,0.00015038702986203134,0.0001620201946934685,0.00017371510330121964
2013-04-20,2.51421588473022e-05,3.007920713571366e-05,3.5122437111567706e-05,3.412027217564173e-05,4.066410838277079e-05,4.897448161500506e-05
2013-04-21,0.0,0.0,0.0,0.0,0.0,0.0
2013-04-22,0.00011599041317822412,0.00011773404548875988,0.00011575626558624208,0.00015072546375449747,0.0001496455806773156,0.00014519561955239624
2013-04-23,0.0003749270981643349,0.0004010112606920302,0.00041545944986864924,0.000378363358322531,0.00039778967038728297,0.0004072767333127558
2013-04-24,0.00022545790125150234,0.00023389729904010892,0.00023843652161303908,0.0001927046978380531,0.00019804234034381807,0.00020173353550489992
2013-04-25,3.858160926029086e-05,4.1137733205687255e-05,4.4451167923398316e-05,5.0180984544567764e-05,5.192013122723438e-05,5.365218021324836e-05
2013-04-26,7.69836060499074e-06,7.632014785485808e-06,6.088948339311173e-06,1.0550379556661937e-05,1.0371831194788683e-05,8.246349352702964e-06
2013-04-27,8.638948202133179e-06,9.571281225362327e-06,9.899956239678431e-06,1.3084400052321143e-05,1.4184402061800938e-05,1.5002772670413833e-05
2013-04-28,9.465663606533781e-05,9.713794861454517e-05,9.760588000062853e-05,0.00010074376768898219,0.00010192453191848472,0.00010213387577096
2013-04-29,1.216248801938491e-05,1.3281573046697304e-05,1.3661512639373541e-05,2.5174475013045594e-05,2.6953372071147896e-05,2.7542351745069027e-05
2013-04-30,1.1282813829893712e-05,1.1668968909361865e-05,1.1454153536760714e-05,2.6210336727672257e-05,2.6806534151546657e-05,2.6229794457321987e-05
2013-05-01,1.3083180419926066e-05,1.2826171769120265e-05,1.1607439773797523e-05,1.649355181143619e-05,1.6829171727295034e-05,1.6310081264236942e-05
2013-05-02,0.0,0.0,0.0,0.0,0.0,0.0
2013-05-03,0.0,0.0,0.0,0.0,0.0,0.0
2013-05-04,1.6109494254124002e-06,0.0,0.0,2.237239186797524e-06,0.0,0.0
2013-05-05,6.915371341165155e-05,6.776970258215442e-05,6.462950841523707e-05,6.757489609299228e-05,6.484945333795622e-05,6.0590831708395854e-05
2013-05-06,0.00018326754798181355,0.00018539805023465306,0.0001836598530644551,0.0002098080876749009,0.0002101839054375887,0.00020805194799322635
2013-05-07,6.292946636676788e-05,7.234419899759814e-05,8.37232728372328e-05,6.115833093645051e-05,6.841132562840357e-05,7.845395157346502e-05
2013-05-08,3.153529542032629e-05,2.8280783226364292e-05,2.59896714851493e-05,5.2264509577071294e-05,5.005365164834075e-05,4.763737888424657e-05
2013-05-09,0.0,0.0,0.0,0.0,0.0,0.0
2013-05-10,0.0,0.0,0.0,0.0,0.0,0.0
2013-05-11,0.0,0.0,0.0,0.0,0.0,0.0
2013-05-12,8.208564395317808e-05,8.34273814689368e-05,8.350002462975681e-05,7.541477680206299e-05,7.630448817508295e-05,7.716827531112358e-05
2013-05-13,0.0,2.702292931644479e-07,8.245374942816852e-07,0.0,1.7876847380193794e-07,5.443988584374893e-07
2013-05-14,5.417360171122709e-06,4.50011884822743e-06,3.5581531392381294e-06,1.2599597539519891e-05,1.038088885252364e-05,8.192757377400994e-06
2013-05-15,5.6474942539352924e-05,5.81127023906447e-05,5.901091935811564e-05,5.811568189528771e-05,5.9867885283892974e-05,6.132818816695362e-05
2013-05-16,0.0,0.0,0.0,0.0,0.0,0.0
2013-05-17,7.885980267019477e-06,5.78243498239317e-06,4.793357675225707e-06,5.262674676487222e-06,3.829992692772066e-06,3.170044692524243e-06
2013-05-18,0.000134444358991459,0.0001511852169642225,0.00016798356955405325,0.00010770434164442122,0.00012270569277461618,0.00013855428551323712
2013-05-19,0.0,0.0,0.0,0.0,0.0,0.0
2013-05-20,0.0,0.0,0.0,0.0,0.0,0.0
2013-05-21,3.45848711731378e-05,3.926751378457993e-05,4.5395936467684805e-05,4.095368058187887e-05,4.3556399759836495e-05,4.678079130826518e-05
2013-05-22,0.0,0.0,0.0,0.0,0.0,0.0
2013-05-23,0.0,0.0,0.0,0.0,0.0,0.0
2013-05-24,0.0,0.0,0.0,0.0,0.0,0.0
2013-05-25,0.0,0.0,0.0,0.0,0.0,0.0
2013-05-26,0.0,8.663660992169753e-06,2.6288680601282977e-05,0.0,5.75315380046959e-06,1.744827204674948e-05
2013-05-27,0.0,0.0,0.0,0.0,0.0,0.0
2013-05-28,0.0,0.0,0.0,0.0,0.0,0.0
2013-05-29,1.6005013094400056e-05,1.6173844414879568e-05,1.9798866560449824e-05,1.1698963135131635e-05,1.3174077139410656e-05,1.844141115725506e-05
2013-05-30,9.449036042497028e-08,0.0,0.0,6.310309430546113e-08,0.0,0.0
2013-05-31,0.00010903165093623102,0.00011512974742799997,0.00012192361464258283,7.281636499101296e-05,7.676698442082852e-05,8.173259993782267e-05
2013-06-01,0.00044002197682857513,0.0004651107592508197,0.0004901536158286035,0.00046071718679741025,0.0004863663634750992,0.000509430596139282
2013-06-02,0.0,0.0,0.0,0.0,0.0,0.0
2013-06-03,0.0,0.0,0.0,0.0,0.0,0.0
2013-06-04,0.0,0.0,0.0,0.0,0.0,0.0
2013-06-05,0.0,0.0,0.0,0.0,0.0,0.0
2013-06-06,0.0,0.0,0.0,0.0,0.0,0.0
2013-06-07,0.0,0.0,0.0,0.0,0.0,0.0
2013-06-08,0.0,0.0,0.0,0.0,0.0,0.0
2013-06-09,0.0,0.0,0.0,0.0,0.0,0.0
2013-06-10,0.0,0.0,0.0,0.0,0.0,0.0
2013-06-11,0.0,0.0,0.0,0.0,0.0,0.0
2013-06-12,0.0,0.0,0.0,0.0,0.0,0.0
2013-06-13,1.9819647434360377e-07,0.0,0.0,1.323656420026964e-07,0.0,0.0
2013-06-14,0.0,2.737143347530946e-07,8.279588996629172e-07,0.0,6.358537234518735e-07,1.9258925476606237e-06
2013-06-15,0.0001603185955900699,0.00016242527635768056,0.00015784756396897137,0.00015953968977555633,0.00016190417227335274,0.00015826060553081334
2013-06-16,5.13331269758055e-06,2.441576043565874e-06,7.386270681308815e-06,3.4279146348126233e-06,1.6273353367068921e-06,4.930085651722038e-06
2013-06-17,0.00021348780137486756,0.00023474135377909988,0.0002497307723388076,0.00019582673849072307,0.00021566249779425561,0.00023107010929379612
2013-06-18,1.474655800848268e-05,2.5254234060412273e-05,4.2629533709259704e-05,1.4840424228168558e-05,2.3449678337783553e-05,3.7239526136545464e-05
2013-06-19,0.0,0.0,0.0,0.0,0.0,0.0
2013-06-20,0.0,0.0,0.0,0.0,0.0,0.0
2013-06-21,4.421556809575122e-08,0.0,0.0,1.028978502404243e-07,0.0,0.0
2013-06-22,0.00013126769044902176,0.00012665713438764215,0.0001184980574180372,0.00013817803119309247,0.00013393252447713166,0.0001250286295544356
2013-06-23,0.00011876103235408664,0.00012001403229078278,0.00011783825902966782,0.00010644845315255225,0.00010867790842894465,0.00010846040822798386
2013-06-24,5.59493200853467e-05,5.55473416170571e-05,5.524325752048753e-05,5.2285009587649256e-05,5.372449959395453e-05,5.547038381337188e-05
2013-06-25,7.807591941855208e-07,2.0643588527491374e-07,2.52120599952832e-07,1.0675258863557247e-06,4.796606276613602e-07,5.869109145351104e-07
2013-06-26,0.0,0.0,0.0,0.0,0.0,0.0
2013-06-27,0.0,0.0,0.0,0.0,0.0,0.0
2013-06-28,0.0,0.0,0.0,0.0,0.0,0.0
2013-06-29,0.0,0.0,0.0,0.0,0.0,0.0
2013-06-30,4.5288848923519254e-05,4.172916305833496e-05,4.173194611212239e-05,5.1592385716503486e-05,4.632488708011806e-05,4.3287207518005744e-05
2013-07-01,8.219265146180987e-05,9.066494385479018e-05,9.376087837154046e-05,8.207324572140351e-05,9.222982043866068e-05,9.762227273313329e-05
2013-07-02,0.0,0.0,0.0,0.0,0.0,0.0
2013-07-03,0.00010038539039669558,9.699232032289729e-05,8.640846499474719e-05,9.790757758310065e-05,9.485248301643878e-05,8.528560283593833e-05
2013-07-04,7.692554936511442e-05,8.99955557542853e-05,9.669918654253706e-05,7.249468035297468e-05,8.369149145437405e-05,9.022901940625161e-05
2013-07-05,0.0,0.0,0.0,0.0,0.0,0.0
2013-07-06,0.0,0.0,0.0,0.0,0.0,0.0
2013-07-07,0.0,0.0,0.0,0.0,0.0,0.0
2013-07-08,0.0,0.0,0.0,0.0,0.0,0.0
2013-07-09,4.374567197373835e-06,0.0,0.0,6.991230293351691e-06,0.0,0.0
2013-07-10,3.5644225135911256e-05,2.9813456421834417e-05,2.702885103644803e-05,4.0741808334132656e-05,3.387613469385542e-05,3.1135255994740874e-05
2013-07-11,0.0,0.0,0.0,0.0,0.0,0.0
2013-07-12,0.00010854458378162235,0.00011546656605787575,0.00012413256627041847,7.29622261133045e-05,7.906556129455566e-05,8.817308844299987e-05
2013-07-13,6.524581840494648e-05,7.057883340166882e-05,7.990283484105021e-05,4.3444229959277436e-05,4.866133531322703e-05,5.858174336026423e-05
2013-07-14,6.911318632774055e-05,8.100947889033705e-05,9.566872904542834e-05,4.601179534802213e-05,5.575292743742466e-05,6.959758320590481e-05
2013-07-15,0.0,0.0,0.0,0.0,0.0,0.0
2013-07-16,1.0717829354689457e-05,1.0807890248543117e-05,8.92303796717897e-06,2.4864999431883916e-05,2.5014072889462113e-05,2.0689540178864263e-05
2013-07-17,3.479102133496781e-06,4.622530923370505e-06,5.987459644529736e-06,2.3150225842982763e-06,4.533228093350772e-06,8.467533916700631e-06
2013-07-18,0.0,0.0,0.0,0.0,0.0,0.0
2013-07-19,0.0001301289303228259,0.00012886336480733007,0.0001239351840922609,0.00013612851034849882,0.00013501358625944704,0.0001314998371526599
2013-07-20,0.00013779416622128338,0.00014245722559280694,0.00014464501873590052,0.00013023524661548436,0.00013609071902465075,0.00014115624071564525
2013-07-21,0.0,0.0,0.0,0.0,0.0,0.0
2013-07-22,1.881711227724736e-06,1.5709782701378572e-06,1.2977402548131067e-06,4.3609247768472414e-06,3.6290280149842147e-06,3.002577386723715e-06
2013-07-23,5.824898471473716e-05,5.722496280213818e-05,5.391957893152721e-05,7.263012230396271e-05,7.225976150948554e-05,7.095449836924672e-05
2013-07-24,0.00018805530271492898,0.00019262514251749963,0.00019493987201713026,0.00018251682922709733,0.00018690111755859107,0.00019133022578898817
2013-07-25,5.090101353744103e-07,8.177161703315505e-07,1.3103482388032717e-06,3.382216107183922e-07,5.413413077803853e-07,8.687103445481625e-07
2013-07-26,5.962112481938675e-05,4.8946320021059364e-05,3.8953297917032614e-05,3.96094037569128e-05,3.2392457796959206e-05,2.5814508262556046e-05
2013-07-27,0.00018853337678592652,0.0002003528061322868,0.00020820391364395618,0.00012523050827439874,0.00013254847726784647,0.0001379238674417138
2013-07-28,0.0,0.0,0.0,0.0,0.0,0.0
2013-07-29,0.0,0.0,0.0,0.0,0.0,0.0
2013-07-30,0.0,2.8065451260772534e-06,8.62965316628106e-06,0.0,2.0312827473389916e-06,6.252952516661026e-06
2013-07-31,0.0,0.0,0.0,0.0,0.0,0.0
2013-08-01,8.31270790513372e-06,3.734030542545952e-06,3.2889051908568945e-06,7.7518452599179e-06,2.4663356725795893e-06,2.1745242975157453e-06
2013-08-02,0.0002440662938170135,0.00024381495313718915,0.0002380229125265032,0.00025398508296348155,0.00025506355450488627,0.0002514809893909842
2013-08-03,0.0002991904621012509,0.00031419118749909103,0.00032507808646187186,0.00029725092463195324,0.00031343926093541086,0.00032655682298354805
2013-08-04,0.0,0.0,0.0,0.0,0.0,0.0
2013-08-05,0.0,0.0,0.0,0.0,0.0,0.0
2013-08-06,6.131138070486486e-05,5.9123536630067974e-05,5.312961366144009e-05,5.338525807019323e-05,5.049848186899908e-05,4.5484550355467945e-05
2013-08-07,1.4142141480988357e-05,1.1077423550887033e-05,9.086564205063041e-06,9.751179277373012e-06,7.3038800110225566e-06,5.994827915856149e-06
2013-08-08,0.00010209857282461599,0.00010686034511309117,0.00010826648940565065,8.849155710777268e-05,9.346831211587414e-05,9.767308802111074e-05
2013-08-09,0.00015405942394863814,0.00016186990251298994,0.00017127059982158244,0.00010212692723143846,0.00010667444439604878,0.00011292168346699327
2013-08-10,0.0,0.0,0.0,0.0,0.0,0.0
2013-08-11,0.0,0.0,0.0,0.0,0.0,0.0
2013-08-12,0.0,0.0,0.0,0.0,0.0,0.0
2013-08-13,0.0,6.570338655365049e-07,2.0282202513044467e-06,0.0,4.326163605128386e-07,1.335681645286968e-06
2013-08-14,0.0,8.722438906261232e-06,2.6929368686978705e-05,0.0,5.742123903473839e-06,1.772968244040385e-05
2013-08-15,5.8709174481919035e-05,6.801349809393287e-05,7.831199036445469e-05,3.8894955650903285e-05,4.708499545813538e-05,5.8704485127236694e-05
2013-08-16,6.148795364424586e-05,6.187001417856663e-05,6.0065591242164373e-05,4.726343831862323e-05,4.8031448386609554e-05,4.889074989478104e-05
2013-08-17,7.021585770417005e-05,7.917291077319533e-05,8.728527609491721e-05,6.994068098720163e-05,7.752289093332365e-05,8.469885506201535e-05
2013-08-18,0.0,0.0,0.0,0.0,0.0,0.0
2013-08-19,0.0,0.0,0.0,0.0,0.0,0.0
2013-08-20,2.816725282173138e-05,3.089056917815469e-05,3.188063419656828e-05,3.982425187132321e-05,4.280536086298525e-05,4.4700675061903894e-05
2013-08-21,6.0448979638749734e-05,6.080101229599677e-05,5.800848884973675e-05,5.3406416554935277e-05,5.439827509690076e-05,5.363294621929526e-05
2013-08-22,0.00010664971341611817,0.00011568443733267486,0.00012698817590717226,0.00010690522321965545,0.00011431671737227589,0.00012454402167350054
2013-08-23,0.0,0.0,0.0,0.0,0.0,0.0
2013-08-24,0.0,0.0,0.0,0.0,0.0,0.0
2013-08-25,0.0,0.0,0.0,0.0,0.0,0.0
2013-08-26,0.0,0.0,0.0,0.0,0.0,0.0
2013-08-27,0.0,0.0,0.0,0.0,0.0,0.0
2013-08-28,0.0,0.0,0.0,0.0,0.0,0.0
2013-08-29,0.0,0.0,0.0,0.0,0.0,0.0
2013-08-30,0.00011350736167514697,0.00011669259401969612,0.00011974130029557273,0.00012788129970431328,0.00013159119407646358,0.0001347526122117415
2013-08-31,0.00010160935198655352,0.0001058778798324056,0.00010914052109001204,6.755267531843856e-05,7.030183769529685e-05,7.374185224762186e-05
2013-09-01,0.0,0.0,0.0,0.0,0.0,0.0
2013-09-02,0.0,0.0,0.0,0.0,0.0,0.0
2013-09-03,2.125777740502599e-07,0.0,0.0,4.910056645712757e-07,0.0,0.0
2013-09-04,7.128930883482099e-05,8.022120891837403e-05,8.837493078317493e-05,6.538496381836012e-05,7.30130632291548e-05,8.177925337804481e-05
2013-09-05,0.0,0.0,0.0,0.0,0.0,0.0
2013-09-06,0.0,0.0,0.0,0.0,0.0,0.0
2013-09-07,0.0,0.0,0.0,0.0,0.0,0.0
2013-09-08,0.0,0.0,0.0,0.0,0.0,0.0
2013-09-09,0.0,0.0,0.0,0.0,0.0,0.0
2013-09-10,0.0,0.0,0.0,0.0,0.0,0.0
2013-09-11,2.4049181774898898e-06,4.027407669582317e-07,3.215025969893759e-07,1.5952203966662637e-06,2.6527939667175815e-07,2.1132501615284127e-07
2013-09-12,5.6667715398361906e-05,5.278154640109278e-05,4.748089486383833e-05,5.438409061753191e-05,5.082995267002843e-05,4.5836877688998356e-05
2013-09-13,1.9674907889566384e-05,1.845385122578591e-05,1.557138421048876e-05,1.6867999875103123e-05,1.5910318325040862e-05,1.3545814908866305e-05
2013-09-14,0.00014274170098360628,0.0001440552296116948,0.00013431350816972554,0.0001318523136433214,0.00013562067761085927,0.00013089038839098066
2013-09-15,2.9775459552183747e-05,3.4510358091210946e-05,3.5654196835821494e-05,1.976534076675307e-05,2.3490749299526215e-05,2.57214287557872e-05
2013-09-16,0.0,0.0,0.0,0.0,0.0,0.0
2013-09-17,5.679033620253904e-06,3.38409085998137e-06,2.8770689368684543e-06,3.857929186779074e-06,2.231775852123974e-06,1.8925259155366803e-06
2013-09-18,8.565745520172641e-05,8.271967817563564e-05,7.673544314457104e-05,9.208928531734273e-05,8.869676821632311e-05,8.291144331451505e-05
2013-09-19,0.00014084717258810997,0.0001367622462566942,0.0001318878639722243,0.00014674263366032392,0.0001429382828064263,0.00013920421770308167
2013-09-20,0.00016630471509415656,0.00016952153237070888,0.00016887200763449073,0.0001775447017280385,0.00018311566964257509,0.0001857412571553141
2013-09-21,0.0,0.0,0.0,0.0,0.0,0.0
2013-09-22,0.0,0.0,0.0,0.0,0.0,0.0
2013-09-23,0.0,0.0,0.0,0.0,0.0,0.0
2013-09-24,0.0,0.0,0.0,0.0,0.0,0.0
2013-09-25,3.41161539836321e-05,2.8334277885733172e-05,2.417738505755551e-05,5.190060619497672e-05,4.6862191084073856e-05,4.0916886064223945e-05
2013-09-26,4.357287980383262e-05,4.505051037995145e-05,4.458722469280474e-05,4.365942004369572e-05,4.577493746182881e-05,4.5910845074104145e-05
2013-09-27,0.0,0.0,0.0,0.0,0.0,0.0
2013-09-28,0.0,0.0,0.0,0.0,0.0,0.0
2013-09-29,3.80352939828299e-05,3.615851528593339e-05,3.264881524955854e-05,4.322659151512198e-05,4.081331644556485e-05,3.636502879089676e-05
2013-09-30,7.00865575709031e-06,8.311795681947842e-06,8.98800317372661e-06,4.669694135372993e-06,5.496955054695718e-06,5.922947821090929e-06
2013-10-01,0.0,0.0,0.0,0.0,0.0,0.0
2013-10-02,3.1287877391150687e-06,2.5677154553704895e-06,2.040380877588177e-06,6.721026693412568e-06,5.8339887800684664e-06,4.618625098373741e-06
2013-10-03,2.584077083156444e-05,2.6114279535249807e-05,2.4202239728765562e-05,3.204530003131367e-05,3.198715057806112e-05,3.008907151524909e-05
2013-10-04,2.463379132677801e-06,3.117274900432676e-06,3.999555246991804e-06,5.632372449326795e-06,6.046818270988297e-06,5.918684109929018e-06
2013-10-05,1.0056655952439542e-07,1.3314678426468163e-06,3.843092144961702e-06,1.0445112508250531e-07,1.2469408829929307e-06,3.56285249836219e-06
2013-10-06,0.0,0.0,0.0,0.0,0.0,0.0
2013-10-07,1.2728113688353915e-05,1.085365056496812e-05,9.346738806925714e-06,1.7429165382054634e-05,1.5586145309498534e-05,1.3998574104334693e-05
2013-10-08,0.00019988775602541864,0.0002082676364807412,0.0002162281598430127,0.00019636904471553862,0.000202977578737773,0.00020842181402258575
2013-10-09,9.477327722606788e-08,7.98202179908003e-08,6.338659375160205e-08,2.2066657834329817e-07,1.8426943881877378e-07,1.45714977861644e-07
2013-10-10,3.5057082641287707e-06,0.0,0.0,3.7713027722929837e-06,0.0,0.0
2013-10-11,0.00014423257380258292,0.00015471861115656793,0.00016182383114937693,0.00014773575821891427,0.00015677561168558896,0.00016310704813804477
2013-10-12,0.0,0.0,0.0,0.0,0.0,0.0
2013-10-13,0.00012866794713772833,0.0001276484690606594,0.00012725662963930517,0.000140955948154442,0.0001380379544571042,0.00013679967378266156
2013-10-14,0.0,0.0,0.0,0.0,0.0,0.0
2013-10-15,0.0,0.0,0.0,0.0,0.0,0.0
2013-10-16,8.822100028282875e-08,0.0,0.0,2.057717694015082e-07,0.0,0.0
2013-10-17,1.2595451437391603e-07,0.0,0.0,2.938499790161586e-07,0.0,0.0
2013-10-18,0.0,0.0,0.0,0.0,0.0,0.0
2013-10-19,2.4758769541222136e-06,2.5048475436051376e-06,1.99775286091608e-06,2.216903340013232e-06,2.134619762728107e-06,1.7055937178156455e-06
2013-10-20,5.408257038652664e-06,5.363811396819074e-06,6.956466222618474e-06,7.062153144943295e-06,5.754805897595361e-06,6.435718205466401e-06
2013-10-21,6.077306352381129e-06,6.584844413737301e-06,6.352512173180003e-06,4.0706108848098665e-06,4.361716946732486e-06,4.187090780760627e-06
2013-10-22,0.00022133511083666235,0.00020917708752676845,0.00020114520157221705,0.00021670588466804475,0.00020015468180645257,0.00018990389071404934
2013-10-23,0.0004175126668997109,0.0004614844801835716,0.0004789350205101073,0.0003849234781228006,0.000427791295805946,0.0004507007251959294
2013-10-24,0.0,0.0,0.0,0.0,0.0,0.0
2013-10-25,0.0,0.0,0.0,0.0,0.0,0.0
2013-10-26,0.0,0.0,0.0,0.0,0.0,0.0
2013-10-27,0.0,0.0,0.0,0.0,0.0,0.0
2013-10-28,0.00041677049011923373,0.00042148210923187435,0.0004047882684972137,0.0003646025725174695,0.0003619525523390621,0.00034824784961529076
2013-10-29,0.00010494128218851984,0.00013346719788387418,0.00017175974790006876,0.00011349266424076632,0.00014165096217766404,0.00017935963114723563
2013-10-30,8.865077688824385e-06,7.946667210489977e-06,6.9263987825252116e-06,1.260111548617715e-05,1.1508981515362393e-05,1.0489573469385505e-05
2013-10-31,4.7383093004782495e-09,0.0,0.0,1.1078185480073444e-08,0.0,0.0
2013-11-01,8.719865149942052e-07,7.876060976741428e-07,8.595133067501592e-07,2.038851562247146e-06,1.8156117675971473e-06,1.970787025129539e-06
2013-11-02,0.0,0.0,0.0,0.0,0.0,0.0
2013-11-03,6.172928806336131e-06,7.78621051722439e-06,9.339803000329994e-06,4.187601007288322e-06,5.263754246698227e-06,6.3900874920364e-06
2013-11-04,0.0001958564535016194,0.00020721352484542876,0.00022125169925857335,0.00018978196021635085,0.00019634130876511335,0.0002082510181935504
2013-11-05,1.0636576917022467e-06,1.0202612656939891e-06,8.138417797454167e-07,2.487428218955756e-06,2.349704118387308e-06,1.864136606855027e-06
2013-11-06,0.0,0.0,0.0,0.0,0.0,0.0
2013-11-07,0.0,0.0,0.0,0.0,0.0,0.0
2013-11-08,3.853348573557014e-07,1.9119369198961067e-07,1.5266675745806424e-07,5.93975642004807e-07,4.399785211717244e-07,3.4939779425258166e-07
2013-11-09,0.0,0.0,0.0,0.0,0.0,0.0
2013-11-10,1.4622606613556854e-05,1.6276431779260747e-05,1.8078513676300645e-05,1.0092322554555722e-05,1.0891189049289096e-05,1.2329326636972837e-05
2013-11-11,0.0002421047247480601,0.0002647440123837441,0.0002832832105923444,0.0002157091221306473,0.00023014188627712429,0.0002453609195072204
2013-11-12,0.0,0.0,0.0,0.0,0.0,0.0
2013-11-13,0.0,0.0,0.0,0.0,0.0,0.0
2013-11-14,4.474465822568163e-05,3.9477097743656486e-05,3.5391480196267366e-05,6.239383947104216e-05,5.6609613238833845e-05,5.059233808424324e-05
2013-11-15,0.0001116175772040151,0.00011969048500759527,0.0001259066630154848,0.00010230463522020727,0.00010843096242751926,0.00011352289584465325
2013-11-16,0.0,0.0,0.0,0.0,0.0,0.0
2013-11-17,1.058890916283417e-06,9.032808065967401e-07,7.458606887666974e-07,2.4751407181611285e-06,2.057413666989305e-06,1.6536619114049245e-06
2013-11-18,9.219454113917891e-06,8.191665074264165e-06,6.7674041019927245e-06,1.1498786079755519e-05,1.0040011147793848e-05,8.355517820746172e-06
2013-11-19,0.0,0.0,0.0,0.0,0.0,0.0
2013-11-20,0.0,1.733894947619774e-07,5.363313562156691e-07,0.0,1.266172660052689e-07,3.8950534531068115e-07
2013-11-21,0.0,0.0,0.0,0.0,0.0,0.0
2013-11-22,0.0,0.0,0.0,0.0,0.0,0.0
2013-11-23,0.0,0.0,0.0,0.0,0.0,0.0
2013-11-24,1.2784252248820849e-05,1.0732403097790666e-05,9.099201633944176e-06,9.331531146017369e-06,7.638337592652533e-06,6.414569270418724e-06
2013-11-25,0.0002848395670298487,0.000307159818476066,0.0003316407382953912,0.00027767280698753893,0.000291594275040552,0.00030931891524232924
2013-11-26,2.2575040929950774e-05,2.148610474250745e-05,1.9473538486636244e-05,2.4617793314973824e-05,2.36791111092316e-05,2.2331161744659767e-05
2013-11-27,7.67850815464044e-06,7.119035672076279e-06,6.108896286605159e-06,9.18056866794359e-06,8.435241397819482e-06,7.622903467563447e-06
2013-11-28,0.0,0.0,0.0,0.0,0.0,0.0
2013-11-29,0.0,0.0,0.0,0.0,0.0,0.0
2013-11-30,0.0,0.0,0.0,0.0,0.0,0.0
2013-12-01,7.66051641676313e-07,8.12901589597459e-07,6.707442139486375e-07,5.12875601543783e-07,5.333579906618979e-07,4.3770671709353337e-07
2013-12-02,0.0,4.4328377413194175e-08,1.3767034090506058e-07,0.0,2.907863816403733e-08,8.982167543081232e-08
2013-12-03,3.510730675770901e-05,3.5290584492031485e-05,3.476465280982666e-05,4.2344912799308077e-05,4.199422255624086e-05,4.133398397243582e-05
2013-12-04,3.710039777615748e-07,2.2644945829597418e-07,3.214401544937573e-07,4.44079262251762e-07,4.0297547343470796e-07,5.337540187611012e-07
2013-12-05,5.5897951824590564e-05,5.885422069695778e-05,6.005034811096266e-05,5.83482178626582e-05,5.960716225672513e-05,5.996397158014588e-05
2013-12-06,3.723643021658063e-05,4.4244934542803094e-05,5.136143590789288e-05,2.8944810765096918e-05,3.304236815893091e-05,3.7570112908724695e-05
2013-12-07,1.798807375053002e-06,1.6897524801606778e-06,1.698204641797929e-06,4.07772768085124e-06,3.760034587685368e-06,3.778393420361681e-06
2013-12-08,5.172173587197904e-07,0.0,0.0,3.460121433818131e-07,0.0,0.0
2013-12-09,3.163424480590038e-05,3.332012056489475e-05,3.5864984965883195e-05,4.118081051274203e-05,4.266167161404155e-05,4.541046291706152e-05
2013-12-10,0.00013293993833940476,0.00013369602675084025,0.00012969541421625763,0.00012256469926796854,0.00012051485100528225,0.00011581557191675529
2013-12-11,9.036271512741223e-05,0.0001013600776786916,0.00011070190521422774,9.916965791489929e-05,0.0001084946416085586,0.00011743178765755147
2013-12-12,8.147898711285961e-08,5.8864277008296995e-08,4.7528907032301504e-08,1.8994485628809343e-07,1.3439671420201194e-07,1.0793385030183344e-07
2013-12-13,3.6970530459257134e-07,5.662848678866794e-08,4.5734985576473264e-08,8.617959110779339e-07,1.2927849013522064e-07,1.0384897564108542e-07
2013-12-14,1.167041318694828e-05,1.0847521480172873e-05,9.416733519174159e-06,1.2121076906623784e-05,1.1107543286925647e-05,9.618976037018001e-06
2013-12-15,0.0,0.0,0.0,0.0,0.0,0.0
2013-12-16,0.00011594186798902228,0.00012314465129747987,0.00012889798381365836,0.00011332404392305762,0.00011705567158060148,0.0001211533963214606
2013-12-17,5.824463005410507e-05,7.485386595362797e-05,9.584711369825527e-05,6.517161818919703e-05,8.114545926218852e-05,0.0001016075475490652
2013-12-18,7.239032697725634e-07,6.939661147953302e-07,5.94207619997178e-07,6.554233209499216e-07,5.725543701373681e-07,5.355645384952368e-07
2013-12-19,0.0,0.0,0.0,0.0,0.0,0.0
2013-12-20,0.00010368668881710619,0.00010433727584313601,0.00010158381337532774,0.00011801376967923716,0.00011735097359633073,0.00011571740469662473
2013-12-21,0.00020650368242058903,0.00021615361038129777,0.000217411172343418,0.00021568061492871493,0.00022278398682828993,0.00022495456505566835
2013-12-22,1.9618913938757032e-05,1.938371133292094e-05,1.926323056977708e-05,1.7620501239434816e-05,1.6945317838690244e-05,1.669791163294576e-05
2013-12-23,2.1585581180261215e-06,3.4012166452157544e-06,5.499933649844024e-06,3.593399469536962e-06,4.6010154619580135e-06,6.097618097555824e-06
2013-12-24,0.00013372251123655587,0.00014080821711104363,0.0001452636788599193,0.00014048769662622362,0.00014364629168994725,0.00014712696429342031
2013-12-25,1.3577595382230356e-05,1.3691102140001021e-05,1.1653919500531629e-05,1.3906435015087482e-05,1.386943768011406e-05,1.2367264389467891e-05
2013-12-26,1.2472194612200838e-05,1.178353249997599e-05,9.725213203637395e-06,1.3318521268956829e-05,1.2261903975741006e-05,1.0259349437546916e-05
2013-12-27,5.98956512476434e-06,5.607511411653832e-06,4.8683064051147085e-06,8.545704986318015e-06,8.091032213997096e-06,7.258361620188225e-06
2013-12-28,0.0,0.0,0.0,0.0,0.0,0.0
2013-12-29,0.0,0.0,0.0,0.0,0.0,0.0
2013-12-30,4.2516933262959355e-07,0.0,0.0,4.440199177224713e-07,0.0,0.0
2013-12-31,3.6758740407094592e-06,3.3368819458701182e-06,2.7270639293419663e-06,5.7099400692095514e-06,5.243705800239695e-06,4.277777406969108e-06
2014-01-01,0.0,0.0,0.0,0.0,0.0,0.0
2014-01-02,0.0,0.0,0.0,0.0,0.0,0.0
2014-01-03,1.708186937321443e-05,3.188608752680011e-05,5.782692460343242e-05,1.1423663636378478e-05,2.2614753106608987e-05,4.305091351852752e-05
2014-01-04,3.9253626482604886e-07,2.199962864324334e-06,5.925559889874421e-06,9.151815447694389e-07,2.796133230731357e-06,6.5281465140287764e-06
2014-01-05,2.2184190040519525e-09,0.0,0.0,5.172637873585018e-09,0.0,0.0
2014-01-06,9.6484209279879e-06,9.945219971996266e-06,9.687008969194721e-06,9.334652531833854e-06,9.29459656617837e-06,8.924663234211039e-06
2014-01-07,2.3560563988667127e-07,2.428282357413991e-07,1.9694856234764302e-07,1.6974243521872268e-07,1.5904700489954848e-07,1.2826342299376847e-07
2014-01-08,2.4841898266458884e-05,2.514086736482568e-05,2.420294185867533e-05,2.6247187633998692e-05,2.5901237677317113e-05,2.4892460714909248e-05
2014-01-09,2.2665965389023768e-06,1.8668439452085295e-06,1.7465922610426787e-06,3.25356563735113e-06,2.6769635042001028e-06,2.4802695861581014e-06
2014-01-10,2.7795755158877e-05,2.8741607820848003e-05,2.8514728910522535e-05,3.108692180830985e-05,3.146403105347417e-05,3.111737532890402e-05
2014-01-11,0.0,0.0,0.0,0.0,0.0,0.0
2014-01-12,6.708862929372117e-05,6.644984387094155e-05,6.443829624913633e-05,7.934708264656365e-05,7.812438707333058e-05,7.554142939625308e-05
2014-01-13,1.817044358176645e-05,2.029401366598904e-05,2.2692993297823705e-05,1.9816343410639092e-05,2.1621317500830628e-05,2.38534266827628e-05
2014-01-14,0.0,0.0,0.0,0.0,0.0,0.0
2014-01-15,0.0,0.0,0.0,0.0,0.0,0.0
2014-01-16,0.0,0.0,0.0,0.0,0.0,0.0
2014-01-17,2.2480200811969553e-07,2.320466876426508e-07,2.384598758453649e-07,5.249323180578358e-07,5.303162993186561e-07,5.418187356553972e-07
2014-01-18,0.0,0.0,0.0,0.0,0.0,0.0
2014-01-19,1.634785257920157e-05,2.0669351215474308e-05,2.6094809072674252e-05,1.4451474271481857e-05,1.7955391740542836e-05,2.3114989744499326e-05
2014-01-20,0.0,0.0,0.0,0.0,0.0,0.0
2014-01-21,0.0,0.0,0.0,0.0,0.0,0.0
2014-01-22,0.00011146970791742206,0.00011447201541159302,0.00011378037743270397,9.983845666283742e-05,0.00010060424392577261,0.00010037743049906567
2014-01-23,0.00016836985014379025,0.00018757887301035225,0.00020352019055280834,0.00016793278336990625,0.00018248632841277868,0.00019547880219761282
2014-01-24,2.755305331447744e-06,2.4550386115151923e-06,1.9911610706913052e-06,1.9324083950778004e-06,1.6105698250612477e-06,1.298731262977526e-06
2014-01-25,7.787669346726034e-06,7.476071004930418e-06,6.332834345812444e-06,8.583817361795809e-06,8.166181032720488e-06,7.198186722234823e-06
2014-01-26,0.0,1.7594034318335616e-07,5.503122793015791e-07,0.0,4.024150825898687e-07,1.2514744867075933e-06
2014-01-27,9.022551807902346e-07,8.470374979197004e-08,2.649150587785698e-07,1.4437317759075086e-06,5.558066362709724e-08,1.728380567556087e-07
2014-01-28,8.13291990198195e-05,8.791776053840294e-05,9.026366751641035e-05,7.535834447480738e-05,8.105138113023713e-05,8.450710447505116e-05
2014-01-29,0.0,0.0,0.0,0.0,0.0,0.0
2014-01-30,0.0,0.0,0.0,0.0,0.0,0.0
2014-01-31,0.00021573694539256394,0.00023988954490050673,0.0002531253267079592,0.00020555919036269188,0.00022271793568506837,0.00023229238286148757
2014-02-01,2.621657131385291e-06,8.974113370641135e-06,2.2163716494105756e-05,6.131028840172803e-06,1.2393517863529269e-05,2.5127155822701752e-05
2014-02-02,1.95130928659637e-06,1.4174945590639254e-06,1.1485881259432063e-06,4.336842266638996e-06,3.2434315926366253e-06,2.613516926430748e-06
2014-02-03,6.621630018344149e-05,7.346284110099077e-05,7.879607437644154e-05,7.749524229438975e-05,8.515469380654395e-05,9.232748561771587e-05
2014-02-04,8.46469083626289e-06,7.798283149895724e-06,6.694100193271879e-06,1.0691777788451873e-05,9.917669558490161e-06,8.67376002133824e-06
2014-02-05,5.384881092140859e-07,3.206115763987327e-07,2.596847537006397e-07,3.9240498495018983e-07,2.1046625420240161e-07,1.6953990211732162e-07
2014-02-06,0.0,0.0,0.0,0.0,0.0,0.0
2014-02-07,0.0,0.0,0.0,0.0,0.0,0.0
2014-02-08,0.0,0.0,0.0,0.0,0.0,0.0
2014-02-09,0.0,0.0,0.0,0.0,0.0,0.0
2014-02-10,4.719235948869027e-05,5.161089575267397e-05,5.533407602342777e-05,5.063539356342517e-05,5.4091273341327906e-05,5.7348759582964703e-05
2014-02-11,8.543225362700468e-07,1.3356589079194237e-06,2.051643605227582e-06,1.4367892617883626e-06,2.0028394374094205e-06,2.7521277843334246e-06
2014-02-12,2.2255621345834697e-08,0.0,0.0,5.20378939938837e-08,0.0,0.0
2014-02-13,9.39728706725873e-05,0.00010143766849068925,0.00010406736691948026,9.434000094188377e-05,0.00010035517334472388,0.00010321177978767082
2014-02-14,6.1226801335578784e-06,5.256736130831996e-06,4.305592028686078e-06,5.734154456149554e-06,4.887270733888727e-06,4.05478158427286e-06
2014-02-15,2.039871469605714e-05,2.0889478037133813e-05,2.063577812805306e-05,1.6939618944888934e-05,1.6699945263098925e-05,1.5958352378220297e-05
2014-02-16,3.1630297598894686e-06,2.1997373096382944e-06,1.7788621562431217e-06,3.754676981770899e-06,2.6614068246999523e-06,2.1414355160231935e-06
2014-02-17,2.8227700568095315e-06,2.193354021073901e-06,1.8944255089081707e-06,2.4945277345977956e-06,1.872142888714734e-06,1.5852376691327663e-06
2014-02-18,1.4530788575939368e-05,1.2938255167682655e-05,1.0511266737012193e-05,1.4462396393355448e-05,1.2732473805954214e-05,1.035995865095174e-05
2014-02-19,6.762706107110716e-06,6.917936843819916e-06,6.040123025741195e-06,6.125358140707249e-06,6.342454071273096e-06,5.758839051850373e-06
2014-02-20,0.0,0.0,0.0,0.0,0.0,0.0
2014-02-21,0.0,0.0,0.0,0.0,0.0,0.0
2014-02-22,2.940844751719851e-05,2.8863285479019396e-05,2.774853965092916e-05,2.6296078431187198e-05,2.4967372155515477e-05,2.3649339709663764e-05
2014-02-23,3.385455784155056e-05,3.875597758451477e-05,4.333788456278853e-05,3.067772922804579e-05,3.451503289397806e-05,3.882754754158668e-05
2014-02-24,0.0,0.0,0.0,0.0,0.0,0.0
2014-02-25,0.0,0.0,0.0,0.0,0.0,0.0
2014-02-26,0.0,0.0,0.0,0.0,0.0,0.0
2014-02-27,0.0,0.0,0.0,0.0,0.0,0.0
2014-02-28,0.0,0.0,0.0,0.0,0.0,0.0
2014-03-01,0.0,0.0,0.0,0.0,0.0,0.0
2014-03-02,0.0,0.0,0.0,0.0,0.0,0.0
2014-03-03,3.4197114473499823e-06,2.103782890117145e-06,1.7227114312845515e-06,6.0488378039735835e-06,4.115830051887315e-06,3.3235305636480916e-06
2014-03-04,1.1334428563714027e-05,1.0324524737370666e-05,9.777153536560945e-06,1.634597356314771e-05,1.576632166688796e-05,1.4906176147633232e-05
2014-03-05,0.00021954384283162653,0.00022894454014021903,0.0002299371117260307,0.00021488720085471869,0.00022205700224731117,0.0002244180504931137
2014-03-06,3.3641907748460653e-07,4.751796609525627e-07,6.498604534499464e-07,7.839399245312961e-07,1.0862690942303743e-06,1.479096226830734e-06
2014-03-07,7.639670229764306e-07,1.0741168807726353e-06,1.7029469745466486e-06,1.7798968201532261e-06,2.0362667783047073e-06,2.5772847038751934e-06
2014-03-08,0.0,3.4823834482722305e-08,1.08371153828557e-07,0.0,7.959986447758638e-08,2.4664038278388034e-07
2014-03-09,0.0,0.0,0.0,0.0,0.0,0.0
2014-03-10,0.0,0.0,0.0,0.0,0.0,0.0
2014-03-11,0.0,0.0,0.0,0.0,0.0,0.0
2014-03-12,0.0,0.0,0.0,0.0,0.0,0.0
2014-03-13,8.751515269977972e-05,0.00010061555076390505,0.00011979530972894281,8.53784367791377e-05,9.45488500292413e-05,0.00010955757170449942
2014-03-14,3.3465170417912304e-05,3.883467070409097e-05,4.878252366324887e-05,3.534347706590779e-05,4.025144880870357e-05,5.022351615480147e-05
2014-03-15,5.1720027840929106e-05,5.3014209697721526e-05,5.296447125147097e-05,6.565496005350724e-05,6.697171193081886e-05,6.801108247600496e-05
2014-03-16,4.6392860895139165e-06,4.1093867366726045e-06,3.586561888369033e-06,4.9493460210214835e-06,4.414893282955745e-06,4.166649887338281e-06
2014-03-17,1.4586395991500467e-05,1.361178783554351e-05,1.184234679385554e-05,2.0446686903596856e-05,1.9483326468616724e-05,1.7618129277252592e-05
2014-03-18,0.0,0.0,0.0,0.0,0.0,0.0
2014-03-19,0.0,0.0,0.0,0.0,0.0,0.0
2014-03-20,0.0,0.0,0.0,0.0,0.0,0.0
2014-03-21,0.0,0.0,0.0,0.0,0.0,0.0
2014-03-22,0.0002650239912327379,0.0002847882569767535,0.00029879010980948806,0.00028769217897206545,0.0003030410152859986,0.0003160294727422297
2014-03-23,3.910153100150637e-05,3.801888306043111e-05,3.6946614272892475e-05,3.990552431787364e-05,3.865418693749234e-05,3.7808458728250116e-05
2014-03-24,1.4979561456129886e-05,1.3763570677838288e-05,1.2075712220394053e-05,1.945501753652934e-05,1.8609080143505707e-05,1.7177466361317784e-05
2014-03-25,5.3777061111759394e-05,5.4004562116460875e-05,5.2256429626140743e-05,5.015270289732143e-05,4.9587953981244937e-05,4.7770296077942476e-05
2014-03-26,8.636074926471338e-05,9.550453978590667e-05,0.00010391380055807531,9.629777923692018e-05,0.00010549964645178989,0.0001142357723438181
2014-03-27,7.826052410564444e-07,9.301476779910445e-07,9.84354755928507e-07,1.8177639731220552e-06,2.125545961462194e-06,2.2400192847271683e-06
2014-03-28,0.0001104613475035876,0.00011419099610066041,0.00011632073437795043,0.00011475344945210963,0.00011688768427120522,0.00011746075324481353
2014-03-29,9.157672138826456e-06,8.767561666900292e-06,8.257024092017673e-06,1.266971230506897e-05,1.2276452252990566e-05,1.177375997940544e-05
2014-03-30,4.637416168407071e-06,4.746381819131784e-06,4.2979409045074135e-06,7.519792688981397e-06,7.342765002249507e-06,6.676612429146189e-06
2014-03-31,4.220688424538821e-06,5.096710538055049e-06,6.029376891092397e-06,4.780099061463261e-06,5.948189027549233e-06,7.351456133619649e-06
2014-04-01,5.331210672920861e-07,0.0,0.0,3.5507576967575005e-07,0.0,0.0
2014-04-02,1.69482191267889e-05,1.457851794839371e-05,1.205815624416573e-05,1.128734766098205e-05,9.617274372430984e-06,8.05183663032949e-06
2014-04-03,0.0,0.0,0.0,0.0,0.0,0.0
2014-04-04,1.0651370757841505e-05,6.020294677000493e-06,4.840265773964347e-06,9.339475582237355e-06,4.498968792177038e-06,3.602151537052123e-06
2014-04-05,0.0001943365205079317,0.00021631216804962605,0.00023492317995987833,0.00023699065786786377,0.00025929714320227504,0.00027914499514736235
2014-04-06,5.881829110876424e-06,8.017686013772618e-06,1.0663750799722038e-05,4.215401986584766e-06,6.100431164668407e-06,8.855180567479692e-06
2014-04-07,0.0,0.0,0.0,0.0,0.0,0.0
2014-04-08,0.0,0.0,0.0,0.0,0.0,0.0
2014-04-09,0.0,0.0,0.0,0.0,0.0,0.0
2014-04-10,0.0,0.0,0.0,0.0,0.0,0.0
2014-04-11,0.0,3.712580465276005e-08,1.1491958673559566e-07,0.0,2.436813950623673e-08,7.51241913121703e-08
2014-04-12,1.5471612186956918e-06,1.1794796819231124e-06,9.462549428462808e-07,3.4520087410783162e-06,2.699097194636124e-06,2.156676146114478e-06
2014-04-13,0.00034842913737520576,0.00037167378468438983,0.0003908297512680292,0.0003113627608399838,0.0003281224344391376,0.0003454285324551165
2014-04-14,0.0,0.0,0.0,0.0,0.0,0.0
2014-04-15,0.0,0.0,0.0,0.0,0.0,0.0
2014-04-16,5.214391421759501e-05,5.402023816714063e-05,5.4046802688390017e-05,4.936819459544495e-05,5.091007551527582e-05,5.089233673061244e-05
2014-04-17,0.0,0.0,0.0,0.0,0.0,0.0
2014-04-18,0.0,0.0,0.0,0.0,0.0,0.0
2014-04-19,0.0,0.0,0.0,0.0,0.0,0.0
2014-04-20,1.024494963530742e-06,1.0697617653931957e-06,8.648797802379704e-07,2.378357748966664e-06,2.4515293262084015e-06,1.9745546069316333e-06
2014-04-21,4.563031325233169e-06,4.053444627061253e-06,3.832965376204811e-06,1.0230584848613944e-05,9.291095921071246e-06,8.753079782763962e-06
2014-04-22,8.938862447394058e-05,9.1689289547503e-05,8.889442688087001e-05,6.337271770462394e-05,6.516684516100213e-05,6.423377635655925e-05
2014-04-23,0.0,0.0,0.0,0.0,0.0,0.0
2014-04-24,0.0001805746869649738,0.00018019227718468755,0.00017678867152426392,0.00013418022717814893,0.0001307332859141752,0.00012619969493243843
2014-04-25,4.452299435797613e-07,9.042411761583935e-07,2.783907120829099e-06,2.965916223729437e-07,5.951264370196441e-07,1.8258125464853947e-06
2014-04-26,0.0,6.358570203701674e-08,1.9567183073831984e-07,0.0,4.185931601341508e-08,1.2837018914524378e-07
2014-04-27,5.3766329074278474e-05,4.906948743155226e-05,4.231013372191228e-05,5.408592915046029e-05,4.854304643231444e-05,4.1557697841199115e-05
2014-04-28,4.6519759052898735e-05,4.704334423877299e-05,4.77044413855765e-05,4.654823715100065e-05,4.637682650354691e-05,4.565858034766279e-05
2014-04-29,1.9680483092088252e-06,2.255319031974068e-06,2.4815237793518463e-06,2.6723412247520173e-06,3.0373610115930205e-06,3.223786961825681e-06
2014-04-30,0.0,0.0,0.0,0.0,0.0,0.0
2014-05-01,3.628026206570212e-06,0.0,0.0,2.4179187221307075e-06,0.0,0.0
2014-05-02,2.5642651962698437e-05,2.9653536330442876e-05,3.2627842301735654e-05,1.709110256342683e-05,1.9786401026067324e-05,2.2164040274219587e-05
2014-05-03,2.0093104069474066e-07,0.0,0.0,1.339339661399208e-07,0.0,0.0
2014-05-04,4.846203592023812e-05,4.257946784491651e-05,3.6509976780507714e-05,3.323228520457633e-05,2.8249211027286947e-05,2.4143811970134266e-05
2014-05-05,0.00019622917170636356,0.00022343768796417862,0.00025412312243133783,0.00014722753257956356,0.00016879790928214788,0.00019518086628522724
2014-05-06,5.085876182420179e-05,5.181929736863822e-05,5.436598803498782e-05,5.908615639782511e-05,5.931227497057989e-05,6.106404907768592e-05
2014-05-07,7.60674083721824e-05,7.706523319939151e-05,7.414550782414153e-05,8.255005377577618e-05,8.340890053659678e-05,8.188248466467485e-05
2014-05-08,1.598131530045066e-05,1.5438698028447106e-05,1.4166999790177215e-05,2.052502713922877e-05,1.9963163140346296e-05,1.9068560504820198e-05
2014-05-09,0.0,0.0,0.0,0.0,0.0,0.0
2014-05-10,5.543108727579238e-06,5.573371709033381e-06,4.415499006427126e-06,3.697078909681295e-06,3.6836463550571352e-06,2.911736601163284e-06
2014-05-11,0.0002731323766056448,0.00028382823802530766,0.0002920210827142,0.0002492202038411051,0.00025692617055028677,0.0002638596633914858
2014-05-12,2.136617638370808e-07,4.915853537568182e-07,1.0039190101451823e-06,4.968492248735856e-07,7.964650876601809e-07,1.2835054121751455e-06
2014-05-13,0.0,0.0,0.0,0.0,0.0,0.0
2014-05-14,7.345240010181442e-05,8.803237869869918e-05,0.00010559453221503645,7.796671707183123e-05,9.11951792659238e-05,0.00010563280375208706
2014-05-15,3.481526618998032e-06,4.872987574344734e-06,7.304129667318193e-06,7.722538612142671e-06,9.69767370406771e-06,1.2118123777327128e-05
2014-05-16,0.0,0.0,0.0,0.0,0.0,0.0
2014-05-17,0.0,0.0,0.0,0.0,0.0,0.0
2014-05-18,9.649974526837468e-05,0.00010141875827684999,0.00010151338938158005,0.0001165985013358295,0.00012093914847355336,0.0001191956689581275
2014-05-19,0.0001047521727741696,0.00010281545837642625,9.99554104055278e-05,0.0001156438811449334,0.00011329183325869963,0.0001107402058551088
2014-05-20,0.0001475817698519677,0.00015308284491766244,0.000156794412760064,0.00013892751303501427,0.00014425473636947572,0.0001493297895649448
2014-05-21,0.0,0.0,0.0,0.0,0.0,0.0
2014-05-22,0.0,0.0,0.0,0.0,0.0,0.0
2014-05-23,9.087823127629235e-05,9.684024553280324e-05,0.00010060811473522335,6.0671427490888163e-05,6.425468745874241e-05,6.669825233984739e-05
2014-05-24,2.134769420081284e-05,3.1770399800734594e-05,4.7243280278053135e-05,1.4252785149437841e-05,2.245802170364186e-05,3.549562461557798e-05
2014-05-25,0.0,0.0,0.0,0.0,0.0,0.0
2014-05-26,0.0,0.0,0.0,0.0,0.0,0.0
2014-05-27,0.0,0.0,0.0,0.0,0.0,0.0
2014-05-28,0.0,0.0,0.0,0.0,0.0,0.0
2014-05-29,9.470520308241248e-05,9.164342191070318e-05,8.127506589516997e-05,9.151294943876565e-05,8.802425873000175e-05,7.896449824329466e-05
2014-05-30,7.543204264948145e-05,7.55239452701062e-05,7.331071537919343e-05,6.95095513947308e-05,6.857667176518589e-05,6.70534573146142e-05
2014-05-31,1.1848038411699235e-05,3.512394187055179e-06,2.759016297204653e-06,7.912664841569494e-06,2.3353206870524446e-06,1.8344804857406416e-06
2014-06-01,0.0,0.0,0.0,0.0,0.0,0.0
2014-06-02,0.0,0.0,0.0,0.0,0.0,0.0
2014-06-03,7.071109848766355e-07,5.916430154684349e-07,4.644244029350375e-07,1.6463126257804106e-06,1.372162728330295e-06,1.0774836027849233e-06
2014-06-04,0.00014578778063878417,0.00015377234376501292,0.00016459496691823006,0.00017821638903114945,0.00019019641331396997,0.00020560929260682315
2014-06-05,0.00016998706269077957,0.00017311492410954088,0.0001690151111688465,0.0001741133164614439,0.0001769482041709125,0.0001744265464367345
2014-06-06,0.0003066511999350041,0.0003112301346845925,0.0003106476506218314,0.0003175378660671413,0.0003306875005364418,0.00034488458186388016
2014-06-07,0.0,0.0,0.0,0.0,0.0,0.0
2014-06-08,0.0,0.0,0.0,0.0,0.0,0.0
2014-06-09,0.0001213275027112104,0.00011780867498600855,0.00011420652299420908,0.00014852984168101102,0.00014336701133288443,0.00013888349349144846
2014-06-10,0.00013652998313773423,0.00013839405437465757,0.00013352360110729933,0.00013505361857824028,0.00013774230319540948,0.0001343541225651279
2014-06-11,0.0,0.0,0.0,0.0,0.0,0.0
2014-06-12,6.75185801810585e-05,6.230497820070013e-05,5.142101872479543e-05,7.270915375556797e-05,6.809388287365437e-05,5.900401811231859e-05
2014-06-13,9.711360326036811e-05,0.00011326326784910634,0.00012581501505337656,9.394319204147905e-05,0.00010952901357086375,0.00012465826875995845
2014-06-14,0.0,0.0,0.0,0.0,0.0,0.0
2014-06-15,0.0,0.0,0.0,0.0,0.0,0.0
2014-06-16,0.0,0.0,0.0,0.0,0.0,0.0
2014-06-17,2.267182935611345e-05,2.031526128121186e-05,1.8717757484409958e-05,1.843886093411129e-05,1.582105687703006e-05,1.4285992619988974e-05
2014-06-18,2.416298411844764e-05,1.8648672266863286e-05,1.5287138012354262e-05,3.559386095730588e-05,3.0284743843367323e-05,2.5325547539978288e-05
2014-06-19,0.00016607397992629558,0.00015629394329153,0.00014036177890375257,0.0001668042823439464,0.00015854020603001118,0.00014503400598187
2014-06-20,0.0002039609826169908,0.00022043802891857922,0.0002387703425483778,0.00020333683642093092,0.00022139876091387123,0.00024280119396280497
2014-06-21,0.0,5.327177404979011e-06,1.6125728507176973e-05,0.0,3.551189138306654e-06,1.0768134416139219e-05
2014-06-22,9.626093378756195e-05,0.00010130258306162432,0.00010240328992949799,8.175172843039036e-05,8.633288962300867e-05,8.750769484322518e-05
2014-06-23,8.244561468018219e-05,8.039223030209541e-05,7.31876862118952e-05,8.449976303381845e-05,8.241183968493715e-05,7.609758904436603e-05
2014-06-24,2.1488753191079013e-05,2.449550993333105e-05,2.5512326828902587e-05,1.4342525901156478e-05,1.725967194943223e-05,1.986401002795901e-05
2014-06-25,0.0,0.0,0.0,0.0,0.0,0.0
2014-06-26,0.0,1.607261026492779e-07,4.87070394683542e-07,0.0,1.071247410777687e-07,3.252549163335061e-07
2014-06-27,0.00021727688726969063,0.0002400124940322712,0.0002630204544402659,0.0002006026334129274,0.00022581419034395367,0.0002533593215048313
2014-06-28,0.0,4.328271188569488e-06,1.3124094039085321e-05,0.0,2.884347168219392e-06,8.763024197833147e-06
2014-06-29,6.010910146869719e-05,6.2899365730118e-05,6.442148878704756e-05,6.242231756914407e-05,6.609955744352192e-05,6.847015902167186e-05
2014-06-30,6.14481614320539e-05,6.468206265708432e-05,6.681074592052028e-05,7.747242489131168e-05,8.097592217382044e-05,8.310838893521577e-05
2014-07-01,0.0,0.0,0.0,0.0,0.0,0.0
2014-07-02,0.0,0.0,0.0,0.0,0.0,0.0
2014-07-03,0.0,0.0,0.0,0.0,0.0,0.0
2014-07-04,0.0,0.0,0.0,0.0,0.0,0.0
2014-07-05,0.0,0.0,0.0,0.0,0.0,0.0
2014-07-06,0.0,0.0,0.0,0.0,0.0,0.0
2014-07-07,4.459232513909228e-05,2.9715351047343574e-05,2.3438373318640515e-05,7.22945696907118e-05,5.733072248403914e-05,4.5312015572562814e-05
2014-07-08,9.41044490900822e-05,0.00010213943460257724,0.00011868885485455394,0.00010016583109972998,0.00010610328172333539,0.00011926043953280896
2014-07-09,0.0,0.0,0.0,0.0,0.0,0.0
2014-07-10,0.0,0.0,0.0,0.0,0.0,0.0
2014-07-11,0.0,0.0,0.0,0.0,0.0,0.0
2014-07-12,1.013905716718e-06,1.046383431457798e-06,8.272229479189264e-07,6.75222736390424e-07,6.955134495001403e-07,5.509120342139795e-07
2014-07-13,0.0,0.0,0.0,0.0,0.0,0.0
2014-07-14,1.5991905456758104e-05,9.238310667569749e-06,7.514561275456799e-06,2.85527239611838e-05,2.1393836505012587e-05,1.7434995243093e-05
2014-07-15,7.096781337168068e-05,7.377723522949964e-05,7.710018689977005e-05,8.755258750170469e-05,8.722938946448267e-05,8.393653115490451e-05
2014-07-16,0.0,2.710895898871968e-07,8.282185604002734e-07,0.0,6.274170232245524e-07,1.920361683005467e-06
2014-07-17,0.0,0.0,0.0,0.0,0.0,0.0
2014-07-18,0.0001290912477998063,0.0001259167620446533,0.00011406866542529315,0.00013103269156999886,0.000130643296870403,0.00012503386824391782
2014-07-19,0.00013678277900908142,0.00015105541388038546,0.00015543900371994823,0.00011020595411537215,0.00012169498222647235,0.0001249822526006028
2014-07-20,0.0,0.0,0.0,0.0,0.0,0.0
2014-07-21,0.0,0.0,0.0,0.0,0.0,0.0
2014-07-22,0.0,0.0,0.0,0.0,0.0,0.0
2014-07-23,8.038097439566627e-05,8.944438741309568e-05,9.530586248729378e-05,6.91165987518616e-05,7.461170753231272e-05,7.786371133988723e-05
2014-07-24,0.00011306113447062671,0.00012547586811706424,0.00013882206985726953,0.00010850669059436768,0.00011941631964873523,0.00013166469580028206
2014-07-25,6.964784552110359e-05,6.739518721587956e-05,6.095807839301415e-05,7.381127215921879e-05,7.31435720808804e-05,6.95574635756202e-05
2014-07-26,1.4655880704594892e-06,1.3075613480850734e-07,4.0137655332728173e-07,9.736661468195962e-07,8.653383076762111e-08,2.659938900251291e-07
2014-07-27,5.119897468830459e-05,4.428917236509733e-05,3.618669506977312e-05,5.138322740094736e-05,4.551104211714119e-05,3.7303820136003196e-05
2014-07-28,0.0,0.0,0.0,0.0,0.0,0.0
2014-07-29,7.390538939944236e-06,6.694256626360584e-06,6.286519237619359e-06,1.6795693227322772e-05,1.542816244182177e-05,1.4505814760923386e-05
2014-07-30,4.258053195371758e-06,3.177257497100072e-07,9.769531743586413e-07,3.530542244334356e-06,6.211417939994135e-07,1.9120777778880438e-06
2014-07-31,0.0,1.9825657204819436e-07,6.098431413192884e-07,0.0,4.566237521430594e-07,1.406097226208658e-06
2014-08-01,0.0,1.1795512364187744e-05,3.629696584539488e-05,0.0,1.0738656783360057e-05,3.3078216802095994e-05
2014-08-02,0.0,6.750159172952408e-06,2.077896897390019e-05,0.0,4.457111117517343e-06,1.3733263585891109e-05
2014-08-03,6.64522813167423e-05,6.874777318444103e-05,6.807827594457194e-05,5.7900168030755594e-05,5.974003579467535e-05,5.9415258874651045e-05
2014-08-04,8.259450260084122e-05,7.968910358613357e-05,7.857588934712112e-05,9.116164437728003e-05,8.709095709491521e-05,8.516418165527284e-05
2014-08-05,0.000115877395728603,0.0001193483840324916,0.00012829300248995423,0.00012276152847334743,0.0001252952788490802,0.00013208684686105698
2014-08-06,8.851010352373123e-05,8.80533698364161e-05,7.646729500265792e-05,9.374147339258343e-05,9.446121839573607e-05,8.666139183333144e-05
2014-08-07,5.874508133274503e-05,6.662617670372128e-05,7.193686906248331e-05,5.606100967270322e-05,6.345529982354492e-05,6.728154403390363e-05
2014-08-08,0.0,0.0,0.0,0.0,0.0,0.0
2014-08-09,0.0,0.0,0.0,0.0,0.0,0.0
2014-08-10,1.2005181815766264e-05,1.0028707947640214e-05,8.206987331504934e-06,2.6569432520773262e-05,2.3033266188576818e-05,1.885658457467798e-05
2014-08-11,0.00012141189654357731,0.00011717079905793071,0.00011255486606387421,0.0001317621354246512,0.0001261081051779911,0.00012081491877324879
2014-08-12,0.00016177151701413095,0.00017842357920017093,0.00019869617244694382,0.00014065894356463104,0.00015404768055304885,0.00017250498058274388
2014-08-13,0.0,0.0,0.0,0.0,0.0,0.0
2014-08-14,0.0,0.0,0.0,0.0,0.0,0.0
2014-08-15,0.0,0.0,0.0,0.0,0.0,0.0
2014-08-16,0.0,0.0,0.0,0.0,0.0,0.0
2014-08-17,0.0,0.0,0.0,0.0,0.0,0.0
2014-08-18,4.020959750050679e-05,3.218717756681144e-05,2.6179612177656963e-05,5.5266169511014596e-05,4.747023558593355e-05,3.8934860640438274e-05
2014-08-19,0.00014486027066595852,0.00014801435463596135,0.00014745304360985756,0.00010519076749915257,0.00010502668737899512,0.00010457251482876018
2014-08-20,0.0,3.6723172343045007e-06,1.1342697689542547e-05,0.0,2.4531354938517325e-06,7.574237315566279e-06
2014-08-21,6.392209570549312e-07,2.440433490846772e-07,1.9542493134849792e-07,1.4757697499589995e-06,5.595414336312388e-07,4.4787088882003445e-07
2014-08-22,0.00011021776299457997,0.00011000977247022092,0.00010633219062583521,0.00013036945892963558,0.00013041823694948107,0.0001263132580788806
2014-08-23,0.0,0.0,0.0,0.0,0.0,0.0
2014-08-24,0.0,0.0,0.0,0.0,0.0,0.0
2014-08-25,2.0262388716218993e-05,1.9663806597236544e-05,1.753060132614337e-05,1.668064942350611e-05,1.4948283933335915e-05,1.3133435459167231e-05
2014-08-26,0.0,1.8902446754509583e-06,5.837096978211775e-06,0.0,1.2430323295120616e-06,3.835298230114859e-06
2014-08-27,0.0,0.0,0.0,0.0,0.0,0.0
2014-08-28,0.0,0.0,0.0,0.0,0.0,0.0
2014-08-29,0.00015790874022059143,0.0001561174722155556,0.00014539557741954923,0.00015230373537633568,0.0001516605116194114,0.00014421851665247232
2014-08-30,0.00021543589537031949,0.00023196681286208332,0.00024169577227439731,0.00021595558791887015,0.0002333951269974932,0.00024510291405022144
2014-08-31,0.0,0.0,0.0,0.0,0.0,0.0
2014-09-01,6.039538493496366e-05,5.4284777434077114e-05,5.4896278015803546e-05,5.467786468216218e-05,4.905023524770513e-05,4.921378422295675e-05
2014-09-02,5.8069512306246907e-05,5.9359193983254954e-05,6.401406426448375e-05,7.291460497071967e-05,7.227953028632328e-05,7.362150063272566e-05
2014-09-03,0.0,0.0,0.0,0.0,0.0,0.0
2014-09-04,0.0,0.0,0.0,0.0,0.0,0.0
2014-09-05,5.381228334044863e-07,0.0,0.0,3.5663566677612835e-07,0.0,0.0
2014-09-06,0.00026106470613740385,0.0002801882801577449,0.00029070215532556176,0.0002657943987287581,0.0002831835299730301,0.0002918242826126516
2014-09-07,3.5991379263577983e-06,5.421200057753595e-06,8.249639904533979e-06,8.317082574649248e-06,1.2439368219929747e-05,1.8895736502599902e-05
2014-09-08,0.0,0.0,0.0,0.0,0.0,0.0
2014-09-09,1.700002576399129e-05,1.7128066247096285e-05,1.7282085536862724e-05,2.7983931431663223e-05,2.839678018062841e-05,2.8819229555665515e-05
2014-09-10,0.0,0.0,0.0,0.0,0.0,0.0
2014-09-11,2.9395321689662524e-05,2.4767277864157222e-05,2.183349715778604e-05,4.7190791519824415e-05,4.2707350075943395e-05,3.874617686960846e-05
2014-09-12,0.0,0.0,0.0,0.0,0.0,0.0
2014-09-13,0.0,0.0,0.0,0.0,0.0,0.0
2014-09-14,7.982181159604806e-06,7.64161359256832e-06,6.108832621976035e-06,5.2976201914134435e-06,5.045813395554433e-06,4.045742571179289e-06
2014-09-15,0.00012461066944524646,0.00014280423056334257,0.00016029129619710147,0.00011799898493336514,0.00013428510283119977,0.00015080526645760983
2014-09-16,0.0,0.0,0.0,0.0,0.0,0.0
2014-09-17,0.0,0.0,0.0,0.0,0.0,0.0
2014-09-18,2.8466278308769688e-05,2.545813549659215e-05,2.136993316526059e-05,2.8517391911009327e-05,2.7364583729649894e-05,2.3999293262022547e-05
2014-09-19,5.34119171788916e-05,5.560272256843746e-05,5.450855678645894e-05,6.739170203218237e-05,6.968592788325623e-05,6.798554386477917e-05
2014-09-20,2.7921264518226963e-06,2.8518591079773614e-06,2.362326313232188e-06,6.468131687142886e-06,6.500336894532666e-06,5.234589480096474e-06
2014-09-21,0.0,0.0,0.0,0.0,0.0,0.0
2014-09-22,0.0,0.0,0.0,0.0,0.0,0.0
2014-09-23,1.205742023557832e-06,7.765101450729617e-09,2.384001263067148e-08,9.023102052196919e-07,1.787530479191446e-08,5.471322950256763e-08
2014-09-24,3.731222022906877e-05,3.3805201383074746e-05,2.865260830731131e-05,4.487235491978936e-05,4.11706387239974e-05,3.592565917642787e-05
2014-09-25,9.610775305191055e-05,9.811096970224753e-05,9.672434680396691e-05,9.883894381346181e-05,0.00010134583135368302,0.00010109787399414927
2014-09-26,0.00010012357233790681,0.00010498924530111253,0.0001083316165022552,9.180716006085277e-05,9.632891305955127e-05,0.00010015907173510641
2014-09-27,4.716578405350447e-05,5.1960902055725455e-05,5.468314702739008e-05,3.9309452404268086e-05,4.349548544269055e-05,4.5617307478096336e-05
2014-09-28,8.786815669736825e-06,9.11994357011281e-06,7.305884082597913e-06,9.917691386363003e-06,1.0192853551416192e-05,8.112808245641645e-06
2014-09-29,0.0,0.0,0.0,0.0,0.0,0.0
2014-09-30,0.0,0.0,0.0,0.0,0.0,0.0
2014-10-01,2.9880118745495565e-05,2.4914721507229842e-05,2.1857316824025474e-05,4.316392369219102e-05,3.707345967995934e-05,3.215567267034203e-05
2014-10-02,6.360612314892933e-05,6.55505500617437e-05,7.504207314923406e-05,7.512553565902635e-05,7.376092980848625e-05,7.898018520791084e-05
2014-10-03,0.0,0.0,0.0,0.0,0.0,0.0
2014-10-04,0.0,0.0,0.0,0.0,0.0,0.0
2014-10-05,0.0002041620755335316,0.00018674602324608713,0.00017561711138114333,0.00018478929996490479,0.0001654174702707678,0.00015231056022457778
2014-10-06,5.7989454944618046e-05,6.263606337597594e-05,6.597594619961455e-05,5.353740925784223e-05,5.597871859208681e-05,5.715956285712309e-05
2014-10-07,0.0,0.0,0.0,0.0,0.0,0.0
2014-10-08,1.2486566447478253e-06,3.0891621349837806e-07,8.192620271074702e-07,8.337915460288059e-07,2.2489722084628738e-07,6.022945626682485e-07
2014-10-09,0.0,0.0,0.0,0.0,0.0,0.0
2014-10-10,0.0,0.0,0.0,0.0,0.0,0.0
2014-10-11,0.0,0.0,0.0,0.0,0.0,0.0
2014-10-12,0.0,0.0,0.0,0.0,0.0,0.0
2014-10-13,0.0,0.0,0.0,0.0,0.0,0.0
2014-10-14,0.0,0.0,0.0,0.0,0.0,0.0
2014-10-15,0.0,0.0,0.0,0.0,0.0,0.0
2014-10-16,2.7779326046584174e-05,2.515603591746185e-05,2.2052970962249674e-05,2.8446351279853843e-05,2.597672209958546e-05,2.3330048861680552e-05
2014-10-17,5.915709948567383e-07,0.0,0.0,3.9591284917150915e-07,0.0,0.0
2014-10-18,2.8915635539306095e-06,2.5105991880991496e-06,2.445459358568769e-06,3.76445245819923e-06,2.9794593956466997e-06,2.6984412215824705e-06
2014-10-19,9.52275368035771e-05,9.531794057693332e-05,9.029230568557978e-05,8.540492854081094e-05,8.476070070173591e-05,8.103041909635067e-05
2014-10-20,0.00023513854830525815,0.00023928018345031887,0.00023770661209709942,0.00020365639647934586,0.00020759379549417645,0.00020950431644450873
2014-10-21,4.401137994136661e-05,4.8079495172714815e-05,5.1068134780507535e-05,3.350685801706277e-05,3.652957093436271e-05,3.8787602534284815e-05
2014-10-22,0.00011484997230581939,0.00013659438991453499,0.00016180338570848107,9.238960046786815e-05,0.0001096584674087353,0.00013034732546657324
2014-10-23,0.0,0.0,0.0,0.0,0.0,0.0
2014-10-24,0.0,0.0,0.0,0.0,0.0,0.0
2014-10-25,0.0,0.0,0.0,0.0,0.0,0.0
2014-10-26,7.763667963445187e-05,7.357518916251138e-05,6.847198528703302e-05,9.053133544512093e-05,8.459523087367415e-05,7.816552533768117e-05
2014-10-27,3.5662487789522856e-05,3.954855856136419e-05,4.2295603634556755e-05,3.341045157867484e-05,3.761347761610523e-05,4.191675179754384e-05
2014-10-28,1.1685822300933069e-06,9.558116289554164e-07,7.606321901221236e-07,2.731381073317607e-06,2.205093778684386e-06,1.7456421801398392e-06
2014-10-29,5.500330007635057e-05,5.461336695589125e-05,5.3957865020493045e-05,5.238482481217943e-05,5.21143083460629e-05,5.180819789529778e-05
2014-10-30,7.477669896616135e-06,5.817019427922787e-06,4.631620868167374e-06,5.1073275244561955e-06,3.848360847769072e-06,3.04793593386421e-06
2014-10-31,0.0007403310155496001,0.0007857162854634225,0.0008145973552018404,0.0006784963770769536,0.0007168061565607786,0.0007500752108171582
2014-11-01,4.213918145978823e-06,4.906833964923862e-06,5.3853887038712855e-06,8.535152119293343e-06,9.785720976651646e-06,1.0740527613961603e-05
2014-11-02,0.0,0.0,0.0,0.0,0.0,0.0
2014-11-03,4.125001851207344e-06,0.0,0.0,6.23350751993712e-06,0.0,0.0
2014-11-04,4.978715514880605e-05,5.071555278846063e-05,4.9223232053918764e-05,5.424060873338021e-05,5.5329677707049996e-05,5.24352362845093e-05
2014-11-05,0.0,0.0,0.0,0.0,0.0,0.0
2014-11-06,0.0,0.0,0.0,0.0,0.0,0.0
2014-11-07,5.247057455193271e-09,5.462727603600115e-09,4.360442673601028e-09,1.2270774618627911e-08,1.2574324692593564e-08,9.982256798934941e-09
2014-11-08,7.271841604961082e-05,7.280707359313965e-05,7.097988418536261e-05,7.365424244198948e-05,7.1961127105169e-05,6.882665184093639e-05
2014-11-09,3.5519849461707054e-06,6.067013600841165e-06,1.0294315870851278e-05,2.3884510937932646e-06,4.284977421775693e-06,7.604547135997564e-06
2014-11-10,0.0,0.0,0.0,0.0,0.0,0.0
2014-11-11,3.0480981649816385e-07,3.476619099274103e-07,4.433010474258481e-07,7.127663366190973e-07,7.571493938485219e-07,8.841995509101253e-07
2014-11-12,1.7231996025657281e-06,6.286130656008027e-07,7.838753504074703e-07,1.4581727327822591e-06,4.338938595083164e-07,5.735045078836265e-07
2014-11-13,3.9018192182993516e-05,3.813810326391831e-05,3.634289896581322e-05,4.669352347264066e-05,4.516128683462739e-05,4.228160105412826e-05
2014-11-14,2.7654268706100993e-05,2.4716397092561238e-05,2.1483831005753018e-05,3.711076351464726e-05,3.359384209034033e-05,2.956954631372355e-05
2014-11-15,0.0001308793289354071,0.00013989701983518898,0.00014798527990933508,0.00013217891682870686,0.0001400427136104554,0.00014801272482145578
2014-11-16,8.068833267316222e-06,7.690369784540962e-06,6.513424523291178e-06,1.0222522178082727e-05,9.688944373920094e-06,8.481288205075543e-06
2014-11-17,0.0,0.0,0.0,0.0,0.0,0.0
2014-11-18,1.2999348655284848e-05,1.3181976100895554e-05,1.3541169209929649e-05,1.3168178156774957e-05,1.2595873158716131e-05,1.2559168681036681e-05
2014-11-19,1.8609520338941365e-05,1.869125298981089e-05,1.7842996385297738e-05,1.749838156683836e-05,1.716123369988054e-05,1.6810407032608055e-05
2014-11-20,2.2478779726498033e-07,2.511991965548077e-07,2.3776942725817207e-07,5.252890105111874e-07,5.760994099546224e-07,5.423070206234115e-07
2014-11-21,0.0,0.0,0.0,0.0,0.0,0.0
2014-11-22,0.0,0.0,0.0,0.0,0.0,0.0
2014-11-23,2.6474699552636594e-06,1.4546928923664382e-06,1.2640516615647357e-06,3.0452304145001108e-06,1.8076354990625987e-06,1.5061391422932502e-06
2014-11-24,8.03300008556107e-06,7.670509148738347e-06,6.159988970466657e-06,7.742818525002804e-06,7.027455922070658e-06,5.612749191641342e-06
2014-11-25,0.00010045446106232703,0.00011328173422953114,0.000123976482427679,8.75039622769691e-05,9.7801057563629e-05,0.00010830564133357257
2014-11-26,0.0,0.0,0.0,0.0,0.0,0.0
2014-11-27,2.3787198699665169e-07,0.0,0.0,5.554242079597316e-07,0.0,0.0
2014-11-28,6.252047751331702e-05,6.091882460168563e-05,5.957027315162122e-05,8.549890480935574e-05,8.385279943468049e-05,8.256060391431674e-05
2014-11-29,9.592408605385572e-05,9.911798406392336e-05,9.902867896016687e-05,8.826110570225865e-05,9.118481102632359e-05,9.248328569810838e-05
2014-11-30,2.055099002973293e-06,2.2024510144547094e-06,1.868064373411471e-06,1.3760637784798746e-06,1.4729115491718403e-06,1.3043076023677713e-06
2014-12-01,0.0,0.0,0.0,0.0,0.0,0.0
2014-12-02,1.9073509974987246e-05,1.6024769138311967e-05,1.290282034460688e-05,1.2768310625688173e-05,1.0511968866921961e-05,8.418319339398295e-06
2014-12-03,0.00022000960598234087,0.00024256578763015568,0.0002635002019815147,0.00018294989422429353,0.00019661927944980562,0.00021192101121414453
2014-12-04,1.7092563211917877e-05,1.655366395425517e-05,1.4589128113584593e-05,2.4804769054753706e-05,2.3667576897423714e-05,2.147985105693806e-05
2014-12-05,0.0,0.0,0.0,0.0,0.0,0.0
2014-12-06,0.0,0.0,0.0,0.0,0.0,0.0
2014-12-07,0.0,0.0,0.0,0.0,0.0,0.0
2014-12-08,3.5889274840883445e-06,2.8083100005460437e-06,2.4115088308462873e-06,7.5648626989277545e-06,6.4151122387556825e-06,5.479102583194617e-06
2014-12-09,0.0,0.0,0.0,0.0,0.0,0.0
2014-12-10,0.0,0.0,0.0,0.0,0.0,0.0
2014-12-11,0.0,0.0,0.0,0.0,0.0,0.0
2014-12-12,0.0,0.0,0.0,0.0,0.0,0.0
2014-12-13,4.382383849588223e-06,3.2877242119866423e-06,3.141544993923162e-06,7.903814548626542e-06,6.885603852424538e-06,6.6353486545267515e-06
2014-12-14,1.6907722965697758e-05,1.677169530012179e-05,1.6345475160051137e-05,1.7738950191414915e-05,1.7239492080989294e-05,1.685961069597397e-05
2014-12-15,0.0,0.0,0.0,0.0,0.0,0.0
2014-12-16,6.6522229644760955e-06,6.508216756628826e-06,5.82466464038589e-06,9.277383469452616e-06,8.885929673851933e-06,8.182366400433239e-06
2014-12-17,0.0,2.7138977287677335e-08,8.462077971671533e-08,0.0,6.193591417513744e-08,1.9207975299195823e-07
2014-12-18,0.0,0.0,0.0,0.0,0.0,0.0
2014-12-19,0.00020981687703169882,0.0002336156030651182,0.000253351783612743,0.00019952654838562012,0.00021988849039189517,0.00024183682398870587
2014-12-20,6.391088049895188e-07,6.632361078118265e-07,5.5138553989309e-07,1.4892525541654322e-06,1.5133920214793761e-06,1.2513661431512446e-06
2014-12-21,2.1849628772940832e-09,0.0,0.0,5.091286947589424e-09,0.0,0.0
2014-12-22,5.669641723216046e-06,5.328754923539236e-06,5.063133812654996e-06,7.374034794338513e-06,6.763990768376971e-06,6.1520190683950204e-06
2014-12-23,4.414276554598473e-05,4.6577875764342025e-05,4.843913120566867e-05,4.690177593147382e-05,4.8775411414681e-05,5.062564741820097e-05
2014-12-24,3.75866329704877e-06,3.7118634281796403e-06,3.926218596461695e-06,8.267678822448943e-06,8.2717606346705e-06,8.296465239254758e-06
2014-12-25,5.943678047515277e-07,4.7171101869025733e-07,3.83398685244174e-07,1.3849411288902047e-06,1.0762747706394293e-06,8.699997238181822e-07
2014-12-26,0.0,6.064950208717335e-10,1.8943790980330277e-09,0.0,1.3838132861820895e-09,4.29865432138854e-09
2014-12-27,1.2325896250331425e-06,1.3106099459037068e-06,1.0697464176701033e-06,2.643789684952935e-06,2.7532664717000443e-06,2.2364190499502e-06
2014-12-28,0.0,0.0,0.0,0.0,0.0,0.0
2014-12-29,0.0,0.0,0.0,0.0,0.0,0.0
2014-12-30,0.0,0.0,0.0,0.0,0.0,0.0
2014-12-31,1.5023599189589731e-05,1.3344324543140829e-05,1.0814184861374088e-05,1.0044309419754427e-05,8.735549272387289e-06,7.039941465336597e-06
