,"(42.125, -75.125)","(42.125, -74.875)","(42.125, -74.625)","(42.375, -75.125)","(42.375, -74.875)","(42.375, -74.625)"
1990-01-01,105.45382,104.33961,101.59265,103.998985,103.168045,100.80846
1990-01-02,106.29054,106.22881,106.35299,104.00744,104.11438,104.64137
1990-01-03,108.99502,108.06683,106.981445,107.0454,106.478806,106.08371
1990-01-04,110.98213,110.017715,108.64184,108.6051,107.76206,106.69972
1990-01-05,120.30348,119.387856,118.30704,119.37823,118.423035,117.17321
1990-01-06,122.979965,121.81548,120.349266,122.57563,121.36858,119.73107
1990-01-07,108.196175,107.47056,106.598206,107.562416,106.88879,105.97584
1990-01-08,80.1186,79.10285,77.27228,80.880585,80.12617,78.5091
1990-01-09,45.8459,45.412533,45.37032,45.898556,45.42552,45.40168
1990-01-10,80.58469,80.08554,79.36725,78.7197,78.250435,77.541046
1990-01-11,92.39114,92.328255,91.40841,91.90026,91.972534,90.93774
1990-01-12,103.80044,102.08854,100.07227,100.02016,98.66145,97.49969
1990-01-13,104.29284,103.559296,102.1077,102.2375,101.41782,99.99447
1990-01-14,104.79398,102.84112,101.381516,104.52285,102.88213,101.89179
1990-01-15,68.69075,68.64178,68.38588,65.839874,65.19328,64.30875
1990-01-16,130.37851,129.11461,126.68973,133.46626,132.65688,130.38086
1990-01-17,101.82849,101.32965,100.03937,102.19007,101.77991,100.66996
1990-01-18,70.36701,70.38897,70.37444,69.42509,69.05146,68.45414
1990-01-19,78.118866,75.989174,72.21256,78.9887,77.11737,73.50345
1990-01-20,97.62758,98.64854,98.629105,96.41042,97.4099,97.49538
1990-01-21,61.780186,60.342827,58.900185,65.108025,63.704235,62.21752
1990-01-22,111.85026,110.733536,108.79475,112.31358,111.155426,108.84709
1990-01-23,118.885056,118.749695,119.103806,121.223,120.91876,120.73267
1990-01-24,90.99139,91.75157,92.81619,86.38069,87.38934,89.299065
1990-01-25,58.860706,58.599304,57.463474,58.876335,58.82087,57.909573
1990-01-26,55.48697,54.279114,52.472675,55.55067,54.423725,52.768204
1990-01-27,133.51886,131.85619,128.85834,134.58223,133.12439,130.02475
1990-01-28,125.49335,124.85569,125.441124,121.714516,120.913864,121.90653
1990-01-29,152.58328,151.80693,150.39157,151.43239,150.84286,149.50987
1990-01-30,132.43742,129.89116,125.57597,137.04268,134.19687,128.89223
1990-01-31,145.79192,145.26236,143.75668,143.89731,143.48853,142.20168
1990-02-01,134.18166,132.35645,130.63464,130.09273,128.30087,126.711945
1990-02-02,73.813965,74.13805,74.109795,71.82901,71.76154,71.09829
1990-02-03,98.79913,94.89376,90.528076,101.23334,97.38166,93.27359
1990-02-04,98.30043,95.35689,92.66109,102.979195,99.97385,97.41651
1990-02-05,147.62167,146.06323,144.62877,148.57608,146.82495,144.41737
1990-02-06,131.74132,130.21092,128.36511,131.95946,130.30919,128.33508
1990-02-07,131.2451,131.73634,131.41737,129.1108,129.67221,129.36092
1990-02-08,160.16121,159.61917,157.99837,157.81656,157.2522,155.96931
1990-02-09,158.01515,156.54591,155.69513,155.10493,153.85556,153.43274
1990-02-10,122.04682,119.085785,115.70077,118.997215,115.876144,112.71445
1990-02-11,169.41096,167.7473,165.74718,168.33208,167.08759,165.78697
1990-02-12,127.583595,127.38284,126.83643,126.822075,126.79062,126.49821
1990-02-13,80.552864,80.19484,80.125824,78.86375,78.299965,77.66163
1990-02-14,148.34229,145.18254,140.8784,149.64223,146.83202,142.82718
1990-02-15,113.82511,113.49623,112.90046,118.43701,118.08213,117.412964
1990-02-16,94.77721,91.30942,87.86899,97.00373,93.562614,90.4269
1990-02-17,183.86955,182.28389,180.97748,181.78223,180.5358,180.01756
1990-02-18,175.74437,173.97296,171.73207,177.60364,175.90733,173.67458
1990-02-19,194.7804,192.86179,190.47002,194.16014,192.3208,189.96123
1990-02-20,123.12479,119.30939,114.37346,121.277245,117.602875,112.858086
1990-02-21,163.80374,162.03485,158.80934,167.65549,165.99649,162.51746
1990-02-22,104.218765,104.77743,105.20525,106.79664,107.53515,108.241486
1990-02-23,161.75137,161.60153,161.21408,157.69144,157.97269,158.25078
1990-02-24,199.65056,199.5165,199.18782,199.3604,199.63155,199.37079
1990-02-25,212.72754,210.02003,206.29675,211.9179,209.92319,207.39722
1990-02-26,201.07352,199.0139,195.37802,200.81715,199.26282,196.1603
1990-02-27,164.27554,163.31134,159.73314,166.00601,165.22636,161.615
1990-02-28,115.807724,112.32071,110.36312,115.14499,111.9917,110.00941
1990-03-01,175.66269,175.19226,175.84477,170.2665,169.85301,170.89099
1990-03-02,85.55581,84.00358,82.26037,86.55431,85.33206,83.92903
1990-03-03,231.02782,229.26205,227.18553,230.58212,228.974,226.83966
1990-03-04,226.0727,225.05086,223.62851,226.09053,224.96593,223.41377
1990-03-05,199.98245,199.1846,197.62738,195.5895,195.07367,193.66566
1990-03-06,155.46733,154.78297,155.06448,159.24104,158.50902,157.8633
1990-03-07,143.26918,137.76303,132.81068,156.16547,150.5447,144.83421
1990-03-08,184.48892,177.90141,168.4428,192.85757,187.17226,177.847
1990-03-09,153.71577,148.761,144.1311,150.46475,145.9239,141.54935
1990-03-10,170.62872,165.6851,162.06752,168.5754,164.01857,160.5762
1990-03-11,204.1592,199.82684,196.00772,202.96082,199.01906,195.52995
1990-03-12,187.5989,183.73576,180.89157,189.57266,185.54414,182.27042
1990-03-13,176.9444,171.22481,164.92862,179.56137,174.12997,167.20152
1990-03-14,178.30748,175.80664,173.75285,194.2119,191.54124,188.54681
1990-03-15,200.48138,197.05168,193.98117,200.72612,197.84077,195.60736
1990-03-16,145.99104,143.28961,139.77505,146.01935,143.69856,139.76314
1990-03-17,225.89906,225.50693,225.73315,222.37779,221.92929,222.39603
1990-03-18,226.86993,226.68181,225.57465,223.53606,223.90619,223.26326
1990-03-19,217.88492,218.13454,217.30917,215.70734,215.71251,214.57286
1990-03-20,260.7277,259.3227,257.15268,259.4931,258.53802,256.57953
1990-03-21,207.97202,205.06764,200.86006,211.72308,209.19278,204.81877
1990-03-22,186.76541,188.63464,190.50636,179.9325,181.89247,184.53976
1990-03-23,233.03639,232.68504,231.01025,228.70445,229.43637,229.0139
1990-03-24,169.59492,170.75668,173.66957,158.88484,160.64537,164.50436
1990-03-25,229.89052,230.42064,229.63977,238.69725,239.72157,237.38364
1990-03-26,145.67778,147.61015,149.12875,146.65782,148.74904,150.28488
1990-03-27,220.19812,219.69283,219.18866,219.18004,218.40802,217.48743
1990-03-28,169.10895,170.35252,174.57487,166.77324,168.48216,173.63744
1990-03-29,208.26437,205.69484,203.83168,201.4957,199.32845,198.25328
1990-03-30,247.65306,244.55759,240.31622,242.42645,239.82523,236.42818
1990-03-31,259.65652,256.46866,253.09402,254.14865,250.85974,247.89357
1990-04-01,232.53474,230.16124,227.54874,231.40892,229.59174,227.54962
1990-04-02,261.66998,261.74225,261.5776,257.27847,257.50052,257.45486
1990-04-03,284.92307,284.1921,282.79126,285.06253,284.25027,282.69278
1990-04-04,128.40622,129.03072,129.43066,130.20961,130.78584,130.60852
1990-04-05,161.65863,159.84055,157.68294,163.26326,161.33432,158.4828
1990-04-06,139.08865,130.1666,125.25585,141.20132,131.79181,127.05755
1990-04-07,221.57741,225.18997,226.76497,215.89471,219.71194,221.50949
1990-04-08,148.95222,147.52525,145.74367,151.02338,149.56735,147.5708
1990-04-09,146.35248,143.17805,139.87039,150.03835,147.18384,144.10411
1990-04-10,198.83427,198.57437,196.71367,195.17233,194.80505,192.86746
1990-04-11,208.6838,211.9826,213.89453,202.94139,206.35167,208.95163
1990-04-12,244.9372,244.73616,244.07489,245.50357,245.4782,244.33142
1990-04-13,200.71301,204.82127,210.83487,198.85101,202.89476,209.99356
1990-04-14,180.0571,181.54199,182.51825,190.98465,192.31195,193.17723
1990-04-15,94.02372,91.32711,88.546646,94.05852,91.31822,88.963905
1990-04-16,237.26758,231.23283,224.58746,235.39667,229.08057,223.0285
1990-04-17,302.19376,302.18805,301.29797,302.65552,302.50833,301.91626
1990-04-18,243.81213,244.37752,244.0764,253.59395,253.7258,253.29185
1990-04-19,287.943,286.4986,283.71643,286.95163,285.5897,283.3403
1990-04-20,289.09918,288.03122,286.04272,289.11508,287.8299,286.14334
1990-04-21,275.00262,273.81366,270.86115,275.0137,273.92493,271.63098
1990-04-22,303.94852,302.85596,301.55762,304.98322,303.75125,303.02866
1990-04-23,266.55634,264.88605,263.67294,266.46774,264.44702,263.5498
1990-04-24,238.6912,239.00424,236.07333,230.95201,231.40079,229.03818
1990-04-25,289.93143,286.29388,279.96143,289.34747,285.77057,280.47278
1990-04-26,198.38597,202.19455,209.77179,188.23947,192.11633,201.43465
1990-04-27,279.6638,274.63336,267.27194,272.93463,267.63828,261.46313
1990-04-28,240.57355,242.3952,244.17636,241.96068,243.4604,245.71114
1990-04-29,290.52036,287.6419,283.67804,287.02603,283.36664,279.85712
1990-04-30,276.07498,273.03198,268.56985,286.1708,282.56354,277.93906
1990-05-01,294.72495,294.0573,294.0194,294.0761,293.15796,293.5387
1990-05-02,180.76329,183.77786,186.77156,178.64159,181.20045,184.29189
1990-05-03,190.68755,192.86284,195.08214,186.55139,188.81723,191.88657
1990-05-04,193.79572,188.7752,182.75284,187.43275,182.58012,177.009
1990-05-05,224.57808,227.5384,228.5482,221.93196,224.25761,224.71619
1990-05-06,186.84279,181.82115,175.93425,190.95274,185.89142,180.91875
1990-05-07,233.11667,230.09111,226.15831,242.59273,240.41019,236.9539
1990-05-08,215.20505,212.11066,209.09271,221.71655,218.30869,215.33199
1990-05-09,241.95782,238.58513,234.64035,250.07228,245.96196,242.71652
1990-05-10,289.08838,284.30307,277.58075,290.8608,285.75317,280.1664
1990-05-11,278.8371,275.6758,272.45447,280.36526,277.2874,275.5876
1990-05-12,254.43042,252.55862,250.32596,239.11728,236.95769,235.90639
1990-05-13,219.32318,214.07114,205.95447,216.29167,211.09354,204.35927
1990-05-14,210.18016,202.0037,196.21632,209.95633,201.44409,196.1135
1990-05-15,195.13672,192.41191,188.65819,195.66986,192.52081,189.23236
1990-05-16,285.02734,281.25064,276.15906,292.96515,288.9342,284.3733
1990-05-17,296.5434,291.45523,283.32376,316.3509,311.0004,303.53345
1990-05-18,310.61835,307.67157,304.54764,323.077,320.82834,319.60556
1990-05-19,188.30531,191.874,196.76224,191.78368,195.43593,201.17342
1990-05-20,272.29642,271.46994,269.66394,285.9854,284.0822,282.53757
1990-05-21,368.0775,368.07187,365.62485,368.46796,367.67303,365.86288
1990-05-22,355.15536,356.44485,356.28564,361.02094,361.67468,361.824
1990-05-23,244.29088,246.07529,247.1311,243.04791,244.08682,245.39014
1990-05-24,211.35623,207.86995,202.35814,219.69037,216.85936,212.76273
1990-05-25,287.99432,287.44675,287.9026,287.2558,286.08594,287.73578
1990-05-26,306.34192,309.18762,309.18893,312.91476,315.42667,315.86636
1990-05-27,168.24617,172.01445,178.60535,171.99942,175.10742,181.35168
1990-05-28,270.52673,270.99954,270.6694,274.92618,275.03754,275.66165
1990-05-29,356.25348,356.99872,356.23566,366.02655,366.01282,365.41632
1990-05-30,355.02258,355.34213,355.16403,362.97607,362.8377,362.97266
1990-05-31,312.07574,314.02887,317.21118,311.9902,312.91492,315.46973
1990-06-01,266.8951,269.07883,273.12592,268.21646,269.8655,274.4315
1990-06-02,315.19864,315.10532,306.85654,310.87433,310.8076,305.0826
1990-06-03,256.13144,256.11105,258.5721,265.74286,265.5864,267.70657
1990-06-04,300.13034,298.33444,296.52927,297.43118,293.80597,291.33188
1990-06-05,310.66864,310.04962,306.3636,311.76675,310.41837,306.55768
1990-06-06,270.39575,268.49384,265.91898,270.7127,268.99265,267.9079
1990-06-07,259.14645,257.0695,256.00568,256.7105,254.21136,253.42975
1990-06-08,335.6943,336.58194,336.62164,338.1653,338.42987,338.52496
1990-06-09,345.20844,344.9023,342.64523,347.61255,346.90753,345.24753
1990-06-10,337.00552,337.95862,338.9213,330.93863,331.921,334.10614
1990-06-11,380.88507,381.95535,381.69528,382.5736,382.9648,382.77457
1990-06-12,181.29076,183.86081,188.4214,176.24664,177.97646,182.45016
1990-06-13,358.93625,356.70944,352.03775,363.07022,361.1014,357.67297
1990-06-14,324.6285,325.83884,323.11252,324.1284,325.9045,324.46393
1990-06-15,368.18192,367.1887,363.35492,369.25488,367.92474,364.387
1990-06-16,380.3119,379.553,376.8697,381.33264,379.95868,377.07922
1990-06-17,377.06122,377.68237,376.74014,376.9097,376.9523,375.75684
1990-06-18,344.07693,344.89404,343.95352,339.855,340.4851,339.57434
1990-06-19,241.95747,244.11035,245.46791,236.21565,238.19203,239.67085
1990-06-20,321.71466,323.08667,319.485,312.7709,314.40414,309.85458
1990-06-21,333.88348,332.42538,329.44684,327.902,325.6979,321.85153
1990-06-22,259.47308,262.60553,266.17676,251.30946,254.47412,258.43655
1990-06-23,221.79178,221.24118,219.02156,209.50432,209.30594,207.89882
1990-06-24,210.51218,210.94778,212.48515,210.3587,210.60234,212.38243
1990-06-25,208.21811,205.70406,202.3061,203.26384,201.34496,199.71495
1990-06-26,303.3777,304.97998,303.1873,296.07327,298.08142,295.80368
1990-06-27,275.9595,282.76004,290.57828,279.63925,286.25903,292.68417
1990-06-28,331.42026,333.94043,335.89487,329.8435,332.71127,333.93683
1990-06-29,335.19263,336.1873,337.68057,333.58405,334.45126,335.19342
1990-06-30,336.89935,337.35068,336.81726,335.2389,335.55066,334.5667
1990-07-01,318.445,321.0105,323.65375,317.68176,318.94293,321.48187
1990-07-02,314.79706,315.56177,315.9898,318.55612,318.8555,317.65805
1990-07-03,301.98642,303.94913,304.8741,302.5986,304.38986,304.32257
1990-07-04,253.4978,257.972,263.70465,244.14822,248.66957,254.79898
1990-07-05,260.35895,253.06567,247.0068,265.94717,257.64508,250.6695
1990-07-06,281.2087,275.51898,272.33298,299.53943,293.76895,289.31677
1990-07-07,283.28412,277.26715,271.40433,299.2988,293.7425,286.6838
1990-07-08,263.8414,262.70016,261.90112,267.2922,266.3828,265.41983
1990-07-09,250.48154,250.138,250.30801,249.8644,249.95044,249.94827
1990-07-10,248.9505,252.06076,255.26332,250.70009,254.33066,257.37433
1990-07-11,297.4573,299.79398,301.13086,294.1591,296.49216,297.2646
1990-07-12,282.58514,284.4269,285.3824,286.78955,288.81805,288.57977
1990-07-13,270.0519,270.77884,271.87314,262.72852,263.88974,264.9372
1990-07-14,267.29968,270.96558,276.19553,256.0481,259.53928,264.90466
1990-07-15,221.65529,224.28088,227.68938,218.07564,219.8245,222.05177
1990-07-16,233.46263,236.65771,240.75677,238.674,241.7343,245.14748
1990-07-17,285.197,287.14926,290.7815,282.86658,284.41864,287.9257
1990-07-18,251.72513,250.14793,252.58768,247.40865,245.81392,247.83098
1990-07-19,276.0232,275.4653,279.50873,268.87814,268.15732,272.27142
1990-07-20,230.65118,234.27977,237.78484,221.98999,225.63382,228.52554
1990-07-21,247.61218,249.79482,253.22485,238.54427,240.74284,243.5815
1990-07-22,260.3734,262.33966,263.94788,267.0677,268.74072,269.10538
1990-07-23,248.36392,256.32828,264.41992,241.04956,248.5534,256.02698
1990-07-24,299.0299,304.54108,303.83618,298.0675,304.07623,302.33527
1990-07-25,278.8845,281.83047,280.2334,285.4777,290.36514,287.5429
1990-07-26,314.50284,315.36282,316.52008,311.60406,312.71667,313.48468
1990-07-27,303.30945,302.5094,302.49295,307.50095,306.79642,305.7534
1990-07-28,226.63348,227.2791,228.81506,207.85902,208.64346,210.51195
1990-07-29,224.58363,226.35217,229.6086,224.50237,226.39436,229.74838
1990-07-30,276.25854,273.84692,269.8259,284.3643,282.18958,277.22266
1990-07-31,239.1563,234.09502,229.68568,240.78755,235.67232,230.09079
1990-08-01,222.03194,218.95352,217.40836,229.79868,226.22385,223.98866
1990-08-02,294.28888,288.72403,279.86105,304.17834,298.5238,287.94012
1990-08-03,315.03616,313.6369,311.17175,318.5911,317.75653,315.68417
1990-08-04,300.59845,301.79547,301.58884,302.40887,304.22568,304.15067
1990-08-05,274.5093,275.35114,274.98447,275.38245,276.6668,276.0951
1990-08-06,202.4321,204.29898,205.8943,198.45981,201.08743,203.41437
1990-08-07,290.77902,287.3135,281.1895,295.5893,292.0671,284.9643
1990-08-08,282.63812,284.1986,286.56882,276.91504,278.64832,281.28336
1990-08-09,293.2887,292.82916,293.02588,292.8605,292.22043,292.01675
1990-08-10,247.37451,251.22371,251.67287,239.4021,242.7769,242.32637
1990-08-11,265.813,269.57602,272.0313,261.66245,266.04977,268.266
1990-08-12,172.78688,176.9966,184.96646,167.75351,171.44283,178.77277
1990-08-13,221.01584,219.7281,218.9645,230.11954,228.78198,226.99915
1990-08-14,230.84486,227.03647,225.68933,238.30605,234.23666,232.27226
1990-08-15,258.3534,256.9626,254.09842,265.87143,264.8816,261.48807
1990-08-16,248.81334,248.17941,245.68985,249.06544,248.98238,246.84268
1990-08-17,220.7878,221.38509,221.41808,217.41536,218.55606,219.56444
1990-08-18,196.87456,196.86116,194.65146,201.91559,202.869,200.6197
1990-08-19,225.15163,225.19814,221.16133,218.31071,219.41481,216.03557
1990-08-20,247.96716,247.49097,244.04427,262.9693,262.86075,259.05844
1990-08-21,186.69766,183.36183,180.95139,191.9859,187.71643,183.89902
1990-08-22,197.02795,194.6421,192.12576,198.55763,195.69913,193.01201
1990-08-23,212.92564,211.72331,211.27296,222.3344,220.81653,219.63673
1990-08-24,260.5191,258.7306,256.06818,260.704,258.99557,256.80988
1990-08-25,274.96854,274.06143,272.60693,273.90286,272.85413,271.36896
1990-08-26,265.94315,266.0618,264.66968,266.297,265.96252,264.36084
1990-08-27,251.6822,252.15172,251.3878,251.93503,252.35226,251.39264
1990-08-28,229.3574,230.27928,230.53366,226.08351,227.17151,228.15994
1990-08-29,242.14986,241.21033,238.05766,241.58388,241.08365,237.95236
1990-08-30,250.7387,249.49625,247.87904,247.74957,246.28777,244.42801
1990-08-31,234.52228,233.46124,233.80847,232.53734,231.07826,230.7977
1990-09-01,238.96443,239.81516,240.67232,232.5325,233.43947,234.68977
1990-09-02,247.27237,245.19008,241.53912,246.8069,244.37193,240.15022
1990-09-03,207.47693,204.75679,204.7677,209.82877,205.69173,204.2752
1990-09-04,154.1583,154.56686,157.20686,161.02972,160.4912,162.12186
1990-09-05,189.13669,189.7834,187.93127,185.86633,186.692,185.18365
1990-09-06,242.1787,243.96411,246.32431,233.79654,236.27011,239.74216
1990-09-07,259.22034,259.6945,258.9871,256.37512,257.21048,256.8561
1990-09-08,230.37679,231.01236,230.94719,226.9667,227.71346,227.68707
1990-09-09,243.76723,243.21591,242.41753,246.12949,245.1401,244.03462
1990-09-10,249.72336,247.30904,243.75827,249.8514,247.27869,243.64438
1990-09-11,226.81555,225.90012,221.44398,229.50557,227.24458,221.93188
1990-09-12,213.0334,212.34923,213.6299,209.64726,208.855,210.24152
1990-09-13,210.66052,209.18341,209.2587,205.9896,204.27676,204.68507
1990-09-14,201.24583,201.04355,199.55606,198.24706,197.8568,196.41983
1990-09-15,256.26205,254.87776,253.28333,255.495,254.14276,252.83276
1990-09-16,237.89561,237.20808,236.79478,242.97333,241.95789,241.02452
1990-09-17,207.87617,206.72856,206.07382,213.83957,212.55983,211.22037
1990-09-18,185.89342,186.35107,183.79294,188.5754,189.35492,186.92667
1990-09-19,187.78046,189.22513,186.80284,183.48969,185.25743,183.1921
1990-09-20,246.51036,245.00041,243.28697,245.45998,244.002,242.66368
1990-09-21,241.54276,240.34521,238.56577,241.04994,239.80159,238.15631
1990-09-22,176.9386,178.92339,178.19553,171.64677,173.27724,173.34883
1990-09-23,165.81279,166.63571,167.08978,162.61607,163.1075,163.32545
1990-09-24,169.77669,165.35472,160.6503,175.34773,169.78642,163.70961
1990-09-25,226.99483,226.07133,224.34366,226.87743,226.02754,224.36023
1990-09-26,226.63603,224.79836,221.97949,226.89828,225.26178,222.87794
1990-09-27,226.06084,225.69553,224.20154,226.23175,225.75758,224.33289
1990-09-28,213.93758,212.09471,210.46725,210.2084,208.51479,207.24655
1990-09-29,229.64734,228.05937,225.83415,228.79076,227.1907,224.9886
1990-09-30,199.50923,198.01549,197.15662,196.0527,194.63477,193.92357
1990-10-01,159.75456,154.41193,149.90913,156.77522,150.89354,145.62059
1990-10-02,201.17278,196.2195,187.42381,200.94481,196.07062,187.15193
1990-10-03,96.06585,96.63343,99.063576,99.44112,100.58749,103.28593
1990-10-04,100.68796,100.079,108.07734,98.461876,98.28362,107.00284
1990-10-05,155.11415,154.96289,156.16243,148.22908,148.68388,150.39192
1990-10-06,131.64157,129.83553,127.36558,124.29171,122.4268,120.232315
1990-10-07,141.36371,141.32343,142.4186,136.12508,136.84679,139.20909
1990-10-08,171.23814,170.27391,167.78252,166.3602,165.77953,164.16629
1990-10-09,131.63101,129.33763,127.24056,128.98425,126.63761,124.54557
1990-10-10,143.62163,140.2858,135.70547,147.5384,144.69814,140.23799
1990-10-11,187.85692,186.47897,183.4799,187.71013,187.31645,185.45572
1990-10-12,201.55759,199.20625,195.69344,201.90508,200.13176,197.56598
1990-10-13,194.20816,193.54617,192.27325,193.06236,192.67465,191.7407
1990-10-14,150.68765,150.50859,149.60641,154.6322,153.93857,152.82492
1990-10-15,158.52501,158.24605,157.92422,155.44708,155.40384,155.57997
1990-10-16,110.29411,110.144066,110.77711,106.73417,106.48094,106.96249
1990-10-17,144.32385,145.79951,146.87032,141.29178,143.0417,143.55913
1990-10-18,110.28543,111.51969,113.88244,100.14231,101.45396,104.470024
1990-10-19,140.81758,135.80237,129.2023,140.13913,135.36232,128.91545
1990-10-20,160.66388,160.77866,160.64598,154.41197,155.00162,155.92801
1990-10-21,90.37752,89.95887,89.20883,89.63428,89.75265,89.45421
1990-10-22,131.55946,130.19125,126.267,126.92067,125.49253,121.36448
1990-10-23,134.87257,136.99956,140.65535,128.5391,130.64442,135.00508
1990-10-24,154.76923,153.77203,153.30789,150.5,149.41397,149.02147
1990-10-25,156.7085,154.97731,153.96326,153.08272,151.65585,151.04236
1990-10-26,170.51567,169.18669,167.70499,169.55424,168.26913,166.86676
1990-10-27,129.92007,127.24167,123.80897,130.84996,128.13579,124.380394
1990-10-28,157.54381,155.14122,151.39487,156.23126,154.10881,150.61288
1990-10-29,158.37813,157.38676,156.5703,157.7886,156.79013,155.83957
1990-10-30,155.29909,154.89319,153.8942,157.09763,156.75499,155.4816
1990-10-31,115.90439,114.58491,111.48961,118.85253,117.34509,113.585396
1990-11-01,159.17903,157.26971,152.91522,157.8117,156.0597,151.8312
1990-11-02,149.9144,151.99878,151.65733,147.88976,150.17448,150.07486
1990-11-03,125.92143,126.802925,129.20456,124.1667,125.09736,127.48895
1990-11-04,128.3902,127.943954,126.8999,126.66174,125.878685,124.474815
1990-11-05,125.51672,125.86895,125.46967,124.71112,125.06146,125.11838
1990-11-06,140.84718,139.02141,136.41399,140.03842,138.25108,135.46913
1990-11-07,143.86446,142.35861,140.69798,140.30841,138.76091,136.9462
1990-11-08,81.142525,83.05402,85.210335,82.61869,84.621506,86.677155
1990-11-09,104.92538,103.72153,103.67221,101.43594,99.99973,99.808365
1990-11-10,71.869484,74.1862,77.7862,67.757675,69.959114,73.963646
1990-11-11,120.58354,121.168686,121.7843,116.57519,117.0286,117.562096
1990-11-12,152.59999,150.89691,148.66008,151.77477,150.08841,147.83916
1990-11-13,148.20316,146.5699,144.69347,146.29431,144.59619,142.5789
1990-11-14,136.14165,134.79982,133.68349,132.90839,131.60866,130.6068
1990-11-15,124.89159,124.14644,123.566055,121.55554,121.12657,121.11532
1990-11-16,114.93485,115.607574,116.13408,109.87853,110.80517,111.64047
1990-11-17,109.54039,108.44387,106.49988,109.54203,108.53009,106.872925
1990-11-18,71.38422,70.75514,70.06782,70.25423,69.68614,69.11414
1990-11-19,93.543915,90.110306,85.94094,92.758125,89.58178,85.53153
1990-11-20,95.90955,95.25954,95.37519,92.78601,91.99081,92.01146
1990-11-21,105.93338,105.45055,105.1616,103.32122,103.10609,103.21411
1990-11-22,97.14506,97.56573,99.124,95.134094,96.252464,99.07346
1990-11-23,110.290855,109.63104,110.280014,110.25859,109.53544,110.20516
1990-11-24,95.99057,95.442696,95.02199,93.501236,92.6154,92.251205
1990-11-25,128.65671,127.59139,126.25114,127.32841,126.291756,124.926
1990-11-26,84.51574,84.79108,84.83835,80.82953,81.362465,81.82628
1990-11-27,99.649025,99.09892,97.421844,102.7574,102.47908,100.622925
1990-11-28,63.27165,59.727444,57.04282,62.636147,59.09283,56.607803
1990-11-29,108.775856,106.59679,104.66226,106.603096,104.3883,102.4752
1990-11-30,115.91287,114.94709,113.79809,113.57664,112.591095,111.39815
1990-12-01,102.56289,102.18619,101.95011,100.5849,100.25006,99.98237
1990-12-02,113.67941,112.57918,111.78002,111.99013,110.91126,110.02358
1990-12-03,115.55604,114.106384,112.02604,114.93734,113.692375,111.981834
1990-12-04,98.444534,98.42043,97.364944,98.09976,98.19628,97.34965
1990-12-05,101.2984,99.549576,96.8525,101.374985,99.71092,96.87571
1990-12-06,112.30875,111.54266,110.06174,111.76083,111.034615,109.5323
1990-12-07,108.31277,106.982185,105.42011,107.43769,106.099396,104.36588
1990-12-08,89.05951,87.24022,85.214,89.19038,87.56523,85.47891
1990-12-09,57.607296,56.27444,54.16028,57.52918,56.38139,54.244686
1990-12-10,96.58534,96.068344,94.38393,95.98775,95.38574,93.5966
1990-12-11,74.67071,73.634476,70.815216,71.231026,70.27518,67.48823
1990-12-12,59.595062,59.05238,59.075645,59.091797,58.46641,58.545338
1990-12-13,93.1685,94.22186,93.42033,92.81477,93.86087,92.92767
1990-12-14,94.546616,93.21086,91.84245,92.962036,91.64303,90.43012
1990-12-15,98.975784,99.30504,98.867195,100.024536,100.33805,99.72955
1990-12-16,108.66426,107.29039,105.27899,108.26371,107.20692,105.667786
1990-12-17,84.23581,83.08306,81.23807,86.04027,85.00482,83.09494
1990-12-18,78.25506,76.99194,75.35327,78.89051,77.82287,76.374054
1990-12-19,60.95877,62.03339,63.567566,60.376324,61.83804,64.08456
1990-12-20,44.44455,44.31783,44.084965,45.372486,45.002293,44.41763
1990-12-21,71.98037,69.34699,67.49946,73.038475,70.355484,68.14807
1990-12-22,100.15839,98.724464,96.19013,99.998764,98.91058,96.90679
1990-12-23,104.697754,104.045616,103.14377,103.07616,102.75095,102.273186
1990-12-24,91.19268,90.80367,89.43631,91.55165,91.21386,89.781296
1990-12-25,72.55727,72.32996,71.80354,68.852745,68.65094,68.21878
1990-12-26,50.074287,48.834087,47.40509,49.404743,48.29863,47.0021
1990-12-27,95.06061,92.225174,88.4499,98.80415,96.24651,92.544395
1990-12-28,113.89642,113.06327,112.09673,112.63434,111.787605,110.71911
1990-12-29,102.00348,100.51479,98.64437,102.70981,101.19851,99.13403
1990-12-30,94.21825,92.20335,90.04905,97.537025,95.605194,93.401085
1990-12-31,101.14134,100.50443,99.17388,99.67143,99.10534,97.698
1991-01-01,107.271095,106.67352,105.88732,105.65223,105.15983,104.51353
1991-01-02,104.48158,103.42928,101.296425,104.23809,103.339775,101.4025
1991-01-03,108.2423,107.18625,106.16802,107.28022,106.23525,105.182396
1991-01-04,119.90321,119.61764,118.85422,119.31471,119.03086,118.1834
1991-01-05,66.10459,64.264946,63.395844,63.110424,61.24832,60.22379
1991-01-06,50.822353,50.37643,49.75268,49.590626,49.020725,48.286728
1991-01-07,108.16596,107.956245,108.130905,107.059425,107.12257,107.47364
1991-01-08,120.55272,119.162094,117.44107,119.68852,118.26327,116.39955
1991-01-09,94.48726,94.79965,96.14527,90.98839,91.460365,93.19454
1991-01-10,122.22772,120.70744,118.09155,122.75504,121.52411,119.29313
1991-01-11,95.66031,95.06457,93.586136,93.514824,93.05683,91.61924
1991-01-12,99.264145,98.17455,97.19078,100.49734,99.21529,97.66976
1991-01-13,121.90465,121.08188,120.40541,119.0786,118.42675,118.309784
1991-01-14,120.66694,120.605064,120.265205,117.74305,117.75238,117.59338
1991-01-15,117.64668,118.77066,118.61178,118.601456,119.79849,119.70199
1991-01-16,129.40286,127.32497,123.897,129.23431,127.60114,125.164825
1991-01-17,119.27146,118.95108,117.72129,118.62041,118.36084,117.21137
1991-01-18,124.230965,123.03447,121.20472,124.65975,123.61702,122.04398
1991-01-19,84.851776,85.25305,84.980354,84.250916,84.5852,84.08276
1991-01-20,101.91033,100.5178,98.172905,98.23931,96.805305,94.34524
1991-01-21,142.79785,140.35884,136.84384,141.65804,139.03937,135.28572
1991-01-22,82.098076,82.95393,84.04211,82.787346,83.55743,84.61184
1991-01-23,92.66221,90.52356,87.28918,95.47035,93.25055,89.77209
1991-01-24,145.73726,142.76895,138.37077,144.8853,142.06508,138.0425
1991-01-25,101.41838,100.52212,99.08822,101.039,100.19375,98.93012
1991-01-26,124.57533,121.3237,114.65801,121.17499,117.452965,110.17346
1991-01-27,136.8535,133.68364,130.14616,138.44098,135.52124,132.14667
1991-01-28,145.47682,144.86327,143.9826,143.94713,143.34315,142.57776
1991-01-29,120.71645,121.33248,121.39905,118.201225,119.01635,119.16397
1991-01-30,136.0689,135.29948,132.91837,135.17903,134.69609,132.40385
1991-01-31,60.922333,60.408943,59.781776,59.955715,59.087925,58.296555
1991-02-01,67.03065,66.06034,65.16209,66.86505,65.945854,65.2282
1991-02-02,143.44353,142.48903,139.2293,142.5997,141.53992,138.25221
1991-02-03,125.85856,125.2206,124.894104,122.90044,122.32709,122.86225
1991-02-04,143.05426,141.36894,140.02754,141.35745,139.79564,138.91928
1991-02-05,170.96684,167.54353,160.74998,170.82697,167.68468,161.45447
1991-02-06,138.15553,137.49146,137.60783,135.89975,135.07278,135.48685
1991-02-07,122.69787,122.98026,122.31006,124.199066,124.59926,124.11398
1991-02-08,148.33603,145.93826,144.04955,143.61263,141.31082,139.8543
1991-02-09,164.54817,163.92819,163.13509,162.7291,162.09412,161.4536
1991-02-10,90.51342,88.64987,85.828026,89.41776,87.5086,84.74029
1991-02-11,137.56163,136.17049,134.94022,136.87444,135.00371,133.22237
1991-02-12,130.44237,128.83192,127.14961,135.37448,133.68327,132.02379
1991-02-13,173.6329,172.77501,171.44704,171.32166,170.5516,169.47119
1991-02-14,150.80788,150.75064,150.30255,148.34068,148.26936,147.85962
1991-02-15,166.6594,164.34372,160.9516,165.18669,163.35011,160.78947
1991-02-16,166.90407,166.34607,165.61876,164.4572,164.49722,164.87035
1991-02-17,161.02661,159.07333,157.933,158.00146,156.36365,156.32277
1991-02-18,181.09663,178.22539,175.52509,180.0744,177.17342,174.52888
1991-02-19,164.43309,165.18396,165.51555,170.3812,170.96123,170.9177
1991-02-20,120.08748,121.218475,121.66129,122.472885,123.48226,123.626144
1991-02-21,68.289116,67.35603,66.26712,68.96951,67.896034,66.74314
1991-02-22,159.05013,157.60342,156.66756,155.28386,154.14742,153.8816
1991-02-23,149.91492,147.53743,145.55473,146.92061,144.57417,142.53206
1991-02-24,124.48355,124.600395,124.27679,118.412575,118.930084,119.02041
1991-02-25,128.06767,124.87286,123.461815,125.12909,121.89059,120.47334
1991-02-26,177.04568,173.97789,170.93443,179.63733,176.26479,172.77696
1991-02-27,80.924934,80.16779,78.25825,82.93868,82.44821,80.759285
1991-02-28,212.39122,210.9419,209.34328,211.07544,209.89734,208.56953
1991-03-01,218.45332,216.27657,213.7002,217.39174,215.42508,213.05148
1991-03-02,149.37918,146.36865,143.30298,154.68303,151.30273,147.79874
1991-03-03,179.2358,177.81044,177.07469,172.46681,170.76677,169.79369
1991-03-04,225.59729,224.04341,222.28972,225.1648,223.77538,221.95232
1991-03-05,148.184,146.03539,143.38156,154.17296,151.80954,148.4858
1991-03-06,153.0707,152.61008,153.70667,150.09383,150.08229,151.69765
1991-03-07,214.23688,212.08162,210.32161,212.35606,210.56401,209.16612
1991-03-08,168.86256,170.21144,171.18164,170.65266,171.77841,172.48395
1991-03-09,204.05411,199.71725,194.22685,206.07104,202.00204,195.95363
1991-03-10,116.915955,114.01906,110.54114,119.11717,116.245056,112.76217
1991-03-11,187.05975,187.60663,188.26315,181.27489,182.26195,183.14784
1991-03-12,218.63857,216.02785,213.25613,214.8501,212.5575,210.08286
1991-03-13,246.65639,244.72646,242.83586,246.08478,244.53023,242.96938
1991-03-14,245.61084,243.9155,242.14874,243.80087,242.24211,240.3873
1991-03-15,247.04208,245.4186,243.17287,246.58778,245.2123,242.87465
1991-03-16,219.51581,216.47623,213.38684,221.53334,218.5437,215.14058
1991-03-17,185.36426,182.13223,180.24232,186.46573,182.71556,180.0605
1991-03-18,203.33353,201.83469,198.71747,212.17883,210.25946,205.97824
1991-03-19,219.65704,214.6022,206.6646,218.52022,212.94931,204.0091
1991-03-20,149.92049,146.63965,139.0867,148.34247,144.9616,136.69818
1991-03-21,244.88713,241.34143,237.64177,245.27454,242.27693,238.94089
1991-03-22,215.10342,213.92052,211.66919,217.78427,216.71442,213.83435
1991-03-23,193.5679,193.958,198.02426,181.49272,182.31598,187.50012
1991-03-24,218.9936,218.475,216.37845,217.95279,218.27086,216.91733
1991-03-25,220.92064,219.6967,217.03728,219.04585,218.45152,216.59285
1991-03-26,232.5637,232.1513,231.47289,228.36906,228.20113,228.07774
1991-03-27,102.539406,103.67458,106.16618,103.96822,105.9008,109.42789
1991-03-28,241.18533,239.31477,236.01358,240.11569,238.1167,234.56837
1991-03-29,206.46835,206.47491,207.09308,201.21727,201.11911,202.36407
1991-03-30,232.38527,230.68535,229.08498,229.21901,227.79417,226.55774
1991-03-31,272.7683,272.29822,271.87537,271.93674,271.68985,271.1957
1991-04-01,217.91609,219.02509,220.26689,212.8395,214.07304,215.46057
1991-04-02,191.23413,193.28513,196.47159,182.53743,185.17978,189.1236
1991-04-03,220.14664,216.28563,211.06262,218.62311,214.82616,209.60847
1991-04-04,219.55759,217.55687,217.33978,213.37265,211.61514,211.70425
1991-04-05,269.522,267.55823,264.15717,266.1783,264.26996,261.22903
1991-04-06,255.08878,254.82126,252.73688,256.97147,256.92758,255.01974
1991-04-07,264.53662,264.68597,264.5189,266.35574,266.31226,265.66983
1991-04-08,249.9391,246.90385,242.11711,253.40901,251.07922,247.03094
1991-04-09,251.61404,249.27235,245.53325,253.27515,251.84946,249.14317
1991-04-10,242.91823,241.02081,240.88051,246.29236,244.46756,243.80826
1991-04-11,241.55324,240.91649,239.26918,240.79788,240.5075,239.53339
1991-04-12,168.3995,169.13136,169.47838,167.61043,168.37119,169.0459
1991-04-13,219.50443,218.87547,221.15474,217.25273,216.6612,219.58902
1991-04-14,287.06833,286.20093,283.31006,286.4223,285.3793,282.40887
1991-04-15,130.2228,127.670784,127.18288,133.59993,130.72432,130.07054
1991-04-16,236.90791,237.8779,238.42802,227.85774,228.70432,229.60117
1991-04-17,273.94394,272.68057,272.6966,279.43646,277.81375,277.6322
1991-04-18,293.85886,291.97772,288.8399,295.88257,293.92355,290.95813
1991-04-19,164.47249,166.27498,168.90549,160.18983,161.51328,163.35832
1991-04-20,168.80229,165.01036,160.73514,170.63747,166.41222,162.71576
1991-04-21,229.27391,228.4481,226.902,228.36917,227.1713,225.2972
1991-04-22,240.13538,238.20137,239.01433,233.63971,230.72609,232.71793
1991-04-23,287.63937,286.98724,286.3874,288.00162,287.0607,286.7093
1991-04-24,182.0371,182.7863,183.05382,180.82532,181.20291,181.6688
1991-04-25,274.17477,272.28632,269.34064,277.0263,274.38562,271.5973
1991-04-26,239.54495,242.27792,242.18224,234.72777,236.89883,236.89845
1991-04-27,276.8998,277.91162,275.4006,281.4905,282.02048,279.6822
1991-04-28,116.385155,113.29523,113.580185,109.42336,107.307724,109.690674
1991-04-29,190.75319,185.17203,181.04346,174.82683,168.57953,166.30424
1991-04-30,221.32745,224.27333,227.33492,217.36423,220.3849,224.58537
1991-05-01,235.4615,237.16313,236.86598,233.72906,235.15605,234.67856
1991-05-02,203.79051,205.61983,207.49916,209.43651,210.61671,212.4586
1991-05-03,284.9207,281.28827,276.7237,287.5296,283.85443,280.30072
1991-05-04,268.84543,268.6292,268.71735,258.1321,258.01456,260.3986
1991-05-05,304.28723,301.56656,298.2322,303.97427,300.69577,297.68295
1991-05-06,261.7822,261.06192,261.17645,256.47797,254.72176,255.67601
1991-05-07,296.72284,294.78775,291.46783,298.64435,296.35043,293.62625
1991-05-08,306.49426,305.1393,302.39365,308.54156,306.5572,303.50504
1991-05-09,226.58818,230.54498,231.93501,246.99435,250.05582,250.54358
1991-05-10,261.24295,260.5054,259.214,250.06367,249.32445,250.29637
1991-05-11,319.26767,320.3583,321.58023,322.1449,322.5262,324.5785
1991-05-12,331.77402,331.61133,331.17703,335.01385,334.4281,334.98715
1991-05-13,316.30353,314.90274,312.78702,318.71567,316.7223,315.35638
1991-05-14,215.6057,215.39737,214.05629,225.28891,224.47925,223.08948
1991-05-15,233.54726,231.7678,226.67097,241.14946,239.1575,233.75845
1991-05-16,239.28052,232.7092,226.78825,245.28418,237.63925,231.95416
1991-05-17,283.8139,284.8774,284.2761,280.08414,281.03036,280.36618
1991-05-18,288.3121,288.95,289.55795,284.0265,284.08994,285.6716
1991-05-19,277.32993,280.6373,284.3252,279.8192,283.5379,288.5361
1991-05-20,243.47778,243.29349,244.4358,233.93951,233.20958,235.01248
1991-05-21,250.12889,251.44177,250.56564,238.22675,239.1205,239.5589
1991-05-22,205.57222,202.87897,203.35066,203.84338,200.76555,201.7579
1991-05-23,366.30603,366.06412,363.35294,369.57233,369.16016,367.92493
1991-05-24,336.61276,337.36118,337.90805,336.5828,336.70557,338.0298
1991-05-25,308.75745,311.42657,313.2653,309.32715,309.84033,312.15353
1991-05-26,298.9413,298.09167,295.62143,301.77112,300.37585,298.2439
1991-05-27,358.29514,361.3473,362.3704,362.83722,364.81818,366.12387
1991-05-28,256.39694,261.67102,266.55402,269.88263,274.95148,280.22287
1991-05-29,242.20358,244.22974,245.8126,250.42148,252.71823,254.55641
1991-05-30,291.6646,293.0782,291.71167,300.06143,300.86856,299.40536
1991-05-31,268.57916,269.89465,270.6383,263.6576,264.53738,265.7881
1991-06-01,301.9091,304.5101,305.7773,293.6074,295.95526,298.36624
1991-06-02,296.915,295.11697,295.60767,292.4072,289.68225,290.20474
1991-06-03,251.51193,253.26794,257.8159,248.68654,249.58229,254.41736
1991-06-04,306.79675,310.3342,315.5823,298.05997,300.9904,306.6848
1991-06-05,270.93317,274.51514,277.2374,267.8276,271.09814,274.4824
1991-06-06,148.79279,141.6634,135.79187,149.85872,142.5004,137.17992
1991-06-07,297.6095,293.69324,289.87408,290.61664,286.35806,283.73114
1991-06-08,331.1573,327.18216,322.44214,335.35995,331.10562,327.37048
1991-06-09,324.75235,324.7653,325.3195,331.2963,331.16098,332.85007
1991-06-10,235.78384,236.7245,236.81346,244.26378,245.52745,246.69087
1991-06-11,275.3413,275.5656,273.52948,268.60446,269.24475,267.63654
1991-06-12,231.63663,235.05815,237.06422,206.37401,209.95747,212.69412
1991-06-13,257.19504,252.40219,246.23167,259.31714,253.58665,246.71684
1991-06-14,309.63638,308.6708,306.90683,293.6191,292.67328,292.63834
1991-06-15,313.0329,319.04007,322.60144,309.5341,315.2946,319.1875
1991-06-16,268.5507,270.02258,269.98596,252.72615,254.47476,255.12361
1991-06-17,270.951,269.41943,269.1029,261.03024,258.8326,258.11832
1991-06-18,328.8355,329.41052,328.12177,330.44928,330.5118,329.39594
1991-06-19,308.25278,306.8756,302.29102,317.67444,315.5274,309.76883
1991-06-20,345.32092,349.07257,352.44345,340.23215,343.0484,347.12146
1991-06-21,339.92593,339.78732,339.44635,344.59323,344.37936,343.3665
1991-06-22,240.79094,243.38007,247.45532,237.43732,239.4901,242.87943
1991-06-23,384.7726,385.39642,384.48758,385.05743,385.26672,384.23834
1991-06-24,363.03873,363.75333,363.9954,362.40768,362.7565,362.64804
1991-06-25,321.89166,322.7489,320.23526,318.01517,319.1622,316.47964
1991-06-26,280.55182,284.178,288.79935,272.4632,275.8127,281.2137
1991-06-27,351.7166,351.52676,349.75867,358.11755,357.49463,355.55682
1991-06-28,341.0998,341.7429,343.0947,335.80078,336.0803,337.05557
1991-06-29,368.2148,367.8468,365.84494,367.7155,367.04428,364.4976
1991-06-30,242.87245,247.22089,252.38147,238.17517,241.95386,246.62862
1991-07-01,299.71622,297.2123,295.2326,290.34164,286.85654,284.39297
1991-07-02,313.51334,314.95496,316.3976,314.96143,315.72168,316.8716
1991-07-03,277.2676,280.3253,282.13528,267.79688,271.37323,274.44342
1991-07-04,332.5254,336.7763,339.91217,332.28186,336.47058,339.3503
1991-07-05,175.41496,176.61916,179.62834,177.11934,177.81406,179.32959
1991-07-06,278.01123,273.17563,268.6666,266.06656,260.7922,256.54782
1991-07-07,337.40414,338.85748,340.66666,334.55786,336.17383,337.70004
1991-07-08,255.7272,256.29816,256.43622,242.9613,243.41179,243.28761
1991-07-09,307.4335,311.12604,312.89102,304.5013,308.2889,309.33664
1991-07-10,263.65305,264.19766,265.8879,259.1502,259.5527,260.41666
1991-07-11,300.57376,304.13248,306.0765,302.31223,305.49823,306.29004
1991-07-12,309.9703,312.36237,314.38422,313.88898,315.9763,316.75076
1991-07-13,296.1899,296.30472,296.75534,316.37515,315.8765,314.7434
1991-07-14,326.20572,327.8408,329.6289,333.61337,335.15863,336.3494
1991-07-15,304.1054,305.20493,307.51605,326.05716,326.80746,327.48398
1991-07-16,228.4339,230.26437,232.33134,228.54456,230.39954,232.06079
1991-07-17,240.21165,242.7956,246.8473,236.25969,238.12132,241.52682
1991-07-18,311.52176,313.60947,316.1164,310.7724,313.0031,315.0573
1991-07-19,255.50327,257.5738,261.7168,240.6369,243.40765,248.09535
1991-07-20,286.60428,287.0541,287.0609,285.8307,286.39117,285.27188
1991-07-21,255.08562,254.60173,253.54216,254.4798,254.50035,253.04347
1991-07-22,315.06552,312.47952,305.14233,316.84164,315.08066,307.70486
1991-07-23,250.5408,247.23839,243.3378,252.7847,249.8194,246.19638
1991-07-24,179.25719,180.22589,183.39235,177.47585,178.28539,180.97485
1991-07-25,194.32831,197.39784,202.32913,193.14418,196.37228,200.84485
1991-07-26,207.51987,209.7195,212.69353,209.25714,211.1905,213.28568
1991-07-27,228.32175,230.67613,233.57404,233.48557,236.04951,238.21194
1991-07-28,251.52934,252.7595,254.28053,251.82002,253.13293,254.02197
1991-07-29,268.3624,268.84424,270.243,265.0688,266.44778,268.0824
1991-07-30,258.8847,260.22394,259.95184,250.58887,251.53123,250.60307
1991-07-31,239.56093,241.24933,247.08301,229.04945,231.1638,237.72015
1991-08-01,257.41986,257.43793,258.7528,254.78302,254.70416,255.61069
1991-08-02,251.08238,250.83917,251.04272,249.07867,248.5451,248.14882
1991-08-03,237.44774,239.87337,243.47816,234.98204,237.35481,240.69142
1991-08-04,258.61105,258.89362,259.70523,256.8068,256.8532,257.3931
1991-08-05,266.44025,265.6299,264.0819,261.48462,260.5078,258.4147
1991-08-06,226.89778,226.92043,223.8489,220.55894,221.21358,218.62108
1991-08-07,279.9278,280.94965,280.97424,280.5308,280.86087,280.26736
1991-08-08,302.01562,301.3779,300.52426,301.63336,301.19705,300.18646
1991-08-09,257.53702,258.34326,259.3704,261.65128,262.4379,263.59683
1991-08-10,228.11343,227.5983,227.46626,232.78499,231.43138,230.01903
1991-08-11,286.16125,286.2449,284.61066,283.51947,283.91724,282.65817
1991-08-12,288.0351,285.78964,283.0132,293.25177,290.93173,287.12146
1991-08-13,210.58372,207.89243,205.5074,219.43109,216.8084,213.40947
1991-08-14,177.68112,179.28014,183.22148,175.65924,176.62201,179.49939
1991-08-15,193.93135,193.77267,194.45174,195.45842,194.74612,194.11212
1991-08-16,226.0627,225.71844,225.2102,228.14397,227.78313,227.13951
1991-08-17,212.72437,211.68564,212.69737,207.73877,206.47849,207.69238
1991-08-18,249.19534,249.86894,250.0485,245.22363,245.38962,245.52814
1991-08-19,288.26953,288.08948,287.3417,287.82254,287.74783,287.00363
1991-08-20,157.9718,156.70131,158.47894,154.25552,152.98286,155.18375
1991-08-21,249.24335,246.08453,239.42332,247.08553,243.27216,235.59785
1991-08-22,259.0974,258.6022,257.25797,256.718,256.3555,255.12447
1991-08-23,262.56534,261.36215,259.58978,259.7183,258.50266,256.91583
1991-08-24,194.4877,197.14946,202.26471,187.55928,190.81688,197.51064
1991-08-25,169.37817,177.42778,186.77322,186.73744,194.6695,202.87875
1991-08-26,153.513,150.6329,150.16487,151.4454,148.55188,148.5149
1991-08-27,224.82375,219.95607,214.87117,222.36693,217.64929,212.94244
1991-08-28,218.92868,214.93547,210.82463,208.97966,205.30472,202.49423
1991-08-29,198.1522,199.7942,201.01326,192.31746,194.06998,196.09663
1991-08-30,263.88492,261.2855,257.49472,271.07413,268.95682,266.1284
1991-08-31,267.75034,267.10504,266.7078,265.1331,264.55682,264.50693
1991-09-01,248.06602,245.31427,242.5478,243.29343,240.1499,237.37335
1991-09-02,258.09793,255.31514,250.60207,258.87146,255.62354,249.99796
1991-09-03,175.03322,172.96855,171.34058,176.89581,174.48524,172.33394
1991-09-04,234.58992,236.09685,234.95526,233.77411,235.19327,234.21877
1991-09-05,186.7393,184.75948,181.0553,187.62195,185.61943,181.60146
1991-09-06,194.76273,190.19513,186.00175,197.46735,193.06354,188.63403
1991-09-07,146.60007,143.2363,140.88808,146.73764,143.0999,139.9785
1991-09-08,162.78447,158.53485,152.86916,163.18224,158.93243,152.9426
1991-09-09,239.0161,235.06458,228.7952,239.53178,235.39175,229.02594
1991-09-10,227.0372,225.20271,222.57901,225.37488,223.44301,221.04298
1991-09-11,214.79083,212.3432,209.77837,224.18306,221.42924,217.66696
1991-09-12,232.08667,230.9076,230.32277,233.29874,231.80644,230.92786
1991-09-13,240.8333,239.06915,236.76526,240.79346,238.98958,236.74612
1991-09-14,232.80632,231.5605,230.70578,232.77515,231.51073,230.9654
1991-09-15,238.54553,237.28938,234.81422,237.82831,236.74617,234.48972
1991-09-16,205.47635,203.30203,201.64053,206.20503,204.2067,202.90366
1991-09-17,179.98958,182.1597,182.67014,177.7917,179.88846,180.23766
1991-09-18,203.11354,202.0791,198.54233,205.69861,204.6364,200.58972
1991-09-19,173.88295,174.13177,174.36644,175.84077,175.5942,175.72191
1991-09-20,230.63191,230.44505,227.70746,228.16577,228.68832,226.71353
1991-09-21,205.04019,203.26176,201.50943,212.70122,211.68613,211.13109
1991-09-22,122.19284,122.79403,128.14195,123.88586,124.2836,129.39392
1991-09-23,191.32608,187.96521,183.65062,192.78075,189.32722,185.1737
1991-09-24,173.81104,173.5429,172.39062,174.76796,174.89655,173.79172
1991-09-25,170.80444,171.83405,176.02075,161.60864,162.20418,167.27301
1991-09-26,229.862,229.99345,228.37743,228.2457,228.69086,227.22923
1991-09-27,225.94974,224.1121,221.68713,225.31477,223.58699,221.44646
1991-09-28,214.83255,213.34996,211.97005,213.13986,211.68578,210.54268
1991-09-29,218.62883,216.47295,213.87502,218.4878,216.29955,213.77055
1991-09-30,210.0625,207.46196,204.03123,211.23367,208.37718,204.1349
1991-10-01,196.51483,192.99127,187.5011,192.58414,189.58214,185.18604
1991-10-02,162.37169,161.51128,162.98418,174.29097,172.59106,171.82784
1991-10-03,144.53737,142.047,139.70459,138.57501,136.61098,135.6863
1991-10-04,172.50917,171.24518,169.7092,170.33939,169.05827,167.66623
1991-10-05,163.23112,160.04233,157.12576,166.99232,163.98192,160.84741
1991-10-06,153.66449,150.7013,147.6564,153.64265,150.58124,147.44684
1991-10-07,153.5729,152.40761,151.99507,154.24889,152.5678,151.46259
1991-10-08,166.29088,164.7887,163.59926,165.06422,163.66983,162.57721
1991-10-09,182.23589,180.8956,175.65294,181.06725,180.04819,175.34093
1991-10-10,173.62752,173.92767,175.11555,168.6379,169.28232,171.45772
1991-10-11,185.03174,185.50038,184.91414,183.24591,183.74872,183.33179
1991-10-12,98.51251,100.19041,101.79481,94.02431,95.496346,97.04928
1991-10-13,182.46368,182.47261,181.83418,177.41905,177.53516,177.27628
1991-10-14,191.73106,190.29128,187.6309,189.51125,188.36324,186.33685
1991-10-15,103.99624,103.42019,103.27402,95.70701,95.137276,95.07041
1991-10-16,172.56853,171.09587,169.5387,173.58286,171.88039,169.87056
1991-10-17,174.56563,174.86833,174.55739,175.60976,175.9843,175.45285
1991-10-18,128.53107,127.70549,126.59764,130.10135,129.58904,128.34993
1991-10-19,122.671936,121.93217,122.01705,115.07176,114.34706,115.016624
1991-10-20,131.0007,129.94525,127.317795,127.946686,126.92437,123.66791
1991-10-21,108.687096,106.09152,104.527756,102.25103,99.7749,98.39286
1991-10-22,166.5763,164.35956,161.78784,166.88188,164.5045,161.76837
1991-10-23,165.03522,164.05174,163.17973,163.47536,162.62592,162.01912
1991-10-24,168.212,166.90182,165.173,167.80544,166.66145,164.89981
1991-10-25,165.80684,164.7615,163.17174,165.51897,164.56796,163.01785
1991-10-26,172.30383,170.68036,168.86961,172.79404,171.25966,169.29012
1991-10-27,143.40749,143.36522,142.46428,142.6778,142.47585,141.26628
1991-10-28,117.458786,118.44173,117.54427,112.994576,114.239006,113.30771
1991-10-29,165.11638,163.6663,162.39053,162.52245,161.30534,160.38275
1991-10-30,167.00111,165.6127,164.00146,165.53638,164.35124,162.90263
1991-10-31,167.65842,166.10454,163.90637,166.37794,164.906,162.56795
1991-11-01,134.29933,133.7741,134.36835,136.1026,135.83804,136.51743
1991-11-02,119.9588,120.64383,121.24333,127.57672,127.71828,127.34827
1991-11-03,62.94643,60.500393,58.769817,55.951878,54.129265,53.21213
1991-11-04,162.21895,160.24608,157.44691,161.58054,159.59993,156.61397
1991-11-05,142.94183,137.61131,130.54895,142.6406,137.18365,129.712
1991-11-06,77.75173,77.39001,77.988976,75.919556,75.446724,75.88367
1991-11-07,90.71846,90.1568,89.9584,87.36095,86.76272,86.394356
1991-11-08,110.92359,111.35777,110.50469,106.670746,106.93614,105.85869
1991-11-09,114.89299,114.66833,114.45856,114.15903,114.13932,114.13736
1991-11-10,136.63542,134.64143,131.27917,134.79674,132.62727,129.20154
1991-11-11,144.28047,141.24968,136.9385,142.30182,139.32675,135.05489
1991-11-12,129.1579,129.33054,128.68375,127.725525,127.79033,127.03907
1991-11-13,104.61758,106.66839,107.51815,103.059845,105.22355,105.85491
1991-11-14,111.78883,111.83646,110.05538,111.96421,112.11318,110.155525
1991-11-15,110.999565,110.49868,109.09407,107.951614,107.61752,106.37129
1991-11-16,117.40518,116.99871,117.38873,113.706764,113.39977,113.895905
1991-11-17,83.10526,83.42114,83.075554,85.24052,85.77097,85.79944
1991-11-18,67.15502,65.919044,63.40242,66.178116,65.073784,62.185417
1991-11-19,127.43216,126.783295,124.57804,126.779526,125.95609,123.226166
1991-11-20,115.98209,114.843025,113.719894,114.39032,113.07747,111.90236
1991-11-21,113.99714,113.190994,112.225395,111.9112,111.41657,111.2228
1991-11-22,92.166626,88.75991,84.224266,93.90307,90.832825,86.49984
1991-11-23,111.700096,109.50487,107.05106,110.33455,108.17315,105.648415
1991-11-24,116.28752,115.334496,114.38039,115.26311,114.40306,113.69019
1991-11-25,125.46499,124.0554,122.21991,125.66854,124.243256,122.41817
1991-11-26,118.09594,114.34,107.42474,121.775246,118.20411,110.919624
1991-11-27,87.623985,88.33604,88.85884,85.62215,86.33592,87.21633
1991-11-28,95.89088,96.148094,95.81297,95.34256,95.47474,95.055916
1991-11-29,72.61386,73.52822,75.3557,67.42116,68.33879,70.61892
1991-11-30,105.61211,104.007286,100.84132,103.00593,101.55489,98.65633
1991-12-01,108.21909,107.117615,106.03504,105.925644,104.822105,103.61989
1991-12-02,107.463646,106.643715,105.70034,105.60959,104.76935,103.65181
1991-12-03,108.59286,107.41398,105.836006,107.28157,106.022705,104.33093
1991-12-04,111.75513,111.312805,110.371574,109.66164,109.33594,108.525734
1991-12-05,97.52229,97.08199,96.568016,94.666176,94.50905,94.419136
1991-12-06,86.91701,86.4082,86.40737,82.96398,82.8877,83.440445
1991-12-07,88.42133,87.1918,85.76757,90.049065,89.057655,88.05388
1991-12-08,102.081924,100.53709,98.47859,102.87093,101.37912,99.290405
1991-12-09,98.16986,95.92269,92.45356,97.35994,95.42042,92.65073
1991-12-10,95.76135,95.62052,95.39622,95.33727,95.1148,95.085
1991-12-11,46.418476,46.014168,45.918102,46.26463,46.07356,46.22593
1991-12-12,53.458916,52.06756,51.96211,52.776573,51.994167,51.91441
1991-12-13,78.181175,78.38707,78.921,72.361855,72.793915,73.77233
1991-12-14,97.16973,97.11066,97.33422,95.08168,95.11126,95.52491
1991-12-15,95.6625,94.96987,93.39044,93.802315,93.496185,92.3705
1991-12-16,94.74886,93.55692,91.88823,96.283134,95.05538,93.22464
1991-12-17,58.18482,56.431335,54.16935,56.17798,54.704376,52.84832
1991-12-18,98.99758,98.57,97.59991,99.6797,99.002884,97.420654
1991-12-19,52.65601,53.16119,53.298897,52.846672,53.174747,52.986973
1991-12-20,91.24886,88.61326,86.15321,92.3643,89.51095,86.2751
1991-12-21,99.31998,98.48553,96.98708,99.037415,98.05573,96.6654
1991-12-22,89.1432,87.91977,86.206055,92.979065,91.829666,90.16709
1991-12-23,101.40052,99.468735,96.851395,99.70569,97.88497,95.42463
1991-12-24,93.15465,92.03797,91.18063,92.7378,91.751526,90.85777
1991-12-25,92.48497,93.27566,93.02497,94.861,95.77739,95.014366
1991-12-26,43.696285,42.9904,42.364185,43.20229,42.43663,41.76027
1991-12-27,94.6519,93.83244,92.83268,91.79322,91.102425,90.4832
1991-12-28,101.38036,100.24672,99.35718,98.87054,97.85157,97.27281
1991-12-29,100.9027,100.051704,98.64281,102.73482,102.24239,100.92264
1991-12-30,63.08109,61.859386,60.325397,63.593105,62.43534,61.007565
1991-12-31,106.353424,105.287056,103.53079,104.91465,103.826096,101.97561
1992-01-01,108.49365,107.69256,106.69075,106.75567,106.041336,105.23547
1992-01-02,100.923485,99.97695,98.61103,100.297066,99.39124,98.00194
1992-01-03,95.880165,95.842735,94.40836,95.17657,95.14685,93.81917
1992-01-04,94.19069,94.25074,93.07216,90.27264,90.707535,90.68452
1992-01-05,81.22985,81.90741,81.67513,78.254654,79.25396,79.446266
1992-01-06,103.78131,102.9047,102.37896,102.688,101.97095,101.891396
1992-01-07,111.875786,109.809586,106.71336,111.58446,109.81945,107.173965
1992-01-08,88.58664,88.86702,89.27302,84.62089,84.93275,85.607315
1992-01-09,79.16477,77.363754,76.22372,76.8071,75.4257,74.92519
1992-01-10,64.041374,63.598366,62.982735,61.456104,61.12297,60.82842
1992-01-11,49.019684,47.563766,46.309155,48.39375,46.879486,45.553577
1992-01-12,115.84214,115.485634,114.19381,114.83142,114.38539,113.18608
1992-01-13,110.63948,108.373856,105.29593,108.55617,106.3038,103.179214
1992-01-14,103.3474,103.29508,103.15738,101.15515,101.2245,101.214134
1992-01-15,128.67554,128.17284,126.130356,130.49785,130.03918,127.80958
1992-01-16,111.98566,111.07735,109.82467,110.46312,109.56638,108.35532
1992-01-17,118.7349,117.893555,116.68012,117.90193,117.01489,115.564026
1992-01-18,72.91886,73.63248,74.964455,71.65313,72.734505,74.76402
1992-01-19,93.72108,92.567924,90.95684,94.95379,93.80255,92.38867
1992-01-20,64.00032,64.53446,64.12702,61.814976,62.469448,62.304935
1992-01-21,113.82601,112.042114,109.47581,111.83443,110.09017,107.53947
1992-01-22,99.061005,97.89911,95.96718,96.71596,95.86038,94.44393
1992-01-23,124.211685,123.516106,121.366844,122.504906,121.91921,119.996544
1992-01-24,118.43442,117.695984,116.77251,117.01328,116.18205,115.35109
1992-01-25,131.61476,131.26851,130.55597,129.51883,129.28035,128.86256
1992-01-26,106.96728,106.91787,107.331696,104.887695,104.5557,104.93672
1992-01-27,152.82385,150.66466,147.46895,152.80669,150.94362,148.29424
1992-01-28,157.11111,155.40697,152.84032,156.33846,154.88177,152.85236
1992-01-29,113.60577,112.48221,110.82857,114.13742,112.92085,110.93043
1992-01-30,64.22118,62.81815,63.122982,63.421146,62.464596,63.059902
1992-01-31,101.2282,97.387245,92.991776,102.47029,98.58307,94.16163
1992-02-01,163.01064,161.56926,159.79015,162.11806,160.63527,158.88617
1992-02-02,130.26115,129.83374,128.4927,130.1214,129.5446,128.17972
1992-02-03,131.19662,130.40512,129.17519,131.01392,130.36655,129.38853
1992-02-04,154.99898,153.6317,151.87445,152.30324,151.30257,150.44936
1992-02-05,147.19556,146.11752,144.53091,144.52138,143.75607,142.87674
1992-02-06,138.9445,137.52803,135.81981,138.38956,136.94113,135.2857
1992-02-07,144.12787,142.9983,141.53629,141.48152,140.33492,139.01993
1992-02-08,101.120636,99.087326,96.12943,104.07679,101.916885,98.39985
1992-02-09,123.092026,120.192154,116.65718,122.472885,120.08153,117.433136
1992-02-10,145.0552,143.4927,141.35454,148.82224,147.53467,145.72908
1992-02-11,74.67545,75.66878,76.73897,76.1913,77.39518,78.80924
1992-02-12,97.05477,97.50321,98.26927,97.39042,98.35762,100.05706
1992-02-13,146.88966,144.83261,141.57742,148.60617,147.01544,144.07805
1992-02-14,130.41342,130.70958,130.13538,132.40349,132.5007,131.6684
1992-02-15,126.95136,126.209915,123.766495,124.071815,123.8057,122.64483
1992-02-16,167.99878,166.97115,166.37625,164.12839,163.21301,163.21422
1992-02-17,124.455666,123.97852,123.00598,123.93772,123.37669,122.28508
1992-02-18,146.62292,142.53902,138.34705,148.40117,144.26,140.05821
1992-02-19,92.403244,91.78143,90.864174,93.54987,93.08238,92.146034
1992-02-20,186.3833,183.99217,181.5126,184.1324,181.74388,179.27315
1992-02-21,184.71132,183.95607,182.59438,183.36209,182.61844,181.20383
1992-02-22,129.237,125.154526,120.29819,128.1588,124.32434,119.54657
1992-02-23,161.87677,159.95518,156.98172,165.96838,164.38686,161.36453
1992-02-24,202.43588,200.84325,199.05815,207.12286,205.49243,203.51274
1992-02-25,101.51555,99.75913,97.64588,101.072464,99.541664,97.624565
1992-02-26,207.93176,207.09306,205.32219,207.67136,206.8435,204.99669
1992-02-27,201.90802,199.87859,197.85202,209.9462,207.97792,205.63011
1992-02-28,126.223404,124.06178,124.609146,128.93803,126.8859,127.60632
1992-02-29,106.56759,105.8135,103.749084,108.3698,107.63304,105.276115
1992-03-01,166.4678,167.13498,169.33775,160.40947,160.93147,163.13501
1992-03-02,186.0352,182.63112,178.18994,191.68729,188.67886,184.39453
1992-03-03,213.84251,208.7713,201.91257,221.36552,216.95613,210.17833
1992-03-04,192.75519,191.37076,189.83139,189.58627,188.54706,187.16853
1992-03-05,203.01295,199.73215,196.12108,203.38776,199.81297,195.67339
1992-03-06,134.21445,133.35532,132.77472,139.00182,138.28046,137.76279
1992-03-07,188.39612,186.00134,182.77083,188.02231,186.28256,183.72408
1992-03-08,194.92935,194.81323,195.15508,192.75523,192.33638,192.12857
1992-03-09,241.30133,239.17291,236.30843,241.14893,239.29309,236.47388
1992-03-10,232.9331,231.31163,229.56749,233.97243,232.43765,230.3739
1992-03-11,187.61942,185.08618,180.81544,191.25082,189.0471,184.57199
1992-03-12,124.55493,123.54254,122.42461,125.52265,124.33982,122.64548
1992-03-13,116.25044,116.38318,115.568726,116.10565,116.74134,116.0813
1992-03-14,198.72699,199.56796,199.40857,201.89687,202.37726,201.13031
1992-03-15,218.05405,216.63983,215.45067,221.02977,220.19753,219.59077
1992-03-16,251.4123,248.62479,245.05232,250.03365,247.6953,244.55658
1992-03-17,220.27713,218.21873,214.58073,218.08434,216.59221,213.5147
1992-03-18,191.28131,193.40407,192.94893,195.41199,197.51288,196.39455
1992-03-19,137.29219,137.79156,137.76476,133.6269,133.72476,133.18625
1992-03-20,185.89647,182.57495,179.7905,176.84637,173.97519,172.30258
1992-03-21,262.5738,260.77237,258.10538,262.09415,260.39844,257.47968
1992-03-22,167.99718,169.97305,172.20253,170.45703,172.2717,174.24834
1992-03-23,121.941475,120.264694,117.86932,121.75925,120.29708,118.14494
1992-03-24,158.9657,151.96457,145.75133,160.10852,153.10356,146.75546
1992-03-25,255.72723,251.38506,245.00078,257.34506,253.57191,247.76917
1992-03-26,275.10522,273.61603,271.9072,274.8512,273.59933,271.84125
1992-03-27,270.95496,270.98734,269.81195,272.34033,272.3062,270.93146
1992-03-28,209.00774,209.50273,207.03302,218.67294,218.98515,215.3569
1992-03-29,106.4062,105.30618,104.99952,109.04295,108.325264,108.15411
1992-03-30,123.74138,120.085205,115.518555,124.74382,121.47546,117.27819
1992-03-31,219.14668,218.30272,214.36046,216.61107,216.33893,212.50232
1992-04-01,222.95418,222.85388,223.0118,219.34183,219.35765,219.25667
1992-04-02,279.07977,276.49582,272.24313,279.20026,277.03583,273.69388
1992-04-03,216.37302,218.0833,220.27715,212.99084,214.99608,217.59956
1992-04-04,193.11185,193.53831,193.41205,197.94185,198.01942,196.2959
1992-04-05,108.354645,106.84005,104.35503,96.40959,95.22286,93.62705
1992-04-06,236.05644,238.49057,236.81651,239.45743,242.9092,241.01508
1992-04-07,292.2918,290.45102,287.0658,291.98987,290.23395,287.1706
1992-04-08,283.53488,283.8075,282.749,284.87585,285.18518,284.10886
1992-04-09,146.47559,145.93211,141.531,155.78201,155.93784,151.82138
1992-04-10,183.55034,172.22008,162.6313,190.97926,179.31221,169.09682
1992-04-11,286.99756,282.04495,274.27414,290.6742,286.12466,278.75653
1992-04-12,290.84378,289.57806,288.01807,291.21167,289.92505,288.48727
1992-04-13,223.35368,225.30354,225.23372,216.4296,218.94441,219.70454
1992-04-14,258.06982,256.8312,258.2098,256.96503,255.75406,257.28177
1992-04-15,301.13266,299.04498,295.6584,301.6857,299.80298,297.28082
1992-04-16,302.079,301.21777,299.94437,302.6015,301.57855,300.52872
1992-04-17,300.15045,298.73532,296.35773,300.05328,298.58243,296.5452
1992-04-18,252.55167,250.75102,248.86464,247.27,245.86137,244.9193
1992-04-19,217.26772,212.63643,208.87135,230.85938,226.32108,222.5832
1992-04-20,162.8207,161.94867,161.44212,173.398,172.31546,171.09447
1992-04-21,246.88777,245.22319,240.42741,242.27788,241.05417,236.90576
1992-04-22,199.7118,200.2709,196.80057,188.10014,188.7702,185.98663
1992-04-23,212.26845,208.791,205.57713,218.40758,214.39311,211.06584
1992-04-24,312.50577,311.16418,309.0675,312.25922,310.69202,309.23404
1992-04-25,294.60834,294.24298,293.31332,292.3362,291.76538,291.75632
1992-04-26,246.03482,244.97047,243.87933,244.08813,243.51833,243.39787
1992-04-27,263.4609,257.22574,247.12195,273.95303,266.83664,255.46852
1992-04-28,297.78903,295.6305,292.175,302.37625,299.61133,295.9011
1992-04-29,298.8969,294.95874,287.77008,298.0979,293.4642,286.23248
1992-04-30,267.05893,263.95068,259.60373,268.87686,265.03317,260.29868
1992-05-01,236.7526,234.1795,231.90106,227.43462,224.1845,222.96313
1992-05-02,240.85486,238.88602,235.95268,239.0563,236.77016,233.53435
1992-05-03,251.07936,250.80617,245.98529,243.63008,242.99754,238.56058
1992-05-04,164.74306,156.92279,146.73639,167.3981,159.92935,149.79308
1992-05-05,270.49893,270.70807,268.32846,268.10596,267.90512,266.37457
1992-05-06,264.5375,262.93304,257.849,261.66983,260.26337,256.336
1992-05-07,242.42342,241.31303,240.99846,239.92854,238.36559,239.20473
1992-05-08,280.7055,279.69034,276.01215,285.84622,284.36884,281.17065
1992-05-09,277.74698,274.38022,270.8733,276.55743,272.87363,270.58228
1992-05-10,198.34541,190.38155,184.0227,209.3099,200.87782,194.90012
1992-05-11,156.71628,154.31665,153.48868,161.39136,158.23582,157.3441
1992-05-12,195.24434,192.62086,189.48872,197.19972,194.16899,191.39426
1992-05-13,201.29222,199.05052,196.57516,199.8498,197.04257,194.26282
1992-05-14,241.48355,237.60669,233.15459,244.45316,240.14885,236.27946
1992-05-15,282.10626,281.00058,273.42374,279.06372,277.9002,271.68973
1992-05-16,264.45737,264.285,265.61078,265.3813,264.37695,265.48828
1992-05-17,276.17926,275.2409,272.3995,282.59818,280.91922,277.87415
1992-05-18,217.85522,217.7894,218.15639,218.74203,218.58038,219.67746
1992-05-19,197.03793,185.43803,175.57874,197.53242,186.22798,177.32104
1992-05-20,267.7371,253.40077,233.64418,267.95566,252.99406,233.20851
1992-05-21,283.27695,281.8696,277.62967,279.37488,276.57462,272.3697
1992-05-22,291.85037,290.63806,287.4066,294.56067,293.2279,292.0668
1992-05-23,194.02477,192.46806,190.68166,194.06552,192.69897,192.18755
1992-05-24,253.15244,255.45343,257.53952,262.84576,264.90454,267.14215
1992-05-25,279.8257,280.0315,280.11984,300.73337,299.9227,299.23672
1992-05-26,268.11224,267.86914,266.25204,277.84662,277.8328,277.95404
1992-05-27,288.20346,284.5155,278.3572,303.66833,299.8866,293.0325
1992-05-28,252.00432,254.79337,258.13962,251.90572,254.49881,258.61243
1992-05-29,245.58821,244.77295,243.99394,246.76952,246.14038,246.77487
1992-05-30,235.50076,233.78482,234.36421,248.74936,247.04803,248.23749
1992-05-31,225.48251,223.72894,220.70369,234.78972,232.47217,229.43913
1992-06-01,191.29204,189.54538,188.04677,188.24721,186.89539,186.93549
1992-06-02,241.90822,242.11386,247.9051,239.10268,238.40862,244.53632
1992-06-03,237.40073,239.76784,241.20407,236.38982,238.38292,240.06659
1992-06-04,338.66263,338.8971,338.0643,353.95035,353.38275,352.64026
1992-06-05,358.34033,359.0255,358.59167,358.5415,358.6618,358.6216
1992-06-06,282.70404,281.571,279.85205,291.66153,289.37476,286.89185
1992-06-07,365.21497,365.6687,364.71997,366.47964,366.40274,365.83826
1992-06-08,282.18924,282.3711,283.02194,280.07312,279.99338,281.19647
1992-06-09,262.4478,265.70483,268.12823,260.9308,263.68274,266.49393
1992-06-10,270.16888,273.9809,276.85025,271.8657,275.17264,278.39175
1992-06-11,318.32977,324.48813,327.43945,309.26117,314.6469,318.9215
1992-06-12,242.02684,243.23743,247.08264,244.78786,245.42967,249.27122
1992-06-13,353.9396,354.34213,351.70352,355.3981,355.84302,353.95407
1992-06-14,184.17474,179.47478,173.2014,180.42409,175.604,169.8023
1992-06-15,362.24014,361.6196,358.5302,361.98434,360.88565,357.60498
1992-06-16,362.27963,362.5345,361.72583,361.82336,361.69986,361.02155
1992-06-17,268.87112,273.15445,277.23053,261.15573,265.15137,269.94214
1992-06-18,368.67874,368.67664,367.64655,371.92712,371.6113,370.56412
1992-06-19,359.56055,359.39142,358.29944,359.36456,358.5377,356.8242
1992-06-20,327.88797,329.442,329.91748,326.4646,327.65033,328.1089
1992-06-21,306.34256,308.40906,307.9425,314.28372,315.72247,314.26865
1992-06-22,311.19507,312.93045,313.47885,311.06818,312.84067,313.2797
1992-06-23,272.55603,273.36697,272.852,277.90848,278.1169,276.42365
1992-06-24,284.6722,286.54196,287.27698,281.09186,282.5745,283.80292
1992-06-25,345.04227,346.9713,345.75986,339.6252,342.71045,342.7283
1992-06-26,243.60344,247.84006,253.82355,238.01979,241.22144,246.76686
1992-06-27,265.9847,265.53302,264.7217,274.29886,273.86807,272.799
1992-06-28,212.14139,211.99738,211.66959,216.48058,216.35086,216.16737
1992-06-29,289.94974,286.30508,281.87805,291.57327,287.94138,283.00806
1992-06-30,351.3073,351.9909,351.6962,352.58044,353.20294,352.36896
1992-07-01,283.50375,289.3643,292.1463,280.10934,286.06982,288.01944
1992-07-02,363.27496,365.44098,366.18732,361.83188,364.21835,364.53436
1992-07-03,342.27817,342.72662,343.24063,342.1494,342.596,342.6996
1992-07-04,271.56058,266.64502,261.1011,280.6609,275.46838,268.1189
1992-07-05,338.22314,336.68875,333.72455,339.27448,337.78226,334.13956
1992-07-06,319.27747,320.38104,321.60873,320.01138,320.9834,321.62134
1992-07-07,301.09686,301.0242,303.40286,299.66412,299.5348,301.7852
1992-07-08,312.59503,311.4263,311.60532,315.05667,314.4303,314.7026
1992-07-09,340.00632,338.99484,336.29782,340.52463,340.1718,337.92102
1992-07-10,242.39732,243.5199,244.46799,239.5529,240.57355,241.47981
1992-07-11,212.68324,214.97919,219.77092,208.09909,210.45372,215.7238
1992-07-12,346.77628,346.85153,346.5762,347.2027,347.7168,347.36142
1992-07-13,234.15837,237.31435,240.93326,226.26723,229.10663,232.46744
1992-07-14,188.58147,191.826,200.2249,192.5369,195.91315,204.13843
1992-07-15,198.64688,197.82487,198.13231,199.33075,198.56444,198.03806
1992-07-16,251.60443,250.70432,252.83759,254.13394,253.05948,254.596
1992-07-17,273.53796,273.82465,281.946,257.00424,257.2965,266.85254
1992-07-18,226.44464,226.96065,227.60612,217.66519,218.61906,219.08429
1992-07-19,273.2092,272.90866,275.61,269.94156,269.64578,271.81857
1992-07-20,232.99295,236.2121,239.7316,220.38693,223.6406,227.42674
1992-07-21,275.57056,280.65677,283.90408,263.24384,269.9455,273.5637
1992-07-22,215.34756,219.79953,228.1901,195.45706,200.65672,210.07224
1992-07-23,184.67001,187.15596,191.8575,178.36035,181.1252,186.12807
1992-07-24,199.1376,195.18938,190.68146,199.10966,195.31526,190.46527
1992-07-25,255.17339,257.98935,258.1654,267.77728,270.37582,267.96408
1992-07-26,176.30013,178.76021,189.25601,177.49655,179.73032,190.22086
1992-07-27,186.86908,184.03775,182.7612,185.42906,182.69493,180.78767
1992-07-28,312.7766,311.9631,311.1895,314.66595,314.17258,313.05505
1992-07-29,312.67935,312.30054,312.37573,313.7387,313.3253,312.58594
1992-07-30,260.40643,259.84174,263.29944,246.98694,246.34138,250.02649
1992-07-31,287.56613,288.35986,290.4451,288.39737,288.98566,290.97946
1992-08-01,215.89478,221.83975,229.78534,203.19179,209.09445,217.60252
1992-08-02,320.79077,320.66296,320.15662,320.6091,321.04993,320.6057
1992-08-03,314.01215,313.2906,312.84088,312.7953,312.211,311.39853
1992-08-04,289.2555,289.17056,288.5003,288.80606,288.85452,287.3156
1992-08-05,200.22012,200.63493,199.73387,198.8107,199.12422,197.27289
1992-08-06,308.01224,306.9323,305.56183,305.3191,304.42294,302.8844
1992-08-07,310.1544,309.3694,308.50482,309.2578,308.58145,307.4503
1992-08-08,300.67096,299.79684,298.72604,300.70563,300.0815,298.88947
1992-08-09,272.67505,271.3336,271.5562,273.24966,271.62686,270.76245
1992-08-10,269.1363,270.23666,269.9661,271.4069,271.10715,269.78928
1992-08-11,269.14346,269.1889,268.7599,268.80157,268.789,267.72366
1992-08-12,220.5512,220.95367,221.61172,209.77977,209.69476,210.16733
1992-08-13,250.91957,249.71407,249.0792,246.62787,245.30655,244.72108
1992-08-14,243.29257,242.35442,240.48373,241.94302,241.12723,239.01263
1992-08-15,221.07336,223.63412,225.35779,212.23134,215.51054,218.11215
1992-08-16,185.86024,185.3696,184.8823,186.23482,185.16975,184.16846
1992-08-17,148.6262,147.01227,145.1478,149.61124,147.24092,144.07103
1992-08-18,211.02773,208.67325,204.3309,214.90953,212.225,207.10838
1992-08-19,248.08719,247.51851,246.64542,244.25768,244.6339,244.69273
1992-08-20,226.5716,225.4338,223.19415,224.42978,222.51817,218.92929
1992-08-21,240.13731,237.09619,233.9309,243.31097,240.18356,236.34064
1992-08-22,252.1129,251.78079,250.53119,247.97154,247.92987,246.88606
1992-08-23,252.22484,252.79146,251.90097,251.00195,251.9775,251.29083
1992-08-24,250.4663,249.52852,248.0274,248.91019,248.17195,247.29805
1992-08-25,240.01445,239.16606,237.1307,238.37154,237.4307,235.5037
1992-08-26,254.19055,253.07188,251.55836,255.75119,254.69453,253.1311
1992-08-27,221.18652,218.67421,215.33447,218.4791,216.42418,213.75952
1992-08-28,219.18263,211.58707,202.2751,219.85393,212.2529,202.9051
1992-08-29,240.05086,238.39365,235.75406,241.82628,240.34886,237.58655
1992-08-30,189.50871,191.01868,192.04144,185.68803,187.4954,188.63707
1992-08-31,170.79999,166.70427,159.93718,169.4197,164.74611,157.1908
1992-09-01,192.47046,189.93529,187.34871,190.53972,187.51149,184.73541
1992-09-02,225.48083,223.76093,219.96133,231.09412,229.0886,225.04143
1992-09-03,187.80086,189.40753,191.30438,185.81084,187.85274,190.47458
1992-09-04,216.41458,216.76788,217.24821,218.38501,219.0121,219.6879
1992-09-05,169.33533,167.80609,166.5334,174.46504,172.8741,170.73416
1992-09-06,180.21461,177.1784,174.79364,178.786,175.37778,172.58676
1992-09-07,255.84323,254.17258,251.85811,256.7854,255.39455,253.63051
1992-09-08,244.00914,244.54114,244.09329,239.86797,240.69812,240.72346
1992-09-09,238.69046,236.50775,233.86102,236.03938,233.57387,230.80696
1992-09-10,243.72505,242.37988,240.36073,243.01929,241.63167,239.75912
1992-09-11,168.53452,168.40038,169.66214,175.77435,175.13297,176.05017
1992-09-12,212.76016,207.52802,201.558,223.51817,218.67487,213.11317
1992-09-13,252.9082,250.20451,246.99702,256.62802,254.63309,252.47424
1992-09-14,244.75739,242.67302,239.98415,245.99324,244.3965,242.59917
1992-09-15,195.80515,194.87764,194.3216,196.43958,195.4084,195.33197
1992-09-16,212.7568,212.60316,210.59549,220.13654,220.10776,218.3833
1992-09-17,195.29425,194.61058,193.13599,187.80188,187.2892,186.55739
1992-09-18,143.30443,140.22505,135.2369,131.6647,129.65689,125.4898
1992-09-19,159.17361,155.93973,152.89253,155.37378,152.09671,149.13486
1992-09-20,206.46234,204.75928,203.53745,209.29947,207.5919,205.89412
1992-09-21,203.76408,200.79832,195.06429,209.61334,206.8423,201.05846
1992-09-22,241.53676,239.83879,237.91075,241.46599,239.78091,237.98466
1992-09-23,137.79417,139.57979,138.93044,131.92017,134.01031,134.77997
1992-09-24,164.24683,162.08345,158.2433,161.78238,159.13614,155.09709
1992-09-25,215.13615,214.39346,209.80602,214.02667,213.50327,208.1663
1992-09-26,229.11136,227.87889,226.05681,228.1268,227.00162,225.34795
1992-09-27,215.19008,213.63062,212.55391,212.07024,210.5219,209.87822
1992-09-28,218.50935,216.76924,214.60382,217.92537,216.2248,214.17389
1992-09-29,181.58475,178.52747,176.86902,182.76427,179.62535,177.77316
1992-09-30,106.96045,107.35687,113.83458,101.78634,102.03356,108.542015
1992-10-01,215.51912,217.29218,215.87666,212.9468,215.30504,214.08824
1992-10-02,206.20877,206.78789,205.80638,203.87094,205.03244,204.29964
1992-10-03,195.47676,196.54971,196.19136,193.63097,195.01974,194.81659
1992-10-04,145.39723,145.14558,146.91383,144.14415,143.27095,144.33942
1992-10-05,202.55797,199.42384,192.57025,202.75287,200.00262,193.78694
1992-10-06,160.51363,162.6907,164.06418,159.89238,162.54446,164.70052
1992-10-07,155.3009,155.68631,155.07794,163.41718,163.51778,162.41902
1992-10-08,164.84088,164.8291,164.34808,161.63103,161.70842,161.30937
1992-10-09,152.17412,147.03754,142.63417,148.38733,142.81381,138.39899
1992-10-10,152.96957,154.0016,154.04112,149.44893,150.534,151.23654
1992-10-11,159.59023,158.22717,156.11745,154.30405,153.82343,153.33885
1992-10-12,158.76129,160.98972,162.32129,155.43874,158.0329,159.47884
1992-10-13,101.80112,96.12475,90.37426,96.73185,90.98213,85.63009
1992-10-14,154.50755,156.5473,160.23973,153.5691,155.56966,159.30634
1992-10-15,160.27458,158.7592,156.64688,159.06471,157.95837,156.56949
1992-10-16,138.41815,137.03642,134.27696,136.00291,134.80351,132.12651
1992-10-17,135.85333,133.82733,132.52419,131.90446,129.98947,129.15141
1992-10-18,90.93506,84.891136,81.69246,92.31551,85.78357,81.81244
1992-10-19,174.81339,173.23018,171.21877,170.50331,169.16843,167.69131
1992-10-20,153.16328,151.7869,149.7571,151.20506,150.14664,149.00555
1992-10-21,119.698235,118.42334,118.29115,114.86959,113.176125,112.9252
1992-10-22,134.24283,132.9195,130.39397,138.3025,136.87787,133.80367
1992-10-23,169.67076,165.72641,159.87697,173.24492,169.94914,164.56361
1992-10-24,169.3795,168.058,166.93527,168.60995,167.39854,166.26434
1992-10-25,179.84938,178.12648,176.12314,179.22409,177.59404,175.56454
1992-10-26,155.2845,155.20848,155.26987,154.4235,154.40215,154.52641
1992-10-27,134.021,133.43623,132.40236,131.59717,131.17072,130.15662
1992-10-28,104.01995,105.79986,108.23866,96.23473,98.27737,101.75943
1992-10-29,102.18442,101.825455,101.223404,98.818695,98.68486,98.08437
1992-10-30,139.32779,137.9342,136.33398,147.17715,145.68143,142.91426
1992-10-31,119.27396,117.46224,115.36064,117.70428,116.46862,114.97705
1992-11-01,156.0153,155.14503,153.28902,153.97856,153.04955,151.26901
1992-11-02,126.14354,124.45682,120.52146,128.38123,126.37356,121.87668
1992-11-03,83.76706,80.652855,78.685,85.351456,82.173904,80.3121
1992-11-04,135.30328,135.23834,136.04807,128.4213,129.01825,131.03796
1992-11-05,147.84389,146.4748,144.78998,146.07288,144.83546,143.05281
1992-11-06,118.01647,115.58626,113.59499,121.21393,118.83022,116.544716
1992-11-07,67.27726,67.76485,68.26249,66.88272,67.58454,68.352066
1992-11-08,121.61557,120.78883,119.99739,120.16686,119.451675,118.6802
1992-11-09,126.74245,127.11398,127.03702,120.683464,121.2042,121.792305
1992-11-10,115.78122,113.452415,112.87865,113.13113,110.59835,110.33469
1992-11-11,109.50029,109.71789,111.05473,109.3593,110.33942,112.19601
1992-11-12,99.104614,97.92815,97.7094,99.667435,98.95722,99.32834
1992-11-13,130.19061,128.09206,125.54045,134.33939,132.24896,129.41145
1992-11-14,53.31237,53.05888,52.256035,54.933342,54.778976,53.721634
1992-11-15,75.243385,76.12182,77.80177,71.14277,72.11925,74.031006
1992-11-16,103.23686,102.38481,100.57225,98.182434,97.07711,95.309654
1992-11-17,84.37659,84.01986,84.24093,80.27479,80.28611,81.05183
1992-11-18,104.02177,104.39498,104.68429,101.82165,102.42858,102.846176
1992-11-19,109.49953,109.3978,108.88514,106.77866,107.00629,107.1967
1992-11-20,112.68158,111.19729,108.92428,110.11907,108.74495,106.51559
1992-11-21,102.27849,101.57749,101.782486,98.6132,98.16337,98.92268
1992-11-22,74.57997,75.11285,75.61562,73.61195,74.23088,74.95652
1992-11-23,111.577415,108.88143,103.553535,110.87699,108.27561,102.85032
1992-11-24,101.03929,101.05364,99.967804,99.163994,99.27945,98.23759
1992-11-25,105.256874,103.90254,102.09465,103.50185,101.972206,99.955154
1992-11-26,116.142494,116.617874,115.94246,114.2275,114.6525,114.14251
1992-11-27,118.35442,118.18642,116.72023,117.5593,117.493744,115.81433
1992-11-28,92.030716,92.59792,94.462906,89.63707,90.1688,92.250946
1992-11-29,52.794537,52.03018,51.135433,52.47195,51.62371,50.62029
1992-11-30,77.42809,78.74036,80.04192,70.68443,72.08466,73.91309
1992-12-01,105.82741,104.42024,103.31263,103.20289,101.847755,100.81236
1992-12-02,102.65102,102.28522,101.60497,102.751335,102.718056,102.2412
1992-12-03,68.47808,68.33323,68.39481,70.79397,70.76628,70.99248
1992-12-04,80.440704,77.88036,74.911835,80.40028,77.65101,74.76619
1992-12-05,101.141556,99.95689,97.56662,101.58505,100.22768,97.60264
1992-12-06,98.843124,97.78875,96.49031,97.26096,96.17201,94.70132
1992-12-07,86.30263,86.89045,86.71752,82.60174,83.74609,84.1041
1992-12-08,85.36032,84.624596,82.997604,82.70474,82.22822,80.640236
1992-12-09,91.594055,88.15444,82.588066,89.58877,86.34535,80.90408
1992-12-10,108.9393,108.027565,106.76574,108.22918,107.41454,106.122574
1992-12-11,65.820885,66.392784,66.8022,63.761772,64.43862,64.92554
1992-12-12,53.364487,51.749245,49.69919,54.54702,53.050087,51.07087
1992-12-13,72.8467,72.88487,73.56494,70.73266,70.967674,72.05941
1992-12-14,98.45527,96.98549,94.357056,97.90197,96.569695,94.30754
1992-12-15,85.12641,83.0438,81.06981,86.45188,84.340126,82.068794
1992-12-16,104.00421,102.86325,101.54422,102.957535,101.78899,100.34078
1992-12-17,100.41179,99.54109,98.7469,99.44334,98.45658,97.36557
1992-12-18,101.08354,100.51426,98.649734,99.09867,98.892166,97.58229
1992-12-19,101.95472,100.98909,98.715485,100.24928,99.78533,98.217735
1992-12-20,94.733345,93.336464,92.06592,91.817795,90.70139,90.0527
1992-12-21,93.0165,91.696884,90.85534,89.72188,88.46211,87.9695
1992-12-22,104.23011,103.3705,102.28783,104.41189,103.559906,102.45929
1992-12-23,109.46998,108.28504,106.68619,108.60077,107.41428,105.72447
1992-12-24,64.91859,65.41514,65.43811,65.46804,66.21435,66.750694
1992-12-25,60.964703,59.009846,57.537853,60.038616,58.399628,56.98934
1992-12-26,100.630165,99.66899,98.134186,100.70769,99.727936,98.081314
1992-12-27,95.862236,94.60883,93.42256,92.22019,91.06971,90.41688
1992-12-28,101.29064,100.59184,99.72622,100.3696,99.78469,98.925804
1992-12-29,110.785934,109.38866,107.56311,109.3329,107.969475,106.1911
1992-12-30,99.632484,98.82986,97.65072,100.051956,99.27751,97.945145
1992-12-31,101.153534,101.51734,101.267586,101.58945,101.96719,101.60801
1993-01-01,63.85933,63.350872,62.728775,61.5643,60.995495,60.44591
1993-01-02,102.18504,100.67302,99.14546,102.72491,101.27151,99.76466
1993-01-03,113.26253,112.54825,111.60247,112.37444,111.71099,110.70769
1993-01-04,55.630722,55.361168,55.089367,56.279655,56.054543,55.67021
1993-01-05,106.485085,105.89765,105.06633,103.8903,103.224045,102.51233
1993-01-06,112.81446,111.508156,109.94141,112.44082,111.44595,110.3134
1993-01-07,107.51434,107.11688,106.505325,105.63547,105.19996,104.41683
1993-01-08,96.67378,95.69347,93.87082,96.397255,95.600006,94.050064
1993-01-09,76.63657,75.28264,72.764725,76.14475,74.715,72.12337
1993-01-10,98.73787,97.09241,95.5593,97.65498,96.19933,95.02154
1993-01-11,107.92526,107.14849,106.862946,106.376236,105.50787,105.12385
1993-01-12,100.040054,99.118095,97.521904,97.0422,96.3609,95.0367
1993-01-13,101.77592,101.395836,100.674,97.956566,97.618805,97.18102
1993-01-14,100.64424,99.36653,97.28198,98.74565,97.277374,95.14287
1993-01-15,112.74243,112.139404,111.24341,110.348656,109.65618,108.74009
1993-01-16,106.95119,107.41229,107.11629,109.79968,110.555565,110.318275
1993-01-17,71.51804,70.37785,68.73297,70.901405,69.79314,68.16331
1993-01-18,126.070404,124.25227,122.24391,128.47906,126.44329,123.99273
1993-01-19,114.22359,113.25436,113.16495,112.26585,111.17659,110.796974
1993-01-20,110.48549,110.72665,110.78168,112.179146,112.48626,112.39357
1993-01-21,98.34425,96.05703,93.075676,100.649796,98.34395,95.432724
1993-01-22,113.13253,111.91753,110.58881,117.33662,115.83288,114.12812
1993-01-23,51.925884,50.865723,49.840923,50.89906,50.09161,49.317097
1993-01-24,121.47342,121.84717,121.29038,121.05456,121.371704,120.45801
1993-01-25,98.69585,100.52041,102.5328,94.08809,96.007034,98.25227
1993-01-26,123.30249,123.20334,122.441154,120.40444,120.51413,120.234955
1993-01-27,143.49896,142.60184,141.21387,141.788,140.85776,139.47745
1993-01-28,90.08919,90.837204,91.38419,87.2313,88.04114,88.739395
1993-01-29,141.28455,140.49042,139.23856,140.81966,140.1456,139.06786
1993-01-30,135.73076,133.83911,131.45212,133.87263,131.87292,129.34425
1993-01-31,141.61507,140.3748,139.59592,141.23729,140.03802,139.1454
1993-02-01,125.91929,124.80549,122.07995,125.64088,124.69643,121.98468
1993-02-02,149.82475,147.63379,144.75165,154.16386,152.09041,149.14687
1993-02-03,159.76045,157.26045,154.13881,165.98047,163.84068,160.85402
1993-02-04,139.62857,136.723,135.33667,141.9024,139.14162,137.92142
1993-02-05,163.97426,164.247,162.6733,162.5086,162.98726,161.55797
1993-02-06,154.44643,153.94305,152.84468,153.15414,152.67033,151.542
1993-02-07,143.93805,142.49837,140.276,140.50407,139.29298,137.61057
1993-02-08,169.54277,168.03891,166.0616,168.08568,166.65839,164.99039
1993-02-09,135.69528,134.3521,132.77301,135.2875,134.0081,132.48256
1993-02-10,118.14333,118.693924,117.754486,121.41045,122.07082,120.9749
1993-02-11,82.34725,81.106995,80.12073,80.67381,79.445435,78.551575
1993-02-12,117.51088,117.34176,116.43374,118.9418,118.350266,116.945335
1993-02-13,153.28452,152.42583,152.3783,151.88489,151.47289,152.1646
1993-02-14,187.36343,185.71976,183.7838,186.57918,184.91971,183.08563
1993-02-15,151.28728,152.26448,152.63702,151.36465,152.2898,152.76645
1993-02-16,111.5019,105.37594,99.12432,113.88572,107.5396,100.91893
1993-02-17,144.45128,143.54428,143.49527,144.34544,143.52328,143.5853
1993-02-18,195.76094,194.03249,191.56071,195.42279,193.86942,191.63953
1993-02-19,150.52061,149.13818,147.06592,155.00449,153.78897,152.12305
1993-02-20,139.96342,136.22774,130.15405,143.3335,139.83394,133.75227
1993-02-21,129.37108,124.35929,118.76535,122.49958,117.846375,113.06172
1993-02-22,152.5599,153.40639,153.58875,152.10489,153.1981,153.90636
1993-02-23,178.88629,178.27325,176.48859,182.67155,182.34425,180.74794
1993-02-24,125.52698,125.72456,125.47725,126.80864,127.36825,127.51042
1993-02-25,132.25644,127.67892,122.20767,136.23631,131.85225,126.019615
1993-02-26,176.766,175.72957,174.78671,173.01389,172.10944,171.6616
1993-02-27,193.21292,190.74008,187.42532,193.33871,191.18745,188.09636
1993-02-28,198.7196,197.72383,196.15424,203.1061,202.57407,201.10889
1993-03-01,131.35783,129.03148,126.37176,132.43256,130.07904,127.06719
1993-03-02,159.02612,157.19179,155.49623,160.31328,158.62263,157.10442
1993-03-03,94.132286,91.170685,89.274086,92.53428,89.55389,87.74407
1993-03-04,192.5461,189.44319,188.67122,195.68651,192.30933,190.3202
1993-03-05,84.069786,83.50342,83.09254,84.50475,84.05743,83.67967
1993-03-06,133.03238,124.96319,117.63066,135.44571,127.39956,119.74676
1993-03-07,189.07872,188.20007,189.55417,188.20766,187.66135,189.2915
1993-03-08,164.70578,160.52545,156.9891,164.78688,160.18152,155.50977
1993-03-09,203.64203,203.4796,203.24712,199.93631,200.08998,200.19385
1993-03-10,171.46834,170.61365,172.82324,169.53333,168.78677,170.85391
1993-03-11,215.95741,214.71141,213.86012,211.23485,210.63397,211.05843
1993-03-12,150.29247,147.84471,143.81467,153.0692,150.86462,146.9703
1993-03-13,197.04837,190.36235,182.08788,199.27722,192.99792,184.74937
1993-03-14,148.30164,143.12341,141.57925,146.90599,141.72392,140.40327
1993-03-15,172.24257,171.28761,170.98537,176.83438,175.38408,173.8592
1993-03-16,178.70096,177.44798,174.11694,168.26016,166.91539,164.68243
1993-03-17,154.4392,154.87532,156.42407,146.05081,146.47903,148.28366
1993-03-18,199.78111,196.75407,190.56516,200.15651,197.1456,190.37865
1993-03-19,251.11287,249.67278,247.0485,250.01385,249.12502,246.95718
1993-03-20,192.00829,193.10753,195.37344,191.05763,192.34395,194.04756
1993-03-21,207.06804,208.81941,210.10506,202.57841,204.90007,206.84349
1993-03-22,133.13708,130.22066,127.90051,133.81055,130.99838,128.36823
1993-03-23,228.0454,229.72154,228.16455,223.97989,226.694,225.12212
1993-03-24,226.25899,225.24437,220.15341,229.49425,229.27386,223.75745
1993-03-25,221.51212,218.20764,214.9472,219.08029,215.635,212.25047
1993-03-26,262.76346,263.1062,262.30515,263.6328,263.99683,262.99243
1993-03-27,105.73678,106.83051,108.917564,108.23967,109.70232,111.99638
1993-03-28,160.447,158.1716,155.56927,150.0747,146.81142,143.07396
1993-03-29,205.65126,198.75562,191.93044,209.1001,202.03174,194.49309
1993-03-30,195.0928,189.43146,184.16495,194.56548,188.95464,183.23851
1993-03-31,226.48915,229.25494,230.7721,230.71213,233.4827,234.59264
1993-04-01,244.13202,241.83237,238.28159,245.1474,242.81436,238.48329
1993-04-02,272.30942,268.6495,263.2989,274.06424,270.55878,265.28857
1993-04-03,132.67152,135.65456,140.9132,130.22293,133.4468,138.68962
1993-04-04,204.79967,197.15967,189.04094,191.83417,184.6303,178.34831
1993-04-05,201.75853,197.6596,194.16591,204.85153,199.43967,194.22226
1993-04-06,292.44415,291.31253,289.888,291.67615,290.61725,289.2651
1993-04-07,291.1567,289.8224,288.05426,290.49673,289.2349,287.56378
1993-04-08,267.28937,267.92303,265.7951,263.07806,264.3993,262.7287
1993-04-09,227.28629,227.84837,227.52924,226.79951,227.74489,227.47763
1993-04-10,214.9013,211.99382,209.84518,209.39046,206.23184,204.4497
1993-04-11,248.61601,247.61993,245.18172,248.1761,247.39641,245.34512
1993-04-12,285.06787,282.3223,278.79556,286.2978,283.559,280.19717
1993-04-13,236.2611,235.06638,234.90971,228.22617,227.51825,228.04845
1993-04-14,274.90552,275.14105,273.95996,275.628,275.2467,273.7797
1993-04-15,214.61717,217.84499,220.55049,240.04044,242.83936,243.8009
1993-04-16,305.69342,304.15747,301.6008,306.19464,304.70502,302.6383
1993-04-17,299.05157,297.86636,296.62207,298.53177,297.186,296.31674
1993-04-18,302.86725,301.38797,299.10294,302.68716,301.08884,299.15665
1993-04-19,301.0511,299.93774,298.17798,300.9095,299.70407,298.38953
1993-04-20,287.43372,286.35327,284.41144,285.3336,284.23947,283.09644
1993-04-21,256.71802,253.63252,250.08707,269.36493,265.92313,262.07867
1993-04-22,132.68835,126.92409,122.60461,126.22302,121.053955,117.95455
1993-04-23,252.04338,241.84671,228.13081,244.3776,233.58856,220.40462
1993-04-24,155.98071,153.43156,150.96701,159.663,156.35341,153.66673
1993-04-25,219.49954,218.64847,219.86882,212.4351,211.42677,214.02098
1993-04-26,255.38861,252.80547,251.05925,246.20638,243.28107,242.94672
1993-04-27,273.88376,274.39578,273.82068,276.2748,276.55746,275.61478
1993-04-28,257.44336,257.3403,256.12354,253.49744,253.645,253.54305
1993-04-29,267.95547,267.98434,267.16888,268.6964,268.41064,267.41373
1993-04-30,256.83118,257.89398,256.02176,253.42032,254.6516,253.32637
1993-05-01,257.4096,252.42624,245.83023,250.6206,245.33568,239.93976
1993-05-02,258.77057,256.8774,254.85997,256.75668,254.91682,253.63571
1993-05-03,197.65265,202.58324,208.50941,204.32542,209.50323,216.21005
1993-05-04,164.64069,159.97385,155.53465,172.37053,167.31046,162.24393
1993-05-05,179.35504,173.74779,168.5431,171.44011,164.71085,158.49736
1993-05-06,272.9954,274.82733,275.09076,267.28003,268.5927,270.2154
1993-05-07,243.89792,243.92686,246.77916,235.39992,235.27962,239.28253
1993-05-08,256.47992,256.24792,253.57658,249.84856,249.55925,247.56944
1993-05-09,259.90402,261.85782,263.57306,272.3785,273.50006,275.2776
1993-05-10,320.59717,319.71695,318.15555,318.98868,317.41232,316.15323
1993-05-11,300.52078,301.97583,302.53635,300.1822,301.15903,302.5005
1993-05-12,245.95052,241.79402,236.58897,245.80618,242.10498,237.78355
1993-05-13,251.21774,252.71881,254.06812,244.69638,246.23674,249.16945
1993-05-14,293.83365,298.07962,299.87177,285.4902,290.58627,294.84442
1993-05-15,173.4976,176.83925,180.33197,178.51256,181.2013,184.54002
1993-05-16,244.8419,238.11482,232.30269,249.25656,241.5442,235.87762
1993-05-17,300.6667,302.39685,304.94153,297.94934,299.70343,303.68994
1993-05-18,269.8048,273.74237,277.13968,289.37128,292.22928,295.68048
1993-05-19,315.6416,316.63818,316.12625,319.82208,320.0832,321.04803
1993-05-20,320.87003,325.34958,326.55392,334.72925,338.2544,339.62555
1993-05-21,111.28175,107.99025,106.14397,107.78667,104.949486,104.09221
1993-05-22,290.566,290.7014,290.2007,298.5103,297.82968,297.91913
1993-05-23,242.28348,243.62201,245.52417,245.17607,245.76303,246.5503
1993-05-24,276.23413,276.236,274.52866,277.78458,277.70428,276.4758
1993-05-25,283.15173,286.75192,290.88364,273.85803,277.33383,282.55994
1993-05-26,301.78134,305.17523,307.6874,308.98184,311.2823,313.91916
1993-05-27,127.73097,127.12426,126.864006,129.29332,128.83925,129.29602
1993-05-28,297.54758,298.83606,299.63428,313.1015,313.29706,314.1207
1993-05-29,155.65828,155.39406,156.85129,160.68626,160.08835,162.33649
1993-05-30,329.76102,333.97992,333.2746,327.82443,331.0803,331.22992
1993-05-31,290.04633,293.7294,297.65256,287.9387,290.75784,294.54037
1993-06-01,310.9303,313.1673,315.6831,312.91486,313.84872,316.47702
1993-06-02,276.32397,280.15942,283.25232,281.49997,284.9924,288.62045
1993-06-03,315.3896,314.83774,311.65094,317.45663,316.1867,313.63
1993-06-04,196.28476,194.75182,193.6997,195.11937,192.93839,190.7055
1993-06-05,239.57613,238.50851,234.10263,224.18393,222.1729,216.97992
1993-06-06,182.25768,178.5977,175.88753,179.80595,177.01604,176.00087
1993-06-07,204.30061,201.73717,196.89288,208.27684,205.66768,200.90594
1993-06-08,180.85349,177.49869,175.57869,179.2775,176.01068,174.897
1993-06-09,260.45474,259.87997,259.2979,260.8999,259.95026,260.37112
1993-06-10,318.68143,318.34457,313.99664,318.09872,317.49158,314.04913
1993-06-11,302.48495,309.08698,310.94116,302.2007,308.4771,310.21652
1993-06-12,277.36008,282.69537,286.9738,273.31384,278.85907,283.3843
1993-06-13,321.40057,324.0122,320.5632,318.02914,320.54526,317.34332
1993-06-14,374.24298,374.80267,374.0468,378.41208,378.31192,377.5046
1993-06-15,377.47427,378.19528,377.71017,377.2467,377.53244,377.278
1993-06-16,367.82852,366.8085,363.92606,369.50018,368.0485,365.21252
1993-06-17,362.57687,361.878,359.32126,362.55814,361.2994,358.55417
1993-06-18,332.33722,331.72742,329.53748,328.5523,327.15164,324.27286
1993-06-19,312.977,317.50244,319.04318,306.3688,310.86282,313.07214
1993-06-20,238.51512,239.07504,240.21915,230.88628,231.18536,232.88445
1993-06-21,265.3196,262.60538,258.9311,262.2618,258.8869,256.13156
1993-06-22,313.56424,314.40714,309.66498,312.98788,314.28485,310.0953
1993-06-23,345.6362,346.06656,345.6025,343.232,343.15115,342.23752
1993-06-24,332.87878,332.95218,330.97916,331.14526,330.9509,328.52286
1993-06-25,306.9657,303.90112,294.40573,306.6846,302.95102,292.99802
1993-06-26,222.97128,222.04935,222.64912,223.75069,222.78809,223.84738
1993-06-27,305.02457,302.38574,296.41373,308.68994,305.59454,297.97318
1993-06-28,267.68283,270.75488,274.15106,261.92172,264.29776,267.2684
1993-06-29,356.66553,356.3103,354.47928,360.7505,360.23804,357.83398
1993-06-30,357.08307,359.10474,359.3552,356.59506,358.78522,358.5338
1993-07-01,289.76553,291.40778,293.37064,279.46033,280.93497,282.84592
1993-07-02,214.78862,216.66768,216.70123,210.49513,211.6629,210.31308
1993-07-03,309.37067,307.7583,297.53177,308.68945,306.0119,294.61496
1993-07-04,243.17235,249.98444,260.49805,238.7251,245.49596,257.0444
1993-07-05,307.42438,307.76163,307.69345,302.68747,303.49527,303.50983
1993-07-06,285.71115,286.42706,285.5829,277.46332,277.72696,275.90973
1993-07-07,338.14215,337.3073,334.7749,339.73413,339.59637,337.62552
1993-07-08,221.82726,220.7701,223.94894,220.17616,218.62437,221.42586
1993-07-09,280.94382,282.02158,282.94073,279.26297,280.16455,280.8922
1993-07-10,290.6211,293.8398,296.8016,297.55637,300.2798,301.98712
1993-07-11,282.09467,279.20575,280.84427,265.97754,262.71674,265.33224
1993-07-12,191.3542,193.35777,199.88194,189.28261,190.76949,196.4762
1993-07-13,224.91507,222.51035,222.45462,225.80916,222.84778,222.38814
1993-07-14,312.60718,312.5571,312.10617,317.9741,318.05145,316.60632
1993-07-15,286.83896,291.90298,293.9642,290.62762,296.14645,295.8809
1993-07-16,244.89117,246.37051,249.38411,238.00797,239.47617,241.83102
1993-07-17,228.05692,230.71045,235.02844,220.1862,222.65593,226.47333
1993-07-18,280.02377,281.5052,286.8489,266.11356,268.0588,274.10483
1993-07-19,304.1784,304.78186,306.5922,294.96765,295.73636,297.16144
1993-07-20,268.32645,272.9767,278.882,265.45477,270.3442,276.87964
1993-07-21,328.4192,328.7397,329.56638,328.59116,329.04532,329.15405
1993-07-22,259.1306,260.37802,262.6548,259.5642,261.3069,263.33334
1993-07-23,307.6738,305.15414,301.65567,308.44617,306.8089,303.66653
1993-07-24,320.93185,318.51877,315.49155,324.54312,322.95966,320.28
1993-07-25,316.67993,313.94904,310.15558,319.96594,318.10147,314.47284
1993-07-26,312.69672,309.46768,303.95416,314.56204,312.02225,306.4682
1993-07-27,170.7519,167.83699,165.41095,177.57918,174.80199,172.02644
1993-07-28,190.24408,190.8639,194.83841,190.06758,190.42401,193.63687
1993-07-29,247.4189,243.04704,239.57341,256.62924,251.94255,246.8165
1993-07-30,268.86304,270.56674,270.01767,268.92014,271.61398,271.1047
1993-07-31,229.99901,229.0659,229.85588,227.28091,226.32437,226.01839
1993-08-01,260.2638,256.85095,252.62927,261.51468,257.64877,252.46991
1993-08-02,280.3213,277.88016,274.90732,283.55823,281.09225,277.2485
1993-08-03,260.2836,257.50403,256.2192,264.97644,262.09457,259.4619
1993-08-04,274.4001,273.50653,270.79193,274.4967,273.74493,270.56702
1993-08-05,241.65392,243.96396,246.22845,241.17085,243.52097,245.53453
1993-08-06,237.32588,235.69981,234.9468,233.73022,231.8797,230.47824
1993-08-07,207.65198,209.38628,211.85786,196.67848,198.73193,201.56128
1993-08-08,236.46257,234.09883,230.5145,242.94409,240.22813,234.78214
1993-08-09,261.06323,257.797,254.09935,264.46628,261.06473,256.3902
1993-08-10,268.29498,267.9221,266.8938,271.67313,270.88446,269.52054
1993-08-11,241.67654,241.27895,241.16586,243.47365,242.99753,242.56946
1993-08-12,243.86487,241.68692,238.29756,251.32451,247.85078,243.04236
1993-08-13,254.96272,257.47974,258.94232,248.87111,251.2045,252.72325
1993-08-14,218.06355,213.12106,208.0329,221.30836,216.14192,210.92528
1993-08-15,255.83914,254.47978,253.20825,257.35532,256.2098,255.15665
1993-08-16,259.93875,259.38864,259.6155,257.68646,257.0774,257.40308
1993-08-17,225.51106,225.79538,226.54271,214.81262,215.84242,217.63776
1993-08-18,191.35283,186.98938,183.58224,189.14922,184.35008,180.90154
1993-08-19,239.35907,236.18692,232.82042,240.80287,237.86346,235.01291
1993-08-20,268.2059,267.63516,266.55722,270.6017,269.81433,268.49704
1993-08-21,264.29242,264.00476,262.9322,263.65057,263.42886,262.60703
1993-08-22,177.8971,179.93384,183.58168,168.3735,170.1692,174.00443
1993-08-23,252.32458,254.8525,254.36172,242.4931,245.59262,245.50105
1993-08-24,288.07803,287.49567,286.80713,287.10022,286.60876,286.10303
1993-08-25,272.76166,271.69968,270.3445,271.0589,269.8058,268.3001
1993-08-26,247.83484,250.43741,251.10544,245.63329,248.20444,249.20508
1993-08-27,190.9141,192.10487,195.3032,183.74825,184.79077,188.04222
1993-08-28,231.13428,229.68225,228.6951,224.2535,222.7398,222.23662
1993-08-29,227.26642,228.20607,229.452,220.95975,222.00432,223.76782
1993-08-30,277.59216,276.54102,275.10437,276.4705,275.3347,273.9197
1993-08-31,276.59692,275.11374,272.81647,275.5007,273.8372,271.37747
1993-09-01,270.8061,268.48163,265.2173,270.64786,268.1425,264.6055
1993-09-02,265.15536,263.85123,261.98624,264.4154,263.00888,261.16876
1993-09-03,249.09341,247.59013,245.22849,246.59981,245.03632,242.6238
1993-09-04,162.2,162.6658,164.82826,155.84071,156.17369,158.87032
1993-09-05,270.839,269.9892,269.45227,270.6263,269.7179,269.22647
1993-09-06,270.78207,269.7277,268.41025,270.00934,268.9842,267.94547
1993-09-07,249.8258,249.80414,248.53171,247.28557,247.3024,246.05342
1993-09-08,225.04327,222.8314,220.28549,230.75488,228.53044,226.07884
1993-09-09,232.74168,230.22545,226.3113,233.44237,230.81982,226.73021
1993-09-10,236.27908,234.91002,232.90918,236.03719,234.7366,232.9537
1993-09-11,235.34938,233.85785,231.5676,235.8613,234.52632,232.6308
1993-09-12,232.08325,229.87059,226.58652,233.94133,231.8042,228.56624
1993-09-13,236.35338,234.83347,232.74269,238.90878,237.3829,235.05495
1993-09-14,212.1305,212.07669,210.50287,209.81516,210.19498,208.90434
1993-09-15,170.3443,171.65054,170.17973,159.11308,160.58586,159.40825
1993-09-16,211.19604,207.6685,200.2254,209.03406,205.43585,198.10216
1993-09-17,212.70847,209.79999,205.44067,213.85883,210.90471,206.37035
1993-09-18,215.60785,211.82214,206.07867,220.49823,217.21361,211.8634
1993-09-19,173.62354,175.09685,173.40085,170.98047,172.42854,170.51633
1993-09-20,131.9264,130.76334,132.57259,127.98792,125.63255,126.72874
1993-09-21,134.87027,132.51201,132.64455,135.72154,132.19258,131.18768
1993-09-22,132.80173,130.67036,127.57167,132.88751,130.84106,127.71948
1993-09-23,133.71883,130.93068,128.34906,131.986,128.95714,125.93708
1993-09-24,150.88286,150.50003,149.55238,140.67749,140.24458,139.94168
1993-09-25,165.43146,164.40779,161.93628,149.81386,148.85889,147.53043
1993-09-26,196.3671,195.47925,195.20029,204.55002,203.89445,203.4222
1993-09-27,209.63582,209.0301,207.99152,210.92543,210.356,209.48148
1993-09-28,199.65671,198.06267,195.77695,200.3695,198.60286,196.14818
1993-09-29,167.49762,163.86833,161.09557,163.1995,159.2794,156.91129
1993-09-30,160.7659,160.57811,159.71175,168.4018,167.97491,166.50162
1993-10-01,190.97906,187.78902,181.22887,193.04874,188.93517,181.0028
1993-10-02,168.06575,165.85039,164.30586,163.41394,161.46526,160.47917
1993-10-03,188.62122,188.73427,188.46698,184.65881,184.78683,185.05519
1993-10-04,139.2619,142.08571,146.26537,128.01996,130.84575,136.05293
1993-10-05,164.77574,164.81984,164.97878,164.39716,165.18336,166.23969
1993-10-06,167.77309,164.1258,155.4242,168.3849,164.12878,155.07503
1993-10-07,181.81175,179.28036,175.2988,180.74806,178.7251,176.5679
1993-10-08,178.10043,178.35312,176.44131,182.30875,182.64322,179.88571
1993-10-09,145.44162,142.48299,139.50519,145.09946,142.68236,140.37271
1993-10-10,150.53989,146.53542,141.15887,144.15881,140.44234,135.84506
1993-10-11,144.89076,146.64589,146.27176,139.28748,141.28381,142.59297
1993-10-12,153.09225,155.24889,155.09938,149.9014,152.07622,151.68431
1993-10-13,202.13132,200.16483,197.67552,201.25926,199.33955,196.8011
1993-10-14,155.63286,157.61871,158.52127,153.64793,155.58484,156.42932
1993-10-15,157.48074,156.85918,156.95053,155.99821,155.342,155.19258
1993-10-16,148.55774,149.04657,148.5464,144.7221,146.22072,147.1564
1993-10-17,167.10597,169.12906,170.08963,162.099,164.81564,166.85143
1993-10-18,177.78966,178.06447,175.92642,175.32431,176.04324,174.46947
1993-10-19,136.41078,135.94408,138.46768,142.0028,142.11469,145.28178
1993-10-20,69.57277,72.8111,77.06015,68.23741,71.21108,75.05318
1993-10-21,145.77356,144.08473,142.5779,147.10847,145.6317,144.38509
1993-10-22,127.20035,125.69621,124.381035,120.27581,119.12715,118.418396
1993-10-23,167.45612,166.32294,163.11542,164.24348,163.81554,162.18187
1993-10-24,159.0914,157.73659,156.40907,159.63625,158.40927,156.93085
1993-10-25,135.55817,134.29979,132.42639,135.10123,133.5109,131.25085
1993-10-26,157.65184,155.90758,153.89777,154.97667,153.16968,150.76848
1993-10-27,153.23726,153.29407,152.29137,148.00287,148.59741,148.62192
1993-10-28,155.07028,152.91496,150.32002,150.90694,148.92459,146.71802
1993-10-29,139.25977,139.21742,139.90341,143.65149,143.3598,143.89539
1993-10-30,84.82399,84.58523,84.66212,83.08861,82.77748,82.764
1993-10-31,87.835335,85.20811,81.561325,83.31214,80.92744,77.669624
1993-11-01,103.530396,103.01383,103.44483,99.60078,99.127396,99.44898
1993-11-02,124.616135,123.426,122.33926,119.45498,118.40989,117.92848
1993-11-03,99.01166,100.40224,101.94156,93.92745,95.40258,97.18012
1993-11-04,152.97243,153.5702,152.03455,152.7328,153.4836,152.04982
1993-11-05,154.66603,154.09143,153.48955,152.79597,152.09232,151.59816
1993-11-06,125.52776,121.71233,117.708176,121.83084,118.038216,114.02833
1993-11-07,120.073364,119.36258,117.78033,117.113754,116.70282,115.101364
1993-11-08,114.7055,112.92554,110.9453,118.25686,116.16654,113.409775
1993-11-09,121.62346,119.35362,116.36533,122.99255,120.92756,117.87245
1993-11-10,100.577614,99.04506,97.80081,101.007034,99.76539,98.75237
1993-11-11,114.39929,111.57444,107.554825,114.41972,111.55581,107.36592
1993-11-12,112.12537,109.85015,103.853645,110.248055,108.62626,102.84476
1993-11-13,152.56602,150.95181,148.55244,151.82788,150.22772,147.59697
1993-11-14,136.63106,135.75809,134.72844,138.13904,137.21965,135.73898
1993-11-15,81.933464,82.40148,83.222404,84.99422,85.61668,86.48966
1993-11-16,92.78483,90.903755,87.843346,87.409424,85.55126,82.77922
1993-11-17,106.22878,105.166214,104.85807,102.32816,101.34299,101.31424
1993-11-18,113.39977,113.23186,112.81902,112.86557,113.072754,113.142296
1993-11-19,114.93682,114.051285,112.67726,113.47053,112.650856,111.12286
1993-11-20,78.75609,76.77251,75.24686,86.48634,84.38375,82.531525
1993-11-21,57.28168,56.68819,56.270393,54.20107,53.532803,53.274998
1993-11-22,106.32845,102.21738,97.209915,104.123314,100.08451,95.24908
1993-11-23,98.5375,98.88674,98.81055,97.107025,97.57553,97.35144
1993-11-24,94.866,94.1324,92.103294,95.300575,94.63361,92.43464
1993-11-25,92.49094,92.349304,91.67699,89.07862,89.11648,88.991234
1993-11-26,114.74433,114.50394,113.34746,113.49446,113.19026,111.717606
1993-11-27,95.9644,95.82896,94.7902,96.195335,96.13673,95.32218
1993-11-28,48.79841,47.852592,46.72898,50.42875,49.461266,48.152622
1993-11-29,51.667305,51.122265,50.028275,51.11132,50.716312,49.744343
1993-11-30,86.80873,86.67849,85.812836,85.295425,85.269554,84.67936
1993-12-01,86.59405,85.13781,82.48964,90.31153,88.95496,86.21506
1993-12-02,92.40451,92.29364,92.78011,88.11801,88.154884,89.73936
1993-12-03,65.681206,63.569534,62.017994,68.18139,65.93094,64.439476
1993-12-04,103.89825,103.74509,102.706535,103.184616,103.19789,101.95135
1993-12-05,114.21154,113.38502,112.276505,113.730286,113.07862,112.02757
1993-12-06,110.793526,108.9397,106.06688,110.55689,108.816505,105.99574
1993-12-07,73.50973,74.74154,75.64628,72.22723,73.758804,74.927704
1993-12-08,102.44627,100.51551,97.6548,102.31743,100.42617,97.36776
1993-12-09,86.13282,85.71964,85.50164,82.28848,82.007065,81.86386
1993-12-10,73.57759,74.39564,75.10643,68.099045,69.31138,70.76538
1993-12-11,85.14723,82.846695,80.312546,88.08225,85.72725,83.1622
1993-12-12,105.20811,103.36273,101.18268,106.54999,104.876495,102.84392
1993-12-13,91.53507,88.83541,85.74088,95.22477,92.783424,89.79809
1993-12-14,86.81893,81.94044,76.1471,90.17841,85.45643,79.44101
1993-12-15,106.3789,104.44374,101.31915,106.431526,104.871735,102.305046
1993-12-16,62.246597,61.375214,61.895836,62.37694,61.63706,62.440334
1993-12-17,57.28008,56.5684,56.274258,57.85948,57.235664,57.157887
1993-12-18,78.99614,78.86118,78.5931,77.28666,77.250305,76.70573
1993-12-19,96.73033,95.50238,93.20324,97.340355,96.45497,94.388084
1993-12-20,60.365143,59.07791,58.599262,60.096157,58.608215,57.97196
1993-12-21,88.5212,85.970436,81.5067,88.68521,86.34837,82.04515
1993-12-22,48.17917,47.951504,47.669003,48.06502,47.872974,47.713306
1993-12-23,75.02596,73.990074,72.93193,75.19004,74.178,73.196365
1993-12-24,38.772614,38.289307,37.485737,39.74665,39.309277,38.540863
1993-12-25,55.211826,53.820396,52.45268,52.758602,51.4208,50.32828
1993-12-26,100.76308,99.74238,98.63117,98.286995,97.19196,96.09539
1993-12-27,111.76854,111.14389,110.576744,110.15164,109.570786,109.00351
1993-12-28,108.715324,107.675026,106.188515,108.714226,107.808136,106.3437
1993-12-29,66.6382,65.19138,63.711586,66.65743,65.33574,64.17191
1993-12-30,117.387985,116.429184,115.26998,116.46176,115.57957,114.43726
1993-12-31,52.112827,51.779305,50.988262,51.96761,51.67027,50.948658
1994-01-01,54.3415,54.139168,53.697044,53.33007,53.136806,52.654392
1994-01-02,107.22578,105.93731,104.081345,105.197754,104.01749,102.38297
1994-01-03,122.08086,121.1608,119.84179,121.142685,120.277214,119.07166
1994-01-04,108.28994,106.32643,103.69481,107.06548,105.00216,102.14176
1994-01-05,67.08431,67.99632,68.84694,66.7068,67.866005,69.248276
1994-01-06,66.95317,65.67539,63.764877,63.21596,62.098648,60.345615
1994-01-07,57.721455,57.04128,56.602497,56.518764,55.95173,55.73613
1994-01-08,77.20006,76.48551,74.394936,78.38021,77.799934,75.730415
1994-01-09,116.63408,115.94459,114.45802,117.23106,116.77063,115.444435
1994-01-10,117.14276,116.17207,114.84065,114.19541,113.277534,111.98576
1994-01-11,104.25301,104.532394,104.08052,101.09952,101.37505,100.76279
1994-01-12,106.29864,106.167244,106.13052,103.143105,103.21848,103.85445
1994-01-13,100.092285,98.265564,96.47545,100.7779,99.23436,97.75482
1994-01-14,129.60762,129.47041,128.65982,129.33463,129.2779,128.594
1994-01-15,94.09978,93.847946,92.838486,90.77509,90.73617,89.906334
1994-01-16,92.3417,91.757385,90.749016,90.59806,90.20513,89.45668
1994-01-17,96.07932,95.34994,94.40265,98.210754,97.4718,96.524
1994-01-18,95.910835,95.03984,93.3164,95.75295,94.875824,93.280945
1994-01-19,72.9665,70.53065,69.71832,73.113396,70.50965,69.37318
1994-01-20,55.79023,54.61339,53.386116,55.30469,54.19136,53.08727
1994-01-21,86.56028,86.96802,88.60913,84.52176,85.345314,87.53258
1994-01-22,115.48245,114.19622,111.8577,114.622986,113.20739,110.60785
1994-01-23,93.605125,90.086426,88.81205,86.88817,83.55866,83.57887
1994-01-24,115.03165,112.69102,109.35608,112.96552,110.6144,107.633125
1994-01-25,64.875145,62.60102,60.878326,64.02059,61.576374,59.89553
1994-01-26,124.0906,122.56429,120.792786,123.24985,121.604454,119.63968
1994-01-27,145.37022,144.48846,143.39653,148.94751,147.9744,146.66875
1994-01-28,93.57712,92.614204,91.36008,92.378204,91.463425,90.42988
1994-01-29,118.75694,119.03791,118.47972,115.69741,116.33705,116.10382
1994-01-30,124.780266,122.648766,120.47701,124.67438,122.73537,120.73746
1994-01-31,157.39857,154.8735,151.39774,156.73167,154.14967,150.72037
1994-02-01,123.270386,122.44795,121.362495,125.61858,124.66893,123.57956
1994-02-02,161.80911,160.83742,159.05634,161.26,160.33119,158.90932
1994-02-03,112.5072,109.897484,106.95058,119.91187,117.43611,114.64267
1994-02-04,170.18161,166.42175,160.27199,169.5208,165.76282,159.71494
1994-02-05,160.03973,161.16992,160.73317,159.43922,160.58846,160.22952
1994-02-06,141.405,140.18909,137.51701,139.25421,138.18422,135.90683
1994-02-07,136.176,136.66248,134.05559,133.8506,134.67642,132.86101
1994-02-08,148.79387,147.45454,145.7393,150.11975,148.67107,146.82204
1994-02-09,180.23567,178.83113,176.83904,179.75,178.31535,176.3713
1994-02-10,102.809784,103.33028,103.627174,99.48469,100.11073,100.91826
1994-02-11,92.510605,91.910324,91.498215,90.698875,90.15473,89.85758
1994-02-12,54.231045,54.278023,55.58521,49.33831,49.00288,50.358047
1994-02-13,119.04887,116.56072,114.18498,116.74475,114.08307,111.73266
1994-02-14,165.4584,163.90584,161.13622,164.7249,163.56009,161.18057
1994-02-15,185.09381,183.60844,182.02217,187.51726,186.17296,184.44527
1994-02-16,129.20903,127.904686,125.631546,128.64836,127.09993,124.4937
1994-02-17,182.05194,180.97769,179.91919,180.83963,180.02327,179.11485
1994-02-18,148.80756,147.05098,144.44113,147.06134,145.21844,143.04192
1994-02-19,194.3176,192.09996,189.08232,194.08879,192.24883,189.69301
1994-02-20,205.06378,202.49792,198.49507,205.26224,203.2709,200.20534
1994-02-21,147.26529,145.25996,143.6165,148.41774,146.36673,144.3292
1994-02-22,197.05466,193.27512,188.41222,201.12212,197.80254,193.22421
1994-02-23,199.34154,196.05005,191.56468,198.2361,195.10986,190.98106
1994-02-24,199.42857,198.6258,197.54584,198.91924,198.27829,197.04851
1994-02-25,154.34976,155.07234,154.5138,151.35023,152.5091,152.45493
1994-02-26,178.62804,177.83458,176.80074,175.12831,174.26527,172.9271
1994-02-27,183.42242,181.85019,179.8153,187.37903,186.02162,184.04709
1994-02-28,120.77848,118.508545,115.98157,123.99603,121.87547,119.61637
1994-03-01,146.34453,142.07806,138.43927,144.89273,140.6519,136.99901
1994-03-02,224.24661,221.89575,219.06464,223.53987,221.37271,218.63177
1994-03-03,172.61983,172.34657,171.32213,172.17049,172.02808,170.88669
1994-03-04,161.58075,159.51952,156.96071,167.3156,165.20406,162.59006
1994-03-05,145.26265,143.41447,140.96242,156.68304,154.56096,151.98785
1994-03-06,142.86621,142.66011,141.2205,145.31126,145.54381,144.4034
1994-03-07,88.10152,87.00398,86.840965,86.26648,85.3226,85.22738
1994-03-08,174.87679,173.16469,171.25183,174.46764,173.22153,171.95091
1994-03-09,195.3979,194.36221,192.84386,197.72122,196.66766,194.94872
1994-03-10,132.89154,131.59167,128.69812,121.59272,120.132,117.61106
1994-03-11,226.52708,226.78917,225.68481,231.1143,231.34364,229.4498
1994-03-12,93.639046,92.16729,90.31579,96.87168,95.71548,94.10961
1994-03-13,242.15082,239.60307,235.72444,241.48111,239.19757,235.1738
1994-03-14,216.36136,215.04826,213.33006,214.65681,213.50462,211.64716
1994-03-15,153.21341,154.2486,154.46487,144.66328,146.34267,147.41888
1994-03-16,123.82077,122.45278,120.87522,122.82472,121.76288,120.51664
1994-03-17,205.61761,201.86333,196.93834,201.47458,198.71849,195.03961
1994-03-18,140.1327,137.11534,135.98979,137.0458,134.6489,134.33327
1994-03-19,227.53596,228.35014,227.6361,225.41922,226.11703,225.25536
1994-03-20,126.81392,126.570526,127.788605,127.12435,127.965576,130.0901
1994-03-21,150.20758,148.26259,145.52155,148.6533,146.92796,144.23499
1994-03-22,187.15494,184.96909,182.24438,188.90031,187.05374,184.91505
1994-03-23,243.8592,240.69397,234.70995,245.45985,242.77701,236.59787
1994-03-24,239.20422,236.22577,232.48672,238.22107,236.01183,233.03282
1994-03-25,101.893295,101.10657,101.01604,103.5476,102.72277,102.40567
1994-03-26,255.3579,252.86415,250.9707,254.78241,252.2965,250.08838
1994-03-27,104.93272,104.42841,104.27234,101.75614,101.10439,100.83096
1994-03-28,221.72,223.20932,222.56447,216.41644,218.26543,217.73903
1994-03-29,214.5594,213.38188,211.91678,216.75658,216.01799,214.87234
1994-03-30,220.7523,220.98624,220.76283,218.7755,219.25464,219.57985
1994-03-31,247.7273,244.82275,240.62659,246.3173,243.858,240.08987
1994-04-01,188.01752,186.27815,183.57788,186.54439,184.95363,182.4479
1994-04-02,257.03143,253.97008,251.05444,259.72772,256.54892,253.89192
1994-04-03,263.11948,262.7983,262.44766,263.76657,263.14734,261.95273
1994-04-04,219.35114,219.26465,218.81914,213.4763,213.97162,214.20647
1994-04-05,266.09607,264.10864,261.302,264.06497,261.89764,259.49106
1994-04-06,210.7525,208.06648,204.03558,206.37979,203.8328,199.52109
1994-04-07,179.53636,175.40372,171.61089,179.6365,175.7709,172.13664
1994-04-08,229.23439,229.19615,229.4603,228.68633,228.39456,228.3247
1994-04-09,296.8839,296.14404,294.44885,295.65683,295.0061,293.52563
1994-04-10,287.60403,286.3727,281.75143,289.65808,289.35272,286.4333
1994-04-11,234.85536,234.84972,232.39375,240.61723,240.47972,237.71414
1994-04-12,173.82008,172.57568,175.20145,172.79599,171.07338,172.81613
1994-04-13,207.46594,205.05103,200.9833,222.65552,220.17177,216.39345
1994-04-14,123.5741,124.60999,124.824165,129.18047,130.5241,131.08493
1994-04-15,262.90417,260.99423,255.26721,264.6875,262.99646,257.20312
1994-04-16,263.33307,261.1887,258.90277,266.72925,264.54727,263.48322
1994-04-17,286.93127,288.42288,287.78528,290.20892,291.7447,290.8866
1994-04-18,208.5858,213.0253,215.03711,219.68666,224.12865,226.12471
1994-04-19,215.65433,214.79198,207.69435,209.73196,208.74335,201.921
1994-04-20,184.67432,182.2756,178.7854,176.5102,174.66054,172.22153
1994-04-21,122.935265,121.854,121.51181,123.14964,122.23031,122.25607
1994-04-22,218.40874,217.68335,217.12544,211.83926,209.97763,209.40819
1994-04-23,203.95132,198.75008,193.72546,193.43898,188.18822,184.78426
1994-04-24,272.07803,272.97876,271.50354,270.0239,270.78992,270.27573
1994-04-25,217.85985,215.20384,211.48201,229.64749,226.62296,223.47597
1994-04-26,259.2634,259.59552,259.33582,266.3112,266.20364,266.49277
1994-04-27,125.66985,124.759026,124.40266,126.56138,126.17909,126.77233
1994-04-28,153.51956,152.74518,154.36574,148.19637,146.84064,148.67392
1994-04-29,254.56647,254.9166,249.88098,251.5607,251.29086,246.85844
1994-04-30,137.97662,132.4174,130.01688,140.73438,134.76012,132.64888
1994-05-01,289.23926,287.08948,282.78537,294.37863,291.48798,287.033
1994-05-02,264.456,263.74957,264.64008,255.56047,254.51433,256.23505
1994-05-03,248.65042,249.63258,249.18494,241.53806,243.05315,244.56256
1994-05-04,184.11784,178.90517,173.0425,185.47871,179.68484,173.55238
1994-05-05,310.01883,309.3832,308.08105,312.12216,311.38715,311.42065
1994-05-06,168.01562,169.42502,170.78375,181.1654,182.28198,183.5723
1994-05-07,183.50385,178.19328,172.82794,183.3634,177.59341,172.29202
1994-05-08,222.1147,219.65276,219.05391,216.42964,213.54547,214.4186
1994-05-09,261.65436,261.94928,261.911,251.16225,251.15828,252.69437
1994-05-10,204.41829,205.03427,206.18094,199.48125,199.1739,200.11427
1994-05-11,198.53426,196.72368,194.32892,203.079,200.77849,198.77835
1994-05-12,315.70663,311.83344,306.5315,322.62787,319.28152,315.77115
1994-05-13,331.75034,331.40128,327.97797,332.39,332.39706,331.2375
1994-05-14,285.0868,289.85663,293.81876,282.3554,286.94186,292.1323
1994-05-15,278.02383,277.0773,274.93005,270.78378,269.2439,268.3217
1994-05-16,295.1896,296.2904,295.6457,290.86942,291.6719,292.03806
1994-05-17,288.40512,290.7439,291.70963,281.23132,282.74515,283.49487
1994-05-18,306.25198,301.52213,293.6221,302.96255,297.6528,290.65125
1994-05-19,319.72345,319.80948,319.4372,321.2244,321.23746,322.24167
1994-05-20,308.15875,302.8206,287.76666,305.90842,301.9925,290.0298
1994-05-21,189.86389,190.19925,194.3037,189.41985,190.50327,195.9328
1994-05-22,324.83038,320.4589,305.11755,324.0686,317.64816,301.59326
1994-05-23,258.00217,256.87335,256.37952,267.5722,264.37927,262.0133
1994-05-24,287.57513,289.9361,291.72223,298.6847,301.95038,303.39917
1994-05-25,301.45493,305.3075,306.62625,299.76825,303.2538,304.9985
1994-05-26,249.70941,254.22455,258.05145,240.22668,244.56093,249.79211
1994-05-27,226.90138,225.22032,221.73459,239.69855,238.12944,236.71483
1994-05-28,265.25522,269.95883,273.18332,272.92307,276.70233,280.1956
1994-05-29,217.06583,214.5579,211.68044,208.22487,205.66135,203.83028
1994-05-30,257.11682,254.47043,252.89793,249.19232,244.52835,243.33923
1994-05-31,274.21066,268.72827,260.39267,294.20392,287.60764,277.9091
1994-06-01,223.96579,221.57187,222.2093,225.21814,221.39755,221.64162
1994-06-02,317.69296,313.35776,306.9846,318.23987,313.5318,307.33734
1994-06-03,306.65118,304.55392,302.85544,308.66544,305.66934,303.88867
1994-06-04,233.52278,233.8303,235.38388,230.2829,229.98383,231.97705
1994-06-05,318.1045,316.7413,313.78256,317.2943,315.67908,314.1913
1994-06-06,327.26044,328.6992,328.57925,329.0648,330.31778,330.7611
1994-06-07,280.18704,280.1871,280.87494,275.408,274.9668,276.36368
1994-06-08,373.39972,373.71713,372.63266,375.62222,375.2752,374.50174
1994-06-09,363.67828,361.665,357.4421,362.5981,360.13504,356.5815
1994-06-10,351.57104,350.683,348.18,351.3832,350.00916,347.8119
1994-06-11,340.36554,339.54523,335.06128,339.93085,338.49274,333.8184
1994-06-12,323.16156,321.99588,318.74594,325.69455,324.02673,321.07376
1994-06-13,277.18588,276.51346,277.22842,279.10516,277.53262,277.66983
1994-06-14,252.51411,252.64848,250.716,254.06602,254.09108,252.72157
1994-06-15,241.90027,238.14433,230.76276,249.68285,246.60953,240.41492
1994-06-16,245.86617,240.67679,235.77994,255.41702,249.53838,244.69424
1994-06-17,358.5961,356.5234,352.9726,363.3796,361.15588,358.16217
1994-06-18,336.32956,335.45984,334.32947,355.84198,354.55557,352.6191
1994-06-19,343.97086,342.19336,338.94403,350.94412,349.6518,347.19092
1994-06-20,314.12317,314.93848,313.65958,314.85898,315.67932,314.4902
1994-06-21,276.97446,282.77347,288.62308,283.80243,289.34494,294.58667
1994-06-22,303.2486,303.29523,302.00815,315.5326,315.61505,313.57663
1994-06-23,324.27206,326.1128,325.90662,323.82437,326.04343,326.33548
1994-06-24,234.80963,240.1238,246.14073,227.69832,232.83588,238.42758
1994-06-25,351.0026,347.80753,338.86026,348.53308,345.57504,336.6023
1994-06-26,363.6732,363.68018,363.08682,359.9364,359.8397,359.3812
1994-06-27,360.98505,361.9571,362.53207,359.53296,360.3566,360.7471
1994-06-28,287.4033,290.8167,293.22635,287.86667,291.52243,293.55566
1994-06-29,221.35147,226.40063,233.5006,217.85588,222.55612,229.71054
1994-06-30,323.99255,325.19196,325.4547,327.1103,328.0565,327.78128
1994-07-01,255.7089,258.08936,261.23798,249.8874,252.0987,255.43483
1994-07-02,292.5717,294.85138,295.83377,286.87433,289.3901,291.0894
1994-07-03,262.83545,263.86795,264.64545,257.3701,258.66013,259.5993
1994-07-04,326.99396,326.61728,324.17728,329.13168,329.43372,326.75333
1994-07-05,221.7923,222.26187,226.249,224.20863,224.15279,227.31003
1994-07-06,362.72824,362.8291,362.2969,366.31873,366.32047,364.6952
1994-07-07,291.96423,289.58218,288.58368,299.11478,296.27542,293.60016
1994-07-08,312.87955,315.74234,313.4909,308.01654,310.02744,305.68082
1994-07-09,210.40927,215.27417,222.15164,207.57013,212.17792,218.43289
1994-07-10,290.09296,284.5075,274.44247,291.65216,286.7653,275.81073
1994-07-11,269.18283,269.43713,272.74496,257.80096,257.97372,260.53418
1994-07-12,328.39227,327.94766,327.1469,326.10724,324.88046,322.5897
1994-07-13,222.40648,222.53816,223.47884,215.07051,215.08485,215.53629
1994-07-14,277.6354,281.48694,285.37427,278.2829,281.29514,283.66187
1994-07-15,274.39575,271.05356,267.81415,291.38193,287.15622,281.8098
1994-07-16,326.15228,327.06674,328.78665,324.35132,325.96393,328.02515
1994-07-17,297.96088,298.22794,301.84537,317.46063,318.01154,319.5353
1994-07-18,296.93958,299.43784,299.4472,299.9703,302.90448,302.87286
1994-07-19,243.1425,245.11479,248.77185,236.24715,237.99101,241.13713
1994-07-20,253.4824,257.7774,262.13824,252.17168,256.3831,259.6728
1994-07-21,257.38348,254.52492,254.361,263.26733,260.11703,259.19244
1994-07-22,293.0869,292.76596,293.3307,303.5804,302.96017,301.4293
1994-07-23,217.41904,211.2868,208.83957,218.15541,211.73923,207.98938
1994-07-24,300.79703,301.92322,303.60782,298.7234,299.62646,300.7866
1994-07-25,210.38655,211.52338,214.19965,211.36713,212.14288,213.41212
1994-07-26,264.49176,263.27887,260.91394,262.19995,261.94476,260.18347
1994-07-27,266.04733,269.5913,272.23788,269.06143,273.1696,275.4544
1994-07-28,250.08032,247.30876,244.6418,254.14905,251.7602,248.512
1994-07-29,254.01042,247.7808,239.983,257.67914,251.49147,242.54242
1994-07-30,240.07446,238.49562,235.54008,239.5122,238.61118,235.2393
1994-07-31,243.09242,240.25728,237.72923,236.921,235.08725,233.59283
1994-08-01,290.792,292.93362,291.18088,287.21887,290.43945,288.92694
1994-08-02,249.13872,248.9864,247.95753,245.0109,245.03018,244.02493
1994-08-03,228.86345,226.3508,219.39084,225.90283,223.76915,216.86584
1994-08-04,210.35988,208.64949,206.54915,210.23412,208.48497,206.04137
1994-08-05,270.7373,270.3677,268.83057,261.13593,260.6129,258.6918
1994-08-06,295.6135,290.46054,280.6787,297.0347,292.46793,282.68506
1994-08-07,284.55112,282.76117,280.44626,288.14764,286.99063,284.8222
1994-08-08,259.88773,257.63748,255.87405,265.33502,263.4975,261.6302
1994-08-09,209.71451,209.30264,208.7426,212.9544,212.782,211.95717
1994-08-10,173.70245,172.08476,170.82892,177.8612,176.16364,173.70093
1994-08-11,258.17184,258.3633,252.01062,270.9947,273.5088,266.7741
1994-08-12,220.0436,214.52896,210.78363,219.26622,213.67247,210.02185
1994-08-13,214.82654,210.27083,206.24,214.741,209.47649,204.76555
1994-08-14,213.50012,213.54729,212.25954,217.10481,217.04762,214.41962
1994-08-15,204.17978,204.28558,204.55066,208.4107,208.53293,208.11848
1994-08-16,280.1996,280.47842,280.1238,275.70456,276.67612,277.0417
1994-08-17,288.13104,287.21725,285.39468,286.60776,285.8454,284.09085
1994-08-18,272.00137,271.29153,270.99716,279.6135,278.9098,277.9626
1994-08-19,245.39262,246.3893,246.30472,238.7097,240.09834,240.23097
1994-08-20,149.78839,152.9909,156.86232,145.70422,149.41501,153.59819
1994-08-21,179.6943,174.50264,173.14069,185.42555,179.2289,177.8503
1994-08-22,242.59233,246.15456,248.99458,258.6667,261.46436,262.55035
1994-08-23,171.68727,170.90828,172.058,170.71579,169.16653,169.38158
1994-08-24,210.03448,211.64839,211.71262,204.73112,206.66537,207.48842
1994-08-25,280.90097,280.1207,278.81244,282.67197,281.94702,280.98264
1994-08-26,274.4476,275.6554,275.73688,277.5844,278.01654,277.7337
1994-08-27,261.8386,266.558,265.2327,262.4179,267.5959,267.12125
1994-08-28,141.32858,143.65761,147.82178,137.65305,140.08652,145.13045
1994-08-29,215.35797,208.98859,199.25471,218.05164,211.09015,200.68309
1994-08-30,245.44078,241.93588,238.267,248.31248,244.43034,239.68547
1994-08-31,178.59842,175.17805,172.62091,178.46802,174.57877,171.16524
1994-09-01,267.52072,266.7846,263.97574,265.51474,265.00607,262.33057
1994-09-02,267.44278,267.7201,267.2174,271.4636,271.02875,270.1956
1994-09-03,184.97664,182.98822,183.3529,196.65042,194.73654,194.54
1994-09-04,210.97943,210.54301,210.83391,208.84221,208.36078,208.93312
1994-09-05,252.49532,250.47827,247.80428,255.84045,254.26314,252.35513
1994-09-06,213.43813,213.60376,211.88046,210.48264,210.50044,208.95381
1994-09-07,225.92464,223.51309,221.49036,222.0015,219.65273,218.33801
1994-09-08,208.29875,207.82878,208.04576,206.60661,206.24748,206.98631
1994-09-09,176.8131,173.322,167.11296,168.9812,165.34674,158.7348
1994-09-10,187.13159,188.2985,188.8839,202.2341,202.9253,203.33914
1994-09-11,255.85957,252.77487,247.34665,261.90854,259.78528,256.52994
1994-09-12,253.21443,251.2973,248.84029,256.44034,254.92365,253.3936
1994-09-13,257.30283,255.8994,254.19455,256.7887,255.42531,254.01291
1994-09-14,168.68683,171.0587,175.82521,157.73347,160.19052,166.01447
1994-09-15,251.42647,249.96533,248.80522,253.02611,251.52718,250.22015
1994-09-16,250.12045,249.03003,247.4001,248.65723,247.71657,246.46803
1994-09-17,207.38991,206.52971,204.69835,207.44173,206.54172,205.06802
1994-09-18,152.10898,149.74353,146.95964,142.64983,140.24805,137.56367
1994-09-19,128.36705,122.13387,119.58539,129.61821,123.56224,120.93812
1994-09-20,201.7575,201.51033,200.87337,198.2112,198.30794,197.983
1994-09-21,179.24446,179.20584,179.31383,178.61717,178.40895,178.49956
1994-09-22,245.40068,243.86058,242.05482,245.05151,243.48907,241.815
1994-09-23,237.40775,235.82219,233.78299,237.33751,235.72673,233.8988
1994-09-24,212.90279,213.91437,213.05551,216.11806,216.50409,215.64726
1994-09-25,190.60707,189.33978,184.7648,192.2003,191.04886,185.91817
1994-09-26,238.3964,236.81532,235.00914,237.47754,235.89154,234.21904
1994-09-27,217.80724,215.87411,213.61777,214.0211,212.08836,210.01509
1994-09-28,168.44804,166.58727,163.51422,169.31012,167.01083,163.15414
1994-09-29,172.57063,171.58366,173.45903,169.2073,167.63475,169.71243
1994-09-30,174.08069,175.40573,176.53598,174.18289,175.60088,177.93475
1994-10-01,228.29604,226.60384,224.76434,227.35204,225.66145,223.9284
1994-10-02,224.17485,222.37106,220.14345,223.44511,221.64589,219.46814
1994-10-03,207.66649,206.87769,205.80818,204.08334,203.59076,202.94911
1994-10-04,157.34988,156.47723,158.2148,148.47722,147.723,149.9323
1994-10-05,154.62479,156.69447,156.6733,164.8243,166.50075,164.19121
1994-10-06,184.25076,181.9469,177.96524,187.05466,185.89119,184.08403
1994-10-07,144.83069,146.14806,147.66594,151.83978,153.15479,153.94196
1994-10-08,147.92365,149.3758,149.50598,140.7633,142.8323,143.75298
1994-10-09,172.02472,171.01462,171.58826,166.89732,166.64156,168.38336
1994-10-10,195.64127,194.71767,193.89708,196.42966,195.54724,194.41008
1994-10-11,191.14513,190.87283,189.66623,190.51477,190.31589,189.09895
1994-10-12,164.35524,164.79291,165.37479,165.44525,165.93413,166.58972
1994-10-13,192.83528,191.16068,188.19055,193.2563,191.88779,189.4899
1994-10-14,183.79965,181.27008,178.53044,183.67888,181.61765,179.49054
1994-10-15,168.60674,166.22679,164.17323,168.65215,166.43237,164.19643
1994-10-16,179.555,178.65851,176.97305,179.01732,178.09639,176.29033
1994-10-17,158.86307,156.35828,154.47688,155.8346,153.2121,151.36546
1994-10-18,157.35857,154.2298,152.44087,154.72787,151.62416,149.93727
1994-10-19,173.98247,170.70981,165.96059,176.24728,173.1482,167.74852
1994-10-20,151.07666,149.72107,147.1381,150.86807,149.48798,146.56528
1994-10-21,173.96085,171.41415,167.785,175.0475,172.61015,168.68314
1994-10-22,174.38866,172.46248,171.03416,172.35101,170.40181,168.89388
1994-10-23,153.24686,152.18842,152.12157,149.0085,148.18643,148.42053
1994-10-24,166.32549,164.46115,161.31155,164.85873,162.98419,159.37842
1994-10-25,118.60754,117.76242,116.954124,117.26175,116.12766,115.243904
1994-10-26,148.51811,147.45306,147.21286,146.7388,145.73169,145.1464
1994-10-27,145.2263,144.65323,145.39415,142.48932,142.34276,143.4766
1994-10-28,162.48808,159.01398,154.62315,159.2281,156.35497,153.33401
1994-10-29,157.82368,157.0525,154.0053,157.30467,156.87047,154.42067
1994-10-30,153.81769,153.63864,151.69621,152.71318,152.40323,150.28748
1994-10-31,138.07457,136.2133,134.20428,139.37051,137.10786,134.7794
1994-11-01,148.40746,146.99236,144.45988,151.0536,149.32245,146.37653
1994-11-02,144.85239,142.87572,141.19933,149.26802,147.53671,146.17168
1994-11-03,128.6384,127.36473,124.316925,131.7741,130.43259,126.840904
1994-11-04,99.38399,95.91579,93.62975,98.43346,94.802956,91.85403
1994-11-05,112.644905,112.44083,111.71016,113.501724,113.36668,112.0695
1994-11-06,113.62612,113.74124,115.073616,108.88243,108.87241,110.29233
1994-11-07,146.5586,145.09746,143.15749,144.74002,143.71443,142.95593
1994-11-08,147.30452,147.14403,145.7022,145.4973,145.37537,144.05782
1994-11-09,151.22069,149.70744,146.6619,151.36699,150.02612,146.7756
1994-11-10,125.72453,125.48221,124.7433,124.52321,124.17758,123.09152
1994-11-11,91.465,92.51006,93.104294,92.61462,93.295235,93.408005
1994-11-12,143.35881,140.7182,137.81096,147.20874,145.21399,142.98622
1994-11-13,142.44202,141.44995,140.20668,144.56552,143.55396,141.80305
1994-11-14,74.56181,74.4828,74.39774,78.15934,78.265625,78.51361
1994-11-15,120.637505,117.193665,113.60918,122.09549,118.76023,114.89719
1994-11-16,118.52023,118.32403,116.19234,116.21404,116.05722,113.55144
1994-11-17,98.81185,99.12374,99.946266,97.169945,97.80212,99.13099
1994-11-18,85.47512,85.966934,87.040306,80.72392,81.04167,82.41
1994-11-19,115.33842,113.73749,111.71535,114.33808,112.74953,110.65516
1994-11-20,112.45195,111.55367,110.29082,114.00716,113.0636,111.591484
1994-11-21,108.35901,110.08227,110.03306,111.079445,112.70925,111.96269
1994-11-22,106.82367,105.211876,102.898766,105.56057,103.756165,101.19379
1994-11-23,52.56024,52.638004,52.733105,51.14179,51.235363,51.302803
1994-11-24,83.11075,82.714325,83.5409,77.03369,76.33056,77.58219
1994-11-25,51.801693,51.065742,50.020046,53.397892,52.901817,52.081512
1994-11-26,124.85587,123.79979,122.05895,123.483925,122.60536,120.945015
1994-11-27,115.7555,114.293396,112.51832,114.34656,113.2799,112.02494
1994-11-28,105.47574,104.410805,103.83331,100.319916,99.799835,100.7282
1994-11-29,109.31972,108.00731,108.117004,104.98661,103.62531,104.12687
1994-11-30,117.09268,115.56759,113.823715,114.86985,113.74262,112.72341
1994-12-01,112.95255,111.98794,110.06959,113.23929,112.55882,111.01848
1994-12-02,76.852486,76.86649,77.27509,78.97649,79.07407,79.41397
1994-12-03,49.932632,48.68737,49.285957,48.50975,47.14781,47.471638
1994-12-04,104.29525,103.865295,102.7932,103.763306,103.5205,102.61142
1994-12-05,100.54133,99.527145,96.58432,104.73403,103.851425,100.53225
1994-12-06,108.29474,106.910095,105.20777,106.581566,105.5387,104.41115
1994-12-07,110.165016,109.37768,107.8068,109.375946,109.00245,108.10192
1994-12-08,110.526184,110.12291,109.09401,112.61281,112.21117,111.14717
1994-12-09,62.290497,62.734344,62.691994,62.962666,63.309937,62.96381
1994-12-10,53.3019,51.473022,49.9065,53.919827,52.06142,50.57943
1994-12-11,104.454765,103.20965,101.554886,102.60069,101.42368,99.88347
1994-12-12,100.89113,100.42794,99.099686,98.47293,98.124306,97.09021
1994-12-13,92.20949,92.06575,91.73965,88.29032,88.52997,88.8083
1994-12-14,90.63686,89.79314,88.12969,87.85653,87.193,86.26772
1994-12-15,104.715416,104.639015,104.25274,103.33522,103.356834,102.88408
1994-12-16,91.83852,89.71028,86.09378,90.6425,88.91279,85.7446
1994-12-17,96.503624,95.30098,93.70947,95.61551,94.48493,92.852196
1994-12-18,92.4982,92.73207,92.19388,89.642685,89.924904,89.571335
1994-12-19,103.517044,102.12994,100.081436,103.49442,102.54578,101.2561
1994-12-20,72.6085,72.12033,71.272896,74.4244,73.929306,73.09033
1994-12-21,50.56095,48.886684,47.861668,48.03236,46.585094,45.887203
1994-12-22,100.84532,100.0402,98.8059,99.74236,99.062096,97.84839
1994-12-23,108.46353,107.19819,105.84421,106.36586,105.018906,103.51878
1994-12-24,109.97328,108.90794,107.66726,109.79782,108.801285,107.545845
1994-12-25,63.82159,62.138187,60.55264,67.286,65.56885,63.951824
1994-12-26,77.20278,74.82995,72.85795,73.58607,71.07082,68.92108
1994-12-27,107.5072,106.99752,106.58106,105.988846,105.535614,105.11102
1994-12-28,91.59126,91.33953,89.960976,86.57195,86.62215,85.52665
1994-12-29,98.92701,97.36752,95.430504,96.42427,95.09099,93.63356
1994-12-30,101.0464,100.42902,99.67337,99.47332,98.98289,98.28309
1994-12-31,111.38048,110.11486,108.56722,110.84208,109.52355,107.74562
1995-01-01,97.39928,96.48241,95.12054,91.760315,90.932076,89.83622
1995-01-02,110.17883,109.04489,107.516594,108.97449,107.86079,106.13417
1995-01-03,97.372215,95.02312,91.91725,101.04122,99.016,96.134186
1995-01-04,109.77595,109.11771,108.1479,107.538055,107.08108,106.20504
1995-01-05,92.793365,91.59057,90.40948,91.969894,90.90398,89.84002
1995-01-06,99.90309,99.1432,98.38766,98.6498,97.996124,97.21123
1995-01-07,109.73481,108.656395,106.60161,110.216774,109.270424,107.69271
1995-01-08,72.70654,71.70879,70.30381,71.85187,71.025406,69.51198
1995-01-09,123.040375,121.53471,119.617096,123.808426,122.693825,121.15791
1995-01-10,64.48325,63.77108,62.466335,65.756195,65.10451,63.79447
1995-01-11,110.20621,108.91438,106.6437,109.6543,108.46514,106.13922
1995-01-12,84.70986,83.23537,80.8381,81.796326,80.335304,77.92249
1995-01-13,103.44397,102.46421,102.438835,101.960014,100.98546,100.91202
1995-01-14,68.17201,68.44235,68.488304,67.30975,67.65655,68.01521
1995-01-15,70.03206,65.71057,62.045643,72.148026,67.863205,63.810368
1995-01-16,104.5962,104.68213,104.840065,100.48509,100.7497,101.67932
1995-01-17,115.58931,113.62424,111.50705,113.4278,111.51791,109.63722
1995-01-18,97.43876,97.77796,98.03117,95.09141,95.7157,96.09506
1995-01-19,78.39277,79.666794,81.59986,76.24241,77.79097,80.09319
1995-01-20,97.12606,95.25435,92.53659,97.28467,95.01582,91.881096
1995-01-21,109.74375,109.47401,108.91027,108.09912,107.84528,107.198425
1995-01-22,114.249245,113.6448,112.917336,110.71129,110.02967,109.7759
1995-01-23,125.05078,125.405304,125.64005,125.56211,125.94497,126.31805
1995-01-24,124.088295,121.57712,118.459175,124.61756,122.15212,119.1833
1995-01-25,144.7845,143.65295,142.54642,142.14294,141.23633,140.70056
1995-01-26,91.06318,91.50627,91.59207,89.45943,89.87754,90.161766
1995-01-27,74.05251,72.260056,71.32216,72.544785,70.78485,70.12244
1995-01-28,105.78097,104.08938,103.1899,109.25931,107.55225,106.45468
1995-01-29,134.91403,133.9496,132.92355,134.3504,133.34523,132.67914
1995-01-30,74.53631,73.72985,72.45139,76.850555,76.047264,74.69957
1995-01-31,121.43308,118.173,113.17885,121.78442,118.638115,114.03399
1995-02-01,157.24234,156.08372,153.92162,156.92046,155.99904,154.08893
1995-02-02,127.22097,127.17509,127.51221,126.1021,125.69416,125.729515
1995-02-03,168.47017,166.98366,165.14626,167.58861,166.09187,164.34564
1995-02-04,152.2221,150.44125,147.45082,151.0173,149.66339,147.58975
1995-02-05,113.09127,112.67646,111.55761,112.09719,112.24794,111.789734
1995-02-06,101.94372,102.22167,102.60556,103.80199,103.965294,104.24948
1995-02-07,117.20488,114.48792,110.54018,115.6405,112.957794,109.45408
1995-02-08,117.88651,115.67191,112.9979,120.06737,118.060356,115.27064
1995-02-09,139.08432,139.13707,140.64928,137.66376,138.61069,140.99248
1995-02-10,151.32466,151.40514,148.79967,150.7098,150.98077,148.50351
1995-02-11,156.0667,153.03955,147.09525,153.08664,149.92581,143.65454
1995-02-12,150.28416,148.18723,145.36124,147.23917,145.17903,142.38135
1995-02-13,150.00435,148.59142,146.35767,150.2351,148.9008,146.91646
1995-02-14,183.07787,181.87854,179.99194,181.06732,180.18828,178.901
1995-02-15,163.3886,162.31232,160.22147,164.82039,164.09062,162.34517
1995-02-16,142.60327,138.38728,132.68217,141.3489,137.1387,130.99771
1995-02-17,147.55176,146.26874,145.4331,146.26656,144.50444,143.10263
1995-02-18,116.35472,112.392204,107.74142,116.65193,113.03681,108.89291
1995-02-19,156.92296,155.10164,153.63051,153.13051,151.7957,151.54019
1995-02-20,183.20995,181.78258,180.25218,178.45172,177.53505,177.09227
1995-02-21,169.16747,168.88629,168.5807,172.31917,172.19623,171.87344
1995-02-22,141.24173,142.4234,142.68636,142.55373,143.71536,143.7403
1995-02-23,121.682434,117.35818,114.18044,119.585075,115.52395,112.69979
1995-02-24,150.94992,148.77249,146.68669,145.4725,143.19293,141.76006
1995-02-25,206.45755,205.55116,204.08008,207.58693,206.6555,205.18503
1995-02-26,184.09315,183.21352,181.59705,183.95262,183.02846,181.58124
1995-02-27,169.71422,169.76129,171.59068,169.08365,168.85953,170.46822
1995-02-28,180.64969,180.41812,181.52284,177.71533,177.86806,179.42891
1995-03-01,180.27469,179.39995,179.66306,176.06361,175.34457,175.79239
1995-03-02,206.29544,204.74458,204.16435,203.85912,202.57204,202.99345
1995-03-03,114.83452,110.788734,108.050156,119.55643,115.27747,112.64232
1995-03-04,158.82031,156.48074,154.95085,158.8177,156.99725,156.07567
1995-03-05,123.279366,119.074196,114.81334,125.751045,121.554794,117.275635
1995-03-06,215.41695,215.14891,214.342,212.40671,212.61285,212.1549
1995-03-07,209.57986,207.51784,204.36578,209.5844,207.77374,204.69377
1995-03-08,96.64177,95.50332,93.87464,99.19851,98.25024,96.738075
1995-03-09,172.3902,167.49236,162.12093,173.96031,168.93301,163.33769
1995-03-10,101.15293,100.17794,98.81417,100.62908,99.80719,98.60326
1995-03-11,211.34933,210.31552,209.21742,203.99019,203.02248,202.53069
1995-03-12,208.56311,206.09605,201.96243,212.3499,210.61842,207.02997
1995-03-13,194.22733,193.63911,193.25822,190.86487,190.9272,191.58644
1995-03-14,241.67278,238.9824,235.31464,241.09639,238.989,235.67809
1995-03-15,244.84651,243.6988,242.11827,242.0531,240.84409,239.20824
1995-03-16,222.77199,219.83533,215.39787,218.62569,216.53857,213.35948
1995-03-17,250.45285,248.8272,246.84346,248.71315,247.38025,245.46771
1995-03-18,250.60385,248.6873,246.07379,250.47131,248.43945,245.37503
1995-03-19,206.39888,205.51842,205.09404,209.34296,208.37529,207.77808
1995-03-20,226.52632,227.81139,230.08537,219.5468,221.157,224.1447
1995-03-21,249.44177,248.96243,248.3619,255.0294,254.4642,253.15506
1995-03-22,212.55724,208.74374,203.89182,211.37767,207.71399,203.56198
1995-03-23,220.35957,216.95462,210.46657,222.25072,219.00139,211.64792
1995-03-24,211.90106,209.17671,206.01282,214.66792,211.71602,207.28995
1995-03-25,269.01602,267.46356,265.7665,269.72818,268.40945,266.5389
1995-03-26,269.25958,268.17746,266.60892,268.25513,267.37457,265.70972
1995-03-27,248.10965,246.64224,244.52757,246.51335,245.21634,243.05966
1995-03-28,195.41512,196.31927,197.31711,184.87517,185.88329,187.52069
1995-03-29,247.94705,244.3594,234.08429,253.04967,249.74373,239.06392
1995-03-30,168.90685,165.96118,163.6689,175.98097,173.18523,171.83102
1995-03-31,227.71349,224.005,219.93379,237.69789,234.06198,229.32846
1995-04-01,273.24936,271.4936,269.24142,269.95175,268.5378,266.7214
1995-04-02,266.35638,264.3247,261.81815,268.58444,266.82303,264.28754
1995-04-03,200.49554,199.62411,198.40114,206.5109,205.86217,204.0971
1995-04-04,246.01637,246.34512,245.45236,241.19116,241.75203,240.8737
1995-04-05,203.5904,207.59538,215.23654,205.01906,209.21286,217.26147
1995-04-06,230.64987,231.69527,230.89442,229.32217,230.71915,231.81963
1995-04-07,182.28152,174.5049,170.02515,185.60342,177.24231,171.31352
1995-04-08,235.05019,234.11142,230.04703,229.2258,229.04382,226.15343
1995-04-09,260.46237,261.80496,260.15207,257.08865,258.7776,257.58673
1995-04-10,290.947,287.51083,281.60123,291.72244,288.84714,284.5188
1995-04-11,243.99736,246.19936,242.80829,258.28958,261.2574,257.47144
1995-04-12,199.33836,199.92502,200.90271,193.74155,194.24326,195.22986
1995-04-13,274.32187,269.05988,259.82703,275.39328,270.00165,260.6905
1995-04-14,250.50945,248.68051,245.09227,256.66327,254.44174,250.23682
1995-04-15,175.50633,174.47339,178.02449,180.56786,178.29678,181.1452
1995-04-16,137.65062,139.61687,143.58907,142.20493,144.08961,147.38408
1995-04-17,176.99252,166.97887,156.6955,173.60472,163.47275,153.05481
1995-04-18,238.43736,238.47693,238.02296,241.22495,241.3531,240.09277
1995-04-19,172.20769,172.25923,176.48088,159.87788,159.9652,165.55573
1995-04-20,219.85526,222.4115,223.73598,226.0895,228.08548,228.65196
1995-04-21,248.1596,243.77017,236.68439,244.469,239.38837,232.30492
1995-04-22,227.4573,224.30626,222.16644,227.6208,222.91434,220.33266
1995-04-23,292.93698,290.12387,286.4174,298.27863,295.29132,291.72763
1995-04-24,311.60025,310.18878,308.01736,312.63684,311.05637,309.44202
1995-04-25,284.05215,282.09607,277.81543,287.3519,285.05557,280.91373
1995-04-26,195.28802,191.69307,194.90314,196.27779,191.45816,194.92789
1995-04-27,288.13956,287.2239,283.15005,291.0461,290.36554,286.73175
1995-04-28,276.07333,276.66904,271.07892,278.98907,280.39975,275.2221
1995-04-29,235.79642,235.61177,239.27455,247.37889,246.32794,249.24194
1995-04-30,252.7453,248.5344,241.34865,251.77661,247.56004,242.27441
1995-05-01,285.48804,283.33356,280.27054,289.54242,286.75873,283.3964
1995-05-02,261.47488,256.93546,252.04512,261.15698,256.1379,251.7374
1995-05-03,301.72342,299.8411,295.44614,303.32904,301.01486,297.25934
1995-05-04,309.6807,308.26758,306.12518,310.88553,308.95184,307.409
1995-05-05,323.92603,324.11343,324.67648,324.5692,324.52795,326.14734
1995-05-06,278.32016,278.15656,277.316,281.20493,280.76312,280.4097
1995-05-07,254.47713,251.6096,250.743,256.23917,253.00209,253.68071
1995-05-08,334.709,334.84662,335.24786,334.4275,334.18686,335.62946
1995-05-09,167.74191,170.81332,177.11035,162.50658,165.64436,173.14388
1995-05-10,217.93896,219.47621,221.88535,213.4702,215.5868,219.80087
1995-05-11,287.895,293.54245,297.9032,282.0837,286.52032,291.83508
1995-05-12,269.19806,267.49384,264.61975,263.28256,261.57095,259.80017
1995-05-13,299.4245,294.68417,289.7831,299.478,294.78268,291.66284
1995-05-14,263.2105,262.46957,261.03854,262.5708,261.5564,260.3172
1995-05-15,250.82831,252.5099,259.15228,230.3153,232.00395,241.45374
1995-05-16,317.0251,316.23486,315.37613,316.79678,315.33957,315.42557
1995-05-17,273.6591,277.51245,279.53925,267.0548,270.81027,273.9766
1995-05-18,272.2047,263.10593,251.56635,284.80338,275.9946,266.192
1995-05-19,309.7837,308.5514,305.41074,309.1573,307.89868,305.30157
1995-05-20,289.51028,291.01077,290.25558,286.4315,287.56998,287.65707
1995-05-21,253.7285,244.29576,234.96004,246.17824,236.10553,227.70338
1995-05-22,326.15262,324.63388,320.81168,326.20615,323.40118,318.89664
1995-05-23,297.38666,296.06302,294.63297,295.97385,294.08017,292.98575
1995-05-24,374.06305,374.71368,372.90045,377.75635,377.4681,375.86465
1995-05-25,341.24536,344.08786,345.53555,356.4622,357.62866,358.55902
1995-05-26,217.70003,218.94879,218.65465,210.10776,211.24844,211.42558
1995-05-27,252.0776,248.72481,243.7477,248.44438,243.99385,239.123
1995-05-28,331.28235,328.74072,323.04715,333.35513,329.86267,324.2491
1995-05-29,322.11234,320.41037,317.247,320.12274,318.31042,316.3763
1995-05-30,303.2112,302.38837,301.2732,303.81512,302.46616,302.10272
1995-05-31,347.10742,348.10342,347.79266,350.5302,351.12527,351.67004
1995-06-01,304.45584,302.4421,299.61823,306.9325,304.28555,301.89557
1995-06-02,312.4808,316.30792,318.0336,303.8304,308.26062,312.49615
1995-06-03,368.04645,369.19327,368.5617,367.9985,368.42947,368.17838
1995-06-04,367.07056,366.15466,363.25906,363.77838,362.26035,360.29425
1995-06-05,329.1144,328.70697,327.6305,345.26257,343.5701,341.96786
1995-06-06,270.1115,264.38458,258.47775,269.40314,263.48386,258.4654
1995-06-07,318.41733,321.97498,321.00748,319.29593,322.67493,322.0476
1995-06-08,244.22287,245.15239,244.19122,244.1541,245.67532,246.28838
1995-06-09,253.97775,247.51111,237.96341,251.2399,244.46704,235.64194
1995-06-10,348.1872,346.81488,343.13748,351.03345,349.69467,347.1554
1995-06-11,331.4904,333.0523,332.12094,329.11148,330.7735,330.62207
1995-06-12,199.8819,205.48395,213.52689,181.52708,186.57245,195.6443
1995-06-13,242.21164,233.64836,227.44012,247.38005,238.09671,231.34904
1995-06-14,373.3607,372.51645,368.22778,375.49203,375.01648,372.9128
1995-06-15,365.7036,363.47565,358.67462,365.4547,362.08292,356.21088
1995-06-16,350.86163,350.0687,348.0482,352.11246,350.77472,348.55807
1995-06-17,320.32077,322.02713,321.91733,315.25183,316.42413,316.57764
1995-06-18,312.94424,314.24548,312.78235,305.358,306.54053,305.2076
1995-06-19,288.53528,289.3208,289.55978,284.2343,284.51218,284.60834
1995-06-20,338.66046,340.64706,340.56284,333.7875,335.85483,335.9428
1995-06-21,303.79358,303.0559,302.15585,308.1976,306.0613,304.25998
1995-06-22,375.45575,375.9949,375.49164,374.26025,374.17014,373.33478
1995-06-23,363.0833,362.12518,359.31992,361.95154,360.381,356.72092
1995-06-24,338.5649,338.62393,337.54684,338.4482,338.41025,337.32382
1995-06-25,347.36423,348.29678,347.64716,348.7837,349.23944,348.32123
1995-06-26,311.71265,315.46466,316.78107,305.4255,309.3715,310.7904
1995-06-27,279.93826,280.79614,281.76196,280.10318,280.19073,279.67505
1995-06-28,323.33353,322.34802,320.47107,328.09213,327.45053,325.453
1995-06-29,337.66818,336.93326,336.14917,340.862,340.10507,338.95947
1995-06-30,353.3192,357.77542,358.03818,348.6808,354.52505,355.37076
1995-07-01,380.82327,381.83148,381.87912,381.6328,382.3729,381.80188
1995-07-02,352.87582,352.6189,352.1832,349.1025,348.54984,347.9007
1995-07-03,343.8138,343.43863,341.00766,348.69308,348.15143,344.25793
1995-07-04,280.27155,287.35425,292.0003,284.98157,291.93497,295.88367
1995-07-05,193.82741,191.97061,188.1561,188.52933,187.06415,184.36755
1995-07-06,220.33994,225.23802,234.15141,216.17653,222.0557,232.00575
1995-07-07,347.90314,347.63275,346.8816,350.9904,351.0033,350.0343
1995-07-08,324.4072,322.30533,320.1034,334.87286,332.81598,329.38605
1995-07-09,293.30057,288.524,283.66788,315.09216,310.56665,303.96982
1995-07-10,252.72897,248.18452,245.88133,266.45154,261.33832,258.20822
1995-07-11,227.17589,226.73868,227.20335,233.44344,232.59137,232.08049
1995-07-12,287.56702,285.34238,281.1765,297.24878,295.45392,290.03973
1995-07-13,215.4913,215.76257,217.03061,214.55084,214.61015,214.62866
1995-07-14,348.6864,349.9673,351.16324,349.6502,351.08408,352.08466
1995-07-15,259.5123,264.41537,271.56876,251.4518,256.78165,263.83417
1995-07-16,271.2892,268.37186,265.99692,268.214,265.56125,262.7581
1995-07-17,241.70792,243.8906,247.8483,238.93932,241.06816,244.39198
1995-07-18,272.698,265.95334,257.85043,267.83527,261.26715,253.23764
1995-07-19,281.12616,279.13458,277.8517,276.12646,274.1843,272.9421
1995-07-20,311.93405,313.3396,311.86603,314.74304,317.58908,316.10052
1995-07-21,300.63748,300.02002,302.24188,314.66147,314.82025,315.548
1995-07-22,288.462,289.96152,292.58347,283.4551,285.91678,289.13782
1995-07-23,300.78625,304.8546,307.46982,291.80438,297.00775,299.30536
1995-07-24,279.7173,284.0038,287.77167,297.0294,300.3766,301.67532
1995-07-25,178.75705,176.50893,173.09773,173.38669,171.38167,167.94594
1995-07-26,214.12521,211.63387,208.23244,220.38905,218.4478,214.2159
1995-07-27,260.7332,255.5814,249.34932,278.8451,273.31003,265.19238
1995-07-28,281.58798,276.96634,271.12888,293.84296,289.10245,281.8497
1995-07-29,277.871,275.50458,271.353,284.42197,282.08752,277.20117
1995-07-30,258.64792,262.11194,264.5671,250.13927,254.11884,256.91986
1995-07-31,261.64584,262.0933,261.38904,260.23447,259.57224,257.7006
1995-08-01,284.2402,284.08704,282.7968,280.23618,279.94647,278.40518
1995-08-02,259.4127,260.7092,264.90823,255.86952,257.13882,261.40494
1995-08-03,250.00763,250.45384,251.33296,250.3336,250.62437,250.88708
1995-08-04,268.6418,267.69098,266.71082,268.7618,267.671,266.2039
1995-08-05,236.06721,237.31339,238.37405,235.72368,237.78236,239.08876
1995-08-06,214.02866,215.94044,217.96829,208.66096,211.01274,213.59293
1995-08-07,218.30011,220.26488,223.45218,213.35435,214.45563,216.74915
1995-08-08,235.96768,236.81435,237.80324,228.13493,228.52283,229.875
1995-08-09,210.26715,210.46419,211.80951,212.69733,213.02975,213.73174
1995-08-10,160.43166,160.57285,163.49625,155.86089,155.17804,157.53479
1995-08-11,150.76619,147.94518,144.64847,152.96642,149.09734,143.93404
1995-08-12,184.80356,187.9999,192.07053,181.60236,184.87976,188.74338
1995-08-13,199.15375,200.56566,203.43039,194.34538,195.17844,197.52493
1995-08-14,212.99141,209.69608,205.77708,218.94669,215.05637,209.4187
1995-08-15,251.44962,250.50485,248.7023,253.23372,252.3373,250.06644
1995-08-16,259.94855,260.5542,257.79712,262.56912,263.83517,260.85553
1995-08-17,220.6476,222.19739,224.16043,214.45197,215.94728,218.07141
1995-08-18,205.21632,204.91144,204.07776,204.5484,204.16586,203.00574
1995-08-19,290.09256,289.21487,288.39032,288.5236,287.6312,286.8006
1995-08-20,289.86755,288.9737,287.9012,289.89755,288.97873,287.63928
1995-08-21,213.22623,212.46152,212.22635,204.6315,203.96117,204.12746
1995-08-22,226.29962,222.89977,216.71468,224.92078,221.4795,214.25072
1995-08-23,249.85698,247.94215,245.77669,244.61133,242.65302,240.79236
1995-08-24,250.55713,249.40225,247.50749,255.77141,254.55902,252.44185
1995-08-25,173.60849,171.85814,171.49077,169.0011,166.90248,166.16852
1995-08-26,279.02658,277.0927,274.7952,284.24707,282.897,281.37152
1995-08-27,252.28503,249.87187,248.86192,271.48218,270.09793,268.97067
1995-08-28,253.05124,250.77873,248.40791,257.39026,255.78801,254.92264
1995-08-29,268.34445,267.40488,265.5895,271.30597,269.86514,267.38226
1995-08-30,229.76003,230.10052,230.23805,221.85953,222.33595,222.83366
1995-08-31,247.35905,244.5716,240.16452,259.08484,256.4477,252.34528
1995-09-01,270.4479,271.1063,267.82864,271.89886,272.61835,270.8007
1995-09-02,230.3335,229.45374,228.4999,229.54628,227.55595,225.88782
1995-09-03,252.07439,250.5954,248.48381,252.06583,250.59976,248.50932
1995-09-04,248.35245,248.36824,247.571,245.7759,246.18222,245.99275
1995-09-05,241.4605,240.4776,238.6765,240.02747,239.05136,237.43901
1995-09-06,157.70203,156.87654,157.56412,144.8347,144.00403,145.69852
1995-09-07,183.27107,179.28055,173.28113,182.26617,177.86557,170.93352
1995-09-08,210.32486,205.50787,199.19926,207.82343,202.7539,196.73001
1995-09-09,236.81256,232.4443,225.42998,237.62509,233.27803,226.18573
1995-09-10,213.21565,212.05858,210.26323,218.66661,217.66779,215.61784
1995-09-11,197.76111,194.80171,189.91605,202.3394,198.95358,192.9225
1995-09-12,216.02074,219.41478,221.85057,209.15758,212.22057,215.73152
1995-09-13,250.47163,248.66832,245.89853,250.73236,249.14198,247.0126
1995-09-14,220.62015,220.37502,218.53452,221.87758,222.1373,220.48071
1995-09-15,210.78,209.17387,205.35349,206.42638,205.11862,202.07698
1995-09-16,247.16415,247.57411,246.17036,249.09717,249.98889,248.545
1995-09-17,240.17929,239.41685,237.91724,237.63188,236.99345,235.81262
1995-09-18,133.52849,134.7069,137.09708,126.380005,126.99992,129.10158
1995-09-19,248.8494,246.97902,243.75635,249.85843,247.94548,245.33888
1995-09-20,246.13834,244.89412,243.0344,245.21725,243.98347,242.31747
1995-09-21,235.56625,235.07207,233.86897,234.39229,234.0159,233.03516
1995-09-22,157.2198,157.54446,160.53131,155.19139,155.10619,158.04709
1995-09-23,158.58311,155.84355,153.331,156.25916,153.142,150.62311
1995-09-24,199.25856,201.85954,201.96532,190.71385,193.9032,195.19188
1995-09-25,214.48566,211.79268,208.41473,209.9472,206.5429,203.60408
1995-09-26,184.35936,182.58258,182.65614,182.76147,180.71037,180.49904
1995-09-27,198.9812,196.57314,193.79387,195.74924,193.33699,190.80351
1995-09-28,202.68843,202.25044,204.09428,198.67305,197.9947,200.71318
1995-09-29,194.71172,193.65704,193.87738,193.9439,192.9107,193.20747
1995-09-30,181.61754,180.72626,179.41217,177.64105,176.79385,175.49594
1995-10-01,207.37837,206.82126,205.5556,212.52026,211.71248,210.38766
1995-10-02,112.54173,107.594246,105.1548,111.329956,105.89779,103.258385
1995-10-03,162.04408,158.65434,155.62762,162.58015,159.3482,156.71338
1995-10-04,173.29391,171.30612,169.46095,173.24448,171.09615,169.11742
1995-10-05,164.84062,162.60237,160.42981,164.56067,162.18463,159.7059
1995-10-06,164.14005,162.29678,160.31828,160.57718,158.79655,156.61313
1995-10-07,193.9508,191.98625,188.74785,195.0029,193.20601,189.74942
1995-10-08,160.52817,159.01462,157.01588,166.29646,164.21086,161.09999
1995-10-09,118.92056,120.85387,124.64076,122.045876,124.00292,127.42091
1995-10-10,174.13206,167.99939,160.22235,172.23482,165.9214,157.79828
1995-10-11,186.8499,184.8481,182.40393,188.17264,185.76578,182.85558
1995-10-12,154.72083,153.79732,154.37318,157.74803,156.96149,157.34467
1995-10-13,124.42081,126.37178,129.65979,126.146194,127.82314,129.68468
1995-10-14,190.95868,190.68239,188.69121,189.84161,189.69789,187.79633
1995-10-15,183.3429,181.94359,181.49727,180.70325,179.46494,179.24866
1995-10-16,190.64058,188.44872,185.55211,190.52406,188.56323,185.8754
1995-10-17,123.289604,125.584496,126.594376,113.47316,116.2138,117.654625
1995-10-18,196.09949,194.70001,192.61787,194.75851,193.41522,191.25047
1995-10-19,157.41544,154.44513,151.43706,157.90732,154.9523,151.94965
1995-10-20,174.51057,172.19662,169.64006,172.0513,170.19722,168.50696
1995-10-21,173.39583,172.1007,171.20657,171.7957,170.73253,169.89825
1995-10-22,157.48003,156.61108,156.1193,152.89003,152.44342,152.79791
1995-10-23,173.53522,170.37042,165.91103,175.68488,172.90103,168.64932
1995-10-24,156.9717,153.68727,148.54114,163.77277,160.56989,155.23773
1995-10-25,120.15091,117.41656,115.01069,131.62408,128.54851,125.645424
1995-10-26,96.741875,95.9545,95.67809,103.82077,102.51765,101.648094
1995-10-27,133.19308,129.45525,126.14942,137.04805,133.28165,129.23044
1995-10-28,147.00287,146.48187,145.19624,144.06776,143.65611,142.66403
1995-10-29,132.55246,130.92932,129.27966,130.33736,128.78024,127.20517
1995-10-30,104.89138,106.58894,107.816536,97.44666,99.56932,101.108475
1995-10-31,95.57147,92.470894,89.803825,90.23652,87.452835,84.98275
1995-11-01,127.07856,126.39328,125.6608,120.54083,120.14839,119.93248
1995-11-02,129.64394,129.81177,130.54314,128.5053,129.22702,130.78091
1995-11-03,137.88599,137.31963,136.90843,134.50717,134.70215,135.88153
1995-11-04,122.9871,123.41058,122.200325,122.33429,122.64587,120.8745
1995-11-05,102.2728,104.10224,105.13778,106.03059,107.72355,107.92218
1995-11-06,81.47918,79.84908,78.62988,81.45147,79.8612,78.812004
1995-11-07,94.952324,91.84876,91.15611,95.12894,92.07105,91.23955
1995-11-08,88.88908,88.67976,85.30083,85.958595,85.99899,82.5516
1995-11-09,107.98946,103.402504,100.66695,106.43587,101.54918,98.516945
1995-11-10,111.0885,107.67148,104.65902,110.400635,107.291725,104.53235
1995-11-11,137.48892,136.40294,133.7331,136.4614,135.56763,133.10078
1995-11-12,128.90167,129.82529,129.36288,125.45378,127.50592,128.51746
1995-11-13,125.80956,123.72752,120.60148,130.1239,128.47684,125.605286
1995-11-14,91.473656,90.67066,89.607666,84.192,83.6961,83.00416
1995-11-15,132.30954,130.79344,129.5134,128.85411,127.60003,127.19956
1995-11-16,128.00871,126.85896,125.963715,129.86908,128.66272,127.58905
1995-11-17,103.14633,99.69973,96.7987,103.87759,100.54803,97.49981
1995-11-18,127.743,127.26394,126.99817,124.97081,124.42619,124.317986
1995-11-19,120.34025,118.24479,115.73015,116.53985,114.46768,112.4024
1995-11-20,140.18385,137.89752,134.44893,139.9357,138.22221,135.71652
1995-11-21,122.4088,121.90357,121.423615,121.36428,120.80564,120.256966
1995-11-22,107.8018,106.45138,104.20026,106.27738,105.150955,103.239914
1995-11-23,83.6493,81.85221,78.94274,81.21378,79.15851,75.89524
1995-11-24,85.91415,83.36116,82.2819,84.22442,81.729935,80.9824
1995-11-25,94.29097,92.700386,91.096756,97.29552,95.64574,93.9468
1995-11-26,46.2874,46.312466,46.09957,45.96293,46.029785,45.81275
1995-11-27,96.88765,97.15489,96.40747,95.7805,96.23866,95.245384
1995-11-28,124.82237,123.85667,122.56188,123.77819,122.8898,121.538315
1995-11-29,68.75121,68.53639,67.91451,63.27258,63.251564,63.031914
1995-11-30,117.908035,116.32641,113.91739,118.83863,117.44999,115.115265
1995-12-01,97.604515,96.22364,94.28419,100.32975,98.493965,95.9045
1995-12-02,64.87052,65.48409,67.20126,64.11923,64.536995,65.977066
1995-12-03,73.259,74.314766,74.51872,71.72743,72.71073,72.938126
1995-12-04,104.084175,103.10157,102.31995,102.56067,101.73413,100.95565
1995-12-05,98.278244,96.56259,95.0565,94.93377,93.24946,91.80413
1995-12-06,86.3126,87.16217,87.99033,81.792244,82.769485,83.82446
1995-12-07,81.24798,79.23066,77.623955,81.99836,79.84437,78.17971
1995-12-08,60.805977,60.50265,60.79564,62.13347,61.79776,61.95973
1995-12-09,79.551414,78.43027,78.343025,75.76017,74.27062,74.14945
1995-12-10,75.25479,73.90193,72.574974,75.24219,74.09934,72.610344
1995-12-11,51.23647,50.677814,50.16721,51.07818,50.452316,49.80635
1995-12-12,73.65185,71.50761,69.80869,76.9604,74.52925,72.59329
1995-12-13,67.91182,65.1596,63.256493,66.584366,63.538807,61.613247
1995-12-14,98.17498,98.238235,96.47092,95.99423,96.11458,94.29631
1995-12-15,95.21844,95.26282,94.032845,92.38105,92.75302,92.01933
1995-12-16,87.03323,86.19752,84.70622,86.669624,85.799995,84.11572
1995-12-17,88.20116,86.91806,85.088135,88.860405,87.536995,85.745415
1995-12-18,92.5574,91.932526,90.82578,92.99409,92.566574,91.63827
1995-12-19,99.96504,98.66451,96.98645,99.57783,98.52882,97.14732
1995-12-20,84.48112,84.31755,84.325645,84.02205,84.00164,84.059685
1995-12-21,88.30544,86.31703,84.39271,86.81806,84.92387,83.33146
1995-12-22,94.77399,93.62668,92.31208,92.42054,91.699776,91.32797
1995-12-23,84.247696,83.129715,81.345604,86.27965,85.59529,83.718185
1995-12-24,80.50332,79.51182,78.319824,79.039185,77.843155,76.64301
1995-12-25,81.258255,79.67999,77.604645,82.59262,80.99885,78.84673
1995-12-26,50.992443,50.493557,49.351467,50.48964,50.223587,49.27524
1995-12-27,73.823,71.605354,69.911896,74.16037,71.82674,70.279495
1995-12-28,50.87256,49.1118,47.45555,49.801327,48.10477,46.563766
1995-12-29,67.92131,66.10456,64.34531,67.79972,65.903,64.186714
1995-12-30,102.88651,102.21468,100.93528,102.6622,102.123505,100.75704
1995-12-31,98.69987,97.4958,95.940346,99.956825,99.027626,97.68939
1996-01-01,69.54701,68.363716,67.27127,68.5004,67.524574,66.9163
1996-01-02,96.43214,95.2977,93.833405,95.8189,94.82083,93.38786
1996-01-03,108.592224,107.96178,107.272156,107.86767,107.301926,106.62804
1996-01-04,80.07144,80.65241,80.7236,82.459496,83.003235,83.08801
1996-01-05,64.25055,63.840816,63.746426,62.336983,62.081085,62.24937
1996-01-06,94.58707,93.93965,93.0627,96.68265,96.13077,95.507935
1996-01-07,75.98932,76.53741,78.183685,77.08134,77.3815,78.66908
1996-01-08,62.948505,63.29251,63.23953,61.574177,61.646896,61.24033
1996-01-09,78.58517,79.18338,79.25851,79.13881,79.58109,79.128395
1996-01-10,105.878746,104.49326,101.87957,106.44691,104.95828,102.12893
1996-01-11,98.03264,97.19215,96.50598,94.38759,93.679276,93.24275
1996-01-12,109.761116,109.09313,108.11429,107.642944,107.486694,107.70213
1996-01-13,107.25873,107.06089,105.774635,104.73802,104.50409,102.90034
1996-01-14,102.9638,102.554306,102.06334,103.917534,103.591194,103.30815
1996-01-15,50.71301,49.139095,48.464336,49.256836,47.75484,47.323334
1996-01-16,124.74963,123.99587,122.80206,122.28169,121.7388,120.971245
1996-01-17,125.68698,125.50625,125.10639,125.26873,125.15039,124.86906
1996-01-18,110.774605,110.37757,109.97903,107.590675,107.32336,107.10906
1996-01-19,118.25057,117.242035,116.138596,122.66069,122.15698,121.418434
1996-01-20,113.70754,113.21553,113.01875,110.699554,110.276566,110.12608
1996-01-21,116.54709,114.824875,113.245674,120.461845,118.96226,117.26019
1996-01-22,79.496765,78.3909,76.619736,77.58193,76.49423,74.521935
1996-01-23,108.63764,104.97621,99.77966,108.66085,105.15608,100.15184
1996-01-24,151.45496,149.84058,147.65067,150.77074,149.24673,147.29364
1996-01-25,150.76424,149.5783,147.62254,150.38138,149.23265,147.37422
1996-01-26,95.281334,94.738556,93.3543,90.63681,90.38027,89.5432
1996-01-27,99.551765,98.26897,96.217354,97.33825,95.83651,93.30914
1996-01-28,68.69359,66.53273,64.39012,67.819855,65.54441,63.274487
1996-01-29,131.6272,131.683,131.70905,130.86041,130.94122,130.9302
1996-01-30,121.26802,120.037575,117.857056,121.42639,120.5175,118.76732
1996-01-31,134.10013,132.82411,130.56401,130.18121,128.82217,126.66018
1996-02-01,130.79408,130.60362,130.25888,132.7819,132.68068,132.40985
1996-02-02,95.220924,94.919365,94.44305,95.750275,95.66306,95.48246
1996-02-03,135.89674,133.90912,131.56723,135.4509,133.35347,130.99869
1996-02-04,169.35667,167.44952,165.09787,168.85352,167.04843,164.91418
1996-02-05,168.91139,167.29443,165.66162,167.55898,165.95143,164.47076
1996-02-06,142.47906,143.22272,143.2616,141.23648,141.9739,142.0746
1996-02-07,65.599915,65.8882,67.021324,63.861656,63.696438,64.2601
1996-02-08,130.6322,130.20216,129.26376,126.457664,126.235535,126.16258
1996-02-09,108.64503,109.653275,110.39465,105.77437,106.8099,107.8611
1996-02-10,91.20977,89.37211,87.4478,90.50385,88.55783,86.563805
1996-02-11,139.13301,139.41171,139.64104,136.58337,137.21481,138.0361
1996-02-12,158.35909,160.08783,160.5672,156.24568,158.35121,159.146
1996-02-13,144.77238,143.62254,141.58226,142.20528,141.56326,140.20631
1996-02-14,129.53436,129.26836,127.995895,131.56842,131.4665,130.30275
1996-02-15,120.79654,120.15721,119.80801,119.26406,118.72908,118.89096
1996-02-16,168.58682,167.76578,165.458,167.09132,166.5193,164.15808
1996-02-17,133.5283,131.79073,130.18921,131.77446,130.11977,128.5253
1996-02-18,158.41699,152.91814,145.14365,159.29144,154.09726,146.55484
1996-02-19,189.76686,188.72498,187.58148,187.20093,186.31847,185.49352
1996-02-20,149.93962,149.73361,148.76161,146.97426,146.91672,146.31854
1996-02-21,156.66068,155.72012,154.27486,153.16151,152.50919,151.75693
1996-02-22,139.64139,137.84035,136.9801,140.29964,138.19136,136.83105
1996-02-23,176.28732,176.51982,176.72887,173.69025,174.21042,175.23657
1996-02-24,193.52597,193.13547,192.3935,192.83566,192.5215,191.79878
1996-02-25,132.53323,132.23216,131.75887,130.42834,130.33453,130.16823
1996-02-26,212.89632,210.40395,207.31918,213.37334,211.0794,208.1491
1996-02-27,145.68102,146.3723,145.97551,140.48268,141.07129,140.71729
1996-02-28,115.960464,115.308784,113.41211,114.56665,114.16903,112.2936
1996-02-29,166.38562,163.25708,160.0223,163.76689,161.33174,159.28854
1996-03-01,177.63058,176.74551,175.76598,176.05284,175.23303,174.34233
1996-03-02,217.06294,218.15123,216.30998,216.03767,217.72862,215.70082
1996-03-03,185.44284,182.23412,177.98355,187.41953,185.03554,181.22002
1996-03-04,157.00018,155.22456,153.66476,162.816,161.2807,159.24007
1996-03-05,168.53247,163.32983,157.99892,170.89925,166.1588,161.14368
1996-03-06,165.09868,162.59766,158.76077,164.05936,162.03354,158.64534
1996-03-07,176.25449,176.59482,173.31264,176.66042,177.134,174.22942
1996-03-08,178.55939,172.56995,164.07138,180.0305,173.97533,165.16118
1996-03-09,178.65875,179.46953,181.53944,178.40068,179.20879,180.59271
1996-03-10,221.45476,221.74411,220.9282,228.55655,228.25926,226.3342
1996-03-11,183.63019,184.45003,183.45877,184.67207,186.04233,185.4073
1996-03-12,86.59393,86.29769,88.63899,86.25318,85.57323,87.286766
1996-03-13,173.15295,165.3488,156.1039,170.82114,163.30438,154.06918
1996-03-14,215.30504,214.21461,212.83208,214.99829,214.09438,212.18808
1996-03-15,201.31651,200.44238,201.18823,202.23166,201.06598,201.4974
1996-03-16,255.79367,254.46997,251.54593,255.66551,254.38232,251.02417
1996-03-17,255.97617,253.99825,250.39264,255.08032,253.5049,249.91675
1996-03-18,255.20055,253.58011,251.14574,256.20233,254.61923,251.71048
1996-03-19,137.31706,138.4016,139.67015,143.98448,144.93367,145.65196
1996-03-20,214.53004,209.7436,202.71475,224.5886,220.99985,214.46344
1996-03-21,260.29596,258.5847,255.91211,261.94586,260.19446,256.99857
1996-03-22,125.1731,127.68797,132.04118,121.55484,123.78722,127.71009
1996-03-23,234.19644,232.58434,231.1443,241.88971,240.49654,238.9593
1996-03-24,254.4934,252.67934,249.7517,258.58075,256.88834,254.16754
1996-03-25,261.5413,258.97083,255.82152,259.99146,257.56726,254.37225
1996-03-26,246.14227,248.75665,249.44472,252.37929,255.92773,256.2705
1996-03-27,203.9618,201.92592,198.68092,210.38632,208.90341,206.8511
1996-03-28,142.056,142.25952,141.79402,152.71848,153.29836,153.07454
1996-03-29,108.50207,107.29995,105.26708,104.46096,103.505974,101.79838
1996-03-30,153.68562,153.95546,152.45374,150.31078,150.70174,149.87936
1996-03-31,171.20352,171.07904,171.30965,167.45361,167.79352,169.08586
1996-04-01,245.6874,248.44649,248.96608,245.4421,247.87228,247.99106
1996-04-02,205.25545,204.45393,202.55959,216.87439,215.51457,213.10359
1996-04-03,266.77753,263.85974,258.47855,268.62906,266.0914,261.17093
1996-04-04,260.15967,259.04016,257.992,256.84473,255.98839,255.26712
1996-04-05,153.2319,154.51901,156.12053,156.85641,158.46547,160.84438
1996-04-06,272.2129,267.59875,261.2504,279.65662,275.84973,270.64206
1996-04-07,283.8464,282.93124,282.37518,283.9541,283.10944,282.52133
1996-04-08,277.96054,277.94168,275.90503,279.38593,278.72507,276.87997
1996-04-09,175.68797,173.31425,170.91606,186.53717,182.54164,178.21681
1996-04-10,112.953064,113.05968,114.675285,115.410614,115.89765,117.73709
1996-04-11,268.48877,265.3045,259.99628,267.12308,263.90933,258.71936
1996-04-12,219.15895,216.24458,213.48383,220.89595,217.68939,214.97414
1996-04-13,210.40514,206.40767,201.2092,221.38387,217.4703,212.30453
1996-04-14,174.83266,167.56009,160.92831,183.37639,175.88887,169.05672
1996-04-15,268.31464,264.9053,257.61896,266.38934,263.4635,257.03104
1996-04-16,282.2126,279.742,271.6104,284.06387,280.99847,272.1655
1996-04-17,200.63297,196.30455,189.67105,199.38068,195.18674,189.10779
1996-04-18,245.32918,244.7821,245.0813,241.68167,241.09735,242.22949
1996-04-19,281.36517,281.10687,278.97455,279.57254,279.29538,277.11035
1996-04-20,231.71115,226.654,219.5455,247.43846,242.28265,235.28839
1996-04-21,267.29596,269.54602,272.78738,264.34363,265.6166,269.71396
1996-04-22,253.15256,251.61395,250.85547,253.3008,251.4488,251.12271
1996-04-23,283.05164,283.5142,282.22186,290.92035,291.0005,290.58334
1996-04-24,263.36026,262.81296,261.79004,276.5171,275.8897,275.26532
1996-04-25,235.50215,235.22607,233.19481,249.21771,248.45802,245.76144
1996-04-26,229.60094,226.7394,220.74,226.23729,223.09868,217.98306
1996-04-27,182.55498,182.82707,186.7733,179.45769,179.0382,182.96484
1996-04-28,286.19083,281.7222,275.8476,285.9889,281.6256,276.9784
1996-04-29,294.018,293.8861,292.44016,295.1691,294.6484,293.62183
1996-04-30,287.63483,287.44778,286.08987,287.42294,286.962,286.0299
1996-05-01,190.87042,184.42511,178.01656,187.81895,180.77492,174.97041
1996-05-02,291.26334,290.76315,289.30737,289.6889,288.872,288.03476
1996-05-03,144.74484,142.48558,142.68953,131.5986,129.53061,131.40474
1996-05-04,179.53908,177.43336,176.08891,161.93161,159.3432,158.61624
1996-05-05,128.5908,127.33687,125.60574,131.66644,130.30934,128.65927
1996-05-06,301.99292,299.7794,296.69873,307.5141,305.46408,303.6766
1996-05-07,288.9715,289.2579,290.6476,283.13968,282.64395,284.99957
1996-05-08,275.64526,280.0937,283.1389,276.66025,280.52457,284.80478
1996-05-09,268.88632,267.34415,265.91626,267.88828,265.6822,264.66095
1996-05-10,230.38103,229.59738,231.01021,220.20645,218.78473,220.62613
1996-05-11,301.2281,303.06284,303.9632,299.65894,301.6403,303.64975
1996-05-12,321.0992,320.9921,320.11407,323.99713,323.30008,323.1868
1996-05-13,310.76895,309.94336,308.82224,314.34708,313.18005,311.9279
1996-05-14,311.47974,311.3679,310.3902,312.51233,311.61108,311.01376
1996-05-15,251.16591,251.14888,247.44818,244.12268,243.36244,239.11278
1996-05-16,264.83963,260.0606,253.42561,290.2366,284.9035,278.74155
1996-05-17,294.4659,290.6356,288.44424,300.9989,296.89737,296.35458
1996-05-18,316.0314,312.86697,309.00473,320.74478,316.70282,312.6214
1996-05-19,327.54578,327.93576,328.42596,335.1872,335.0523,335.4337
1996-05-20,302.72308,301.52362,299.22485,302.4468,300.72513,299.05713
1996-05-21,290.04816,291.67883,291.68094,286.9041,288.58563,289.5532
1996-05-22,238.74454,238.27074,239.4591,239.41286,238.11346,240.1043
1996-05-23,278.14392,276.79465,274.306,278.35626,275.40073,272.46783
1996-05-24,323.5269,321.97247,318.70874,325.18073,322.86526,319.67963
1996-05-25,278.82202,277.51944,277.1223,273.43826,271.8595,272.19812
1996-05-26,331.75415,331.42636,329.3772,331.99255,330.83798,328.60162
1996-05-27,325.62796,326.27203,327.00388,325.1117,325.04562,325.88354
1996-05-28,314.12756,312.519,310.81113,314.50647,312.38934,310.84906
1996-05-29,324.2087,321.73425,318.09222,323.6531,320.54187,317.19446
1996-05-30,329.31488,328.9661,325.2686,328.1066,326.72418,323.1845
1996-05-31,319.42133,318.2641,317.1275,316.5159,315.4509,315.80676
1996-06-01,288.58624,289.8079,289.2265,275.02063,275.7721,274.91666
1996-06-02,196.18906,200.11118,205.42413,195.47414,199.10408,204.21419
1996-06-03,272.84427,264.32355,255.62079,267.09155,256.1613,245.90079
1996-06-04,319.29352,316.74036,310.6229,317.0437,313.654,307.247
1996-06-05,328.54602,326.54077,326.91077,330.65198,327.89438,328.63388
1996-06-06,274.7899,279.2559,282.47705,267.55804,271.1688,275.00278
1996-06-07,295.54965,297.68948,296.07968,310.9541,312.3465,310.16748
1996-06-08,348.48633,346.52933,342.29498,348.88794,346.4236,343.01172
1996-06-09,357.2761,356.876,354.46432,359.2489,358.1482,355.07452
1996-06-10,305.57407,311.05466,313.94247,293.94794,299.2018,303.59824
1996-06-11,358.464,358.56293,357.80228,354.90842,354.02148,353.1646
1996-06-12,345.94748,346.06445,345.793,346.19107,345.96844,345.44357
1996-06-13,348.37018,348.02753,346.81845,351.58374,350.8142,349.1295
1996-06-14,318.9684,319.19525,317.62555,313.6832,313.90887,312.53693
1996-06-15,232.95949,234.00308,234.5714,231.00275,231.59383,231.41971
1996-06-16,261.8457,260.9333,259.8762,270.3138,269.21994,268.7723
1996-06-17,340.77637,344.05435,342.12875,337.6921,341.18744,339.1938
1996-06-18,345.61496,344.53268,340.584,343.38257,341.44125,336.61804
1996-06-19,335.26538,335.39096,333.55438,334.34097,333.61572,331.14093
1996-06-20,277.83566,276.7143,275.29523,281.75848,280.2735,278.58575
1996-06-21,321.23074,321.96326,322.04382,328.89795,329.78833,328.87598
1996-06-22,313.4451,317.38837,320.39224,307.73785,312.12387,316.01633
1996-06-23,263.81543,268.80423,272.91974,257.48282,262.28348,266.4836
1996-06-24,305.17844,305.5036,303.15134,300.28574,300.12927,298.32922
1996-06-25,353.56796,355.12448,356.06546,354.78427,355.94574,355.88855
1996-06-26,312.6584,313.9639,314.47592,305.34644,306.93686,307.36526
1996-06-27,234.82448,236.19498,237.88031,223.1216,224.42798,226.0956
1996-06-28,232.24655,233.84065,236.08037,217.76112,219.21118,221.59314
1996-06-29,227.67354,228.02985,228.91199,222.05794,221.66965,221.5932
1996-06-30,285.15976,288.03934,290.94873,275.3557,278.50836,281.9441
1996-07-01,311.93402,316.22675,316.2532,313.59433,318.40872,317.89636
1996-07-02,339.48425,340.22592,342.8833,344.47244,344.87195,346.6994
1996-07-03,365.13852,365.1861,364.47867,368.86386,368.58746,366.70886
1996-07-04,255.9815,254.78517,257.6117,260.97705,258.79153,261.2182
1996-07-05,182.62215,181.70624,180.50894,193.98279,193.3997,192.6703
1996-07-06,199.6574,199.39732,200.62415,199.94844,199.48074,199.62813
1996-07-07,220.8428,218.30415,215.50296,222.74962,220.3281,217.27792
1996-07-08,257.982,253.88086,254.1765,256.22437,251.75346,252.01187
1996-07-09,280.1007,276.3669,272.9476,276.62946,273.29123,270.78802
1996-07-10,275.65344,270.9431,266.68427,281.1505,276.67734,271.92224
1996-07-11,272.3999,273.30185,273.4488,279.30078,280.47925,279.595
1996-07-12,315.6426,314.4574,307.25397,315.409,315.6146,309.03607
1996-07-13,313.94708,316.35193,320.89816,304.62384,307.18774,311.48392
1996-07-14,210.805,211.88277,213.712,206.51314,207.42198,208.69276
1996-07-15,202.63191,199.2638,194.95114,202.05705,198.19319,193.09023
1996-07-16,351.5757,352.30423,352.95602,351.40253,352.03183,351.35132
1996-07-17,351.06094,352.05716,353.12018,353.2375,354.45764,354.8572
1996-07-18,335.49902,336.39124,338.94382,337.93634,338.92212,340.32654
1996-07-19,284.45596,288.11996,293.4637,289.06714,293.0007,297.2711
1996-07-20,272.16156,271.41397,271.6874,273.8981,273.08282,273.00754
1996-07-21,321.25552,322.1989,323.8369,325.08188,326.42715,327.40533
1996-07-22,327.54715,328.4579,329.6568,331.82352,332.431,332.65738
1996-07-23,220.30626,223.24254,226.32362,213.82687,217.14235,220.89719
1996-07-24,234.86755,238.26437,241.55995,232.11807,235.95204,239.45673
1996-07-25,203.1219,203.42882,203.3078,200.7907,200.93213,200.46635
1996-07-26,231.98457,231.4988,232.37123,229.10818,228.7242,229.08394
1996-07-27,235.14777,236.48843,238.06808,234.5145,235.57893,236.65533
1996-07-28,284.24814,290.43936,293.46176,293.04034,299.60196,301.58847
1996-07-29,125.77744,124.62401,123.19467,123.21244,121.96047,120.20087
1996-07-30,187.53473,184.21733,180.60733,191.1,187.26794,182.74635
1996-07-31,287.73227,288.6072,287.0265,294.87006,294.1115,290.9554
1996-08-01,235.08047,237.12737,239.01143,227.54514,230.04843,232.34338
1996-08-02,197.92491,197.6957,198.54976,201.48683,201.08186,201.1839
1996-08-03,254.0879,256.55573,256.08624,258.47693,261.2476,260.23618
1996-08-04,230.54317,231.95215,231.96849,224.55138,225.48616,224.48062
1996-08-05,210.82872,214.20497,218.60329,197.80205,200.71107,205.16592
1996-08-06,216.83086,220.75284,226.02927,209.08104,213.0967,218.0255
1996-08-07,205.61285,209.17163,213.53836,199.88583,203.12335,206.69064
1996-08-08,250.52422,249.96654,248.06522,260.4881,259.29025,255.58829
1996-08-09,232.30638,235.14626,236.84395,231.58003,234.37096,235.39558
1996-08-10,219.93948,219.80887,217.82497,218.45692,217.4432,214.33698
1996-08-11,266.93408,266.3907,265.02103,267.5967,267.11935,265.16928
1996-08-12,246.67581,247.48195,248.64096,239.01985,239.93497,241.37833
1996-08-13,220.64754,222.9368,225.69647,217.5275,220.01662,222.70795
1996-08-14,238.05019,237.0232,237.46791,243.4516,242.41367,242.5434
1996-08-15,249.39397,249.19756,247.84023,246.57045,246.89676,245.94006
1996-08-16,182.29361,183.05959,183.87178,175.9054,176.3939,177.16156
1996-08-17,190.2827,187.87703,184.20338,196.63863,194.1738,190.03069
1996-08-18,189.11526,188.10716,186.4397,191.27124,189.85583,187.15533
1996-08-19,205.05515,203.90656,201.9315,205.25612,203.68248,201.05898
1996-08-20,246.39523,246.13873,245.97331,244.32016,243.81836,243.60864
1996-08-21,180.23663,180.20367,182.4404,171.95876,171.21242,173.44147
1996-08-22,268.89862,267.01498,263.43005,268.65182,266.76215,262.98367
1996-08-23,260.2974,259.31854,256.8545,254.4401,253.60437,251.14696
1996-08-24,232.66168,234.03578,233.74289,230.623,232.7308,233.30174
1996-08-25,183.28618,179.2403,176.17271,182.76889,177.89635,174.54747
1996-08-26,255.20923,252.88005,247.75049,253.49059,250.78513,245.60771
1996-08-27,223.03822,225.59439,226.3119,222.89836,225.73737,226.28395
1996-08-28,260.092,260.75034,260.01364,269.0659,269.35394,268.6333
1996-08-29,241.66107,244.84303,246.28427,257.82855,260.34863,260.99002
1996-08-30,153.40768,158.20073,164.31761,163.59943,168.82893,175.49779
1996-08-31,180.14175,184.0803,189.67807,181.82191,186.11827,192.66661
1996-09-01,262.53192,261.45825,258.3672,265.02142,264.82657,263.4105
1996-09-02,262.5236,262.14124,261.0499,260.60815,260.1692,259.1584
1996-09-03,256.367,256.0567,254.67316,254.70357,254.40085,252.98567
1996-09-04,192.2198,189.82834,189.03993,182.50838,179.15622,178.237
1996-09-05,192.3187,186.74622,180.97958,202.07652,196.28453,190.0523
1996-09-06,213.29652,212.56853,209.10648,207.15585,207.23933,205.56177
1996-09-07,222.0761,221.16856,219.55807,222.55098,221.28859,219.50246
1996-09-08,228.85143,227.58,226.23296,226.85535,225.6554,224.73242
1996-09-09,188.62949,187.56062,187.06703,185.32654,184.30061,184.07646
1996-09-10,205.56522,204.42691,202.74617,202.22311,200.66563,198.974
1996-09-11,241.62259,242.13695,239.96867,238.50699,239.98773,239.44357
1996-09-12,230.47246,228.26628,226.06165,240.28528,237.53558,234.48705
1996-09-13,251.10027,250.78131,248.13992,249.26299,249.56047,248.3408
1996-09-14,197.04774,198.9887,204.63768,187.59897,189.60034,196.57076
1996-09-15,252.87094,250.95367,248.33287,251.69666,249.99788,247.97835
1996-09-16,243.34503,240.8245,238.03792,245.31598,243.14027,240.85973
1996-09-17,240.32181,237.62747,231.13876,239.16222,238.26262,235.12036
1996-09-18,153.18109,152.80618,155.19608,143.81758,143.45724,146.85493
1996-09-19,202.91457,200.71103,195.99011,203.01073,200.76224,195.73306
1996-09-20,152.40163,149.75359,151.7025,153.15161,150.02594,152.23251
1996-09-21,213.00803,213.1686,209.7991,211.247,212.14554,208.74669
1996-09-22,217.63853,215.76096,213.96573,218.63437,216.70398,215.12636
1996-09-23,198.42712,197.53754,196.03606,198.413,197.443,196.07816
1996-09-24,203.88074,201.08894,196.88046,204.48741,201.42218,197.04137
1996-09-25,152.05464,148.74672,145.72432,154.65036,151.02715,147.30017
1996-09-26,231.29688,228.97429,226.06021,232.67155,230.81221,228.66487
1996-09-27,199.16975,200.4129,200.83685,202.89873,203.91704,204.89062
1996-09-28,137.47403,139.44057,146.26414,138.44313,139.68065,146.0
1996-09-29,198.15163,197.61304,197.29466,202.07462,201.34033,200.71925
1996-09-30,209.42934,208.22412,207.14505,206.42392,205.45206,205.172
1996-10-01,219.22173,217.38527,214.9757,218.2639,216.52664,214.3538
1996-10-02,170.58524,169.59917,167.83029,168.0082,167.30264,165.1146
1996-10-03,196.94727,195.38123,192.61879,194.17567,192.82243,190.58524
1996-10-04,172.84618,169.28647,163.94814,178.33977,175.0734,169.48183
1996-10-05,188.814,189.0572,187.5004,187.80237,188.00226,186.077
1996-10-06,160.14015,160.93681,162.59593,145.73021,146.66138,149.70749
1996-10-07,206.8792,205.52156,203.80296,205.3749,204.14262,202.59789
1996-10-08,134.06052,135.68439,136.5716,124.21741,125.992226,127.70029
1996-10-09,178.77682,178.00983,177.14406,174.70872,174.63004,174.78062
1996-10-10,203.05597,200.63326,197.44206,204.21419,202.02509,198.97807
1996-10-11,123.080956,118.943245,115.50293,130.2323,126.42252,123.103836
1996-10-12,106.85066,102.41243,99.82583,96.25389,91.94501,90.32884
1996-10-13,175.0204,172.91743,172.35156,171.0565,169.22595,169.66458
1996-10-14,189.66794,188.29936,185.94592,186.78893,185.49211,183.04216
1996-10-15,145.16344,144.0461,143.52223,134.78067,134.22412,135.04457
1996-10-16,140.20268,140.04024,142.74745,141.24289,141.59003,144.72113
1996-10-17,120.11929,121.010765,122.82001,114.391914,115.15777,117.56628
1996-10-18,139.67583,141.28893,144.42067,136.0395,138.44641,142.74086
1996-10-19,170.75119,171.73007,169.5622,168.10786,170.00189,169.47816
1996-10-20,160.66724,161.28062,161.67274,159.65955,160.30891,160.3174
1996-10-21,159.75229,159.85841,159.14163,156.78537,157.35873,156.75426
1996-10-22,153.69841,152.49197,152.0939,161.18155,160.06172,158.29158
1996-10-23,158.10184,156.39917,154.70279,165.10419,163.63295,161.19118
1996-10-24,156.06766,154.39673,152.52101,157.19473,155.38881,152.88194
1996-10-25,159.03352,157.74323,156.28828,157.99359,156.69395,155.22859
1996-10-26,113.63389,115.040695,115.11957,117.26412,118.23879,117.652176
1996-10-27,83.38314,80.548874,77.64537,80.992744,78.9108,76.167496
1996-10-28,128.65962,128.17857,127.597,123.60631,123.00684,122.4801
1996-10-29,166.4794,165.87276,163.61115,164.58284,164.2173,162.10191
1996-10-30,156.56091,155.59291,153.9718,156.39095,155.43283,153.47217
1996-10-31,126.36145,125.885796,123.87033,132.01018,131.54716,128.76437
1996-11-01,69.60705,69.75068,69.939804,72.84109,73.02537,73.2134
1996-11-02,65.93066,65.27244,64.440834,67.4831,67.02554,66.16373
1996-11-03,91.930374,89.07686,85.0238,88.40409,85.77635,81.66054
1996-11-04,117.24811,117.84199,119.9734,108.06321,108.18692,111.101006
1996-11-05,153.36523,152.14479,150.60866,151.48723,150.50394,149.15512
1996-11-06,144.85693,144.41821,143.6444,143.56088,143.26775,142.49718
1996-11-07,99.33559,98.9605,98.55104,100.11846,99.454956,98.83231
1996-11-08,53.975986,52.861763,51.138412,52.857746,51.822872,50.202835
1996-11-09,108.791306,108.511665,107.94164,107.992096,107.70517,107.105484
1996-11-10,87.73609,89.143715,90.67492,81.35163,82.87982,84.99805
1996-11-11,119.533264,120.03241,120.89164,118.08429,118.84236,120.16588
1996-11-12,71.69869,70.71007,70.10746,74.87703,73.84453,73.45433
1996-11-13,119.86866,116.65567,110.73108,118.99329,115.80753,109.84651
1996-11-14,144.99408,143.43863,141.18764,143.9485,142.29811,139.79013
1996-11-15,132.41342,130.98778,129.04971,130.94907,129.61542,127.61856
1996-11-16,112.29687,113.08346,112.394714,111.88785,112.97565,112.03561
1996-11-17,127.996445,124.988815,121.25049,128.86572,125.86658,121.873474
1996-11-18,132.00581,129.51244,125.19785,133.05106,130.7936,126.78634
1996-11-19,119.070045,117.793625,116.22877,119.6203,118.39186,116.84838
1996-11-20,112.46949,110.386215,107.6116,112.21694,110.20704,107.4779
1996-11-21,65.1116,65.05303,64.31841,63.255104,63.2977,62.655804
1996-11-22,115.088394,113.72847,111.12157,112.19408,111.17903,108.97837
1996-11-23,97.631355,96.6687,95.0458,97.28385,96.49853,95.11713
1996-11-24,58.928864,58.433765,57.40411,58.30007,57.77061,56.707222
1996-11-25,92.349686,90.79069,89.263374,86.6507,85.13078,84.00368
1996-11-26,100.286194,99.206375,96.821144,97.65699,97.067474,95.30472
1996-11-27,110.17299,110.13507,109.41796,109.83267,109.930214,109.12042
1996-11-28,123.30866,122.23042,120.70977,121.65407,120.801285,119.53556
1996-11-29,117.11273,116.5503,116.37063,115.17737,114.79523,114.84379
1996-11-30,49.347477,50.230717,51.86452,48.478046,49.421436,51.161346
1996-12-01,64.70165,61.385757,58.363655,62.48176,59.2738,56.547104
1996-12-02,98.30961,98.16049,98.45733,95.53745,95.57187,96.042595
1996-12-03,68.8445,69.11162,69.46537,64.466095,64.90019,65.42531
1996-12-04,83.861,82.51583,81.28136,79.118706,77.7306,76.73866
1996-12-05,110.30065,109.21018,107.16499,110.374886,109.62707,108.01554
1996-12-06,86.92628,85.776924,83.69402,87.17278,86.14872,84.324234
1996-12-07,72.68276,71.31327,68.31867,69.88335,68.76789,66.01338
1996-12-08,91.70978,90.14137,88.67825,94.91956,93.4434,91.66322
1996-12-09,85.388435,83.71858,81.95085,87.18469,85.42815,83.54497
1996-12-10,106.51888,105.32772,102.92031,105.12374,104.11775,101.93649
1996-12-11,70.899216,69.92296,68.79943,71.07678,70.25332,69.16605
1996-12-12,78.241486,78.47352,79.60473,76.42353,76.52662,77.541374
1996-12-13,63.486355,60.82293,58.73473,64.79178,61.980316,59.73558
1996-12-14,98.89361,97.99948,95.76038,96.823875,96.26246,94.350365
1996-12-15,77.38938,76.837845,76.52993,74.24584,73.78122,73.62345
1996-12-16,77.99047,76.81646,75.46211,76.34631,75.459885,74.55804
1996-12-17,73.03226,73.60469,73.64087,69.34441,69.901855,69.97773
1996-12-18,101.218956,100.514915,99.25758,100.04751,99.54302,98.38565
1996-12-19,111.24298,110.4604,109.64577,110.93301,110.189766,109.34519
1996-12-20,55.655144,56.180435,56.524742,56.108242,56.57313,56.81044
1996-12-21,84.57277,83.83381,82.321526,84.39723,83.645424,81.67632
1996-12-22,99.38418,99.05501,97.33383,99.48378,99.46313,98.05629
1996-12-23,83.002686,81.97108,79.888,87.886734,86.76604,84.37023
1996-12-24,73.041504,68.96588,64.84625,69.97602,66.079,62.419353
1996-12-25,98.615295,98.6625,97.094635,97.74162,97.90728,96.38336
1996-12-26,91.88587,91.07215,90.28147,90.943275,90.16854,89.48868
1996-12-27,112.54033,112.22941,111.502914,111.483444,111.28041,110.55469
1996-12-28,93.29329,92.963356,92.31614,93.86667,93.41406,92.59315
1996-12-29,111.73349,110.64654,109.0794,111.67982,110.525345,108.78337
1996-12-30,104.71294,103.74302,102.90444,102.28119,101.485016,100.86956
1996-12-31,104.71747,103.581825,102.49482,102.95336,101.99169,101.18862
1997-01-01,112.842865,112.209145,111.337555,110.682915,110.15957,109.34718
1997-01-02,107.58919,107.05198,106.6151,106.559105,106.0485,105.572685
1997-01-03,81.258354,81.74395,80.87286,79.783,80.418304,79.7149
1997-01-04,104.87274,103.20616,100.54915,106.6185,105.28066,102.97431
1997-01-05,75.463196,74.11161,71.91007,72.55594,71.25916,69.29397
1997-01-06,105.05482,103.98074,102.21231,103.075096,102.14238,100.58867
1997-01-07,106.182594,105.42044,104.498825,104.5532,103.82924,102.87888
1997-01-08,98.3256,96.21645,93.825554,98.539665,96.33985,93.768326
1997-01-09,105.92743,105.12631,104.16959,105.15422,104.533104,103.73853
1997-01-10,107.99892,107.40883,105.9806,106.7465,106.24104,104.87395
1997-01-11,81.79975,82.76042,84.09267,80.3816,81.714485,83.42979
1997-01-12,91.98409,93.117905,93.12867,95.5378,96.57398,96.57507
1997-01-13,70.8146,69.13619,68.0923,69.40303,67.73046,66.56735
1997-01-14,74.997284,73.15253,71.69707,70.73131,68.86438,67.510574
1997-01-15,127.57057,126.21185,124.22188,127.076805,125.78687,123.831055
1997-01-16,133.63104,132.64638,131.75928,131.85594,130.82759,130.06677
1997-01-17,110.73337,110.53082,109.28771,110.66539,110.42634,109.02954
1997-01-18,56.949932,55.93668,55.017838,55.479633,54.65819,54.088146
1997-01-19,109.703285,110.12582,110.95352,108.28551,108.66158,109.528534
1997-01-20,137.30644,136.32672,134.99783,136.26381,135.27057,133.88005
1997-01-21,97.48344,97.530365,97.32694,95.24427,95.26105,95.12809
1997-01-22,133.68976,131.07018,126.0399,136.00978,133.89743,129.28773
1997-01-23,128.13547,128.008,127.270386,127.00882,126.8755,125.9401
1997-01-24,113.645096,113.84241,113.824844,108.633804,109.74586,111.460976
1997-01-25,115.27015,114.78679,114.37886,118.75299,118.261154,117.99092
1997-01-26,99.73864,99.306755,100.27125,102.99866,102.287125,102.456154
1997-01-27,115.61162,115.22589,113.65506,115.40373,115.21238,114.12122
1997-01-28,133.97949,132.00784,128.8733,133.05289,131.25381,128.21663
1997-01-29,157.91264,156.46036,154.82143,156.97884,155.3845,153.75456
1997-01-30,158.77719,157.36366,155.38199,158.08522,156.67001,154.78476
1997-01-31,118.12536,117.11317,115.291466,122.72179,121.701935,119.699455
1997-02-01,106.09851,104.330864,101.38152,99.019554,96.96879,93.984825
1997-02-02,106.3851,106.22438,105.58,105.56446,106.13176,106.28641
1997-02-03,168.45999,166.42635,163.52777,168.23523,166.23715,163.51973
1997-02-04,140.63768,140.32285,139.7348,137.42006,137.19514,136.84215
1997-02-05,123.3876,124.199684,124.21475,119.0675,119.79839,119.37356
1997-02-06,115.09165,113.10861,110.21269,108.17781,105.94016,102.86445
1997-02-07,102.22176,99.28057,97.25332,105.85821,103.337555,101.551
1997-02-08,143.11278,141.9491,139.74538,141.56607,140.75085,139.5825
1997-02-09,130.82687,131.7454,133.28934,133.59477,134.63614,135.84087
1997-02-10,97.35046,95.43742,93.17689,97.61727,95.73709,93.44683
1997-02-11,83.65136,81.85574,80.25878,82.42088,80.88179,79.586
1997-02-12,148.09818,146.61319,144.2228,145.2616,143.78462,141.60744
1997-02-13,180.25894,178.03185,175.16432,179.88736,177.62437,174.89581
1997-02-14,181.23582,180.26701,178.38162,180.53902,179.62743,177.76909
1997-02-15,146.52248,148.56209,149.13861,144.74771,146.94386,147.21544
1997-02-16,97.971725,96.496025,94.17382,99.40197,97.77687,95.41713
1997-02-17,167.24664,164.64137,158.88309,167.15208,164.97514,159.96356
1997-02-18,141.08626,138.34587,135.2757,141.6804,139.30183,137.17703
1997-02-19,201.769,200.11496,197.5348,201.26184,199.61197,196.87396
1997-02-20,183.92801,182.19061,181.22029,186.9732,185.23486,184.2873
1997-02-21,196.23026,194.75546,193.13292,198.07158,196.72214,195.16774
1997-02-22,193.79759,192.14616,191.01498,193.86058,192.46753,191.4359
1997-02-23,206.1523,204.61227,202.14319,205.11722,203.66129,201.19792
1997-02-24,202.22786,200.3637,198.10867,202.27002,200.49089,198.21724
1997-02-25,170.5891,170.71558,170.0381,167.80959,168.16747,167.39447
1997-02-26,167.46027,166.09552,164.51338,166.6436,165.48468,164.17639
1997-02-27,178.19908,176.22542,172.76404,178.14227,176.64166,173.24089
1997-02-28,211.01064,211.00104,209.929,209.92393,210.094,209.25801
1997-03-01,86.15439,87.76678,90.18216,88.80086,90.92781,93.69859
1997-03-02,153.26755,148.89545,144.85403,148.05208,143.19272,139.17383
1997-03-03,197.72318,194.32697,190.26732,196.37888,193.46707,189.6597
1997-03-04,183.59529,187.31876,189.48026,185.60374,189.61996,191.60457
1997-03-05,161.33296,159.2024,153.3958,152.28622,150.09636,144.17844
1997-03-06,174.72528,174.19467,171.34827,174.52254,173.9595,170.34543
1997-03-07,157.0334,152.14069,146.30002,170.53955,165.42842,159.18988
1997-03-08,98.56781,98.03389,96.752365,97.270905,97.09959,96.20046
1997-03-09,170.9717,165.87381,158.54428,163.21765,157.88791,150.44298
1997-03-10,228.02765,224.54294,218.82457,224.64043,221.03369,214.92807
1997-03-11,186.73544,186.44789,187.25925,183.98924,184.09093,184.732
1997-03-12,160.66524,157.35214,153.14603,169.60342,166.25946,161.76437
1997-03-13,205.64581,203.87888,202.15376,212.60303,210.99852,209.24889
1997-03-14,253.38559,251.638,249.6227,253.16757,251.5549,249.29985
1997-03-15,227.6998,225.83324,224.66002,225.14006,223.23206,221.82327
1997-03-16,220.64578,218.80869,217.10046,224.46756,222.89749,221.04703
1997-03-17,140.63304,140.8412,141.23473,137.70192,137.81871,138.0026
1997-03-18,239.50533,235.10457,229.79968,245.92795,242.1515,237.02106
1997-03-19,222.56586,221.34517,219.9387,227.26074,225.79391,223.71353
1997-03-20,201.79874,201.94801,202.40614,210.37936,210.54697,210.19202
1997-03-21,125.961266,121.98832,118.35191,123.49064,119.61925,115.69513
1997-03-22,196.82916,195.0403,192.65015,196.57224,194.73796,192.52577
1997-03-23,230.59631,229.62967,229.12381,229.44582,229.19098,229.33333
1997-03-24,153.40128,157.09645,160.78073,154.62617,158.38928,161.92902
1997-03-25,129.22083,122.591576,117.586624,129.7756,122.83581,117.97681
1997-03-26,199.78806,197.7302,193.27715,196.25056,194.13641,189.37758
1997-03-27,225.58725,223.13367,219.48065,221.40804,219.35815,216.05823
1997-03-28,247.20326,245.1249,241.53717,249.17868,247.19722,243.3558
1997-03-29,144.00438,145.04791,146.23424,143.20947,144.20488,145.22487
1997-03-30,233.8989,231.88345,229.54044,249.86139,248.82213,247.1169
1997-03-31,261.6336,259.30038,256.15634,272.67355,270.79327,267.87033
1997-04-01,223.58316,219.13858,212.73674,230.5652,226.29427,218.86981
1997-04-02,200.20076,201.7051,202.94334,199.01976,201.6601,203.86864
1997-04-03,117.01184,116.24425,117.49677,115.21393,114.47246,115.99245
1997-04-04,237.26477,240.22308,243.5157,229.72128,233.01245,237.23209
1997-04-05,234.89767,230.8538,227.28777,232.1323,228.08855,224.40492
1997-04-06,244.78462,239.33153,234.23958,243.01247,237.82544,233.10478
1997-04-07,260.08154,255.97887,252.48589,261.4502,257.35324,253.55176
1997-04-08,276.41348,276.05502,273.08533,275.03635,275.2482,273.35147
1997-04-09,245.15086,243.87622,241.48051,246.86789,245.76991,243.74586
1997-04-10,273.94055,272.79745,270.34735,276.15485,275.1715,272.99637
1997-04-11,244.92221,246.60934,245.53506,239.819,242.38675,241.4656
1997-04-12,186.14534,186.02829,187.12508,191.84082,191.593,191.51343
1997-04-13,136.805,133.6968,128.5367,139.00365,136.03757,131.10146
1997-04-14,205.93695,202.76398,198.81447,197.87308,194.64603,190.1096
1997-04-15,259.80228,255.68694,250.06354,258.80414,254.3447,248.33156
1997-04-16,304.3986,303.4871,302.01813,304.16754,303.20828,302.08258
1997-04-17,294.8613,293.22562,290.6186,298.32587,297.13123,295.47736
1997-04-18,246.44722,246.41966,246.19183,246.15329,247.33354,248.63646
1997-04-19,275.0176,275.48138,274.93216,274.31668,274.9483,274.85846
1997-04-20,300.44153,300.354,299.59732,302.87857,302.35287,301.82425
1997-04-21,282.42752,282.93405,283.84982,280.51343,280.72998,282.40732
1997-04-22,305.49167,303.65356,301.7988,306.30823,304.34967,303.02286
1997-04-23,311.73486,310.5643,308.5029,311.844,310.4719,308.92517
1997-04-24,246.10858,249.07799,253.00339,237.52574,239.84053,245.0218
1997-04-25,289.67706,288.27798,286.27536,288.1327,286.67792,285.50043
1997-04-26,281.8032,279.73468,277.778,276.5687,274.10056,272.8707
1997-04-27,239.77325,241.8454,241.43056,236.93274,239.07762,238.6368
1997-04-28,260.15005,257.3639,254.7114,258.83054,255.25499,252.43532
1997-04-29,281.20963,281.62912,280.17847,279.49188,279.80276,278.56958
1997-04-30,283.52652,280.93445,277.04184,281.04907,278.40735,275.33612
1997-05-01,186.19489,184.93762,186.49684,189.02364,188.36632,190.84923
1997-05-02,182.28403,185.53781,195.25647,182.14204,184.80385,195.23567
1997-05-03,272.59747,268.20337,262.65213,282.7214,278.15295,272.56854
1997-05-04,213.9965,212.79208,209.9588,212.6931,211.64464,209.75931
1997-05-05,316.57236,315.28366,312.23938,316.30078,314.87042,312.8917
1997-05-06,261.31152,265.17548,269.30072,250.02512,254.11429,259.495
1997-05-07,246.07686,244.73997,245.84828,241.24883,238.55553,240.5342
1997-05-08,228.538,229.42355,229.77159,232.43994,233.57355,235.24593
1997-05-09,286.1242,285.18268,284.33536,301.39203,301.43228,300.64456
1997-05-10,295.79602,290.28915,280.7102,300.68283,293.01596,279.95764
1997-05-11,241.86295,245.08409,247.11305,234.81241,237.92247,240.20221
1997-05-12,246.49939,241.16685,230.65195,237.58755,231.15579,219.55775
1997-05-13,336.66327,334.95847,332.1363,337.9073,336.12915,335.01254
1997-05-14,319.62225,320.04214,319.94247,324.94458,325.2531,326.30923
1997-05-15,214.03546,212.50888,211.95122,215.56654,214.25414,214.86125
1997-05-16,324.84286,324.7564,323.9681,329.14624,328.8235,329.1467
1997-05-17,344.56885,344.61395,343.45166,349.53644,349.32034,349.2377
1997-05-18,294.93887,292.66382,287.69385,296.8515,294.10034,289.98096
1997-05-19,301.39798,300.29575,299.70715,304.6231,302.91174,302.66995
1997-05-20,307.71844,306.81638,305.70514,310.91727,309.13788,308.1009
1997-05-21,292.90482,294.92114,298.63788,287.7774,289.60535,294.52872
1997-05-22,273.67438,273.045,272.9668,279.65002,278.2216,278.3375
1997-05-23,337.176,337.6526,335.78897,349.5136,349.3177,348.05417
1997-05-24,267.6232,269.91632,271.76947,267.06433,269.24237,272.1021
1997-05-25,263.19522,263.78125,262.51138,260.27765,260.0895,259.45755
1997-05-26,200.62962,197.8402,194.72256,184.23119,180.74188,177.55492
1997-05-27,279.63452,278.41458,274.01318,278.669,276.3143,271.73755
1997-05-28,343.7544,345.93527,347.76538,342.49744,344.28925,347.21878
1997-05-29,352.761,351.43683,346.7243,354.6647,352.5481,348.08218
1997-05-30,318.70648,319.6144,319.54535,312.42322,313.35788,314.68167
1997-05-31,336.5472,336.07846,331.32816,340.41217,340.55756,337.0367
1997-06-01,294.77185,291.9654,287.71283,299.65472,296.1279,292.25073
1997-06-02,222.6799,221.8437,218.24332,218.94673,217.97127,215.16913
1997-06-03,339.72586,336.50894,334.5979,335.30273,331.637,331.3126
1997-06-04,356.00647,355.88376,354.86536,353.20865,352.4618,351.9598
1997-06-05,347.297,347.09772,345.68704,343.6126,343.1711,342.71182
1997-06-06,372.60712,371.93665,369.057,374.0161,372.73474,370.45847
1997-06-07,364.97644,364.08875,361.85956,366.38477,365.52786,364.90778
1997-06-08,367.2459,366.99573,365.26285,367.5455,366.75223,365.47925
1997-06-09,329.24564,329.25922,327.1383,330.5219,330.17868,328.41043
1997-06-10,258.65436,259.65964,260.18707,259.86502,259.9393,260.04654
1997-06-11,311.11063,312.88348,313.23926,314.87726,315.9255,315.48898
1997-06-12,349.97562,347.2932,344.30826,348.2067,344.44818,341.2593
1997-06-13,357.45126,357.6852,356.79428,359.36722,359.21948,358.04877
1997-06-14,216.40675,218.4158,221.99129,217.51486,218.73524,221.73329
1997-06-15,327.8767,327.44144,325.80988,326.3312,325.4206,323.40045
1997-06-16,366.85092,367.45547,366.627,366.09293,366.2239,365.48895
1997-06-17,272.52786,272.62546,273.02637,265.42395,265.54224,266.64108
1997-06-18,351.81534,355.10278,352.6542,348.97165,352.7987,350.50214
1997-06-19,354.22635,355.14,352.41766,358.01645,357.62662,354.18698
1997-06-20,380.92963,381.34964,380.3417,381.722,381.86337,381.1153
1997-06-21,381.00406,381.03085,379.3734,381.6525,381.3806,379.6459
1997-06-22,373.42096,374.18683,371.90793,374.564,375.26672,372.77585
1997-06-23,264.217,269.2564,271.02042,271.30414,276.09183,277.16132
1997-06-24,217.46843,222.92697,236.01222,218.5355,223.41689,235.93802
1997-06-25,166.98116,165.27289,166.70146,169.63454,167.28816,167.91023
1997-06-26,337.54636,335.28397,324.14096,332.56836,330.6179,319.31558
1997-06-27,314.2402,314.13336,319.57428,296.4856,296.085,303.19623
1997-06-28,356.80536,357.8016,358.0024,356.13327,357.01398,356.70413
1997-06-29,345.9647,346.96588,346.45895,345.50116,346.47507,345.41882
1997-06-30,264.5989,268.00232,271.28467,257.39328,260.6232,264.02127
1997-07-01,231.8162,233.88744,234.75322,230.60893,232.10226,231.67352
1997-07-02,235.45645,233.15451,231.97272,237.01488,233.82265,232.10703
1997-07-03,235.09416,235.44176,237.49263,239.7042,239.46227,240.68718
1997-07-04,262.22766,260.20868,258.99887,270.63843,267.8462,265.19766
1997-07-05,255.76129,255.48958,257.49747,242.91399,242.47392,244.39954
1997-07-06,234.39815,235.01097,235.91519,235.71494,236.33003,236.49892
1997-07-07,274.0219,276.15652,279.01257,275.12714,277.0007,278.7748
1997-07-08,250.75977,255.68088,260.00308,253.01454,258.49332,262.86697
1997-07-09,329.6991,329.35196,329.0398,331.8186,331.50122,330.41898
1997-07-10,287.04056,288.20273,290.27234,286.99872,288.19653,289.45966
1997-07-11,239.426,242.68556,249.26466,239.54802,243.01866,249.47287
1997-07-12,229.99042,233.01819,237.02292,228.23845,230.99481,234.0337
1997-07-13,255.57591,258.78186,259.82562,261.26962,263.96176,263.44763
1997-07-14,349.82758,348.60425,346.2199,356.17828,355.28766,352.03864
1997-07-15,324.79373,323.76157,320.52518,339.88422,337.08505,329.98325
1997-07-16,302.47025,304.9579,307.84787,299.18436,301.37698,303.28082
1997-07-17,284.7016,286.43506,292.20294,275.6768,277.54816,283.69672
1997-07-18,309.75497,310.21017,311.28543,316.25406,316.10767,314.84372
1997-07-19,301.53207,301.53546,301.30707,299.597,300.10715,301.08264
1997-07-20,288.90005,288.20334,286.9689,298.1596,298.26904,295.27686
1997-07-21,227.12177,224.82913,225.67456,225.8976,224.03036,223.86209
1997-07-22,239.13698,238.09839,241.30757,233.75746,233.12582,236.77454
1997-07-23,215.33633,217.20178,220.01854,212.6771,214.52538,216.73993
1997-07-24,203.92747,204.67906,206.57632,203.16806,203.87505,205.31686
1997-07-25,201.13206,201.59473,202.86464,203.36584,203.57274,204.36731
1997-07-26,241.17303,238.74794,238.36206,229.42427,227.0878,226.66083
1997-07-27,219.70477,223.69696,228.48424,211.42409,215.2517,219.61496
1997-07-28,302.41888,299.73666,297.94644,320.19992,318.9152,317.52438
1997-07-29,177.82391,173.22334,169.12016,182.53195,177.89786,173.13632
1997-07-30,276.8765,272.22705,263.27255,286.1062,281.80182,271.28384
1997-07-31,188.37901,191.13701,193.26161,184.05246,187.04755,188.77892
1997-08-01,202.32545,201.9964,201.16357,194.92165,194.24358,193.76889
1997-08-02,260.19876,259.63226,264.25198,259.88574,258.98044,263.22495
1997-08-03,250.90224,251.3738,257.97824,250.50502,250.78851,257.23386
1997-08-04,239.5689,240.0115,242.1987,229.3766,230.09558,232.85391
1997-08-05,254.04436,252.45222,252.93456,252.30388,250.6811,250.51498
1997-08-06,247.81317,246.03067,244.6144,246.78487,245.10892,243.22931
1997-08-07,314.25742,313.78745,312.94528,314.62802,314.26178,313.1183
1997-08-08,262.63168,260.72763,259.1435,259.47,257.66226,256.0702
1997-08-09,271.3511,269.02365,265.0979,271.62354,269.35294,265.13995
1997-08-10,280.6637,280.0811,279.2678,279.5879,278.97998,277.98932
1997-08-11,238.35516,238.29529,239.69196,235.70294,235.90385,236.66759
1997-08-12,200.27167,197.82803,195.04816,193.54141,191.27806,187.73326
1997-08-13,224.49652,225.16016,229.11055,237.79433,238.91231,242.58662
1997-08-14,213.20053,209.17665,208.63097,216.4554,212.8627,212.70702
1997-08-15,263.0764,262.8661,262.2262,265.94443,265.4537,264.62207
1997-08-16,214.84076,212.93045,211.05515,211.91298,209.52608,207.13145
1997-08-17,246.51216,246.47781,246.21432,261.24857,261.1149,260.34604
1997-08-18,191.29391,187.9721,184.46144,193.46872,189.95801,186.23166
1997-08-19,222.65564,218.722,214.62035,226.5856,222.72937,217.95935
1997-08-20,233.7355,232.5483,231.52167,233.0922,231.96458,231.33507
1997-08-21,239.45786,238.58066,236.35078,239.3511,238.55835,236.5503
1997-08-22,177.46866,179.09628,181.98083,174.22588,175.79234,178.9995
1997-08-23,291.08255,289.8029,287.3682,289.9814,289.4171,288.34186
1997-08-24,285.96823,285.16797,284.1438,284.6892,283.93182,282.9816
1997-08-25,263.66846,262.87936,262.83942,258.37924,257.61606,257.96997
1997-08-26,222.233,222.8094,221.57751,225.02652,225.95935,224.5447
1997-08-27,242.00589,244.10768,244.43933,241.75087,243.03317,243.22395
1997-08-28,254.17638,257.41467,256.26224,253.53523,256.39636,255.29153
1997-08-29,168.94635,172.74426,180.06671,165.42729,169.43446,177.69841
1997-08-30,215.68692,214.35394,212.6228,218.14691,216.1898,213.36449
1997-08-31,226.84138,225.94543,224.03558,226.88437,226.09943,223.82794
1997-09-01,272.09012,270.38608,267.56015,271.50107,269.85495,267.2176
1997-09-02,268.87354,268.78802,267.7712,267.4829,267.56613,266.74274
1997-09-03,262.12646,260.7656,259.0248,260.64246,259.2646,257.72153
1997-09-04,219.72958,220.28996,221.58247,217.59363,218.33607,220.10556
1997-09-05,175.2325,170.78232,167.3974,171.69525,166.82878,162.64644
1997-09-06,238.9014,237.38972,235.48257,238.9223,237.59406,236.01564
1997-09-07,230.70999,229.3065,226.77548,232.29013,230.46643,227.56941
1997-09-08,227.16527,223.7581,217.74434,231.32835,227.80115,221.24971
1997-09-09,174.83925,172.7825,173.87204,164.11314,162.10654,164.2326
1997-09-10,245.77107,244.76811,243.8185,241.60027,240.47069,239.70183
1997-09-11,239.25862,237.36874,235.47339,238.45609,236.59479,234.9332
1997-09-12,216.67813,215.55643,213.49324,212.7404,211.9629,210.51138
1997-09-13,219.65813,215.98268,208.4482,218.23688,214.26846,206.30437
1997-09-14,181.53021,180.10571,178.17693,172.68657,171.4017,169.92227
1997-09-15,189.86525,190.6612,192.1525,181.9267,183.27113,186.04498
1997-09-16,203.77388,201.21378,196.54967,197.79866,195.04198,190.7121
1997-09-17,178.50685,179.086,178.21117,172.96454,172.96783,171.90825
1997-09-18,246.9204,248.1136,246.44363,244.157,245.99594,244.76787
1997-09-19,219.33247,222.48584,223.0867,213.34428,217.5622,219.15718
1997-09-20,227.77129,227.66437,227.03746,230.50282,230.25247,229.7578
1997-09-21,217.44003,213.98201,209.28712,229.31007,225.79224,221.11919
1997-09-22,245.3639,243.61552,241.77127,243.25827,241.4764,239.79164
1997-09-23,243.5926,241.99982,238.86885,243.61424,242.57095,240.48712
1997-09-24,233.92778,232.12263,230.15596,234.3612,232.42122,230.51431
1997-09-25,176.04887,181.40755,184.28082,183.20319,188.32518,190.8986
1997-09-26,100.87474,99.15333,97.656845,102.37937,100.77163,99.62953
1997-09-27,85.78271,83.95219,82.513336,82.82348,80.92025,79.19505
1997-09-28,139.02309,136.89278,133.27405,128.73155,126.54201,123.78588
1997-09-29,197.9501,196.37799,190.95998,195.34868,194.26288,189.63594
1997-09-30,74.19913,68.76346,69.2203,73.677475,67.78187,67.89188
1997-10-01,212.29193,210.93718,210.46121,208.87679,207.61827,207.6159
1997-10-02,217.0627,215.30197,212.8385,216.36688,214.8557,212.86269
1997-10-03,201.59734,201.33228,200.73358,200.59451,200.40439,199.90005
1997-10-04,172.28598,171.60931,171.0519,177.4892,176.18448,174.88875
1997-10-05,120.14034,120.64152,124.15621,124.00339,124.1143,127.1204
1997-10-06,134.51463,136.6778,137.04329,132.61855,134.93188,135.36165
1997-10-07,132.44849,132.4667,133.37988,125.57004,125.40989,126.742676
1997-10-08,202.26036,201.12021,199.12857,207.15158,205.77556,203.64725
1997-10-09,104.80874,104.02391,107.4202,105.81112,104.75457,108.09208
1997-10-10,117.282295,120.01791,124.32639,108.08259,110.8889,115.92167
1997-10-11,173.94759,174.32668,174.78876,166.08922,166.69763,167.94424
1997-10-12,183.24696,181.8136,180.49327,180.6145,179.38376,178.12181
1997-10-13,149.69643,146.40327,143.4866,152.09407,148.43721,145.31964
1997-10-14,191.24692,190.27965,187.64127,191.07971,190.35887,187.68121
1997-10-15,193.50713,192.95383,191.78459,192.4882,192.1413,190.99515
1997-10-16,151.40527,149.23582,146.04825,150.23512,148.0302,144.76639
1997-10-17,114.93648,111.367165,107.29142,120.23611,116.71067,111.93145
1997-10-18,95.99876,96.36635,98.02715,95.70749,96.341805,98.45201
1997-10-19,94.28118,94.34296,95.42137,93.31024,92.996994,93.79419
1997-10-20,129.4859,128.7201,130.7114,123.733315,123.073494,125.648544
1997-10-21,163.63,163.19583,161.54355,160.63725,160.70082,160.01521
1997-10-22,145.3251,144.22415,142.87286,145.60791,144.36238,142.90663
1997-10-23,172.20856,173.03687,172.11475,169.52582,170.94241,170.11993
1997-10-24,179.44536,176.50296,172.03612,178.72957,176.74344,173.93567
1997-10-25,151.46808,150.95433,150.1236,151.79019,151.34097,150.33401
1997-10-26,145.68625,143.57314,141.72859,148.04668,145.74532,142.96901
1997-10-27,81.62594,82.09648,83.50011,80.92527,81.59894,83.32829
1997-10-28,160.57947,158.781,156.01631,162.56235,160.62692,157.3014
1997-10-29,124.049385,123.44444,121.256714,122.51255,121.819405,119.105545
1997-10-30,112.61419,114.11482,116.5824,108.91724,110.391136,113.08756
1997-10-31,132.6006,133.23479,133.79906,129.46869,130.3075,131.07127
1997-11-01,147.27434,145.88448,143.5444,146.92017,145.43498,142.77554
1997-11-02,104.02664,103.91182,103.8906,102.68212,102.51493,102.229004
1997-11-03,147.67802,146.5416,143.49794,149.00453,148.21538,145.61554
1997-11-04,116.49034,114.743996,111.85491,117.20411,115.27347,112.06467
1997-11-05,66.10831,64.95261,63.94993,62.713966,61.862263,61.170334
1997-11-06,120.14596,121.56637,121.0506,119.63007,121.36015,120.50659
1997-11-07,120.456245,120.45905,118.6154,121.35186,121.584274,119.329254
1997-11-08,102.78019,101.33418,100.04257,102.78399,101.38761,100.17598
1997-11-09,89.668915,89.65687,90.82357,87.58147,87.76069,89.86887
1997-11-10,134.36737,134.79994,133.7434,131.5229,132.3063,132.24321
1997-11-11,115.55232,113.3826,112.07401,111.29687,109.26202,108.569214
1997-11-12,121.16209,120.712906,119.40393,117.37584,117.29264,117.04003
1997-11-13,140.2007,137.32523,133.95934,136.76544,133.63832,130.07166
1997-11-14,123.89644,122.81722,121.9527,127.10755,126.005356,124.94053
1997-11-15,81.13194,82.76297,84.86228,84.35237,85.90833,87.72901
1997-11-16,128.013,126.900116,124.57597,129.12607,127.79092,124.825226
1997-11-17,109.80671,108.72218,106.64015,108.266624,107.071014,104.84487
1997-11-18,109.36566,108.61806,107.47382,107.20088,106.53348,105.669655
1997-11-19,119.22663,118.23776,116.93377,120.19412,119.03251,117.2779
1997-11-20,102.37386,103.07766,103.53351,102.111725,102.687035,103.27042
1997-11-21,44.03645,42.605072,42.152473,41.593037,40.45493,40.19065
1997-11-22,114.802345,114.56935,113.93888,113.073074,112.73108,111.85757
1997-11-23,114.213066,113.24064,112.05455,113.28502,112.26115,111.02814
1997-11-24,119.78841,118.55857,117.72786,116.435394,115.19394,114.61299
1997-11-25,105.55957,104.977264,103.7174,104.95685,104.07078,102.638
1997-11-26,75.27537,76.657974,77.75814,73.59974,75.249626,76.79435
1997-11-27,102.0051,100.11924,98.88601,103.26807,101.337265,99.87122
1997-11-28,45.70523,45.459892,45.628372,45.51955,45.05577,44.914368
1997-11-29,72.69154,70.75164,68.59124,67.16159,65.465225,63.918053
1997-11-30,94.988304,95.988075,97.53619,94.99364,96.45102,98.34548
1997-12-01,95.05083,93.65119,92.21559,94.945145,93.65899,92.374084
1997-12-02,55.19256,54.872856,54.459415,54.93019,54.418194,53.60602
1997-12-03,102.81394,101.55614,99.91101,100.37347,99.149704,97.57845
1997-12-04,101.69742,100.17862,97.97142,100.9941,99.50348,97.2417
1997-12-05,75.184074,75.489235,76.95634,69.60116,70.264725,72.6266
1997-12-06,65.73336,63.263294,61.329006,69.16533,66.471794,64.57195
1997-12-07,99.64433,98.59719,98.49386,96.78858,95.89458,96.20415
1997-12-08,67.321335,67.803276,68.17105,71.42614,72.05792,72.60414
1997-12-09,59.849964,59.50104,58.125477,57.863583,57.65902,56.42142
1997-12-10,64.069214,63.91773,63.310207,63.4102,63.173836,62.208958
1997-12-11,75.69577,75.47863,74.62823,76.71402,76.708565,76.132065
1997-12-12,70.803375,68.942825,66.57128,69.37774,67.4117,64.67487
1997-12-13,70.7177,70.00652,68.908844,69.62211,69.33462,68.50021
1997-12-14,71.87804,70.07602,67.019035,71.720345,69.943436,66.8738
1997-12-15,79.053185,78.05932,76.12648,80.009346,78.861725,76.57657
1997-12-16,85.34835,82.23202,78.404274,86.476685,83.525764,79.78693
1997-12-17,62.101376,63.161472,64.22432,58.660217,60.18639,61.652527
1997-12-18,40.21767,38.68125,38.252834,38.760406,36.94727,36.511955
1997-12-19,96.37965,95.33354,93.11612,95.01788,94.35316,92.20683
1997-12-20,63.40692,63.27062,63.985394,60.868443,60.72556,61.722496
1997-12-21,96.50195,95.21667,93.61366,94.35432,93.60782,92.83005
1997-12-22,91.67538,89.75313,85.28453,95.43587,93.57811,88.690254
1997-12-23,60.129055,59.174442,57.607697,59.243507,58.121452,56.33666
1997-12-24,87.87906,87.53916,87.416725,86.86351,86.37912,86.42111
1997-12-25,72.45696,69.59979,66.432144,74.37644,71.46898,68.347595
1997-12-26,95.17861,94.59218,93.88913,93.01152,92.65154,92.49312
1997-12-27,109.70259,108.92837,107.956566,108.29454,107.671104,106.89719
1997-12-28,77.34238,76.59174,75.71929,78.43423,77.661545,76.83119
1997-12-29,95.352516,91.50029,86.17132,95.52447,91.835594,86.74718
1997-12-30,110.92652,109.74674,108.74181,110.40871,109.31691,108.396095
1997-12-31,120.592064,119.35232,117.65198,119.93368,118.78539,117.14269
1998-01-01,106.1682,104.85507,102.97909,105.26604,104.051186,102.29181
1998-01-02,94.91,92.34832,88.538246,98.41453,96.11026,92.50011
1998-01-03,101.66168,101.39454,101.93114,98.54464,98.39355,99.44655
1998-01-04,110.53696,109.41879,107.57843,108.91274,107.732254,105.76724
1998-01-05,48.253788,47.983383,47.450634,49.00514,48.831654,48.43025
1998-01-06,83.8596,83.60167,83.65256,78.58891,78.67089,79.288506
1998-01-07,121.337875,120.10072,118.64213,119.03771,118.11833,117.275276
1998-01-08,112.02291,110.62652,108.60583,109.278496,107.72436,105.47446
1998-01-09,65.022514,64.30488,63.40396,67.46603,66.87166,65.93928
1998-01-10,73.213264,71.28293,69.53204,68.2503,66.60073,65.65147
1998-01-11,113.015144,112.244705,110.79304,111.305305,110.86447,110.027954
1998-01-12,126.511375,125.10772,123.03028,124.2988,122.86091,120.65585
1998-01-13,77.55233,76.91089,76.37328,78.5938,78.02054,77.60075
1998-01-14,119.53487,118.662155,117.42232,119.692276,118.765,117.56954
1998-01-15,131.8234,130.63406,129.01361,130.16585,128.94548,127.246
1998-01-16,121.30864,121.41519,121.420006,121.60779,121.717186,121.66159
1998-01-17,96.1251,94.9671,93.196976,95.18446,93.978485,92.36751
1998-01-18,81.18653,79.26595,78.36357,81.75548,79.56747,78.61697
1998-01-19,134.24228,132.45729,130.36531,135.53523,133.79666,131.73062
1998-01-20,105.52658,105.36102,104.80454,106.168526,105.849846,105.37126
1998-01-21,53.151524,52.07447,50.925747,51.84058,50.663235,49.599426
1998-01-22,104.44123,103.33731,101.67588,106.17399,105.249664,103.787025
1998-01-23,122.64752,121.8954,121.36786,121.33627,120.9602,121.06526
1998-01-24,103.51038,101.84945,99.9608,101.721,100.0093,98.15613
1998-01-25,148.11935,146.55287,143.57387,147.51854,146.0671,143.4774
1998-01-26,80.33795,79.53805,78.820366,80.47599,79.664986,78.74498
1998-01-27,85.54272,81.72349,79.79411,83.92447,80.33777,78.913666
1998-01-28,64.509766,64.2507,63.00358,64.710396,64.36115,62.98231
1998-01-29,116.389694,114.292786,112.215965,114.39696,112.44999,110.689156
1998-01-30,143.91692,142.85565,141.17546,141.2523,140.56853,139.86046
1998-01-31,156.69827,155.54605,153.98378,156.59091,155.45215,153.77356
1998-02-01,130.9198,131.13593,131.21713,131.4637,132.14388,132.87982
1998-02-02,127.57019,126.14503,124.70998,126.858986,125.3984,124.18524
1998-02-03,161.88087,161.82335,159.78423,161.51588,161.82503,159.87253
1998-02-04,135.06213,132.0299,128.30846,137.85626,134.8726,130.95267
1998-02-05,96.19548,96.75163,97.31906,98.3173,98.63837,98.698
1998-02-06,94.97102,90.68032,85.73122,95.889694,92.05279,87.31117
1998-02-07,137.86789,138.03723,139.50371,141.53426,142.0067,143.81285
1998-02-08,124.6144,122.57968,118.075294,122.26411,120.52447,116.87115
1998-02-09,136.43546,132.964,127.42996,138.08617,134.54504,128.74313
1998-02-10,74.75808,72.84341,70.235054,76.70197,74.928856,72.422676
1998-02-11,115.3831,113.65991,111.16463,109.74124,108.28118,106.65527
1998-02-12,175.08678,174.5957,173.13579,178.00763,177.54176,175.89865
1998-02-13,127.6996,125.720314,122.83017,124.160484,121.99171,119.12505
1998-02-14,153.72746,151.24812,148.13344,154.56378,152.27098,149.2402
1998-02-15,191.09117,189.13269,186.44899,189.67741,187.85738,185.43877
1998-02-16,106.70036,107.55983,108.4778,108.544655,109.53547,110.68178
1998-02-17,112.16102,108.908066,106.29992,112.832115,109.69648,107.35141
1998-02-18,96.61882,94.372246,92.3743,104.02433,101.589806,99.45442
1998-02-19,151.0965,150.68091,150.15947,147.623,147.83502,148.371
1998-02-20,166.40913,162.78671,158.44754,166.90088,163.94647,160.89001
1998-02-21,176.15372,174.05695,171.48901,177.43335,175.15681,172.16087
1998-02-22,182.30937,180.07689,175.95456,180.99309,179.44121,176.41078
1998-02-23,152.74811,151.25735,150.24876,149.94405,148.47144,147.81342
1998-02-24,174.35545,173.20776,171.94519,170.88126,169.35959,167.69653
1998-02-25,136.82466,135.83937,134.27321,139.85725,139.02089,137.80257
1998-02-26,203.78816,201.11339,197.87462,208.47362,206.13185,203.34804
1998-02-27,220.50325,218.16826,215.06157,221.85568,220.15797,217.9479
1998-02-28,74.40146,73.97612,74.24271,76.02304,75.83975,76.28302
1998-03-01,186.48248,187.96652,189.6024,181.32994,182.93007,185.01418
1998-03-02,195.34515,192.47243,189.46613,202.19615,199.42123,196.22928
1998-03-03,161.9781,159.4771,157.40147,163.40872,161.33788,159.47096
1998-03-04,232.8391,231.0412,228.66098,232.37935,230.72516,228.26382
1998-03-05,204.39383,203.34122,202.13853,201.96078,201.00362,199.7934
1998-03-06,188.19945,186.67546,184.44443,187.15466,185.7334,183.3075
1998-03-07,155.9897,156.77158,156.15164,152.4641,153.57748,153.1664
1998-03-08,146.54018,145.57133,144.35127,148.55283,148.41145,147.58623
1998-03-09,165.8534,165.2382,164.6447,162.89899,162.42271,162.35205
1998-03-10,142.97336,143.32793,143.02702,141.08835,141.67671,141.2328
1998-03-11,175.86943,174.77513,172.67459,177.00551,176.65982,175.30128
1998-03-12,110.43538,108.53266,106.35268,116.10457,114.373024,112.23978
1998-03-13,96.74962,96.16542,95.60644,92.01645,91.43353,90.983795
1998-03-14,141.58679,137.88594,135.63844,144.73192,141.00113,138.43079
1998-03-15,187.04753,183.99594,179.83896,189.57503,186.83829,182.18901
1998-03-16,175.7614,172.8995,170.86714,167.45372,164.13643,162.4502
1998-03-17,149.40073,144.38016,140.89941,148.82251,144.12599,140.81432
1998-03-18,162.91357,163.1602,164.80069,159.88527,160.11748,162.03128
1998-03-19,112.63661,112.208626,112.95307,113.630066,113.43212,114.303825
1998-03-20,201.5406,200.19905,197.06892,210.15683,209.69267,206.41603
1998-03-21,170.24641,165.393,158.69032,177.81201,173.574,166.14948
1998-03-22,227.30606,225.761,225.74957,220.87932,219.55403,221.31976
1998-03-23,205.27562,200.4916,198.53448,209.7413,205.32458,203.24373
1998-03-24,224.7766,219.3771,213.49068,233.59328,228.99039,223.59694
1998-03-25,200.41135,193.35025,184.79353,208.33641,201.55502,193.0765
1998-03-26,232.30228,230.76578,231.21819,233.73354,232.94711,234.32518
1998-03-27,256.64532,256.318,250.87883,259.25793,259.37955,253.85364
1998-03-28,174.6013,177.49307,178.24843,167.30333,170.2065,171.3366
1998-03-29,169.26343,171.31023,172.06613,159.839,162.30635,163.87614
1998-03-30,162.11653,163.74068,163.80931,152.91597,153.92313,153.55873
1998-03-31,188.9355,187.74536,188.1716,181.16643,180.07976,180.59073
1998-04-01,198.63556,201.6761,205.67542,203.02556,205.80075,208.74521
1998-04-02,239.43623,242.18762,241.4983,239.32793,242.26898,240.83192
1998-04-03,224.38086,224.6956,227.63794,218.05241,218.29869,221.74522
1998-04-04,246.84926,247.00246,245.89003,258.28024,258.7845,258.31546
1998-04-05,235.14255,230.93367,223.85472,236.53725,231.76398,223.86176
1998-04-06,244.57535,242.23163,235.07808,256.1062,254.1964,246.84576
1998-04-07,288.83096,289.08777,286.98535,290.558,291.63452,289.93243
1998-04-08,289.67755,287.60822,284.57718,289.0799,287.46396,285.30798
1998-04-09,259.31277,259.35858,257.51663,260.9386,260.9572,259.12326
1998-04-10,228.08781,229.80939,223.48785,227.30626,229.30225,223.11244
1998-04-11,186.13385,180.62112,176.34682,179.04279,173.71341,169.6272
1998-04-12,145.36293,142.06647,140.91658,149.11234,146.10797,145.56517
1998-04-13,238.36047,237.92702,238.88225,252.1828,251.67061,252.81776
1998-04-14,258.73264,261.44894,261.6899,266.3864,268.4093,267.82718
1998-04-15,210.72948,208.96713,206.64676,205.89069,204.4387,201.8021
1998-04-16,267.6813,269.85977,267.41306,265.25534,266.97733,264.6011
1998-04-17,174.58191,169.33517,165.05711,166.7985,160.6926,156.02893
1998-04-18,269.2877,267.4714,266.10016,267.44803,265.67065,265.02426
1998-04-19,273.52142,272.97607,273.4491,272.4578,271.73193,272.4324
1998-04-20,292.98865,290.49698,286.36688,295.2531,292.70517,288.89618
1998-04-21,268.5274,265.4666,261.0511,272.56638,269.76392,266.24255
1998-04-22,221.53024,218.19644,213.56592,221.28581,217.61258,213.0915
1998-04-23,157.57874,153.4756,153.73254,159.2661,154.60428,155.34036
1998-04-24,229.62875,230.9621,234.60295,222.79147,223.65753,228.00018
1998-04-25,233.3559,234.4103,234.90724,231.72658,232.25703,232.84233
1998-04-26,133.39774,130.37697,127.45037,139.92397,136.97366,134.22208
1998-04-27,193.0467,194.93521,196.30043,187.02803,188.89221,190.79427
1998-04-28,155.5349,151.7362,147.29013,166.84398,162.77124,157.82735
1998-04-29,308.3251,304.97858,299.58768,314.2983,311.3312,307.52832
1998-04-30,274.7901,273.42166,272.384,291.97824,290.48627,289.87985
1998-05-01,191.07361,186.87903,183.55733,202.99744,198.12581,194.35228
1998-05-02,210.69246,205.43457,200.3447,216.38733,209.96992,204.46309
1998-05-03,254.88884,250.99794,246.4539,256.57404,252.93413,249.45596
1998-05-04,282.95822,279.29312,274.7263,286.2486,282.27823,278.63007
1998-05-05,255.0411,255.83997,255.06339,253.37433,254.26218,254.73833
1998-05-06,270.91977,272.3815,273.2321,267.54367,269.35507,271.74655
1998-05-07,264.26794,265.6145,265.21814,262.39807,263.50674,264.22336
1998-05-08,304.5987,303.71323,302.43512,306.85883,305.37506,304.43793
1998-05-09,265.99582,264.91147,263.1388,262.5346,261.2672,260.20233
1998-05-10,305.15915,310.25143,311.7739,299.3865,304.56985,307.09668
1998-05-11,275.9501,274.14072,268.86572,282.42096,280.58286,276.72308
1998-05-12,210.31982,209.25859,207.56207,195.69093,194.72371,194.67035
1998-05-13,228.22568,232.18452,235.29953,216.36145,220.05362,224.8209
1998-05-14,188.74677,191.20183,195.19176,184.08957,185.87492,190.04106
1998-05-15,216.13731,214.81917,214.20476,216.21756,214.59883,214.44237
1998-05-16,253.26146,255.2115,258.79324,248.82373,250.34581,255.5155
1998-05-17,347.2075,348.63992,348.82,351.76022,352.36484,352.68604
1998-05-18,199.41542,203.16684,207.85663,204.8351,208.22618,213.01736
1998-05-19,185.9094,181.78458,177.2167,188.98369,184.57521,180.3855
1998-05-20,304.78543,303.09177,301.6401,303.09708,300.81345,300.39206
1998-05-21,305.31366,302.87756,296.94827,306.52054,302.7835,297.4866
1998-05-22,281.40454,283.3351,285.68585,299.15866,301.47922,304.89603
1998-05-23,295.99524,298.5163,296.72647,302.9072,304.9405,304.14514
1998-05-24,301.2574,299.5756,297.3295,309.40158,307.8295,306.57272
1998-05-25,324.4467,324.41162,323.6127,323.44327,322.68387,322.69772
1998-05-26,295.06992,296.56622,297.9425,295.16476,295.89844,298.14157
1998-05-27,296.57373,295.76505,292.60388,304.8644,303.87952,300.21402
1998-05-28,260.84863,262.5624,265.91803,256.2146,258.3311,263.0935
1998-05-29,308.94638,312.82828,313.74518,327.61444,330.41437,330.96057
1998-05-30,193.11728,196.64693,204.56563,201.63423,205.54817,214.041
1998-05-31,227.23695,227.70204,226.79456,225.74123,225.85406,225.20406
1998-06-01,348.7598,348.43088,345.54538,353.42847,352.5451,349.88693
1998-06-02,338.305,339.0333,338.3272,336.95673,337.5346,337.68063
1998-06-03,350.9608,350.48874,347.7346,352.24875,351.5855,349.66687
1998-06-04,260.89175,263.45288,265.4843,256.94998,259.28284,262.28436
1998-06-05,333.52524,333.07492,326.38855,334.8342,334.5579,328.8416
1998-06-06,257.2235,258.09903,258.20428,260.09625,260.82852,261.48975
1998-06-07,360.42517,362.8489,362.36047,361.67047,363.99475,364.14896
1998-06-08,316.46832,314.1135,310.87213,316.4468,313.33447,309.8415
1998-06-09,287.2225,287.6128,287.8607,284.33456,284.14877,284.75455
1998-06-10,388.81897,389.87524,389.95392,387.78232,388.1663,388.70172
1998-06-11,358.5524,360.48975,361.30154,359.98306,361.36282,362.2333
1998-06-12,285.93253,289.79996,294.1374,279.94922,283.13602,287.3736
1998-06-13,265.2058,266.04572,265.50714,259.5148,260.18314,260.06406
1998-06-14,298.5625,304.04422,306.026,300.81357,306.38013,308.7353
1998-06-15,220.21239,219.65799,222.2304,216.66998,216.0452,219.51323
1998-06-16,268.8591,263.72745,261.52487,272.8698,267.14893,264.5648
1998-06-17,319.18063,319.61157,316.68478,315.80276,315.8696,312.66858
1998-06-18,345.94345,345.2186,342.12418,348.7492,347.3419,343.29166
1998-06-19,247.69292,241.2361,236.26453,249.42378,241.68332,235.75443
1998-06-20,335.36365,336.3985,334.46283,331.55634,332.5831,330.97473
1998-06-21,364.50467,365.46097,364.90475,363.0388,363.60266,362.76843
1998-06-22,335.4508,334.43396,330.83667,343.5312,343.0787,339.74182
1998-06-23,301.6493,303.88107,305.2178,305.60864,306.9681,307.57175
1998-06-24,384.18323,384.86118,384.49564,385.0642,385.372,384.65903
1998-06-25,338.0065,337.67746,338.34097,336.49252,335.76474,335.84467
1998-06-26,242.95274,243.73766,245.43336,249.78941,250.1015,251.1989
1998-06-27,247.65689,247.47246,248.76701,243.59752,243.28206,244.16365
1998-06-28,339.44263,338.42627,334.85306,338.66385,337.49933,333.54654
1998-06-29,349.1872,349.2638,348.8502,350.06357,349.72598,348.67694
1998-06-30,328.63248,327.39972,327.7336,327.08957,325.79813,326.59622
1998-07-01,236.24857,234.28029,237.58911,239.91016,237.2466,240.27231
1998-07-02,255.09036,257.52847,259.5974,247.18965,249.39746,251.51825
1998-07-03,270.71255,270.06375,269.27203,270.2604,268.49194,266.77432
1998-07-04,296.6556,297.21213,297.0364,294.7515,295.21033,295.0117
1998-07-05,195.34026,194.16768,197.92938,196.45047,194.88849,198.31683
1998-07-06,190.18834,188.9409,188.9508,189.35925,187.09941,185.64929
1998-07-07,212.05557,209.83766,210.0243,211.53981,208.84233,207.7605
1998-07-08,257.29108,249.87587,241.92842,255.2907,248.36758,239.54639
1998-07-09,287.33093,283.56512,278.71252,281.87762,277.94968,271.94574
1998-07-10,258.28897,256.63687,256.64526,254.82654,253.43419,253.40866
1998-07-11,264.79425,272.4401,277.27725,262.49216,270.29395,274.78345
1998-07-12,177.19696,182.31082,196.3538,177.4216,182.16422,195.07654
1998-07-13,186.9058,185.095,183.60582,190.67113,189.1159,187.1304
1998-07-14,218.03088,217.79195,217.06139,209.99081,210.17897,209.84958
1998-07-15,283.17996,282.7835,285.2634,272.21548,271.96982,274.82184
1998-07-16,269.15,266.37234,263.54453,272.7734,270.45096,267.18832
1998-07-17,193.03189,192.99652,193.91953,191.7329,191.40643,191.31836
1998-07-18,197.78893,196.78978,195.57483,199.95403,198.84618,197.03276
1998-07-19,264.74393,260.1831,256.19873,268.9654,264.83044,260.30484
1998-07-20,272.5126,273.9858,274.27347,271.56454,273.29242,274.00922
1998-07-21,241.47046,241.53842,242.42801,245.58032,245.9708,247.10838
1998-07-22,231.96191,229.94455,228.32773,235.07013,233.75244,231.4248
1998-07-23,262.61105,259.3911,256.96524,258.08072,255.02226,253.00732
1998-07-24,224.77942,226.35738,228.37315,221.70702,223.51161,225.88185
1998-07-25,295.17346,294.0631,294.09427,300.10385,299.89587,300.42944
1998-07-26,318.5591,318.54282,319.16,321.3681,321.6758,322.1403
1998-07-27,321.3715,322.84543,323.90045,322.6383,324.30023,325.36594
1998-07-28,308.7443,310.08353,312.64172,308.8176,309.81808,311.83878
1998-07-29,307.88293,309.494,310.84708,308.88953,310.90436,311.4158
1998-07-30,296.80597,297.5939,298.337,298.83618,299.94632,299.82336
1998-07-31,257.66296,260.84232,263.66095,248.62819,252.2346,255.41037
1998-08-01,307.66626,307.66638,304.81842,306.8148,307.03455,302.72366
1998-08-02,210.3897,214.00699,218.50458,203.5625,207.07024,211.4591
1998-08-03,267.70465,271.02948,271.4971,275.7323,279.1351,278.82248
1998-08-04,272.5575,271.07327,270.628,285.44983,283.78513,281.87527
1998-08-05,259.7127,260.6122,260.439,257.9059,258.6766,257.8602
1998-08-06,244.411,244.35606,245.85123,243.7422,243.85886,244.98683
1998-08-07,236.5223,235.86955,236.09207,239.5431,238.5603,237.80513
1998-08-08,279.33722,280.6024,281.71487,274.347,276.31155,278.1525
1998-08-09,267.47177,265.61038,263.78546,263.9904,262.0007,259.8874
1998-08-10,308.40747,307.55957,306.40442,306.87427,306.16617,304.92633
1998-08-11,281.314,279.64902,278.66367,279.9343,278.5699,277.87726
1998-08-12,286.41864,286.22638,285.7412,289.53162,289.236,287.83264
1998-08-13,188.29645,190.33316,193.06752,183.68488,185.45276,187.90639
1998-08-14,148.53008,144.21616,139.33932,159.51208,154.6588,148.0202
1998-08-15,215.50093,209.95905,205.30519,215.33394,209.70491,205.0732
1998-08-16,270.84155,265.2831,257.16354,282.3505,277.24417,268.27188
1998-08-17,273.3324,270.0214,264.4177,276.8417,274.50296,269.5121
1998-08-18,265.93845,266.32648,263.34778,263.997,265.12503,262.5054
1998-08-19,249.77441,248.88959,247.4178,246.41382,246.04951,245.25262
1998-08-20,234.20767,233.1523,232.86615,233.35277,232.35599,232.31958
1998-08-21,242.22023,240.82298,238.50998,240.21284,238.85597,236.62245
1998-08-22,208.77258,210.85074,212.0312,203.91411,206.42914,208.64148
1998-08-23,294.91306,294.2126,293.36218,294.4487,293.78058,292.9643
1998-08-24,239.60938,235.77266,234.76495,259.78033,256.54346,254.39279
1998-08-25,274.04474,276.60837,275.32996,275.12637,277.01715,276.4601
1998-08-26,206.83807,207.53796,206.5827,215.67236,216.49654,215.68492
1998-08-27,198.67836,197.52435,193.91646,202.99173,202.04218,198.18828
1998-08-28,252.52771,252.18729,252.03201,249.98979,249.33475,249.0047
1998-08-29,281.42737,280.4035,279.09384,280.50702,279.59146,278.59692
1998-08-30,247.41133,243.13205,237.57315,255.03969,251.63141,247.51819
1998-08-31,237.09639,232.2823,226.39038,248.41022,243.28658,236.97453
1998-09-01,215.8625,208.78857,201.27042,225.73763,218.53345,210.27515
1998-09-02,225.27643,223.3497,220.84575,231.46661,229.45222,226.62834
1998-09-03,157.1221,158.43356,161.93272,143.86583,145.1181,149.40424
1998-09-04,198.28972,198.96075,200.48114,192.559,193.24078,195.51248
1998-09-05,205.5058,204.05716,201.12306,197.57863,196.06442,193.58257
1998-09-06,187.78314,190.29167,193.91008,180.5242,184.27531,189.42001
1998-09-07,177.81276,176.90178,181.88425,164.79953,163.4912,170.10704
1998-09-08,130.01852,127.71577,124.84068,125.68552,123.618095,121.02965
1998-09-09,132.71268,130.1976,131.44289,128.14606,125.00839,125.81728
1998-09-10,132.83733,127.09254,121.50844,132.67615,126.65048,121.06407
1998-09-11,194.62431,194.99947,192.85437,187.6031,187.95348,186.96796
1998-09-12,234.00932,233.1784,231.94006,230.47713,229.67432,228.94003
1998-09-13,259.73767,258.76837,257.327,259.5936,258.44937,257.183
1998-09-14,224.59299,222.98775,221.34451,223.81935,222.2852,220.82109
1998-09-15,236.7929,234.88557,232.40616,237.5582,235.74821,233.59628
1998-09-16,179.3211,180.84076,180.55925,178.09647,179.59529,179.2248
1998-09-17,245.37808,242.14798,237.31438,246.64757,243.69238,239.45874
1998-09-18,215.65749,213.3924,210.07628,217.43854,215.55614,212.74069
1998-09-19,156.80101,153.89433,153.03587,155.59258,152.0556,151.10133
1998-09-20,166.142,166.37212,166.4604,158.43694,158.9268,159.70453
1998-09-21,219.52101,217.30688,216.57245,213.6029,211.03203,210.63036
1998-09-22,213.87854,211.09052,208.10912,211.0059,208.12273,205.13513
1998-09-23,215.40213,215.87662,214.00783,215.28357,215.67136,213.73672
1998-09-24,112.166176,112.31202,113.95819,114.615776,114.49388,115.79817
1998-09-25,155.30087,156.1053,156.04915,147.88393,148.9014,150.00832
1998-09-26,140.7411,138.327,133.8792,127.637794,125.404045,122.04553
1998-09-27,174.81244,175.53929,176.32997,167.94455,168.63853,170.22725
1998-09-28,198.78334,198.02191,197.7478,190.74791,190.35692,191.0304
1998-09-29,203.78795,202.58495,202.0479,203.13962,201.86494,201.25227
1998-09-30,195.57718,194.96452,193.55922,192.74792,192.10765,190.81398
1998-10-01,133.80054,132.69586,131.63133,125.52452,124.42281,124.044014
1998-10-02,225.96645,224.3866,221.97572,225.60667,224.06575,221.66142
1998-10-03,185.89685,185.82765,183.23557,186.83932,187.38147,186.31042
1998-10-04,161.38844,157.89777,151.82332,166.42552,162.52419,154.99887
1998-10-05,187.24992,186.63312,183.7106,182.65065,182.42686,180.29518
1998-10-06,209.5499,207.81886,205.98233,208.92323,207.25491,205.37909
1998-10-07,209.46513,207.15955,202.93445,208.94048,207.0371,203.59698
1998-10-08,159.19025,162.84784,165.10524,167.63957,171.05154,171.67537
1998-10-09,157.39787,154.44957,149.23097,155.89938,152.83304,148.13855
1998-10-10,166.06631,164.46628,162.70206,163.84402,162.3497,160.55737
1998-10-11,171.07092,166.91144,160.82208,168.92331,164.34175,157.34578
1998-10-12,168.5544,164.89474,161.82455,168.52602,164.8609,161.62793
1998-10-13,146.0465,144.81517,142.46529,139.19287,137.84067,135.29706
1998-10-14,200.07045,198.36342,196.30304,199.52402,197.88776,195.81578
1998-10-15,198.68631,197.15158,195.39867,198.04068,196.59248,194.87723
1998-10-16,162.83212,163.6256,164.57298,160.45363,161.28348,162.33467
1998-10-17,139.23473,137.52783,137.77989,136.22704,134.60297,135.59355
1998-10-18,157.1706,155.08292,151.93437,158.34358,156.0512,152.6611
1998-10-19,173.71243,172.23523,169.82774,176.90547,175.29326,172.43152
1998-10-20,178.41724,177.52931,176.71028,177.26344,176.64642,175.79745
1998-10-21,160.67192,159.242,157.75018,161.54387,159.92001,158.1294
1998-10-22,178.00618,176.51683,175.01532,175.87285,174.51454,173.06326
1998-10-23,185.57127,183.69885,181.10287,185.13634,183.71208,181.71126
1998-10-24,152.49551,153.82564,154.22229,152.81105,154.27707,155.00397
1998-10-25,102.43373,103.41048,105.865875,101.06966,101.397804,103.626
1998-10-26,73.765076,74.89877,75.17624,71.096725,72.16653,72.51225
1998-10-27,134.31502,134.71275,134.43604,128.19205,128.6156,128.83636
1998-10-28,160.0517,157.31142,153.79715,156.65752,154.3106,151.52042
1998-10-29,124.7676,124.298805,123.113686,124.041664,123.5062,122.296036
1998-10-30,133.23743,131.17477,128.63489,126.91748,125.368004,123.90673
1998-10-31,142.94109,141.84935,139.79791,142.23767,141.77061,140.68597
1998-11-01,117.89614,117.44555,115.60901,114.498085,114.26804,112.34711
1998-11-02,55.668507,55.598415,55.353413,51.66451,51.75303,51.693047
1998-11-03,71.76105,68.96578,65.30837,73.31315,70.47225,66.20222
1998-11-04,159.56166,157.23012,154.18556,159.02122,156.87924,154.05498
1998-11-05,124.71098,122.73804,119.85439,127.20142,125.59143,123.004616
1998-11-06,95.05255,94.74908,94.19062,98.56055,98.34774,97.043015
1998-11-07,99.63754,97.46378,97.44743,103.831795,101.338684,100.5627
1998-11-08,53.72426,52.80521,52.53939,53.05337,52.060394,51.700363
1998-11-09,111.42693,109.97765,106.79388,112.76954,111.212234,107.211975
1998-11-10,114.74707,114.58814,114.07341,111.65982,111.69824,111.29173
1998-11-11,126.08208,125.40518,124.17726,121.40201,121.27514,121.27664
1998-11-12,130.59926,129.23169,126.3746,128.71103,128.252,126.71464
1998-11-13,115.313225,114.209854,112.60747,115.43993,113.88164,112.1009
1998-11-14,113.68069,112.28877,110.79584,113.54783,112.02052,110.126854
1998-11-15,111.94561,107.82158,102.13792,113.58603,109.6758,104.10228
1998-11-16,111.804245,111.404755,111.939224,108.37043,108.22305,109.37801
1998-11-17,62.884483,62.00298,61.42795,63.77258,62.850006,62.312016
1998-11-18,119.07704,117.8221,114.493706,118.28837,117.10181,113.51333
1998-11-19,106.4973,106.036125,105.87363,101.623116,101.35976,102.20841
1998-11-20,72.67513,71.682755,70.82161,76.14305,75.17914,74.33387
1998-11-21,97.359665,94.23392,91.33048,94.94128,91.69043,88.57328
1998-11-22,119.42886,118.86767,118.03171,115.4425,115.024506,115.03176
1998-11-23,104.33704,103.30457,102.88688,101.23457,100.22145,99.91192
1998-11-24,99.50641,99.50034,99.87189,99.09017,99.52251,100.37023
1998-11-25,116.21757,115.00809,114.16687,113.29937,112.44454,112.25699
1998-11-26,106.43722,105.76783,105.307434,104.18916,103.44034,102.94835
1998-11-27,125.55214,125.23811,123.09352,124.63194,124.63608,123.08731
1998-11-28,116.63475,116.290565,115.5251,114.214874,113.87514,113.21375
1998-11-29,95.63975,95.263916,94.390366,94.61903,94.28046,93.40243
1998-11-30,101.61749,100.223785,98.25373,100.31482,98.93767,96.818436
1998-12-01,53.13843,54.4948,56.04532,52.631382,53.74016,54.657692
1998-12-02,72.07766,68.90088,65.259766,70.78048,67.98949,64.67151
1998-12-03,91.08658,90.324455,90.81669,87.154884,86.72713,88.15469
1998-12-04,105.40104,104.84554,104.566734,105.06988,104.525116,104.626785
1998-12-05,99.06671,98.03352,97.29722,98.22925,97.345825,96.69876
1998-12-06,100.305885,100.202805,98.87422,100.24584,100.48132,99.06624
1998-12-07,98.121994,97.252014,95.94858,102.79182,102.25263,101.037285
1998-12-08,72.50828,70.79708,69.78083,73.7745,72.16131,71.31999
1998-12-09,72.83303,72.250946,72.48594,71.23793,70.6984,70.99028
1998-12-10,55.06488,54.841484,54.53016,55.397568,55.073666,54.456493
1998-12-11,96.13303,95.35374,93.005066,95.54712,95.26313,93.207016
1998-12-12,90.24552,89.24724,88.71931,88.36505,87.59657,87.55517
1998-12-13,104.13785,102.67595,100.62105,103.20434,101.962036,100.20321
1998-12-14,94.156235,93.42724,92.792534,91.47875,90.69448,89.97796
1998-12-15,87.95646,88.178116,87.4591,84.825005,84.862465,83.99861
1998-12-16,109.940094,108.73607,106.77537,109.323685,108.33633,106.59339
1998-12-17,102.42589,101.20333,99.556335,100.54193,99.16944,97.29663
1998-12-18,98.21802,97.62171,97.43645,96.05973,95.40842,95.48827
1998-12-19,63.354717,61.56752,59.433216,62.087734,60.57585,58.674507
1998-12-20,95.236046,91.74285,87.01936,96.2672,93.0661,88.600494
1998-12-21,99.965065,98.56425,96.603226,98.98402,97.68949,95.68374
1998-12-22,96.79228,96.83625,96.17822,96.248,96.27814,95.6548
1998-12-23,71.19914,69.60281,67.73253,69.25265,67.69061,65.91436
1998-12-24,114.702126,113.05273,110.385284,113.520164,111.94687,109.31561
1998-12-25,109.903595,108.87678,107.55147,108.343956,107.32387,105.87705
1998-12-26,94.66218,93.485535,92.46537,92.49969,91.41951,90.5444
1998-12-27,92.298836,91.89285,91.20651,91.21662,90.81251,89.90188
1998-12-28,68.31918,66.6023,64.425026,69.16737,67.32537,64.94621
1998-12-29,50.696056,49.433086,47.63482,51.950935,50.807503,48.978813
1998-12-30,90.95272,89.46324,86.94571,92.87802,91.52301,88.63256
1998-12-31,106.89287,106.174904,105.48961,105.80075,105.20424,104.68127
1999-01-01,119.21785,118.13735,116.78534,118.04227,117.10832,116.04009
1999-01-02,117.60162,116.31463,114.59916,115.95772,114.9646,113.733696
1999-01-03,107.19525,105.80994,103.974945,106.55741,105.1753,103.177086
1999-01-04,62.924496,62.465393,62.60754,63.7022,62.983532,62.572174
1999-01-05,102.96751,102.33077,101.62636,102.78432,102.28552,101.88373
1999-01-06,55.652355,56.6675,57.423336,54.744495,55.807507,56.656128
1999-01-07,50.700176,49.6266,47.79263,52.58877,51.449112,49.364746
1999-01-08,103.9188,101.08883,97.65117,107.773575,105.157135,101.711105
1999-01-09,101.19471,99.77918,97.72009,105.38533,103.80265,101.545746
1999-01-10,71.921844,71.031235,70.095116,72.37715,71.43358,70.385635
1999-01-11,79.31893,78.786026,77.54325,82.147285,81.77311,80.50926
1999-01-12,99.541824,97.25333,93.1846,97.85675,95.406166,90.918175
1999-01-13,104.41338,104.483696,104.27057,102.75151,103.005005,103.332565
1999-01-14,110.82013,109.397446,107.883125,108.07627,106.89321,106.01516
1999-01-15,105.60885,106.07399,106.028534,104.34347,104.69303,104.731636
1999-01-16,78.04884,76.3775,74.98543,78.21931,76.51452,75.150185
1999-01-17,47.66051,46.676014,46.558395,47.65898,46.671326,46.546326
1999-01-18,104.51225,104.43188,104.03859,100.92873,100.89243,100.55112
1999-01-19,121.46396,120.54757,119.71031,119.5332,118.81382,118.61711
1999-01-20,126.7955,125.49169,123.23749,122.64659,121.74116,120.615326
1999-01-21,104.688225,104.80516,104.72556,102.9105,103.590164,104.27077
1999-01-22,127.56653,124.50718,120.573845,125.208565,122.2194,118.426704
1999-01-23,111.945496,111.799965,111.54317,107.7452,107.56712,107.73153
1999-01-24,125.2901,124.8395,123.81007,126.39247,126.19704,125.10814
1999-01-25,125.23555,123.06817,120.35995,129.80214,127.65415,124.564224
1999-01-26,79.84844,77.64413,76.50747,79.5904,77.10173,75.658554
1999-01-27,59.582256,56.940178,54.597034,59.082455,56.793274,54.510292
1999-01-28,90.25978,91.2423,93.50393,88.049484,89.02012,91.5092
1999-01-29,120.746056,119.79198,118.65831,119.20925,118.056816,116.97825
1999-01-30,127.63028,125.65603,123.486404,122.935104,121.165535,119.55534
1999-01-31,141.42508,139.44487,137.12965,138.07643,136.44208,134.61769
1999-02-01,155.74512,154.86882,153.22614,155.07559,154.45445,153.34174
1999-02-02,158.46703,157.08913,155.10208,159.06386,157.34814,155.07684
1999-02-03,117.5273,115.73123,113.36741,118.36432,116.867645,115.13574
1999-02-04,95.03658,90.571945,86.60851,99.45885,95.14469,91.33153
1999-02-05,127.15266,125.20331,122.77335,128.41238,126.16724,123.399536
1999-02-06,139.62274,138.59175,137.14049,138.09471,136.88297,135.17001
1999-02-07,146.85815,146.88446,146.30646,148.99503,148.86288,148.32295
1999-02-08,127.115166,124.597824,120.52442,126.9189,124.36974,120.1992
1999-02-09,140.42345,138.71582,136.43216,135.86649,133.99701,131.6608
1999-02-10,126.320625,126.03018,124.85077,121.91158,121.97564,121.37498
1999-02-11,89.22013,87.20063,84.453896,88.557785,86.71498,84.49534
1999-02-12,124.30858,120.30542,116.6796,129.52734,125.912674,122.658516
1999-02-13,174.92249,169.25255,161.31693,179.91075,174.65157,166.88248
1999-02-14,178.61394,174.12254,167.70773,180.04568,175.7928,169.5254
1999-02-15,187.89618,186.13367,184.07722,187.03105,185.3328,183.41484
1999-02-16,187.89664,186.24725,184.30682,186.85457,185.25702,183.3909
1999-02-17,184.63602,183.47815,182.54327,183.81223,182.85881,182.15208
1999-02-18,176.613,176.5743,176.16647,177.6651,177.68483,177.06853
1999-02-19,159.10385,157.58507,154.63695,158.9878,157.58664,154.73593
1999-02-20,97.98412,96.20474,94.74348,102.65904,100.98691,99.469795
1999-02-21,154.32468,153.67043,152.23198,151.01971,150.71881,150.07655
1999-02-22,167.64395,166.05318,163.24155,164.02081,162.8432,160.55856
1999-02-23,177.69862,177.6442,176.94183,176.54912,177.15714,177.429
1999-02-24,143.24876,144.31308,144.65399,141.98793,143.00374,143.08629
1999-02-25,137.09811,137.57959,137.03781,135.70139,136.2575,136.19801
1999-02-26,191.05383,189.75516,187.41544,199.14305,197.6866,195.25877
1999-02-27,212.47202,210.66461,208.17883,213.68422,211.7022,208.67656
1999-02-28,213.44873,211.18262,208.89963,216.51244,214.58795,212.35797
1999-03-01,184.35974,181.85147,179.53003,191.52032,189.65576,187.98625
1999-03-02,115.907684,111.880135,106.84404,112.642426,109.029655,104.3674
1999-03-03,164.48697,162.7996,159.11734,161.50313,159.60448,155.716
1999-03-04,183.85376,181.6656,176.0171,179.46397,176.76723,169.51254
1999-03-05,184.24199,182.82666,180.73276,190.1542,188.76445,186.40343
1999-03-06,90.952065,87.91048,85.58166,93.07857,89.550934,86.5895
1999-03-07,193.37431,193.51906,194.13249,193.48502,193.29552,193.2878
1999-03-08,191.00008,188.14503,185.12608,188.05835,185.413,182.18478
1999-03-09,237.10199,235.54662,233.38121,237.10391,235.67967,233.40889
1999-03-10,224.15036,220.16829,214.54268,229.617,226.18906,220.34229
1999-03-11,112.04776,107.87946,105.82476,114.37719,109.33392,106.79593
1999-03-12,151.67342,149.22502,145.9349,156.04121,153.0175,148.46518
1999-03-13,192.20215,188.74097,183.72833,197.50089,194.24863,189.05768
1999-03-14,251.83682,248.1186,242.62463,250.31535,246.7162,241.07686
1999-03-15,251.88362,251.39458,249.84517,252.46452,252.0436,250.18297
1999-03-16,164.57077,166.40263,168.43889,159.25504,161.9891,164.77802
1999-03-17,162.94554,160.2283,155.57686,160.8331,158.00986,153.07454
1999-03-18,233.51822,233.07071,233.66307,227.27779,227.19618,228.05624
1999-03-19,255.07231,252.46164,249.35196,258.86288,257.0125,254.31569
1999-03-20,199.07367,195.92018,193.0877,201.79404,198.7291,195.55005
1999-03-21,121.11764,123.663666,127.792786,123.133705,125.70409,129.49387
1999-03-22,135.16393,131.05278,133.19954,134.58928,129.85492,131.04295
1999-03-23,227.83768,228.87192,226.27942,220.62747,222.72011,220.71507
1999-03-24,241.0757,239.43831,237.58751,241.24374,239.76752,237.85492
1999-03-25,217.84785,215.84386,213.96423,225.69034,223.6222,221.31433
1999-03-26,248.8334,248.71594,247.60236,246.92488,246.67488,245.1697
1999-03-27,250.96947,249.13596,246.55199,251.53609,249.77466,246.71208
1999-03-28,228.46254,224.69894,221.12552,231.07884,227.43141,223.44612
1999-03-29,261.6994,260.42474,257.7171,264.69077,263.51453,260.72437
1999-03-30,134.75418,134.50934,133.6136,133.56429,133.1729,131.92421
1999-03-31,136.80699,131.54335,126.908745,131.75981,126.92394,123.05062
1999-04-01,245.65736,242.15805,238.25908,242.76231,239.35939,235.43279
1999-04-02,205.10043,206.35089,208.87337,205.56058,207.72595,210.46515
1999-04-03,120.76682,121.458595,122.62089,126.096504,127.160904,128.46632
1999-04-04,124.753746,122.0309,118.62437,118.57292,116.099686,113.123375
1999-04-05,235.78548,228.79245,218.42937,238.20068,231.66457,221.41884
1999-04-06,229.93959,231.23206,231.3246,232.14305,232.67242,231.53435
1999-04-07,270.2935,266.2235,260.4727,271.65927,267.07596,260.19925
1999-04-08,248.69444,251.24124,252.88481,250.10916,252.77362,254.65282
1999-04-09,195.51682,201.18373,206.03772,202.71155,209.11804,214.01982
1999-04-10,246.8138,241.84982,233.96777,248.54863,243.28406,234.61505
1999-04-11,254.80145,253.52391,251.24983,250.76486,249.05023,246.6837
1999-04-12,217.6145,217.36903,216.55005,218.81119,218.7785,218.08957
1999-04-13,264.00803,263.4953,260.3257,263.92493,263.38104,259.8165
1999-04-14,289.47238,288.73145,287.2135,291.03125,290.2106,288.64594
1999-04-15,130.51822,126.09278,122.52932,129.76334,125.45977,121.8222
1999-04-16,234.94739,235.62862,235.2277,233.5932,234.21822,233.38713
1999-04-17,280.4421,280.8804,281.41833,283.61047,283.81906,284.58807
1999-04-18,130.59612,131.21965,131.8305,135.54668,136.54805,137.61632
1999-04-19,156.81184,153.84656,152.80565,155.60501,153.36998,153.26482
1999-04-20,244.37852,239.91693,234.45276,237.77681,232.97838,227.53764
1999-04-21,246.75053,248.6137,248.50517,241.78087,244.25146,245.12656
1999-04-22,231.66168,233.00975,234.2308,220.20906,222.56966,226.35219
1999-04-23,275.0932,273.7195,274.33533,270.85324,269.1035,270.7772
1999-04-24,285.22836,280.44357,272.6975,288.4707,282.80582,273.6539
1999-04-25,253.8309,254.94452,257.55536,244.8491,245.62125,249.2302
1999-04-26,222.79199,223.20485,227.07872,212.31802,213.08577,218.93881
1999-04-27,252.37656,255.73846,258.11334,243.35912,245.97781,249.76376
1999-04-28,191.77354,193.89426,196.55542,189.61484,191.33704,193.99792
1999-04-29,182.02367,178.69502,172.36256,177.26167,174.09785,169.7713
1999-04-30,103.23575,99.77402,97.88895,99.99623,96.47248,94.8349
1999-05-01,178.34088,170.45267,163.94916,158.8278,151.08026,147.34679
1999-05-02,213.4236,211.98627,205.79698,210.09972,209.49477,202.92097
1999-05-03,179.59344,179.9158,182.3719,184.90866,184.81076,186.06578
1999-05-04,250.20634,241.99928,229.9623,250.71626,241.0911,228.04564
1999-05-05,259.36044,247.84732,232.6147,264.39227,252.74725,238.15842
1999-05-06,252.41978,253.07574,253.7465,252.24611,252.71301,253.8842
1999-05-07,288.08328,291.4242,292.88983,288.2154,291.52612,293.64584
1999-05-08,287.88068,287.39185,286.25687,290.33038,289.81845,289.86508
1999-05-09,284.87363,285.419,285.94754,287.00797,287.51944,288.68933
1999-05-10,323.35654,322.13412,319.94455,325.2611,323.6201,321.99393
1999-05-11,318.56857,318.5142,319.05215,317.99802,317.5062,319.05832
1999-05-12,318.8484,320.0719,319.0203,318.9479,319.81107,319.60553
1999-05-13,259.63992,259.27673,258.97574,258.3117,257.2764,257.83786
1999-05-14,302.30328,300.25513,298.02335,307.7172,305.3509,303.7932
1999-05-15,301.8352,301.34024,298.66736,307.69186,306.95706,304.9522
1999-05-16,280.28537,276.22952,272.20996,282.15247,277.65912,274.1976
1999-05-17,289.71405,288.20297,286.23297,284.5193,282.48196,281.84787
1999-05-18,280.76315,281.75067,282.11823,280.48755,280.66638,281.35217
1999-05-19,321.13867,321.60147,321.6818,321.0584,321.10657,321.75464
1999-05-20,333.34613,331.92957,328.29,332.09625,330.24127,327.79272
1999-05-21,368.08902,369.05215,368.35077,369.7705,370.01526,370.0806
1999-05-22,313.23996,312.51724,311.7471,323.60507,321.5969,320.0363
1999-05-23,252.83511,249.92795,247.32661,245.76242,241.9816,239.91292
1999-05-24,304.30936,305.87823,309.48926,307.5603,308.53497,313.97253
1999-05-25,161.0144,162.27289,164.28482,171.17805,172.32004,174.86446
1999-05-26,294.69125,295.74515,296.45547,296.0117,296.985,298.78528
1999-05-27,344.33798,345.6503,347.63715,335.01202,335.88916,339.52805
1999-05-28,284.5046,283.89404,283.20166,274.8584,273.29065,273.7243
1999-05-29,264.91473,267.4511,269.3041,260.131,263.2948,267.3301
1999-05-30,289.34125,293.11584,300.9851,268.6805,272.8878,283.6298
1999-05-31,289.86414,293.1429,297.27057,303.02032,305.07172,308.37357
1999-06-01,221.97858,223.5399,225.64905,219.22984,220.26645,222.70773
1999-06-02,263.0004,261.22272,256.80905,258.39853,256.61694,253.26837
1999-06-03,274.16077,274.5106,271.16446,273.0253,272.95154,269.82785
1999-06-04,260.92035,260.7945,256.37158,265.06436,265.19867,261.10495
1999-06-05,255.60773,254.92465,252.5009,261.38528,259.714,256.9275
1999-06-06,259.68588,256.0824,252.83943,264.60693,260.5836,257.2123
1999-06-07,336.1209,336.68842,335.93015,336.57794,336.84058,336.35516
1999-06-08,284.78137,288.42108,291.50793,276.34525,278.86282,282.59732
1999-06-09,347.14758,346.08633,343.96317,360.69025,359.14743,356.90146
1999-06-10,351.61414,352.51584,348.916,353.7406,355.31552,353.3946
1999-06-11,301.3877,303.4346,303.2536,294.3328,296.44647,297.0375
1999-06-12,318.78076,319.09225,316.66992,328.7912,328.1442,325.68823
1999-06-13,226.19043,223.88611,219.82771,220.18402,218.28944,215.94992
1999-06-14,268.41577,271.14026,273.78857,263.00916,265.09323,267.58447
1999-06-15,207.46686,204.43211,199.93553,194.969,190.419,185.07442
1999-06-16,267.94254,263.0101,254.07745,280.35956,274.09662,263.94632
1999-06-17,378.50708,376.4919,371.39243,381.18643,378.84543,374.01294
1999-06-18,325.98853,328.37088,328.8048,315.91553,318.42828,318.95248
1999-06-19,306.80838,309.026,309.56317,320.35498,321.8827,321.55487
1999-06-20,364.18555,371.1759,372.3628,369.6012,375.68903,376.14493
1999-06-21,343.07013,344.75565,342.7603,345.88693,348.53204,347.20688
1999-06-22,293.6153,291.38147,280.88058,311.1613,309.91916,297.1533
1999-06-23,251.62036,245.58167,244.78384,257.61313,250.4892,248.56322
1999-06-24,259.88464,254.6152,251.80399,262.04208,256.93417,253.92056
1999-06-25,274.79102,274.06796,271.4796,281.0074,280.02924,276.50244
1999-06-26,281.68494,284.89224,286.94736,294.29453,297.23157,298.1846
1999-06-27,242.01816,246.797,252.82397,238.23631,242.00752,247.32375
1999-06-28,203.04626,203.71382,209.91092,204.0873,204.35008,209.77637
1999-06-29,258.67868,261.8437,266.773,255.84306,259.66586,265.46957
1999-06-30,330.16434,331.42648,331.8565,336.11047,336.72217,335.69067
1999-07-01,268.92258,273.15628,277.4117,265.12424,269.032,272.34116
1999-07-02,259.26654,256.91733,253.58527,267.18713,264.511,261.0374
1999-07-03,358.79562,357.61227,355.08698,361.96942,360.773,358.0259
1999-07-04,362.48022,363.84113,365.1448,359.7902,361.22958,362.29315
1999-07-05,348.15253,349.5832,348.9771,349.20752,350.6501,349.05725
1999-07-06,331.87088,332.80026,333.61356,331.41754,331.60587,331.4358
1999-07-07,261.67996,259.33575,258.80112,263.9794,260.88297,259.13156
1999-07-08,196.83012,199.45917,201.10252,194.31122,197.19205,199.30655
1999-07-09,260.10034,258.71213,256.60532,263.30807,261.00815,257.50754
1999-07-10,344.4,346.0723,347.37082,343.6489,345.57782,346.29517
1999-07-11,267.42688,269.09824,271.28992,276.24026,278.31802,280.33783
1999-07-12,237.81316,244.10558,251.22879,230.61272,236.67964,243.36508
1999-07-13,263.9819,264.3607,264.53696,248.2018,249.45868,251.48251
1999-07-14,320.4448,319.69638,320.05417,320.62372,320.07553,320.16125
1999-07-15,292.7037,296.4549,301.32645,286.8286,290.90552,295.16864
1999-07-16,175.10068,175.33076,178.02948,172.88503,172.64319,174.7045
1999-07-17,264.7563,266.40335,266.9627,259.43448,261.141,261.46127
1999-07-18,218.97495,222.7266,228.09541,214.38466,218.33417,223.86678
1999-07-19,217.23456,214.9895,214.14963,216.3743,213.55698,211.72368
1999-07-20,286.34286,284.65753,283.81354,281.39105,279.76898,278.9892
1999-07-21,275.959,274.06335,274.29797,277.75662,275.7303,275.0483
1999-07-22,271.90973,269.6169,269.96603,269.40582,267.6164,268.31842
1999-07-23,298.34088,294.82834,289.82803,306.28308,302.28745,294.62796
1999-07-24,268.01505,269.08408,271.27423,263.9827,265.26318,267.10364
1999-07-25,233.17255,233.55142,234.02486,240.96619,241.69084,241.83986
1999-07-26,307.0261,307.01645,305.61447,313.11346,313.22717,310.91116
1999-07-27,292.99686,294.66605,295.87057,292.1416,294.55316,296.1864
1999-07-28,274.01334,275.668,279.40076,269.45895,271.22296,274.6746
1999-07-29,315.36514,315.56284,315.76025,317.02597,317.5857,317.6391
1999-07-30,300.5331,300.30698,300.2839,307.38388,307.04556,305.8692
1999-07-31,291.87344,291.34875,290.07657,289.90326,289.80438,288.36407
1999-08-01,281.71915,280.2167,278.45816,282.30338,280.5537,277.15387
1999-08-02,243.4396,246.73831,249.40503,237.32317,240.5548,243.23816
1999-08-03,198.90764,198.6642,198.46136,190.99654,190.57033,189.8586
1999-08-04,243.79355,244.50912,246.32698,234.5207,235.40068,237.48386
1999-08-05,274.3268,274.86798,273.50876,273.7505,275.00598,273.7407
1999-08-06,218.81912,219.89262,221.15446,210.80824,212.49086,214.98894
1999-08-07,181.4319,180.03496,178.38197,183.04985,181.02689,178.22897
1999-08-08,216.92757,213.7516,213.4368,214.20152,210.40721,209.68661
1999-08-09,263.778,262.68945,261.67984,263.83066,262.76605,261.53897
1999-08-10,248.76385,247.53712,247.68297,245.85655,244.64606,244.52621
1999-08-11,205.02202,205.09581,206.33913,189.19461,190.08649,192.52249
1999-08-12,224.53568,225.45547,225.18347,211.0005,211.8355,211.89026
1999-08-13,258.53177,260.60458,264.1704,247.10402,249.79091,254.34865
1999-08-14,273.12103,272.22147,273.24448,270.98068,270.0242,270.7971
1999-08-15,278.98856,279.45184,279.02084,277.3734,277.89603,277.2969
1999-08-16,214.50238,216.02435,217.40158,207.154,208.55557,210.09935
1999-08-17,238.72168,241.63008,243.35477,237.84995,240.67513,242.16782
1999-08-18,217.72688,217.66779,218.2738,219.32565,219.08183,219.81554
1999-08-19,252.56625,248.88373,244.75307,265.89667,262.62555,258.12808
1999-08-20,253.00632,249.69357,245.28012,257.67004,254.39789,249.35762
1999-08-21,260.28125,260.76263,259.5762,257.64087,258.84933,258.12695
1999-08-22,264.30283,263.11258,261.20758,264.4302,263.42163,261.81308
1999-08-23,260.30597,258.28085,255.10971,261.09494,259.58652,257.00424
1999-08-24,288.59195,287.62592,286.3834,288.0112,287.10944,286.0174
1999-08-25,285.15134,284.67007,283.36716,285.00827,284.21252,283.03455
1999-08-26,279.7566,279.20224,277.8019,281.00507,279.967,278.2739
1999-08-27,276.46793,275.67395,274.3095,275.86334,275.05545,273.66684
1999-08-28,271.32092,269.76215,266.78394,271.40842,269.70038,266.4921
1999-08-29,249.33186,248.80214,247.85118,248.19397,247.45854,246.37381
1999-08-30,253.37798,252.247,249.98085,252.31259,251.38737,249.65985
1999-08-31,199.93063,200.61147,202.47855,196.6726,196.62553,198.4091
1999-09-01,250.85103,250.42114,247.50536,244.44717,244.61017,242.89563
1999-09-02,273.30212,275.5113,273.9743,271.53976,274.6975,273.3393
1999-09-03,273.32483,272.2999,270.93463,272.8177,271.8341,270.6988
1999-09-04,269.06146,267.96942,266.44672,268.27298,267.15042,265.74808
1999-09-05,257.83505,257.08533,255.59872,256.00543,255.32043,254.34584
1999-09-06,210.48206,212.08826,212.90138,204.00969,205.52963,206.7516
1999-09-07,162.13904,162.94164,165.37474,157.88625,157.86029,159.11867
1999-09-08,192.61717,194.55768,196.53333,201.46565,203.46509,204.42216
1999-09-09,207.7303,207.77208,208.33395,205.5824,205.41437,206.204
1999-09-10,233.21275,233.52422,231.61479,233.35423,233.44257,231.36218
1999-09-11,199.05147,198.25447,200.74612,192.18503,191.60088,195.21565
1999-09-12,232.51042,230.34723,227.20407,234.82169,232.70337,229.53194
1999-09-13,184.75166,185.67863,185.1652,177.2645,178.63013,179.26312
1999-09-14,248.3055,246.26178,242.73642,251.47285,249.89682,247.37038
1999-09-15,241.85536,239.67165,236.82362,241.3561,239.34799,237.07166
1999-09-16,228.9835,227.6304,226.9518,225.4121,224.23119,224.4802
1999-09-17,226.0888,226.12794,225.1711,225.53937,225.7359,225.17705
1999-09-18,201.11176,200.6781,197.65425,200.93301,200.27394,197.19772
1999-09-19,217.80869,215.66891,213.04576,217.96413,215.71986,213.31795
1999-09-20,248.56816,246.6692,244.08015,247.96405,246.18456,244.0217
1999-09-21,232.30055,229.92503,227.46669,237.9985,236.14232,234.25067
1999-09-22,223.55617,223.17018,220.37575,227.27855,227.36502,225.15443
1999-09-23,169.93552,170.68765,172.87361,175.85556,178.01695,180.76779
1999-09-24,244.89012,243.22787,241.08023,244.33107,242.68692,240.64314
1999-09-25,237.90926,236.13956,234.14595,237.0453,235.33652,233.5755
1999-09-26,225.37837,225.7579,224.60017,222.2183,223.19144,222.48341
1999-09-27,165.2054,164.44638,164.15936,156.98326,156.11575,156.31631
1999-09-28,195.41801,192.17828,188.02184,185.38829,181.71227,177.0659
1999-09-29,211.45714,210.08507,207.55167,211.53911,210.58313,208.4284
1999-09-30,200.72636,199.64488,197.8683,199.91237,199.55536,198.24567
1999-10-01,224.63715,222.13112,218.40428,223.6418,221.73346,219.22783
1999-10-02,216.88403,215.19647,213.12857,216.23802,214.61562,212.6752
1999-10-03,210.17691,208.43425,206.32314,209.22418,207.51862,205.4701
1999-10-04,197.151,196.38065,194.95566,195.90717,195.1855,193.85237
1999-10-05,189.46606,188.31783,185.7181,188.62901,187.73064,184.98685
1999-10-06,157.33981,158.29884,158.33655,154.63687,155.54237,155.49509
1999-10-07,64.20811,63.340725,63.45992,63.006084,61.945015,62.15565
1999-10-08,94.11293,91.99526,90.10109,92.150665,90.15969,88.5325
1999-10-09,182.00308,182.50905,182.30829,177.22104,177.82832,178.08205
1999-10-10,162.04927,162.31343,163.97926,158.44888,158.66797,160.89522
1999-10-11,138.48064,136.25645,134.03941,143.29414,140.63356,137.66737
1999-10-12,139.6858,135.96675,131.40205,136.1145,132.01767,126.86659
1999-10-13,152.4514,151.57466,150.69978,146.8417,145.8032,145.11649
1999-10-14,160.95609,160.7543,162.15932,158.41193,158.28676,160.32513
1999-10-15,162.05722,160.22118,157.6581,154.05597,152.71754,151.24196
1999-10-16,107.3631,104.744354,103.0624,103.59103,100.17517,97.88293
1999-10-17,145.43217,144.25427,143.7052,145.45499,144.23856,143.39072
1999-10-18,163.79657,163.75327,162.79309,158.19704,158.43565,158.36685
1999-10-19,184.62587,183.44928,183.08081,181.82861,180.7315,180.69627
1999-10-20,177.90355,176.95358,175.74556,177.08313,176.18234,174.90152
1999-10-21,109.68525,111.57219,114.224556,99.37194,101.52386,104.84571
1999-10-22,162.28656,158.81296,154.51346,160.51282,156.91235,152.27719
1999-10-23,167.0621,166.30084,165.01425,164.1269,163.37288,162.1246
1999-10-24,152.77295,151.77629,151.79475,153.05159,152.07133,152.0346
1999-10-25,154.9226,154.7734,154.19902,151.33888,151.39217,151.52002
1999-10-26,171.09506,169.33319,167.1889,170.6504,168.99619,166.86351
1999-10-27,155.56375,154.0504,152.18538,158.45746,156.72754,154.63199
1999-10-28,126.67116,125.475,124.97582,129.28775,128.00026,127.093575
1999-10-29,84.20831,84.75624,85.635414,80.448395,81.13616,82.04287
1999-10-30,114.39421,113.65762,112.34009,112.350655,111.063255,109.1085
1999-10-31,94.5255,89.460754,84.52593,94.82076,89.39752,84.307365
1999-11-01,141.0423,142.12003,143.47787,138.37491,139.6259,141.07765
1999-11-02,130.55524,130.64612,129.99562,128.88309,129.03806,128.18011
1999-11-03,143.28038,143.33891,143.10716,141.3315,141.65045,141.60312
1999-11-04,136.16364,134.52505,133.43857,137.25008,135.5984,134.55048
1999-11-05,126.43263,124.09003,121.50674,124.85813,122.18961,119.02255
1999-11-06,158.17877,157.33255,156.14136,157.4948,156.75104,155.51476
1999-11-07,132.55193,132.15657,131.06073,129.19469,128.66689,127.48947
1999-11-08,104.59338,105.26221,106.500084,96.35205,97.15699,99.14717
1999-11-09,112.16574,111.51752,110.68858,109.523094,109.03014,108.88151
1999-11-10,59.74416,55.216053,52.4976,58.647537,54.076538,51.41911
1999-11-11,113.62838,112.33132,112.37785,110.24513,108.96612,109.18228
1999-11-12,137.3198,136.23405,133.47752,137.28699,136.2498,133.19505
1999-11-13,109.10322,108.83847,109.035736,107.82817,107.74296,107.8742
1999-11-14,71.953285,72.79628,74.04316,72.175224,72.904366,73.99165
1999-11-15,47.92682,46.38349,45.824486,44.808617,43.111553,42.489986
1999-11-16,99.5561,100.556435,100.77928,95.437904,96.552765,96.88089
1999-11-17,125.82985,124.17117,122.209015,124.259605,122.64968,120.754715
1999-11-18,93.736336,94.55435,95.75467,88.29688,89.209724,90.82843
1999-11-19,111.818214,110.69587,109.20322,111.92287,110.761406,109.344734
1999-11-20,107.84199,107.31519,107.31704,104.83093,104.29459,104.05549
1999-11-21,104.409645,103.58175,101.16434,100.2617,99.73429,97.099556
1999-11-22,96.97452,95.024414,94.65612,91.90511,90.286835,90.83727
1999-11-23,66.84697,66.36426,65.43571,61.175777,60.92544,60.320156
1999-11-24,76.80337,75.94706,74.191795,76.85392,75.980415,74.08166
1999-11-25,90.85436,88.65065,85.85235,87.93182,86.00865,83.65357
1999-11-26,101.313255,100.306915,98.469315,101.000435,100.315636,98.72197
1999-11-27,94.84173,95.36807,94.49115,96.18812,97.09192,95.99089
1999-11-28,115.56647,115.27377,113.920265,114.38833,114.38927,113.38708
1999-11-29,51.354782,51.019768,50.8155,52.051437,51.830994,51.777454
1999-11-30,54.347027,54.085163,53.556656,52.75457,52.63374,52.4747
1999-12-01,109.92087,108.47822,106.72674,109.416664,108.114334,106.451515
1999-12-02,76.84532,77.61216,79.62229,74.163086,75.029724,77.22754
1999-12-03,99.31567,98.842804,98.466255,96.40625,96.43576,96.88361
1999-12-04,89.53961,90.68401,90.24811,94.04325,95.030106,94.14052
1999-12-05,79.5031,80.425644,82.2031,72.06994,73.42552,76.17107
1999-12-06,96.23545,93.17372,88.36098,95.24354,91.78357,85.979355
1999-12-07,55.13944,52.649353,51.644905,54.695312,51.976883,50.86524
1999-12-08,103.88327,103.14628,101.65043,103.28621,102.825005,101.47354
1999-12-09,74.28556,74.0348,73.8687,72.43646,72.29345,72.253494
1999-12-10,41.952175,41.439823,41.846706,42.205322,41.61198,41.885265
1999-12-11,101.155754,99.55319,97.5221,101.848595,100.16881,97.92591
1999-12-12,87.96171,86.4029,84.10464,85.74281,84.4393,82.559395
1999-12-13,99.002304,98.005554,97.25528,96.3446,95.485054,95.07178
1999-12-14,106.875656,106.242035,105.642296,105.7588,105.106865,104.32271
1999-12-15,88.93374,87.86269,87.62107,85.56088,84.47755,84.501625
1999-12-16,93.556046,93.99279,94.428825,96.17764,96.504265,96.49955
1999-12-17,89.67303,88.81292,87.86058,88.525375,87.96056,87.455574
1999-12-18,98.44299,96.71924,94.41586,99.70083,98.00201,95.35726
1999-12-19,97.71619,96.54699,93.73352,95.85705,94.79576,91.871216
1999-12-20,98.889145,97.96882,95.71162,97.72146,97.32074,95.71283
1999-12-21,74.79338,73.0285,68.671745,73.44418,71.6284,67.2465
1999-12-22,98.589645,97.45945,95.53363,97.491905,96.42446,94.44254
1999-12-23,74.43112,74.16467,73.25819,71.86328,71.361946,70.08687
1999-12-24,105.508766,104.39965,102.6279,105.25596,104.45884,102.93552
1999-12-25,75.55167,75.93494,75.8662,71.21473,71.74661,71.6721
1999-12-26,91.85193,89.157295,84.48053,92.157776,89.763016,85.16366
1999-12-27,111.727715,111.03842,109.92938,110.70533,110.12133,108.98841
1999-12-28,85.82298,85.620384,85.054344,79.66918,79.71992,79.32988
1999-12-29,71.563126,71.0675,71.252266,69.58565,69.41494,70.147964
1999-12-30,102.75791,101.4341,99.28982,101.27983,99.98652,97.76905
1999-12-31,61.384815,60.319122,59.60511,62.336826,61.393147,60.925663
2000-01-01,95.96434,94.96512,93.19734,93.31767,92.7876,91.55798
2000-01-02,107.466644,106.08291,104.32642,107.982765,106.89402,105.39139
2000-01-03,54.9597,53.58526,51.67581,54.52921,53.315987,51.613533
2000-01-04,101.65536,101.45567,101.3266,99.314575,99.16606,99.1349
2000-01-05,109.35427,108.08387,106.49758,107.448685,106.17929,104.51628
2000-01-06,100.48698,99.06532,98.033745,95.83842,94.38703,93.54223
2000-01-07,113.09468,110.80964,108.16705,113.50794,111.10511,108.079185
2000-01-08,107.95058,106.78821,104.83788,107.19061,106.22198,104.43474
2000-01-09,100.09865,99.779015,98.50989,101.02679,100.74682,99.35488
2000-01-10,62.209522,61.747753,60.805145,58.54603,58.039978,57.136555
2000-01-11,57.80953,57.039806,56.153324,58.97713,58.32378,57.66583
2000-01-12,126.07555,125.21699,123.559265,125.94862,125.500946,124.12581
2000-01-13,115.85535,114.18831,111.98762,113.80212,112.39977,110.69862
2000-01-14,108.074875,104.470474,98.37292,107.853355,104.515785,98.75254
2000-01-15,122.32587,120.838905,118.6483,120.49802,119.191216,117.39503
2000-01-16,137.06824,136.02243,134.49738,136.27312,135.37128,134.22961
2000-01-17,92.983955,91.86052,90.39933,94.43214,93.424225,92.07842
2000-01-18,112.24122,109.73852,105.62782,112.385544,110.13668,106.71354
2000-01-19,127.690895,127.544586,127.27237,126.49737,126.422676,126.19673
2000-01-20,96.08073,92.96819,89.14843,101.82566,98.723305,94.763916
2000-01-21,113.68509,112.49783,110.679924,109.03053,107.93739,106.599686
2000-01-22,114.236015,113.90385,113.02551,112.75548,112.53486,111.86484
2000-01-23,132.0313,130.16869,129.15813,128.37007,126.6842,126.54165
2000-01-24,130.8345,129.42548,127.5516,126.76078,125.37582,123.51466
2000-01-25,109.305855,109.282555,109.05338,106.417625,106.57624,106.69152
2000-01-26,49.490147,48.296646,47.1633,50.26895,49.175007,48.236984
2000-01-27,156.99588,155.73665,154.10764,156.21898,154.92197,153.26624
2000-01-28,132.57248,129.97417,127.05714,132.84273,130.21107,127.13899
2000-01-29,157.95583,156.38419,154.34964,157.10265,155.55402,153.66663
2000-01-30,139.8112,139.56155,138.8648,136.32585,136.4104,136.11287
2000-01-31,122.0876,121.42989,121.13144,120.160126,119.51385,119.57157
2000-02-01,152.12782,151.13683,150.19995,151.781,150.64893,149.40198
2000-02-02,127.0653,124.62762,119.3578,123.25444,121.100914,116.45946
2000-02-03,140.05708,139.2497,138.19464,137.02638,136.45421,135.96005
2000-02-04,153.67577,153.08797,151.87132,155.30049,154.89317,154.20221
2000-02-05,92.80332,89.19423,88.04183,92.518585,89.24261,88.63643
2000-02-06,149.35933,147.3233,144.76778,143.45953,141.69138,140.31136
2000-02-07,98.64849,98.645615,98.3208,95.484116,95.6542,95.70168
2000-02-08,120.91374,120.82711,120.01206,124.20229,123.75775,122.469536
2000-02-09,122.56438,121.26083,119.55609,121.85794,120.86457,119.13579
2000-02-10,147.5948,146.59856,143.16052,148.27196,147.9303,144.99213
2000-02-11,172.60028,171.19199,168.95216,171.17743,170.09329,168.23549
2000-02-12,122.98121,122.50121,121.6649,125.41714,124.73982,123.79091
2000-02-13,98.624535,95.17843,94.26546,98.01394,94.265274,93.167076
2000-02-14,124.631516,124.44042,124.51199,123.55875,123.3293,123.51598
2000-02-15,149.7173,146.36574,142.0176,150.23822,147.09525,142.8139
2000-02-16,184.5924,184.05264,182.74184,185.82341,185.46303,184.35632
2000-02-17,160.71196,159.60753,158.542,154.40508,153.42677,152.87898
2000-02-18,135.2545,133.99535,131.39569,139.23087,138.34302,136.08983
2000-02-19,150.13725,146.60944,142.56258,151.63399,148.1003,144.29709
2000-02-20,112.69683,110.99974,109.163826,109.93822,108.154076,106.287025
2000-02-21,115.237076,112.32323,108.85485,119.95672,117.0407,113.51486
2000-02-22,90.88795,90.25059,89.62562,92.20406,91.86342,91.7732
2000-02-23,88.59937,89.16356,89.40277,90.63495,91.28783,91.635475
2000-02-24,145.51324,143.26726,139.53194,144.82108,142.35275,138.39124
2000-02-25,203.43916,202.82565,200.67236,203.50815,203.3851,201.7501
2000-02-26,203.70667,202.3011,200.53058,206.5647,205.66386,204.02396
2000-02-27,174.35149,173.84808,173.73921,175.62659,175.23273,175.25154
2000-02-28,136.48225,134.65259,132.02884,136.62976,134.87117,132.38306
2000-02-29,135.20436,131.66493,127.724266,137.64987,134.00795,130.23206
2000-03-01,182.4811,180.64803,178.35962,184.31674,183.2871,181.738
2000-03-02,225.51764,223.87943,222.11302,224.28114,222.76485,220.92278
2000-03-03,209.86188,207.03506,201.11913,211.94702,209.63998,204.57869
2000-03-04,134.06058,133.7916,133.55344,133.2305,132.91885,132.18329
2000-03-05,171.2604,167.98877,162.16765,175.2372,172.45985,166.1234
2000-03-06,181.24019,181.21355,180.92952,174.57869,175.31812,175.84573
2000-03-07,174.8089,173.80296,171.29976,176.95079,176.0743,173.65274
2000-03-08,102.981155,101.42654,99.068596,102.432556,101.15075,98.87932
2000-03-09,233.50197,228.25006,220.75565,234.1373,229.15967,221.5733
2000-03-10,250.94635,249.39569,247.65924,250.45049,249.07431,247.27437
2000-03-11,204.82852,203.05708,200.1189,200.10304,198.51683,195.40361
2000-03-12,180.23679,179.24937,177.97075,184.48322,183.56886,182.11092
2000-03-13,218.78505,218.02884,217.01682,223.8104,223.15244,222.02084
2000-03-14,109.12256,107.01127,104.96152,110.810875,108.984215,107.42949
2000-03-15,259.8014,258.03,255.6054,259.43982,257.88715,255.31999
2000-03-16,226.86487,226.79193,226.16747,225.23886,225.46088,224.78682
2000-03-17,157.97166,159.83168,160.97437,152.00806,154.2632,155.7783
2000-03-18,153.44347,154.46275,155.82474,160.07285,161.5236,163.25748
2000-03-19,119.18805,116.40897,113.20404,119.50531,117.12217,114.37889
2000-03-20,174.7362,174.92566,175.30153,176.384,176.88246,177.5808
2000-03-21,209.72028,207.19801,206.01605,201.77808,200.06471,200.26527
2000-03-22,215.95274,215.34106,213.78088,215.32494,215.60936,214.03154
2000-03-23,123.219246,124.149864,125.72382,116.34256,117.775444,120.5637
2000-03-24,245.99207,244.28317,240.89037,245.77397,244.321,240.6883
2000-03-25,247.47107,246.16371,244.91367,245.92467,244.79297,243.49843
2000-03-26,162.96005,163.6823,163.43669,154.02312,154.85591,154.29683
2000-03-27,227.45418,227.40834,228.40746,220.02094,220.06938,221.41603
2000-03-28,158.87912,159.60469,160.65492,149.28241,149.74844,150.54695
2000-03-29,275.6761,273.39383,270.8609,273.47647,271.2573,268.70514
2000-03-30,278.86288,276.90298,273.70105,281.04092,279.1928,276.1658
2000-03-31,239.11859,239.75461,238.31154,244.00598,245.42245,245.72571
2000-04-01,147.0276,144.21194,143.31793,146.34862,142.8013,141.13927
2000-04-02,196.37244,188.04048,178.64545,200.76114,192.3571,182.42227
2000-04-03,224.72778,220.06068,215.80362,228.74951,224.57414,221.0259
2000-04-04,221.77817,222.90749,221.90443,216.25525,217.91791,216.20872
2000-04-05,139.83037,136.81381,135.05844,142.73874,139.48392,137.48445
2000-04-06,255.25162,253.9674,251.07135,251.222,250.10007,247.75679
2000-04-07,257.30804,257.58646,257.24384,256.01,256.27838,255.79134
2000-04-08,259.5382,259.94748,260.1981,255.18152,255.67224,256.65894
2000-04-09,288.50232,288.08038,285.25397,292.9431,292.85788,290.97018
2000-04-10,284.23752,283.13214,281.6322,284.39383,283.1676,281.78537
2000-04-11,231.42795,228.97815,227.69308,236.19998,233.02948,230.27965
2000-04-12,125.95245,122.31361,119.91963,125.60009,122.20698,120.03238
2000-04-13,203.66568,207.28262,208.53085,199.81183,203.81921,205.5715
2000-04-14,218.7693,215.19267,211.9899,215.4082,211.69235,208.78145
2000-04-15,300.42026,300.04242,299.07407,300.43198,300.01727,299.52286
2000-04-16,300.6312,300.14755,298.71158,303.7443,303.21716,302.14944
2000-04-17,245.56487,245.94643,246.93593,240.02461,240.68808,242.75676
2000-04-18,237.42557,234.94278,233.37938,238.62386,235.41153,233.01825
2000-04-19,310.59335,309.89548,308.78778,311.0719,310.20334,309.37
2000-04-20,260.2326,258.9269,255.06293,252.74306,251.6336,248.15494
2000-04-21,129.46535,125.50737,124.28096,132.92903,128.84065,127.82612
2000-04-22,207.71779,209.77623,211.62697,202.63965,204.63881,206.81265
2000-04-23,227.90823,231.64622,236.45569,221.56258,225.2867,230.89313
2000-04-24,223.10727,225.89696,226.39085,229.62967,231.77545,231.90398
2000-04-25,211.07356,208.00713,204.33534,205.63799,202.44536,199.65665
2000-04-26,304.25388,302.51608,299.36145,305.76443,303.53983,300.20416
2000-04-27,308.85654,307.37823,304.24405,308.13745,306.66843,305.07318
2000-04-28,178.00197,177.3164,177.47493,176.66867,175.07584,174.72159
2000-04-29,225.37645,221.3764,216.33305,220.8223,216.9939,212.83711
2000-04-30,232.87427,232.6166,232.64925,231.05553,230.62418,231.57634
2000-05-01,251.5281,249.84216,247.83153,249.32016,247.4128,246.72989
2000-05-02,261.5629,259.6337,255.99405,272.50772,269.61954,263.2926
2000-05-03,307.07397,306.42337,305.9404,304.25082,303.31018,304.31363
2000-05-04,265.15213,263.63516,263.30298,256.00232,254.59851,256.17374
2000-05-05,182.49423,179.90858,177.35344,190.43222,188.27882,187.03766
2000-05-06,280.23868,280.12735,278.6818,274.46072,273.9181,273.199
2000-05-07,307.7052,306.71506,306.87024,307.71118,306.53723,307.90167
2000-05-08,311.34714,313.35086,314.93036,314.1852,315.6312,318.02307
2000-05-09,208.59813,214.0733,219.6574,220.52028,225.69968,231.40292
2000-05-10,171.34294,168.25067,165.45645,164.55208,161.30644,159.20442
2000-05-11,247.64592,249.80472,254.76624,252.22914,253.5771,258.88336
2000-05-12,302.1795,300.1102,297.3398,301.10138,297.82828,294.95663
2000-05-13,134.89766,133.24684,133.44315,132.56218,131.2515,132.29816
2000-05-14,301.8594,304.0308,305.7221,301.5989,303.92197,307.3045
2000-05-15,221.93112,225.85484,230.29771,218.40594,221.74223,227.10687
2000-05-16,292.7116,297.5889,299.9153,289.28107,294.3953,298.76517
2000-05-17,268.47357,272.33084,276.46057,273.0265,276.73956,281.03116
2000-05-18,333.7078,333.45325,334.13095,346.26584,344.95822,344.1499
2000-05-19,247.25388,245.79654,242.1685,257.3059,255.05513,250.51692
2000-05-20,282.3069,284.2141,286.19498,293.65784,293.70312,294.3325
2000-05-21,308.96335,306.94037,303.99124,310.9685,309.03854,308.34946
2000-05-22,328.7248,328.258,325.6474,326.56537,325.19183,322.96274
2000-05-23,297.3403,302.94778,305.4695,313.34985,318.1159,320.5943
2000-05-24,239.2789,237.6878,234.98805,241.00131,238.75127,236.5302
2000-05-25,225.53644,226.84027,229.51405,227.90833,229.09175,232.46487
2000-05-26,173.34505,168.50143,164.72308,175.03781,169.15544,164.54733
2000-05-27,348.13217,339.45132,321.12006,348.38803,339.1352,321.1088
2000-05-28,304.49762,302.45337,300.316,315.30328,312.12375,309.76685
2000-05-29,296.15002,288.3143,279.62485,295.55063,286.38416,278.0367
2000-05-30,294.30746,300.06366,304.61835,296.5357,301.73718,306.46304
2000-05-31,220.8085,222.36159,224.75963,216.29277,217.6775,221.05562
2000-06-01,220.72112,220.1051,216.9278,222.37961,220.87106,217.36305
2000-06-02,304.32178,306.6943,308.56863,311.63202,314.0561,316.66705
2000-06-03,241.6091,250.13019,259.85794,247.8751,256.21887,266.7852
2000-06-04,255.0023,263.22943,273.1063,265.766,273.71185,282.97543
2000-06-05,242.97986,239.47734,231.17801,242.01886,238.27863,230.11707
2000-06-06,275.87314,271.57684,261.64786,271.0096,265.86658,255.95424
2000-06-07,223.68068,219.86546,214.7862,216.9209,213.25452,209.1073
2000-06-08,197.34846,191.57576,184.63545,197.21718,190.94514,183.77597
2000-06-09,231.62659,231.96872,230.01869,232.99106,232.98997,230.9044
2000-06-10,283.3581,285.31155,289.16605,271.6201,273.7959,279.38336
2000-06-11,341.2375,341.27444,338.42758,345.43964,345.6563,343.27014
2000-06-12,288.72745,290.56122,290.16666,288.97943,290.58563,290.43585
2000-06-13,282.0056,279.99847,275.46332,286.0804,283.40005,278.2236
2000-06-14,319.73407,320.80664,319.1931,318.77408,319.1917,317.5054
2000-06-15,340.62762,338.70685,334.08804,340.97742,338.56424,333.47543
2000-06-16,298.01843,300.7821,299.9621,299.70215,302.7704,302.46918
2000-06-17,259.89188,257.48663,253.49202,258.29276,256.0277,252.06416
2000-06-18,326.05252,320.16995,312.29745,334.2859,329.1147,323.08105
2000-06-19,347.7857,346.14426,339.97107,359.30786,357.45874,351.1821
2000-06-20,267.35284,265.74695,262.54166,273.80743,271.816,268.0701
2000-06-21,278.40955,272.408,261.07568,287.9957,281.54077,269.56195
2000-06-22,298.54697,296.97836,295.9585,301.01334,299.34174,297.9382
2000-06-23,335.51993,336.08524,334.07074,334.0168,334.8848,333.39282
2000-06-24,287.9928,287.46466,286.2843,299.0966,297.80667,294.7495
2000-06-25,294.2643,294.83856,294.24658,301.2009,300.9827,298.79987
2000-06-26,305.42676,309.63846,311.43988,304.95493,308.38007,309.63135
2000-06-27,270.808,269.13248,268.0595,271.5589,269.1085,266.48737
2000-06-28,250.04121,251.74364,253.27106,253.07147,254.67944,255.64154
2000-06-29,309.5291,307.70676,300.67578,313.78052,311.99118,304.11627
2000-06-30,350.0646,349.86404,350.28775,356.49283,356.39777,355.81995
2000-07-01,315.2881,310.77985,307.67188,334.56842,329.91733,323.82047
2000-07-02,353.28284,353.4676,352.34772,357.02036,356.34247,353.87604
2000-07-03,282.83365,281.9894,282.76782,280.60928,279.1097,278.58856
2000-07-04,301.09534,301.34042,301.826,301.25906,300.97372,300.3025
2000-07-05,315.92416,312.2565,307.30914,326.2558,322.11264,314.50342
2000-07-06,297.7329,295.19632,294.04288,302.69156,299.64166,297.27374
2000-07-07,314.74542,315.1169,314.16635,323.1001,324.4633,322.9648
2000-07-08,211.38684,208.87865,206.67635,216.21335,213.72993,211.4281
2000-07-09,347.75684,348.2091,348.55896,353.7843,354.45697,354.02997
2000-07-10,354.1929,355.3388,356.28317,355.0787,356.29016,356.45776
2000-07-11,335.82568,341.19302,342.5512,335.07877,340.83508,341.8477
2000-07-12,297.7872,305.4911,305.7168,298.84213,306.86038,307.10886
2000-07-13,229.73187,230.32253,229.13893,227.81026,228.71953,227.11382
2000-07-14,356.68747,358.37012,346.04596,356.50278,359.2726,345.51868
2000-07-15,331.70734,339.5895,341.0803,329.3225,337.80444,339.33676
2000-07-16,254.28397,257.1168,262.03864,246.67543,249.33775,253.26402
2000-07-17,208.73016,212.15771,216.43845,212.5777,215.45891,218.22646
2000-07-18,266.24622,263.9505,260.96796,280.41708,277.18024,272.56796
2000-07-19,301.73407,299.4516,296.52203,324.2374,322.2089,318.40317
2000-07-20,300.20444,297.82626,295.1091,308.78976,307.12308,304.08435
2000-07-21,229.8581,232.2535,236.83023,227.6437,229.99016,234.58578
2000-07-22,267.0725,267.4703,270.14478,257.94922,258.57513,261.20355
2000-07-23,240.13742,241.42598,243.53386,240.022,241.75438,243.42378
2000-07-24,299.1408,299.869,301.19058,300.6995,301.3948,302.19708
2000-07-25,284.7859,286.33902,288.87006,287.46414,289.7151,291.13583
2000-07-26,294.45108,293.79526,293.58682,296.65607,296.08755,295.07455
2000-07-27,291.59995,291.36578,291.4069,290.98132,290.63898,289.96695
2000-07-28,303.503,302.50537,300.7591,310.78305,310.51276,308.82535
2000-07-29,282.36963,281.84738,282.10022,274.4754,273.98465,274.56573
2000-07-30,224.29117,224.58202,224.92381,225.91234,226.66745,226.94481
2000-07-31,245.98018,244.71667,239.28093,250.6751,249.54836,243.5954
2000-08-01,235.9406,234.28085,232.42352,233.4256,232.605,231.86264
2000-08-02,228.12306,221.73907,214.26476,239.56584,233.22621,225.52168
2000-08-03,268.274,261.5091,251.5058,291.25497,284.3351,272.11777
2000-08-04,264.13873,263.1295,262.8475,287.27365,286.8636,286.3848
2000-08-05,209.88205,208.92107,206.88515,214.12529,213.06857,210.70549
2000-08-06,187.47131,185.76741,184.28676,185.38744,183.45653,181.6198
2000-08-07,232.72978,230.40239,228.31355,236.66777,233.69933,230.51857
2000-08-08,227.60892,226.94312,228.61745,226.4553,225.61897,227.18536
2000-08-09,304.94318,305.09528,304.2701,308.01532,307.86084,306.39667
2000-08-10,275.2488,274.9913,275.63196,288.95227,288.48492,288.4538
2000-08-11,240.06477,237.57759,236.93407,252.69261,249.12161,246.53482
2000-08-12,253.80737,253.98285,256.25314,250.61798,250.69537,253.37396
2000-08-13,251.37651,249.49103,248.33287,248.18884,246.14642,244.63853
2000-08-14,211.92656,216.91379,222.01682,202.09198,207.47487,213.55272
2000-08-15,303.13428,302.0974,300.6253,302.86462,301.99475,300.57568
2000-08-16,302.8361,302.01343,300.991,302.5599,301.7878,300.63782
2000-08-17,296.60242,295.86026,295.05066,296.24268,295.4998,294.54816
2000-08-18,272.0628,273.60355,274.64786,273.47736,275.32825,275.8527
2000-08-19,263.8063,264.16486,263.47,262.66656,263.04587,262.28882
2000-08-20,221.38855,221.78362,222.67862,211.97806,212.70676,214.7888
2000-08-21,189.29071,187.25696,184.67953,188.02646,185.6384,182.9629
2000-08-22,264.51474,261.9382,257.5604,271.60925,269.58847,265.92456
2000-08-23,228.21492,227.95012,225.70067,230.64127,230.63295,229.00117
2000-08-24,221.17961,219.23323,217.61246,226.19963,224.39392,223.28503
2000-08-25,201.19897,200.06502,198.38585,201.1713,199.96169,197.94742
2000-08-26,183.73428,183.18947,182.12468,186.36855,185.5522,184.53326
2000-08-27,182.61981,182.37733,183.48181,182.93129,182.66446,183.87291
2000-08-28,226.89178,230.00429,232.05656,220.80254,224.23956,227.47354
2000-08-29,273.00302,272.11945,270.8531,272.2807,271.45007,270.34747
2000-08-30,250.89333,250.75655,250.82387,255.0599,254.66254,254.39261
2000-08-31,193.19417,191.36003,189.26439,192.3569,190.2217,188.07681
2000-09-01,183.9796,186.43254,185.87648,177.94481,180.96446,180.51605
2000-09-02,161.95946,161.70045,161.58846,152.20312,151.52519,151.55325
2000-09-03,166.369,164.32585,163.2098,167.49867,164.85835,163.10043
2000-09-04,238.43813,236.25816,233.35257,251.62694,249.6422,246.88316
2000-09-05,221.39655,222.03076,221.6199,240.46579,241.33699,241.15456
2000-09-06,142.76538,143.8277,145.65807,145.46817,146.75127,149.30649
2000-09-07,196.7676,190.5964,183.17189,202.9496,196.67786,188.31009
2000-09-08,233.78203,231.51526,228.23505,229.43013,226.93364,223.96423
2000-09-09,191.69456,191.01846,191.19847,191.02092,189.91414,189.85233
2000-09-10,229.88614,229.50807,228.84558,230.54561,229.83643,229.23825
2000-09-11,218.49149,214.02771,207.82736,217.9084,213.05536,206.18675
2000-09-12,259.5329,258.32306,256.93524,258.10388,256.86255,255.68132
2000-09-13,255.4213,254.48557,253.25146,253.35231,252.53876,251.71613
2000-09-14,237.43932,236.33237,235.22878,234.01845,233.00122,232.25865
2000-09-15,220.39087,219.70123,218.48955,220.05716,219.36792,218.42981
2000-09-16,228.49405,224.26419,218.02243,231.79333,227.74666,221.91905
2000-09-17,166.12009,171.23975,174.85274,156.26096,162.3844,167.80031
2000-09-18,255.84718,254.0148,251.43231,255.02509,253.4106,251.40489
2000-09-19,244.34937,242.78712,240.8569,243.11838,241.55528,239.83066
2000-09-20,239.10313,237.45021,235.6089,238.56172,236.91862,235.24597
2000-09-21,236.28685,234.68181,232.72559,235.5422,234.0569,232.44894
2000-09-22,231.2664,228.6604,224.94098,230.41447,227.69327,223.91571
2000-09-23,206.10947,201.95706,196.80437,215.02951,210.61197,203.93802
2000-09-24,168.92842,167.11087,164.63708,177.06683,174.78781,171.54922
2000-09-25,195.89516,193.94827,191.81696,206.65677,204.35722,201.86368
2000-09-26,179.29868,177.45978,174.14648,191.09724,188.44566,183.76836
2000-09-27,157.65576,153.6457,148.90344,164.08237,159.37512,153.85452
2000-09-28,143.8014,145.65659,147.62444,151.10638,152.45883,153.57106
2000-09-29,126.361046,127.715294,131.26176,125.39537,126.57943,129.94647
2000-09-30,169.07265,164.53915,158.01248,176.78397,171.42043,163.41481
2000-10-01,158.479,157.04091,155.80325,166.52785,164.26442,161.84753
2000-10-02,66.82506,65.52738,64.704704,65.96129,64.89436,64.21352
2000-10-03,184.654,181.6,177.20306,184.06645,180.9603,176.58557
2000-10-04,177.38597,176.32967,175.47385,175.61594,174.61324,173.44473
2000-10-05,184.75407,185.38417,184.79453,184.53003,185.23909,184.70699
2000-10-06,156.33286,153.6856,151.1153,159.7223,157.14366,154.37608
2000-10-07,170.14555,168.76396,165.99774,169.85938,168.3218,165.65321
2000-10-08,174.58409,174.99995,173.79753,173.6685,174.18942,173.10768
2000-10-09,185.88733,185.9368,183.77277,183.97742,183.2858,181.21718
2000-10-10,191.18819,192.43716,185.63191,191.16125,192.22195,184.67094
2000-10-11,183.39378,182.32751,180.90086,183.29132,182.35947,181.07594
2000-10-12,153.9542,152.8043,151.18428,152.13919,151.10289,149.36217
2000-10-13,132.55379,131.57909,129.15825,129.43803,128.04979,124.56183
2000-10-14,168.50194,164.38971,158.89494,168.79472,164.20122,157.85017
2000-10-15,128.38727,128.14258,128.52077,137.77824,136.60529,135.32327
2000-10-16,146.72905,144.69197,142.97678,142.64012,141.18643,140.47385
2000-10-17,150.84035,147.7104,144.75409,148.30534,144.78056,141.32272
2000-10-18,159.54666,157.91112,156.47711,159.4269,157.64807,155.89671
2000-10-19,119.863884,117.59488,114.56558,114.04403,111.801025,108.55628
2000-10-20,101.29776,97.63003,96.88357,102.568245,99.04388,98.08905
2000-10-21,133.70049,131.4028,128.27254,135.1419,132.59814,128.96696
2000-10-22,168.87271,167.26074,164.88026,168.8426,167.20177,164.61308
2000-10-23,181.05515,179.96312,177.70741,180.74329,179.94627,177.72055
2000-10-24,167.61813,166.32031,163.52486,169.11444,167.86464,164.91447
2000-10-25,98.08714,92.95708,89.8715,94.03026,89.26839,86.82328
2000-10-26,153.79703,153.09016,151.45729,155.43622,154.6047,152.70439
2000-10-27,103.462654,98.48677,93.39192,102.54788,97.32451,92.01718
2000-10-28,143.58913,145.80309,146.15509,141.08049,143.49596,144.0461
2000-10-29,137.47852,136.82404,135.52972,134.977,135.1956,134.51822
2000-10-30,134.08994,133.15558,131.85258,133.34415,132.58069,131.38524
2000-10-31,130.2358,129.19934,130.45187,122.65,121.74754,124.80395
2000-11-01,150.77448,150.30428,149.32637,150.76486,150.40332,149.15485
2000-11-02,44.87685,44.095688,43.581497,45.72878,44.939507,44.286728
2000-11-03,133.3392,135.53825,137.0438,126.74174,129.13905,131.45737
2000-11-04,127.943085,128.77509,129.1399,126.41677,127.264725,127.71674
2000-11-05,132.3115,130.38356,127.89002,130.7189,129.02611,127.09307
2000-11-06,117.83758,117.6428,120.799576,119.552025,119.637985,122.68668
2000-11-07,123.538506,123.73001,123.3986,125.52792,125.62225,124.82019
2000-11-08,103.82154,104.21706,104.52982,102.61946,103.04563,103.41034
2000-11-09,130.49088,128.52655,126.527565,132.28264,130.26024,127.91043
2000-11-10,54.91835,54.39589,53.294025,56.019867,55.402752,54.183777
2000-11-11,110.487015,109.81132,109.283516,121.94885,121.32352,120.42301
2000-11-12,144.60443,143.2726,141.87852,143.59438,142.27888,140.90099
2000-11-13,121.49174,120.18645,119.54213,117.49715,116.16529,115.8507
2000-11-14,132.77928,133.66017,132.87592,129.76363,130.87286,130.33098
2000-11-15,112.65612,110.70208,107.99942,112.16575,110.58711,108.48518
2000-11-16,91.96906,89.19051,88.507706,93.95069,91.10752,89.96294
2000-11-17,93.19126,90.33607,86.76411,87.87971,85.51868,82.74097
2000-11-18,115.85501,115.26672,110.9016,113.84873,113.35192,109.46652
2000-11-19,93.571594,93.49605,93.492676,94.375374,93.98243,93.42507
2000-11-20,118.582436,118.81941,117.45657,115.16991,115.9209,115.24275
2000-11-21,95.46239,94.95194,94.417595,94.525,93.869125,93.40989
2000-11-22,80.717926,79.421265,77.84823,79.11854,78.06816,77.11898
2000-11-23,105.82725,105.596695,104.573265,100.72912,100.697586,100.24988
2000-11-24,108.90198,108.32088,106.484856,108.008316,107.94576,106.49021
2000-11-25,118.96859,117.14456,114.192825,122.93436,121.10352,118.22318
2000-11-26,122.337616,122.45172,121.23004,119.93593,120.44927,119.65931
2000-11-27,108.99257,108.50654,107.9532,108.15412,107.68857,107.19117
2000-11-28,109.355515,109.15696,108.10824,106.793175,106.95023,106.6393
2000-11-29,48.882874,49.24649,49.62437,50.77264,51.21085,51.56895
2000-11-30,62.86769,62.78404,61.905746,63.51144,63.30869,61.757458
2000-12-01,101.20909,99.45314,97.824814,97.99765,96.31865,95.060036
2000-12-02,116.93565,116.17747,114.909035,116.51543,115.91507,114.622955
2000-12-03,105.48286,103.55776,101.61401,106.95609,105.21357,103.25888
2000-12-04,109.89976,109.19059,108.33937,110.802475,110.28019,109.248344
2000-12-05,103.8133,102.91383,101.28245,102.83175,102.12501,100.72515
2000-12-06,103.78298,102.66058,100.40502,101.81748,100.92026,99.09258
2000-12-07,89.4286,88.571236,87.45988,88.911194,88.15376,87.14402
2000-12-08,41.21129,40.83204,40.582317,40.50277,40.2348,40.149673
2000-12-09,98.20048,96.26072,93.49765,99.993034,98.33107,95.815765
2000-12-10,93.27387,91.85357,91.58827,88.14607,86.90008,87.46322
2000-12-11,89.32334,88.276886,88.283226,86.039406,85.08104,85.9082
2000-12-12,103.0276,101.57645,100.40947,100.15398,99.05595,98.6948
2000-12-13,103.843216,102.758,101.228096,102.679344,101.65838,100.13644
2000-12-14,57.891777,57.016853,56.87388,58.048927,56.842953,56.24678
2000-12-15,99.612526,98.86654,97.99242,99.21425,98.68921,97.966515
2000-12-16,91.62237,90.67667,90.41313,88.15037,87.47795,87.93899
2000-12-17,84.79076,83.95742,83.096924,84.183426,83.429146,82.450714
2000-12-18,81.04265,80.85769,80.1013,79.03425,78.97193,78.417114
2000-12-19,46.150497,45.3194,43.781136,44.450764,43.716446,42.194115
2000-12-20,94.9296,95.9065,95.364174,92.94937,94.2222,93.864685
2000-12-21,91.24648,90.88233,89.7041,92.80894,92.447685,90.90602
2000-12-22,86.255325,85.019936,80.807816,87.79801,86.61858,82.14288
2000-12-23,65.35511,65.322624,65.64259,62.550884,62.60091,62.79143
2000-12-24,93.16996,91.74832,90.04785,93.263435,91.881874,90.36379
2000-12-25,94.72359,94.137825,93.25353,95.081345,94.43541,93.53201
2000-12-26,109.06734,108.12887,106.427055,107.74829,106.75289,104.94883
2000-12-27,110.898834,110.374596,109.52236,110.55074,110.11498,109.18872
2000-12-28,97.28344,97.215675,96.35482,96.27614,96.24755,95.41495
2000-12-29,54.342316,53.676804,52.94606,53.667595,53.122585,52.633934
2000-12-30,68.3287,68.23678,67.33159,67.88162,67.80959,66.86795
2000-12-31,96.9537,96.037865,95.45758,94.11548,93.43214,93.017044
2001-01-01,106.37382,104.901146,103.088425,105.977615,104.44654,102.35432
2001-01-02,66.7338,66.19449,65.66548,65.40378,65.04275,64.60719
2001-01-03,68.49151,67.27445,66.08181,70.75688,69.68961,68.63196
2001-01-04,104.51278,103.472824,101.5838,101.63315,100.6875,98.81238
2001-01-05,81.09187,80.58816,80.33827,76.37641,75.77819,75.916275
2001-01-06,113.5828,112.969894,112.45256,110.23633,109.82799,109.76938
2001-01-07,107.16046,105.74493,103.85644,105.55917,104.178856,102.32547
2001-01-08,84.969315,84.04869,83.01889,80.50249,79.83838,79.53232
2001-01-09,102.56187,103.13622,103.564125,98.3687,99.37018,100.75808
2001-01-10,103.27605,103.47467,103.05004,103.17842,103.237,102.65519
2001-01-11,63.4845,62.555378,62.195934,61.928516,60.79759,60.052635
2001-01-12,74.28707,73.91307,73.11738,71.046104,70.79334,70.134224
2001-01-13,128.30733,127.386665,126.31483,129.01155,128.07251,126.94111
2001-01-14,50.14089,48.684772,47.596043,48.735176,47.401577,46.43274
2001-01-15,106.7534,105.831085,105.06994,106.30114,105.448494,104.84303
2001-01-16,133.24886,132.14261,130.87999,131.52144,130.4766,129.30505
2001-01-17,118.4196,117.07819,114.73846,116.36787,115.38142,113.4812
2001-01-18,107.673935,108.6343,111.45787,104.45636,105.35858,108.53696
2001-01-19,121.53266,121.739265,121.24224,122.332405,122.5522,121.99086
2001-01-20,110.5712,111.03826,110.80052,106.77716,107.159134,107.06208
2001-01-21,102.66625,101.40344,99.64189,100.90036,99.96929,98.721405
2001-01-22,118.84473,118.9341,118.39688,116.203926,116.20249,115.726295
2001-01-23,133.0904,131.12099,128.98822,130.30656,128.52705,127.08768
2001-01-24,102.72532,101.893486,100.947655,98.244965,97.47099,96.58725
2001-01-25,119.885735,119.434,118.493355,121.376335,121.164925,120.24136
2001-01-26,128.31616,127.083466,124.23597,126.41987,125.10407,122.27053
2001-01-27,121.04112,120.57475,119.49156,120.45669,120.07058,119.15091
2001-01-28,134.89983,135.47412,135.85971,133.57092,134.16257,134.6039
2001-01-29,110.86474,111.39469,110.70582,108.333206,109.110245,108.52953
2001-01-30,72.56721,71.92419,70.49377,69.82969,69.47748,68.384384
2001-01-31,122.26619,120.30579,117.584465,121.69,119.81482,117.485794
2001-02-01,148.06415,147.18614,145.842,149.1832,148.60956,147.71292
2001-02-02,91.82647,90.20911,89.13608,91.71492,90.130295,89.456635
2001-02-03,161.2461,159.34862,157.2687,158.1835,156.72792,155.86624
2001-02-04,130.23428,129.90697,129.66379,129.8142,129.63759,129.7043
2001-02-05,150.61191,150.97295,150.52179,152.93166,153.44916,153.27483
2001-02-06,105.76602,102.70347,97.44104,109.5699,106.49409,100.84189
2001-02-07,122.564644,121.70827,120.241554,126.521324,125.48716,123.79652
2001-02-08,162.63474,162.92294,160.97604,164.03064,164.535,163.36249
2001-02-09,83.43868,80.12531,76.34392,82.974106,80.12268,76.676834
2001-02-10,156.73137,155.85588,155.6043,155.7185,154.82372,154.72453
2001-02-11,159.1718,156.81183,154.49127,155.62398,153.51038,151.85017
2001-02-12,176.53537,175.73466,174.11816,176.07076,175.20929,173.61595
2001-02-13,130.5428,131.35666,131.25737,132.86557,133.49579,133.2091
2001-02-14,84.512665,83.09048,81.693375,84.66462,83.407616,82.21732
2001-02-15,147.76424,144.32616,140.30264,150.69467,147.2751,142.92159
2001-02-16,110.634224,106.88248,102.9835,108.04767,104.576675,100.96855
2001-02-17,182.6833,182.21042,181.34764,179.30434,178.93097,178.71283
2001-02-18,174.73401,173.93929,173.04947,170.36699,170.11244,170.4439
2001-02-19,196.57573,194.90561,192.65619,195.25986,193.7544,191.84792
2001-02-20,182.95995,180.19865,175.64407,180.38518,177.62926,173.11375
2001-02-21,166.84996,166.68263,165.57077,166.84653,166.78369,166.02129
2001-02-22,151.01102,150.01227,148.18195,150.86966,150.18463,148.56139
2001-02-23,115.07957,112.91115,110.36704,117.94573,116.08916,113.762634
2001-02-24,172.87617,170.72113,168.5668,171.78226,169.81813,167.74101
2001-02-25,180.88364,181.83461,182.94617,180.93721,182.25993,183.79782
2001-02-26,204.78317,204.92369,204.1451,206.15985,206.09459,205.02489
2001-02-27,140.90498,140.76736,140.58975,137.23912,137.07697,136.63318
2001-02-28,172.15828,170.58528,168.28711,167.89706,165.90826,162.88896
2001-03-01,169.8768,170.03651,171.01591,163.7967,164.17575,165.52219
2001-03-02,161.90851,161.95854,161.4944,155.01231,155.21646,154.8225
2001-03-03,173.54414,170.50316,166.35133,170.3078,167.74347,164.56445
2001-03-04,138.7441,137.62575,135.90573,132.16747,130.68362,129.14682
2001-03-05,157.41922,157.94469,158.67046,155.65906,156.53535,157.38016
2001-03-06,171.81807,170.9447,170.48965,169.36273,168.85963,168.39069
2001-03-07,187.97812,185.24742,183.6582,177.74492,175.25726,174.4935
2001-03-08,230.49214,229.49367,227.45149,230.44452,230.12144,228.38628
2001-03-09,172.19029,170.14426,166.46709,163.23396,161.3026,157.59294
2001-03-10,130.1653,129.6265,128.7332,130.9855,129.92764,128.69014
2001-03-11,109.026764,107.52761,105.65031,105.70423,104.527016,102.80412
2001-03-12,217.33908,214.5693,210.77957,211.47495,209.15898,206.30699
2001-03-13,141.73831,137.01385,130.9746,141.23291,136.68613,130.5674
2001-03-14,213.75401,211.22972,207.89407,212.98279,210.75458,207.52283
2001-03-15,211.41884,210.05782,206.59706,207.86113,207.08449,203.80263
2001-03-16,199.47481,197.73045,195.24,200.43268,198.95361,196.43301
2001-03-17,195.55411,195.89372,199.0446,192.6085,193.33626,196.55869
2001-03-18,246.16852,243.91734,241.53212,245.42513,242.87215,239.73938
2001-03-19,99.13534,98.9201,98.506355,103.73947,103.762314,103.268555
2001-03-20,198.73593,199.91135,201.55963,190.50516,191.90932,193.9126
2001-03-21,255.85709,254.8934,253.85138,260.68356,259.64832,257.5219
2001-03-22,238.39542,238.86874,238.90659,234.71516,235.36523,235.33856
2001-03-23,239.77582,239.32661,238.67676,237.93507,237.68546,236.72572
2001-03-24,223.00133,220.97615,218.95546,220.89445,219.19359,217.14633
2001-03-25,221.09203,220.54497,220.31708,222.12111,221.67752,221.20717
2001-03-26,149.05745,142.55017,135.75201,148.56834,142.44118,135.58243
2001-03-27,220.74326,217.05754,210.89131,223.29562,218.60225,210.4497
2001-03-28,136.7046,132.92747,129.6598,138.43065,134.5176,131.0573
2001-03-29,254.39809,252.99515,251.48305,249.52159,248.2912,246.58601
2001-03-30,147.49026,150.23965,154.13164,138.43489,140.47505,143.38756
2001-03-31,241.59128,239.63118,237.48276,244.22961,242.57385,240.51396
2001-04-01,274.0627,272.53555,270.38412,272.85577,271.1342,269.15063
2001-04-02,272.9153,271.7513,270.5092,274.01978,272.7152,271.58212
2001-04-03,230.74294,232.86139,233.32175,235.89095,237.9536,237.4924
2001-04-04,184.92574,185.35135,185.4402,167.32977,168.34703,169.4157
2001-04-05,188.84438,185.9796,184.69818,175.84831,172.93831,172.23694
2001-04-06,264.9971,264.99142,263.8912,260.06174,260.85745,260.46838
2001-04-07,242.0538,240.02328,239.47765,238.28252,235.92116,235.291
2001-04-08,279.4356,278.2657,276.79178,277.50366,276.46277,275.10278
2001-04-09,241.5231,241.29099,240.4086,234.32709,234.64482,234.42307
2001-04-10,262.50098,259.16043,252.91347,263.26123,259.85016,253.47784
2001-04-11,229.91475,229.46416,229.62148,227.1054,225.96231,226.228
2001-04-12,167.91739,164.95464,161.93015,161.50606,158.44289,155.64168
2001-04-13,135.94928,132.56285,128.76155,124.278,121.357475,118.04953
2001-04-14,188.46278,182.55736,175.19032,174.94221,169.8474,163.89175
2001-04-15,232.07886,225.33957,216.37082,233.70695,226.4998,216.66568
2001-04-16,267.25204,268.2522,266.20154,262.42358,264.06003,262.71408
2001-04-17,212.21971,213.14671,217.09987,203.12468,203.43431,208.49382
2001-04-18,298.90283,295.4114,289.9891,296.66342,293.24362,288.85016
2001-04-19,260.77997,265.08636,266.06802,252.95381,258.0755,260.29565
2001-04-20,217.91856,216.23785,214.00252,220.53477,218.58575,215.8343
2001-04-21,269.3297,261.22885,248.83981,277.87207,270.34067,259.12344
2001-04-22,307.57898,303.89212,293.38873,305.88638,303.0015,294.55655
2001-04-23,215.40742,216.73904,219.48573,206.34087,207.38594,211.77472
2001-04-24,289.8272,291.15305,290.95966,289.27078,290.4303,290.8593
2001-04-25,241.27672,244.62157,246.30316,235.03062,238.32707,241.03552
2001-04-26,154.12358,159.07303,165.37985,139.20091,144.18767,151.74821
2001-04-27,138.28984,132.68414,126.90807,143.32684,136.86101,130.29749
2001-04-28,270.27942,271.09412,270.44345,264.68686,265.26862,265.24432
2001-04-29,211.98915,216.17477,220.03535,210.35245,214.4275,218.95587
2001-04-30,269.19778,264.1821,258.40182,284.2469,279.5808,274.47003
2001-05-01,149.18407,148.85754,147.75156,138.17303,137.90428,137.5159
2001-05-02,245.24225,244.17366,242.68893,238.63974,237.44951,236.91187
2001-05-03,245.0664,247.39568,249.0289,248.16054,250.13858,252.15837
2001-05-04,105.06552,100.59231,97.81096,103.05995,98.27688,96.13926
2001-05-05,295.1645,299.91656,298.40488,297.6169,301.96487,300.91147
2001-05-06,244.38234,245.4288,246.71048,237.73257,238.22089,239.53442
2001-05-07,318.51898,319.3569,320.38382,322.6192,322.80228,324.59296
2001-05-08,310.79605,309.80258,308.276,312.96396,311.63278,310.93237
2001-05-09,266.22723,268.832,269.58896,264.18027,266.80112,268.43665
2001-05-10,169.69469,163.07864,154.81331,176.70888,169.59416,160.93091
2001-05-11,344.2738,342.7355,339.37863,345.6963,343.87823,341.74588
2001-05-12,329.30826,328.1751,325.2835,328.8796,328.55383,329.3138
2001-05-13,339.8493,339.57626,338.15735,341.00305,340.15033,339.32428
2001-05-14,323.5212,324.50354,324.66708,322.5559,323.2438,324.5057
2001-05-15,274.39673,272.21188,266.6913,273.10147,270.42834,265.0929
2001-05-16,298.86316,296.52643,294.93152,291.51898,288.6333,288.75937
2001-05-17,282.02457,282.95004,282.37537,301.5189,300.99225,299.9618
2001-05-18,270.6978,270.14883,269.9159,262.6161,260.6825,261.29593
2001-05-19,306.0178,305.4335,304.38873,304.52338,303.45947,303.36514
2001-05-20,277.91953,276.26254,272.9382,283.054,281.17133,277.74524
2001-05-21,307.55426,303.96802,295.4279,308.82028,305.64874,298.69766
2001-05-22,299.92404,293.9918,285.80515,302.2774,295.82416,287.7815
2001-05-23,310.60718,317.83066,315.83734,314.8132,321.82062,320.96622
2001-05-24,146.92265,150.38708,164.7543,149.82259,153.41368,167.83339
2001-05-25,295.34827,301.15997,303.1819,294.76202,300.371,303.34473
2001-05-26,321.4647,320.31955,318.0036,322.76318,320.83685,319.56744
2001-05-27,312.97342,310.70755,310.43982,319.86465,316.66037,315.6078
2001-05-28,244.14565,246.09111,246.93196,238.1154,239.61423,240.90947
2001-05-29,191.56639,183.12215,173.28374,197.60866,188.45665,177.69423
2001-05-30,244.71623,241.78966,243.94373,252.70824,249.63853,252.1971
2001-05-31,325.14923,320.65344,311.70322,333.3452,328.62976,320.7042
2001-06-01,323.15262,319.723,314.33014,330.21423,326.35367,321.6532
2001-06-02,286.70197,286.24173,280.37634,290.02505,289.292,282.8635
2001-06-03,376.66147,373.93808,367.55182,380.01877,376.94904,371.39407
2001-06-04,349.7199,351.61667,351.32156,351.01706,351.9633,351.81628
2001-06-05,313.3939,315.10034,313.75916,308.4477,309.96896,309.73743
2001-06-06,281.1722,278.64435,272.0467,287.6049,284.25528,277.43658
2001-06-07,308.7,312.79977,316.77002,302.05286,305.33765,308.56143
2001-06-08,323.1841,330.75793,334.6203,338.0493,345.0058,348.4421
2001-06-09,178.99455,179.67528,182.70837,190.89523,192.22253,196.17291
2001-06-10,235.96729,236.5462,237.23012,243.82753,244.58582,246.30202
2001-06-11,158.36967,156.70871,157.48138,162.39606,160.0251,159.47112
2001-06-12,329.95953,334.95285,334.00146,322.45404,327.91977,327.12543
2001-06-13,249.91336,256.48477,265.2051,246.02931,252.99109,263.64163
2001-06-14,265.49,267.94177,269.137,272.09753,273.9107,274.08188
2001-06-15,252.14305,242.81325,234.69196,244.29353,232.66359,222.31927
2001-06-16,270.12393,268.50015,264.10342,262.44162,260.09097,255.6509
2001-06-17,285.3368,287.33078,285.0298,275.43234,276.59122,274.49976
2001-06-18,334.36148,332.88474,332.62027,332.38843,330.6811,330.68735
2001-06-19,269.51126,269.58405,273.0753,263.53622,262.94,265.98007
2001-06-20,269.33813,267.21112,260.4514,267.294,264.6235,257.38928
2001-06-21,312.931,310.87735,304.92545,316.92886,315.67468,309.96964
2001-06-22,369.14337,368.91516,366.80432,371.56085,371.2175,368.81036
2001-06-23,351.11835,353.10944,353.01813,355.81204,357.37112,356.42932
2001-06-24,355.6999,355.22766,354.66498,364.59894,364.08093,363.00394
2001-06-25,187.30634,188.381,189.58304,189.62807,191.02936,192.64084
2001-06-26,310.4506,309.73944,307.69095,311.41586,310.87585,308.9133
2001-06-27,302.96478,305.1133,308.68484,289.3173,291.3468,295.69495
2001-06-28,361.28113,361.55124,360.76797,359.14984,359.1182,357.7692
2001-06-29,362.14136,362.84756,363.5276,365.1498,365.62662,365.46542
2001-06-30,334.29492,339.33224,340.9681,333.97836,339.39886,340.37155
2001-07-01,316.18924,317.5723,316.85007,319.03455,320.83786,319.91232
2001-07-02,327.5109,329.7864,327.42273,334.7989,336.27408,333.97504
2001-07-03,287.14746,292.8764,296.04108,282.36993,287.48846,290.61908
2001-07-04,216.12865,217.49529,220.94667,218.05304,218.56563,220.12283
2001-07-05,229.42184,228.42236,227.01257,224.59547,223.26093,221.27158
2001-07-06,311.00333,309.08102,308.91736,310.40985,308.89694,308.51343
2001-07-07,280.79248,279.59332,282.78668,260.61728,259.78235,265.74515
2001-07-08,346.537,348.1347,349.04758,348.25787,349.61743,349.6718
2001-07-09,239.52664,246.38162,254.99057,243.72586,250.87283,259.26096
2001-07-10,201.70377,199.28928,195.56822,196.83836,194.25948,189.48784
2001-07-11,257.4547,262.60303,269.2482,244.13403,249.38126,257.22122
2001-07-12,299.07172,300.43207,303.80377,295.93896,297.22604,300.05453
2001-07-13,272.35843,276.6648,279.19577,274.2509,279.44406,281.42404
2001-07-14,227.23787,231.88681,239.32887,222.55568,226.90543,233.7303
2001-07-15,254.93613,259.2523,261.40326,246.98596,251.78471,253.74358
2001-07-16,359.61887,361.01324,362.26205,360.53375,362.05582,362.36935
2001-07-17,183.90842,187.63405,193.46918,180.33286,183.85864,189.14204
2001-07-18,224.24046,225.29361,224.04077,216.29297,216.94643,214.56404
2001-07-19,277.06448,281.86234,284.8065,270.06128,275.4974,278.9229
2001-07-20,289.4648,289.69797,287.85144,290.6786,291.3343,288.57925
2001-07-21,228.7189,222.07231,220.03812,232.54521,225.92441,223.26996
2001-07-22,288.80804,290.02872,287.21518,296.67932,298.18295,294.1809
2001-07-23,279.96805,274.0563,267.62,288.08487,282.0241,273.53116
2001-07-24,300.7505,302.71002,302.52643,301.10068,304.36502,304.3024
2001-07-25,325.31198,325.09268,325.632,324.62195,324.7708,325.03317
2001-07-26,306.64374,304.21906,301.56802,303.60776,301.0486,297.44662
2001-07-27,304.30612,302.77747,301.38306,305.47037,304.305,302.65308
2001-07-28,297.2604,297.12808,296.12766,296.4276,296.57803,294.923
2001-07-29,282.82544,283.73462,284.4199,282.90125,283.87973,284.1353
2001-07-30,227.54477,228.41055,230.48862,222.14516,222.6635,224.58496
2001-07-31,229.07196,232.85765,237.84015,218.66017,222.73528,228.2912
2001-08-01,217.6594,214.98076,211.80585,226.0516,222.1336,216.79498
2001-08-02,228.36864,226.21579,222.0528,239.10962,236.97484,232.32355
2001-08-03,203.72275,201.50705,199.06018,206.23412,203.8503,200.78369
2001-08-04,210.49277,211.08699,210.52422,206.20522,206.68709,205.8069
2001-08-05,243.05684,243.26106,240.04167,252.66055,253.17146,248.5578
2001-08-06,285.62158,284.3811,278.86218,289.67972,288.9185,282.5639
2001-08-07,266.905,265.56097,260.14447,265.28036,264.20828,259.06076
2001-08-08,214.36147,214.63179,215.14618,213.4267,213.67648,213.91483
2001-08-09,212.18599,210.42473,209.89816,210.70201,209.10425,208.47922
2001-08-10,237.49449,235.05676,231.93343,239.1545,237.22066,233.53767
2001-08-11,277.50192,275.15808,270.74957,278.56885,276.46725,272.1339
2001-08-12,267.4252,266.53024,265.3315,273.3184,272.72,271.1013
2001-08-13,236.32164,236.75697,237.6358,233.72963,234.56699,235.36266
2001-08-14,209.7256,210.35301,211.5135,205.6441,206.0896,206.95555
2001-08-15,243.66232,243.41359,243.98149,239.24329,239.37439,240.23668
2001-08-16,248.80817,251.42029,251.6116,249.36116,252.13977,252.1834
2001-08-17,280.71448,280.39462,278.9931,276.76404,276.73523,275.41995
2001-08-18,275.4414,274.00674,271.728,279.8036,278.28525,274.63046
2001-08-19,243.15277,245.0914,245.91898,243.53206,245.16939,245.50005
2001-08-20,242.58492,241.21368,239.87093,255.7144,254.24896,252.40283
2001-08-21,201.19432,198.96179,196.65541,204.31723,202.06537,199.4446
2001-08-22,227.60681,224.17961,218.96286,226.39978,222.42734,217.01987
2001-08-23,238.75209,239.60548,237.52322,226.11467,227.64688,225.8122
2001-08-24,233.81322,239.13081,242.5691,224.1094,229.98389,234.46349
2001-08-25,201.26575,203.04533,206.3456,196.9419,198.56966,202.55641
2001-08-26,206.53584,203.37135,199.97253,194.33084,190.74309,188.49419
2001-08-27,263.80792,264.17148,259.48834,262.87717,264.92575,261.64737
2001-08-28,270.7484,269.82352,268.6004,269.39743,268.52948,267.46182
2001-08-29,269.09387,267.70227,265.9731,268.24777,266.93274,265.4133
2001-08-30,246.3296,246.74088,245.8863,242.51361,243.53554,243.57298
2001-08-31,198.00642,198.60585,199.65169,183.33138,184.1281,185.93211
2001-09-01,219.9029,218.90782,216.94272,216.57141,215.4563,213.68842
2001-09-02,225.50195,223.68097,222.01665,224.51059,222.74823,221.145
2001-09-03,243.04082,240.35918,236.74811,246.1704,243.62086,239.62396
2001-09-04,238.72433,236.65825,234.88881,235.91454,233.71437,231.96217
2001-09-05,244.93248,243.25146,241.25319,243.8676,242.18135,240.32402
2001-09-06,238.86935,237.79576,236.7746,236.09167,235.10574,234.5891
2001-09-07,238.83351,237.86572,237.15416,238.11026,237.19788,236.58304
2001-09-08,240.42374,238.9907,236.45993,243.15811,241.5526,238.73486
2001-09-09,195.8229,193.61563,189.03864,205.94551,203.93944,199.7606
2001-09-10,250.45601,251.47426,251.62415,247.4784,248.83815,249.46027
2001-09-11,254.6376,252.76624,250.49161,258.10593,256.50082,254.85814
2001-09-12,259.78677,258.5716,257.00226,259.40167,258.07422,256.6412
2001-09-13,242.59816,241.47404,240.58102,249.08838,247.7086,246.4051
2001-09-14,240.35004,239.84349,239.25128,237.33295,237.10191,237.05376
2001-09-15,229.47935,229.53658,228.04257,229.41466,229.37767,228.23349
2001-09-16,170.82846,172.17331,171.27455,175.15897,176.29485,175.65137
2001-09-17,166.4243,167.39159,171.82274,167.71295,168.24226,172.75809
2001-09-18,156.86406,151.68604,148.35774,153.72368,147.56186,143.62556
2001-09-19,149.95845,147.11746,147.42679,149.67126,145.68391,145.43976
2001-09-20,140.64719,140.60835,140.67093,140.53455,140.25697,139.77948
2001-09-21,165.91858,162.7184,158.07614,167.78865,164.52187,159.8128
2001-09-22,216.01312,212.86836,209.18307,216.34837,213.53795,210.7471
2001-09-23,226.26294,224.98013,223.12878,224.18022,223.26244,222.10594
2001-09-24,231.97842,230.60025,228.1742,231.05515,229.95274,227.90039
2001-09-25,227.26756,225.16354,222.73122,228.01123,225.94127,223.5634
2001-09-26,190.76506,189.00546,187.34575,185.9204,183.96432,182.14154
2001-09-27,219.79074,217.23956,213.52434,218.71211,216.26733,212.87329
2001-09-28,217.47643,214.97285,211.30814,217.10478,214.6271,210.97714
2001-09-29,192.26562,191.53519,190.4394,187.56685,186.92226,186.13402
2001-09-30,183.56052,182.34564,179.87254,187.28877,185.95586,183.2373
2001-10-01,222.05577,220.25542,217.41316,220.76357,219.27293,216.88425
2001-10-02,226.70177,224.9181,222.79704,226.33711,224.63075,222.6824
2001-10-03,220.40059,218.70074,216.626,219.59265,217.94182,216.02223
2001-10-04,208.23448,207.63264,206.1696,205.90384,205.55121,204.31357
2001-10-05,185.93513,184.64972,183.4962,184.33076,183.22722,182.3484
2001-10-06,202.49913,200.73601,198.47935,201.96724,200.39558,198.37175
2001-10-07,198.65639,198.46411,194.88843,197.97572,197.82768,194.22095
2001-10-08,165.00374,163.0495,161.0004,165.48228,163.47307,161.05463
2001-10-09,189.99667,187.96349,185.19524,190.36394,188.02222,184.8525
2001-10-10,185.8154,183.52696,180.55032,186.46686,183.98326,180.7653
2001-10-11,151.25735,149.84007,149.11813,150.84384,149.39383,148.86182
2001-10-12,197.51845,195.4626,192.1367,196.17046,194.17313,190.71002
2001-10-13,198.6701,197.06488,195.13107,197.90009,196.37213,194.46742
2001-10-14,149.68555,149.70488,149.62195,145.34528,145.58844,145.49438
2001-10-15,150.93901,150.82552,150.38687,148.00151,148.32434,148.46442
2001-10-16,182.40811,181.6358,179.04396,180.2126,179.61037,177.72752
2001-10-17,175.49304,173.54295,169.18108,175.46008,173.24164,168.3766
2001-10-18,142.1459,140.32826,139.76299,143.37343,141.6016,140.80132
2001-10-19,137.07434,137.57773,136.96257,135.29391,135.62056,134.62195
2001-10-20,137.39825,137.4815,137.24661,137.19676,137.36186,137.1894
2001-10-21,141.9287,141.26811,140.57568,142.8886,142.47311,141.8087
2001-10-22,83.134766,83.399055,86.646385,82.05212,81.16764,83.29081
2001-10-23,147.78201,146.61418,144.99323,143.39787,142.43675,140.90034
2001-10-24,175.15729,174.35757,173.59074,173.65067,172.99126,172.28871
2001-10-25,166.17317,164.20592,160.9848,165.20012,163.49916,160.73628
2001-10-26,140.90973,138.73503,136.98592,144.40558,142.29112,140.20706
2001-10-27,162.01157,161.04822,159.4522,158.85849,158.37047,157.86421
2001-10-28,165.48892,164.7371,163.90738,163.37787,162.79283,162.04436
2001-10-29,118.32209,117.641624,116.72088,117.5222,116.574356,115.239265
2001-10-30,103.86908,105.32119,107.76747,100.51545,102.00982,104.79275
2001-10-31,155.16731,154.42343,152.23584,152.94086,151.84247,150.04396
2001-11-01,119.10431,117.9648,116.11858,121.91298,120.967125,119.54083
2001-11-02,82.73974,80.94768,78.37475,81.44003,79.655,77.21409
2001-11-03,117.08372,118.0817,119.78372,115.420845,116.31001,117.85268
2001-11-04,143.26245,143.18626,141.47758,146.00449,145.86781,144.3293
2001-11-05,100.46909,103.63986,104.96929,103.3626,106.71681,107.71083
2001-11-06,85.569145,85.42109,88.033195,84.65777,84.73048,88.30749
2001-11-07,82.976746,84.1606,85.0715,82.55247,83.658646,84.58214
2001-11-08,103.59824,99.933304,96.32881,99.87682,96.15808,92.84539
2001-11-09,106.033035,106.363174,105.00002,104.29957,104.775085,103.692154
2001-11-10,119.31435,119.44466,117.746666,118.55768,119.05591,117.3316
2001-11-11,106.21668,105.853676,104.00191,103.65032,103.21721,101.41094
2001-11-12,121.254486,121.93773,122.50034,119.19267,120.00697,120.606255
2001-11-13,117.66507,117.176414,116.932175,118.3669,118.59883,118.455055
2001-11-14,135.70984,133.23688,129.96608,136.52568,134.30634,131.29216
2001-11-15,88.36055,88.03856,86.88607,88.089516,87.71605,86.56714
2001-11-16,128.47673,126.87072,123.42908,125.530464,123.91911,120.64723
2001-11-17,118.465485,117.9037,115.9909,111.51933,111.0814,109.483
2001-11-18,120.51268,119.60492,118.39122,115.21109,114.73216,114.644806
2001-11-19,132.46681,132.90425,132.11961,130.15746,130.85196,130.42592
2001-11-20,127.54616,125.84096,122.55246,127.91037,126.27183,122.94144
2001-11-21,132.55022,131.34428,129.64433,131.67021,130.1858,128.23248
2001-11-22,131.81216,129.85913,127.46237,133.59535,132.04407,130.0203
2001-11-23,93.12393,92.81498,91.349075,92.51859,92.16868,90.71823
2001-11-24,60.7307,61.801804,63.3435,59.16844,59.920135,61.177162
2001-11-25,55.13525,53.127033,51.39342,57.48206,55.405796,53.481728
2001-11-26,60.73779,61.091633,63.481712,57.754585,58.575653,61.77579
2001-11-27,103.36407,102.322525,101.37744,101.58288,100.70743,100.06456
2001-11-28,105.398,105.615425,104.806465,103.8564,103.915726,102.80753
2001-11-29,112.59359,111.89965,110.59364,110.25742,109.52426,108.15809
2001-11-30,111.4306,110.17427,108.04352,112.783134,111.816666,110.09113
2001-12-01,92.96263,91.63938,89.19952,98.13227,96.809814,94.460915
2001-12-02,82.45175,82.255356,82.69008,83.44185,82.63076,82.52866
2001-12-03,64.673546,63.523712,63.312664,63.967857,62.42537,61.654934
2001-12-04,52.21799,51.017773,50.664814,50.208275,49.128765,48.945206
2001-12-05,106.78877,106.38212,105.50915,106.58507,106.24388,105.05403
2001-12-06,97.11779,96.00543,93.52976,96.73427,96.120674,93.76569
2001-12-07,89.86793,89.066986,88.10655,90.23152,89.44105,88.64953
2001-12-08,84.96478,84.43472,85.033325,84.39843,83.54019,84.246994
2001-12-09,89.58199,88.964005,90.0264,91.3132,90.59288,91.32724
2001-12-10,55.662937,57.21746,58.418266,55.922993,57.50558,58.660168
2001-12-11,57.758728,55.524693,52.880554,53.628113,52.05612,50.00924
2001-12-12,89.24209,89.225136,89.11278,86.511696,86.65161,86.473495
2001-12-13,94.00953,93.62613,93.18809,92.24782,91.816444,91.43311
2001-12-14,103.44898,102.173096,100.44779,102.4494,101.19939,99.482864
2001-12-15,97.30846,97.006744,95.86698,96.44021,96.3023,95.161156
2001-12-16,100.54266,99.48978,98.6615,98.263626,97.54499,97.3062
2001-12-17,108.422905,107.94718,106.64891,106.37158,106.35405,105.770645
2001-12-18,107.0291,105.5865,103.71394,105.01223,103.68835,102.07129
2001-12-19,111.63221,110.66526,109.45047,110.3846,109.4484,108.20334
2001-12-20,105.73594,104.41296,102.70851,104.597435,103.58518,102.34668
2001-12-21,106.56264,105.65989,104.97808,105.36755,104.57667,103.99531
2001-12-22,66.15394,66.687515,67.397736,68.49703,69.2927,70.304306
2001-12-23,55.054173,53.33734,51.02096,52.402092,51.055588,49.197796
2001-12-24,107.12121,103.727,97.57459,106.2667,102.71339,96.133575
2001-12-25,108.09863,106.89072,102.07156,106.757454,105.938385,101.20493
2001-12-26,98.92706,98.41229,97.87957,98.11085,97.64434,96.969086
2001-12-27,66.00449,65.24022,64.086426,65.18472,64.705086,63.94521
2001-12-28,87.84825,84.14225,79.33758,89.8906,86.32404,81.45299
2001-12-29,108.59492,107.93661,107.116646,107.51353,106.86089,105.92628
2001-12-30,94.08849,92.77715,90.307175,96.61517,95.48466,92.72313
2001-12-31,101.7744,100.66651,99.47129,100.304306,99.15895,97.947464
2002-01-01,81.030205,79.00434,76.94142,79.4916,77.382614,75.40638
2002-01-02,117.39905,117.052444,116.28852,115.88478,115.58125,114.78431
2002-01-03,85.30512,85.47016,85.226074,86.42271,86.55825,86.222145
2002-01-04,111.608345,111.290146,110.45411,108.94179,108.8337,108.42645
2002-01-05,79.1576,78.119804,76.90698,78.619865,77.64521,76.56923
2002-01-06,113.29518,112.92619,112.49767,112.01219,111.73847,111.37707
2002-01-07,87.22753,85.68627,83.952995,85.17603,83.75521,82.38694
2002-01-08,95.89479,94.18314,91.15092,92.79291,91.14144,88.10574
2002-01-09,104.683044,103.255066,102.51494,100.32731,99.24484,99.51295
2002-01-10,96.81878,96.10317,95.11608,95.81425,95.04072,94.02866
2002-01-11,51.715454,51.25476,50.30555,51.591927,51.122746,50.21178
2002-01-12,127.87025,126.1182,123.98016,128.90547,127.34171,125.24065
2002-01-13,119.96992,119.006165,117.92837,115.58233,114.71625,114.140366
2002-01-14,133.93913,132.67017,131.29153,132.4794,131.37169,130.33455
2002-01-15,122.7455,122.209404,121.38487,122.64382,122.11087,121.203094
2002-01-16,93.454956,93.68717,93.734955,89.12913,89.440384,89.64976
2002-01-17,87.54681,87.34745,86.268936,84.74845,84.91038,84.74385
2002-01-18,71.27598,70.161476,68.32636,70.66485,69.771454,68.17862
2002-01-19,63.836075,63.05543,61.885647,63.897457,63.128952,61.823006
2002-01-20,65.93512,65.15405,64.01925,65.80609,65.260796,64.43486
2002-01-21,136.91898,134.93001,132.29605,136.51398,134.75642,132.43292
2002-01-22,122.82436,121.8886,120.44692,121.19709,120.29218,118.93776
2002-01-23,122.63849,122.10866,121.15253,128.42383,127.80881,126.804726
2002-01-24,93.50541,93.275246,92.83004,96.42017,95.78243,94.53623
2002-01-25,67.836555,66.006294,65.585724,66.79781,64.04041,62.85868
2002-01-26,58.634003,56.952682,55.486313,58.732456,57.256153,56.16626
2002-01-27,61.638664,59.521885,57.858116,63.612865,61.392986,59.603878
2002-01-28,116.336334,115.083,113.1526,117.92327,116.66302,114.73474
2002-01-29,77.127106,74.13199,72.4364,76.8827,74.10093,72.52431
2002-01-30,131.70547,131.448,131.8326,133.55923,133.32489,133.50694
2002-01-31,149.60725,149.00235,148.44159,153.0067,152.46968,151.29517
2002-02-01,155.31898,154.16887,151.3221,155.57124,154.18634,151.49449
2002-02-02,85.68111,83.73285,81.13857,86.99402,85.22536,83.19279
2002-02-03,73.66633,72.57715,70.80096,74.24305,73.32721,71.77391
2002-02-04,155.0107,152.97086,149.84927,154.25752,152.32751,149.50366
2002-02-05,164.90553,163.43553,161.39186,163.99803,162.6365,160.79027
2002-02-06,61.040577,58.70193,57.019432,64.06684,61.799576,59.903324
2002-02-07,116.48461,115.61029,113.90611,114.69269,114.22895,113.039894
2002-02-08,176.26971,174.81598,172.56235,175.41435,173.9204,171.69879
2002-02-09,162.3614,162.03856,161.70862,161.9985,161.62231,161.45148
2002-02-10,178.13234,176.67493,174.90063,177.40811,175.92299,174.14232
2002-02-11,132.41832,132.93657,132.42813,128.37405,129.05447,128.6678
2002-02-12,149.63828,148.5284,147.22015,153.559,152.24951,150.66621
2002-02-13,159.86044,157.12372,154.04193,157.84506,155.04637,151.93353
2002-02-14,129.29916,129.03839,129.12434,123.03261,123.14009,123.711464
2002-02-15,130.6171,128.74571,126.303925,133.01056,131.08997,128.32794
2002-02-16,130.07394,127.95931,124.5859,132.0962,130.00407,126.36933
2002-02-17,151.61386,148.91351,146.28673,153.17519,150.5641,147.99748
2002-02-18,108.15439,107.34068,106.47803,108.77187,107.55553,106.29293
2002-02-19,157.46983,157.36845,158.97107,152.56454,152.52827,154.49875
2002-02-20,156.58018,154.38193,152.2994,152.4174,149.92119,147.48341
2002-02-21,148.0105,148.1151,147.92474,143.50241,144.04187,144.5523
2002-02-22,184.8664,182.2755,178.70573,186.70415,184.24763,180.35272
2002-02-23,133.26521,133.33261,133.31625,137.329,137.39388,137.54254
2002-02-24,87.0665,86.324005,85.82252,87.68532,87.15596,86.83365
2002-02-25,138.33142,133.63504,128.04004,137.12747,132.9117,128.19232
2002-02-26,199.2261,196.3031,191.8935,196.03635,193.43391,190.29628
2002-02-27,146.06003,142.29796,138.35393,145.23973,141.41422,137.48886
2002-02-28,212.17502,207.35823,198.58482,213.56131,208.79196,200.33015
2002-03-01,107.33744,105.791695,104.25315,110.44298,108.69479,106.50715
2002-03-02,95.643906,93.67873,91.95803,96.7197,95.15751,93.9381
2002-03-03,136.91461,136.03062,134.2035,134.18755,133.3603,131.508
2002-03-04,215.82758,212.2839,208.25584,216.26685,212.6661,208.0405
2002-03-05,185.28566,186.99104,187.9866,180.74168,182.34047,183.3697
2002-03-06,160.339,158.73253,157.40388,161.01527,159.27673,156.98325
2002-03-07,184.86609,184.43166,182.06099,183.57191,183.1996,180.50133
2002-03-08,132.12291,125.357216,120.48542,131.1886,124.63908,119.8838
2002-03-09,197.5868,195.29028,193.00168,195.78622,193.77676,191.45522
2002-03-10,230.64438,227.12631,222.05157,228.47787,225.72748,222.17853
2002-03-11,126.80054,127.97385,128.91858,130.69717,131.9088,132.67938
2002-03-12,225.07506,222.7904,217.46017,225.4442,222.88965,216.34937
2002-03-13,192.74135,190.89445,187.6626,188.0432,186.25024,182.70238
2002-03-14,233.11957,230.82669,227.27872,229.84818,228.05989,225.08424
2002-03-15,248.91176,247.12926,245.62521,246.56387,245.0155,243.63316
2002-03-16,255.60649,252.20212,246.32985,255.66983,253.74582,250.07152
2002-03-17,155.31789,154.77791,153.45868,158.55302,158.35838,157.31905
2002-03-18,160.95515,154.2023,148.19873,160.92992,154.85878,148.82726
2002-03-19,209.66095,211.42305,215.29701,208.02977,210.30849,213.92795
2002-03-20,227.1865,227.61658,230.59975,233.96825,234.62259,236.37198
2002-03-21,198.43036,194.26782,186.27702,201.1162,197.59952,189.07803
2002-03-22,152.50824,154.44876,157.30713,156.70595,158.69615,161.16135
2002-03-23,237.11368,235.3831,234.2072,229.46701,227.92038,226.86215
2002-03-24,178.6844,182.26814,187.68579,181.39722,184.41763,188.74858
2002-03-25,124.520615,124.31054,125.04029,125.6931,125.082985,124.70727
2002-03-26,91.84288,90.42853,90.54338,94.310684,92.53857,92.113106
2002-03-27,148.49455,142.5362,135.06673,154.94188,149.25206,141.12076
2002-03-28,262.69904,262.78925,262.19153,259.214,259.1089,258.51498
2002-03-29,258.02817,257.02014,255.34026,253.89786,253.54976,253.1207
2002-03-30,233.4718,228.05911,222.2165,242.9217,237.72862,231.31516
2002-03-31,95.96615,93.816185,92.063,96.21035,94.36237,92.82914
2002-04-01,121.26812,118.79347,115.773964,125.68217,123.12201,119.634254
2002-04-02,121.94568,122.880035,121.11102,116.50515,117.389595,115.845024
2002-04-03,212.83325,209.64233,206.70898,198.16785,195.15448,192.82362
2002-04-04,176.66957,175.87764,174.39502,185.40143,184.9865,183.99673
2002-04-05,200.20776,201.82892,202.37576,185.83226,188.06412,190.45456
2002-04-06,237.22719,238.07231,236.40553,235.3734,237.08801,236.02852
2002-04-07,206.01494,205.13394,206.73117,204.53209,204.4134,207.63098
2002-04-08,275.60052,274.10104,270.9869,270.29935,269.05054,266.54547
2002-04-09,135.5625,134.50394,134.43369,138.44682,137.22282,137.2668
2002-04-10,284.48914,283.02097,279.3951,285.3632,284.68002,282.40756
2002-04-11,249.45514,252.84094,253.28851,261.90372,266.44138,266.2963
2002-04-12,192.95679,189.04861,184.8106,202.71985,198.61058,193.14668
2002-04-13,280.58945,279.3218,276.87088,281.27396,280.11652,277.71622
2002-04-14,260.9341,258.55917,254.26498,256.15225,253.91637,249.76779
2002-04-15,272.7191,270.2736,265.63055,274.24918,272.13574,268.3043
2002-04-16,295.9301,294.667,293.8567,298.256,297.02713,296.25842
2002-04-17,207.00418,207.78745,210.05669,191.28955,192.60854,196.25598
2002-04-18,168.17662,170.3821,173.47787,177.4716,179.15862,181.19562
2002-04-19,215.99901,216.27612,212.63127,212.89949,213.08975,209.33943
2002-04-20,242.61606,242.03249,241.87825,239.39526,238.50069,238.89182
2002-04-21,211.2076,213.33455,217.03046,209.52856,211.56792,215.84834
2002-04-22,101.21795,100.191505,99.81382,103.06211,102.32329,102.45119
2002-04-23,149.03514,149.85709,150.18974,139.66861,140.11882,140.92937
2002-04-24,157.91693,158.40172,157.78773,148.23022,148.62773,148.94028
2002-04-25,261.57782,261.10724,261.7303,257.24265,257.15427,259.05664
2002-04-26,242.2075,247.4405,253.75078,229.99695,235.32018,243.64668
2002-04-27,214.5316,209.65152,205.38437,207.23613,202.62172,199.09875
2002-04-28,267.80664,265.1432,262.69675,273.1813,270.7082,268.95203
2002-04-29,259.72214,252.95284,243.03018,257.84387,250.86604,241.32558
2002-04-30,254.96971,253.93723,249.9779,258.39252,257.56418,254.35599
2002-05-01,263.5264,263.81668,260.74457,271.44354,271.89658,268.84097
2002-05-02,217.39879,216.31522,215.44675,235.37329,234.03822,233.7787
2002-05-03,268.4142,267.45016,265.28708,279.24854,278.58145,277.2893
2002-05-04,323.53687,321.76993,318.01843,324.24774,322.913,321.22357
2002-05-05,247.52129,247.03941,249.0974,238.10185,236.86275,239.4992
2002-05-06,263.03952,266.372,269.0558,263.15375,266.51318,269.29327
2002-05-07,277.73758,273.21216,266.82343,284.22595,278.12393,271.03488
2002-05-08,259.20654,254.6404,249.40501,269.82095,264.8686,260.2658
2002-05-09,227.64185,222.51787,217.06482,233.78302,227.83267,222.85114
2002-05-10,287.33472,284.93008,280.4601,290.07498,287.50174,283.52515
2002-05-11,319.36868,318.43274,315.58994,318.20407,317.05307,315.36273
2002-05-12,324.2029,323.66748,321.66248,324.59787,323.3622,321.86572
2002-05-13,299.85495,300.30634,300.0845,302.7951,302.67886,303.15485
2002-05-14,164.35687,163.54332,162.17195,170.95619,170.00656,168.85483
2002-05-15,225.4489,230.72069,240.392,226.9422,232.20743,243.46118
2002-05-16,189.14043,190.01459,191.6126,188.75781,188.93755,190.60422
2002-05-17,238.8874,237.67677,239.60104,237.6681,236.16919,238.8906
2002-05-18,276.962,274.37717,268.81946,284.02652,280.83328,274.98334
2002-05-19,271.6116,270.77313,272.1154,267.42612,266.50308,268.80704
2002-05-20,372.0872,372.72623,371.16058,373.19458,373.18558,372.53986
2002-05-21,282.70526,283.60092,284.78683,282.63074,283.34924,285.08572
2002-05-22,227.56914,225.50496,222.42023,224.84753,222.76842,220.48148
2002-05-23,274.55057,272.3764,271.45126,276.8763,273.8182,273.19107
2002-05-24,328.42166,328.83655,327.93997,348.2066,347.41635,346.16788
2002-05-25,284.65762,286.3169,289.43463,295.82227,296.20203,299.54626
2002-05-26,292.41443,289.7559,284.70547,302.2315,299.80975,296.21307
2002-05-27,328.55316,327.44247,323.6417,343.70624,341.87466,338.52808
2002-05-28,358.53748,359.97452,361.01767,359.67737,360.55527,362.1362
2002-05-29,350.29047,353.18356,352.3443,352.50793,354.5893,353.6501
2002-05-30,353.21933,353.69717,352.08295,359.33908,359.3183,358.72403
2002-05-31,253.40065,251.29796,249.58662,261.6238,258.76907,256.43765
2002-06-01,379.97107,380.43033,379.12274,380.69424,380.3472,379.52182
2002-06-02,373.57703,373.74933,372.25092,375.37277,374.9476,374.04617
2002-06-03,340.62106,340.80606,337.65555,340.25394,339.9386,337.10733
2002-06-04,240.94954,239.68584,237.82275,239.94107,238.34961,237.12321
2002-06-05,255.48228,252.84105,250.0038,258.21765,255.5705,253.89017
2002-06-06,251.93704,253.12799,250.98,257.7907,258.44293,255.87167
2002-06-07,261.70422,261.25363,256.64777,256.47305,255.49846,250.88615
2002-06-08,301.55353,297.1201,283.9958,290.3376,286.00354,274.59494
2002-06-09,248.92355,250.0433,251.22456,236.86044,237.05132,239.26846
2002-06-10,353.16476,356.18338,357.97772,344.9186,347.8587,350.6793
2002-06-11,362.96063,362.97964,361.91895,366.27853,365.7682,364.2671
2002-06-12,284.06293,286.40457,286.1651,284.35757,286.14737,286.16776
2002-06-13,241.33154,241.68802,241.85193,241.71954,240.35919,239.5011
2002-06-14,239.06863,236.4249,233.78111,253.9102,250.42117,247.19542
2002-06-15,258.67752,258.09158,254.91408,267.44672,266.15018,262.83344
2002-06-16,292.84015,289.533,284.36417,286.3755,282.78244,278.30005
2002-06-17,246.03381,247.03964,246.13817,248.19951,249.05336,248.61813
2002-06-18,269.03085,272.35797,274.879,271.5039,274.4492,276.8213
2002-06-19,222.15068,222.94963,229.93785,228.91792,230.54434,238.75433
2002-06-20,304.07306,300.27487,291.7836,307.5792,303.19397,294.34113
2002-06-21,270.4284,264.24954,262.85178,274.7045,268.36887,266.35168
2002-06-22,328.15936,326.34598,323.68576,333.1889,331.32193,328.56714
2002-06-23,304.55304,306.14923,306.26056,305.3701,306.9868,306.4427
2002-06-24,282.6302,283.45758,283.96097,284.6945,285.56876,285.98782
2002-06-25,260.94443,264.62582,267.23944,263.9788,267.5766,269.5817
2002-06-26,325.99893,322.30035,319.46683,333.39752,329.8625,326.50067
2002-06-27,211.94626,215.51688,222.24527,210.5946,213.45601,219.60425
2002-06-28,268.41693,265.8011,261.55038,267.7396,265.37732,261.37363
2002-06-29,272.3208,264.63382,260.18896,271.24695,263.32434,258.53903
2002-06-30,277.89307,274.80817,273.47836,282.7799,279.26743,277.30743
2002-07-01,327.60495,327.96417,327.23245,333.90417,334.94644,334.05676
2002-07-02,231.45195,234.05074,237.51656,220.33578,222.76349,226.20494
2002-07-03,332.99695,333.7085,333.1225,323.94565,324.53046,323.14078
2002-07-04,314.76007,313.58047,313.73547,328.67233,328.1423,328.10916
2002-07-05,243.77155,247.03313,261.70926,238.10167,240.5561,255.56879
2002-07-06,329.81677,332.2689,333.83344,322.52292,325.97772,328.58478
2002-07-07,233.23413,230.5838,229.02544,233.06987,229.77287,227.66791
2002-07-08,257.67685,256.6629,257.15012,245.5978,244.90218,245.96803
2002-07-09,313.66562,315.2034,316.85736,313.6479,315.2964,316.2268
2002-07-10,296.9127,298.24796,301.37817,296.86075,297.96146,300.50034
2002-07-11,293.14395,294.99283,296.43906,296.73932,298.47424,298.5203
2002-07-12,284.69034,286.75195,287.68237,287.44183,289.95782,290.97318
2002-07-13,246.38893,249.27153,252.15398,237.96191,241.05396,243.41267
2002-07-14,287.40704,288.6026,288.61838,280.06857,280.9022,280.3209
2002-07-15,307.52457,306.70334,305.9218,305.5122,304.8719,303.59973
2002-07-16,318.47763,318.83224,319.4943,317.25998,317.67938,317.63306
2002-07-17,319.20743,319.46945,320.23264,319.18683,319.6962,319.98575
2002-07-18,313.91055,315.6514,317.0884,315.42523,317.22803,317.8746
2002-07-19,286.4151,287.63962,287.93372,292.0916,293.7899,293.2961
2002-07-20,270.0808,270.46432,273.131,263.77225,264.79214,268.17636
2002-07-21,300.9186,299.80157,297.22827,298.97885,298.13885,294.8326
2002-07-22,287.77716,288.1359,287.77228,285.26144,286.57095,286.93765
2002-07-23,200.74133,204.01758,207.4805,198.01752,201.45341,204.49153
2002-07-24,220.4121,222.78458,224.96756,213.49654,215.35387,216.73723
2002-07-25,299.15152,298.14294,298.20648,308.53217,307.60226,306.47156
2002-07-26,228.00314,221.90146,217.4994,236.64859,230.03444,223.80658
2002-07-27,271.63333,269.64203,269.4365,280.3954,277.88266,276.72815
2002-07-28,262.53027,262.98523,263.2123,280.0657,280.61746,279.99582
2002-07-29,276.32913,274.35962,272.48856,284.42822,282.3937,279.15564
2002-07-30,241.76929,240.82785,239.78929,243.72342,242.10974,239.97926
2002-07-31,232.8312,230.41597,227.45602,231.6389,228.85414,225.04329
2002-08-01,256.24106,256.98154,255.67921,253.44257,254.54526,253.64825
2002-08-02,204.54147,203.74329,203.32477,205.64255,204.95543,204.0021
2002-08-03,261.4052,254.74153,246.29733,275.98148,269.44516,259.25012
2002-08-04,273.0241,269.3856,264.0087,276.41513,273.0773,266.85315
2002-08-05,231.05916,232.37654,233.44185,226.39754,227.7169,229.00456
2002-08-06,250.35927,250.17589,250.09169,247.67433,247.7433,247.71745
2002-08-07,224.24985,227.29546,229.47455,214.50807,218.1938,221.14998
2002-08-08,186.58533,186.1156,184.95456,177.62831,176.68336,175.58685
2002-08-09,170.12498,167.31688,166.63522,168.58813,165.80434,164.85
2002-08-10,249.4456,246.71008,240.33905,254.72188,252.32672,245.4641
2002-08-11,200.89322,199.24974,197.4721,200.69136,198.75891,196.43358
2002-08-12,227.56378,221.45587,215.1928,241.54259,234.43706,226.38188
2002-08-13,250.85219,246.49521,241.62993,266.87564,262.34268,255.7164
2002-08-14,262.43958,259.4073,255.922,272.55472,269.52133,264.69705
2002-08-15,270.31116,269.1867,267.49332,268.99542,268.11908,266.54428
2002-08-16,257.11835,252.07957,242.93451,261.66656,256.9158,247.26273
2002-08-17,260.63525,258.646,255.24965,265.36673,263.14496,259.19647
2002-08-18,242.64603,245.96066,249.25146,246.99753,250.53743,253.49408
2002-08-19,238.63597,239.46312,236.9721,247.47974,248.13391,244.4363
2002-08-20,209.86035,209.07375,208.17322,214.82242,214.09718,212.7243
2002-08-21,194.532,193.12529,190.62115,193.05423,191.45743,188.64154
2002-08-22,218.33427,217.4872,216.2119,210.5003,210.11206,209.20949
2002-08-23,212.47594,214.7217,216.32483,208.59781,211.17607,212.96005
2002-08-24,293.12076,291.96625,290.4346,293.10345,292.05243,290.6909
2002-08-25,283.4832,279.9117,273.41718,282.8092,279.89465,274.74594
2002-08-26,268.61478,267.61526,266.28204,270.41656,269.8327,268.98843
2002-08-27,258.66727,256.25284,250.51653,260.14462,256.67233,248.84572
2002-08-28,243.97798,242.88606,241.659,246.62738,245.63792,244.1785
2002-08-29,217.70464,218.7087,218.14746,213.59637,214.53154,214.29
2002-08-30,242.56969,241.28581,239.23653,244.73177,242.959,240.32687
2002-08-31,203.64575,203.99048,205.17831,202.55386,202.45723,203.69627
2002-09-01,219.63853,219.76553,218.0999,218.19206,218.52745,217.31853
2002-09-02,218.9405,219.55638,222.08182,223.01105,223.87929,226.9507
2002-09-03,270.968,269.35938,266.11816,271.205,269.74136,267.22626
2002-09-04,258.61157,257.70407,256.6642,258.99982,258.11728,257.2174
2002-09-05,255.10744,253.73027,251.14607,255.6535,253.95334,250.85666
2002-09-06,235.43149,234.96722,234.9885,232.73093,232.13048,232.56316
2002-09-07,245.45398,244.04718,242.11865,244.34409,243.06406,241.64859
2002-09-08,237.60718,236.96176,236.40985,239.41077,238.797,238.24124
2002-09-09,229.56648,229.72043,228.10966,229.73933,229.63817,228.06754
2002-09-10,145.68767,142.3379,140.52364,147.65141,144.00703,142.19771
2002-09-11,219.19913,219.36853,217.0814,217.18549,217.56808,215.5771
2002-09-12,160.40355,159.97775,162.76859,154.75345,154.20496,156.78938
2002-09-13,199.63686,201.31973,199.47137,200.2177,201.19177,198.27295
2002-09-14,201.97713,204.50291,206.81654,209.66171,211.30429,212.8571
2002-09-15,222.89253,216.94438,206.49165,226.2301,220.36865,210.09048
2002-09-16,255.52737,254.52249,252.97316,255.59636,254.44377,253.14218
2002-09-17,258.2351,256.3233,253.53249,258.317,256.75488,254.8136
2002-09-18,248.55229,245.5925,241.25002,250.76924,248.81432,246.20384
2002-09-19,205.76291,200.15833,194.93318,219.46428,214.03023,207.96518
2002-09-20,146.11438,142.81793,139.73431,147.86574,144.24458,140.84927
2002-09-21,195.55986,192.9881,188.93103,194.45924,191.76503,187.8093
2002-09-22,228.63412,225.60503,220.80156,228.24649,225.3328,220.82523
2002-09-23,221.78273,220.24596,218.26425,220.14464,218.67351,216.90445
2002-09-24,219.00351,216.31389,212.66125,218.11803,215.45633,211.99686
2002-09-25,210.14326,207.6236,204.78383,212.79655,210.5933,207.86612
2002-09-26,202.32669,199.55568,196.3433,208.20256,205.5679,202.14333
2002-09-27,184.67192,183.6652,182.53236,180.14424,179.36676,178.70638
2002-09-28,195.40163,195.21527,195.73755,195.73466,195.78082,196.94925
2002-09-29,159.32745,165.53256,171.92831,158.87534,165.18582,171.68155
2002-09-30,157.9298,159.32793,165.14908,149.57968,150.91032,157.72337
2002-10-01,192.71959,190.764,189.38023,191.25568,189.38724,188.2602
2002-10-02,169.51802,167.63411,165.53357,174.07079,171.92285,169.28995
2002-10-03,201.82913,199.95178,197.69516,201.79196,199.95203,197.69037
2002-10-04,192.61479,190.19392,186.68987,194.7963,192.35214,188.67091
2002-10-05,181.97128,179.55028,176.48112,183.55214,180.5776,176.91684
2002-10-06,190.90726,188.125,184.44522,192.41434,189.74037,185.9376
2002-10-07,175.49738,173.74625,171.10637,176.72578,174.92282,171.82448
2002-10-08,180.70029,176.47736,169.71292,183.43457,178.74892,170.61382
2002-10-09,150.19681,148.67177,148.42351,147.48059,144.75375,144.15788
2002-10-10,192.59424,189.89497,186.21959,193.83147,191.23253,187.33145
2002-10-11,189.29417,190.15805,190.10658,189.13474,190.21042,190.03142
2002-10-12,179.56721,179.3081,178.21477,177.1705,177.0746,175.84662
2002-10-13,160.95755,161.24568,161.11119,159.90773,160.38043,160.24072
2002-10-14,142.9839,142.21263,142.49088,138.79681,137.8993,138.3955
2002-10-15,146.51115,144.80702,142.16068,144.02596,142.8076,140.77797
2002-10-16,156.79825,155.88193,154.19016,154.39311,153.59227,151.61455
2002-10-17,153.74422,154.1662,154.76491,156.78386,157.31554,158.0328
2002-10-18,98.24762,99.821625,100.98797,100.660866,102.28507,103.63461
2002-10-19,156.63942,153.82031,148.17744,156.20227,153.34364,147.42238
2002-10-20,147.8487,146.0511,142.28453,151.09763,149.89412,145.36871
2002-10-21,155.80002,156.20299,157.25832,149.90068,150.90115,153.46779
2002-10-22,123.75187,122.94955,122.52609,122.11421,121.560814,121.39661
2002-10-23,66.517975,68.66867,71.324715,65.61105,67.27477,69.34804
2002-10-24,150.9714,150.377,148.38698,150.27554,149.9814,148.00877
2002-10-25,156.7246,155.93857,153.05846,158.72243,158.45723,155.66295
2002-10-26,117.39166,114.308624,112.73688,120.2149,116.94574,114.70909
2002-10-27,140.82571,140.48155,140.87506,134.35825,134.28355,135.37524
2002-10-28,157.43399,156.89621,156.73097,154.71735,154.38922,154.57887
2002-10-29,90.87634,91.89066,92.519936,91.230545,92.33552,93.290146
2002-10-30,66.190056,64.215416,63.042557,66.81959,64.93891,63.66813
2002-10-31,147.20486,145.81061,141.73811,147.83458,146.53549,142.10419
2002-11-01,138.54892,136.70984,135.53903,140.1414,138.72328,137.94766
2002-11-02,152.34258,151.34819,150.20354,151.91037,150.98245,149.75227
2002-11-03,144.12895,144.92888,144.80817,143.37042,144.44118,144.31358
2002-11-04,138.17915,138.19699,136.91675,135.93028,136.1713,134.90697
2002-11-05,52.371872,51.554672,51.1684,52.003803,51.040504,50.663
2002-11-06,123.497955,124.58397,124.90873,129.79532,131.24695,131.36703
2002-11-07,124.171715,123.87277,124.47096,123.548134,123.56554,124.69421
2002-11-08,124.685234,123.18833,121.245125,129.20013,127.76124,125.83614
2002-11-09,61.69855,61.534077,61.73776,60.438175,60.1077,60.082783
2002-11-10,109.79026,107.859375,104.17553,111.869514,110.59304,107.270645
2002-11-11,119.92851,120.74456,120.53978,115.98604,117.20923,117.7629
2002-11-12,116.83722,116.61656,118.34263,115.1459,115.408134,117.98244
2002-11-13,109.799576,108.49305,106.61204,105.584305,104.834076,103.93833
2002-11-14,124.95251,124.23605,123.526344,119.34166,119.00097,119.436424
2002-11-15,143.37868,143.09235,141.57062,142.79575,142.65132,141.0479
2002-11-16,140.87473,139.5668,138.19366,138.90976,137.78603,136.79309
2002-11-17,141.1196,139.58742,137.55666,141.6182,140.15202,138.10837
2002-11-18,131.05681,130.06828,127.94956,130.37955,129.46323,127.07505
2002-11-19,82.647316,83.510025,83.937584,79.72677,80.601295,81.15545
2002-11-20,114.454124,113.95228,112.11895,111.406166,111.06278,109.246864
2002-11-21,131.51797,129.78757,128.03154,129.9641,128.37526,126.89352
2002-11-22,130.90878,129.53896,126.36666,129.95915,128.93279,126.25722
2002-11-23,111.47352,109.85004,107.68664,108.95143,107.41601,105.12713
2002-11-24,94.83109,94.4741,93.20831,89.51603,89.64256,88.79062
2002-11-25,100.656265,100.72259,102.43696,100.20183,100.31618,102.198166
2002-11-26,99.18667,97.810974,96.49781,100.304886,98.863174,97.43597
2002-11-27,59.824886,59.947517,60.36377,58.715023,58.988407,59.71754
2002-11-28,70.96167,69.7154,68.780045,68.59486,67.02623,65.80632
2002-11-29,65.109726,63.354694,63.735924,62.87403,61.499165,62.300903
2002-11-30,75.404205,74.301956,75.61939,75.81613,74.784424,75.60101
2002-12-01,44.26086,44.452457,45.502926,44.821327,45.071877,46.100933
2002-12-02,64.1615,62.896038,61.472126,64.06558,62.869827,61.562828
2002-12-03,64.53784,61.06946,58.724598,65.99373,62.40717,60.05489
2002-12-04,91.851746,91.44663,91.362816,89.401245,88.891556,88.9853
2002-12-05,88.39899,85.942604,83.04348,88.54161,86.09956,83.38191
2002-12-06,98.06567,97.19579,96.04422,100.50745,99.27912,97.5817
2002-12-07,101.70645,100.08011,96.69324,101.15543,99.4683,95.888466
2002-12-08,106.62251,106.41496,106.09164,107.31192,107.12807,106.55944
2002-12-09,97.79532,97.484116,96.2499,96.78719,96.62308,95.297554
2002-12-10,94.04604,92.09347,90.05229,93.2136,91.27163,89.067986
2002-12-11,103.244225,102.50329,101.61348,101.16076,100.61793,99.97963
2002-12-12,87.31923,86.59641,85.85601,85.08204,84.51283,83.859406
2002-12-13,88.12085,87.54075,86.750374,91.20933,90.45239,89.46885
2002-12-14,56.11485,56.605137,57.773342,56.61209,57.409924,58.859226
2002-12-15,50.97468,50.443684,50.28233,51.589508,50.96357,50.81303
2002-12-16,91.8112,92.31672,91.378914,88.38285,88.9171,88.17349
2002-12-17,92.8034,92.12199,91.35624,89.81495,89.254326,88.48927
2002-12-18,91.99081,90.91407,89.941986,88.21266,87.2246,86.437325
2002-12-19,108.84586,108.14506,107.34212,107.25391,106.656136,105.935974
2002-12-20,97.36187,95.543396,93.51718,96.35471,94.61608,92.63303
2002-12-21,90.891655,87.13409,81.93651,91.096596,87.41091,82.08127
2002-12-22,99.327225,98.65805,98.62541,99.59388,98.883484,98.595894
2002-12-23,105.13654,104.238815,103.30076,103.692795,102.80592,101.81882
2002-12-24,104.61515,103.85738,102.67563,103.71719,103.10649,101.95073
2002-12-25,48.374336,47.54454,46.809444,48.884186,48.17493,47.52961
2002-12-26,94.58239,93.46535,91.37152,90.79873,89.60716,87.32009
2002-12-27,107.7978,107.412125,107.30321,105.25735,105.060555,105.18459
2002-12-28,103.3634,102.24368,100.93215,102.07393,101.04339,99.94973
2002-12-29,114.23578,113.32,112.23343,112.68834,111.91512,111.08458
2002-12-30,110.999275,109.8082,108.332886,109.63321,108.59131,107.30275
2002-12-31,89.156364,88.492195,86.96667,90.972565,90.54161,89.043045
2003-01-01,80.964096,81.10184,81.33565,79.29817,79.53357,80.140625
2003-01-02,57.40351,57.610336,58.444103,58.48211,58.545628,59.15243
2003-01-03,83.39119,83.55011,84.38895,77.73125,78.11648,79.61017
2003-01-04,102.79829,101.90679,101.1271,100.8399,99.90855,98.930214
2003-01-05,121.28583,119.9755,118.25405,119.89594,118.48934,116.59151
2003-01-06,118.35638,117.53682,116.74644,118.93599,117.98029,116.88738
2003-01-07,53.56629,54.532486,55.105705,54.490673,55.454346,55.997486
2003-01-08,68.74911,66.44287,64.30501,66.62462,64.52071,62.379738
2003-01-09,96.924416,96.43917,95.96448,95.32769,94.80605,94.297066
2003-01-10,90.33321,90.393555,90.02536,88.60506,88.838,88.45099
2003-01-11,76.70682,76.81207,75.38826,75.41844,75.477005,73.95662
2003-01-12,94.491905,91.83754,88.56205,97.237434,94.70945,91.30778
2003-01-13,127.17689,125.64311,122.2869,127.44113,126.31573,123.51139
2003-01-14,92.085686,90.787346,89.63874,89.15613,87.86364,86.80898
2003-01-15,109.13718,108.2691,108.03289,107.16624,106.42022,106.45388
2003-01-16,124.339386,122.7763,120.950066,123.375565,122.03955,121.02371
2003-01-17,134.95148,135.1443,133.75716,134.62248,134.7579,133.34297
2003-01-18,103.13618,102.13348,102.40205,99.70629,99.34595,100.88061
2003-01-19,126.447914,124.52445,121.95646,127.71582,125.83377,123.10309
2003-01-20,60.072655,60.696545,61.473,59.77847,60.038292,60.272247
2003-01-21,55.082733,53.920204,53.013138,57.557713,56.223305,54.89804
2003-01-22,119.305214,115.056435,109.157196,122.97393,119.20827,113.76155
2003-01-23,100.82452,100.43829,99.9278,97.99683,97.50855,97.036285
2003-01-24,116.312904,115.826675,115.95032,115.69617,115.01408,114.91683
2003-01-25,149.53976,148.15929,146.14177,148.62228,147.22502,145.37221
2003-01-26,141.38547,141.38179,139.82867,139.28926,139.41995,137.81595
2003-01-27,116.050934,114.92659,112.99813,114.23031,113.33226,111.72242
2003-01-28,128.31212,127.17418,124.02465,128.05003,126.860245,123.61379
2003-01-29,152.34735,150.65685,149.46335,151.13164,149.4178,148.36174
2003-01-30,133.52419,130.74445,128.17041,138.21309,135.85756,133.39806
2003-01-31,133.72884,130.3948,125.96136,136.48088,132.99324,128.0099
2003-02-01,106.609665,105.22622,101.97131,109.825935,108.47774,104.856026
2003-02-02,142.10411,141.94269,141.02673,139.12437,138.64499,137.74524
2003-02-03,130.1776,127.93976,123.35791,130.90587,129.0158,124.78495
2003-02-04,102.416824,102.53563,102.111,103.64517,103.81504,103.311325
2003-02-05,142.09637,142.20685,141.84953,138.80086,138.99263,138.9134
2003-02-06,173.7832,171.94975,169.48386,173.53027,171.83987,169.61037
2003-02-07,177.63237,176.01651,173.96529,176.78802,175.13364,173.10042
2003-02-08,170.04675,169.19398,167.56322,169.96628,169.18153,167.75882
2003-02-09,110.42367,107.2131,104.602104,113.05499,109.71264,107.29324
2003-02-10,107.67217,106.122154,104.224915,109.378296,107.796135,105.734116
2003-02-11,158.28387,158.57133,157.56169,154.4273,154.60442,153.70891
2003-02-12,150.9996,147.66473,143.80174,148.52261,145.42012,142.42444
2003-02-13,183.30197,181.77303,179.73753,182.45082,180.93243,178.93887
2003-02-14,170.73401,170.61111,168.98698,167.42824,167.4866,166.19699
2003-02-15,139.31648,137.59299,135.33038,140.46606,138.80307,136.62477
2003-02-16,142.67418,141.17416,138.89539,142.765,141.33571,139.15593
2003-02-17,152.97943,152.79865,152.04594,154.19081,154.64864,154.05898
2003-02-18,193.43951,191.26778,187.68828,195.20596,192.92787,189.2246
2003-02-19,201.76593,199.83795,197.44398,201.28801,199.50287,197.31654
2003-02-20,148.68034,146.82126,144.80862,150.57234,148.95699,146.91882
2003-02-21,150.42151,151.25092,150.42458,149.78357,150.92215,150.47638
2003-02-22,169.45934,167.52951,164.69385,176.52448,174.58688,171.46892
2003-02-23,128.62187,127.37979,125.78282,134.54387,133.19405,131.49263
2003-02-24,177.073,176.27487,174.01695,174.67268,174.3551,173.30602
2003-02-25,184.46854,182.79677,178.6851,183.2365,181.99657,178.19661
2003-02-26,133.33804,133.0123,132.6333,131.21404,131.32977,131.45576
2003-02-27,215.88579,213.76852,211.2118,214.85461,212.99854,210.69005
2003-02-28,144.48842,143.50275,143.55655,143.10004,141.80147,141.57262
2003-03-01,200.42172,199.44649,197.68863,196.60735,195.6705,193.80298
2003-03-02,154.65009,152.18782,149.67184,154.95381,152.778,150.27472
2003-03-03,174.83719,172.65761,168.63466,182.83719,180.45763,176.35738
2003-03-04,137.94476,138.7836,137.74919,140.2588,141.4954,140.57188
2003-03-05,106.57525,104.25207,102.0966,106.35354,103.97524,101.61207
2003-03-06,195.42712,194.42944,191.00967,196.11949,195.83882,192.4291
2003-03-07,223.52824,221.46689,219.51672,223.13454,221.3756,219.78822
2003-03-08,131.8159,133.41518,135.94698,131.80252,133.47597,136.20746
2003-03-09,100.91386,99.85058,98.227066,100.444176,99.84981,98.41268
2003-03-10,155.8447,151.6954,146.21475,161.81447,157.95346,151.26064
2003-03-11,216.13332,212.6801,208.11877,215.97241,213.08609,208.99341
2003-03-12,223.38666,220.89336,217.41151,225.47408,223.91156,221.42194
2003-03-13,175.19847,173.9076,173.67632,165.20586,164.26701,165.23888
2003-03-14,206.7552,205.4834,205.99121,206.54451,205.91446,206.85814
2003-03-15,197.01036,198.43384,199.28258,195.06183,197.37363,198.39494
2003-03-16,223.44426,222.43495,222.12735,221.831,221.04208,220.6004
2003-03-17,173.22903,170.8418,169.33731,173.62065,170.84404,169.36319
2003-03-18,126.010025,124.34147,122.09209,125.014175,123.53503,121.4913
2003-03-19,221.86993,222.0118,217.6416,217.7135,218.81067,214.94928
2003-03-20,244.35019,243.11362,241.28104,246.58287,245.29547,242.63533
2003-03-21,218.44557,217.4103,216.11,217.7249,216.96973,215.81856
2003-03-22,219.00986,217.19798,214.0605,216.65453,215.2139,212.37727
2003-03-23,257.15018,254.79958,250.53647,258.70508,257.48416,254.84575
2003-03-24,184.06398,182.08754,179.59233,176.72876,175.35999,173.4356
2003-03-25,154.42975,155.0476,154.65976,164.61458,165.61009,165.53432
2003-03-26,209.69273,205.85864,201.1362,230.92809,227.02031,222.0862
2003-03-27,270.3794,266.2613,259.11038,270.03384,266.20645,259.40643
2003-03-28,253.60992,252.58513,246.35226,251.81879,250.67583,243.11105
2003-03-29,262.59766,261.04218,259.65756,264.88376,263.49295,261.75113
2003-03-30,246.84866,245.48161,242.87889,246.1692,245.48958,243.53545
2003-03-31,241.8628,240.22296,237.63025,239.71484,238.34244,236.21222
2003-04-01,233.04893,231.3161,227.2921,233.97476,233.028,229.76315
2003-04-02,231.60954,231.112,228.06953,230.05766,229.97853,227.77045
2003-04-03,254.76009,253.02463,251.36595,252.68532,250.96024,249.43486
2003-04-04,271.95474,269.27924,265.54443,272.02646,269.63315,266.1736
2003-04-05,274.2039,271.82443,268.37265,276.25653,274.214,271.0965
2003-04-06,163.18982,162.78381,162.76082,165.08084,164.76434,164.84105
2003-04-07,118.1835,117.61406,116.533005,106.77889,106.75192,106.98686
2003-04-08,105.62111,106.47314,109.47708,103.56724,105.58438,110.34568
2003-04-09,167.47624,162.16554,156.47139,165.83038,159.84535,154.1261
2003-04-10,238.3152,233.43228,227.59737,240.33603,235.77283,230.4565
2003-04-11,259.13388,255.12755,249.2869,261.75198,258.4831,253.8729
2003-04-12,245.79263,244.69098,244.36128,240.42673,239.31932,239.51938
2003-04-13,264.0583,259.08734,253.55139,260.3412,255.0757,249.39151
2003-04-14,261.41727,260.81683,259.89484,260.39508,259.81494,259.11017
2003-04-15,213.4249,213.2134,213.87653,208.09187,208.00792,208.973
2003-04-16,249.48955,247.73216,246.78224,242.96503,241.02171,240.67958
2003-04-17,290.03876,289.62112,289.246,287.15552,286.95132,287.31805
2003-04-18,284.82397,282.6173,279.84335,280.3895,278.41626,276.88397
2003-04-19,289.12305,289.08865,289.19034,287.6976,287.54233,288.24283
2003-04-20,234.61041,240.56442,244.60432,252.05618,257.86658,261.14752
2003-04-21,172.76382,180.4638,191.97978,182.09753,190.04974,201.62605
2003-04-22,179.8645,172.46667,165.75188,183.7021,175.92432,169.04051
2003-04-23,274.50116,271.73016,269.58002,286.15625,282.91373,279.2093
2003-04-24,202.76521,202.13954,203.0414,201.28506,200.35138,201.01964
2003-04-25,180.53,180.9466,179.31297,180.1308,180.06264,178.30685
2003-04-26,236.47139,232.14836,224.55975,233.7624,229.95494,223.21886
2003-04-27,312.39236,311.42615,309.61877,312.1341,310.85892,309.7234
2003-04-28,304.7359,303.61484,302.545,303.47626,302.09723,301.8528
2003-04-29,197.26889,189.45544,182.39278,205.85782,197.58511,190.79431
2003-04-30,201.7643,199.8156,197.01637,198.72276,196.71367,195.85568
2003-05-01,262.8865,255.52768,243.98096,271.02118,263.8113,252.09601
2003-05-02,277.79614,273.05228,267.8534,276.54718,272.29065,269.1324
2003-05-03,287.62787,284.86688,282.36865,291.3871,288.61514,287.24573
2003-05-04,229.8667,223.73894,216.81311,236.06631,229.1133,222.13112
2003-05-05,166.14583,164.65186,164.93764,168.05975,166.63156,167.76808
2003-05-06,192.18742,189.12395,188.65312,203.55742,199.62547,198.64478
2003-05-07,267.92108,265.69437,261.9906,265.43304,262.6917,259.374
2003-05-08,235.1697,241.99425,247.8006,229.42664,236.20728,243.2911
2003-05-09,260.8214,260.593,256.51382,253.59967,253.13405,249.8125
2003-05-10,308.45447,313.31015,317.24878,307.27237,311.52728,316.34094
2003-05-11,307.30627,303.8824,298.83163,312.69183,308.93103,304.13303
2003-05-12,259.9471,262.2567,265.72437,268.13766,269.32483,271.68655
2003-05-13,290.6437,293.92865,297.20798,285.8167,287.94754,291.64618
2003-05-14,310.78384,311.8931,310.77213,308.03278,308.9874,308.39505
2003-05-15,287.6177,290.2179,294.4793,289.438,292.15884,297.20276
2003-05-16,322.25516,320.73886,317.96756,321.95798,319.60947,317.34833
2003-05-17,305.5077,305.20972,305.50467,303.87335,303.28415,305.02072
2003-05-18,278.09406,278.19873,280.71436,265.12643,265.05878,269.0821
2003-05-19,287.473,288.55164,288.93924,287.9247,288.43015,289.14926
2003-05-20,217.93604,216.5289,214.26256,217.76054,215.05756,211.70268
2003-05-21,346.70322,346.84323,346.52332,346.80408,346.56424,347.55713
2003-05-22,343.29785,342.47662,340.65952,343.35797,342.24213,341.81088
2003-05-23,333.58154,333.96924,334.07318,336.33255,336.34503,336.93292
2003-05-24,210.06631,213.04727,214.82472,205.67961,208.08296,209.75166
2003-05-25,218.62503,215.76576,213.84805,219.74863,216.37979,215.09116
2003-05-26,255.71951,254.10649,248.84793,261.89395,260.10324,254.26445
2003-05-27,307.80344,306.82327,303.9898,316.6466,316.15936,314.4446
2003-05-28,296.35284,297.5243,297.72656,295.9905,296.5665,297.60434
2003-05-29,257.45813,256.2389,254.81192,261.10663,259.40826,258.55408
2003-05-30,344.89862,345.53015,344.77872,342.56625,343.17334,344.1488
2003-05-31,255.69498,257.49515,261.52246,254.43816,255.68134,260.15268
2003-06-01,261.41516,265.04065,271.8238,254.54576,257.95538,265.86362
2003-06-02,281.59558,277.24084,266.97858,291.3696,286.956,277.6228
2003-06-03,284.42282,285.20108,283.49234,279.2744,281.27747,281.0369
2003-06-04,328.27042,329.99182,327.29996,331.66516,331.2662,327.28784
2003-06-05,262.8632,260.46857,263.51782,257.66367,253.95639,256.82892
2003-06-06,328.09897,331.66733,327.03113,331.8891,336.20963,331.40985
2003-06-07,286.63345,283.19495,284.7403,289.55444,285.3064,286.3384
2003-06-08,266.80377,267.64813,263.71616,280.7674,281.52652,277.10556
2003-06-09,206.80086,211.68231,216.33128,206.12827,210.60052,215.38065
2003-06-10,336.91986,335.14786,328.8134,338.36218,335.9827,329.98627
2003-06-11,335.32422,338.0723,338.7278,328.77295,331.51215,332.9797
2003-06-12,364.8627,366.4925,366.4328,363.0545,364.0453,364.29248
2003-06-13,340.12433,339.914,338.84235,343.49554,342.71533,341.58865
2003-06-14,327.4315,325.0081,319.18698,336.4076,332.53076,325.85837
2003-06-15,242.33482,244.53485,246.93417,238.25496,240.35574,242.83527
2003-06-16,275.6111,270.26834,260.18176,277.53043,271.39822,260.15778
2003-06-17,311.2582,303.86755,294.09155,308.3072,300.08246,289.64832
2003-06-18,227.43413,224.55319,228.3958,226.90063,223.40176,226.85435
2003-06-19,334.7738,330.7208,322.33215,339.93616,334.9511,325.49673
2003-06-20,331.7249,329.8821,327.09018,325.4426,323.16846,320.9701
2003-06-21,340.3452,341.87598,341.89145,338.19974,339.76358,339.89264
2003-06-22,253.72656,250.53076,242.82906,255.27022,251.6312,243.06567
2003-06-23,354.04138,353.3901,350.99338,357.30905,356.15775,352.92313
2003-06-24,204.88574,200.36131,191.5888,202.94638,198.26208,189.01897
2003-06-25,226.32016,228.27498,235.32996,228.54312,230.84433,238.94684
2003-06-26,261.8424,260.89545,264.62125,266.849,265.9608,270.60675
2003-06-27,274.58203,274.10712,271.01367,273.72128,273.3967,269.63632
2003-06-28,303.24725,301.9212,299.89594,318.6084,315.427,311.38947
2003-06-29,359.6332,358.828,357.7094,370.97263,370.58984,368.82834
2003-06-30,360.682,360.66248,359.2223,363.5511,362.91086,360.06342
2003-07-01,360.12097,360.42212,359.7286,362.12204,362.1653,360.92288
2003-07-02,344.00006,342.6935,341.6595,358.34265,358.1597,357.20618
2003-07-03,352.16644,351.54895,349.7002,351.3329,350.8522,348.8505
2003-07-04,297.05658,296.70053,295.72128,293.79477,293.53,291.99332
2003-07-05,292.27917,289.663,286.98654,290.80612,287.49615,283.8322
2003-07-06,292.9646,295.56598,297.2979,287.2736,290.0048,291.84113
2003-07-07,352.70715,353.2009,352.42535,355.27676,355.29303,353.47888
2003-07-08,314.43265,316.7334,312.44583,319.45822,321.5646,315.11392
2003-07-09,318.96768,314.00195,306.17142,332.28967,327.4172,317.74222
2003-07-10,231.02322,233.84459,237.30429,223.40079,226.23413,229.08568
2003-07-11,366.05566,366.39804,365.8194,369.5174,370.27432,369.3597
2003-07-12,359.1052,359.489,359.1104,359.5059,359.97852,359.01483
2003-07-13,329.22568,327.98557,326.40393,339.36652,338.0473,334.9148
2003-07-14,194.44894,192.08589,189.21037,199.77596,197.85854,195.49876
2003-07-15,327.18237,325.18097,321.73404,333.10623,330.94156,325.99313
2003-07-16,268.33957,271.22754,275.41486,258.18167,261.45984,265.62122
2003-07-17,296.54428,297.39117,297.46274,295.6042,296.51013,295.93228
2003-07-18,273.36987,274.44855,276.3223,273.3899,274.99866,276.48785
2003-07-19,309.18073,309.22076,309.74158,310.19098,310.25705,310.0154
2003-07-20,233.1182,234.45764,237.1,230.11987,231.26274,233.22328
2003-07-21,261.21072,261.60583,263.94592,273.41763,272.8425,272.94794
2003-07-22,286.5392,284.99747,282.315,291.6284,290.31232,286.7424
2003-07-23,262.76132,262.12488,263.55685,258.67465,257.60916,258.1392
2003-07-24,256.80795,258.08255,261.45895,255.97742,257.14932,259.92636
2003-07-25,282.09122,282.55148,284.20563,281.90305,282.35287,283.6111
2003-07-26,286.1994,287.81232,288.77,288.08334,289.51666,289.75922
2003-07-27,263.87482,265.77304,270.50256,261.125,263.4635,268.17142
2003-07-28,276.04486,275.94952,275.05426,273.68915,274.19824,273.65897
2003-07-29,270.9888,271.6305,270.37604,276.95248,277.78574,275.55084
2003-07-30,245.6761,247.23293,251.9898,252.9314,254.22241,258.10516
2003-07-31,273.58203,277.37357,280.51385,285.20117,288.41318,289.40607
2003-08-01,269.09845,269.93088,272.4618,283.2934,284.64954,284.9133
2003-08-02,286.31293,285.93295,284.44424,287.80978,287.505,285.19138
2003-08-03,276.6271,277.5025,277.81842,276.95987,277.64774,277.57114
2003-08-04,300.0057,298.0521,294.92346,303.0516,301.04285,296.8373
2003-08-05,280.09503,274.87936,267.95285,292.40927,287.85535,280.00107
2003-08-06,256.27463,256.5639,256.77008,253.96448,254.43898,254.20316
2003-08-07,173.26576,170.54253,168.65408,166.69626,163.47852,160.97563
2003-08-08,189.26088,184.85982,180.58041,190.2419,185.76398,181.1873
2003-08-09,260.2258,257.2817,254.6312,259.70407,256.90674,254.22485
2003-08-10,253.02118,251.73746,250.84879,258.03802,256.22617,254.07886
2003-08-11,216.905,216.86002,216.54103,220.69656,220.872,220.23709
2003-08-12,241.53732,242.11266,242.21216,234.07965,235.18343,235.61395
2003-08-13,263.79248,264.02176,264.40048,261.23947,261.5891,261.91885
2003-08-14,288.3939,288.15027,287.59552,286.9293,286.57068,285.8048
2003-08-15,281.59064,281.01102,279.7951,280.91727,280.7123,279.84543
2003-08-16,261.8301,261.74506,260.30972,258.6108,258.7013,257.36316
2003-08-17,220.49193,219.30928,219.0624,210.2975,209.02481,208.98555
2003-08-18,249.43398,249.27295,249.53532,252.46396,252.45041,251.92542
2003-08-19,186.21687,188.39804,191.52065,180.54031,183.16066,186.9862
2003-08-20,288.03708,286.01807,283.18872,289.4436,287.7448,285.29233
2003-08-21,268.39752,266.26428,264.15793,267.79205,265.6698,263.64267
2003-08-22,271.49182,270.83826,270.11884,271.6735,271.08667,270.1814
2003-08-23,264.57544,264.17883,262.73074,263.06534,262.9772,261.78265
2003-08-24,250.89577,249.49506,247.72324,245.40991,244.03294,242.39185
2003-08-25,270.09427,269.05112,267.348,269.66382,268.82083,267.50916
2003-08-26,236.60777,236.05623,235.04765,232.41772,232.1213,231.66841
2003-08-27,226.07233,225.68918,224.07939,221.09338,221.42522,220.70805
2003-08-28,132.23799,131.69934,135.31816,133.72995,133.22879,136.47563
2003-08-29,183.09895,177.19363,167.36234,187.46494,181.50873,170.87395
2003-08-30,203.18611,198.04738,194.07376,190.84918,185.12703,181.55789
2003-08-31,201.39836,193.22672,183.80397,191.11613,182.25713,172.758
2003-09-01,198.79193,198.99402,195.9184,185.35596,185.49632,182.01338
2003-09-02,130.65921,127.871086,124.918564,129.02512,126.4389,123.8595
2003-09-03,273.09262,271.9443,270.1607,272.77948,271.72632,270.26114
2003-09-04,261.79324,260.67853,259.55737,259.30374,258.12885,257.21658
2003-09-05,257.90002,256.881,255.85635,259.57748,258.47876,257.28906
2003-09-06,258.94058,258.24054,257.08035,257.59924,257.03864,256.13354
2003-09-07,189.77068,192.64847,198.57144,186.90575,190.54765,197.0967
2003-09-08,246.24414,246.35002,245.07896,245.02675,244.8976,243.80478
2003-09-09,167.65828,166.89435,168.3208,166.0684,165.05519,166.12898
2003-09-10,155.79291,157.54552,160.67087,144.35553,146.33598,151.24605
2003-09-11,141.3971,139.59946,135.93596,144.4557,142.8064,138.43575
2003-09-12,124.22517,122.734375,123.05537,129.24464,127.61308,127.44631
2003-09-13,140.3433,142.57417,145.31357,134.48566,136.65498,139.56418
2003-09-14,186.86958,190.33047,193.39345,177.31198,180.92397,185.02393
2003-09-15,253.48198,250.56296,246.78157,253.21068,250.14836,246.29604
2003-09-16,254.23035,253.61496,252.55844,253.33711,252.69566,251.80028
2003-09-17,196.33,198.09254,199.75673,191.95357,194.10759,196.0868
2003-09-18,133.97754,133.4416,136.5108,133.2401,131.97539,134.58769
2003-09-19,145.6385,140.28157,135.05733,143.99892,139.03117,134.71619
2003-09-20,212.10657,201.89017,187.46387,211.03053,200.35768,185.20892
2003-09-21,230.63763,230.53146,230.03136,226.90439,227.1457,227.29063
2003-09-22,204.24171,202.55574,201.45296,202.93689,200.92989,199.55638
2003-09-23,201.76382,201.497,200.58774,198.49722,198.4047,197.80571
2003-09-24,195.78273,194.66924,192.96432,197.89554,196.98874,195.60056
2003-09-25,200.72708,197.33441,193.83775,198.29933,194.71341,191.23634
2003-09-26,207.3619,204.02089,198.73366,208.96779,205.6513,200.30614
2003-09-27,187.4943,184.19188,178.48975,194.98865,191.8206,185.69678
2003-09-28,213.72612,211.50406,207.86191,213.35304,211.5499,208.59637
2003-09-29,187.6694,186.9966,187.99625,187.00824,186.32437,187.51979
2003-09-30,133.8863,135.36758,136.44176,126.97721,128.42819,130.01517
2003-10-01,197.81836,194.42393,191.46733,196.18806,192.75758,191.00113
2003-10-02,214.15018,212.55684,208.66261,214.65605,213.35898,209.72345
2003-10-03,207.36586,207.41837,205.78273,206.034,206.41733,204.88129
2003-10-04,181.1839,183.15495,183.42523,178.82195,181.31737,181.85587
2003-10-05,203.98659,202.89745,201.43103,211.4537,210.17407,208.38113
2003-10-06,209.09966,207.81395,206.30136,206.97054,205.57289,204.17822
2003-10-07,159.34073,159.50018,159.16069,160.28108,160.71034,161.18167
2003-10-08,174.31195,174.79677,174.48885,178.44307,178.84465,178.75319
2003-10-09,190.95433,192.93135,191.51228,193.11743,195.21237,193.78331
2003-10-10,151.7278,152.21577,152.60289,154.22464,154.99812,155.43103
2003-10-11,159.9833,159.67973,156.85954,159.37946,159.15562,156.29536
2003-10-12,182.89944,180.5749,177.71112,181.0545,178.79338,175.97696
2003-10-13,155.43997,153.03635,151.38019,159.09676,156.51265,154.00269
2003-10-14,142.06215,142.48561,142.46907,145.30338,145.09724,144.15178
2003-10-15,134.28891,131.79582,130.19875,135.48697,132.73245,130.51976
2003-10-16,149.9137,147.80998,145.78845,145.79413,143.55226,141.21088
2003-10-17,149.14839,147.91576,146.18213,148.71649,147.47404,145.44873
2003-10-18,191.57378,189.92554,187.95958,190.61018,189.057,187.04454
2003-10-19,151.3432,150.01828,147.82297,151.00815,149.83907,147.60782
2003-10-20,187.19168,185.22383,182.70984,184.70976,182.73915,180.09091
2003-10-21,174.8971,173.7897,173.08977,172.07216,171.17807,170.755
2003-10-22,104.485596,104.37076,105.70283,99.19819,99.081,100.98942
2003-10-23,142.47455,141.28201,140.86888,141.61546,140.66563,140.46089
2003-10-24,141.59953,139.29022,135.79034,143.31728,140.74432,136.75279
2003-10-25,138.65907,138.30771,139.66261,138.115,137.95122,138.87152
2003-10-26,169.87482,168.02377,166.04561,167.3853,165.52115,163.64731
2003-10-27,155.96628,154.0821,151.96175,153.33595,151.40387,149.01482
2003-10-28,156.11246,154.9421,153.47931,153.71956,152.67851,151.20613
2003-10-29,91.42803,93.97405,96.65009,90.63828,93.295654,96.1599
2003-10-30,152.94696,150.9417,148.79913,151.45303,149.30171,147.21146
2003-10-31,154.8479,153.80058,152.27605,153.9354,152.8229,150.99287
2003-11-01,116.13318,114.40562,112.437386,116.94944,114.90278,112.46751
2003-11-02,122.34124,123.68309,125.59132,119.5558,121.3683,123.60707
2003-11-03,142.1648,142.23608,142.21169,143.11182,143.43024,143.3336
2003-11-04,133.80237,133.56146,133.7028,134.0655,133.77325,133.91699
2003-11-05,138.7213,138.68704,138.08125,139.83107,140.04083,139.4198
2003-11-06,127.83038,127.04281,126.006775,128.74767,128.2901,127.589424
2003-11-07,68.89117,66.61276,64.79188,66.32863,64.03611,62.4143
2003-11-08,101.58502,97.99376,93.39228,97.13771,93.873344,89.833725
2003-11-09,134.09323,134.4318,134.5935,131.80414,132.31076,132.51997
2003-11-10,108.444016,107.0956,105.62256,107.251366,105.99422,104.50289
2003-11-11,62.256714,60.54998,58.821346,59.816143,58.287495,56.766945
2003-11-12,127.79669,126.16102,123.12064,126.641945,125.21842,122.40311
2003-11-13,115.182045,114.143616,112.873344,113.896416,112.09256,110.27459
2003-11-14,103.286385,102.49504,103.043045,98.09287,97.81953,99.65316
2003-11-15,100.30149,98.73054,97.313614,100.89793,99.416,97.67803
2003-11-16,76.80855,77.6539,78.83656,72.48875,73.14835,74.32521
2003-11-17,114.571175,112.05828,109.51934,113.18896,110.78648,108.522255
2003-11-18,115.84582,115.995834,115.715065,115.82677,116.16736,115.872284
2003-11-19,125.99947,123.576805,120.67865,125.85698,123.773964,121.383705
2003-11-20,105.88601,105.17171,104.157486,104.12206,103.44634,102.30877
2003-11-21,55.80421,55.659912,56.198196,55.82608,55.882206,56.564175
2003-11-22,77.38128,76.565956,74.8219,76.06619,74.975525,72.57566
2003-11-23,73.42472,72.56657,71.38814,69.85404,69.13113,68.0603
2003-11-24,46.070908,46.219288,47.210484,41.59077,41.504116,42.61821
2003-11-25,56.060482,53.386894,52.60017,55.017765,51.979805,50.91335
2003-11-26,105.905334,105.429665,104.61403,105.07247,104.67921,103.890076
2003-11-27,100.93759,98.520775,95.79583,94.63848,92.25395,89.85853
2003-11-28,103.51736,103.399605,101.22331,101.81675,101.73283,99.280624
2003-11-29,104.37945,103.74443,102.88847,101.37056,101.21861,100.97932
2003-11-30,104.31432,104.99356,104.99351,101.48033,102.54668,102.81532
2003-12-01,102.36793,102.65691,102.29951,101.16212,101.49708,101.190636
2003-12-02,104.88902,104.24711,101.73994,107.246346,106.7501,104.408485
2003-12-03,78.236084,78.3653,77.842026,75.307686,75.666595,75.43811
2003-12-04,81.90841,80.50565,78.061104,74.73376,73.16871,70.60005
2003-12-05,97.700485,94.52461,89.99256,98.11757,94.60971,89.25193
2003-12-06,78.97104,79.048744,78.581825,77.02525,77.39679,77.103065
2003-12-07,85.816605,82.32959,78.278625,83.70387,80.168915,76.199486
2003-12-08,78.67718,79.21246,80.180405,72.7855,73.5382,74.92026
2003-12-09,87.63394,87.90996,88.5823,85.95582,86.35931,87.273056
2003-12-10,102.15974,100.887856,99.40066,102.97435,101.578804,99.49409
2003-12-11,47.369743,47.79074,48.348484,47.75603,48.328773,49.112907
2003-12-12,67.0516,66.23046,64.3108,66.93044,65.893166,63.653015
2003-12-13,85.763954,84.185844,83.135704,80.71024,79.227905,78.52518
2003-12-14,88.11285,88.28445,88.11919,85.90072,86.223785,86.24003
2003-12-15,68.89139,66.01658,64.84277,67.337234,64.37625,63.335598
2003-12-16,74.60213,75.70629,76.51612,70.97644,72.01709,72.93541
2003-12-17,68.809944,66.76763,65.631996,67.554085,65.36299,64.300354
2003-12-18,92.28743,92.21255,92.045784,88.65404,88.68627,88.71959
2003-12-19,98.442085,97.36957,95.513985,96.34945,95.47706,93.86751
2003-12-20,97.46132,96.70892,96.26359,96.90433,96.39749,96.15466
2003-12-21,100.84821,99.301636,97.35477,98.602516,97.49951,96.415
2003-12-22,42.033615,42.191936,42.034172,43.2529,43.503212,43.29672
2003-12-23,64.94349,63.613903,62.071968,65.08486,63.883762,62.439575
2003-12-24,97.750916,96.523094,95.814285,98.778175,97.91561,97.719154
2003-12-25,70.83715,70.25487,69.42278,66.26953,65.63829,64.692375
2003-12-26,88.021,88.22849,87.48314,86.319824,86.75517,86.14356
2003-12-27,68.039764,67.84541,67.01219,65.14482,65.030304,64.61412
2003-12-28,106.28588,105.4418,105.22482,106.83102,105.960266,105.46056
2003-12-29,99.283035,98.488144,97.31538,98.24536,97.463875,96.179
2003-12-30,63.097828,61.662113,59.910686,63.113277,61.9194,60.493248
2003-12-31,90.34345,90.103065,90.24471,85.38174,85.42166,86.147514
2004-01-01,106.11332,105.06912,103.9964,104.58922,103.537,102.36707
2004-01-02,94.602905,94.77729,94.4902,91.91076,92.27564,91.945915
2004-01-03,49.679733,49.70694,49.564682,46.681416,46.598175,46.35201
2004-01-04,52.433132,51.881012,51.26104,51.473534,50.93575,50.196003
2004-01-05,58.734882,57.84086,57.40267,58.475437,57.494793,56.91217
2004-01-06,79.43217,77.51849,75.321785,80.5399,78.33649,75.564316
2004-01-07,96.08392,95.25003,94.14758,92.77075,92.15611,91.79999
2004-01-08,112.923035,113.151695,113.16988,110.9738,111.30823,111.29657
2004-01-09,96.59276,95.97596,96.25909,96.10058,95.729706,96.21241
2004-01-10,127.40676,126.02455,124.234,126.79169,125.60151,124.14192
2004-01-11,128.89629,128.26166,126.94858,127.954636,127.08056,125.63754
2004-01-12,112.34265,112.35878,112.369896,111.79004,111.6136,111.34037
2004-01-13,83.9362,83.360176,81.794464,83.47214,83.00634,81.51914
2004-01-14,82.47844,81.01076,78.20716,78.77329,77.23571,74.25032
2004-01-15,76.21404,75.88963,75.268974,77.081276,76.98012,76.81751
2004-01-16,70.757195,68.59709,66.57787,69.020645,67.148056,65.599686
2004-01-17,128.86519,127.77405,126.98455,126.35902,125.2037,124.44415
2004-01-18,134.08728,133.5186,132.737,133.42485,132.74767,132.01
2004-01-19,94.51524,94.47698,94.42421,90.83105,91.060776,91.683586
2004-01-20,118.17075,118.80006,118.36456,118.468475,119.447754,119.499756
2004-01-21,104.3585,104.66989,104.966324,103.11048,103.72839,104.6198
2004-01-22,85.375595,85.27283,84.141655,86.368454,86.38993,85.35823
2004-01-23,126.7419,125.14797,121.76751,130.00043,128.84615,126.07499
2004-01-24,47.535255,47.54824,47.975906,46.468864,46.48094,47.00155
2004-01-25,115.06097,112.95707,110.32086,114.81685,112.49492,109.523964
2004-01-26,77.339714,76.72491,77.23076,79.015884,78.34834,78.68425
2004-01-27,115.525566,114.60185,114.43221,112.74053,111.6097,111.53039
2004-01-28,152.27408,151.28171,149.51888,151.78552,150.8312,149.23499
2004-01-29,96.91965,96.21828,95.08806,98.216934,97.50087,96.416115
2004-01-30,91.047035,87.37507,83.88292,93.135216,89.411446,85.956726
2004-01-31,148.01328,143.69041,138.39124,150.88799,146.69221,141.3469
2004-02-01,148.61722,148.67436,148.72041,147.91718,148.12338,148.39772
2004-02-02,160.43878,158.88437,157.54395,158.71828,157.3629,156.57735
2004-02-03,153.89589,152.72498,150.91795,152.21188,150.98856,149.19762
2004-02-04,133.45546,132.52048,130.9441,130.31847,129.48688,128.35094
2004-02-05,167.46,165.50351,163.12424,167.50447,165.48488,163.049
2004-02-06,79.41313,79.30958,79.073296,80.27292,80.27799,80.348694
2004-02-07,153.86118,151.08365,147.66545,151.61234,148.98166,146.01353
2004-02-08,105.092125,105.21163,105.32402,105.296616,105.412346,105.543465
2004-02-09,117.55094,113.91306,110.03989,120.22086,116.49865,112.59672
2004-02-10,153.06065,152.9686,153.70207,150.35516,150.1449,151.00148
2004-02-11,173.19771,172.3549,171.3873,170.78282,170.02925,169.2907
2004-02-12,145.01624,143.7906,142.91455,144.19879,143.0081,142.15971
2004-02-13,151.96005,151.14035,150.33359,150.42578,149.59302,148.65366
2004-02-14,150.15987,150.1065,150.34084,150.23549,150.43004,150.91801
2004-02-15,169.65742,167.67673,165.09692,168.96619,167.09882,164.73195
2004-02-16,146.5316,144.57,141.42397,147.19905,145.26097,142.05852
2004-02-17,141.96376,140.85094,139.1054,140.75015,139.93211,138.00516
2004-02-18,146.06273,145.06508,142.18842,144.22113,143.6773,140.94489
2004-02-19,134.51793,133.56839,133.3135,128.60307,128.50076,129.63051
2004-02-20,117.06873,115.839096,115.06352,114.31126,112.630356,111.57894
2004-02-21,171.44855,168.86516,164.28583,168.59448,165.90862,161.03778
2004-02-22,142.69823,141.05383,139.12444,138.09106,136.5482,134.87482
2004-02-23,149.40494,148.06644,145.52394,141.36656,140.60928,138.6307
2004-02-24,132.89769,129.10925,124.373566,133.38792,129.94038,125.07784
2004-02-25,201.25114,200.41019,197.79846,199.60666,199.00322,196.48862
2004-02-26,152.784,151.68213,149.82426,142.04079,141.73337,141.227
2004-02-27,155.38818,154.81096,154.97266,160.34097,159.98784,160.29337
2004-02-28,201.66177,199.5418,197.69247,196.60077,194.486,192.6811
2004-02-29,188.48848,187.46443,186.73282,187.43076,186.41133,185.36435
2004-03-01,199.54324,197.02655,194.1532,200.59666,198.45134,195.71976
2004-03-02,174.64217,172.89508,173.23119,170.84596,169.61833,170.16536
2004-03-03,185.77567,179.23181,171.2955,178.72063,172.44704,165.32324
2004-03-04,193.16708,192.09128,190.07365,191.92682,190.7927,188.58687
2004-03-05,201.55147,198.6839,194.64417,209.80191,207.12222,202.68015
2004-03-06,118.21077,113.60507,110.764565,117.706924,113.224686,110.33324
2004-03-07,227.14755,225.51524,223.26668,223.69563,222.41754,220.33487
2004-03-08,128.48813,126.345146,122.50197,125.29379,123.57761,119.78562
2004-03-09,209.11488,205.19525,198.35187,210.8838,207.86026,201.6983
2004-03-10,188.14694,182.77878,174.4284,192.28201,187.42978,178.83679
2004-03-11,206.28561,206.08604,206.45178,202.7753,202.88747,203.53581
2004-03-12,225.76573,223.70001,220.10278,230.7711,229.10602,224.85884
2004-03-13,211.5103,213.67073,214.95848,213.86455,216.0858,217.31425
2004-03-14,223.54631,223.41911,222.22377,230.97826,231.12506,230.2516
2004-03-15,248.85078,247.16235,245.29828,250.99947,249.4658,246.95473
2004-03-16,255.97057,254.95496,253.46603,257.0618,256.03625,254.13243
2004-03-17,257.5925,255.97937,253.73285,257.6989,256.14505,253.41447
2004-03-18,164.95006,168.17543,171.16487,167.96971,171.25162,173.84729
2004-03-19,208.90855,209.03186,208.52385,200.46648,201.12216,201.38007
2004-03-20,162.22156,164.92865,167.37033,161.0104,163.91357,166.1888
2004-03-21,223.43858,223.68732,222.71857,229.19804,229.74469,228.94362
2004-03-22,107.665504,106.08548,104.56042,111.83297,110.5479,108.831665
2004-03-23,208.53908,204.2447,196.37584,214.99957,210.48001,201.55885
2004-03-24,185.3412,185.51035,184.79498,175.0597,175.36958,175.0337
2004-03-25,217.70573,217.2931,216.16418,210.35237,210.45338,209.57133
2004-03-26,258.4131,256.58157,254.58095,260.2062,258.2227,256.18646
2004-03-27,275.8181,274.70078,273.5653,275.0119,274.11154,272.95312
2004-03-28,248.05957,251.8403,253.25882,243.54782,247.83527,249.88914
2004-03-29,184.41882,184.96313,185.17787,180.65604,181.37158,182.03978
2004-03-30,198.14973,200.1948,204.12218,186.10309,188.25061,193.41722
2004-03-31,208.86845,203.80588,192.25204,219.59578,214.98413,201.7456
2004-04-01,114.42598,116.89303,119.94039,113.09909,115.892265,118.92086
2004-04-02,257.60754,255.09189,250.28777,257.96262,255.2503,249.94731
2004-04-03,263.86792,259.28165,250.48468,267.20706,264.23196,257.7422
2004-04-04,247.78772,248.0673,245.8992,246.96544,247.41054,244.68025
2004-04-05,197.56738,192.63626,187.86137,208.23488,203.09036,197.90987
2004-04-06,130.94264,132.95389,136.05016,129.23495,131.5068,134.96576
2004-04-07,165.56639,166.99889,168.35675,162.89159,164.62537,166.26453
2004-04-08,240.4949,238.08095,236.18005,238.3238,235.95229,234.2625
2004-04-09,275.91794,274.3275,272.207,274.60138,272.8021,270.43613
2004-04-10,235.68584,235.31812,234.31918,233.03851,233.09555,232.46475
2004-04-11,259.83087,258.64124,255.11522,263.50198,262.43045,259.0614
2004-04-12,269.00418,268.46933,263.61404,271.93866,271.58228,266.35843
2004-04-13,258.06488,259.66922,258.89975,256.99432,258.10086,257.7647
2004-04-14,274.78088,271.2599,265.64032,277.1202,273.77652,268.167
2004-04-15,299.41602,298.7605,296.89325,300.15372,299.23895,297.62378
2004-04-16,238.77002,239.11682,240.2363,244.25975,244.6851,246.44139
2004-04-17,288.45227,285.2124,281.15973,285.5981,282.216,278.74893
2004-04-18,277.59424,280.7424,278.7297,277.45517,281.3184,279.23117
2004-04-19,269.51093,269.487,265.59064,266.83185,267.14023,263.095
2004-04-20,292.5075,291.5098,288.8049,293.49548,292.3776,290.19614
2004-04-21,283.83478,283.6083,280.78293,282.9544,282.48758,279.9901
2004-04-22,280.79343,280.01645,279.36536,276.3199,275.45303,275.77774
2004-04-23,271.4644,271.80426,271.07642,265.8978,265.88272,266.03082
2004-04-24,266.21378,265.9475,264.53455,267.0974,266.40485,265.2443
2004-04-25,217.28378,219.64871,220.97018,224.5414,226.32904,228.09245
2004-04-26,296.8997,296.66086,294.86472,298.53912,297.3268,295.87033
2004-04-27,246.6368,241.29424,236.44928,254.62735,249.96739,246.6056
2004-04-28,138.26959,135.44606,135.7844,136.21996,133.00934,133.7805
2004-04-29,187.40219,180.93176,173.48064,185.59492,179.5938,173.27243
2004-04-30,169.56516,171.54294,172.10687,146.53885,147.25938,148.08461
2004-05-01,248.52487,243.07002,235.3786,249.44652,243.7872,236.1793
2004-05-02,214.4848,209.67471,208.93567,208.3239,203.50304,203.82825
2004-05-03,279.6095,283.09494,282.77704,282.98764,286.63266,287.381
2004-05-04,241.49178,242.46092,241.91414,241.85037,242.77823,242.92543
2004-05-05,212.92522,220.74516,227.16914,200.40065,209.15135,218.24495
2004-05-06,226.71289,229.70915,231.84143,226.14929,228.71753,231.04312
2004-05-07,225.41261,223.34334,223.59093,217.89441,214.77373,215.69688
2004-05-08,248.83003,248.45348,246.0025,248.65321,248.31262,247.23018
2004-05-09,271.51254,274.09622,273.93137,271.07437,272.99988,273.14072
2004-05-10,308.38052,308.43768,306.19772,307.20312,305.6741,303.93747
2004-05-11,326.38544,325.21732,322.83524,325.90533,323.8834,321.72342
2004-05-12,309.01437,307.6562,307.62735,305.46448,303.3788,303.8834
2004-05-13,326.11493,325.42093,324.61948,328.53162,327.41556,327.44342
2004-05-14,253.57292,252.19823,255.42685,248.54607,246.88902,251.26234
2004-05-15,300.85297,299.88745,299.01434,304.34042,302.31052,301.52927
2004-05-16,287.7413,286.5536,284.93356,289.31583,287.61493,286.91922
2004-05-17,242.81209,239.51266,232.5705,246.9962,243.24518,236.3918
2004-05-18,323.11548,325.66898,327.89255,320.4317,321.45117,324.27826
2004-05-19,211.93579,215.83267,220.6344,201.65176,205.01483,210.55522
2004-05-20,281.60666,282.06973,280.50693,278.0333,278.84244,278.44925
2004-05-21,278.08533,275.51584,274.49377,284.01804,280.7719,280.08868
2004-05-22,320.7741,317.83176,311.7277,319.68427,316.60226,311.94513
2004-05-23,288.1474,289.45804,290.40475,281.8995,282.91827,284.0444
2004-05-24,298.86743,299.8543,299.8563,311.64798,313.09756,312.5571
2004-05-25,312.9425,313.72525,310.8511,318.61536,317.65613,314.26755
2004-05-26,238.90576,229.608,218.65167,236.39072,226.78897,216.86243
2004-05-27,295.4909,298.8739,299.7789,287.6798,291.57446,294.94385
2004-05-28,287.78238,291.0222,292.31393,293.25763,296.33804,298.60233
2004-05-29,279.8934,279.67706,280.5332,290.4331,288.9642,289.10147
2004-05-30,313.044,315.6167,317.7665,324.59402,326.0875,327.71848
2004-05-31,344.73953,343.22894,338.0247,347.03983,344.3309,338.91025
2004-06-01,330.467,331.8873,331.87338,337.46585,338.2201,338.04016
2004-06-02,253.52664,258.08267,262.44238,265.667,269.66592,274.06116
2004-06-03,224.72871,228.1819,234.48099,228.61163,231.55702,238.67586
2004-06-04,216.79971,219.39774,221.40929,218.37675,220.93399,223.75116
2004-06-05,291.96295,290.56314,287.96033,284.60727,283.4423,282.11032
2004-06-06,300.33932,300.3117,301.9575,296.7615,295.62662,296.93863
2004-06-07,358.93393,360.1132,356.27722,359.85867,359.969,355.76718
2004-06-08,313.9444,314.921,315.2408,323.38724,323.39658,323.71698
2004-06-09,206.93584,213.96613,222.04965,224.75575,231.03014,237.58922
2004-06-10,209.53508,203.21445,192.78629,207.5117,200.49,189.48816
2004-06-11,276.10916,279.11172,278.3803,269.304,272.13977,272.4987
2004-06-12,326.66724,325.2244,319.17725,330.6651,328.20926,321.5719
2004-06-13,360.64728,360.4326,356.53934,368.40817,368.07324,364.27933
2004-06-14,212.78189,212.07056,210.30835,219.45721,218.61983,216.78355
2004-06-15,214.42685,213.46579,210.66403,205.55992,203.90732,201.085
2004-06-16,326.37708,325.74866,323.3891,326.1052,325.52158,323.4521
2004-06-17,332.66855,336.02066,335.83118,328.78418,332.90622,332.81577
2004-06-18,257.62924,259.10443,259.35123,245.16385,245.9604,246.0359
2004-06-19,233.81879,231.35303,229.72566,245.28227,242.03929,240.45636
2004-06-20,343.59207,340.01257,333.19885,353.98068,349.94803,341.78754
2004-06-21,293.162,293.98837,290.14307,304.52576,303.8708,297.1653
2004-06-22,306.72598,306.16507,305.55557,315.09717,313.86783,313.0069
2004-06-23,250.49316,247.69252,243.9198,258.797,255.42717,250.21346
2004-06-24,227.69281,226.8348,228.01875,233.0019,231.65071,232.46419
2004-06-25,317.2339,314.9644,310.9259,319.57745,316.89447,313.02356
2004-06-26,334.33084,333.59988,331.66354,338.01334,337.038,334.48926
2004-06-27,244.50165,248.02112,252.0921,246.55544,249.47624,252.62779
2004-06-28,265.15652,264.4148,263.7882,271.3782,270.35608,268.92603
2004-06-29,217.79121,215.69676,216.17874,213.89687,212.10304,213.4184
2004-06-30,198.4522,196.71329,195.81425,202.41559,201.15309,200.24324
2004-07-01,234.08472,230.31999,228.52129,233.63039,228.91656,225.82294
2004-07-02,271.33893,274.4966,278.77237,271.45737,275.6928,281.2825
2004-07-03,267.2836,265.69803,265.01062,267.4497,265.664,264.00766
2004-07-04,214.28026,212.06885,208.99934,217.05109,214.92502,212.04309
2004-07-05,284.70566,278.6276,272.14417,284.86536,278.97318,271.74606
2004-07-06,309.53946,305.0936,300.56564,320.18896,315.3949,308.06604
2004-07-07,272.98285,272.76416,269.53247,279.72867,280.0751,275.69095
2004-07-08,244.00023,245.21632,243.78624,235.76051,237.08424,236.0074
2004-07-09,274.0931,277.88525,280.52817,258.2305,263.85428,267.84775
2004-07-10,334.72745,331.86972,326.8512,343.28833,341.13916,336.01855
2004-07-11,227.36996,225.02988,224.75853,234.36623,231.83363,230.84784
2004-07-12,213.63596,215.53528,217.6781,212.21674,213.93198,215.42937
2004-07-13,206.03426,207.96437,210.04636,207.38818,209.3725,210.62852
2004-07-14,244.0473,243.0441,243.15562,241.83864,240.8531,240.42001
2004-07-15,270.095,271.00012,272.14734,265.38208,266.77786,268.4626
2004-07-16,239.09007,242.3342,245.98796,246.73605,250.37982,253.46625
2004-07-17,234.38515,233.49109,231.26021,233.10387,232.95375,230.65375
2004-07-18,258.14664,251.84227,244.16139,265.96054,258.24088,249.07396
2004-07-19,268.1215,268.13336,265.99695,277.35376,278.24387,275.47446
2004-07-20,212.45097,214.4323,216.97632,213.00166,214.9537,216.67737
2004-07-21,231.45328,228.59845,227.29132,231.2431,228.02469,225.79411
2004-07-22,223.25482,225.84096,228.20197,220.41661,223.05237,225.44395
2004-07-23,231.92581,232.8118,235.39963,228.69656,229.30101,231.75502
2004-07-24,209.63904,207.83398,207.36551,216.28711,213.92638,212.01762
2004-07-25,202.39331,199.66528,196.533,203.29118,200.80272,197.29788
2004-07-26,229.76796,225.00975,220.86656,232.88124,228.57866,223.72975
2004-07-27,303.0848,306.37216,307.02866,300.87927,303.13647,303.34875
2004-07-28,220.40384,222.61401,225.66951,223.83485,226.60625,228.92645
2004-07-29,245.82565,245.21054,243.223,234.86679,234.90912,233.61633
2004-07-30,323.60608,322.6918,321.52127,324.15356,323.6447,322.25885
2004-07-31,321.3346,321.42978,321.86902,320.9037,321.23105,321.33493
2004-08-01,301.501,302.0669,301.8758,298.5893,299.4909,298.89697
2004-08-02,194.28249,196.5483,200.08638,188.5694,190.57635,193.79729
2004-08-03,229.94666,230.74135,232.52585,228.27574,230.24063,232.92235
2004-08-04,268.57373,270.64926,271.69037,262.1379,264.9258,266.7241
2004-08-05,235.99374,235.44528,235.53719,229.94142,229.63737,229.42232
2004-08-06,232.4385,232.71605,234.81317,218.95984,219.02899,221.48161
2004-08-07,283.3058,284.48755,283.82214,282.41394,284.1579,283.1134
2004-08-08,272.7093,270.0277,268.28683,280.06366,277.96448,276.25208
2004-08-09,262.05084,262.7001,264.82977,270.31583,270.35355,270.8556
2004-08-10,248.2289,251.27092,255.2305,244.20737,247.46689,251.37822
2004-08-11,203.92186,202.42285,203.60915,211.81277,209.43509,209.66933
2004-08-12,310.2621,309.29218,307.95633,309.92923,309.11182,307.63196
2004-08-13,292.80008,292.7983,292.54932,290.26505,290.5052,290.27765
2004-08-14,188.24455,190.24065,194.9315,183.68684,185.33391,189.7861
2004-08-15,183.93,182.24915,180.93178,182.43648,180.93472,179.22723
2004-08-16,256.91684,254.33582,249.5773,264.77826,261.9219,256.37976
2004-08-17,206.00665,206.16116,208.69397,219.16629,220.52759,224.06715
2004-08-18,255.03455,255.07422,255.4754,261.8602,261.8039,261.4378
2004-08-19,279.5198,277.82153,275.29343,277.92755,276.65057,274.83755
2004-08-20,265.71838,266.2125,265.7317,265.6465,265.59235,264.7197
2004-08-21,191.93195,188.27478,185.33696,195.43018,191.4078,188.15916
2004-08-22,236.02496,233.22235,230.35657,239.69444,236.76703,233.76328
2004-08-23,214.67645,214.39664,212.93195,214.82079,214.41873,212.50029
2004-08-24,282.20105,282.30713,280.24387,283.0697,284.03836,282.5868
2004-08-25,283.67578,282.3821,280.7677,283.14673,281.90482,280.3818
2004-08-26,278.01318,275.61118,271.77402,278.80426,277.52454,275.64868
2004-08-27,231.93718,227.0906,218.00922,248.58148,243.37538,231.74426
2004-08-28,164.1139,168.429,174.57614,160.49706,164.78983,171.2703
2004-08-29,258.19705,259.12524,253.69765,255.69211,257.57898,252.15018
2004-08-30,254.69455,256.38974,250.94502,255.75015,258.7618,253.21829
2004-08-31,259.0072,254.00156,246.512,261.3545,256.45413,249.10811
2004-09-01,261.26523,257.95416,252.575,263.73267,261.02457,256.54828
2004-09-02,228.36002,221.83192,211.938,239.1868,232.9621,222.56995
2004-09-03,192.92122,190.88138,187.4708,196.67508,195.75433,193.70525
2004-09-04,230.57216,224.4479,217.03804,230.20738,223.61516,215.61827
2004-09-05,236.34854,234.96292,233.39531,237.41473,235.81395,234.37099
2004-09-06,244.49223,242.64734,240.48152,246.2876,244.30565,241.94022
2004-09-07,177.27496,179.839,181.35387,171.47972,174.57556,176.79793
2004-09-08,265.97058,264.22845,261.75073,265.57742,264.2136,262.6653
2004-09-09,248.09012,248.97414,248.55606,250.16638,250.68272,250.33463
2004-09-10,147.41302,151.6775,160.18358,146.97522,150.64354,158.79347
2004-09-11,170.26726,170.15106,169.2823,167.74081,167.6874,166.61298
2004-09-12,205.43472,204.29778,203.26056,204.6067,203.65039,202.62636
2004-09-13,225.8057,222.56502,216.15813,227.55219,224.8434,219.39043
2004-09-14,236.46892,234.42244,231.56699,238.20673,236.3953,234.11296
2004-09-15,234.05768,231.64392,228.22447,232.25572,229.64218,226.0657
2004-09-16,212.13986,211.01192,209.28049,209.19672,207.94469,206.37646
2004-09-17,234.22418,232.55096,230.34573,233.54651,231.89656,229.93665
2004-09-18,231.80415,230.36926,227.47395,229.9388,228.57788,225.77106
2004-09-19,227.01604,225.10663,222.97772,225.39015,223.47737,221.64197
2004-09-20,209.58176,208.61775,205.92848,209.51343,208.36699,205.53369
2004-09-21,232.93211,230.7791,228.28912,234.37376,232.34328,230.035
2004-09-22,210.85495,207.48642,203.11053,218.2887,214.13753,208.51732
2004-09-23,193.52266,193.16444,193.57907,190.3707,189.7973,190.54495
2004-09-24,220.78139,219.52588,217.84586,221.72035,220.4955,218.45421
2004-09-25,189.51369,189.18068,191.15561,186.57777,186.15685,188.2542
2004-09-26,210.77757,208.66483,205.11525,211.89043,209.55086,205.07356
2004-09-27,204.29973,199.37027,192.56009,201.38834,197.32236,192.46994
2004-09-28,186.0657,184.59604,182.28662,185.04033,183.7908,181.775
2004-09-29,181.18037,183.28003,185.9931,168.45578,171.56764,175.92293
2004-09-30,165.97757,166.36061,169.56758,155.36288,156.82776,162.58125
2004-10-01,153.70065,154.48526,154.98767,149.11327,150.11192,150.78693
2004-10-02,178.70705,178.61226,179.89946,178.68027,178.76443,179.94312
2004-10-03,192.68672,191.43724,186.72055,187.25009,185.53342,180.23639
2004-10-04,190.7613,189.08897,187.02757,186.11546,184.89227,184.42358
2004-10-05,212.66061,210.95879,208.82843,211.64261,209.98332,207.9172
2004-10-06,157.40738,156.4723,155.35959,153.3199,152.33723,151.29024
2004-10-07,161.2958,160.78534,159.596,158.01634,157.47797,156.41231
2004-10-08,149.9232,148.03047,144.27129,147.49713,145.68282,141.9468
2004-10-09,155.04395,151.7358,147.12193,160.78824,158.00832,153.41713
2004-10-10,129.66286,129.14758,130.57545,133.07928,132.1628,132.72453
2004-10-11,151.49036,148.83492,145.75777,152.90466,150.3132,147.53835
2004-10-12,157.28615,155.1822,153.69179,158.06119,155.79242,153.88213
2004-10-13,179.08347,175.9189,171.41481,181.20163,177.92899,172.85182
2004-10-14,168.79092,166.53598,164.01192,170.4716,168.14722,164.77505
2004-10-15,171.751,168.61328,164.60864,172.38872,169.32695,165.43791
2004-10-16,164.64905,161.19664,157.9935,167.7128,164.14551,160.53625
2004-10-17,156.65038,155.96848,154.53787,156.11229,155.36691,153.72516
2004-10-18,164.54303,162.83594,160.71632,165.36937,163.93578,162.1013
2004-10-19,168.83348,166.96068,164.30771,169.67003,168.02504,165.41759
2004-10-20,169.50499,166.62622,163.8848,169.81921,167.14664,164.43361
2004-10-21,106.83515,109.856575,113.27445,96.21384,99.63606,103.97444
2004-10-22,176.67061,175.03578,172.46475,175.50343,174.44002,172.43037
2004-10-23,178.51169,177.76685,176.17136,177.25832,176.77773,175.28166
2004-10-24,160.9243,159.64168,159.16817,157.91939,156.86984,156.5904
2004-10-25,136.64735,135.05116,133.36154,135.05443,133.45099,131.5177
2004-10-26,119.5101,118.05174,116.06752,114.48278,112.815865,110.88735
2004-10-27,109.60418,107.779564,108.033134,112.6127,110.5627,109.88013
2004-10-28,110.93639,112.79306,113.77388,105.80518,108.114,109.38111
2004-10-29,165.15836,164.25323,162.73149,162.76941,162.15633,160.8719
2004-10-30,144.17989,144.43056,143.69032,147.09381,147.74254,147.2905
2004-10-31,79.009384,76.85427,75.75949,80.291695,78.12045,77.12413
2004-11-01,150.29858,148.44191,144.56076,154.3827,152.29086,147.66763
2004-11-02,51.616787,51.521267,51.873444,51.547237,51.50941,51.77732
2004-11-03,108.00322,103.19479,98.90108,104.45193,99.577805,95.48982
2004-11-04,119.23809,117.48215,115.112495,116.21258,114.71431,112.42904
2004-11-05,130.66702,130.73221,130.63255,126.38479,126.84916,126.88506
2004-11-06,103.15118,101.85735,101.653564,98.67633,97.49847,97.9579
2004-11-07,133.41106,130.82852,126.12545,132.47078,129.89737,124.409004
2004-11-08,98.829895,98.07795,97.44361,101.075165,100.41796,99.413
2004-11-09,115.47841,112.20997,108.2631,118.41357,115.23689,110.95101
2004-11-10,131.76404,130.12495,127.94866,129.72073,128.25473,126.04465
2004-11-11,106.50814,106.536804,107.25657,101.22085,101.13866,101.7352
2004-11-12,129.57628,128.5304,126.91442,130.71811,129.3253,127.43413
2004-11-13,72.289406,68.87774,66.135056,72.66703,68.96438,66.02487
2004-11-14,74.60272,75.036255,75.831085,71.86065,72.13362,72.88347
2004-11-15,115.814354,116.08195,116.74983,109.9481,110.112724,111.22384
2004-11-16,129.70552,129.36275,128.73529,126.85544,126.71476,126.548584
2004-11-17,103.01964,101.99414,100.423,103.6421,102.70694,101.18142
2004-11-18,126.94238,125.23598,123.06394,126.83058,124.9751,122.574005
2004-11-19,113.66666,112.74692,111.250984,113.39693,112.64141,111.13398
2004-11-20,93.92718,89.68012,83.43856,92.96344,88.46681,82.12865
2004-11-21,108.21572,107.79217,107.42369,106.55094,106.06496,105.663994
2004-11-22,128.60715,127.67391,126.46875,126.63845,125.80809,124.83338
2004-11-23,103.08172,103.06633,102.899,101.92066,101.9397,101.73175
2004-11-24,112.45408,111.888695,111.12716,114.06356,113.39304,112.410446
2004-11-25,81.249405,78.57423,75.78983,90.84451,87.949974,84.840576
2004-11-26,115.19618,112.859,109.99986,115.88992,113.93969,111.612946
2004-11-27,109.96246,110.069954,109.84342,112.023254,111.95764,111.50186
2004-11-28,107.008736,105.5824,103.8151,107.908676,106.32239,104.28045
2004-11-29,95.017105,93.45224,90.57558,96.530174,94.7562,91.37134
2004-11-30,72.070526,70.630905,68.77629,75.20047,73.76768,71.71111
2004-12-01,97.92463,96.83289,94.77995,96.213394,95.42769,93.95531
2004-12-02,77.671684,77.17591,75.45389,78.55262,77.932106,76.076294
2004-12-03,100.560776,99.800674,98.79625,101.30199,100.51133,99.535805
2004-12-04,93.30569,92.88771,90.14594,97.45447,97.36259,94.740166
2004-12-05,98.04313,97.001976,96.30145,96.677475,95.95219,95.7524
2004-12-06,93.73878,92.21818,91.45092,90.25365,89.02509,89.07932
2004-12-07,78.65007,76.532486,74.851845,80.707924,78.4705,77.05678
2004-12-08,104.716225,102.75213,98.74612,102.425,100.478424,96.55458
2004-12-09,97.49304,97.18445,96.14253,95.49472,95.33266,94.326256
2004-12-10,101.490974,99.81014,98.06571,100.03995,98.404076,96.701035
2004-12-11,102.160164,101.24936,100.38735,101.56157,100.714,99.887566
2004-12-12,98.51176,96.98614,94.92679,98.22604,96.81505,94.94513
2004-12-13,97.18815,96.18651,95.13805,95.53862,94.775734,94.12715
2004-12-14,103.02556,102.044716,100.82533,101.827736,101.00576,100.00198
2004-12-15,101.67521,100.9161,99.883575,100.43099,99.7829,98.830666
2004-12-16,107.098465,105.80127,103.97444,105.92602,104.9474,103.68248
2004-12-17,97.40682,95.695206,93.40886,96.89802,95.335495,93.16202
2004-12-18,79.05439,76.93931,74.93888,81.031204,78.5831,75.999535
2004-12-19,105.08546,103.54234,101.03188,103.8233,102.316025,99.716774
2004-12-20,102.24023,101.00381,100.10599,102.37832,101.39419,100.80511
2004-12-21,100.09695,99.2374,98.50231,98.3943,97.64374,97.05613
2004-12-22,89.51702,89.367836,88.621155,87.28685,87.26049,86.82366
2004-12-23,101.96393,100.82684,99.606,99.73057,98.56835,97.30269
2004-12-24,106.35143,105.36117,104.34262,104.62202,103.61021,102.4707
2004-12-25,98.51916,97.58236,96.71313,98.021385,97.196014,96.37207
2004-12-26,62.18812,61.965355,61.70345,61.586758,61.48112,60.979637
2004-12-27,46.309845,45.25066,44.25204,47.153015,46.020058,44.864418
2004-12-28,105.94884,105.52713,103.91872,104.945946,104.711815,103.30704
2004-12-29,108.90806,108.138626,107.38436,108.427284,107.73215,106.957146
2004-12-30,95.202324,93.67905,91.80465,98.492546,97.18376,95.41329
2004-12-31,90.74836,89.906525,88.10033,95.46439,94.662766,92.86385
2005-01-01,56.19775,56.41125,56.55523,56.92463,56.93758,56.50746
2005-01-02,51.300823,50.71347,49.439224,51.007343,50.4893,49.297943
2005-01-03,64.26956,60.526978,58.013935,61.45101,57.894855,55.670128
2005-01-04,97.40109,96.16182,94.147446,95.46229,94.16006,91.86987
2005-01-05,89.91031,88.485245,87.31727,88.14978,86.566086,85.212036
2005-01-06,102.97978,101.81406,100.02274,102.06943,101.0628,99.46706
2005-01-07,100.49419,99.478355,98.06157,97.51117,96.68842,95.65063
2005-01-08,120.15155,119.00289,117.37305,119.5273,118.64996,117.17952
2005-01-09,120.89897,119.2807,116.85222,120.38066,118.75976,116.14296
2005-01-10,111.20853,110.40027,110.20571,110.96894,110.3907,110.772675
2005-01-11,121.39571,119.19668,116.19143,120.59674,118.69803,116.2099
2005-01-12,118.508125,118.090515,117.38344,117.43193,117.03478,116.39747
2005-01-13,91.359406,89.673744,87.909744,90.90868,89.21281,87.39604
2005-01-14,77.30616,76.965004,75.987465,78.959206,78.759964,77.96998
2005-01-15,54.860027,53.484905,51.83717,54.672066,53.448803,51.789883
2005-01-16,110.338776,109.00481,107.670166,108.93555,107.76329,106.88995
2005-01-17,113.70406,113.25119,112.69538,111.55331,111.07783,111.15467
2005-01-18,64.77512,64.924805,64.61673,66.032875,66.20437,65.91578
2005-01-19,61.784344,60.91787,59.770794,62.092297,61.181686,60.00671
2005-01-20,105.63267,105.35886,104.43345,102.27079,102.0226,101.27158
2005-01-21,115.42743,113.732994,110.60272,118.77047,117.3273,114.29284
2005-01-22,144.90648,143.20834,140.88583,145.11537,143.54626,141.38182
2005-01-23,69.359146,70.48261,71.819885,70.094025,71.51911,73.35972
2005-01-24,97.83674,93.0752,85.65213,97.52678,92.972015,85.68246
2005-01-25,145.57413,142.79973,137.69112,145.08344,142.33221,137.1268
2005-01-26,152.99744,151.99922,150.53967,152.55257,151.52368,150.03346
2005-01-27,117.59113,117.4434,117.00646,117.92645,117.75114,117.2932
2005-01-28,138.29596,136.7653,134.04361,134.49155,132.96461,130.27837
2005-01-29,125.21914,124.33393,123.31117,123.42574,122.81993,122.44427
2005-01-30,150.41418,148.3391,146.07915,147.80449,145.94044,144.34561
2005-01-31,107.4038,106.18939,104.80755,108.069305,106.64764,105.049164
2005-02-01,134.00046,134.23291,133.62303,132.68431,132.64236,131.79073
2005-02-02,135.691,134.25838,132.85213,134.71477,133.01782,131.14247
2005-02-03,146.98799,145.63898,144.05406,144.7081,143.26099,141.42717
2005-02-04,118.87419,117.76519,116.55044,121.787186,120.569984,119.379135
2005-02-05,143.12553,141.51846,139.92967,144.38754,142.96684,141.47398
2005-02-06,115.29395,115.82598,116.07625,114.27238,114.78976,115.10763
2005-02-07,137.38217,137.06593,136.32837,135.69334,135.4736,134.91664
2005-02-08,177.72136,175.37297,171.96559,177.5307,175.49464,172.71863
2005-02-09,178.16571,177.23793,175.35938,178.04883,177.02356,175.04428
2005-02-10,109.10269,108.4017,108.16771,102.531105,101.905136,101.79172
2005-02-11,126.052475,124.875694,123.09593,125.21766,124.22656,122.808525
2005-02-12,75.14341,72.37678,70.40937,73.602066,71.10587,69.16679
2005-02-13,108.4428,108.07003,111.552734,103.11111,102.93723,107.253395
2005-02-14,155.18379,154.87608,154.56604,153.14095,153.50793,154.51878
2005-02-15,181.44502,179.38899,176.7083,181.65616,179.59459,177.02142
2005-02-16,187.65903,186.40108,184.87576,186.43529,185.29366,183.88823
2005-02-17,156.11644,155.10457,153.80971,149.68593,149.20714,149.82913
2005-02-18,125.92424,125.28714,124.443,120.86438,120.237465,119.49134
2005-02-19,94.42891,95.73936,97.38652,95.43134,96.58544,98.06024
2005-02-20,76.768036,75.42529,73.67858,74.944664,73.77442,72.35974
2005-02-21,104.23833,102.84328,101.61024,102.009056,100.26435,98.76407
2005-02-22,157.97865,155.39352,150.9516,155.53839,152.85893,148.3948
2005-02-23,194.85313,191.12186,186.2144,193.03084,189.26826,184.24796
2005-02-24,184.14723,182.62874,180.9128,183.77174,182.30174,180.60242
2005-02-25,184.88704,180.72015,176.64381,187.31218,183.54047,179.84949
2005-02-26,191.83836,187.96382,184.64249,194.67867,191.06349,187.85216
2005-02-27,118.067856,117.08994,114.9471,118.244,117.37353,115.33719
2005-02-28,194.87212,193.1586,193.33746,192.23407,190.84084,192.20476
2005-03-01,110.29134,109.424286,108.57516,111.00898,110.156425,109.376114
2005-03-02,85.54426,84.80209,84.61832,77.44513,76.90922,77.273865
2005-03-03,127.76627,125.04853,123.55079,129.03003,126.41053,124.868835
2005-03-04,159.55908,154.55925,148.66609,158.03368,153.27686,147.4417
2005-03-05,214.45306,210.46606,205.81033,213.29283,209.7091,205.67477
2005-03-06,194.75302,191.33745,186.91956,196.47118,193.19029,188.90399
2005-03-07,233.22072,229.40526,223.6717,233.51808,229.96031,224.19298
2005-03-08,197.36682,199.15704,200.55243,192.23935,194.35762,195.90817
2005-03-09,188.99203,185.76665,182.56264,191.9938,189.09586,186.16782
2005-03-10,242.4534,240.84007,238.47722,242.26668,240.99426,238.7019
2005-03-11,164.97134,166.768,167.05879,170.68372,172.31503,172.1965
2005-03-12,154.04752,155.54697,159.61787,156.98384,158.78584,163.01938
2005-03-13,108.752975,110.13201,112.595695,108.359406,110.23866,113.42457
2005-03-14,151.63689,147.40863,142.145,140.28667,135.68028,129.93303
2005-03-15,190.98016,187.79745,185.30888,184.70758,181.51114,179.12016
2005-03-16,232.67299,232.19397,230.72937,236.74672,236.52434,235.05872
2005-03-17,96.51789,94.3173,92.08781,95.1282,93.48393,91.60451
2005-03-18,212.20956,208.95714,205.07965,212.09386,208.29921,203.33633
2005-03-19,230.94235,228.60269,225.30704,231.41823,229.18558,225.41757
2005-03-20,248.94876,247.76389,246.0611,252.57304,251.45657,249.51376
2005-03-21,140.62521,140.49962,140.00499,145.06303,145.38632,145.4544
2005-03-22,251.94528,251.86636,251.25555,258.88803,258.4229,257.23608
2005-03-23,261.67697,260.5206,259.01956,268.37997,267.2732,265.45322
2005-03-24,270.0887,268.76248,267.06747,268.77063,267.8532,266.3816
2005-03-25,268.16104,266.2017,264.03665,270.22552,268.66876,266.49362
2005-03-26,255.9366,253.24126,250.06801,259.95862,258.59726,257.18094
2005-03-27,234.00668,231.33351,227.74992,244.27458,242.23236,238.35776
2005-03-28,223.56635,216.82419,207.58894,226.3383,219.82155,211.2902
2005-03-29,124.524826,118.68324,118.52424,126.20011,121.13931,121.49621
2005-03-30,179.64539,175.29199,167.22702,179.197,174.61703,166.24637
2005-03-31,186.0597,183.05792,177.95377,187.84859,184.93951,179.31383
2005-04-01,205.34807,203.06964,199.55157,198.07585,196.39017,193.55476
2005-04-02,200.50092,201.95024,204.87732,201.07474,202.81825,206.28256
2005-04-03,259.42883,256.52176,252.62238,262.57315,260.27075,256.9617
2005-04-04,239.5567,240.45052,241.32814,252.9643,253.94186,254.25337
2005-04-05,224.84676,223.84624,223.74046,222.1266,222.26932,224.62256
2005-04-06,274.23523,269.99106,261.58548,273.5507,269.93375,262.43344
2005-04-07,279.41153,279.18552,277.44012,277.76453,277.99567,276.5167
2005-04-08,199.52733,201.03351,204.84302,183.68646,185.58412,190.8916
2005-04-09,252.89738,255.19699,252.97054,256.24133,258.42014,256.02283
2005-04-10,217.80527,215.42514,213.01457,227.8926,224.07236,218.18845
2005-04-11,157.72957,152.22531,149.01224,158.50317,152.79831,149.38101
2005-04-12,205.10681,202.00638,197.3011,205.67746,202.44293,197.74828
2005-04-13,257.25955,258.87228,259.8256,254.90752,256.6374,258.04938
2005-04-14,225.84102,226.8523,229.07185,217.19168,218.864,223.10559
2005-04-15,243.23172,237.4769,230.47356,246.91591,241.02605,233.50255
2005-04-16,274.69016,275.7296,272.20203,277.08856,278.3673,274.4911
2005-04-17,255.55241,253.95346,251.7716,253.02016,251.8143,250.4464
2005-04-18,255.89442,256.56982,256.00446,254.36713,254.69559,254.0782
2005-04-19,237.54243,234.72578,229.96631,235.75464,232.98566,229.42892
2005-04-20,257.18536,258.9797,259.6165,249.15005,251.47212,253.48915
2005-04-21,266.97583,265.0177,262.25348,268.67126,266.77213,264.86807
2005-04-22,296.6481,296.8245,294.65778,295.11945,295.3896,293.8037
2005-04-23,251.53307,248.97122,246.2903,250.35016,247.65439,245.59592
2005-04-24,277.21222,276.40286,274.5089,283.0707,281.4302,279.2963
2005-04-25,254.13896,252.78569,251.28635,270.32074,268.49744,267.2024
2005-04-26,190.84355,189.59062,189.0926,196.39818,194.65738,194.74803
2005-04-27,150.1017,149.7478,153.96484,141.9009,140.6764,144.95648
2005-04-28,216.65631,217.44435,219.51161,211.40648,212.0591,214.31429
2005-04-29,282.87585,277.19266,270.2408,281.94922,276.49075,271.04007
2005-04-30,235.23871,240.10564,243.86484,250.29237,254.57333,258.33627
2005-05-01,203.67178,199.88641,198.34132,206.75928,202.26376,201.32483
2005-05-02,168.00137,167.17882,167.80312,178.53152,176.40205,175.40173
2005-05-03,146.9865,147.17168,146.7352,129.11855,128.25864,127.476685
2005-05-04,107.218506,105.464676,105.28659,106.37508,104.06062,103.733795
2005-05-05,284.43652,286.71765,287.03738,277.02222,279.01236,280.38324
2005-05-06,280.678,279.27322,277.1138,283.43176,282.0154,280.57056
2005-05-07,301.30936,300.72293,298.29514,299.8438,298.9087,297.05792
2005-05-08,242.44437,243.33711,242.83212,242.57869,243.59683,244.17036
2005-05-09,317.1912,315.78885,311.31595,318.8139,317.4118,314.23358
2005-05-10,259.37427,256.29858,256.2525,246.01501,242.43924,244.49803
2005-05-11,329.6324,329.43863,329.6548,329.1218,328.7365,330.6033
2005-05-12,331.37753,331.07428,330.47443,331.70297,330.71573,330.7678
2005-05-13,330.34503,330.24872,328.35712,330.10898,329.1525,327.49643
2005-05-14,218.26346,217.37352,217.42177,216.01784,214.4098,214.31241
2005-05-15,322.27798,321.35126,319.88202,322.9502,321.3681,321.05142
2005-05-16,314.47568,314.19446,314.15793,316.65442,316.0425,317.2161
2005-05-17,343.60724,343.32672,341.80716,347.28842,347.02194,347.02884
2005-05-18,319.8117,319.1796,318.13177,318.37143,317.14,316.84488
2005-05-19,326.45563,324.9547,321.56436,326.4832,324.36008,321.496
2005-05-20,237.95976,229.85077,218.92978,234.12051,225.52982,214.98402
2005-05-21,159.75058,159.66068,169.94716,162.56563,162.47894,173.37471
2005-05-22,206.88889,214.71616,227.35481,218.38126,226.85979,241.2517
2005-05-23,306.98743,311.1426,309.12323,314.66647,318.0045,316.0256
2005-05-24,289.89108,288.1797,287.21243,293.91678,291.8037,291.52682
2005-05-25,320.02908,318.67297,316.32596,327.54303,325.6229,323.57483
2005-05-26,311.22253,308.53693,305.78845,319.67874,316.2826,313.0712
2005-05-27,288.9793,287.15332,283.82437,284.10825,281.9945,278.49695
2005-05-28,250.67891,250.34953,249.13533,239.08226,238.65134,238.19673
2005-05-29,309.49515,310.11508,309.07855,314.0805,313.98096,312.91852
2005-05-30,265.66034,265.37283,262.63135,261.4343,260.9474,258.75766
2005-05-31,297.1913,297.2516,295.47284,297.89362,297.2406,295.53073
2005-06-01,297.87537,300.4817,304.14133,295.73828,298.3601,302.72928
2005-06-02,236.16583,237.06346,236.5052,221.44965,221.25851,220.29482
2005-06-03,214.43959,214.91035,214.92758,207.7359,207.68306,207.77547
2005-06-04,170.02724,169.22192,171.56316,172.8101,172.03209,174.90001
2005-06-05,198.99582,195.0021,188.4718,206.21913,201.66768,194.65663
2005-06-06,286.8086,285.32278,279.20657,300.40146,298.54596,292.5117
2005-06-07,376.1187,376.72116,376.32617,375.7706,375.78314,376.02142
2005-06-08,367.55264,367.36554,366.1383,368.34973,367.33002,366.0786
2005-06-09,344.43375,341.74258,338.3014,348.59756,346.24924,344.33438
2005-06-10,276.92972,271.5259,266.49677,293.04907,286.7483,281.24765
2005-06-11,227.23537,225.9,226.23463,231.41928,229.14603,228.73866
2005-06-12,290.9741,290.3168,288.85434,293.40292,291.6285,290.15515
2005-06-13,325.30524,324.83932,324.83514,324.53555,323.7771,324.39658
2005-06-14,374.13992,374.25052,373.02216,378.18445,377.95694,377.01938
2005-06-15,357.47552,357.39304,356.06583,361.66287,361.0024,359.7193
2005-06-16,244.27249,244.45686,244.06699,247.70479,247.54747,247.0805
2005-06-17,267.69122,266.07242,262.6086,269.3925,267.2353,263.55115
2005-06-18,347.73325,346.0843,342.02676,345.3709,343.06082,338.54108
2005-06-19,319.82538,321.17065,321.37793,323.20944,324.73547,325.31277
2005-06-20,291.37115,291.79678,292.42334,301.11935,300.71353,301.2285
2005-06-21,313.50287,310.03366,306.04608,325.5126,321.40765,316.58588
2005-06-22,362.40225,360.70624,355.28046,362.14972,360.70633,355.58685
2005-06-23,341.92102,341.05948,338.10492,339.5643,337.84625,333.51392
2005-06-24,323.31744,324.93365,328.30466,320.35233,321.88776,325.3336
2005-06-25,184.69835,183.6586,182.9874,185.4815,184.41873,184.008
2005-06-26,266.70193,269.50696,269.52515,264.44308,267.8995,267.87842
2005-06-27,339.1233,343.74332,343.64462,329.79254,336.28113,337.5232
2005-06-28,327.25995,324.61475,322.4692,316.48346,312.76022,309.7055
2005-06-29,354.98737,355.28174,354.5601,355.70438,355.76187,354.38367
2005-06-30,323.57077,323.79413,324.24393,322.6551,322.9264,323.45673
2005-07-01,334.94284,334.98718,333.80466,334.6526,334.63406,333.57822
2005-07-02,333.88196,334.02298,334.11484,338.055,337.88507,337.4034
2005-07-03,353.68622,353.01056,351.81485,372.69446,372.29904,370.4397
2005-07-04,371.19006,370.54312,368.57074,373.4405,372.91354,370.7526
2005-07-05,334.84674,330.00565,323.8742,339.55283,334.9349,328.20364
2005-07-06,205.59268,197.6736,188.91687,209.78894,201.40945,191.60625
2005-07-07,208.5697,207.42114,207.99059,204.93158,203.97957,204.28294
2005-07-08,304.14005,303.0039,302.63773,306.1124,305.3829,305.8686
2005-07-09,297.162,297.56027,298.4557,295.97388,296.24234,296.22324
2005-07-10,295.97025,298.59232,301.0954,294.1451,297.26865,299.21786
2005-07-11,294.08112,295.27942,295.4866,296.45825,297.4719,296.62408
2005-07-12,290.50803,293.98972,298.9744,290.7438,294.48767,299.052
2005-07-13,312.47757,313.7163,314.67075,309.94647,311.43076,311.94922
2005-07-14,317.15024,321.4521,321.5588,315.4603,320.59335,319.84454
2005-07-15,232.93724,233.35075,235.73615,231.85973,231.72261,233.55911
2005-07-16,343.38547,342.29434,339.00186,345.22675,343.97592,339.86203
2005-07-17,262.40683,264.6848,267.48422,260.3931,263.17188,266.8074
2005-07-18,209.54385,214.37294,220.09634,208.15646,213.18187,218.59076
2005-07-19,196.97021,193.18814,191.57967,195.65668,191.55057,189.55042
2005-07-20,250.05864,245.41444,245.0639,249.80128,245.00807,243.5105
2005-07-21,255.94478,258.17056,261.69028,245.76964,248.58948,252.38374
2005-07-22,244.96452,247.94672,252.85541,253.16472,255.73466,259.52618
2005-07-23,337.22452,337.29193,338.38156,338.8757,339.65298,340.9089
2005-07-24,318.4179,317.51526,317.62274,322.53082,322.24927,322.16476
2005-07-25,320.80988,321.32068,321.67227,319.39838,319.95526,319.30762
2005-07-26,270.42786,270.73047,272.31842,272.49512,272.72812,273.79727
2005-07-27,231.45045,231.51756,233.03194,221.60551,222.33423,224.0416
2005-07-28,283.7681,282.71698,281.91037,279.76678,279.2839,279.09076
2005-07-29,289.35312,289.19946,289.6478,287.902,288.27234,288.22775
2005-07-30,294.05695,292.52908,289.3661,293.1514,292.81094,291.03647
2005-07-31,288.50443,282.17712,273.84528,293.38235,286.976,277.14517
2005-08-01,285.33246,286.40042,287.2576,284.68118,285.71317,285.84158
2005-08-02,199.49828,200.86046,203.37553,193.98495,195.21681,197.67336
2005-08-03,224.4134,224.95857,225.88924,225.16806,225.80267,226.82265
2005-08-04,251.65504,248.3222,243.01503,254.89261,251.81209,245.74083
2005-08-05,269.89407,267.62347,263.342,268.09167,266.03247,262.0458
2005-08-06,296.1474,292.04855,286.07816,302.01404,298.31625,291.58514
2005-08-07,222.97533,225.21272,230.10457,205.71204,208.52829,214.0023
2005-08-08,181.78539,183.51732,184.99925,175.01765,176.04593,176.15955
2005-08-09,175.08763,173.7833,171.84209,173.37427,171.71584,169.43768
2005-08-10,292.0732,293.24622,293.38507,297.199,299.04022,297.94687
2005-08-11,247.69109,251.58467,253.37508,239.97392,243.90306,246.38426
2005-08-12,223.59044,225.88478,230.22769,220.18126,222.07268,225.96446
2005-08-13,215.67523,211.65213,208.95816,220.7687,216.70532,213.15103
2005-08-14,284.75824,284.1737,284.6656,281.0074,280.5305,281.3522
2005-08-15,294.89758,294.96478,294.67007,293.6252,293.7976,293.36322
2005-08-16,273.69052,272.61285,270.99985,271.91278,270.96503,269.3495
2005-08-17,255.62871,256.81866,258.29684,256.10208,257.37982,258.6249
2005-08-18,262.5032,261.44083,260.3848,261.70532,260.66177,259.36215
2005-08-19,272.76843,273.40372,273.8417,273.68658,274.8268,275.56445
2005-08-20,296.74808,295.9675,295.26874,296.03607,295.24765,294.4931
2005-08-21,199.80186,203.59726,206.81804,192.55074,196.43997,199.93173
2005-08-22,143.73141,144.25818,149.96819,150.36287,150.25009,154.59239
2005-08-23,199.94284,199.66759,200.03165,205.78021,204.98343,204.28777
2005-08-24,239.9789,237.02739,234.35178,241.22005,238.60129,236.36235
2005-08-25,258.0669,254.78548,249.91823,261.9194,258.9021,253.96552
2005-08-26,260.3914,260.4365,258.31467,259.97897,260.54153,258.95642
2005-08-27,278.47647,277.25357,275.94138,279.17642,278.37222,277.6634
2005-08-28,253.52533,252.20337,251.09195,250.32211,248.51903,246.95871
2005-08-29,263.4071,263.38547,262.20627,270.10422,270.10403,269.10767
2005-08-30,175.50946,176.2794,183.83484,174.9483,175.19504,182.77235
2005-08-31,232.65688,229.8083,225.86829,234.66145,231.50215,227.32703
2005-09-01,252.86629,250.8459,247.45251,251.93886,250.48112,248.25189
2005-09-02,240.39241,238.0738,235.22908,239.61963,237.34044,234.8728
2005-09-03,223.89867,223.79987,223.18808,220.27736,220.10951,219.8086
2005-09-04,203.89516,204.22038,202.46591,203.77397,203.94963,202.76913
2005-09-05,251.55592,250.67407,247.7088,260.70844,260.2411,258.71072
2005-09-06,251.98323,251.1978,250.62494,246.90019,246.0452,245.74062
2005-09-07,261.02567,259.6026,257.76947,260.7015,259.36374,257.95782
2005-09-08,227.92914,227.57072,226.8663,219.91452,219.70988,219.28255
2005-09-09,226.4278,225.48752,223.95842,223.80367,223.07288,222.01918
2005-09-10,240.09998,238.39227,236.94402,243.71994,242.2128,241.16595
2005-09-11,227.96054,224.29979,220.52397,229.45018,225.81941,222.11624
2005-09-12,221.65851,220.14217,218.5633,222.73857,221.26656,220.05861
2005-09-13,214.79944,214.46747,213.13425,212.38011,212.19131,211.2787
2005-09-14,190.60419,187.30385,181.96956,190.26532,187.15555,182.15045
2005-09-15,207.04132,205.74425,205.22224,200.67688,199.79153,200.3923
2005-09-16,249.04366,247.4785,245.56107,248.71355,247.05972,245.31897
2005-09-17,234.52388,232.51224,230.0157,231.24738,229.1799,226.83968
2005-09-18,222.79218,220.49567,217.61012,223.43935,221.11815,218.45865
2005-09-19,224.67545,224.40045,223.60556,233.91853,233.6917,232.92584
2005-09-20,231.2644,229.52779,227.62148,236.86476,235.34943,233.76411
2005-09-21,220.15701,217.64423,214.33217,223.25824,220.88715,217.71638
2005-09-22,210.21278,210.84862,210.15353,209.43245,210.35297,210.03828
2005-09-23,197.53726,195.8075,194.73122,190.85637,189.29776,188.65376
2005-09-24,222.98346,222.73523,220.2472,226.87161,227.35385,226.22198
2005-09-25,139.60266,142.31989,143.20207,140.73006,143.63788,145.19522
2005-09-26,112.38004,107.6457,105.19536,112.54902,107.760574,105.62561
2005-09-27,153.01956,149.63716,146.25949,156.24579,152.35384,148.3314
2005-09-28,181.13219,177.58058,171.63834,181.25163,177.8361,171.70409
2005-09-29,190.32187,189.13321,188.63985,184.69652,183.59023,183.89075
2005-09-30,85.42464,84.338005,83.36623,86.91352,85.71639,84.970726
2005-10-01,139.50383,137.93701,136.33682,138.78186,137.21458,135.53322
2005-10-02,141.83276,143.01372,142.70177,137.50609,139.38611,140.57913
2005-10-03,92.00608,90.06218,88.685234,90.715744,88.43371,86.32819
2005-10-04,165.64252,163.1315,162.91182,166.62852,163.66403,163.14839
2005-10-05,168.92647,169.45961,172.03276,159.93655,160.33492,163.7583
2005-10-06,217.38908,215.67633,213.59422,216.50409,214.86092,212.90073
2005-10-07,208.17177,206.34122,204.42918,206.05968,204.53665,203.2829
2005-10-08,199.07127,198.40297,197.82077,197.72078,197.13884,196.62454
2005-10-09,200.71355,200.33278,198.81381,201.02547,200.33157,198.72913
2005-10-10,174.19865,172.81471,173.7758,174.61183,173.52126,174.7861
2005-10-11,187.99391,187.76958,186.96837,185.23169,185.36218,184.83934
2005-10-12,144.71268,142.95233,141.23038,149.92177,147.40465,144.80783
2005-10-13,188.88063,187.50015,184.8679,188.73854,187.20491,184.1883
2005-10-14,131.31934,133.37314,135.77206,132.2042,134.10121,136.55878
2005-10-15,98.2281,92.8501,90.17321,97.80459,92.156624,89.63272
2005-10-16,185.81552,184.68417,183.56483,183.62971,182.46086,181.79852
2005-10-17,163.68442,163.78987,164.25198,161.9401,161.93013,162.2944
2005-10-18,169.57347,169.45235,170.18231,164.4747,164.89032,166.32486
2005-10-19,190.57727,188.9176,186.9243,189.8268,188.30035,186.38123
2005-10-20,166.3339,161.69772,155.80771,172.96939,168.8536,162.70113
2005-10-21,117.1586,116.812416,115.10277,106.99126,106.81633,106.00576
2005-10-22,145.12271,147.27579,150.22041,138.37599,141.1163,144.77267
2005-10-23,145.98593,144.85179,143.15468,142.95964,142.29292,141.59563
2005-10-24,176.53311,174.70105,171.01825,175.79332,174.34554,170.86066
2005-10-25,164.49081,163.1887,160.91733,161.26602,160.57265,159.15645
2005-10-26,129.21436,131.7375,133.4002,124.02082,126.81927,128.64006
2005-10-27,173.57152,171.17871,168.11797,174.07616,171.84813,168.94334
2005-10-28,178.44713,176.69669,174.47691,177.79965,176.20467,174.08467
2005-10-29,174.92921,172.77083,169.51662,174.49655,172.89188,170.49997
2005-10-30,166.06885,164.08629,160.79689,168.9059,167.24512,164.17592
2005-10-31,149.84865,147.25877,143.21584,150.56909,148.32959,144.46393
2005-11-01,100.97818,97.7091,95.22871,102.54374,98.82931,95.666046
2005-11-02,136.0673,132.41576,127.26824,136.06505,132.67247,127.30899
2005-11-03,132.68462,131.67595,130.53056,130.79832,129.72766,128.20604
2005-11-04,129.49663,130.03087,130.47833,125.22707,125.7143,126.5452
2005-11-05,105.360954,104.743576,105.18361,103.37697,102.740555,103.08827
2005-11-06,124.5963,121.066414,116.55338,120.269714,116.10871,110.90287
2005-11-07,129.08755,128.92899,124.92095,128.03333,127.52378,122.37115
2005-11-08,122.878586,122.15016,119.89745,120.34888,119.53758,117.11571
2005-11-09,116.34352,116.748665,118.28047,110.560875,110.896835,113.203896
2005-11-10,114.171295,112.23485,109.18149,111.62965,109.725006,106.65188
2005-11-11,67.68877,64.314674,61.39988,69.882645,66.30954,63.196117
2005-11-12,65.33652,67.105774,68.62397,65.745995,67.49857,68.67256
2005-11-13,108.49569,108.03368,107.682076,107.42862,107.23942,107.16612
2005-11-14,134.07495,133.60474,132.89236,133.58011,133.00398,131.88004
2005-11-15,106.98022,105.40211,103.72195,107.44431,106.30654,105.22379
2005-11-16,120.65004,119.95687,119.35637,120.777306,119.90629,118.9893
2005-11-17,75.178764,75.07156,75.05711,78.179825,78.168976,78.20794
2005-11-18,128.22058,129.0455,128.29617,132.3642,133.25328,131.93367
2005-11-19,77.814995,75.51267,73.83892,77.73702,75.39784,73.52656
2005-11-20,94.61205,95.627975,95.19874,96.99212,97.95561,97.257805
2005-11-21,94.74072,92.29574,90.42464,90.768875,87.91754,85.44457
2005-11-22,106.40532,105.81444,105.48759,108.33478,107.61091,106.44567
2005-11-23,59.731102,57.868763,56.654327,61.78432,59.48395,57.986153
2005-11-24,70.937225,69.69895,68.41431,75.072754,73.57081,71.97441
2005-11-25,105.88698,103.63551,99.92862,108.16183,106.34198,102.97097
2005-11-26,109.36624,109.63097,109.100075,108.2634,108.77162,108.36508
2005-11-27,117.7741,116.88474,115.86887,114.631805,113.97623,113.42876
2005-11-28,106.44316,105.00489,103.77327,108.47045,107.07297,105.620255
2005-11-29,44.647324,43.130306,41.38225,43.080124,41.71825,40.1244
2005-11-30,91.322205,91.83374,92.774445,86.75744,87.36637,88.720024
2005-12-01,101.312584,100.59034,100.00275,99.336235,98.56485,98.08426
2005-12-02,101.93332,101.3002,100.92353,100.75874,100.163734,99.78935
2005-12-03,103.20158,102.67008,101.75969,101.62468,101.469894,101.083084
2005-12-04,66.34774,63.05971,60.49183,62.550346,59.308575,57.163807
2005-12-05,75.89756,71.504456,68.16142,79.13085,74.51451,70.29382
2005-12-06,114.833786,113.95779,111.0781,113.71878,112.90861,109.82644
2005-12-07,110.77535,108.3259,103.92916,108.31307,105.5988,100.750534
2005-12-08,93.32207,91.607475,90.44491,91.38937,89.80128,88.74987
2005-12-09,106.91331,104.85975,102.2808,104.98833,102.84126,100.131004
2005-12-10,105.758385,104.60829,102.95703,104.72841,103.68598,102.12009
2005-12-11,101.48435,100.6219,99.17453,100.154655,99.51288,98.19881
2005-12-12,60.568203,58.83631,57.53171,63.738777,61.846004,60.564514
2005-12-13,94.035835,91.04982,87.18266,95.96208,93.19729,89.40901
2005-12-14,89.13142,87.55353,86.4806,85.83931,84.38275,83.93297
2005-12-15,94.758224,94.90982,94.157906,95.186745,95.21071,94.37278
2005-12-16,79.681755,76.693275,73.39798,83.12023,79.963165,76.42977
2005-12-17,71.52158,71.72227,70.34903,72.93924,73.16076,71.353294
2005-12-18,86.784485,86.01726,85.693954,83.68648,82.826775,82.73385
2005-12-19,80.41658,78.46448,77.02898,84.44609,82.29776,80.52098
2005-12-20,100.00806,98.14078,94.4109,97.55107,95.59581,91.69317
2005-12-21,92.24871,91.8648,91.232124,87.98011,87.9172,87.8773
2005-12-22,80.803955,81.64147,82.295,80.155785,81.12665,82.01391
2005-12-23,73.01326,72.569115,71.61437,72.527504,72.27644,71.72428
2005-12-24,60.792343,60.053436,59.082508,59.004486,58.553127,57.704044
2005-12-25,58.748207,57.46416,56.2761,56.714188,55.394287,54.461475
2005-12-26,82.09059,82.076744,82.276375,79.19249,79.43386,79.78322
2005-12-27,97.83473,96.83656,96.00856,96.49465,95.56428,94.76601
2005-12-28,96.07355,95.95309,95.40529,94.62458,94.65331,94.040665
2005-12-29,84.41771,84.62877,83.87659,83.61693,83.97167,83.09258
2005-12-30,87.808365,87.69515,87.75025,83.73365,83.81812,84.17016
2005-12-31,58.649616,57.676006,56.50148,56.00621,55.176807,54.319416
2006-01-01,76.259514,73.56386,70.74877,75.6598,72.95503,70.43361
2006-01-02,91.13652,88.95594,86.778625,95.56511,93.61107,91.54057
2006-01-03,72.157005,71.2477,71.18203,69.02392,68.026825,67.712715
2006-01-04,79.85264,78.72839,77.331474,75.66223,74.74437,73.85953
2006-01-05,104.95593,104.63245,104.56343,101.296005,101.08742,101.477196
2006-01-06,107.87539,106.09233,103.94466,107.21991,105.61653,103.94933
2006-01-07,52.241493,51.50778,50.029785,53.155155,52.51526,51.00076
2006-01-08,79.877815,79.80848,79.21437,78.99491,78.83526,78.2042
2006-01-09,117.43173,117.07601,116.165184,114.26592,114.322495,114.15706
2006-01-10,123.868996,123.142944,122.20283,123.41428,122.62793,121.58749
2006-01-11,49.70596,50.369392,50.951523,49.270905,50.047523,50.86603
2006-01-12,112.823906,113.21654,112.90894,110.85168,111.37831,111.17133
2006-01-13,106.764,106.63157,106.38404,105.79865,105.788086,105.70396
2006-01-14,125.55262,124.094635,119.18358,125.482895,124.283195,119.77709
2006-01-15,128.0403,128.0615,127.10245,125.71383,125.86752,124.975365
2006-01-16,114.74305,114.86453,115.47637,112.67741,113.08121,114.23176
2006-01-17,127.41197,127.130135,126.39368,128.74849,128.62347,127.415344
2006-01-18,121.56923,121.43419,119.81648,119.82369,120.23477,119.36757
2006-01-19,95.952896,95.677864,96.29424,92.028404,91.943565,92.94334
2006-01-20,97.398735,97.32446,97.05056,98.664154,98.95662,99.112495
2006-01-21,83.297066,79.79097,76.96418,83.375565,79.94874,77.305984
2006-01-22,96.25616,94.80106,94.21925,93.77615,92.03254,91.482315
2006-01-23,117.45842,116.38557,115.99428,114.70503,113.76913,113.73752
2006-01-24,131.77563,130.62186,129.1438,134.58583,133.55058,132.07448
2006-01-25,114.60846,115.011765,114.673485,112.43672,112.85921,112.35556
2006-01-26,69.52913,68.65152,67.870964,68.13032,67.11935,66.18651
2006-01-27,97.758354,97.933525,97.917755,95.66144,95.94848,96.36225
2006-01-28,112.18113,111.56004,110.93232,116.82145,115.94366,114.89359
2006-01-29,110.209305,107.38829,103.15329,110.941444,108.54921,104.87943
2006-01-30,91.339096,88.97151,85.3785,94.68506,92.524,89.21699
2006-01-31,53.561787,52.97185,52.712418,52.054585,51.294334,51.18015
2006-02-01,100.9073,95.72844,90.16842,105.37607,100.192986,94.69749
2006-02-02,166.4726,163.8576,159.7455,167.32616,165.23808,161.90161
2006-02-03,141.85396,141.18947,138.56128,139.36327,138.86429,136.67484
2006-02-04,151.46297,150.79439,151.06831,146.63501,146.14182,147.3143
2006-02-05,165.70244,164.74384,162.74489,163.3099,162.70738,161.35815
2006-02-06,166.82877,164.88582,162.79279,164.81076,162.96022,161.20782
2006-02-07,175.16353,173.93643,172.11447,174.56853,173.31781,171.50024
2006-02-08,153.57346,152.00616,149.57428,151.14684,149.55943,147.29276
2006-02-09,158.02344,156.53172,152.9229,156.05217,154.59827,151.0764
2006-02-10,159.75154,159.75017,159.43867,155.45013,155.52274,155.90288
2006-02-11,146.50162,145.0961,142.90302,144.64583,143.34923,141.37886
2006-02-12,177.95796,176.53873,174.45111,175.46468,174.28789,172.6224
2006-02-13,152.53293,151.47601,150.68135,151.27081,150.19893,149.41972
2006-02-14,112.12828,112.07765,111.811386,114.903915,114.71399,114.28536
2006-02-15,99.28546,96.604294,95.03795,98.72682,96.29321,94.92872
2006-02-16,189.62654,188.15045,186.61676,188.57462,187.06392,185.59116
2006-02-17,156.04338,154.50244,152.34167,156.957,155.56883,153.43634
2006-02-18,198.72931,196.69693,194.4681,197.52754,195.70139,193.94246
2006-02-19,146.84178,145.72331,144.23207,143.64467,142.62149,141.28284
2006-02-20,165.15237,164.5221,163.75098,163.83183,163.3372,162.31554
2006-02-21,140.2505,141.08691,141.10606,132.11893,133.60634,134.26735
2006-02-22,95.14542,94.76914,93.194786,92.851265,92.71779,91.58877
2006-02-23,134.84746,135.63818,137.84433,127.67978,128.81769,131.63402
2006-02-24,166.39146,165.79726,165.54884,159.90817,159.65913,159.84695
2006-02-25,91.80481,90.38795,88.523994,87.75182,86.37235,84.360954
2006-02-26,118.33792,116.93321,113.78229,110.39743,109.24524,106.6003
2006-02-27,149.84593,148.92496,147.72154,148.55083,147.64955,146.28624
2006-02-28,80.97493,79.76005,78.70168,77.00428,76.096245,75.44389
2006-03-01,177.77715,178.48027,178.44609,170.08307,171.3643,172.10535
2006-03-02,162.09709,160.5614,159.58589,155.90985,154.80084,154.06944
2006-03-03,191.97447,192.47192,192.06229,193.07883,193.63087,193.02669
2006-03-04,170.27141,169.26234,168.6486,173.69249,173.05371,173.08858
2006-03-05,187.19388,184.76663,181.05537,190.14403,188.20363,184.60367
2006-03-06,229.63155,226.72969,222.2682,232.37047,230.24077,226.34843
2006-03-07,191.0721,189.20697,187.0009,202.24718,200.2977,196.93074
2006-03-08,192.94809,190.7818,187.48637,188.67432,186.82048,183.49829
2006-03-09,177.99054,175.67827,172.09174,179.09264,176.65227,172.30885
2006-03-10,200.43137,198.86435,196.83534,196.62479,194.95068,192.69595
2006-03-11,180.1436,181.71307,182.29979,178.80269,180.40884,180.87988
2006-03-12,107.08395,105.96528,104.01754,109.886215,109.12546,107.471886
2006-03-13,187.37854,186.17438,185.87996,183.18881,182.2862,182.8754
2006-03-14,194.79944,190.40857,185.6016,191.5766,187.72093,183.71281
2006-03-15,170.93689,172.28236,170.3898,171.16621,172.60524,170.76428
2006-03-16,172.24048,163.46178,152.17395,173.9751,165.62166,154.1619
2006-03-17,229.74866,230.32607,230.55698,227.79979,228.73782,228.90964
2006-03-18,205.28148,201.63632,199.50133,211.06612,207.15115,203.84761
2006-03-19,243.98221,241.80173,235.3337,241.47375,239.5698,233.23076
2006-03-20,194.93495,193.75249,192.29015,191.35925,190.5355,189.53629
2006-03-21,168.04422,163.42201,159.32965,178.7546,173.83574,169.32784
2006-03-22,267.53244,265.9405,264.04486,267.10025,265.75928,263.80933
2006-03-23,241.09036,238.87027,233.9684,238.86163,238.09169,235.29683
2006-03-24,265.71768,263.88324,261.62234,265.20013,263.5927,261.30988
2006-03-25,237.36374,231.95995,224.73524,240.13493,235.59213,229.05899
2006-03-26,128.03162,121.385994,116.15045,127.79294,121.42849,116.28515
2006-03-27,146.69641,142.9603,141.8819,145.0638,142.07436,141.79204
2006-03-28,152.1834,151.4727,149.48337,153.6748,152.67702,150.57869
2006-03-29,138.45242,136.83679,134.83522,135.25842,133.59743,131.52351
2006-03-30,210.69136,211.27531,210.99889,210.76418,211.4967,211.09898
2006-03-31,193.8676,193.44585,193.61404,187.06357,187.17708,188.30568
2006-04-01,276.81653,273.85065,269.546,274.24734,271.23312,266.71268
2006-04-02,237.263,238.0277,237.48189,235.73497,236.72453,236.52534
2006-04-03,218.87505,216.47105,216.61427,213.56941,211.3189,211.76637
2006-04-04,278.51672,274.31107,267.32254,277.9978,273.81076,266.65674
2006-04-05,267.64975,265.78574,263.3446,270.27075,268.95685,267.28293
2006-04-06,192.97223,194.9613,193.66753,199.6221,201.73767,199.73164
2006-04-07,152.77864,153.58112,151.61032,154.3335,154.70421,151.34319
2006-04-08,264.0971,263.33746,259.70126,265.75555,264.14346,259.5244
2006-04-09,205.84474,200.76848,193.13766,205.46515,200.84065,193.92987
2006-04-10,187.19272,191.47415,197.15099,182.87483,186.88701,192.71231
2006-04-11,215.23166,218.06345,220.93132,218.11278,221.02304,223.22852
2006-04-12,289.42334,288.04062,284.8707,286.7658,285.43326,282.83148
2006-04-13,258.97336,256.25293,252.84642,263.9873,260.8302,257.41455
2006-04-14,207.95164,201.81876,195.5297,217.58621,211.34407,204.42976
2006-04-15,220.52287,218.2432,214.53781,226.29448,222.81248,217.87518
2006-04-16,243.66559,242.87976,240.37637,258.735,257.11044,253.14648
2006-04-17,165.85649,167.1508,168.70918,172.98827,174.22113,175.35399
2006-04-18,177.76791,172.4571,169.98047,177.15222,172.15787,170.3345
2006-04-19,238.71281,233.77309,227.87358,251.204,245.70804,239.12024
2006-04-20,173.21167,171.84302,172.52686,171.46967,169.69148,170.65756
2006-04-21,293.18918,288.829,282.31894,295.30386,291.11533,285.4353
2006-04-22,274.13162,276.06622,276.82227,277.47818,279.08554,280.3399
2006-04-23,243.78966,244.82988,246.7892,252.71866,253.6329,255.74144
2006-04-24,141.32982,137.54477,140.29936,144.81192,141.08008,144.15886
2006-04-25,225.39594,227.66559,229.8028,226.77902,228.80177,231.28955
2006-04-26,262.03525,261.63574,260.66525,260.82916,260.36185,259.8735
2006-04-27,297.20422,297.30222,294.27643,295.94806,295.8125,293.61414
2006-04-28,178.0562,176.37901,174.76953,190.87639,188.27692,185.91443
2006-04-29,122.4744,119.77718,117.23136,127.31362,124.1406,120.87417
2006-04-30,157.15973,154.8141,152.59137,158.29507,155.65204,153.83272
2006-05-01,231.74629,232.36003,232.05037,225.74036,226.44664,227.72255
2006-05-02,266.96887,261.91434,257.5351,263.2246,258.15414,254.76637
2006-05-03,276.17224,279.59427,282.56784,276.2355,279.36374,283.13882
2006-05-04,201.3037,199.03773,195.03685,188.53769,185.58958,180.92322
2006-05-05,300.9421,301.26178,300.63406,300.1796,300.08133,300.10254
2006-05-06,173.76935,172.29433,169.3188,173.06824,172.2996,169.78917
2006-05-07,257.52402,256.52472,254.60423,245.58786,245.13199,245.73836
2006-05-08,281.95486,287.01523,287.7609,288.32898,293.27505,294.54916
2006-05-09,212.85112,209.65002,205.42587,209.50278,205.59363,201.6445
2006-05-10,288.7255,289.7559,293.32166,285.1559,285.56146,290.32562
2006-05-11,273.30002,273.4133,272.55087,269.2312,268.30057,268.37503
2006-05-12,315.2372,315.79086,314.62518,317.79605,317.06177,316.06345
2006-05-13,263.6317,259.7923,254.13719,260.8982,256.88745,252.02818
2006-05-14,296.63092,295.7747,292.67975,297.39563,296.85272,295.228
2006-05-15,306.72693,303.36008,298.25006,303.7204,299.2512,294.27505
2006-05-16,322.5971,322.66473,321.94424,322.2707,321.7353,321.99432
2006-05-17,264.91623,266.9368,266.58054,264.08112,266.33725,267.86847
2006-05-18,218.00201,219.12973,221.54153,210.04749,210.50096,213.51352
2006-05-19,240.40096,234.9976,228.97575,249.34056,244.54176,240.22403
2006-05-20,346.38385,346.71512,346.65442,346.6812,346.24927,347.06317
2006-05-21,352.20526,350.60242,346.53152,352.98026,351.23013,348.94553
2006-05-22,318.37524,315.21893,311.99628,329.15738,326.27176,324.45047
2006-05-23,286.21585,283.61255,281.22684,300.59818,296.70242,294.20627
2006-05-24,303.5603,300.31683,296.31943,304.72357,300.62402,297.2488
2006-05-25,269.81952,277.60257,284.01443,282.13077,289.6026,296.43304
2006-05-26,330.51715,328.46808,327.21872,334.1388,331.45245,330.7434
2006-05-27,286.00604,281.7212,280.33893,284.35745,279.32626,278.3385
2006-05-28,350.90735,348.7023,345.2203,352.64932,349.85583,347.03918
2006-05-29,355.84735,358.68945,357.6513,355.76968,358.66495,358.15927
2006-05-30,239.02437,241.36992,243.68596,239.3575,240.96191,243.42987
2006-05-31,199.8946,196.53412,193.6286,198.24835,194.91107,193.37564
2006-06-01,282.3855,281.987,277.48383,284.72806,283.9055,279.996
2006-06-02,323.7687,324.02435,322.02124,317.68097,317.874,317.57034
2006-06-03,305.91452,307.3836,307.94666,301.51782,302.31686,302.80435
2006-06-04,308.56985,310.01718,310.5931,300.40323,301.24704,302.18744
2006-06-05,266.23907,269.33038,272.57834,263.57288,265.88013,269.19348
2006-06-06,236.72829,236.46773,235.66898,232.26645,231.28165,230.56828
2006-06-07,287.52313,291.75784,293.72433,293.6281,297.04166,298.90863
2006-06-08,356.95297,356.52997,355.8634,363.8011,362.76996,362.15973
2006-06-09,335.42618,335.7136,333.80655,334.56583,334.17844,332.70132
2006-06-10,197.62323,201.9704,211.31958,196.01312,200.05478,209.70097
2006-06-11,305.88007,305.13123,299.3683,306.3241,304.569,298.54633
2006-06-12,250.86458,252.74585,253.57405,252.07347,252.81168,253.29448
2006-06-13,351.814,347.14636,338.57892,358.88626,354.6111,346.82874
2006-06-14,324.99136,322.82312,318.49564,330.49683,328.16064,322.56134
2006-06-15,361.51547,365.51486,363.20654,361.97165,364.36478,362.25482
2006-06-16,329.6894,332.93524,332.40143,331.89432,334.7928,333.62787
2006-06-17,294.7534,294.83658,293.43726,287.86682,287.86017,286.62848
2006-06-18,285.2015,288.01776,290.46768,279.08606,282.32745,285.2239
2006-06-19,348.7548,349.75128,349.97583,355.69397,356.15814,356.1074
2006-06-20,347.0488,347.57867,347.32477,350.46368,350.38458,349.6971
2006-06-21,314.41156,315.3634,314.6437,321.48813,321.88916,320.90692
2006-06-22,342.0912,342.89597,344.842,338.72086,339.3101,341.66617
2006-06-23,347.02933,347.00406,346.0608,348.03687,347.73352,346.6542
2006-06-24,314.20828,315.63452,315.946,308.30725,309.96616,310.6995
2006-06-25,344.72256,342.97836,341.38666,357.70932,355.9145,353.7905
2006-06-26,338.31494,335.69434,332.32153,359.1205,356.6484,352.14087
2006-06-27,341.85657,342.148,342.05817,337.64883,338.1799,338.9618
2006-06-28,334.04553,335.04636,333.73163,335.7337,337.0969,335.75598
2006-06-29,265.50467,268.88312,273.77493,270.22412,273.20013,277.2752
2006-06-30,285.61575,292.07928,295.05566,286.11176,293.20496,297.04614
2006-07-01,174.99849,171.25578,167.39339,175.90863,172.23085,167.94931
2006-07-02,265.90582,267.93567,265.72757,267.14633,269.73447,267.6605
2006-07-03,284.05582,281.87772,281.0146,279.11575,277.16864,276.51254
2006-07-04,242.63487,242.46857,241.77861,246.61137,246.57188,245.95477
2006-07-05,279.27448,275.58054,273.56616,281.58636,278.06088,276.48453
2006-07-06,297.40323,297.85898,299.6612,299.4888,300.33264,302.38565
2006-07-07,343.84164,344.08798,345.23438,338.01248,338.10153,338.98972
2006-07-08,359.16028,359.72372,359.7324,361.90997,362.34552,361.34836
2006-07-09,263.93307,267.50165,271.82687,262.11362,265.87415,269.99823
2006-07-10,269.59097,262.4954,253.87495,280.11713,272.43314,262.206
2006-07-11,332.61426,331.92493,333.5149,336.71768,336.1954,336.83136
2006-07-12,335.19022,336.98175,337.65057,338.21555,340.15216,339.26306
2006-07-13,301.54453,305.97214,306.25247,298.38562,302.88055,302.3375
2006-07-14,264.32788,268.2091,272.50674,259.55148,263.69656,267.97134
2006-07-15,297.875,294.8006,291.29633,295.17578,292.05496,288.0348
2006-07-16,325.99918,327.85675,329.69327,326.4352,328.573,329.84222
2006-07-17,259.31442,261.5541,264.0811,253.52943,256.35574,259.35812
2006-07-18,228.1161,231.15088,234.46414,220.83284,224.27046,227.48729
2006-07-19,222.3844,222.40276,223.5707,216.01324,215.77324,216.08748
2006-07-20,234.86188,237.12631,241.06868,236.62044,238.76636,242.00586
2006-07-21,218.38156,217.27757,216.7711,219.5304,218.37895,217.37233
2006-07-22,287.72098,290.22687,288.91193,286.14883,290.55667,289.83185
2006-07-23,307.52032,310.68744,313.3052,315.16907,317.98212,319.1688
2006-07-24,157.8046,155.70963,154.31966,153.0897,150.5305,147.88237
2006-07-25,242.42754,240.27205,238.01535,230.9256,229.05084,226.95224
2006-07-26,279.47784,279.84613,279.56238,277.40945,277.83832,276.4414
2006-07-27,250.93239,251.55495,253.13837,236.72334,237.7031,239.31216
2006-07-28,280.25912,280.98087,281.1234,273.6384,274.61664,274.45004
2006-07-29,216.42348,218.26888,220.1034,211.3899,212.50056,212.58
2006-07-30,252.13643,252.79811,253.28508,253.70874,253.64189,252.8261
2006-07-31,266.69254,268.76996,271.3073,263.61752,265.6592,268.10434
2006-08-01,291.39603,290.75385,289.8099,292.62833,291.942,290.6956
2006-08-02,278.13382,278.16107,277.8444,273.46628,273.78775,273.36948
2006-08-03,309.8187,308.8726,307.5992,312.64774,311.83676,310.33887
2006-08-04,204.43352,207.9268,213.2113,201.84366,204.87402,209.10977
2006-08-05,183.0495,175.6618,174.08435,183.75122,175.9175,174.247
2006-08-06,297.02637,296.1538,294.1141,299.32407,297.7414,294.4696
2006-08-07,267.55423,268.73337,271.0614,283.43875,285.12408,285.78735
2006-08-08,173.50249,174.68546,178.39774,169.43738,170.26385,173.69087
2006-08-09,242.53325,241.70328,239.9636,242.7012,241.88524,239.78702
2006-08-10,206.37741,207.01357,209.82983,211.38957,212.10497,214.7266
2006-08-11,215.82281,210.97707,206.11346,218.68346,213.59334,207.93973
2006-08-12,274.41333,272.71112,270.4712,275.77002,274.66394,272.53635
2006-08-13,275.73703,275.18896,273.69827,280.71423,280.28226,278.00977
2006-08-14,293.13342,287.626,276.79358,293.51926,288.87167,279.25815
2006-08-15,254.96976,254.22911,251.30237,254.26358,254.37798,251.93745
2006-08-16,238.99281,237.34135,237.76683,226.2614,224.53186,225.41434
2006-08-17,283.90768,283.0019,281.62344,282.84824,281.8885,280.38046
2006-08-18,274.16718,273.04965,271.24203,274.13474,272.72177,270.38657
2006-08-19,267.7237,266.8892,264.99988,274.08478,273.16333,271.2083
2006-08-20,267.6123,266.2462,264.17267,269.61575,268.56946,266.63904
2006-08-21,265.7868,264.465,263.06223,266.97913,265.71866,264.11813
2006-08-22,217.84744,213.67012,211.10011,210.24475,205.95224,204.08163
2006-08-23,188.99716,182.25833,176.08867,185.83313,179.47694,173.51247
2006-08-24,137.16953,132.89061,130.50385,130.98615,126.29195,124.06627
2006-08-25,199.76453,197.26895,197.30345,190.43892,188.22572,189.24384
2006-08-26,259.29327,259.35736,258.73923,255.4487,255.72162,255.35242
2006-08-27,262.94736,260.69308,258.9174,274.48767,272.90372,271.46866
2006-08-28,281.7221,280.99445,280.07812,281.33792,280.68506,279.9562
2006-08-29,258.44254,255.32236,249.98424,259.36304,257.68854,254.8248
2006-08-30,257.63068,254.70891,249.53574,256.03748,253.79158,250.16818
2006-08-31,257.0807,254.73131,249.90182,257.39035,256.33295,253.1945
2006-09-01,271.61725,270.76688,269.7122,270.44473,269.58905,268.6841
2006-09-02,222.00293,221.61249,222.4858,214.40605,213.68669,214.81842
2006-09-03,274.00858,272.84204,271.042,275.22226,274.06042,272.5294
2006-09-04,245.56944,245.86209,245.12936,249.03586,248.95192,247.01158
2006-09-05,241.18701,240.70247,239.75064,233.83466,233.24054,232.82689
2006-09-06,214.83632,217.82567,218.94235,210.5923,213.84007,215.18027
2006-09-07,272.76114,271.541,269.84027,272.436,271.44754,270.33408
2006-09-08,254.90894,255.1006,254.39317,251.56737,252.08424,251.92009
2006-09-09,228.84842,226.11572,222.37854,226.97292,224.07486,220.37012
2006-09-10,236.43527,236.12006,234.987,243.58559,242.81792,241.91118
2006-09-11,140.95769,142.22496,145.97269,147.48343,148.43164,151.87605
2006-09-12,218.80583,218.85318,216.98393,219.2502,219.79666,218.27449
2006-09-13,233.55173,233.96577,234.34369,231.04341,231.36998,231.93593
2006-09-14,235.08733,234.04446,232.68036,231.43076,230.50311,229.7191
2006-09-15,211.6173,208.2584,207.0498,207.62315,204.40477,204.10217
2006-09-16,239.46315,237.46667,234.94373,240.42546,238.42764,235.85803
2006-09-17,222.68045,222.10692,220.35753,221.0189,220.5957,218.99886
2006-09-18,219.02142,217.89142,215.93068,217.53139,216.65804,215.07051
2006-09-19,164.50114,161.64813,161.40427,168.6915,166.49797,167.48883
2006-09-20,170.83788,165.02058,160.12291,167.96837,162.06813,157.6204
2006-09-21,224.078,221.98724,219.95728,230.2286,228.46265,226.5385
2006-09-22,181.34207,180.3159,176.56584,179.74226,178.91077,175.07289
2006-09-23,220.31363,222.01518,221.29701,216.47882,219.17012,218.9265
2006-09-24,225.08856,224.04517,221.90839,223.41019,222.51378,220.43832
2006-09-25,126.59469,127.04921,128.20103,125.28009,125.80613,127.35323
2006-09-26,230.12053,227.95694,225.6153,228.87915,226.60904,224.08246
2006-09-27,230.06317,227.03096,222.68134,229.09355,226.1743,222.18333
2006-09-28,189.38698,181.63326,172.9783,182.5148,174.31686,165.77171
2006-09-29,215.26416,213.6504,212.18643,216.28062,214.71027,213.1171
2006-09-30,184.57523,182.91118,182.79729,180.35406,178.49915,178.59154
2006-10-01,186.09393,185.53499,184.70885,186.17792,185.91415,185.47452
2006-10-02,215.14319,212.9979,210.56409,212.73251,210.55653,208.23447
2006-10-03,210.26668,209.23564,207.97191,209.2766,208.28871,207.21591
2006-10-04,166.1421,166.39096,166.12198,162.54265,163.03923,162.75677
2006-10-05,97.6223,100.533295,103.918625,84.12427,86.87655,90.78308
2006-10-06,206.16597,199.30156,187.79195,207.70026,201.04884,189.73584
2006-10-07,213.05008,211.48416,209.42198,212.18654,210.65512,208.66579
2006-10-08,208.93782,207.23485,205.11707,208.43863,206.80171,204.73949
2006-10-09,200.39507,198.64676,196.31107,200.68474,199.1106,196.82362
2006-10-10,146.2807,149.39975,152.34895,139.40096,142.52264,145.97862
2006-10-11,184.46361,180.90646,175.82713,186.27782,182.9932,177.95512
2006-10-12,173.33676,174.69147,176.3773,166.72565,168.80966,171.40523
2006-10-13,167.10046,165.42531,163.01245,167.893,166.02245,162.9886
2006-10-14,181.47493,181.57358,180.60336,181.14598,181.33116,180.33878
2006-10-15,163.14633,161.38048,160.7717,157.91498,156.18625,155.90129
2006-10-16,158.82088,157.90643,157.58408,154.9018,153.93121,153.6337
2006-10-17,166.41609,163.87863,162.3394,168.69142,165.90749,163.9797
2006-10-18,148.6706,146.79605,145.11928,149.38385,147.74738,146.09155
2006-10-19,137.09047,135.9869,136.46301,133.4264,132.42648,133.02922
2006-10-20,134.68051,136.04823,138.55264,127.237854,128.63385,131.70888
2006-10-21,181.54999,178.82167,173.08629,181.01077,178.27156,172.51605
2006-10-22,171.64923,168.63063,164.09755,169.76659,166.88675,162.42328
2006-10-23,153.95291,151.38509,147.91254,149.1981,146.57275,142.8313
2006-10-24,114.2195,109.92805,105.65226,116.04735,111.58298,106.66081
2006-10-25,124.85441,124.87475,126.41167,124.38246,124.38168,125.73687
2006-10-26,144.78232,141.59427,137.95836,148.19312,145.0021,140.94772
2006-10-27,113.532936,114.642235,117.29879,113.293816,114.26719,117.242874
2006-10-28,148.73442,148.88458,148.2557,146.32788,146.51576,145.90974
2006-10-29,119.27921,119.19496,121.767944,118.74625,118.30746,120.567345
2006-10-30,125.960915,124.84879,123.07563,123.84279,123.02497,121.49959
2006-10-31,159.32756,156.5618,152.75587,157.88866,155.12863,151.1919
2006-11-01,162.65265,161.36276,159.70366,160.66264,159.3735,157.77066
2006-11-02,128.48677,128.20477,128.00005,129.43626,129.26231,129.00493
2006-11-03,125.1432,121.105034,115.84176,131.74469,127.44127,121.15751
2006-11-04,59.0264,58.768963,58.86747,59.421516,59.24853,59.26738
2006-11-05,104.223045,104.79303,106.821915,101.084656,101.560814,103.73321
2006-11-06,122.18223,123.07305,123.30384,122.13579,123.36029,123.633965
2006-11-07,70.15413,67.70259,65.39985,69.250465,67.1175,65.13083
2006-11-08,108.88454,108.94251,109.44259,111.22713,111.3171,111.61849
2006-11-09,99.880325,97.662415,95.41856,95.570015,93.318665,91.183784
2006-11-10,117.434326,118.274666,120.20715,117.015396,118.47082,121.14935
2006-11-11,127.33781,126.56623,125.14382,123.02413,122.22582,121.04159
2006-11-12,101.34,100.861176,100.86112,100.451965,99.84589,99.7516
2006-11-13,131.72992,130.41911,128.76877,130.84213,129.6942,128.11821
2006-11-14,149.41725,147.5552,144.95361,149.07228,147.45476,145.10413
2006-11-15,63.795296,65.09065,66.22709,65.755165,67.32661,68.56618
2006-11-16,116.37516,115.55403,113.67728,113.52294,112.62526,110.5318
2006-11-17,85.20961,82.07163,78.998634,87.26812,84.255325,80.98741
2006-11-18,85.40416,84.104576,83.87241,82.17179,80.7518,80.17561
2006-11-19,113.9006,113.52382,110.80516,113.21823,112.750885,109.31055
2006-11-20,79.45283,79.762596,79.37256,76.417946,76.60955,76.04169
2006-11-21,45.618443,44.781937,44.077145,46.403698,45.401703,44.190323
2006-11-22,105.68877,103.05396,98.95083,107.17606,104.658195,100.677155
2006-11-23,118.45077,117.89641,117.053185,116.425095,115.87091,115.65897
2006-11-24,116.08703,116.64501,116.787346,113.86379,114.65106,114.87659
2006-11-25,107.25344,106.439674,105.4473,106.31882,105.59897,104.61632
2006-11-26,103.143936,101.71136,100.21369,102.61787,101.14916,99.63598
2006-11-27,118.864334,118.24391,115.91422,118.427925,118.05047,115.90366
2006-11-28,113.998924,113.60926,112.68677,111.23982,111.005806,110.222015
2006-11-29,91.97522,91.44741,89.41194,91.32974,91.13999,89.39587
2006-11-30,88.823006,89.17156,88.91808,90.66243,90.90657,90.845604
2006-12-01,95.32103,94.32508,93.57868,101.12954,100.05522,98.92359
2006-12-02,40.09147,39.548035,39.26398,41.274475,40.763226,40.387516
2006-12-03,69.94506,69.17594,68.75105,62.41975,61.357494,60.796593
2006-12-04,99.91288,99.66688,99.5906,97.841415,97.99124,98.63529
2006-12-05,114.94493,114.15417,113.65496,114.28801,113.466125,112.89123
2006-12-06,116.065346,114.77813,113.14462,115.4901,114.422005,113.20434
2006-12-07,84.91572,84.57107,83.888756,83.270004,83.12143,82.53487
2006-12-08,101.461975,101.259415,100.26507,99.79964,99.91884,99.13604
2006-12-09,90.22825,89.927025,88.712685,89.39448,89.26996,88.07007
2006-12-10,90.894394,90.3126,89.677795,88.390015,87.7923,87.28729
2006-12-11,105.56258,104.87246,103.79472,103.80851,103.20047,102.52489
2006-12-12,110.92817,110.19161,109.33335,109.1728,108.6203,108.17037
2006-12-13,106.12515,106.27985,106.11039,103.91698,104.31269,104.34443
2006-12-14,94.41311,93.83315,92.845024,92.93405,92.650024,91.945175
2006-12-15,72.42704,71.940575,70.76957,71.12931,70.771774,69.71338
2006-12-16,112.23091,111.66846,110.72059,111.229576,110.67137,109.575806
2006-12-17,97.137924,96.43607,95.52026,97.7544,97.16286,96.186935
2006-12-18,57.262024,53.138824,50.331734,59.809,55.36999,52.26027
2006-12-19,99.73367,99.23591,98.65901,98.21159,97.68214,97.10927
2006-12-20,103.035866,102.467865,101.77625,102.95933,102.4392,101.59564
2006-12-21,89.820145,89.49223,88.74835,87.65301,87.55237,86.936104
2006-12-22,106.151855,103.53126,99.22014,106.0489,103.83576,100.086205
2006-12-23,108.95722,108.71693,108.40061,108.57015,108.36485,107.93733
2006-12-24,84.72655,83.76176,82.147156,81.98278,80.912575,79.25542
2006-12-25,105.94448,105.34969,105.191925,104.57046,104.02432,103.87002
2006-12-26,100.29721,99.27596,98.11532,99.55563,98.48859,97.14231
2006-12-27,47.290737,46.777985,46.080196,48.763123,48.30304,47.6408
2006-12-28,67.50313,67.44022,67.33514,67.193726,67.17488,66.82458
2006-12-29,102.14501,100.989716,99.50257,100.62144,99.65805,98.533485
2006-12-30,106.622025,106.21501,105.79432,104.69821,104.26986,103.80169
2006-12-31,108.64163,108.14551,107.455605,107.116135,106.691536,106.026085
2007-01-01,108.31089,107.567986,106.564354,106.9574,106.268585,105.2544
2007-01-02,65.58133,66.426125,67.70947,60.54685,61.44259,62.973095
2007-01-03,70.7556,71.43338,71.94433,69.246895,69.93724,70.53775
2007-01-04,98.17253,96.981575,95.89126,96.99394,95.94067,95.24871
2007-01-05,109.83033,108.98113,108.10408,110.33408,109.52944,108.63061
2007-01-06,100.96426,98.78632,96.55669,104.61774,102.50103,100.184395
2007-01-07,101.75442,100.85054,100.05237,99.921486,99.050705,98.28115
2007-01-08,67.06575,66.09916,64.90902,65.302086,64.36289,63.17828
2007-01-09,111.94471,111.01274,109.67587,108.11652,107.28119,106.26171
2007-01-10,101.44602,101.83118,101.59426,100.97388,101.37038,101.119286
2007-01-11,76.03418,74.39379,72.352844,74.981544,73.40792,71.35523
2007-01-12,108.226875,107.68373,107.36806,106.194016,105.745224,105.78935
2007-01-13,104.77317,104.54326,103.99344,104.72466,104.476135,103.93041
2007-01-14,47.43928,46.01138,44.937748,48.575874,47.13059,46.11197
2007-01-15,99.72677,96.01458,91.482574,101.92953,98.26377,93.79449
2007-01-16,135.52876,133.9735,131.9132,135.92465,134.31071,132.09195
2007-01-17,121.3269,119.612816,117.71491,124.16775,122.35081,120.33116
2007-01-18,99.211,94.70895,90.337555,96.51503,91.917366,87.77343
2007-01-19,124.73596,123.9881,122.99669,121.91265,121.24718,120.78554
2007-01-20,116.66852,115.089165,113.38818,116.35943,114.68695,112.93705
2007-01-21,140.1635,138.70985,137.31845,139.58061,138.16815,136.90523
2007-01-22,118.97935,120.0021,120.90367,116.40933,117.311584,118.41137
2007-01-23,117.799126,116.80126,115.3659,116.12674,115.455315,114.56653
2007-01-24,121.37837,120.46664,118.984825,120.72403,120.11786,119.149734
2007-01-25,103.47149,103.88562,103.1819,102.2726,103.052216,103.00013
2007-01-26,80.421265,79.70335,77.97609,74.295525,73.64995,72.57724
2007-01-27,131.16846,130.01099,128.44458,129.357,127.94648,126.13405
2007-01-28,116.79842,116.35437,115.6063,117.61809,117.02285,116.22637
2007-01-29,78.50577,75.7416,73.750015,80.43462,77.51667,75.66268
2007-01-30,153.3238,151.43237,148.66214,155.93076,154.4528,151.99345
2007-01-31,161.22043,160.18204,158.25668,159.9944,159.16016,157.65323
2007-02-01,139.21248,134.74684,129.75835,141.72139,137.36723,132.44287
2007-02-02,165.91484,164.29486,162.21822,165.21767,163.50789,161.3937
2007-02-03,151.93753,151.2986,150.1378,151.32103,150.73561,149.7712
2007-02-04,73.69994,69.182816,65.86873,73.08268,68.66055,65.73119
2007-02-05,170.49083,169.13144,167.42322,170.05946,168.58807,166.90535
2007-02-06,148.66324,146.54677,144.17273,151.12544,148.89696,146.49564
2007-02-07,178.62726,176.84756,174.50491,178.107,176.40012,174.29446
2007-02-08,108.79387,108.65739,108.60752,109.215454,108.96666,108.86986
2007-02-09,180.48178,178.58322,175.84184,179.97395,178.12726,175.53622
2007-02-10,153.4255,152.515,151.55357,155.34164,154.38672,153.45421
2007-02-11,65.70135,65.62348,65.078865,66.0137,66.01739,65.774254
2007-02-12,156.36812,152.6472,147.70828,154.28435,150.5489,145.69473
2007-02-13,179.86678,179.49164,178.46675,181.62907,181.1676,180.07611
2007-02-14,174.26259,172.06956,168.71178,175.60829,173.44942,170.1234
2007-02-15,136.7275,135.77904,134.9729,136.58324,135.5906,134.91272
2007-02-16,190.71077,189.97127,188.23459,192.45123,191.46458,189.60757
2007-02-17,193.19073,190.93082,188.39185,193.55159,191.29013,188.59882
2007-02-18,176.77103,176.19443,175.43498,178.9146,178.38063,177.61368
2007-02-19,125.24433,123.2104,120.843185,130.45912,128.59476,126.17312
2007-02-20,95.51192,91.25009,88.15683,96.273315,92.2376,89.24184
2007-02-21,172.56036,168.30827,165.43082,169.41414,165.14914,162.54886
2007-02-22,170.3263,168.69832,166.33775,171.64513,169.87477,167.17778
2007-02-23,197.37253,194.04507,190.05914,196.0894,192.52498,188.15605
2007-02-24,213.96115,212.45284,210.75404,213.86754,212.46022,210.82777
2007-02-25,172.82216,172.30717,171.06593,174.63126,174.17303,172.81631
2007-02-26,156.01387,156.39326,156.02393,157.56538,157.8404,157.55772
2007-02-27,149.02544,145.60445,142.49173,156.26288,152.84401,149.46407
2007-02-28,169.65288,169.1792,167.60974,177.48523,176.88278,174.93726
2007-03-01,143.50743,136.76341,130.58842,148.31967,141.58865,135.13536
2007-03-02,169.6988,170.97623,170.69693,168.34895,169.93063,169.62787
2007-03-03,226.37361,223.71326,220.56564,225.734,223.20972,220.16199
2007-03-04,100.67269,101.2456,101.76865,101.91205,102.79019,103.694534
2007-03-05,178.12161,177.10551,176.63013,174.52528,173.399,172.46924
2007-03-06,235.74406,234.28745,232.39172,235.76732,234.41211,232.40266
2007-03-07,153.602,152.43083,152.32668,157.21855,155.93361,156.05157
2007-03-08,124.70194,122.13484,119.44451,131.90274,129.31406,126.755974
2007-03-09,136.85176,134.75049,132.7375,135.60512,133.61299,131.4823
2007-03-10,224.95552,221.0028,216.59207,220.43,216.41872,212.09686
2007-03-11,170.02592,171.52837,173.24776,169.96904,171.11711,172.50752
2007-03-12,201.5931,193.80586,185.4643,210.0146,202.59346,194.11151
2007-03-13,250.18619,248.31972,246.23392,249.8886,248.13284,245.86427
2007-03-14,178.76955,179.65942,180.37802,178.27356,179.0711,179.57022
2007-03-15,120.36934,114.57656,109.37897,119.75185,114.33544,109.58002
2007-03-16,236.2304,235.71066,234.40338,237.61398,237.72426,236.56575
2007-03-17,174.39873,169.23273,164.49098,191.23608,185.8362,180.57796
2007-03-18,241.39694,241.76413,240.96759,244.41222,244.78432,243.4338
2007-03-19,140.14749,137.4116,133.99727,127.00468,125.12044,122.65667
2007-03-20,261.9369,259.92557,257.22388,262.343,260.63705,257.9661
2007-03-21,149.19688,149.839,149.74461,155.41232,156.23006,155.86049
2007-03-22,247.78665,247.19267,244.55936,247.18503,246.79802,244.09982
2007-03-23,246.40916,244.08612,241.41245,249.31445,246.54086,242.7538
2007-03-24,154.31966,155.65582,156.77106,155.05524,156.14674,156.63991
2007-03-25,203.11548,200.32332,196.10158,199.98906,197.84349,194.28516
2007-03-26,226.14539,224.77023,221.8918,218.41573,217.73364,215.58295
2007-03-27,234.48302,232.83583,230.43109,231.75285,229.51628,226.61879
2007-03-28,143.13304,142.23895,142.87222,143.17267,142.6007,143.04584
2007-03-29,227.91791,222.95145,215.68726,231.26091,226.87105,219.6584
2007-03-30,231.118,230.41849,230.69403,227.84973,227.24902,227.84453
2007-03-31,208.44041,205.17612,199.8745,220.23166,216.25948,208.89404
2007-04-01,181.16331,179.59895,181.23297,170.79604,169.46855,171.77217
2007-04-02,218.0693,220.0423,223.28018,211.89682,214.56082,218.36687
2007-04-03,151.37184,153.46854,156.09076,142.89752,145.30165,148.39963
2007-04-04,285.9355,283.94888,281.36395,284.494,282.59366,280.0981
2007-04-05,151.78146,152.2868,153.34148,140.56778,141.08109,141.98494
2007-04-06,215.6678,212.06194,206.76244,211.94986,208.64453,204.13744
2007-04-07,231.38458,228.74612,225.47913,232.31252,230.39508,227.97398
2007-04-08,207.08426,210.20673,212.3293,197.87325,201.04785,203.96825
2007-04-09,157.1499,160.85178,167.38422,140.5882,144.8376,152.3835
2007-04-10,241.1722,240.2065,237.9406,249.34882,248.17497,245.53952
2007-04-11,121.532486,120.125336,118.52265,123.50502,122.4041,121.09847
2007-04-12,227.55914,224.85693,219.3037,228.04794,225.56548,219.35985
2007-04-13,241.41861,241.37093,238.47015,241.01855,241.36139,238.33846
2007-04-14,226.85619,226.24855,226.7216,220.37881,219.93369,221.65988
2007-04-15,231.43561,230.83066,229.8434,223.5736,222.98451,222.65173
2007-04-16,271.45453,270.08426,266.66858,273.42828,272.22266,269.13562
2007-04-17,289.95654,287.41345,283.08777,289.26358,286.60016,282.40826
2007-04-18,297.22504,295.35083,292.99597,297.3402,295.40323,293.41528
2007-04-19,194.16791,193.29573,193.80621,182.35287,181.75134,183.21077
2007-04-20,196.55194,200.25372,204.72447,177.49272,182.15024,188.88353
2007-04-21,300.89325,297.00497,290.25867,300.25537,296.64276,291.11703
2007-04-22,231.64809,232.0187,233.24982,238.64665,238.44702,239.02568
2007-04-23,247.68279,247.67673,247.43198,252.45094,252.0642,252.1409
2007-04-24,230.02667,226.19661,221.56186,225.97191,221.62491,217.33473
2007-04-25,222.2752,218.1955,215.488,207.16805,202.86601,201.43484
2007-04-26,297.61478,298.4489,297.79507,296.20145,297.20792,297.29877
2007-04-27,234.05739,225.89737,216.05579,238.92877,231.25366,223.047
2007-04-28,290.90146,290.11615,289.38614,290.82928,289.46558,288.58206
2007-04-29,169.29514,163.03801,159.50476,167.96161,161.02826,157.79463
2007-04-30,263.862,256.81155,248.31053,264.46725,257.16373,249.01292
2007-05-01,254.63971,253.52818,253.80457,250.22264,248.8959,250.24153
2007-05-02,257.92978,255.21002,251.4338,260.38297,258.37338,256.21066
2007-05-03,174.26527,175.16618,174.47832,172.90582,173.0286,172.35948
2007-05-04,163.89853,165.08313,164.59698,163.42975,165.26535,166.3576
2007-05-05,119.356575,117.06191,116.9213,114.12677,111.991646,112.811485
2007-05-06,150.18257,144.36568,137.95084,146.83733,141.23373,134.31749
2007-05-07,174.58818,171.30547,167.48027,176.04854,172.89313,169.81319
2007-05-08,206.42018,202.91394,199.17253,207.26909,202.2507,197.66814
2007-05-09,307.02975,305.69904,303.16626,305.64743,303.8861,301.92505
2007-05-10,259.80417,257.03094,253.6061,266.5633,263.54245,260.7002
2007-05-11,281.00662,281.41907,280.1879,277.6688,278.93115,279.86176
2007-05-12,330.91177,330.74695,330.84528,332.31458,331.28275,331.7766
2007-05-13,328.29794,328.768,328.80313,328.98755,328.98672,329.8069
2007-05-14,227.75609,229.47737,232.28334,226.8275,228.15872,231.6386
2007-05-15,227.91176,225.4564,221.97424,233.61594,230.55812,226.53802
2007-05-16,322.42087,318.99115,313.25986,326.97485,322.80936,317.02493
2007-05-17,340.85614,341.33234,342.539,342.18106,341.83783,343.6489
2007-05-18,305.84735,306.29547,307.94305,303.4768,303.9911,307.44366
2007-05-19,216.27496,216.81247,218.72322,212.65039,213.24924,216.42166
2007-05-20,281.6321,286.70987,290.97626,292.76852,296.04474,298.74918
2007-05-21,302.81772,297.23712,290.50488,303.08865,296.54163,289.94034
2007-05-22,324.70618,323.10284,320.05518,323.7164,321.23648,318.60883
2007-05-23,306.6651,307.47397,307.43884,303.9821,304.39862,305.4695
2007-05-24,265.17603,266.7414,267.93207,264.0547,264.60623,265.7844
2007-05-25,314.14432,315.58548,315.59357,316.7234,317.95898,318.04938
2007-05-26,308.4975,309.3859,311.8421,308.10413,308.60693,312.0293
2007-05-27,303.27017,305.82254,306.22534,315.96136,317.90976,318.1071
2007-05-28,318.89542,318.10114,313.7834,328.98148,327.50858,322.90253
2007-05-29,310.37192,311.2273,312.72485,318.9376,319.30994,322.20566
2007-05-30,298.80563,302.65924,304.12155,304.4281,306.4834,306.2066
2007-05-31,246.30478,252.01558,257.1824,240.4001,245.24135,251.00668
2007-06-01,232.52835,231.48328,228.66122,234.81523,233.65352,231.17087
2007-06-02,254.75244,258.16397,259.46207,251.12189,253.7417,254.85103
2007-06-03,355.7203,355.30972,353.74442,358.16357,357.52814,356.86856
2007-06-04,336.14145,336.0428,337.37323,338.10577,337.7038,339.92023
2007-06-05,319.82614,319.5858,317.9281,335.94064,335.05646,332.08252
2007-06-06,269.6104,265.00595,258.00305,275.71204,270.39517,262.9747
2007-06-07,361.71054,362.3261,361.61786,359.08005,359.56177,360.13193
2007-06-08,268.27228,269.44864,270.1819,263.47916,263.8687,264.53455
2007-06-09,350.61542,348.05914,343.16525,367.69016,365.4152,360.79855
2007-06-10,358.40482,358.8852,356.0346,355.2328,355.2911,353.47687
2007-06-11,297.72574,299.55103,299.66467,299.73846,302.2694,302.6543
2007-06-12,320.91217,321.51553,321.38092,313.95886,313.1582,313.3767
2007-06-13,305.9554,309.83752,311.55298,306.72653,311.19885,312.7088
2007-06-14,349.13086,345.19754,337.6168,351.61462,347.27167,339.51114
2007-06-15,284.702,287.63306,289.10718,283.9095,286.11838,287.74338
2007-06-16,236.13464,236.48575,235.75816,238.78139,239.2536,238.89488
2007-06-17,349.4613,347.8609,343.4522,348.69702,346.2602,341.43805
2007-06-18,253.91785,256.12292,257.1702,249.82635,252.20432,253.4284
2007-06-19,302.6612,308.7339,315.87244,289.7547,296.1553,304.0084
2007-06-20,350.77975,355.0455,355.76797,350.4746,355.41525,356.09927
2007-06-21,232.52203,233.96588,234.31882,217.43712,219.49582,221.07707
2007-06-22,340.99927,341.12122,339.11136,347.34277,347.80963,346.34543
2007-06-23,246.95471,248.31683,248.95668,247.14905,248.24924,248.36009
2007-06-24,304.07922,298.16385,289.06277,321.6202,315.02573,304.87848
2007-06-25,246.49736,239.63042,230.65402,257.0942,248.90627,237.98572
2007-06-26,256.47348,247.94206,238.47362,270.09384,260.56348,249.40372
2007-06-27,260.5682,255.37787,250.77618,274.9903,268.9869,263.0842
2007-06-28,248.23886,246.15953,245.87918,257.8331,255.2082,254.0209
2007-06-29,307.6178,305.23572,302.89618,311.5502,309.61627,307.75424
2007-06-30,298.94287,299.96536,301.99847,294.8949,296.15457,298.51904
2007-07-01,345.67468,345.76663,345.56277,345.79565,345.8422,345.31842
2007-07-02,320.89246,322.40012,322.82062,318.3555,320.35284,321.2075
2007-07-03,296.7231,294.1359,290.80533,297.2666,294.78397,290.76672
2007-07-04,273.15942,277.0733,278.91165,264.09375,268.34427,270.46222
2007-07-05,224.0136,224.69681,224.69778,214.7192,214.79224,214.34163
2007-07-06,288.09137,286.92618,286.56226,291.43085,290.116,289.20007
2007-07-07,251.67348,248.28546,245.45255,259.86227,256.33514,253.11415
2007-07-08,296.40775,293.12204,289.70203,299.27597,295.3109,290.73578
2007-07-09,315.31766,314.5008,311.2481,315.73083,314.97156,310.79022
2007-07-10,218.84618,221.0872,225.23744,216.90399,218.2485,221.41855
2007-07-11,291.42905,283.65894,274.81445,306.43848,298.22495,286.76117
2007-07-12,318.9634,317.26358,316.10858,330.5446,329.1793,327.38385
2007-07-13,345.62982,348.476,350.43253,347.45615,350.03323,351.15924
2007-07-14,275.41733,274.0844,273.2688,292.2891,290.233,288.20398
2007-07-15,335.937,335.62305,333.3157,344.1822,343.81082,340.6
2007-07-16,322.64166,328.46817,328.954,329.82715,335.5333,334.78796
2007-07-17,225.66249,224.8062,224.809,223.78134,222.82039,222.4283
2007-07-18,258.0424,257.38104,257.93542,262.5665,262.11923,261.52176
2007-07-19,217.06927,225.12817,238.29308,206.17851,213.72017,226.88731
2007-07-20,248.54529,251.57465,263.2833,228.85284,230.33838,243.87755
2007-07-21,317.66696,318.095,319.95367,316.04077,316.48712,317.63556
2007-07-22,266.30243,266.9097,271.88562,286.05487,286.04303,287.37955
2007-07-23,298.41815,302.43115,304.72318,297.2942,301.10516,302.91382
2007-07-24,176.1324,178.50514,181.76466,176.61176,179.01392,181.57811
2007-07-25,193.78754,195.46085,196.99417,180.4321,182.13913,184.56673
2007-07-26,296.05106,293.57104,290.48264,292.26355,289.82227,286.4385
2007-07-27,281.2314,281.15518,281.08133,279.06335,279.4484,279.06244
2007-07-28,262.68542,263.31622,262.46503,263.2337,265.02298,264.13095
2007-07-29,248.8606,246.80408,244.29808,243.5255,241.26294,237.41154
2007-07-30,218.33482,215.94112,219.81035,210.23448,207.79245,211.94247
2007-07-31,256.99246,257.59604,258.1787,249.85724,250.48727,250.27173
2007-08-01,280.73462,281.78815,283.8972,283.7866,284.82565,286.30753
2007-08-02,292.9603,291.43567,288.22162,293.65326,292.11472,287.9262
2007-08-03,215.83142,217.85762,220.83482,217.67357,219.00575,220.77908
2007-08-04,171.72878,172.81104,173.79156,170.2964,171.66756,173.06067
2007-08-05,300.35956,300.51306,300.79788,310.78583,310.55484,309.85522
2007-08-06,293.6491,293.9719,292.29785,293.76288,293.50412,291.19934
2007-08-07,257.23367,252.48865,246.47762,271.94473,267.40683,260.68088
2007-08-08,202.5192,203.3524,203.39256,200.09972,201.08159,201.60408
2007-08-09,200.06084,195.97546,191.63391,207.57635,202.95677,197.88344
2007-08-10,162.74481,159.79982,157.56273,164.52231,160.49684,156.81657
2007-08-11,204.46982,205.3029,207.99512,201.20724,201.70126,204.09972
2007-08-12,199.44876,200.0598,201.64777,195.67935,196.02011,197.46541
2007-08-13,201.77892,200.85687,202.06729,206.33904,205.11517,205.65184
2007-08-14,181.07571,181.58926,182.63008,181.25493,181.41937,182.09268
2007-08-15,196.00482,196.92589,196.49872,194.56856,195.63321,194.89517
2007-08-16,172.9821,168.75958,165.49545,173.59772,168.73528,164.40512
2007-08-17,263.81287,258.02295,250.07089,275.13153,269.7818,261.05386
2007-08-18,231.20787,227.64642,225.27643,238.11569,234.24713,231.7712
2007-08-19,264.12082,263.5299,261.80225,267.577,267.61014,266.10315
2007-08-20,202.49603,202.55405,202.51588,195.72702,195.6671,195.49345
2007-08-21,261.97687,260.2235,258.62955,258.50632,256.65637,255.22272
2007-08-22,236.06955,236.25249,235.77722,228.62766,229.18192,228.9901
2007-08-23,196.69157,194.75357,192.37251,196.54063,194.22551,190.6978
2007-08-24,232.66026,228.55412,221.8428,237.65593,233.82874,226.14726
2007-08-25,246.96022,245.12521,242.3694,244.88765,243.2446,240.74442
2007-08-26,186.17961,188.51663,190.47356,174.59023,177.3407,179.8959
2007-08-27,203.86734,205.82774,206.92276,218.7059,221.4361,223.02731
2007-08-28,197.62798,197.66592,196.3802,210.0187,211.42412,211.28114
2007-08-29,246.53609,244.49976,244.87859,247.14401,245.00487,245.13513
2007-08-30,259.4773,258.46133,257.46182,259.94998,259.20523,258.30273
2007-08-31,194.2754,196.50055,200.30513,186.7586,189.1794,194.04825
2007-09-01,234.20596,231.19601,226.63408,233.19128,229.74863,224.78069
2007-09-02,227.29767,227.19688,226.85225,225.89194,225.4157,225.16328
2007-09-03,246.17564,246.90073,248.52776,252.92693,253.78429,254.90924
2007-09-04,223.04848,228.05573,233.1454,241.99748,246.07973,249.01506
2007-09-05,98.44115,101.32135,105.870224,97.07442,100.256134,105.5977
2007-09-06,221.66919,216.78313,209.96568,220.47563,215.52922,209.23222
2007-09-07,184.78438,188.16881,191.77853,176.56395,180.25417,184.77435
2007-09-08,268.81247,266.97153,264.3331,269.261,267.6655,265.7138
2007-09-09,269.9906,268.9022,267.56885,269.38013,268.25256,267.07788
2007-09-10,218.3352,218.4354,217.97029,215.77486,215.8802,215.56866
2007-09-11,185.8457,186.49164,187.20819,178.76007,179.63268,181.47527
2007-09-12,163.11252,165.73637,171.77588,154.8652,157.4254,165.13414
2007-09-13,198.69608,197.15697,197.61377,209.11261,206.4096,204.88821
2007-09-14,227.3525,226.32137,225.442,227.98505,226.83395,226.17662
2007-09-15,227.82133,226.2431,223.827,228.01164,226.58922,224.40523
2007-09-16,208.4049,207.93439,206.39569,208.64435,208.84746,207.92601
2007-09-17,182.6611,182.98314,182.27058,178.12529,178.5,178.61768
2007-09-18,215.71855,212.24017,206.84065,218.72258,215.45018,209.96404
2007-09-19,162.653,166.86603,173.89644,154.46698,158.76138,166.76561
2007-09-20,193.62592,196.01819,197.18231,185.68604,188.52533,190.14633
2007-09-21,246.44418,244.97557,242.89244,246.36563,244.95929,243.16214
2007-09-22,221.2283,220.91388,219.99939,216.79373,216.33296,215.76198
2007-09-23,132.63425,130.04132,126.661766,133.33864,130.53465,127.11128
2007-09-24,156.42207,156.99641,159.97621,151.31854,151.56581,155.42685
2007-09-25,179.11218,181.10982,182.65268,188.89304,190.35861,191.42621
2007-09-26,96.96838,97.8891,99.6806,101.57098,102.8175,104.96143
2007-09-27,142.45142,140.29427,137.44005,134.6659,132.86737,130.63998
2007-09-28,193.98546,194.24344,194.56985,193.09999,193.45618,193.48746
2007-09-29,209.49532,207.30862,204.39182,208.01976,205.91827,203.11952
2007-09-30,162.40889,162.9831,165.37798,154.24475,154.97714,157.89148
2007-10-01,139.61852,138.22778,136.73503,137.30064,135.60516,133.96259
2007-10-02,167.95007,165.36603,161.51254,169.01872,166.80861,163.60445
2007-10-03,170.32368,169.96855,170.48984,169.08334,169.17468,170.06041
2007-10-04,186.6228,185.94519,184.86876,184.45941,183.5637,182.47018
2007-10-05,205.82239,205.31377,203.55316,202.73743,202.71487,201.54117
2007-10-06,185.40892,185.14241,184.59769,185.21873,185.2654,184.56998
2007-10-07,181.46832,178.20125,173.65578,194.21072,191.51285,187.22739
2007-10-08,192.48947,188.69511,182.45467,198.61731,195.59013,189.71266
2007-10-09,196.01268,194.035,191.46008,203.02133,201.24275,198.74748
2007-10-10,201.09644,199.92426,198.09819,204.19876,202.71402,200.71939
2007-10-11,196.63507,195.26836,193.77693,199.38509,197.85722,196.15982
2007-10-12,202.03629,200.46788,198.55399,201.18848,199.71474,197.86111
2007-10-13,145.22807,143.34094,139.51271,143.71648,142.11937,138.10408
2007-10-14,194.5191,194.19357,192.50801,192.371,192.06819,190.66606
2007-10-15,199.65546,198.11714,196.20529,199.36838,197.9503,196.11676
2007-10-16,174.57,174.10643,173.92789,175.64096,175.28322,175.0101
2007-10-17,166.2842,164.6505,161.43793,166.9072,165.5331,162.25195
2007-10-18,154.73732,153.3668,152.33385,153.83359,152.72568,151.82692
2007-10-19,144.31314,143.42453,141.54565,134.81075,134.44746,133.06073
2007-10-20,160.80827,158.35262,156.52742,162.2174,160.04909,158.39207
2007-10-21,171.1589,167.01733,158.68668,170.8681,166.83072,158.42183
2007-10-22,107.71547,105.16958,105.52794,104.48499,101.89723,102.252945
2007-10-23,140.9978,141.25456,141.60954,137.94405,138.39708,139.3404
2007-10-24,128.70377,126.95647,123.64507,123.90971,122.13636,119.052414
2007-10-25,135.5776,136.06631,135.94511,129.42168,130.38245,131.40715
2007-10-26,146.21964,146.48425,147.73677,139.38477,140.02176,141.96208
2007-10-27,159.07277,158.07224,155.9198,158.48825,157.50826,155.14838
2007-10-28,138.89647,136.7197,134.14584,140.80846,138.26103,134.40678
2007-10-29,138.30891,136.3501,131.70227,131.97461,129.55307,124.63542
2007-10-30,119.53561,118.10255,119.272644,118.39513,116.28374,117.58488
2007-10-31,132.77884,129.13232,126.39446,137.8854,134.32225,131.09998
2007-11-01,145.20714,143.26875,141.66579,152.88763,151.3242,149.21783
2007-11-02,74.99314,75.59408,76.515816,75.26517,75.752304,76.032875
2007-11-03,124.88972,123.44039,121.87273,120.3957,118.852936,117.28302
2007-11-04,125.62252,124.21955,122.32726,132.09999,131.13893,128.61317
2007-11-05,86.34304,86.12265,86.45682,85.2211,84.769875,84.90966
2007-11-06,53.64956,53.761818,54.256573,51.325775,51.38968,52.062115
2007-11-07,101.83147,104.17748,105.4162,101.354294,103.93073,104.943825
2007-11-08,134.58788,135.16333,134.86673,131.16924,131.5303,131.25124
2007-11-09,108.09531,105.35225,104.14207,109.25506,106.53767,105.27668
2007-11-10,105.87758,105.27386,106.43222,99.7493,99.080315,100.28322
2007-11-11,88.38088,88.29442,88.4592,81.64643,81.7787,82.49641
2007-11-12,55.31981,53.954655,52.721466,52.700485,51.47837,50.293907
2007-11-13,109.32254,107.81473,106.51134,107.50398,106.042305,104.9492
2007-11-14,118.319695,116.805786,114.10757,118.28783,116.77065,114.05718
2007-11-15,126.294075,126.43612,126.66949,124.34775,124.56181,124.9929
2007-11-16,117.11115,116.54409,115.9578,114.8475,114.150154,113.28246
2007-11-17,108.17984,108.21221,106.860306,105.52677,105.87736,104.55509
2007-11-18,98.588066,98.26515,96.2734,96.27679,96.21772,94.57526
2007-11-19,66.69678,65.86793,65.651535,60.432693,59.613434,59.509033
2007-11-20,81.41289,79.704735,79.46599,75.33662,73.20012,72.900276
2007-11-21,105.1416,104.848404,105.82413,105.89859,106.00509,107.4623
2007-11-22,115.6556,114.9783,113.68178,116.44824,116.09169,115.03315
2007-11-23,64.26352,65.64201,67.08503,61.686855,63.138805,64.581245
2007-11-24,49.143257,44.4439,43.329857,51.30287,46.279892,44.61121
2007-11-25,120.85252,120.79135,118.557846,118.08113,118.18148,115.92804
2007-11-26,102.69486,101.61072,101.13557,101.63815,100.306015,99.536446
2007-11-27,125.18333,124.20607,122.992424,124.91148,123.861786,122.555504
2007-11-28,97.12163,98.13678,97.35046,94.94318,95.89302,95.02126
2007-11-29,93.631615,93.80833,93.73939,92.09492,92.533,93.05935
2007-11-30,43.133114,42.304367,41.80128,41.925186,41.20021,40.82425
2007-12-01,64.21063,62.11072,60.20312,60.366688,58.06104,55.77803
2007-12-02,99.41878,99.03748,97.88266,98.94076,99.01449,98.17137
2007-12-03,113.13279,112.95991,111.96323,113.44529,113.326004,112.02409
2007-12-04,113.38811,113.77657,112.70503,112.59335,113.1291,111.98645
2007-12-05,110.827866,109.65503,108.29613,111.628365,110.418205,108.92929
2007-12-06,36.93164,37.191315,38.07064,35.53563,35.897335,37.00986
2007-12-07,65.01994,62.15562,60.5567,62.132824,59.386936,58.201557
2007-12-08,75.23781,73.934456,73.75225,74.377075,72.809494,72.27234
2007-12-09,83.91822,82.68214,81.53358,79.614365,78.70307,78.141396
2007-12-10,86.43656,86.33771,86.12546,87.4764,87.312515,86.83398
2007-12-11,76.5781,74.230385,71.693214,75.32797,72.95422,70.32845
2007-12-12,96.86592,96.352264,95.5414,95.03369,94.61339,93.62904
2007-12-13,107.013855,106.493286,106.014275,105.77541,105.253525,104.65597
2007-12-14,106.79828,105.49193,103.936264,105.81303,104.511185,102.8892
2007-12-15,97.21262,95.884705,94.26244,96.9793,95.73374,94.1171
2007-12-16,53.4644,53.847847,54.299694,50.151974,50.367252,51.117947
2007-12-17,45.66306,46.95353,48.27997,44.864258,46.095474,47.13978
2007-12-18,57.006966,55.587963,53.862164,53.47622,52.230602,50.766644
2007-12-19,55.07565,52.9386,54.31491,53.964996,51.999565,53.28786
2007-12-20,107.32078,105.50247,103.30591,106.99964,105.246284,102.96811
2007-12-21,99.48852,99.43484,98.67746,100.48254,100.22373,99.24235
2007-12-22,40.855373,40.036686,39.915607,39.187214,38.468273,38.45477
2007-12-23,108.277954,106.60401,104.41692,107.31587,105.664276,103.39879
2007-12-24,94.86216,94.287735,93.698364,96.00994,95.24731,94.35732
2007-12-25,90.88201,90.21225,89.863945,89.44019,88.65859,88.13445
2007-12-26,101.11689,100.81393,100.14987,99.80796,99.40512,98.57376
2007-12-27,97.99677,97.256996,96.10992,96.51564,95.79437,94.67129
2007-12-28,110.79011,110.06891,109.37561,108.699295,108.115265,107.725555
2007-12-29,93.841736,93.157646,92.40916,92.64697,91.87917,91.02335
2007-12-30,96.20347,95.587265,95.674545,94.49659,93.72189,93.596176
2007-12-31,106.737045,106.42041,105.89453,106.30104,106.01259,105.50221
2008-01-01,57.46401,54.3237,52.306606,58.89086,56.033497,54.06811
2008-01-02,109.68967,108.83737,106.9741,109.18584,108.3774,106.451546
2008-01-03,109.91647,109.326485,108.84519,109.44947,108.91534,108.487175
2008-01-04,81.85007,81.334724,80.89371,82.819756,82.18012,81.62654
2008-01-05,57.167118,55.87242,54.72385,57.430653,56.208946,55.136948
2008-01-06,109.66602,107.999725,105.99192,111.5083,109.93286,107.96965
2008-01-07,120.54634,119.90723,118.695526,120.55823,119.943924,118.609886
2008-01-08,84.08037,84.80311,85.28851,83.7282,84.35915,84.827255
2008-01-09,85.539894,82.761986,79.42126,86.815895,83.894455,80.38494
2008-01-10,69.37425,65.64596,63.210907,71.84614,68.14746,65.744644
2008-01-11,128.28023,127.10824,125.95158,127.04819,125.85979,124.74903
2008-01-12,133.35306,132.09798,130.48636,132.23167,131.06592,129.6132
2008-01-13,126.46135,126.1327,125.424515,127.36233,127.021965,126.18532
2008-01-14,65.53122,66.86966,68.35678,65.97846,67.488434,69.15369
2008-01-15,94.138405,90.66079,85.137405,93.12243,89.77992,84.30694
2008-01-16,137.49583,136.38788,134.74709,136.96713,135.95767,134.37964
2008-01-17,117.84004,117.446526,116.10123,118.85293,118.835335,118.098625
2008-01-18,110.519165,110.44466,108.20201,112.38247,112.48126,110.67767
2008-01-19,73.63703,73.50749,74.713104,74.71579,74.5512,75.73684
2008-01-20,120.08088,121.43307,122.042564,118.42432,119.948456,120.9233
2008-01-21,108.56846,107.12506,105.99998,107.140686,105.692764,104.763435
2008-01-22,119.799644,117.94158,115.85923,118.18921,116.36305,114.452736
2008-01-23,147.43515,145.59048,143.04243,146.49759,144.6681,142.27026
2008-01-24,134.52063,135.08836,134.91725,136.23769,136.69908,136.4184
2008-01-25,103.48504,104.741646,105.35835,100.82203,102.079575,103.08432
2008-01-26,91.9636,92.484795,92.06935,89.80403,90.49895,90.54318
2008-01-27,118.07008,116.67124,113.97053,118.87727,117.51882,114.71658
2008-01-28,83.45532,83.87736,83.705284,81.25345,81.25046,80.80987
2008-01-29,136.9765,136.02197,132.98363,134.60431,133.63892,130.89459
2008-01-30,131.72343,131.50748,130.29941,132.80797,132.79561,131.50237
2008-01-31,141.24928,140.3785,139.31734,143.2738,142.58995,141.52835
2008-02-01,163.62506,162.38422,160.65308,163.49232,162.25333,160.50719
2008-02-02,92.76904,90.90045,88.0766,91.86302,90.20475,87.94917
2008-02-03,142.66527,141.59673,139.59795,142.84059,142.06989,140.48453
2008-02-04,169.74516,168.06519,166.09518,168.86617,167.21477,165.4261
2008-02-05,135.55608,135.7599,135.37212,136.2588,136.42575,136.02013
2008-02-06,82.2163,80.45069,78.90701,81.57368,79.87422,78.47905
2008-02-07,133.38663,134.16014,136.62042,131.3073,132.05353,134.54388
2008-02-08,94.77353,95.2054,94.95921,93.37121,93.68571,93.33969
2008-02-09,118.23755,117.980865,117.69568,121.07606,121.22151,121.536575
2008-02-10,105.15845,103.93715,101.718956,109.52441,108.1766,105.71017
2008-02-11,66.4856,66.33219,66.24316,63.14957,63.150402,63.230713
2008-02-12,141.71866,139.496,137.1397,145.23242,142.85175,140.49992
2008-02-13,59.722046,58.456257,58.730183,60.52438,59.184605,59.283768
2008-02-14,147.10954,144.28511,140.18126,142.68687,140.34048,137.213
2008-02-15,143.35997,143.20233,143.45027,142.15741,141.98235,142.19106
2008-02-16,152.40703,152.65984,152.79816,149.56207,149.90826,150.26445
2008-02-17,133.71231,134.03598,134.17552,133.31938,133.75648,133.62932
2008-02-18,140.4656,138.6631,135.39299,147.07416,145.39868,141.93968
2008-02-19,90.10971,87.64866,85.12821,93.92391,91.394295,88.927376
2008-02-20,122.543236,120.296394,117.85207,121.19275,119.39203,117.46285
2008-02-21,209.4562,207.70108,205.33852,208.76395,207.28157,205.36638
2008-02-22,192.18277,191.70961,191.20125,188.44385,188.04417,187.91144
2008-02-23,176.48038,175.27907,172.68208,175.36119,174.32898,171.69301
2008-02-24,94.309685,94.32806,94.51448,93.03719,92.98619,93.056335
2008-02-25,164.4771,161.4754,157.85162,164.18805,161.28651,157.966
2008-02-26,211.62038,210.45378,208.97783,210.27371,209.22627,207.87639
2008-02-27,187.94666,185.63387,182.10147,183.69055,182.06166,179.89569
2008-02-28,160.89859,160.22557,157.43146,167.68602,166.44835,162.39047
2008-02-29,164.11363,161.9706,159.70961,170.31082,167.80865,165.04204
2008-03-01,197.63083,193.02824,187.73338,208.3571,204.19678,198.9182
2008-03-02,101.04405,97.13308,94.31618,100.86429,96.40983,93.30077
2008-03-03,215.43535,210.3318,202.42592,215.67924,210.92789,203.01796
2008-03-04,204.51724,204.8331,204.11037,200.83902,201.32117,200.668
2008-03-05,226.51768,224.6922,221.48183,226.74554,225.31306,222.95454
2008-03-06,196.83356,195.48181,193.61137,200.44185,199.36195,197.6496
2008-03-07,157.34825,155.83513,151.92467,150.47333,149.17766,145.93236
2008-03-08,120.78893,117.91932,115.228065,126.93798,124.10628,121.52528
2008-03-09,181.73505,177.00282,170.45218,183.61943,178.96823,171.77463
2008-03-10,127.2438,124.01105,120.643715,130.05579,126.87688,123.15439
2008-03-11,218.23909,216.4405,212.85089,216.70685,215.02878,211.3311
2008-03-12,105.1473,105.26848,105.147194,97.03136,97.1674,97.35735
2008-03-13,194.85834,192.77945,188.01538,187.55612,185.9241,181.23819
2008-03-14,193.29922,191.54536,189.78122,186.93677,185.66963,184.93634
2008-03-15,134.66045,133.29778,131.59775,136.10611,134.72435,133.05273
2008-03-16,205.07578,203.85814,203.73717,205.29974,204.368,204.52907
2008-03-17,203.39607,202.00761,199.81912,205.91173,205.14467,203.26576
2008-03-18,249.21443,246.49438,240.24794,252.2061,249.98259,243.86105
2008-03-19,234.28485,233.72357,232.77197,235.26538,234.93007,233.93599
2008-03-20,95.33754,92.79282,90.08177,99.067924,96.42235,93.46601
2008-03-21,189.8694,180.23363,171.7054,178.19702,168.87056,161.95059
2008-03-22,268.95184,266.9882,263.50574,268.12488,266.095,262.0197
2008-03-23,258.84906,261.10785,260.84488,258.29767,260.56195,260.19473
2008-03-24,159.79572,161.9106,164.75395,161.66187,163.81358,166.72488
2008-03-25,172.77626,166.33821,159.56705,166.65189,160.91759,154.77936
2008-03-26,210.6372,207.9637,203.07982,214.20856,211.13298,205.14978
2008-03-27,273.32623,272.58975,269.67017,273.22327,272.622,269.7007
2008-03-28,255.89598,255.917,255.72844,255.25359,255.35965,254.92624
2008-03-29,226.09773,226.17395,225.79,223.86948,224.04259,223.41232
2008-03-30,243.28636,242.74957,240.52249,241.31404,240.724,238.22946
2008-03-31,232.86325,231.51659,230.45093,227.76303,226.31445,225.15149
2008-04-01,245.13487,244.2822,241.85913,243.38869,242.83105,240.7171
2008-04-02,248.95905,249.77881,250.25706,244.41042,245.99182,247.07755
2008-04-03,213.09486,213.9697,214.01569,217.68083,218.32654,217.74492
2008-04-04,147.04005,142.63658,137.17937,132.5646,129.25836,125.70753
2008-04-05,207.39246,208.61984,211.20381,196.38622,197.6981,201.63896
2008-04-06,275.89377,276.02063,275.7363,274.54483,274.82785,274.88782
2008-04-07,121.01357,120.82363,120.14324,106.7185,105.976776,105.26707
2008-04-08,279.815,277.9421,274.49582,280.6037,278.43417,274.76038
2008-04-09,160.90831,158.10435,156.05043,168.03761,165.03604,163.23805
2008-04-10,262.5353,259.17963,255.46805,261.64087,258.31274,254.69608
2008-04-11,301.62424,300.1329,297.8126,301.32114,299.89282,297.8727
2008-04-12,270.62186,268.72394,266.48904,269.60748,267.7474,265.70657
2008-04-13,214.19833,215.49623,217.60599,215.0793,216.5952,218.94243
2008-04-14,195.9363,190.75949,186.18741,192.70958,187.04436,182.17375
2008-04-15,191.624,192.75468,191.01994,192.80553,193.61835,191.2793
2008-04-16,105.73268,102.4132,99.228806,106.36901,102.93653,100.008316
2008-04-17,229.02678,223.09718,214.38995,233.06032,227.17957,218.69269
2008-04-18,240.3261,240.3136,238.43198,235.06784,234.89272,233.74043
2008-04-19,297.43295,297.90155,296.86798,298.32935,298.79388,297.90518
2008-04-20,199.05139,202.0388,204.38402,194.50006,198.22633,201.91322
2008-04-21,218.95697,217.91476,215.5672,217.77339,217.11386,216.89536
2008-04-22,295.05432,286.39124,272.43704,299.2544,290.93857,278.1487
2008-04-23,299.78445,299.94696,298.9476,300.96198,300.89005,300.25235
2008-04-24,306.2531,303.92722,299.7479,308.7346,306.36453,303.09583
2008-04-25,264.0939,262.3426,259.1358,264.63577,262.9591,260.0083
2008-04-26,259.9619,258.56708,255.62532,268.73663,267.67587,265.44733
2008-04-27,257.12894,260.3583,262.0748,248.51239,252.60204,255.69524
2008-04-28,283.95544,284.3747,282.9331,282.71902,282.92932,282.60367
2008-04-29,140.43336,139.72656,139.04253,141.94432,140.737,140.06676
2008-04-30,263.9203,259.43433,252.50337,279.8912,275.34183,269.17874
2008-05-01,174.3838,171.81879,168.48701,184.6102,182.0999,179.86346
2008-05-02,192.96855,189.08087,184.03796,195.41034,191.41173,187.27022
2008-05-03,278.43814,278.58487,279.77075,277.43478,277.001,278.718
2008-05-04,283.6122,281.30493,279.0018,284.77234,281.4683,279.01715
2008-05-05,319.92746,319.14935,317.7449,320.59378,319.56378,319.33246
2008-05-06,294.2605,294.15436,291.73563,295.57977,295.54703,294.00455
2008-05-07,255.37688,255.6673,252.74814,259.0688,258.74847,255.74045
2008-05-08,318.41034,318.9562,321.14496,317.6523,317.8924,321.20767
2008-05-09,231.93031,232.33374,234.00885,222.74725,223.06725,225.78496
2008-05-10,161.75107,159.63304,158.16043,167.75331,165.06413,163.33957
2008-05-11,203.76306,202.31194,201.86087,205.49307,203.08522,202.6404
2008-05-12,204.81323,198.60156,192.9783,207.77957,200.76353,195.12956
2008-05-13,276.9857,276.55643,273.35397,279.40524,278.25073,275.20557
2008-05-14,242.77686,233.27202,222.02458,243.3669,233.27289,222.16689
2008-05-15,249.5328,248.43262,244.77696,247.84921,246.47217,244.09792
2008-05-16,210.99773,206.4166,199.41162,218.86067,213.74115,206.8294
2008-05-17,293.49762,290.10242,282.1323,291.22263,287.6059,281.69833
2008-05-18,243.85182,240.78406,239.08612,236.19374,232.94945,232.19444
2008-05-19,313.79214,310.9635,302.39117,312.37488,307.5161,299.3027
2008-05-20,307.3847,308.39633,308.55438,303.74216,304.76672,305.98346
2008-05-21,262.2694,258.51865,255.53934,269.07922,265.22885,263.29916
2008-05-22,368.72028,369.60352,368.5677,368.72382,369.00024,368.88736
2008-05-23,311.35336,312.27048,313.50046,325.3685,325.21088,326.49622
2008-05-24,236.03772,233.77164,228.11508,239.20369,236.52818,231.28098
2008-05-25,223.07191,214.65082,207.17339,214.54196,205.13266,196.8337
2008-05-26,264.1296,264.1672,264.37488,253.63754,253.75247,254.87689
2008-05-27,290.90445,286.24344,279.06064,303.60138,297.36243,289.4798
2008-05-28,278.31235,279.33896,277.9325,282.64487,283.55267,282.4333
2008-05-29,254.00488,252.88707,248.59216,247.72989,247.04198,244.31139
2008-05-30,348.34433,345.98083,340.96533,347.27246,344.50302,340.61667
2008-05-31,365.0208,367.1643,366.43936,363.66718,364.80173,364.89786
2008-06-01,348.4485,348.3047,346.95535,350.12225,349.51395,348.75674
2008-06-02,313.8827,312.6044,311.36432,319.46628,316.94193,315.00122
2008-06-03,285.12436,284.82758,284.32816,286.16153,285.52075,285.87646
2008-06-04,292.87143,289.9495,280.80276,299.111,297.23813,289.1666
2008-06-05,340.33228,335.0348,327.48044,346.47495,340.3991,332.47437
2008-06-06,343.41113,338.80457,332.21164,350.45615,345.3539,338.57193
2008-06-07,338.27905,332.1493,323.14618,350.24698,343.8502,334.3165
2008-06-08,371.1775,369.88672,365.31406,371.65988,370.18524,366.63416
2008-06-09,353.95786,353.4762,350.3078,352.11237,351.43774,348.93634
2008-06-10,280.17172,283.51898,285.54587,274.72803,278.23752,281.81476
2008-06-11,309.07782,310.66196,311.52283,301.04797,301.27197,303.09387
2008-06-12,277.26688,284.5284,288.68277,278.79376,285.83188,290.09982
2008-06-13,209.89148,212.25618,217.90674,212.70512,215.07402,220.78468
2008-06-14,245.52388,242.54384,238.2237,247.78723,244.44539,240.11438
2008-06-15,390.293,391.00885,390.5862,391.4485,391.684,391.27945
2008-06-16,390.52734,390.37778,387.83115,391.67853,390.6926,387.39972
2008-06-17,332.98917,328.96347,321.81528,328.21085,323.8019,316.29886
2008-06-18,329.5541,330.69095,332.5868,323.7532,324.07172,326.4527
2008-06-19,272.42,277.66504,282.30222,278.86697,283.61658,287.51514
2008-06-20,257.38232,262.24298,263.98154,255.74283,260.40063,261.9433
2008-06-21,224.41634,228.09456,231.56322,221.76932,225.05066,228.78563
2008-06-22,185.88548,183.6096,180.06271,190.19495,188.13176,184.60236
2008-06-23,231.72292,231.79109,231.39984,230.18979,229.67491,228.23807
2008-06-24,292.12717,288.3342,285.07812,297.8052,293.70044,290.10947
2008-06-25,274.279,275.14664,274.35458,273.98645,274.66934,273.9998
2008-06-26,264.8458,264.36737,264.17166,265.2832,264.57635,264.25122
2008-06-27,285.607,284.15332,282.49832,291.57178,289.897,287.891
2008-06-28,304.6291,305.34305,305.162,296.27148,297.28357,297.27316
2008-06-29,261.4535,267.05518,271.96387,257.78958,263.26547,268.00488
2008-06-30,342.53848,345.23343,345.42923,338.068,341.43298,342.05496
2008-07-01,282.64664,286.43637,293.9222,277.85474,281.6444,288.80606
2008-07-02,310.80243,312.39206,314.9691,306.3645,308.43195,311.39462
2008-07-03,312.5494,312.04343,312.23514,321.30402,320.66223,319.96246
2008-07-04,289.89288,291.6602,294.3667,292.7077,294.31473,297.27814
2008-07-05,319.11295,320.53992,318.07718,322.81302,323.90967,319.63275
2008-07-06,273.9296,276.31345,281.72577,263.0604,265.6691,271.36197
2008-07-07,305.72556,306.49768,307.62335,302.69586,303.46402,304.6997
2008-07-08,314.71094,315.56375,314.69495,314.89975,316.1569,315.11893
2008-07-09,298.262,297.8533,297.22748,293.73547,293.54715,292.51382
2008-07-10,300.92725,298.7196,294.81717,301.65598,299.3957,294.39883
2008-07-11,317.5831,315.15588,311.7394,334.4655,332.73453,328.76538
2008-07-12,290.5902,289.87152,290.42294,306.79703,306.35095,306.36014
2008-07-13,310.66068,310.04993,309.79135,313.25424,313.12552,313.058
2008-07-14,317.4659,317.25064,319.40637,320.01596,320.12952,322.15326
2008-07-15,346.81833,347.90805,349.21686,347.26633,348.499,349.0058
2008-07-16,224.2449,228.4965,234.9891,219.05714,223.11375,229.14061
2008-07-17,278.30164,274.2093,269.56342,281.14337,275.91876,269.00482
2008-07-18,294.32715,288.52954,281.11252,315.92722,310.59518,300.17645
2008-07-19,300.7086,297.14398,292.42203,305.25717,302.13956,296.83658
2008-07-20,256.48322,251.53702,248.0016,262.9708,257.68713,252.80922
2008-07-21,244.25629,242.81323,243.96936,243.8121,242.56317,243.37505
2008-07-22,268.75253,271.9543,273.0515,261.5396,264.95145,266.00522
2008-07-23,302.46008,302.21704,302.23306,302.08026,301.66736,300.9801
2008-07-24,337.24503,338.21365,340.67026,336.99567,338.107,339.88083
2008-07-25,329.0059,329.90884,332.2031,328.0984,329.3321,331.25406
2008-07-26,306.49597,306.6984,307.73254,305.17776,305.57968,306.08252
2008-07-27,289.8379,290.48004,291.4062,286.88367,287.95844,288.72067
2008-07-28,280.25494,279.0602,278.83658,276.4468,275.22415,274.91333
2008-07-29,302.05643,302.49423,303.29922,301.82144,302.5292,303.1885
2008-07-30,276.1126,274.3105,272.78897,283.9137,282.06165,279.29648
2008-07-31,278.83932,276.6977,273.16522,280.62506,278.5125,274.94455
2008-08-01,290.3146,287.6275,282.7138,296.74466,294.45758,289.67514
2008-08-02,207.05551,209.06175,215.48631,209.0659,211.07018,217.46013
2008-08-03,205.6677,205.55386,206.5812,205.2045,204.97697,205.44029
2008-08-04,311.6523,310.815,309.5488,310.05038,309.346,307.7318
2008-08-05,265.3587,262.38568,260.15845,262.5778,259.75623,257.51
2008-08-06,241.6756,238.50578,235.81488,239.34093,235.56422,232.00883
2008-08-07,286.70364,285.09528,283.05276,286.59482,285.28497,283.12753
2008-08-08,279.1655,276.53476,274.4317,280.75192,277.86444,274.66556
2008-08-09,240.99458,236.72398,232.63669,241.1831,237.38249,233.76251
2008-08-10,195.54855,194.35718,192.92152,196.0202,194.60826,192.37291
2008-08-11,183.27687,178.93832,174.98459,181.53317,177.68845,173.30167
2008-08-12,241.49875,241.25058,240.99342,230.63771,230.76303,231.63419
2008-08-13,209.36162,205.70645,202.73958,213.6594,209.46346,206.3998
2008-08-14,293.8912,292.51306,289.85678,294.22604,293.54196,291.74106
2008-08-15,107.11252,107.73424,111.32692,98.71908,98.81742,101.96996
2008-08-16,267.61578,269.8669,269.41534,272.41138,273.95822,272.88638
2008-08-17,243.12752,244.2535,245.58673,251.71231,253.31958,254.75015
2008-08-18,245.44695,241.80034,239.2537,260.86444,257.894,255.399
2008-08-19,246.6609,242.97052,239.61565,251.73155,248.03864,244.36899
2008-08-20,259.95404,258.75937,256.0779,259.5694,258.5292,256.26157
2008-08-21,183.03326,180.99918,178.4319,185.01219,182.58377,179.84001
2008-08-22,263.65408,263.39978,260.61032,276.27866,275.96136,273.69348
2008-08-23,192.24501,190.88475,194.9486,197.98576,196.39104,200.97023
2008-08-24,263.7416,263.20447,262.09338,262.49957,261.68692,260.78436
2008-08-25,257.67258,256.50793,254.45984,255.96272,254.60529,252.514
2008-08-26,238.75186,237.41374,234.90273,238.97783,237.37268,234.69771
2008-08-27,238.70691,236.41386,234.1851,240.96709,238.53644,236.39398
2008-08-28,196.54948,195.85568,194.63278,198.19115,197.35603,195.57896
2008-08-29,205.26292,211.30609,218.52438,191.65442,198.08963,207.10574
2008-08-30,276.75867,276.50327,275.3313,275.82413,275.34192,274.21567
2008-08-31,257.96375,258.77936,258.17923,255.54924,256.61383,256.25107
2008-09-01,182.78012,184.0277,185.45871,181.5879,182.72075,183.9707
2008-09-02,275.35507,274.5155,273.40378,273.9273,273.0807,272.14008
2008-09-03,271.79077,270.49344,268.69202,270.88467,269.6449,268.14566
2008-09-04,249.9315,249.60829,247.62033,251.9363,252.0755,250.52342
2008-09-05,227.54478,227.26556,228.36868,237.81438,237.46121,237.40367
2008-09-06,260.93707,259.59012,257.62357,260.55832,259.263,257.6715
2008-09-07,247.1013,245.95877,244.48767,247.8556,246.78749,245.7517
2008-09-08,238.79712,236.79446,233.71718,239.39317,237.4442,234.86046
2008-09-09,231.60526,229.87775,227.71127,231.77748,230.2992,228.8588
2008-09-10,223.91904,223.96497,222.01903,218.45541,219.14175,218.23076
2008-09-11,123.620865,123.579,124.26818,126.419014,125.544525,125.49472
2008-09-12,165.7761,166.7563,166.74239,176.4912,177.75212,178.48161
2008-09-13,146.31676,140.62433,136.17422,147.64412,141.84225,136.77226
2008-09-14,211.4247,209.81998,208.58667,208.11014,206.28403,205.07411
2008-09-15,221.69458,220.37915,217.95053,219.8487,218.81403,217.17044
2008-09-16,201.97165,201.03474,198.79665,197.57828,196.43639,194.43874
2008-09-17,198.23544,197.17032,195.74428,193.94006,193.01747,191.97856
2008-09-18,218.0962,215.01671,212.35355,213.92249,211.05934,209.39479
2008-09-19,229.85686,226.25934,220.22247,230.89537,227.58943,221.94902
2008-09-20,193.54706,193.93323,193.39992,192.3631,193.07298,193.03812
2008-09-21,217.52505,215.17845,210.81152,224.23026,221.77058,217.39656
2008-09-22,222.45349,221.77028,219.49182,219.91704,218.78998,216.73848
2008-09-23,231.96729,230.15614,228.98857,229.33531,227.63782,227.03465
2008-09-24,232.5535,230.08614,226.80663,232.80202,230.75078,228.29227
2008-09-25,224.3073,223.56294,221.65105,222.70369,222.10062,220.42363
2008-09-26,189.06912,188.63937,190.19868,183.97261,183.76326,186.54286
2008-09-27,216.75015,215.49075,210.4915,217.16219,216.89067,213.89351
2008-09-28,204.90799,206.74686,205.4182,206.9413,209.26282,207.85582
2008-09-29,132.66621,131.97879,131.65324,139.3444,138.44887,138.13414
2008-09-30,154.49812,148.16408,140.976,150.53052,143.98582,136.5751
2008-10-01,140.97418,141.51205,145.45518,141.82469,142.10368,145.89749
2008-10-02,177.13177,176.98016,174.83304,173.36815,173.16489,170.92143
2008-10-03,173.25012,172.47142,172.45686,175.72568,174.6922,173.91707
2008-10-04,198.8988,197.60329,195.1906,197.13136,195.98506,193.4535
2008-10-05,191.44324,189.61229,187.48145,192.89008,191.39406,189.6563
2008-10-06,181.96461,181.13121,176.7402,181.86594,181.71056,178.3407
2008-10-07,105.39007,107.015465,109.50886,103.29193,104.5956,106.83025
2008-10-08,137.81602,136.54396,137.02892,136.76053,135.61389,136.70583
2008-10-09,146.29185,143.1634,140.28842,145.37036,142.15842,139.15471
2008-10-10,179.46347,179.05115,177.5457,178.21385,177.43439,175.59222
2008-10-11,159.00446,160.44765,161.01918,156.30174,157.71204,158.4569
2008-10-12,122.0029,120.89866,119.308395,117.61471,116.80976,116.13632
2008-10-13,163.58424,162.3953,160.39091,159.27614,157.71951,155.68568
2008-10-14,98.60173,98.63378,97.368904,102.48614,102.22433,100.12507
2008-10-15,194.27773,189.11726,176.72516,193.24449,187.65135,173.97081
2008-10-16,159.21983,158.45662,157.88509,153.87459,152.87083,152.43051
2008-10-17,173.69058,171.91278,170.00725,171.62228,170.29048,169.01302
2008-10-18,151.42743,151.69513,148.93542,142.598,143.44487,141.82053
2008-10-19,158.03688,158.11798,158.18546,156.65836,156.76585,157.0091
2008-10-20,154.76254,154.07967,152.84442,150.64062,150.33665,149.2323
2008-10-21,142.34167,143.06998,145.02852,142.7337,143.88461,145.69981
2008-10-22,158.05203,157.4254,156.27495,154.85991,154.24805,153.69562
2008-10-23,132.46468,133.71602,136.40265,126.829445,128.75284,133.07051
2008-10-24,163.382,159.66855,153.98479,163.16919,159.635,154.0702
2008-10-25,149.62746,146.73651,143.97783,153.32971,150.94179,148.67651
2008-10-26,143.60423,140.9063,137.15314,149.32614,147.07092,143.36165
2008-10-27,151.44543,148.71739,144.94548,150.93001,148.47272,145.706
2008-10-28,101.62008,100.433685,101.085365,103.20935,101.522964,101.774826
2008-10-29,80.61773,78.01206,75.08451,76.593254,74.26124,71.61069
2008-10-30,159.80196,160.48047,159.21907,157.47546,158.49171,157.35187
2008-10-31,132.48264,132.24966,131.31781,128.49849,127.91025,126.67225
2008-11-01,132.61159,132.84,133.1424,130.54523,130.79173,131.05518
2008-11-02,115.80425,117.48588,119.266205,116.22473,118.78206,121.40248
2008-11-03,110.606995,109.5853,107.85106,103.554,102.209,101.26714
2008-11-04,126.316765,125.953255,124.99063,119.54273,119.525635,120.01573
2008-11-05,117.89115,118.3046,118.30132,115.68747,116.59754,117.38375
2008-11-06,66.43996,64.06705,62.22555,68.44767,65.85516,63.623516
2008-11-07,117.33772,114.69748,111.52333,117.40011,114.63669,111.47655
2008-11-08,140.31514,140.08176,139.77565,137.85823,137.72537,137.52055
2008-11-09,127.85322,128.12741,128.26996,121.3892,122.54128,123.921455
2008-11-10,126.735954,123.50839,117.85771,129.03642,125.797516,120.027275
2008-11-11,92.49033,89.00167,85.18742,95.27972,91.95342,87.94534
2008-11-12,140.75937,139.77867,139.50566,137.86113,136.92285,136.86409
2008-11-13,107.79081,106.35289,104.658615,107.802574,106.42152,104.58101
2008-11-14,110.49961,111.21005,111.4714,107.45963,108.40882,108.64559
2008-11-15,120.759995,120.337074,119.769165,119.22429,118.81664,118.39726
2008-11-16,125.81091,124.707596,123.82516,124.4287,123.485954,122.77047
2008-11-17,106.78544,105.26042,104.17119,103.36641,101.696625,100.510124
2008-11-18,75.35096,76.70632,77.79575,72.54489,74.12594,75.22396
2008-11-19,50.286915,50.092636,49.369415,47.58963,47.512234,46.931118
2008-11-20,81.72632,80.00934,78.111465,85.16038,83.01304,80.65096
2008-11-21,56.88859,55.878952,55.226833,58.1092,57.14905,56.535896
2008-11-22,73.25438,72.45266,71.72489,73.55686,72.72078,71.93529
2008-11-23,87.50165,87.83178,88.167076,83.035446,83.60022,84.438576
2008-11-24,80.154686,79.4153,79.480934,79.7952,79.00694,78.54032
2008-11-25,119.54949,118.06556,115.19573,119.031044,117.80927,115.40472
2008-11-26,117.90361,116.73961,115.33378,119.00241,117.793655,116.21587
2008-11-27,111.285675,109.78395,107.91086,113.64502,112.19364,110.28188
2008-11-28,125.66507,124.30837,122.60251,125.02775,123.79677,122.13776
2008-11-29,112.02749,110.140175,106.978714,113.640785,112.230965,109.725006
2008-11-30,58.081673,57.29545,57.127964,56.449036,55.42779,54.895657
2008-12-01,89.95285,88.29995,85.86286,92.75658,90.7781,87.93157
2008-12-02,53.896984,53.267406,52.877388,55.04175,54.31737,53.925705
2008-12-03,88.04636,87.43705,86.34772,86.16746,86.0441,85.418144
2008-12-04,73.51741,73.51765,73.90557,72.88744,73.41852,74.55059
2008-12-05,90.65309,90.31855,90.20271,88.33258,88.22251,88.18802
2008-12-06,80.35588,78.928154,76.89371,78.324745,76.99122,75.45649
2008-12-07,42.893192,42.35999,41.805603,42.671967,42.280483,41.9743
2008-12-08,99.37428,98.37204,96.91871,96.62798,95.79167,94.69739
2008-12-09,97.26358,96.492615,96.27456,95.2532,94.661575,94.7665
2008-12-10,105.3364,104.69084,104.22884,103.29169,102.71072,102.47112
2008-12-11,91.99208,91.076775,90.42799,88.09399,87.494125,87.459724
2008-12-12,107.660995,106.86512,106.1054,105.34995,104.71671,104.291214
2008-12-13,90.93607,89.81725,88.64852,89.158264,87.99884,87.003456
2008-12-14,109.81551,109.07366,107.995026,109.89047,109.10968,107.662735
2008-12-15,94.83762,92.86412,90.77945,96.81866,94.974785,92.65371
2008-12-16,100.941696,99.20182,96.75578,100.94388,99.32171,96.85657
2008-12-17,58.801643,59.187733,58.977497,53.971813,54.44501,54.467964
2008-12-18,52.49143,51.72196,50.427162,51.702454,51.184326,50.097557
2008-12-19,90.404076,89.92519,89.07105,87.20609,86.92167,86.113396
2008-12-20,104.39494,102.84161,100.1884,103.685814,102.37682,100.11201
2008-12-21,97.640114,98.306435,97.73645,100.01481,100.54872,99.55157
2008-12-22,73.54303,74.27929,75.47834,73.84902,74.69616,76.01516
2008-12-23,60.37172,59.6074,59.703102,60.618065,59.511078,59.02919
2008-12-24,69.87397,69.26597,68.05769,70.263535,69.61327,68.11483
2008-12-25,48.563038,47.894386,47.133823,47.682476,47.11997,46.44775
2008-12-26,91.65755,90.58091,89.36939,91.508255,90.56833,89.33228
2008-12-27,90.15638,87.87397,85.91538,87.65272,85.266624,83.46019
2008-12-28,58.938206,58.273945,57.10816,60.638336,60.073032,58.901398
2008-12-29,97.02851,97.27798,94.07535,95.88875,96.56597,93.63335
2008-12-30,97.362206,96.46202,95.475075,94.424644,93.671616,92.960495
2008-12-31,111.81619,110.994606,109.73035,110.071625,109.301636,107.98837
2009-01-01,86.54986,86.4081,86.436165,85.85061,85.71525,85.71383
2009-01-02,48.612522,47.095005,47.71684,47.46199,45.622158,46.04801
2009-01-03,107.90223,107.4816,107.287,105.36827,104.8313,104.61663
2009-01-04,54.1242,54.247116,54.828293,52.63424,52.69965,53.14479
2009-01-05,100.56929,99.61881,99.036896,99.72312,98.658875,97.916275
2009-01-06,105.28569,104.69191,103.79297,102.546906,102.29604,102.117714
2009-01-07,109.43628,109.0212,108.041214,106.74364,106.501595,105.89874
2009-01-08,106.23997,105.88838,104.81504,103.66536,103.30349,102.20486
2009-01-09,106.03189,105.79761,105.70714,109.58513,109.36778,109.02888
2009-01-10,40.94359,40.714382,40.1761,40.885475,40.672306,40.216946
2009-01-11,94.89111,91.51305,87.657875,92.06836,88.59605,84.687454
2009-01-12,124.09524,123.73912,122.98832,121.74672,121.44426,120.81256
2009-01-13,126.1046,124.62206,122.188385,124.005875,122.99118,121.58524
2009-01-14,114.353455,113.807976,112.72687,113.11267,112.33491,110.90863
2009-01-15,109.96462,109.010185,107.30312,111.68887,111.06192,109.48407
2009-01-16,117.345955,116.258606,115.467255,114.11143,113.25859,113.044136
2009-01-17,54.12167,53.94089,53.482635,55.43299,55.36967,55.042225
2009-01-18,100.8132,100.331894,100.05488,97.499405,97.05445,97.47681
2009-01-19,117.78884,115.518005,112.17493,117.01509,114.87016,111.860085
2009-01-20,140.22992,138.84418,136.91629,138.81339,137.63997,136.17134
2009-01-21,98.66993,99.35685,99.72955,96.09834,96.91054,97.58667
2009-01-22,84.141464,83.51781,82.79092,81.68017,81.18923,80.786964
2009-01-23,102.45165,100.42017,98.26767,101.65256,99.149284,96.072205
2009-01-24,96.29028,95.41391,94.07996,94.084915,92.96032,91.42312
2009-01-25,114.368164,113.651306,111.1063,110.87424,110.40073,108.60451
2009-01-26,121.78376,120.646355,119.55225,119.99233,118.45203,117.404465
2009-01-27,142.07289,140.90262,140.35852,140.09389,138.9767,138.65059
2009-01-28,109.335365,108.685295,107.928085,106.62984,106.18123,105.675674
2009-01-29,122.47919,121.35366,119.58215,121.06292,120.17334,119.00237
2009-01-30,153.0945,151.08003,148.57387,151.57008,149.6644,147.61586
2009-01-31,98.84551,98.20284,97.80214,96.69016,96.086624,95.89818
2009-02-01,77.24272,74.80204,71.79949,78.71119,76.320244,73.48478
2009-02-02,125.50269,125.402756,124.94293,122.05817,121.79863,121.60933
2009-02-03,162.90605,161.23132,159.2824,162.09421,160.43466,158.67023
2009-02-04,114.95469,112.533005,109.817665,117.09196,114.73751,112.354385
2009-02-05,162.69911,161.45444,160.24863,160.03139,158.89836,158.35947
2009-02-06,117.43031,116.321754,115.199165,117.013695,115.818054,114.67578
2009-02-07,166.5431,164.9103,162.56627,170.71187,169.38014,167.50337
2009-02-08,101.06749,99.85147,98.00513,102.71003,101.68188,100.13363
2009-02-09,108.4671,106.32518,103.27409,109.77405,107.713104,104.93355
2009-02-10,98.42878,94.12387,90.37133,99.636406,95.2949,91.524796
2009-02-11,173.27867,172.52206,171.36542,170.93892,170.27048,169.27736
2009-02-12,144.34294,141.9046,139.2624,139.70987,137.2202,134.50238
2009-02-13,148.9656,147.70908,146.26323,146.96922,145.89886,144.68875
2009-02-14,130.56865,128.7517,125.711845,129.5578,127.748886,124.802765
2009-02-15,166.58723,165.07141,163.48424,164.90445,163.52928,162.1063
2009-02-16,191.78346,189.98906,187.78107,191.2295,189.50307,187.44905
2009-02-17,168.51147,168.1808,167.00781,167.76292,167.58553,166.49757
2009-02-18,146.2573,145.41621,143.41644,150.55118,149.30658,146.63521
2009-02-19,105.83598,100.68558,96.15752,102.84114,98.05739,94.17468
2009-02-20,176.301,173.06992,167.5828,172.11873,168.62793,163.08307
2009-02-21,168.60269,168.58612,168.73225,166.70914,166.5273,166.36288
2009-02-22,171.56084,171.32204,169.1549,168.24515,168.92732,167.84892
2009-02-23,146.87411,145.83015,144.04916,146.03552,145.16913,143.93318
2009-02-24,153.91682,152.50516,152.20047,153.96019,152.92052,153.14395
2009-02-25,130.77203,130.90463,130.18611,131.56737,131.92865,131.08928
2009-02-26,190.92415,187.3448,183.31429,191.5647,188.09543,184.02687
2009-02-27,173.60896,172.47557,170.80678,169.84572,168.6077,166.57565
2009-02-28,189.54852,188.4291,187.26924,184.04759,183.20677,182.33804
2009-03-01,204.92537,202.48048,196.21556,205.02933,202.94673,197.17583
2009-03-02,212.3292,208.82457,201.49936,211.62965,207.88408,200.39754
2009-03-03,175.71605,172.50008,169.55666,171.63208,168.70914,166.09462
2009-03-04,198.80984,197.48732,195.54591,195.94992,195.13889,193.89835
2009-03-05,210.36055,210.24693,207.36963,212.54587,212.98584,210.73714
2009-03-06,149.82607,145.85057,140.86859,142.21808,138.52553,134.0937
2009-03-07,198.42392,196.20001,193.55675,194.62344,192.76974,190.68782
2009-03-08,228.28687,226.82,224.73868,225.63138,224.67278,223.14442
2009-03-09,229.80273,228.25276,226.9838,228.3856,226.9321,225.27592
2009-03-10,198.59749,198.42235,197.68622,194.82214,195.23952,195.27695
2009-03-11,219.35944,216.56703,212.97916,221.39839,218.91006,215.33723
2009-03-12,103.75441,99.549065,95.1826,101.66919,98.04647,94.04793
2009-03-13,192.07048,191.2254,189.85579,189.63931,188.84525,187.19615
2009-03-14,212.61209,210.54704,207.34027,211.10796,210.23631,208.0513
2009-03-15,227.0565,226.42133,226.41875,224.61127,224.48735,225.04514
2009-03-16,239.01491,238.07262,236.87918,238.4923,237.61229,236.18246
2009-03-17,257.74896,256.12012,254.04628,257.02563,255.50417,253.19728
2009-03-18,231.99219,230.02757,227.98572,229.51866,227.57753,225.30746
2009-03-19,139.11105,140.93657,144.09064,144.40054,146.63312,149.73958
2009-03-20,229.8977,228.15436,224.77576,226.23798,224.7814,221.46718
2009-03-21,205.64064,203.49501,203.20287,196.95279,194.90213,194.97177
2009-03-22,263.91074,260.42657,254.53165,262.88348,259.58224,253.49605
2009-03-23,227.5328,226.9016,224.80502,226.94098,226.89973,225.05624
2009-03-24,245.41393,241.96193,237.8123,247.45001,244.29471,239.98242
2009-03-25,249.8882,248.59387,247.78297,246.82573,245.65738,244.86609
2009-03-26,216.78725,218.39696,219.23177,213.0643,215.41481,216.17778
2009-03-27,223.65045,223.7666,224.40726,215.4704,215.70357,216.3122
2009-03-28,196.42117,195.1723,194.17703,199.71574,197.50374,195.34492
2009-03-29,83.97628,82.672905,81.03554,86.83617,85.6744,83.938515
2009-03-30,278.01825,275.26794,270.7705,277.9025,275.85733,272.26257
2009-03-31,285.34766,284.30685,282.4937,284.59756,283.82532,282.11014
2009-04-01,120.82202,121.15875,121.27403,121.91516,122.46379,122.91165
2009-04-02,122.45755,116.39471,110.88518,126.033195,119.96422,114.39406
2009-04-03,282.53326,277.99078,270.84872,281.8728,277.6004,270.74612
2009-04-04,279.12646,279.37585,278.9846,280.30368,280.71408,280.17166
2009-04-05,185.07458,180.30226,177.15753,190.33325,185.78816,182.61581
2009-04-06,198.9776,200.69833,203.70078,197.85141,199.33199,201.84041
2009-04-07,241.38947,242.70009,242.54964,241.37674,243.60115,244.52342
2009-04-08,131.33627,132.51268,134.0738,132.17104,133.45279,135.5478
2009-04-09,266.20624,263.95486,260.0902,267.02258,264.263,260.11954
2009-04-10,249.37892,249.04576,248.5714,248.15482,247.77232,247.84221
2009-04-11,257.15707,255.84962,255.23952,254.46553,253.34023,253.47601
2009-04-12,302.0114,300.22375,296.97116,301.08777,299.7823,297.7662
2009-04-13,262.3675,262.56546,262.77768,260.7213,260.96304,261.52594
2009-04-14,243.91716,241.94109,239.9031,241.92738,239.49715,237.67088
2009-04-15,258.5892,258.13947,253.91524,252.89447,253.07294,249.64293
2009-04-16,280.87357,278.80902,277.9386,275.08978,272.79648,272.9694
2009-04-17,202.87068,204.50356,205.00418,203.1256,204.24455,204.6002
2009-04-18,203.62465,200.18605,193.34471,193.44917,190.48798,184.09373
2009-04-19,261.20724,260.91174,258.4707,263.71793,263.44962,261.7172
2009-04-20,173.53925,176.3131,181.17145,170.56677,173.17624,177.931
2009-04-21,266.07648,265.01794,263.91394,262.00363,260.82706,260.68274
2009-04-22,186.34647,191.59555,197.84367,191.17192,196.60234,203.74872
2009-04-23,137.80672,132.90681,128.65016,136.26515,131.68639,127.309364
2009-04-24,220.40384,215.6122,207.8491,230.84538,225.195,216.57588
2009-04-25,274.15036,272.66638,270.8749,281.8734,280.59555,280.38107
2009-04-26,313.426,311.71432,309.0701,314.88947,312.9491,310.8799
2009-04-27,259.94543,254.50223,248.95827,270.77405,265.02292,259.3685
2009-04-28,267.48486,263.8059,257.894,266.91223,263.4681,258.39465
2009-04-29,300.8696,299.23495,296.532,300.66815,298.8772,297.05054
2009-04-30,306.41797,304.95837,302.56506,306.90848,305.17682,303.41684
2009-05-01,127.958405,130.93422,138.37076,107.63631,110.94839,120.58752
2009-05-02,316.6788,316.24698,314.75412,316.2681,315.64267,315.01355
2009-05-03,309.1333,308.49954,307.3992,308.06393,306.8498,306.0735
2009-05-04,274.94058,274.1129,273.973,275.48837,273.83603,273.69708
2009-05-05,212.60703,212.8837,213.84587,213.20255,213.14333,214.68385
2009-05-06,298.8449,296.73334,293.20468,306.66876,303.70926,300.43027
2009-05-07,301.26416,299.96494,298.76483,305.5687,303.91028,303.34644
2009-05-08,294.70288,292.11942,287.80664,297.65735,295.00247,292.6572
2009-05-09,305.4063,304.90207,299.6,304.7086,303.6439,299.71948
2009-05-10,303.44168,300.89624,296.497,304.381,301.768,298.70206
2009-05-11,272.02582,269.79553,271.4342,273.87103,271.57886,274.13345
2009-05-12,293.7409,292.3589,288.51746,297.32672,295.5531,292.239
2009-05-13,292.4554,288.5801,283.40952,297.67487,293.5338,288.9381
2009-05-14,295.05316,295.77704,296.59692,292.89117,293.6107,295.64798
2009-05-15,301.61975,300.12405,299.83676,305.14404,303.12805,303.16513
2009-05-16,314.00104,314.5047,315.10306,314.32822,314.34793,316.05292
2009-05-17,341.51587,338.83224,332.88565,343.58615,339.81454,333.8895
2009-05-18,269.72617,274.04507,278.43738,268.2622,272.51077,278.0489
2009-05-19,327.3749,326.27792,323.9891,329.0724,327.65787,326.58313
2009-05-20,294.9243,295.71582,295.95062,298.04916,298.2951,298.7486
2009-05-21,206.11244,202.21944,197.35176,211.74971,206.76569,200.81819
2009-05-22,306.34772,303.7556,296.86877,305.11475,301.75082,295.47897
2009-05-23,240.06918,245.07455,250.80399,235.4202,240.25641,246.65248
2009-05-24,230.21849,233.90776,241.76126,224.59363,227.65654,236.14793
2009-05-25,313.6217,313.04086,312.22006,314.1345,313.2817,313.17493
2009-05-26,248.06877,250.9269,252.48047,254.01936,256.12488,257.7357
2009-05-27,228.56139,225.39676,220.40143,228.99373,225.55464,221.13611
2009-05-28,334.04794,333.18475,331.70923,323.80695,322.5074,322.4239
2009-05-29,304.34653,306.58807,309.8724,301.20776,303.26938,307.51917
2009-05-30,237.88943,228.94528,222.75328,254.55588,245.63206,239.79997
2009-05-31,349.99957,351.22208,354.61258,340.31897,340.99698,346.52887
2009-06-01,381.66818,382.16693,381.21527,382.25497,382.05017,381.76257
2009-06-02,263.2996,263.50366,264.06396,260.07233,259.7434,260.51764
2009-06-03,300.803,294.67578,285.9857,310.09167,303.1121,294.6571
2009-06-04,350.37976,353.95078,355.34183,356.16498,358.22025,359.6183
2009-06-05,368.09912,368.99878,369.44693,364.6651,364.86807,366.05957
2009-06-06,360.67404,361.70068,361.39966,362.83755,362.9241,362.85062
2009-06-07,267.7961,272.89627,274.44473,278.5336,283.46878,284.45468
2009-06-08,238.46556,233.18094,227.30522,243.61946,237.32785,231.17542
2009-06-09,289.94232,287.23706,283.16116,293.42093,291.21936,287.73126
2009-06-10,292.2894,286.71518,276.80392,303.5011,297.4037,287.7674
2009-06-11,344.68768,346.76187,348.91138,342.70642,343.9823,345.89603
2009-06-12,335.18985,334.43484,332.1143,336.5579,335.52094,334.31128
2009-06-13,252.7707,259.24155,265.43054,266.58237,272.9572,279.26807
2009-06-14,359.5499,359.2843,356.84146,373.47977,372.77985,370.5339
2009-06-15,372.0126,370.93604,368.13797,370.28003,368.45282,365.4937
2009-06-16,292.7201,293.49298,293.7862,295.57947,295.09344,293.25388
2009-06-17,289.00363,286.81586,283.69818,283.2303,279.81738,276.6388
2009-06-18,277.59277,281.03098,284.19232,271.52658,274.52893,277.77533
2009-06-19,287.41003,287.96384,287.56778,276.71213,277.54956,278.6355
2009-06-20,335.40796,333.51984,328.56744,339.05096,336.98035,331.3399
2009-06-21,313.14716,315.21402,315.2691,312.26303,314.25833,314.3885
2009-06-22,312.56146,316.2046,324.6008,296.1696,300.10422,310.58658
2009-06-23,356.44867,357.89426,359.26337,358.73203,359.84604,360.4441
2009-06-24,326.48816,326.69464,325.7124,343.70636,341.42493,336.47195
2009-06-25,361.20538,362.01843,361.62302,362.12567,362.41983,361.6898
2009-06-26,340.30777,341.04657,341.22992,340.4265,341.10675,340.94275
2009-06-27,334.02017,336.06274,335.7601,333.52356,335.412,334.62967
2009-06-28,336.50266,338.08026,338.43607,334.84354,336.41885,336.54282
2009-06-29,330.0813,330.75262,331.9215,327.30713,327.8362,328.80475
2009-06-30,249.66284,252.73433,252.14667,249.22458,251.98778,250.7477
2009-07-01,175.10255,174.90112,174.87335,170.1525,170.34816,171.1604
2009-07-02,224.21288,222.63957,220.86871,220.64595,219.37863,217.73024
2009-07-03,270.8992,274.36017,278.5036,260.21057,263.80353,267.66785
2009-07-04,297.668,298.73944,299.07486,295.49634,296.07764,295.60968
2009-07-05,344.75378,346.21112,346.39328,348.4375,350.1679,349.41418
2009-07-06,307.20065,308.91013,311.0266,305.34564,306.70944,307.976
2009-07-07,290.1653,295.58182,299.1536,288.1467,293.60855,296.62
2009-07-08,305.7434,307.18954,304.84848,304.12393,304.85162,301.02823
2009-07-09,335.74368,332.6153,322.7073,334.89047,331.40842,320.40292
2009-07-10,276.05972,272.6441,269.9106,268.4192,264.9551,261.81067
2009-07-11,315.4115,312.86246,307.1181,311.7094,309.0114,302.40564
2009-07-12,328.03525,329.07593,329.83316,326.94275,327.90463,327.6459
2009-07-13,332.75406,336.36435,337.38138,333.9079,337.4532,337.56042
2009-07-14,218.11319,215.61018,215.96529,215.16905,212.30501,212.35957
2009-07-15,328.2454,327.59204,327.91162,324.66052,324.0874,324.0976
2009-07-16,308.1263,309.2557,310.1138,302.21954,303.55115,304.57675
2009-07-17,205.52426,207.75261,210.4696,201.69931,204.17432,206.2992
2009-07-18,238.39284,241.17755,244.40111,244.20595,246.69362,248.54465
2009-07-19,216.3302,219.70132,226.51602,221.16551,224.35057,229.76524
2009-07-20,248.65016,248.7509,248.7277,239.31804,238.71921,237.04047
2009-07-21,277.75137,276.20697,274.9721,281.80856,279.3556,275.93164
2009-07-22,219.85507,222.54085,224.32599,221.61276,223.86734,223.79283
2009-07-23,246.63068,252.53691,259.38354,230.25188,237.2967,245.23526
2009-07-24,230.13701,232.58263,235.04042,221.51816,223.36888,224.75443
2009-07-25,302.77545,301.79578,300.55618,306.30142,305.32724,303.5602
2009-07-26,219.47054,217.46483,213.13509,216.98416,215.28343,211.5049
2009-07-27,261.12405,262.34778,265.10934,257.18823,258.3467,260.90854
2009-07-28,305.21982,306.80536,304.33167,306.46008,309.83563,307.66028
2009-07-29,290.81982,291.24686,295.77393,282.45013,283.26642,288.7091
2009-07-30,312.20288,312.57666,313.9901,316.0092,316.45627,317.13943
2009-07-31,261.0079,261.9442,261.67575,266.86774,267.41208,266.25348
2009-08-01,235.17172,234.53596,239.74567,232.00253,231.29483,236.97316
2009-08-02,254.13939,253.14125,249.69736,255.46315,254.68982,250.46605
2009-08-03,272.47122,271.81183,271.2434,272.57477,271.9896,270.84396
2009-08-04,271.78885,273.4219,275.23807,265.7281,267.71524,269.67734
2009-08-05,247.3558,249.85756,253.18925,249.31697,252.38326,255.31947
2009-08-06,203.43353,202.58893,202.05258,195.52637,194.9458,194.5376
2009-08-07,299.39734,298.9417,298.29227,303.1114,302.58337,300.92963
2009-08-08,308.906,308.02,306.41254,309.54245,308.71985,306.63275
2009-08-09,208.37305,208.81313,210.85545,205.37979,205.62207,207.3031
2009-08-10,262.34048,261.19888,259.6555,268.55075,268.50174,267.29407
2009-08-11,291.08524,291.3324,290.53958,292.79083,292.93118,291.77386
2009-08-12,215.25475,209.22736,205.3879,206.231,200.16354,196.32442
2009-08-13,262.77774,262.2912,263.17743,252.73175,252.41078,253.74176
2009-08-14,273.63165,273.808,273.13275,272.97192,272.9047,271.61984
2009-08-15,293.7324,293.1853,291.9915,293.43137,292.73874,291.18723
2009-08-16,275.27386,274.68173,274.58597,275.85495,275.1868,274.54602
2009-08-17,289.19913,286.94745,283.5179,291.8082,290.42722,287.98514
2009-08-18,290.71478,286.02292,277.90375,292.8934,288.93533,281.7008
2009-08-19,275.7199,274.832,274.25055,274.78223,273.92624,273.28574
2009-08-20,231.73732,227.79453,224.69983,231.68578,227.216,223.40385
2009-08-21,194.35202,188.90553,187.0548,201.76242,196.46855,193.74081
2009-08-22,179.69495,174.58177,172.2272,183.93275,178.29114,174.66353
2009-08-23,181.35472,179.1215,179.65523,178.10313,175.79887,176.63231
2009-08-24,208.54567,203.24396,197.85611,208.9381,202.58266,196.29906
2009-08-25,248.12866,246.30058,243.25865,247.14331,245.52556,242.71933
2009-08-26,247.94638,247.19545,245.66704,244.56819,243.78635,242.45767
2009-08-27,249.66486,246.83261,243.68997,243.89629,240.94952,238.5247
2009-08-28,228.49902,223.9988,219.45682,235.05843,230.18979,225.01027
2009-08-29,242.46306,238.95677,234.41212,246.65921,243.51674,239.017
2009-08-30,215.8456,213.42738,208.04845,210.82463,208.8049,203.65529
2009-08-31,252.63493,248.03311,240.08093,259.2924,254.75963,247.0771
2009-09-01,175.69107,169.17365,165.32974,177.73196,170.744,166.26746
2009-09-02,236.79825,235.3337,232.33401,236.48228,235.30971,232.88562
2009-09-03,237.93912,236.12277,234.60722,240.7507,239.32512,238.72487
2009-09-04,194.02794,196.16599,203.82408,192.12929,193.42976,201.1996
2009-09-05,242.54198,241.4641,243.53992,256.20193,255.30338,255.82295
2009-09-06,243.79546,242.87978,241.84302,239.54684,238.39864,237.28755
2009-09-07,239.606,237.33578,230.471,236.92735,234.77753,227.42674
2009-09-08,247.32306,245.66626,242.95413,246.70905,244.70676,241.75279
2009-09-09,251.0961,249.68776,247.52948,249.91258,248.47372,246.74582
2009-09-10,180.07927,179.9546,179.95634,175.80139,175.40149,175.81808
2009-09-11,129.28706,131.34282,134.51364,124.98347,127.461494,131.08452
2009-09-12,102.734116,99.04732,94.485374,98.05994,94.76795,90.194565
2009-09-13,167.16283,163.81778,159.03354,160.65576,156.74553,152.131
2009-09-14,164.86632,163.65634,162.14156,160.79321,159.24222,158.1568
2009-09-15,175.25609,174.98718,175.97925,172.92865,172.41446,173.28088
2009-09-16,221.49098,222.65062,223.46422,217.75153,219.00394,220.3112
2009-09-17,125.519325,119.85549,114.77342,125.2889,119.86128,114.05422
2009-09-18,245.38551,241.31847,233.28188,246.27829,242.69661,235.39981
2009-09-19,229.59596,230.54675,229.14775,222.95341,224.30461,223.16554
2009-09-20,235.36906,232.7295,228.68594,234.80612,232.12514,228.02835
2009-09-21,162.57162,162.89561,164.42831,156.38098,156.52489,158.32884
2009-09-22,186.00267,187.91101,188.12521,184.42035,187.01115,187.50533
2009-09-23,182.80222,183.05519,183.01814,176.31256,176.49704,177.85516
2009-09-24,225.48537,223.30464,220.734,225.94395,224.20459,222.59872
2009-09-25,168.08388,168.13559,169.1565,152.12376,152.24196,153.90215
2009-09-26,192.27664,192.66681,193.9075,197.71263,197.95135,199.08528
2009-09-27,199.52359,199.79851,200.39433,198.58488,198.71873,199.53883
2009-09-28,129.03552,126.736496,122.04055,124.11954,122.44532,118.237175
2009-09-29,176.24957,175.9302,175.57164,180.54926,180.34447,180.31726
2009-09-30,200.4341,198.63577,195.9281,197.36192,195.56004,192.83237
2009-10-01,224.27483,221.80304,218.6074,223.00685,220.31357,216.84378
2009-10-02,202.03992,200.77872,199.35588,199.94252,198.72406,197.4376
2009-10-03,135.142,135.51535,136.83533,128.50114,128.42206,129.94926
2009-10-04,108.9225,106.65006,104.307236,112.76219,109.88539,106.70915
2009-10-05,219.90431,218.16414,215.90857,219.32286,217.66385,215.50722
2009-10-06,210.56093,207.8492,203.78404,211.50655,209.62483,206.90137
2009-10-07,157.63417,157.58476,157.84058,155.21999,155.17824,155.21822
2009-10-08,189.76166,188.28716,187.23055,190.03784,188.55374,187.40877
2009-10-09,126.224686,123.32792,122.41161,125.03095,121.175385,119.50847
2009-10-10,161.63023,162.55626,165.45193,155.58551,157.17415,161.33282
2009-10-11,134.42972,133.77168,133.3444,131.33698,131.35701,131.73157
2009-10-12,165.10045,165.09183,164.22836,159.86646,159.8376,158.72339
2009-10-13,175.02388,173.05325,170.44618,177.87213,175.69131,172.80167
2009-10-14,171.99393,172.19635,171.64046,166.3388,166.98581,167.31334
2009-10-15,113.00814,109.58645,106.43063,103.05201,99.61694,97.12678
2009-10-16,188.92249,187.22954,184.92947,186.79564,185.23277,183.17015
2009-10-17,140.1309,141.09741,141.38882,134.80437,135.90504,136.16501
2009-10-18,171.63077,170.69589,170.37956,167.5318,166.43105,166.30019
2009-10-19,131.02205,129.77118,129.09254,130.82436,129.46013,128.55972
2009-10-20,98.110596,95.00035,92.64714,102.457,99.43694,96.96202
2009-10-21,181.69963,181.88673,179.36536,179.9158,180.68852,178.57913
2009-10-22,150.26517,150.5751,150.4928,151.29637,151.80423,151.55014
2009-10-23,131.4928,129.107,126.20205,131.2314,128.404,124.938446
2009-10-24,160.2287,158.2508,157.25053,158.06567,156.60927,156.65825
2009-10-25,122.66403,121.0886,120.36189,117.82777,115.84604,115.02943
2009-10-26,94.58454,96.41663,97.54914,90.1775,92.32907,93.59183
2009-10-27,70.49687,67.35616,65.53731,67.00603,64.19072,62.418556
2009-10-28,141.72586,138.8533,134.57072,139.96379,137.1279,132.57834
2009-10-29,120.93092,119.36837,118.23721,118.38735,116.48356,115.12288
2009-10-30,145.26263,142.38036,139.05943,144.98526,142.30203,139.07089
2009-10-31,97.06221,96.94373,98.153984,90.00877,90.15022,91.990906
2009-11-01,74.151505,75.69009,77.25819,74.98745,76.75951,78.28661
2009-11-02,148.53519,149.39159,148.08704,146.17372,147.15936,146.03375
2009-11-03,145.01614,146.03334,146.05823,141.70811,142.9206,143.60818
2009-11-04,104.17211,103.16723,101.35387,99.350006,98.17898,96.20268
2009-11-05,152.04303,151.23848,149.04965,149.53145,149.3075,148.02571
2009-11-06,132.69551,131.2237,131.56679,134.7963,134.07019,135.0927
2009-11-07,150.21802,148.8954,146.93799,147.79967,147.04971,146.13591
2009-11-08,113.83815,113.84828,113.35408,115.09289,115.19114,114.88871
2009-11-09,113.910034,114.945694,114.577675,114.07614,114.86867,113.78735
2009-11-10,74.949455,71.11292,67.91671,79.22689,75.156395,71.8405
2009-11-11,122.3453,121.91946,121.55055,122.83771,122.31517,121.51354
2009-11-12,121.47769,121.300514,118.898544,123.26361,123.18893,120.3808
2009-11-13,66.18228,63.299713,61.18708,61.834476,59.13358,57.14554
2009-11-14,115.051285,114.7795,115.01937,114.25395,114.0823,114.524864
2009-11-15,106.37038,106.33133,106.620155,103.388954,103.29004,103.5778
2009-11-16,115.28233,114.6459,113.3715,111.77854,111.05689,109.866905
2009-11-17,113.22881,113.41238,114.8096,109.970955,110.36512,112.040634
2009-11-18,142.09196,141.15073,139.40291,141.16199,140.27156,138.42303
2009-11-19,117.2659,116.004425,114.212395,116.15954,115.16706,113.798454
2009-11-20,123.20139,121.12526,118.097626,122.414024,120.43188,117.25176
2009-11-21,97.48027,95.27031,92.63934,96.2272,93.85023,91.13238
2009-11-22,100.23169,100.64077,101.67491,103.33185,103.51435,104.27421
2009-11-23,96.11168,95.279594,93.533005,93.82114,92.8893,90.94259
2009-11-24,92.391365,92.67199,92.83278,94.83128,95.20456,95.4966
2009-11-25,127.865395,127.04297,125.59692,126.29825,125.57744,124.39079
2009-11-26,114.52004,114.03076,113.22508,110.671936,110.6124,110.703224
2009-11-27,117.29804,115.73159,112.659225,115.59466,114.48127,112.228615
2009-11-28,103.728195,103.295876,103.97999,98.14318,97.93352,100.05983
2009-11-29,121.91124,120.05588,117.6659,122.89558,121.30362,119.169365
2009-11-30,82.24971,82.55796,83.82625,82.97304,83.139435,84.12624
2009-12-01,38.128307,37.189594,36.6778,37.883755,36.843536,36.141838
2009-12-02,122.28831,121.2364,120.15095,121.91989,120.909065,119.717354
2009-12-03,119.41746,118.31274,117.21696,118.29975,117.2394,116.18241
2009-12-04,108.422516,107.28589,105.67924,107.336136,106.32421,104.83869
2009-12-05,58.491505,54.570026,51.891415,59.948853,56.20517,53.348274
2009-12-06,100.96174,101.381516,101.0618,97.29149,97.6241,97.4225
2009-12-07,85.81003,85.329445,84.0684,85.49806,84.98742,83.701965
2009-12-08,83.14067,80.402596,77.498764,84.50054,82.18976,79.557655
2009-12-09,105.972244,105.41152,104.49111,103.247536,103.142944,103.04639
2009-12-10,105.350746,104.792244,104.649216,103.61068,103.10354,103.01663
2009-12-11,105.234245,104.69138,103.71702,103.82334,103.42041,102.46579
2009-12-12,103.423744,102.03068,100.24043,103.626495,102.33581,100.63673
2009-12-13,98.136765,97.23605,95.805,99.59521,98.62417,97.03524
2009-12-14,93.245804,90.06758,86.0747,95.386086,92.49882,88.5901
2009-12-15,86.413055,87.19417,87.36422,85.692055,86.28999,86.482185
2009-12-16,97.76736,97.965195,97.17015,96.220695,96.541176,95.80188
2009-12-17,103.37065,102.554596,101.39685,102.205864,101.257164,100.051384
2009-12-18,104.53091,102.76042,99.92258,103.7098,102.26339,100.07936
2009-12-19,47.662502,47.78196,47.535164,48.55365,48.75238,48.46194
2009-12-20,75.209816,71.91075,68.92155,72.86575,69.65956,66.74403
2009-12-21,105.051765,105.08223,103.226524,103.84487,103.92666,102.00396
2009-12-22,64.9719,64.732185,63.958553,66.03022,65.77222,65.016136
2009-12-23,62.101917,61.076588,59.99505,60.1535,59.12839,58.15866
2009-12-24,51.435154,50.13864,48.873928,48.407948,47.368652,46.291565
2009-12-25,95.541336,94.936584,93.208405,93.20305,92.847496,91.428116
2009-12-26,59.719097,58.98659,58.488758,59.790764,58.954586,57.917095
2009-12-27,87.91757,87.380066,86.629974,83.00325,82.29476,81.612114
2009-12-28,112.0992,111.694275,110.585236,111.51089,111.1921,110.192856
2009-12-29,113.61528,112.95216,111.827194,112.72709,112.17186,111.1252
2009-12-30,111.921074,110.81551,109.52225,110.85017,109.73801,108.36495
2009-12-31,110.95163,110.363434,109.533,108.49118,107.853485,107.02431
2010-01-01,84.18749,83.50158,83.47978,81.76986,81.02646,81.095665
2010-01-02,105.98654,105.04943,103.460205,104.714905,103.93963,102.52814
2010-01-03,110.09248,109.55719,108.94498,109.6286,109.19488,108.51221
2010-01-04,59.19143,60.06677,60.642616,58.258736,58.980637,59.39433
2010-01-05,107.15741,105.693344,102.78114,103.68498,102.00507,99.21883
2010-01-06,95.77534,95.863144,95.09892,95.18858,95.163605,94.2813
2010-01-07,105.96951,105.13715,103.68495,103.964615,103.542534,102.7292
2010-01-08,84.327835,83.649254,82.35617,83.12099,82.41236,81.11497
2010-01-09,105.54053,104.32938,102.392334,103.894585,102.68861,100.97814
2010-01-10,79.216415,77.79779,76.43706,75.592255,74.15652,73.02495
2010-01-11,60.064835,59.345264,58.49258,58.91439,58.083923,56.96547
2010-01-12,74.27472,72.469925,70.246025,74.067154,72.387794,70.50403
2010-01-13,111.1821,110.634346,110.48974,109.03776,108.557076,108.6946
2010-01-14,126.59001,126.079765,125.24243,125.04413,124.69819,124.28339
2010-01-15,121.159004,119.532616,117.51828,119.19977,117.74225,116.38119
2010-01-16,105.24469,104.02645,102.5673,103.85306,102.59064,101.04299
2010-01-17,80.6699,80.5996,80.65916,75.37424,75.35329,75.73557
2010-01-18,92.1815,90.97382,89.79898,91.45219,90.221436,89.19269
2010-01-19,72.66298,73.34987,73.22385,73.807434,74.44165,74.103096
2010-01-20,65.01002,65.23199,64.97542,61.42326,61.66244,61.55542
2010-01-21,78.37251,76.41974,74.527664,79.53708,77.719,76.195015
2010-01-22,114.614235,114.156235,113.7486,109.74781,109.7895,110.51056
2010-01-23,121.664856,121.74297,120.95413,120.42891,120.51433,119.69777
2010-01-24,92.00463,92.07432,91.8771,86.06258,86.375725,86.86024
2010-01-25,89.32076,88.93378,88.215614,82.37441,82.33696,82.50628
2010-01-26,91.709915,89.59039,87.65762,90.82855,88.339874,85.80703
2010-01-27,136.3251,136.74184,136.45952,133.56721,134.13292,134.00473
2010-01-28,123.262115,124.19976,125.274605,122.20544,123.800865,125.820366
2010-01-29,73.984245,71.486565,69.3788,77.50422,74.696045,72.29922
2010-01-30,136.53082,136.02534,135.06406,132.76144,132.08896,131.32503
2010-01-31,139.45796,139.18585,138.53668,136.82877,136.52702,135.90424
2010-02-01,154.51065,153.49637,151.46417,154.70894,153.644,151.59831
2010-02-02,127.08433,127.11611,127.075,125.70419,125.694565,125.53691
2010-02-03,153.79343,152.15749,149.26529,152.89346,151.05902,148.28221
2010-02-04,139.8046,140.01718,141.18457,139.36543,139.5667,140.8422
2010-02-05,160.33252,159.4805,157.74841,162.09404,161.39967,159.33617
2010-02-06,105.95748,107.72639,109.312454,101.63857,103.45883,105.310165
2010-02-07,169.00514,167.17195,163.62268,168.63313,166.96625,163.90016
2010-02-08,108.18348,107.40757,107.191284,102.05415,101.310356,101.76365
2010-02-09,170.87561,169.28342,167.44366,168.81403,167.63547,166.68718
2010-02-10,137.72418,136.22195,134.5034,136.56706,135.22223,133.75381
2010-02-11,115.38402,114.63528,113.534004,117.09685,116.3879,115.32341
2010-02-12,160.4242,157.83432,154.90627,163.96321,160.96843,157.4197
2010-02-13,184.00455,182.50046,180.65334,182.66817,181.39467,179.96645
2010-02-14,189.33,187.8609,185.87447,188.983,187.51105,185.68976
2010-02-15,159.58804,157.67847,154.54282,161.09343,159.51787,156.74582
2010-02-16,107.61613,109.5807,112.66914,106.60492,108.328575,111.169785
2010-02-17,72.97852,70.764275,70.62213,74.69543,72.12352,71.467224
2010-02-18,194.66965,193.82382,192.07275,193.45305,192.78174,191.09576
2010-02-19,93.28716,91.04016,88.77484,94.57404,92.65721,90.77538
2010-02-20,202.28896,199.51974,195.47433,201.87631,199.21822,195.32741
2010-02-21,144.22127,143.93257,143.42973,148.27397,147.87756,147.33109
2010-02-22,136.28412,135.15474,133.46577,135.96964,135.03319,133.58257
2010-02-23,168.32779,166.32718,165.70375,170.58026,168.76465,168.14455
2010-02-24,147.46985,142.81133,138.49423,144.73892,140.45966,136.63957
2010-02-25,209.26674,206.91754,204.23099,208.04118,206.15381,204.25356
2010-02-26,140.27704,140.57045,140.67894,138.26685,138.84303,139.07034
2010-02-27,168.9239,168.25734,167.00363,172.15073,171.45879,170.07924
2010-02-28,201.6201,197.77107,193.00323,205.25418,201.64058,196.71336
2010-03-01,219.36882,217.72812,215.86333,218.36833,216.86356,214.96404
2010-03-02,177.45306,176.83412,175.53203,179.65724,178.8677,177.25244
2010-03-03,161.08365,161.84106,161.6521,155.1235,156.1285,156.98465
2010-03-04,171.91768,172.61075,174.2689,174.21819,175.47783,177.37096
2010-03-05,195.18593,192.42241,189.10965,203.9275,201.60735,198.05478
2010-03-06,218.10231,214.60945,209.4853,220.0554,217.02052,212.08585
2010-03-07,154.22269,154.17546,149.52565,157.76462,158.3612,153.01128
2010-03-08,99.50915,97.994255,95.323975,96.29096,95.139336,93.06575
2010-03-09,143.01744,136.88039,132.33968,143.28061,137.20067,132.62872
2010-03-10,241.57095,237.73268,231.95224,239.63644,236.27293,231.06113
2010-03-11,241.14613,238.28625,234.00374,239.92615,236.58087,231.49748
2010-03-12,234.9253,232.49887,229.48848,232.26527,230.2762,227.73198
2010-03-13,208.48747,208.55716,207.9115,212.73753,212.65623,211.74364
2010-03-14,235.329,233.9732,231.64087,234.16238,233.16599,231.09485
2010-03-15,221.38828,219.70766,218.9931,216.25446,214.91493,215.39153
2010-03-16,233.29442,232.57646,231.02167,229.74557,229.5984,228.7568
2010-03-17,235.39114,234.32164,231.40489,232.67148,231.90837,229.21616
2010-03-18,234.32677,233.82231,233.18459,233.58926,233.55914,233.3803
2010-03-19,222.09792,217.42044,212.22232,231.33253,227.24126,222.14618
2010-03-20,258.72845,258.06757,255.66307,256.60648,256.93787,255.59856
2010-03-21,226.2837,224.71469,222.11868,223.64558,221.9561,218.8575
2010-03-22,259.90326,259.1143,256.8551,259.8526,259.17532,256.65964
2010-03-23,170.58821,171.78448,171.46196,169.3281,170.38629,169.63327
2010-03-24,166.28577,163.38597,158.12146,158.63538,155.83266,150.96707
2010-03-25,230.73686,226.64192,221.38824,235.17404,231.68567,226.72475
2010-03-26,197.99353,197.76962,199.51428,187.88536,187.89816,190.61484
2010-03-27,265.71484,264.79413,264.03613,265.69272,264.83304,263.86298
2010-03-28,121.21296,122.46919,124.6669,116.69064,117.580376,119.40365
2010-03-29,243.85205,243.45348,242.87692,239.63293,239.47498,238.97198
2010-03-30,200.6018,201.5664,202.24022,198.0717,199.07658,199.58005
2010-03-31,274.59842,273.44498,271.5511,275.08875,273.88193,271.70288
2010-04-01,183.67679,184.36267,185.1729,173.41241,174.00081,175.51463
2010-04-02,216.8665,215.06825,213.27672,207.23642,205.51921,203.84224
2010-04-03,193.22891,187.05142,182.75151,200.9739,194.34125,188.72984
2010-04-04,213.65604,216.0349,220.90472,206.65163,209.05894,214.6372
2010-04-05,236.60466,233.9718,231.49095,233.50288,230.75455,228.495
2010-04-06,177.92128,180.59053,181.99059,173.65895,176.53564,178.31436
2010-04-07,157.3971,156.37784,153.66878,152.43858,151.02223,147.44931
2010-04-08,146.25436,143.6814,140.29741,144.65549,141.9063,138.55508
2010-04-09,256.0989,254.65402,251.59468,255.90005,254.7264,252.33557
2010-04-10,279.9856,279.3993,276.93613,282.58328,282.7358,281.46832
2010-04-11,288.35397,287.66367,285.8897,285.84683,285.22003,283.59436
2010-04-12,219.50656,220.36536,220.92104,216.52394,217.75598,218.8749
2010-04-13,229.9446,229.22478,229.19128,226.00252,225.93771,226.53778
2010-04-14,248.15596,245.56349,241.43,249.81471,246.99974,243.45515
2010-04-15,263.82016,262.75455,258.7119,261.22723,260.6059,256.8337
2010-04-16,245.54231,244.40295,241.84558,244.96129,243.0374,239.84953
2010-04-17,161.00581,162.9762,165.82175,146.44905,148.58955,152.23633
2010-04-18,129.45381,127.94047,127.178535,121.172714,120.06335,120.86499
2010-04-19,163.27202,161.2732,160.30202,163.88754,162.06801,161.9055
2010-04-20,222.09277,221.64296,220.24384,225.83794,225.73445,225.25955
2010-04-21,233.21043,231.58865,228.28595,240.93178,239.28795,236.29787
2010-04-22,205.67334,200.25409,190.95644,198.38217,193.11488,184.76118
2010-04-23,270.53983,272.63586,270.2737,267.8056,269.50574,266.8503
2010-04-24,221.98886,216.36725,210.25621,241.91922,236.57458,230.95616
2010-04-25,218.44167,217.95163,216.7055,226.05508,225.7197,225.18748
2010-04-26,259.21295,253.98676,247.25453,269.1836,263.94727,257.33545
2010-04-27,225.04553,223.54735,221.72974,223.86653,222.80045,222.10057
2010-04-28,290.15994,286.15228,280.22443,291.65918,287.3714,281.77258
2010-04-29,295.7644,294.44504,292.49832,293.5542,292.1256,290.96863
2010-04-30,213.87042,216.14679,218.5544,207.46997,209.68411,212.45657
2010-05-01,235.88329,230.03299,223.816,238.80692,232.39493,225.68738
2010-05-02,277.58368,282.39914,284.72516,273.92297,278.70334,282.65103
2010-05-03,325.527,324.73898,323.73087,325.7458,324.84503,325.10608
2010-05-04,219.90565,215.6387,210.7565,222.30011,217.77542,212.93898
2010-05-05,284.92395,285.50275,285.63446,285.46506,285.83493,286.84735
2010-05-06,155.11734,152.17162,148.40518,148.28015,145.48183,143.10739
2010-05-07,301.85306,300.13943,298.77246,302.45575,300.66257,300.80972
2010-05-08,295.74316,296.07245,295.65533,291.3918,291.46893,291.94693
2010-05-09,127.29452,125.69013,123.40053,129.6959,127.8017,125.73917
2010-05-10,284.87747,284.71957,281.87567,295.26538,295.23572,293.3362
2010-05-11,324.8473,324.46222,323.89462,326.00067,325.19318,325.50092
2010-05-12,243.39558,244.21138,244.36311,238.82048,239.8009,241.21649
2010-05-13,321.2537,318.66727,314.56235,332.948,330.84103,328.6814
2010-05-14,287.59894,287.70975,287.49796,285.8209,284.65176,284.12823
2010-05-15,225.14651,221.30536,214.6955,222.34343,217.67044,211.15092
2010-05-16,236.81479,232.96904,226.35992,237.97342,233.7548,227.521
2010-05-17,258.95734,260.6115,257.88373,256.8671,257.9558,255.12825
2010-05-18,283.71405,286.082,288.04993,279.79404,281.08038,283.73184
2010-05-19,347.80353,346.1076,342.0497,346.26892,343.39923,339.23495
2010-05-20,295.14438,293.83408,292.00067,291.6574,290.1657,289.5853
2010-05-21,208.35681,208.29578,208.26323,201.15523,200.14732,200.17006
2010-05-22,151.31712,151.43004,150.1183,145.31326,145.26157,144.54651
2010-05-23,147.73813,144.52504,141.58617,142.33418,138.67955,136.22058
2010-05-24,308.576,309.04727,304.2874,307.28052,308.19794,305.18878
2010-05-25,305.47076,307.8459,307.3031,307.43994,310.2855,310.40515
2010-05-26,363.42865,363.76263,362.72357,365.7748,365.4136,364.81998
2010-05-27,361.77322,362.34875,361.45178,363.05826,362.94778,362.7072
2010-05-28,323.65164,325.8,324.29517,326.4542,328.12927,327.242
2010-05-29,262.2745,259.85837,257.20865,267.72424,264.45175,262.22617
2010-05-30,196.14128,193.92401,189.76056,195.14545,192.55537,189.17656
2010-05-31,234.82785,235.9888,235.69194,227.31122,227.77771,228.1902
2010-06-01,212.41794,214.54353,215.77463,209.71013,211.47987,213.56247
2010-06-02,234.9854,236.46655,236.15259,232.59544,233.73697,234.37022
2010-06-03,278.27258,279.11966,278.5485,267.88626,268.73605,269.37436
2010-06-04,363.92178,364.63535,363.801,362.15158,362.3726,362.23682
2010-06-05,314.08173,315.6371,314.81302,312.3014,313.79575,313.55817
2010-06-06,265.1959,264.80606,263.37897,267.5827,266.41776,265.09824
2010-06-07,359.26068,358.16724,355.18338,368.84192,367.59946,365.9272
2010-06-08,347.86978,347.59015,347.8966,362.2399,361.6901,361.79272
2010-06-09,337.23706,337.8258,336.6844,343.5676,341.96857,340.009
2010-06-10,244.96072,246.9393,250.18706,233.55103,234.68877,237.77014
2010-06-11,344.59253,341.7603,335.59705,348.94116,345.29684,338.04974
2010-06-12,356.6362,356.0383,353.7972,358.47916,357.41022,355.45505
2010-06-13,298.81686,294.9164,290.5538,305.06332,300.91925,297.11224
2010-06-14,310.47934,307.47375,306.0381,308.12027,304.52737,303.31607
2010-06-15,344.31137,344.12192,342.3483,347.27893,346.84802,345.86697
2010-06-16,235.43599,234.84995,235.28664,236.22337,234.55266,234.018
2010-06-17,188.2676,184.36574,178.34291,193.23946,189.49059,183.82898
2010-06-18,226.55716,225.75269,226.96202,229.88454,228.50027,229.77127
2010-06-19,333.92383,334.16183,334.69876,345.21506,344.7075,343.70023
2010-06-20,337.3129,335.55206,332.17758,332.66885,330.1437,326.07397
2010-06-21,324.25903,324.31973,323.01056,317.17532,317.10825,316.07013
2010-06-22,342.89874,344.0028,343.47336,342.4246,343.15445,342.2239
2010-06-23,291.93295,290.71198,291.081,281.74548,280.1916,281.18076
2010-06-24,271.41953,274.74838,276.9027,274.6813,277.96634,279.82816
2010-06-25,256.23828,258.37222,259.869,265.2432,267.6962,269.18222
2010-06-26,244.7524,251.11914,256.7217,240.19173,246.49275,251.89674
2010-06-27,206.46118,204.91966,204.00002,217.03311,215.52364,214.67358
2010-06-28,371.0592,370.25833,368.40515,373.047,372.73953,371.60056
2010-06-29,374.8108,375.14197,374.90414,374.26434,374.32077,373.62018
2010-06-30,353.6045,355.34662,357.39072,357.02942,358.39902,359.47998
2010-07-01,338.22238,339.72305,339.96326,337.53787,339.03436,338.4589
2010-07-02,278.5645,279.9947,283.52533,267.6933,269.6919,273.53122
2010-07-03,312.67123,311.88577,311.40375,305.4187,304.38235,303.57333
2010-07-04,330.58823,331.5447,331.58182,333.66415,334.8016,333.78006
2010-07-05,315.7902,315.21136,315.32523,319.51248,318.55978,317.3625
2010-07-06,314.0556,315.9082,314.3597,315.4928,318.20224,316.21472
2010-07-07,255.17255,254.49078,252.88338,265.70828,265.91794,261.93524
2010-07-08,229.99193,228.18764,232.18665,232.26073,230.37431,233.3816
2010-07-09,308.70435,307.6279,307.72498,310.29993,310.33432,311.6698
2010-07-10,299.59872,299.41556,300.50903,301.21893,301.14786,301.71487
2010-07-11,223.74141,226.11996,229.29483,217.68965,219.916,222.74765
2010-07-12,196.76465,194.29997,191.09161,198.98555,196.48726,192.85896
2010-07-13,244.70927,244.21742,245.63007,251.75838,250.92023,251.0185
2010-07-14,271.0308,268.6323,268.1037,273.36612,270.8709,270.14032
2010-07-15,276.84824,276.77176,277.29355,270.85526,271.60962,272.27393
2010-07-16,202.61687,204.41246,206.64682,201.3792,202.8925,204.50653
2010-07-17,165.53941,164.72395,163.19165,164.5914,164.04912,162.46404
2010-07-18,210.4348,211.29462,213.86446,205.42853,205.85715,207.71124
2010-07-19,325.9467,326.20596,326.04276,323.96158,324.01328,322.50427
2010-07-20,284.79578,285.3292,289.27197,275.57828,275.675,279.66714
2010-07-21,225.83163,231.51744,239.46494,216.48972,222.48445,230.58952
2010-07-22,177.38353,177.97542,179.48546,172.31108,172.88232,174.36679
2010-07-23,254.79085,259.22827,264.26935,262.48978,267.10934,271.8177
2010-07-24,186.85895,188.66951,192.60489,185.17813,186.96582,190.39159
2010-07-25,279.39578,279.59073,281.66528,284.4888,284.87134,285.20068
2010-07-26,288.81293,289.1641,289.23172,286.9593,286.75467,285.642
2010-07-27,312.94452,314.9373,317.57834,310.75497,313.1509,315.63794
2010-07-28,307.6512,308.87408,311.37878,305.94412,307.35843,309.67648
2010-07-29,235.94012,237.8939,240.61346,247.10323,248.51865,250.19016
2010-07-30,275.04807,272.87042,267.7081,287.1848,285.00226,279.67407
2010-07-31,277.38812,279.3012,279.94955,274.22787,276.29398,276.3048
2010-08-01,255.69638,253.9229,254.64868,254.7163,252.55975,253.22589
2010-08-02,306.55112,306.1728,305.82404,306.40985,306.52786,306.2622
2010-08-03,297.97427,296.32156,293.88904,297.78958,296.56244,294.2175
2010-08-04,260.48724,257.2886,253.36679,250.21431,246.43474,241.79202
2010-08-05,271.60333,269.03247,265.48248,272.38953,270.5701,267.57785
2010-08-06,263.68573,262.402,262.57172,272.05295,271.50626,272.80374
2010-08-07,238.94547,240.6741,241.55539,246.70801,248.16478,248.02907
2010-08-08,205.35545,209.72115,215.53612,210.27055,215.26839,221.26912
2010-08-09,191.71709,192.937,193.23055,193.4889,194.58107,194.35498
2010-08-10,260.65848,259.5415,259.30582,259.12158,257.83173,257.73303
2010-08-11,276.79727,276.06125,275.20862,276.0479,275.2624,274.04034
2010-08-12,271.90332,271.0885,270.7613,275.00076,274.2215,273.23618
2010-08-13,282.58276,281.71042,280.41458,281.37878,280.6061,279.21228
2010-08-14,273.963,273.478,271.78964,276.5592,275.82224,272.8808
2010-08-15,264.18576,264.49078,265.81583,261.998,261.61826,262.9911
2010-08-16,270.39487,269.0633,267.75476,268.41357,266.88696,265.18686
2010-08-17,208.63037,206.59035,204.82611,213.23904,210.8451,208.17938
2010-08-18,154.84528,153.61418,155.23466,153.70323,152.26892,153.90671
2010-08-19,176.53886,174.70775,173.66042,173.86159,172.03987,170.91136
2010-08-20,233.55011,228.25365,223.20291,231.81136,227.31706,224.17422
2010-08-21,249.59592,247.08499,244.85442,249.72699,247.42989,245.43408
2010-08-22,252.43741,249.35771,245.039,251.426,248.38573,244.09491
2010-08-23,245.91193,244.38495,242.6681,244.96875,243.69426,242.15724
2010-08-24,260.6241,259.8552,258.45444,260.27097,259.48892,258.1751
2010-08-25,246.20122,246.01723,245.64417,243.74098,243.63966,243.48485
2010-08-26,222.75592,223.29813,224.60674,217.69257,219.04861,221.97675
2010-08-27,275.82684,274.45917,272.66208,277.17807,275.81207,273.94424
2010-08-28,272.3141,271.14978,269.56277,271.3212,270.1391,268.57053
2010-08-29,268.2652,267.06897,265.45383,267.75665,266.54742,264.99094
2010-08-30,266.0882,264.8248,262.98532,265.28998,264.01147,262.25912
2010-08-31,265.16644,264.00638,262.3886,264.65283,263.44308,261.87363
2010-09-01,260.37976,259.3395,257.73254,259.4814,258.36823,256.99173
2010-09-02,250.5206,248.99559,246.45511,249.38116,247.72653,245.03622
2010-09-03,216.64738,215.60457,214.43895,213.26094,212.50926,212.1057
2010-09-04,223.78465,219.00899,212.64421,219.58665,214.7183,208.45387
2010-09-05,218.62013,219.5422,220.26747,210.61029,212.08578,214.2335
2010-09-06,145.7272,146.85861,148.58987,142.31822,142.5358,143.72182
2010-09-07,238.64313,232.80602,224.60042,245.44789,240.19551,232.80983
2010-09-08,250.22711,250.44426,244.72429,246.47493,247.67131,242.70093
2010-09-09,212.07234,211.17682,210.81328,219.99487,218.30873,217.30469
2010-09-10,191.32727,188.83784,183.53061,209.01424,205.88887,199.30344
2010-09-11,193.04979,193.98952,191.24373,206.19606,206.53358,201.92964
2010-09-12,145.8203,149.29195,161.07759,151.37463,154.53113,165.84396
2010-09-13,176.65831,176.62909,173.92647,179.73695,178.59644,173.42679
2010-09-14,175.83093,176.93257,178.83229,181.59917,182.23256,182.5793
2010-09-15,196.10786,193.65393,190.941,195.93985,193.95311,191.5712
2010-09-16,196.64053,192.89954,190.51265,195.34341,191.25598,188.84506
2010-09-17,211.1254,208.67792,205.8155,211.3177,208.95291,206.40218
2010-09-18,222.58525,219.88002,214.38194,223.51294,221.01523,215.61032
2010-09-19,192.61835,192.26286,191.51251,193.13799,193.17317,192.81697
2010-09-20,193.70988,190.60884,188.37128,201.51433,198.92989,197.42583
2010-09-21,250.3367,248.52866,246.18439,249.6642,247.8538,245.65022
2010-09-22,236.70592,235.85635,234.71681,234.4755,233.79898,232.99797
2010-09-23,193.22144,193.749,194.47887,190.78987,191.27342,192.16624
2010-09-24,146.8106,146.34224,147.32591,143.44217,142.88094,144.06552
2010-09-25,211.54623,211.73593,211.33522,208.40031,208.7344,209.10889
2010-09-26,201.3614,200.48387,197.25899,197.07497,196.30685,193.3047
2010-09-27,193.32793,193.23065,194.86888,186.66168,186.90614,189.35896
2010-09-28,208.7809,206.20224,203.72203,203.52994,200.98232,199.0515
2010-09-29,185.8175,185.4486,185.12007,184.81387,184.54964,184.14612
2010-09-30,198.53957,197.61113,194.28712,199.10051,198.10303,194.5718
2010-10-01,106.618866,102.585724,103.9401,107.95637,103.24404,102.95166
2010-10-02,154.39777,149.45203,143.55534,154.48674,149.80844,144.75542
2010-10-03,163.61578,160.7254,158.862,154.67047,151.82655,150.61888
2010-10-04,156.0312,155.82886,157.81844,160.55327,160.21634,161.0966
2010-10-05,207.50322,206.51506,204.68523,206.29407,205.4995,203.7863
2010-10-06,178.1987,178.28304,177.55229,175.28458,175.65352,175.2885
2010-10-07,154.36186,155.11655,156.42798,145.05507,146.45552,148.92093
2010-10-08,189.1874,188.2624,186.69615,192.56563,191.96996,190.7319
2010-10-09,196.75049,195.1183,193.5565,203.23027,201.69661,199.64293
2010-10-10,178.4665,177.5331,176.49908,181.7647,180.23926,178.38916
2010-10-11,181.60431,181.23964,179.49435,180.59859,180.09,178.00882
2010-10-12,168.52533,167.17072,165.70866,166.17773,164.9749,163.60239
2010-10-13,165.53015,163.94127,161.69649,163.01067,161.53163,159.43236
2010-10-14,153.17601,151.91846,150.2528,152.05655,150.79897,149.01772
2010-10-15,172.44212,170.66914,168.54916,171.54773,169.71837,167.4459
2010-10-16,163.77895,161.63004,158.93222,164.28323,162.31448,159.58269
2010-10-17,139.4301,136.26314,131.61377,141.66226,138.34364,133.29053
2010-10-18,180.15645,178.27246,173.57037,181.63724,180.36765,175.69981
2010-10-19,168.65681,165.44789,161.19057,172.34193,169.47722,165.59782
2010-10-20,149.44746,146.86833,143.82767,152.19736,149.38531,145.801
2010-10-21,135.43282,134.65227,133.00905,133.59477,132.98788,131.50612
2010-10-22,117.02115,113.84131,109.82063,115.19428,112.37054,108.952194
2010-10-23,154.05458,152.62062,150.7806,148.46825,147.13116,145.75996
2010-10-24,174.34926,173.23286,171.848,173.63486,172.58897,171.1161
2010-10-25,150.13821,151.52083,151.92345,147.52333,149.38783,149.91193
2010-10-26,149.98119,150.2608,149.51122,147.50723,147.9199,147.21272
2010-10-27,158.08975,155.94687,153.16655,161.77301,159.55843,156.01843
2010-10-28,143.47913,143.3968,140.23874,143.85072,144.43967,141.15431
2010-10-29,139.77008,137.6383,135.9582,146.44418,144.11223,141.5267
2010-10-30,126.45695,126.97295,127.67321,125.66392,126.3815,127.2998
2010-10-31,152.40933,152.40907,151.11351,150.03148,149.96864,148.45721
2010-11-01,159.62859,158.13782,156.82185,158.80472,157.27599,155.74402
2010-11-02,154.26277,152.41512,149.71031,153.38057,151.37022,148.22653
2010-11-03,121.18316,120.19591,120.00164,121.72885,120.67527,120.12972
2010-11-04,142.35191,141.16481,140.17584,141.2985,140.26949,139.09227
2010-11-05,150.83537,149.26666,147.67683,150.75769,149.1567,147.12732
2010-11-06,141.64445,140.61052,138.62701,139.64551,138.81462,137.0893
2010-11-07,150.38477,148.22746,145.50171,149.59866,147.5213,144.83113
2010-11-08,152.87321,150.99258,148.48389,152.95732,151.16882,148.61797
2010-11-09,112.99881,109.93574,105.95092,119.23757,115.29195,109.53045
2010-11-10,63.55793,63.34583,64.38728,60.497326,60.386894,61.875416
2010-11-11,70.34733,68.57743,68.082954,67.35381,65.69738,65.19792
2010-11-12,131.99454,131.86955,130.15993,129.89438,129.86356,128.12732
2010-11-13,134.02966,132.5086,131.35101,132.44969,130.89005,129.57855
2010-11-14,115.18477,113.871124,111.67405,114.071144,112.785416,110.538124
2010-11-15,72.407936,70.94494,69.75816,71.48533,69.947174,68.76681
2010-11-16,121.0518,120.534325,119.8963,116.185326,115.79759,115.44402
2010-11-17,122.367744,121.22768,119.59283,121.79297,120.75464,119.368904
2010-11-18,131.7586,130.08583,126.169945,133.9804,132.64235,128.7935
2010-11-19,138.47456,137.97969,135.6345,137.27448,137.50238,135.90453
2010-11-20,97.9062,95.64871,93.509796,104.96585,102.75441,100.12162
2010-11-21,134.9416,133.18813,130.66678,134.39119,132.88635,130.71838
2010-11-22,132.13536,130.80212,129.40456,133.02171,131.70082,130.13422
2010-11-23,124.986786,124.23909,122.94738,124.8253,124.13258,122.867905
2010-11-24,116.58199,113.91578,110.394135,116.08702,113.60012,110.47617
2010-11-25,112.875336,110.31111,106.862656,114.0988,111.81355,108.69602
2010-11-26,113.849556,112.61382,111.44316,114.25817,113.098076,111.762215
2010-11-27,101.5233,100.83086,99.40358,103.49552,102.60664,100.86214
2010-11-28,64.300285,62.423264,61.712982,64.38608,62.206917,61.411934
2010-11-29,74.79194,73.773285,74.05477,74.21219,73.28552,73.33749
2010-11-30,79.18011,78.72332,78.77714,83.758766,82.95568,82.46613
2010-12-01,65.67281,66.30393,67.8591,65.64254,66.32474,67.82712
2010-12-02,68.89301,67.55805,66.53169,68.29409,67.06592,66.03514
2010-12-03,76.32731,75.07003,74.26711,81.224525,79.94312,78.720856
2010-12-04,54.782963,54.471302,54.48004,52.574368,52.25242,52.172115
2010-12-05,103.17618,101.876045,99.697464,100.76169,99.50947,97.413025
2010-12-06,101.52492,100.25417,98.973854,99.80111,98.497154,97.116165
2010-12-07,104.790764,104.003624,102.919685,102.41255,101.62054,100.43075
2010-12-08,104.64346,102.92966,100.81489,104.77451,103.15196,101.09512
2010-12-09,109.393295,108.094406,106.64454,107.42575,106.20427,104.83272
2010-12-10,80.02911,79.540504,79.08592,78.89499,78.36059,77.85998
2010-12-11,92.1785,91.814896,91.435715,90.247505,89.87517,89.48391
2010-12-12,102.77115,100.87459,97.836914,100.52094,98.63078,95.64775
2010-12-13,95.937675,94.778206,93.48794,94.17587,93.12319,91.93559
2010-12-14,101.66985,100.58354,99.4163,99.730545,98.56631,97.26884
2010-12-15,99.66804,99.033806,98.28437,98.43998,97.81564,97.165306
2010-12-16,106.53689,105.2065,103.53137,104.958725,103.884926,102.63475
2010-12-17,109.96241,108.63004,106.91555,108.682785,107.34206,105.50286
2010-12-18,90.48549,90.35956,89.82758,89.9502,89.94075,89.41775
2010-12-19,97.418205,97.126434,96.23784,98.957466,98.3849,97.23608
2010-12-20,58.010662,55.79387,53.72305,58.765114,56.53039,54.408913
2010-12-21,88.834236,87.78697,85.67461,87.79877,86.78099,84.82067
2010-12-22,64.78759,63.81687,62.64653,62.080482,61.049038,60.123974
2010-12-23,54.96066,53.035576,51.74154,55.66545,53.622353,52.16178
2010-12-24,94.87971,93.43218,91.39512,96.26086,94.89921,92.875465
2010-12-25,57.868454,55.36892,53.46355,58.123585,55.72734,53.814003
2010-12-26,108.2301,107.61751,106.99521,106.30281,105.716446,105.15587
2010-12-27,108.914474,108.045006,107.203094,107.27979,106.504654,105.72292
2010-12-28,86.05693,84.704605,83.26227,85.02273,83.75282,82.16665
2010-12-29,85.76297,85.6945,85.26356,82.085976,81.94733,81.680595
2010-12-30,102.51559,101.58343,101.20288,100.227356,99.42535,99.42583
2010-12-31,102.9744,102.26974,100.599945,102.849205,102.453964,101.26651
2011-01-01,41.780777,40.109024,39.378613,43.15446,41.468037,40.646748
2011-01-02,103.71591,104.401474,104.75419,102.40561,103.308716,103.46229
2011-01-03,93.658714,92.98455,92.26042,90.75303,90.24381,90.0252
2011-01-04,101.16372,100.6716,100.15094,100.71382,100.40016,100.031296
2011-01-05,99.88133,98.93072,97.56961,98.057236,97.11418,95.78654
2011-01-06,102.55684,102.35249,102.03658,101.194725,101.06384,100.77109
2011-01-07,51.851032,50.48535,49.28576,51.921112,50.660076,49.58496
2011-01-08,106.04317,104.45261,102.60792,106.737114,105.394035,103.81377
2011-01-09,108.45823,106.0862,103.26982,110.215004,108.096,105.63804
2011-01-10,107.55956,106.84945,105.868065,107.403725,106.331505,104.69671
2011-01-11,125.67014,124.7778,124.08863,123.70542,122.75536,122.183426
2011-01-12,130.94923,129.67038,128.09221,130.33394,129.08105,127.483246
2011-01-13,109.81306,108.97263,107.75506,109.32042,108.538,107.27349
2011-01-14,111.74359,109.88578,107.430534,111.15285,109.393936,106.893394
2011-01-15,134.82188,133.64055,132.04915,134.2269,133.0392,131.36174
2011-01-16,133.48886,132.57585,131.1203,132.87216,131.93211,130.52365
2011-01-17,95.238556,93.90535,92.39988,97.75695,96.4099,94.96776
2011-01-18,92.5906,93.65185,93.84812,94.38282,95.21633,94.881096
2011-01-19,53.849594,53.81419,53.458275,54.488953,54.45955,54.17366
2011-01-20,44.823048,42.99762,41.937984,44.30682,42.639233,41.743855
2011-01-21,103.40301,102.31885,100.05801,108.93727,107.61735,104.10723
2011-01-22,116.68704,114.662415,111.2381,116.143654,114.34318,111.04245
2011-01-23,105.253685,105.498665,105.04542,99.748764,100.08743,100.184204
2011-01-24,88.67674,88.4761,88.983604,85.62604,85.71502,87.04628
2011-01-25,120.89773,120.63206,119.87969,118.299286,118.0913,117.45703
2011-01-26,114.70901,113.2053,111.9916,112.26995,110.81139,110.16345
2011-01-27,116.919945,115.899185,115.48573,116.43162,115.23443,114.830246
2011-01-28,123.88956,124.6395,124.655235,123.14223,124.10664,124.36973
2011-01-29,117.89625,117.433784,115.82096,115.00508,114.88382,114.03805
2011-01-30,100.44448,98.96672,96.62058,97.733536,96.39514,94.35352
2011-01-31,139.61238,138.20734,135.67142,137.11777,135.64677,133.37085
2011-02-01,159.61494,157.27422,154.32568,157.71062,155.54231,153.16342
2011-02-02,139.97586,138.01717,136.07715,137.61996,135.95996,134.41583
2011-02-03,154.0187,152.12897,149.475,154.0774,152.48415,150.3979
2011-02-04,153.80042,152.8501,151.38048,151.20467,150.25871,148.81035
2011-02-05,134.99316,133.2795,131.34164,134.24796,132.49477,130.55122
2011-02-06,140.98692,141.15866,140.78438,139.64934,140.01776,140.03323
2011-02-07,126.759476,125.789154,124.646385,125.20056,124.34301,123.38675
2011-02-08,144.4607,142.42154,137.43839,151.58441,149.39922,143.80638
2011-02-09,113.67914,112.599106,111.06127,118.22928,117.49782,116.310616
2011-02-10,129.62498,128.9867,129.47723,128.2814,127.68867,128.47313
2011-02-11,131.77454,131.0172,129.64511,129.17299,128.67287,127.889046
2011-02-12,74.420494,73.81989,73.00508,73.91911,73.41713,72.68556
2011-02-13,139.66815,139.21677,139.5024,135.71794,135.11765,135.4876
2011-02-14,173.6348,173.88332,173.33035,173.30672,173.72543,173.08086
2011-02-15,134.32228,129.95729,122.56569,131.36511,127.09647,119.96539
2011-02-16,163.58,162.55542,163.22327,161.08293,160.0376,160.8466
2011-02-17,134.1681,134.34544,134.13019,133.70174,133.83217,133.52736
2011-02-18,129.42343,127.04614,122.63299,125.965775,123.683655,119.43874
2011-02-19,100.89784,98.62962,96.27144,100.07085,97.70773,95.374245
2011-02-20,200.32419,199.38557,197.58339,199.61913,198.84637,197.05112
2011-02-21,85.426,82.9446,80.55515,86.05345,83.566986,81.056885
2011-02-22,76.0731,75.426636,76.13996,78.50729,77.7056,78.32589
2011-02-23,191.03036,189.97523,188.32742,188.48303,188.1956,187.52827
2011-02-24,165.0254,162.89993,161.68114,164.1296,162.31161,161.44884
2011-02-25,179.58365,180.63637,181.8263,179.11105,180.32553,181.24812
2011-02-26,184.83287,183.71837,182.32072,177.93686,176.87424,175.4357
2011-02-27,130.63025,133.38876,135.05891,129.01398,131.79459,133.26785
2011-02-28,122.7219,121.26965,119.6489,117.93032,116.73174,115.02185
2011-03-01,139.58043,135.52162,132.26648,138.89334,134.8647,131.69954
2011-03-02,115.2864,115.499,114.856445,121.58608,122.32924,121.965836
2011-03-03,135.2304,130.60872,126.947685,137.07971,132.45302,128.81154
2011-03-04,187.5728,185.68948,182.63387,183.73602,182.32332,179.7993
2011-03-05,201.4891,199.11435,195.9998,202.63042,200.169,196.23512
2011-03-06,210.58093,209.19566,207.48358,207.84789,206.6209,204.83765
2011-03-07,162.02162,163.86052,165.38815,154.98827,157.885,160.18192
2011-03-08,211.99377,209.32874,205.74567,217.29745,215.12938,211.43665
2011-03-09,211.8989,209.24593,207.034,211.14311,208.77335,206.9001
2011-03-10,244.75208,242.82014,240.3952,244.62077,242.96416,240.59633
2011-03-11,246.77554,244.93457,242.68573,246.70616,244.98532,242.46153
2011-03-12,229.65282,225.6653,220.90173,229.79216,225.75317,220.44089
2011-03-13,161.2693,158.77394,157.35556,163.09377,160.68161,159.01956
2011-03-14,199.36273,197.92888,195.85027,203.41385,202.3348,199.27306
2011-03-15,213.94362,212.68883,210.18602,213.05032,212.10551,209.70294
2011-03-16,107.64911,106.672035,107.16836,106.150246,105.09156,105.34058
2011-03-17,197.46793,193.09607,186.27336,197.80956,193.378,185.63116
2011-03-18,223.2144,219.99408,211.50687,223.71259,220.45772,210.75449
2011-03-19,205.68405,198.47757,189.60347,198.04716,191.19377,183.06706
2011-03-20,240.2955,240.20683,238.70026,239.97032,240.29698,238.66396
2011-03-21,140.2898,140.32532,140.29674,148.74776,149.1584,149.08313
2011-03-22,153.08081,150.67723,149.53127,156.83162,154.67812,153.36714
2011-03-23,206.87157,203.65709,200.80614,200.31738,197.63586,196.34682
2011-03-24,214.5844,210.6026,202.46368,209.6464,205.75421,197.51225
2011-03-25,216.55902,216.59929,216.81464,212.176,212.00533,211.97516
2011-03-26,218.83598,218.28586,215.65442,217.3327,217.38947,215.42807
2011-03-27,240.38893,239.66083,238.37555,236.05612,235.61008,234.9992
2011-03-28,266.127,263.31656,260.4298,264.8177,262.31628,259.73892
2011-03-29,252.73901,252.42442,250.87772,247.79704,247.89421,247.10048
2011-03-30,176.6932,180.00706,183.92216,177.35474,180.74959,184.34729
2011-03-31,213.46829,215.08154,215.0379,211.20033,213.6561,213.8689
2011-04-01,201.80736,198.0805,192.50832,211.25412,207.5006,200.76361
2011-04-02,121.32252,117.29125,114.32566,117.28062,113.64922,110.94298
2011-04-03,228.49014,223.06255,214.37132,236.65134,231.13553,221.30745
2011-04-04,205.55055,204.01936,202.47424,195.82545,194.82983,194.53484
2011-04-05,261.00845,258.57767,254.79868,262.41217,260.99295,258.58038
2011-04-06,220.58897,217.22398,212.61836,226.18942,223.1351,218.44513
2011-04-07,227.15205,222.07182,216.66457,226.80669,222.05956,217.46803
2011-04-08,241.35283,235.93367,227.88092,245.38773,240.55382,232.95357
2011-04-09,216.04771,214.1321,209.3505,215.186,213.72736,209.25925
2011-04-10,281.536,279.6336,276.48538,280.20782,278.07135,274.90082
2011-04-11,250.05887,248.88054,247.41458,253.45119,252.4384,250.7114
2011-04-12,136.24168,131.36824,128.4532,135.96146,131.40813,128.72173
2011-04-13,204.44461,206.59929,211.22356,198.01744,200.16637,205.55054
2011-04-14,230.61311,229.74158,226.90842,221.62598,220.75827,219.10764
2011-04-15,238.48685,235.73814,230.42996,254.02838,250.48123,244.3965
2011-04-16,226.55212,228.72948,229.47427,243.40013,245.158,245.54865
2011-04-17,130.04662,128.56525,127.63457,126.62969,125.981384,126.402145
2011-04-18,265.044,262.028,257.2299,261.29596,258.46027,254.36015
2011-04-19,204.38841,202.71674,197.38977,192.978,190.25027,184.44298
2011-04-20,191.42534,185.74017,182.38461,196.3006,191.14674,188.3351
2011-04-21,257.16046,255.03816,253.43484,250.04129,248.27625,248.30081
2011-04-22,243.96555,244.7232,247.38866,231.82326,233.11444,238.54286
2011-04-23,288.34808,284.74445,279.46527,285.47922,281.7622,277.5717
2011-04-24,209.1285,206.84976,205.55424,216.61903,213.70027,212.47098
2011-04-25,279.6399,278.79474,275.06998,288.3,287.29288,284.02646
2011-04-26,279.375,277.93295,275.19623,286.79492,284.99768,282.60883
2011-04-27,125.402466,122.52229,120.175766,123.37398,120.8361,119.45989
2011-04-28,230.62054,227.48137,224.88553,228.16554,224.34732,221.14102
2011-04-29,234.52524,230.7829,227.02687,221.94157,218.08371,215.77502
2011-04-30,253.44641,254.09535,254.01512,251.6753,252.59471,253.79207
2011-05-01,280.20834,279.30496,276.98853,279.9587,277.97696,275.5094
2011-05-02,182.53506,182.49634,182.40149,197.26509,197.11838,197.43037
2011-05-03,296.73254,295.8315,295.4905,296.4007,295.2713,295.79813
2011-05-04,281.0601,280.5322,279.37146,278.3281,277.3818,277.49057
2011-05-05,285.67496,284.47784,281.28702,290.36896,288.61697,285.28897
2011-05-06,217.40303,214.61562,212.0921,214.75594,210.7225,207.55614
2011-05-07,170.64447,167.15582,171.23045,173.31775,168.89825,172.44104
2011-05-08,310.77097,309.51306,306.4754,310.30923,308.43915,305.4216
2011-05-09,180.96231,177.96156,176.17848,182.81375,179.74428,178.58813
2011-05-10,276.389,278.8685,280.67172,274.0253,276.46094,279.04257
2011-05-11,296.91168,295.95956,295.12723,296.91016,295.48718,295.45337
2011-05-12,255.0942,257.5366,260.24908,259.95966,262.1166,265.16977
2011-05-13,267.91614,263.9601,260.15958,268.00418,263.23123,259.50085
2011-05-14,297.95285,299.13907,300.33337,296.75317,297.85342,300.7476
2011-05-15,296.23148,296.62506,296.02496,291.00317,291.14984,291.12357
2011-05-16,262.27267,264.02545,266.07812,260.2006,261.90042,264.42963
2011-05-17,310.87216,314.9831,317.42813,318.01666,321.43958,324.24905
2011-05-18,290.02042,293.49124,296.6312,313.99664,316.25134,319.00708
2011-05-19,254.94672,258.89896,265.99655,258.31934,261.50717,268.66315
2011-05-20,278.5824,275.02945,272.19754,287.9183,283.5468,281.0507
2011-05-21,276.27847,278.63467,280.50595,277.55667,279.56943,282.05142
2011-05-22,187.31929,191.30908,193.34932,190.963,195.17383,197.88177
2011-05-23,291.10947,291.47754,291.82666,300.9471,300.36948,300.985
2011-05-24,365.0792,367.23395,366.71054,362.1469,363.97168,364.34256
2011-05-25,298.6096,296.24234,295.2905,286.4036,283.5668,283.9542
2011-05-26,269.61752,272.10013,274.12372,272.66293,274.41904,276.86868
2011-05-27,332.3758,330.7285,327.1818,331.73682,330.37857,329.05612
2011-05-28,307.97058,309.6378,311.09857,299.34155,300.5036,302.87473
2011-05-29,326.79337,324.3568,321.44672,329.33493,325.9153,322.53214
2011-05-30,213.86292,220.6481,227.33899,211.53154,217.7539,224.5884
2011-05-31,340.32858,338.19104,332.2681,347.64456,345.39502,339.34448
2011-06-01,319.51007,321.7124,322.2746,318.67764,320.30887,321.3387
2011-06-02,121.8469,122.923836,127.83349,113.45601,112.74811,116.20746
2011-06-03,288.67682,292.53217,295.50705,269.41342,272.81143,278.0263
2011-06-04,291.71924,294.39276,295.86932,287.11407,290.05066,292.17868
2011-06-05,266.02957,271.86035,279.68604,246.57208,252.13943,261.99777
2011-06-06,312.46698,307.10504,296.0508,318.64886,312.01968,300.34982
2011-06-07,270.14877,271.2979,276.41336,274.89526,275.44678,280.36295
2011-06-08,173.128,174.74039,176.96332,188.45203,189.52028,191.20093
2011-06-09,232.42656,234.39932,232.04562,219.61792,220.95584,219.07681
2011-06-10,255.81262,255.4625,257.5004,252.82906,251.07416,252.25801
2011-06-11,265.6909,270.3215,273.78812,249.8168,254.24538,258.77103
2011-06-12,342.25293,337.69608,331.06714,356.93524,352.07217,344.87726
2011-06-13,368.39877,370.12378,370.16763,366.33408,367.64798,367.88345
2011-06-14,234.44882,236.45828,239.6649,224.40909,225.76476,229.39722
2011-06-15,301.9933,306.19318,306.72122,295.11627,299.68707,301.13373
2011-06-16,322.83618,321.04953,318.10938,335.75272,333.3782,330.26996
2011-06-17,230.26321,228.352,225.40822,238.00728,235.921,233.21613
2011-06-18,250.18991,245.81152,244.23888,246.90215,241.09619,239.66862
2011-06-19,244.56416,240.03383,235.98228,247.31383,242.14441,237.68022
2011-06-20,248.4521,250.17342,251.6668,250.6565,251.71875,253.03539
2011-06-21,256.80316,256.4833,258.6122,263.50513,262.42792,263.93222
2011-06-22,303.8089,299.7853,295.30194,314.25696,309.84845,303.93527
2011-06-23,266.95844,267.3035,263.17133,267.0633,267.68713,263.50955
2011-06-24,367.15887,367.40735,366.78802,366.67874,366.67328,365.95386
2011-06-25,352.89557,353.21368,352.5283,352.37738,352.60056,351.6758
2011-06-26,318.2733,322.05304,323.36044,311.98944,316.40765,318.22427
2011-06-27,245.49861,248.07904,250.31335,236.7621,238.79424,240.66759
2011-06-28,292.13248,287.6535,281.35867,291.171,286.39502,279.8128
2011-06-29,324.55685,328.01672,329.32684,326.44125,329.30383,330.06375
2011-06-30,263.9869,265.4877,268.13492,265.8843,267.54294,270.36102
2011-07-01,362.8355,363.5616,363.33426,362.82266,363.23926,362.36316
2011-07-02,260.7651,262.27554,263.05164,250.57661,251.23285,251.62953
2011-07-03,239.52788,238.78145,239.9794,245.2522,243.17241,242.207
2011-07-04,259.44482,260.90976,263.65906,262.9819,264.65405,266.90686
2011-07-05,265.24567,268.259,271.60904,255.97888,258.7627,261.32507
2011-07-06,262.98062,265.42023,269.46613,247.55472,249.95149,254.47285
2011-07-07,319.17404,320.62634,320.78522,326.73724,327.55066,327.12357
2011-07-08,298.527,297.86478,298.09247,288.82034,288.19046,288.47412
2011-07-09,161.75917,158.58006,156.44037,152.33096,148.52289,144.85027
2011-07-10,232.24484,229.68546,225.55727,213.04654,210.84033,208.53526
2011-07-11,194.77423,190.62294,190.77528,191.47685,187.1165,187.03369
2011-07-12,299.73654,300.02386,296.05783,290.3313,291.09637,287.1075
2011-07-13,322.32635,325.57895,328.97195,319.59418,323.46307,326.38342
2011-07-14,321.2993,320.46152,319.4283,328.495,328.3964,326.93088
2011-07-15,196.2553,196.64395,197.09329,198.41763,198.86777,198.56355
2011-07-16,216.20389,216.19514,217.05771,217.3479,217.05342,217.12132
2011-07-17,282.17935,281.97815,283.83676,288.0131,287.97412,288.65082
2011-07-18,294.93222,294.03506,295.05795,299.47052,298.69485,298.4952
2011-07-19,277.63406,279.6324,282.09293,267.60785,270.0697,273.29193
2011-07-20,225.00627,225.7521,229.77899,223.94525,224.14334,227.32977
2011-07-21,321.5708,321.76553,319.4611,324.20444,326.08765,324.6943
2011-07-22,313.0576,313.9323,315.32422,309.4356,310.8054,312.4744
2011-07-23,262.46207,263.41156,267.85516,253.39508,254.22195,258.05658
2011-07-24,284.4013,281.95886,282.7778,286.2561,283.01254,281.97534
2011-07-25,243.02017,245.93114,251.05505,242.5371,245.42749,250.60344
2011-07-26,182.75803,181.1136,181.22835,184.28804,182.93935,182.75806
2011-07-27,294.7181,292.3163,288.9717,294.49628,291.9918,287.76144
2011-07-28,265.46625,267.75516,268.9739,257.62704,260.68094,262.80496
2011-07-29,235.81978,237.25917,241.43358,234.38693,235.03719,238.24034
2011-07-30,253.14717,255.79352,256.34097,244.3118,247.35002,248.04231
2011-07-31,258.11905,256.95084,255.31503,266.5624,264.2913,261.08698
2011-08-01,259.20474,255.19017,252.54047,272.12894,267.76285,263.6391
2011-08-02,294.45004,291.1321,286.54257,295.9851,292.31973,286.88397
2011-08-03,228.98291,227.12892,227.10526,228.5503,226.16852,225.439
2011-08-04,232.87598,234.83197,236.40747,225.94229,228.0874,230.38869
2011-08-05,207.13785,207.45802,207.77089,208.1866,207.98833,207.24094
2011-08-06,260.41245,258.2076,255.05098,272.17535,269.43967,265.65137
2011-08-07,268.68112,267.55112,264.38208,276.57236,276.3418,272.66095
2011-08-08,227.18103,225.86021,228.69817,220.12651,218.4691,221.86122
2011-08-09,232.7123,231.11198,230.55473,244.81995,243.15205,241.71413
2011-08-10,219.75386,217.70227,217.06303,231.07568,228.8698,227.75336
2011-08-11,237.83624,237.82484,237.82112,239.6002,239.9465,240.12001
2011-08-12,249.43555,248.16316,247.4534,248.2343,246.6824,245.76773
2011-08-13,292.65323,291.9825,290.97717,291.34964,290.97147,290.12375
2011-08-14,269.82153,271.11273,271.34796,268.92758,269.9871,269.62424
2011-08-15,264.14062,264.6353,266.3121,264.1681,264.81808,266.2853
2011-08-16,269.6694,268.94205,268.94006,268.31873,267.73492,267.50885
2011-08-17,273.3896,272.60394,272.1714,271.31476,270.55267,270.12234
2011-08-18,265.13116,265.66846,265.34406,263.3948,264.17062,263.72446
2011-08-19,270.05667,266.86398,260.92374,282.6806,278.90536,271.80835
2011-08-20,285.57343,287.1018,286.02942,288.33078,289.20016,287.9547
2011-08-21,155.7556,153.52487,151.2906,152.20149,150.39252,148.79543
2011-08-22,264.12805,264.9942,264.1234,257.99292,259.41016,258.73648
2011-08-23,289.84418,289.39746,289.61765,287.1211,286.77728,287.31088
2011-08-24,268.15805,269.1998,269.8836,262.5896,263.97757,265.12442
2011-08-25,236.89212,237.1311,237.57327,238.05641,237.77208,237.9996
2011-08-26,265.53247,265.183,264.14178,263.24423,263.0694,262.20377
2011-08-27,271.61206,270.75204,269.20837,270.51688,269.75864,268.28018
2011-08-28,252.16585,251.24051,249.91112,250.9808,250.0365,248.5257
2011-08-29,178.06819,176.74852,175.3771,177.33977,175.2103,173.30037
2011-08-30,219.915,221.03937,221.54778,228.57372,230.05232,231.3085
2011-08-31,167.40807,166.63,168.48434,169.1256,168.5409,171.09785
2011-09-01,194.49103,196.0016,195.45287,188.14941,189.90968,190.021
2011-09-02,247.47603,244.80777,240.49513,251.98807,249.75555,245.3731
2011-09-03,255.63228,251.7071,247.2331,264.0183,261.23383,257.97223
2011-09-04,261.5245,259.14066,255.86374,261.9783,259.3002,255.54115
2011-09-05,241.95554,239.61882,236.24261,239.48761,237.36745,234.6102
2011-09-06,243.04323,240.78778,237.95357,244.03535,241.85838,239.15437
2011-09-07,154.33351,153.82745,153.34888,133.58609,133.15363,133.0152
2011-09-08,120.014786,118.657265,117.19404,121.37015,120.11626,118.69144
2011-09-09,168.76114,164.06775,157.87692,164.90018,160.22646,154.01547
2011-09-10,207.4496,203.1929,197.953,205.69064,201.25766,195.68217
2011-09-11,214.94562,213.78964,212.62302,211.14174,210.08539,209.41937
2011-09-12,223.14795,224.39516,224.81274,220.7296,222.40343,223.75429
2011-09-13,231.77248,227.00716,220.10815,233.16177,228.9118,222.95355
2011-09-14,199.62706,195.62073,192.80293,207.26938,203.01306,199.47505
2011-09-15,232.82956,230.4963,227.76526,235.325,232.75322,229.56117
2011-09-16,237.93675,236.2552,233.00418,237.6114,236.27188,233.46907
2011-09-17,214.83542,210.43771,203.58846,217.25838,213.56125,207.59343
2011-09-18,189.59409,186.08856,181.6043,194.74115,191.5072,186.88635
2011-09-19,197.78893,193.70494,188.32771,205.92834,201.499,194.73268
2011-09-20,153.83192,153.45396,152.16867,152.83286,151.77884,149.44394
2011-09-21,213.58633,210.1433,206.3995,221.0442,217.51384,213.45073
2011-09-22,193.77705,190.46785,185.66151,197.83975,195.14055,191.26668
2011-09-23,132.27351,127.237274,125.32965,135.67175,130.53534,128.41978
2011-09-24,163.983,158.18803,152.5476,168.27332,162.19975,156.01627
2011-09-25,200.7603,197.5028,193.37842,201.23973,198.42267,195.39642
2011-09-26,194.81721,193.7607,192.14775,195.04764,194.20792,192.44987
2011-09-27,210.28098,208.31476,204.46574,212.63113,210.82668,206.72823
2011-09-28,211.1719,210.85196,209.35625,214.61267,214.024,212.17648
2011-09-29,164.66617,161.176,158.56485,166.41481,162.71613,159.73119
2011-09-30,197.4933,194.55809,190.89877,199.25108,196.29721,192.44113
2011-10-01,178.56802,176.80711,174.78212,182.38474,180.57133,178.3165
2011-10-02,163.3708,163.11964,162.70569,164.84024,164.43355,164.28389
2011-10-03,123.96157,124.85289,126.76213,130.79225,131.25952,132.73582
2011-10-04,121.80782,121.00411,121.11764,127.0716,125.55017,124.9615
2011-10-05,144.68817,145.0897,143.63109,151.68175,152.12314,150.70488
2011-10-06,105.3628,101.79738,98.67967,101.67171,97.93882,94.73596
2011-10-07,177.71512,175.23624,172.65453,178.50488,175.84567,173.32507
2011-10-08,152.91052,150.5739,147.1568,154.32652,152.14143,148.41629
2011-10-09,131.97673,133.55353,136.03683,127.65047,129.64876,132.68549
2011-10-10,189.25044,187.75703,186.20297,186.9533,185.4857,184.07806
2011-10-11,182.85379,182.78029,182.28847,183.69711,183.7332,183.12932
2011-10-12,140.43236,140.0124,139.70407,139.3755,139.11302,138.90475
2011-10-13,139.80536,139.4791,138.32277,133.29117,132.90385,132.16425
2011-10-14,164.71117,162.51816,156.226,166.99773,164.43124,157.75766
2011-10-15,187.31746,187.46371,185.55635,184.27919,184.91466,183.08354
2011-10-16,167.84883,169.0917,170.1822,160.6889,162.22478,164.19598
2011-10-17,196.84488,195.13387,192.86952,195.92271,194.21852,191.75372
2011-10-18,174.992,174.0099,173.18295,170.82834,169.88469,169.24402
2011-10-19,123.11008,126.26494,127.616936,121.126396,124.221535,125.56095
2011-10-20,94.10361,90.72848,87.24602,90.44625,87.25941,83.73236
2011-10-21,144.95215,142.06581,138.60732,146.36563,143.55606,139.84807
2011-10-22,177.19443,175.88118,173.31621,177.19301,175.41896,172.4747
2011-10-23,170.56711,169.43945,167.66042,167.92809,166.96254,165.31755
2011-10-24,149.2169,148.17682,145.87898,145.78035,144.76524,142.12541
2011-10-25,157.55241,156.3983,154.74847,155.75583,154.65764,152.76353
2011-10-26,158.51189,155.5275,151.47244,158.69301,155.67734,151.53113
2011-10-27,96.16171,94.84007,94.01192,94.05928,92.643265,91.919914
2011-10-28,168.28502,167.26389,164.94737,168.18457,167.52164,165.28793
2011-10-29,150.34692,148.73378,146.76306,149.65909,148.3753,146.96884
2011-10-30,77.68596,80.04124,83.58442,75.67979,77.9277,81.64242
2011-10-31,130.61734,131.60364,133.17737,124.41083,125.6349,127.68468
2011-11-01,150.46019,149.61377,148.39307,146.77998,146.50026,145.94168
2011-11-02,82.949936,81.91073,81.75198,81.93441,81.08168,81.205414
2011-11-03,109.93936,109.002754,107.16977,105.1488,104.152466,102.04243
2011-11-04,119.13234,118.5089,118.27688,118.53349,118.11736,117.85053
2011-11-05,65.20805,64.35165,63.315998,62.303,61.516182,60.53194
2011-11-06,121.82478,120.43059,117.83828,117.58436,116.25203,113.400566
2011-11-07,126.547646,125.98322,122.894936,122.964294,122.481384,119.26441
2011-11-08,124.59144,123.9373,122.09021,125.488075,124.993904,122.984604
2011-11-09,130.47577,128.67178,124.14651,127.781654,126.24766,122.31162
2011-11-10,135.0851,130.90872,125.30849,138.70935,134.51721,128.41461
2011-11-11,124.25405,121.86785,119.221886,127.39591,125.04688,121.811005
2011-11-12,131.61064,130.62141,128.05281,134.03549,133.28203,130.4614
2011-11-13,101.83102,101.64545,101.95304,101.94764,102.105995,102.92542
2011-11-14,105.07154,103.73752,103.198425,105.19393,103.97079,103.67844
2011-11-15,85.570076,85.99329,87.59852,83.490425,84.63043,87.26667
2011-11-16,115.579384,116.38629,118.05147,112.05039,112.96775,114.89627
2011-11-17,114.70495,113.10868,111.04926,111.91853,110.308365,108.38402
2011-11-18,121.80412,121.33021,121.292816,118.44406,117.98357,118.011284
2011-11-19,117.94935,116.310905,114.38301,118.695305,117.21878,115.41666
2011-11-20,114.33418,112.165405,108.62004,112.95935,110.88361,107.38136
2011-11-21,101.27164,99.13333,96.85375,101.10426,98.86307,96.236694
2011-11-22,72.27232,73.877785,75.12441,71.24265,72.81438,73.95988
2011-11-23,96.60479,96.48403,95.91384,92.5545,92.66646,92.62896
2011-11-24,121.36827,120.67118,119.43399,124.07192,123.58265,121.889305
2011-11-25,118.05171,117.26677,116.06782,114.54598,113.777756,112.85844
2011-11-26,100.09245,99.67054,97.917854,99.9373,99.4439,97.49218
2011-11-27,68.933266,68.38385,68.73983,67.98655,67.23503,66.9637
2011-11-28,73.62006,69.52814,66.073975,77.41589,73.05184,69.05769
2011-11-29,117.08655,115.89601,113.87199,115.18302,114.03236,112.090004
2011-11-30,114.556,112.31588,109.330475,113.82005,111.953545,109.55239
2011-12-01,97.429344,97.39771,95.55769,98.06147,97.81891,95.66407
2011-12-02,55.31772,54.566902,53.295383,55.470345,54.807213,53.59783
2011-12-03,100.31776,99.99856,99.314926,98.79775,98.61247,98.32699
2011-12-04,96.08093,95.6642,95.2279,96.27358,95.77027,95.29115
2011-12-05,110.277084,108.94389,107.471794,107.32727,106.093445,104.91269
2011-12-06,90.77419,90.53148,89.274185,87.12033,87.017365,86.059135
2011-12-07,94.80103,92.942856,90.31662,93.143684,91.532616,89.4374
2011-12-08,105.94367,105.49721,104.64785,106.07528,105.45171,104.392456
2011-12-09,94.5696,94.68006,94.430695,93.368576,93.58926,93.85169
2011-12-10,76.829185,75.62185,75.59315,72.86706,71.694046,71.80705
2011-12-11,53.983826,52.098927,50.226692,52.447754,50.702957,49.06427
2011-12-12,90.504776,89.43012,88.29769,89.378075,88.19676,87.0168
2011-12-13,104.18994,102.9806,101.435135,103.13553,102.150475,100.81195
2011-12-14,109.047745,107.82353,106.42058,108.311195,107.234795,105.94632
2011-12-15,85.844894,85.28282,84.45795,83.79603,83.24835,82.35436
2011-12-16,98.646095,98.07252,97.15394,96.32101,95.72082,95.03037
2011-12-17,92.9852,90.41009,87.980606,92.230934,89.811905,87.500534
2011-12-18,97.899704,96.89998,95.60501,96.20505,95.26985,93.91863
2011-12-19,102.81068,100.95509,98.51805,101.86591,100.16102,98.06424
2011-12-20,97.70866,96.556206,95.19396,97.6662,96.5721,95.15672
2011-12-21,74.9301,73.691154,72.00458,74.99022,73.352066,70.69927
2011-12-22,99.11791,98.89173,98.81853,97.41394,97.25733,97.22807
2011-12-23,104.607414,102.60024,99.78647,106.66875,105.0893,102.452866
2011-12-24,94.443054,93.81795,92.84516,94.700226,94.06505,93.01094
2011-12-25,57.770523,57.270214,56.49067,58.189075,57.755077,56.999874
2011-12-26,48.00844,47.803005,47.526295,45.823048,45.832226,45.68888
2011-12-27,97.36385,97.32316,96.16695,95.75299,95.770226,94.81709
2011-12-28,95.25112,94.35452,93.18231,96.79873,96.07464,94.97036
2011-12-29,89.28076,88.68433,88.3232,88.10976,87.72844,87.55515
2011-12-30,83.62562,83.005646,82.040634,81.45853,81.085014,80.545616
2011-12-31,98.52119,97.65226,96.20898,100.4908,99.488754,97.67446
2012-01-01,81.48497,79.94047,77.546196,82.86651,81.334694,78.70667
2012-01-02,113.591644,112.61327,112.16012,111.85988,110.940994,110.672646
2012-01-03,120.1189,119.34947,118.26682,119.5287,118.801674,117.568726
2012-01-04,120.729836,119.60778,118.220764,120.00338,118.87934,117.3751
2012-01-05,120.27016,118.50491,115.2104,119.26097,117.55412,114.163536
2012-01-06,121.59246,120.24808,118.44648,120.99971,119.6519,117.736984
2012-01-07,109.22474,108.88782,108.869,107.64897,107.35117,107.33478
2012-01-08,112.87553,111.80425,109.97067,112.767296,111.8193,109.98221
2012-01-09,99.90618,100.21415,99.755165,98.429085,99.06165,98.847244
2012-01-10,105.02262,103.788345,102.29857,105.87862,104.86357,103.63511
2012-01-11,102.50665,100.7248,97.73249,103.17982,101.541466,98.65041
2012-01-12,126.977036,126.53246,125.60875,126.01477,125.59996,124.69807
2012-01-13,104.67766,103.9482,103.39022,102.92881,102.32596,102.12048
2012-01-14,126.92992,125.63748,124.087494,129.86778,128.62918,126.94788
2012-01-15,108.52358,106.73532,103.38958,104.78099,103.08539,100.04574
2012-01-16,129.39146,127.97192,125.52151,127.28743,125.94907,123.71488
2012-01-17,102.659386,101.40518,99.6877,101.59121,100.425735,98.83912
2012-01-18,113.39188,113.0288,112.31589,112.68135,112.1145,111.229935
2012-01-19,139.47493,138.39545,137.11017,137.84436,136.80428,135.64456
2012-01-20,76.14428,74.85847,73.957115,79.05582,77.8234,77.12072
2012-01-21,109.095184,109.53252,110.70705,106.463905,106.7408,108.022675
2012-01-22,144.60376,143.3617,141.66463,144.0018,142.74203,141.06982
2012-01-23,81.500114,81.72127,82.241356,78.444214,78.73381,79.463234
2012-01-24,147.81328,146.51826,144.7126,147.59224,146.38794,144.71687
2012-01-25,104.2356,103.12393,102.20956,102.892815,101.71684,100.80652
2012-01-26,145.0625,144.05627,142.86772,145.08316,144.00545,142.8178
2012-01-27,54.23106,54.32093,54.41959,53.125957,53.40548,53.823715
2012-01-28,85.158585,82.67324,79.68681,84.69314,82.145164,79.255554
2012-01-29,122.62378,121.74287,120.51216,121.75716,121.001785,120.080505
2012-01-30,159.09052,157.3608,155.47064,157.6953,155.83623,153.90524
2012-01-31,155.16093,154.72746,154.09724,153.68694,153.18791,152.65689
2012-02-01,128.67691,127.65779,126.990814,130.53989,129.38412,128.67221
2012-02-02,166.56235,164.8383,162.5952,166.22165,164.42166,162.10081
2012-02-03,136.83585,135.10852,133.30547,134.52196,132.83725,131.04193
2012-02-04,103.23893,103.93567,105.10087,108.038795,108.61564,109.84818
2012-02-05,99.10652,95.72176,92.59467,98.10596,94.864494,91.70027
2012-02-06,129.33458,124.92255,119.80713,132.77786,128.53317,123.52933
2012-02-07,129.39864,128.75354,129.16145,124.13263,123.48838,124.19369
2012-02-08,133.44154,132.00282,130.19054,136.31818,134.90495,133.0422
2012-02-09,130.9391,130.13998,128.64569,129.57224,128.73714,127.50654
2012-02-10,128.36217,125.54061,122.42446,127.64867,124.747925,121.48743
2012-02-11,88.75962,88.75645,88.92356,85.407616,84.91993,84.74364
2012-02-12,156.39366,154.13188,150.6113,157.01164,154.85428,151.48889
2012-02-13,108.2655,107.72761,107.26882,107.6242,107.21325,106.71685
2012-02-14,108.86979,105.88384,103.196754,100.1601,97.0942,94.24927
2012-02-15,147.75131,146.62976,145.2134,147.71881,146.59506,145.2815
2012-02-16,169.50684,167.70746,165.40448,171.96259,169.71484,166.61891
2012-02-17,155.55206,153.95816,152.00284,152.48071,150.8556,148.91463
2012-02-18,155.94266,156.02005,155.9893,156.82603,156.84242,156.24933
2012-02-19,152.46353,150.21793,147.85945,147.62932,145.45555,143.29227
2012-02-20,149.72937,149.9563,150.70074,151.631,152.06523,153.49362
2012-02-21,93.30707,90.526115,87.40656,90.68561,88.10286,84.98186
2012-02-22,134.52437,132.59764,131.24702,132.67232,130.66527,129.09447
2012-02-23,193.80554,193.13084,191.48021,194.47307,194.15553,192.84846
2012-02-24,196.622,194.45929,191.49019,195.43939,193.91832,191.72551
2012-02-25,207.15558,206.3965,204.76936,206.01631,205.35814,203.65425
2012-02-26,170.11559,167.53477,164.41162,167.63274,165.12166,162.15364
2012-02-27,217.10947,215.23921,213.19447,216.52571,214.72893,212.63367
2012-02-28,221.69206,219.84167,217.66878,220.91277,219.16595,216.99226
2012-02-29,221.40193,219.87811,217.94402,220.46388,219.05032,217.05757
2012-03-01,178.58022,177.74231,177.02359,173.46114,173.03133,172.92076
2012-03-02,194.86435,192.3317,188.5934,195.88324,193.4532,189.15443
2012-03-03,228.304,227.06317,225.97801,226.18085,225.17125,224.27164
2012-03-04,213.48373,211.98502,209.96657,210.88771,209.45403,207.1739
2012-03-05,189.51405,189.07883,188.24875,185.5703,185.51085,184.70988
2012-03-06,196.71904,197.90977,199.69743,199.69958,201.13094,202.8318
2012-03-07,204.03355,202.3695,200.42577,205.8939,204.62686,203.58528
2012-03-08,236.4535,235.63931,234.02077,235.11787,234.78584,233.64792
2012-03-09,246.71388,244.94,242.7555,246.16193,244.54695,242.2996
2012-03-10,243.5549,242.06989,240.32742,243.53125,242.16325,240.19144
2012-03-11,238.94444,237.10962,234.61526,237.14232,235.38445,232.58984
2012-03-12,122.03505,122.75807,123.422325,123.495224,124.33851,124.77844
2012-03-13,194.98312,192.78085,190.3807,191.5324,189.22833,186.33664
2012-03-14,225.89066,225.22853,223.13393,228.5173,228.30792,226.50243
2012-03-15,235.80609,234.57582,232.70638,235.78816,234.47108,231.90207
2012-03-16,209.4925,208.72247,207.70644,214.64082,214.01202,212.74629
2012-03-17,173.98831,173.9661,171.19647,183.97002,184.72249,181.48071
2012-03-18,187.88873,183.53879,179.8161,191.87227,187.6659,183.53975
2012-03-19,117.251015,115.75588,113.72497,119.19375,117.86533,115.77658
2012-03-20,217.41171,219.31636,219.47118,214.10149,216.43178,216.80931
2012-03-21,190.30286,189.10442,187.86676,184.06017,183.53134,182.80672
2012-03-22,243.62788,242.59093,240.77306,242.13382,241.11324,238.98405
2012-03-23,207.17131,208.06636,207.75839,202.32462,203.59727,203.56563
2012-03-24,91.62829,90.35936,90.0368,91.605865,89.91489,89.3239
2012-03-25,255.82922,256.21747,254.7086,252.11217,253.34929,252.78479
2012-03-26,229.90266,228.78171,229.87341,232.19612,232.21178,234.44824
2012-03-27,202.31369,201.16956,199.84392,205.12149,204.07683,202.06076
2012-03-28,198.54692,193.48589,186.98372,209.42162,203.90456,195.58786
2012-03-29,176.37886,176.06122,178.48085,179.85414,179.24231,182.06926
2012-03-30,222.54137,222.36671,218.89813,220.48892,221.09566,218.11662
2012-03-31,225.15088,225.16847,223.92616,220.97913,221.57013,220.89568
2012-04-01,283.04022,281.30255,277.6864,283.08646,281.48312,277.4403
2012-04-02,274.178,274.0716,274.02286,274.63733,274.6486,274.30988
2012-04-03,224.68001,224.50523,224.16553,226.47383,226.51004,226.06586
2012-04-04,193.4657,187.61046,184.83516,198.81706,192.0454,187.2867
2012-04-05,226.02655,222.697,221.72575,234.20135,229.72006,226.21024
2012-04-06,271.24548,269.90656,265.8596,271.4567,269.73822,266.0965
2012-04-07,267.2739,264.94577,263.79364,272.63864,270.1992,268.17856
2012-04-08,287.71298,285.7494,283.1308,288.06094,286.17783,283.67996
2012-04-09,277.07797,273.9133,269.14136,279.00946,276.23355,272.15384
2012-04-10,210.18425,209.39995,209.2825,211.23718,210.85663,211.71086
2012-04-11,289.95142,288.81406,287.30865,288.13367,286.91528,285.70068
2012-04-12,275.5559,275.14972,272.2386,274.5074,273.78067,270.67462
2012-04-13,266.3948,265.9792,264.49402,266.43463,266.29974,264.75284
2012-04-14,300.603,300.04486,297.6365,300.24048,299.90555,297.74658
2012-04-15,303.54877,302.54855,300.75485,303.00974,301.93958,300.5418
2012-04-16,270.60162,270.2361,269.22284,269.36523,269.02737,268.05804
2012-04-17,279.44446,277.5084,274.66693,279.80145,277.6539,274.98196
2012-04-18,198.31268,202.21153,206.62619,195.50111,199.37137,204.25018
2012-04-19,275.5964,275.47134,274.22415,289.5011,289.5262,288.57678
2012-04-20,172.73125,167.38165,159.705,174.00401,168.46454,160.99826
2012-04-21,301.61694,300.01498,297.55862,301.87515,300.0523,297.92014
2012-04-22,293.76263,292.5037,289.7188,294.51407,293.0106,290.42502
2012-04-23,240.88675,238.40324,236.12273,244.28607,241.62808,239.87332
2012-04-24,307.59958,311.23297,309.6666,306.7773,310.24957,309.3604
2012-04-25,293.4692,293.02744,292.4739,289.4878,288.89752,289.11362
2012-04-26,291.87653,291.17694,289.5634,290.4539,289.56973,288.63593
2012-04-27,228.82072,229.86032,230.16731,225.5338,226.11337,226.46693
2012-04-28,251.99188,246.40654,241.93987,248.08693,242.33105,238.7853
2012-04-29,299.19815,295.9112,289.8757,297.57877,294.438,290.2664
2012-04-30,289.17108,285.85907,281.10724,292.85904,289.9238,286.6071
2012-05-01,276.1759,274.12677,271.0938,280.0872,277.8888,275.35037
2012-05-02,294.43793,290.17813,282.5615,294.85913,290.3393,283.4916
2012-05-03,296.64462,292.90735,284.30722,298.38348,294.27414,285.77927
2012-05-04,287.03442,284.2818,279.82718,280.84686,277.8811,274.53876
2012-05-05,326.2362,325.88092,325.44812,326.30203,325.47607,325.79633
2012-05-06,170.10324,166.13934,161.78345,158.48277,155.17711,152.63298
2012-05-07,294.44147,294.7367,293.42798,295.74686,296.28476,296.1929
2012-05-08,274.08908,271.44885,269.16254,266.19373,263.0704,261.65033
2012-05-09,292.46188,290.95917,290.35016,284.415,282.2911,282.48972
2012-05-10,289.85687,291.70883,292.13565,287.11118,289.03464,290.40533
2012-05-11,255.48749,251.62428,248.51022,263.41922,259.25104,255.47635
2012-05-12,278.58215,272.9963,267.74057,292.7306,286.86603,281.6909
2012-05-13,279.84366,281.93045,282.13898,277.90335,279.55707,280.52383
2012-05-14,229.60318,229.02026,229.48906,226.6243,225.19675,225.91908
2012-05-15,302.97263,305.68863,308.64383,298.21497,300.51935,304.2803
2012-05-16,264.82278,266.29703,266.20993,271.53595,272.33493,272.42468
2012-05-17,205.889,205.26434,204.78825,209.59668,209.2493,209.8943
2012-05-18,227.53865,226.05759,224.36826,214.11296,211.9265,210.36201
2012-05-19,354.15448,354.7193,352.8576,355.95355,356.1555,355.2676
2012-05-20,268.93832,269.45462,274.1771,248.94272,249.1305,255.5692
2012-05-21,294.2483,294.932,296.0543,278.4832,278.72946,281.05014
2012-05-22,334.91153,336.7315,336.62213,328.34875,330.37863,332.37466
2012-05-23,244.20496,246.3006,251.25024,237.92451,238.81488,244.16913
2012-05-24,256.6647,259.16785,260.367,254.91989,256.6947,257.87018
2012-05-25,292.74976,291.68628,290.3805,279.58624,277.80142,276.9526
2012-05-26,152.94281,152.41545,156.45978,153.8331,153.31306,157.89275
2012-05-27,304.94174,305.30984,302.50125,300.83972,300.79016,298.86322
2012-05-28,326.46814,329.0366,328.3614,326.69727,329.1118,329.32596
2012-05-29,248.1336,249.75232,249.85321,240.69383,241.96182,243.3434
2012-05-30,299.85815,295.81552,291.28192,300.9889,296.40656,292.36383
2012-05-31,345.84796,346.81955,347.27594,353.89783,353.7729,354.16165
2012-06-01,263.6674,262.5,259.15326,265.80746,263.97852,260.67575
2012-06-02,326.85684,327.0502,327.6006,323.9899,324.19275,326.30695
2012-06-03,284.32764,286.93335,289.86356,270.72256,273.12344,277.17184
2012-06-04,357.2899,356.87814,354.75592,354.2893,353.0931,351.21985
2012-06-05,338.2388,343.27484,343.79498,345.6475,349.91357,349.93365
2012-06-06,310.16583,310.71964,313.3368,300.96387,300.8988,304.99246
2012-06-07,314.06378,311.46707,309.81552,305.79153,303.14105,303.65042
2012-06-08,344.26175,342.74747,340.5926,355.34546,353.63654,351.37347
2012-06-09,380.14487,380.99557,380.72693,381.0472,381.42807,381.52042
2012-06-10,285.0678,284.81467,283.8133,286.37802,285.4244,284.61014
2012-06-11,298.0613,302.9375,306.29547,290.0448,295.36646,299.61667
2012-06-12,288.56186,294.56006,298.63535,281.96848,287.8252,292.82578
2012-06-13,208.47176,207.00793,205.5711,208.43764,206.37729,204.0663
2012-06-14,308.1966,304.3175,297.67328,307.0417,302.72992,296.0644
2012-06-15,277.3903,279.24075,280.40793,268.9228,270.39325,272.21945
2012-06-16,288.18124,286.15244,284.6451,306.41693,303.63318,301.66174
2012-06-17,361.2103,362.21848,363.69308,366.6096,367.086,368.40613
2012-06-18,348.0155,346.16254,340.95178,347.27625,345.08395,339.5026
2012-06-19,333.70374,331.83865,329.64297,335.97116,333.85068,331.327
2012-06-20,354.86267,354.9239,354.60013,355.46533,355.1077,354.64117
2012-06-21,361.07434,360.80362,359.0363,363.34848,362.87268,361.01306
2012-06-22,346.00363,347.3356,346.7041,348.63916,350.1947,349.01273
2012-06-23,301.52707,302.1335,301.99274,295.24826,295.6379,295.70117
2012-06-24,264.67688,266.28647,268.29144,261.7411,262.52014,264.26865
2012-06-25,312.9689,313.8867,314.77353,321.73456,321.72577,322.0297
2012-06-26,278.54974,279.18826,279.89868,287.44965,288.45337,288.85715
2012-06-27,243.459,244.18976,244.27655,242.5852,243.45612,243.58978
2012-06-28,249.94301,245.37325,241.31937,253.97575,249.14822,244.15646
2012-06-29,212.43367,211.73248,212.01324,211.70241,211.09406,211.39154
2012-06-30,172.266,170.16962,168.49051,165.89717,164.02173,162.806
2012-07-01,284.86633,283.0894,280.98965,281.54178,279.6603,277.4302
2012-07-02,350.5614,351.7062,352.07993,348.4592,349.6279,349.62183
2012-07-03,287.52127,288.40057,288.26453,286.5993,287.3099,286.12878
2012-07-04,333.1894,335.65515,335.8662,333.75873,336.3336,336.5463
2012-07-05,266.79816,267.67194,267.85727,268.71646,269.98608,270.6836
2012-07-06,331.82352,331.28564,330.63766,334.90765,334.46915,333.0406
2012-07-07,335.63156,337.12073,338.50607,335.96707,337.70493,338.53955
2012-07-08,237.0908,242.00932,250.45613,222.72704,227.57469,235.85959
2012-07-09,255.15852,260.26584,268.80945,238.86324,244.1585,254.02483
2012-07-10,333.52988,334.9042,336.39563,335.7674,337.0106,337.27887
2012-07-11,280.03873,279.81778,283.45737,279.20554,278.83722,281.49097
2012-07-12,286.47958,288.34988,290.20184,281.6842,283.90375,285.84164
2012-07-13,211.96739,213.16858,213.89586,212.97745,214.11772,214.26288
2012-07-14,176.3077,176.7552,179.54065,173.55757,173.3031,174.96858
2012-07-15,204.6978,204.92883,207.87578,202.50063,202.41614,204.51883
2012-07-16,229.89807,227.23625,226.17355,232.3288,229.2448,227.05516
2012-07-17,215.4421,213.44183,211.59547,217.68039,215.2691,212.51408
2012-07-18,300.86554,296.1667,291.43872,310.7209,306.38318,300.55118
2012-07-19,297.6932,296.68304,296.76083,313.7658,312.60526,311.13205
2012-07-20,252.88104,252.28581,252.44055,271.5193,271.07098,270.3114
2012-07-21,226.63637,224.35939,227.30157,230.84947,228.61607,231.73735
2012-07-22,208.72556,208.3514,208.6811,206.36412,205.61768,205.016
2012-07-23,273.57367,276.93832,277.6555,267.53934,271.468,272.15286
2012-07-24,276.28384,273.7414,267.40695,283.3121,280.49628,271.71564
2012-07-25,267.99124,265.02905,265.95108,273.77234,270.33286,269.3362
2012-07-26,276.79684,274.48407,273.4469,274.78656,272.61597,271.06958
2012-07-27,290.9194,288.79187,285.7095,292.23874,290.11557,286.80124
2012-07-28,290.43372,288.3773,285.88065,286.26456,284.07727,281.1476
2012-07-29,290.4987,292.20322,292.40524,293.5105,295.63516,295.16833
2012-07-30,184.62177,185.2121,187.65631,187.6635,188.12,190.10214
2012-07-31,181.51472,180.65875,180.66238,182.97008,181.95265,181.17636
2012-08-01,204.01617,203.42659,202.35764,208.6621,208.48787,206.934
2012-08-02,226.97527,224.35811,221.51158,232.76273,230.78804,227.45204
2012-08-03,249.56815,249.9061,249.22293,245.25168,245.90404,245.56584
2012-08-04,283.02585,280.24634,275.62015,285.2228,282.8465,278.13312
2012-08-05,243.98393,244.21272,242.61757,246.15782,246.79483,244.21573
2012-08-06,217.06627,211.6168,208.25722,225.08025,218.73766,214.35904
2012-08-07,243.32622,239.58438,234.3605,246.74677,243.71877,239.41052
2012-08-08,245.94814,237.78401,227.02322,256.01727,247.44781,235.04431
2012-08-09,253.32912,247.44695,238.12946,261.91318,255.41814,244.63414
2012-08-10,258.66925,255.7364,253.84763,259.56104,256.65012,254.77278
2012-08-11,204.80293,206.21036,208.66608,201.59856,202.85226,205.25995
2012-08-12,180.60728,181.64166,183.23521,178.58246,179.67096,181.23042
2012-08-13,192.50774,192.27484,192.24489,185.24683,184.75824,184.19566
2012-08-14,245.04402,244.86453,244.26894,244.1162,243.83348,242.19235
2012-08-15,254.54651,256.65768,256.8453,250.74628,253.43532,254.11572
2012-08-16,271.16428,269.59946,266.54196,277.92816,276.19574,271.91058
2012-08-17,235.59499,235.62318,236.63234,235.41176,234.6004,234.80887
2012-08-18,289.02414,288.34845,287.53973,291.70187,290.99432,290.11
2012-08-19,290.44318,290.8407,289.68198,290.60434,290.0854,288.7529
2012-08-20,275.0204,275.99274,275.82745,274.42896,275.42273,275.04355
2012-08-21,197.44511,195.05145,194.37932,195.1119,193.05309,192.8001
2012-08-22,250.275,248.89713,247.0917,245.64558,244.62082,243.62631
2012-08-23,238.25523,236.44179,234.39438,234.58426,233.07576,231.32553
2012-08-24,250.87314,253.38081,253.30298,247.77617,249.32214,249.41469
2012-08-25,112.29432,112.11481,117.13513,112.847374,113.548065,119.7499
2012-08-26,147.92336,147.79262,149.22928,151.23627,151.26146,151.975
2012-08-27,190.0584,183.69682,178.88127,184.04408,176.99648,172.0069
2012-08-28,225.8032,220.03362,212.52647,226.70813,221.12155,213.4673
2012-08-29,261.81744,260.58487,258.0545,259.7431,258.93832,257.12827
2012-08-30,245.70149,244.47864,244.7267,245.30426,244.06013,244.39801
2012-08-31,240.67339,238.0668,232.96815,249.98946,247.5547,242.33447
2012-09-01,241.37569,239.3106,237.82477,240.28009,238.62453,238.10661
2012-09-02,249.79279,248.1762,246.1686,249.89667,248.11748,245.71179
2012-09-03,236.00102,230.97784,222.21251,235.18143,230.2199,222.06433
2012-09-04,190.42671,184.72827,179.41574,193.51079,187.82692,182.18831
2012-09-05,226.53584,225.6687,223.39684,225.95659,225.32347,223.04907
2012-09-06,239.18773,238.95224,237.80264,241.58295,241.20747,240.43198
2012-09-07,229.0127,228.61513,226.7403,222.52715,222.34334,220.78113
2012-09-08,211.38866,212.03522,213.44865,201.80013,202.81061,205.0306
2012-09-09,218.85591,219.60304,218.03587,216.0721,217.39124,216.87727
2012-09-10,204.60089,201.25694,196.70781,209.8846,206.48546,201.15895
2012-09-11,245.65323,244.7184,243.06805,243.85455,243.17696,242.07248
2012-09-12,223.26471,222.49063,220.11456,221.99211,221.27165,218.8568
2012-09-13,239.21599,238.03265,236.76611,238.51843,237.38495,236.49936
2012-09-14,238.86253,237.40431,235.55988,237.57916,236.2142,234.66373
2012-09-15,212.15846,209.8223,207.40651,214.37718,211.9108,209.52309
2012-09-16,184.14438,178.8211,174.55736,190.63383,185.24626,180.44194
2012-09-17,186.91867,187.74593,187.23183,183.37854,183.99878,183.62267
2012-09-18,245.08327,242.3299,238.34749,245.75908,243.39278,240.23436
2012-09-19,225.7346,225.28848,224.2289,221.6197,221.25761,220.50168
2012-09-20,199.09332,199.39336,200.27707,190.74545,191.19278,192.59
2012-09-21,223.82297,221.00609,217.30405,221.80878,218.49065,214.14458
2012-09-22,233.23485,230.955,228.34941,236.55594,234.55685,232.3531
2012-09-23,203.32465,202.18098,201.68222,200.3062,199.0952,198.94849
2012-09-24,129.71904,128.43384,126.011765,120.62124,119.67821,118.14518
2012-09-25,213.08553,211.7887,209.17844,216.25224,215.06924,213.79465
2012-09-26,143.03006,144.11891,148.18472,142.93379,144.72032,149.96487
2012-09-27,203.45105,201.59926,198.65436,203.2782,201.92207,199.51236
2012-09-28,187.44753,186.26613,189.24564,177.00076,175.39821,179.518
2012-09-29,224.31857,222.5568,220.35385,223.38445,221.70364,219.71306
2012-09-30,223.0406,221.1838,219.02092,222.49013,220.60489,218.50371
2012-10-01,220.07767,218.22646,215.89963,219.46426,217.69743,215.58951
2012-10-02,217.08394,215.55971,213.36337,216.61275,215.22511,213.1708
2012-10-03,196.52437,195.00972,192.98187,194.5568,193.11807,191.3132
2012-10-04,146.52837,147.64676,148.53201,142.6008,143.76941,144.5602
2012-10-05,138.60435,139.62976,141.07483,131.41646,132.07773,133.12335
2012-10-06,200.00879,195.97122,189.9648,201.81729,197.8022,191.45091
2012-10-07,175.15445,173.38786,170.32292,166.77538,165.28754,162.68503
2012-10-08,174.27774,170.22382,165.46477,182.79082,178.1838,171.78345
2012-10-09,199.09007,197.69931,195.77719,197.43913,196.09962,194.34082
2012-10-10,120.46114,122.506836,124.111115,117.107704,119.6619,121.64187
2012-10-11,199.774,197.85715,195.76292,198.09154,196.18176,194.0784
2012-10-12,186.89319,184.72528,183.37146,184.22821,182.0139,180.7265
2012-10-13,167.52936,166.1528,164.58339,165.18701,164.01865,162.55157
2012-10-14,175.05092,173.14952,171.03665,169.36029,167.50795,165.32611
2012-10-15,158.03572,158.9533,159.98401,155.09264,156.0494,157.22137
2012-10-16,163.13156,161.83542,159.92537,163.34697,161.99464,159.8506
2012-10-17,168.4902,168.11757,169.64812,161.47595,160.98473,163.50435
2012-10-18,188.76071,187.26143,185.95558,187.31786,185.8064,184.63365
2012-10-19,190.53653,188.71346,186.62814,189.88411,188.12271,185.97932
2012-10-20,144.57108,144.81783,145.3481,143.66124,143.77754,143.98924
2012-10-21,140.1494,138.13364,136.81342,137.67126,135.45743,134.04857
2012-10-22,165.21014,164.92345,164.51517,161.42525,161.31487,161.30147
2012-10-23,170.23601,167.03305,161.72098,168.87503,165.69736,160.06676
2012-10-24,121.07034,119.139114,118.13561,122.73955,120.77604,119.67697
2012-10-25,155.51848,154.74063,151.29707,157.18855,156.19081,151.71913
2012-10-26,140.68115,138.49646,136.25488,140.92818,139.03008,137.14502
2012-10-27,135.98639,134.51353,130.54756,138.41351,137.21294,132.83478
2012-10-28,129.67044,128.23083,126.86813,126.843155,125.21262,123.87819
2012-10-29,109.59248,110.52178,111.29059,110.5288,112.00787,112.25631
2012-10-30,59.17337,60.775375,62.688087,58.165546,59.546055,60.958324
2012-10-31,107.91212,108.92871,106.55664,104.11072,105.128654,102.79455
2012-11-01,151.77351,149.37599,146.01326,149.87013,147.51035,143.9838
2012-11-02,136.0929,135.85097,135.49416,135.44371,135.22449,134.6647
2012-11-03,146.70634,145.23329,143.65742,145.37378,143.88593,142.04123
2012-11-04,127.34328,125.09078,123.03158,125.201805,123.4336,121.844284
2012-11-05,134.33922,133.70955,132.03395,129.86153,129.35329,127.87371
2012-11-06,136.13593,132.24413,128.18266,133.95364,130.1354,126.357086
2012-11-07,155.06837,153.89665,152.36226,154.76743,153.59167,151.91617
2012-11-08,88.19265,89.2724,89.86195,85.52042,86.59277,87.13508
2012-11-09,146.05807,144.93059,141.90315,145.33354,144.26788,140.46632
2012-11-10,90.23073,90.37328,92.325615,91.77829,91.61367,93.35634
2012-11-11,134.3031,132.17258,129.12349,136.3167,134.22803,130.7852
2012-11-12,114.17906,113.63866,112.95543,112.72539,112.1321,111.22596
2012-11-13,109.389206,108.273834,107.0424,109.7148,108.40587,106.84929
2012-11-14,142.01349,140.74652,139.65948,142.14313,140.90541,139.71408
2012-11-15,124.14049,123.30827,122.17736,123.700165,122.73159,121.396454
2012-11-16,83.60608,83.90325,84.504944,80.210594,80.80351,81.72528
2012-11-17,90.76645,90.19872,88.77507,90.851425,90.02468,88.02372
2012-11-18,79.32503,79.44234,79.99579,75.817024,76.15277,76.7463
2012-11-19,83.9446,82.962425,81.74889,81.05192,79.991554,78.5386
2012-11-20,98.85105,98.033104,97.82273,94.644936,93.864136,93.829
2012-11-21,134.70705,133.90561,132.2367,134.17151,133.52005,131.88982
2012-11-22,106.7304,104.77396,101.84949,107.533676,105.684395,102.75667
2012-11-23,90.243034,87.38183,85.311714,91.32518,88.29051,85.828705
2012-11-24,76.776115,76.27851,76.142075,76.672485,75.96516,75.272156
2012-11-25,61.643116,59.30441,57.988415,63.577114,60.85828,59.237263
2012-11-26,112.33883,111.87988,111.41747,109.53809,109.02891,108.74784
2012-11-27,96.02148,94.94737,95.31686,90.89787,90.28269,91.50782
2012-11-28,101.740944,102.32078,100.27102,101.66611,102.055664,99.481316
2012-11-29,58.930775,57.76452,56.18773,57.7481,56.482132,54.972466
2012-11-30,97.28539,95.31511,92.01289,96.56083,94.59174,91.04102
2012-12-01,96.14378,95.87937,93.593124,98.1332,98.153275,96.23483
2012-12-02,68.08183,67.30928,65.48,69.09719,68.318954,66.50446
2012-12-03,98.48869,98.53643,98.436806,96.68548,96.93877,96.95445
2012-12-04,101.0099,100.04341,98.945694,98.69148,97.9743,97.315186
2012-12-05,112.662796,111.65196,110.80073,112.52319,111.65457,110.941246
2012-12-06,67.30429,68.32342,69.605095,68.11201,69.06368,70.16461
2012-12-07,102.684944,99.21206,93.61114,102.66509,99.58827,94.481926
2012-12-08,115.008995,113.99046,112.15295,113.97159,113.42116,112.19857
2012-12-09,112.27857,111.08163,109.77036,110.70456,109.65245,108.6446
2012-12-10,96.669464,96.39534,95.87639,95.729004,95.39327,94.73599
2012-12-11,98.17005,96.79832,94.465454,96.29012,95.00288,92.71423
2012-12-12,108.64781,107.592064,106.47254,106.69035,105.67653,104.61129
2012-12-13,109.86631,109.34326,108.91007,108.247665,107.76085,107.32008
2012-12-14,88.78645,87.4248,85.93213,90.97546,89.707,88.14297
2012-12-15,67.84729,66.98392,65.77253,59.905113,59.193996,58.03026
2012-12-16,93.86577,93.37276,92.94615,92.09484,91.79266,91.64499
2012-12-17,106.27369,105.053955,103.76105,105.43965,104.373955,103.260475
2012-12-18,104.34886,102.54065,100.082756,102.471054,100.95214,98.970665
2012-12-19,109.98211,108.67552,106.771996,108.87397,107.69327,105.94618
2012-12-20,65.36726,63.152378,60.43814,64.68987,62.651573,59.88309
2012-12-21,109.09741,108.05736,106.38069,108.44348,107.66063,106.317696
2012-12-22,106.51497,105.058395,103.11573,106.72341,105.49906,103.82191
2012-12-23,99.33105,98.533905,97.60487,101.966774,101.16562,100.13068
2012-12-24,75.14088,72.8617,69.03339,69.6546,67.55481,64.304924
2012-12-25,96.59221,95.77324,95.045105,95.47212,94.63275,93.84576
2012-12-26,105.443565,104.759125,104.09761,106.23897,105.620766,104.76784
2012-12-27,93.781876,92.9541,90.9086,95.29817,94.814545,92.81381
2012-12-28,97.91837,94.724785,89.10012,97.0136,93.79334,87.93375
2012-12-29,107.85641,106.81092,105.701614,106.63704,105.77269,104.94115
2012-12-30,102.21589,101.20319,100.46998,99.73767,98.95085,98.69216
2012-12-31,108.690445,108.68849,108.54762,107.4812,107.51085,107.32284
2013-01-01,110.348595,108.86314,106.56408,110.481964,109.15321,106.8422
2013-01-02,90.00229,90.00593,89.715294,90.6768,90.69028,90.31513
2013-01-03,78.30653,77.94962,77.05438,76.61832,76.35592,75.77578
2013-01-04,57.041477,56.04484,54.52798,54.28454,53.4396,52.157207
2013-01-05,83.440094,80.80416,78.413956,85.16774,82.48853,80.012024
2013-01-06,127.32069,125.81967,123.87493,126.73655,125.50757,123.898415
2013-01-07,126.98495,125.86111,124.521126,126.06524,124.96224,123.59187
2013-01-08,121.55967,120.55988,119.1179,120.068214,119.13671,117.72276
2013-01-09,98.24566,96.682045,94.87121,95.881195,94.281166,92.39069
2013-01-10,93.6253,92.75472,91.54524,94.26525,93.3249,92.06054
2013-01-11,65.55064,62.54994,60.009468,67.93432,64.84764,62.32745
2013-01-12,84.05309,84.91691,85.75297,80.77324,81.588234,82.72963
2013-01-13,64.46238,61.89393,59.52329,61.394535,58.890507,56.865726
2013-01-14,102.04854,101.038055,100.408424,101.575424,100.67622,100.34906
2013-01-15,131.72597,130.82985,129.55373,130.43617,129.55727,128.25598
2013-01-16,110.459854,109.99784,109.41685,109.07501,108.66345,108.21485
2013-01-17,104.17437,102.868454,100.34347,104.88627,103.73731,101.44007
2013-01-18,46.32481,44.530094,43.24237,46.427536,44.695366,43.486534
2013-01-19,82.331215,80.17327,78.55769,81.93888,79.72308,78.31702
2013-01-20,81.55536,80.94859,78.639694,84.233734,83.770386,81.41303
2013-01-21,96.589455,94.83318,90.63143,96.32496,94.957504,91.32083
2013-01-22,135.71544,135.05972,132.60394,134.13062,133.40611,130.72536
2013-01-23,116.85973,117.24554,117.21838,117.767334,117.919495,117.68414
2013-01-24,91.96762,90.06367,86.79254,91.58994,89.61937,86.66158
2013-01-25,112.41136,112.53006,113.3809,107.56842,107.664566,108.70632
2013-01-26,138.76991,136.89186,134.78969,136.56007,134.80202,133.0534
2013-01-27,146.1013,145.54942,144.54073,146.66757,145.93285,145.00536
2013-01-28,149.54396,147.5567,145.04701,153.59676,151.75504,149.3448
2013-01-29,115.43703,114.851555,113.768585,114.21943,113.83198,113.17694
2013-01-30,114.96341,109.77166,104.85151,112.00209,106.57632,101.4736
2013-01-31,139.03172,139.099,139.05647,139.09787,139.21529,139.43506
2013-02-01,161.06804,159.90112,158.0813,159.74057,158.71591,157.17928
2013-02-02,118.93235,118.03365,116.8558,118.689125,117.61953,116.54731
2013-02-03,138.27364,134.45976,130.91959,138.92915,135.30884,132.08514
2013-02-04,138.95747,136.75012,134.07068,138.14134,136.02232,133.50989
2013-02-05,165.61497,165.16656,163.55295,164.65819,164.3592,162.83385
2013-02-06,169.12015,168.51488,166.7335,168.1685,167.63394,165.93852
2013-02-07,142.04863,142.617,143.04733,137.46657,138.24239,138.74838
2013-02-08,165.47365,165.2503,163.77438,162.6572,162.06416,160.78648
2013-02-09,131.60518,129.14757,124.78567,130.66513,128.47305,124.49538
2013-02-10,134.68018,132.13171,127.92071,134.33243,132.30193,128.67621
2013-02-11,174.97699,173.49077,171.91042,174.47307,173.04094,171.5469
2013-02-12,163.81488,163.55727,162.78172,166.18282,165.88622,164.87527
2013-02-13,77.249695,75.42155,73.54159,77.33853,75.46829,73.49039
2013-02-14,149.59319,148.43988,147.32584,150.7306,149.96152,149.29115
2013-02-15,166.18901,163.67592,160.26427,170.09651,167.65292,164.14612
2013-02-16,158.40442,156.9982,155.38956,159.32838,157.9178,155.95148
2013-02-17,151.70988,148.63535,144.5359,152.81384,150.22426,146.64542
2013-02-18,147.711,147.57637,149.06744,143.51837,143.44627,145.46825
2013-02-19,155.91467,155.16869,154.28607,153.9156,153.6684,153.77226
2013-02-20,198.48732,197.14087,195.0218,196.37955,195.33969,193.60527
2013-02-21,147.4365,145.6208,143.33862,146.50887,144.71371,142.56238
2013-02-22,73.97804,74.57581,77.1323,73.604866,74.02959,76.22536
2013-02-23,123.47219,122.36804,119.89637,123.86656,123.14696,120.937836
2013-02-24,173.1522,171.34344,168.94888,174.05327,171.8374,168.49019
2013-02-25,155.10126,152.10712,147.58678,159.70149,156.21921,150.84357
2013-02-26,121.405045,118.58441,117.27897,119.41375,116.53139,115.50488
2013-02-27,121.53963,118.63465,116.570114,122.07529,119.0463,116.61101
2013-02-28,166.43092,166.46863,167.55905,162.76768,162.52284,163.25746
2013-03-01,190.26237,189.68498,188.77881,189.5731,189.87619,190.12627
2013-03-02,199.06894,196.64546,192.66035,198.0746,195.69536,191.47842
2013-03-03,199.01776,197.49373,195.5903,194.9234,193.70767,192.36845
2013-03-04,135.79974,133.38226,130.63708,135.45839,132.97806,130.18839
2013-03-05,158.90088,157.4291,156.8259,165.49434,164.3798,164.1504
2013-03-06,129.44058,131.7928,137.78577,125.3522,127.74257,133.79315
2013-03-07,195.83481,197.16104,198.09676,193.81363,195.16351,196.17648
2013-03-08,209.96722,207.62994,204.75887,213.01549,210.23521,206.18828
2013-03-09,229.20804,227.20778,225.56117,227.13182,225.11131,223.21754
2013-03-10,174.01872,173.03612,171.96004,176.47302,175.46101,173.97505
2013-03-11,214.01703,212.93298,211.0681,213.4771,212.4835,210.54019
2013-03-12,152.40869,149.24884,145.6745,160.46077,157.35686,153.96695
2013-03-13,246.10263,243.97284,240.84882,245.34238,243.81702,241.29965
2013-03-14,219.28886,218.56752,217.54716,215.96568,215.31166,214.23108
2013-03-15,228.42291,226.15904,224.17468,227.32379,225.40659,223.2913
2013-03-16,250.01587,248.7084,246.8579,247.28001,246.57285,245.15819
2013-03-17,260.82016,259.3814,257.68338,260.56967,259.2817,257.2923
2013-03-18,230.8096,229.9823,228.7438,228.5145,227.8448,226.58928
2013-03-19,115.459785,115.7009,115.698944,111.474525,111.47866,111.21203
2013-03-20,107.081696,104.054596,100.55513,103.169815,100.43421,97.28059
2013-03-21,138.08011,137.7533,135.50726,140.60988,140.26134,137.73363
2013-03-22,128.28897,126.20805,125.09894,126.94276,125.282326,124.190895
2013-03-23,206.77798,204.27892,197.0792,199.46321,196.59395,189.13168
2013-03-24,222.22136,220.27396,217.05629,217.66985,215.82608,212.75124
2013-03-25,260.42667,258.98007,257.66595,260.1433,258.6339,257.04288
2013-03-26,202.54677,201.04672,199.22377,204.97687,203.4006,200.97926
2013-03-27,267.07956,264.99463,262.51007,264.4148,262.43854,260.05768
2013-03-28,240.32397,239.56494,240.43437,238.4605,238.04822,239.2156
2013-03-29,244.52394,242.74123,239.66043,245.03943,243.29857,239.66692
2013-03-30,236.98999,236.1634,235.01991,247.17036,246.20654,244.59032
2013-03-31,108.23305,107.06471,105.285324,109.20303,108.267365,106.61396
2013-04-01,281.3882,278.23367,273.46985,281.7494,278.81967,274.18918
2013-04-02,283.28397,283.00806,282.13614,282.60788,282.45416,281.5009
2013-04-03,285.38574,284.02927,282.5075,284.5268,283.2881,281.7867
2013-04-04,285.39316,284.18304,282.8875,284.85263,283.70615,282.45343
2013-04-05,274.04883,273.15756,272.06912,271.65967,271.0573,270.65662
2013-04-06,202.14978,197.99622,196.64345,193.0658,188.86258,188.02293
2013-04-07,245.09195,239.16599,229.96725,246.07555,240.15836,230.61665
2013-04-08,234.99634,238.59607,236.24046,231.92091,237.26102,236.06306
2013-04-09,144.69415,134.36917,127.441444,149.3788,138.16434,130.74232
2013-04-10,260.3692,261.91882,259.71246,257.19388,259.37515,257.72165
2013-04-11,238.1526,237.18137,234.48717,235.70929,234.72118,232.06793
2013-04-12,263.01846,262.0702,257.43875,264.34396,263.6557,258.95435
2013-04-13,253.50839,252.56772,251.04431,248.91379,248.31468,247.77126
2013-04-14,234.32915,235.24875,234.18468,245.26599,245.56148,243.83563
2013-04-15,225.07675,219.96336,212.45047,249.84152,245.00703,236.89058
2013-04-16,230.35101,230.00395,229.57332,239.78877,238.74327,237.73872
2013-04-17,220.52399,213.02275,203.89479,219.71776,212.74655,204.63258
2013-04-18,273.12213,270.85553,267.0923,275.19092,272.90863,269.09604
2013-04-19,280.70056,277.52585,273.57825,284.36414,280.79346,276.61404
2013-04-20,292.97272,293.38214,292.6024,294.19183,294.7353,294.517
2013-04-21,280.2449,283.8477,283.9146,274.22678,277.42276,278.3685
2013-04-22,267.88193,268.75992,271.32028,257.5612,258.6716,262.76343
2013-04-23,304.9658,303.65866,301.13617,307.72855,306.0788,303.5886
2013-04-24,284.74588,283.25305,277.9058,288.3034,286.62537,281.64
2013-04-25,264.44095,265.368,268.5896,279.20996,279.34427,280.7909
2013-04-26,232.50249,234.90942,240.38808,239.17058,240.92667,245.6026
2013-04-27,209.43466,203.50204,198.2077,211.43701,204.71107,199.07393
2013-04-28,297.12347,290.77902,280.6095,297.3346,290.6786,280.8754
2013-04-29,294.9645,293.17807,289.24078,294.018,292.00348,288.53653
2013-04-30,256.95627,256.7948,254.81274,263.5604,263.00458,261.34103
2013-05-01,177.14941,170.9488,166.1292,177.01924,170.20525,165.33781
2013-05-02,247.50761,249.25533,253.7432,250.99399,252.50247,257.38766
2013-05-03,306.66248,304.73758,300.93463,305.94537,303.00467,299.3036
2013-05-04,238.66359,240.86902,243.23439,242.16055,243.71924,246.70958
2013-05-05,247.29674,236.63954,223.18594,246.41623,235.44156,222.50002
2013-05-06,279.91275,273.4944,265.75647,278.90686,271.7772,264.12772
2013-05-07,298.23676,298.52557,300.89847,294.50064,294.66232,297.9095
2013-05-08,322.19846,318.75897,312.53134,320.19434,316.50317,311.26953
2013-05-09,312.96875,308.87244,301.74927,310.15344,305.20474,298.65533
2013-05-10,255.74147,254.86465,254.50148,260.53986,258.43152,258.38428
2013-05-11,252.40305,249.58466,247.9144,250.48927,246.67934,245.36787
2013-05-12,311.73883,310.99738,308.07294,310.22232,308.6144,306.02414
2013-05-13,258.19067,257.10992,255.38733,253.07057,251.3986,250.21347
2013-05-14,288.41248,284.61728,281.06528,288.70804,284.33163,281.39084
2013-05-15,235.53983,232.90259,229.72261,240.63667,237.9125,234.9371
2013-05-16,229.5195,231.44777,233.23611,224.85089,226.43246,228.82559
2013-05-17,264.92404,267.60242,268.74905,265.93317,268.27133,270.055
2013-05-18,296.31998,297.80017,297.219,305.8698,306.7283,306.0591
2013-05-19,332.73965,330.0472,324.08316,337.4016,333.99362,327.65512
2013-05-20,314.4898,317.55258,320.06616,306.69046,309.73703,313.67975
2013-05-21,178.99628,180.1674,184.62057,177.39781,178.11166,182.87492
2013-05-22,242.84872,241.95749,239.5786,243.00627,242.13815,241.71614
2013-05-23,259.16034,260.5925,261.46463,253.4214,254.16158,256.18326
2013-05-24,291.01483,288.02777,284.54575,288.6432,285.07056,282.48587
2013-05-25,258.8567,255.46455,253.13303,252.41977,248.54437,247.02206
2013-05-26,343.08685,338.5093,329.8777,349.722,344.77194,336.83566
2013-05-27,298.79877,296.1433,293.97986,301.2102,298.05313,296.21603
2013-05-28,257.6068,255.7985,251.32373,258.22537,255.88213,251.83615
2013-05-29,320.82166,321.31708,319.277,310.40573,309.90848,307.98538
2013-05-30,269.9643,270.462,271.10345,256.958,257.40506,259.0139
2013-05-31,335.03574,338.36792,338.47687,330.42493,333.9932,334.84247
2013-06-01,297.40903,300.26828,302.2317,299.50717,301.58563,304.13644
2013-06-02,161.2354,161.627,161.83305,171.24586,171.91241,172.81068
2013-06-03,178.86829,180.85353,182.30525,182.75803,184.71255,187.14076
2013-06-04,229.66757,228.44939,225.8121,231.6717,229.95624,227.55081
2013-06-05,343.02298,341.87082,339.419,343.46,341.88037,340.25876
2013-06-06,360.804,359.74918,356.71204,364.48065,362.3345,358.5633
2013-06-07,236.48717,235.98096,238.5184,235.36375,234.0649,237.3062
2013-06-08,270.87442,268.44684,264.55728,282.2434,279.20016,276.3188
2013-06-09,228.64038,229.34155,228.79263,230.07779,230.46504,230.41922
2013-06-10,354.24472,353.91373,349.92392,350.62143,349.9143,346.99768
2013-06-11,279.5409,283.12454,288.50638,270.90732,274.4349,281.2423
2013-06-12,239.73764,242.63812,243.7,232.01074,234.26765,235.38878
2013-06-13,242.51265,237.85535,230.52048,244.20384,238.74203,231.35892
2013-06-14,343.98624,340.2403,331.59567,351.16794,347.3287,338.68326
2013-06-15,327.3813,326.48663,322.4005,332.11975,330.8514,326.69104
2013-06-16,257.09384,258.05447,263.2571,259.7429,260.56183,267.77698
2013-06-17,290.21664,286.648,281.72568,294.70096,291.2218,286.22424
2013-06-18,308.31125,308.72748,305.40387,310.1845,310.37943,306.4607
2013-06-19,342.12164,341.4076,338.326,340.37408,339.24686,336.4437
2013-06-20,266.37363,264.65988,259.40826,257.0175,255.36082,250.04166
2013-06-21,241.8034,240.72223,238.76091,235.74355,234.63855,232.5554
2013-06-22,306.8075,308.65247,311.26074,305.08417,306.38547,308.8794
2013-06-23,317.59906,315.04584,311.03906,327.18808,324.13922,319.11237
2013-06-24,262.88596,260.55823,260.026,264.0532,261.06833,260.3802
2013-06-25,305.69928,301.8825,297.6398,311.99448,308.52063,303.7972
2013-06-26,332.11392,330.20728,326.23016,336.89578,335.66843,332.20975
2013-06-27,241.03194,239.32376,238.0275,245.15808,243.39188,241.58281
2013-06-28,281.89444,283.0761,277.45364,285.2921,287.6456,281.77408
2013-06-29,328.89615,326.4638,322.37393,331.1647,328.97153,325.35452
2013-06-30,352.35126,351.00775,347.36606,354.92526,353.59015,349.49872
2013-07-01,309.15173,311.5412,311.15622,305.5044,308.60468,308.21082
2013-07-02,228.2007,226.3954,223.38016,232.89227,230.85918,227.27808
2013-07-03,357.69162,356.89566,353.9576,357.20508,356.09793,351.93796
2013-07-04,352.88248,354.25714,355.07,350.86542,352.2061,352.38974
2013-07-05,220.0835,222.58987,225.92606,214.37344,216.75722,219.88412
2013-07-06,341.28897,341.1776,340.87827,347.4523,347.06488,345.6843
2013-07-07,356.18274,356.62555,357.654,355.60318,355.94806,356.48447
2013-07-08,362.5088,363.77716,364.42703,363.43405,364.6449,364.3918
2013-07-09,336.92114,340.71948,342.4955,338.83044,342.1066,342.81815
2013-07-10,269.07864,268.57468,270.7472,273.4769,272.9441,274.6936
2013-07-11,262.8052,263.22983,264.57294,265.46402,265.2186,265.48508
2013-07-12,310.73364,314.9325,320.09753,308.57047,312.02637,316.72845
2013-07-13,342.78464,342.79724,342.33783,341.42374,341.38437,339.8397
2013-07-14,326.61444,325.62497,323.42993,323.16934,321.98965,318.77014
2013-07-15,275.32178,280.78754,285.6759,278.88226,283.9493,287.8747
2013-07-16,171.32219,172.55128,174.81963,169.74467,170.75397,172.20901
2013-07-17,238.57388,241.3422,243.05449,228.97736,232.40384,234.90108
2013-07-18,234.50829,241.38968,252.65552,229.60371,236.73111,247.86496
2013-07-19,253.03929,259.42035,268.91098,240.68034,247.2682,258.24127
2013-07-20,228.94208,230.90681,235.47389,223.9678,225.3215,228.8549
2013-07-21,200.61623,200.62276,202.91762,196.86047,196.0471,197.31866
2013-07-22,219.37958,220.44453,222.04951,223.23485,223.92943,223.83308
2013-07-23,220.03331,215.09227,211.75478,226.69133,221.68958,218.1393
2013-07-24,311.06396,309.61533,306.68076,310.03156,308.21542,304.2246
2013-07-25,289.31992,287.4257,286.8998,289.93726,287.63483,285.88855
2013-07-26,245.12274,245.80058,251.00148,238.29637,238.89139,243.89874
2013-07-27,314.16278,315.89987,316.12906,316.60205,318.38153,318.59512
2013-07-28,218.72267,221.67867,226.79926,226.35014,229.23685,233.04285
2013-07-29,201.17436,204.06496,208.1477,201.48586,204.19319,207.138
2013-07-30,174.31145,169.99301,165.34608,172.33704,167.85832,162.74382
2013-07-31,222.65575,217.31519,217.07988,217.88322,212.6689,212.0645
2013-08-01,283.61035,277.23132,268.38837,286.0209,279.18658,268.35355
2013-08-02,250.12158,249.48709,249.36342,243.27318,242.93388,243.04208
2013-08-03,214.33684,216.5224,218.51212,214.31494,216.71466,218.57784
2013-08-04,135.91951,133.85443,132.4832,126.59114,123.81794,122.15286
2013-08-05,313.6241,312.67645,311.49875,312.9875,312.33047,311.02075
2013-08-06,301.95865,300.53235,298.44443,305.56097,304.00058,301.05392
2013-08-07,276.80765,277.88168,280.25467,272.6927,273.95804,276.30353
2013-08-08,226.58405,225.51247,221.74615,231.86827,231.06467,226.4176
2013-08-09,213.29451,213.53581,214.53555,211.31682,211.29655,212.18253
2013-08-10,217.43338,218.88832,220.0781,209.87656,211.0951,212.23726
2013-08-11,224.01115,225.52782,227.53058,233.6466,235.0257,236.09732
2013-08-12,224.6612,223.27112,221.35603,239.8998,238.58463,235.62286
2013-08-13,199.99582,199.77843,204.30937,202.29144,202.42001,206.69814
2013-08-14,264.279,261.41162,257.23993,263.59058,261.21536,257.34296
2013-08-15,279.8379,279.7799,278.75067,278.6004,278.8101,277.67923
2013-08-16,235.31726,235.14691,233.95247,240.58113,240.19322,238.50528
2013-08-17,300.3801,299.5086,298.57486,299.1607,298.3058,297.27155
2013-08-18,290.9617,289.2444,287.0099,290.25153,288.5327,286.14465
2013-08-19,269.7954,265.5685,256.98865,269.28763,263.4272,252.38396
2013-08-20,151.16325,156.28444,163.15506,149.79405,154.95956,161.92711
2013-08-21,215.46855,211.52899,205.91296,211.33461,207.02184,200.20796
2013-08-22,256.19412,251.92235,245.86076,257.6421,252.93773,246.0862
2013-08-23,211.44357,209.05296,206.1406,212.75967,210.12445,206.7596
2013-08-24,213.81369,212.94023,211.95384,212.3601,211.13289,210.03749
2013-08-25,269.221,270.78772,267.4854,268.78217,271.8385,269.15634
2013-08-26,273.31488,271.67786,268.9281,273.99744,272.77374,270.65695
2013-08-27,255.75989,254.14957,252.27534,256.58615,255.17767,253.1443
2013-08-28,270.13638,269.33984,267.29718,268.80316,268.3559,266.74472
2013-08-29,222.86018,220.2661,218.35423,229.93188,227.26108,224.45657
2013-08-30,242.37674,241.48366,241.99765,245.84595,244.61592,244.28871
2013-08-31,255.60907,253.73772,251.2677,255.0641,253.01253,250.09985
2013-09-01,259.82678,259.6776,257.3291,258.18375,257.97723,255.58546
2013-09-02,216.76312,214.28722,212.22217,219.98994,217.2942,214.64043
2013-09-03,194.95753,197.21396,196.62572,190.98174,193.88017,194.14673
2013-09-04,249.2063,248.38776,244.22505,253.24777,252.7692,249.07791
2013-09-05,264.0291,262.6525,260.98602,264.14612,262.75153,261.18338
2013-09-06,237.99933,237.56708,239.23529,237.80907,237.18513,238.93689
2013-09-07,245.21945,244.0556,241.82639,245.15192,243.87056,241.44763
2013-09-08,238.61372,237.73106,236.28087,241.9241,240.75746,239.06487
2013-09-09,237.68976,236.25359,234.93092,238.05974,236.77373,235.81792
2013-09-10,234.583,234.80132,233.00218,231.05043,231.80885,230.63428
2013-09-11,223.76823,223.53265,221.94487,218.51486,218.55762,217.5066
2013-09-12,253.36795,252.60725,251.985,249.85562,249.21988,249.09372
2013-09-13,248.17493,244.11113,238.38141,247.89038,244.08739,239.03027
2013-09-14,221.2684,220.91798,218.01605,223.38782,223.30885,220.53528
2013-09-15,178.20898,178.7263,179.35236,170.6972,171.6204,173.12665
2013-09-16,248.90025,247.48209,245.51059,250.55919,249.02953,247.30176
2013-09-17,218.95319,218.93895,220.03537,222.04765,221.63599,222.44089
2013-09-18,231.23038,229.59401,228.06465,232.32256,230.41829,228.66125
2013-09-19,212.18733,207.6994,203.07706,220.1187,215.46234,210.41695
2013-09-20,240.01784,237.85368,235.0764,240.87225,239.02188,236.83186
2013-09-21,223.81036,221.80865,220.01346,230.32338,228.58395,226.73799
2013-09-22,206.49533,205.58331,204.25375,208.01373,207.03534,205.39168
2013-09-23,102.80795,105.756645,110.30289,99.811035,102.763565,107.43803
2013-09-24,108.24173,108.86236,110.01594,110.399345,111.00859,111.638084
2013-09-25,193.04173,195.56384,199.30135,185.41357,188.11037,193.23445
2013-09-26,157.87402,158.19124,160.88101,152.25922,152.98093,156.27798
2013-09-27,199.82123,197.49216,194.79095,194.59474,192.138,189.37993
2013-09-28,218.30562,216.071,213.46214,215.6124,213.06107,210.56477
2013-09-29,218.89569,217.39961,215.16982,220.53993,219.20314,217.28554
2013-09-30,122.22183,117.940735,115.0945,121.01392,116.47456,113.23424
2013-10-01,222.95953,220.98294,218.73453,222.16057,220.31062,218.38878
2013-10-02,167.37492,167.73892,167.84607,167.35086,167.52155,167.85716
2013-10-03,157.83815,158.028,160.56035,167.99046,168.04839,170.3013
2013-10-04,167.04097,164.19038,160.87909,159.86916,156.99411,154.03397
2013-10-05,193.36334,191.0588,188.10742,193.65988,191.2743,188.03625
2013-10-06,167.0209,161.38405,151.88968,160.63614,155.13448,146.31448
2013-10-07,140.35716,136.41469,131.98166,143.33913,139.17567,133.998
2013-10-08,95.56916,94.282074,94.84531,95.07895,92.95788,93.07541
2013-10-09,198.29178,196.6818,193.6135,199.19536,198.27281,195.75742
2013-10-10,189.44476,187.00676,184.64989,187.00812,184.57903,182.23216
2013-10-11,193.09575,191.69101,189.99701,190.57892,189.32332,187.77205
2013-10-12,186.60083,186.87903,185.17676,186.7913,186.93666,185.21625
2013-10-13,138.91179,138.18861,140.14104,139.72305,138.69759,140.33311
2013-10-14,178.91292,177.94106,176.98514,179.79767,178.90561,177.7162
2013-10-15,197.83745,196.08438,192.73837,196.96515,195.1004,191.43405
2013-10-16,191.27727,188.70273,185.59084,189.50844,187.00052,184.00385
2013-10-17,179.57498,177.06955,174.10294,180.08179,178.37149,176.44966
2013-10-18,187.09167,185.7384,184.1186,187.85774,186.42949,184.61975
2013-10-19,175.59636,174.81798,173.29567,175.07195,174.79759,173.88318
2013-10-20,84.817635,85.818184,89.60306,76.6279,76.95639,80.77505
2013-10-21,158.88696,156.10321,152.69403,156.21686,153.23276,150.05594
2013-10-22,178.16714,177.2573,176.21024,176.12791,175.39851,174.33241
2013-10-23,183.90274,182.51073,181.12096,182.856,181.47208,180.03897
2013-10-24,161.6438,161.66917,162.04425,158.90768,159.12437,159.68068
2013-10-25,144.94621,143.28896,140.8627,140.55042,138.77815,136.11609
2013-10-26,114.682816,114.47271,113.738884,120.582664,119.97041,118.3995
2013-10-27,120.53988,119.168,116.85888,123.51332,122.4073,119.99644
2013-10-28,50.56751,50.56395,50.459373,47.73501,47.86379,47.844376
2013-10-29,146.16063,146.87236,147.08888,140.71376,141.5927,142.1967
2013-10-30,159.97241,158.78862,155.92982,160.78568,159.92152,157.1952
2013-10-31,145.06725,146.46695,147.61713,140.17361,141.81944,143.58388
2013-11-01,160.33499,159.379,158.22261,159.11977,158.23961,157.05081
2013-11-02,139.05508,138.7504,138.46342,136.57541,136.8357,137.55931
2013-11-03,151.37054,150.08513,147.83516,149.94249,148.7605,146.49362
2013-11-04,58.51034,56.75743,56.279892,58.808018,56.868782,56.109356
2013-11-05,71.13929,67.35023,64.454834,70.37701,66.497955,63.319183
2013-11-06,152.21053,151.52663,149.8316,152.92755,152.40952,150.5377
2013-11-07,154.36502,152.3003,149.73248,152.93637,150.86754,148.1906
2013-11-08,99.61594,99.20285,98.59315,98.14471,98.13884,98.13969
2013-11-09,109.83095,107.99907,103.82891,107.22072,105.561646,100.989456
2013-11-10,124.80959,123.58554,119.97018,123.28028,122.17041,118.607445
2013-11-11,92.40016,89.47631,86.07575,92.40007,89.007,84.54271
2013-11-12,113.06138,113.19798,113.283295,110.466705,110.739815,110.97638
2013-11-13,115.46867,114.626816,113.232086,112.5004,111.75313,110.551895
2013-11-14,130.77934,129.92822,129.52214,132.08336,131.15947,130.14517
2013-11-15,140.81462,139.25644,136.21979,141.65053,140.45216,137.5466
2013-11-16,101.58866,101.34242,101.3033,98.72675,98.675125,98.77589
2013-11-17,120.53343,120.331055,118.782234,120.35398,120.4524,119.11356
2013-11-18,126.68095,125.92293,123.93915,128.00894,127.46099,125.52472
2013-11-19,105.63073,105.903496,105.31859,104.833885,105.34125,104.54687
2013-11-20,100.68511,100.21718,99.87549,102.32294,102.18036,101.943375
2013-11-21,66.64549,64.61025,63.109543,66.78491,64.9038,63.493435
2013-11-22,86.45741,85.41603,84.421074,90.35914,88.941284,86.9665
2013-11-23,92.72758,89.31623,83.30883,89.5225,86.371506,80.78254
2013-11-24,107.42254,106.94129,106.34721,105.72416,105.21855,104.83278
2013-11-25,108.064095,107.296295,106.45291,107.37771,106.54905,105.31618
2013-11-26,73.90533,74.82396,75.71923,72.52838,73.44427,74.292305
2013-11-27,50.052147,49.442554,48.37235,47.364323,46.875755,45.72001
2013-11-28,56.893677,55.401165,54.092762,58.746178,57.16138,55.622322
2013-11-29,108.99685,108.24968,106.91762,106.85284,105.832855,104.312836
2013-11-30,102.1994,102.001755,101.4618,101.80586,101.831215,101.13484
2013-12-01,102.60183,103.04791,102.270645,99.53407,100.22132,100.12997
2013-12-02,56.206985,56.085205,55.902435,55.38316,55.182472,54.95608
2013-12-03,103.46561,102.16228,100.69524,102.22934,101.08254,99.75785
2013-12-04,96.26892,95.55914,93.57858,95.53009,95.062294,93.21665
2013-12-05,98.362686,97.7989,96.722725,96.78151,96.308815,95.3434
2013-12-06,106.97493,105.63885,102.97584,105.699135,104.43412,102.08568
2013-12-07,94.81152,94.70485,93.959915,94.7947,94.86792,94.11378
2013-12-08,103.08721,102.13509,100.79333,101.21456,100.2521,98.89727
2013-12-09,101.071045,99.93497,98.351524,100.074066,99.17819,97.864845
2013-12-10,77.86841,76.28144,74.830734,78.06483,76.117935,74.37081
2013-12-11,62.74711,62.167126,60.902725,60.664864,60.24988,59.338196
2013-12-12,102.85916,101.15739,99.012985,100.92759,99.17747,96.963
2013-12-13,97.27165,97.04956,96.36587,94.95417,94.76211,94.043724
2013-12-14,101.49738,100.419815,99.26079,101.059715,100.07844,99.36882
2013-12-15,78.45984,76.20341,74.066284,80.09287,78.05596,76.369026
2013-12-16,106.01019,105.20284,102.9344,105.02719,104.26346,101.92475
2013-12-17,106.64994,105.91928,105.059685,105.893166,105.19697,104.18237
2013-12-18,104.07978,103.22699,101.82423,102.73828,101.92926,100.400734
2013-12-19,53.316437,51.644783,50.062313,53.741657,52.07102,50.56036
2013-12-20,106.89902,105.91885,104.77805,105.31168,104.35031,103.08224
2013-12-21,109.546715,108.99171,106.88847,107.85973,107.90984,106.73077
2013-12-22,109.73319,108.98687,107.77328,109.27703,108.653496,107.55671
2013-12-23,68.50068,68.6287,67.44394,68.74706,68.9968,67.92364
2013-12-24,94.01488,91.82898,89.16718,92.74761,90.28254,87.33989
2013-12-25,100.12278,99.08593,97.37963,98.625244,97.638145,96.03862
2013-12-26,107.17786,106.504875,103.843185,106.306564,106.09491,103.975334
2013-12-27,96.13887,95.41049,94.55092,95.791595,95.23086,94.722466
2013-12-28,61.292137,59.217648,57.1119,55.675827,53.965046,52.384525
2013-12-29,106.34792,105.06789,103.70509,104.656395,103.449844,102.05468
2013-12-30,112.81652,112.140015,111.195045,113.592,112.96166,111.93953
2013-12-31,112.78744,112.07092,111.33429,112.25834,111.57187,110.81538
2014-01-01,75.3648,75.875336,76.21371,77.328865,77.90628,78.42803
2014-01-02,70.048454,68.27624,66.74425,69.0175,67.35166,66.01932
2014-01-03,87.61907,86.64569,85.705086,87.607445,86.653534,85.841385
2014-01-04,102.60919,102.21614,102.25594,99.590416,99.124756,99.09847
2014-01-05,111.43177,110.812706,110.15449,108.98715,108.50739,108.27772
2014-01-06,116.07038,114.768524,113.74048,113.92093,112.81932,112.37712
2014-01-07,120.65423,119.45945,118.07876,118.73171,117.58592,116.2582
2014-01-08,102.08152,99.18503,96.18719,104.56786,101.776024,98.79466
2014-01-09,104.65574,100.09619,94.63498,105.566086,101.06672,95.49597
2014-01-10,127.65359,126.65157,125.43794,126.34203,125.27845,124.01957
2014-01-11,127.751656,127.66717,126.51464,127.57826,127.37599,126.079994
2014-01-12,109.120155,107.30954,104.49835,106.34897,104.53645,101.854126
2014-01-13,118.57218,118.64065,117.663864,119.766495,119.756744,118.73789
2014-01-14,85.75447,84.32615,81.85239,82.14257,80.84308,78.124084
2014-01-15,42.180172,41.900867,41.906776,41.067707,40.70422,40.623245
2014-01-16,123.34765,121.13582,117.57341,124.41567,122.20532,118.5112
2014-01-17,132.10133,131.07219,130.2075,134.16876,133.30705,132.27
2014-01-18,136.00113,134.21906,131.9992,136.3459,134.83401,133.01369
2014-01-19,87.565186,88.48763,88.76354,88.34485,89.17642,89.20553
2014-01-20,42.62348,40.555004,39.70997,42.178654,39.993423,39.183346
2014-01-21,121.04225,120.66735,119.69319,117.19403,116.631996,115.55167
2014-01-22,119.227005,118.042206,116.35964,117.71555,117.06847,116.16591
2014-01-23,83.74797,80.25724,76.51808,81.71304,78.42836,74.90956
2014-01-24,126.31281,125.80349,124.68051,122.02843,121.79107,121.39736
2014-01-25,138.87045,137.7419,136.74907,135.65117,134.76138,134.43394
2014-01-26,108.353874,108.72847,108.94429,107.06658,107.59705,107.99033
2014-01-27,61.519028,60.03189,59.196915,62.35133,60.720215,59.67192
2014-01-28,129.86649,129.37921,128.61143,127.880875,127.45149,126.89616
2014-01-29,141.00803,139.424,137.49345,137.8749,136.42467,135.02887
2014-01-30,122.59846,119.298256,113.95859,123.14613,119.95971,114.88753
2014-01-31,148.5339,145.43074,141.63446,143.61496,140.61995,137.54019
2014-02-01,142.177,140.41615,137.95819,142.29144,140.71092,138.71332
2014-02-02,163.76414,161.63144,159.048,163.31166,161.53836,159.78441
2014-02-03,166.40103,164.81781,162.4785,165.53302,164.12119,162.12437
2014-02-04,167.46742,166.083,163.79538,167.10754,165.94168,164.06184
2014-02-05,174.0454,172.4506,170.34366,173.36833,171.78072,169.78833
2014-02-06,126.56818,124.59132,122.53942,127.045,125.105774,123.17793
2014-02-07,145.51048,140.91219,137.01097,148.19292,143.86584,140.14172
2014-02-08,165.99492,162.4709,157.0027,167.47354,164.212,158.85251
2014-02-09,139.16196,134.19792,127.11889,138.70204,134.17027,127.67228
2014-02-10,174.39597,171.21849,166.72179,176.19008,173.33105,169.1687
2014-02-11,105.122055,101.446976,97.85465,113.415634,109.93477,106.53271
2014-02-12,97.82105,95.51256,92.34045,97.43577,95.2538,92.037224
2014-02-13,165.31958,163.74588,161.58615,162.55768,161.52051,160.19969
2014-02-14,170.79784,166.65369,161.42099,172.7156,168.7543,163.69699
2014-02-15,157.95752,153.62685,148.14803,161.84305,157.4385,151.80466
2014-02-16,161.02318,158.97386,157.81812,163.56647,161.65033,160.08658
2014-02-17,102.842834,100.96427,99.5663,101.37923,99.93841,98.98736
2014-02-18,141.05052,136.78983,131.09648,139.23679,134.99736,129.35286
2014-02-19,153.94078,153.08994,153.37154,151.70682,151.25604,152.27795
2014-02-20,173.49803,171.15971,168.16374,173.6529,171.25511,167.96404
2014-02-21,202.56674,200.90187,198.92627,201.69745,200.0519,198.13828
2014-02-22,117.887886,119.07147,120.36202,114.58845,115.69477,116.832985
2014-02-23,152.02823,150.32524,148.54778,151.74777,149.67911,147.82196
2014-02-24,120.53204,120.85972,120.674866,121.54447,121.5207,120.4416
2014-02-25,103.56178,99.75988,95.7713,96.72094,93.5616,90.86872
2014-02-26,141.84123,139.33134,138.88664,141.01672,138.66188,138.90321
2014-02-27,176.84789,175.74878,174.11143,171.92583,170.92715,169.7755
2014-02-28,175.38538,173.15134,170.0977,174.47263,172.61131,169.89493
2014-03-01,211.89017,210.1347,207.44272,210.45622,209.43138,207.79013
2014-03-02,161.01186,161.32668,160.92627,167.26045,167.24722,166.2
2014-03-03,190.83032,188.18892,185.77594,192.56284,190.07655,187.82372
2014-03-04,209.86618,206.13608,201.51768,212.20857,208.85056,204.73044
2014-03-05,228.35576,226.00655,223.42923,227.43802,225.47516,223.34526
2014-03-06,201.24132,200.65977,199.8742,195.44044,195.08907,194.50816
2014-03-07,156.62587,154.69185,152.37996,157.41379,155.78276,153.31839
2014-03-08,201.29529,197.41344,193.64285,204.34358,200.43199,196.41713
2014-03-09,159.65074,158.09264,157.48985,155.95628,154.52605,154.26295
2014-03-10,196.073,193.93202,190.6698,199.21161,197.45355,194.81865
2014-03-11,144.8408,145.19467,146.79169,140.85904,141.58766,143.15324
2014-03-12,168.0009,164.30858,160.72406,174.10338,170.0807,165.46895
2014-03-13,241.07503,240.18309,239.1978,239.25172,238.64249,237.87988
2014-03-14,234.75441,233.25359,231.2588,232.48685,230.97487,228.53372
2014-03-15,113.59852,110.90173,108.41254,115.62293,113.28944,111.01973
2014-03-16,168.6317,170.23128,172.16841,159.55176,161.36461,163.65903
2014-03-17,252.95857,249.88399,245.57948,252.39233,249.5754,245.43428
2014-03-18,238.67581,238.22353,237.40627,239.06303,238.69139,237.56773
2014-03-19,221.31064,222.12115,224.41245,221.23071,222.12288,223.89839
2014-03-20,220.76163,220.86418,219.92406,215.21442,215.57861,215.00931
2014-03-21,257.0955,254.73973,252.17331,255.0797,252.86432,250.21962
2014-03-22,187.73846,188.02425,187.29732,191.27248,191.66832,191.34966
2014-03-23,230.2695,227.6726,220.79124,233.28285,231.10461,224.25577
2014-03-24,239.00844,242.15717,242.099,242.41934,245.23483,244.21553
2014-03-25,215.53337,217.99808,220.49686,217.83684,220.80536,223.12836
2014-03-26,183.32147,184.19922,188.57867,189.13142,190.07938,193.68434
2014-03-27,212.34013,213.40558,215.52477,219.24156,219.89745,221.36359
2014-03-28,149.39798,147.48825,150.24583,151.45673,150.00716,153.44363
2014-03-29,185.9258,180.87332,177.73749,190.5882,185.4225,181.82666
2014-03-30,192.1242,191.4645,193.25896,191.25488,191.1258,193.96606
2014-03-31,255.74379,253.67053,250.6033,254.37424,251.81573,247.91411
2014-04-01,198.31842,195.81537,192.34238,200.50711,198.09764,194.54889
2014-04-02,162.60364,154.42442,148.53433,161.31287,152.86005,146.7373
2014-04-03,256.14557,253.95042,250.12563,255.71304,253.45023,249.16707
2014-04-04,240.0473,236.95424,233.92564,233.62494,230.52118,228.08226
2014-04-05,221.30943,224.21762,230.62106,213.83649,216.54234,223.81587
2014-04-06,250.92052,249.91994,247.67712,254.08852,252.72841,249.65617
2014-04-07,273.70822,271.09183,267.84155,277.36243,274.89877,271.85114
2014-04-08,283.093,280.80933,277.83316,280.57748,278.297,275.54376
2014-04-09,183.21356,181.54495,179.66772,172.53337,171.57657,170.6392
2014-04-10,241.6837,240.70482,240.40102,234.42776,233.93805,234.44472
2014-04-11,277.58105,275.01303,270.75333,279.4939,277.13544,273.02164
2014-04-12,130.27658,127.1785,125.862305,125.90076,122.288,121.32421
2014-04-13,249.02629,251.12584,251.04102,248.66776,250.98209,251.14172
2014-04-14,213.95796,213.72375,214.16962,214.35637,214.30112,216.25995
2014-04-15,286.56125,284.94263,282.84967,285.97256,284.51694,283.28848
2014-04-16,279.17957,280.61374,280.95816,277.2774,278.28644,279.1881
2014-04-17,203.33243,200.92897,199.02678,197.2953,194.38783,192.66344
2014-04-18,242.93776,241.9895,241.21162,234.82506,233.89523,233.69102
2014-04-19,304.99484,303.21704,299.61844,304.49542,302.58365,299.43024
2014-04-20,304.0447,302.9975,300.30334,304.8758,303.56036,301.2862
2014-04-21,185.54712,186.48334,187.3951,189.39195,190.34921,192.30244
2014-04-22,188.42603,182.44495,176.11479,193.92793,187.64558,181.77785
2014-04-23,285.3583,284.45425,283.5123,290.95474,289.47534,287.9738
2014-04-24,183.53833,182.71768,181.82072,187.84349,187.68144,188.24307
2014-04-25,168.13513,166.22191,164.62114,167.74484,165.60698,164.22853
2014-04-26,266.8557,262.4298,253.16695,258.24252,254.22708,246.17401
2014-04-27,306.16745,304.96414,301.9475,305.59958,304.10254,301.45273
2014-04-28,220.45563,219.88536,220.69029,217.7412,216.74426,217.35298
2014-04-29,255.09607,246.53783,234.77509,257.95645,249.3738,238.38174
2014-04-30,252.22116,255.83675,257.76828,246.73409,250.97769,254.55739
2014-05-01,254.1545,257.71985,258.98138,253.62903,256.94308,258.663
2014-05-02,293.68042,288.96417,281.3412,296.6409,291.827,285.27905
2014-05-03,238.63222,237.24678,234.42542,247.17725,245.14111,242.49896
2014-05-04,157.61333,152.6293,146.96452,172.82341,166.85684,160.4454
2014-05-05,306.33038,303.04062,297.8149,308.12466,304.9935,301.19357
2014-05-06,290.19925,289.2306,287.78604,288.8019,287.80746,287.86392
2014-05-07,248.41786,245.18295,242.26126,251.46681,247.55142,245.18018
2014-05-08,238.06981,238.10321,232.62286,234.25905,234.79764,230.991
2014-05-09,307.57083,308.53888,307.33386,307.50482,308.61584,308.41412
2014-05-10,327.35773,328.40018,327.9359,325.42654,325.83142,325.56137
2014-05-11,261.5916,260.81418,258.78278,264.23932,263.3163,261.7016
2014-05-12,275.99402,277.3208,277.67514,281.45993,282.05942,282.56543
2014-05-13,226.82368,226.50793,223.87076,232.9567,232.80055,231.32526
2014-05-14,276.90323,277.11636,276.01254,279.92465,279.804,279.74887
2014-05-15,250.94412,244.11034,233.05359,254.81345,247.36179,235.67041
2014-05-16,288.45282,281.75122,271.82883,290.03867,282.98715,274.01105
2014-05-17,287.93695,287.8834,287.1681,288.77115,288.93692,290.0677
2014-05-18,320.55334,320.35074,318.60345,321.79327,321.40808,320.8633
2014-05-19,322.54318,323.10104,323.66562,322.15817,322.2419,323.6685
2014-05-20,290.24234,288.66464,289.12704,286.90808,285.0682,287.16815
2014-05-21,328.84668,327.60822,325.22717,330.35208,328.6313,326.83688
2014-05-22,312.95392,314.48837,315.9446,310.79434,311.95663,314.65482
2014-05-23,251.21729,245.69342,241.24324,262.01382,255.86053,250.66017
2014-05-24,344.01004,342.57935,338.1136,350.5119,349.073,345.0953
2014-05-25,319.04437,313.2147,306.08066,327.48502,321.46515,314.90457
2014-05-26,361.09045,359.11276,353.50818,364.32507,362.21295,357.92465
2014-05-27,318.65332,312.11023,297.34335,319.41345,312.57257,298.8103
2014-05-28,331.51364,332.09543,325.24136,334.6891,334.7044,326.33066
2014-05-29,235.06195,240.30002,245.83003,232.0563,236.94699,242.9376
2014-05-30,346.20493,342.2353,335.1286,356.61398,352.56448,346.95267
2014-05-31,282.86047,277.58496,269.8352,299.92755,292.81537,283.39563
2014-06-01,227.46451,227.96748,226.44373,228.53737,228.44467,226.83173
2014-06-02,217.65062,210.12547,202.05042,223.99924,216.19434,208.52563
2014-06-03,238.21288,234.85275,232.54973,231.85965,228.207,226.87048
2014-06-04,221.03407,217.76309,215.0015,220.85153,217.42583,214.76492
2014-06-05,224.63052,222.35532,220.755,224.91681,222.46222,221.54498
2014-06-06,323.2148,324.18857,323.32367,329.4869,329.4285,328.44382
2014-06-07,310.82553,308.76508,305.13812,314.2604,311.35898,307.72964
2014-06-08,305.8581,309.28787,308.95703,318.13968,320.49655,319.38873
2014-06-09,303.18362,307.14627,306.36996,319.1963,323.1196,321.5974
2014-06-10,236.65944,238.62222,241.58763,238.05083,239.5182,242.7948
2014-06-11,309.47934,307.15894,304.55444,316.66968,313.18478,310.74094
2014-06-12,347.27423,345.6189,342.4085,351.51776,349.64212,346.681
2014-06-13,346.33475,344.9469,342.04462,354.29398,351.86057,347.6922
2014-06-14,327.9972,328.87643,328.59534,323.1782,323.81467,324.09546
2014-06-15,289.00052,288.06216,289.06897,284.5002,283.28574,284.17303
2014-06-16,254.65042,255.00888,257.10736,261.3132,260.2258,261.24088
2014-06-17,249.5547,248.60165,247.57008,252.32092,251.38551,251.64093
2014-06-18,343.0682,340.00983,332.28336,342.71432,339.05527,331.24292
2014-06-19,332.4455,329.65662,325.76776,329.2191,326.05148,322.47058
2014-06-20,281.6719,282.54245,283.35306,276.88602,277.69083,278.7174
2014-06-21,363.6386,363.06458,361.85236,368.1181,367.00537,364.83264
2014-06-22,334.6693,333.1435,329.2174,337.25058,335.47424,331.02505
2014-06-23,268.6591,269.62823,271.59018,262.7233,263.54492,265.5144
2014-06-24,275.48944,275.61447,276.76553,267.7661,267.13116,267.56693
2014-06-25,329.11227,330.09924,329.78442,333.6215,334.0947,333.29657
2014-06-26,276.94748,275.8946,273.69305,279.3494,278.30978,276.0262
2014-06-27,276.6767,271.90475,267.9469,284.33362,279.13513,274.88638
2014-06-28,349.58167,347.74094,344.32397,353.77002,351.7355,347.31577
2014-06-29,351.8863,353.02307,352.99057,352.9924,353.99524,353.65125
2014-06-30,246.36508,247.85736,255.65254,248.32892,249.6481,257.28586
2014-07-01,219.12605,223.67546,229.7796,223.37225,227.26147,231.7532
2014-07-02,288.79736,289.36905,292.0325,298.74005,299.32382,301.3585
2014-07-03,312.27463,309.5049,302.90726,320.68777,317.5945,309.5036
2014-07-04,295.05594,296.1631,295.79785,297.85718,299.18378,298.5747
2014-07-05,253.38708,258.18536,262.6251,259.62704,264.4269,267.81155
2014-07-06,224.78316,220.229,217.92906,229.4412,224.72354,222.60182
2014-07-07,306.73245,302.107,296.88983,316.5263,312.34183,306.38675
2014-07-08,274.2504,270.0922,269.15424,270.8918,266.79324,266.33646
2014-07-09,322.16718,323.5347,323.86346,327.65744,329.3757,329.63757
2014-07-10,330.51773,329.5997,327.55453,332.2964,331.11438,327.68686
2014-07-11,215.21758,214.1505,218.24622,218.65317,216.92787,219.57292
2014-07-12,290.3269,291.29187,293.25336,289.44974,289.8087,291.2589
2014-07-13,220.06136,223.6109,229.27888,217.33397,220.24426,224.81953
2014-07-14,315.53513,313.5156,310.80222,319.0998,316.9767,313.06244
2014-07-15,228.05692,222.38274,219.45392,230.57693,225.46274,221.81593
2014-07-16,320.24887,315.35767,308.553,321.84695,316.96277,309.08112
2014-07-17,309.4085,311.93155,315.49905,306.38663,309.0213,312.0729
2014-07-18,304.28854,303.34808,302.2391,303.57788,302.43033,300.11426
2014-07-19,311.99796,311.0119,309.4544,318.76544,317.62408,314.58548
2014-07-20,291.93445,293.7957,295.89487,286.42984,288.787,290.85486
2014-07-21,301.61243,301.59912,300.97617,300.049,300.62192,300.20306
2014-07-22,207.18388,206.57677,208.79666,207.99568,206.8529,208.51196
2014-07-23,285.5697,281.8051,277.9747,295.35907,291.96442,287.26147
2014-07-24,282.40143,282.46066,280.71774,282.90533,283.63614,281.6861
2014-07-25,199.88615,201.64392,203.96121,190.57512,192.03917,194.21594
2014-07-26,183.29572,184.75076,187.45076,179.5393,180.82509,183.14844
2014-07-27,213.11432,212.63019,210.98216,215.23032,214.46523,211.69086
2014-07-28,191.2578,192.73457,194.94293,192.89764,194.98866,197.75435
2014-07-29,287.14178,285.57275,282.7408,293.3544,291.47977,288.16232
2014-07-30,288.6591,290.7384,291.1277,292.2585,293.71747,293.9283
2014-07-31,300.12827,300.9979,301.68057,299.04138,299.362,299.62198
2014-08-01,306.43857,305.80093,304.82858,305.75912,305.24277,303.75552
2014-08-02,187.35587,189.71355,193.25626,190.0413,192.46597,195.55351
2014-08-03,221.85762,220.24347,218.70815,208.60184,207.38966,206.17244
2014-08-04,237.26556,241.19595,244.95111,231.18927,235.35657,239.7116
2014-08-05,201.01259,201.48164,201.4959,200.61041,200.9095,200.0196
2014-08-06,289.9842,288.83304,287.12003,297.8366,296.74008,294.62112
2014-08-07,203.18575,201.68263,200.59789,208.12642,206.44005,204.92635
2014-08-08,249.47281,244.19138,239.6083,258.14224,252.94656,246.86317
2014-08-09,282.0521,282.80182,281.1315,278.12598,279.91705,278.62067
2014-08-10,266.65924,267.5052,267.41306,264.01083,264.85147,264.37604
2014-08-11,274.65576,273.082,271.26187,272.9819,271.59726,269.89474
2014-08-12,278.49274,278.16656,277.96054,280.6826,280.51083,280.04974
2014-08-13,283.59503,282.63763,281.3003,282.04425,280.9615,279.09766
2014-08-14,269.15906,268.23914,266.8078,271.80283,270.93262,269.32593
2014-08-15,258.7244,257.42535,256.8017,255.48695,253.6742,252.7947
2014-08-16,278.92184,278.10675,277.03934,279.6137,278.91162,277.6165
2014-08-17,277.44162,276.7623,275.37204,278.36676,277.94177,276.5144
2014-08-18,246.44019,247.82274,248.3384,242.76358,244.11592,244.51985
2014-08-19,227.00162,222.78436,217.5834,240.38866,236.20564,229.83029
2014-08-20,249.26323,242.02469,231.55692,255.9168,248.88586,237.86435
2014-08-21,287.99036,287.6684,286.0739,286.58682,286.9636,286.1707
2014-08-22,296.62653,295.58493,294.44077,296.2577,295.30484,294.2964
2014-08-23,291.97394,290.98538,289.7254,291.82816,290.88184,289.6104
2014-08-24,285.47754,284.44226,283.47308,287.24945,286.21646,284.93442
2014-08-25,269.55154,269.5373,269.50046,269.26404,269.2095,268.95938
2014-08-26,250.68745,250.81517,251.06033,247.03668,247.34882,247.95212
2014-08-27,247.40962,245.99454,243.88092,246.79282,245.34723,243.08072
2014-08-28,183.82912,184.16028,185.07956,178.92912,178.7211,179.60968
2014-08-29,276.08774,273.75427,270.2451,278.37488,276.74146,274.31348
2014-08-30,212.45638,208.68547,203.72202,227.54773,223.43523,218.39502
2014-08-31,147.86739,146.17711,145.389,146.99706,144.38057,142.72714
2014-09-01,214.50587,212.19823,209.84027,222.63515,220.51454,217.74007
2014-09-02,188.78114,184.66447,179.57166,176.32266,172.87968,169.64537
2014-09-03,250.54128,247.39897,242.89903,252.41232,249.54979,245.37642
2014-09-04,257.82376,256.40048,254.16673,255.55334,254.04454,251.86623
2014-09-05,248.7555,247.25203,245.22409,248.94049,247.21666,244.90791
2014-09-06,258.66727,257.82324,256.26553,259.0375,257.87546,256.43555
2014-09-07,255.0592,252.67194,247.48952,254.63281,252.46913,247.75168
2014-09-08,206.0487,206.06065,205.7393,203.44992,203.47632,203.61578
2014-09-09,220.65977,219.73512,218.11789,220.959,220.13351,219.20728
2014-09-10,205.40334,203.67908,200.1399,207.1511,205.66998,202.09143
2014-09-11,189.87404,188.40248,187.39882,188.65663,187.01202,186.21295
2014-09-12,205.791,203.53075,200.76323,204.16379,201.87003,199.58577
2014-09-13,222.84233,221.61559,218.72792,222.36671,221.06769,218.49823
2014-09-14,178.78152,181.38908,184.1649,187.60374,190.2524,192.00183
2014-09-15,187.41624,184.79144,180.96889,198.36678,195.68578,190.38652
2014-09-16,225.34402,224.98814,222.37917,225.68538,225.57803,222.78224
2014-09-17,226.4572,225.40361,224.37946,225.57648,224.60286,223.69014
2014-09-18,201.80276,195.53645,187.65164,207.42097,201.52249,193.43985
2014-09-19,139.86191,139.46608,144.62267,140.27502,139.83765,146.05986
2014-09-20,158.03792,157.26445,159.56306,164.08794,163.77429,165.33264
2014-09-21,231.07777,228.22899,223.7538,228.9127,226.4482,222.84753
2014-09-22,227.22832,225.23962,222.4824,229.6109,227.34718,224.00356
2014-09-23,230.27661,229.05269,226.85654,230.3382,229.04446,227.08543
2014-09-24,217.39212,214.46178,210.75294,220.20697,217.15794,213.07716
2014-09-25,174.14922,173.21883,171.49849,182.74356,181.55832,179.18353
2014-09-26,117.93951,116.66589,114.31454,108.14776,107.079475,104.92971
2014-09-27,189.13983,187.7061,184.49434,188.5659,187.32536,184.22427
2014-09-28,216.19556,213.80524,211.17603,214.57698,212.05788,209.53354
2014-09-29,221.63487,220.00212,217.82169,220.23932,218.70422,216.71143
2014-09-30,191.25427,190.83772,190.76686,189.20987,188.9708,189.235
2014-10-01,159.00375,160.43924,161.75534,152.8726,154.64816,156.40874
2014-10-02,167.18054,165.72415,161.93332,167.95163,166.0483,161.4853
2014-10-03,194.78413,192.70355,190.57816,193.30437,191.15492,188.90076
2014-10-04,162.2971,163.08975,161.3572,159.31787,160.52823,159.70412
2014-10-05,211.99547,210.23798,207.85405,211.02019,209.35822,207.16632
2014-10-06,209.16415,208.00127,206.00746,208.30844,207.29778,205.31915
2014-10-07,207.49599,205.55945,202.67474,205.66348,203.70694,200.66373
2014-10-08,202.4995,200.61261,198.22383,201.55713,199.96445,198.07037
2014-10-09,204.103,202.34106,200.21199,203.53633,201.82205,199.69786
2014-10-10,200.42978,198.22307,195.17786,200.05043,197.91142,194.89665
2014-10-11,161.3336,159.19142,159.12166,157.42558,155.08102,155.62317
2014-10-12,103.62773,105.19062,109.794136,102.82911,103.895226,108.18498
2014-10-13,175.44585,170.52248,164.77266,183.49678,178.77693,172.61926
2014-10-14,155.3137,150.8091,146.92776,164.98131,160.55606,156.20438
2014-10-15,140.02629,138.3461,137.38531,142.13084,140.06473,138.27498
2014-10-16,159.02788,156.70198,154.50899,159.25734,156.9289,154.71877
2014-10-17,185.23483,183.84602,182.5966,182.3816,181.15707,180.07791
2014-10-18,137.07068,138.18513,138.6457,130.2278,131.56252,132.12828
2014-10-19,128.13681,127.59172,126.53018,124.82238,124.557976,123.376465
2014-10-20,193.53726,191.31793,188.16461,193.30023,191.40013,188.61505
2014-10-21,179.87297,176.59615,171.38144,179.93567,177.064,172.22725
2014-10-22,180.18176,179.47974,177.16608,180.54199,180.16441,177.77455
2014-10-23,162.57166,162.67659,162.77234,160.372,160.46454,160.51268
2014-10-24,170.37076,168.75037,167.41347,169.47807,168.01471,166.64998
2014-10-25,162.00804,160.70317,159.04948,162.06645,160.76082,158.66731
2014-10-26,137.78798,136.43596,134.14455,141.08348,139.91728,137.20012
2014-10-27,146.93793,145.239,143.51277,143.03203,140.98524,139.12282
2014-10-28,156.42773,156.27782,155.25429,155.1588,155.09135,154.32549
2014-10-29,164.38326,162.73587,161.01207,162.631,161.104,159.49104
2014-10-30,134.78658,134.10463,132.8818,134.12247,133.39154,131.85573
2014-10-31,157.01558,153.78564,149.07932,158.26738,155.14276,150.19688
2014-11-01,162.84077,161.45842,160.28104,161.48366,160.22285,159.18797
2014-11-02,116.57525,116.86576,116.19923,115.08334,115.76227,115.49692
2014-11-03,146.20218,144.4091,141.01987,144.07323,142.58897,139.56248
2014-11-04,119.54425,116.245346,112.98754,123.11799,119.490295,115.05996
2014-11-05,123.834564,122.00082,119.484955,128.77438,126.930336,123.91332
2014-11-06,111.03729,106.95092,101.10944,113.18089,108.892815,102.58462
2014-11-07,121.37749,120.795906,119.92057,116.83585,116.30732,115.810814
2014-11-08,144.60532,143.20891,141.77289,142.53104,141.00165,139.38428
2014-11-09,153.5573,151.85338,149.70322,152.69269,151.0468,148.9008
2014-11-10,115.691345,116.45878,115.85764,117.18446,117.626114,116.305824
2014-11-11,94.23966,93.98429,93.53756,98.074814,97.553314,96.60569
2014-11-12,108.81596,109.2267,108.000145,104.74177,105.621414,104.65805
2014-11-13,117.621475,118.42645,118.66969,113.14728,113.652466,114.05738
2014-11-14,114.516594,114.009384,114.80695,113.240265,112.72496,113.54237
2014-11-15,119.99438,117.68343,115.97496,118.99065,116.82425,115.32169
2014-11-16,89.385704,86.730576,85.2555,90.20957,87.4789,85.77687
2014-11-17,89.77175,88.450874,87.45113,92.46082,90.973885,89.612976
2014-11-18,109.831726,108.07119,106.01897,112.135895,110.2868,108.13604
2014-11-19,93.36851,94.35801,94.740456,91.999825,92.9064,93.18913
2014-11-20,107.84297,105.66519,103.9739,108.18938,105.915054,103.33796
2014-11-21,85.624214,85.11212,84.94271,83.4139,82.865776,82.63799
2014-11-22,77.41247,77.849945,77.90651,74.266075,74.655716,74.43816
2014-11-23,41.19265,40.41352,40.208157,38.97145,38.097916,37.887695
2014-11-24,64.02055,65.29198,67.02306,63.099148,64.38762,66.24352
2014-11-25,93.68739,94.01038,92.99161,96.52072,96.9866,95.94162
2014-11-26,112.384766,110.224464,106.10214,112.31264,110.647194,106.81582
2014-11-27,110.55032,109.447266,108.27623,110.01328,108.88174,107.498344
2014-11-28,87.53814,87.39196,87.044174,82.723305,82.75828,82.5729
2014-11-29,103.666794,101.80828,98.7583,103.67887,101.85666,98.73027
2014-11-30,114.306114,112.92381,110.842636,113.85144,112.565254,110.42163
2014-12-01,97.794365,97.51569,97.71855,94.864006,94.81176,95.29631
2014-12-02,114.653656,114.046196,113.23,114.70545,114.19811,113.34281
2014-12-03,61.003372,61.533993,62.181202,58.27955,58.778683,59.486237
2014-12-04,96.57014,96.7278,96.79464,96.36301,96.87061,97.15743
2014-12-05,65.15625,65.96568,66.80013,63.639767,64.663315,65.73494
2014-12-06,83.51022,80.30252,77.509155,80.909134,77.35231,74.26818
2014-12-07,93.583496,92.621376,90.05948,92.839,91.903275,89.12987
2014-12-08,82.80903,83.34633,83.95087,84.62359,85.11372,85.39193
2014-12-09,83.17082,81.41589,78.82015,78.95643,77.11129,74.39139
2014-12-10,91.03769,90.20538,89.72736,87.527504,86.80965,86.67094
2014-12-11,107.91985,106.736176,104.81348,107.397934,106.35113,104.49425
2014-12-12,94.89911,92.79109,89.99733,96.95279,94.83773,91.599045
2014-12-13,80.07625,77.222946,74.51124,80.45406,77.44083,74.21263
2014-12-14,62.173378,61.975903,61.433056,60.173237,60.001507,59.659397
2014-12-15,94.42701,93.40554,91.55693,93.41502,92.77383,91.10948
2014-12-16,103.576454,103.2222,102.22398,101.38801,101.30425,100.47977
2014-12-17,102.155075,101.12489,100.364006,100.849655,99.85253,99.07974
2014-12-18,102.741104,100.8714,97.967636,101.728546,100.243904,97.8806
2014-12-19,44.549656,43.99241,43.59145,45.0385,44.349346,43.728947
2014-12-20,92.51974,90.91522,88.27566,91.85435,90.40764,87.809425
2014-12-21,107.64927,106.1757,104.15474,106.43634,105.145676,103.46348
2014-12-22,101.397896,100.3828,99.54647,101.27536,100.25049,99.28959
2014-12-23,92.84362,91.16967,88.978645,95.804985,94.20735,91.92781
2014-12-24,112.96798,111.90088,110.61673,112.54925,111.67653,110.61283
2014-12-25,96.16761,94.626595,92.44125,94.447105,93.0104,90.83575
2014-12-26,93.328636,92.51285,91.06971,92.34447,91.93464,90.95644
2014-12-27,96.89283,95.01252,92.95171,97.34498,95.46325,93.20072
2014-12-28,55.723362,56.407528,56.5559,55.864277,56.422825,56.190254
2014-12-29,104.28525,102.9698,100.3462,102.778564,101.6141,99.00569
2014-12-30,110.1051,109.21339,107.87329,108.2782,107.38544,105.90586
2014-12-31,114.44907,113.27766,111.907364,114.82287,113.68324,112.182396
