,"(42.125, -75.125)","(42.125, -74.875)","(42.125, -74.625)","(42.375, -75.125)","(42.375, -74.875)","(42.375, -74.625)"
1990-01-01,273.15167,272.97845,272.3665,273.46808,273.22122,272.76984
1990-01-02,274.3602,274.00854,273.21625,274.8052,274.35522,273.69885
1990-01-03,274.69696,274.61505,274.0905,274.67435,274.45294,274.0233
1990-01-04,272.80356,272.69888,272.14957,272.61118,272.42697,272.03262
1990-01-05,271.0351,270.8777,270.27356,270.8432,270.6059,270.15652
1990-01-06,269.17007,268.9406,268.26233,269.0246,268.71225,268.18594
1990-01-07,268.10593,267.97327,267.38962,268.00317,267.7748,267.33044
1990-01-08,266.56992,266.3724,265.7218,266.43744,266.1391,265.62292
1990-01-09,271.39557,271.08597,270.32108,271.6029,271.18878,270.55487
1990-01-10,270.49472,270.16644,269.3807,270.6958,270.25916,269.60077
1990-01-11,265.5981,265.45746,264.85727,265.5406,265.29465,264.82507
1990-01-12,271.7366,271.47568,270.75296,271.42123,271.02557,270.4044
1990-01-13,270.522,270.39767,269.80942,270.51126,270.2451,269.75153
1990-01-14,262.13638,261.9565,261.3106,261.71683,261.3865,260.82697
1990-01-15,265.613,265.47235,264.86353,265.33835,265.06287,264.55634
1990-01-16,264.94595,264.9111,264.40607,264.86746,264.71066,264.3211
1990-01-17,264.32568,264.2447,263.6915,264.59247,264.43076,264.0346
1990-01-18,268.1238,267.97092,267.3438,268.17462,267.91342,267.41614
1990-01-19,267.3219,267.19998,266.6019,267.34445,267.11053,266.6389
1990-01-20,267.80496,267.37436,266.46576,267.40353,266.8065,265.97015
1990-01-21,274.68228,274.59915,274.0362,274.68616,274.46902,274.0111
1990-01-22,276.83795,276.9055,276.4914,276.78394,276.78766,276.5492
1990-01-23,273.96158,274.13428,273.82376,274.04565,274.18454,274.07993
1990-01-24,265.64877,265.54816,264.96274,265.42834,265.19348,264.7138
1990-01-25,267.03802,267.06436,266.6043,266.97394,266.8218,266.42377
1990-01-26,273.53482,273.8267,273.63086,273.36154,273.5828,273.55707
1990-01-27,268.74094,268.76117,268.29236,268.6203,268.504,268.13968
1990-01-28,270.9126,270.72342,270.04395,270.81885,270.50275,269.93774
1990-01-29,273.11053,273.13873,272.6755,273.429,273.32263,272.96652
1990-01-30,271.06058,271.1599,270.7668,271.2948,271.2781,271.011
1990-01-31,266.53192,266.61197,266.19873,266.63504,266.6131,266.34018
1990-02-01,276.0598,276.13602,275.71805,276.14594,276.08002,275.7626
1990-02-02,282.59573,282.57318,282.05585,282.6622,282.5715,282.22894
1990-02-03,268.45026,269.11496,269.28427,268.4902,269.0646,269.38678
1990-02-04,261.16867,261.17078,260.67715,260.5911,260.45984,260.07626
1990-02-05,261.81244,261.7672,261.22595,261.80286,261.61417,261.17307
1990-02-06,261.0659,261.01196,260.46185,260.79868,260.61157,260.17212
1990-02-07,260.69315,260.5684,259.9474,260.50543,260.226,259.69446
1990-02-08,263.1592,263.14096,262.62653,263.219,263.08752,262.70425
1990-02-09,264.71216,264.7057,264.20322,264.7855,264.65732,264.27765
1990-02-10,268.1286,268.08896,267.55362,268.04358,267.86755,267.44058
1990-02-11,264.99524,264.95145,264.4124,264.8391,264.66235,264.23532
1990-02-12,269.13092,269.11356,268.60153,269.11682,268.9784,268.59042
1990-02-13,271.40146,271.26276,270.63007,271.40442,271.15213,270.65112
1990-02-14,273.33853,273.31097,272.79022,273.23965,273.0823,272.67715
1990-02-15,271.6479,271.6314,271.12268,271.55807,271.4151,271.0254
1990-02-16,266.8517,266.93454,266.5261,266.6547,266.56873,266.23715
1990-02-17,271.05682,271.05383,270.56073,270.7975,270.68625,270.3307
1990-02-18,270.8909,270.84265,270.30554,270.7494,270.57693,270.16144
1990-02-19,272.62967,272.48657,271.8559,272.50577,272.23892,271.73047
1990-02-20,275.5189,275.32852,274.65204,275.78366,275.45187,274.88004
1990-02-21,273.19968,272.7185,271.7527,273.34387,272.7688,271.95526
1990-02-22,272.0558,271.86423,271.1896,271.89255,271.5799,271.0304
1990-02-23,278.50967,278.55334,278.1156,278.42337,278.34088,278.0233
1990-02-24,276.00226,275.97446,275.46698,275.82642,275.67374,275.2878
1990-02-25,273.73425,273.75296,273.29382,273.78424,273.66977,273.3239
1990-02-26,276.63303,276.5922,276.07535,276.80298,276.64575,276.259
1990-02-27,275.48776,275.37552,274.7892,275.90463,275.66544,275.19867
1990-02-28,276.37717,275.92368,274.99808,276.09903,275.5901,274.8556
1990-03-01,277.6849,276.85562,275.5562,277.9175,276.97424,275.80746
1990-03-02,276.3741,275.99033,275.13846,276.46103,275.91888,275.15533
1990-03-03,270.80103,270.7822,270.29727,270.64093,270.48843,270.1166
1990-03-04,270.9102,270.8009,270.2276,270.77795,270.5647,270.13422
1990-03-05,272.06564,271.9197,271.31174,271.82733,271.56955,271.09662
1990-03-06,269.75833,269.61142,269.00455,269.47717,269.21118,268.7322
1990-03-07,271.1362,270.85233,270.1105,270.9174,270.50467,269.88104
1990-03-08,273.3805,273.1351,272.43387,273.6759,273.29413,272.70352
1990-03-09,277.35562,277.50085,277.19217,277.0459,277.06775,276.8829
1990-03-10,273.84238,273.76453,273.2348,273.42087,273.22873,272.83194
1990-03-11,270.74597,270.92682,270.65768,270.43353,270.4946,270.35303
1990-03-12,275.7991,275.3401,274.43295,275.8284,275.2745,274.52
1990-03-13,274.69586,274.44302,273.74396,274.98087,274.58978,273.99997
1990-03-14,274.22736,274.01672,273.36157,274.33646,273.94962,273.36594
1990-03-15,278.5959,278.28055,277.5224,278.60028,278.15692,277.51852
1990-03-16,284.82645,284.46835,283.669,285.18015,284.72607,284.07877
1990-03-17,285.9428,286.09097,285.79944,285.463,285.5634,285.4722
1990-03-18,283.10376,283.13843,282.73495,282.3824,282.36203,282.15167
1990-03-19,277.77155,277.63187,277.05533,277.3193,277.0083,276.50894
1990-03-20,280.9551,280.70285,280.01505,280.88672,280.55295,280.0323
1990-03-21,283.99475,283.71225,282.9954,283.87155,283.5199,282.98267
1990-03-22,289.01175,288.85324,288.2614,288.9361,288.73114,288.34186
1990-03-23,290.5863,290.57208,290.12555,290.78677,290.6936,290.41736
1990-03-24,284.3207,284.30762,283.86307,284.31378,284.22583,283.95587
1990-03-25,274.37012,274.51184,274.22287,273.7708,273.7886,273.62543
1990-03-26,268.60703,268.5862,268.13525,268.44244,268.28,267.9374
1990-03-27,268.9808,268.8138,268.21722,268.65466,268.36182,267.88965
1990-03-28,270.97064,270.73343,270.06693,270.43332,270.058,269.504
1990-03-29,273.6852,273.3279,272.54163,273.26218,272.76514,272.0899
1990-03-30,279.9126,279.41125,278.48108,278.75912,278.22714,277.51743
1990-03-31,280.13074,280.3516,280.14365,279.55722,279.65698,279.57938
1990-04-01,278.94455,279.1487,278.9239,278.46997,278.53604,278.42493
1990-04-02,277.5131,277.41153,276.88083,277.44016,277.1886,276.75998
1990-04-03,274.2003,274.17584,273.7219,273.9971,273.8497,273.5252
1990-04-04,280.28506,280.11154,279.50803,279.48187,279.15726,278.6555
1990-04-05,279.23108,279.1536,278.6456,278.49536,278.283,277.89328
1990-04-06,273.3841,272.9932,272.1711,273.19543,272.70773,272.0423
1990-04-07,285.93945,285.4381,284.50476,285.45575,284.82883,284.02377
1990-04-08,284.76538,284.4022,283.60602,284.50754,284.03827,283.39032
1990-04-09,284.51398,284.15005,283.3522,284.46976,284.00626,283.3635
1990-04-10,289.80325,289.71365,289.1891,288.98926,288.7303,288.2913
1990-04-11,289.1045,289.06992,288.59912,289.01495,288.86374,288.5317
1990-04-12,287.49506,287.19113,286.4497,287.4076,286.9601,286.33087
1990-04-13,285.34128,285.31802,284.85587,285.51907,285.36136,285.02097
1990-04-14,287.65775,287.3542,286.6103,287.312,286.9024,286.30905
1990-04-15,286.46295,286.427,285.94925,286.10742,285.9641,285.63602
1990-04-16,281.3839,281.56168,281.29608,281.182,281.23163,281.09528
1990-04-17,277.31778,277.27182,276.78088,276.9007,276.71527,276.34262
1990-04-18,278.78973,278.72986,278.2233,278.4982,278.27863,277.8705
1990-04-19,282.3524,282.42636,282.05194,282.54318,282.4847,282.23648
1990-04-20,283.84216,283.6636,283.03488,284.04697,283.74655,283.255
1990-04-21,285.1876,284.74945,283.8594,285.3321,284.7702,284.01575
1990-04-22,283.1565,282.72058,281.83096,283.27936,282.6725,281.87164
1990-04-23,287.5669,287.21362,286.40482,287.37183,286.85693,286.14664
1990-04-24,291.46182,291.4436,290.96805,291.58932,291.45566,291.1252
1990-04-25,289.48947,289.4635,288.97842,289.62088,289.453,289.08682
1990-04-26,288.8592,288.68494,288.04984,289.39786,289.13303,288.66855
1990-04-27,284.019,283.75827,283.0349,284.89078,284.47968,283.86746
1990-04-28,290.24924,289.97873,289.24387,290.61786,290.23654,289.65274
1990-04-29,293.0584,292.98328,292.44214,293.25186,293.0617,292.66763
1990-04-30,287.79825,287.6596,287.05322,287.90442,287.64606,287.18246
1990-05-01,287.7554,287.73935,287.2539,287.51874,287.3828,287.04034
1990-05-02,290.5292,290.41467,289.82925,290.3936,290.16202,289.72263
1990-05-03,289.26495,289.24033,288.7434,289.62952,289.44406,289.04965
1990-05-04,285.5923,285.23004,284.394,285.5724,285.02228,284.262
1990-05-05,288.01965,287.86972,287.2447,288.07114,287.7633,287.24423
1990-05-06,288.145,287.98544,287.3496,288.18964,287.8767,287.3515
1990-05-07,285.45712,285.39035,284.84613,285.25293,285.05264,284.6392
1990-05-08,286.6312,286.5119,285.91412,286.44458,286.19424,285.72995
1990-05-09,287.60544,287.39957,286.7142,287.3845,287.0445,286.48975
1990-05-10,290.25415,290.1052,289.4759,290.26932,289.98093,289.4771
1990-05-11,287.2443,287.06265,286.4,287.21582,286.88055,286.32928
1990-05-12,287.21582,286.8021,285.9067,286.84778,286.2459,285.4276
1990-05-13,285.92984,285.47806,284.54404,285.69748,285.0601,284.20593
1990-05-14,284.04044,283.9272,283.33136,283.7191,283.4404,282.9447
1990-05-15,289.82025,289.71335,289.1236,289.95172,289.70026,289.23166
1990-05-16,294.82718,294.55377,293.79745,294.96793,294.56326,293.94144
1990-05-17,299.68765,299.64612,299.12164,299.94592,299.78394,299.40494
1990-05-18,297.78018,297.64526,297.02756,297.60086,297.3293,296.84094
1990-05-19,300.16895,300.07446,299.49744,300.33737,300.12228,299.69064
1990-05-20,300.36176,300.20444,299.565,300.96942,300.6586,300.13174
1990-05-21,295.8638,295.88046,295.41547,296.63904,296.57352,296.29257
1990-05-22,294.31134,293.85123,292.91006,294.5481,293.96307,293.16333
1990-05-23,291.28815,290.89426,290.02014,291.4295,290.90106,290.15875
1990-05-24,294.74124,294.46704,293.71356,294.84787,294.4815,293.90225
1990-05-25,293.36545,293.18582,292.5279,292.9033,292.59128,292.0674
1990-05-26,290.77176,290.66272,290.07657,290.75027,290.512,290.06302
1990-05-27,299.6311,299.26816,298.4294,299.84448,299.37335,298.69287
1990-05-28,299.22443,299.02573,298.3526,298.35516,298.06808,297.57306
1990-05-29,295.12158,295.0487,294.50287,294.8704,294.72452,294.37222
1990-05-30,293.13348,292.7405,291.87622,293.14725,292.63354,291.91504
1990-05-31,296.13626,296.28488,295.96396,295.8761,295.91833,295.75748
1990-06-01,293.68365,293.5464,292.9414,293.27698,293.01453,292.55084
1990-06-02,295.0221,294.92416,294.36047,294.6579,294.4396,294.02197
1990-06-03,293.58667,293.41138,292.77234,293.9504,293.6119,293.0761
1990-06-04,291.05658,291.09674,290.6753,291.39017,291.21753,290.84973
1990-06-05,295.54233,295.42725,294.8527,295.80362,295.53006,295.0635
1990-06-06,296.29437,295.96976,295.1879,296.8783,296.40448,295.73987
1990-06-07,298.12393,297.80798,297.0372,298.73932,298.29935,297.6709
1990-06-08,302.26715,302.032,301.3444,302.67667,302.31873,301.77475
1990-06-09,301.2508,300.85236,300.00388,301.39423,300.8662,300.15457
1990-06-10,304.72662,304.40588,303.63757,304.85526,304.41492,303.79343
1990-06-11,306.386,306.12326,305.41553,306.75287,306.3593,305.78708
1990-06-12,304.32126,304.16898,303.57422,304.7708,304.44247,303.93805
1990-06-13,298.9126,298.70303,298.0536,299.147,298.7783,298.23608
1990-06-14,293.75555,293.67896,293.16504,293.45267,293.2363,292.849
1990-06-15,293.6345,293.4276,292.78604,293.50607,293.15527,292.63614
1990-06-16,294.72018,294.53244,293.91263,294.91342,294.55588,294.0326
1990-06-17,295.41858,295.3669,294.88574,295.77188,295.55304,295.17102
1990-06-18,300.12988,299.61426,298.67175,299.81754,299.15466,298.33127
1990-06-19,304.20282,304.0751,303.52313,303.7948,303.54642,303.1401
1990-06-20,299.06412,298.91544,298.345,298.60434,298.29126,297.8228
1990-06-21,301.92883,301.86713,301.38617,301.83847,301.6809,301.3705
1990-06-22,300.86395,300.91342,300.54614,300.63004,300.55032,300.3202
1990-06-23,298.38696,298.24765,297.69403,297.93433,297.67392,297.2655
1990-06-24,297.94812,297.78046,297.2009,297.2343,296.95767,296.53546
1990-06-25,297.86832,297.68005,297.08215,297.35822,297.03842,296.57538
1990-06-26,298.03253,297.82846,297.21704,297.4609,297.11682,296.6318
1990-06-27,298.2405,298.09637,297.54715,297.8765,297.6051,297.19492
1990-06-28,296.7417,296.7059,296.26715,296.75385,296.52664,296.16278
1990-06-29,293.08246,293.03674,292.5901,293.16605,292.9112,292.5217
1990-06-30,289.98254,289.84473,289.3079,290.0197,289.72098,289.28955
1990-07-01,294.1016,293.70944,292.92017,294.297,293.7433,293.05878
1990-07-02,302.93127,302.65268,301.9787,303.35464,302.95804,302.43246
1990-07-03,299.8626,299.65662,299.05695,300.11545,299.75824,299.27365
1990-07-04,303.117,302.9504,302.3917,303.05957,302.75055,302.31577
1990-07-05,306.47104,306.1306,305.39957,306.7763,306.28796,305.67526
1990-07-06,307.16846,307.00488,306.4521,307.28418,307.01724,306.62732
1990-07-07,306.04156,305.92322,305.41693,306.4909,306.23135,305.8501
1990-07-08,307.46307,307.2314,306.61298,307.31558,306.90488,306.3736
1990-07-09,306.59558,306.45627,305.9312,306.25964,305.96323,305.54715
1990-07-10,304.74796,304.67514,304.2175,304.46375,304.28738,303.99234
1990-07-11,306.9813,307.34705,307.32883,307.56686,307.78995,307.89502
1990-07-12,300.1136,300.23697,299.97708,300.07303,300.0612,299.93207
1990-07-13,298.0917,298.17194,297.86957,297.90836,297.81735,297.6095
1990-07-14,302.12585,301.93103,301.3541,301.8818,301.51407,301.02994
1990-07-15,302.19943,302.01965,301.45813,301.3884,301.05283,300.60114
1990-07-16,306.4691,306.34293,305.8353,306.73395,306.50995,306.16998
1990-07-17,301.6749,301.95853,301.8609,301.87982,302.01035,302.0249
1990-07-18,305.43985,305.36633,304.91165,305.15167,304.93402,304.6003
1990-07-19,305.46942,305.9107,305.97067,305.51016,305.77917,305.93192
1990-07-20,304.90634,305.0286,304.7695,305.07346,305.03778,304.8856
1990-07-21,305.84952,305.8705,305.50986,305.36307,305.22806,304.97604
1990-07-22,299.93796,299.78348,299.247,299.6398,299.35892,298.96054
1990-07-23,299.8669,299.73456,299.21973,300.20264,299.91183,299.50296
1990-07-24,303.5996,303.28342,302.5843,303.77405,303.32193,302.75095
1990-07-25,304.24023,304.23148,303.8392,304.07098,303.94308,303.69543
1990-07-26,305.69537,305.54324,305.00693,305.2733,304.96384,304.53372
1990-07-27,305.45993,305.55624,305.2676,305.1895,305.18167,305.05212
1990-07-28,307.59705,307.61075,307.23865,307.77277,307.611,307.32642
1990-07-29,303.99588,304.0834,303.78427,303.36972,303.3356,303.1775
1990-07-30,305.4838,305.5724,305.2733,304.9545,304.916,304.75223
1990-07-31,299.9759,300.02625,299.6879,299.84686,299.73135,299.48917
1990-08-01,296.05606,295.90982,295.37378,295.7736,295.46637,295.03107
1990-08-02,302.44034,302.12125,301.41122,302.80817,302.3384,301.73914
1990-08-03,305.7579,305.72192,305.2938,306.2213,306.08438,305.8163
1990-08-04,304.59564,304.75775,304.5265,304.42688,304.51746,304.4753
1990-08-05,304.1568,304.2481,303.94473,303.7205,303.76718,303.6795
1990-08-06,302.76633,303.01498,302.86774,302.42422,302.5543,302.54834
1990-08-07,307.64142,307.54755,307.0564,307.5468,307.40216,307.1197
1990-08-08,307.71964,307.85007,307.58182,307.2794,307.4087,307.3984
1990-08-09,307.29614,307.38693,307.07767,307.02478,307.10678,307.04742
1990-08-10,301.46036,301.51376,301.16565,301.28094,301.256,301.08792
1990-08-11,300.6948,300.8381,300.5785,300.2325,300.27722,300.17694
1990-08-12,296.61084,296.54803,296.08087,296.28787,296.10413,295.77353
1990-08-13,295.98367,295.8841,295.37872,295.61136,295.36673,294.97336
1990-08-14,299.77917,299.91354,299.6407,299.08987,299.16946,299.09848
1990-08-15,304.47272,304.47748,304.07367,304.10916,304.00534,303.74908
1990-08-16,300.94824,300.849,300.33972,300.69183,300.55426,300.26248
1990-08-17,297.88712,298.1441,297.98962,297.61295,297.74756,297.72604
1990-08-18,296.53198,296.7427,296.54056,296.34427,296.41016,296.31808
1990-08-19,298.9328,298.9653,298.58356,298.78177,298.6916,298.4417
1990-08-20,301.26373,301.18298,300.68652,301.39014,301.23352,300.91544
1990-08-21,301.88028,301.6848,301.07233,301.70178,301.43005,300.99506
1990-08-22,300.02417,300.22717,300.0118,300.69235,300.80984,300.76236
1990-08-23,300.0853,300.3174,300.1299,299.91647,300.07355,300.064
1990-08-24,296.09015,295.975,295.439,296.00867,295.74945,295.322
1990-08-25,295.78302,295.7371,295.26898,295.83237,295.6758,295.34943
1990-08-26,298.52,298.43674,297.9301,298.51654,298.33038,297.9728
1990-08-27,298.60248,298.40955,297.79205,298.5766,298.28488,297.8202
1990-08-28,296.72592,296.72055,296.2895,296.42432,296.26898,295.9392
1990-08-29,298.08282,298.11093,297.71222,297.98947,297.8743,297.58328
1990-08-30,297.4076,297.81503,297.7945,297.1409,297.347,297.3759
1990-08-31,297.91022,298.21472,298.09024,297.9153,298.0952,298.09662
1990-09-01,295.90414,295.82068,295.3072,295.91098,295.6955,295.30026
1990-09-02,295.74857,295.75674,295.33392,296.01068,295.8788,295.56604
1990-09-03,294.1723,294.17267,293.74112,293.9515,293.8746,293.6157
1990-09-04,292.87277,292.8033,292.30103,292.6159,292.43744,292.07578
1990-09-05,291.6332,291.37036,290.6738,291.67484,291.2792,290.69937
1990-09-06,293.92725,293.7729,293.18402,294.1953,293.89627,293.4121
1990-09-07,295.9911,295.96716,295.5079,296.48074,296.30542,295.94406
1990-09-08,292.34824,292.25125,291.71817,293.3298,293.1063,292.69592
1990-09-09,297.5625,297.02356,296.04776,297.92126,297.29605,296.48312
1990-09-10,297.8911,297.55496,296.78134,298.51843,298.0747,297.44254
1990-09-11,297.55212,297.32358,296.65683,298.15042,297.84488,297.3503
1990-09-12,300.05334,299.7774,299.06265,300.53937,300.17502,299.62097
1990-09-13,296.9984,297.0298,296.62173,297.00897,296.8843,296.56937
1990-09-14,296.70108,296.63306,296.12503,296.94952,296.78757,296.43484
1990-09-15,299.9883,299.83014,299.23145,300.34277,300.11508,299.69617
1990-09-16,297.5509,297.60614,297.22037,297.22043,297.16666,296.9213
1990-09-17,293.0696,293.1367,292.76224,293.1346,293.0632,292.7998
1990-09-18,289.41272,289.0892,288.32373,289.29068,288.84125,288.1996
1990-09-19,298.94125,298.72513,298.0666,299.34787,299.03308,298.5258
1990-09-20,298.5604,298.12442,297.2456,299.04102,298.45947,297.6852
1990-09-21,297.1126,296.81906,296.08234,297.81055,297.40448,296.80557
1990-09-22,294.176,294.1813,293.74304,294.2796,294.16113,293.84964
1990-09-23,286.84235,286.7949,286.30347,286.85098,286.66696,286.28983
1990-09-24,284.7849,284.64197,284.05475,284.82343,284.55206,284.08755
1990-09-25,285.28467,285.23987,284.7505,285.41064,285.2534,284.90295
1990-09-26,284.3506,284.27698,283.75854,284.46524,284.2843,283.91028
1990-09-27,289.38956,289.14395,288.45334,289.68152,289.31995,288.76535
1990-09-28,293.15424,292.9885,292.37747,293.4143,293.13846,292.66965
1990-09-29,295.1714,294.95126,294.28564,295.51678,295.1751,294.64066
1990-09-30,292.37872,292.3471,291.86975,292.33755,292.138,291.7458
1990-10-01,293.27124,293.21805,292.71896,293.38702,293.20303,292.82657
1990-10-02,295.34216,295.16034,294.53244,295.47015,295.1587,294.65497
1990-10-03,293.20602,292.837,292.02182,293.30542,292.80997,292.12247
1990-10-04,296.87213,296.86478,296.41107,297.22253,297.0898,296.76538
1990-10-05,293.0854,293.04657,292.56125,293.2349,293.0566,292.6869
1990-10-06,290.3098,290.27106,289.78574,290.28546,290.09586,289.71506
1990-10-07,287.51135,287.26282,286.56766,287.77158,287.39136,286.82022
1990-10-08,288.42206,288.7657,288.6627,288.49673,288.74158,288.7959
1990-10-09,287.95026,288.135,287.87308,287.99844,288.0984,288.00812
1990-10-10,285.10236,285.02072,284.4923,285.2118,285.00134,284.601
1990-10-11,285.2784,285.20096,284.6768,284.9893,284.7877,284.39658
1990-10-12,293.499,293.209,292.47235,293.4129,292.99802,292.394
1990-10-13,293.0683,293.10938,292.70377,292.43774,292.3887,292.15094
1990-10-14,287.01257,287.1704,286.88165,286.22278,286.26474,286.11844
1990-10-15,280.60757,280.58334,280.11267,280.92996,280.7811,280.44434
1990-10-16,279.8354,279.4166,278.55148,280.3212,279.8242,279.13968
1990-10-17,281.7179,281.69873,281.23334,281.90884,281.7507,281.40552
1990-10-18,281.50827,281.51495,281.07565,281.77682,281.64697,281.33054
1990-10-19,281.82443,281.6246,280.97894,281.9931,281.6719,281.1645
1990-10-20,283.17847,283.15643,282.68884,283.54767,283.38995,283.04654
1990-10-21,288.33856,288.16513,287.54636,288.5551,288.2492,287.75806
1990-10-22,292.0791,291.8923,291.26047,292.48685,292.14655,291.62143
1990-10-23,291.64987,291.50043,290.90625,291.92432,291.6439,291.17914
1990-10-24,289.76965,289.5877,288.96136,290.1302,289.83475,289.35547
1990-10-25,291.81854,291.5271,290.79166,292.2608,291.8622,291.2802
1990-10-26,291.85376,291.6693,291.0413,291.89972,291.61273,291.1428
1990-10-27,286.73,286.62082,286.06845,286.80988,286.57697,286.16165
1990-10-28,283.70227,283.50867,282.87244,283.94714,283.6265,283.12387
1990-10-29,284.33017,284.1434,283.51447,284.51642,284.21585,283.73376
1990-10-30,286.043,285.81918,285.15378,286.28043,285.94067,285.41992
1990-10-31,287.8131,287.53586,286.81754,287.77545,287.38318,286.8103
1990-11-01,285.62848,285.27396,284.479,285.78885,285.32175,284.67456
1990-11-02,288.5843,288.16156,287.299,288.35165,287.79242,287.05356
1990-11-03,289.88217,289.76645,289.21152,289.53925,289.31903,288.91965
1990-11-04,285.86664,285.65933,285.01352,286.04727,285.71066,285.1954
1990-11-05,281.97128,281.65063,280.8922,282.00546,281.52924,280.8748
1990-11-06,281.44888,280.55414,279.22235,280.94077,279.82104,278.5236
1990-11-07,280.93362,280.48727,279.60464,281.00687,280.41525,279.6463
1990-11-08,277.80548,277.39957,276.55817,278.1234,277.5904,276.8805
1990-11-09,275.73245,275.71472,275.2623,275.6508,275.41962,275.01202
1990-11-10,279.73514,279.49692,278.8249,280.0214,279.65155,279.10574
1990-11-11,281.05984,280.87076,280.2486,281.21936,280.93427,280.4736
1990-11-12,275.62396,275.2483,274.44043,275.48257,274.97443,274.29117
1990-11-13,276.35028,276.10886,275.43613,276.5108,276.16867,275.65186
1990-11-14,277.7828,277.55682,276.90045,278.0112,277.69858,277.21164
1990-11-15,279.93976,279.6676,278.96597,280.12982,279.74677,279.18976
1990-11-16,282.09506,281.76605,281.0084,282.2392,281.7799,281.14703
1990-11-17,281.1037,280.8944,280.2574,281.31763,280.9982,280.50555
1990-11-18,283.41257,283.34448,282.84955,283.32553,283.108,282.71753
1990-11-19,281.61252,281.6364,281.2343,281.15564,280.9849,280.64145
1990-11-20,281.5536,281.71472,281.45078,282.38574,282.3694,282.18066
1990-11-21,277.95306,277.90414,277.43106,277.85693,277.71204,277.39505
1990-11-22,276.32358,275.99783,275.24878,275.9269,275.48468,274.8705
1990-11-23,275.36853,274.90607,274.02118,275.4339,274.85776,274.1099
1990-11-24,277.42276,277.0607,276.27698,277.6883,277.17035,276.48087
1990-11-25,287.5731,287.22742,286.4609,287.78714,287.31476,286.671
1990-11-26,289.41846,288.95825,288.07797,289.6881,289.1248,288.39017
1990-11-27,290.72974,290.4212,289.6933,290.9725,290.57062,289.99753
1990-11-28,287.8177,287.64124,287.0461,287.9464,287.67105,287.22443
1990-11-29,278.89838,278.84222,278.36804,278.5593,278.38828,278.04605
1990-11-30,279.28226,278.938,278.17627,279.17172,278.6482,277.95337
1990-12-01,278.74683,278.09967,277.03568,278.12122,277.31354,276.33444
1990-12-02,279.54126,279.44672,278.93582,279.70554,279.50677,279.13647
1990-12-03,277.67978,277.27454,276.45334,277.60233,277.0812,276.38834
1990-12-04,277.03082,276.88464,276.32294,277.32513,277.03082,276.56445
1990-12-05,281.1258,280.4622,279.3834,281.03345,280.23618,279.26657
1990-12-06,286.07266,285.6381,284.7886,286.1508,285.6119,284.90027
1990-12-07,287.2488,286.70468,285.74582,287.40417,286.71246,285.84763
1990-12-08,287.25394,286.70624,285.7439,287.62033,286.94528,286.09665
1990-12-09,290.19992,289.81067,289.0068,290.7123,290.25403,289.62167
1990-12-10,289.57095,289.17105,288.35648,289.94357,289.4553,288.79227
1990-12-11,281.16672,281.62103,281.6606,281.10168,281.4777,281.67828
1990-12-12,280.78378,280.51352,279.82834,281.14615,280.7894,280.25656
1990-12-13,282.72922,282.30505,281.46564,282.881,282.37637,281.69482
1990-12-14,283.85007,283.44565,282.62567,283.98282,283.46478,282.769
1990-12-15,277.45908,277.45798,277.04083,277.1218,276.97833,276.65628
1990-12-16,271.0175,270.8751,270.31607,270.98825,270.76096,270.3541
1990-12-17,274.5622,274.2893,273.5992,274.6353,274.23587,273.65588
1990-12-18,272.6564,272.41782,271.76126,272.89154,272.53415,271.99515
1990-12-19,268.44995,268.14075,267.41275,268.0366,267.6172,267.01495
1990-12-20,269.8506,269.5218,268.7734,269.75586,269.29965,268.65936
1990-12-21,274.24258,273.9995,273.33582,274.33276,273.98355,273.44904
1990-12-22,272.62494,272.24518,271.4438,272.47714,271.99136,271.31897
1990-12-23,275.002,274.80167,274.17847,275.0294,274.69553,274.1736
1990-12-24,271.70642,271.47968,270.82883,271.95752,271.62708,271.10724
1990-12-25,266.55453,266.56476,266.14957,266.49255,266.40283,266.12216
1990-12-26,269.8982,269.40253,268.47998,269.9655,269.34564,268.53333
1990-12-27,274.77255,274.57816,273.95547,274.71484,274.4171,273.92535
1990-12-28,270.12744,270.06833,269.57935,270.1463,269.98538,269.62875
1990-12-29,267.87686,267.65024,266.9921,267.79135,267.45282,266.91687
1990-12-30,268.7706,268.44855,267.69327,268.6796,268.25577,267.63284
1990-12-31,274.36343,274.14627,273.4941,273.95755,273.64276,273.12708
1991-01-01,280.1951,280.02835,279.42285,280.3027,280.0348,279.56235
1991-01-02,275.66135,275.47034,274.83868,275.77347,275.48013,274.9804
1991-01-03,275.61475,275.48868,274.91998,275.77765,275.54138,275.09683
1991-01-04,274.1716,274.06067,273.50507,274.31305,274.08536,273.64746
1991-01-05,275.35153,275.2309,274.66354,275.60352,275.38342,274.95126
1991-01-06,274.4219,274.22714,273.58356,274.7313,274.4524,273.95953
1991-01-07,274.3784,274.17218,273.515,274.66797,274.4019,273.91986
1991-01-08,270.77728,270.55362,269.87683,270.62906,270.30878,269.77066
1991-01-09,269.98196,269.87894,269.32065,270.12045,269.9131,269.48593
1991-01-10,267.89105,267.8593,267.37015,267.82935,267.69397,267.33682
1991-01-11,269.94278,269.65744,268.91254,269.9017,269.52527,268.92517
1991-01-12,268.9884,268.86267,268.2752,268.97586,268.7287,268.25595
1991-01-13,270.4762,270.50125,270.06238,270.56754,270.48672,270.17853
1991-01-14,272.4275,272.218,271.54248,272.65512,272.36346,271.8426
1991-01-15,271.19043,270.98416,270.30978,271.29407,270.94968,270.37427
1991-01-16,274.394,274.07135,273.27853,274.46167,274.01575,273.33704
1991-01-17,274.04514,273.88214,273.24692,274.08047,273.8102,273.3055
1991-01-18,270.47333,270.4754,270.00327,270.6339,270.51724,270.16446
1991-01-19,272.82962,272.63754,271.96933,272.97293,272.6589,272.10718
1991-01-20,276.71436,276.37054,275.5487,276.89078,276.4077,275.68536
1991-01-21,276.94397,276.84525,276.26666,277.0528,276.76733,276.24115
1991-01-22,275.10623,275.15717,274.72653,275.06332,274.93887,274.57224
1991-01-23,274.74628,274.50735,273.7852,274.76453,274.39484,273.78168
1991-01-24,276.87997,276.68723,276.0096,276.95193,276.62964,276.0626
1991-01-25,275.83597,275.8735,275.42465,275.95898,275.85526,275.5056
1991-01-26,277.51065,277.31198,276.62555,277.67032,277.311,276.70474
1991-01-27,277.44937,277.42126,276.9041,277.35214,277.19006,276.78003
1991-01-28,273.30475,273.36356,272.93204,273.352,273.32486,273.04883
1991-01-29,270.2322,270.07587,269.42813,269.88614,269.60663,269.0774
1991-01-30,271.69406,271.69742,271.20834,271.70764,271.58563,271.21317
1991-01-31,274.42734,274.33325,273.74585,274.7162,274.5134,274.05963
1991-02-01,277.53064,277.53525,277.04572,277.28458,277.18982,276.84357
1991-02-02,278.4613,278.6566,278.3571,278.27454,278.37442,278.22244
1991-02-03,264.71597,264.54285,263.87436,264.80466,264.49908,263.9413
1991-02-04,266.5508,266.39832,265.75006,266.42416,266.14047,265.60446
1991-02-05,268.23297,268.012,267.29498,268.57504,268.2512,267.67496
1991-02-06,267.83362,267.74487,267.1599,268.10168,267.8264,267.29874
1991-02-07,263.3088,263.20224,262.59943,263.02502,262.72238,262.1676
1991-02-08,271.60873,271.96396,271.82297,270.99982,271.2078,271.1639
1991-02-09,269.8007,269.70877,269.12085,269.66492,269.45453,268.9926
1991-02-10,273.26538,273.14984,272.5386,272.92938,272.71637,272.2524
1991-02-11,275.24207,274.84604,273.95474,275.23972,274.7012,273.91238
1991-02-12,282.91776,282.6105,281.80856,282.4955,282.0795,281.41394
1991-02-13,281.831,281.87048,281.41595,281.23373,281.17883,280.8752
1991-02-14,275.53928,275.4365,274.84058,275.39606,275.15894,274.67398
1991-02-15,279.61554,279.2561,278.40442,279.90976,279.43796,278.7194
1991-02-16,279.9024,279.82394,279.25418,279.8794,279.68878,279.2526
1991-02-17,278.73547,278.5679,277.9102,278.36893,278.05896,277.50464
1991-02-18,280.36392,279.794,278.73523,280.2756,279.54095,278.5633
1991-02-19,280.33505,280.08157,279.3405,279.98563,279.57983,278.9324
1991-02-20,272.8942,272.57202,271.76367,273.282,272.81805,272.114
1991-02-21,278.21313,278.2536,277.80942,278.35574,278.31818,278.04218
1991-02-22,274.32422,274.26392,273.7205,274.4281,274.24023,273.8155
1991-02-23,274.81808,274.4712,273.64294,274.92264,274.4375,273.7173
1991-02-24,276.7254,276.6092,276.01334,276.29382,276.05832,275.58957
1991-02-25,278.27383,277.97946,277.2072,277.16425,276.7624,276.12912
1991-02-26,279.721,279.82074,279.44452,278.53705,278.47424,278.18195
1991-02-27,274.4116,274.83493,274.78418,273.36523,273.62665,273.66052
1991-02-28,280.0077,279.7139,278.948,280.25156,279.7854,279.0937
1991-03-01,281.31802,281.31668,280.84518,280.54697,280.46646,280.1625
1991-03-02,283.00995,282.98752,282.49695,281.18295,281.0127,280.621
1991-03-03,276.76712,276.97803,276.7228,275.75647,275.7478,275.5198
1991-03-04,273.66934,273.32697,272.52057,273.49393,273.03333,272.3555
1991-03-05,274.6947,274.47696,273.7972,274.76834,274.409,273.83453
1991-03-06,270.15195,270.13208,269.65225,269.93454,269.7803,269.41312
1991-03-07,271.84244,271.7173,271.13422,271.27774,271.02563,270.56265
1991-03-08,282.68985,282.1505,281.1553,282.583,281.94458,281.09738
1991-03-09,284.59235,284.60052,284.15485,283.58093,283.44656,283.10553
1991-03-10,280.09116,280.05023,279.55737,279.0074,278.87164,278.53122
1991-03-11,265.15448,265.1406,264.67667,264.3505,264.15048,263.7478
1991-03-12,276.0151,275.9454,275.42764,275.78302,275.55865,275.1337
1991-03-13,276.9779,276.88873,276.3533,276.7197,276.49353,276.06863
1991-03-14,278.6083,278.4172,277.7816,278.21426,277.8717,277.33234
1991-03-15,279.27963,279.0465,278.3706,279.257,278.8861,278.32025
1991-03-16,280.32812,280.17255,279.5757,280.04895,279.7859,279.3296
1991-03-17,277.2151,277.09363,276.5325,277.1629,276.8948,276.43512
1991-03-18,280.3619,280.0237,279.24738,280.15204,279.68823,279.03442
1991-03-19,288.5645,288.27625,287.55115,288.6321,288.2322,287.64392
1991-03-20,285.648,285.32224,284.5609,285.4634,285.0455,284.44067
1991-03-21,282.2515,282.10925,281.53268,280.70065,280.37308,279.85995
1991-03-22,276.26038,276.3624,276.0311,275.93518,275.88373,275.64795
1991-03-23,272.79498,272.52142,271.81555,272.45343,272.02097,271.4054
1991-03-24,272.239,271.92996,271.18942,272.1531,271.6969,271.05865
1991-03-25,279.129,278.87677,278.19385,279.02512,278.65808,278.11005
1991-03-26,284.1556,283.9334,283.2811,284.21762,283.83713,283.27643
1991-03-27,286.54523,286.5528,286.13077,285.8226,285.76978,285.5376
1991-03-28,280.06848,280.00525,279.51273,279.4294,279.25467,278.90115
1991-03-29,278.8578,278.6394,277.99197,278.5702,278.25897,277.76956
1991-03-30,283.94165,283.60397,282.83743,284.3174,283.86673,283.23834
1991-03-31,280.37732,279.84882,278.89154,280.19467,279.52673,278.6814
1991-04-01,290.24847,289.94525,289.21307,290.28818,289.91724,289.36914
1991-04-02,296.13007,295.89743,295.23566,296.46185,296.14557,295.65222
1991-04-03,292.18515,291.3803,290.146,292.57083,291.7049,290.6619
1991-04-04,293.24957,292.86664,292.05374,293.43698,293.0093,292.4045
1991-04-05,287.48294,287.31754,286.72162,287.2156,286.9666,286.54025
1991-04-06,283.66586,283.47903,282.86105,283.36346,283.04074,282.5403
1991-04-07,285.36957,285.10153,284.40152,285.34747,284.9562,284.38678
1991-04-08,279.42346,279.19168,278.52692,279.3809,279.02313,278.48672
1991-04-09,278.37402,278.10916,277.41037,278.32877,277.9002,277.2924
1991-04-10,281.42758,281.18536,280.50812,281.2989,280.91806,280.35724
1991-04-11,278.64374,278.53348,277.98697,278.41467,278.161,277.72653
1991-04-12,281.3587,281.20724,280.61826,281.08878,280.80334,280.3362
1991-04-13,277.18143,277.10077,276.58124,276.94055,276.7251,276.327
1991-04-14,273.87964,273.69,273.06003,274.57208,274.29492,273.83408
1991-04-15,277.85803,277.7063,277.11273,277.91565,277.62027,277.14008
1991-04-16,280.05005,279.86145,279.22946,279.72037,279.38666,278.86697
1991-04-17,283.3026,283.17554,282.60345,283.27408,283.02246,282.58362
1991-04-18,288.25452,288.0577,287.4142,288.3313,288.0283,287.53674
1991-04-19,294.37613,294.07657,293.3286,294.27316,293.88803,293.3131
1991-04-20,295.95505,295.73825,295.0713,295.7142,295.41913,294.93286
1991-04-21,294.0234,293.55685,292.6384,293.94455,293.38538,292.6337
1991-04-22,291.88937,291.53815,290.73322,292.30743,291.85236,291.20328
1991-04-23,295.7268,295.56442,294.9465,295.8313,295.5707,295.1147
1991-04-24,293.71216,293.4544,292.73932,293.50946,293.1183,292.53033
1991-04-25,296.38,296.13654,295.43396,296.32275,295.92215,295.32327
1991-04-26,291.87915,291.69794,291.05585,291.82495,291.51346,291.0023
1991-04-27,286.7186,286.64178,286.10233,286.50815,286.30493,285.9006
1991-04-28,287.63403,287.54523,286.99207,287.5215,287.31204,286.90005
1991-04-29,291.1257,291.03802,290.48428,291.24176,291.05072,290.65576
1991-04-30,292.298,292.15878,291.55182,292.74277,292.53116,292.11435
1991-05-01,292.46765,292.10153,291.26605,292.3722,291.85608,291.13342
1991-05-02,292.8668,292.58704,291.8364,292.29474,291.87152,291.24048
1991-05-03,295.1487,294.81674,294.01248,295.1935,294.72037,294.03827
1991-05-04,296.54013,296.30313,295.59238,296.24194,295.8668,295.2815
1991-05-05,300.21378,299.98288,299.27692,299.9638,299.5952,299.01544
1991-05-06,299.5508,299.77975,299.53235,299.53992,299.65085,299.5495
1991-05-07,297.15353,296.83768,296.04434,296.9349,296.48325,295.81845
1991-05-08,294.01898,293.93494,293.37234,294.25497,294.07346,293.67792
1991-05-09,291.4437,291.28073,290.63824,291.5352,291.26212,290.77432
1991-05-10,287.90964,287.62906,286.8681,287.83267,287.4352,286.8223
1991-05-11,293.03992,292.94754,292.37415,292.8812,292.6842,292.2712
1991-05-12,291.73737,291.625,291.03094,291.62524,291.41125,290.98087
1991-05-13,293.29086,292.75696,291.7408,293.5149,292.8488,291.96594
1991-05-14,292.66864,292.31158,291.47195,292.44595,291.96582,291.26862
1991-05-15,294.55716,294.3048,293.56964,294.5571,294.2123,293.65042
1991-05-16,293.5631,293.5344,293.02277,293.30032,293.14978,292.78214
1991-05-17,295.24753,294.97464,294.2188,295.5715,295.16617,294.54382
1991-05-18,290.80478,290.52435,289.76114,290.89645,290.42056,289.72787
1991-05-19,295.32654,295.22226,294.6354,295.3303,295.14923,294.75168
1991-05-20,295.4866,295.39893,294.82913,295.34766,295.12378,294.68393
1991-05-21,295.15964,294.9354,294.22952,293.79578,293.43823,292.86526
1991-05-22,294.2522,294.19812,293.663,293.84116,293.68027,293.30463
1991-05-23,294.36096,294.19775,293.5543,294.30096,294.01138,293.5079
1991-05-24,294.96277,294.58127,293.7205,295.39246,294.83582,294.06628
1991-05-25,299.72192,299.5218,298.8434,299.72314,299.41232,298.88965
1991-05-26,301.7911,301.77084,301.2735,301.68082,301.5584,301.2253
1991-05-27,297.30322,297.34827,296.91745,296.92096,296.81622,296.5021
1991-05-28,297.60608,297.4776,296.87466,298.01147,297.80023,297.38098
1991-05-29,298.2078,297.9995,297.3183,298.6692,298.30273,297.72983
1991-05-30,298.42136,298.30502,297.7174,298.6777,298.38068,297.87888
1991-05-31,293.90643,293.70386,293.0317,294.0857,293.7373,293.1858
1991-06-01,289.52417,289.2314,288.471,289.71167,289.24725,288.58154
1991-06-02,285.6592,285.2439,284.36282,285.8133,285.2215,284.43042
1991-06-03,289.0405,289.09814,288.69208,289.5327,289.3789,289.0278
1991-06-04,286.22147,286.2426,285.80212,286.63614,286.4853,286.13928
1991-06-05,287.21213,286.8507,286.02985,287.1215,286.61948,285.92447
1991-06-06,292.6669,292.45462,291.78506,292.75723,292.39896,291.84988
1991-06-07,296.3931,296.15518,295.46246,296.38126,296.00378,295.43787
1991-06-08,293.0128,292.93323,292.4012,293.26907,293.06738,292.67963
1991-06-09,295.59244,295.04654,294.05063,295.0024,294.2699,293.35373
1991-06-10,294.79483,294.52124,293.80014,294.3208,293.87958,293.25714
1991-06-11,296.50958,296.36334,295.77213,296.1755,295.87283,295.3915
1991-06-12,292.6305,292.38226,291.69156,292.51038,292.10434,291.5222
1991-06-13,294.74026,294.4784,293.7766,294.91077,294.53494,293.98563
1991-06-14,297.92703,297.6021,296.8399,298.29807,297.8118,297.15463
1991-06-15,296.29688,295.69266,294.65375,296.61798,295.81363,294.84094
1991-06-16,300.21448,300.01282,299.37906,300.5433,300.22272,299.73645
1991-06-17,303.97174,303.98322,303.5652,304.1802,304.0621,303.78085
1991-06-18,304.65286,304.52368,303.96762,304.63028,304.3636,303.93637
1991-06-19,302.40622,302.3104,301.79025,301.942,301.7172,301.33444
1991-06-20,297.90387,297.75092,297.1762,297.65955,297.37552,296.9361
1991-06-21,300.16565,299.97028,299.3557,299.9041,299.59256,299.12817
1991-06-22,304.0086,303.62823,302.8311,303.7615,303.28738,302.66284
1991-06-23,304.6616,304.4099,303.74396,305.12704,304.7237,304.17236
1991-06-24,299.32758,298.8071,297.87473,299.7167,298.9538,298.04532
1991-06-25,297.97345,297.85645,297.32986,297.83066,297.51337,297.05283
1991-06-26,295.52777,295.521,295.10687,295.62064,295.4809,295.20026
1991-06-27,294.27213,294.11115,293.5451,293.3209,293.06818,292.67673
1991-06-28,292.8991,292.63232,291.96252,292.57834,292.11945,291.5239
1991-06-29,296.0714,295.70456,294.9367,295.92496,295.43515,294.81073
1991-06-30,296.57578,296.50427,296.03378,296.52875,296.3494,296.03738
1991-07-01,295.41425,295.22604,294.64072,295.3044,294.9566,294.47803
1991-07-02,294.99014,294.87558,294.36563,294.97482,294.71634,294.3289
1991-07-03,294.76703,294.68146,294.20227,294.78894,294.55746,294.1986
1991-07-04,296.2597,296.22375,295.79572,296.07373,295.8843,295.56906
1991-07-05,298.63867,298.70047,298.3717,298.4522,298.37622,298.17587
1991-07-06,296.20587,296.32153,296.048,296.00574,295.9771,295.8255
1991-07-07,298.26422,298.12103,297.5899,298.09824,297.797,297.37402
1991-07-08,300.09717,300.00195,299.51993,299.4391,299.19595,298.83224
1991-07-09,301.98523,301.8739,301.37683,301.66672,301.4396,301.09283
1991-07-10,296.31396,296.15475,295.61075,296.321,295.9841,295.52847
1991-07-11,295.8104,295.58267,294.971,296.24432,295.903,295.44373
1991-07-12,301.07193,301.08456,300.71396,300.91205,300.7776,300.52585
1991-07-13,299.94104,299.81177,299.29993,299.56522,299.30176,298.92148
1991-07-14,296.72388,296.51318,295.92035,296.79544,296.43356,295.95532
1991-07-15,300.29376,300.1721,299.66864,300.12805,299.88824,299.53232
1991-07-16,298.20187,297.9259,297.2685,298.8634,298.4105,297.8416
1991-07-17,302.39984,302.23068,301.6802,302.86545,302.5584,302.13547
1991-07-18,298.71265,298.18866,297.28348,298.80225,298.1609,297.4035
1991-07-19,298.45782,298.52026,298.2014,298.33432,298.28058,298.1106
1991-07-20,298.04617,298.0377,297.64783,298.04324,297.8852,297.6106
1991-07-21,296.79004,296.854,296.53635,296.70135,296.63492,296.45148
1991-07-22,297.76096,297.6435,297.1441,297.64236,297.41513,297.07043
1991-07-23,298.12024,298.26974,298.03677,297.8861,297.9627,297.9212
1991-07-24,295.96365,295.99405,295.6415,295.77405,295.66443,295.43594
1991-07-25,297.10632,296.8845,296.2791,296.75693,296.39163,295.90662
1991-07-26,300.70697,300.5271,299.96304,300.87646,300.54562,300.09415
1991-07-27,300.88214,300.55643,299.84576,301.1973,300.70618,300.09335
1991-07-28,302.5226,302.25714,301.6059,302.28665,301.90234,301.3952
1991-07-29,298.58102,298.44327,297.91882,298.46387,298.20764,297.82745
1991-07-30,301.56183,301.31128,300.67303,301.623,301.27155,300.79486
1991-07-31,303.82114,303.59167,302.97348,304.19174,303.88263,303.44687
1991-08-01,306.18954,306.03607,305.49283,306.36548,306.1365,305.7795
1991-08-02,303.92834,304.09344,303.8676,303.1804,303.2802,303.2505
1991-08-03,300.5494,300.7669,300.5923,299.61227,299.70065,299.6579
1991-08-04,301.8674,301.8097,301.35858,301.96066,301.75244,301.41153
1991-08-05,297.25,297.15363,296.6626,297.18802,296.9249,296.5274
1991-08-06,294.00873,293.88666,293.36862,293.71255,293.46918,293.08972
1991-08-07,296.7702,296.53375,295.9,296.61072,296.22418,295.6999
1991-08-08,295.6554,295.51556,294.97705,296.23682,295.95895,295.54153
1991-08-09,299.52057,299.3067,298.69275,299.84485,299.50458,299.023
1991-08-10,298.68134,298.61276,298.14267,298.6013,298.44415,298.14386
1991-08-11,296.25485,296.13644,295.61508,296.33084,296.10196,295.7281
1991-08-12,292.6766,292.56122,292.04147,292.66388,292.41998,292.0292
1991-08-13,298.9933,298.67722,297.95538,298.65643,298.21594,297.62674
1991-08-14,299.03833,298.88477,298.32397,298.95114,298.685,298.26834
1991-08-15,302.09973,301.81854,301.12878,302.34933,301.96326,301.42477
1991-08-16,302.30084,302.02524,301.33957,302.80682,302.414,301.86694
1991-08-17,297.8245,297.64478,297.0536,297.99698,297.69208,297.23105
1991-08-18,294.4094,294.2957,293.76904,294.30225,294.0482,293.63617
1991-08-19,292.9524,292.849,292.3313,293.00055,292.7909,292.4215
1991-08-20,291.52142,291.12613,290.31516,292.0387,291.48206,290.76392
1991-08-21,292.00815,292.0092,291.59317,291.51068,291.38788,291.10184
1991-08-22,297.74207,297.73923,297.31808,297.97827,297.84982,297.55643
1991-08-23,295.3239,295.1362,294.52884,295.3327,295.01797,294.5366
1991-08-24,298.9079,298.70282,298.0768,299.22095,298.8864,298.38364
1991-08-25,296.69922,296.4098,295.69818,296.78482,296.31284,295.671
1991-08-26,298.52597,298.33047,297.7116,298.84976,298.56775,298.11432
1991-08-27,296.20392,296.16318,295.69785,296.09396,295.95108,295.63528
1991-08-28,296.4464,296.3869,295.9017,296.46906,296.30014,295.95682
1991-08-29,296.49692,296.33932,295.75494,296.4286,296.13504,295.66568
1991-08-30,299.03088,298.97266,298.48648,298.73645,298.5805,298.24734
1991-08-31,301.79022,301.50092,300.7826,301.7615,301.32632,300.71268
1991-09-01,303.56686,303.3096,302.6223,303.68967,303.3163,302.7632
1991-09-02,303.77942,303.56522,302.92004,303.9077,303.59235,303.096
1991-09-03,304.21204,303.9912,303.33844,304.26566,303.9264,303.40506
1991-09-04,302.83615,302.82803,302.3871,302.86334,302.77362,302.5007
1991-09-05,304.00418,303.97882,303.51978,303.92505,303.8237,303.53818
1991-09-06,301.61465,301.91925,301.7893,301.44733,301.65717,301.6819
1991-09-07,298.6957,298.62982,298.1286,298.89273,298.7436,298.40842
1991-09-08,296.18448,296.10147,295.58237,296.11237,295.8938,295.48834
1991-09-09,297.26562,297.1076,296.51276,297.3462,297.08344,296.63303
1991-09-10,299.52924,299.33984,298.71298,299.88095,299.6053,299.14124
1991-09-11,299.80185,299.56485,298.88968,299.89487,299.57922,299.07452
1991-09-12,299.6485,299.52914,298.971,299.6615,299.44202,299.03284
1991-09-13,300.96143,300.73346,300.06607,301.0123,300.67618,300.14975
1991-09-14,294.7711,294.66754,294.12405,294.9016,294.65323,294.21408
1991-09-15,299.87714,299.8315,299.34534,299.86963,299.71582,299.37082
1991-09-16,295.9759,295.93967,295.46243,295.5447,295.36197,294.98758
1991-09-17,298.38562,298.16174,297.49637,298.419,298.07684,297.5427
1991-09-18,296.4337,296.09113,295.3066,297.004,296.46613,295.736
1991-09-19,293.84872,293.69205,293.09296,294.36432,294.07053,293.58423
1991-09-20,293.8069,293.42743,292.60513,293.9381,293.40747,292.6841
1991-09-21,300.80542,300.4973,299.74597,301.219,300.8194,300.2269
1991-09-22,302.04883,301.80872,301.12497,302.33386,301.98776,301.4487
1991-09-23,300.92752,300.7443,300.11713,301.09647,300.8054,300.32117
1991-09-24,295.22992,295.17603,294.6779,295.25546,295.08124,294.71393
1991-09-25,285.8905,285.7645,285.19394,286.0563,285.79907,285.34866
1991-09-26,290.09216,289.95828,289.37958,290.3016,290.0547,289.61465
1991-09-27,289.95892,289.92737,289.45078,289.5688,289.43207,289.1023
1991-09-28,287.9955,288.0864,287.73196,287.85672,287.86288,287.6761
1991-09-29,282.87393,282.80865,282.2979,283.00928,282.8188,282.43555
1991-09-30,286.7383,286.52182,285.85956,287.00232,286.64362,286.09225
1991-10-01,290.56,290.34158,289.67725,290.84503,290.51096,289.9844
1991-10-02,292.85718,292.72635,292.14938,292.97595,292.73886,292.3095
1991-10-03,289.50723,289.33295,288.71246,289.40814,289.11334,288.6265
1991-10-04,292.88916,292.56473,291.79395,293.2758,292.8436,292.21967
1991-10-05,292.5515,292.27197,291.54593,292.90363,292.50998,291.9249
1991-10-06,294.18695,293.66,292.68643,294.92587,294.30124,293.4854
1991-10-07,295.86383,295.55588,294.8013,296.40286,296.01675,295.43976
1991-10-08,291.6991,291.69458,291.2434,291.77264,291.6684,291.3736
1991-10-09,284.64893,284.61362,284.1316,284.8224,284.6243,284.236
1991-10-10,284.95676,284.91037,284.41727,284.75616,284.50174,284.05746
1991-10-11,286.43192,286.44003,286.00143,286.46805,286.37296,286.0884
1991-10-12,289.4569,289.17227,288.44095,289.8341,289.42215,288.82108
1991-10-13,287.55063,287.70282,287.40836,287.4329,287.40436,287.18716
1991-10-14,279.0366,279.14307,278.80298,278.6757,278.60327,278.3426
1991-10-15,285.0918,284.48538,283.43253,285.59482,284.82623,283.86975
1991-10-16,293.58362,293.22205,292.41412,294.07095,293.61588,292.97333
1991-10-17,293.63315,293.4431,292.80685,294.17975,293.85168,293.33658
1991-10-18,288.60638,288.4145,287.77664,289.09207,288.75916,288.2397
1991-10-19,286.96255,286.73245,286.05652,287.2647,286.9167,286.38248
1991-10-20,284.5623,284.45853,283.90915,284.68762,284.4861,284.09888
1991-10-21,284.21164,284.0006,283.34427,284.34756,284.01245,283.49207
1991-10-22,284.30994,283.69693,282.63892,284.0902,283.25577,282.23654
1991-10-23,291.7959,291.6215,291.00232,291.7803,291.49493,291.0252
1991-10-24,286.49106,286.64545,286.35544,286.42728,286.51086,286.41058
1991-10-25,285.59854,285.41953,284.79654,285.9202,285.61417,285.1247
1991-10-26,287.6416,287.52258,286.96002,287.7374,287.49048,287.06064
1991-10-27,284.08942,284.03415,283.53574,284.27072,284.0608,283.6684
1991-10-28,289.73828,289.6319,289.0829,289.62537,289.387,288.96667
1991-10-29,287.44254,287.36185,286.839,287.6602,287.43512,287.02856
1991-10-30,276.8412,276.7514,276.22006,276.87958,276.6454,276.23016
1991-10-31,278.3312,278.17007,277.56784,278.65933,278.3653,277.89066
1991-11-01,280.95648,280.8563,280.31564,281.14233,280.89636,280.4703
1991-11-02,283.576,283.08295,282.15005,283.8414,283.1938,282.3666
1991-11-03,285.5065,285.40088,284.85602,285.45795,285.1538,284.67053
1991-11-04,284.4657,284.23483,283.56546,284.2656,283.87946,283.31464
1991-11-05,289.43515,289.32016,288.7674,289.7243,289.47845,289.05438
1991-11-06,276.22803,276.05634,275.4476,276.28577,275.98898,275.5145
1991-11-07,273.06964,272.8942,272.28247,273.11462,272.7555,272.21906
1991-11-08,279.42444,279.51578,279.17163,279.14203,279.10577,278.89264
1991-11-09,276.87097,276.6024,275.89914,276.86316,276.44437,275.84918
1991-11-10,275.93307,275.64447,274.92206,275.85953,275.45435,274.87317
1991-11-11,278.38162,278.08682,277.35898,278.48602,278.06662,277.47168
1991-11-12,281.72345,281.36383,280.57202,282.01044,281.49728,280.809
1991-11-13,278.6559,278.7435,278.3998,278.64456,278.5989,278.37854
1991-11-14,276.32492,276.37442,275.9935,276.27045,276.18668,275.92856
1991-11-15,272.71152,272.39426,271.6475,272.47266,272.03342,271.42023
1991-11-16,271.60336,271.24023,270.4485,271.34393,270.84534,270.1732
1991-11-17,271.73886,271.59454,271.02252,272.03714,271.72247,271.2346
1991-11-18,277.30704,277.17065,276.60742,277.44662,277.2317,276.84378
1991-11-19,278.13904,277.70154,276.83807,278.6085,278.00732,277.2335
1991-11-20,278.97144,278.9176,278.43872,279.02936,278.8757,278.5497
1991-11-21,274.6029,274.67282,274.3186,274.62482,274.55978,274.3226
1991-11-22,275.89563,275.7235,275.12808,276.04974,275.7656,275.30957
1991-11-23,277.06714,276.92175,276.3539,277.204,276.92725,276.4788
1991-11-24,275.9832,275.62326,274.8417,275.9371,275.45013,274.7916
1991-11-25,276.2749,275.89548,275.09515,275.95984,275.4782,274.82516
1991-11-26,274.4709,274.1989,273.50684,274.70032,274.31076,273.74988
1991-11-27,284.0056,283.7824,283.13977,283.83066,283.48386,282.96588
1991-11-28,280.76468,280.6245,280.06567,280.70258,280.46872,280.06363
1991-11-29,280.08118,279.9899,279.48056,280.55963,280.3694,280.0079
1991-11-30,282.94818,282.41962,281.47357,282.76227,282.1004,281.26727
1991-12-01,284.0597,283.70474,282.93292,283.86322,283.39957,282.7645
1991-12-02,281.25543,281.23248,280.7932,281.7589,281.6007,281.2709
1991-12-03,283.33304,283.20575,282.66254,283.12436,282.9124,282.52872
1991-12-04,281.51816,281.81134,281.689,281.70874,281.85327,281.82574
1991-12-05,271.74268,271.66278,271.1677,272.05405,271.8507,271.47504
1991-12-06,266.2748,266.19086,265.69196,266.39536,266.22052,265.87296
1991-12-07,265.09836,264.87152,264.22992,264.70407,264.33942,263.80164
1991-12-08,267.14972,266.9333,266.3022,267.08102,266.76373,266.27283
1991-12-09,273.0049,272.32535,271.2311,272.6703,271.81223,270.78006
1991-12-10,275.75586,275.47256,274.77463,275.9435,275.56235,275.0064
1991-12-11,270.71896,270.6049,270.07605,270.6773,270.46295,270.0732
1991-12-12,269.82614,269.67816,269.11523,270.00006,269.76932,269.3625
1991-12-13,268.6908,268.5127,267.9194,268.93265,268.66827,268.227
1991-12-14,269.8025,269.77966,269.34128,269.9892,269.89783,269.62878
1991-12-15,270.2917,270.2552,269.80264,270.3999,270.28595,269.9934
1991-12-16,268.74142,268.50748,267.85693,268.96576,268.6469,268.14856
1991-12-17,271.2525,270.87802,270.08636,271.4248,270.88782,270.17026
1991-12-18,275.2189,274.91516,274.19345,275.4448,275.0897,274.55298
1991-12-19,271.21234,271.17212,270.71313,270.87277,270.75204,270.4485
1991-12-20,270.14526,269.81625,269.06763,269.9857,269.56305,268.95633
1991-12-21,275.1482,274.50708,273.44537,274.41678,273.65747,272.71283
1991-12-22,276.9235,276.6595,275.9738,276.5344,276.16357,275.60617
1991-12-23,265.4515,265.51865,265.16296,265.31525,265.2793,265.05536
1991-12-24,265.54694,265.3636,264.75616,265.53772,265.25333,264.77948
1991-12-25,270.45462,270.02576,269.17148,270.48224,269.96976,269.26636
1991-12-26,281.28757,280.9039,280.09338,281.11322,280.65942,280.0132
1991-12-27,279.09055,278.90622,278.29358,278.52792,278.25226,277.78256
1991-12-28,274.54138,274.20734,273.44345,274.57547,274.13995,273.50873
1991-12-29,275.30743,275.14688,274.55478,275.20105,274.93164,274.46484
1991-12-30,278.38705,277.7992,276.7781,278.8261,278.11618,277.20712
1991-12-31,279.0436,278.55203,277.62546,278.919,278.2675,277.415
1992-01-01,273.52875,273.29672,272.62598,273.62943,273.3015,272.7691
1992-01-02,284.343,283.91525,283.04688,284.50742,283.9517,283.18954
1992-01-03,284.0049,283.6852,282.92285,284.2401,283.79462,283.1409
1992-01-04,272.0062,271.89297,271.33508,271.79422,271.58826,271.17215
1992-01-05,271.4144,271.10757,270.35403,271.3856,270.98184,270.366
1992-01-06,280.49127,280.3502,279.76028,280.35233,280.13126,279.6962
1992-01-07,279.81934,279.98444,279.69852,279.69083,279.76846,279.63013
1992-01-08,278.57117,278.3877,277.75116,278.35312,278.07666,277.58234
1992-01-09,283.49734,283.34717,282.74176,283.48865,283.24545,282.78244
1992-01-10,283.41217,283.25473,282.63983,283.53934,283.32297,282.88486
1992-01-11,271.21237,271.01624,270.36053,271.07474,270.75232,270.20627
1992-01-12,268.51974,268.80807,268.63464,268.33194,268.48605,268.41464
1992-01-13,260.75897,260.74316,260.26346,260.64383,260.4913,260.11142
1992-01-14,259.98685,259.89407,259.33527,259.8645,259.65463,259.21555
1992-01-15,263.67712,263.96674,263.7882,263.34433,263.47025,263.36517
1992-01-16,261.42438,261.2712,260.64786,261.28207,260.98077,260.4467
1992-01-17,262.09274,262.21616,261.86737,261.8011,261.75696,261.47833
1992-01-18,262.52386,262.33795,261.67786,262.56015,262.22687,261.6575
1992-01-19,273.6762,273.59293,273.03348,273.50995,273.2391,272.7305
1992-01-20,270.358,270.26608,269.69617,270.65512,270.39594,269.89746
1992-01-21,263.17825,263.03635,262.4146,263.24023,262.91162,262.3423
1992-01-22,276.59702,276.70648,276.33435,275.94183,275.82083,275.45764
1992-01-23,272.14767,272.26834,271.90576,271.97955,271.97678,271.7305
1992-01-24,273.75085,273.6285,273.0213,273.0829,272.83597,272.3443
1992-01-25,278.21683,277.87433,277.04547,278.08115,277.6003,276.87354
1992-01-26,285.61914,285.3701,284.6333,285.95215,285.55917,284.91922
1992-01-27,284.25076,284.11182,283.4838,284.04813,283.80844,283.32074
1992-01-28,270.17007,270.91992,271.17944,269.64694,270.25467,270.6135
1992-01-29,261.08188,260.99896,260.42462,260.96094,260.74747,260.28427
1992-01-30,266.8801,266.56018,265.74783,267.02823,266.56213,265.84558
1992-01-31,271.46875,271.30444,270.64682,271.23724,270.9244,270.3606
1992-02-01,272.34912,272.3998,271.95636,272.11157,272.0273,271.69156
1992-02-02,264.27148,264.27032,263.77435,263.94476,263.8273,263.458
1992-02-03,266.90115,266.66803,265.9395,266.90277,266.48987,265.8248
1992-02-04,275.1737,274.94727,274.22507,275.18198,274.83722,274.24017
1992-02-05,272.29587,272.18246,271.57306,272.42706,272.17264,271.6658
1992-02-06,269.4317,269.35294,268.77795,270.0546,269.8587,269.4105
1992-02-07,270.5268,270.49188,269.96072,270.4508,270.34235,269.98175
1992-02-08,272.93283,273.0469,272.6648,273.01343,272.9638,272.66232
1992-02-09,269.96008,269.92975,269.4034,270.14297,269.96667,269.53888
1992-02-10,275.45566,275.3398,274.72827,275.18292,274.9606,274.48734
1992-02-11,274.4938,274.34555,273.70203,274.43835,274.16864,273.64862
1992-02-12,276.97226,276.70718,275.94745,277.08032,276.67224,276.01462
1992-02-13,276.5572,276.38333,275.71545,276.45645,276.14874,275.59232
1992-02-14,277.77087,277.6104,276.9568,277.77142,277.50146,276.98367
1992-02-15,274.06805,274.1192,273.67807,273.83603,273.75824,273.43365
1992-02-16,275.62775,275.43985,274.76068,275.88245,275.55563,274.9832
1992-02-17,274.72842,274.60733,273.9961,274.7249,274.4694,273.9695
1992-02-18,275.72662,275.81073,275.40594,275.65256,275.56647,275.23734
1992-02-19,266.59933,266.70648,266.32605,266.25723,266.2197,265.94058
1992-02-20,259.3143,259.34827,258.8961,258.84857,258.7191,258.3495
1992-02-21,255.82864,255.64665,254.98006,255.46889,255.13492,254.56248
1992-02-22,255.73355,255.53937,254.86209,255.50218,255.15283,254.56662
1992-02-23,260.74103,260.55917,259.8959,260.21698,259.89038,259.3287
1992-02-24,263.44006,263.21716,262.5146,263.3885,263.0447,262.46768
1992-02-25,266.49744,266.33566,265.69604,266.24142,265.96198,265.4511
1992-02-26,266.7598,266.56973,265.9037,266.46594,266.10864,265.52182
1992-02-27,265.05194,265.065,264.604,264.63312,264.5188,264.17694
1992-02-28,263.832,263.67194,263.03976,263.47314,263.16873,262.6388
1992-02-29,259.64215,259.558,259.00378,259.44818,259.21973,258.76782
1992-03-01,264.05814,263.88776,263.24924,263.8728,263.56503,263.03583
1992-03-02,271.6791,271.73044,271.31564,271.48273,271.36978,271.03748
1992-03-03,275.6492,275.7923,275.4714,275.52875,275.5386,275.3312
1992-03-04,273.38,273.27493,272.70782,272.981,272.71237,272.22864
1992-03-05,271.86905,271.8387,271.34842,271.4264,271.27737,270.9154
1992-03-06,277.19867,277.01254,276.36853,277.2321,276.91885,276.39474
1992-03-07,274.57654,274.49985,273.96735,274.31055,274.11902,273.7187
1992-03-08,276.00574,276.19144,275.92322,275.60556,275.67606,275.53986
1992-03-09,271.1408,270.9992,270.40567,271.1069,270.84012,270.36868
1992-03-10,274.8669,274.9542,274.59146,274.63922,274.5863,274.3307
1992-03-11,276.67953,276.5467,275.9658,276.1907,275.9412,275.49106
1992-03-12,281.83176,281.28476,280.2915,281.63312,280.96265,280.09344
1992-03-13,288.09824,287.98328,287.4238,288.15417,287.96503,287.579
1992-03-14,289.21817,289.14005,288.6191,289.04083,288.8707,288.50555
1992-03-15,292.01843,291.95612,291.45258,292.14062,292.0481,291.76236
1992-03-16,292.99716,293.04788,292.6589,292.94888,292.95105,292.76163
1992-03-17,294.34866,294.4381,294.08945,294.5354,294.60748,294.4896
1992-03-18,289.52267,289.64072,289.32193,288.97937,289.04446,288.92117
1992-03-19,284.24982,284.2317,283.778,284.1413,284.03253,283.73685
1992-03-20,281.7598,281.21503,280.23587,281.50812,280.851,280.0084
1992-03-21,282.8227,282.1239,280.99176,283.2098,282.36713,281.34018
1992-03-22,285.36273,284.9281,284.06116,285.95355,285.41965,284.70264
1992-03-23,287.76364,287.42673,286.65836,288.26166,287.8308,287.218
1992-03-24,287.85,287.70538,287.13,288.1463,287.9716,287.61588
1992-03-25,285.0191,284.93854,284.42783,284.95233,284.75427,284.37604
1992-03-26,282.65897,282.4155,281.74243,282.56256,282.1857,281.6295
1992-03-27,285.10626,284.46115,283.38678,284.6846,283.95148,283.0396
1992-03-28,285.53506,285.25534,284.5466,285.17636,284.81024,284.2659
1992-03-29,284.48422,284.02356,283.13406,284.606,284.09152,283.3993
1992-03-30,279.85107,279.45456,278.62924,279.94183,279.4398,278.7603
1992-03-31,279.1064,278.56168,277.58798,278.5763,277.90112,277.04874
1992-04-01,279.61252,279.1171,278.1925,279.11194,278.5172,277.74545
1992-04-02,278.31372,278.06998,277.39673,278.0218,277.64572,277.0926
1992-04-03,284.03714,283.78238,283.0976,283.71982,283.35394,282.81088
1992-04-04,281.6615,281.4426,280.79318,281.36642,281.00644,280.4691
1992-04-05,277.89563,277.6568,276.9868,277.72318,277.3522,276.8035
1992-04-06,284.30957,284.1019,283.46222,284.2895,283.95886,283.4501
1992-04-07,285.94382,285.75394,285.1311,285.93732,285.64914,285.1823
1992-04-08,286.47748,286.3396,285.7678,286.48257,286.23245,285.80307
1992-04-09,287.21634,287.11002,286.56866,287.21512,287.0017,286.60825
1992-04-10,289.35376,289.15674,288.52347,289.1184,288.81808,288.33688
1992-04-11,286.79715,286.77472,286.31476,286.33252,286.24216,285.97006
1992-04-12,280.53705,280.5464,280.11685,280.3651,280.21832,279.88892
1992-04-13,284.28113,284.17374,283.62598,284.32385,284.09814,283.68872
1992-04-14,285.2475,285.02264,284.356,285.39813,285.0517,284.52045
1992-04-15,287.3093,287.10898,286.46524,287.4364,287.11655,286.6107
1992-04-16,290.25943,290.0572,289.40997,290.45364,290.14005,289.63922
1992-04-17,294.04663,293.97745,293.46155,294.33218,294.16016,293.79962
1992-04-18,291.2543,291.28403,290.86542,291.38055,291.28824,291.00613
1992-04-19,294.72827,294.50507,293.83173,294.88367,294.56058,294.04636
1992-04-20,297.09262,297.05148,296.55844,297.80817,297.67987,297.35904
1992-04-21,297.64563,297.7433,297.38724,298.05975,298.09525,297.93674
1992-04-22,293.23248,293.09314,292.49832,293.09024,292.81458,292.3435
1992-04-23,294.3746,293.8181,292.8043,294.52512,293.90005,293.07822
1992-04-24,295.65427,295.59033,295.06732,295.13425,295.00723,294.68195
1992-04-25,291.11102,290.99503,290.41818,290.68423,290.4621,290.0403
1992-04-26,285.60703,285.5625,285.05536,285.17957,285.0251,284.66953
1992-04-27,290.92734,290.84845,290.30518,291.3157,291.1086,290.699
1992-04-28,293.24234,293.0783,292.44824,293.47357,293.19705,292.71664
1992-04-29,291.6125,291.29483,290.5094,291.3038,290.86652,290.22403
1992-04-30,289.39963,289.03198,288.19498,289.18326,288.68112,287.97247
1992-05-01,289.76382,289.5822,288.9297,289.71832,289.43466,288.94318
1992-05-02,293.35434,293.15656,292.48648,293.36182,293.0658,292.5608
1992-05-03,295.03238,294.8807,294.25525,294.74042,294.4934,294.03625
1992-05-04,291.22556,291.00598,290.3113,291.13284,290.76913,290.1942
1992-05-05,295.42157,295.24377,294.58966,295.29788,294.97418,294.4382
1992-05-06,298.83868,298.4641,297.61206,298.69806,298.2107,297.5102
1992-05-07,299.47556,298.74356,297.53305,299.34497,298.4827,297.40643
1992-05-08,299.4338,299.24915,298.58496,299.2884,299.04465,298.58618
1992-05-09,294.09497,293.86066,293.146,294.30527,293.8982,293.27573
1992-05-10,295.25287,295.04562,294.3574,295.71536,295.43243,294.9335
1992-05-11,291.30014,291.12152,290.4612,291.20474,290.91153,290.40192
1992-05-12,289.31055,289.121,288.44928,289.26395,288.94302,288.40533
1992-05-13,289.34482,288.94614,288.06485,289.08917,288.5687,287.83118
1992-05-14,301.1587,300.75876,299.876,301.19467,300.66794,299.92404
1992-05-15,296.7574,296.642,296.04367,296.51767,296.21317,295.69156
1992-05-16,288.0487,288.32288,288.1141,287.72565,287.85123,287.75983
1992-05-17,289.1995,289.04514,288.40796,288.90292,288.5994,288.07904
1992-05-18,290.2583,290.13498,289.5291,290.1285,289.8481,289.3512
1992-05-19,289.65848,289.4097,288.6788,289.69968,289.3088,288.70193
1992-05-20,290.2888,290.0688,289.36713,290.56284,290.20425,289.63025
1992-05-21,292.1816,292.13483,291.60706,292.19366,291.99713,291.58588
1992-05-22,289.26395,289.10532,288.46646,289.39014,289.03677,288.46954
1992-05-23,292.68552,292.40802,291.65125,292.73132,292.28482,291.62543
1992-05-24,292.49036,292.27936,291.5901,292.19827,291.86325,291.31638
1992-05-25,293.64542,293.5205,292.91852,293.35446,293.09445,292.62375
1992-05-26,293.81094,293.63614,292.9855,293.9948,293.68182,293.15945
1992-05-27,291.8564,291.68643,291.04205,292.5026,292.1756,291.6406
1992-05-28,289.79333,289.71268,289.15906,289.67105,289.3852,288.8929
1992-05-29,292.55444,292.51245,291.99915,292.5509,292.39883,292.04196
1992-05-30,296.01233,295.8818,295.2817,295.9639,295.69086,295.21475
1992-05-31,299.66302,299.5672,299.0037,299.66794,299.4418,299.01437
1992-06-01,302.87527,302.73123,302.12146,303.07388,302.80038,302.32755
1992-06-02,302.03833,302.18704,301.872,302.1361,302.14432,301.95526
1992-06-03,298.20197,298.21793,297.77225,297.7251,297.60632,297.29233
1992-06-04,299.28073,299.077,298.41382,299.40842,299.11023,298.61908
1992-06-05,301.0738,300.8438,300.15656,301.40762,301.0657,300.53302
1992-06-06,298.46155,298.34988,297.7834,297.86014,297.59613,297.1437
1992-06-07,292.63855,292.3475,291.604,292.4476,291.99637,291.35904
1992-06-08,295.92657,295.52383,294.67108,296.00076,295.47705,294.76968
1992-06-09,293.68463,293.16138,292.19055,293.63333,292.93768,292.06085
1992-06-10,291.11966,290.91882,290.27298,290.72116,290.37445,289.8491
1992-06-11,292.45895,292.2949,291.68835,291.85715,291.55908,291.0849
1992-06-12,296.10675,295.9305,295.31436,296.02014,295.67334,295.15308
1992-06-13,295.88275,295.41312,294.5062,296.42474,295.7726,294.94955
1992-06-14,294.5104,294.62308,294.30106,294.948,294.87253,294.62872
1992-06-15,297.26343,296.7595,295.82343,296.8477,296.20596,295.39853
1992-06-16,296.54437,296.28024,295.5866,296.58932,296.1829,295.6133
1992-06-17,300.3708,299.90805,299.01843,300.61398,300.03152,299.28854
1992-06-18,306.90036,306.54706,305.7695,307.10083,306.6507,306.0426
1992-06-19,299.7143,299.51083,298.88562,299.67474,299.3315,298.83292
1992-06-20,300.28165,300.2088,299.71674,299.7704,299.56784,299.21243
1992-06-21,300.44263,300.2019,299.54443,300.16666,299.80072,299.2844
1992-06-22,296.90417,296.7745,296.23053,296.61935,296.34766,295.92798
1992-06-23,295.19104,295.076,294.549,294.70474,294.4342,294.0181
1992-06-24,295.00702,294.90012,294.38364,294.71503,294.4609,294.06357
1992-06-25,295.7793,295.6865,295.18634,295.5949,295.34155,294.9473
1992-06-26,293.38483,293.21228,292.63464,293.46155,293.1052,292.61008
1992-06-27,293.36633,293.3684,292.96747,293.24622,293.08997,292.7971
1992-06-28,295.64688,295.3733,294.69873,295.58228,295.14703,294.57718
1992-06-29,296.71973,296.50098,295.88324,296.5693,296.18365,295.66534
1992-06-30,298.86346,298.57922,297.8978,298.84283,298.4581,297.94257
1992-07-01,297.81888,297.57303,296.93176,297.61285,297.2162,296.69052
1992-07-02,301.28726,300.84558,300.01028,301.5596,300.97574,300.26453
1992-07-03,297.9322,297.8543,297.38434,298.272,298.06125,297.72467
1992-07-04,297.21732,297.0613,296.5147,297.15167,296.8272,296.3784
1992-07-05,301.2353,300.8181,300.01172,301.4536,300.89868,300.22073
1992-07-06,299.15326,299.13467,298.72815,298.61212,298.42935,298.12485
1992-07-07,295.11838,294.87006,294.235,294.9964,294.59433,294.0717
1992-07-08,302.05942,301.61533,300.78552,302.40945,301.80142,301.07376
1992-07-09,296.06586,295.73288,295.01508,296.45676,295.97412,295.37274
1992-07-10,301.88364,301.5733,300.87897,301.81375,301.35574,300.7797
1992-07-11,303.07916,302.86673,302.27106,303.39697,303.04382,302.57343
1992-07-12,301.03088,300.75998,300.10648,300.8213,300.3983,299.8585
1992-07-13,302.7849,302.50787,301.84872,303.0468,302.68097,302.19876
1992-07-14,303.3006,302.94,302.19763,303.13467,302.64438,302.03796
1992-07-15,305.71725,305.2387,304.37872,306.08923,305.4248,304.64438
1992-07-16,297.66455,297.24945,296.4531,297.8757,297.27792,296.5642
1992-07-17,301.8252,301.58157,300.95676,301.4471,301.0718,300.58044
1992-07-18,304.1863,303.9859,303.40417,303.9221,303.57986,303.12137
1992-07-19,299.665,299.52466,299.00293,299.9047,299.59534,299.16946
1992-07-20,299.4719,299.3028,298.75208,299.19214,298.82175,298.33438
1992-07-21,301.03104,300.76468,300.11636,301.07892,300.65164,300.10687
1992-07-22,296.58762,296.16446,295.35883,296.65506,296.06754,295.3619
1992-07-23,296.2018,295.7085,294.83228,296.2312,295.49805,294.646
1992-07-24,298.8789,298.4036,297.54474,298.98557,298.37738,297.64944
1992-07-25,299.7253,299.19476,298.28003,300.33466,299.667,298.87866
1992-07-26,297.5043,296.9991,296.109,297.69522,296.97897,296.141
1992-07-27,293.9975,293.72284,293.06238,294.12286,293.6671,293.0886
1992-07-28,291.6046,291.4246,290.85788,290.88428,290.56158,290.11487
1992-07-29,293.34286,293.0121,292.2936,293.655,293.21158,292.64288
1992-07-30,298.18585,297.94888,297.32318,298.7,298.34497,297.86328
1992-07-31,299.08255,298.92905,298.3857,299.61124,299.34592,298.95255
1992-08-01,293.9266,293.76852,293.2195,294.13583,293.8579,293.45044
1992-08-02,298.71582,298.33246,297.55695,298.8294,298.3248,297.6891
1992-08-03,299.47775,299.30435,298.73752,299.69983,299.434,299.03546
1992-08-04,298.65814,298.31018,297.5676,298.48212,298.05502,297.49356
1992-08-05,297.40848,297.27142,296.7384,297.57898,297.33557,296.95615
1992-08-06,297.25516,297.05878,296.4651,297.19916,296.8738,296.41068
1992-08-07,299.0346,298.8126,298.19183,298.49188,298.12946,297.62744
1992-08-08,298.85535,298.68726,298.11908,298.50012,298.19855,297.75568
1992-08-09,297.65427,297.48145,296.90707,297.32394,297.02835,296.58957
1992-08-10,298.66547,298.41,297.75162,298.68063,298.29163,297.75766
1992-08-11,293.8656,293.66425,293.05853,293.84305,293.49048,292.99103
1992-08-12,293.6345,293.4042,292.7681,293.49805,293.13882,292.63086
1992-08-13,294.96198,294.7466,294.12405,294.95877,294.61652,294.12372
1992-08-14,296.56348,296.3161,295.66013,297.0361,296.6872,296.18588
1992-08-15,294.44608,294.19492,293.53366,295.42633,295.01865,294.45673
1992-08-16,293.01337,292.7726,292.12036,293.11453,292.69757,292.1245
1992-08-17,292.89948,292.5324,291.75247,293.03143,292.47253,291.75568
1992-08-18,295.1487,294.69385,293.8247,295.01834,294.41498,293.65192
1992-08-19,298.75732,298.41592,297.6588,299.09525,298.63388,298.01105
1992-08-20,296.98572,296.83868,296.2746,297.00525,296.74683,296.32513
1992-08-21,292.2076,292.21866,291.8114,292.1535,292.05966,291.8008
1992-08-22,292.62714,292.228,291.40924,292.69574,292.1551,291.44775
1992-08-23,296.2422,296.0238,295.3845,296.30252,295.95416,295.43756
1992-08-24,293.31686,293.1191,292.4992,293.2274,292.90628,292.4153
1992-08-25,293.03552,292.84775,292.2366,293.0143,292.68414,292.18253
1992-08-26,295.4154,295.01566,294.19138,295.4865,294.94705,294.23462
1992-08-27,297.7705,297.37912,296.56207,297.8944,297.36334,296.65787
1992-08-28,302.27118,302.0275,301.357,302.48972,302.13394,301.60236
1992-08-29,295.96515,295.71494,295.03677,295.97003,295.5875,295.02777
1992-08-30,295.12842,294.90045,294.2435,295.16,294.8445,294.35056
1992-08-31,294.93042,294.8755,294.39053,294.7591,294.58994,294.24103
1992-09-01,293.36652,293.3374,292.8773,293.22675,293.07776,292.7478
1992-09-02,292.63052,292.28976,291.51706,292.46307,291.99454,291.34396
1992-09-03,298.3552,298.12555,297.4631,298.3905,298.0304,297.48712
1992-09-04,295.58194,295.40982,294.804,295.49664,295.2466,294.81238
1992-09-05,293.41843,293.34903,292.8451,293.23297,293.044,292.66992
1992-09-06,298.0363,297.71408,296.95654,298.0364,297.5839,296.94534
1992-09-07,298.5376,298.52774,298.0818,299.4014,299.29056,298.99286
1992-09-08,299.31708,299.04794,298.34198,299.9605,299.575,299.00186
1992-09-09,299.15033,298.82767,298.0675,298.85294,298.42996,297.8186
1992-09-10,294.97235,294.51566,293.6208,294.86752,294.31796,293.57935
1992-09-11,294.16415,293.59607,292.58917,294.1471,293.45566,292.57455
1992-09-12,293.41342,293.20547,292.55807,293.39578,293.0964,292.60675
1992-09-13,294.39246,293.94983,293.0672,294.46835,293.93658,293.21405
1992-09-14,293.08875,292.87854,292.2278,293.24884,292.93817,292.4363
1992-09-15,295.76874,295.409,294.6082,296.09378,295.6465,295.00763
1992-09-16,297.98083,297.72122,297.0201,298.52292,298.1592,297.60355
1992-09-17,297.07288,296.69144,295.86804,297.36993,296.8829,296.20364
1992-09-18,298.36758,297.95795,297.10587,298.85275,298.32227,297.59924
1992-09-19,301.0321,300.78,300.08505,301.3884,301.02298,300.46487
1992-09-20,301.60294,301.32913,300.6121,302.1782,301.81537,301.25967
1992-09-21,299.6151,299.34024,298.62173,299.7139,299.33304,298.75922
1992-09-22,301.43268,301.1374,300.39816,301.78415,301.38544,300.7936
1992-09-23,301.50403,301.13644,300.3246,301.7926,301.32077,300.65585
1992-09-24,300.7718,300.41553,299.61472,301.27408,300.83905,300.2109
1992-09-25,301.18066,300.83405,300.04263,301.5858,301.14117,300.50345
1992-09-26,302.30237,302.00333,301.25922,302.70377,302.31525,301.73367
1992-09-27,297.29425,297.0557,296.37186,297.76138,297.39334,296.83234
1992-09-28,288.32678,288.24643,287.72058,288.21475,288.00848,287.6094
1992-09-29,284.04095,283.90625,283.3258,284.46915,284.2173,283.7728
1992-09-30,286.06287,285.89124,285.27365,286.74457,286.4884,286.03976
1992-10-01,294.01825,292.86865,291.27292,294.29028,292.97266,291.46277
1992-10-02,297.11447,296.91754,296.27438,297.41943,297.06747,296.5235
1992-10-03,299.2626,298.96036,298.21176,299.61346,299.21533,298.6255
1992-10-04,296.69888,296.10986,295.07437,297.29364,296.58795,295.6908
1992-10-05,294.77853,294.3054,293.38565,295.41415,294.83096,294.05652
1992-10-06,297.76184,297.40567,296.60284,298.42023,297.9906,297.3701
1992-10-07,297.16382,296.63763,295.66483,297.77164,297.1828,296.4034
1992-10-08,293.68375,293.26038,292.3903,293.96683,293.42603,292.69504
1992-10-09,290.14783,289.9757,289.35687,290.41544,290.13617,289.66705
1992-10-10,287.33212,287.0444,286.30997,287.47543,287.04395,286.42297
1992-10-11,291.24487,290.99356,290.29553,291.56058,291.18372,290.61774
1992-10-12,293.12366,292.85434,292.13834,293.47418,293.0792,292.4955
1992-10-13,293.0614,293.17566,292.84335,292.9774,292.97208,292.77847
1992-10-14,289.61417,289.53983,289.019,289.89337,289.67075,289.26022
1992-10-15,286.7651,286.66916,286.12683,286.8223,286.6073,286.20483
1992-10-16,288.98813,288.67038,287.90643,289.29883,288.84506,288.20422
1992-10-17,292.63177,292.32416,291.57056,292.98196,292.55078,291.93298
1992-10-18,292.08173,292.0479,291.56827,292.20346,292.0575,291.72537
1992-10-19,291.22327,291.1357,290.60257,291.59247,291.34192,290.9056
1992-10-20,289.24493,289.07315,288.45602,289.22754,288.905,288.39722
1992-10-21,282.18774,282.1403,281.6478,281.97336,281.77005,281.3819
1992-10-22,276.9986,276.77792,276.11255,277.04807,276.68954,276.14667
1992-10-23,280.08218,279.843,279.15942,280.33228,279.96756,279.419
1992-10-24,281.6765,281.5745,281.0285,282.13492,281.82983,281.34134
1992-10-25,283.8357,283.59683,282.9144,284.0012,283.62183,283.05954
1992-10-26,282.8854,283.0233,282.71796,283.0681,283.0748,282.89905
1992-10-27,279.07736,279.03836,278.55673,279.12347,278.9484,278.59137
1992-10-28,279.04208,278.92053,278.35684,279.20224,278.941,278.49826
1992-10-29,280.63208,280.49722,279.92078,280.65213,280.40765,279.98212
1992-10-30,278.9742,278.8173,278.21924,278.93903,278.6454,278.1711
1992-10-31,280.43948,280.24744,279.61493,280.59937,280.28043,279.78143
1992-11-01,285.23596,284.68695,283.6981,283.99664,283.28717,282.3981
1992-11-02,283.62787,283.3023,282.53754,283.1369,282.6693,282.02255
1992-11-03,277.9676,277.70386,277.0016,277.46176,277.00174,276.3631
1992-11-04,289.50146,289.67905,289.41885,289.41443,289.474,289.3554
1992-11-05,283.53235,283.54028,283.11118,283.59296,283.45187,283.13306
1992-11-06,280.35355,279.98404,279.17825,280.4823,279.98413,279.30862
1992-11-07,281.36096,281.67462,281.5528,281.0225,281.11636,281.03342
1992-11-08,275.8583,276.22015,276.14734,275.82297,276.03427,276.06918
1992-11-09,276.6266,276.13904,275.21762,276.48822,275.84872,275.03323
1992-11-10,282.17264,281.78275,280.9598,281.84656,281.3162,280.61026
1992-11-11,283.23828,283.03802,282.4056,283.10614,282.76474,282.24817
1992-11-12,285.35364,285.0694,284.35388,285.395,284.9594,284.3491
1992-11-13,282.61948,282.4045,281.75916,282.79492,282.44034,281.91144
1992-11-14,279.25287,278.94635,278.21033,278.90656,278.466,277.8515
1992-11-15,275.69946,275.4912,274.85434,275.5674,275.2209,274.7008
1992-11-16,277.5516,277.33844,276.6976,277.54584,277.2314,276.74377
1992-11-17,280.54578,280.45444,279.9363,280.56708,280.40375,280.06747
1992-11-18,282.67868,282.31146,281.51828,282.92145,282.40842,281.72272
1992-11-19,280.9906,280.68884,279.96204,281.2879,280.853,280.24573
1992-11-20,274.07278,273.7941,273.0913,273.9713,273.57257,273.00168
1992-11-21,282.52252,282.21307,281.48032,282.0359,281.57626,280.94476
1992-11-22,279.1323,278.8334,278.1121,278.85602,278.45245,277.8772
1992-11-23,274.44223,274.2397,273.6155,274.0616,273.74335,273.2535
1992-11-24,275.30124,275.0153,274.3085,275.61722,275.2254,274.6622
1992-11-25,278.5102,278.13922,277.34814,278.6711,278.20807,277.5737
1992-11-26,281.625,281.30795,280.5715,281.93436,281.52765,280.94974
1992-11-27,283.26144,282.895,282.10986,283.39868,282.91016,282.25037
1992-11-28,284.74548,284.33118,283.49884,285.04922,284.53064,283.84085
1992-11-29,280.393,280.4726,280.1347,280.09644,280.10626,279.94482
1992-11-30,275.26434,275.09253,274.50385,275.202,274.9051,274.43677
1992-12-01,280.4581,280.02267,279.1709,280.6892,280.15787,279.45496
1992-12-02,280.9537,280.69528,280.02094,281.14105,280.77744,280.24203
1992-12-03,280.31445,280.03528,279.34055,279.9571,279.52814,278.9271
1992-12-04,286.1537,285.80417,285.03946,286.3325,285.8704,285.236
1992-12-05,288.06976,287.65723,286.8298,288.33273,287.81937,287.13327
1992-12-06,286.1949,286.31494,286.02026,286.6043,286.62167,286.46588
1992-12-07,276.3218,276.19135,275.64624,276.39984,276.18057,275.78772
1992-12-08,275.6451,275.41602,274.77228,276.14117,275.78952,275.26376
1992-12-09,283.7588,283.4639,282.75433,283.90295,283.49838,282.91907
1992-12-10,285.67758,285.4304,284.76846,285.70264,285.38535,284.89267
1992-12-11,287.18057,286.96887,286.34222,287.59097,287.28635,286.80566
1992-12-12,283.59616,283.39966,282.78796,283.75586,283.47122,283.0097
1992-12-13,280.25632,280.0855,279.49918,280.19443,279.97318,279.57422
1992-12-14,282.99545,282.37997,281.34845,282.51486,281.86545,281.03745
1992-12-15,282.85544,282.1199,280.96777,283.00827,282.11353,281.03925
1992-12-16,278.97568,278.1043,276.8157,279.01926,278.00143,276.803
1992-12-17,279.11517,278.54834,277.5636,278.74014,278.01935,277.11688
1992-12-18,276.6462,276.58612,276.10724,276.61334,276.42944,276.0627
1992-12-19,276.78467,276.8302,276.45612,276.91965,276.81454,276.52542
1992-12-20,276.9147,277.0065,276.67764,276.80426,276.78656,276.58356
1992-12-21,272.64462,272.62128,272.17624,272.5972,272.47968,272.1756
1992-12-22,273.4779,273.29663,272.69254,273.55133,273.28656,272.83377
1992-12-23,274.77628,274.58145,273.96252,275.01804,274.71384,274.22025
1992-12-24,277.54147,277.30978,276.65268,277.1668,276.80212,276.2465
1992-12-25,277.00992,276.8708,276.3048,276.81525,276.5615,276.11526
1992-12-26,278.9022,278.75967,278.1888,278.28372,278.04797,277.61823
1992-12-27,276.14096,276.32278,276.07474,276.09683,276.0868,275.88107
1992-12-28,270.42914,270.38004,269.89944,270.44025,270.29837,269.95908
1992-12-29,268.47137,268.32455,267.74448,268.34436,268.07806,267.61264
1992-12-30,271.54602,271.33148,270.6819,271.5993,271.29996,270.79968
1992-12-31,274.0317,273.714,272.9594,274.3839,273.97388,273.36118
1993-01-01,278.32358,277.97076,277.1792,278.43405,278.02832,277.41806
1993-01-02,275.69046,275.50415,274.87717,275.79355,275.50397,275.00803
1993-01-03,272.9493,272.76907,272.14618,273.07495,272.79547,272.30774
1993-01-04,276.24176,275.98065,275.27487,276.1975,275.80106,275.19446
1993-01-05,278.05844,277.88818,277.27118,277.48276,277.18155,276.66827
1993-01-06,278.54193,278.40457,277.8184,277.83337,277.57425,277.10114
1993-01-07,275.7668,275.8836,275.5494,275.39954,275.32904,275.04257
1993-01-08,273.18878,272.93417,272.22647,273.30804,272.92352,272.32114
1993-01-09,274.59137,274.441,273.83536,274.6704,274.367,273.84384
1993-01-10,275.8684,275.58493,274.84396,276.06894,275.60883,274.927
1993-01-11,264.37503,264.23236,263.6301,263.8309,263.52057,262.98657
1993-01-12,272.29443,272.49493,272.23367,271.05182,271.1322,270.987
1993-01-13,267.73877,267.6133,267.02396,267.78836,267.52914,267.04254
1993-01-14,270.91528,270.61066,269.83997,270.88205,270.4462,269.7812
1993-01-15,279.976,279.83777,279.23135,278.80438,278.55246,278.06952
1993-01-16,270.15637,270.2048,269.78305,269.9066,269.8454,269.55142
1993-01-17,274.03616,273.82288,273.13736,274.032,273.64847,273.03043
1993-01-18,281.73132,281.41623,280.6269,281.85184,281.38547,280.68298
1993-01-19,280.25284,279.98465,279.24026,279.96204,279.53116,278.86255
1993-01-20,265.153,265.3962,265.1614,264.50153,264.6034,264.46597
1993-01-21,260.5106,260.585,260.17957,259.8592,259.74872,259.39752
1993-01-22,260.10657,259.9499,259.3116,259.9303,259.651,259.12955
1993-01-23,261.9389,261.7641,261.10605,261.75137,261.45648,260.91812
1993-01-24,266.4893,266.6141,266.2541,266.48383,266.52188,266.31516
1993-01-25,273.00204,273.00974,272.53107,273.0041,272.8781,272.5062
1993-01-26,276.59113,276.42615,275.77344,276.77,276.47366,275.93036
1993-01-27,274.9969,274.9572,274.42847,275.09952,274.91708,274.48666
1993-01-28,271.31387,271.29813,270.7921,271.2145,271.0673,270.67117
1993-01-29,270.74747,270.59573,269.95258,270.98148,270.74457,270.25793
1993-01-30,273.33154,273.28333,272.7427,273.28973,273.14624,272.75235
1993-01-31,271.67188,271.55167,270.93814,271.93704,271.69855,271.20908
1993-02-01,270.20898,270.16028,269.61743,270.22372,270.0403,269.60538
1993-02-02,273.8483,273.8262,273.30933,274.01968,273.86282,273.4541
1993-02-03,275.34244,275.1959,274.55396,275.53842,275.28168,274.77277
1993-02-04,275.52264,275.61224,275.20612,275.475,275.46292,275.19852
1993-02-05,270.60913,270.65137,270.1976,270.6875,270.62106,270.3022
1993-02-06,269.7967,269.85782,269.42273,269.99762,269.93784,269.6257
1993-02-07,271.48154,271.3881,270.7984,271.6639,271.46976,271.02344
1993-02-08,272.67786,272.77203,272.37003,272.8188,272.7806,272.49063
1993-02-09,268.94928,268.95593,268.46655,269.06656,268.92224,268.52646
1993-02-10,268.13733,268.176,267.71896,268.13177,268.05087,267.7191
1993-02-11,267.38974,267.37482,266.86462,267.5288,267.41815,267.0572
1993-02-12,267.47766,267.34772,266.72308,267.61218,267.375,266.88824
1993-02-13,270.44028,270.4859,270.03754,270.4904,270.41483,270.09055
1993-02-14,267.42114,267.3263,266.73825,267.1182,266.90103,266.43604
1993-02-15,274.93298,274.77252,274.1198,274.95224,274.63098,274.06293
1993-02-16,276.32358,276.31586,275.81683,276.20886,276.03702,275.6196
1993-02-17,267.50842,267.6362,267.27383,266.84457,266.84256,266.5962
1993-02-18,274.06485,274.11337,273.67307,274.08594,274.01758,273.7062
1993-02-19,276.38782,276.0829,275.29037,276.0832,275.7026,275.08044
1993-02-20,277.78992,277.5591,276.84216,277.42804,277.09903,276.52997
1993-02-21,274.194,274.283,273.8874,274.10797,274.1066,273.86673
1993-02-22,268.9755,269.0028,268.54703,268.747,268.62823,268.2726
1993-02-23,270.96597,271.11288,270.77844,270.73953,270.7719,270.56918
1993-02-24,269.62015,269.949,269.79822,269.58627,269.76596,269.7124
1993-02-25,263.8624,263.96817,263.59613,263.70398,263.69876,263.46213
1993-02-26,266.33432,266.1232,265.4361,266.14874,265.80078,265.2233
1993-02-27,281.3264,280.88657,279.9727,281.20163,280.62448,279.81976
1993-02-28,279.18808,279.16412,278.66806,279.2395,279.06128,278.6575
1993-03-01,274.38736,274.27725,273.69705,274.0163,273.8508,273.46182
1993-03-02,275.4323,275.03558,274.17075,275.77606,275.23938,274.4813
1993-03-03,275.9875,275.68198,274.9104,275.8082,275.36768,274.70786
1993-03-04,286.50757,286.48526,285.99896,286.31503,286.16983,285.80737
1993-03-05,280.95627,281.05264,280.687,280.59494,280.54987,280.28967
1993-03-06,278.4739,278.42532,277.9168,278.28152,278.11502,277.7355
1993-03-07,280.79257,280.6477,280.04492,280.45407,280.2071,279.7492
1993-03-08,277.33432,277.28357,276.77698,277.28186,277.0923,276.69388
1993-03-09,284.90414,284.95032,284.5426,284.46487,284.45486,284.2382
1993-03-10,277.0468,277.33524,277.17172,276.57446,276.74518,276.71118
1993-03-11,276.7337,276.52243,275.86115,276.61722,276.2719,275.72394
1993-03-12,277.2411,277.27252,276.85587,277.58392,277.43976,277.095
1993-03-13,280.7512,280.53018,279.86288,280.85077,280.5046,279.95972
1993-03-14,281.08344,280.19946,278.871,280.46085,279.47137,278.28506
1993-03-15,279.82138,279.45953,278.65488,279.50092,279.06445,278.43295
1993-03-16,281.08417,280.8515,280.1776,280.93753,280.57477,280.0188
1993-03-17,289.30228,288.67712,287.61224,289.62628,288.90985,288.0019
1993-03-18,295.37643,295.12112,294.42764,295.97986,295.62726,295.08472
1993-03-19,286.8652,286.81567,286.32935,286.95145,286.7871,286.4344
1993-03-20,285.3028,285.51324,285.28818,284.69202,284.844,284.80908
1993-03-21,281.90628,281.66452,280.9884,281.8236,281.43835,280.86752
1993-03-22,284.9731,284.73062,284.05478,284.74326,284.3918,283.85605
1993-03-23,283.8473,283.4751,282.67056,283.84637,283.33246,282.63544
1993-03-24,289.0438,288.49075,287.50626,289.16724,288.4926,287.636
1993-03-25,292.08124,291.87683,291.2417,292.55936,292.2681,291.79587
1993-03-26,290.34058,289.97403,289.17734,290.9732,290.49197,289.83057
1993-03-27,286.28735,285.99002,285.26306,286.60992,286.21387,285.6385
1993-03-28,288.1804,288.2782,287.94672,288.14948,288.20453,288.08084
1993-03-29,282.41354,282.46042,282.07828,281.951,281.9049,281.68063
1993-03-30,285.4237,285.09222,284.3319,285.82394,285.35965,284.71762
1993-03-31,282.5086,282.1286,281.31982,282.02377,281.50037,280.79953
1993-04-01,286.9649,286.96487,286.53586,286.94333,286.9153,286.7101
1993-04-02,283.92987,283.92435,283.4897,283.70786,283.59012,283.29532
1993-04-03,286.69058,286.50778,285.8955,286.60614,286.33408,285.88495
1993-04-04,285.95404,285.67078,284.9575,285.79196,285.37988,284.79065
1993-04-05,289.09393,288.8047,288.0849,289.19376,288.8047,288.23828
1993-04-06,292.78897,292.56915,291.91812,292.86383,292.51547,291.98938
1993-04-07,288.27768,288.04062,287.37155,288.45328,288.07117,287.51093
1993-04-08,282.73193,282.74475,282.32462,282.41702,282.28586,281.976
1993-04-09,285.8118,285.85965,285.47357,285.75925,285.72983,285.5211
1993-04-10,285.98276,285.74115,285.06454,285.66724,285.31198,284.77673
1993-04-11,281.10144,280.8387,280.13977,280.56345,280.17197,279.59964
1993-04-12,282.47482,281.98648,281.0606,280.92737,280.27798,279.44687
1993-04-13,279.8656,279.33505,278.3656,278.48294,277.80948,276.95337
1993-04-14,280.79086,280.38983,279.5485,280.68372,280.14493,279.42245
1993-04-15,284.1094,283.89493,283.23865,283.98428,283.6472,283.12527
1993-04-16,285.755,285.52274,284.8471,285.6136,285.26492,284.7303
1993-04-17,284.47754,284.4212,283.9199,283.89832,283.68646,283.2874
1993-04-18,286.32285,285.82904,284.88852,285.69962,285.0955,284.30286
1993-04-19,294.268,294.06882,293.42126,294.4422,294.15488,293.67773
1993-04-20,292.40656,292.34747,291.83826,292.28372,292.13196,291.78903
1993-04-21,288.6327,288.42334,287.7621,288.46823,288.16223,287.66373
1993-04-22,289.0323,288.87125,288.25653,289.04382,288.79602,288.35422
1993-04-23,289.50003,289.22308,288.49066,289.2649,288.8552,288.25012
1993-04-24,284.3764,284.0982,283.3627,283.97354,283.5589,282.94745
1993-04-25,277.85074,277.47113,276.63245,277.57602,277.05804,276.3418
1993-04-26,279.92218,279.5346,278.68616,279.92365,279.3942,278.66507
1993-04-27,281.35385,281.10992,280.40335,280.92154,280.53693,279.95117
1993-04-28,283.1182,282.9735,282.36444,282.72632,282.43927,281.94974
1993-04-29,283.6695,283.50858,282.88165,283.8406,283.5396,283.0347
1993-04-30,284.57443,284.4609,283.8796,284.4266,284.18436,283.73688
1993-05-01,283.92114,283.7949,283.19925,283.9327,283.65063,283.16205
1993-05-02,285.21005,285.13086,284.58078,285.2175,284.99664,284.56796
1993-05-03,285.411,285.49707,285.1108,284.9357,284.89914,284.6536
1993-05-04,286.12344,285.8616,285.12598,286.01923,285.599,284.96863
1993-05-05,289.9634,289.53848,288.6385,290.0427,289.46054,288.66718
1993-05-06,294.53912,294.19562,293.3758,294.15982,293.66382,292.95554
1993-05-07,298.034,297.919,297.32654,298.20392,297.99005,297.56302
1993-05-08,295.82947,296.07147,295.83496,295.31488,295.45575,295.38263
1993-05-09,291.34305,291.42825,291.034,291.14148,291.08765,290.8191
1993-05-10,289.99756,289.6743,288.87067,291.0212,290.58337,289.93015
1993-05-11,286.3648,286.10104,285.35623,287.13318,286.75226,286.15533
1993-05-12,283.73563,283.28134,282.3454,283.5086,282.94055,282.1561
1993-05-13,290.175,290.16574,289.6743,290.55908,290.34503,289.91425
1993-05-14,286.08453,286.00742,285.44772,286.73074,286.48297,286.0182
1993-05-15,288.4223,288.17694,287.44873,288.08362,287.63968,286.9786
1993-05-16,292.4227,292.2109,291.51614,292.5939,292.26172,291.71243
1993-05-17,294.85187,294.54553,293.75626,295.13156,294.73398,294.11935
1993-05-18,294.78796,294.81894,294.3671,295.34384,295.19385,294.827
1993-05-19,298.98373,298.79547,298.12466,299.52014,299.23492,298.73315
1993-05-20,298.98886,298.9035,298.336,299.2715,299.05862,298.62973
1993-05-21,296.34552,296.15482,295.48242,297.2189,296.9198,296.40527
1993-05-22,297.2559,297.16187,296.58682,297.05826,296.80777,296.3426
1993-05-23,293.062,292.98926,292.43628,292.93127,292.75137,292.35757
1993-05-24,295.82922,295.6891,295.06967,295.8135,295.52737,295.02832
1993-05-25,294.01193,293.83145,293.1727,294.67566,294.32495,293.7624
1993-05-26,290.24356,289.7204,288.7201,290.6268,290.00342,289.16937
1993-05-27,291.13098,290.90338,290.19992,291.13126,290.7589,290.17722
1993-05-28,288.57785,288.56268,288.0731,288.55542,288.4021,288.04077
1993-05-29,286.32886,286.2271,285.65244,286.45114,286.27454,285.89154
1993-05-30,294.7912,294.53168,293.8008,294.982,294.5922,293.9976
1993-05-31,297.62527,297.29205,296.4893,297.759,297.3004,296.63873
1993-06-01,297.2303,297.2585,296.81906,297.62186,297.48123,297.1393
1993-06-02,296.6885,296.285,295.41574,297.17346,296.60263,295.83252
1993-06-03,293.19678,292.8658,292.07114,293.61044,293.11996,292.4322
1993-06-04,293.8445,293.52988,292.7536,294.18262,293.7074,293.037
1993-06-05,296.21863,296.01917,295.36023,296.35657,296.04523,295.5409
1993-06-06,293.48248,293.28336,292.62695,293.49905,293.11533,292.5408
1993-06-07,291.32733,291.15442,290.5267,291.32336,290.97736,290.4429
1993-06-08,291.8538,291.70224,291.09824,291.8437,291.52673,291.0237
1993-06-09,294.97964,294.7126,293.9955,295.0063,294.57907,293.96823
1993-06-10,297.7549,297.55853,296.91458,298.02228,297.68887,297.17426
1993-06-11,300.288,300.1393,299.54565,300.7355,300.43558,299.95697
1993-06-12,300.3083,300.1423,299.53384,300.89346,300.56842,300.06726
1993-06-13,299.79703,299.64243,299.04794,300.57785,300.28806,299.82477
1993-06-14,294.65863,294.46982,293.84372,295.16122,294.83923,294.34634
1993-06-15,292.18643,291.9189,291.21674,292.51968,292.11316,291.53833
1993-06-16,295.58777,295.32864,294.63742,296.1614,295.7441,295.16113
1993-06-17,294.22998,293.93765,293.21585,295.16852,294.7276,294.12354
1993-06-18,295.56146,295.07166,294.155,296.2512,295.63998,294.86823
1993-06-19,293.75146,293.4633,292.7508,293.8088,293.32776,292.68878
1993-06-20,290.209,289.9737,289.3166,290.2661,289.85748,289.29346
1993-06-21,290.5015,289.79184,288.66293,290.7344,289.80667,288.72604
1993-06-22,292.97516,292.7853,292.17868,293.1365,292.8404,292.39383
1993-06-23,294.08893,293.84302,293.18283,293.99265,293.59448,293.04834
1993-06-24,295.0408,294.65988,293.867,295.06354,294.5371,293.8651
1993-06-25,297.68814,297.2264,296.35507,297.92618,297.30865,296.5479
1993-06-26,297.58255,297.25772,296.52554,297.99265,297.4678,296.80203
1993-06-27,299.53113,299.41257,298.88892,299.96045,299.6856,299.272
1993-06-28,301.27213,301.0509,300.42667,301.39383,301.03015,300.5298
1993-06-29,300.66348,300.58267,300.10092,300.54926,300.3308,299.97778
1993-06-30,301.22562,300.83487,300.04507,301.60834,301.01987,300.2987
1993-07-01,306.07053,305.7157,304.9637,306.53427,306.00513,305.34518
1993-07-02,304.97293,304.87256,304.37677,304.88293,304.72192,304.43192
1993-07-03,300.2928,300.2949,299.90332,300.67377,300.51898,300.2368
1993-07-04,299.77768,299.87256,299.57535,299.8645,299.84064,299.69095
1993-07-05,299.20776,299.12085,298.6433,299.25714,299.02618,298.67084
1993-07-06,299.13788,299.15616,298.78522,299.01898,298.88754,298.63312
1993-07-07,298.34763,298.15427,297.57297,298.71866,298.32578,297.8112
1993-07-08,298.5681,297.9752,296.99545,299.39456,298.63586,297.75662
1993-07-09,298.82336,298.08392,296.9587,299.8914,298.9919,297.9728
1993-07-10,301.64508,301.12967,300.2295,302.22025,301.53647,300.734
1993-07-11,305.19623,304.6822,303.78418,305.85812,305.2053,304.43445
1993-07-12,305.66855,305.29446,304.53717,306.3648,305.85355,305.22504
1993-07-13,301.7461,301.44153,300.75433,301.33972,300.85663,300.25674
1993-07-14,299.59738,299.33084,298.6822,299.13745,298.68527,298.1167
1993-07-15,298.6405,298.3848,297.74734,298.46667,298.08023,297.57764
1993-07-16,298.53342,298.2458,297.57672,298.58005,298.12146,297.54688
1993-07-17,297.0692,296.75793,296.06537,297.21228,296.78192,296.23566
1993-07-18,296.34183,296.06873,295.41446,296.29657,295.8714,295.3302
1993-07-19,300.63428,300.23636,299.45715,300.9769,300.44418,299.79526
1993-07-20,299.0252,298.84976,298.2929,299.28488,298.95566,298.50992
1993-07-21,296.0001,295.93253,295.48337,295.67816,295.46118,295.12723
1993-07-22,295.36688,295.1134,294.478,295.1128,294.72073,294.21115
1993-07-23,298.24115,297.9617,297.2998,298.1432,297.71008,297.15884
1993-07-24,303.00372,302.62225,301.85782,303.20184,302.6682,302.01572
1993-07-25,301.7661,301.3523,300.55496,302.67523,302.11176,301.42856
1993-07-26,304.95493,304.4414,303.5437,305.6819,305.02884,304.25513
1993-07-27,303.5681,303.2786,302.60416,304.21695,303.7754,303.2121
1993-07-28,302.66476,302.38736,301.72418,303.37106,302.978,302.46213
1993-07-29,297.84546,297.48624,296.74033,298.57,298.04166,297.38934
1993-07-30,301.25198,300.96765,300.29562,301.42868,301.03812,300.52228
1993-07-31,298.84174,298.4956,297.7607,298.81488,298.32864,297.71573
1993-08-01,303.3521,302.8229,301.9039,303.41922,302.75275,301.95822
1993-08-02,305.4348,304.88416,303.94257,305.19644,304.54846,303.7709
1993-08-03,303.09555,302.4253,301.36288,303.1359,302.33405,301.4011
1993-08-04,302.4184,301.77682,300.74188,303.469,302.69232,301.78293
1993-08-05,296.86493,296.4297,295.5998,297.2603,296.62595,295.85727
1993-08-06,297.2134,296.80692,296.0045,297.4961,297.01382,296.39548
1993-08-07,294.31012,293.98547,293.26352,294.3921,293.93768,293.3455
1993-08-08,294.25473,294.0342,293.41498,294.22678,293.88965,293.413
1993-08-09,294.43115,294.05777,293.28433,294.19254,293.668,293.0021
1993-08-10,298.09634,297.65845,296.81906,298.0619,297.47772,296.75037
1993-08-11,301.7306,301.2912,300.44888,301.75406,301.166,300.43295
1993-08-12,304.03445,303.74667,303.05457,304.1396,303.73526,303.18408
1993-08-13,301.88855,301.78207,301.2698,301.65588,301.40033,300.9961
1993-08-14,297.70374,297.4471,296.78323,297.68387,297.2927,296.75098
1993-08-15,300.90146,300.56488,299.81967,301.0842,300.6076,299.97858
1993-08-16,302.61655,302.24185,301.4571,302.7038,302.1985,301.5389
1993-08-17,303.64972,303.19174,302.32227,303.68848,303.09674,302.34894
1993-08-18,306.10696,305.38602,304.25217,306.3862,305.50156,304.45892
1993-08-19,308.85196,308.46344,307.66064,309.3057,308.7739,308.0824
1993-08-20,301.76382,301.47253,300.76556,302.2252,301.77628,301.1659
1993-08-21,298.77335,298.3992,297.60797,298.78543,298.29318,297.6377
1993-08-22,304.50217,304.08466,303.24884,304.69296,304.16812,303.47827
1993-08-23,302.8424,302.90683,302.55167,302.8278,302.75998,302.52554
1993-08-24,297.94833,297.92755,297.48587,297.82977,297.62375,297.24942
1993-08-25,296.3412,296.0476,295.33185,296.35474,295.90182,295.27905
1993-08-26,303.5044,303.3027,302.67764,303.63257,303.29013,302.7763
1993-08-27,299.41928,299.74637,299.64886,299.8442,300.0042,299.99127
1993-08-28,295.9226,295.53058,294.71286,296.28738,295.77078,295.07977
1993-08-29,295.0974,295.1313,294.73837,294.9063,294.77402,294.46588
1993-08-30,294.16098,293.8833,293.1777,294.1837,293.7548,293.1487
1993-08-31,298.40466,298.11118,297.38867,298.61148,298.17145,297.55292
1993-09-01,301.89825,301.7324,301.1365,302.234,301.9373,301.46082
1993-09-02,302.4124,302.22238,301.60138,302.55048,302.25748,301.78354
1993-09-03,298.72116,298.23224,297.31134,298.63562,298.10132,297.38498
1993-09-04,296.2684,296.08936,295.47748,294.24808,294.01608,293.60092
1993-09-05,294.69724,294.48587,293.8408,294.65765,294.32977,293.8177
1993-09-06,292.20413,292.02997,291.4213,292.08743,291.77292,291.27325
1993-09-07,294.94064,294.6538,293.93164,294.89224,294.50668,293.93506
1993-09-08,295.26053,295.1073,294.51797,295.55048,295.26813,294.7989
1993-09-09,294.95734,294.8019,294.20966,294.5789,294.3182,293.86984
1993-09-10,291.2823,291.15793,290.59607,291.34155,291.05447,290.57898
1993-09-11,288.1629,288.1481,287.69516,287.62885,287.46762,287.11737
1993-09-12,286.91827,286.85043,286.34375,286.68613,286.45142,286.02698
1993-09-13,287.44553,287.15485,286.42474,287.1703,286.71866,286.07675
1993-09-14,288.96225,289.01642,288.63065,289.45203,289.28036,288.91794
1993-09-15,283.5724,283.43527,282.8576,284.14783,283.88422,283.42935
1993-09-16,283.8597,283.3337,282.36667,284.2473,283.56885,282.69873
1993-09-17,290.83923,290.6248,289.96878,290.99448,290.6729,290.15936
1993-09-18,293.06683,292.64655,291.78427,293.4052,292.84454,292.0916
1993-09-19,292.44724,292.23163,291.5736,292.54736,292.22714,291.71445
1993-09-20,295.17203,294.99704,294.3792,295.40146,295.12518,294.6562
1993-09-21,293.89505,293.81937,293.30048,293.772,293.5276,293.09027
1993-09-22,291.9772,291.7347,291.0486,292.0166,291.6459,291.08224
1993-09-23,295.99283,295.79004,295.14328,296.29007,295.9648,295.44647
1993-09-24,293.42233,293.48804,293.1095,293.60995,293.51434,293.22565
1993-09-25,294.10867,294.4075,294.2618,293.64514,293.73553,293.63278
1993-09-26,288.62872,288.77667,288.47986,288.5021,288.48535,288.27548
1993-09-27,288.5127,288.56213,288.16653,288.65387,288.5766,288.30627
1993-09-28,289.98007,289.94833,289.4713,290.09875,289.9309,289.57013
1993-09-29,289.74744,289.72348,289.25403,289.76605,289.654,289.34912
1993-09-30,292.45715,292.3023,291.70175,292.71146,292.46994,292.03577
1993-10-01,292.7563,292.86575,292.5293,292.91174,292.89337,292.6826
1993-10-02,290.13467,290.07303,289.56528,290.2905,290.12204,289.76135
1993-10-03,290.43005,290.3634,289.85056,290.5518,290.37073,289.99762
1993-10-04,291.43384,291.29434,290.70853,291.6041,291.37268,290.9495
1993-10-05,291.90228,291.6115,290.87427,292.44012,292.0594,291.48715
1993-10-06,293.15778,292.65323,291.70206,293.80212,293.2346,292.47586
1993-10-07,293.86365,293.82773,293.34515,294.01218,293.8674,293.53174
1993-10-08,292.72592,292.61578,292.059,292.55627,292.31894,291.89108
1993-10-09,286.89984,286.74823,286.14993,286.67343,286.4299,285.99612
1993-10-10,285.08545,284.93552,284.33884,285.2771,285.00528,284.5436
1993-10-11,295.2427,294.77466,293.8599,295.3321,294.71796,293.91434
1993-10-12,294.94693,294.7593,294.125,294.27216,293.96356,293.46585
1993-10-13,293.22015,292.58115,291.49548,292.718,291.92136,290.936
1993-10-14,297.11118,297.0586,296.55942,297.29944,297.18503,296.88235
1993-10-15,298.2796,297.88297,297.0399,298.3582,297.8405,297.13498
1993-10-16,294.86026,294.5594,293.81213,295.1407,294.725,294.1219
1993-10-17,286.4823,286.4359,285.94333,286.6237,286.41293,286.01517
1993-10-18,279.0624,278.81897,278.12952,279.39545,279.04666,278.5113
1993-10-19,284.57086,284.36844,283.72018,284.95688,284.63303,284.123
1993-10-20,286.44272,286.2573,285.62625,286.71335,286.42197,285.94485
1993-10-21,287.49362,287.23163,286.52432,287.6764,287.2861,286.71057
1993-10-22,287.82614,287.44095,286.61072,288.02667,287.5141,286.81668
1993-10-23,285.7772,285.4432,284.6645,285.7515,285.30392,284.67203
1993-10-24,286.76242,286.5687,285.93054,286.81964,286.51157,286.01962
1993-10-25,286.43036,286.27042,285.66647,286.39783,286.10776,285.63425
1993-10-26,288.2652,288.04102,287.37326,288.3732,288.02023,287.48428
1993-10-27,289.0157,288.84927,288.23972,289.01334,288.71777,288.2398
1993-10-28,288.34274,288.39255,287.99966,288.47012,288.3899,288.1277
1993-10-29,284.1425,284.14072,283.69675,284.4887,284.36255,284.05493
1993-10-30,283.64764,283.52863,282.96802,283.79553,283.5449,283.1132
1993-10-31,285.0403,285.23273,284.98407,285.28516,285.3281,285.1904
1993-11-01,282.0425,281.979,281.475,282.12698,281.92563,281.54416
1993-11-02,280.70203,280.5595,279.97714,280.83737,280.54675,280.07654
1993-11-03,279.29022,279.13873,278.548,279.44965,279.16,278.69122
1993-11-04,279.66022,279.31577,278.53278,279.9692,279.5378,278.92773
1993-11-05,280.48895,280.43277,279.93878,280.40378,280.22324,279.8645
1993-11-06,282.68658,282.45657,281.78955,282.8875,282.52362,281.98203
1993-11-07,285.5243,285.4204,284.88022,285.6621,285.45306,285.0667
1993-11-08,283.6235,283.67648,283.294,283.71042,283.60944,283.33163
1993-11-09,281.32266,281.2423,280.72726,281.55557,281.35248,280.973
1993-11-10,272.42712,272.3525,271.84406,272.38464,272.1299,271.6992
1993-11-11,272.35843,271.90656,271.0216,272.3412,271.73276,270.94876
1993-11-12,278.64532,278.04883,277.02014,278.89417,278.11414,277.15897
1993-11-13,283.61087,283.3276,282.61307,283.62607,283.14127,282.48172
1993-11-14,285.97803,285.82812,285.2478,285.9866,285.694,285.22708
1993-11-15,287.57925,287.24283,286.47687,287.77322,287.2969,286.64664
1993-11-16,283.18292,283.02188,282.43222,282.97418,282.66495,282.18213
1993-11-17,280.48087,280.13058,279.3526,280.6823,280.2145,279.57343
1993-11-18,285.4788,285.06976,284.23392,285.7974,285.27817,284.586
1993-11-19,286.6878,286.36395,285.61414,286.7158,286.29028,285.69214
1993-11-20,284.389,284.0432,283.2724,284.60123,284.14484,283.51608
1993-11-21,284.14526,283.85785,283.14627,283.98236,283.52643,282.89835
1993-11-22,273.98865,274.05664,273.70132,273.55493,273.4469,273.16696
1993-11-23,271.66205,271.49045,270.8964,271.69092,271.41388,270.96518
1993-11-24,271.28604,271.15155,270.59543,271.34778,271.0924,270.66547
1993-11-25,271.6195,271.56525,271.0901,271.82162,271.61053,271.22803
1993-11-26,274.68533,274.53162,273.95776,274.53384,274.24487,273.78458
1993-11-27,273.33377,273.37158,272.98996,273.47003,273.3652,273.08914
1993-11-28,269.5986,269.4844,268.95154,269.6276,269.3804,268.96194
1993-11-29,269.34705,269.21432,268.6636,269.29953,269.03094,268.59116
1993-11-30,271.4652,271.15128,270.41986,271.76657,271.3211,270.70438
1993-12-01,274.5555,274.2904,273.60843,273.74963,273.35614,272.7912
1993-12-02,280.45242,280.43796,280.0071,280.41342,280.26117,279.93732
1993-12-03,266.39923,266.3133,265.8114,266.1671,265.9547,265.5705
1993-12-04,263.7904,263.60858,263.01126,263.76657,263.44232,262.946
1993-12-05,263.97562,263.6503,262.9098,264.00385,263.5448,262.91342
1993-12-06,262.89667,262.6276,261.94357,262.91406,262.53595,261.98508
1993-12-07,267.12106,267.01202,266.48825,267.01486,266.72818,266.26834
1993-12-08,275.73602,275.65967,275.1686,275.66187,275.4625,275.08954
1993-12-09,272.03754,272.11844,271.7847,271.97858,271.9889,271.82513
1993-12-10,267.04376,266.78195,266.1055,266.9975,266.56827,265.9643
1993-12-11,274.65106,274.6453,274.2248,274.7863,274.62653,274.2914
1993-12-12,270.61447,270.86877,270.70816,270.71545,270.8665,270.8414
1993-12-13,273.4443,273.57254,273.28555,273.58182,273.59903,273.4394
1993-12-14,270.83722,271.34103,271.4293,271.0038,271.3586,271.5357
1993-12-15,262.00867,261.73804,261.05133,261.83127,261.45972,260.90958
1993-12-16,265.21237,264.93143,264.23392,265.24783,264.87396,264.32056
1993-12-17,260.91528,260.78687,260.24124,260.96622,260.71143,260.27606
1993-12-18,260.01495,259.78882,259.14478,259.9536,259.58093,259.02664
1993-12-19,261.14966,260.87222,260.17606,261.1127,260.7294,260.16327
1993-12-20,261.44284,261.224,260.58554,261.71848,261.3695,260.8365
1993-12-21,266.67664,266.4869,265.87656,266.6535,266.33566,265.83252
1993-12-22,270.7828,270.53952,269.8746,270.79575,270.4349,269.8875
1993-12-23,269.6643,269.3379,268.58865,269.51398,269.07776,268.45352
1993-12-24,272.97162,272.45572,271.51572,272.8687,272.18042,271.30267
1993-12-25,275.55737,275.25244,274.5221,275.67612,275.25543,274.64383
1993-12-26,275.846,275.47577,274.67865,275.85443,275.32794,274.609
1993-12-27,277.84564,277.68506,277.09616,277.5851,277.27936,276.77957
1993-12-28,277.57132,277.53033,277.0595,277.31543,277.1243,276.73746
1993-12-29,278.14047,277.94342,277.31482,278.19183,277.91946,277.44965
1993-12-30,273.37625,273.3022,272.7949,273.27554,273.10236,272.73
1993-12-31,275.1816,274.6705,273.72437,275.11618,274.4854,273.65372
1994-01-01,276.45514,276.38632,275.87872,276.33136,276.11383,275.6918
1994-01-02,273.13574,272.991,272.40564,273.13818,272.8863,272.42798
1994-01-03,276.0504,275.77344,275.0538,275.96762,275.60422,275.03253
1994-01-04,277.71304,277.4741,276.79047,277.5901,277.26266,276.72507
1994-01-05,272.49677,272.15405,271.36462,272.27078,271.82254,271.1622
1994-01-06,275.6865,275.3444,274.5535,275.6606,275.22485,274.57507
1994-01-07,272.3217,272.11234,271.45197,272.25876,271.99692,271.51913
1994-01-08,269.13202,269.00128,268.41742,268.85132,268.60583,268.14246
1994-01-09,273.75763,273.6209,273.0289,273.96164,273.68744,273.19345
1994-01-10,277.0657,276.8708,276.2184,277.17105,276.82928,276.26575
1994-01-11,275.60205,275.66257,275.26352,275.72607,275.66974,275.38977
1994-01-12,262.52103,262.30603,261.62927,261.83698,261.48383,260.90512
1994-01-13,261.93365,261.37558,260.35358,261.85626,261.1517,260.21973
1994-01-14,265.8635,265.19186,264.0542,265.56854,264.7606,263.72348
1994-01-15,265.18506,264.75607,263.85898,264.64597,264.06342,263.24985
1994-01-16,258.32184,258.16595,257.53992,257.52768,257.2118,256.6631
1994-01-17,260.06393,259.71652,258.8969,259.82114,259.2899,258.52414
1994-01-18,262.25146,262.19553,261.6654,262.2495,262.04422,261.6028
1994-01-19,260.20782,260.3575,260.03104,259.9527,260.02124,259.85208
1994-01-20,257.86557,257.78375,257.22394,258.0365,257.7677,257.25955
1994-01-21,263.95648,263.61655,262.79678,264.06293,263.59146,262.87924
1994-01-22,266.4625,266.23547,265.52686,266.42157,266.0675,265.47128
1994-01-23,273.82315,273.65475,273.0031,274.16516,273.9094,273.41016
1994-01-24,269.7757,269.9987,269.73682,269.704,269.81448,269.68015
1994-01-25,256.37985,256.44244,256.01865,255.6898,255.6572,255.37868
1994-01-26,254.7192,254.40225,253.59758,254.86285,254.42221,253.73457
1994-01-27,272.81436,272.6995,272.09552,273.11676,272.859,272.35327
1994-01-28,271.24173,271.45575,271.1795,271.11792,271.1724,270.978
1994-01-29,260.1205,260.13644,259.66098,259.5715,259.41443,259.00763
1994-01-30,258.16034,257.95898,257.2652,257.8321,257.47275,256.86298
1994-01-31,253.31802,253.31894,252.82654,253.17894,252.9188,252.40765
1994-02-01,260.47385,260.13657,259.3051,260.60178,260.1065,259.35977
1994-02-02,266.8479,266.76633,266.18994,266.37216,266.15247,265.68094
1994-02-03,268.57535,268.4776,267.88452,269.45438,269.19067,268.67477
1994-02-04,275.88586,275.8578,275.33395,275.87854,275.7387,275.34653
1994-02-05,274.38214,273.99786,273.11755,274.49442,273.97415,273.20148
1994-02-06,273.9115,273.5683,272.72888,274.36227,273.86337,273.11212
1994-02-07,272.5358,272.1961,271.3602,272.90152,272.44092,271.72818
1994-02-08,274.40714,274.42685,273.95038,274.67224,274.5391,274.15408
1994-02-09,278.13644,277.7454,276.85834,278.23557,277.65347,276.8199
1994-02-10,280.37347,280.36108,279.853,279.91586,279.81296,279.45914
1994-02-11,278.29477,278.51083,278.23163,277.8038,277.86554,277.677
1994-02-12,277.6009,277.43787,276.78015,277.72736,277.4656,276.95428
1994-02-13,277.86142,277.9681,277.5808,277.97037,277.94064,277.6622
1994-02-14,280.7823,280.63504,279.9946,281.13193,280.84225,280.3048
1994-02-15,278.34192,278.5135,278.19275,278.36038,278.38773,278.1683
1994-02-16,270.1305,270.10605,269.59033,269.74426,269.60272,269.21555
1994-02-17,269.53455,269.39813,268.77155,269.02078,268.7836,268.30203
1994-02-18,272.21548,272.19992,271.6955,271.53497,271.41306,271.04813
1994-02-19,280.33078,279.96735,279.1163,280.63297,280.1544,279.4342
1994-02-20,281.47385,281.24304,280.52612,280.9808,280.6266,280.03232
1994-02-21,287.9535,287.79694,287.1558,288.2694,288.06274,287.6176
1994-02-22,289.59088,289.5368,288.99963,289.62326,289.49896,289.13785
1994-02-23,288.12192,288.12112,287.63898,288.39645,288.2653,287.89905
1994-02-24,286.34985,286.3327,285.83588,286.59753,286.5197,286.20865
1994-02-25,276.63574,276.44525,275.77692,276.26242,275.96893,275.44403
1994-02-26,276.60538,276.5844,276.08743,276.1314,275.97308,275.58524
1994-02-27,274.3488,273.97083,273.1188,274.4361,273.90686,273.15012
1994-02-28,276.0948,275.9351,275.30325,276.08124,275.73398,275.16113
1994-03-01,282.74954,282.3227,281.4257,281.81625,281.24628,280.45282
1994-03-02,278.03342,277.84985,277.19815,277.35815,277.04938,276.51917
1994-03-03,277.78223,277.44153,276.63477,278.11298,277.7038,277.07526
1994-03-04,280.3327,280.13672,279.4767,280.15985,279.87848,279.3799
1994-03-05,276.432,276.24854,275.60306,276.42337,276.1496,275.6607
1994-03-06,280.64526,280.59906,280.09286,280.0404,279.88812,279.5229
1994-03-07,274.0104,274.1355,273.80264,273.2693,273.19843,272.91663
1994-03-08,274.82928,274.47342,273.6617,275.12207,274.59836,273.8658
1994-03-09,273.35873,273.26202,272.71143,273.46753,273.20593,272.73764
1994-03-10,267.3344,267.39697,267.0076,266.787,266.72595,266.46027
1994-03-11,263.25888,263.49786,263.28687,262.79803,262.9019,262.8031
1994-03-12,261.45038,261.22534,260.5522,261.48325,261.16467,260.6455
1994-03-13,265.31024,264.83774,263.91898,265.5393,264.9757,264.21335
1994-03-14,264.6408,264.45868,263.83203,264.19788,263.8737,263.35266
1994-03-15,264.50717,264.3906,263.8312,264.08832,263.8497,263.41605
1994-03-16,266.61487,266.4942,265.9323,266.28024,266.07578,265.67804
1994-03-17,268.90204,268.901,268.46024,268.56516,268.4832,268.20963
1994-03-18,277.10654,276.81525,276.08582,277.10934,276.73495,276.1706
1994-03-19,280.23264,280.03204,279.39462,279.7747,279.48352,279.00397
1994-03-20,278.1628,277.65607,276.71378,278.4601,277.84286,277.03867
1994-03-21,277.6729,277.20932,276.3114,277.84476,277.25858,276.48682
1994-03-22,281.0983,280.92245,280.31326,281.2898,280.95587,280.43765
1994-03-23,284.31403,284.2854,283.82446,283.6902,283.5646,283.25595
1994-03-24,288.08572,287.80267,287.08817,287.49368,287.0766,286.4775
1994-03-25,291.74814,291.01752,289.8562,291.72696,290.88538,289.8628
1994-03-26,291.8203,291.64944,291.0484,291.77393,291.5188,291.08347
1994-03-27,291.32574,291.21613,290.6769,291.15182,290.90625,290.48132
1994-03-28,288.6516,288.42148,287.7621,288.44803,288.1212,287.61563
1994-03-29,285.17175,284.97455,284.34833,285.70673,285.39996,284.915
1994-03-30,287.0111,286.88702,286.33414,286.8827,286.64774,286.23505
1994-03-31,292.30505,292.28635,291.83887,292.25244,292.1545,291.8792
1994-04-01,284.17352,284.20557,283.80865,283.6135,283.52533,283.26
1994-04-02,276.5899,276.52432,276.0296,276.9998,276.8209,276.465
1994-04-03,273.78552,273.80426,273.3935,273.76392,273.61826,273.2955
1994-04-04,277.05368,276.8514,276.21912,277.03815,276.69534,276.17538
1994-04-05,283.5906,283.53632,283.0515,282.96738,282.88843,282.63214
1994-04-06,282.6235,282.41803,281.78137,282.55045,282.26813,281.8081
1994-04-07,281.67615,281.3564,280.60464,281.7522,281.30545,280.68057
1994-04-08,285.87234,285.6293,284.95328,285.94473,285.61566,285.10794
1994-04-09,288.49625,288.2556,287.58105,288.77563,288.47806,288.00116
1994-04-10,290.5241,290.37094,289.7828,290.47958,290.2244,289.78918
1994-04-11,286.3134,286.093,285.43637,285.72586,285.39615,284.88556
1994-04-12,279.22192,278.88052,278.1016,278.4144,277.9481,277.30008
1994-04-13,279.49646,279.35764,278.7799,279.42294,279.1299,278.65424
1994-04-14,283.38654,283.29202,282.75717,283.22604,283.03888,282.66797
1994-04-15,281.26437,281.10004,280.49387,280.95285,280.63034,280.12302
1994-04-16,279.67828,279.5766,279.0315,279.41455,279.1832,278.76587
1994-04-17,288.8966,288.70593,288.07025,288.68228,288.36987,287.87027
1994-04-18,295.8258,295.65863,295.04477,296.0735,295.82022,295.37845
1994-04-19,297.64148,297.46097,296.83212,297.4746,297.22568,296.78693
1994-04-20,292.06683,291.42245,290.3279,292.24384,291.4764,290.51782
1994-04-21,291.39337,291.01288,290.18045,291.31024,290.8209,290.139
1994-04-22,288.65552,287.66794,286.22665,288.63913,287.50085,286.16855
1994-04-23,295.02606,294.47534,293.4691,295.64584,294.9525,294.06378
1994-04-24,294.2816,294.0005,293.26205,294.32593,293.9254,293.3281
1994-04-25,291.8872,291.81168,291.277,291.6712,291.4843,291.09915
1994-04-26,287.62677,287.44995,286.8123,287.44427,287.13977,286.63562
1994-04-27,294.5434,294.3468,293.68762,294.29303,293.99664,293.4991
1994-04-28,293.1048,292.83856,292.10797,292.6271,292.26328,291.69693
1994-04-29,288.33856,288.14807,287.49155,287.69113,287.38733,286.87964
1994-04-30,285.77707,285.70804,285.17123,285.41043,285.248,284.8803
1994-05-01,287.8535,287.60428,286.8857,287.7467,287.37195,286.79065
1994-05-02,292.74405,292.40216,291.58936,292.49902,292.0354,291.36395
1994-05-03,291.48074,291.2471,290.5411,291.9964,291.61816,291.0309
1994-05-04,292.9506,292.66068,291.897,293.16476,292.72723,292.07956
1994-05-05,293.7278,293.64438,293.08585,293.29694,293.08493,292.66168
1994-05-06,288.51068,288.34882,287.71063,288.32065,288.05032,287.5677
1994-05-07,286.2565,286.12094,285.50787,286.65594,286.39886,285.92865
1994-05-08,285.88498,285.66986,284.97623,285.38202,285.066,284.536
1994-05-09,288.63947,288.28394,287.44894,288.64767,288.16147,287.46057
1994-05-10,289.39386,289.33478,288.79538,289.61697,289.43512,289.03787
1994-05-11,286.78284,286.4726,285.68134,286.65225,286.17245,285.47665
1994-05-12,292.24515,292.01202,291.29724,292.19672,291.8493,291.2855
1994-05-13,293.70895,293.67728,293.1634,293.44968,293.30093,292.9354
1994-05-14,290.14835,289.93536,289.23984,289.93622,289.61343,289.0736
1994-05-15,298.26276,297.97977,297.21396,298.6781,298.26337,297.6315
1994-05-16,298.73022,298.62405,298.03497,298.32822,298.08514,297.62494
1994-05-17,292.7638,292.4429,291.6391,292.63602,292.1706,291.48816
1994-05-18,289.70642,289.412,288.63477,289.5362,289.07306,288.3931
1994-05-19,290.9113,290.84897,290.30414,291.02356,290.81973,290.39935
1994-05-20,291.39252,291.25214,290.6296,291.46292,291.17368,290.66843
1994-05-21,290.38104,290.14218,289.42163,290.30725,289.93127,289.33984
1994-05-22,291.90753,291.7324,291.07623,291.74692,291.4475,290.93338
1994-05-23,293.05307,292.75146,291.9696,293.1854,292.76672,292.13416
1994-05-24,294.77335,294.49265,293.73267,295.31934,294.8779,294.22354
1994-05-25,291.50644,291.21405,290.4434,291.42133,290.9744,290.3156
1994-05-26,289.4561,289.37427,288.8153,289.17505,288.9507,288.5157
1994-05-27,295.1402,294.8484,294.08075,295.47296,295.06363,294.4449
1994-05-28,292.11914,291.82498,291.0564,292.84576,292.37183,291.68994
1994-05-29,298.02054,297.82013,297.1468,297.77518,297.4471,296.91266
1994-05-30,300.0293,299.49738,298.49417,299.25006,298.54016,297.6255
1994-05-31,303.90198,303.67767,302.98383,304.2559,303.95508,303.45117
1994-06-01,299.3568,299.52902,299.23355,299.09726,299.1562,299.01385
1994-06-02,294.9876,295.14417,294.835,295.0127,295.01404,294.81604
1994-06-03,293.0642,293.0899,292.65186,292.6919,292.5989,292.3086
1994-06-04,289.98422,289.8069,289.16788,289.68735,289.3637,288.84488
1994-06-05,294.06454,293.93274,293.34143,294.13745,293.8596,293.38876
1994-06-06,294.65634,294.29062,293.46765,294.82733,294.31546,293.61282
1994-06-07,294.61075,294.27246,293.47937,295.00235,294.54684,293.9029
1994-06-08,298.3507,298.15796,297.51276,298.82956,298.50256,297.98947
1994-06-09,299.2275,298.91547,298.15335,299.64786,299.17755,298.52362
1994-06-10,300.482,300.2813,299.63306,301.05173,300.67746,300.122
1994-06-11,302.38446,302.09317,301.35687,302.82022,302.393,301.78714
1994-06-12,301.1169,300.84186,300.12433,300.91452,300.49747,299.9043
1994-06-13,297.4532,297.09317,296.2932,297.31055,296.80426,296.12448
1994-06-14,300.38315,300.04184,299.2632,300.49667,300.0274,299.38724
1994-06-15,294.8288,294.71912,294.17477,294.67383,294.43127,294.02042
1994-06-16,293.486,293.09525,292.27237,293.79422,293.2907,292.6215
1994-06-17,298.37323,297.94016,297.07758,298.4771,297.9068,297.1733
1994-06-18,304.50165,304.01086,303.09317,304.56494,303.9832,303.2409
1994-06-19,301.64032,301.4847,300.90482,301.48672,301.19986,300.75504
1994-06-20,301.18512,301.1091,300.61133,301.10104,300.8791,300.5018
1994-06-21,296.73416,296.58887,296.02438,296.65933,296.37256,295.93292
1994-06-22,300.33105,300.06488,299.38196,300.199,299.77277,299.1961
1994-06-23,299.7115,299.66595,299.2061,299.81384,299.58414,299.20642
1994-06-24,299.28693,298.8871,298.0753,298.54108,297.98074,297.27487
1994-06-25,298.0155,297.68152,296.93793,298.14685,297.67825,297.06647
1994-06-26,300.41486,300.05826,299.29428,300.7764,300.3188,299.72028
1994-06-27,296.60733,296.5419,296.07138,296.8551,296.63843,296.283
1994-06-28,295.4521,295.2079,294.5607,295.4823,295.102,294.58502
1994-06-29,296.4155,296.29272,295.769,296.35355,296.10214,295.71613
1994-06-30,293.21695,293.1143,292.61258,293.11707,292.8878,292.52582
1994-07-01,292.76178,292.06125,290.96353,292.73804,291.92245,290.9761
1994-07-02,301.41473,301.04114,300.2722,301.4644,301.00208,300.41074
1994-07-03,305.77814,305.3731,304.57443,306.17392,305.67014,305.03894
1994-07-04,300.81183,300.6488,300.0937,300.86017,300.54822,300.1105
1994-07-05,296.67502,296.38614,295.7067,296.84802,296.43906,295.9057
1994-07-06,297.89017,297.64124,297.00308,298.0362,297.64404,297.12888
1994-07-07,301.71045,301.3371,300.5758,301.6425,301.11966,300.47513
1994-07-08,295.2279,294.96365,294.3126,294.8732,294.4629,293.932
1994-07-09,296.81116,296.5345,295.87207,296.6506,296.2099,295.6496
1994-07-10,300.31454,300.26068,299.82202,300.19025,299.98428,299.6596
1994-07-11,299.27316,299.00217,298.34723,298.64307,298.16064,297.5602
1994-07-12,302.16824,302.08066,301.60983,301.9657,301.772,301.461
1994-07-13,302.62393,302.5382,302.06992,302.95917,302.71658,302.35718
1994-07-14,302.45575,302.0413,301.24472,302.4751,301.91696,301.24246
1994-07-15,300.52258,300.65567,300.407,300.36502,300.3268,300.17245
1994-07-16,298.23608,298.05307,297.48862,297.56635,297.20786,296.73343
1994-07-17,301.3115,301.16077,300.62875,301.16742,300.83682,300.3903
1994-07-18,303.17743,303.03662,302.51462,303.5847,303.29242,302.8841
1994-07-19,306.66956,306.67072,306.2906,306.1912,306.01062,305.71384
1994-07-20,301.69547,301.6559,301.235,301.06903,300.8645,300.54346
1994-07-21,301.09637,300.8672,300.25638,300.99658,300.60983,300.1061
1994-07-22,301.30154,301.2234,300.7633,300.732,300.47888,300.1083
1994-07-23,295.77823,295.64465,295.12863,295.4732,295.15445,294.7176
1994-07-24,299.35538,299.02368,298.30908,299.4407,298.99612,298.4327
1994-07-25,300.93408,300.8001,300.28262,300.51703,300.2568,299.87683
1994-07-26,303.02496,302.89264,302.37613,303.00922,302.752,302.37415
1994-07-27,299.1758,299.134,298.70724,298.65497,298.4908,298.20496
1994-07-28,299.7049,299.50006,298.90942,299.32388,298.98578,298.52487
1994-07-29,302.0899,301.6107,300.74478,302.60834,301.97916,301.22598
1994-07-30,300.8821,300.6872,300.1046,300.36362,300.08005,299.6712
1994-07-31,297.42566,297.29025,296.7661,297.1656,296.8879,296.48358
1994-08-01,298.19086,297.9001,297.2195,298.6046,298.1955,297.65833
1994-08-02,299.97415,299.63434,298.9036,300.28128,299.83737,299.26392
1994-08-03,300.67545,300.717,300.36642,300.89896,300.83057,300.63104
1994-08-04,298.3374,298.23312,297.73544,297.81677,297.51575,297.08206
1994-08-05,297.74878,296.99152,295.8396,298.30133,297.35724,296.27878
1994-08-06,303.10263,302.88217,302.2658,303.20615,302.86334,302.38452
1994-08-07,303.18228,303.1278,302.67603,303.11417,302.97342,302.6949
1994-08-08,299.09406,298.90027,298.3078,298.91068,298.56512,298.08002
1994-08-09,297.7802,297.6036,297.02695,297.71738,297.4014,296.9441
1994-08-10,298.67722,298.33432,297.5899,298.8184,298.33078,297.69998
1994-08-11,300.36792,300.17175,299.57266,300.70148,300.3847,299.92294
1994-08-12,302.25507,302.12247,301.58554,302.47217,302.2162,301.81332
1994-08-13,301.76706,301.7256,301.2783,302.00677,301.8214,301.48734
1994-08-14,302.99457,302.92737,302.45294,303.2217,303.00082,302.62943
1994-08-15,304.28705,304.1401,303.5846,304.3683,304.10388,303.68704
1994-08-16,302.94366,302.85547,302.35724,303.46182,303.21735,302.8186
1994-08-17,299.07547,298.72653,297.9661,299.33337,298.87402,298.2586
1994-08-18,297.9774,297.98328,297.57626,297.80145,297.69815,297.43686
1994-08-19,298.98456,298.62268,297.84653,299.2534,298.78027,298.14746
1994-08-20,300.82938,300.69928,300.1535,300.54282,300.28107,299.85782
1994-08-21,299.54886,299.25656,298.5472,299.13135,298.69293,298.09128
1994-08-22,295.31567,295.02383,294.31366,294.9177,294.56485,294.04703
1994-08-23,302.35837,302.11243,301.44687,302.5675,302.2406,301.74707
1994-08-24,301.6397,301.18204,300.3035,301.73834,301.1895,300.47244
1994-08-25,303.08844,302.82437,302.13815,303.2557,302.9331,302.44064
1994-08-26,301.00412,300.70755,299.9876,301.14346,300.79376,300.27264
1994-08-27,302.23508,302.04907,301.43854,302.08563,301.80878,301.35895
1994-08-28,304.02017,303.69397,302.94205,304.3715,303.9673,303.38867
1994-08-29,303.8322,303.46988,302.6807,304.25394,303.82645,303.2231
1994-08-30,300.18604,300.04352,299.47305,299.6822,299.4266,298.99384
1994-08-31,298.48166,298.1019,297.29315,298.4694,297.97845,297.309
1994-09-01,298.0711,297.64294,296.7848,298.311,297.7467,297.00262
1994-09-02,295.20068,294.51746,293.40326,295.75275,294.8476,293.76154
1994-09-03,300.57996,300.37265,299.73343,300.68408,300.41904,299.97195
1994-09-04,295.55774,295.1462,294.30188,295.7954,295.242,294.50543
1994-09-05,293.0726,292.91406,292.32184,293.68674,293.34122,292.81146
1994-09-06,290.05588,289.79956,289.10873,291.49176,290.99307,290.30927
1994-09-07,291.5336,290.72998,289.491,292.2245,291.29794,290.18536
1994-09-08,293.096,292.6896,291.8471,293.42178,292.8717,292.13474
1994-09-09,296.01752,295.55576,294.6572,296.56577,295.9557,295.15793
1994-09-10,298.5742,298.29742,297.58316,299.3636,298.9198,298.28757
1994-09-11,293.46805,293.11066,292.31512,293.92603,293.39816,292.68124
1994-09-12,296.90826,296.55643,295.76578,297.20193,296.71597,296.04034
1994-09-13,301.37247,300.91354,300.0152,301.80026,301.2192,300.4479
1994-09-14,299.94333,299.76123,299.13916,299.87863,299.60434,299.13925
1994-09-15,294.58316,294.36066,293.69763,294.5946,294.25885,293.73184
1994-09-16,291.70282,291.42596,290.70807,291.92264,291.52316,290.93204
1994-09-17,296.17355,295.84808,295.0811,296.46393,296.02115,295.38638
1994-09-18,298.14877,297.8965,297.20227,298.52548,298.13736,297.55698
1994-09-19,298.71985,298.3354,297.5085,299.21786,298.69226,297.97412
1994-09-20,295.0464,294.9748,294.46036,295.34668,295.08606,294.6327
1994-09-21,297.5028,297.22128,296.49652,297.88483,297.5106,296.94348
1994-09-22,298.96143,298.70184,297.9987,299.32498,298.94266,298.3673
1994-09-23,297.29214,296.904,296.0719,297.6719,297.15747,296.44995
1994-09-24,301.1914,301.00406,300.3725,301.1505,300.84836,300.3531
1994-09-25,302.86755,302.6903,302.06854,303.3735,303.12485,302.68304
1994-09-26,299.59778,299.5907,299.1388,300.05017,299.91595,299.58862
1994-09-27,294.08664,294.0752,293.61874,294.33133,294.1946,293.86484
1994-09-28,293.53513,293.21155,292.44266,293.42715,292.98114,292.3422
1994-09-29,291.20084,291.07495,290.5036,292.05515,291.79807,291.3482
1994-09-30,288.0174,287.87323,287.2833,288.27094,288.0138,287.56396
1994-10-01,288.91885,288.63235,287.8999,288.22598,287.84363,287.26883
1994-10-02,294.17905,294.13644,293.64777,294.50357,294.30872,293.92163
1994-10-03,290.13553,290.05423,289.52673,290.15094,289.93213,289.5213
1994-10-04,288.44202,288.3334,287.77847,288.50116,288.25818,287.82346
1994-10-05,288.40198,288.34912,287.84976,288.60696,288.45734,288.11624
1994-10-06,286.63867,286.60657,286.12784,286.683,286.52917,286.1841
1994-10-07,286.23416,286.06635,285.45193,286.3794,286.0844,285.59854
1994-10-08,288.25848,287.95218,287.19922,288.4118,287.97284,287.34335
1994-10-09,288.19174,288.06784,287.49722,288.61197,288.3563,287.9104
1994-10-10,288.73657,288.50357,287.82385,288.96915,288.6272,288.0954
1994-10-11,291.98505,291.74634,291.06088,292.42865,292.07736,291.53662
1994-10-12,295.87564,295.5386,294.75488,296.45605,296.00592,295.36664
1994-10-13,296.71295,296.395,295.63034,297.32648,296.88046,296.2458
1994-10-14,296.57733,296.2649,295.50583,297.13156,296.71075,296.10162
1994-10-15,294.5871,294.29425,293.55493,295.11002,294.67374,294.04956
1994-10-16,291.97162,291.8168,291.21564,292.3252,292.01764,291.52264
1994-10-17,286.7281,287.0291,286.88397,286.80362,286.97144,286.95224
1994-10-18,287.53506,287.28864,286.5962,288.01532,287.65353,287.10513
1994-10-19,290.53043,290.2586,289.54095,291.0155,290.59406,289.98642
1994-10-20,291.62732,291.38974,290.70657,292.14023,291.77982,291.23367
1994-10-21,287.59756,287.3076,286.57227,288.09427,287.65057,287.02167
1994-10-22,285.32623,284.86374,283.9562,285.3311,284.7611,284.0063
1994-10-23,286.41803,286.2153,285.5678,286.20544,285.86893,285.34808
1994-10-24,285.0888,284.52606,283.51892,285.07373,284.40457,283.55154
1994-10-25,287.95392,287.35037,286.30286,288.1706,287.46692,286.57977
1994-10-26,290.60574,290.16873,289.28815,291.12552,290.5938,289.87918
1994-10-27,290.0396,289.75198,289.02118,290.12207,289.7183,289.13208
1994-10-28,289.35648,289.09216,288.38516,289.7196,289.36526,288.82898
1994-10-29,291.06717,290.76782,290.0263,291.24683,290.8516,290.27484
1994-10-30,288.33145,288.04193,287.31085,288.40643,288.01117,287.43488
1994-10-31,283.82208,282.94928,281.63538,283.62445,282.71515,281.62527
1994-11-01,287.27805,286.74353,285.76855,287.2601,286.5549,285.66962
1994-11-02,292.96014,292.62146,291.84293,293.3383,292.887,292.25613
1994-11-03,294.6232,294.3225,293.5826,294.78888,294.36188,293.75574
1994-11-04,288.39984,288.3116,287.78488,288.41577,288.18933,287.78424
1994-11-05,285.4678,285.1765,284.44745,285.52682,285.10733,284.50967
1994-11-06,287.40787,287.1465,286.4481,287.4621,287.05905,286.4783
1994-11-07,283.07455,282.9132,282.3156,283.16684,282.88153,282.41888
1994-11-08,287.38123,287.0902,286.36368,287.60965,287.18542,286.58435
1994-11-09,285.603,285.39145,284.74524,285.8281,285.4745,284.94446
1994-11-10,289.27698,288.8032,287.89557,289.2717,288.6454,287.84308
1994-11-11,287.25986,286.96622,286.23953,287.4275,287.0057,286.40833
1994-11-12,288.8144,288.35983,287.47308,289.13977,288.541,287.76706
1994-11-13,287.30923,287.04074,286.34097,287.57156,287.15955,286.57278
1994-11-14,284.448,284.38025,283.8821,284.47205,284.23547,283.82462
1994-11-15,281.92343,281.5884,280.8239,282.13364,281.63705,280.96655
1994-11-16,282.15613,282.03293,281.4811,282.2255,281.98972,281.58032
1994-11-17,280.37976,280.066,279.3246,280.639,280.18387,279.55548
1994-11-18,281.07056,280.97302,280.4487,281.2636,281.00592,280.5753
1994-11-19,275.84888,275.69238,275.1099,275.82877,275.53934,275.07724
1994-11-20,278.70563,278.38153,277.6324,278.6668,278.20407,277.569
1994-11-21,273.31793,273.1538,272.56555,273.20746,272.91837,272.45718
1994-11-22,272.6964,272.25537,271.391,272.49457,271.95847,271.25046
1994-11-23,274.29083,274.11667,273.52002,274.31982,273.95013,273.40875
1994-11-24,278.92368,278.9023,278.4593,279.0979,278.95093,278.63242
1994-11-25,281.3128,281.22928,280.72485,280.96066,280.75867,280.38525
1994-11-26,282.84985,282.59192,281.9139,282.87256,282.49042,281.937
1994-11-27,282.21643,282.0423,281.44876,282.41144,282.05023,281.51782
1994-11-28,287.5799,287.47733,286.95612,287.49353,287.31192,286.959
1994-11-29,284.73782,284.116,283.07617,284.85913,284.11905,283.20776
1994-11-30,279.05795,278.36703,277.25864,279.49017,278.6655,277.6695
1994-12-01,270.52368,270.19666,269.45273,270.5578,270.11963,269.51007
1994-12-02,271.26477,270.86163,270.04214,271.2285,270.68933,269.9786
1994-12-03,275.04855,274.72458,273.9847,275.23465,274.74475,274.08304
1994-12-04,277.79483,277.5232,276.83606,277.6498,277.2678,276.7137
1994-12-05,281.40305,281.0071,280.19598,281.474,280.96255,280.27878
1994-12-06,281.67816,281.401,280.7089,282.02866,281.60895,281.01654
1994-12-07,282.92203,282.87552,282.4143,282.64716,282.5008,282.18127
1994-12-08,277.68475,277.65198,277.20453,277.42834,277.25244,276.90298
1994-12-09,279.0845,278.6685,277.83786,278.98367,278.45255,277.74728
1994-12-10,284.79794,284.20032,283.18802,284.81375,284.06857,283.14865
1994-12-11,280.19803,279.99133,279.36987,280.26352,279.93488,279.43085
1994-12-12,281.99197,281.7947,281.18256,282.23117,281.91602,281.42477
1994-12-13,280.02213,279.72397,279.01056,280.0773,279.65305,279.0519
1994-12-14,283.48068,283.19952,282.5028,283.1942,282.8239,282.2759
1994-12-15,286.78735,286.31918,285.43494,286.90817,286.33954,285.5923
1994-12-16,281.13718,280.9462,280.33865,281.22208,280.95837,280.51514
1994-12-17,265.41647,265.6134,265.3931,265.16214,265.2455,265.1483
1994-12-18,263.37454,263.21457,262.63663,263.40857,263.14243,262.6946
1994-12-19,265.08157,264.82446,264.1486,265.08722,264.7376,264.20514
1994-12-20,272.2361,271.78705,270.91837,272.38486,271.80917,271.04944
1994-12-21,273.35568,273.21268,272.64905,273.42175,273.12817,272.64932
1994-12-22,267.75537,267.7208,267.26453,267.81442,267.6633,267.32556
1994-12-23,266.96323,266.45496,265.52383,266.8887,266.26022,265.44373
1994-12-24,277.08328,276.54437,275.58136,276.36746,275.7281,274.89926
1994-12-25,282.4133,282.11743,281.39618,282.30624,281.91595,281.33478
1994-12-26,280.434,280.48657,280.11224,280.48184,280.4233,280.17233
1994-12-27,274.74622,274.56958,273.96466,274.5904,274.32507,273.86572
1994-12-28,272.93454,272.75198,272.13953,272.63553,272.38773,271.94424
1994-12-29,274.33322,274.11316,273.46158,273.75693,273.44388,272.93344
1994-12-30,269.37595,269.7974,269.78558,269.12347,269.4511,269.5796
1994-12-31,264.42328,264.3173,263.77628,264.252,264.01306,263.57318
1995-01-01,265.4874,265.39468,264.8632,265.49625,265.281,264.86127
1995-01-02,265.27365,265.17676,264.63922,265.3305,265.12045,264.704
1995-01-03,270.0929,269.9892,269.44287,269.92166,269.71722,269.30453
1995-01-04,267.91132,267.8191,267.28223,267.98532,267.74997,267.3044
1995-01-05,262.2508,262.2909,261.88428,261.80594,261.68457,261.3511
1995-01-06,261.7284,261.4893,260.80136,261.66556,261.31223,260.74487
1995-01-07,267.59628,267.3766,266.70587,267.82477,267.46204,266.88333
1995-01-08,269.18137,269.12375,268.613,269.2693,269.1093,268.7315
1995-01-09,272.01086,271.84402,271.22195,271.96796,271.68958,271.1914
1995-01-10,271.23666,271.09784,270.50156,271.21783,270.91733,270.39508
1995-01-11,262.64746,262.7559,262.40475,262.3269,262.27942,262.0083
1995-01-12,258.4445,258.27423,257.64218,258.1345,257.84006,257.32007
1995-01-13,257.06433,256.95297,256.3777,256.54315,256.30826,255.84596
1995-01-14,256.24762,255.98872,255.26378,256.34583,255.95847,255.34192
1995-01-15,263.9388,263.73483,263.0627,263.78705,263.50565,262.99323
1995-01-16,260.37482,260.15903,259.47308,260.4162,260.05804,259.4671
1995-01-17,272.38016,271.87503,270.89764,272.28934,271.64288,270.76193
1995-01-18,275.34607,275.21002,274.59973,275.3661,275.09747,274.59277
1995-01-19,272.25204,272.2479,271.7676,272.38547,272.28085,271.93848
1995-01-20,270.04208,269.80066,269.08127,269.79544,269.42767,268.82062
1995-01-21,274.48334,274.39127,273.8193,274.46332,274.25824,273.8124
1995-01-22,269.24533,269.27612,268.82532,269.19186,269.16586,268.89764
1995-01-23,269.72742,269.12045,268.03024,270.13272,269.44135,268.50653
1995-01-24,273.5059,273.18463,272.37854,273.56815,273.10614,272.39938
1995-01-25,273.66696,273.61066,273.068,273.86456,273.67154,273.23264
1995-01-26,271.4285,271.30798,270.69974,271.66586,271.41385,270.91486
1995-01-27,262.04355,261.9971,261.46158,262.04803,261.89932,261.5026
1995-01-28,264.50705,264.41785,263.83838,264.24313,264.0255,263.559
1995-01-29,264.7035,264.57825,263.96155,264.7155,264.45706,263.94885
1995-01-30,264.22778,264.1817,263.6432,264.37097,264.20724,263.7931
1995-01-31,265.29608,265.2235,264.65762,265.3962,265.21365,264.78012
1995-02-01,266.80603,266.72412,266.1481,266.6121,266.4393,266.015
1995-02-02,267.7334,267.61258,266.99695,267.65582,267.404,266.9003
1995-02-03,270.8937,270.8879,270.38675,271.1869,271.05792,270.6768
1995-02-04,272.78415,272.64032,272.0007,273.51593,273.2663,272.76434
1995-02-05,274.04486,274.15106,273.7612,273.89252,273.92938,273.71384
1995-02-06,268.79636,268.94934,268.6061,268.57596,268.6271,268.42593
1995-02-07,264.94482,264.8123,264.1835,264.75778,264.52563,264.04135
1995-02-08,267.43997,267.38632,266.8365,267.2937,267.16592,266.7863
1995-02-09,266.7948,266.861,266.4312,266.69336,266.64224,266.33963
1995-02-10,265.50717,265.44687,264.89087,265.47855,265.3053,264.8811
1995-02-11,266.5399,266.57593,266.11673,266.5984,266.5492,266.2497
1995-02-12,268.10962,268.31708,268.0299,268.53268,268.5958,268.4093
1995-02-13,267.7953,267.88513,267.481,267.76932,267.73288,267.4477
1995-02-14,264.84424,264.80844,264.27948,264.74832,264.59732,264.19855
1995-02-15,262.2299,262.20813,261.6941,261.89505,261.7449,261.34796
1995-02-16,262.36096,262.40887,261.9655,262.27597,262.22565,261.92975
1995-02-17,265.21524,265.16992,264.6345,265.4627,265.24667,264.7863
1995-02-18,270.4243,270.4679,270.02264,270.67188,270.59177,270.26865
1995-02-19,269.64575,269.58508,269.0368,269.55704,269.37866,268.9587
1995-02-20,269.31216,269.10938,268.42044,269.28296,268.96194,268.40085
1995-02-21,270.6162,270.4701,269.8394,270.50992,270.2483,269.7482
1995-02-22,275.76575,275.63495,275.02106,275.64856,275.3721,274.85883
1995-02-23,275.80862,275.72998,275.16995,275.6528,275.41763,274.94742
1995-02-24,266.6148,266.6068,266.11914,266.40903,266.2258,265.80933
1995-02-25,263.57877,263.28668,262.51678,263.221,262.7702,262.08798
1995-02-26,272.28674,272.13327,271.50378,272.16364,271.8417,271.29025
1995-02-27,271.4444,271.38516,270.85187,271.42966,271.2186,270.78
1995-02-28,261.3132,261.2739,260.7625,260.95114,260.73395,260.29123
1995-03-01,265.19077,265.03598,264.41107,264.92862,264.6268,264.10153
1995-03-02,267.85406,267.4,266.47784,268.136,267.5493,266.74112
1995-03-03,270.9848,270.75394,270.057,270.99182,270.67078,270.1304
1995-03-04,270.80124,270.60757,269.9499,271.0341,270.73456,270.21777
1995-03-05,267.8415,267.6519,267.0003,267.81656,267.48746,266.94324
1995-03-06,265.32443,265.10202,264.41968,265.31396,264.91733,264.3077
1995-03-07,268.51538,268.25787,267.54245,268.40167,267.99936,267.38614
1995-03-08,280.2096,279.82706,278.98868,279.18423,278.71854,278.04407
1995-03-09,280.38397,280.00934,279.18082,280.72266,280.2322,279.5351
1995-03-10,275.9528,275.52533,274.646,276.4201,275.87897,275.13315
1995-03-11,276.19775,275.94702,275.24628,276.3341,275.91696,275.29715
1995-03-12,277.81064,277.6821,277.10547,278.10538,277.81967,277.3333
1995-03-13,276.7084,276.568,275.98132,276.63278,276.3686,275.90564
1995-03-14,281.43582,281.35004,280.8198,280.13617,279.99362,279.65427
1995-03-15,280.6939,280.7041,280.27148,279.49075,279.4574,279.22903
1995-03-16,277.53476,277.50815,277.04034,277.223,277.06012,276.704
1995-03-17,278.61572,278.2672,277.47903,277.2922,276.82425,276.16476
1995-03-18,280.1686,279.427,278.24728,279.71994,278.85025,277.79056
1995-03-19,281.59085,281.4827,280.93774,280.72162,280.51224,280.1145
1995-03-20,277.32147,277.0873,276.4176,277.19626,276.84677,276.31036
1995-03-21,278.555,278.343,277.69666,277.93475,277.60678,277.09326
1995-03-22,277.80194,277.6114,276.9875,277.59573,277.25226,276.72452
1995-03-23,275.73447,275.73056,275.2943,275.47485,275.35962,275.06125
1995-03-24,278.08487,277.89398,277.2716,277.7433,277.416,276.9067
1995-03-25,279.88235,279.49625,278.6794,279.44858,278.92392,278.21826
1995-03-26,286.07654,285.56854,284.63043,285.94403,285.29416,284.4641
1995-03-27,285.23135,285.0622,284.46344,284.85196,284.55444,284.07758
1995-03-28,287.67062,287.2956,286.49133,287.57822,287.10126,286.44553
1995-03-29,292.03973,291.76514,291.06152,292.43488,292.09497,291.57687
1995-03-30,292.57434,292.15726,291.31134,292.94815,292.47333,291.82077
1995-03-31,293.1989,293.166,292.70425,293.4866,293.41806,293.1721
1995-04-01,285.79047,285.82614,285.43283,285.75153,285.76666,285.60458
1995-04-02,281.50943,281.3307,280.7228,281.50122,281.2249,280.77155
1995-04-03,280.14856,279.80423,279.0304,280.4368,279.97446,279.33502
1995-04-04,279.8577,279.6416,278.99554,279.66037,279.29855,278.7596
1995-04-05,283.06512,282.97293,282.45026,282.48813,282.25955,281.8536
1995-04-06,279.18173,278.96008,278.30728,279.0189,278.6287,278.0608
1995-04-07,279.26562,279.0428,278.38794,279.19424,278.854,278.3356
1995-04-08,282.91095,282.69873,282.05356,282.86655,282.5323,282.01938
1995-04-09,285.73596,285.65704,285.1442,286.469,286.23093,285.81357
1995-04-10,286.81293,286.6059,285.9639,287.3552,287.0441,286.55295
1995-04-11,288.95566,288.76855,288.14523,289.15714,288.85876,288.37955
1995-04-12,293.22733,292.84012,292.01535,293.45416,292.99445,292.35303
1995-04-13,293.2801,293.19373,292.66852,293.15393,292.96616,292.59576
1995-04-14,289.5018,289.40424,288.86633,289.27405,289.06238,288.66702
1995-04-15,286.1425,286.10614,285.628,285.96738,285.79752,285.4428
1995-04-16,282.66425,282.48587,281.86407,282.50766,282.19278,281.69196
1995-04-17,288.73877,288.45886,287.73395,288.9026,288.4966,287.90338
1995-04-18,290.96075,290.7358,290.06415,290.74557,290.4121,289.8901
1995-04-19,293.4595,293.23694,292.566,293.8025,293.44644,292.90063
1995-04-20,293.08087,292.90097,292.2709,293.2432,292.99274,292.5511
1995-04-21,288.43967,288.30228,287.71298,288.4517,288.23837,287.83255
1995-04-22,288.9103,288.8811,288.3982,289.03165,288.88037,288.5351
1995-04-23,290.40268,290.21268,289.56714,290.36444,290.07062,289.58142
1995-04-24,298.703,297.96945,296.77863,299.24,298.45865,297.4805
1995-04-25,300.43073,300.45703,300.02423,300.21793,300.23947,300.06277
1995-04-26,293.58676,293.4045,292.7614,293.75876,293.45,292.94156
1995-04-27,292.52176,292.12784,291.2713,292.87573,292.36755,291.65826
1995-04-28,296.20898,295.84232,295.01123,296.84293,296.37994,295.71448
1995-04-29,293.68958,293.33307,292.51056,294.0028,293.5286,292.85046
1995-04-30,290.46927,290.33432,289.73163,290.64264,290.36948,289.89108
1995-05-01,285.12244,285.1391,284.6864,285.1743,285.04095,284.70105
1995-05-02,285.21896,285.11917,284.5485,285.47418,285.21436,284.74667
1995-05-03,289.76605,289.53375,288.82913,289.77682,289.39688,288.80798
1995-05-04,285.42282,285.3986,284.9006,285.65872,285.52362,285.17838
1995-05-05,287.1421,286.5293,285.4414,286.15845,285.37225,284.37482
1995-05-06,289.70627,289.5807,288.9788,289.6609,289.39703,288.9209
1995-05-07,292.36035,292.08963,291.34143,292.51572,292.1166,291.50436
1995-05-08,286.99472,286.65988,285.84653,287.45175,286.93616,286.20654
1995-05-09,284.88614,284.85767,284.34967,284.7686,284.6344,284.28552
1995-05-10,287.1991,287.0336,286.38776,287.57254,287.28998,286.792
1995-05-11,289.73102,289.53717,288.8623,290.2632,289.95837,289.43753
1995-05-12,289.9551,289.7925,289.14822,289.98572,289.68866,289.1752
1995-05-13,287.86737,287.79752,287.24542,287.75992,287.5451,287.1135
1995-05-14,288.5779,288.5277,287.9949,288.43845,288.25412,287.85275
1995-05-15,287.13342,287.1347,286.6532,287.32782,287.16666,286.78836
1995-05-16,287.34854,287.30252,286.77356,287.30417,287.11078,286.7003
1995-05-17,290.2889,290.12103,289.4702,290.073,289.7564,289.2228
1995-05-18,292.07782,291.85538,291.15015,292.00665,291.6394,291.05536
1995-05-19,295.0817,294.82086,294.07748,295.2382,294.84988,294.24506
1995-05-20,296.31,296.183,295.57388,296.6678,296.40216,295.92053
1995-05-21,294.78915,294.73074,294.19067,295.09103,294.89908,294.4917
1995-05-22,296.81876,296.5623,295.82477,296.70428,296.35513,295.79126
1995-05-23,297.0093,296.92462,296.3597,296.9428,296.73608,296.31546
1995-05-24,296.93143,296.7601,296.10947,296.76126,296.44754,295.9209
1995-05-25,298.74982,298.6013,297.9745,298.6168,298.32715,297.82568
1995-05-26,295.85696,295.39816,294.46222,295.29984,294.70105,293.8916
1995-05-27,298.81268,298.1005,296.91248,298.6609,297.74106,296.61185
1995-05-28,297.9754,297.92407,297.3983,298.0483,297.85107,297.44583
1995-05-29,293.02496,292.92673,292.3556,292.69867,292.41644,291.9278
1995-05-30,293.04605,292.8459,292.17438,293.07147,292.7288,292.1813
1995-05-31,289.86398,289.8293,289.3251,290.0621,289.8987,289.53226
1995-06-01,287.19366,286.95316,286.24496,286.24155,285.88492,285.32706
1995-06-02,290.53693,290.02863,289.05453,290.66388,289.99426,289.12537
1995-06-03,294.03702,293.82748,293.15424,294.0637,293.7106,293.16022
1995-06-04,294.96484,294.85953,294.29254,294.72745,294.47458,294.0265
1995-06-05,290.50165,290.59772,290.2343,290.19562,290.15915,289.92966
1995-06-06,295.64685,295.50644,294.9088,295.46643,295.18945,294.7217
1995-06-07,292.15005,291.9856,291.36633,292.08768,291.7641,291.25208
1995-06-08,295.35025,295.33432,294.8659,295.21567,295.0454,294.68912
1995-06-09,297.20773,297.09695,296.53616,297.2067,296.96558,296.54083
1995-06-10,295.02722,294.88617,294.29758,294.78564,294.41916,293.87146
1995-06-11,296.58347,296.62988,296.23126,296.80695,296.689,296.3924
1995-06-12,297.4232,297.21048,296.5553,298.00095,297.69287,297.20868
1995-06-13,296.27045,296.1654,295.62042,297.04694,296.82962,296.43878
1995-06-14,296.02634,295.88986,295.3161,296.48123,296.21225,295.77234
1995-06-15,295.92044,295.61578,294.87643,296.72943,296.30304,295.70828
1995-06-16,298.97873,298.76126,298.11166,299.69888,299.40225,298.93994
1995-06-17,302.67093,302.47894,301.85748,302.95538,302.6615,302.2045
1995-06-18,303.02972,302.8315,302.20642,303.03894,302.72406,302.24866
1995-06-19,304.89914,304.69766,304.07187,305.2794,304.9387,304.44006
1995-06-20,299.06702,298.80893,298.12912,299.45435,299.04855,298.4874
1995-06-21,294.33215,294.1086,293.46582,294.36612,293.9682,293.41742
1995-06-22,293.93445,293.52682,292.70245,293.52615,292.96393,292.25125
1995-06-23,294.7877,294.4679,293.7338,295.01584,294.59918,294.03458
1995-06-24,301.54837,301.3789,300.79752,301.82126,301.52286,301.07886
1995-06-25,303.43045,303.25433,302.66864,303.8214,303.51782,303.07098
1995-06-26,300.49158,300.2592,299.61942,301.07,300.6972,300.18347
1995-06-27,300.22998,299.95422,299.2734,300.67502,300.26688,299.71997
1995-06-28,302.15674,302.07257,301.58545,302.86273,302.60632,302.21326
1995-06-29,297.095,296.72665,295.9573,297.26132,296.7561,296.11624
1995-06-30,299.86133,299.56854,298.87674,300.7703,300.3569,299.81085
1995-07-01,297.62274,297.4058,296.7917,298.11472,297.8095,297.3735
1995-07-02,298.95724,298.5878,297.82297,299.12112,298.587,297.9239
1995-07-03,300.68497,300.81442,300.55023,300.6536,300.6725,300.56396
1995-07-04,299.26566,299.00925,298.36075,298.98004,298.62085,298.13586
1995-07-05,300.65073,300.33255,299.62378,301.15485,300.67517,300.07117
1995-07-06,300.1941,299.83963,299.09598,300.4741,299.97455,299.352
1995-07-07,303.48773,303.0944,302.3131,303.87915,303.3196,302.63834
1995-07-08,302.88046,302.87482,302.48236,303.0994,303.02423,302.8285
1995-07-09,300.6628,300.51178,299.975,300.90097,300.548,300.0754
1995-07-10,304.8554,304.5498,303.8594,305.23724,304.80997,304.26398
1995-07-11,300.4072,300.21387,299.63654,300.13977,299.78107,299.30438
1995-07-12,296.92288,296.80606,296.30597,296.82553,296.54837,296.15393
1995-07-13,293.01413,292.9623,292.5279,293.065,292.81567,292.44955
1995-07-14,299.234,298.9911,298.36606,299.71713,299.39667,298.95978
1995-07-15,298.72144,298.50662,297.91006,299.16757,298.83685,298.39
1995-07-16,297.91888,297.71313,297.12595,298.18164,297.85,297.4024
1995-07-17,300.3061,299.99368,299.30002,300.75436,300.32492,299.7795
1995-07-18,303.20938,302.9568,302.323,303.81534,303.43298,302.93457
1995-07-19,302.36743,302.20248,301.65622,303.0146,302.67862,302.2264
1995-07-20,299.362,299.40704,299.07074,299.28598,299.1704,298.93835
1995-07-21,301.88483,301.7688,301.27115,302.1511,301.8685,301.46896
1995-07-22,301.24783,301.26907,300.90836,301.26593,301.23596,301.0885
1995-07-23,299.38736,299.32635,298.88293,299.92874,299.71964,299.39243
1995-07-24,302.7004,302.59357,302.10382,302.78967,302.58163,302.2547
1995-07-25,304.62476,304.52472,304.0412,304.70248,304.48184,304.14145
1995-07-26,305.12854,305.02618,304.53964,305.24313,304.99176,304.6197
1995-07-27,298.4499,298.27234,297.70984,298.5457,298.20978,297.7522
1995-07-28,297.96442,297.77405,297.1979,297.8971,297.57846,297.13705
1995-07-29,299.77374,299.54752,298.93457,299.73703,299.3905,298.91995
1995-07-30,303.2065,302.97852,302.36282,303.4275,303.05945,302.56613
1995-07-31,304.5953,304.44727,303.9105,304.8665,304.6059,304.21866
1995-08-01,304.60956,304.66818,304.337,305.13242,305.06717,304.87387
1995-08-02,300.22037,300.22247,299.83362,300.36273,300.22095,299.9496
1995-08-03,300.221,299.9818,299.3505,299.99564,299.63058,299.1344
1995-08-04,296.21716,295.88855,295.1665,296.10614,295.6783,295.1178
1995-08-05,296.2768,295.72214,294.7728,296.39078,295.7096,294.89407
1995-08-06,301.00302,300.58536,299.77173,301.09518,300.52493,299.81863
1995-08-07,301.28317,301.27188,300.8633,301.1461,301.07498,300.8661
1995-08-08,300.1469,299.85413,299.16263,300.26862,299.8183,299.2284
1995-08-09,302.66644,302.36633,301.66617,302.7327,302.30685,301.7397
1995-08-10,302.727,302.6865,302.2445,303.1237,302.90454,302.54224
1995-08-11,301.3716,301.0062,300.23785,301.4703,300.96564,300.31598
1995-08-12,299.27203,299.05737,298.4384,298.91727,298.59756,298.13095
1995-08-13,297.2462,297.02478,296.39755,297.1987,296.8439,296.34036
1995-08-14,296.91605,296.6945,296.06573,297.0212,296.67255,296.17334
1995-08-15,298.43237,298.18338,297.5258,298.67462,298.29816,297.7693
1995-08-16,299.1657,298.97678,298.3778,299.33124,299.03967,298.59387
1995-08-17,299.51077,299.1913,298.46036,300.06125,299.62674,299.03616
1995-08-18,300.5277,300.31326,299.6859,300.6411,300.3226,299.84616
1995-08-19,300.93845,301.02487,300.69702,301.0032,300.9892,300.81552
1995-08-20,297.08856,296.8044,296.10455,297.15466,296.82355,296.33093
1995-08-21,298.42227,298.3792,297.91907,299.04892,298.89258,298.57297
1995-08-22,297.10205,296.68164,295.8429,297.477,296.95993,296.27792
1995-08-23,298.2252,298.0639,297.483,298.3972,298.14612,297.7284
1995-08-24,296.1978,295.96182,295.30496,296.42273,296.01453,295.43805
1995-08-25,295.47324,295.1777,294.45996,295.6904,295.2293,294.59836
1995-08-26,297.0196,296.8796,296.31625,297.07617,296.7873,296.32703
1995-08-27,298.9685,298.7507,298.10837,299.18823,298.84375,298.32635
1995-08-28,294.94058,294.64868,293.9311,295.21014,294.73752,294.0905
1995-08-29,300.10803,299.29895,298.06305,301.1136,300.16367,299.0379
1995-08-30,305.0404,304.7098,303.95126,305.34073,304.87708,304.2362
1995-08-31,300.61606,300.08817,299.1313,300.07938,299.38516,298.51248
1995-09-01,304.18317,303.70154,302.7899,304.31897,303.70798,302.91724
1995-09-02,305.23227,305.10117,304.53906,305.5174,305.28214,304.86594
1995-09-03,299.54904,299.39664,298.8123,299.66006,299.30328,298.7645
1995-09-04,297.37613,296.96353,296.11813,297.62933,297.01932,296.2261
1995-09-05,296.75748,296.36108,295.53094,296.87396,296.35114,295.64413
1995-09-06,302.55035,302.29395,301.603,302.83664,302.51282,302.00385
1995-09-07,296.6683,296.45505,295.80646,296.9203,296.614,296.1217
1995-09-08,291.24185,290.968,290.25806,291.33228,290.94632,290.3735
1995-09-09,290.0969,289.81766,289.1016,290.23636,289.82224,289.2204
1995-09-10,292.8121,292.50888,291.76813,293.09177,292.66785,292.05554
1995-09-11,294.1323,293.99265,293.4148,294.2052,293.964,293.53372
1995-09-12,290.9027,290.76648,290.19144,290.77026,290.50003,290.0401
1995-09-13,291.0639,290.97028,290.43723,291.0118,290.78046,290.3588
1995-09-14,300.04688,299.81616,299.1455,300.2252,299.9198,299.42368
1995-09-15,297.84155,297.77957,297.27704,298.07886,297.9205,297.57092
1995-09-16,296.2002,296.20062,295.76,295.7602,295.69794,295.4441
1995-09-17,292.83713,292.84015,292.40167,292.77002,292.66898,292.37592
1995-09-18,289.34393,289.36908,288.95224,289.5778,289.44476,289.11945
1995-09-19,285.71896,285.78418,285.40698,285.78577,285.73184,285.4854
1995-09-20,288.2221,288.03268,287.40045,288.51285,288.1766,287.64764
1995-09-21,288.30698,288.2206,287.69104,288.36853,288.12628,287.69116
1995-09-22,291.0978,290.45758,289.37378,291.5954,290.86725,289.94614
1995-09-23,292.42047,292.05795,291.2515,293.1385,292.61493,291.89825
1995-09-24,290.47977,290.39725,289.8705,290.74786,290.49155,290.04208
1995-09-25,290.29858,290.0211,289.29904,290.47577,290.01517,289.36142
1995-09-26,292.37405,292.40094,291.98306,292.5073,292.42865,292.15695
1995-09-27,292.5753,292.43262,291.8449,292.92203,292.64957,292.18402
1995-09-28,290.33185,290.26117,289.74515,290.76367,290.51108,290.06558
1995-09-29,287.8991,287.45358,286.56256,288.43845,287.77747,286.92368
1995-09-30,291.1017,290.86563,290.1838,291.7955,291.38864,290.7891
1995-10-01,288.68906,288.73672,288.33844,289.44888,289.3444,289.0475
1995-10-02,291.30154,290.50497,289.2623,291.03943,290.04883,288.86597
1995-10-03,291.39572,291.33157,290.82123,291.59976,291.4061,291.0204
1995-10-04,290.22995,290.05008,289.42383,290.45618,290.16882,289.68973
1995-10-05,288.7219,288.61505,288.0617,288.2177,287.96637,287.5236
1995-10-06,288.22415,288.0653,287.45987,288.70795,288.43918,287.97916
1995-10-07,290.886,290.77417,290.21576,290.97098,290.72534,290.2888
1995-10-08,289.72174,289.75668,289.34497,289.7829,289.70325,289.43307
1995-10-09,284.4856,284.56967,284.20703,284.6983,284.68292,284.47733
1995-10-10,285.278,285.10638,284.488,285.2528,284.94812,284.45355
1995-10-11,287.80206,287.5777,286.90662,287.94128,287.58997,287.04916
1995-10-12,292.3334,292.22745,291.67484,292.51178,292.30286,291.90485
1995-10-13,286.78656,286.66287,286.09256,286.9656,286.67996,286.20563
1995-10-14,284.13904,283.80872,283.0318,284.17264,283.7124,283.06387
1995-10-15,288.52176,288.64282,288.31738,287.91534,287.9245,287.74573
1995-10-16,284.2105,284.2049,283.7529,284.1854,284.0386,283.70435
1995-10-17,284.60724,284.5144,283.97534,284.77237,284.55005,284.1407
1995-10-18,286.0433,285.81598,285.1427,286.28397,285.89017,285.3098
1995-10-19,283.85535,283.5395,282.77777,284.5907,284.1237,283.4705
1995-10-20,281.63147,281.04416,280.0113,281.77374,281.06525,280.17105
1995-10-21,282.2325,282.118,281.55817,282.20615,281.92786,281.46432
1995-10-22,287.03613,287.0547,286.6282,287.18915,287.07156,286.76913
1995-10-23,286.19653,286.3236,286.00595,286.2851,286.305,286.14056
1995-10-24,282.8259,282.81396,282.35767,283.04962,282.8973,282.56113
1995-10-25,282.96735,282.85767,282.30396,283.08316,282.8473,282.42798
1995-10-26,285.0267,284.8564,284.24255,285.142,284.83975,284.35455
1995-10-27,286.88174,286.90842,286.49188,286.9263,286.81763,286.52652
1995-10-28,282.83365,282.62744,281.97855,282.80597,282.4541,281.92026
1995-10-29,291.30936,291.05307,290.35464,291.71338,291.33395,290.77307
1995-10-30,287.97723,287.71396,287.0091,288.25668,287.8535,287.26923
1995-10-31,278.33234,278.28488,277.79633,278.44943,278.27112,277.91223
1995-11-01,278.88812,278.7887,278.2488,278.7802,278.5013,278.0423
1995-11-02,278.25937,278.0913,277.48337,278.23785,277.9375,277.45752
1995-11-03,280.5397,280.2503,279.52167,280.46335,280.03006,279.41763
1995-11-04,289.73105,289.55334,288.9371,289.75433,289.47205,289.0111
1995-11-05,285.84692,285.66595,285.0472,285.99615,285.68585,285.19736
1995-11-06,294.09207,293.5619,292.59467,294.43582,293.77655,292.93958
1995-11-07,292.62033,292.21674,291.37686,293.15216,292.65652,291.98358
1995-11-08,286.0395,285.86053,285.2461,285.79468,285.48746,285.00336
1995-11-09,288.0645,287.8151,287.131,288.13217,287.76688,287.2252
1995-11-10,284.96347,284.8952,284.3931,285.12152,284.96448,284.63144
1995-11-11,283.1969,282.92276,282.2156,283.43958,283.04538,282.47562
1995-11-12,287.4457,287.17783,286.47778,287.6036,287.21396,286.64914
1995-11-13,286.52115,286.2092,285.46597,286.80646,286.40646,285.83176
1995-11-14,287.715,287.37103,286.59668,287.91663,287.46213,286.8333
1995-11-15,285.61792,285.3557,284.66403,285.5656,285.18073,284.6219
1995-11-16,283.59802,283.14676,282.26688,283.87366,283.31598,282.58475
1995-11-17,287.5633,287.30765,286.6243,287.88965,287.52295,286.983
1995-11-18,288.3288,288.36362,287.97162,288.25354,288.16733,287.9082
1995-11-19,286.5136,286.49106,286.04257,286.5322,286.35016,285.99545
1995-11-20,281.33685,281.16415,280.5664,281.47754,281.206,280.7621
1995-11-21,277.45316,277.06696,276.25662,277.81686,277.3357,276.6824
1995-11-22,277.73077,277.55838,276.9627,278.12363,277.8403,277.38507
1995-11-23,280.70377,280.40076,279.67532,281.0791,280.6867,280.12262
1995-11-24,280.16043,280.0935,279.60495,280.10022,279.97125,279.67072
1995-11-25,278.60864,278.22552,277.4215,278.88055,278.36728,277.68262
1995-11-26,281.6603,281.139,280.19763,281.7995,281.10687,280.24298
1995-11-27,282.75964,282.35764,281.53622,282.53546,282.0526,281.39853
1995-11-28,278.8413,278.26312,277.26624,278.60287,277.94257,277.11102
1995-11-29,281.03094,279.93994,278.43088,280.8546,279.58603,278.1462
1995-11-30,284.58194,284.25647,283.51352,284.57843,284.16846,283.58716
1995-12-01,276.07666,275.90805,275.32257,275.77567,275.50012,275.0532
1995-12-02,271.17285,270.75903,269.9289,270.92834,270.3814,269.66287
1995-12-03,279.0235,278.92087,278.4023,279.2039,279.00867,278.6417
1995-12-04,277.8714,277.60028,276.91364,277.78168,277.3847,276.81567
1995-12-05,275.779,275.46704,274.73993,275.8046,275.41254,274.84814
1995-12-06,275.04248,274.7697,274.08203,275.1693,274.79633,274.2506
1995-12-07,274.9751,274.73773,274.0856,274.94965,274.6095,274.0962
1995-12-08,275.4247,275.0656,274.29184,275.32916,274.86374,274.2247
1995-12-09,276.97742,276.7159,276.03976,276.9828,276.59354,276.03015
1995-12-10,275.84982,275.6707,275.0769,275.76675,275.41504,274.8886
1995-12-11,276.35416,275.98526,275.20157,276.3237,275.82886,275.15863
1995-12-12,275.74762,275.65894,275.15533,275.38123,275.1267,274.6961
1995-12-13,268.76465,268.36707,267.55423,268.7317,268.2516,267.59457
1995-12-14,271.23648,270.94547,270.23886,271.15756,270.74878,270.16226
1995-12-15,275.03854,274.748,274.04135,275.34106,274.97464,274.4296
1995-12-16,272.2704,272.10477,271.52255,272.65515,272.38504,271.9354
1995-12-17,264.39777,264.31494,263.8149,264.04755,263.83286,263.43756
1995-12-18,260.3138,260.1674,259.603,260.16046,259.9109,259.47968
1995-12-19,263.07635,262.81894,262.14273,263.19778,262.83762,262.29462
1995-12-20,266.88416,266.72214,266.1405,266.71463,266.39526,265.8918
1995-12-21,274.9369,275.18314,275.00876,275.0718,275.20914,275.16116
1995-12-22,271.95288,271.84366,271.31277,271.8792,271.67413,271.28244
1995-12-23,268.25177,268.22995,267.7853,268.1826,268.04074,267.71088
1995-12-24,267.67313,267.37506,266.6529,267.53027,267.1377,266.55566
1995-12-25,269.92114,269.77267,269.19876,269.73578,269.47375,269.0208
1995-12-26,271.57574,271.54947,271.09634,271.274,271.08374,270.70105
1995-12-27,271.15494,271.20337,270.8235,270.855,270.75378,270.45853
1995-12-28,265.6251,265.50397,264.95294,265.528,265.28394,264.84412
1995-12-29,264.7228,264.5991,264.04382,264.81256,264.5815,264.15305
1995-12-30,265.32703,265.13232,264.50436,265.02335,264.73694,264.25143
1995-12-31,269.40363,269.2031,268.56754,269.2693,268.887,268.30377
1996-01-01,266.20657,266.1485,265.65167,266.2886,266.11774,265.74234
1996-01-02,265.6053,265.58044,265.11496,265.8006,265.66498,265.32294
1996-01-03,262.9721,262.81488,262.21503,262.80194,262.53958,262.069
1996-01-04,264.87036,264.356,263.3969,264.8236,264.1764,263.31897
1996-01-05,266.38858,266.17172,265.50815,266.42786,266.06238,265.48483
1996-01-06,262.94,262.73834,262.08786,262.83575,262.50113,261.95248
1996-01-07,264.53992,264.45483,263.91876,264.483,264.3031,263.9072
1996-01-08,266.61862,266.52356,265.97537,266.867,266.65088,266.21692
1996-01-09,270.26828,270.08353,269.4435,270.12622,269.81897,269.29193
1996-01-10,272.9626,272.68262,271.94522,273.17737,272.8278,272.25647
1996-01-11,274.88766,274.9132,274.4792,274.95712,274.8833,274.58585
1996-01-12,276.43686,276.21323,275.52786,276.47122,276.1506,275.60443
1996-01-13,280.71942,279.74963,278.31592,280.89352,279.8072,278.49347
1996-01-14,285.32175,284.9962,284.2046,285.75143,285.376,284.7714
1996-01-15,280.59088,280.3916,279.72415,280.95956,280.6888,280.18707
1996-01-16,275.6057,275.58224,275.0886,275.89496,275.76578,275.40384
1996-01-17,276.68155,276.56287,275.97192,276.56528,276.36514,275.93054
1996-01-18,274.11255,273.90384,273.22092,273.87216,273.5767,273.0451
1996-01-19,276.2419,276.00198,275.28592,276.3587,275.9924,275.38837
1996-01-20,276.12567,275.9979,275.39212,276.2214,275.9498,275.4389
1996-01-21,276.41513,276.17767,275.4604,276.3657,276.02658,275.44672
1996-01-22,274.08115,273.81274,273.06277,274.14233,273.76654,273.14856
1996-01-23,272.51813,272.2865,271.57162,272.39807,272.04022,271.43887
1996-01-24,267.44867,267.1614,266.38934,267.2307,266.764,266.05252
1996-01-25,264.54327,264.15305,263.27643,264.23837,263.76364,263.04297
1996-01-26,264.23972,263.5666,262.40573,264.09988,263.26108,262.17526
1996-01-27,271.1117,271.02722,270.45367,270.9291,270.75586,270.33466
1996-01-28,270.28537,270.09354,269.41138,270.26315,269.9709,269.42972
1996-01-29,272.5928,272.53888,271.99353,272.451,272.29337,271.88602
1996-01-30,270.99738,271.0437,270.5976,271.0006,270.9321,270.6132
1996-01-31,273.1365,273.09573,272.56168,273.43472,273.2682,272.85068
1996-02-01,276.0513,275.71167,274.87787,276.22437,275.753,275.0301
1996-02-02,281.18185,281.18808,280.69952,281.1409,281.09033,280.78793
1996-02-03,274.47516,274.40765,273.84482,274.66058,274.45764,274.0025
1996-02-04,265.45178,265.57254,265.19754,265.11624,265.08878,264.809
1996-02-05,267.60516,267.3446,266.588,267.4536,267.03064,266.35526
1996-02-06,274.5158,274.228,273.444,274.50555,274.0686,273.37933
1996-02-07,273.75537,273.5891,272.9266,273.88132,273.5389,272.94434
1996-02-08,262.73288,262.65762,262.08618,262.5235,262.29132,261.80728
1996-02-09,266.27008,266.4583,266.1505,265.98685,266.03644,265.83453
1996-02-10,263.6581,263.8502,263.54654,263.41235,263.42908,263.1949
1996-02-11,268.01727,267.78668,267.06082,268.01382,267.64706,267.03003
1996-02-12,272.92932,272.85156,272.27917,272.87012,272.66534,272.211
1996-02-13,269.33707,269.21326,268.59543,269.1622,268.91336,268.41583
1996-02-14,274.83228,274.5931,273.8608,274.36267,274.00146,273.39243
1996-02-15,277.959,277.83493,277.21854,277.65048,277.4024,276.9076
1996-02-16,274.35254,274.1498,273.4558,274.58588,274.32034,273.8092
1996-02-17,270.11105,269.855,269.1088,269.99332,269.62872,269.01978
1996-02-18,279.3901,278.97067,278.06235,279.6225,279.1171,278.36865
1996-02-19,282.02808,281.94495,281.3742,282.30637,282.15765,281.76733
1996-02-20,278.42706,278.28592,277.65863,278.18115,277.93765,277.4541
1996-02-21,275.5783,275.4185,274.77405,275.9201,275.6678,275.17697
1996-02-22,279.03568,279.0143,278.50983,278.80438,278.69257,278.3439
1996-02-23,281.04712,280.75378,279.97906,281.08688,280.71194,280.10196
1996-02-24,280.7117,280.36606,279.54074,280.9326,280.50653,279.84723
1996-02-25,279.58737,279.18597,278.3067,279.79498,279.27817,278.52997
1996-02-26,283.2979,282.80292,281.8319,283.7189,283.10663,282.2648
1996-02-27,284.65714,284.12045,283.1097,284.55756,283.85367,282.9222
1996-02-28,287.80856,287.43094,286.5812,288.14807,287.7878,287.20203
1996-02-29,287.34692,287.00687,286.1967,287.5115,287.10428,286.47357
1996-03-01,284.49088,284.22305,283.48715,284.73456,284.32013,283.68423
1996-03-02,278.96097,278.85193,278.27682,278.8759,278.6337,278.17218
1996-03-03,278.0983,277.9861,277.4099,278.30823,278.03265,277.53986
1996-03-04,278.75195,278.83127,278.44855,278.2651,278.16446,277.84866
1996-03-05,271.98105,272.23016,272.01932,271.6762,271.79178,271.6944
1996-03-06,272.50497,272.35974,271.75662,272.26862,271.99734,271.51514
1996-03-07,275.24582,275.20554,274.70944,275.35864,275.16675,274.76608
1996-03-08,276.3113,276.0647,275.36423,275.4173,275.04788,274.4718
1996-03-09,273.06024,272.8531,272.19406,272.88235,272.56454,272.04208
1996-03-10,277.29425,277.02423,276.30423,277.39572,276.99506,276.39175
1996-03-11,284.9505,284.35913,283.31967,284.9681,284.2969,283.42508
1996-03-12,278.82184,278.5131,277.75812,278.92676,278.53033,277.93515
1996-03-13,276.46487,276.54605,276.18274,276.57202,276.50458,276.2403
1996-03-14,275.434,275.36673,274.85666,275.3067,275.06528,274.62888
1996-03-15,274.6223,274.62042,274.1773,274.63672,274.5174,274.20483
1996-03-16,275.0376,274.94324,274.40915,274.68024,274.455,274.03815
1996-03-17,275.55972,275.50577,275.01367,275.48633,275.2843,274.8923
1996-03-18,278.7299,278.40915,277.65158,278.79773,278.3377,277.6893
1996-03-19,282.01422,281.60416,280.75854,282.1813,281.61288,280.85757
1996-03-20,279.8276,279.65738,279.0528,279.4906,279.23352,278.7909
1996-03-21,276.7977,276.66867,276.10632,276.68954,276.4272,275.98053
1996-03-22,271.5736,271.4694,270.93283,271.2909,271.07407,270.67413
1996-03-23,284.88098,283.94748,282.5825,284.0066,282.895,281.60138
1996-03-24,293.95316,293.61887,292.85385,294.06284,293.61438,292.98492
1996-03-25,289.37842,289.07782,288.34705,289.30515,288.81412,288.1429
1996-03-26,286.9393,286.79855,286.2282,286.35406,286.1222,285.711
1996-03-27,280.0856,279.9612,279.40753,279.57208,279.31342,278.87604
1996-03-28,283.423,283.04144,282.23087,282.45987,281.94022,281.2424
1996-03-29,279.39694,279.31046,278.79517,279.1832,278.99588,278.6308
1996-03-30,295.8948,295.57312,294.82263,296.2589,295.85678,295.27728
1996-03-31,293.17883,293.06528,292.5228,293.20694,292.982,292.57983
1996-04-01,286.0492,286.28265,286.08698,285.83545,285.97293,285.93338
1996-04-02,284.82922,284.74237,284.22604,284.62448,284.41486,284.02814
1996-04-03,282.3775,282.50363,282.19974,281.6596,281.6538,281.47086
1996-04-04,276.86823,276.70862,276.11853,276.5639,276.26572,275.7902
1996-04-05,271.87573,271.79263,271.27835,271.3958,271.20987,270.8462
1996-04-06,274.35196,274.08835,273.3927,274.43198,274.0468,273.48352
1996-04-07,277.27087,277.00623,276.3086,276.6962,276.2633,275.65176
1996-04-08,278.9221,278.77524,278.19443,278.1467,277.8383,277.3506
1996-04-09,276.98682,276.21255,275.0033,275.6433,274.81033,273.79733
1996-04-10,278.24844,277.6557,276.62674,276.8532,276.17456,275.31506
1996-04-11,276.87924,276.46875,275.6207,276.86615,276.37366,275.69943
1996-04-12,284.05685,283.6999,282.90408,284.11856,283.6585,283.0158
1996-04-13,282.38858,281.99548,281.16202,282.14883,281.5968,280.86108
1996-04-14,281.11966,280.8891,280.21674,281.03183,280.67026,280.12384
1996-04-15,281.97922,281.82202,281.22147,281.8227,281.50204,280.99542
1996-04-16,283.99124,283.92325,283.41025,283.61624,283.47025,283.13702
1996-04-17,289.39487,289.19986,288.55814,288.98785,288.68478,288.1932
1996-04-18,284.0356,283.86334,283.2427,283.58182,283.2984,282.8252
1996-04-19,280.39505,280.10925,279.3733,280.1472,279.74487,279.1514
1996-04-20,294.68787,294.1955,293.25125,294.9165,294.3503,293.5916
1996-04-21,295.29208,294.79956,293.85336,295.02994,294.38184,293.5397
1996-04-22,298.66885,298.4926,297.8609,298.5821,298.2853,297.79315
1996-04-23,301.6905,301.48898,300.83017,301.71918,301.46872,301.02145
1996-04-24,296.07483,296.2789,296.02386,295.8395,295.90723,295.77664
1996-04-25,286.73505,286.7567,286.3175,286.43954,286.33813,286.03705
1996-04-26,288.92303,288.64783,287.91003,288.5995,288.19366,287.58673
1996-04-27,287.88785,288.06583,287.77942,288.08618,288.1428,287.99692
1996-04-28,284.1204,283.86438,283.14233,283.89618,283.48462,282.86917
1996-04-29,287.97693,287.85138,287.25806,288.05582,287.78653,287.312
1996-04-30,293.25827,293.35956,292.99146,293.18353,293.1911,292.9921
1996-05-01,286.08438,286.2396,285.9239,285.47586,285.51254,285.34137
1996-05-02,282.50635,282.39236,281.80606,282.09482,281.827,281.3502
1996-05-03,283.4354,283.3042,282.69925,283.03494,282.76453,282.28394
1996-05-04,285.84952,285.66644,285.00824,285.43106,285.1188,284.5953
1996-05-05,284.70706,284.49747,283.81158,285.01993,284.68832,284.14444
1996-05-06,286.77768,286.5859,285.91666,286.95468,286.6011,286.0344
1996-05-07,288.10977,287.77008,286.9519,287.8143,287.33908,286.64987
1996-05-08,287.2723,287.22427,286.69678,286.977,286.79965,286.40756
1996-05-09,286.38278,286.29016,285.7172,287.16953,286.91736,286.44977
1996-05-10,290.5474,290.3899,289.75134,290.48633,290.2232,289.74408
1996-05-11,290.5128,290.22177,289.44904,290.57147,290.15643,289.52502
1996-05-12,292.1014,291.75528,290.92694,292.49954,291.98575,291.2552
1996-05-13,292.24286,292.09348,291.46152,292.29395,291.96255,291.41412
1996-05-14,292.02774,291.91412,291.3177,292.22845,291.96292,291.48022
1996-05-15,290.2406,290.1467,289.56985,290.06818,289.83725,289.3892
1996-05-16,293.1673,292.94922,292.2482,292.9194,292.56467,291.99295
1996-05-17,295.484,295.433,294.89917,295.68073,295.4643,295.031
1996-05-18,290.7423,290.54553,289.8662,290.86722,290.54398,290.0042
1996-05-19,291.00262,290.74374,290.00275,290.6128,290.18915,289.54947
1996-05-20,291.95453,292.0158,291.59543,291.43164,291.4039,291.16074
1996-05-21,287.44006,287.36652,286.81192,287.2308,286.98993,286.5343
1996-05-22,293.26154,293.15457,292.56735,293.3601,293.1327,292.6914
1996-05-23,296.91608,296.83212,296.26886,296.9842,296.80026,296.4034
1996-05-24,299.58585,299.5018,298.93945,299.9872,299.77158,299.3441
1996-05-25,302.53162,302.43567,301.8626,302.49127,302.2994,301.89682
1996-05-26,301.86713,301.99734,301.6517,301.56073,301.57687,301.38367
1996-05-27,295.85815,295.28586,294.2391,295.80228,295.09064,294.171
1996-05-28,291.13898,290.31204,289.01218,290.74402,289.7472,288.54395
1996-05-29,291.74448,291.4302,290.64465,291.60587,291.11963,290.42856
1996-05-30,293.34158,293.25314,292.6952,293.46924,293.25385,292.83536
1996-05-31,293.80096,293.67477,293.0809,294.27274,294.0056,293.53723
1996-06-01,295.566,295.35657,294.68134,295.6124,295.25385,294.696
1996-06-02,292.6647,292.71384,292.2992,293.06573,293.00192,292.7408
1996-06-03,288.98367,288.77362,288.10193,288.8392,288.5464,288.05835
1996-06-04,287.04202,286.66693,285.83237,286.96564,286.48138,285.8041
1996-06-05,293.8309,293.51498,292.7418,294.16458,293.72903,293.1027
1996-06-06,295.6399,295.2748,294.45493,296.1755,295.6991,295.03424
1996-06-07,296.07516,295.7248,294.92197,296.5173,296.0363,295.36917
1996-06-08,296.5105,296.4283,295.89606,296.8682,296.64908,296.24634
1996-06-09,292.71017,292.643,292.1283,292.95898,292.73645,292.3327
1996-06-10,290.98862,290.90634,290.37903,290.81555,290.58047,290.16675
1996-06-11,292.72037,292.50708,291.85135,292.60468,292.22687,291.67294
1996-06-12,298.71313,298.41943,297.6858,298.88956,298.45544,297.84784
1996-06-13,300.14545,299.728,298.87323,300.41586,299.8699,299.153
1996-06-14,297.1931,297.15256,296.6773,297.42108,297.22638,296.86334
1996-06-15,296.70123,296.55344,295.9735,296.88553,296.5616,296.07196
1996-06-16,303.22586,303.04297,302.43057,303.39102,303.0769,302.59964
1996-06-17,301.21436,300.98633,300.33142,301.18945,300.8178,300.2856
1996-06-18,297.4624,297.42792,296.96912,297.25592,297.08026,296.7466
1996-06-19,299.7212,299.64346,299.14395,299.72693,299.5328,299.18332
1996-06-20,296.07004,295.99945,295.50964,295.93228,295.6969,295.30862
1996-06-21,301.6097,301.41055,300.79468,301.61902,301.30148,300.83356
1996-06-22,305.9005,305.6831,305.0514,305.8234,305.51022,305.0491
1996-06-23,306.30475,306.10956,305.50244,306.14258,305.84357,305.39902
1996-06-24,305.54572,305.32816,304.701,305.65393,305.30527,304.81335
1996-06-25,304.63876,304.48734,303.92853,304.8388,304.52484,304.06995
1996-06-26,298.78705,298.52316,297.8542,298.94067,298.50217,297.92487
1996-06-27,298.86337,298.82242,298.3785,298.56628,298.39694,298.09097
1996-06-28,296.1264,295.82608,295.12482,296.37888,295.92508,295.33667
1996-06-29,297.85114,297.5638,296.87747,298.2003,297.79688,297.2608
1996-06-30,299.34482,299.5449,299.3478,299.24155,299.317,299.26163
1996-07-01,295.91724,295.91296,295.5133,295.81982,295.67303,295.39722
1996-07-02,294.40604,294.39914,293.9986,294.3162,294.16623,293.8889
1996-07-03,294.6068,294.40192,293.80493,294.7018,294.32202,293.81644
1996-07-04,298.91803,298.65588,298.0031,299.14597,298.76248,298.25464
1996-07-05,300.90634,300.56192,299.82828,301.3205,300.8271,300.21072
1996-07-06,301.30188,301.231,300.7722,301.0885,300.91962,300.629
1996-07-07,303.35193,302.97986,302.22104,304.0364,303.547,302.93698
1996-07-08,304.7899,304.67374,304.17184,305.39893,305.15793,304.79733
1996-07-09,302.32693,302.44168,302.17163,302.88943,302.83612,302.66412
1996-07-10,304.62616,304.60095,304.19177,305.8435,305.66858,305.37564
1996-07-11,302.74677,302.79288,302.45575,303.51154,303.48297,303.33713
1996-07-12,303.7789,303.6155,303.0695,304.3132,304.02292,303.6158
1996-07-13,304.56262,304.53705,304.1294,305.06293,304.9548,304.73032
1996-07-14,302.91583,302.91748,302.53738,303.06274,302.92392,302.669
1996-07-15,302.76318,302.52313,301.9016,303.1961,302.76834,302.22458
1996-07-16,305.63525,305.49283,304.9691,306.05798,305.77942,305.38492
1996-07-17,302.15436,302.29288,302.05023,301.58218,301.58267,301.46707
1996-07-18,296.98203,297.05737,296.7514,296.56076,296.46875,296.26047
1996-07-19,292.24423,291.97052,291.31546,292.23062,291.78555,291.22397
1996-07-20,296.61084,296.18997,295.38748,296.47443,295.88998,295.18854
1996-07-21,296.48898,296.0975,295.32407,296.7039,296.14114,295.46088
1996-07-22,297.29242,296.61133,295.5478,297.49255,296.64786,295.68506
1996-07-23,299.57245,299.375,298.79465,299.44937,299.16068,298.7531
1996-07-24,299.07632,298.85422,298.24863,298.88788,298.57135,298.1351
1996-07-25,298.1745,297.9014,297.2441,297.9688,297.55215,297.0148
1996-07-26,303.5495,303.14288,302.3513,303.471,302.88733,302.18195
1996-07-27,301.80734,301.84616,301.49918,301.02228,300.9916,300.83813
1996-07-28,299.66876,299.70407,299.3527,298.80536,298.72632,298.5233
1996-07-29,296.74435,296.78198,296.43195,296.45233,296.33487,296.09216
1996-07-30,297.46466,297.29733,296.74124,297.16577,296.84933,296.40625
1996-07-31,298.2428,298.13828,297.64395,298.11835,297.87564,297.50485
1996-08-01,296.94406,297.17026,297.00552,296.49188,296.55804,296.49466
1996-08-02,297.90417,297.8888,297.48123,297.50406,297.34613,297.05704
1996-08-03,297.65738,297.51596,296.98114,297.19025,296.88516,296.44736
1996-08-04,299.53976,299.38962,298.84482,299.05588,298.73553,298.28085
1996-08-05,302.68588,302.49188,301.90192,302.33334,302.0123,301.5552
1996-08-06,301.4818,301.2483,300.6175,301.0024,300.63367,300.12714
1996-08-07,300.5426,300.64722,300.35312,300.17267,300.14774,299.98322
1996-08-08,299.52148,299.4421,298.9627,298.74713,298.5182,298.14795
1996-08-09,299.95746,299.86514,299.3713,299.8257,299.60977,299.25064
1996-08-10,299.69116,299.73953,299.38498,299.48148,299.36993,299.1134
1996-08-11,301.07166,300.96744,300.4589,300.7197,300.50876,300.15094
1996-08-12,304.44095,304.2555,303.66425,304.39767,304.1133,303.6802
1996-08-13,299.62085,299.2154,298.4027,299.43423,298.87692,298.16904
1996-08-14,296.12543,295.94714,295.36026,296.3438,296.0346,295.57303
1996-08-15,300.65485,300.49432,299.92377,301.03986,300.7766,300.35913
1996-08-16,300.86884,300.70966,300.139,300.8839,300.61716,300.19427
1996-08-17,300.86603,300.51773,299.75653,301.35266,300.88953,300.26846
1996-08-18,301.36832,301.0919,300.40118,301.85345,301.47372,300.93433
1996-08-19,303.58475,303.42166,302.84286,304.0336,303.78488,303.37473
1996-08-20,304.48642,304.33057,303.75763,304.8996,304.6605,304.25818
1996-08-21,305.69092,305.53152,304.95377,305.99356,305.73642,305.31433
1996-08-22,306.6265,306.3102,305.57434,306.8907,306.4829,305.90848
1996-08-23,302.53873,302.64642,302.33325,302.20624,302.247,302.11948
1996-08-24,304.35562,304.3076,303.83734,304.14832,304.0146,303.711
1996-08-25,300.74634,300.10132,299.03293,300.92984,300.12704,299.15283
1996-08-26,297.3643,296.69244,295.59604,297.71436,296.8968,295.90628
1996-08-27,301.91803,301.52075,300.6978,302.26797,301.81174,301.18112
1996-08-28,303.13193,302.97247,302.3862,303.36108,303.13785,302.73883
1996-08-29,302.4932,302.10324,301.28534,303.2763,302.80478,302.15604
1996-08-30,297.4206,297.01105,296.1725,297.90106,297.33463,296.58972
1996-08-31,301.35608,301.37354,300.96097,301.5678,301.5136,301.2797
1996-09-01,297.82156,297.80493,297.3573,297.85715,297.72498,297.41187
1996-09-02,298.93713,298.7187,298.0683,299.014,298.68936,298.18268
1996-09-03,298.93097,298.75983,298.1559,299.28238,298.95166,298.4378
1996-09-04,299.9272,299.87253,299.3842,299.97446,299.81238,299.4661
1996-09-05,302.37766,302.09332,301.37445,302.6952,302.2812,301.68207
1996-09-06,301.18488,301.44476,301.26932,301.22238,301.41806,301.42773
1996-09-07,298.73602,298.66187,298.15164,298.68597,298.46115,298.0494
1996-09-08,297.86606,297.56088,296.8189,298.08664,297.65106,297.0278
1996-09-09,300.0535,300.0235,299.556,300.228,300.1266,299.83676
1996-09-10,300.83286,300.73187,300.19272,301.1003,300.88852,300.48764
1996-09-11,303.62888,303.40198,302.73624,304.10593,303.78113,303.26666
1996-09-12,303.5393,303.58185,303.185,303.734,303.64362,303.36298
1996-09-13,300.51868,300.54276,300.1269,300.50034,300.44873,300.20636
1996-09-14,291.55612,291.73306,291.46945,290.69513,290.71265,290.5389
1996-09-15,290.0307,289.8615,289.25125,290.2048,289.91318,289.42993
1996-09-16,291.69125,291.5689,291.00504,291.91367,291.66623,291.2268
1996-09-17,295.12344,294.85272,294.14,295.4104,294.9982,294.39374
1996-09-18,298.77414,298.60468,297.99277,298.9042,298.6445,298.1923
1996-09-19,302.12256,301.90506,301.24472,302.38684,302.03778,301.49603
1996-09-20,295.93134,295.49396,294.61337,296.44266,295.86618,295.09683
1996-09-21,301.20267,301.01813,300.39,301.5023,301.19034,300.6854
1996-09-22,303.53543,303.35434,302.72934,303.89496,303.58817,303.08823
1996-09-23,300.05643,299.87732,299.25397,299.5276,299.17636,298.63205
1996-09-24,295.42462,295.2988,294.72842,295.40796,295.1831,294.76508
1996-09-25,294.40625,294.5312,294.21133,294.00998,293.94882,293.69455
1996-09-26,299.6579,299.46063,298.8183,300.09387,299.7856,299.28433
1996-09-27,300.34497,300.11673,299.4432,300.83975,300.51202,299.9914
1996-09-28,295.7721,295.6791,295.14062,295.78067,295.58307,295.1927
1996-09-29,290.40637,290.4446,290.03714,290.3413,290.26328,289.9926
1996-09-30,285.08707,285.19626,284.8595,285.27832,285.23715,285.00354
1996-10-01,283.649,283.6556,283.21613,283.70013,283.56232,283.23224
1996-10-02,290.5908,290.18173,289.32645,290.35144,289.81616,289.08887
1996-10-03,296.051,295.6814,294.86542,296.24225,295.7503,295.0666
1996-10-04,292.87094,292.67758,292.03772,293.0526,292.7704,292.2967
1996-10-05,293.15344,293.07486,292.54968,293.47525,293.32297,292.9795
1996-10-06,291.28256,290.87378,290.01837,291.75494,291.24567,290.5455
1996-10-07,291.30447,290.89005,290.02893,292.11603,291.60953,290.9125
1996-10-08,293.3462,293.1703,292.54764,293.49908,293.23083,292.77234
1996-10-09,289.00162,288.89767,288.347,288.89307,288.6238,288.1647
1996-10-10,285.01755,284.92697,284.38965,285.17676,284.95218,284.53812
1996-10-11,287.3294,287.13574,286.49542,287.51028,287.19614,286.6929
1996-10-12,293.12616,292.7807,291.9886,293.47443,293.01813,292.37314
1996-10-13,296.48477,296.2253,295.51926,296.86325,296.52863,296.00568
1996-10-14,293.71198,293.47748,292.79648,294.34152,293.98373,293.43805
1996-10-15,295.09067,294.8796,294.22217,295.53705,295.21347,294.70242
1996-10-16,296.20212,295.84818,295.048,296.72128,296.25223,295.59613
1996-10-17,292.27222,291.99097,291.26373,292.62158,292.1885,291.56882
1996-10-18,285.62094,285.2683,284.46985,285.76157,285.2461,284.54443
1996-10-19,283.93488,283.66354,282.94666,284.08124,283.67996,283.09293
1996-10-20,286.99573,286.81952,286.198,287.06253,286.75256,286.25735
1996-10-21,289.97192,289.72165,289.02634,290.0763,289.70688,289.15262
1996-10-22,291.38943,291.09372,290.35327,291.69022,291.28748,290.7004
1996-10-23,287.91794,287.14532,285.9283,288.49158,287.57288,286.4703
1996-10-24,290.72284,290.58636,290.0059,290.86884,290.6465,290.24075
1996-10-25,288.30414,288.00546,287.26318,288.87885,288.42838,287.79492
1996-10-26,287.6392,287.70416,287.32596,287.71542,287.6835,287.46918
1996-10-27,283.2372,283.17578,282.67172,283.13507,282.95605,282.59503
1996-10-28,281.12787,280.9601,280.3502,281.17844,280.87726,280.3946
1996-10-29,283.81345,283.5995,282.94394,284.0494,283.7139,283.1974
1996-10-30,284.20288,284.11493,283.58588,284.2914,284.0817,283.6914
1996-10-31,281.48474,281.55777,281.19034,281.20538,281.10794,280.83044
1996-11-01,280.1304,280.20856,279.84686,280.26584,280.1777,279.90997
1996-11-02,277.65894,277.5997,277.10126,277.90314,277.69934,277.31644
1996-11-03,279.43402,279.12308,278.37363,279.41895,278.9756,278.35358
1996-11-04,279.8389,279.6411,279.00552,279.64825,279.31833,278.8102
1996-11-05,278.63675,278.34125,277.60867,278.54837,278.1515,277.5769
1996-11-06,278.0529,278.0063,277.52344,278.1213,277.91812,277.53766
1996-11-07,277.1276,277.00388,276.4447,277.24005,276.98987,276.5628
1996-11-08,279.05872,278.96063,278.4279,279.00095,278.77988,278.38242
1996-11-09,279.49817,279.5114,279.09085,279.70258,279.609,279.33945
1996-11-10,276.15585,276.0685,275.54813,276.1079,275.9042,275.52493
1996-11-11,279.31448,278.8592,277.97168,279.45932,278.87137,278.10828
1996-11-12,283.2286,282.83505,282.0102,283.42575,282.89172,282.18298
1996-11-13,283.29465,283.05313,282.3812,283.5394,283.0999,282.4861
1996-11-14,287.14893,287.04373,286.50906,287.252,287.04468,286.6634
1996-11-15,282.0828,282.50717,282.5029,282.13968,282.46365,282.614
1996-11-16,272.46188,272.2965,271.70343,272.35742,272.0574,271.58414
1996-11-17,273.81198,273.46185,272.68494,273.7653,273.25235,272.56647
1996-11-18,282.49045,282.23505,281.5537,282.23322,281.8091,281.2123
1996-11-19,276.17044,276.43475,276.27402,275.77777,275.8399,275.72964
1996-11-20,267.75143,267.58414,266.9927,267.75534,267.4433,266.95914
1996-11-21,269.2688,269.0648,268.43744,269.0476,268.7021,268.18466
1996-11-22,270.59204,270.43707,269.85965,270.56192,270.30396,269.87427
1996-11-23,272.1832,271.72208,270.83932,272.49203,271.92117,271.17877
1996-11-24,271.91327,271.75974,271.18533,272.0,271.7151,271.25876
1996-11-25,270.69803,270.5193,269.92044,270.78403,270.4891,270.02286
1996-11-26,271.17596,270.97528,270.35516,271.2871,270.9711,270.4839
1996-11-27,274.70306,274.3751,273.62848,274.57483,274.11307,273.48004
1996-11-28,275.53613,275.4154,274.87662,275.72403,275.454,275.01276
1996-11-29,275.77167,275.27686,274.36462,275.4943,274.92892,274.1923
1996-11-30,274.55017,274.35068,273.7343,274.68488,274.36676,273.87723
1996-12-01,270.32248,270.1064,269.474,270.48413,270.1522,269.64868
1996-12-02,269.45193,269.18207,268.4963,269.53714,269.15738,268.60583
1996-12-03,274.3573,273.85797,272.94308,273.98895,273.33862,272.51624
1996-12-04,272.18512,271.9869,271.3735,272.09106,271.77402,271.28467
1996-12-05,269.92862,269.64728,268.951,270.54724,270.16513,269.61032
1996-12-06,271.7619,271.56522,270.9538,271.94348,271.66183,271.20706
1996-12-07,267.9936,267.64243,266.8766,267.8871,267.4376,266.81448
1996-12-08,271.11688,270.907,270.2825,271.1952,270.877,270.38474
1996-12-09,271.4186,271.2255,270.61774,271.33044,271.0506,270.59598
1996-12-10,268.66046,268.627,268.1788,268.75006,268.64923,268.37305
1996-12-11,270.40646,270.34555,269.86972,270.60037,270.46344,270.1504
1996-12-12,270.88284,270.72345,270.14883,271.0247,270.7644,270.3272
1996-12-13,270.5547,270.5432,270.1162,270.55618,270.40125,270.06857
1996-12-14,266.20322,266.07465,265.52997,266.54504,266.28757,265.85153
1996-12-15,265.85037,265.6073,264.9476,265.96454,265.63202,265.11996
1996-12-16,265.49753,265.26797,264.62125,265.5636,265.2268,264.70947
1996-12-17,267.5406,267.2698,266.5811,267.60742,267.22678,266.6645
1996-12-18,268.18314,267.86578,267.12964,268.1471,267.71692,267.10388
1996-12-19,267.48737,267.32382,266.74066,267.63367,267.33978,266.86188
1996-12-20,267.75333,267.47937,266.78476,267.79626,267.44525,266.90897
1996-12-21,267.2675,266.79504,265.90097,267.25107,266.65878,265.8799
1996-12-22,272.01575,271.848,271.2574,272.02533,271.7713,271.32928
1996-12-23,268.9738,268.70215,268.00644,268.8139,268.43884,267.87436
1996-12-24,267.0669,266.95004,266.40778,267.10516,266.88113,266.4662
1996-12-25,266.02206,265.85968,265.27045,266.0197,265.76144,265.31076
1996-12-26,264.73053,264.42963,263.7004,264.9197,264.53268,263.9516
1996-12-27,263.80435,263.49643,262.7586,263.77094,263.37115,262.77563
1996-12-28,267.8843,267.40842,266.50104,267.9779,267.34924,266.5232
1996-12-29,268.97275,268.5066,267.60718,268.99277,268.41504,267.63818
1996-12-30,272.77798,272.03152,270.85,272.8399,271.98172,270.9226
1996-12-31,278.38235,277.98737,277.15555,278.58862,278.10352,277.4157
1997-01-01,277.8339,277.74054,277.20847,278.16208,277.95447,277.54236
1997-01-02,280.54828,280.53903,280.0891,280.4366,280.31204,279.98105
1997-01-03,278.73032,279.04874,278.92447,278.3442,278.55435,278.55624
1997-01-04,273.55463,273.49164,272.98398,273.58838,273.45633,273.11407
1997-01-05,272.3882,272.22934,271.62375,272.2681,272.01254,271.54495
1997-01-06,270.55048,270.42386,269.84845,270.48682,270.25287,269.80496
1997-01-07,271.6124,271.46146,270.85953,271.66788,271.39728,270.91074
1997-01-08,278.21057,277.86682,277.06998,278.29626,277.8574,277.20065
1997-01-09,280.46198,280.25293,279.58865,280.597,280.31833,279.8199
1997-01-10,277.7604,277.52783,276.83783,277.7982,277.35922,276.69852
1997-01-11,282.15387,281.89154,281.16965,281.90875,281.58313,281.03387
1997-01-12,280.66382,280.10968,279.0938,280.95618,280.21268,279.24365
1997-01-13,287.0773,286.61444,285.68768,287.57602,287.0286,286.25378
1997-01-14,283.65802,283.58185,283.03964,283.81454,283.6862,283.32864
1997-01-15,277.1342,276.7132,275.82407,277.97906,277.3621,276.5141
1997-01-16,279.32892,278.95493,278.11075,279.07343,278.55353,277.80084
1997-01-17,275.1865,274.91187,274.16504,275.41803,275.01868,274.38486
1997-01-18,277.03287,277.04495,276.58282,277.04355,276.90573,276.5318
1997-01-19,272.36447,272.4386,272.03656,272.46408,272.40363,272.10544
1997-01-20,259.40845,259.314,258.74155,259.24515,259.00473,258.525
1997-01-21,258.76794,258.51733,257.78687,258.54108,258.16547,257.54907
1997-01-22,262.70886,262.52267,261.8549,262.5516,262.2479,261.702
1997-01-23,267.73495,267.4811,266.74405,268.0282,267.74792,267.22415
1997-01-24,266.43286,266.22845,265.53925,266.54727,266.2017,265.6113
1997-01-25,266.77612,266.70734,266.15222,266.7087,266.51138,266.06818
1997-01-26,263.87054,263.72922,263.10016,263.9007,263.61954,263.09143
1997-01-27,273.00574,272.81226,272.12967,273.18256,272.8744,272.31824
1997-01-28,274.09943,274.08087,273.57202,273.82678,273.69214,273.30856
1997-01-29,271.69287,271.6049,271.0255,271.919,271.69434,271.21988
1997-01-30,275.4851,275.46674,274.95593,275.40683,275.24356,274.82983
1997-01-31,268.7863,268.68793,268.09622,268.52466,268.26505,267.75446
1997-02-01,270.5176,270.24896,269.48618,270.2902,269.89304,269.2444
1997-02-02,281.29837,280.90692,280.02066,281.4207,280.9329,280.1932
1997-02-03,276.8343,276.52664,275.72363,277.22748,276.76648,276.05328
1997-02-04,272.4831,272.3905,271.8022,272.42957,272.22977,271.77765
1997-02-05,270.96417,270.59897,269.7377,270.91757,270.42532,269.68063
1997-02-06,270.58044,270.54428,270.01187,270.56223,270.38992,269.9653
1997-02-07,267.48462,267.38217,266.78345,267.63516,267.39453,266.90173
1997-02-08,272.45767,272.38434,271.81482,271.94458,271.7139,271.23138
1997-02-09,267.89233,267.8802,267.372,267.60898,267.44022,267.01996
1997-02-10,274.1581,274.00885,273.3639,274.05438,273.78885,273.2724
1997-02-11,272.9054,272.89133,272.382,272.90054,272.77222,272.39355
1997-02-12,270.5899,270.4542,269.82385,270.63785,270.3788,269.87018
1997-02-13,272.39145,272.0103,271.13516,272.6301,272.10693,271.33502
1997-02-14,279.39673,279.22214,278.55438,279.12927,278.84418,278.3113
1997-02-15,277.96155,277.5711,276.6884,277.98572,277.5112,276.78995
1997-02-16,280.4745,280.38174,279.7977,280.19998,280.02728,279.60895
1997-02-17,276.70612,276.60767,276.01907,276.95627,276.7545,276.30835
1997-02-18,269.7108,269.71317,269.22668,269.8105,269.65146,269.2494
1997-02-19,271.9555,271.81705,271.19098,272.15674,271.87164,271.34494
1997-02-20,281.6727,281.50027,280.8417,281.71167,281.40274,280.85373
1997-02-21,277.83728,278.16977,278.0176,277.85025,278.04102,277.99332
1997-02-22,265.69678,265.62653,265.07315,265.50262,265.30975,264.88
1997-02-23,268.91934,268.81882,268.2369,268.53262,268.28036,267.79306
1997-02-24,270.33957,270.21677,269.61435,270.18433,269.93826,269.45895
1997-02-25,277.35065,277.2417,276.6549,277.67355,277.41675,276.92853
1997-02-26,279.85657,279.61923,278.9059,279.7158,279.38962,278.83395
1997-02-27,276.69067,276.62137,276.07797,276.4038,276.16623,275.7011
1997-02-28,272.82007,272.69766,272.10315,272.57797,272.32993,271.8563
1997-03-01,274.07047,273.8467,273.15286,274.66684,274.34818,273.806
1997-03-02,275.6255,275.47162,274.8496,276.17474,275.8434,275.29065
1997-03-03,277.73886,277.28085,276.35675,277.95578,277.34192,276.50876
1997-03-04,284.23486,283.4917,282.28452,284.90417,284.08017,283.03894
1997-03-05,290.24823,290.0029,289.29556,290.75967,290.4648,289.95486
1997-03-06,289.36963,289.29053,288.75146,289.80252,289.61673,289.21796
1997-03-07,286.67667,286.60532,286.07605,286.7829,286.62872,286.26364
1997-03-08,284.36456,284.22238,283.62433,284.8736,284.58194,284.08145
1997-03-09,285.17368,285.13614,284.6447,285.10074,284.95966,284.6119
1997-03-10,284.4172,284.0484,283.2277,284.1809,283.6889,282.9922
1997-03-11,289.0992,288.9912,288.4332,288.88638,288.6714,288.25375
1997-03-12,288.67065,288.53403,287.94934,288.8493,288.6134,288.17685
1997-03-13,278.91196,279.14883,278.93945,278.57605,278.66064,278.54654
1997-03-14,275.14035,274.9509,274.317,274.85062,274.6078,274.16812
1997-03-15,279.6588,279.19116,278.28067,280.01392,279.4037,278.59845
1997-03-16,279.06705,278.5744,277.64053,278.60706,277.95776,277.1152
1997-03-17,282.03052,281.69165,280.9131,281.5736,281.12488,280.48456
1997-03-18,280.48276,280.27844,279.636,280.6912,280.42682,279.97247
1997-03-19,287.47717,287.47748,287.04092,287.76935,287.6503,287.3429
1997-03-20,277.06122,277.07474,276.6527,277.10245,277.00403,276.7187
1997-03-21,278.2667,278.0731,277.44513,278.02594,277.69257,277.17365
1997-03-22,278.97632,278.8403,278.27094,279.4448,279.13855,278.64804
1997-03-23,283.10678,282.6595,281.77985,283.6333,283.084,282.3516
1997-03-24,288.4733,288.2271,287.54947,288.9714,288.6642,288.17502
1997-03-25,291.1465,290.99872,290.42017,291.1624,290.9268,290.51013
1997-03-26,282.4142,282.27994,281.71555,282.29242,281.9405,281.4084
1997-03-27,278.95547,278.66922,277.95334,278.66913,278.24655,277.6446
1997-03-28,285.54172,285.39972,284.82843,285.56146,285.30188,284.86356
1997-03-29,287.94553,287.79517,287.21582,287.84866,287.61758,287.2083
1997-03-30,282.0484,281.77924,281.0812,281.64032,281.2593,280.7006
1997-03-31,280.4214,280.15585,279.46152,280.3632,279.9691,279.3976
1997-04-01,276.5314,276.3681,275.77585,276.1496,275.8412,275.35562
1997-04-02,273.9754,273.79932,273.19412,274.60663,274.27936,273.7751
1997-04-03,276.46414,276.0728,275.252,276.5149,276.0192,275.3464
1997-04-04,272.54382,272.39484,271.81586,272.64337,272.3608,271.9011
1997-04-05,269.77252,269.59842,268.99377,269.40918,269.0741,268.56165
1997-04-06,273.27097,273.27493,272.84772,272.9695,272.83902,272.5308
1997-04-07,276.41006,276.14096,275.43985,275.983,275.5664,274.9717
1997-04-08,283.1978,282.43576,281.24072,282.2098,281.31958,280.25067
1997-04-09,284.30325,283.947,283.1568,283.82846,283.37335,282.73895
1997-04-10,288.21988,287.63852,286.62213,288.04596,287.34882,286.47168
1997-04-11,289.2021,289.16547,288.69263,288.88196,288.7718,288.48077
1997-04-12,285.71677,285.5207,284.88712,285.36392,285.04553,284.54544
1997-04-13,291.10977,290.95532,290.362,290.7366,290.4776,290.03592
1997-04-14,290.8756,290.33014,289.34433,289.4716,288.7759,287.8965
1997-04-15,292.07562,291.9432,291.369,292.1527,291.87454,291.4116
1997-04-16,294.02536,293.9762,293.4836,293.82874,293.66092,293.30713
1997-04-17,289.25317,289.1993,288.70047,289.42877,289.26978,288.92358
1997-04-18,287.63147,287.48227,286.88638,287.47073,287.2082,286.7571
1997-04-19,288.2558,288.14566,287.58716,288.3634,288.15933,287.76547
1997-04-20,288.02426,287.6971,286.9198,288.07724,287.61032,286.95224
1997-04-21,289.51193,289.38974,288.81564,289.58472,289.3594,288.9416
1997-04-22,287.98782,287.782,287.12253,287.79727,287.44733,286.90338
1997-04-23,283.14404,282.90356,282.20755,282.87082,282.50394,281.94168
1997-04-24,288.36606,288.19855,287.5737,288.3855,288.083,287.5837
1997-04-25,284.50098,284.15106,283.34204,284.4889,284.09833,283.5095
1997-04-26,283.32413,282.82797,281.87097,282.85812,282.28986,281.52194
1997-04-27,284.90457,284.6936,284.02002,285.22403,284.89325,284.36133
1997-04-28,284.83725,284.69946,284.0973,285.0097,284.73328,284.25433
1997-04-29,286.1048,285.9574,285.344,286.46854,286.2117,285.75098
1997-04-30,287.05493,286.67603,285.82938,287.51224,287.0078,286.29813
1997-05-01,285.2807,285.18744,284.62482,285.38492,285.15216,284.71283
1997-05-02,291.41418,290.7156,289.54614,291.8089,290.93433,289.85193
1997-05-03,295.15817,295.32306,295.0156,295.13788,295.17316,294.99942
1997-05-04,290.47366,290.60028,290.25317,290.53494,290.5199,290.2947
1997-05-05,285.69107,285.65982,285.1535,285.44864,285.27728,284.89474
1997-05-06,288.6529,288.5086,287.88797,288.4126,288.15277,287.68063
1997-05-07,291.27747,291.11032,290.46573,291.34564,291.04272,290.52667
1997-05-08,289.7484,289.67816,289.12936,290.1765,289.9465,289.5025
1997-05-09,287.40512,287.46985,287.05508,287.98465,287.90332,287.60724
1997-05-10,284.78784,284.8211,284.37402,285.15137,285.05606,284.74533
1997-05-11,290.58524,290.27927,289.49228,290.96802,290.56134,289.93866
1997-05-12,291.54504,291.41418,290.8016,291.518,291.2652,290.79602
1997-05-13,291.27454,291.25607,290.7554,290.81284,290.67108,290.31256
1997-05-14,295.63898,295.69434,295.26715,295.529,295.51184,295.27768
1997-05-15,290.6841,290.8385,290.51004,290.7066,290.74344,290.5631
1997-05-16,287.48428,287.4157,286.8642,287.5116,287.28525,286.84177
1997-05-17,294.07187,293.9697,293.38458,294.14786,293.92422,293.48355
1997-05-18,295.21146,295.13535,294.57642,295.39084,295.1852,294.76276
1997-05-19,292.83795,292.6647,292.0089,292.4615,292.1697,291.66138
1997-05-20,296.84976,296.64896,295.96603,297.23877,296.94107,296.4274
1997-05-21,293.26294,293.03973,292.33487,293.8159,293.48563,292.93997
1997-05-22,296.54776,296.26678,295.50476,297.0408,296.63693,296.0183
1997-05-23,291.89224,291.62762,290.88278,292.304,291.87363,291.2294
1997-05-24,294.05975,293.90924,293.27942,294.01764,293.81223,293.3939
1997-05-25,292.1416,292.14096,291.66208,292.51105,292.4073,292.09167
1997-05-26,297.29904,297.0619,296.3476,297.39774,297.02768,296.44693
1997-05-27,299.12686,299.00647,298.41028,299.26276,299.01605,298.55997
1997-05-28,300.47177,300.3035,299.66083,300.55624,300.2376,299.711
1997-05-29,302.8312,302.68622,302.06833,302.94983,302.71088,302.26553
1997-05-30,301.3258,301.24554,300.694,301.29782,301.075,300.64743
1997-05-31,297.86734,298.00204,297.66724,297.76773,297.75247,297.53415
1997-06-01,299.10645,298.8194,298.0647,299.42886,299.04794,298.46576
1997-06-02,301.11655,300.81888,300.05548,301.57025,301.15573,300.5419
1997-06-03,303.15237,302.94635,302.27658,303.58957,303.2868,302.78674
1997-06-04,300.2733,300.18207,299.62918,300.5478,300.3523,299.96158
1997-06-05,298.01746,298.074,297.6711,298.21002,298.216,298.029
1997-06-06,298.4945,298.50244,298.05316,298.41113,298.29678,297.9916
1997-06-07,298.13565,298.04102,297.49155,298.37195,298.14423,297.7281
1997-06-08,297.92307,297.8213,297.267,298.5107,298.22693,297.7571
1997-06-09,294.18784,293.9736,293.3093,294.70712,294.33066,293.77054
1997-06-10,298.80508,298.68066,298.1087,299.2268,298.99048,298.573
1997-06-11,295.8314,295.45844,294.64044,296.30045,295.75894,295.0388
1997-06-12,298.0092,297.86444,297.2772,297.93042,297.67975,297.25296
1997-06-13,297.3674,297.1597,296.51212,297.36404,297.01025,296.48297
1997-06-14,296.44473,296.30908,295.73615,296.70352,296.43054,295.98666
1997-06-15,298.82816,298.77243,298.282,298.75916,298.60074,298.27402
1997-06-16,294.9486,295.0015,294.62225,294.8541,294.75644,294.4931
1997-06-17,291.64386,291.4714,290.86945,291.3912,291.05673,290.55914
1997-06-18,290.2129,290.12006,289.60034,290.27652,290.036,289.63498
1997-06-19,294.96194,294.71762,294.04898,294.98535,294.56766,293.992
1997-06-20,296.7744,296.47653,295.7569,297.1217,296.69052,296.10397
1997-06-21,293.42334,293.19717,292.55182,293.4423,293.09412,292.59305
1997-06-22,294.9442,294.84143,294.32187,295.05832,294.80386,294.399
1997-06-23,294.5867,294.36792,293.7348,294.8962,294.5281,294.01202
1997-06-24,292.96558,292.63574,291.89395,293.01028,292.49377,291.8317
1997-06-25,299.7282,299.48682,298.8358,300.43182,300.06168,299.5483
1997-06-26,305.272,305.0686,304.45786,305.3715,305.04752,304.5826
1997-06-27,304.46924,304.27362,303.6729,304.3874,304.07504,303.62396
1997-06-28,301.72003,301.50024,300.87744,301.41138,301.08173,300.61545
1997-06-29,306.8114,306.4299,305.64743,307.0586,306.54462,305.89603
1997-06-30,303.3531,303.31726,302.8824,303.15106,303.00607,302.7284
1997-07-01,305.72064,305.21616,304.31448,306.09473,305.4833,304.74112
1997-07-02,303.73386,303.4365,302.74377,304.37213,303.92984,303.35852
1997-07-03,300.5496,300.27484,299.60648,300.37222,299.9258,299.35202
1997-07-04,294.66592,294.46133,293.86465,294.60333,294.23343,293.73776
1997-07-05,297.4856,297.21396,296.55176,297.49402,297.04205,296.46573
1997-07-06,303.65186,303.49854,302.95602,303.50244,303.229,302.83255
1997-07-07,300.0267,300.0004,299.58615,299.22836,299.0109,298.6717
1997-07-08,302.01093,302.26788,302.13806,301.72568,301.78757,301.72885
1997-07-09,298.32846,297.94058,297.16696,298.08112,297.55588,296.91104
1997-07-10,298.50797,298.00336,297.11395,298.60593,297.9814,297.2382
1997-07-11,297.36386,296.9603,296.17276,298.1222,297.5251,296.80997
1997-07-12,300.88995,300.5906,299.90802,301.38803,300.92645,300.34763
1997-07-13,300.36133,300.05316,299.36237,300.5521,300.12085,299.5728
1997-07-14,300.65817,300.34543,299.65057,300.8973,300.3946,299.77548
1997-07-15,298.8358,298.3596,297.50165,299.36053,298.71637,297.95605
1997-07-16,300.03113,299.6631,298.91364,299.5992,299.0756,298.43604
1997-07-17,302.1608,301.83078,301.11948,301.9964,301.52542,300.9385
1997-07-18,301.62076,300.64206,299.28214,301.77243,300.66068,299.4329
1997-07-19,299.1041,298.57324,297.66107,299.66104,298.95114,298.12497
1997-07-20,299.12198,298.6938,297.88422,299.50827,298.95898,298.29318
1997-07-21,300.06195,299.61572,298.78784,300.48172,299.92825,299.2578
1997-07-22,299.08334,298.80753,298.14975,299.04495,298.62982,298.0972
1997-07-23,296.71033,296.63403,296.1753,296.95908,296.7292,296.38116
1997-07-24,293.4138,293.18466,292.5726,293.38834,293.0075,292.50784
1997-07-25,294.35373,294.08813,293.43903,294.30515,293.9084,293.3919
1997-07-26,295.98654,295.67648,294.98227,294.77652,294.38278,293.8684
1997-07-27,300.48093,300.2637,299.6615,300.59924,300.2723,299.8237
1997-07-28,296.3219,296.01315,295.3186,296.04578,295.57068,294.97275
1997-07-29,300.575,300.29816,299.6346,300.7465,300.3752,299.87994
1997-07-30,302.03326,301.7453,301.06967,302.21738,301.8328,301.32294
1997-07-31,304.15018,303.86496,303.19098,304.60355,304.2094,303.6886
1997-08-01,304.00632,303.75748,303.11884,304.55225,304.16476,303.64926
1997-08-02,297.1581,296.8728,296.1966,297.50217,297.07724,296.52277
1997-08-03,299.00906,298.54593,297.69064,299.0851,298.50433,297.79242
1997-08-04,299.20895,298.79758,297.99283,299.70102,299.16147,298.4892
1997-08-05,295.34067,295.1277,294.52005,295.66885,295.33023,294.85727
1997-08-06,299.7865,299.32205,298.46167,300.2133,299.62698,298.90466
1997-08-07,302.27692,302.04855,301.4229,302.34875,302.0063,301.52606
1997-08-08,302.10193,301.7489,300.99716,302.08127,301.59235,300.96387
1997-08-09,305.59262,304.97293,303.9532,305.9438,305.14572,304.2063
1997-08-10,296.8103,296.57202,295.9322,296.38446,296.0047,295.48175
1997-08-11,293.04965,292.7872,292.12183,292.9537,292.55167,292.00464
1997-08-12,296.81558,296.48108,295.74228,296.88895,296.41647,295.79715
1997-08-13,300.00558,299.3458,298.2802,300.4304,299.58044,298.58176
1997-08-14,299.78293,299.6691,299.148,299.40567,299.17154,298.78687
1997-08-15,297.17047,296.9137,296.24832,297.09146,296.7035,296.16312
1997-08-16,299.7538,299.48215,298.80045,299.79666,299.38528,298.81964
1997-08-17,297.4169,297.47662,297.12488,297.43796,297.38278,297.17154
1997-08-18,295.88095,295.76715,295.24045,295.92035,295.71722,295.35614
1997-08-19,295.4008,295.08762,294.3602,295.56183,295.11096,294.5004
1997-08-20,300.5051,299.95346,298.98618,300.93436,300.22983,299.3638
1997-08-21,301.03793,300.99115,300.5273,300.75394,300.6461,300.37497
1997-08-22,301.3555,301.16656,300.55927,302.00977,301.7086,301.24243
1997-08-23,299.9734,299.81265,299.23227,300.42828,300.12805,299.66116
1997-08-24,299.04816,299.08246,298.6959,299.4297,299.38892,299.17987
1997-08-25,295.50806,295.47763,295.02502,295.48428,295.33273,295.01132
1997-08-26,295.3661,295.1989,294.60837,295.30713,295.02875,294.57895
1997-08-27,297.3086,296.95663,296.1801,297.668,297.21667,296.59238
1997-08-28,292.9693,292.54105,291.6871,293.16177,292.56064,291.78513
1997-08-29,297.08713,296.53546,295.55698,297.44403,296.73993,295.86002
1997-08-30,301.40988,301.23523,300.63263,301.56497,301.30856,300.87494
1997-08-31,301.70282,301.54034,300.94885,301.79346,301.542,301.11206
1997-09-01,302.1508,301.98755,301.39426,302.50308,302.25708,301.83133
1997-09-02,297.8836,297.5294,296.7442,298.0587,297.54297,296.8463
1997-09-03,299.85254,299.68817,299.09183,299.6992,299.43073,298.98026
1997-09-04,300.6869,300.55627,299.99286,300.80423,300.56433,300.14127
1997-09-05,299.8547,299.67087,299.05328,300.38632,300.07654,299.58255
1997-09-06,300.64465,299.8959,298.71265,301.24792,300.4085,299.384
1997-09-07,298.3311,298.0583,297.35013,297.95938,297.56894,296.99246
1997-09-08,301.17566,301.03152,300.4513,301.0003,300.82178,300.4564
1997-09-09,295.53137,295.2321,294.49597,295.23923,294.83176,294.2366
1997-09-10,290.99072,290.69318,289.95813,291.43384,291.03152,290.4408
1997-09-11,293.0058,292.76736,292.09073,293.38962,293.04523,292.51178
1997-09-12,297.0956,296.88437,296.23428,297.313,296.98254,296.46237
1997-09-13,299.80798,299.54965,298.85193,300.17957,299.8109,299.25198
1997-09-14,296.21313,295.75806,294.863,296.61353,295.98532,295.16632
1997-09-15,296.73022,296.43542,295.7001,297.40866,296.97067,296.34146
1997-09-16,295.76013,295.46985,294.73853,296.6286,296.2269,295.63354
1997-09-17,293.09018,292.62543,291.71915,293.28494,292.68167,291.88644
1997-09-18,298.5851,298.09143,297.15576,298.93588,298.27216,297.4162
1997-09-19,299.59302,299.29562,298.55582,300.17133,299.75803,299.15222
1997-09-20,295.59464,295.49072,294.94394,295.98962,295.76782,295.35327
1997-09-21,294.2659,294.16907,293.62903,294.25848,294.03757,293.62378
1997-09-22,289.74136,289.63788,289.0908,289.87305,289.6301,289.19418
1997-09-23,294.1513,293.96338,293.33148,294.53436,294.26346,293.79944
1997-09-24,295.18118,295.12155,294.61768,295.28098,295.1702,294.8663
1997-09-25,294.41904,294.2458,293.62796,294.86218,294.59357,294.13184
1997-09-26,294.03345,293.69296,292.90768,294.67773,294.2492,293.6276
1997-09-27,292.58493,292.6415,292.25308,293.42694,293.38327,293.14655
1997-09-28,296.75626,296.61722,296.03284,296.97845,296.756,296.34064
1997-09-29,294.73132,294.73547,294.29413,294.74017,294.63354,294.33414
1997-09-30,289.201,289.1977,288.74863,289.21603,289.09525,288.78177
1997-10-01,289.5674,289.32022,288.6271,289.78815,289.4095,288.8384
1997-10-02,289.6277,289.65695,289.2401,289.4845,289.36972,289.0627
1997-10-03,287.1224,286.92078,286.27292,287.22226,286.87134,286.32837
1997-10-04,291.12027,290.90482,290.24298,291.46674,291.1057,290.55295
1997-10-05,299.39987,299.1459,298.44543,299.7211,299.3526,298.79266
1997-10-06,295.39066,295.25055,294.66388,295.98578,295.73062,295.2842
1997-10-07,287.8388,287.61044,286.93546,287.65384,287.2861,286.72748
1997-10-08,295.5058,295.216,294.47958,295.8653,295.4652,294.8746
1997-10-09,295.61862,295.67035,295.27536,295.3873,295.29468,295.01184
1997-10-10,295.78857,295.81094,295.3866,295.59717,295.52347,295.25995
1997-10-11,291.28998,290.91522,290.09375,291.2344,290.75873,290.0936
1997-10-12,297.118,296.69638,295.82803,297.47595,296.92902,296.19296
1997-10-13,294.31564,294.07562,293.38895,294.68582,294.3065,293.7385
1997-10-14,284.63565,284.5749,284.06757,284.57553,284.3895,284.0152
1997-10-15,285.64612,285.4656,284.83862,285.77594,285.4308,284.89777
1997-10-16,282.1314,281.75342,280.92905,281.71802,281.1648,280.42413
1997-10-17,289.7937,289.4713,288.70273,289.92114,289.49524,288.8823
1997-10-18,285.80725,285.78897,285.3247,286.0097,285.86655,285.5368
1997-10-19,284.0715,283.71365,282.90994,283.43097,282.91562,282.21408
1997-10-20,288.50513,288.02655,287.1024,288.69742,288.09024,287.2973
1997-10-21,290.1773,290.08673,289.55078,290.071,289.87573,289.4952
1997-10-22,284.39914,284.42075,283.9973,284.29935,284.1794,283.87466
1997-10-23,279.81183,279.62915,279.0017,279.9165,279.578,279.05518
1997-10-24,283.67923,283.54135,282.95908,283.8595,283.59814,283.1529
1997-10-25,281.37073,280.6905,279.56625,281.5001,280.66803,279.6525
1997-10-26,280.67276,280.20816,279.30002,280.99768,280.3617,279.54276
1997-10-27,281.361,281.01352,280.22287,281.47293,281.01886,280.38232
1997-10-28,282.3874,282.11115,281.39224,282.2875,281.87704,281.28464
1997-10-29,284.7153,284.37552,283.5936,284.15802,283.67105,283.00256
1997-10-30,282.83243,282.68503,282.09604,282.6327,282.32156,281.8294
1997-10-31,280.34186,280.19193,279.60092,280.4179,280.10458,279.61066
1997-11-01,280.9735,280.6872,279.96045,281.13925,280.71704,280.11475
1997-11-02,277.23145,276.9048,276.13828,277.7615,277.29224,276.64337
1997-11-03,280.96136,280.74524,280.08987,281.13617,280.82016,280.32504
1997-11-04,283.2081,282.84357,282.04053,283.37823,282.87778,282.19864
1997-11-05,280.9193,280.94348,280.52985,281.78394,281.68756,281.413
1997-11-06,287.35977,287.1573,286.51776,287.42346,287.12827,286.65533
1997-11-07,288.41122,287.8669,286.8863,288.5252,287.86423,287.02597
1997-11-08,284.82153,284.43405,283.61108,284.85403,284.3345,283.6381
1997-11-09,282.3162,282.05322,281.35562,282.34702,281.92676,281.3301
1997-11-10,288.43893,288.312,287.75122,288.2553,287.99854,287.5658
1997-11-11,289.4997,289.36572,288.7987,289.7237,289.48157,289.06384
1997-11-12,280.61874,280.5329,280.0149,280.43594,280.2392,279.86734
1997-11-13,282.16772,281.6244,280.6498,282.10434,281.40927,280.5395
1997-11-14,284.59613,284.43536,283.84418,284.60312,284.32166,283.86588
1997-11-15,283.93222,283.5008,282.63986,283.91434,283.3541,282.6199
1997-11-16,292.22406,291.83337,291.01404,292.459,291.95837,291.28415
1997-11-17,291.5625,291.30893,290.62762,291.65598,291.3011,290.77295
1997-11-18,285.13538,285.14853,284.7349,284.78445,284.6588,284.36023
1997-11-19,284.01,284.00787,283.57977,283.8583,283.76053,283.49005
1997-11-20,282.88913,282.73785,282.16153,282.91937,282.65512,282.2185
1997-11-21,280.19852,280.03152,279.44037,280.31348,280.04828,279.611
1997-11-22,277.14233,277.01077,276.4559,277.43512,277.13394,276.6609
1997-11-23,281.32465,280.95004,280.15298,281.64468,281.16138,280.50638
1997-11-24,283.42004,283.1524,282.4631,283.5196,283.14127,282.59137
1997-11-25,284.73022,284.38644,283.62183,284.9803,284.4939,283.8361
1997-11-26,284.1128,283.95807,283.38327,284.1859,283.92047,283.4837
1997-11-27,283.20358,282.64966,281.6763,283.14923,282.47052,281.6206
1997-11-28,281.8729,281.81116,281.33075,281.79083,281.56625,281.17044
1997-11-29,279.63327,279.83426,279.6172,280.20786,280.32797,280.27686
1997-11-30,285.78488,285.87097,285.53964,285.9321,285.96674,285.83008
1997-12-01,285.7375,285.35684,284.55936,285.95175,285.48502,284.8469
1997-12-02,282.30392,281.8941,281.06793,282.54843,282.0332,281.3464
1997-12-03,284.42963,283.9324,283.0193,284.67062,284.05722,283.27206
1997-12-04,283.33063,282.93613,282.12607,283.29947,282.8234,282.17526
1997-12-05,287.0613,286.60873,285.74097,287.22467,286.64838,285.89972
1997-12-06,288.12073,287.5535,286.57135,288.10526,287.41846,286.5589
1997-12-07,286.05807,285.60754,284.7423,286.48364,285.92554,285.19424
1997-12-08,272.9516,272.66223,271.95822,272.99268,272.5808,271.99536
1997-12-09,276.1892,276.05872,275.5136,276.43628,276.17148,275.73257
1997-12-10,277.86334,277.57233,276.86664,278.07974,277.6054,276.95636
1997-12-11,283.81635,283.14752,282.06393,283.83585,283.01663,282.02206
1997-12-12,279.93954,279.37616,278.3979,280.04514,279.331,278.44073
1997-12-13,273.5677,273.4969,273.01086,273.54898,273.38803,273.0502
1997-12-14,274.5931,274.14896,273.28928,274.3489,273.7601,272.99356
1997-12-15,279.59277,279.43356,278.8583,279.1783,278.95062,278.5443
1997-12-16,276.1011,275.9329,275.34805,276.01657,275.701,275.2059
1997-12-17,278.3518,278.2522,277.7354,278.07095,277.84982,277.44812
1997-12-18,274.6894,274.6913,274.2753,274.64963,274.528,274.22473
1997-12-19,269.29037,269.32877,268.9484,269.46863,269.3909,269.13037
1997-12-20,266.48083,266.2942,265.68793,266.47095,266.15967,265.66434
1997-12-21,267.2373,267.11227,266.5666,267.27484,267.04535,266.63052
1997-12-22,268.76895,268.24918,267.30774,268.92572,268.2906,267.46887
1997-12-23,274.10995,273.7176,272.9024,274.07956,273.59543,272.9233
1997-12-24,273.97174,273.7638,273.13174,274.08072,273.78473,273.2993
1997-12-25,276.0302,275.58716,274.7187,276.15598,275.55038,274.7539
1997-12-26,276.31454,276.23645,275.7315,276.46832,276.28732,275.91385
1997-12-27,276.58813,276.65152,276.28662,276.51962,276.46384,276.21402
1997-12-28,277.84076,277.61578,276.96097,277.86722,277.54523,277.0275
1997-12-29,276.68845,276.4774,275.83484,276.5942,276.2838,275.776
1997-12-30,273.92786,273.6818,273.00247,274.1841,273.82986,273.2765
1997-12-31,272.00894,271.7876,271.13126,272.0566,271.70718,271.15683
1998-01-01,269.01825,268.87436,268.29175,268.86404,268.62338,268.17825
1998-01-02,272.00488,271.82083,271.19617,272.19644,271.9358,271.46875
1998-01-03,277.9008,277.62128,276.89908,278.16406,277.81067,277.24902
1998-01-04,277.2156,276.9514,276.24246,277.24527,276.86234,276.26923
1998-01-05,281.17337,280.4833,279.34653,280.47534,279.60983,278.53226
1998-01-06,283.90726,283.63245,282.9088,283.7033,283.31558,282.71387
1998-01-07,287.66525,287.3903,286.66434,288.1643,287.75027,287.12027
1998-01-08,283.57587,283.72348,283.41797,283.88193,283.9535,283.8072
1998-01-09,277.9264,277.97217,277.56268,277.74408,277.61966,277.27545
1998-01-10,271.70193,271.79324,271.42706,271.7341,271.7047,271.45355
1998-01-11,267.50308,267.5615,267.16034,267.50174,267.4133,267.10123
1998-01-12,264.59232,264.5522,264.05032,264.68018,264.51105,264.11633
1998-01-13,264.86337,264.68726,264.0472,264.84375,264.56912,264.0671
1998-01-14,266.15445,265.8964,265.1723,266.26505,265.82407,265.1539
1998-01-15,272.09924,272.10928,271.6512,272.1185,272.02252,271.69556
1998-01-16,270.46002,270.269,269.60782,270.5464,270.24588,269.71262
1998-01-17,269.1992,269.07666,268.48193,269.29752,269.07474,268.6175
1998-01-18,268.6635,268.69772,268.25772,268.93137,268.79926,268.43103
1998-01-19,262.35785,262.37164,261.90927,262.33157,262.22122,261.87314
1998-01-20,258.74918,258.57883,257.9305,258.62747,258.27707,257.68735
1998-01-21,258.3883,258.14117,257.41418,258.42612,258.0273,257.38776
1998-01-22,265.61963,265.24823,264.39523,265.37692,264.86264,264.10617
1998-01-23,264.0761,263.8796,263.19983,263.98083,263.6394,263.0545
1998-01-24,262.63614,262.38956,261.6581,262.64252,262.2777,261.6681
1998-01-25,266.30707,266.02466,265.2559,266.59406,266.21036,265.58075
1998-01-26,274.3532,274.23874,273.6365,274.57922,274.352,273.8778
1998-01-27,270.94766,270.84824,270.2597,270.82175,270.58392,270.0981
1998-01-28,268.99252,268.75696,268.03107,269.21112,268.87564,268.29126
1998-01-29,271.65576,271.52646,270.9057,271.70166,271.5045,271.05753
1998-01-30,274.03766,273.95944,273.38876,274.3681,274.2155,273.8125
1998-01-31,275.25217,275.35574,274.966,275.20932,275.22775,274.99518
1998-02-01,270.13272,270.16098,269.6951,270.1676,270.05893,269.69876
1998-02-02,264.24673,264.33774,263.93396,264.05966,264.036,263.7605
1998-02-03,269.2855,269.1161,268.45132,268.71597,268.4263,267.8844
1998-02-04,266.15158,266.03253,265.41772,265.75833,265.52005,265.02945
1998-02-05,267.16174,266.73267,265.80756,267.02853,266.47635,265.67172
1998-02-06,269.74033,269.6852,269.13388,269.54208,269.3671,268.9398
1998-02-07,266.86325,266.8517,266.34393,266.5286,266.3787,265.97668
1998-02-08,266.3123,265.85767,264.90686,266.17303,265.5728,264.72073
1998-02-09,274.72473,274.53116,273.8416,274.574,274.27872,273.7319
1998-02-10,272.0367,271.92737,271.3223,271.80002,271.58563,271.12033
1998-02-11,272.65652,272.33347,271.51517,272.5219,272.1117,271.4512
1998-02-12,272.46985,272.30267,271.6408,272.36063,272.07605,271.5419
1998-02-13,280.25793,280.01,279.26807,280.2662,279.93927,279.36362
1998-02-14,279.9326,279.64603,278.86627,279.78033,279.4091,278.79
1998-02-15,276.1601,276.27454,275.8967,275.73346,275.69083,275.4014
1998-02-16,272.38303,272.42163,271.96896,272.37515,272.3003,271.97983
1998-02-17,269.36926,269.38907,268.91873,269.40115,269.2773,268.9091
1998-02-18,272.1721,272.16635,271.67175,272.26166,272.14786,271.79105
1998-02-19,270.1013,270.0223,269.45572,270.0992,269.88428,269.4277
1998-02-20,264.92722,264.87964,264.34592,264.8243,264.64017,264.21594
1998-02-21,269.77417,269.66272,269.06665,269.65143,269.43347,268.97705
1998-02-22,275.8186,275.78772,275.27377,275.82803,275.68942,275.31396
1998-02-23,275.92426,275.95212,275.4986,276.48605,276.39554,276.06995
1998-02-24,278.40707,278.28915,277.6916,278.85062,278.63367,278.18347
1998-02-25,275.24152,275.23007,274.74078,275.29962,275.1903,274.8496
1998-02-26,274.87784,274.63577,273.91772,274.9325,274.58368,274.00534
1998-02-27,277.3463,276.54834,275.2763,277.16528,276.25735,275.12186
1998-02-28,279.59497,279.55518,279.04324,279.43222,279.30792,278.95804
1998-03-01,274.95752,274.80606,274.18448,275.22028,275.0118,274.57986
1998-03-02,272.04053,271.87634,271.24405,271.94766,271.6937,271.2183
1998-03-03,275.10233,274.94724,274.32605,275.3488,275.0758,274.58347
1998-03-04,274.23056,273.9974,273.30023,274.45908,274.12662,273.5769
1998-03-05,276.16003,275.98038,275.3387,276.40427,276.0972,275.57504
1998-03-06,281.6032,281.40634,280.7495,281.5131,281.18912,280.65216
1998-03-07,281.34732,281.24203,280.67883,282.0131,281.79962,281.37524
1998-03-08,277.1848,277.0426,276.44455,277.15878,276.866,276.3644
1998-03-09,281.24408,280.81598,279.93396,281.4908,280.9153,280.1331
1998-03-10,283.6718,283.3504,282.5771,283.1885,282.72928,282.06534
1998-03-11,286.37997,285.9377,285.04547,286.51437,285.9456,285.17413
1998-03-12,288.40103,287.75262,286.6561,288.627,287.8077,286.78775
1998-03-13,286.96313,286.53754,285.66565,287.2274,286.67,285.9139
1998-03-14,280.5018,280.2258,279.50528,280.51593,280.11032,279.5079
1998-03-15,286.76282,286.3706,285.53558,287.47144,286.9828,286.2991
1998-03-16,287.0788,286.67984,285.83963,287.6873,287.17252,286.4645
1998-03-17,286.5245,286.4482,285.93222,286.33423,286.14127,285.75674
1998-03-18,282.3538,282.03107,281.27017,281.94733,281.52252,280.90775
1998-03-19,290.49075,290.18524,289.4429,290.50653,290.1529,289.6109
1998-03-20,291.09668,290.79553,290.05887,291.0882,290.68176,290.0884
1998-03-21,289.18323,289.15225,288.68692,289.26706,289.17282,288.89304
1998-03-22,281.5072,281.7751,281.60962,281.1492,281.2959,281.25827
1998-03-23,277.55508,277.4182,276.849,277.38165,277.10733,276.64993
1998-03-24,279.91473,279.85266,279.35913,279.67453,279.47833,279.10013
1998-03-25,276.9984,277.0396,276.65012,276.7049,276.57098,276.25604
1998-03-26,276.42505,276.2303,275.60538,276.57468,276.24844,275.74203
1998-03-27,283.44727,283.36783,282.8588,282.84555,282.6658,282.3067
1998-03-28,283.5085,283.20398,282.47018,283.61774,283.24817,282.69983
1998-03-29,284.13876,283.5496,282.5314,283.84372,283.1027,282.1835
1998-03-30,281.89847,281.94302,281.55875,281.3218,281.25653,281.0135
1998-03-31,278.3659,278.14505,277.4954,278.16577,277.81366,277.28415
1998-04-01,280.27997,280.20316,279.6974,279.67477,279.45163,279.0513
1998-04-02,278.89288,278.67383,278.0256,278.51984,278.16177,277.6267
1998-04-03,278.25986,278.1908,277.6922,277.91147,277.68744,277.28632
1998-04-04,285.75366,285.54703,284.91037,285.182,284.90103,284.4429
1998-04-05,283.7128,283.312,282.4807,283.7147,283.21954,282.54703
1998-04-06,279.63232,279.47958,278.8957,279.13562,278.80588,278.29843
1998-04-07,272.82382,272.71655,272.17728,272.34662,272.0851,271.64545
1998-04-08,276.84363,276.63333,275.99008,276.46695,276.10193,275.55826
1998-04-09,280.85068,280.90952,280.53445,280.65335,280.58215,280.3317
1998-04-10,280.7138,280.58218,280.0156,280.68845,280.4028,279.93716
1998-04-11,282.08826,281.8349,281.1453,282.20673,281.8379,281.28824
1998-04-12,282.33392,282.24673,281.72202,282.5226,282.3148,281.92526
1998-04-13,283.15103,282.9392,282.28854,283.2103,282.85864,282.32437
1998-04-14,282.5492,282.7389,282.48825,283.13382,283.1371,282.95663
1998-04-15,285.56967,285.52594,285.0404,285.21707,285.07236,284.7428
1998-04-16,282.09775,281.9715,281.40186,281.90887,281.64502,281.1952
1998-04-17,283.86642,283.69592,283.0804,283.61893,283.31406,282.82196
1998-04-18,286.6747,286.4477,285.774,286.53302,286.18332,285.6451
1998-04-19,282.5943,282.454,281.86536,282.29242,282.0317,281.5812
1998-04-20,281.5424,281.3184,280.6442,281.3313,280.97632,280.4302
1998-04-21,290.7983,290.45233,289.65445,290.80966,290.36276,289.7233
1998-04-22,287.84457,287.96234,287.62643,287.40436,287.35733,287.11627
1998-04-23,283.94418,283.9415,283.4833,283.32748,283.14835,282.7738
1998-04-24,282.05194,281.82272,281.13623,282.6394,282.26663,281.69705
1998-04-25,282.03366,281.5715,280.6502,281.98215,281.40076,280.62112
1998-04-26,288.55362,288.30832,287.60217,288.2514,287.87872,287.30634
1998-04-27,288.26703,288.33047,287.93134,288.86035,288.76755,288.47366
1998-04-28,289.43494,289.2192,288.53912,289.30322,288.97934,288.45294
1998-04-29,290.08954,289.80148,289.0474,290.26404,289.85233,289.23676
1998-04-30,287.82343,287.51047,286.72977,287.43228,286.9843,286.33115
1998-05-01,289.93555,289.65286,288.90085,290.10522,289.6978,289.08383
1998-05-02,288.7565,288.87198,288.5166,289.3398,289.2987,289.0498
1998-05-03,292.8854,292.22125,291.0848,292.8867,292.06818,291.04065
1998-05-04,292.4475,292.2906,291.65994,292.51212,292.19788,291.67352
1998-05-05,285.62543,285.53992,284.97928,285.31485,285.09583,284.6656
1998-05-06,289.80832,289.54056,288.79648,289.29053,288.91168,288.32053
1998-05-07,296.84213,296.6736,296.02765,296.9618,296.6689,296.1629
1998-05-08,294.52484,294.2942,293.58502,294.75446,294.44305,293.91766
1998-05-09,299.48175,299.65335,299.34546,299.17484,299.2838,299.17804
1998-05-10,293.94855,294.0913,293.75375,293.36115,293.35342,293.1303
1998-05-11,289.97012,290.1576,289.86404,289.5574,289.6111,289.44882
1998-05-12,289.59854,289.57114,289.06204,289.5402,289.37915,289.00168
1998-05-13,291.34644,291.2246,290.62054,291.36206,291.07666,290.5745
1998-05-14,289.41577,289.2831,288.66788,289.1414,288.8687,288.379
1998-05-15,287.58542,287.51718,286.9661,287.48865,287.28088,286.856
1998-05-16,286.22073,286.28046,285.85724,286.00012,285.91953,285.62183
1998-05-17,288.07874,288.01086,287.46002,288.1934,287.96567,287.52094
1998-05-18,290.2641,290.1523,289.5577,290.52118,290.2648,289.7916
1998-05-19,289.6626,289.23752,288.3299,290.0845,289.5002,288.6994
1998-05-20,292.08643,291.7751,290.98157,292.67062,292.16626,291.4459
1998-05-21,291.9121,291.70612,291.0185,292.09457,291.7087,291.10742
1998-05-22,292.26532,292.28485,291.82336,291.98718,291.81927,291.4366
1998-05-23,290.5775,290.49973,289.9417,289.95328,289.8387,289.5103
1998-05-24,300.30554,300.33655,299.88824,299.978,299.94507,299.69922
1998-05-25,297.39023,297.3597,296.8509,296.98795,296.7989,296.39795
1998-05-26,297.37164,297.1911,296.53342,297.29874,297.01514,296.52087
1998-05-27,297.77133,297.60727,296.96738,297.79535,297.57428,297.1438
1998-05-28,293.60773,293.56067,293.03915,293.32303,293.1787,292.82642
1998-05-29,291.4854,291.32953,290.7007,291.33246,291.02676,290.51465
1998-05-30,292.98672,292.90588,292.35373,292.7659,292.57126,292.1718
1998-05-31,295.38654,295.14447,294.43283,295.32645,294.95108,294.37262
1998-06-01,299.6228,299.4862,298.8819,299.78705,299.47504,298.96173
1998-06-02,298.35352,298.24796,297.6766,298.30817,298.12875,297.75003
1998-06-03,294.16083,293.93945,293.25433,293.97855,293.62943,293.083
1998-06-04,299.63055,299.11914,298.14606,299.7281,299.03842,298.15356
1998-06-05,296.7094,296.49115,295.81342,296.9596,296.6046,296.05664
1998-06-06,293.56018,293.44775,292.8781,293.6464,293.44064,293.04407
1998-06-07,290.82462,290.4404,289.60132,290.98825,290.49036,289.80402
1998-06-08,292.28012,292.00925,291.2859,292.3438,291.9149,291.2999
1998-06-09,294.37735,294.24863,293.66986,294.3243,294.01962,293.53134
1998-06-10,292.8261,292.8491,292.42453,293.0019,292.87668,292.5703
1998-06-11,293.32254,292.92474,292.08194,293.59116,293.0545,292.33917
1998-06-12,295.1262,294.74658,293.92447,295.43713,294.90753,294.20184
1998-06-13,298.36652,298.2207,297.63495,298.52005,298.2635,297.8334
1998-06-14,299.39975,299.14053,298.44406,299.54416,299.1596,298.60413
1998-06-15,301.2237,300.83386,300.00937,301.61526,301.0845,300.3854
1998-06-16,295.32474,295.26822,294.77957,295.4939,295.31393,294.9683
1998-06-17,291.30685,290.8741,290.0119,291.3892,290.77667,290.001
1998-06-18,297.34467,297.0427,296.31384,297.68207,297.2603,296.678
1998-06-19,299.08572,298.6885,297.86697,299.46835,298.9773,298.32828
1998-06-20,297.0054,296.5649,295.7027,297.1626,296.56165,295.80533
1998-06-21,298.84933,298.55707,297.8456,298.99026,298.58905,298.035
1998-06-22,298.25363,297.76965,296.8689,298.27554,297.62253,296.81912
1998-06-23,298.05997,297.57745,296.68066,298.66208,298.0038,297.1976
1998-06-24,301.86688,301.3694,300.46,302.56293,301.93625,301.16403
1998-06-25,301.36356,300.69504,299.6169,301.94492,301.1358,300.1835
1998-06-26,303.61124,302.79926,301.57996,304.7813,303.77954,302.6368
1998-06-27,308.63354,307.79285,306.5471,309.03113,308.054,306.93805
1998-06-28,311.81284,311.24155,310.2673,312.2379,311.51447,310.65436
1998-06-29,314.2448,314.02023,313.3947,314.1325,313.74942,313.23172
1998-06-30,305.85678,305.46872,304.68164,306.1461,305.5612,304.8436
1998-07-01,295.0936,294.8986,294.30643,295.09518,294.7274,294.2288
1998-07-02,298.92712,298.5739,297.82532,298.97083,298.4972,297.89456
1998-07-03,301.2543,300.54196,299.43597,301.13654,300.2786,299.29324
1998-07-04,307.76782,307.54587,306.93185,308.26535,307.90097,307.4108
1998-07-05,306.6304,306.66287,306.30475,307.2654,307.13373,306.87766
1998-07-06,304.1358,304.5285,304.532,304.56934,304.80078,304.9092
1998-07-07,304.818,304.5796,303.95322,304.50717,304.08047,303.53207
1998-07-08,301.2605,301.16754,300.6878,300.81094,300.5819,300.2323
1998-07-09,297.8101,297.6726,297.14938,297.65668,297.35303,296.92975
1998-07-10,298.30618,298.14896,297.60693,297.9914,297.69095,297.27182
1998-07-11,293.95758,293.69144,293.0413,293.7953,293.37863,292.84396
1998-07-12,295.55054,295.5548,295.17584,294.847,294.6801,294.39597
1998-07-13,292.55457,292.5791,292.22104,292.28635,292.16296,291.9228
1998-07-14,292.85187,292.60922,291.98447,292.62247,292.2398,291.74072
1998-07-15,295.86356,295.6061,294.96692,295.7493,295.3438,294.82224
1998-07-16,298.10083,297.75708,297.0319,298.1509,297.6644,297.06192
1998-07-17,302.66797,302.36826,301.68726,302.97162,302.5448,302.002
1998-07-18,303.65445,303.3559,302.67615,304.00272,303.5591,302.99945
1998-07-19,298.92258,298.75766,298.21146,299.04797,298.74643,298.32864
1998-07-20,298.32935,297.95563,297.20056,298.90793,298.44223,297.86002
1998-07-21,299.4153,298.9505,298.1041,300.16592,299.5733,298.8637
1998-07-22,300.575,300.23376,299.51056,301.12494,300.6788,300.1152
1998-07-23,299.08313,298.47202,297.47845,299.61227,298.89047,298.0506
1998-07-24,298.82864,298.38974,297.56787,299.28088,298.7329,298.06607
1998-07-25,298.72983,298.14014,297.16693,299.2188,298.5444,297.75024
1998-07-26,298.10397,297.6235,296.75885,298.1486,297.5265,296.78372
1998-07-27,300.04022,299.80927,299.19336,299.66733,299.31403,298.839
1998-07-28,301.66742,301.52426,300.99527,301.3416,301.06506,300.66568
1998-07-29,296.94437,296.8055,296.27997,296.83508,296.57477,296.19043
1998-07-30,296.03403,295.74023,295.05878,296.12207,295.69046,295.13358
1998-07-31,297.52798,297.24594,296.57516,298.0206,297.59738,297.04755
1998-08-01,301.55048,301.22076,300.50125,301.79544,301.33337,300.74326
1998-08-02,304.3058,303.90173,303.10675,304.94128,304.4643,303.8578
1998-08-03,302.91846,302.66187,302.0131,303.56827,303.19293,302.68646
1998-08-04,304.32703,303.99277,303.2651,304.96283,304.4923,303.88913
1998-08-05,303.48798,303.34802,302.8134,303.88394,303.63388,303.24945
1998-08-06,301.95667,301.79047,301.2283,302.1382,301.86423,301.45416
1998-08-07,301.80637,301.5135,300.82333,302.7616,302.3224,301.74536
1998-08-08,300.92105,301.15262,300.98547,301.34375,301.4769,301.4705
1998-08-09,297.5369,297.49326,297.04956,297.77386,297.62845,297.34167
1998-08-10,295.6712,295.5564,295.04007,295.73648,295.50946,295.13925
1998-08-11,297.02774,296.7456,296.06058,297.14032,296.7263,296.16727
1998-08-12,300.4684,300.24796,299.6232,300.52243,300.16537,299.66144
1998-08-13,298.9196,298.71283,298.10025,299.23584,298.91876,298.453
1998-08-14,299.514,299.0833,298.24542,299.8149,299.27066,298.57587
1998-08-15,301.84326,301.5895,300.92715,301.6585,301.27692,300.7429
1998-08-16,299.03226,299.1288,298.81528,299.32327,299.27832,299.07913
1998-08-17,297.55893,297.51517,297.05997,298.18622,298.04474,297.74716
1998-08-18,301.47537,301.36215,300.83603,301.838,301.6432,301.2904
1998-08-19,299.59164,299.3208,298.6357,300.2643,299.9121,299.40018
1998-08-20,298.4201,298.16623,297.49667,299.07693,298.70657,298.1747
1998-08-21,297.82904,297.51773,296.78934,298.62393,298.20654,297.62595
1998-08-22,297.32617,297.09576,296.44702,297.7338,297.3838,296.86884
1998-08-23,299.7641,299.39075,298.5978,300.33063,299.84775,299.19824
1998-08-24,300.3969,299.9962,299.17453,300.67725,300.19156,299.5376
1998-08-25,303.95013,303.5962,302.82007,304.3734,303.89386,303.24442
1998-08-26,302.21704,301.96725,301.29407,302.51334,302.13968,301.5946
1998-08-27,302.0713,301.69403,300.89224,302.70023,302.22845,301.5837
1998-08-28,303.6405,303.3275,302.5888,304.1555,303.7496,303.1693
1998-08-29,304.07178,303.71576,302.93295,304.6916,304.2266,303.58582
1998-08-30,303.56427,303.2236,302.45496,304.32135,303.87097,303.24344
1998-08-31,305.0736,304.90298,304.3033,305.54156,305.26523,304.8104
1998-09-01,302.49316,302.42746,301.93173,303.29764,303.04312,302.60886
1998-09-02,298.8705,298.24344,297.18542,298.73364,297.9939,297.0732
1998-09-03,301.94315,301.57788,300.78067,302.45923,301.98575,301.3302
1998-09-04,304.0953,303.89108,303.25406,304.08987,303.78296,303.29288
1998-09-05,296.18945,295.93848,295.2538,296.16763,295.7852,295.21857
1998-09-06,294.14343,292.84586,291.11377,294.26212,292.76633,291.08542
1998-09-07,300.31345,300.05457,299.36035,301.07742,300.72195,300.18045
1998-09-08,294.77762,294.54276,293.8718,295.12598,294.72864,294.1444
1998-09-09,296.79953,296.57022,295.9041,296.84824,296.4898,295.9437
1998-09-10,296.50696,296.39084,295.83722,296.64417,296.40677,295.98093
1998-09-11,294.15985,293.78976,292.9815,294.80753,294.31573,293.63486
1998-09-12,293.39215,292.76855,291.70612,294.3208,293.60287,292.69528
1998-09-13,292.20642,291.71286,290.77988,293.47168,292.90665,292.1513
1998-09-14,290.831,290.51526,289.75958,290.79984,290.29105,289.5915
1998-09-15,289.43295,289.43457,288.99567,290.2315,290.10226,289.7818
1998-09-16,291.16937,290.85974,290.1091,291.50644,291.0727,290.44736
1998-09-17,292.45135,291.99704,291.1012,292.95837,292.367,291.58365
1998-09-18,293.50565,293.18112,292.4146,294.03677,293.59186,292.95465
1998-09-19,294.12064,293.84,293.11694,294.63855,294.21866,293.60626
1998-09-20,296.2362,295.9407,295.20233,296.6576,296.23712,295.62393
1998-09-21,297.02582,296.74677,296.02454,297.49307,297.0929,296.49988
1998-09-22,292.1379,291.56055,290.53958,292.4977,291.7813,290.87195
1998-09-23,294.38516,294.21002,293.5909,294.59454,294.30365,293.8196
1998-09-24,296.13116,295.9348,295.2942,296.53723,296.24048,295.75058
1998-09-25,296.23538,295.82974,294.97955,296.7817,296.2457,295.5165
1998-09-26,292.9639,292.95328,292.49783,293.00302,292.79007,292.38403
1998-09-27,291.37372,291.16153,290.5043,291.77094,291.38818,290.81238
1998-09-28,290.85327,290.86932,290.4401,290.96436,290.8108,290.46432
1998-09-29,288.95712,288.59802,287.79343,288.46304,287.98727,287.3187
1998-09-30,288.69455,287.83597,286.53165,288.50696,287.47842,286.25726
1998-10-01,290.29858,290.1413,289.5381,290.51437,290.21628,289.72574
1998-10-02,290.92682,290.8018,290.23062,291.07306,290.82706,290.38882
1998-10-03,291.0753,290.7912,290.06088,291.27173,290.8458,290.2278
1998-10-04,293.59012,293.30487,292.57324,294.14758,293.73892,293.13852
1998-10-05,294.6138,294.22717,293.39407,295.01257,294.52603,293.848
1998-10-06,293.96667,293.6263,292.83936,294.2763,293.8003,293.13306
1998-10-07,292.39374,292.21808,291.5958,292.62033,292.31256,291.81393
1998-10-08,291.87903,291.65775,290.98984,292.19485,291.84305,291.30075
1998-10-09,284.6999,284.6213,284.096,284.86948,284.65918,284.2587
1998-10-10,285.56177,285.54843,285.08832,285.6942,285.5159,285.14777
1998-10-11,289.74457,289.47107,288.75082,290.16147,289.73093,289.11087
1998-10-12,291.5562,291.56436,291.12582,291.36707,291.27505,290.99393
1998-10-13,288.2227,288.13562,287.6019,288.2084,287.94757,287.49805
1998-10-14,284.78528,284.62418,284.01648,284.98135,284.70383,284.23798
1998-10-15,282.92474,282.2619,281.1526,282.6186,281.8156,280.82474
1998-10-16,294.48883,294.35175,293.76834,294.63455,294.38504,293.9481
1998-10-17,289.601,289.43768,288.82816,289.599,289.33914,288.89224
1998-10-18,294.70636,294.50604,293.85977,294.61472,294.2777,293.75412
1998-10-19,288.12033,288.1049,287.6436,288.03372,287.87955,287.53915
1998-10-20,286.1151,285.84875,285.13678,285.92828,285.52655,284.93912
1998-10-21,280.70425,280.51334,279.8771,280.70767,280.39172,279.89053
1998-10-22,276.9367,276.7179,276.05405,276.90155,276.54407,276.00174
1998-10-23,278.9182,278.8126,278.2622,279.20493,278.9454,278.50156
1998-10-24,281.0094,280.85577,280.25775,281.15607,280.85394,280.36795
1998-10-25,277.11026,276.81253,276.0708,277.05676,276.5666,275.89297
1998-10-26,277.7086,277.48523,276.8183,277.70016,277.36832,276.85352
1998-10-27,278.85834,278.60168,277.9019,278.9483,278.5998,278.06888
1998-10-28,280.95038,280.59088,279.78876,280.9825,280.48062,279.79678
1998-10-29,283.34628,283.06534,282.34222,283.73248,283.3218,282.72964
1998-10-30,279.60165,279.34125,278.63925,279.7258,279.35382,278.80078
1998-10-31,281.13196,280.74658,279.9201,281.34518,280.84122,280.15662
1998-11-01,286.07593,285.77405,285.03168,286.34622,285.91077,285.2952
1998-11-02,288.2365,288.0162,287.35608,288.11462,287.81363,287.33307
1998-11-03,289.92343,289.75778,289.1529,290.023,289.78317,289.3642
1998-11-04,286.75345,286.42847,285.66498,286.84268,286.40445,285.7876
1998-11-05,286.69412,286.4176,285.70334,286.94684,286.54306,285.9611
1998-11-06,282.75714,282.68915,282.18408,282.89163,282.73883,282.4083
1998-11-07,281.42487,281.39883,280.9365,281.47348,281.30374,280.9567
1998-11-08,280.3478,280.29474,279.8062,280.44455,280.26373,279.90607
1998-11-09,281.885,281.79312,281.26657,281.85092,281.63882,281.2503
1998-11-10,279.66125,279.82065,279.5462,279.7685,279.7738,279.60315
1998-11-11,278.07288,278.01547,277.52502,278.15512,277.9859,277.64108
1998-11-12,278.0639,277.9323,277.36853,278.00385,277.6217,277.06442
1998-11-13,274.48984,274.47247,274.02386,274.70856,274.50916,274.13504
1998-11-14,274.0539,273.96558,273.44687,274.0785,273.84885,273.44485
1998-11-15,273.2562,273.12097,272.55624,273.2348,272.96948,272.53024
1998-11-16,274.18655,274.02945,273.4437,274.1774,273.86816,273.3853
1998-11-17,274.77716,274.5275,273.85016,275.02393,274.66647,274.1358
1998-11-18,273.30872,273.1533,272.57104,273.42978,273.13257,272.66245
1998-11-19,274.71106,274.48056,273.8241,274.45563,274.11743,273.6066
1998-11-20,282.7928,282.70312,282.1884,282.6489,282.43378,282.0463
1998-11-21,286.95294,286.5082,285.63937,287.05045,286.46332,285.70407
1998-11-22,284.3815,284.02045,283.23608,284.88007,284.37476,283.69754
1998-11-23,285.638,285.2582,284.456,285.8322,285.36795,284.732
1998-11-24,285.60666,285.34198,284.65567,285.7141,285.34088,284.79608
1998-11-25,281.99973,281.54175,280.66293,281.12827,280.52786,279.75607
1998-11-26,277.76614,277.54886,276.91147,277.271,276.93616,276.43002
1998-11-27,279.1113,278.7391,277.94754,277.65042,277.13956,276.45752
1998-11-28,272.25568,272.4283,272.18228,270.8469,270.77283,270.52747
1998-11-29,271.11276,270.78058,270.03036,271.081,270.60416,269.9561
1998-11-30,278.2909,278.0342,277.3601,277.95605,277.58493,277.0425
1998-12-01,277.44177,277.07886,276.29907,277.59265,277.10812,276.45218
1998-12-02,287.49005,286.9223,285.9382,287.49493,286.79572,285.9249
1998-12-03,286.13138,285.85532,285.16336,286.33075,285.9435,285.3845
1998-12-04,270.6338,270.2923,269.5353,270.66415,270.2067,269.57715
1998-12-05,276.60632,276.1777,275.33386,276.70407,276.20074,275.52505
1998-12-06,277.92682,277.33405,276.32635,277.91824,277.2066,276.32227
1998-12-07,285.8662,285.58215,284.88336,285.96875,285.5684,284.99487
1998-12-08,284.15848,283.70615,282.83914,284.2277,283.66843,282.93555
1998-12-09,284.67218,284.36234,283.63788,285.01093,284.56613,283.94724
1998-12-10,288.1475,287.76102,286.9599,288.2824,287.7985,287.13983
1998-12-11,286.34216,286.21024,285.66357,286.14294,285.9367,285.5551
1998-12-12,274.74142,274.53824,273.92017,274.63226,274.33118,273.854
1998-12-13,276.70428,276.5679,276.0163,276.53,276.24506,275.78323
1998-12-14,279.9802,279.95004,279.50433,279.77716,279.67477,279.39468
1998-12-15,270.6264,270.51877,269.99506,270.62958,270.3905,269.97284
1998-12-16,270.14096,270.08667,269.6158,270.12378,269.97205,269.64078
1998-12-17,271.17584,271.02325,270.45346,271.42017,271.1515,270.70224
1998-12-18,277.9851,277.80634,277.2096,277.82147,277.5083,277.01346
1998-12-19,279.22992,278.85837,278.06805,278.96783,278.47446,277.79825
1998-12-20,279.77264,279.5058,278.8193,279.27518,278.93454,278.40988
1998-12-21,278.12567,278.2781,278.00995,277.4122,277.50186,277.40622
1998-12-22,266.79242,266.5578,265.90152,266.86108,266.5025,265.95737
1998-12-23,272.06522,271.77884,271.06964,272.28763,271.87863,271.28165
1998-12-24,271.9331,271.77365,271.19012,271.9412,271.7014,271.27213
1998-12-25,273.0949,272.80298,272.08563,273.06406,272.6555,272.05597
1998-12-26,273.75128,273.56055,272.94293,273.83823,273.56534,273.1
1998-12-27,273.8866,273.56732,272.8197,274.05118,273.61365,272.98206
1998-12-28,271.7783,271.5227,270.83722,272.22293,271.88837,271.3581
1998-12-29,269.1861,268.94022,268.26285,269.1544,268.813,268.27417
1998-12-30,269.95,269.89935,269.41547,269.81552,269.6744,269.33417
1998-12-31,266.91394,266.31848,265.288,267.09772,266.3703,265.44196
1999-01-01,274.7176,274.4178,273.67923,274.94598,274.56744,273.98438
1999-01-02,277.85733,277.54352,276.7891,277.9374,277.54245,276.94113
1999-01-03,274.77545,274.4903,273.7625,275.0587,274.68387,274.10077
1999-01-04,275.50195,275.2515,274.5564,275.58484,275.2622,274.7294
1999-01-05,275.5847,275.2858,274.54022,276.24203,275.85583,275.2576
1999-01-06,272.9239,272.686,271.9993,273.09518,272.71393,272.11865
1999-01-07,265.43903,265.2675,264.64493,265.312,265.03592,264.54385
1999-01-08,269.63126,269.42834,268.77237,269.5344,269.23486,268.7175
1999-01-09,271.6217,271.34424,270.61148,271.86707,271.51505,270.94327
1999-01-10,271.93912,271.84775,271.29895,272.2157,272.02808,271.61868
1999-01-11,268.3032,268.11234,267.4619,268.49442,268.1936,267.66916
1999-01-12,270.79285,270.3845,269.51437,270.54208,270.00272,269.23782
1999-01-13,272.91925,272.7696,272.156,272.85376,272.582,272.08286
1999-01-14,267.87415,267.857,267.37378,267.94614,267.7716,267.36786
1999-01-15,262.40384,262.12787,261.38373,262.18784,261.77628,261.13373
1999-01-16,272.88867,272.65015,271.9414,272.97046,272.58414,271.96506
1999-01-17,279.38187,279.13712,278.42014,279.5711,279.26343,278.7213
1999-01-18,282.19028,282.17694,281.6894,281.95288,281.96448,281.74
1999-01-19,267.2251,267.5417,267.38214,266.8652,267.15482,267.20667
1999-01-20,267.0385,266.79614,266.07578,267.26904,266.90164,266.29492
1999-01-21,269.1626,269.06897,268.49545,269.35892,269.18024,268.76077
1999-01-22,265.23788,265.12173,264.52402,265.38168,265.1972,264.77054
1999-01-23,266.95193,267.00833,266.58148,267.2265,267.14194,266.8139
1999-01-24,272.51483,272.597,272.1943,272.729,272.71118,272.44858
1999-01-25,268.70157,268.95056,268.71323,268.83032,268.94342,268.8106
1999-01-26,266.5961,266.36212,265.64044,266.60626,266.2392,265.62515
1999-01-27,272.78198,272.4637,271.65637,273.2217,272.7711,272.0725
1999-01-28,282.2929,282.3183,281.8534,282.3421,282.34598,282.10095
1999-01-29,273.28055,274.0958,274.41965,273.7888,274.51544,274.99234
1999-01-30,271.25198,271.2771,270.80978,271.16357,271.03156,270.6491
1999-01-31,275.68134,276.42633,276.67804,275.22873,275.86655,276.25342
1999-02-01,264.48804,264.82034,264.6585,264.53833,264.75317,264.71652
1999-02-02,266.8326,266.91647,266.50552,266.94263,266.9168,266.6391
1999-02-03,263.3639,263.2995,262.73978,263.22662,263.01337,262.54788
1999-02-04,263.06665,263.0219,262.4814,262.98663,262.8027,262.3665
1999-02-05,262.268,262.0271,261.29016,262.1506,261.772,261.141
1999-02-06,271.64435,271.1271,270.11362,271.51404,270.8601,269.95386
1999-02-07,276.9447,276.8638,276.28668,276.6841,276.4926,276.049
1999-02-08,276.52264,276.23557,275.45233,276.5922,276.17642,275.50882
1999-02-09,277.55774,277.45035,276.84695,277.4042,277.17792,276.70016
1999-02-10,279.356,279.1885,278.52533,279.34268,279.08856,278.5835
1999-02-11,283.09167,282.74002,281.89316,283.375,282.9569,282.28848
1999-02-12,284.1692,284.12613,283.5884,284.1255,284.03482,283.6946
1999-02-13,278.8356,278.76007,278.19055,278.39758,278.2017,277.7571
1999-02-14,279.42715,279.27063,278.62094,279.3997,279.1277,278.60785
1999-02-15,282.36142,281.43445,280.0152,282.13596,281.08603,279.78934
1999-02-16,281.70737,281.3845,280.5703,281.623,281.17703,280.4855
1999-02-17,282.71753,282.54868,281.88968,282.6911,282.41748,281.89948
1999-02-18,274.47836,274.40762,273.848,274.55884,274.36978,273.9377
1999-02-19,276.7856,276.68634,276.09946,276.80896,276.58035,276.1101
1999-02-20,280.32074,280.2277,279.64847,280.16666,279.97836,279.55
1999-02-21,279.8054,279.65207,279.01416,279.4652,279.2032,278.7027
1999-02-22,278.79843,278.49213,277.7027,278.61377,278.21222,277.57385
1999-02-23,276.76596,276.53714,275.8269,276.70764,276.36957,275.79642
1999-02-24,276.87857,276.67664,275.99506,276.9342,276.61374,276.06006
1999-02-25,279.14734,278.97806,278.33096,278.9171,278.6535,278.15845
1999-02-26,274.58627,274.40283,273.7434,274.60916,274.28522,273.73175
1999-02-27,275.901,275.7694,275.16376,276.15,275.9242,275.47086
1999-02-28,277.00732,276.90652,276.33365,277.08966,276.86557,276.41595
1999-03-01,277.8914,277.81567,277.26984,277.8527,277.62695,277.17773
1999-03-02,277.4919,277.36194,276.76382,277.52194,277.24347,276.74353
1999-03-03,277.86902,277.59787,276.86063,277.90198,277.4874,276.8535
1999-03-04,275.52115,275.52164,275.05814,275.47836,275.32483,274.95407
1999-03-05,272.60092,272.6215,272.18002,272.73038,272.64725,272.349
1999-03-06,268.20258,268.61432,268.5661,268.3931,268.6318,268.65753
1999-03-07,269.14062,268.98114,268.3637,268.77853,268.49435,267.99924
1999-03-08,268.76093,268.49564,267.77454,268.65918,268.29248,267.71698
1999-03-09,270.1458,270.12274,269.64575,270.15106,270.03357,269.70935
1999-03-10,267.23105,267.20755,266.73218,266.9992,266.82468,266.44543
1999-03-11,273.5636,273.53943,273.06522,273.61237,273.44717,273.07928
1999-03-12,276.4746,276.43967,275.95667,276.42334,276.27768,275.9314
1999-03-13,274.87274,274.53476,273.75052,274.8031,274.36514,273.72842
1999-03-14,277.22607,277.09244,276.5143,277.17514,276.92886,276.48572
1999-03-15,278.82358,278.6419,278.01746,278.66895,278.38013,277.89633
1999-03-16,278.58572,278.45248,277.878,279.32248,279.04044,278.5652
1999-03-17,276.279,276.20065,275.68265,276.85367,276.61084,276.17645
1999-03-18,272.57098,272.44904,271.88898,272.35736,272.12466,271.70203
1999-03-19,274.5891,274.3566,273.68723,274.40256,273.99915,273.40735
1999-03-20,283.50793,283.22928,282.51508,283.83618,283.48132,282.9395
1999-03-21,276.52267,276.18616,275.41528,276.8401,276.40405,275.78247
1999-03-22,284.5411,284.353,283.73154,283.2889,282.88736,282.3015
1999-03-23,280.94794,280.69815,280.01605,280.49078,280.11157,279.54926
1999-03-24,283.21762,283.00436,282.35968,282.95447,282.59772,282.05896
1999-03-25,283.26382,282.74557,281.7966,281.63855,280.95288,280.0862
1999-03-26,279.8533,279.72858,279.17368,279.4073,279.11874,278.65002
1999-03-27,280.7827,280.6712,280.13013,280.57556,280.3423,279.9297
1999-03-28,282.4376,282.4502,282.03354,282.18753,282.0748,281.7833
1999-03-29,277.93484,277.76865,277.1734,277.92993,277.62546,277.14282
1999-03-30,279.0454,278.808,278.14178,278.8236,278.43576,277.8702
1999-03-31,282.19928,281.80176,280.97543,282.04416,281.491,280.76047
1999-04-01,282.812,282.58698,281.93295,282.63345,282.27805,281.74548
1999-04-02,281.54663,281.26077,280.54578,281.30002,280.88425,280.29144
1999-04-03,283.60535,283.37402,282.71317,283.56937,283.23254,282.7186
1999-04-04,278.7312,278.48642,277.81165,278.92398,278.59143,278.08173
1999-04-05,280.31058,280.35056,279.96002,279.33633,279.19238,278.87106
1999-04-06,282.3812,282.30298,281.79358,282.132,281.94568,281.58167
1999-04-07,284.3121,284.02505,283.306,284.44714,284.06982,283.51437
1999-04-08,284.76447,284.79977,284.40213,284.62314,284.55673,284.31165
1999-04-09,282.462,282.08292,281.2699,282.20105,281.7018,281.02332
1999-04-10,290.55093,290.4722,289.9585,290.17026,290.00073,289.65118
1999-04-11,288.2064,287.974,287.3054,288.51956,288.18628,287.67215
1999-04-12,293.67563,293.30435,292.49557,293.98093,293.4742,292.78577
1999-04-13,289.8429,289.74673,289.2117,290.01904,289.8329,289.46408
1999-04-14,287.87167,287.70258,287.09314,287.76855,287.54468,287.1371
1999-04-15,287.96072,288.0298,287.657,287.60025,287.6465,287.50793
1999-04-16,276.39005,276.50745,276.18143,276.05792,275.9522,275.66055
1999-04-17,283.97452,283.70663,282.9937,284.21036,283.80618,283.21478
1999-04-18,292.65073,292.59393,292.09048,292.45483,292.317,291.99063
1999-04-19,289.0863,288.94745,288.3602,288.9224,288.68353,288.25485
1999-04-20,286.81503,286.8074,286.34958,286.83844,286.6982,286.36682
1999-04-21,289.2493,288.50104,287.30087,289.452,288.56876,287.493
1999-04-22,293.27585,292.90875,292.08795,293.5529,293.08688,292.42688
1999-04-23,290.36908,290.15164,289.4787,290.40262,290.08487,289.57172
1999-04-24,293.22305,292.9856,292.2908,293.36288,293.0064,292.45316
1999-04-25,297.48242,297.26953,296.59753,296.6858,296.43164,295.97925
1999-04-26,296.95288,297.01172,296.60968,297.12213,297.1098,296.8978
1999-04-27,289.31607,289.3499,288.92117,289.35367,289.2464,288.93805
1999-04-28,279.83725,279.70367,279.10574,279.74203,279.4672,278.98984
1999-04-29,280.61823,280.3971,279.70996,280.2376,279.86578,279.29007
1999-04-30,285.01624,284.81223,284.1405,284.83554,284.5076,283.97443
1999-05-01,283.32416,283.03802,282.28253,282.95312,282.63995,282.12027
1999-05-02,287.19336,287.02298,286.3817,286.8235,286.5085,285.9857
1999-05-03,290.3495,290.0698,289.3178,290.74176,290.33295,289.71515
1999-05-04,285.7863,285.50986,284.7597,286.23068,285.82144,285.20203
1999-05-05,285.1989,285.03754,284.4011,285.10794,284.80676,284.29434
1999-05-06,286.0932,286.0982,285.62692,285.95447,285.82486,285.48294
1999-05-07,285.96808,285.7796,285.11365,286.09567,285.77417,285.23953
1999-05-08,290.28336,289.9658,289.1697,290.06445,289.62625,288.97406
1999-05-09,288.4304,288.2531,287.59634,288.19803,287.8787,287.34464
1999-05-10,290.11322,289.98648,289.37936,289.91248,289.6531,289.1783
1999-05-11,293.18045,293.0585,292.45557,293.3901,293.15222,292.6983
1999-05-12,294.53976,294.49722,293.97302,294.83838,294.68094,294.30707
1999-05-13,293.96686,293.9975,293.54593,293.16156,293.0176,292.65686
1999-05-14,287.04868,287.08508,286.63892,286.81772,286.6797,286.3246
1999-05-15,290.06488,289.92288,289.29807,290.14368,289.86493,289.36905
1999-05-16,292.47098,292.43576,291.91757,292.4398,292.28632,291.9157
1999-05-17,295.31482,295.18738,294.577,295.34222,295.10455,294.6499
1999-05-18,299.46622,299.26562,298.58218,299.80423,299.5356,299.05017
1999-05-19,301.51083,301.35703,300.7207,302.39117,302.1492,301.69067
1999-05-20,295.64282,295.30832,294.49167,296.62003,296.12625,295.41647
1999-05-21,296.25885,295.84573,294.95096,296.70114,296.1436,295.3706
1999-05-22,297.11255,296.89822,296.20288,297.2219,296.91275,296.38885
1999-05-23,296.6194,296.59192,296.08426,296.45517,296.30997,295.95087
1999-05-24,296.67215,296.76416,296.3769,296.66492,296.57663,296.2754
1999-05-25,295.50516,294.98428,293.98517,295.48407,294.76666,293.8374
1999-05-26,300.9006,300.62555,299.87335,301.03418,300.64185,300.03885
1999-05-27,303.7327,303.5447,302.88092,303.59988,303.27832,302.74738
1999-05-28,304.91803,304.9389,304.48538,305.1626,305.05765,304.7447
1999-05-29,301.00803,300.83383,300.18674,300.91776,300.62994,300.1357
1999-05-30,304.0936,303.93958,303.3142,304.256,303.97897,303.4971
1999-05-31,303.30112,303.21423,302.65784,303.11255,302.90775,302.49985
1999-06-01,300.574,300.45374,299.86578,300.50992,300.25684,299.8025
1999-06-02,304.20215,304.00443,303.3409,304.42047,304.1111,303.60245
1999-06-03,304.2495,304.12598,303.5387,304.0152,303.71616,303.21982
1999-06-04,305.422,305.39883,304.914,305.20807,305.06265,304.72208
1999-06-05,301.28552,301.21954,300.69412,301.22394,300.9687,300.52045
1999-06-06,300.2826,300.23962,299.73944,300.14078,299.941,299.55045
1999-06-07,299.3127,299.11273,298.45795,299.5432,299.15933,298.58698
1999-06-08,297.30536,297.26898,296.78012,297.04034,296.85812,296.4898
1999-06-09,300.48846,300.41263,299.88675,300.6113,300.39612,299.99728
1999-06-10,297.6597,297.6256,297.144,297.6179,297.4809,297.16272
1999-06-11,299.96948,299.78143,299.14835,300.1841,299.86118,299.35962
1999-06-12,301.0386,300.79218,300.10327,300.8747,300.4655,299.8802
1999-06-13,300.79153,300.35986,299.48828,300.7574,300.16794,299.40503
1999-06-14,297.72977,297.67725,297.1874,297.58972,297.3366,296.9126
1999-06-15,298.44727,298.31915,297.75635,298.30667,298.05704,297.6391
1999-06-16,300.50195,300.29214,299.65024,300.5096,300.1368,299.59833
1999-06-17,301.64865,301.46048,300.8428,301.26187,300.93933,300.4536
1999-06-18,301.42584,301.22418,300.59567,301.02063,300.68774,300.1943
1999-06-19,304.34067,304.12173,303.47855,304.1089,303.77008,303.27335
1999-06-20,304.32257,304.2651,303.78592,304.66953,304.42978,304.0347
1999-06-21,304.59882,304.44598,303.87393,305.04507,304.7733,304.34866
1999-06-22,300.2162,300.21613,299.79935,300.47028,300.301,299.9813
1999-06-23,301.2501,301.37247,301.0805,301.11884,301.09836,300.9299
1999-06-24,296.81833,296.88223,296.5342,296.51974,296.40994,296.15454
1999-06-25,301.57034,301.44168,300.9034,301.42017,301.1405,300.71762
1999-06-26,304.1098,304.08997,303.66278,304.5223,304.3527,304.0421
1999-06-27,301.22757,301.07455,300.51642,301.52664,301.193,300.72058
1999-06-28,297.06268,296.82663,296.1876,297.04358,296.6323,296.08435
1999-06-29,303.05057,302.72632,302.0011,303.2013,302.71558,302.0952
1999-06-30,300.88904,301.08917,300.89026,301.64832,301.695,301.60904
1999-07-01,304.81506,304.1777,303.14322,304.9166,304.13458,303.2218
1999-07-02,306.54208,306.3887,305.83994,307.1172,306.86862,306.49106
1999-07-03,302.26883,302.19632,301.73016,301.98615,301.7398,301.3661
1999-07-04,297.58707,297.72055,297.4619,297.33664,297.31232,297.16217
1999-07-05,295.2957,295.35016,295.01404,295.38583,295.279,295.0478
1999-07-06,295.4227,295.1849,294.5579,296.03946,295.6435,295.12454
1999-07-07,297.84375,298.01266,297.79367,298.07745,298.10272,298.00626
1999-07-08,297.8713,297.59958,296.94107,297.7228,297.28333,296.72324
1999-07-09,300.6478,300.86115,300.68878,300.21603,300.34543,300.3552
1999-07-10,300.31393,300.48816,300.27756,299.65933,299.6529,299.5277
1999-07-11,298.48267,298.52762,298.1886,297.6019,297.46262,297.20532
1999-07-12,300.39307,300.27292,299.76956,300.2027,299.95026,299.58054
1999-07-13,302.16,302.08282,301.62302,301.85666,301.63882,301.30414
1999-07-14,303.09744,303.07166,302.66376,303.01776,302.8707,302.60727
1999-07-15,300.3597,299.83548,298.92953,301.01132,300.38226,299.6371
1999-07-16,301.01233,300.47223,299.55072,301.4304,300.7814,300.01642
1999-07-17,297.14914,296.82672,296.12302,297.4036,296.94003,296.3605
1999-07-18,295.55273,295.4487,294.96347,295.52118,295.24048,294.84372
1999-07-19,296.17038,295.67007,294.78848,296.25412,295.58105,294.79172
1999-07-20,295.21567,294.6772,293.7573,295.463,294.7945,294.00946
1999-07-21,298.07092,297.58615,296.71976,298.44037,297.8268,297.0963
1999-07-22,298.8746,298.4184,297.58023,299.26712,298.6669,297.9492
1999-07-23,301.3818,301.07983,300.39545,301.85287,301.42902,300.88705
1999-07-24,304.19083,303.9283,303.28287,304.8975,304.49008,303.96384
1999-07-25,301.51498,301.40247,300.90643,301.4607,301.21255,300.8447
1999-07-26,295.63196,295.30264,294.58914,295.52615,295.05994,294.47305
1999-07-27,295.13046,295.05576,294.5961,295.39844,295.17767,294.8352
1999-07-28,299.08536,298.88522,298.2993,299.29535,298.96274,298.50732
1999-07-29,299.4843,299.50452,299.13803,299.5471,299.3911,299.11118
1999-07-30,299.2113,298.8893,298.17963,298.99,298.5098,297.90433
1999-07-31,303.74115,303.3898,302.6497,303.88617,303.38538,302.7579
1999-08-01,299.83295,299.65533,299.0879,299.22858,298.8866,298.4166
1999-08-02,299.38968,299.0898,298.39902,299.25287,298.78616,298.18994
1999-08-03,301.17007,301.0492,300.53616,300.3463,300.09662,299.71576
1999-08-04,296.62354,296.3591,295.70126,296.31445,295.87033,295.29352
1999-08-05,299.05435,298.92783,298.40665,298.739,298.49112,298.1089
1999-08-06,297.85583,297.6323,297.01282,297.70175,297.3377,296.8376
1999-08-07,297.95728,297.89096,297.4274,298.21246,297.9498,297.54935
1999-08-08,297.3553,297.02823,296.30243,297.90598,297.50565,296.96573
1999-08-09,294.7071,294.49304,293.87897,294.54666,294.19165,293.69528
1999-08-10,295.5515,295.31485,294.6767,295.35132,294.96097,294.4274
1999-08-11,297.7474,297.55786,296.96542,297.5705,297.2439,296.77228
1999-08-12,298.3032,298.07257,297.4376,298.4068,298.0328,297.51193
1999-08-13,301.55084,301.2866,300.61652,301.6164,301.24857,300.73206
1999-08-14,303.30533,302.99478,302.277,303.47305,303.0721,302.52066
1999-08-15,305.86575,305.46277,304.6512,306.21613,305.72687,305.0852
1999-08-16,305.18286,305.1388,304.68466,305.29385,305.14725,304.84637
1999-08-17,306.07773,305.74408,304.99896,306.38293,305.94836,305.35773
1999-08-18,307.149,306.83362,306.10538,307.6319,307.23645,306.68304
1999-08-19,305.9666,305.67828,304.97568,306.3422,305.9423,305.3827
1999-08-20,302.72235,302.83328,302.52853,302.83694,302.8381,302.6778
1999-08-21,298.3316,298.08322,297.4178,298.51926,298.07892,297.47534
1999-08-22,299.41202,298.7436,297.65686,299.92245,299.15826,298.22906
1999-08-23,302.537,302.2249,301.49323,302.87234,302.47528,301.91156
1999-08-24,302.95575,302.77087,302.16513,303.01627,302.74316,302.30182
1999-08-25,301.69516,301.18774,300.25818,301.73254,301.11053,300.3187
1999-08-26,302.72113,302.1163,301.0881,302.91772,302.1807,301.27228
1999-08-27,303.00467,302.80518,302.18115,302.66586,302.3769,301.91495
1999-08-28,299.92767,299.72183,299.09027,299.76324,299.4382,298.93875
1999-08-29,299.02582,298.65997,297.86734,299.14743,298.70154,298.0798
1999-08-30,300.66443,300.4015,299.71057,301.08463,300.73434,300.20688
1999-08-31,301.82898,301.60062,300.94324,302.30258,301.98795,301.49484
1999-09-01,296.71417,296.3522,295.5602,297.2843,296.7758,296.0875
1999-09-02,296.03177,295.70776,294.95276,296.056,295.5985,294.96008
1999-09-03,299.17706,298.6679,297.72684,299.58887,298.96848,298.16608
1999-09-04,302.9484,302.66687,301.95255,303.3229,302.93735,302.36865
1999-09-05,304.96613,304.62744,303.855,305.35342,304.9028,304.26794
1999-09-06,305.91284,305.56128,304.77518,306.31537,305.84003,305.1796
1999-09-07,305.92612,305.74152,305.12155,306.2393,305.9202,305.41504
1999-09-08,299.92325,299.85324,299.34714,299.71503,299.43112,298.96036
1999-09-09,293.82602,293.58252,292.90216,293.9932,293.5946,293.00833
1999-09-10,293.81796,293.50217,292.74887,293.70615,293.26974,292.64493
1999-09-11,294.0071,293.7145,292.9837,294.40186,293.93994,293.28897
1999-09-12,295.69736,295.04593,293.9557,295.773,294.98123,293.99976
1999-09-13,304.50693,303.97513,303.00394,305.00415,304.35648,303.5185
1999-09-14,300.2606,299.6583,298.61603,300.422,299.55475,298.49673
1999-09-15,291.7524,291.5697,290.94647,291.26608,290.9283,290.3993
1999-09-16,287.23245,286.84518,286.0169,287.55405,287.038,286.3303
1999-09-17,290.79367,290.57245,289.9097,291.10782,290.78305,290.2663
1999-09-18,290.92535,290.81424,290.2611,290.9427,290.69177,290.24863
1999-09-19,298.6477,298.37042,297.6507,298.92426,298.53595,297.95517
1999-09-20,298.93533,298.76526,298.15234,298.86194,298.5887,298.12274
1999-09-21,298.7309,298.44525,297.7164,298.72495,298.37088,297.82394
1999-09-22,297.13757,296.95688,296.33258,297.32684,297.02686,296.5339
1999-09-23,295.4827,295.2801,294.63354,295.08978,294.7792,294.2755
1999-09-24,292.26114,292.11252,291.51962,292.23236,291.96097,291.4965
1999-09-25,291.97263,291.69662,290.9761,292.05447,291.64462,291.04163
1999-09-26,291.78308,291.46426,290.70068,291.6691,291.21774,290.5733
1999-09-27,289.85385,289.6992,289.09952,289.6345,289.36075,288.89398
1999-09-28,286.87802,286.82965,286.33597,286.9451,286.74634,286.35464
1999-09-29,284.78397,284.61832,284.00717,285.02402,284.7334,284.25
1999-09-30,287.2947,287.01685,286.29324,287.5679,287.17026,286.57993
1999-10-01,290.61734,290.39166,289.72006,290.8387,290.49158,289.95203
1999-10-02,292.1171,291.94604,291.32886,292.3635,292.06735,291.57898
1999-10-03,293.83157,293.57025,292.8627,294.0869,293.68307,293.0872
1999-10-04,296.368,296.18353,295.55267,296.65186,296.3581,295.87262
1999-10-05,295.31552,295.20496,294.6479,295.29782,295.06262,294.63596
1999-10-06,290.81937,290.5418,289.81763,291.10956,290.64282,289.98486
1999-10-07,291.71265,291.70328,291.24728,291.89786,291.77695,291.46512
1999-10-08,286.6046,286.62177,286.19223,286.66064,286.5457,286.2402
1999-10-09,283.84213,283.5613,282.83377,283.75766,283.34726,282.74664
1999-10-10,292.11472,291.59433,290.6272,291.86368,291.24628,290.43903
1999-10-11,297.29953,296.91483,296.0834,297.47433,296.96695,296.27008
1999-10-12,294.89462,294.48114,293.621,294.42438,293.80954,293.00555
1999-10-13,292.26456,292.0669,291.4226,292.27148,291.94012,291.42007
1999-10-14,290.8754,290.88126,290.4405,290.8353,290.71674,290.4099
1999-10-15,290.32224,289.98727,289.20584,290.50073,290.03635,289.38406
1999-10-16,286.81915,286.35074,285.43597,287.0434,286.43845,285.646
1999-10-17,286.86627,286.87762,286.44275,287.3135,287.18256,286.86456
1999-10-18,284.1644,284.1804,283.7504,284.2868,284.15186,283.83032
1999-10-19,284.48587,284.34692,283.76218,284.56985,284.3043,283.85254
1999-10-20,285.0725,284.8837,284.24933,285.24677,284.9316,284.43073
1999-10-21,284.59702,284.35657,283.67078,284.84317,284.47922,283.93002
1999-10-22,283.57797,283.62537,283.22772,283.4674,283.3515,283.05078
1999-10-23,287.4216,287.00598,286.14563,287.56464,286.99667,286.2444
1999-10-24,290.97507,290.8045,290.18954,291.1666,290.89667,290.44287
1999-10-25,292.19604,291.94937,291.25867,292.5496,292.1984,291.6638
1999-10-26,289.65854,289.372,288.64194,289.84958,289.4262,288.8199
1999-10-27,288.11368,288.15262,287.74838,288.44247,288.36685,288.10876
1999-10-28,283.6037,283.46866,282.89093,283.87897,283.6063,283.15164
1999-10-29,283.30347,283.19888,282.6521,283.3757,283.16782,282.7784
1999-10-30,285.02386,284.767,284.06857,285.0387,284.6559,284.09213
1999-10-31,283.43365,283.47644,283.07812,283.74124,283.60193,283.28204
1999-11-01,282.94366,282.9326,282.48105,282.73206,282.56906,282.22595
1999-11-02,279.07455,278.97397,278.43356,279.08987,278.87048,278.47147
1999-11-03,282.06592,281.9361,281.3671,282.22702,281.96368,281.5212
1999-11-04,281.0064,281.03992,280.63495,281.28894,281.17578,280.88394
1999-11-05,277.7153,277.56476,276.9764,278.29056,278.02365,277.57855
1999-11-06,277.5977,277.4192,276.80365,277.92645,277.6299,277.1556
1999-11-07,282.4281,282.19067,281.51697,282.56805,282.2216,281.6978
1999-11-08,281.44943,281.30914,280.73337,281.3904,281.12445,280.68167
1999-11-09,276.0824,275.87662,275.23618,276.33856,275.99402,275.47305
1999-11-10,275.87622,275.70062,275.0912,275.98856,275.67032,275.1761
1999-11-11,275.87912,275.9543,275.59644,275.59634,275.50046,275.229
1999-11-12,275.16595,274.89758,274.19702,275.05396,274.61166,273.99423
1999-11-13,275.22375,275.06348,274.47195,275.13443,274.84766,274.38617
1999-11-14,272.6628,272.65344,272.21368,272.96466,272.81485,272.49072
1999-11-15,280.82855,280.99832,280.73862,280.61075,280.65643,280.52817
1999-11-16,276.47812,276.30865,275.71054,276.31107,276.0233,275.56192
1999-11-17,276.69363,276.39105,275.66074,276.7381,276.3229,275.73444
1999-11-18,279.68295,279.18268,278.25558,278.90628,278.1844,277.28955
1999-11-19,281.3282,281.1314,280.50867,280.68698,280.2854,279.71118
1999-11-20,281.29608,280.98505,280.24896,281.28238,280.86365,280.27252
1999-11-21,283.29477,282.98785,282.25684,283.0047,282.5257,281.87457
1999-11-22,282.5562,282.29068,281.60184,282.53226,282.09937,281.49457
1999-11-23,280.79114,280.77603,280.33847,280.46176,280.34708,280.06067
1999-11-24,273.98315,273.78366,273.16257,274.01785,273.67615,273.1629
1999-11-25,272.63226,272.4956,271.9381,272.5009,272.226,271.77972
1999-11-26,274.4523,274.245,273.61755,274.47318,274.1372,273.62994
1999-11-27,275.9316,275.8141,275.27716,275.94604,275.6916,275.26596
1999-11-28,272.7895,272.51816,271.82816,273.00558,272.6288,272.08075
1999-11-29,275.71017,275.59183,275.05545,275.68137,275.43628,275.01996
1999-11-30,275.61057,275.40512,274.7822,275.7508,275.41873,274.91537
1999-12-01,275.95047,275.60287,274.83844,276.10587,275.65298,275.02866
1999-12-02,276.97934,276.5458,275.69592,277.1774,276.64615,275.94336
1999-12-03,277.67038,277.42993,276.7736,277.5793,277.2352,276.71933
1999-12-04,277.37488,276.95914,276.12784,277.15628,276.615,275.90167
1999-12-05,274.96558,274.62427,273.86774,275.21545,274.7671,274.1464
1999-12-06,276.65656,276.06253,275.05362,276.14554,275.46237,274.60645
1999-12-07,280.16904,280.0028,279.4218,280.04416,279.76633,279.31537
1999-12-08,276.32272,276.16144,275.58545,276.36462,276.06476,275.5913
1999-12-09,273.92404,273.86914,273.39963,273.9272,273.76523,273.42914
1999-12-10,273.41025,273.3012,272.77753,273.54758,273.3303,272.93826
1999-12-11,273.2191,273.02173,272.4096,273.50974,273.20966,272.7342
1999-12-12,274.2485,274.15118,273.63895,274.06998,273.87125,273.49646
1999-12-13,274.8357,274.73434,274.21777,275.0789,274.88275,274.5097
1999-12-14,274.02393,273.95172,273.46393,274.16904,274.01523,273.68372
1999-12-15,274.46918,274.218,273.55072,274.71515,274.34442,273.79507
1999-12-16,276.66965,276.49854,275.91086,276.68405,276.35785,275.85214
1999-12-17,277.22205,277.18127,276.72327,276.7754,276.5819,276.20786
1999-12-18,270.53046,270.42468,269.90094,270.3878,270.16992,269.77042
1999-12-19,275.52664,275.1812,274.417,275.6178,275.1667,274.53275
1999-12-20,276.3187,275.96936,275.20038,276.65793,276.23996,275.6379
1999-12-21,269.7028,269.92294,269.7225,269.76947,269.89514,269.8355
1999-12-22,262.87622,262.61343,261.92902,262.86502,262.488,261.92438
1999-12-23,277.5351,276.94778,275.9376,277.4647,276.74878,275.84482
1999-12-24,276.23978,275.8919,275.1199,276.54514,276.08426,275.43396
1999-12-25,267.3301,267.08203,266.40857,267.19418,266.7964,266.20767
1999-12-26,270.0014,269.77032,269.11237,270.14056,269.83835,269.34366
1999-12-27,274.22696,274.09622,273.53714,274.36407,274.10812,273.65814
1999-12-28,273.71893,273.65332,273.15787,273.8115,273.62802,273.24884
1999-12-29,271.33768,271.1583,270.5474,271.2338,270.91748,270.40375
1999-12-30,271.17014,270.9746,270.34583,271.10062,270.77374,270.24774
1999-12-31,271.42508,271.3806,270.90112,271.46655,271.31638,270.96527
2000-01-01,269.31158,269.11057,268.4708,269.30862,268.99554,268.47797
2000-01-02,274.072,273.82944,273.1462,274.27014,273.91534,273.3542
2000-01-03,273.19983,273.03754,272.4326,273.27878,272.9905,272.494
2000-01-04,262.81207,262.36487,261.473,262.72354,262.11847,261.30322
2000-01-05,265.22046,265.24805,264.82892,265.57117,265.48563,265.18802
2000-01-06,264.67178,264.68875,264.25687,264.83704,264.74847,264.44592
2000-01-07,276.00845,275.62738,274.79532,275.934,275.4512,274.75244
2000-01-08,275.73874,275.49298,274.79413,275.72488,275.37198,274.80124
2000-01-09,268.09534,267.49832,266.44604,268.01297,267.29523,266.35767
2000-01-10,267.3192,267.06165,266.34662,267.52252,267.09924,266.4542
2000-01-11,264.15118,263.96793,263.32513,263.654,263.35104,262.82446
2000-01-12,264.9929,264.61685,263.77905,265.0299,264.48785,263.7202
2000-01-13,265.20142,264.9496,264.23383,265.44562,265.0702,264.46738
2000-01-14,264.00644,263.82428,263.1761,264.04214,263.71387,263.1564
2000-01-15,266.722,266.52966,265.86917,266.5247,266.23328,265.71088
2000-01-16,277.82938,277.51913,276.73868,277.8642,277.44443,276.79187
2000-01-17,275.8564,275.53143,274.7342,275.96436,275.5325,274.86618
2000-01-18,258.61652,258.5813,258.0719,258.21906,257.9814,257.50763
2000-01-19,264.7362,264.24078,263.2692,264.81488,264.17215,263.29172
2000-01-20,274.97458,274.62714,273.80173,275.00006,274.5207,273.80197
2000-01-21,277.10498,276.7801,275.9753,276.92197,276.5097,275.8567
2000-01-22,273.93655,273.64334,272.86853,274.28036,273.89975,273.27698
2000-01-23,266.65082,266.2418,265.34955,266.27292,265.73724,264.95807
2000-01-24,276.0336,275.666,274.81354,276.03998,275.50647,274.72818
2000-01-25,275.678,275.52817,274.89194,275.86914,275.585,275.0549
2000-01-26,272.74902,272.6504,272.06406,272.83502,272.60635,272.1307
2000-01-27,269.70694,269.66696,269.13794,269.77182,269.5882,269.15656
2000-01-28,274.66287,274.364,273.57486,274.43872,273.97644,273.26526
2000-01-29,276.70743,276.79367,276.3885,276.63333,276.57217,276.2613
2000-01-30,260.61624,260.72495,260.34122,260.61502,260.59778,260.3301
2000-01-31,272.5137,272.34024,271.67343,272.5692,272.24683,271.67346
2000-02-01,279.40646,279.1775,278.45438,279.55756,279.18512,278.5612
2000-02-02,277.9936,277.899,277.30963,278.19797,277.96292,277.476
2000-02-03,280.26474,279.99164,279.22314,280.54562,280.1841,279.57043
2000-02-04,278.73965,278.75317,278.2709,278.45874,278.38034,278.0496
2000-02-05,283.7761,283.48462,282.69714,283.73297,283.34164,282.6979
2000-02-06,281.63995,281.31018,280.4842,281.30573,280.84076,280.12347
2000-02-07,276.65173,276.50375,275.85956,276.61508,276.32108,275.77493
2000-02-08,278.858,278.95374,278.55328,279.03583,278.9694,278.65112
2000-02-09,283.76834,283.353,282.44168,283.90057,283.3496,282.54718
2000-02-10,282.89685,282.6664,281.94025,282.8323,282.4747,281.8662
2000-02-11,276.28583,276.14713,275.5132,276.25876,275.96652,275.42398
2000-02-12,274.0352,273.90604,273.28223,274.02994,273.75464,273.22977
2000-02-13,274.0394,273.88242,273.2314,274.1323,273.80838,273.23575
2000-02-14,275.63202,275.693,275.26083,275.87836,275.80045,275.47473
2000-02-15,267.21185,267.43167,267.1592,267.1786,267.3746,267.32382
2000-02-16,265.9387,265.96786,265.50577,266.0247,265.95242,265.63455
2000-02-17,266.8856,266.64764,265.9196,266.747,266.39395,265.7965
2000-02-18,269.1686,269.1154,268.57327,269.10516,268.9246,268.501
2000-02-19,268.92535,268.7568,268.10068,268.8198,268.547,268.0326
2000-02-20,269.6442,269.40005,268.66977,269.5242,269.15918,268.55405
2000-02-21,274.71368,274.467,273.73575,275.00574,274.6532,274.0622
2000-02-22,272.19702,271.86688,271.05365,272.60345,272.15863,271.477
2000-02-23,265.29785,265.1397,264.5002,265.1383,264.8529,264.33243
2000-02-24,265.5829,265.26175,264.46097,265.20236,264.72635,264.01712
2000-02-25,264.91943,264.7148,264.03238,264.88925,264.54382,263.96698
2000-02-26,265.2542,265.0929,264.45563,264.9175,264.63303,264.11902
2000-02-27,264.34097,264.14328,263.47153,263.90198,263.5689,263.00827
2000-02-28,267.8622,267.70297,267.07162,267.69128,267.3931,266.86932
2000-02-29,274.6457,274.56357,274.01132,274.4879,274.29984,273.88828
2000-03-01,274.2141,273.9973,273.3124,274.2754,273.8898,273.28278
2000-03-02,277.60132,277.80692,277.54645,277.38373,277.44995,277.29684
2000-03-03,272.4423,272.5602,272.2141,272.47784,272.47766,272.26022
2000-03-04,268.63773,268.4825,267.86526,268.63864,268.3249,267.796
2000-03-05,262.9724,262.77145,262.11053,262.55096,262.17758,261.59122
2000-03-06,266.31097,266.0645,265.3601,266.1231,265.72543,265.11685
2000-03-07,270.05246,269.82175,269.1352,270.09024,269.6889,269.07877
2000-03-08,274.4064,274.311,273.76172,274.03137,273.84677,273.45547
2000-03-09,281.4159,281.32132,280.77487,280.8916,280.74066,280.38504
2000-03-10,278.8489,278.4639,277.62888,278.66418,278.1646,277.46237
2000-03-11,279.40552,279.24002,278.62643,278.71027,278.49258,278.07428
2000-03-12,286.71713,286.59192,286.02045,286.65616,286.47968,286.10446
2000-03-13,278.77908,278.84143,278.4593,278.38498,278.32785,278.07388
2000-03-14,278.00156,278.211,277.9776,277.62897,277.6805,277.53702
2000-03-15,278.1068,278.058,277.568,277.96588,277.7747,277.39026
2000-03-16,278.2852,278.09656,277.46823,278.04584,277.6916,277.14575
2000-03-17,275.3394,275.26718,274.75684,275.48825,275.28442,274.89062
2000-03-18,275.4979,275.75558,275.57642,275.57266,275.6702,275.57935
2000-03-19,271.24332,271.41888,271.15887,271.27386,271.3429,271.22498
2000-03-20,271.00067,271.01248,270.5899,270.64874,270.5357,270.2371
2000-03-21,276.52518,276.46707,275.97565,276.36612,276.18747,275.8245
2000-03-22,279.55508,279.4125,278.8376,279.32092,279.0726,278.6412
2000-03-23,282.4169,282.1811,281.5138,282.46222,282.08212,281.52005
2000-03-24,278.25024,277.86285,277.04477,277.9217,277.42383,276.74496
2000-03-25,284.7873,284.92163,284.62582,284.3222,284.417,284.33157
2000-03-26,279.42972,279.4559,279.0525,278.9786,278.89838,278.6388
2000-03-27,275.8376,275.8268,275.3868,275.5316,275.39374,275.07718
2000-03-28,278.5767,278.39676,277.78784,278.31482,277.9864,277.47974
2000-03-29,282.02356,281.8151,281.17776,281.98856,281.66455,281.1628
2000-03-30,278.45526,278.00494,277.1258,279.17288,278.58435,277.8184
2000-03-31,283.03397,282.81882,282.17474,282.9778,282.62378,282.09256
2000-04-01,280.1768,280.09952,279.5931,279.78574,279.5515,279.14023
2000-04-02,276.2046,276.06912,275.50415,275.69202,275.4319,274.99463
2000-04-03,272.63754,272.38242,271.6973,272.20517,271.8268,271.2713
2000-04-04,274.52158,274.23047,273.50885,274.2194,273.8285,273.2602
2000-04-05,276.61884,276.4836,275.91718,276.36642,276.0467,275.5493
2000-04-06,282.6288,282.5841,282.1074,282.83606,282.66473,282.31528
2000-04-07,284.59232,284.41187,283.79843,284.55713,284.2834,283.831
2000-04-08,290.6506,290.4611,289.83768,290.62494,290.3448,289.88535
2000-04-09,292.1396,291.96405,291.35352,292.1426,291.8701,291.4175
2000-04-10,287.9225,287.91214,287.46555,287.64468,287.54254,287.25952
2000-04-11,282.43497,282.09912,281.3257,281.99683,281.52,280.8614
2000-04-12,289.48602,288.9617,287.99854,288.73148,288.04846,287.18277
2000-04-13,289.29605,289.28833,288.84027,288.80905,288.68958,288.38638
2000-04-14,283.8041,284.04614,283.84637,283.4456,283.5472,283.46402
2000-04-15,286.1659,286.11945,285.6296,285.76767,285.62598,285.29834
2000-04-16,282.92676,282.8334,282.29507,282.09204,281.87222,281.46518
2000-04-17,280.52716,280.4289,279.88394,280.2317,280.008,279.5958
2000-04-18,284.06766,283.94254,283.36905,283.8698,283.6317,283.20383
2000-04-19,286.72055,286.54285,285.91498,286.64236,286.35138,285.86923
2000-04-20,289.1197,288.97095,288.37027,289.1579,288.9066,288.46274
2000-04-21,290.2141,290.03595,289.40405,290.2733,289.9899,289.51248
2000-04-22,287.31577,287.28598,286.80066,288.0651,287.9227,287.58493
2000-04-23,284.2799,284.0192,283.30115,283.30557,282.919,282.33566
2000-04-24,283.0667,282.93604,282.34625,282.05298,281.7906,281.32996
2000-04-25,282.69855,282.50327,281.84717,282.53156,282.13937,281.54755
2000-04-26,288.7407,288.8743,288.54526,288.69608,288.74942,288.60162
2000-04-27,283.0271,282.97552,282.45956,282.9631,282.76636,282.36713
2000-04-28,283.57095,283.52917,283.02136,283.34338,283.1589,282.77054
2000-04-29,292.45493,292.1775,291.43234,292.64407,292.24274,291.63617
2000-04-30,295.38766,294.9539,294.05075,295.89395,295.35117,294.6018
2000-05-01,298.65463,298.42612,297.72668,298.35547,298.03183,297.50037
2000-05-02,298.21628,297.85138,297.01416,298.5063,298.06876,297.42224
2000-05-03,297.7572,297.6617,297.09247,297.5293,297.31738,296.8953
2000-05-04,293.80423,293.67014,293.0609,293.77136,293.49347,293.00436
2000-05-05,292.5755,292.41898,291.78613,292.3726,292.08835,291.5918
2000-05-06,289.14056,289.15936,288.70068,289.1727,289.08032,288.7748
2000-05-07,285.08487,284.9323,284.30124,285.47263,285.23013,284.77368
2000-05-08,293.3902,293.27133,292.67297,293.37784,293.139,292.68542
2000-05-09,289.56982,289.38644,288.72275,289.88724,289.56238,289.02213
2000-05-10,296.55945,296.55743,296.07443,296.58395,296.45453,296.1091
2000-05-11,291.8952,291.8674,291.3579,291.8797,291.736,291.3759
2000-05-12,290.6602,290.5641,289.98578,290.52966,290.2985,289.85052
2000-05-13,290.34534,290.23248,289.63705,290.17706,289.93597,289.47784
2000-05-14,290.1185,289.95212,289.30292,290.09042,289.78568,289.2638
2000-05-15,290.94446,291.1836,290.93982,290.7735,290.90228,290.81393
2000-05-16,290.91724,291.11807,290.836,290.79016,290.88617,290.76514
2000-05-17,289.87946,290.18707,290.01187,290.05518,290.20053,290.12903
2000-05-18,289.64685,289.2829,288.43637,290.09125,289.5454,288.78302
2000-05-19,290.74655,290.49954,289.7704,291.45575,291.06308,290.4544
2000-05-20,290.89783,290.75693,290.13437,292.11084,291.83588,291.3455
2000-05-21,295.30344,295.2024,294.62033,295.92343,295.71655,295.29492
2000-05-22,294.8689,294.5641,293.77902,295.18777,294.7225,294.04337
2000-05-23,298.29578,298.12067,297.46628,298.6001,298.29626,297.7795
2000-05-24,294.68454,294.4178,293.67276,295.10855,294.7412,294.16202
2000-05-25,297.38953,297.49387,297.1211,297.57358,297.56134,297.33838
2000-05-26,292.6399,292.76514,292.41455,292.3787,292.41864,292.24918
2000-05-27,294.953,294.50565,293.5839,294.60367,293.98853,293.16537
2000-05-28,298.62274,298.3851,297.67453,298.00162,297.62473,297.0414
2000-05-29,295.80972,295.58408,294.88712,294.9462,294.5836,294.0162
2000-05-30,291.9823,291.8679,291.28394,291.80594,291.5348,291.06058
2000-05-31,294.83893,294.57388,293.8412,294.87186,294.46457,293.85602
2000-06-01,301.41235,301.18533,300.49255,301.5823,301.24658,300.71152
2000-06-02,297.96292,297.9775,297.52835,297.48114,297.29602,296.9136
2000-06-03,295.73575,295.59445,294.99155,295.66663,295.4116,294.9614
2000-06-04,295.96838,296.07172,295.71558,296.4647,296.4238,296.18994
2000-06-05,300.25897,300.00427,299.29233,300.00946,299.6198,299.0394
2000-06-06,302.68277,302.54276,301.9479,303.00534,302.77557,302.35736
2000-06-07,302.43842,302.50668,302.12247,302.4908,302.445,302.21313
2000-06-08,301.1222,300.79904,300.02588,301.56155,301.07465,300.4041
2000-06-09,300.58786,300.3608,299.68622,301.18765,300.77505,300.18124
2000-06-10,300.92413,300.73703,300.10492,301.81293,301.45816,300.9247
2000-06-11,303.10364,302.94635,302.3466,303.83096,303.53833,303.0696
2000-06-12,304.45193,304.28186,303.67188,305.1078,304.83316,304.38504
2000-06-13,305.05832,304.9425,304.38943,305.8568,305.64188,305.25598
2000-06-14,305.47556,305.53525,305.16025,305.8794,305.82947,305.6112
2000-06-15,298.55695,298.6502,298.31137,298.81152,298.74765,298.51807
2000-06-16,295.25714,294.98923,294.29178,295.75858,295.32593,294.73013
2000-06-17,297.48785,297.16364,296.4125,297.72644,297.2776,296.6682
2000-06-18,301.39102,301.09076,300.36618,301.75006,301.2881,300.66812
2000-06-19,301.90778,301.51178,300.69403,302.3013,301.7613,301.0659
2000-06-20,304.78436,304.53708,303.87057,304.84204,304.53085,304.0668
2000-06-21,302.19373,302.1419,301.67334,302.44873,302.2153,301.83148
2000-06-22,300.66568,300.35852,299.63702,301.88376,301.3848,300.73788
2000-06-23,302.99887,302.56027,301.70978,303.38583,302.81448,302.09753
2000-06-24,301.3602,301.39325,301.01666,300.96127,300.84634,300.58823
2000-06-25,298.76395,298.5537,297.93616,298.44693,298.10013,297.61237
2000-06-26,298.80606,298.53107,297.851,299.02353,298.60147,298.04065
2000-06-27,294.29245,294.19583,293.6962,294.00183,293.74774,293.35703
2000-06-28,295.1064,294.815,294.12265,295.00653,294.5782,294.01523
2000-06-29,299.5898,299.29993,298.611,299.45465,298.97012,298.35297
2000-06-30,300.74896,300.4375,299.72885,300.75693,300.2873,299.6869
2000-07-01,302.98724,302.52527,301.6679,303.25085,302.6707,301.96155
2000-07-02,303.65646,303.27563,302.50116,303.94458,303.36453,302.65707
2000-07-03,303.2779,303.12244,302.5749,303.44766,303.0759,302.57837
2000-07-04,301.34808,301.0701,300.40152,302.01898,301.58386,301.02438
2000-07-05,304.24252,303.84497,303.05826,304.7613,304.18118,303.47806
2000-07-06,308.08652,307.75696,307.03943,308.4922,308.03036,307.44678
2000-07-07,302.4983,302.1149,301.34473,302.82513,302.25598,301.56622
2000-07-08,305.96185,305.58618,304.82474,305.89566,305.36148,304.7077
2000-07-09,301.4904,301.09366,300.31213,301.08676,300.54257,299.87964
2000-07-10,296.83838,296.56146,295.90057,296.4161,295.97598,295.41785
2000-07-11,295.21893,294.9455,294.28882,295.10046,294.65372,294.0897
2000-07-12,296.94894,296.6371,295.94263,297.21704,296.73508,296.13626
2000-07-13,301.73743,301.47446,300.82935,302.1224,301.7103,301.18176
2000-07-14,305.92184,305.56918,304.83475,306.37308,305.8891,305.289
2000-07-15,307.25534,306.89008,306.14337,307.99475,307.4906,306.87048
2000-07-16,309.40024,308.96542,308.1493,310.25677,309.73047,309.0882
2000-07-17,305.338,304.51462,303.31006,307.17657,306.20923,305.12582
2000-07-18,303.19922,303.0998,302.6191,303.5583,303.36844,303.06238
2000-07-19,300.6729,300.73157,300.40884,300.5168,300.43015,300.22696
2000-07-20,305.5698,305.40863,304.86588,305.80856,305.49136,305.0572
2000-07-21,300.8009,300.4527,299.72253,301.18796,300.7129,300.12033
2000-07-22,300.25876,300.10263,299.5641,300.25876,299.92795,299.47906
2000-07-23,301.48615,301.5799,301.29074,301.413,301.3959,301.25995
2000-07-24,302.1338,302.27734,302.03738,301.87973,301.9299,301.86035
2000-07-25,302.44727,302.0203,301.20917,303.21698,302.64136,301.94507
2000-07-26,305.96637,305.6831,305.0149,306.32434,305.9223,305.39853
2000-07-27,303.29007,303.1296,302.58337,302.93323,302.64813,302.24023
2000-07-28,302.47745,302.6557,302.4473,302.8485,302.88757,302.80267
2000-07-29,301.59338,301.78833,301.5956,302.36163,302.4091,302.3313
2000-07-30,300.1954,300.37354,300.16296,300.56305,300.62396,300.55823
2000-07-31,302.92017,302.8236,302.33725,302.98572,302.77243,302.43112
2000-08-01,298.69803,298.45703,297.82513,299.24,298.87643,298.38333
2000-08-02,296.7771,296.53976,295.91025,296.90353,296.49655,295.95844
2000-08-03,294.49158,294.49316,294.10135,294.7354,294.6021,294.33612
2000-08-04,294.24817,294.1376,293.63242,294.0587,293.82413,293.45523
2000-08-05,295.5235,295.2982,294.67694,295.6927,295.32837,294.828
2000-08-06,296.36533,296.1301,295.49762,296.51163,296.11993,295.59045
2000-08-07,297.61755,297.5353,297.05438,297.99695,297.7636,297.3907
2000-08-08,297.00177,296.80527,296.20868,297.87003,297.49673,296.9821
2000-08-09,297.04892,296.61783,295.78525,297.9356,297.3525,296.62622
2000-08-10,300.6109,300.1498,299.28583,301.49084,300.86734,300.09888
2000-08-11,297.88718,297.72986,297.16824,298.83325,298.50507,298.03003
2000-08-12,299.2203,298.5277,297.42935,299.60117,298.80847,297.86707
2000-08-13,301.3827,300.9115,300.03308,301.69046,301.09055,300.3401
2000-08-14,299.84387,299.67523,299.098,299.8518,299.55634,299.10846
2000-08-15,301.76,301.607,301.0439,301.97485,301.719,301.30887
2000-08-16,303.42612,303.18726,302.53693,303.74924,303.39062,302.8759
2000-08-17,306.49457,306.02618,305.14493,307.05734,306.41766,305.62003
2000-08-18,301.4999,301.40475,300.8953,301.22882,301.0303,300.6721
2000-08-19,295.7075,295.55484,294.9865,295.67245,295.37848,294.923
2000-08-20,293.3688,293.02527,292.26468,293.75488,293.2951,292.67212
2000-08-21,295.9817,295.70447,295.00888,296.04147,295.6382,295.06998
2000-08-22,296.38864,296.1291,295.44995,296.81552,296.44424,295.9063
2000-08-23,293.45126,293.29382,292.7155,294.0157,293.7308,293.27765
2000-08-24,297.92416,297.70343,297.06055,297.70084,297.34946,296.8282
2000-08-25,298.9576,298.79984,298.21872,299.21295,298.93365,298.48297
2000-08-26,299.9147,299.63828,298.9373,299.99506,299.58566,299.00333
2000-08-27,299.8725,299.41254,298.52686,300.00482,299.4529,298.7266
2000-08-28,301.3137,300.9428,300.1451,302.0725,301.6065,300.9647
2000-08-29,298.34396,297.683,296.59415,298.87454,298.04413,297.03656
2000-08-30,298.36066,297.7959,296.80215,298.94592,298.2265,297.32858
2000-08-31,296.75867,296.71234,296.23602,297.26492,297.07294,296.7012
2000-09-01,295.2151,295.1577,294.66934,295.16757,294.96155,294.5746
2000-09-02,294.72748,294.32385,293.4883,295.0053,294.3953,293.6032
2000-09-03,297.84,297.53406,296.79532,298.07153,297.64383,297.03293
2000-09-04,300.1992,299.89047,299.14807,300.5631,300.15457,299.56183
2000-09-05,299.2776,298.91452,298.11697,299.4707,298.98477,298.3137
2000-09-06,300.69073,300.83005,300.53403,300.90942,300.94092,300.78638
2000-09-07,297.06683,297.0839,296.6649,296.74686,296.65915,296.38455
2000-09-08,293.83676,293.7164,293.15924,294.0441,293.80923,293.38666
2000-09-09,295.96387,295.75113,295.1009,296.17834,295.84818,295.32962
2000-09-10,295.64554,295.02463,293.9655,295.54453,294.81165,293.88974
2000-09-11,297.28354,296.9338,296.14526,297.51376,297.0546,296.40576
2000-09-12,301.70746,301.36682,300.58673,301.79755,301.32727,300.66675
2000-09-13,304.41974,304.19818,303.53665,304.71838,304.39334,303.8775
2000-09-14,303.16925,302.9823,302.3548,303.47467,303.1427,302.61954
2000-09-15,302.1006,302.06927,301.59692,302.25064,302.1436,301.84488
2000-09-16,296.12115,296.20874,295.8548,296.06067,296.0344,295.81616
2000-09-17,295.55637,295.42197,294.84555,295.6594,295.4013,294.951
2000-09-18,293.2122,293.09167,292.52875,292.95084,292.7132,292.28308
2000-09-19,290.6561,290.32,289.5411,290.6795,290.21893,289.5656
2000-09-20,297.30923,296.89117,296.0299,297.1742,296.6179,295.8687
2000-09-21,294.64133,294.50632,293.9277,294.7004,294.43713,293.98087
2000-09-22,298.51877,298.2159,297.4691,298.73755,298.30963,297.68857
2000-09-23,300.52567,300.42514,299.88037,300.63766,300.42438,300.01797
2000-09-24,293.93597,293.7499,293.11926,293.92465,293.61768,293.11752
2000-09-25,295.55276,295.38,294.76245,295.83234,295.52737,295.02933
2000-09-26,294.31992,294.10367,293.44235,294.64886,294.3067,293.77145
2000-09-27,294.44583,294.2646,293.638,294.63867,294.31677,293.80194
2000-09-28,291.2567,290.7517,289.80124,291.51694,290.8545,289.9993
2000-09-29,292.57907,292.4901,291.9554,292.76624,292.54883,292.1388
2000-09-30,291.1299,291.03314,290.49048,291.246,291.0292,290.62
2000-10-01,287.95337,287.7935,287.1875,288.24368,287.95508,287.47418
2000-10-02,290.20413,290.02686,289.40338,290.3033,290.01715,289.53894
2000-10-03,291.2604,291.01465,290.3225,291.4794,291.11298,290.5548
2000-10-04,288.4208,288.22577,287.5842,288.6842,288.3818,287.88794
2000-10-05,288.05045,287.65622,286.8154,288.417,287.9076,287.207
2000-10-06,291.05914,290.4057,289.3056,291.26077,290.47968,289.5077
2000-10-07,292.02127,291.76605,291.0642,292.13632,291.78653,291.24622
2000-10-08,290.8984,290.6155,289.8859,291.15878,290.7668,290.18466
2000-10-09,291.61316,291.39987,290.73987,291.8597,291.54037,291.0312
2000-10-10,291.48282,291.2145,290.4995,291.46628,291.10645,290.5571
2000-10-11,287.5075,287.3735,286.79282,287.6955,287.43997,286.99533
2000-10-12,289.46902,289.23306,288.55045,289.81183,289.46875,288.937
2000-10-13,291.91766,291.5882,290.8121,292.34445,291.90094,291.26913
2000-10-14,289.97775,289.77673,289.12927,290.2888,289.9371,289.39752
2000-10-15,294.32858,294.0043,293.23367,294.83374,294.3778,293.7344
2000-10-16,290.99963,290.75653,290.0672,291.35376,290.98486,290.42892
2000-10-17,283.9884,283.9027,283.37103,284.01736,283.79642,283.38885
2000-10-18,287.20178,286.8487,286.04977,287.16318,286.64587,285.94235
2000-10-19,290.82703,290.6344,289.9962,290.7465,290.45596,289.97974
2000-10-20,287.17728,286.9507,286.27878,287.08658,286.74292,286.21402
2000-10-21,288.52063,287.97577,286.98584,288.61914,287.93948,287.075
2000-10-22,285.9941,285.658,284.87714,285.85986,285.32794,284.61166
2000-10-23,284.9575,284.6797,283.9575,285.16132,284.75275,284.1603
2000-10-24,282.98026,282.81747,282.2107,283.04623,282.75305,282.27643
2000-10-25,284.474,284.35403,283.7905,284.556,284.31943,283.8999
2000-10-26,288.26855,288.05634,287.40094,288.47324,288.1432,287.63074
2000-10-27,289.69028,289.4603,288.78766,289.52188,289.145,288.5861
2000-10-28,286.21762,286.0443,285.42883,286.84338,286.5079,285.99094
2000-10-29,280.76056,280.53702,279.8719,280.90134,280.54294,280.0035
2000-10-30,284.57254,284.2818,283.55,284.57626,284.17493,283.593
2000-10-31,290.74893,290.51196,289.83456,291.01306,290.65225,290.1114
2000-11-01,291.32764,291.05835,290.34924,291.2858,290.8856,290.3058
2000-11-02,289.6794,289.47507,288.83154,289.7613,289.39655,288.85266
2000-11-03,289.29947,289.13556,288.5331,289.08365,288.79117,288.32004
2000-11-04,289.5671,289.53915,289.07343,289.6737,289.51706,289.18222
2000-11-05,284.91513,284.96796,284.58377,284.87363,284.76343,284.47546
2000-11-06,284.73492,284.7271,284.283,285.0264,284.91556,284.62744
2000-11-07,282.86163,282.6787,282.0603,282.84457,282.526,282.03058
2000-11-08,278.8131,278.5267,277.80563,278.64334,278.16748,277.51523
2000-11-09,278.16742,278.02917,277.4571,277.8926,277.6164,277.16418
2000-11-10,277.30188,277.07983,276.42477,277.20792,276.86786,276.3522
2000-11-11,278.289,277.9808,277.24042,278.4867,278.04922,277.4366
2000-11-12,282.8455,282.4271,281.57745,283.10883,282.5397,281.7959
2000-11-13,286.38284,285.92963,285.04602,286.48737,285.9197,285.17773
2000-11-14,289.07724,288.77032,288.03387,289.23544,288.805,288.20062
2000-11-15,289.66516,289.27045,288.4471,289.95987,289.4575,288.78152
2000-11-16,290.60873,290.36557,289.6947,290.85187,290.49155,289.95798
2000-11-17,282.0796,282.03772,281.56903,282.3386,282.14832,281.7851
2000-11-18,286.37518,286.71335,286.62555,286.3576,286.58328,286.63626
2000-11-19,288.04755,288.18448,287.89636,288.27603,288.31473,288.18103
2000-11-20,278.65857,278.7257,278.36874,278.757,278.70612,278.48315
2000-11-21,278.79962,278.7493,278.27567,278.9206,278.70227,278.31207
2000-11-22,284.66684,284.60898,284.12866,284.8873,284.71414,284.3693
2000-11-23,278.63232,278.76016,278.4664,279.1062,279.09543,278.91312
2000-11-24,275.92123,275.7486,275.15506,276.11343,275.81033,275.33582
2000-11-25,273.677,273.62445,273.1518,273.73877,273.55728,273.2045
2000-11-26,276.05878,275.85165,275.22516,276.0536,275.70267,275.1805
2000-11-27,279.3586,278.7708,277.76434,279.13608,278.37747,277.4476
2000-11-28,284.08124,283.7174,282.93555,284.59973,284.11008,283.4492
2000-11-29,283.82913,283.43338,282.6202,283.9502,283.4525,282.78354
2000-11-30,287.5423,287.27798,286.59677,287.8811,287.5017,286.95087
2000-12-01,284.5301,284.31924,283.69205,284.9741,284.66757,284.18945
2000-12-02,287.07904,286.43045,285.3659,287.04953,286.21884,285.21637
2000-12-03,287.0925,286.6846,285.86118,287.13068,286.5756,285.84845
2000-12-04,280.41446,280.1868,279.54398,280.36487,280.06003,279.58282
2000-12-05,276.12192,275.88544,275.23404,275.99026,275.6426,275.12225
2000-12-06,275.52878,275.45453,274.96558,275.4093,275.18884,274.79526
2000-12-07,275.15463,275.11063,274.65195,275.2913,275.13678,274.8087
2000-12-08,276.19626,276.00125,275.3916,276.09116,275.77747,275.28967
2000-12-09,277.31265,276.95636,276.18546,277.47278,276.9833,276.31912
2000-12-10,279.67813,279.3721,278.65134,278.92953,278.53397,277.963
2000-12-11,276.72726,276.40765,275.6731,276.46332,276.01593,275.39246
2000-12-12,274.8222,274.6191,274.0008,274.69247,274.34552,273.8217
2000-12-13,276.39084,276.39844,275.99048,276.38266,276.2391,275.91785
2000-12-14,272.31042,272.1062,271.48593,272.30338,271.9504,271.41888
2000-12-15,272.24887,272.1426,271.61975,272.2346,272.00772,271.60132
2000-12-16,268.7979,268.51086,267.80658,268.59045,268.19266,267.6143
2000-12-17,268.1523,267.87085,267.17145,268.08487,267.69315,267.11978
2000-12-18,271.677,271.38828,270.6808,271.70453,271.31006,270.73276
2000-12-19,271.84796,271.61115,270.9547,271.92014,271.57004,271.03592
2000-12-20,275.5782,275.48972,274.98062,275.37708,275.16522,274.76807
2000-12-21,275.2876,275.0069,274.30453,275.245,274.8594,274.28723
2000-12-22,285.0229,284.4967,283.54767,285.30783,284.66992,283.844
2000-12-23,286.49423,286.10086,285.28336,286.5992,286.09763,285.40665
2000-12-24,278.46393,278.50757,278.12576,277.76807,277.7335,277.50803
2000-12-25,272.33957,272.20013,271.63382,272.22122,271.97684,271.54
2000-12-26,276.7594,276.48233,275.77695,276.93674,276.52548,275.9202
2000-12-27,275.35495,275.1355,274.48615,275.51147,275.15027,274.59335
2000-12-28,274.1449,273.96765,273.35886,274.23947,273.95926,273.4816
2000-12-29,277.78943,277.65414,277.08563,277.88104,277.62396,277.1678
2000-12-30,283.54022,283.45947,282.94366,283.53372,283.3874,283.04016
2000-12-31,283.44672,283.42334,282.96313,283.5093,283.41406,283.1161
2001-01-01,281.92645,281.4909,280.61658,282.20508,281.63602,280.86246
2001-01-02,284.25833,283.83218,282.9654,284.52167,283.95697,283.18588
2001-01-03,286.501,286.34293,285.7422,286.67523,286.43,285.9765
2001-01-04,280.56763,280.30063,279.58893,280.25903,279.90472,279.3402
2001-01-05,284.1303,283.58926,282.6015,284.07748,283.39435,282.49915
2001-01-06,278.20853,278.50806,278.3588,278.09918,278.30353,278.29388
2001-01-07,270.44647,270.25443,269.61142,270.41992,270.10205,269.56824
2001-01-08,268.6709,268.4904,267.85675,268.718,268.38553,267.8352
2001-01-09,271.01932,270.89578,270.31696,270.9881,270.74133,270.27475
2001-01-10,274.32138,274.02002,273.2612,274.41922,274.03702,273.43307
2001-01-11,277.26065,276.94263,276.16504,277.60623,277.2151,276.6003
2001-01-12,275.84622,275.4972,274.6864,276.3907,275.9704,275.32452
2001-01-13,274.9048,274.87054,274.37234,275.05667,274.9173,274.55057
2001-01-14,275.78915,275.43982,274.62442,276.0464,275.62723,274.9789
2001-01-15,275.25772,275.13434,274.54282,275.541,275.3281,274.8842
2001-01-16,275.78873,275.5722,274.88553,276.00967,275.71344,275.18442
2001-01-17,276.48047,276.4081,275.8635,276.5808,276.44666,276.07803
2001-01-18,277.9634,277.85834,277.27902,278.13297,277.92664,277.48422
2001-01-19,282.2014,281.9999,281.32227,282.27155,281.9649,281.42053
2001-01-20,280.20786,280.0109,279.33594,280.19238,279.8699,279.3081
2001-01-21,286.14444,285.7743,284.92426,286.3215,285.8787,285.19513
2001-01-22,286.32407,286.26392,285.72217,286.4085,286.29715,285.9436
2001-01-23,276.97693,276.87122,276.2823,276.76334,276.54617,276.0855
2001-01-24,279.7074,279.8723,279.5524,279.66946,279.70605,279.49786
2001-01-25,278.575,278.37915,277.69693,278.1088,277.82242,277.29013
2001-01-26,276.59106,276.56442,276.05005,276.78516,276.5888,276.14548
2001-01-27,274.22015,274.13287,273.55652,274.245,274.05728,273.6216
2001-01-28,277.15555,276.94476,276.24368,277.04626,276.70303,276.1109
2001-01-29,279.26938,279.01126,278.2617,279.29614,278.90042,278.2549
2001-01-30,282.13513,281.74777,280.86798,282.4355,281.93292,281.1799
2001-01-31,283.73346,283.4982,282.76962,283.81293,283.4882,282.9125
2001-02-01,283.18506,283.00107,282.32294,283.22983,282.95453,282.4277
2001-02-02,282.70636,282.59985,281.99857,282.78967,282.59003,282.13852
2001-02-03,277.38275,277.85385,277.82956,277.46857,277.7807,277.84067
2001-02-04,276.14816,276.15067,275.65738,275.97702,275.83047,275.4316
2001-02-05,275.96835,276.06503,275.6657,276.1661,276.0922,275.76584
2001-02-06,275.03986,275.09543,274.65475,275.15976,275.0954,274.7787
2001-02-07,272.91696,272.97202,272.53082,272.856,272.7828,272.4575
2001-02-08,270.91022,270.9484,270.49036,271.3059,271.20758,270.85745
2001-02-09,270.01932,270.0246,269.5339,270.0157,269.8598,269.45242
2001-02-10,268.16873,268.0656,267.4668,268.11285,267.86362,267.3635
2001-02-11,268.19925,268.15173,267.60898,268.32544,268.13434,267.69293
2001-02-12,267.95154,267.90146,267.35675,268.21674,268.01126,267.55618
2001-02-13,266.88358,266.83893,266.3003,266.89822,266.70972,266.27246
2001-02-14,267.46854,267.35272,266.7437,267.39337,267.14188,266.6426
2001-02-15,264.31317,264.19797,263.59045,264.2111,263.95175,263.44568
2001-02-16,266.0469,265.7883,265.03845,265.74988,265.35196,264.7084
2001-02-17,269.10614,269.0397,268.48312,268.91193,268.7287,268.30115
2001-02-18,271.02176,270.9348,270.359,270.94485,270.75375,270.31964
2001-02-19,272.53735,272.29474,271.56458,272.58185,272.24908,271.67474
2001-02-20,272.94998,272.84995,272.26376,273.0009,272.78644,272.3319
2001-02-21,275.00153,274.95078,274.41537,274.93958,274.7761,274.37418
2001-02-22,274.6615,274.5571,273.9696,274.61917,274.38614,273.91623
2001-02-23,269.83575,269.73874,269.16037,269.81177,269.60297,269.1591
2001-02-24,270.44107,270.39258,269.86447,270.2574,270.1145,269.73834
2001-02-25,275.22754,275.07568,274.446,275.459,275.17477,274.65912
2001-02-26,278.5449,278.31613,277.61142,278.5441,278.1918,277.61
2001-02-27,280.20242,279.89505,279.11365,280.4202,280.01443,279.38113
2001-02-28,281.10477,280.74734,279.9178,281.4731,280.99768,280.29672
2001-03-01,279.47693,279.56482,279.18256,279.83615,279.81592,279.57217
2001-03-02,281.24097,280.2987,278.88837,281.1774,280.04663,278.6944
2001-03-03,287.62793,287.1621,286.2302,287.7537,287.23575,286.49847
2001-03-04,281.69412,281.99512,281.83212,281.55963,281.8047,281.8325
2001-03-05,274.4989,274.28488,273.6089,274.4367,274.0711,273.49042
2001-03-06,280.84113,280.43985,279.57858,280.59503,280.06656,279.3251
2001-03-07,286.37436,286.06754,285.30276,286.14346,285.7753,285.1962
2001-03-08,289.67877,289.37192,288.60925,290.04337,289.63785,289.0235
2001-03-09,289.07236,288.6607,287.79514,289.22046,288.69498,287.96283
2001-03-10,284.76443,284.71066,284.20502,284.43292,284.26355,283.8895
2001-03-11,283.90088,283.61157,282.87222,283.7157,283.30832,282.69824
2001-03-12,282.301,281.92477,281.1005,282.08606,281.5948,280.90292
2001-03-13,288.25723,287.87122,287.03897,288.5514,288.0843,287.41846
2001-03-14,291.95093,291.81027,291.22516,292.36664,292.16537,291.76727
2001-03-15,290.40796,290.14642,289.4421,290.42328,290.0638,289.5093
2001-03-16,283.97684,283.27457,282.13104,284.3932,283.52795,282.46945
2001-03-17,278.47906,278.00946,277.10016,278.22836,277.6018,276.7837
2001-03-18,286.75458,286.68405,286.17538,286.9357,286.7657,286.4057
2001-03-19,285.24442,285.15903,284.6368,285.73035,285.5379,285.15707
2001-03-20,284.24295,284.02448,283.37045,284.33234,283.99286,283.46646
2001-03-21,284.13177,283.97266,283.37915,284.17398,283.90778,283.45605
2001-03-22,288.45422,288.17007,287.4526,288.59186,288.22073,287.66528
2001-03-23,290.5387,289.98718,289.00333,290.98932,290.34186,289.51132
2001-03-24,286.5415,286.45468,285.9364,287.50708,287.40054,287.11197
2001-03-25,282.21085,281.95044,281.2593,282.4983,282.1035,281.5277
2001-03-26,279.90262,279.94244,279.55212,279.71466,279.60727,279.3197
2001-03-27,282.1891,281.7234,280.8281,282.386,281.805,281.04468
2001-03-28,287.3216,287.11166,286.4725,287.36362,287.07867,286.615
2001-03-29,289.06912,288.8684,288.23865,289.2111,288.94025,288.4912
2001-03-30,290.25104,289.9978,289.31577,290.61658,290.26678,289.73926
2001-03-31,290.08878,289.94623,289.37485,290.21838,289.97772,289.55966
2001-04-01,290.46524,290.31134,289.7285,290.5415,290.28384,289.849
2001-04-02,291.10437,290.6977,289.86188,291.48077,290.99133,290.32486
2001-04-03,291.2324,290.90576,290.14963,291.64352,291.2077,290.59482
2001-04-04,287.77307,287.27063,286.33823,288.4049,287.81754,287.05298
2001-04-05,290.62057,290.3436,289.63608,290.76843,290.43295,289.92014
2001-04-06,288.5474,288.40363,287.82867,288.22263,287.97482,287.5493
2001-04-07,288.20703,287.80664,286.9742,288.176,287.67773,287.00134
2001-04-08,293.2516,292.8574,292.03024,293.7137,293.2471,292.6018
2001-04-09,286.59555,286.3732,285.71695,286.8692,286.6294,286.2103
2001-04-10,276.52673,276.2922,275.6227,276.30325,275.87183,275.26038
2001-04-11,285.81573,285.74167,285.2314,285.81158,285.6164,285.24036
2001-04-12,289.84167,289.78818,289.29712,289.86447,289.72095,289.3957
2001-04-13,284.9878,284.88336,284.34003,284.58255,284.36276,283.96036
2001-04-14,280.54132,280.29074,279.59982,280.1969,279.81458,279.24854
2001-04-15,285.28128,285.03937,284.35568,284.8347,284.4744,283.92926
2001-04-16,286.99994,286.69577,285.94824,286.41382,285.99628,285.39273
2001-04-17,285.21948,285.1734,284.68228,285.43423,285.2428,284.8641
2001-04-18,286.71722,286.62744,286.091,286.81723,286.6047,286.20367
2001-04-19,287.38943,287.4639,287.09003,287.48068,287.3744,287.07828
2001-04-20,288.2479,288.11432,287.5306,287.93518,287.6756,287.22485
2001-04-21,289.64264,289.31714,288.53973,289.93512,289.48877,288.8499
2001-04-22,287.06107,286.62906,285.74332,286.573,286.03116,285.29535
2001-04-23,285.37894,285.23325,284.63205,285.06256,284.77856,284.29916
2001-04-24,285.88126,285.63004,284.9215,285.7446,285.3563,284.77118
2001-04-25,297.17163,296.93542,296.24014,297.27747,296.94174,296.40775
2001-04-26,296.36932,296.186,295.54184,297.04184,296.7267,296.2119
2001-04-27,291.5267,291.2098,290.43027,291.78583,291.34033,290.69373
2001-04-28,290.5642,290.35916,289.68976,290.42117,290.04028,289.45688
2001-04-29,287.70093,287.71548,287.264,287.78397,287.64478,287.3017
2001-04-30,287.66385,287.26746,286.4033,287.70398,287.1444,286.3796
2001-05-01,289.61655,289.33112,288.57632,289.8697,289.45706,288.83792
2001-05-02,290.54398,290.18967,289.36444,290.5449,290.0512,289.3497
2001-05-03,292.5539,292.3297,291.6332,292.81494,292.45215,291.88037
2001-05-04,289.45435,289.50723,289.08636,290.11542,290.09418,289.8628
2001-05-05,291.44525,291.09253,290.26468,291.45648,290.92377,290.17984
2001-05-06,292.84708,292.55725,291.7911,292.92114,292.54816,291.9629
2001-05-07,290.6909,290.3618,289.55524,290.86316,290.36566,289.65503
2001-05-08,291.80182,291.43002,290.5797,292.028,291.53583,290.82962
2001-05-09,291.85394,291.95596,291.5785,291.70563,291.6808,291.4412
2001-05-10,289.08862,289.0474,288.52582,288.92264,288.76093,288.3838
2001-05-11,290.90363,290.77045,290.15625,290.8418,290.5895,290.12125
2001-05-12,290.68042,290.4586,289.75504,290.94275,290.58676,290.01434
2001-05-13,286.50742,286.2101,285.4306,286.86673,286.42493,285.7664
2001-05-14,281.4773,281.18625,280.41263,281.26788,280.7979,280.11087
2001-05-15,284.30704,284.20142,283.61298,283.7736,283.52832,283.0659
2001-05-16,286.57248,286.7676,286.4798,286.5165,286.5673,286.40097
2001-05-17,288.46704,288.25327,287.55655,288.32162,287.9538,287.36896
2001-05-18,289.46692,289.48154,289.01334,289.6672,289.49506,289.10608
2001-05-19,291.56976,291.38406,290.71585,291.61154,291.2844,290.74075
2001-05-20,293.19635,293.04065,292.40277,293.40555,293.11157,292.6016
2001-05-21,292.45663,292.10626,291.2742,292.59415,292.11078,291.412
2001-05-22,293.22845,292.9702,292.231,293.31366,292.9344,292.3404
2001-05-23,291.1892,290.4976,289.32578,291.28784,290.46466,289.4276
2001-05-24,299.3927,299.32593,298.77988,299.53348,299.30457,298.8627
2001-05-25,298.80063,298.65775,298.0366,298.5693,298.29117,297.80115
2001-05-26,297.14038,296.89075,296.16403,296.99298,296.59595,295.9882
2001-05-27,298.3571,298.01553,297.19815,298.21277,297.70743,296.99274
2001-05-28,299.83203,299.39206,298.47766,300.01688,299.45926,298.69366
2001-05-29,299.6173,299.29968,298.5091,300.12003,299.6514,298.97632
2001-05-30,297.62204,297.18777,296.28217,297.8455,297.20325,296.3562
2001-05-31,299.96442,299.8637,299.29343,300.5707,300.29175,299.8097
2001-06-01,301.37857,301.46338,301.08054,301.2511,301.24445,301.0365
2001-06-02,295.8424,295.89786,295.48755,295.5476,295.4664,295.18588
2001-06-03,295.15686,295.2521,294.88358,295.45312,295.39557,295.14075
2001-06-04,290.8789,290.97678,290.613,291.3031,291.2268,290.9553
2001-06-05,298.18665,298.0226,297.3991,298.49353,298.18835,297.69016
2001-06-06,301.45154,301.23572,300.56265,302.01816,301.65027,301.09158
2001-06-07,301.8011,301.58633,300.91678,302.62222,302.30554,301.80038
2001-06-08,303.62717,303.36667,302.65372,304.0452,303.6897,303.14813
2001-06-09,305.05524,304.5985,303.6917,305.52524,304.89606,304.08328
2001-06-10,306.01306,305.62216,304.78372,306.6446,306.13782,305.44986
2001-06-11,303.50998,303.4608,302.96658,304.04907,303.8746,303.5215
2001-06-12,297.4729,297.6096,297.30377,297.64578,297.69833,297.57474
2001-06-13,295.4713,295.17548,294.43973,295.62476,295.2084,294.6186
2001-06-14,298.3024,297.91367,297.08765,298.41144,297.8991,297.21585
2001-06-15,296.20337,296.2192,295.80038,296.15955,296.0352,295.7425
2001-06-16,293.18207,292.84708,292.07996,293.42252,292.92432,292.2604
2001-06-17,294.6723,294.18036,293.25894,294.59897,293.93353,293.10498
2001-06-18,295.57462,295.20914,294.4168,295.884,295.3369,294.6293
2001-06-19,299.90796,299.20337,298.0745,300.31464,299.4737,298.47482
2001-06-20,302.17273,301.9196,301.2447,302.244,301.89996,301.4006
2001-06-21,303.32635,302.9467,302.1478,303.2903,302.76617,302.08914
2001-06-22,299.86752,299.75525,299.22623,300.34885,300.121,299.7427
2001-06-23,299.4951,299.3878,298.86618,299.2288,298.97195,298.5671
2001-06-24,303.09644,302.83163,302.15488,303.04486,302.64374,302.09705
2001-06-25,302.24182,301.71152,300.7716,302.4408,301.74536,300.9067
2001-06-26,299.29233,299.07996,298.46024,299.7609,299.37915,298.85645
2001-06-27,300.55457,299.95685,298.95404,300.66986,299.8881,298.96756
2001-06-28,298.6324,298.4308,297.82617,298.43234,298.0706,297.57217
2001-06-29,294.58945,294.4264,293.86234,294.56927,294.25656,293.80923
2001-06-30,297.5456,297.36978,296.79495,297.5496,297.23663,296.791
2001-07-01,298.89874,298.83246,298.369,299.6092,299.3729,299.00583
2001-07-02,298.2468,298.46332,298.28442,298.7184,298.78778,298.72815
2001-07-03,298.39615,298.2121,297.6344,298.02686,297.70508,297.25595
2001-07-04,304.394,304.07812,303.37012,304.5234,304.0607,303.4722
2001-07-05,303.63095,303.9124,303.80325,303.35855,303.60223,303.72156
2001-07-06,305.16754,304.80963,304.06253,305.0848,304.60352,303.99927
2001-07-07,302.96857,303.13843,302.92032,302.61658,302.67508,302.61185
2001-07-08,298.3797,298.32794,297.8894,297.8517,297.65582,297.3394
2001-07-09,295.46484,295.2916,294.7326,295.13257,294.76672,294.28122
2001-07-10,295.4961,295.08356,294.28625,294.95367,294.34067,293.60895
2001-07-11,298.77075,298.5557,297.95667,298.64594,298.2395,297.7151
2001-07-12,295.41498,295.24353,294.68884,295.5025,295.15378,294.68777
2001-07-13,296.42615,296.32837,295.848,296.5469,296.27237,295.88104
2001-07-14,297.20514,296.85974,296.13223,297.55362,297.05124,296.43246
2001-07-15,293.84122,293.4521,292.68118,294.01657,293.47192,292.81116
2001-07-16,295.6075,295.5706,295.15225,295.60312,295.46317,295.20724
2001-07-17,299.27005,299.13892,298.62646,299.3346,299.08585,298.72113
2001-07-18,297.48315,297.35486,296.8454,297.3725,297.11862,296.74872
2001-07-19,297.60248,297.6623,297.34082,297.72675,297.64746,297.4519
2001-07-20,296.55304,296.53674,296.13904,296.67767,296.54028,296.28638
2001-07-21,296.59756,296.50504,296.0309,296.7885,296.53516,296.1648
2001-07-22,295.5566,295.35898,294.77936,295.57516,295.20596,294.71927
2001-07-23,299.6675,299.55075,299.05157,299.87067,299.58063,299.1725
2001-07-24,303.9421,303.80228,303.27954,304.25208,303.97202,303.5731
2001-07-25,300.06717,299.62033,298.78998,300.0946,299.54202,298.86972
2001-07-26,299.78244,299.6754,299.18423,299.5481,299.30508,298.9414
2001-07-27,297.57324,297.3465,296.7348,297.1621,296.81473,296.34564
2001-07-28,296.2005,295.98517,295.38406,295.89313,295.54132,295.0667
2001-07-29,298.12106,297.9268,297.34583,298.2039,297.88022,297.43256
2001-07-30,299.5204,299.88712,299.86615,299.7194,299.91202,299.97937
2001-07-31,297.85114,297.69092,297.14197,298.42142,298.16058,297.7731
2001-08-01,294.82837,294.5932,293.9682,295.17105,294.80255,294.306
2001-08-02,297.415,296.85483,295.90375,297.48288,296.8169,296.02136
2001-08-03,296.32193,295.95947,295.20486,296.60193,296.10486,295.47662
2001-08-04,294.8115,294.49222,293.77954,295.2812,294.80563,294.1974
2001-08-05,292.19855,291.92657,291.25992,292.41995,291.947,291.3397
2001-08-06,295.85425,295.54462,294.83902,295.99527,295.54022,294.94913
2001-08-07,298.6433,298.32303,297.60544,299.0612,298.6065,298.01404
2001-08-08,294.58118,294.33716,293.69443,294.8901,294.49954,293.9694
2001-08-09,299.31406,299.16275,298.6114,299.43533,299.1678,298.75888
2001-08-10,295.85263,295.85757,295.461,295.69473,295.5166,295.1953
2001-08-11,295.31433,295.23752,294.75778,295.2008,294.98135,294.61694
2001-08-12,297.1519,296.97906,296.4019,297.3026,296.98923,296.529
2001-08-13,298.52554,298.3354,297.73944,298.78473,298.46393,297.99442
2001-08-14,299.81302,299.49905,298.77786,300.08597,299.6495,299.06247
2001-08-15,300.0278,299.76404,299.09167,300.6813,300.2913,299.7489
2001-08-16,299.22113,299.27664,298.9221,299.3343,299.28964,299.09073
2001-08-17,299.6389,299.58832,299.12628,299.57913,299.459,299.18283
2001-08-18,298.87613,299.02734,298.76566,299.2332,299.2249,299.05865
2001-08-19,298.70737,298.6843,298.24692,298.90723,298.77313,298.47937
2001-08-20,297.374,297.1744,296.55914,297.4149,297.121,296.66562
2001-08-21,294.83228,294.69528,294.14127,295.11246,294.82336,294.37106
2001-08-22,296.7218,297.0461,296.95212,296.7068,296.95654,297.04132
2001-08-23,296.73267,296.60715,296.062,296.7007,296.44257,296.01776
2001-08-24,298.79678,298.56247,297.9073,299.10767,298.76038,298.2448
2001-08-25,299.89407,299.76184,299.2074,300.3955,300.11658,299.66776
2001-08-26,300.8216,300.52295,299.8009,301.01306,300.5875,299.9905
2001-08-27,299.62448,299.10907,298.1691,300.1451,299.51978,298.7215
2001-08-28,301.30334,300.9698,300.21054,301.77634,301.34924,300.74777
2001-08-29,302.3692,302.11505,301.43408,302.74274,302.36932,301.8201
2001-08-30,301.11002,300.9859,300.43384,301.17975,300.93015,300.50336
2001-08-31,299.51968,299.1347,298.3207,300.16882,299.65317,298.959
2001-09-01,297.9803,297.81836,297.2264,298.07858,297.84827,297.43823
2001-09-02,294.2816,294.22836,293.74417,294.0868,293.929,293.59027
2001-09-03,294.34943,294.2454,293.7094,294.2566,294.03903,293.63947
2001-09-04,295.75412,295.62195,295.057,295.80115,295.53467,295.08502
2001-09-05,297.4443,297.12674,296.3755,297.6867,297.25735,296.6438
2001-09-06,294.02686,293.9671,293.4728,294.11102,293.92255,293.54895
2001-09-07,300.6993,300.61624,300.09787,300.78137,300.62482,300.28223
2001-09-08,297.52103,297.58096,297.2048,297.56555,297.4888,297.22516
2001-09-09,293.36337,293.25098,292.70172,293.26498,293.0261,292.5995
2001-09-10,293.96658,293.84143,293.27878,293.947,293.71133,293.28726
2001-09-11,289.2186,289.0207,288.38464,289.20523,288.84518,288.29605
2001-09-12,292.4634,292.27603,291.64984,292.66135,292.33844,291.8258
2001-09-13,295.98392,295.72733,295.0313,296.28476,295.88568,295.2963
2001-09-14,297.56296,297.37393,296.74496,298.02957,297.70074,297.18112
2001-09-15,296.86188,296.6932,296.084,297.25922,296.96103,296.4716
2001-09-16,296.8946,296.66135,295.98706,297.35495,296.98312,296.41968
2001-09-17,297.25848,296.93063,296.16122,297.67252,297.19043,296.5164
2001-09-18,297.6543,297.4919,296.88754,298.01016,297.787,297.37152
2001-09-19,295.1764,294.83887,294.05893,295.64395,295.19897,294.5615
2001-09-20,291.64505,291.3882,290.6885,292.0005,291.59912,291.005
2001-09-21,294.50162,294.26013,293.57544,294.66272,294.29645,293.7373
2001-09-22,295.47952,295.21585,294.5086,296.02426,295.65955,295.10184
2001-09-23,294.6289,294.2466,293.42035,295.15622,294.6403,293.9312
2001-09-24,290.84296,290.81628,290.34537,291.13428,290.942,290.5566
2001-09-25,294.9197,294.64108,293.9179,295.24203,294.86005,294.28488
2001-09-26,297.77402,297.6735,297.12814,298.0156,297.78143,297.35422
2001-09-27,291.0267,290.8017,290.13168,291.3705,290.97885,290.3941
2001-09-28,287.16144,286.98444,286.36215,287.53683,287.20407,286.6784
2001-09-29,289.63202,289.4057,288.7339,289.70984,289.3761,288.8496
2001-09-30,289.2588,288.9595,288.21445,289.38147,288.9572,288.3403
2001-10-01,294.3787,294.12036,293.41608,294.7852,294.40778,293.83795
2001-10-02,295.71198,295.55084,294.9436,296.01425,295.72043,295.23438
2001-10-03,294.08228,293.96997,293.4115,294.21848,294.0038,293.5971
2001-10-04,292.5533,292.16873,291.33777,292.8766,292.35858,291.64886
2001-10-05,296.5939,296.30872,295.57703,296.8266,296.43503,295.85196
2001-10-06,296.8312,296.5513,295.82483,296.86655,296.46802,295.87827
2001-10-07,293.19373,292.78064,291.92093,292.16537,291.6904,291.02454
2001-10-08,288.3737,288.24518,287.67,287.9843,287.76648,287.35815
2001-10-09,282.86084,282.7925,282.27747,282.70618,282.50858,282.12076
2001-10-10,284.3182,283.92386,283.08273,284.42084,283.87213,283.13358
2001-10-11,289.67822,289.52524,288.9255,289.89966,289.6345,289.1798
2001-10-12,292.04282,291.81778,291.1461,292.31458,291.98257,291.46146
2001-10-13,293.2235,292.94162,292.21307,293.5979,293.19897,292.6114
2001-10-14,290.77563,290.67758,290.1329,290.9403,290.6681,290.20758
2001-10-15,295.20743,294.89795,294.14203,295.58755,295.09476,294.41406
2001-10-16,296.68204,296.49512,295.86188,297.28055,296.99036,296.51266
2001-10-17,295.96967,295.94913,295.48236,296.70996,296.57874,296.26044
2001-10-18,295.7979,295.6658,295.0877,296.21057,295.9699,295.54263
2001-10-19,295.64682,295.40164,294.7106,296.00653,295.6256,295.05853
2001-10-20,292.82785,292.57782,291.88217,293.11078,292.69547,292.09442
2001-10-21,287.16382,287.1906,286.77206,287.1877,287.073,286.77304
2001-10-22,284.93243,284.7143,284.05112,285.23877,284.9066,284.3896
2001-10-23,284.17444,284.0396,283.46002,284.04483,283.7837,283.33826
2001-10-24,286.0955,285.98584,285.4318,286.03195,285.82074,285.42563
2001-10-25,285.80908,285.5476,284.84216,285.69943,285.31992,284.75696
2001-10-26,289.21628,288.88504,288.11023,289.32086,288.86792,288.23203
2001-10-27,290.78842,290.47745,289.72333,291.03482,290.57547,289.9337
2001-10-28,289.0292,288.86426,288.25668,289.14346,288.80014,288.27484
2001-10-29,291.31662,291.07697,290.39514,291.47708,291.15558,290.6526
2001-10-30,291.6801,291.41583,290.71,291.72137,291.35492,290.80746
2001-10-31,286.9525,286.7342,286.07474,287.04147,286.7285,286.2349
2001-11-01,284.46365,284.2829,283.6617,284.00598,283.66205,283.13803
2001-11-02,276.47525,276.24957,275.58405,276.4189,276.05405,275.50955
2001-11-03,281.29102,281.00635,280.28247,281.5854,281.14865,280.5328
2001-11-04,289.27542,288.44025,287.16656,289.3063,288.35373,287.22247
2001-11-05,289.73752,289.63318,289.09106,289.61624,289.4174,289.0403
2001-11-06,281.5683,281.50504,281.0047,281.20483,281.00177,280.62097
2001-11-07,279.34503,278.92728,278.07324,279.5213,278.9393,278.18
2001-11-08,284.50247,284.07074,283.2035,284.95044,284.36365,283.6
2001-11-09,287.55533,287.24582,286.50165,287.69717,287.2462,286.6188
2001-11-10,287.99408,287.6077,286.78748,288.2848,287.71823,286.97565
2001-11-11,287.95874,287.80884,287.2259,288.14798,287.86536,287.40714
2001-11-12,282.45978,282.36102,281.8301,282.50876,282.32877,281.9736
2001-11-13,280.42877,280.19574,279.5314,280.5906,280.2018,279.63834
2001-11-14,281.67114,281.46838,280.83524,281.69348,281.37463,280.88144
2001-11-15,283.77463,283.19803,282.19196,283.5383,282.776,281.83975
2001-11-16,286.6034,286.25375,285.47552,286.66827,286.20883,285.57584
2001-11-17,286.59244,286.24606,285.47195,286.96017,286.5025,285.87158
2001-11-18,276.5252,276.15958,275.36713,276.67987,276.1691,275.48538
2001-11-19,282.0751,281.74423,280.9874,282.47125,281.9844,281.3249
2001-11-20,286.4286,286.12222,285.39078,286.47592,286.02716,285.40607
2001-11-21,283.02603,282.97144,282.49268,283.14554,282.88736,282.45703
2001-11-22,276.27148,275.8925,275.09018,276.4678,275.9676,275.29547
2001-11-23,280.15765,280.06677,279.55344,280.31024,280.07516,279.6684
2001-11-24,278.53818,278.1774,277.395,278.9387,278.48004,277.84988
2001-11-25,274.14163,274.2267,273.89096,274.39166,274.34888,274.13464
2001-11-26,268.07086,267.80444,267.11792,268.01416,267.62927,267.07306
2001-11-27,272.74533,272.1443,271.12387,272.80237,272.09418,271.21478
2001-11-28,277.94855,277.50278,276.63834,277.4576,276.90402,276.17917
2001-11-29,280.79294,280.51193,279.81287,280.70535,280.34842,279.82028
2001-11-30,279.48392,279.35812,278.8149,279.2643,279.04752,278.65942
2001-12-01,273.83383,273.58295,272.91522,273.83353,273.4208,272.8367
2001-12-02,268.8674,268.56778,267.85178,269.00143,268.56805,267.9631
2001-12-03,269.01028,268.77924,268.13223,268.76074,268.41342,267.89432
2001-12-04,273.99258,273.748,273.0879,274.23798,273.88693,273.36386
2001-12-05,277.45862,277.41016,276.94647,277.91455,277.83313,277.57938
2001-12-06,278.04596,277.8002,277.1395,277.99188,277.6884,277.21216
2001-12-07,276.76166,276.46646,275.7565,276.5707,276.12875,275.51367
2001-12-08,283.67093,283.19257,282.29953,283.86035,283.17963,282.32532
2001-12-09,287.7546,287.4813,286.79333,287.78113,287.41452,286.87384
2001-12-10,287.47748,287.29236,286.69263,287.8527,287.6266,287.2257
2001-12-11,270.20663,270.1351,269.6488,270.17743,270.02295,269.69305
2001-12-12,272.80707,272.6349,272.04776,273.0025,272.72946,272.2803
2001-12-13,273.13266,272.7301,271.91232,273.7066,273.1892,272.4949
2001-12-14,271.3007,271.0025,270.28873,271.61517,271.18204,270.57117
2001-12-15,275.87054,275.5854,274.88416,275.86108,275.48706,274.93445
2001-12-16,279.2724,279.03513,278.38126,279.4586,279.14,278.6419
2001-12-17,277.58234,277.37952,276.75946,277.4658,277.13422,276.62207
2001-12-18,275.46033,275.10678,274.3353,275.4791,274.99667,274.3326
2001-12-19,277.0353,276.83746,276.22083,276.99255,276.67618,276.177
2001-12-20,272.72064,272.55423,271.96817,272.92972,272.6793,272.24484
2001-12-21,270.59464,270.29422,269.5732,270.67648,270.21057,269.55936
2001-12-22,275.0245,274.94095,274.43573,274.9201,274.7318,274.35693
2001-12-23,271.62256,271.4749,270.90442,271.93057,271.6518,271.18497
2001-12-24,272.85196,272.8433,272.41052,272.70255,272.62622,272.36047
2001-12-25,273.0785,272.9419,272.37988,273.29572,273.0819,272.67715
2001-12-26,277.64215,277.27902,276.489,278.12552,277.7165,277.11502
2001-12-27,275.87793,275.70804,275.10983,276.02917,275.7558,275.2884
2001-12-28,276.19537,275.95636,275.28748,276.5554,276.26663,275.7822
2001-12-29,275.4064,275.33414,274.83035,275.3482,275.17126,274.7969
2001-12-30,271.44315,271.18475,270.49313,271.62518,271.25485,270.6854
2001-12-31,272.48367,271.6967,270.4747,272.21603,271.29877,270.18057
2002-01-01,277.8182,277.52426,276.79153,277.593,277.20633,276.6152
2002-01-02,275.59415,275.45874,274.8827,275.82806,275.55038,275.06628
2002-01-03,277.19696,277.02237,276.40512,277.06732,276.76166,276.2477
2002-01-04,277.47833,277.3817,276.84042,277.22412,276.98563,276.53693
2002-01-05,273.75497,273.65482,273.1079,274.27112,274.07684,273.6705
2002-01-06,267.3249,267.0827,266.3917,267.24905,266.89758,266.33215
2002-01-07,274.81458,274.427,273.5884,275.13025,274.6313,273.91635
2002-01-08,273.58344,273.24417,272.45184,273.92957,273.45538,272.76334
2002-01-09,265.75467,265.68494,265.1599,265.85345,265.67923,265.28525
2002-01-10,271.836,271.75992,271.22635,272.04578,271.81796,271.3684
2002-01-11,279.8962,279.9085,279.4612,279.71466,279.6439,279.34952
2002-01-12,280.27966,280.5245,280.3076,280.3776,280.55164,280.5001
2002-01-13,269.20615,269.0414,268.41275,269.1422,268.8643,268.35895
2002-01-14,277.2276,276.80536,275.9171,277.5037,276.9224,276.11194
2002-01-15,280.71658,280.4252,279.66568,280.64056,280.2494,279.62717
2002-01-16,284.9136,284.59454,283.8053,285.13553,284.70587,284.04343
2002-01-17,282.90698,283.02127,282.66333,283.00278,283.03955,282.8419
2002-01-18,281.30573,281.05807,280.3362,281.02335,280.69284,280.12622
2002-01-19,277.04572,276.90137,276.28085,276.99557,276.77374,276.31418
2002-01-20,272.88693,272.77664,272.18832,272.821,272.60754,272.15475
2002-01-21,269.0959,269.00793,268.44012,268.7725,268.56628,268.11932
2002-01-22,265.01062,265.01422,264.53625,264.73184,264.58774,264.20142
2002-01-23,269.1319,269.0535,268.49188,268.95267,268.75732,268.31854
2002-01-24,270.43362,270.21448,269.5105,270.22092,269.90714,269.34857
2002-01-25,274.44104,274.32428,273.72116,275.02362,274.8238,274.37805
2002-01-26,272.752,272.60388,271.96802,272.7356,272.48468,271.9868
2002-01-27,270.62234,270.3476,269.58377,270.69543,270.26956,269.59567
2002-01-28,272.72546,272.679,272.1422,272.69443,272.52563,272.10794
2002-01-29,274.0449,273.71118,272.88608,274.13885,273.6705,272.9524
2002-01-30,271.56894,271.40408,270.74677,271.49197,271.155,270.56763
2002-01-31,272.80267,272.61478,271.93353,272.84302,272.51776,271.94153
2002-02-01,272.77066,272.53833,271.81183,272.80768,272.46237,271.86554
2002-02-02,273.96036,273.7108,272.96643,273.9984,273.61536,272.98044
2002-02-03,276.9545,276.65582,275.86176,277.03308,276.57123,275.8572
2002-02-04,274.23376,273.97906,273.2286,274.60562,274.20224,273.54657
2002-02-05,274.74686,274.64066,274.03842,274.69965,274.47427,273.9965
2002-02-06,276.0403,276.06647,275.59637,276.22046,276.12637,275.77994
2002-02-07,277.83267,277.59247,276.85602,278.03583,277.6601,277.03226
2002-02-08,276.05615,275.92496,275.29758,276.0571,275.8246,275.34024
2002-02-09,273.91714,273.664,272.9149,274.00824,273.62616,272.99258
2002-02-10,271.10727,270.94836,270.29376,271.0916,270.8109,270.27933
2002-02-11,271.623,271.49805,270.8779,271.4427,271.19052,270.68802
2002-02-12,270.6391,270.5525,269.97122,270.73386,270.5262,270.06897
2002-02-13,269.35046,269.23962,268.6348,269.1748,268.92026,268.41696
2002-02-14,272.04782,271.94705,271.35312,272.02435,271.81345,271.35474
2002-02-15,273.44742,273.35068,272.7617,273.39178,273.14706,272.65555
2002-02-16,273.35132,273.36984,272.8971,273.37296,273.24237,272.86618
2002-02-17,271.74915,271.64578,271.05228,271.59064,271.35342,270.87183
2002-02-18,275.82974,275.8659,275.4132,275.80148,275.70682,275.36914
2002-02-19,273.89832,273.86194,273.338,274.06757,273.89093,273.47266
2002-02-20,280.94507,280.7112,279.99124,280.2266,279.9082,279.34973
2002-02-21,279.51443,279.38254,278.766,279.3175,279.10886,278.66174
2002-02-22,280.77127,280.02734,278.80035,280.26868,279.4188,278.33206
2002-02-23,290.57965,290.34253,289.62405,290.76532,290.43927,289.8781
2002-02-24,289.20615,289.15454,288.6233,289.0278,288.89047,288.5199
2002-02-25,284.5205,283.91785,282.83737,284.3961,283.70224,282.777
2002-02-26,285.13687,284.80862,284.00443,284.88345,284.42926,283.74557
2002-02-27,276.63504,276.79895,276.48877,276.22757,276.20428,275.95346
2002-02-28,278.74527,278.73254,278.2477,278.76047,278.63092,278.27582
2002-03-01,284.87973,284.53018,283.7105,284.37424,283.96643,283.33514
2002-03-02,289.66953,289.64496,289.15228,289.365,289.26105,288.93564
2002-03-03,284.00122,283.74222,283.01712,283.9106,283.50818,282.88638
2002-03-04,287.22263,286.9417,286.19675,287.39185,287.0292,286.4493
2002-03-05,286.34607,286.2733,285.7385,286.2755,286.0251,285.55954
2002-03-06,270.0389,270.05063,269.60242,269.47955,269.3044,268.91626
2002-03-07,281.77274,281.38757,280.5445,281.76483,281.2382,280.50064
2002-03-08,283.98572,283.56985,282.69818,283.89185,283.2987,282.49677
2002-03-09,285.03342,284.68048,283.87366,284.8754,284.3801,283.6781
2002-03-10,284.6631,284.62173,284.12845,284.02487,283.8735,283.51746
2002-03-11,277.7136,277.81577,277.46796,277.42075,277.36182,277.10025
2002-03-12,272.4242,272.1925,271.51276,272.30005,271.92606,271.3514
2002-03-13,275.3286,275.019,274.26318,275.14774,274.7496,274.1527
2002-03-14,278.2847,278.0103,277.29144,278.01797,277.61725,277.01965
2002-03-15,283.76904,283.31555,282.41925,283.3663,282.7945,282.02768
2002-03-16,287.58667,287.0718,286.11572,287.2923,286.61685,285.74817
2002-03-17,285.3817,285.00146,284.1815,285.36765,284.85394,284.14868
2002-03-18,282.23593,281.91577,281.15747,281.8429,281.30103,280.56918
2002-03-19,281.02344,280.56274,279.66525,280.78864,280.1831,279.38922
2002-03-20,284.12585,283.79382,283.02625,283.84808,283.4035,282.77203
2002-03-21,281.68124,281.3574,280.59918,281.88596,281.41763,280.76376
2002-03-22,276.4519,276.35638,275.8275,277.101,276.7957,276.30606
2002-03-23,271.43414,271.16937,270.47226,271.52304,271.14246,270.5788
2002-03-24,270.03555,269.94922,269.43143,269.95526,269.72134,269.30542
2002-03-25,272.22058,272.1412,271.6311,272.07864,271.90137,271.54306
2002-03-26,272.2403,272.24377,271.81708,271.92206,271.79395,271.48563
2002-03-27,274.49655,274.1118,273.29742,274.81454,274.26508,273.5363
2002-03-28,274.64392,274.4044,273.7356,274.5923,274.16772,273.56445
2002-03-29,277.66656,277.46588,276.83618,277.41068,277.10773,276.6266
2002-03-30,282.41696,282.16922,281.4926,282.21637,281.83322,281.27234
2002-03-31,277.80353,277.68463,277.1369,277.73807,277.4816,277.04776
2002-04-01,278.34982,278.19406,277.60938,278.11258,277.81174,277.33368
2002-04-02,276.48468,276.28247,275.65112,276.2135,275.88242,275.37427
2002-04-03,280.5178,280.2721,279.5969,280.3679,280.01364,279.4823
2002-04-04,287.75876,287.36063,286.5325,287.13306,286.68713,286.06403
2002-04-05,298.94867,298.82712,298.27505,298.97083,298.824,298.49982
2002-04-06,294.84338,294.794,294.31342,294.86203,294.7112,294.38266
2002-04-07,286.6552,286.71094,286.3347,286.29907,286.2547,286.03217
2002-04-08,281.16052,281.051,280.5085,280.67783,280.46442,280.07233
2002-04-09,281.25034,281.0393,280.39432,281.0344,280.6752,280.13675
2002-04-10,287.99692,287.65643,286.88095,287.9896,287.52112,286.87265
2002-04-11,285.91803,285.5161,284.678,285.937,285.4045,284.69113
2002-04-12,282.1873,281.89987,281.17493,282.14725,281.74695,281.16492
2002-04-13,279.6499,279.43164,278.7745,279.33267,278.9732,278.4311
2002-04-14,285.0475,285.00592,284.52402,284.74063,284.59802,284.27173
2002-04-15,291.1267,290.99307,290.4176,291.2071,290.95187,290.5118
2002-04-16,286.90405,286.75284,286.15826,286.93655,286.65372,286.18488
2002-04-17,279.84396,279.8142,279.33942,279.4157,279.27682,278.95074
2002-04-18,279.32248,279.2387,278.70825,278.94724,278.73056,278.32538
2002-04-19,280.51215,280.3515,279.74246,280.16125,279.8654,279.37976
2002-04-20,279.8434,279.77914,279.26474,279.94128,279.74265,279.35287
2002-04-21,283.4815,283.51758,283.1017,283.5397,283.4315,283.1307
2002-04-22,283.27148,283.181,282.6368,283.28818,283.04187,282.60153
2002-04-23,282.17853,282.1222,281.61032,282.11557,281.92236,281.53372
2002-04-24,281.84735,281.75708,281.20947,281.7513,281.52264,281.09717
2002-04-25,281.77573,281.63474,281.03467,281.63388,281.34842,280.8647
2002-04-26,284.42685,284.20575,283.52377,284.36893,284.00632,283.44406
2002-04-27,290.18893,290.00208,289.3526,290.28873,289.99988,289.50992
2002-04-28,294.91367,294.69656,294.01505,295.0838,294.76648,294.24664
2002-04-29,297.22638,297.1355,296.57858,297.50513,297.30603,296.903
2002-04-30,293.88184,294.1444,293.9392,294.1167,294.27115,294.22037
2002-05-01,290.14346,290.05878,289.5047,290.18695,289.9434,289.4933
2002-05-02,287.4614,287.14926,286.36624,286.84442,286.3888,285.72534
2002-05-03,292.05643,291.6564,290.7841,290.43692,289.91156,289.17722
2002-05-04,296.91278,296.3746,295.36264,296.274,295.51337,294.5426
2002-05-05,298.9219,298.5378,297.67862,298.86752,298.33612,297.5935
2002-05-06,300.4686,300.19144,299.438,300.24594,299.85025,299.2423
2002-05-07,298.76874,298.93787,298.62952,298.09216,298.13065,297.956
2002-05-08,296.79633,296.52258,295.77036,297.4399,297.06644,296.47897
2002-05-09,301.41565,301.25372,300.6123,301.71298,301.50546,301.08325
2002-05-10,298.56784,298.673,298.29782,299.24054,299.21176,298.96753
2002-05-11,295.72806,295.59738,294.98566,295.89304,295.65683,295.20465
2002-05-12,291.3947,291.31744,290.75848,291.10526,290.92236,290.52307
2002-05-13,287.7224,287.63757,287.0705,287.4555,287.2505,286.8287
2002-05-14,289.35382,289.15887,288.48135,289.36044,289.03595,288.4944
2002-05-15,292.06696,291.7721,290.99442,291.93134,291.52164,290.8948
2002-05-16,295.1937,294.91895,294.1613,295.22922,294.80212,294.1579
2002-05-17,298.5938,298.33115,297.58554,298.2259,297.8223,297.2017
2002-05-18,302.26486,301.94812,301.14853,302.2579,301.81293,301.15112
2002-05-19,305.19574,304.9551,304.23196,305.29416,304.93613,304.36157
2002-05-20,299.66464,299.60913,299.07144,299.59726,299.38803,298.96283
2002-05-21,299.1148,298.94833,298.30017,299.20294,298.94302,298.46765
2002-05-22,293.75754,293.5479,292.85727,293.8204,293.4983,292.9615
2002-05-23,294.49265,294.33878,293.7047,294.44394,294.16412,293.67044
2002-05-24,293.80502,293.81488,293.34543,293.72678,293.57016,293.20062
2002-05-25,289.87735,289.90125,289.44687,290.1228,289.99408,289.65353
2002-05-26,292.63116,292.43912,291.76996,292.41974,292.07672,291.52304
2002-05-27,295.4082,295.2061,294.52814,295.2133,294.869,294.31528
2002-05-28,293.50143,292.94308,291.91034,293.59396,292.8826,291.96326
2002-05-29,296.2322,295.9486,295.1921,296.37808,295.95566,295.3268
2002-05-30,294.65073,294.44482,293.7676,295.10217,294.73972,294.17242
2002-05-31,299.34903,298.9285,298.03842,299.25342,298.72202,297.98752
2002-06-01,294.40567,294.31076,293.74817,294.30887,294.11093,293.7117
2002-06-02,289.05298,289.12762,288.73654,288.80722,288.74026,288.474
2002-06-03,289.142,289.0758,288.54587,289.05527,288.8564,288.4603
2002-06-04,293.16263,292.94678,292.26926,293.10028,292.7386,292.1817
2002-06-05,299.47372,299.3571,298.78094,299.51282,299.2608,298.8158
2002-06-06,301.98602,301.8442,301.24512,302.14658,301.87363,301.40985
2002-06-07,300.7129,300.51312,299.8585,300.44006,300.08878,299.54904
2002-06-08,303.8662,303.70096,303.08325,303.969,303.66888,303.18268
2002-06-09,298.9667,298.77005,298.12335,298.95657,298.56033,297.9805
2002-06-10,300.9617,300.81766,300.22607,301.0327,300.82336,300.4328
2002-06-11,302.6424,302.47607,301.86472,302.66956,302.41022,301.97223
2002-06-12,302.4292,302.26352,301.6554,302.78763,302.50626,302.04877
2002-06-13,297.00064,297.13574,296.83093,296.97375,296.97885,296.81042
2002-06-14,296.41238,296.4916,296.13354,296.42822,296.3679,296.1366
2002-06-15,296.53336,296.19794,295.42783,296.86523,296.37607,295.71857
2002-06-16,302.2827,301.99533,301.27585,302.5587,302.14844,301.57245
2002-06-17,304.9607,304.65964,303.92908,305.29163,304.86282,304.2709
2002-06-18,305.21805,304.94907,304.25317,305.9143,305.50464,304.93445
2002-06-19,301.83655,301.20886,300.15686,301.93307,301.13754,300.18405
2002-06-20,303.0442,302.38306,301.30014,302.94382,302.13818,301.1772
2002-06-21,306.71588,306.37274,305.61035,306.72888,306.25165,305.62155
2002-06-22,301.1727,300.91772,300.246,301.348,300.9275,300.3566
2002-06-23,301.3096,301.16223,300.60052,301.58353,301.306,300.88046
2002-06-24,298.09045,297.95004,297.3977,297.38397,297.0833,296.63712
2002-06-25,293.48834,293.2812,292.66443,293.77133,293.4049,292.89523
2002-06-26,295.21063,295.0038,294.38968,295.21634,294.85248,294.3477
2002-06-27,296.0408,295.98013,295.51437,296.19177,295.99384,295.65714
2002-06-28,297.7198,297.18466,296.24652,297.62753,296.958,296.15182
2002-06-29,302.36032,302.05508,301.3489,302.3681,301.93332,301.36392
2002-06-30,304.3366,304.21967,303.70367,304.2191,303.9986,303.64545
2002-07-01,303.96118,303.848,303.33762,303.9828,303.76965,303.42575
2002-07-02,299.7792,299.4126,298.65057,299.98438,299.4797,298.846
2002-07-03,306.25815,305.84296,305.0341,306.48544,305.9534,305.29398
2002-07-04,307.26407,306.87686,306.09753,307.70258,307.18497,306.54153
2002-07-05,306.3346,306.12964,305.5341,307.2151,306.87888,306.4183
2002-07-06,306.67252,306.55737,306.05304,306.74435,306.5765,306.28568
2002-07-07,303.04288,302.87595,302.32104,302.40198,302.09238,301.66104
2002-07-08,301.20605,300.85623,300.11966,301.82,301.33517,300.72977
2002-07-09,299.91742,299.28882,298.27448,299.71262,298.90524,297.97827
2002-07-10,300.25476,299.67334,298.7071,300.68036,299.93832,299.07758
2002-07-11,302.3983,302.2214,301.66055,302.0821,301.75302,301.30594
2002-07-12,305.60876,305.28488,304.57776,305.6278,305.19678,304.64844
2002-07-13,302.8797,302.95358,302.64487,302.35803,302.35727,302.2397
2002-07-14,297.41205,297.3352,296.87622,297.25055,297.01608,296.66525
2002-07-15,300.41238,300.1328,299.4715,300.7151,300.3324,299.8336
2002-07-16,304.72253,304.3807,303.65747,305.08374,304.64014,304.0806
2002-07-17,306.3847,305.968,305.16998,307.02972,306.494,305.84235
2002-07-18,299.63037,299.25787,298.50415,299.94608,299.33984,298.61755
2002-07-19,301.4915,301.32776,300.78278,301.13785,300.78214,300.31018
2002-07-20,299.19757,299.1247,298.67044,299.10846,298.87994,298.5349
2002-07-21,300.01498,299.93338,299.47018,300.4666,300.20828,299.833
2002-07-22,300.39157,300.31763,299.86172,301.07935,300.8735,300.5502
2002-07-23,302.06573,301.82986,301.21152,301.9427,301.5823,301.10382
2002-07-24,300.44437,300.2994,299.7715,299.97275,299.69318,299.29477
2002-07-25,302.15692,302.17618,301.8119,300.86798,300.77762,300.56757
2002-07-26,301.64294,301.78116,301.53516,301.46317,301.38718,301.19052
2002-07-27,301.03238,300.98938,300.56146,300.47864,300.29742,299.9945
2002-07-28,297.857,297.552,296.8612,297.8527,297.4358,296.89606
2002-07-29,297.68765,297.58316,297.09195,297.20297,296.9128,296.49866
2002-07-30,299.60883,299.79718,299.59784,299.85632,299.89484,299.80807
2002-07-31,298.71115,298.50348,297.9071,299.27255,298.92136,298.4435
2002-08-01,300.34662,300.06662,299.39682,300.62277,300.18967,299.6285
2002-08-02,299.7332,299.4453,298.76648,300.03708,299.6273,299.08798
2002-08-03,299.8024,299.263,298.33145,300.62802,299.93228,299.10544
2002-08-04,299.1568,298.64935,297.74847,299.88058,299.22153,298.42975
2002-08-05,298.19388,297.86017,297.13177,298.53735,298.04105,297.41037
2002-08-06,297.68274,297.4271,296.77548,297.53897,297.15192,296.6288
2002-08-07,299.3906,299.0239,298.25995,300.3274,299.825,299.18484
2002-08-08,298.58704,298.32425,297.66275,299.3221,298.90744,298.35318
2002-08-09,297.1766,297.36224,297.14786,297.65594,297.72803,297.6588
2002-08-10,295.69235,295.6496,295.20532,296.23398,296.09778,295.81842
2002-08-11,296.52652,296.03027,295.1311,296.32578,295.71085,294.95096
2002-08-12,301.31558,300.97205,300.2242,301.2821,300.7965,300.16406
2002-08-13,303.6987,303.36548,302.62646,303.85605,303.38535,302.7659
2002-08-14,298.30148,298.21457,297.7204,297.99377,297.71155,297.27878
2002-08-15,301.4823,301.11346,300.33603,301.55814,301.0392,300.3679
2002-08-16,303.3233,303.05774,302.3821,303.20206,302.79803,302.2398
2002-08-17,297.94406,297.8333,297.3111,297.6222,297.34943,296.92056
2002-08-18,294.22522,294.0486,293.4591,294.06815,293.77063,293.31516
2002-08-19,295.51743,295.2757,294.6197,295.38977,295.01498,294.48053
2002-08-20,296.37253,296.03687,295.2855,296.18805,295.74622,295.1429
2002-08-21,298.37134,297.93903,297.0897,298.03625,297.48938,296.7793
2002-08-22,296.53976,296.7331,296.50806,296.57666,296.67743,296.61322
2002-08-23,297.12103,296.4285,295.31635,297.15854,296.35413,295.3831
2002-08-24,298.67136,298.18744,297.28265,298.8193,298.2659,297.5442
2002-08-25,299.62183,299.11246,298.18094,299.8822,299.29312,298.53415
2002-08-26,302.19354,301.8914,301.1659,302.60748,302.22772,301.67657
2002-08-27,298.26428,298.184,297.67914,297.95236,297.75446,297.38358
2002-08-28,293.6607,293.47787,292.86935,293.66052,293.34473,292.85452
2002-08-29,295.53006,295.3348,294.71274,295.5363,295.26248,294.81284
2002-08-30,295.16202,294.9795,294.36902,294.97714,294.69528,294.23624
2002-08-31,297.00595,296.77823,296.12152,297.03564,296.70386,296.19357
2002-09-01,297.64972,297.40836,296.73697,297.8425,297.47525,296.92828
2002-09-02,297.35904,296.97528,296.16052,297.17917,296.6063,295.85245
2002-09-03,304.23035,303.86047,303.0587,304.6902,304.24094,303.60965
2002-09-04,304.69058,304.54364,303.96387,305.1418,304.88818,304.4514
2002-09-05,300.03583,299.9109,299.35223,300.03308,299.79013,299.36298
2002-09-06,297.44446,297.33124,296.78348,297.19452,296.95422,296.5288
2002-09-07,302.88428,302.59818,301.87677,303.16318,302.7872,302.2252
2002-09-08,301.7766,301.65805,301.1034,301.511,301.24756,300.79724
2002-09-09,294.71927,294.7315,294.30692,294.09998,293.96124,293.6348
2002-09-10,296.33514,295.89893,295.02518,294.20233,293.67197,292.9532
2002-09-11,296.17505,295.93796,295.26266,295.37268,295.02872,294.4957
2002-09-12,291.31088,291.08398,290.41824,291.36942,291.03018,290.50125
2002-09-13,293.26846,292.9319,292.15585,293.46542,293.0017,292.34772
2002-09-14,289.98843,289.6101,288.7918,289.62827,289.07043,288.32184
2002-09-15,290.28116,290.1614,289.60117,290.81073,290.55838,290.11478
2002-09-16,296.44995,296.23282,295.57462,296.94357,296.6292,296.12323
2002-09-17,298.61987,298.38437,297.70737,299.03326,298.7002,298.17514
2002-09-18,299.24197,299.05188,298.4198,299.72464,299.42902,298.94116
2002-09-19,297.28702,297.26233,296.79526,297.73535,297.591,297.25412
2002-09-20,296.69974,296.12778,295.11298,296.93512,296.24594,295.36404
2002-09-21,295.45993,295.36182,294.8205,295.49612,295.2755,294.86203
2002-09-22,290.00058,290.03848,289.6328,289.9552,289.8554,289.56265
2002-09-23,283.42786,283.23492,282.59802,283.38873,283.04745,282.51303
2002-09-24,290.28012,289.94455,289.16473,290.66235,290.19516,289.53485
2002-09-25,293.91003,293.6583,292.962,294.22635,293.89487,293.37027
2002-09-26,290.08066,289.8886,289.25177,290.2887,289.98138,289.48102
2002-09-27,288.5169,288.58905,288.21616,288.60828,288.56165,288.32193
2002-09-28,289.10278,288.54102,287.5339,289.49667,288.8534,288.01718
2002-09-29,288.4419,288.00272,287.118,288.77737,288.2333,287.4965
2002-09-30,292.8203,292.6081,291.95013,292.99136,292.6754,292.1668
2002-10-01,290.30728,290.17322,289.59323,290.37805,290.1299,289.68933
2002-10-02,291.90958,291.63876,290.92184,292.26355,291.879,291.30222
2002-10-03,292.93765,292.58255,291.78125,293.14365,292.6675,291.99933
2002-10-04,298.4649,298.0994,297.28754,298.99155,298.56714,297.951
2002-10-05,298.53027,298.3223,297.66785,298.96686,298.67007,298.18182
2002-10-06,292.1982,292.00766,291.37048,292.38474,292.01163,291.44733
2002-10-07,287.50293,287.33063,286.7117,287.57465,287.2736,286.78165
2002-10-08,291.40213,291.112,290.3752,291.5068,291.08633,290.4753
2002-10-09,292.35422,292.1594,291.51782,292.43182,292.1063,291.5905
2002-10-10,292.6912,292.55566,291.97336,293.16382,292.87878,292.40393
2002-10-11,295.72272,295.39087,294.61227,295.8307,295.37845,294.73672
2002-10-12,296.7825,296.48187,295.73453,297.24063,296.82986,296.22998
2002-10-13,295.9589,295.60065,294.79578,296.51367,296.01804,295.3337
2002-10-14,291.2212,291.05484,290.4419,291.61874,291.3313,290.85553
2002-10-15,284.82742,284.787,284.30008,284.40784,284.1859,283.77606
2002-10-16,282.9793,282.72525,282.02484,283.066,282.69928,282.14508
2002-10-17,285.23843,284.97406,284.2635,285.80554,285.40308,284.81357
2002-10-18,283.6874,283.6883,283.24316,283.65134,283.53635,283.23474
2002-10-19,283.00278,282.72003,281.99146,283.1701,282.77747,282.1986
2002-10-20,289.407,289.16895,288.48526,289.70633,289.36163,288.8312
2002-10-21,291.41846,291.1907,290.51758,291.629,291.2989,290.78357
2002-10-22,293.29938,292.97263,292.20084,293.50055,293.06985,292.4543
2002-10-23,293.2145,292.96082,292.26242,293.52286,293.14438,292.58154
2002-10-24,289.8935,289.79218,289.24646,289.77707,289.54584,289.1307
2002-10-25,283.79483,283.69223,283.1456,283.70032,283.48126,283.07877
2002-10-26,280.5149,280.27225,279.58606,280.30487,279.9324,279.37695
2002-10-27,285.05255,284.63593,283.7761,285.2479,284.68542,283.94052
2002-10-28,286.7601,286.74442,286.28607,286.88928,286.7299,286.38852
2002-10-29,290.94406,290.58984,289.79343,291.29114,290.82834,290.18408
2002-10-30,289.5857,289.7263,289.42532,289.28305,289.30484,289.1456
2002-10-31,283.89908,283.74924,283.15826,283.98138,283.69012,283.21826
2002-11-01,280.66568,280.50473,279.90332,281.52704,281.2176,280.7281
2002-11-02,279.25003,278.82608,277.96228,279.49725,278.96402,278.25122
2002-11-03,280.23074,279.9648,279.25967,280.43527,280.0413,279.46817
2002-11-04,285.13544,284.82,284.0661,285.32922,284.87592,284.244
2002-11-05,283.02792,282.98984,282.51398,282.51773,282.32248,281.949
2002-11-06,278.62714,278.5811,278.098,278.28247,278.07794,277.69565
2002-11-07,275.855,275.5789,274.8665,275.98578,275.57037,274.97766
2002-11-08,282.76227,282.2216,281.2454,282.95053,282.25418,281.38098
2002-11-09,282.42657,282.1332,281.40518,282.50613,282.0786,281.47467
2002-11-10,278.56155,278.28772,277.58005,278.78842,278.42947,277.8945
2002-11-11,284.1068,283.68793,282.836,284.3491,283.78247,283.0403
2002-11-12,287.69644,287.30463,286.48062,287.85873,287.3485,286.66312
2002-11-13,287.83777,287.46744,286.66583,288.06598,287.58307,286.92545
2002-11-14,289.39813,289.0883,288.34802,289.69888,289.29297,288.71277
2002-11-15,289.3728,289.04565,288.289,289.74838,289.31653,288.71072
2002-11-16,290.3068,289.943,289.1506,290.54578,290.0624,289.40546
2002-11-17,290.98102,290.67923,289.94974,291.2761,290.84766,290.246
2002-11-18,290.34363,289.90015,289.02982,290.6823,290.10718,289.3591
2002-11-19,291.6947,291.3415,290.5623,291.93353,291.4994,290.89258
2002-11-20,288.85532,288.70013,288.1199,289.24655,288.9658,288.51266
2002-11-21,285.58536,285.49142,284.9734,285.96033,285.73657,285.3407
2002-11-22,278.0911,277.91083,277.30725,278.20425,277.91135,277.44653
2002-11-23,285.05,284.81805,284.16367,285.35284,284.99484,284.46512
2002-11-24,288.55988,288.2748,287.56815,288.84955,288.463,287.90494
2002-11-25,287.72266,287.80182,287.4601,288.0993,288.0606,287.8505
2002-11-26,274.736,274.81335,274.47058,274.82715,274.73944,274.48044
2002-11-27,271.2529,271.23367,270.79504,271.14676,270.99228,270.6666
2002-11-28,271.36496,271.26447,270.74527,271.2866,270.98096,270.50406
2002-11-29,275.99954,276.10837,275.7992,275.84418,275.81537,275.61536
2002-11-30,270.75607,270.59467,270.0158,270.73788,270.43546,269.96176
2002-12-01,269.33533,269.05603,268.35983,269.19858,268.7824,268.19482
2002-12-02,270.7003,270.34634,269.57605,270.8095,270.28168,269.58228
2002-12-03,273.33755,273.14914,272.5448,273.59454,273.29794,272.82953
2002-12-04,276.886,276.74753,276.19354,276.68408,276.4089,275.96164
2002-12-05,275.5884,275.424,274.84442,275.69016,275.40033,274.93817
2002-12-06,275.7378,275.45752,274.76236,276.01047,275.60974,275.0363
2002-12-07,279.75565,279.72565,279.2809,279.86734,279.72812,279.41574
2002-12-08,277.6228,277.78226,277.52704,277.7742,277.78452,277.62128
2002-12-09,266.3841,266.24915,265.69952,266.40717,266.13638,265.69153
2002-12-10,272.91577,272.7843,272.2382,273.02676,272.7584,272.31528
2002-12-11,269.73456,269.65076,269.15216,269.67084,269.48813,269.13004
2002-12-12,269.59393,269.58044,269.15207,269.63086,269.48605,269.16516
2002-12-13,274.38544,274.12473,273.44876,274.47018,274.0906,273.53415
2002-12-14,279.28345,279.1808,278.66257,279.3283,279.09573,278.68546
2002-12-15,271.68488,271.60046,271.09998,271.90982,271.67572,271.26303
2002-12-16,269.79694,269.70276,269.192,269.59525,269.33945,268.9041
2002-12-17,272.6058,272.44214,271.8613,272.7945,272.51953,272.064
2002-12-18,275.08575,274.7188,273.93393,274.62714,274.09827,273.3878
2002-12-19,276.53586,276.44287,275.9311,276.399,276.15814,275.73447
2002-12-20,274.01178,273.9334,273.43546,273.8452,273.63535,273.2414
2002-12-21,270.3601,270.12973,269.47876,270.27374,269.9329,269.40677
2002-12-22,275.91132,275.81915,275.30533,276.07336,275.8345,275.40906
2002-12-23,277.04642,277.02084,276.57245,276.9375,276.77185,276.41818
2002-12-24,271.3716,271.20242,270.60913,271.41476,271.1146,270.625
2002-12-25,269.95792,269.82703,269.27075,269.7041,269.44174,268.98846
2002-12-26,274.40634,274.38995,273.9467,274.26315,274.06387,273.67215
2002-12-27,273.32135,273.37372,272.99777,273.31754,273.2922,273.07285
2002-12-28,269.64795,269.772,269.4662,269.5045,269.51816,269.3361
2002-12-29,266.59082,266.3794,265.73648,266.53732,266.18567,265.6366
2002-12-30,278.0587,277.7028,276.91364,277.68716,277.2347,276.58316
2002-12-31,277.27792,276.72824,275.7435,277.3522,276.6637,275.77426
2003-01-01,278.9947,278.9296,278.42575,278.9457,278.76605,278.3819
2003-01-02,274.1209,274.1642,273.76688,274.0052,273.93942,273.66724
2003-01-03,267.03186,267.00293,266.53134,266.3418,266.22452,265.89902
2003-01-04,267.22153,266.95035,266.2345,266.98068,266.5586,265.9263
2003-01-05,274.79523,274.31198,273.38202,274.26312,273.65753,272.8399
2003-01-06,272.84888,272.68887,272.08005,273.01624,272.76797,272.30576
2003-01-07,276.92517,276.55072,275.72528,276.90616,276.43567,275.7492
2003-01-08,277.89386,277.6193,276.89163,278.1995,277.81503,277.21274
2003-01-09,276.56485,276.4964,275.9727,276.4179,276.1936,275.74948
2003-01-10,271.57455,271.50705,270.98206,271.58984,271.42575,271.03995
2003-01-11,268.41544,268.31638,267.75775,268.25604,268.03473,267.58978
2003-01-12,266.41135,266.45236,266.03162,266.34402,266.27,265.9704
2003-01-13,266.30347,266.14114,265.5149,266.36887,266.04822,265.50015
2003-01-14,267.07047,266.97745,266.41837,267.01608,266.78394,266.32263
2003-01-15,269.0786,268.8694,268.19205,269.10913,268.73645,268.13272
2003-01-16,267.73785,267.49832,266.78864,267.944,267.55255,266.9283
2003-01-17,264.4085,264.09833,263.3159,264.34354,263.9182,263.25845
2003-01-18,264.96735,264.8219,264.20224,265.09894,264.76917,264.2033
2003-01-19,267.91876,267.67728,266.95966,267.751,267.39917,266.8096
2003-01-20,267.68076,267.3526,266.54648,267.75665,267.3172,266.6384
2003-01-21,274.04266,273.621,272.71945,274.23816,273.65384,272.82877
2003-01-22,278.12613,278.01746,277.4272,277.90134,277.7125,277.28146
2003-01-23,275.93082,275.64194,274.86978,275.85022,275.4179,274.74216
2003-01-24,285.58096,285.07596,284.08612,286.10516,285.4899,284.62988
2003-01-25,286.00137,285.72318,284.95862,286.37213,285.97308,285.32816
2003-01-26,285.2957,285.17627,284.56915,285.54813,285.35336,284.91165
2003-01-27,282.6799,283.1959,283.2228,282.87964,283.33972,283.55182
2003-01-28,271.09207,271.0504,270.5185,270.96042,270.818,270.42667
2003-01-29,274.5096,274.33322,273.6654,274.70093,274.3761,273.80154
2003-01-30,273.33206,273.2321,272.63965,273.59674,273.3582,272.86917
2003-01-31,274.37845,274.2769,273.68198,274.59598,274.37875,273.91058
2003-02-01,272.86667,272.97192,272.583,273.05725,273.0669,272.825
2003-02-02,274.0281,273.8375,273.15213,274.25385,273.90643,273.30716
2003-02-03,276.9391,276.95856,276.4827,276.76654,276.66156,276.30435
2003-02-04,274.61267,274.66498,274.22156,274.22034,274.17148,273.8703
2003-02-05,274.44455,274.6474,274.35422,273.91702,273.96683,273.76422
2003-02-06,275.32086,275.01743,274.21777,275.18567,274.73083,274.02362
2003-02-07,276.38855,276.2284,275.57196,276.3511,276.04276,275.4823
2003-02-08,269.89633,269.98865,269.58475,269.29858,269.2617,268.97293
2003-02-09,267.67102,267.7406,267.3142,267.50464,267.43057,267.105
2003-02-10,267.40042,267.35645,266.8168,267.18872,267.00394,266.56824
2003-02-11,266.44116,266.26425,265.5921,266.2613,265.9688,265.426
2003-02-12,266.8523,266.6997,266.05246,266.56647,266.29147,265.76688
2003-02-13,271.05713,271.06485,270.57858,270.82562,270.73145,270.38852
2003-02-14,275.48093,275.46155,274.949,275.51248,275.38715,275.014
2003-02-15,274.85968,274.43777,273.5236,274.82803,274.23776,273.40076
2003-02-16,278.65353,278.69647,278.2481,278.31274,278.2234,277.8884
2003-02-17,268.77957,268.94852,268.6273,268.4555,268.4849,268.2699
2003-02-18,270.98032,270.9276,270.38602,270.89032,270.73032,270.32727
2003-02-19,274.37192,274.27396,273.6884,274.5121,274.2899,273.82605
2003-02-20,275.21732,275.0367,274.37,275.28354,274.97742,274.4312
2003-02-21,275.23608,275.32114,274.92157,275.17786,275.13284,274.8494
2003-02-22,276.77463,276.87143,276.48514,276.8897,276.85822,276.58987
2003-02-23,277.21884,277.2277,276.75516,277.41077,277.29718,276.94855
2003-02-24,277.89023,277.95612,277.54236,277.83728,277.79663,277.5227
2003-02-25,273.535,273.5501,273.0874,273.44128,273.3577,273.0427
2003-02-26,273.5738,273.42117,272.79254,273.47665,273.19586,272.68552
2003-02-27,273.5464,273.63153,273.2426,273.01575,272.98608,272.72885
2003-02-28,267.84998,267.88257,267.44305,266.8958,266.78522,266.44907
2003-03-01,270.36752,270.2737,269.70978,270.3734,270.1673,269.73773
2003-03-02,278.42883,278.42294,277.94897,278.443,278.3321,277.99976
2003-03-03,280.14743,280.24332,279.8731,280.25488,280.25128,280.02835
2003-03-04,279.53915,279.6464,279.2896,279.428,279.4214,279.1975
2003-03-05,278.47296,278.4553,277.97562,278.17175,278.03113,277.6754
2003-03-06,277.3393,277.33676,276.87424,276.92062,276.79446,276.45535
2003-03-07,272.3431,272.372,271.943,272.1572,272.05783,271.74756
2003-03-08,271.20953,271.2121,270.75882,271.13364,271.0299,270.71738
2003-03-09,270.84842,270.76187,270.22144,270.51657,270.27148,269.81973
2003-03-10,272.25848,272.12766,271.54492,272.1956,271.92764,271.45502
2003-03-11,271.38333,271.43228,271.03125,271.5632,271.47974,271.19357
2003-03-12,274.84195,274.80505,274.32007,274.65463,274.47787,274.10052
2003-03-13,279.17346,279.03784,278.456,278.93362,278.7053,278.27823
2003-03-14,279.11,278.9736,278.39273,278.9841,278.62622,278.0715
2003-03-15,279.74896,279.5632,278.9346,279.82794,279.44705,278.87115
2003-03-16,281.50208,281.02545,280.1076,281.53442,280.90906,280.09045
2003-03-17,278.84985,278.34167,277.3938,278.76028,278.14587,277.3399
2003-03-18,281.8393,281.53186,280.78625,281.57614,281.13373,280.50137
2003-03-19,286.53595,286.08963,285.20645,286.69437,286.13663,285.39047
2003-03-20,282.62286,282.3432,281.62802,282.5528,282.0868,281.43387
2003-03-21,283.72992,283.2343,282.30435,283.8492,283.23468,282.4346
2003-03-22,283.65152,283.57425,283.06366,283.07312,282.9056,282.55377
2003-03-23,276.87292,276.83234,276.35947,276.55383,276.36346,275.99002
2003-03-24,279.48642,279.25522,278.59256,279.1727,278.82938,278.30402
2003-03-25,286.28912,285.59137,284.4629,285.01785,284.15128,283.1037
2003-03-26,289.87158,289.8077,289.3137,290.47244,290.34476,290.0369
2003-03-27,293.52582,293.2839,292.61237,293.71912,293.37213,292.84583
2003-03-28,291.59866,291.65314,291.27835,291.55954,291.557,291.37576
2003-03-29,284.71863,284.73874,284.3298,284.525,284.45145,284.1997
2003-03-30,281.82977,281.50342,280.74823,281.7359,281.28616,280.65872
2003-03-31,282.674,282.3532,281.6036,282.30096,281.88434,281.2903
2003-04-01,283.21878,282.84235,282.03696,282.87146,282.33124,281.6138
2003-04-02,283.77777,283.5925,282.97806,283.0977,282.7679,282.2611
2003-04-03,275.5592,275.52435,275.06,275.23032,275.0537,274.69998
2003-04-04,279.42712,279.0167,278.17627,278.98575,278.44846,277.73404
2003-04-05,283.96515,283.59702,282.79837,284.1852,283.6682,282.97385
2003-04-06,287.76352,287.5067,286.81876,288.12268,287.79602,287.29163
2003-04-07,288.43573,288.14484,287.42197,288.32452,287.9024,287.30215
2003-04-08,289.40298,289.07986,288.3238,289.36487,288.94058,288.3376
2003-04-09,290.88666,290.61374,289.9069,290.61887,290.2363,289.67447
2003-04-10,294.10764,293.91418,293.28577,294.04398,293.74002,293.25604
2003-04-11,295.47015,295.28595,294.66556,295.477,295.18805,294.71826
2003-04-12,297.28482,297.09076,296.45914,297.36325,297.1043,296.66364
2003-04-13,292.47244,292.38486,291.8584,292.57205,292.3518,291.94888
2003-04-14,292.68845,292.5496,291.97043,292.61203,292.36697,291.9382
2003-04-15,294.53873,294.27417,293.5678,294.73016,294.34912,293.7833
2003-04-16,291.43393,291.24942,290.62152,291.75586,291.4251,290.90836
2003-04-17,292.27856,292.30905,291.89456,292.49765,292.4112,292.13748
2003-04-18,289.57248,289.49173,288.96426,289.50992,289.2886,288.87878
2003-04-19,293.37335,293.22897,292.6362,293.6296,293.374,292.92856
2003-04-20,293.48352,293.268,292.60233,293.68512,293.35065,292.825
2003-04-21,292.02228,292.0149,291.5556,291.5244,291.39645,291.07593
2003-04-22,292.5284,292.43195,291.88177,292.2606,292.05936,291.6641
2003-04-23,296.70956,296.3556,295.54614,297.21252,296.79984,296.19174
2003-04-24,299.32446,299.1273,298.4728,299.42563,299.16953,298.71658
2003-04-25,295.14474,294.56296,293.5221,295.2596,294.56738,293.6769
2003-04-26,291.8177,291.56595,290.85336,291.81915,291.41556,290.8123
2003-04-27,284.65524,284.95523,284.7926,284.28082,284.4321,284.38226
2003-04-28,286.75922,286.57358,285.92352,286.56766,286.2492,285.7282
2003-04-29,291.46378,291.36105,290.7923,291.3117,291.10306,290.69052
2003-04-30,291.58365,291.39102,290.73068,291.9486,291.60168,291.04953
2003-05-01,293.54068,293.42496,292.8399,293.95224,293.6984,293.23798
2003-05-02,296.68774,296.59637,296.03412,297.17334,296.98444,296.58774
2003-05-03,296.6076,296.25842,295.4369,297.7119,297.25955,296.5982
2003-05-04,293.24893,292.8269,291.93112,294.36172,293.8064,293.04092
2003-05-05,296.74957,296.3004,295.37616,297.33447,296.75198,295.95828
2003-05-06,294.49533,294.17642,293.38116,294.77744,294.28275,293.57574
2003-05-07,291.55374,291.48828,290.94534,291.73697,291.53284,291.1156
2003-05-08,286.93094,286.93637,286.4633,286.6968,286.55182,286.19287
2003-05-09,290.88596,290.3572,289.34897,290.33365,289.62814,288.70792
2003-05-10,290.56592,290.5497,290.05316,290.47598,290.30405,289.9167
2003-05-11,296.78647,296.48795,295.7084,296.91766,296.5444,295.9551
2003-05-12,293.93933,293.78763,293.15424,293.96634,293.6764,293.17004
2003-05-13,294.42252,294.1484,293.39206,294.36285,293.98578,293.39194
2003-05-14,298.24335,298.07394,297.422,298.19125,297.94128,297.47427
2003-05-15,291.63303,291.4868,290.85776,291.3216,291.06717,290.59558
2003-05-16,285.4109,285.17584,284.45782,284.80127,284.6077,284.197
2003-05-17,288.14615,288.28195,287.93478,286.7719,286.79724,286.60556
2003-05-18,290.7536,290.68985,290.1433,290.65775,290.4661,290.0576
2003-05-19,292.4569,292.25873,291.57803,292.5055,292.1588,291.59564
2003-05-20,296.65393,296.53235,295.92865,296.89682,296.60916,296.10553
2003-05-21,294.61636,294.52325,293.94846,294.67953,294.44165,293.9883
2003-05-22,292.61505,292.12808,291.1601,292.52545,291.92142,291.10263
2003-05-23,298.21408,298.06607,297.43784,298.1356,297.88718,297.4249
2003-05-24,297.01132,296.48288,295.4752,297.51852,296.87997,296.02847
2003-05-25,299.8295,299.56284,298.8179,300.31125,299.94543,299.36774
2003-05-26,302.1791,301.7689,300.8816,302.5329,302.0166,301.2896
2003-05-27,300.67923,300.49823,299.8414,300.8463,300.55606,300.05643
2003-05-28,298.21066,298.1039,297.52277,297.90466,297.7,297.28738
2003-05-29,297.31342,297.10806,296.42975,297.75983,297.35498,296.74374
2003-05-30,300.96613,300.56262,299.6878,301.2849,300.75415,300.01862
2003-05-31,302.65045,302.45422,301.78848,302.76147,302.48468,302.0048
2003-06-01,300.46442,300.372,299.8119,300.2185,300.03833,299.65686
2003-06-02,300.93637,300.65985,299.91757,301.46457,301.04633,300.4288
2003-06-03,298.60785,298.4459,297.82016,298.2025,297.8935,297.38718
2003-06-04,295.59576,295.51672,294.97604,295.53156,295.3029,294.87903
2003-06-05,292.71957,292.50635,291.83362,292.76602,292.36728,291.77554
2003-06-06,288.1194,287.7995,287.02234,288.3435,287.85672,287.17914
2003-06-07,287.09937,286.9726,286.39096,287.06985,286.77496,286.29166
2003-06-08,288.9845,288.95667,288.47635,288.97238,288.7901,288.42178
2003-06-09,291.24713,291.22067,290.74417,291.35532,291.1571,290.77527
2003-06-10,294.1192,293.90115,293.23557,294.59677,294.18076,293.5836
2003-06-11,295.29163,295.05197,294.36734,295.59485,295.12872,294.48392
2003-06-12,298.04916,297.8164,297.14117,298.55457,298.17984,297.62903
2003-06-13,298.31055,297.94827,297.14612,299.68912,299.2034,298.54422
2003-06-14,297.77112,297.68378,297.15915,297.52216,297.30536,296.91766
2003-06-15,295.91486,295.93005,295.5106,296.05588,295.925,295.6258
2003-06-16,299.8869,299.85974,299.40048,299.60678,299.43243,299.09235
2003-06-17,298.00336,297.7961,297.15936,297.6065,297.30023,296.8308
2003-06-18,295.01117,294.3797,293.32132,295.1684,294.32565,293.32236
2003-06-19,294.7194,293.779,292.4143,294.6965,293.58356,292.31265
2003-06-20,295.11465,294.5839,293.63135,295.0088,294.3388,293.51343
2003-06-21,293.61124,293.10452,292.1786,293.58093,292.92886,292.12396
2003-06-22,297.89426,297.59836,296.88568,297.70944,297.27322,296.68658
2003-06-23,300.1712,299.5873,298.58914,300.8586,300.1713,299.336
2003-06-24,301.27487,301.03415,300.38153,301.4107,301.08466,300.61304
2003-06-25,302.98795,302.8974,302.39722,302.85184,302.62268,302.2503
2003-06-26,301.29483,301.30942,300.91666,301.45425,301.34497,301.09476
2003-06-27,297.0667,297.02756,296.58334,296.78992,296.59286,296.25705
2003-06-28,299.0016,298.57513,297.7457,298.97092,298.38803,297.6685
2003-06-29,301.96823,302.2142,302.05917,302.50034,302.58853,302.5421
2003-06-30,301.62827,301.5383,301.04932,301.67322,301.4834,301.16092
2003-07-01,302.95718,303.0449,302.73547,302.9346,302.92093,302.7765
2003-07-02,301.0586,301.39832,301.34265,300.42188,300.6118,300.6727
2003-07-03,300.7975,300.68793,300.18472,301.11813,300.85938,300.4732
2003-07-04,302.40973,302.32864,301.85547,302.96924,302.7122,302.3293
2003-07-05,302.2458,302.0781,301.51978,302.4912,302.18484,301.75412
2003-07-06,303.54056,303.24515,302.56055,303.53098,303.10208,302.5502
2003-07-07,304.28506,304.23782,303.8026,304.2763,304.07086,303.74365
2003-07-08,303.43878,302.97382,302.12204,303.95273,303.4138,302.75427
2003-07-09,305.4031,305.1353,304.48175,305.9665,305.55737,305.0286
2003-07-10,302.1317,301.64468,300.77286,302.3329,301.74695,301.04227
2003-07-11,305.47726,305.14987,304.43854,305.91562,305.4674,304.90115
2003-07-12,300.11206,299.62277,298.75024,300.522,299.90234,299.16537
2003-07-13,297.78775,297.546,296.92166,297.91382,297.518,297.00534
2003-07-14,293.0961,293.091,292.70377,293.01447,292.85532,292.5798
2003-07-15,292.4176,292.0112,291.22308,292.16486,291.62338,290.9658
2003-07-16,295.51025,295.28976,294.68784,295.4549,295.10382,294.6368
2003-07-17,295.0735,294.78238,294.11,295.21863,294.78387,294.23322
2003-07-18,295.45056,295.1148,294.3979,295.57336,295.06985,294.45026
2003-07-19,295.39938,295.0885,294.3963,295.5183,295.06223,294.4899
2003-07-20,298.07715,297.8389,297.21927,298.17743,297.8007,297.3074
2003-07-21,299.86197,299.59836,298.95312,300.15286,299.72623,299.18262
2003-07-22,297.32584,297.45572,297.20364,297.576,297.54425,297.39502
2003-07-23,296.7189,296.3231,295.54483,297.1738,296.6042,295.91647
2003-07-24,298.18323,297.80228,297.03842,298.4119,297.8488,297.16684
2003-07-25,301.76135,301.24918,300.3535,302.00623,301.45483,300.78372
2003-07-26,301.42752,301.1911,300.57053,301.21756,300.9027,300.46716
2003-07-27,301.8771,301.6621,301.06216,301.86887,301.5566,301.12262
2003-07-28,301.961,301.71674,301.08664,302.39496,302.07837,301.639
2003-07-29,295.99908,295.7329,295.08005,296.32593,295.92792,295.40588
2003-07-30,294.22223,294.05423,293.49857,294.16968,293.8338,293.37268
2003-07-31,294.8129,294.92087,294.64014,294.33636,294.30768,294.15234
2003-08-01,295.0185,294.8716,294.33496,295.1145,294.81238,294.3822
2003-08-02,295.27142,294.96332,294.26428,295.3279,294.89166,294.32587
2003-08-03,297.32788,297.00735,296.29468,297.35074,296.91245,296.34305
2003-08-04,297.12762,296.9627,296.40436,297.97275,297.65128,297.19708
2003-08-05,298.51462,298.59204,298.27484,298.57294,298.5415,298.3757
2003-08-06,296.06454,295.76624,295.07196,296.31512,295.89435,295.33752
2003-08-07,296.08685,295.83737,295.19058,296.20093,295.80502,295.27136
2003-08-08,297.59766,297.18652,296.37668,298.13315,297.56747,296.86224
2003-08-09,298.50665,298.31027,297.71384,299.59042,299.2428,298.75388
2003-08-10,295.01572,294.78015,294.14307,295.1716,294.7622,294.2096
2003-08-11,297.70654,297.26416,296.41885,298.201,297.5869,296.82785
2003-08-12,299.43036,299.5022,299.1697,299.32693,299.29617,299.11853
2003-08-13,301.9019,301.391,300.47427,301.56717,300.88287,300.04987
2003-08-14,300.59634,299.91837,298.83313,300.83615,300.00552,299.02435
2003-08-15,300.2788,300.03467,299.38196,300.55566,300.2105,299.71292
2003-08-16,301.4673,301.4646,301.05182,301.67935,301.5679,301.30222
2003-08-17,303.34406,303.20178,302.64804,303.83386,303.6073,303.22464
2003-08-18,304.1753,304.0,303.4118,304.70215,304.44974,304.0394
2003-08-19,305.10687,304.9449,304.36865,305.55182,305.3022,304.89285
2003-08-20,303.93518,303.73645,303.122,303.85452,303.55374,303.09152
2003-08-21,305.53693,305.3061,304.6582,305.85776,305.51746,305.01392
2003-08-22,304.8244,304.49466,303.7466,305.0345,304.57126,303.94305
2003-08-23,306.4115,306.2569,305.68265,306.65936,306.41415,306.00226
2003-08-24,304.6625,304.5726,304.0618,304.71567,304.52783,304.17175
2003-08-25,302.31946,302.36307,301.98447,302.21558,302.16214,301.93884
2003-08-26,301.8883,301.95624,301.6008,301.72974,301.71573,301.53033
2003-08-27,299.64572,299.43228,298.79428,299.9397,299.6337,299.15475
2003-08-28,299.78247,299.45694,298.70572,300.20554,299.7981,299.21628
2003-08-29,297.9544,297.84015,297.29907,298.16074,297.87888,297.4212
2003-08-30,295.5571,295.30328,294.6215,295.7638,295.39743,294.85388
2003-08-31,297.228,297.09143,296.52585,297.46054,297.2002,296.76135
2003-09-01,299.31113,299.0736,298.40607,299.62967,299.27277,298.7361
2003-09-02,300.2617,300.36072,300.02878,300.13086,300.15735,300.0029
2003-09-03,298.18402,298.1308,297.64563,298.05347,297.8875,297.53955
2003-09-04,298.8821,298.72922,298.14352,299.13025,298.89804,298.48264
2003-09-05,298.32245,297.9906,297.22504,298.3235,297.85483,297.202
2003-09-06,298.50525,298.46365,297.98755,298.65408,298.532,298.22482
2003-09-07,297.7876,297.57462,296.92633,297.73773,297.40295,296.88214
2003-09-08,299.25262,299.0063,298.32382,299.79434,299.44492,298.90863
2003-09-09,294.93878,294.62186,293.8681,295.1347,294.7082,294.094
2003-09-10,296.9254,296.829,296.29507,297.11066,296.90427,296.50946
2003-09-11,295.20935,295.03223,294.41696,295.27963,294.99252,294.51633
2003-09-12,295.0604,294.9786,294.45804,295.14337,294.96255,294.59204
2003-09-13,293.20853,293.06866,292.48938,293.2916,293.0379,292.5939
2003-09-14,294.20316,293.94977,293.25644,294.6047,294.2425,293.6895
2003-09-15,296.51474,296.0267,295.09818,296.67572,296.02338,295.1798
2003-09-16,298.85068,298.70355,298.11536,299.4163,299.14417,298.68045
2003-09-17,299.41336,299.1655,298.47614,299.8133,299.48404,298.96283
2003-09-18,298.68088,298.5269,297.9309,299.28967,299.05917,298.6364
2003-09-19,294.47186,294.3861,293.8579,294.48892,294.28064,293.87985
2003-09-20,294.54596,293.92505,292.8613,295.11456,294.36322,293.41913
2003-09-21,297.6986,297.34866,296.55554,298.35315,297.8763,297.2066
2003-09-22,293.72327,293.30466,292.44244,294.18362,293.60382,292.831
2003-09-23,298.53506,298.30777,297.6365,298.78308,298.44443,297.91263
2003-09-24,298.3531,298.34756,297.8978,298.09836,298.00775,297.72406
2003-09-25,294.26892,294.1737,293.6339,294.348,294.13516,293.7292
2003-09-26,294.79385,294.34622,293.4538,294.82227,294.24683,293.4783
2003-09-27,299.10718,299.05316,298.55414,298.9867,298.86908,298.55838
2003-09-28,292.8661,292.80588,292.30035,292.91736,292.76877,292.42728
2003-09-29,290.90085,290.68356,290.02078,291.18277,290.85452,290.3335
2003-09-30,287.83493,287.94662,287.61258,288.322,288.26556,288.01648
2003-10-01,291.4897,291.33224,290.72888,291.6387,291.37698,290.92285
2003-10-02,291.88837,291.6026,290.8707,292.0866,291.70004,291.12122
2003-10-03,293.82043,293.41574,292.56488,294.30402,293.80115,293.10623
2003-10-04,296.44748,296.01862,295.14343,297.0091,296.47754,295.7542
2003-10-05,298.9311,298.7084,298.0392,299.1432,298.82108,298.3075
2003-10-06,298.03418,297.86386,297.24695,298.0791,297.81464,297.35895
2003-10-07,297.45203,297.1898,296.48093,297.42258,297.04648,296.4795
2003-10-08,299.37738,299.04755,298.27106,299.76907,299.33014,298.70068
2003-10-09,299.69235,299.42734,298.7156,300.3006,299.92743,299.36407
2003-10-10,298.24445,298.0114,297.33163,298.77225,298.41913,297.87616
2003-10-11,292.27026,291.82785,290.93875,292.83258,292.24237,291.4627
2003-10-12,284.0048,284.2522,284.05292,284.20883,284.34427,284.29062
2003-10-13,281.4471,281.41583,280.9379,281.52832,281.3454,280.9738
2003-10-14,282.61087,282.6669,282.27637,282.6957,282.62137,282.35873
2003-10-15,282.91666,282.72266,282.08218,283.03864,282.69302,282.15952
2003-10-16,292.45956,292.02606,291.1462,292.4173,291.84,291.07523
2003-10-17,295.67545,295.43402,294.7464,296.03717,295.68063,295.1371
2003-10-18,293.24536,293.11963,292.54788,293.41074,293.19992,292.80252
2003-10-19,289.53104,289.41693,288.85696,289.76266,289.56146,289.17407
2003-10-20,285.04837,285.17126,284.84857,285.03714,285.02628,284.82968
2003-10-21,279.09393,279.1189,278.69852,279.16354,279.03583,278.7229
2003-10-22,280.62997,280.3771,279.67923,280.58075,280.1861,279.60666
2003-10-23,286.95724,286.38547,285.36896,286.69345,285.92865,284.97955
2003-10-24,292.51117,292.33868,291.7218,292.74405,292.44855,291.96915
2003-10-25,290.45355,290.19394,289.49033,290.55176,290.1668,289.5984
2003-10-26,286.38098,286.06323,285.30188,286.16815,285.75906,285.16702
2003-10-27,286.04483,285.65076,284.8135,286.28012,285.7842,285.1059
2003-10-28,287.32077,286.7555,285.74753,287.5179,286.84717,285.99445
2003-10-29,286.7068,286.3887,285.62845,286.95358,286.52933,285.92355
2003-10-30,289.92,289.6454,288.9292,290.0734,289.67963,289.10483
2003-10-31,288.53036,288.1762,287.38092,288.90207,288.3912,287.69974
2003-11-01,282.89194,282.49536,281.6583,282.83054,282.3247,281.63876
2003-11-02,281.29376,280.77026,279.80692,281.3157,280.63724,279.77917
2003-11-03,282.2379,282.17496,281.67282,282.32712,282.114,281.72177
2003-11-04,282.31238,282.17337,281.59586,282.39713,282.13367,281.69156
2003-11-05,282.01987,281.70398,280.95035,282.22836,281.79153,281.17654
2003-11-06,286.20517,285.8912,285.14023,286.3665,285.9256,285.30698
2003-11-07,286.88925,286.65723,285.98895,286.89328,286.5424,286.0142
2003-11-08,284.33115,284.02234,283.27808,283.69858,283.22675,282.57806
2003-11-09,280.84647,280.49738,279.71365,280.85324,280.38724,279.74484
2003-11-10,286.48642,286.15924,285.39825,286.5216,286.044,285.39038
2003-11-11,288.1468,287.65344,286.72702,288.06897,287.44608,286.6476
2003-11-12,287.61832,287.15918,286.26782,287.8642,287.24194,286.44452
2003-11-13,288.4372,288.13434,287.4002,288.46588,288.04065,287.4407
2003-11-14,289.493,289.19998,288.47656,289.61057,289.1845,288.58414
2003-11-15,286.2057,286.01883,285.40247,286.37018,286.08688,285.62964
2003-11-16,279.3753,279.20816,278.61237,279.49127,279.2274,278.78992
2003-11-17,276.0198,275.5963,274.7451,276.09637,275.53613,274.80264
2003-11-18,282.4884,282.11816,281.32114,282.40326,281.89273,281.20926
2003-11-19,280.65704,280.53415,279.98532,280.6156,280.3576,279.92697
2003-11-20,282.11017,281.78235,281.02948,282.2487,281.83728,281.2535
2003-11-21,282.15854,281.9272,281.2717,282.35574,282.02527,281.5227
2003-11-22,280.4925,280.3069,279.69797,280.34415,280.0761,279.63614
2003-11-23,274.4609,273.96768,273.052,274.24133,273.6374,272.86172
2003-11-24,272.75412,272.48444,271.79312,272.76846,272.41818,271.89636
2003-11-25,274.1242,273.81732,273.08957,274.28015,273.87054,273.28952
2003-11-26,276.7982,276.40723,275.59616,277.04645,276.55832,275.8989
2003-11-27,279.914,279.55542,278.77747,280.16885,279.72095,279.10187
2003-11-28,276.80737,276.20877,275.1915,276.47284,275.73654,274.82898
2003-11-29,279.99307,279.72876,279.04642,279.6506,279.2774,278.73294
2003-11-30,279.26776,278.79443,277.90366,279.62946,279.05267,278.3046
2003-12-01,277.68808,277.52292,276.9409,276.8644,276.45172,275.86765
2003-12-02,280.2979,280.34433,279.97443,279.9181,279.88022,279.67078
2003-12-03,276.66504,276.34,275.599,276.3419,275.93372,275.3538
2003-12-04,278.519,278.20673,277.47888,278.01056,277.64502,277.10742
2003-12-05,283.01117,282.50748,281.5886,282.61517,282.00677,281.226
2003-12-06,281.2326,280.72308,279.79865,280.46286,279.82376,279.0119
2003-12-07,274.2731,274.26575,273.84366,274.34338,274.23184,273.9471
2003-12-08,273.76108,273.73666,273.2976,273.80075,273.6929,273.4115
2003-12-09,270.26553,269.95218,269.22418,270.66327,270.23645,269.63553
2003-12-10,272.04764,271.7943,271.12637,272.16425,271.81628,271.29358
2003-12-11,275.96097,275.6465,274.91727,275.99594,275.58713,275.00293
2003-12-12,276.04938,275.64636,274.82846,276.0421,275.5202,274.8222
2003-12-13,284.4251,284.26413,283.6879,284.14014,283.83572,283.35443
2003-12-14,281.19635,281.40826,281.20462,280.91815,281.0153,280.93472
2003-12-15,267.93478,267.9053,267.45975,267.96033,267.80096,267.463
2003-12-16,268.78738,268.51587,267.82776,269.09537,268.7298,268.1847
2003-12-17,274.2008,273.86606,273.11414,274.28397,273.83398,273.20346
2003-12-18,275.3644,275.03534,274.28833,275.5922,275.1719,274.56998
2003-12-19,276.51477,276.05237,275.1712,276.7462,276.1984,275.46777
2003-12-20,277.30716,276.954,276.18127,277.54343,277.0662,276.40488
2003-12-21,280.77985,280.61136,280.02228,280.4154,280.1478,279.69485
2003-12-22,285.12534,284.63452,283.72205,285.4595,284.87003,284.094
2003-12-23,284.78555,284.3779,283.54742,285.1681,284.65625,283.9564
2003-12-24,279.66565,279.43945,278.78915,279.86163,279.52963,279.00824
2003-12-25,275.47238,275.46863,275.0395,275.52478,275.39572,275.07574
2003-12-26,273.40054,273.3625,272.89755,273.42325,273.29327,272.97083
2003-12-27,275.9403,275.72263,275.07663,276.1085,275.81595,275.3294
2003-12-28,275.69434,275.44324,274.76224,275.6731,275.31772,274.76666
2003-12-29,272.21793,271.94537,271.24133,272.17606,271.79587,271.21823
2003-12-30,270.02466,269.6852,268.91257,269.7304,269.2789,268.62827
2003-12-31,263.29593,263.49005,263.24915,263.16055,263.23703,263.11258
2004-01-01,269.31284,269.01907,268.28653,269.4133,268.99664,268.37552
2004-01-02,270.25772,270.00848,269.3186,270.38446,270.05527,269.51968
2004-01-03,272.80066,272.5659,271.88846,272.8189,272.52197,272.01675
2004-01-04,272.77225,272.54163,271.8663,272.83484,272.50854,271.97205
2004-01-05,272.57968,272.42776,271.82916,272.53177,272.27982,271.8158
2004-01-06,272.5955,272.32822,271.61215,272.5107,272.15363,271.58255
2004-01-07,272.0203,271.70245,270.93362,272.10858,271.67596,271.0274
2004-01-08,274.8503,274.61044,273.91745,274.60602,274.2537,273.6835
2004-01-09,276.82947,276.54025,275.79578,276.96338,276.6182,276.0532
2004-01-10,275.25488,275.0813,274.45023,275.62064,275.35352,274.86465
2004-01-11,272.7933,272.5776,271.9023,273.057,272.73758,272.1945
2004-01-12,270.10843,269.85223,269.13428,270.14673,269.77148,269.17065
2004-01-13,275.98337,275.9098,275.37225,276.067,275.8613,275.42822
2004-01-14,272.70117,272.59265,272.0181,272.82617,272.6225,272.18964
2004-01-15,270.41806,270.23416,269.5821,270.59708,270.28983,269.7516
2004-01-16,267.22708,267.0651,266.4329,267.43472,267.1248,266.58203
2004-01-17,271.74802,271.69763,271.17502,271.79346,271.6278,271.2277
2004-01-18,272.73596,272.63168,272.0532,272.5896,272.3812,271.93668
2004-01-19,272.504,272.27496,271.5698,272.43814,272.1075,271.53915
2004-01-20,272.9435,272.80994,272.19836,273.04156,272.79556,272.31024
2004-01-21,274.93408,274.63037,273.84683,275.1575,274.7382,274.07812
2004-01-22,276.32632,276.1821,275.55627,276.23334,275.9865,275.49753
2004-01-23,278.96643,278.7607,278.07175,278.73526,278.44284,277.90695
2004-01-24,275.25055,275.2381,274.74078,275.35223,275.2553,274.91364
2004-01-25,268.84738,268.3639,267.39407,268.11337,267.47147,266.58365
2004-01-26,269.95657,269.63046,268.81665,269.654,269.27048,268.64
2004-01-27,266.50034,266.29944,265.60944,266.21588,266.01132,265.55875
2004-01-28,267.9031,267.74966,267.10593,267.76804,267.56503,267.11316
2004-01-29,271.9914,271.99063,271.49847,272.00613,271.89484,271.53375
2004-01-30,273.76553,273.68777,273.11758,273.8543,273.6861,273.2675
2004-01-31,273.0331,272.8686,272.21072,273.29898,273.03748,272.525
2004-02-01,277.87607,277.61688,276.86353,278.05716,277.6583,277.00797
2004-02-02,277.53076,277.5716,277.1176,277.57474,277.44797,277.06937
2004-02-03,275.87726,276.22162,276.07065,275.79108,276.014,275.9847
2004-02-04,259.91132,259.70316,258.99924,259.53326,259.18295,258.58032
2004-02-05,258.97147,258.8858,258.30414,258.7559,258.559,258.1097
2004-02-06,260.6906,260.5539,259.921,260.62964,260.3678,259.8536
2004-02-07,266.8546,266.6894,266.02795,267.02954,266.71524,266.14883
2004-02-08,272.8711,273.0402,272.7131,272.8996,272.9755,272.79956
2004-02-09,272.8348,272.9062,272.48157,272.7521,272.7278,272.45203
2004-02-10,273.3995,273.27228,272.64935,273.2909,273.0189,272.49597
2004-02-11,275.2024,275.19147,274.6853,275.21463,275.11398,274.76303
2004-02-12,277.3747,277.18488,276.50037,277.34756,277.03067,276.46417
2004-02-13,279.41824,279.30798,278.70374,279.7417,279.4895,278.98856
2004-02-14,277.00415,276.8714,276.24548,277.212,276.94156,276.4233
2004-02-15,264.8565,264.87073,264.3927,264.4466,264.33353,263.97366
2004-02-16,262.97345,262.93365,262.4026,262.76462,262.59067,262.1711
2004-02-17,269.7061,269.52914,268.8621,269.13257,268.80136,268.2258
2004-02-18,269.9929,270.0054,269.52905,269.93103,269.83502,269.49597
2004-02-19,269.14722,269.14133,268.64786,269.2274,269.06888,268.66876
2004-02-20,270.316,270.41776,270.03333,270.589,270.5892,270.34933
2004-02-21,272.89517,272.92258,272.46533,273.15787,273.0532,272.71005
2004-02-22,275.02054,274.99207,274.4805,275.1236,274.94785,274.53528
2004-02-23,275.90576,275.9745,275.56186,275.8976,275.84805,275.56342
2004-02-24,274.03244,274.03735,273.56265,274.27704,274.14038,273.77048
2004-02-25,275.89023,275.95636,275.54468,276.10236,276.0272,275.72064
2004-02-26,277.276,277.206,276.66003,277.271,277.06476,276.629
2004-02-27,278.41968,278.396,277.8983,278.60184,278.47095,278.11252
2004-02-28,280.17395,279.9747,279.30338,280.33124,280.03775,279.51868
2004-02-29,282.1152,281.84146,281.09756,282.6283,282.2555,281.6592
2004-03-01,279.66595,279.7415,279.34888,280.28635,280.21457,279.92133
2004-03-02,279.29114,279.1372,278.5172,279.31955,279.0905,278.64212
2004-03-03,277.87335,277.79684,277.25632,277.6982,277.4919,277.06836
2004-03-04,276.42563,276.1668,275.446,276.2136,275.81857,275.20844
2004-03-05,283.8508,283.56873,282.82672,282.88992,282.60263,282.10233
2004-03-06,281.3476,281.18414,280.56274,281.00992,280.81897,280.4171
2004-03-07,277.23,277.26993,276.854,276.88794,276.80823,276.51968
2004-03-08,273.60986,273.3912,272.7187,273.38184,273.05435,272.52014
2004-03-09,277.31808,277.39883,277.0277,276.9964,276.8531,276.5051
2004-03-10,271.9475,271.81558,271.23364,271.61673,271.34375,270.86807
2004-03-11,275.2591,275.1591,274.61096,274.85092,274.62988,274.20825
2004-03-12,273.73163,273.59122,273.00452,273.40628,273.12753,272.65005
2004-03-13,277.0303,276.90625,276.33768,276.64423,276.395,275.9489
2004-03-14,274.49463,274.4816,274.02576,274.2445,274.09396,273.74844
2004-03-15,276.58603,276.38907,275.75092,276.42307,276.08194,275.54758
2004-03-16,281.66077,280.54175,278.98303,280.88303,279.6947,278.31482
2004-03-17,287.99002,288.0663,287.70447,286.5486,286.58936,286.44012
2004-03-18,282.29913,282.1602,281.5844,281.36328,281.1474,280.74313
2004-03-19,277.71844,277.64505,277.1361,277.75266,277.57962,277.2197
2004-03-20,278.5312,278.48972,278.01385,278.44202,278.25827,277.88898
2004-03-21,277.67035,277.602,277.10034,277.5814,277.36887,276.97205
2004-03-22,275.8502,275.7467,275.21094,275.77344,275.5109,275.06528
2004-03-23,275.0163,274.78445,274.12112,274.82068,274.4663,273.92996
2004-03-24,273.1995,272.8895,272.1488,273.52975,273.07596,272.4412
2004-03-25,275.75323,275.4853,274.7872,275.71378,275.33334,274.77274
2004-03-26,276.99408,276.49127,275.5589,276.95084,276.31848,275.5068
2004-03-27,279.46576,279.21204,278.52908,279.02945,278.60184,277.99548
2004-03-28,277.9897,277.8748,277.3309,277.82205,277.55676,277.11328
2004-03-29,278.4339,278.23117,277.5996,278.6958,278.39523,277.9169
2004-03-30,276.19556,276.19766,275.77097,276.16898,276.04333,275.7403
2004-03-31,276.138,275.90057,275.2342,276.1016,275.70514,275.13147
2004-04-01,280.41312,280.45483,280.06744,279.70407,279.60587,279.33063
2004-04-02,281.2727,280.93124,280.16028,280.21878,279.82974,279.2636
2004-04-03,285.88385,286.28766,286.26144,284.76904,285.11383,285.28143
2004-04-04,280.3444,280.41562,280.05634,279.84033,279.76926,279.5208
2004-04-05,279.84485,279.68295,279.08984,279.55038,279.26233,278.7966
2004-04-06,284.5435,284.30377,283.63202,284.67554,284.32416,283.79465
2004-04-07,278.78265,278.4867,277.75775,278.6651,278.23062,277.61743
2004-04-08,286.58243,286.34906,285.68173,286.64914,286.29852,285.76862
2004-04-09,286.5231,286.2901,285.62213,286.5175,286.1766,285.65573
2004-04-10,281.32617,281.33508,280.90778,281.2231,281.10226,280.8006
2004-04-11,281.09958,281.13095,280.7248,280.8879,280.7982,280.5267
2004-04-12,293.27228,292.73242,291.75372,293.3223,292.70493,291.90494
2004-04-13,293.9524,293.79153,293.19037,294.34137,294.0383,293.55154
2004-04-14,291.19568,290.71466,289.79187,291.23682,290.69257,289.9635
2004-04-15,295.6481,295.48346,294.8754,295.8197,295.58478,295.16388
2004-04-16,296.76898,295.8774,294.54083,297.39078,296.46036,295.34274
2004-04-17,292.65927,292.3783,291.65063,292.82132,292.51123,292.01263
2004-04-18,299.25452,299.20648,298.71008,299.2786,299.22418,298.97998
2004-04-19,294.50867,294.47318,293.98755,294.53964,294.39853,294.06625
2004-04-20,291.42136,291.35635,290.83945,291.44785,291.29883,290.95728
2004-04-21,288.5525,288.56735,288.12854,288.58646,288.52353,288.2666
2004-04-22,288.02753,287.82864,287.17426,287.8616,287.54114,287.02524
2004-04-23,289.45343,289.22986,288.54898,289.11356,288.76962,288.22888
2004-04-24,287.4842,287.24106,286.53882,286.64035,286.31274,285.78683
2004-04-25,290.55704,290.5637,290.1095,290.4674,290.36703,290.06702
2004-04-26,284.6649,284.58206,284.0366,284.6741,284.46597,284.05676
2004-04-27,286.4374,286.57956,286.2573,286.54352,286.57242,286.3988
2004-04-28,288.0127,287.83643,287.19415,287.98038,287.65372,287.1232
2004-04-29,292.63754,292.435,291.76468,292.6963,292.3918,291.88208
2004-04-30,296.0862,295.8744,295.1932,296.4999,296.18912,295.67178
2004-05-01,297.31284,297.2025,296.62134,297.56113,297.34448,296.92
2004-05-02,300.96637,300.75775,300.07678,300.57846,300.27762,299.76782
2004-05-03,296.6128,296.4136,295.74063,296.8238,296.472,295.91003
2004-05-04,291.9927,291.52237,290.57697,291.45087,290.9168,290.1715
2004-05-05,294.51523,293.78482,292.5781,294.99164,294.17584,293.14777
2004-05-06,291.22083,290.76834,289.83835,291.46765,290.95593,290.23108
2004-05-07,286.35126,285.92322,285.01666,286.01212,285.51895,284.8118
2004-05-08,284.94363,284.8271,284.23102,284.41083,284.1702,283.71487
2004-05-09,285.34067,285.23276,284.6445,285.04553,284.80722,284.3535
2004-05-10,289.32816,289.0883,288.36743,289.20895,288.8356,288.24628
2004-05-11,287.64203,287.67477,287.2258,287.93396,287.8362,287.52206
2004-05-12,287.5924,287.14978,286.2249,288.1019,287.546,286.77332
2004-05-13,286.5449,286.24344,285.4594,287.08765,286.69656,286.08844
2004-05-14,286.5848,286.25046,285.43332,286.82257,286.33145,285.62323
2004-05-15,287.48508,287.08237,286.1967,287.3041,286.69882,285.8764
2004-05-16,293.94128,293.50214,292.58005,294.11465,293.5544,292.77713
2004-05-17,292.6201,292.38272,291.66257,292.81747,292.41714,291.8
2004-05-18,299.3864,299.22537,298.5818,299.3793,299.11414,298.63245
2004-05-19,301.16937,300.9766,300.3017,301.5054,301.1922,300.66302
2004-05-20,296.076,295.72992,294.90222,296.3654,295.93927,295.29773
2004-05-21,294.084,294.0205,293.476,294.10162,293.95074,293.58514
2004-05-22,290.2222,290.22302,289.7436,290.24942,290.09656,289.72986
2004-05-23,293.0766,292.88916,292.22244,293.3474,293.03036,292.5004
2004-05-24,300.9002,300.60596,299.8334,301.13385,300.72812,300.11057
2004-05-25,301.86353,301.59418,300.84772,301.9038,301.5038,300.89313
2004-05-26,301.8214,301.5791,300.86096,301.7564,301.3849,300.804
2004-05-27,302.60992,302.54156,301.99878,302.4801,302.3008,301.91354
2004-05-28,297.37482,297.4385,297.0293,297.14362,297.082,296.814
2004-05-29,296.79916,296.519,295.76758,297.26276,296.84253,296.2175
2004-05-30,296.60876,296.64154,296.2048,296.28427,296.14252,295.79767
2004-05-31,294.51535,294.66846,294.3539,294.73444,294.77853,294.62137
2004-06-01,293.1127,293.16394,292.7494,292.99777,292.92712,292.65717
2004-06-02,290.76532,290.83105,290.43304,290.66077,290.57184,290.28564
2004-06-03,290.54208,290.52744,290.05115,290.358,290.18185,289.8105
2004-06-04,293.2049,293.0953,292.52625,293.04843,292.79523,292.34903
2004-06-05,295.01962,294.91806,294.35922,295.26865,295.02612,294.59277
2004-06-06,294.8209,294.59433,293.91293,295.18503,294.79044,294.2074
2004-06-07,296.94885,296.64648,295.89166,297.2525,296.8029,296.16718
2004-06-08,300.8123,300.59213,299.92194,301.09357,300.74185,300.2065
2004-06-09,303.74057,303.5442,302.90027,304.05576,303.74124,303.24557
2004-06-10,298.62433,298.61636,298.16336,298.66785,298.59564,298.3448
2004-06-11,301.4513,301.21857,300.54337,302.1156,301.70718,301.12262
2004-06-12,298.52997,298.17178,297.3737,298.7723,298.28998,297.6342
2004-06-13,300.074,299.87256,299.23383,299.68423,299.38116,298.90717
2004-06-14,306.507,306.1355,305.32935,306.72583,306.25204,305.60995
2004-06-15,306.99405,307.00162,306.57706,307.03784,306.95346,306.7034
2004-06-16,304.35483,304.20105,303.61777,304.36673,304.0834,303.63693
2004-06-17,300.49124,300.36194,299.80573,299.9808,299.7264,299.3115
2004-06-18,298.82697,298.7076,298.16397,298.39047,298.14032,297.7322
2004-06-19,299.85022,299.59433,298.91672,299.63055,299.2498,298.71362
2004-06-20,297.8614,297.2718,296.26294,297.60794,296.8798,295.99878
2004-06-21,300.58344,300.3325,299.6648,300.25098,299.88867,299.37595
2004-06-22,297.83527,297.68085,297.11212,297.502,297.2196,296.78918
2004-06-23,295.4823,295.38422,294.8742,295.33603,295.10043,294.71924
2004-06-24,293.6733,293.66782,293.2527,293.55212,293.35373,293.01215
2004-06-25,293.81406,293.733,293.2446,293.68613,293.42487,293.02264
2004-06-26,292.46454,292.3838,291.89795,292.44592,292.21463,291.84457
2004-06-27,293.57233,293.41504,292.8548,293.63132,293.2993,292.8306
2004-06-28,294.56107,294.541,294.11993,294.68,294.49994,294.18524
2004-06-29,294.2591,294.12622,293.59433,294.34045,294.0448,293.6165
2004-06-30,294.3913,294.25458,293.72073,294.5126,294.21558,293.78772
2004-07-01,298.61548,298.273,297.53516,298.79086,298.2935,297.6671
2004-07-02,300.03006,299.6961,298.9685,300.2877,299.81207,299.20905
2004-07-03,300.4225,300.19174,299.5689,300.77316,300.3746,299.85025
2004-07-04,298.07925,297.34357,296.2173,298.59314,297.64124,296.565
2004-07-05,299.4457,299.2825,298.73013,298.69745,298.375,297.92957
2004-07-06,299.96082,299.83072,299.3127,299.67706,299.3817,298.96463
2004-07-07,301.5423,301.37292,300.81674,301.26523,300.91995,300.45407
2004-07-08,302.84863,302.60263,301.9709,302.82455,302.39243,301.84067
2004-07-09,298.04294,297.55725,296.6868,298.11945,297.40002,296.5619
2004-07-10,295.85944,295.6271,295.0108,296.2553,295.81934,295.26535
2004-07-11,297.57394,297.11792,296.2787,298.09866,297.4901,296.76428
2004-07-12,299.99026,299.71378,299.0547,300.38776,299.94473,299.38486
2004-07-13,295.15817,294.89404,294.2478,295.38223,294.96622,294.4338
2004-07-14,301.2354,301.08353,300.5499,301.1149,300.82227,300.41348
2004-07-15,302.45316,302.6276,302.42062,302.81976,302.85464,302.77356
2004-07-16,303.88132,303.56882,302.87506,304.42422,304.01175,303.4833
2004-07-17,301.44464,301.53204,301.23825,301.27835,301.27972,301.16504
2004-07-18,301.52045,301.53842,301.17514,301.15012,301.0192,300.77203
2004-07-19,300.18558,300.0751,299.58322,301.07187,300.77545,300.36252
2004-07-20,302.88876,302.90732,302.54428,303.36197,303.24832,303.0177
2004-07-21,302.1247,302.44574,302.38483,302.16138,302.3907,302.5025
2004-07-22,300.35696,299.93903,299.1386,300.3964,299.8568,299.19916
2004-07-23,297.7004,297.81448,297.54562,297.66803,297.62677,297.46664
2004-07-24,298.28223,298.19656,297.7274,297.99652,297.77167,297.42712
2004-07-25,301.14755,300.91846,300.3052,300.86563,300.46744,299.94858
2004-07-26,304.38376,304.20767,303.64664,304.43005,304.07208,303.5924
2004-07-27,304.27472,304.45447,304.2484,304.9354,304.95056,304.8429
2004-07-28,304.2252,304.3568,304.1017,304.25903,304.2789,304.17477
2004-07-29,300.98184,300.8889,300.40823,300.689,300.43686,300.05945
2004-07-30,302.2259,302.3952,302.17578,302.25998,302.3026,302.2186
2004-07-31,300.77475,300.75436,300.34418,300.3198,300.13223,299.81662
2004-08-01,300.80713,300.63364,300.0692,300.5042,300.17786,299.72195
2004-08-02,299.03723,298.6153,297.80118,298.7294,298.10858,297.35663
2004-08-03,297.7999,297.7241,297.25485,298.06747,297.81134,297.42252
2004-08-04,302.42178,302.3705,301.92456,302.43372,302.27158,301.97513
2004-08-05,297.48984,297.50888,297.132,297.2842,297.11234,296.80444
2004-08-06,294.95673,294.96448,294.57495,294.86795,294.71838,294.431
2004-08-07,298.47076,298.37363,297.8778,298.5332,298.268,297.86328
2004-08-08,301.89355,301.938,301.58234,301.96036,301.88843,301.67517
2004-08-09,305.0413,305.01825,304.5937,305.17157,305.0173,304.71985
2004-08-10,307.58493,307.70596,307.4241,308.02853,308.03506,307.8966
2004-08-11,302.8434,303.1193,302.9908,302.55093,302.71783,302.73788
2004-08-12,301.921,301.99387,301.66098,301.7408,301.67892,301.4683
2004-08-13,304.33368,304.59814,304.4554,304.2944,304.44702,304.44907
2004-08-14,305.793,305.86206,305.52252,306.08908,306.04434,305.84717
2004-08-15,303.6349,303.71478,303.3846,303.54297,303.5221,303.34695
2004-08-16,299.05228,299.13608,298.8084,298.82703,298.69028,298.39743
2004-08-17,301.20392,300.95624,300.29562,301.3178,300.97498,300.47418
2004-08-18,303.8628,303.8138,303.3506,303.8523,303.6802,303.3484
2004-08-19,305.68176,305.71066,305.3239,305.67865,305.59628,305.35245
2004-08-20,307.52252,307.5415,307.14346,307.69913,307.60086,307.33936
2004-08-21,302.86343,303.0508,302.81982,302.8976,303.0044,302.94623
2004-08-22,299.76736,299.72385,299.26074,299.8344,299.64404,299.28702
2004-08-23,297.64557,297.27182,296.47717,297.81662,297.26828,296.55167
2004-08-24,302.56482,302.42355,301.8601,302.7628,302.553,302.17337
2004-08-25,300.11813,299.87125,299.20096,300.8362,300.53543,300.06323
2004-08-26,301.85788,301.5159,300.7494,302.20587,301.7278,301.07684
2004-08-27,298.64575,298.52673,297.982,298.71185,298.52032,298.15442
2004-08-28,296.73965,296.48373,295.801,297.33307,296.9576,296.40637
2004-08-29,294.86893,294.53638,293.77588,295.29413,294.85562,294.23993
2004-08-30,291.30673,291.0971,290.45844,291.44928,291.086,290.5442
2004-08-31,290.33203,289.81213,288.86224,289.77765,289.17365,288.38992
2004-09-01,291.53592,290.66562,289.36435,290.96024,289.97104,288.8009
2004-09-02,291.72897,291.4015,290.64206,292.1349,291.70844,291.09995
2004-09-03,289.35037,289.12317,288.46313,290.39813,290.0543,289.52728
2004-09-04,288.84586,288.09213,286.90466,289.02347,288.16156,287.11545
2004-09-05,294.98553,294.69662,293.97324,295.09012,294.68124,294.08725
2004-09-06,291.1281,290.8659,290.16837,291.1519,290.78726,290.23663
2004-09-07,292.27133,291.9903,291.27316,292.73184,292.3243,291.7299
2004-09-08,296.50464,296.2716,295.60175,297.00702,296.683,296.1713
2004-09-09,298.7104,298.59088,298.03384,299.0591,298.8299,298.41223
2004-09-10,295.80765,295.79132,295.33682,296.02618,295.89392,295.5726
2004-09-11,300.04077,299.77612,299.07266,300.47034,300.09882,299.5376
2004-09-12,299.1324,298.90573,298.2397,299.47415,299.12848,298.59253
2004-09-13,298.55374,298.39694,297.8002,298.75,298.4892,298.03766
2004-09-14,295.2867,294.95148,294.17575,295.6144,295.13443,294.46326
2004-09-15,291.3992,291.0173,290.19437,291.80453,291.2966,290.59708
2004-09-16,297.8791,297.64813,296.97565,298.16168,297.84183,297.32996
2004-09-17,295.13962,294.79028,293.99896,295.97562,295.4652,294.76257
2004-09-18,297.38568,296.97815,296.1282,298.105,297.61093,296.92438
2004-09-19,294.68732,294.5523,293.97446,294.628,294.38547,293.95023
2004-09-20,293.17203,292.95978,292.30435,293.42072,293.10803,292.6025
2004-09-21,293.5003,293.18555,292.4272,293.65244,293.22696,292.60852
2004-09-22,294.36176,294.06787,293.33005,294.52744,294.12125,293.52194
2004-09-23,290.70422,290.5594,289.97028,290.3728,290.10434,289.64273
2004-09-24,287.43515,287.29114,286.70258,287.34302,287.0722,286.60825
2004-09-25,287.7959,287.63748,287.03427,288.01648,287.72916,287.24872
2004-09-26,288.4328,288.26096,287.64407,288.55573,288.25592,287.76306
2004-09-27,288.61182,288.3936,287.73,288.60046,288.255,287.71658
2004-09-28,288.3866,288.27786,287.72366,288.40692,288.1514,287.70306
2004-09-29,289.59607,289.4386,288.83542,289.858,289.56262,289.07455
2004-09-30,291.03714,290.88742,290.29178,291.30698,291.01956,290.5397
2004-10-01,287.8392,287.47235,286.65936,287.95978,287.417,286.68195
2004-10-02,295.23752,295.02258,294.36148,295.5675,295.25714,294.75476
2004-10-03,296.8203,296.62183,295.97702,297.31607,296.99347,296.4791
2004-10-04,294.82483,294.43713,293.60294,295.31473,294.803,294.09982
2004-10-05,291.13245,290.7484,289.91776,291.55865,291.03717,290.32443
2004-10-06,289.24652,288.962,288.23087,289.46826,289.01578,288.37238
2004-10-07,288.69406,288.29382,287.4469,289.17664,288.6682,287.96924
2004-10-08,292.64255,292.34756,291.60583,293.09622,292.70862,292.1308
2004-10-09,293.05563,292.75912,292.01587,293.49924,293.10922,292.52933
2004-10-10,293.0556,292.7564,292.0105,293.45334,293.05704,292.47125
2004-10-11,292.35757,292.1812,291.5582,292.76306,292.48428,292.01636
2004-10-12,293.65466,293.2107,292.32004,294.0584,293.51382,292.78055
2004-10-13,294.20374,293.91907,293.18777,294.5867,294.2093,293.6436
2004-10-14,293.7041,293.0374,291.92422,294.00577,293.2145,292.23538
2004-10-15,296.46024,296.19025,295.47388,296.7096,296.3426,295.7881
2004-10-16,298.1557,297.92758,297.25327,298.35074,298.021,297.5042
2004-10-17,296.57834,296.34393,295.66357,296.80136,296.4645,295.94107
2004-10-18,296.49118,296.34677,295.75653,296.46454,296.22714,295.80356
2004-10-19,296.11227,295.46606,294.37427,296.28372,295.45605,294.44263
2004-10-20,294.5561,294.37366,293.74585,294.66016,294.34143,293.83746
2004-10-21,291.94684,291.94995,291.50806,291.90823,291.79562,291.4982
2004-10-22,286.7698,286.69012,286.1657,286.72964,286.53802,286.16208
2004-10-23,291.5312,291.1805,290.38544,291.89975,291.44995,290.81628
2004-10-24,286.32452,286.04272,285.31693,286.79868,286.45004,285.91797
2004-10-25,288.4806,288.1158,287.3075,288.5926,288.09888,287.4222
2004-10-26,293.04727,292.66895,291.84744,293.51086,293.0226,292.3519
2004-10-27,287.70813,287.42297,286.69516,288.2848,287.83728,287.20782
2004-10-28,283.1266,282.92325,282.27774,283.22244,282.9247,282.4455
2004-10-29,283.9004,283.79056,283.23917,283.88516,283.6423,283.2184
2004-10-30,285.3967,285.0391,284.24036,285.80875,285.31436,284.63934
2004-10-31,286.75137,286.52075,285.84967,286.7491,286.4102,285.89114
2004-11-01,287.2204,287.3259,286.99152,287.08853,287.07874,286.88937
2004-11-02,289.33417,289.5203,289.26718,289.5739,289.6256,289.49817
2004-11-03,286.65915,286.66565,286.2336,287.00366,286.8618,286.54126
2004-11-04,280.00604,279.87048,279.29715,279.99808,279.7222,279.26813
2004-11-05,277.18668,277.0472,276.4707,277.00873,276.70587,276.22528
2004-11-06,277.1346,276.87515,276.17938,277.30954,276.91586,276.34485
2004-11-07,281.52747,281.29373,280.6245,281.6234,281.2748,280.74933
2004-11-08,280.38922,280.29916,279.77444,280.12683,279.82205,279.3409
2004-11-09,284.59067,284.4126,283.8007,284.54922,284.25674,283.78827
2004-11-10,285.25415,285.19684,284.7065,285.15936,284.94687,284.5588
2004-11-11,279.1808,279.3082,279.00342,279.2649,279.24176,279.0435
2004-11-12,277.2226,277.1349,276.61594,277.2946,277.06744,276.66562
2004-11-13,282.3468,282.25397,281.7307,282.20706,282.0094,281.63742
2004-11-14,284.86023,284.73172,284.1737,284.48373,284.2343,283.8109
2004-11-15,284.10278,284.1946,283.85782,283.76633,283.75873,283.5775
2004-11-16,275.99734,275.8541,275.28314,275.66052,275.3297,274.82562
2004-11-17,278.2288,278.22287,277.79013,278.1878,278.06143,277.76212
2004-11-18,274.36044,274.23276,273.6791,274.07712,273.80566,273.36154
2004-11-19,276.12128,276.1251,275.7039,275.7329,275.59158,275.2779
2004-11-20,275.60052,275.63428,275.2439,275.14417,275.03656,274.75687
2004-11-21,272.6944,272.4496,271.7815,272.64105,272.28204,271.7511
2004-11-22,274.97656,274.45117,273.50336,275.37463,274.6832,273.82007
2004-11-23,279.0015,278.88144,278.33978,278.68546,278.48837,278.11978
2004-11-24,274.10162,273.87512,273.22775,274.03668,273.71237,273.21664
2004-11-25,276.6196,276.07355,275.10742,276.492,275.82132,274.97937
2004-11-26,281.21484,281.00272,280.3712,280.8739,280.5689,280.0927
2004-11-27,273.90176,273.79523,273.27,273.69257,273.4115,272.95917
2004-11-28,270.69983,270.59467,270.07144,270.86728,270.60828,270.178
2004-11-29,273.40042,273.30273,272.78757,273.3423,273.0824,272.6512
2004-11-30,267.55334,267.30853,266.64685,267.4429,267.09625,266.57822
2004-12-01,267.62885,267.26855,266.4919,267.53348,267.06146,266.41788
2004-12-02,267.87946,267.46002,266.6247,267.88556,267.32965,266.60196
2004-12-03,269.90237,269.39282,268.46777,269.96747,269.2919,268.44424
2004-12-04,269.63968,269.30408,268.55328,269.76358,269.27704,268.61816
2004-12-05,269.30554,268.92892,268.13742,269.0458,268.5404,267.86227
2004-12-06,268.9307,268.6814,268.01736,269.02087,268.671,268.14798
2004-12-07,266.86536,266.62827,265.9765,266.83496,266.47937,265.9502
2004-12-08,266.55484,266.27853,265.5876,266.76965,266.41272,265.88168
2004-12-09,270.5126,270.1309,269.33453,270.29636,269.7471,269.0231
2004-12-10,274.80267,274.79434,274.37128,274.91425,274.76538,274.44116
2004-12-11,272.66858,272.5042,271.92493,273.06577,272.80582,272.36975
2004-12-12,273.8337,273.62054,272.99216,273.91626,273.58856,273.08398
2004-12-13,272.88882,272.77493,272.2455,272.79883,272.5749,272.17328
2004-12-14,276.46432,276.2108,275.5412,276.35938,275.9833,275.42868
2004-12-15,275.68002,275.44928,274.80197,275.7413,275.38733,274.85382
2004-12-16,264.35406,264.30014,263.82898,264.40396,264.2213,263.8581
2004-12-17,265.53616,265.33484,264.7156,265.5303,265.2181,264.72427
2004-12-18,267.82114,267.45413,266.66837,267.59033,267.1481,266.52304
2004-12-19,269.24548,269.24844,268.83176,268.93762,268.83646,268.55124
2004-12-20,266.6327,266.38992,265.7265,266.66168,266.2958,265.74466
2004-12-21,272.60703,272.52283,272.01697,272.59467,272.381,271.98077
2004-12-22,269.50552,269.15506,268.38174,269.42935,268.9499,268.28244
2004-12-23,271.9715,271.7886,271.1816,271.74088,271.42786,270.92538
2004-12-24,268.1676,268.12024,267.64746,268.1394,267.95868,267.58707
2004-12-25,270.21457,269.806,268.97055,270.2091,269.66782,268.93405
2004-12-26,271.94522,271.88666,271.39978,271.73227,271.5617,271.1971
2004-12-27,269.4968,269.17557,268.42444,269.6047,269.1794,268.5584
2004-12-28,274.70328,274.65118,274.16757,274.65366,274.4956,274.14014
2004-12-29,266.8615,267.02158,266.74838,266.41675,266.4617,266.30756
2004-12-30,274.30753,273.98312,273.2237,273.84732,273.4027,272.75714
2004-12-31,275.1544,274.81616,274.0411,275.1952,274.74823,274.09857
2005-01-01,275.43918,275.24695,274.61594,274.8831,274.58,274.07236
2005-01-02,275.32516,275.16458,274.5634,274.98212,274.73236,274.27618
2005-01-03,276.46017,276.17465,275.4465,276.26392,275.87552,275.2789
2005-01-04,270.87036,270.7278,270.14056,270.89474,270.63425,270.16357
2005-01-05,263.78778,263.9338,263.63315,263.13742,263.17685,263.00418
2005-01-06,266.43414,266.18832,265.49368,266.52896,266.12933,265.51572
2005-01-07,267.1754,267.1737,266.72104,267.21738,267.0989,266.7645
2005-01-08,265.7449,265.40894,264.61987,265.7622,265.31442,264.64874
2005-01-09,274.17072,273.94366,273.26138,274.3069,273.93695,273.3472
2005-01-10,272.53967,272.4472,271.89728,272.7163,272.51718,272.0963
2005-01-11,272.33215,271.6711,270.5505,272.01233,271.16574,270.0955
2005-01-12,275.65848,275.4096,274.69897,275.62296,275.2707,274.6929
2005-01-13,272.38474,272.27277,271.6969,272.53656,272.34067,271.9174
2005-01-14,269.95764,269.71585,269.00803,269.87894,269.5195,268.93088
2005-01-15,272.0362,271.7433,270.9822,272.0018,271.54,270.8472
2005-01-16,274.73993,274.70087,274.1916,274.81134,274.6666,274.28906
2005-01-17,274.36432,274.08328,273.33002,274.49075,274.10352,273.4818
2005-01-18,272.33618,272.07193,271.3335,272.48175,272.1024,271.48688
2005-01-19,267.53256,267.46387,266.919,267.43594,267.2864,266.89914
2005-01-20,268.9025,268.7752,268.16992,269.08752,268.84662,268.36642
2005-01-21,270.67548,270.44672,269.73807,270.6355,270.2707,269.6651
2005-01-22,272.32578,272.10165,271.39594,272.30643,271.9127,271.2768
2005-01-23,276.406,276.22083,275.55243,276.4172,276.09927,275.53784
2005-01-24,274.65582,274.35236,273.56406,274.98895,274.55957,273.8854
2005-01-25,275.6182,275.199,274.29346,275.46503,274.90622,274.10147
2005-01-26,279.4693,279.34985,278.74268,279.3686,279.12485,278.6341
2005-01-27,276.96042,276.93082,276.41214,277.12497,276.95514,276.53735
2005-01-28,277.80844,277.48734,276.6759,277.41888,276.95987,276.25192
2005-01-29,274.82547,274.74832,274.17978,275.08884,274.86508,274.3916
2005-01-30,269.25137,269.25098,268.75815,269.1175,269.00943,268.65094
2005-01-31,267.6756,267.74164,267.31436,267.39752,267.37888,267.10925
2005-02-01,266.15298,266.00818,265.36926,265.79407,265.5529,265.06024
2005-02-02,273.03983,272.78772,272.04083,272.58313,272.1851,271.53516
2005-02-03,278.95758,279.00815,278.56335,278.50238,278.46365,278.1727
2005-02-04,273.86298,273.71048,273.0622,274.00137,273.69226,273.13083
2005-02-05,279.15308,279.40872,279.16833,279.16684,279.3127,279.20618
2005-02-06,282.88873,282.6807,281.97644,282.9279,282.61642,282.05264
2005-02-07,279.31403,279.7725,279.7347,278.95135,279.31894,279.43436
2005-02-08,269.58994,269.5829,269.07962,269.39963,269.26355,268.87567
2005-02-09,274.13828,274.12473,273.61517,274.14163,274.0357,273.67825
2005-02-10,269.81207,269.87234,269.43692,269.6493,269.57898,269.25775
2005-02-11,269.04285,269.20993,268.8818,268.75494,268.79416,268.5831
2005-02-12,265.19617,265.123,264.55518,264.83063,264.61255,264.1449
2005-02-13,278.5869,278.4432,277.8055,277.75443,277.5112,277.01923
2005-02-14,278.58264,278.5302,277.98462,277.77792,277.61832,277.21088
2005-02-15,270.31198,270.7213,270.6384,270.05783,270.2907,270.2768
2005-02-16,271.0852,270.8833,270.19012,271.1719,270.81506,270.21262
2005-02-17,276.72803,276.63168,276.0452,276.73093,276.50192,276.02853
2005-02-18,276.74646,276.7584,276.28146,276.3835,276.2818,275.93704
2005-02-19,277.07263,276.92706,276.2939,277.179,276.9255,276.43045
2005-02-20,278.28186,277.93317,277.0983,278.35278,277.85278,277.11273
2005-02-21,276.1782,276.0037,275.34454,276.38516,276.0552,275.48682
2005-02-22,275.3538,275.2131,274.58932,275.47006,275.20486,274.70285
2005-02-23,276.52625,276.4929,275.97815,276.58182,276.40576,275.9946
2005-02-24,276.4407,276.38647,275.85263,276.51364,276.33392,275.92096
2005-02-25,274.49646,274.46527,273.9562,274.47885,274.31552,273.92075
2005-02-26,276.17453,276.00818,275.36588,275.62717,275.34497,274.83325
2005-02-27,272.1872,272.35522,272.04916,271.70145,271.75296,271.57693
2005-02-28,272.6428,272.41772,271.72052,272.57053,272.20966,271.62323
2005-03-01,270.01523,269.5738,268.66223,269.82764,269.24344,268.4358
2005-03-02,267.35892,267.1342,266.4413,267.14404,266.76083,266.15616
2005-03-03,266.8567,266.84216,266.3615,266.75058,266.60703,266.24414
2005-03-04,272.11145,272.03845,271.50143,271.927,271.7406,271.33698
2005-03-05,273.36948,273.23376,272.63605,273.09705,272.84116,272.37018
2005-03-06,274.16827,274.05093,273.47363,274.2241,273.9883,273.53958
2005-03-07,273.9346,273.74472,273.0969,273.9433,273.63705,273.11993
2005-03-08,278.1548,277.89267,277.1747,278.17746,277.80838,277.23047
2005-03-09,277.77792,277.3362,276.44058,277.6878,277.14886,276.40326
2005-03-10,278.44016,278.38126,277.87042,278.13242,277.94864,277.5602
2005-03-11,277.81366,277.74026,277.21683,277.59323,277.3807,276.9655
2005-03-12,278.35025,278.30875,277.81912,278.25974,278.09158,277.72284
2005-03-13,280.71786,280.63098,280.0978,280.5395,280.3337,279.9292
2005-03-14,280.17426,280.01456,279.41037,280.1198,279.85822,279.3998
2005-03-15,282.95364,282.73,282.0636,283.13052,282.80347,282.28137
2005-03-16,283.97202,283.74472,283.0762,284.12772,283.79825,283.27554
2005-03-17,287.7315,287.3352,286.49918,287.76834,287.28918,286.61844
2005-03-18,285.64694,285.20706,284.32904,285.63705,285.07553,284.32404
2005-03-19,286.6016,286.60684,286.17526,286.32843,286.23364,285.9505
2005-03-20,280.14737,279.99377,279.40466,279.87296,279.60834,279.1568
2005-03-21,275.41092,275.28207,274.71887,274.97324,274.70413,274.24945
2005-03-22,277.8148,277.56924,276.89038,277.6823,277.29745,276.7283
2005-03-23,277.4466,277.24982,276.6207,277.54156,277.20227,276.67984
2005-03-24,274.45898,274.46262,274.03476,274.5262,274.3604,274.01257
2005-03-25,272.47873,272.3499,271.79034,272.10623,271.82574,271.36423
2005-03-26,276.84006,276.5946,275.919,276.53326,276.15167,275.5899
2005-03-27,274.09747,273.97742,273.42776,274.47064,274.22867,273.80734
2005-03-28,271.60898,271.36142,270.68463,272.03128,271.70145,271.1929
2005-03-29,273.2681,273.18472,272.67233,272.90295,272.70615,272.33112
2005-03-30,278.58838,278.33914,277.66107,278.36087,277.9919,277.4452
2005-03-31,280.17044,280.06958,279.53992,280.46255,280.19824,279.75653
2005-04-01,276.12744,275.81482,275.0732,276.04535,275.58963,274.95676
2005-04-02,277.72632,277.6674,277.17932,277.5817,277.39825,277.03778
2005-04-03,276.5583,276.33987,275.692,276.45468,276.0895,275.54727
2005-04-04,279.20154,278.90906,278.18658,279.07108,278.62064,277.993
2005-04-05,280.84576,280.59653,279.91678,280.73975,280.32068,279.7242
2005-04-06,278.44235,278.20013,277.52673,277.92725,277.53946,276.974
2005-04-07,283.8484,283.78683,283.29327,283.7117,283.53146,283.1731
2005-04-08,283.29263,283.2013,282.677,283.26346,283.05655,282.671
2005-04-09,285.53583,285.25604,284.54236,285.4176,285.02274,284.44855
2005-04-10,288.32562,288.07812,287.3956,288.51367,288.13403,287.57437
2005-04-11,285.7161,285.4426,284.73288,285.64252,285.24078,284.6582
2005-04-12,283.53342,283.60394,283.23694,283.28296,283.1926,282.92053
2005-04-13,287.0018,286.89523,286.34982,286.6434,286.39447,285.9629
2005-04-14,291.73056,291.43506,290.69922,291.78644,291.37338,290.77664
2005-04-15,286.68784,286.41446,285.69925,286.71936,286.3397,285.7752
2005-04-16,288.8993,288.92,288.49734,288.79846,288.72354,288.46265
2005-04-17,288.79037,288.53876,287.84213,288.36703,288.0272,287.50012
2005-04-18,292.78845,292.35794,291.48074,293.04315,292.5206,291.80954
2005-04-19,295.13998,294.9062,294.22406,295.4797,295.14316,294.6168
2005-04-20,295.08093,295.0381,294.54507,294.8916,294.74896,294.41516
2005-04-21,293.93832,293.81784,293.24545,292.6617,292.39523,291.93625
2005-04-22,284.9987,284.72232,283.99225,283.23834,282.75812,282.08386
2005-04-23,285.65134,285.4361,284.76532,285.38425,285.0904,284.60114
2005-04-24,291.9598,291.65637,290.8956,292.01306,291.61032,291.0108
2005-04-25,291.999,291.97067,291.48325,292.02054,291.88815,291.5575
2005-04-26,287.6172,287.5722,287.0664,287.6377,287.4935,287.14966
2005-04-27,285.89203,285.79843,285.24225,285.81348,285.57358,285.13257
2005-04-28,291.1431,290.97144,290.3354,291.0297,290.73627,290.2403
2005-04-29,285.93658,285.9472,285.4918,285.55237,285.43613,285.116
2005-04-30,287.99203,287.79178,287.1238,287.3682,287.07617,286.57892
2005-05-01,288.1505,286.98572,285.35153,287.4789,286.07468,284.4639
2005-05-02,300.03262,299.94278,299.38202,300.58224,300.3998,300.00955
2005-05-03,294.1336,294.10666,293.6074,294.0631,293.8949,293.5177
2005-05-04,293.20203,292.97107,292.26636,292.06744,291.8198,291.362
2005-05-05,293.48163,293.64575,293.33478,292.99725,293.0818,292.9551
2005-05-06,292.50092,292.09906,291.2209,292.73865,292.23987,291.52884
2005-05-07,296.27927,295.96994,295.18317,296.40482,296.017,295.41605
2005-05-08,292.98676,292.73303,292.00082,292.64792,292.28204,291.70218
2005-05-09,291.90875,291.69876,291.0093,291.6929,291.31052,290.7134
2005-05-10,293.82318,293.4284,292.5533,293.58615,293.0891,292.37665
2005-05-11,293.3862,293.46188,293.05655,293.06998,293.05728,292.82855
2005-05-12,294.79077,294.90872,294.54498,294.3549,294.40628,294.24127
2005-05-13,290.08087,290.06857,289.57407,289.79184,289.6346,289.26062
2005-05-14,291.4446,291.32623,290.7253,291.39908,291.14902,290.68195
2005-05-15,293.0429,292.77487,292.024,293.31357,292.9125,292.2943
2005-05-16,290.89105,291.00604,290.6381,291.31824,291.31497,291.09457
2005-05-17,291.08575,290.93408,290.2995,292.0174,291.76266,291.29092
2005-05-18,291.796,291.6451,291.0114,291.5949,291.31638,290.82098
2005-05-19,295.48865,295.31207,294.65295,295.83762,295.54025,295.0264
2005-05-20,294.3117,294.25952,293.7252,294.57956,294.41156,294.0276
2005-05-21,293.86102,293.86893,293.39517,293.89362,293.77747,293.4459
2005-05-22,291.0027,291.15735,290.831,291.03467,291.04803,290.84668
2005-05-23,294.18518,294.14465,293.6239,295.3056,295.097,294.67447
2005-05-24,297.69653,297.80026,297.4247,298.64276,298.548,298.24036
2005-05-25,295.94992,295.34897,294.26978,296.62048,295.88672,294.9411
2005-05-26,298.49402,298.3515,297.73187,298.93338,298.64877,298.15347
2005-05-27,291.8194,291.77948,291.2637,291.99295,291.82053,291.43872
2005-05-28,290.64005,290.49286,289.87128,290.72086,290.41345,289.8981
2005-05-29,293.7756,293.62915,293.0098,294.31342,294.01193,293.504
2005-05-30,293.64963,293.77487,293.42883,293.61172,293.6416,293.46667
2005-05-31,292.96033,293.15848,292.8871,292.88535,292.9507,292.81302
2005-06-01,289.6676,289.75186,289.36844,289.41522,289.34912,289.0818
2005-06-02,290.13272,290.03726,289.476,290.313,290.12738,289.74246
2005-06-03,289.5584,289.46368,288.90524,289.71167,289.4444,288.97983
2005-06-04,294.83075,294.54593,293.79944,294.8999,294.4785,293.8619
2005-06-05,292.78726,292.57123,291.89575,292.82742,292.438,291.85556
2005-06-06,293.32535,293.42404,293.06552,293.22693,293.16928,292.92087
2005-06-07,293.9997,293.94598,293.43744,293.90225,293.76944,293.44815
2005-06-08,297.97098,297.9897,297.55588,298.1134,298.0141,297.72873
2005-06-09,295.9289,296.1052,295.83148,295.8801,295.89136,295.71896
2005-06-10,295.99185,295.9687,295.498,295.97092,295.7992,295.44626
2005-06-11,295.3696,295.6025,295.3904,295.4908,295.5582,295.44693
2005-06-12,297.95807,297.78586,297.1712,298.09808,297.79755,297.3209
2005-06-13,298.3685,298.30612,297.80383,297.8942,297.71423,297.36075
2005-06-14,300.3295,300.2017,299.6366,300.43256,300.1534,299.7033
2005-06-15,302.3645,302.1378,301.4764,302.6426,302.2759,301.7409
2005-06-16,298.4352,298.21826,297.56918,298.63123,298.2668,297.73672
2005-06-17,293.85635,293.77277,293.25964,293.75903,293.51242,293.10266
2005-06-18,293.4003,293.18454,292.5419,293.47134,293.10245,292.57303
2005-06-19,295.54898,295.255,294.53677,295.33105,294.86368,294.23834
2005-06-20,294.0905,293.98544,293.45862,294.2372,294.01135,293.6301
2005-06-21,295.3473,295.09558,294.42468,295.2525,294.8443,294.2832
2005-06-22,300.15363,299.98428,299.39822,300.5725,300.23492,299.74695
2005-06-23,302.16504,301.98056,301.38174,302.34763,302.0244,301.55325
2005-06-24,303.27856,303.04126,302.39203,303.26706,302.88177,302.35092
2005-06-25,297.88028,297.82654,297.36316,297.72546,297.46313,297.0576
2005-06-26,297.06818,297.03424,296.59296,297.46558,297.26227,296.91806
2005-06-27,299.99518,300.0006,299.60095,299.85895,299.7309,299.4641
2005-06-28,297.75467,298.08795,298.01825,297.65173,297.84094,297.89346
2005-06-29,293.29538,293.23566,292.77496,293.09473,292.87473,292.52014
2005-06-30,296.7978,296.66177,296.12677,296.64404,296.34106,295.90546
2005-07-01,302.22882,302.11334,301.60074,302.0754,301.80215,301.39807
2005-07-02,299.9452,299.89023,299.4399,299.52667,299.32242,298.98917
2005-07-03,297.44424,297.39584,296.95377,297.0374,296.842,296.5192
2005-07-04,296.11462,295.87076,295.23477,295.88007,295.45798,294.9101
2005-07-05,296.43924,296.26193,295.69406,296.30692,295.9818,295.53238
2005-07-06,299.12204,298.8834,298.25555,298.98145,298.58673,298.069
2005-07-07,295.2781,295.10638,294.54675,295.31747,294.9911,294.543
2005-07-08,292.46368,292.24118,291.6319,293.1639,292.7969,292.30936
2005-07-09,295.3825,294.86502,293.9618,296.35934,295.71463,294.9503
2005-07-10,301.7124,301.41486,300.7325,302.46844,302.07193,301.5567
2005-07-11,304.0766,303.89972,303.33884,304.31665,304.01636,303.59808
2005-07-12,301.00134,301.01254,300.6405,301.18304,301.09912,300.89795
2005-07-13,297.94427,297.6996,297.0723,298.0903,297.70166,297.19617
2005-07-14,297.78284,297.22955,296.2942,298.2458,297.54324,296.72427
2005-07-15,298.80606,298.68887,298.18994,298.84595,298.61026,298.25845
2005-07-16,298.63855,298.54453,298.06906,298.41785,298.19815,297.86246
2005-07-17,300.26053,299.85806,299.0743,301.08517,300.542,299.88287
2005-07-18,302.395,302.03625,301.29633,303.006,302.5149,301.9077
2005-07-19,302.41986,302.38953,301.9779,303.35287,303.11835,302.7676
2005-07-20,300.87823,300.48212,299.70465,301.59705,301.1398,300.56604
2005-07-21,304.80847,303.97882,302.76755,305.05426,304.07565,302.9801
2005-07-22,307.72592,307.54395,306.98,308.30893,308.03485,307.6433
2005-07-23,300.06256,299.98883,299.53262,300.18896,299.97693,299.64682
2005-07-24,303.3997,302.99133,302.20004,304.30884,303.77335,303.119
2005-07-25,301.09064,300.99457,300.51498,300.9176,300.69055,300.34375
2005-07-26,302.20267,301.8153,301.0438,302.32123,301.76816,301.09442
2005-07-27,306.0471,305.82443,305.21686,306.20425,305.8761,305.42624
2005-07-28,303.58536,303.25217,302.53317,303.05325,302.5595,301.943
2005-07-29,304.12674,303.782,303.0506,304.32236,303.86862,303.29092
2005-07-30,301.61584,301.20142,300.39926,302.29276,301.7355,301.053
2005-07-31,299.9695,299.07327,297.7883,300.42883,299.40106,298.24664
2005-08-01,302.17722,302.09622,301.6254,302.31042,302.22003,302.00156
2005-08-02,302.4558,302.29095,301.73514,302.3805,302.1255,301.74094
2005-08-03,303.42172,303.30792,302.802,303.512,303.34598,303.0488
2005-08-04,302.21848,301.9872,301.36252,302.66592,302.32495,301.85132
2005-08-05,298.01056,297.62018,296.83514,298.8025,298.2461,297.55536
2005-08-06,301.5622,301.48203,301.00592,301.78943,301.60672,301.28796
2005-08-07,299.12814,299.1883,298.85114,298.88943,298.82556,298.62387
2005-08-08,297.26572,297.02502,296.38562,297.22272,296.8395,296.31677
2005-08-09,300.19028,299.86798,299.14566,300.30225,299.8658,299.28802
2005-08-10,302.86765,302.4526,301.63608,302.98468,302.43607,301.7443
2005-08-11,304.6104,304.1667,303.32,305.1016,304.5226,303.79865
2005-08-12,304.41238,304.0682,303.31967,304.81656,304.36847,303.7735
2005-08-13,304.44073,304.06406,303.2816,305.01633,304.49203,303.819
2005-08-14,299.91354,299.60428,298.88776,299.87805,299.44916,298.86975
2005-08-15,302.02637,301.7683,301.10162,302.02454,301.67477,301.1726
2005-08-16,302.01297,301.68216,300.94128,301.48413,301.02097,300.40356
2005-08-17,298.58093,298.38684,297.78128,298.58313,298.2205,297.70172
2005-08-18,295.16086,295.07388,294.57404,295.36508,295.15747,294.79187
2005-08-19,293.83838,293.58353,292.91437,293.9409,293.55795,293.0153
2005-08-20,295.53253,295.27347,294.5987,295.74615,295.365,294.82236
2005-08-21,297.4882,297.16953,296.43378,297.8057,297.35855,296.74814
2005-08-22,297.69632,297.42532,296.736,298.07996,297.6744,297.10388
2005-08-23,299.08643,298.54025,297.57446,299.61823,298.90128,298.01764
2005-08-24,299.52194,299.24072,298.5386,299.86603,299.5021,298.96988
2005-08-25,296.52563,295.9536,294.95938,296.8837,296.2023,295.35104
2005-08-26,298.2393,298.09027,297.5179,298.55884,298.26852,297.80682
2005-08-27,295.84863,295.64502,295.01688,295.7587,295.40192,294.8722
2005-08-28,294.24017,293.96927,293.27267,294.23904,293.85782,293.3022
2005-08-29,293.12234,292.82007,292.09097,292.89648,292.4574,291.8425
2005-08-30,291.31244,291.2053,290.67023,291.2558,291.0208,290.6086
2005-08-31,296.7368,296.43,295.69415,296.97214,296.5407,295.93076
2005-09-01,299.10037,298.7786,298.0268,299.42493,299.00388,298.40308
2005-09-02,298.7779,298.58807,297.96732,298.56546,298.31512,297.88388
2005-09-03,293.36826,293.21985,292.63953,293.29272,293.0238,292.57285
2005-09-04,292.73685,292.68253,292.19537,292.76727,292.59122,292.23196
2005-09-05,291.8983,291.71646,291.1009,291.80515,291.49338,290.9974
2005-09-06,294.11752,293.91254,293.27304,294.24612,293.92007,293.40887
2005-09-07,288.87476,288.53934,287.76855,288.85672,288.42093,287.79907
2005-09-08,293.7748,293.6041,292.99725,293.91565,293.63553,293.16855
2005-09-09,294.67838,294.57373,294.03226,294.80475,294.6141,294.2358
2005-09-10,291.96555,291.8493,291.29556,291.99268,291.74945,291.31778
2005-09-11,290.17267,290.0962,289.58154,290.10098,289.8817,289.47342
2005-09-12,288.19598,288.3015,287.96823,288.10458,288.05273,287.8112
2005-09-13,290.3361,290.2082,289.64087,290.51288,290.26968,289.8362
2005-09-14,291.18784,290.9682,290.3086,291.32025,290.97427,290.43753
2005-09-15,291.24612,291.07532,290.46402,291.2248,290.9488,290.48157
2005-09-16,292.09418,291.8887,291.24216,292.18912,291.8616,291.34244
2005-09-17,291.0142,290.98245,290.50922,291.66614,291.44153,291.0249
2005-09-18,291.6815,291.4727,290.8219,291.77563,291.42606,290.88422
2005-09-19,291.84955,291.62814,290.96436,291.9915,291.61194,291.03992
2005-09-20,292.59912,292.3173,291.5926,292.7468,292.36264,291.78577
2005-09-21,293.25845,293.01105,292.32047,293.77783,293.39044,292.81015
2005-09-22,292.08533,291.85165,291.17435,292.40396,292.04047,291.48395
2005-09-23,293.2286,292.89435,292.11612,293.4004,292.95462,292.31573
2005-09-24,295.7262,295.4764,294.78238,296.0595,295.70352,295.15442
2005-09-25,295.7674,295.10867,294.00537,295.99982,295.22314,294.2533
2005-09-26,291.51984,291.1871,290.40958,291.7056,291.23352,290.5684
2005-09-27,293.1346,292.8993,292.21893,293.46082,293.10965,292.5654
2005-09-28,294.4394,294.1739,293.46307,294.61603,294.2376,293.6663
2005-09-29,295.72787,295.50552,294.83765,296.17587,295.8396,295.31055
2005-09-30,292.7468,292.94583,292.6991,292.7526,292.81873,292.6922
2005-10-01,295.34747,295.1023,294.4112,295.5633,295.17715,294.59857
2005-10-02,292.9542,292.85284,292.30536,292.4561,292.20013,291.75192
2005-10-03,286.62402,286.6747,286.2792,286.6072,286.51093,286.22263
2005-10-04,293.11453,293.2928,293.02472,292.86447,292.89157,292.72693
2005-10-05,293.55432,293.2982,292.59555,293.6994,293.3561,292.82135
2005-10-06,288.08694,288.10663,287.67975,288.1447,288.05444,287.77295
2005-10-07,284.18018,284.15457,283.68234,283.31274,283.1561,282.8086
2005-10-08,285.2373,285.3138,284.94366,285.2259,285.15582,284.8952
2005-10-09,284.32095,284.22388,283.68008,284.55853,284.33383,283.91888
2005-10-10,286.62973,286.33725,285.59805,286.92252,286.4931,285.87384
2005-10-11,292.5876,292.37677,291.71924,292.92197,292.62973,292.14798
2005-10-12,293.28632,293.07907,292.42517,293.6009,293.27917,292.7683
2005-10-13,287.454,287.28378,286.66687,287.82236,287.4788,286.94653
2005-10-14,282.36667,282.29495,281.77667,282.28537,282.08914,281.70462
2005-10-15,288.3475,287.99838,287.2028,288.4729,287.98044,287.30008
2005-10-16,287.4947,287.4364,286.93173,286.77533,286.5157,286.06854
2005-10-17,281.9749,281.88422,281.34732,281.86108,281.61893,281.18973
2005-10-18,282.19873,281.91727,281.18982,282.27838,281.88144,281.29788
2005-10-19,286.00867,285.6543,284.85406,286.34106,285.8492,285.17117
2005-10-20,289.9255,289.62592,288.88077,290.39005,289.95422,289.33264
2005-10-21,288.2133,288.11075,287.5629,288.5604,288.31128,287.87692
2005-10-22,288.7073,288.34863,287.54492,289.36688,288.8786,288.2055
2005-10-23,290.55972,290.00986,289.01526,290.70984,289.93912,288.9841
2005-10-24,294.00354,293.81494,293.18195,294.36438,294.08603,293.6238
2005-10-25,290.1423,290.09454,289.60278,290.19366,290.01154,289.64597
2005-10-26,289.7859,289.6293,289.0291,289.87775,289.62485,289.18896
2005-10-27,289.64536,289.46756,288.84662,290.04276,289.7901,289.35498
2005-10-28,284.94336,285.00046,284.61487,284.83023,284.74667,284.4811
2005-10-29,279.06158,279.0022,278.50067,279.10388,278.90195,278.51852
2005-10-30,280.2279,279.89886,279.12823,280.57672,280.13312,279.5085
2005-10-31,282.2827,281.84415,280.96448,282.52597,281.88544,281.0643
2005-11-01,286.39865,286.14264,285.44617,286.5922,286.23373,285.6952
2005-11-02,284.32733,284.02127,283.27533,284.34003,283.91644,283.31326
2005-11-03,285.66248,285.534,284.9663,285.99707,285.70627,285.2363
2005-11-04,287.64493,287.35413,286.62482,287.94424,287.5509,286.9789
2005-11-05,287.7638,287.5261,286.85062,287.99594,287.6514,287.12863
2005-11-06,284.09064,283.55948,282.5913,284.2417,283.57465,282.72986
2005-11-07,288.5316,288.04617,287.12448,288.78455,288.16977,287.3777
2005-11-08,288.28058,288.01315,287.31027,288.12592,287.74646,287.1902
2005-11-09,282.94144,282.71045,282.0448,282.7213,282.35034,281.803
2005-11-10,280.17392,280.01544,279.42313,280.1553,279.849,279.36673
2005-11-11,281.02356,281.06494,280.67328,281.01358,280.94516,280.70117
2005-11-12,278.56186,278.44482,277.89557,278.88882,278.59998,278.136
2005-11-13,287.16516,286.80154,286.00662,287.44223,286.9704,286.32385
2005-11-14,287.30524,286.99075,286.24585,287.40503,286.96255,286.34573
2005-11-15,291.4545,291.2459,290.60782,291.52103,291.2434,290.7918
2005-11-16,289.75684,289.71973,289.25397,289.7741,289.62744,289.30722
2005-11-17,283.9161,283.73117,283.11856,284.19064,283.88297,283.40204
2005-11-18,283.18283,282.98993,282.37024,283.01907,282.7042,282.21637
2005-11-19,286.92798,286.43027,285.50662,287.1933,286.58704,285.80807
2005-11-20,287.75363,287.4715,286.7643,287.74252,287.3544,286.7939
2005-11-21,285.30258,285.14252,284.55832,284.45563,284.18732,283.7469
2005-11-22,278.8867,278.53375,277.75754,276.89783,276.4785,275.88724
2005-11-23,273.46912,273.09723,272.3029,273.4139,272.95367,272.32178
2005-11-24,273.958,273.70554,273.03143,274.37936,273.99313,273.4354
2005-11-25,276.56668,276.28647,275.58536,276.78662,276.39053,275.82303
2005-11-26,276.3,276.1136,275.50708,276.54218,276.1955,275.67752
2005-11-27,278.7716,278.90863,278.62628,279.00357,279.0558,278.93683
2005-11-28,277.93802,277.69193,277.02716,277.92535,277.57376,277.0509
2005-11-29,274.29202,274.01978,273.3295,274.83612,274.43,273.85263
2005-11-30,274.54764,274.3586,273.7521,274.39178,274.06552,273.56793
2005-12-01,278.36826,278.2218,277.65848,278.3066,278.06122,277.6444
2005-12-02,280.02744,279.78946,279.1351,280.2446,279.92334,279.43048
2005-12-03,281.68802,281.5157,280.9274,281.37604,281.09378,280.63977
2005-12-04,279.108,279.42584,279.32816,278.95145,279.09763,279.07172
2005-12-05,271.2701,271.11642,270.54758,271.52844,271.2622,270.82364
2005-12-06,270.61694,270.396,269.76013,270.81647,270.49432,269.99945
2005-12-07,274.37222,274.06744,273.3479,274.4786,274.04196,273.43213
2005-12-08,278.91757,278.7909,278.2495,278.69763,278.4766,278.08194
2005-12-09,275.42145,274.96835,274.10062,275.41635,274.76462,273.93878
2005-12-10,274.9647,274.82675,274.27414,274.79245,274.50372,274.04028
2005-12-11,277.0869,276.5164,275.5311,276.43475,275.75717,274.9042
2005-12-12,275.63492,275.28818,274.52655,275.5926,275.1414,274.51413
2005-12-13,270.23175,270.1127,269.5784,270.3341,270.16412,269.81723
2005-12-14,266.58136,266.35352,265.71008,266.58167,266.2329,265.70645
2005-12-15,265.32867,265.10284,264.46097,265.31647,264.9908,264.48657
2005-12-16,266.9685,266.83932,266.29355,267.33136,267.09897,266.68704
2005-12-17,270.7122,270.28693,269.44446,270.78662,270.2689,269.5706
2005-12-18,275.50992,275.1327,274.33755,275.69736,275.25174,274.62448
2005-12-19,269.2429,268.94876,268.23584,269.58582,269.22156,268.67447
2005-12-20,267.83325,267.6884,267.1239,267.9719,267.70868,267.2614
2005-12-21,265.0471,264.97543,264.48315,265.07782,264.87964,264.49615
2005-12-22,265.1617,264.9852,264.38702,265.22842,264.958,264.50098
2005-12-23,265.43713,265.12863,264.39728,265.5714,265.15744,264.55542
2005-12-24,270.37558,269.95493,269.11017,270.1985,269.69168,268.99542
2005-12-25,276.7443,276.5874,276.0051,276.53754,276.27075,275.81305
2005-12-26,275.2883,275.0789,274.4426,275.4619,275.14615,274.63794
2005-12-27,274.7323,274.39627,273.63193,274.4717,273.97018,273.27463
2005-12-28,281.84296,281.5107,280.7486,281.87646,281.442,280.8118
2005-12-29,274.05496,273.96274,273.43896,273.68234,273.44476,273.00977
2005-12-30,271.5928,271.3616,270.6972,271.5076,271.15765,270.6086
2005-12-31,276.7973,276.22147,275.21063,276.68,276.0201,275.15933
2006-01-01,275.90842,275.66187,274.97656,275.89566,275.548,274.99585
2006-01-02,273.49796,273.2895,272.64038,272.82834,272.48233,271.92993
2006-01-03,271.75003,271.39212,270.59155,271.59418,271.09772,270.39297
2006-01-04,282.8223,282.61758,281.9682,282.668,282.3781,281.87808
2006-01-05,276.7993,276.32114,275.39624,276.77905,276.2027,275.41425
2006-01-06,277.89145,277.5065,276.67273,278.06985,277.45303,276.62222
2006-01-07,279.73944,279.53845,278.88647,279.50513,279.1564,278.5917
2006-01-08,274.358,274.4441,274.07712,274.23056,274.17426,273.9001
2006-01-09,269.87573,269.69943,269.0679,269.70984,269.42203,268.9144
2006-01-10,268.79434,268.61185,267.9719,268.47144,268.1723,267.6514
2006-01-11,266.2321,266.04767,265.40372,265.61526,265.28024,264.7216
2006-01-12,264.51303,264.29095,263.60715,264.33447,263.98325,263.4065
2006-01-13,272.77158,272.36337,271.49124,272.71255,272.1298,271.31967
2006-01-14,274.15454,273.95218,273.28378,274.30664,273.97205,273.4083
2006-01-15,274.7671,274.43112,273.627,274.881,274.4086,273.70517
2006-01-16,281.59988,281.35056,280.631,281.82056,281.4221,280.7908
2006-01-17,273.57312,273.62823,273.2111,273.37558,273.33475,273.05945
2006-01-18,277.59476,277.32217,276.57535,277.48605,277.14948,276.57675
2006-01-19,274.09836,273.9673,273.36002,274.1654,273.94196,273.4808
2006-01-20,264.49814,264.62814,264.28015,263.76797,263.784,263.56067
2006-01-21,262.95074,262.72678,262.02295,262.76074,262.38345,261.76544
2006-01-22,270.84308,270.32898,269.33325,270.3316,269.65924,268.7447
2006-01-23,275.40405,275.36636,274.8454,275.14557,274.9762,274.56332
2006-01-24,280.0172,279.64893,278.7958,280.0152,279.508,278.756
2006-01-25,276.32578,276.1646,275.5171,276.173,275.88028,275.34167
2006-01-26,273.11868,272.96597,272.32553,272.9964,272.73923,272.23508
2006-01-27,277.43442,277.2525,276.58154,277.48093,277.1539,276.5789
2006-01-28,275.06183,274.67868,273.80524,275.14264,274.6152,273.83887
2006-01-29,279.62076,279.6857,279.25922,279.02567,278.98926,278.70312
2006-01-30,277.62775,277.2647,276.40927,277.53192,277.00833,276.23434
2006-01-31,280.00793,279.77158,279.0419,279.6629,279.27267,278.63147
2006-02-01,264.76428,264.80554,264.35266,264.63983,264.54404,264.19672
2006-02-02,262.38348,262.32156,261.7649,262.35092,262.11887,261.63495
2006-02-03,262.2784,262.1523,261.53085,262.2788,262.0268,261.52258
2006-02-04,263.7855,263.6531,263.025,263.8246,263.54718,263.01746
2006-02-05,268.84857,268.78183,268.21902,268.61017,268.40118,267.9398
2006-02-06,267.44986,267.35062,266.75516,267.28424,267.0916,266.64664
2006-02-07,273.27902,273.02698,272.2787,273.4762,273.1003,272.47232
2006-02-08,274.1371,274.11334,273.5934,274.12427,273.95526,273.53445
2006-02-09,272.65045,272.35852,271.5706,272.75247,272.33688,271.66977
2006-02-10,274.9542,274.66245,273.87503,275.08362,274.65863,273.98276
2006-02-11,276.04578,275.84833,275.15567,276.29785,275.95294,275.35773
2006-02-12,275.3981,275.3824,274.87204,275.33054,275.16467,274.74924
2006-02-13,271.2915,272.1437,272.50192,271.6162,272.31946,272.774
2006-02-14,262.06165,262.09778,261.64072,261.71094,261.63492,261.31113
2006-02-15,260.9552,260.867,260.28653,260.5272,260.30463,259.8353
2006-02-16,268.8862,268.69345,268.00943,268.7552,268.432,267.86325
2006-02-17,271.37207,271.42514,270.98804,271.33755,271.24255,270.90317
2006-02-18,272.04224,271.76904,271.00696,271.9611,271.5913,270.97852
2006-02-19,269.347,269.2222,268.60986,269.08923,268.8776,268.42435
2006-02-20,271.61417,271.64523,271.19016,271.87564,271.80676,271.49777
2006-02-21,275.17023,275.12222,274.58963,275.37427,275.20227,274.79178
2006-02-22,276.5813,276.4125,275.7606,276.46213,276.17078,275.64255
2006-02-23,274.39264,274.2844,273.69476,274.29922,274.0476,273.56088
2006-02-24,271.91782,271.6224,270.84732,271.9075,271.45618,270.7716
2006-02-25,272.2844,272.14865,271.53506,272.0724,271.80112,271.29846
2006-02-26,271.75787,271.63245,271.03104,271.82663,271.60803,271.15994
2006-02-27,269.66016,269.48947,268.8447,269.32062,269.02573,268.5033
2006-02-28,267.3224,267.0246,266.2547,266.97028,266.49908,265.80234
2006-03-01,271.37354,271.53214,271.22064,271.13544,271.16772,270.97653
2006-03-02,269.88068,269.71765,269.08655,269.793,269.4863,268.95816
2006-03-03,275.69403,275.47556,274.791,276.1188,275.735,275.13187
2006-03-04,277.83038,277.8035,277.3126,277.84164,277.6648,277.2707
2006-03-05,280.03122,279.73965,278.98608,280.05322,279.6453,279.02228
2006-03-06,284.94394,284.7804,284.15692,285.24542,284.98953,284.52063
2006-03-07,281.01724,281.18997,280.9048,281.00568,281.07013,280.92368
2006-03-08,281.86423,281.73636,281.15262,281.88367,281.66693,281.2414
2006-03-09,277.181,277.39563,277.15637,276.87006,277.0208,276.9649
2006-03-10,270.6042,270.6215,270.1869,270.7736,270.67035,270.36243
2006-03-11,268.14493,268.1497,267.70447,267.89163,267.7688,267.44333
2006-03-12,266.60974,266.706,266.35413,266.51575,266.45694,266.1975
2006-03-13,271.80658,271.5928,270.93277,271.73715,271.40665,270.8774
2006-03-14,283.08942,282.8573,282.18073,282.7037,282.44443,281.9883
2006-03-15,278.7724,278.47055,277.72586,278.6893,278.2996,277.7149
2006-03-16,288.15784,287.7902,286.98135,288.32248,287.90002,287.28433
2006-03-17,289.69443,289.5962,289.05823,290.07526,289.92816,289.58948
2006-03-18,286.85028,286.61127,285.9341,286.5403,286.22073,285.71118
2006-03-19,279.80438,279.79315,279.3451,278.52975,278.44278,278.16745
2006-03-20,283.71503,283.4311,282.71164,283.93896,283.5697,283.0135
2006-03-21,287.27554,286.97208,286.23422,287.57742,287.26538,286.7678
2006-03-22,283.01447,282.55557,281.66336,283.0474,282.52417,281.81662
2006-03-23,281.09283,280.72833,279.93155,281.3372,280.87518,280.2301
2006-03-24,283.45367,283.0835,282.28183,283.8498,283.39587,282.75992
2006-03-25,287.55402,287.25784,286.5309,287.84995,287.4814,286.9319
2006-03-26,288.6757,288.41782,287.7298,288.71588,288.37555,287.855
2006-03-27,288.76486,288.3928,287.59113,288.93146,288.48456,287.85828
2006-03-28,286.60046,286.28528,285.5408,286.12283,285.7073,285.11304
2006-03-29,288.1173,287.48523,286.4241,287.63254,286.90735,286.00394
2006-03-30,289.2627,288.93604,288.18054,289.1768,288.7375,288.12042
2006-03-31,291.48956,291.02383,290.1293,292.07587,291.48734,290.72144
2006-04-01,287.4613,286.85178,285.8133,287.65802,286.90515,285.9751
2006-04-02,289.83817,289.43115,288.59503,290.18533,289.67014,288.97794
2006-04-03,291.89328,291.66464,291.00647,291.8507,291.52087,291.01392
2006-04-04,291.03088,290.73352,290.0062,291.44604,291.03217,290.44113
2006-04-05,285.30237,285.22583,284.71878,285.49112,285.3087,284.94888
2006-04-06,284.27704,284.03366,283.35907,284.14255,283.78244,283.2446
2006-04-07,288.7805,288.30713,287.40176,288.61237,288.01303,287.23553
2006-04-08,291.9208,291.68115,291.00858,291.70587,291.3393,290.79407
2006-04-09,286.91977,286.70236,286.05106,286.6436,286.34055,285.85822
2006-04-10,292.23288,291.90344,291.139,292.5379,292.14615,291.57437
2006-04-11,287.8801,287.4995,286.68268,288.18463,287.70746,287.04944
2006-04-12,291.23404,290.99265,290.31372,291.29318,290.94485,290.4148
2006-04-13,293.012,292.8412,292.23154,293.0766,292.81003,292.36078
2006-04-14,290.66516,290.16193,289.21838,291.05106,290.45645,289.67813
2006-04-15,294.2012,293.85913,293.07523,294.1393,293.7539,293.18365
2006-04-16,288.666,288.53125,287.95316,288.40277,288.18298,287.77722
2006-04-17,287.36496,287.1185,286.427,286.8626,286.4683,285.88675
2006-04-18,286.65494,286.45782,285.814,286.39777,286.08057,285.5749
2006-04-19,288.13922,288.05927,287.5309,287.71713,287.5545,287.2021
2006-04-20,283.9094,283.84677,283.33398,283.47955,283.31363,282.95654
2006-04-21,285.5177,285.31345,284.65732,285.34573,284.9965,284.45468
2006-04-22,284.07135,284.09494,283.66483,283.98218,283.86142,283.5467
2006-04-23,281.92233,281.83047,281.2831,281.99384,281.75223,281.31522
2006-04-24,282.4159,282.19522,281.5172,282.09714,281.75635,281.21875
2006-04-25,289.26007,289.196,288.67285,288.88983,288.65433,288.22052
2006-04-26,285.4937,285.3314,284.70822,285.45227,285.17224,284.6925
2006-04-27,288.22095,288.02634,287.3691,287.92435,287.65045,287.17548
2006-04-28,288.07217,287.86008,287.1836,287.62125,287.28723,286.75067
2006-04-29,288.92862,288.7286,288.06256,289.0034,288.6876,288.16788
2006-04-30,292.58157,292.33337,291.61746,292.88602,292.49503,291.89877
2006-05-01,297.34,297.17038,296.5314,297.3766,297.09662,296.61014
2006-05-02,296.31073,296.19153,295.60147,295.87073,295.62857,295.1786
2006-05-03,292.60352,292.49774,291.91962,292.54492,292.29175,291.8296
2006-05-04,294.33762,294.0224,293.23343,294.9007,294.4533,293.79575
2006-05-05,296.22482,296.03488,295.36984,296.7318,296.4165,295.88998
2006-05-06,293.51953,293.41946,292.8431,293.55353,293.31345,292.86108
2006-05-07,289.38428,289.3573,288.8528,288.98914,288.83228,288.46228
2006-05-08,289.799,289.5945,288.9115,290.00076,289.7127,289.21066
2006-05-09,290.79428,290.6378,290.0018,290.779,290.50293,290.01215
2006-05-10,286.98883,286.58823,285.7073,286.6798,286.18903,285.48282
2006-05-11,286.57986,286.81903,286.5772,286.3862,286.54034,286.47845
2006-05-12,288.2242,288.15286,287.59985,288.0622,287.8608,287.44302
2006-05-13,288.02194,288.00812,287.5121,288.1905,288.05386,287.7005
2006-05-14,287.9316,287.74973,287.0853,287.9808,287.62714,287.05646
2006-05-15,295.97552,295.9246,295.39087,296.8387,296.6805,296.3052
2006-05-16,298.71304,298.39157,297.58713,299.12128,298.71457,298.09076
2006-05-17,299.83347,299.53372,298.75104,300.1323,299.73825,299.12717
2006-05-18,295.5621,295.4256,294.8063,296.06152,295.80447,295.3306
2006-05-19,300.00696,299.77322,299.05695,300.53104,300.18744,299.62735
2006-05-20,299.60745,299.5374,298.98523,300.09018,299.90674,299.5073
2006-05-21,299.9963,299.67734,298.87668,300.24115,299.7936,299.13065
2006-05-22,301.16003,301.22476,300.80847,301.1865,301.13235,300.86353
2006-05-23,296.74136,296.9066,296.59158,296.41452,296.40768,296.18695
2006-05-24,295.5113,295.78885,295.58713,295.44046,295.5907,295.528
2006-05-25,292.58392,292.41522,291.76825,292.6331,292.29626,291.74756
2006-05-26,295.84766,295.73923,295.15372,295.91922,295.66953,295.2091
2006-05-27,294.58273,294.41653,293.7745,294.2682,293.9607,293.44382
2006-05-28,294.5239,294.3127,293.6271,295.26312,294.90204,294.33298
2006-05-29,293.57196,293.60965,293.17444,293.17493,293.1288,292.87628
2006-05-30,293.2725,293.30414,292.86444,293.25107,293.17133,292.88675
2006-05-31,296.4259,296.49512,296.0948,296.511,296.43912,296.16415
2006-06-01,295.60587,295.41425,294.7549,296.51608,296.17203,295.62674
2006-06-02,296.12823,295.99518,295.39633,296.99777,296.7371,296.2771
2006-06-03,295.48038,294.965,293.9859,295.8278,295.18707,294.34906
2006-06-04,296.5732,296.60168,296.16852,296.7142,296.60242,296.29544
2006-06-05,297.37146,297.34363,296.85635,297.41284,297.26288,296.9199
2006-06-06,293.87418,293.6893,293.0472,293.81992,293.50052,292.9903
2006-06-07,296.26956,296.0799,295.43536,296.31366,296.00226,295.50244
2006-06-08,299.1253,298.9469,298.316,299.35397,299.0633,298.58655
2006-06-09,300.50146,300.23566,299.51984,300.3942,299.9822,299.38657
2006-06-10,300.77048,300.36856,299.5191,301.5379,301.00406,300.289
2006-06-11,297.29074,296.75992,295.78412,297.64847,296.95435,296.08154
2006-06-12,300.81424,300.9103,300.56393,301.13345,301.08292,300.85626
2006-06-13,296.3537,296.31757,295.84155,296.35764,296.2001,295.86908
2006-06-14,300.87323,300.6846,300.05872,301.1688,300.84793,300.35614
2006-06-15,297.75937,297.5506,296.90714,297.6964,297.29437,296.72397
2006-06-16,301.3819,301.34668,300.87936,302.11044,301.90826,301.54034
2006-06-17,299.13113,298.82,298.07935,299.52557,299.1064,298.5241
2006-06-18,299.37042,299.12173,298.44617,299.2894,298.92346,298.39697
2006-06-19,299.64578,299.52362,298.97717,299.30246,299.06516,298.66992
2006-06-20,297.9235,297.68347,297.02173,298.95972,298.5244,297.93378
2006-06-21,297.52087,297.279,296.61792,297.93762,297.55182,297.01312
2006-06-22,294.87814,294.57617,293.85745,295.2,294.70947,294.06854
2006-06-23,294.74026,294.6305,294.1064,294.65976,294.39954,293.99133
2006-06-24,296.0598,296.07947,295.68716,296.33435,296.2108,295.94162
2006-06-25,299.9789,299.70435,299.02014,300.15173,299.7321,299.16922
2006-06-26,303.7419,303.55844,302.96762,303.76834,303.45786,303.0064
2006-06-27,304.3888,304.17905,303.56418,304.4159,304.01163,303.4686
2006-06-28,306.11307,305.71667,304.91727,306.27365,305.69525,304.98016
2006-06-29,303.19086,303.07834,302.56485,303.27756,303.02435,302.6365
2006-06-30,304.37622,304.01355,303.2519,304.62256,304.15823,303.56125
2006-07-01,306.90195,306.59802,305.8969,307.35147,306.90857,306.33484
2006-07-02,302.09106,301.71814,300.9498,302.30847,301.79788,301.15833
2006-07-03,301.58582,301.79132,301.6032,301.38272,301.47037,301.43063
2006-07-04,295.9351,295.92505,295.52292,295.71674,295.52682,295.21112
2006-07-05,299.69067,299.49792,298.91458,299.75156,299.43246,298.98898
2006-07-06,301.75375,301.3171,300.4913,301.99216,301.43896,300.76282
2006-07-07,302.7329,303.02246,302.9241,301.9532,302.1406,302.20627
2006-07-08,298.33832,298.22437,297.7236,297.93842,297.68137,297.30374
2006-07-09,300.0746,300.05048,299.64062,299.83984,299.66263,299.36578
2006-07-10,298.78564,298.6406,298.11072,299.639,299.33713,298.91653
2006-07-11,297.5168,297.47015,297.03955,297.82117,297.6237,297.30817
2006-07-12,297.57474,297.42368,296.88937,298.04785,297.75195,297.33878
2006-07-13,295.93344,295.90283,295.48962,296.37396,296.19272,295.89462
2006-07-14,299.0748,298.44632,297.43576,298.81238,298.03253,297.13632
2006-07-15,298.03015,297.61978,296.82767,298.66058,298.08936,297.402
2006-07-16,300.6575,300.5619,300.0848,300.5453,300.3352,300.00916
2006-07-17,304.6242,304.38397,303.76245,304.91733,304.56723,304.1012
2006-07-18,302.71426,302.65237,302.2093,303.20667,302.99954,302.67636
2006-07-19,302.89563,302.57758,301.87823,302.8075,302.3463,301.76892
2006-07-20,302.66818,302.50366,301.95773,302.51422,302.25638,301.88202
2006-07-21,300.89413,300.8636,300.45145,300.59552,300.4377,300.16296
2006-07-22,300.35278,300.32278,299.91083,300.27988,300.09875,299.80014
2006-07-23,302.9041,302.8962,302.5059,302.55823,302.45618,302.23605
2006-07-24,298.9792,298.79666,298.23123,299.08542,298.78464,298.36502
2006-07-25,299.42108,299.35126,298.89792,299.2668,299.09552,298.80447
2006-07-26,296.00287,295.78302,295.17896,296.25528,295.8849,295.3938
2006-07-27,299.1011,298.7735,298.0609,299.37857,298.9527,298.4051
2006-07-28,301.1198,300.7579,300.01016,301.53125,301.0283,300.40256
2006-07-29,299.6326,299.2252,298.43106,300.46826,299.95163,299.311
2006-07-30,299.87177,299.62363,298.9878,299.83374,299.4368,298.9146
2006-07-31,299.39282,299.23532,298.6891,300.0867,299.75122,299.2891
2006-08-01,301.69873,301.4581,300.82767,302.14255,301.7839,301.29718
2006-08-02,298.50134,298.42236,297.95245,299.10388,298.8703,298.50717
2006-08-03,302.85944,302.56967,301.88776,303.2395,302.83112,302.2916
2006-08-04,303.67313,303.43253,302.7985,304.24268,303.8962,303.41702
2006-08-05,302.6709,302.36868,301.67184,303.40814,302.99744,302.45236
2006-08-06,300.5767,300.06094,299.14926,300.57333,299.9268,299.14423
2006-08-07,299.92307,299.77005,299.21976,299.98276,299.65463,299.18875
2006-08-08,298.60532,298.3844,297.76477,298.66086,298.30734,297.8143
2006-08-09,300.06375,299.6915,298.91922,300.38162,299.8587,299.1945
2006-08-10,304.906,304.76535,304.22318,305.34174,305.09427,304.70358
2006-08-11,300.36923,300.5479,300.32367,300.6363,300.70306,300.62485
2006-08-12,295.0263,294.90134,294.372,294.97122,294.69208,294.26605
2006-08-13,296.8412,296.71362,296.18027,296.583,296.33423,295.9367
2006-08-14,298.22385,298.15216,297.67325,297.62564,297.4154,297.0546
2006-08-15,294.5974,294.38965,293.77325,294.20944,293.87146,293.38107
2006-08-16,296.5394,296.33804,295.72662,296.33502,296.00058,295.5119
2006-08-17,298.29987,298.05627,297.4012,297.91693,297.5312,296.98935
2006-08-18,300.09274,299.91614,299.32663,299.67526,299.36487,298.89655
2006-08-19,298.9716,298.83627,298.2867,298.3317,298.07532,297.6592
2006-08-20,297.3084,297.07428,296.42447,297.02893,296.6708,296.15125
2006-08-21,295.47052,295.2596,294.63165,296.08435,295.67682,295.10605
2006-08-22,295.0999,294.84415,294.17004,295.3262,294.96436,294.43753
2006-08-23,294.63562,294.521,293.98676,294.6699,294.42352,294.0105
2006-08-24,295.20224,295.122,294.6209,295.35248,295.15338,294.786
2006-08-25,294.24963,294.06494,293.45807,294.49814,294.1748,293.68164
2006-08-26,294.06836,293.86014,293.22855,294.39056,294.05035,293.5387
2006-08-27,295.41916,295.06708,294.29044,295.70737,295.22507,294.5698
2006-08-28,300.60883,300.2364,299.43826,300.97787,300.45694,299.7616
2006-08-29,296.2932,296.24435,295.76868,296.2931,296.0935,295.7181
2006-08-30,291.20422,291.0005,290.3688,291.01517,290.67108,290.14984
2006-08-31,295.08322,294.79016,294.06805,295.2322,294.80276,294.1948
2006-09-01,293.26324,292.84195,291.99063,293.96234,293.38193,292.62177
2006-09-02,297.24384,297.25198,296.8292,297.26645,297.21182,296.97623
2006-09-03,299.81,299.48474,298.72757,300.08276,299.6236,298.9824
2006-09-04,296.76862,296.35483,295.50824,297.3678,296.79614,296.04132
2006-09-05,293.59042,293.44623,292.86835,293.8209,293.48917,292.97324
2006-09-06,296.7593,296.4948,295.7958,296.77835,296.44507,295.92667
2006-09-07,300.09683,299.93024,299.3283,300.31274,300.06348,299.6282
2006-09-08,298.5912,298.61606,298.20483,298.38562,298.36768,298.16284
2006-09-09,294.1865,293.98135,293.3394,293.99985,293.643,293.09845
2006-09-10,290.28928,290.1342,289.54163,290.21396,289.91434,289.4263
2006-09-11,296.79025,296.50565,295.78287,296.97394,296.56955,295.9761
2006-09-12,294.78583,294.80316,294.38168,294.2524,294.17932,293.91653
2006-09-13,291.55185,291.2533,290.5153,291.3982,290.97446,290.3604
2006-09-14,294.84552,294.64404,294.00262,295.00372,294.6754,294.15634
2006-09-15,295.24368,295.03452,294.38483,295.28418,294.9867,294.498
2006-09-16,295.8626,295.39774,294.49182,296.21136,295.60504,294.80707
2006-09-17,294.10162,293.93225,293.32138,293.55463,293.25092,292.75522
2006-09-18,292.68637,292.66568,292.20303,292.28143,292.1353,291.79697
2006-09-19,290.29477,290.15808,289.57898,290.08044,289.80157,289.3302
2006-09-20,291.43024,291.21097,290.54886,291.42288,291.08295,290.5503
2006-09-21,291.61862,291.47308,290.88437,291.39456,291.08078,290.57413
2006-09-22,297.1778,296.91138,296.20135,297.1057,296.71216,296.1256
2006-09-23,294.35013,293.87463,292.9552,294.9137,294.3129,293.519
2006-09-24,292.60168,292.13565,291.2254,292.8342,292.2551,291.48285
2006-09-25,297.7148,297.3495,296.5396,297.96725,297.48093,296.80148
2006-09-26,295.60788,295.46994,294.88718,295.7544,295.51184,295.07617
2006-09-27,294.22638,294.09464,293.51785,294.38412,294.12906,293.68097
2006-09-28,295.75616,295.67874,295.15604,296.16916,295.9524,295.54266
2006-09-29,293.3669,293.3829,292.95343,293.24805,293.12485,292.8089
2006-09-30,295.44348,295.4627,295.03616,295.50168,295.40793,295.12152
2006-10-01,290.2152,290.15,289.6389,290.22147,290.0344,289.65488
2006-10-02,290.61032,290.45078,289.84512,290.53778,290.25146,289.7729
2006-10-03,293.19446,292.94507,292.2495,293.57608,293.21863,292.66913
2006-10-04,290.20193,290.1557,289.6631,290.03052,289.86188,289.50153
2006-10-05,289.9813,290.0021,289.57645,290.00623,289.8695,289.54135
2006-10-06,292.45578,292.29324,291.68414,292.61395,292.35516,291.90515
2006-10-07,289.6643,289.5563,289.0017,289.75232,289.50778,289.07236
2006-10-08,288.48062,288.3181,287.70895,288.45065,288.15576,287.67035
2006-10-09,286.98947,286.81314,286.19012,286.56363,286.33105,285.9083
2006-10-10,289.27356,288.80624,287.8922,287.89127,287.22717,286.3732
2006-10-11,290.9641,290.7415,290.07214,290.26755,289.9047,289.35236
2006-10-12,293.00565,291.94162,290.43094,292.4952,291.21808,289.75183
2006-10-13,294.97226,293.79984,292.1808,295.0378,293.69427,292.16202
2006-10-14,300.1872,299.99936,299.36493,300.42664,300.13306,299.65118
2006-10-15,298.9829,298.77463,298.11987,299.43768,299.12598,298.6264
2006-10-16,293.99722,293.88107,293.3186,294.54004,294.3105,293.89343
2006-10-17,285.5408,285.43335,284.8797,285.55298,285.32718,284.9143
2006-10-18,289.48087,289.14682,288.3668,289.64432,289.15808,288.4853
2006-10-19,290.59442,290.5547,290.06912,290.19135,290.0276,289.67764
2006-10-20,285.30762,285.23566,284.7181,285.16928,284.95078,284.54654
2006-10-21,285.6344,284.71243,283.34512,285.18927,284.1676,282.9607
2006-10-22,288.2313,287.73578,286.7952,288.01376,287.37134,286.54407
2006-10-23,295.42987,295.42596,294.9773,295.52786,295.46304,295.21393
2006-10-24,292.76154,292.68234,292.15875,292.97012,292.7869,292.41983
2006-10-25,286.61624,286.59268,286.12512,286.99017,286.83588,286.49814
2006-10-26,287.121,287.23764,286.9107,286.94263,286.97104,286.8165
2006-10-27,280.84363,280.98068,280.6746,280.6094,280.61105,280.4303
2006-10-28,275.91342,275.72284,275.08963,275.98843,275.6541,275.1378
2006-10-29,276.3698,275.90894,275.00592,276.1579,275.53192,274.7245
2006-10-30,279.51245,279.23175,278.50946,279.59857,279.18845,278.59732
2006-10-31,284.6452,283.95706,282.82782,284.96677,284.08826,283.02914
2006-11-01,291.78662,291.50916,290.7912,292.2828,291.89993,291.33698
2006-11-02,291.9014,291.68326,291.02527,292.28387,291.93835,291.41324
2006-11-03,291.4702,291.20734,290.50525,291.85315,291.46692,290.90155
2006-11-04,290.7324,290.45224,289.73358,291.2414,290.8169,290.21375
2006-11-05,289.26883,288.94305,288.17953,290.10046,289.65015,289.02167
2006-11-06,292.67026,292.32303,291.53876,292.72034,292.23938,291.5807
2006-11-07,294.02017,293.816,293.17557,294.20074,293.93283,293.48764
2006-11-08,291.654,291.46234,290.83524,291.6686,291.37302,290.9006
2006-11-09,292.33603,292.04547,291.32022,292.5436,292.07382,291.4276
2006-11-10,291.2562,290.98178,290.2735,291.60095,291.20068,290.62442
2006-11-11,274.98755,274.79593,274.17126,274.84268,274.501,273.98376
2006-11-12,279.23813,279.17676,278.68317,279.1338,278.86972,278.4305
2006-11-13,285.5819,285.36447,284.71576,285.7508,285.3772,284.82892
2006-11-14,288.019,287.51108,286.57272,288.05618,287.41293,286.5954
2006-11-15,290.9574,290.63306,289.87924,291.37665,290.9076,290.26456
2006-11-16,291.69247,291.47946,290.83786,291.75345,291.41113,290.89523
2006-11-17,289.22754,289.17654,288.69785,289.234,289.06967,288.7321
2006-11-18,280.4413,280.44525,280.02234,280.33905,280.17905,279.8461
2006-11-19,272.0335,271.78644,271.11343,272.02795,271.56644,270.93228
2006-11-20,278.87784,278.60352,277.9041,278.7534,278.34296,277.7602
2006-11-21,288.18777,287.8453,287.0787,288.4029,287.9428,287.31058
2006-11-22,288.95038,288.59998,287.82626,289.36215,288.88055,288.22702
2006-11-23,288.74323,288.48492,287.80417,288.7206,288.32455,287.7568
2006-11-24,280.62384,280.29855,279.55164,280.35526,279.8992,279.2716
2006-11-25,281.0043,280.73532,280.04544,281.8562,281.45096,280.8743
2006-11-26,283.2713,282.88297,282.0745,283.5919,283.081,282.39877
2006-11-27,285.82693,285.47797,284.70956,285.95514,285.513,284.89963
2006-11-28,286.09918,285.7534,284.98892,286.08926,285.64297,285.02542
2006-11-29,280.43024,280.40878,279.96933,280.20282,280.10785,279.84164
2006-11-30,275.20312,274.86813,274.1157,275.41473,274.92447,274.2629
2006-12-01,280.15497,279.55078,278.52972,280.25916,279.5491,278.66763
2006-12-02,280.79044,280.28397,279.36118,280.59344,279.8575,278.95
2006-12-03,282.22693,281.96216,281.28146,282.2917,281.88507,281.3067
2006-12-04,275.37122,275.06183,274.3369,275.561,275.15683,274.58063
2006-12-05,279.58243,279.1025,278.20737,280.01147,279.46246,278.74115
2006-12-06,278.52255,278.36636,277.79523,278.78992,278.51804,278.07343
2006-12-07,279.2741,279.02307,278.3573,279.23288,278.88678,278.36755
2006-12-08,278.30368,278.20364,277.6889,277.424,277.16025,276.7229
2006-12-09,275.1171,275.15604,274.78036,275.12497,275.06744,274.83585
2006-12-10,272.71198,272.68427,272.2419,272.5761,272.44107,272.1313
2006-12-11,268.3947,268.36533,267.92117,268.2468,268.10226,267.78235
2006-12-12,265.66864,265.52637,264.96915,265.57452,265.31433,264.87802
2006-12-13,265.48724,265.28152,264.66058,265.479,265.16852,264.68118
2006-12-14,267.00412,266.5583,265.69687,266.89697,266.3018,265.5289
2006-12-15,270.0502,269.60696,268.74765,270.48798,269.93796,269.20938
2006-12-16,273.96783,273.61957,272.8547,273.78635,273.31155,272.65726
2006-12-17,273.12027,272.6646,271.79175,273.20346,272.64093,271.89783
2006-12-18,276.10315,275.86716,275.2132,276.2989,276.00073,275.52094
2006-12-19,270.27322,270.16714,269.64227,270.52255,270.3319,269.95844
2006-12-20,266.0686,265.8264,265.16452,266.21997,265.86188,265.31973
2006-12-21,268.3733,268.2288,267.66367,268.76083,268.51703,268.08792
2006-12-22,269.22855,269.01056,268.37088,269.14474,268.8394,268.3474
2006-12-23,269.47525,269.28885,268.6796,269.47748,269.21094,268.75638
2006-12-24,269.146,268.9911,268.41205,269.2884,269.0638,268.6498
2006-12-25,269.90027,269.20828,268.0909,269.87698,269.0515,268.03513
2006-12-26,272.0314,271.63016,270.80203,271.9119,271.3739,270.64346
2006-12-27,270.91736,270.56927,269.79288,271.28174,270.76062,270.04544
2006-12-28,273.4336,272.93185,272.00024,273.42883,272.80377,271.98303
2006-12-29,275.76254,275.59735,275.00067,275.88535,275.6064,275.13004
2006-12-30,275.1404,274.9852,274.3968,275.0596,274.82913,274.3995
2006-12-31,272.90894,272.72556,272.10715,272.87405,272.58966,272.1043
2007-01-01,270.15735,270.04028,269.48447,270.13986,269.91586,269.48734
2007-01-02,263.95087,263.64944,262.90738,263.88455,263.47934,262.86774
2007-01-03,276.5545,276.19263,275.3881,276.50934,275.99542,275.27325
2007-01-04,276.50745,276.49008,276.02805,276.16504,275.97058,275.56595
2007-01-05,259.33557,259.4596,259.1369,259.1353,259.08636,258.82535
2007-01-06,267.75418,267.4694,266.73578,267.71747,267.2835,266.63556
2007-01-07,266.72534,266.4145,265.65265,266.95316,266.47824,265.78735
2007-01-08,271.65866,271.40433,270.69687,271.6918,271.27313,270.63663
2007-01-09,277.7089,277.5166,276.86902,277.7144,277.41513,276.89606
2007-01-10,272.8239,272.97433,272.66733,272.63867,272.71408,272.56775
2007-01-11,268.74368,268.45657,267.70993,268.4951,268.09875,267.47882
2007-01-12,266.93063,266.59,265.7876,266.84995,266.40115,265.7268
2007-01-13,269.31238,269.07584,268.37537,269.36844,268.94638,268.29694
2007-01-14,273.41837,273.24683,272.60928,273.39465,273.11118,272.59854
2007-01-15,272.6398,272.57272,272.0375,272.45276,272.27966,271.87555
2007-01-16,273.2633,273.18198,272.63046,273.28464,273.0962,272.675
2007-01-17,275.5765,275.49176,274.9348,275.55374,275.31964,274.8511
2007-01-18,275.916,275.87857,275.36694,275.80997,275.64203,275.238
2007-01-19,273.2656,273.1926,272.6434,273.5612,273.38852,272.97812
2007-01-20,271.6648,271.64322,271.14368,271.92343,271.81058,271.45844
2007-01-21,268.76538,269.0925,268.93976,269.19476,269.39755,269.3596
2007-01-22,275.59756,275.9873,275.89548,275.87903,276.1302,276.13916
2007-01-23,267.6759,268.08655,268.01398,267.78458,268.1046,268.1812
2007-01-24,265.19543,265.05133,264.4224,265.3741,265.0914,264.56387
2007-01-25,268.37805,268.20142,267.53845,268.53458,268.23837,267.69626
2007-01-26,268.27417,268.18027,267.59863,268.37012,268.16388,267.71066
2007-01-27,268.3715,268.51334,268.16614,268.7654,268.76636,268.51932
2007-01-28,272.59164,272.47815,271.87436,272.29306,272.05893,271.5759
2007-01-29,267.22687,267.27637,266.83447,266.68173,266.60315,266.2748
2007-01-30,268.956,268.88007,268.3117,268.73804,268.5597,268.1309
2007-01-31,269.7931,269.73135,269.17627,269.81555,269.60425,269.14197
2007-02-01,272.89044,272.89563,272.40668,272.90955,272.82593,272.49084
2007-02-02,273.45087,273.34964,272.75363,273.3485,273.12518,272.65
2007-02-03,272.31857,272.0942,271.37445,272.5049,272.12167,271.48627
2007-02-04,271.7141,271.53333,270.85675,271.86627,271.52625,270.93387
2007-02-05,267.77374,267.88113,267.49246,267.95523,267.92328,267.6389
2007-02-06,268.4154,268.334,267.7564,268.36023,268.1455,267.67844
2007-02-07,268.1054,268.05328,267.50488,268.09726,267.9084,267.46738
2007-02-08,265.8572,265.74396,265.13455,265.5594,265.31857,264.82596
2007-02-09,267.50903,267.46872,266.9324,267.6258,267.46347,267.04968
2007-02-10,269.86386,269.96375,269.5679,269.77527,269.75815,269.49014
2007-02-11,267.28284,267.23828,266.69852,267.2006,267.02548,266.6001
2007-02-12,267.0749,266.91147,266.2534,266.71582,266.40625,265.8471
2007-02-13,269.6846,269.74854,269.3185,269.30795,269.2177,268.87875
2007-02-14,269.95978,269.6856,268.91827,270.34976,269.95767,269.31778
2007-02-15,270.37195,270.3189,269.7736,270.0204,269.8361,269.40503
2007-02-16,268.16797,267.87433,267.08945,267.86337,267.4322,266.75543
2007-02-17,273.39902,273.07407,272.259,273.40842,272.9825,272.31226
2007-02-18,273.63885,273.41168,272.69562,273.71326,273.35016,272.74408
2007-02-19,274.43576,274.4164,273.9095,274.2824,274.14938,273.77475
2007-02-20,270.6538,270.6175,270.09506,270.07877,269.8912,269.46353
2007-02-21,266.5293,266.658,266.30206,266.30508,266.2909,266.03827
2007-02-22,267.4988,267.44125,266.9006,267.7772,267.58698,267.15994
2007-02-23,269.58115,269.5323,269.002,269.56995,269.39197,268.9789
2007-02-24,274.82855,274.80536,274.30255,274.97867,274.82004,274.42816
2007-02-25,274.07562,274.01935,273.48526,274.04736,273.85135,273.42392
2007-02-26,275.9691,275.8237,275.2023,276.1113,275.8378,275.33478
2007-02-27,281.34653,280.9244,280.0282,281.00586,280.45868,279.684
2007-02-28,278.27258,278.04108,277.33746,278.31412,277.99063,277.4416
2007-03-01,270.6077,270.49875,269.91968,270.06198,269.81717,269.34888
2007-03-02,267.58182,267.5236,266.99728,267.3212,267.1054,266.66818
2007-03-03,271.1612,271.10034,270.5734,272.08194,271.8734,271.4456
2007-03-04,273.42645,273.40707,272.9237,273.0691,272.9211,272.5559
2007-03-05,270.82092,270.7504,270.21783,270.70215,270.47665,270.036
2007-03-06,271.90317,271.64188,270.92062,272.06277,271.69293,271.11008
2007-03-07,271.53638,271.21088,270.42746,271.63913,271.1581,270.46616
2007-03-08,269.25626,269.013,268.31393,268.97855,268.53555,267.8838
2007-03-09,267.5034,267.3766,266.79593,267.2247,266.93646,266.44153
2007-03-10,263.7778,263.74338,263.25702,263.42786,263.23416,262.83575
2007-03-11,265.5632,265.43076,264.8483,265.4652,265.19507,264.72226
2007-03-12,272.618,272.72784,272.3896,272.6138,272.5798,272.34518
2007-03-13,274.00092,274.01102,273.57483,273.96588,273.8437,273.5228
2007-03-14,272.02414,272.22522,271.9818,272.1731,272.23,272.09012
2007-03-15,274.67172,274.71655,274.31857,274.51718,274.43384,274.15552
2007-03-16,272.42197,272.35834,271.8535,272.5317,272.30878,271.8926
2007-03-17,270.52512,270.60602,270.24725,270.57318,270.50223,270.23972
2007-03-18,270.6053,270.5377,270.03192,270.3299,270.16205,269.80426
2007-03-19,274.3286,274.0435,273.32156,274.06818,273.6991,273.14166
2007-03-20,270.12674,269.9037,269.24506,269.82407,269.48984,268.96872
2007-03-21,271.22675,270.98166,270.30222,270.984,270.61572,270.0619
2007-03-22,277.80737,277.63806,277.03546,277.23682,276.96234,276.50354
2007-03-23,275.9864,275.7852,275.15167,275.65323,275.3193,274.80225
2007-03-24,276.5639,276.42108,275.8468,276.402,276.1526,275.72116
2007-03-25,275.47394,275.2414,274.57812,275.4311,275.09637,274.58063
2007-03-26,274.5883,274.42938,273.8403,274.25656,273.94794,273.45914
2007-03-27,278.26593,278.08194,277.46835,278.08588,277.76498,277.26474
2007-03-28,280.16766,279.94437,279.2918,280.16843,279.83212,279.31708
2007-03-29,282.09186,281.80225,281.08362,282.0699,281.67865,281.10922
2007-03-30,283.11676,283.03143,282.51727,283.52563,283.2887,282.87402
2007-03-31,279.87787,279.82074,279.33484,280.34415,280.12427,279.72702
2007-04-01,283.10962,282.90735,282.27612,282.998,282.72888,282.2826
2007-04-02,283.0349,282.9582,282.45233,283.26526,283.08728,282.73227
2007-04-03,279.73962,279.3926,278.6161,279.72354,279.3034,278.70615
2007-04-04,279.60928,279.5968,279.15433,279.30917,279.21713,278.94794
2007-04-05,275.07416,275.029,274.5533,274.77448,274.5917,274.23157
2007-04-06,275.46207,275.61072,275.3282,275.63388,275.613,275.41443
2007-04-07,269.48123,269.4349,268.95657,269.31436,269.1094,268.72632
2007-04-08,276.45602,276.21423,275.5395,276.26834,275.87854,275.3101
2007-04-09,277.783,277.64792,277.07895,276.90897,276.616,276.14374
2007-04-10,282.719,282.4703,281.7866,282.29004,281.91504,281.36005
2007-04-11,279.0063,278.4573,277.4721,278.8747,278.0723,277.08908
2007-04-12,281.31964,281.2597,280.76224,281.05914,280.88416,280.5274
2007-04-13,282.55548,282.64966,282.30496,281.95206,281.9342,281.7337
2007-04-14,281.54984,281.33914,280.6881,281.26196,280.90912,280.37253
2007-04-15,282.07373,281.8985,281.28146,281.6799,281.382,280.8993
2007-04-16,283.33044,283.1897,282.6056,282.96036,282.69882,282.2513
2007-04-17,285.99023,285.82523,285.21518,285.8047,285.5443,285.0967
2007-04-18,287.28946,286.97614,286.21613,287.57166,287.1378,286.5154
2007-04-19,287.19675,286.87076,286.09637,287.41763,286.98328,286.35913
2007-04-20,290.16748,289.93552,289.25336,290.446,290.11835,289.5995
2007-04-21,290.97363,290.58957,289.75363,291.1379,290.6496,289.96875
2007-04-22,290.34,290.26926,289.7448,290.9744,290.77426,290.38013
2007-04-23,288.3485,287.8757,286.94736,288.68057,288.06747,287.25894
2007-04-24,289.13364,288.7897,287.9885,289.87283,289.3907,288.7117
2007-04-25,285.22543,284.8666,284.04868,285.65594,285.142,284.42978
2007-04-26,287.5703,286.83118,285.6312,287.57462,286.7102,285.64612
2007-04-27,293.38138,293.2086,292.5732,293.48425,293.20367,292.722
2007-04-28,292.36795,292.29608,291.75983,292.65115,292.49667,292.13968
2007-04-29,290.32916,290.20596,289.61673,290.3065,290.1206,289.73083
2007-04-30,291.28934,291.04083,290.3246,291.56586,291.25058,290.73007
2007-05-01,292.69162,292.42847,291.69598,293.02322,292.66,292.0902
2007-05-02,293.69702,293.5267,292.88553,293.81622,293.53217,293.0403
2007-05-03,294.51163,294.3433,293.7026,294.5309,294.23456,293.72922
2007-05-04,295.49707,295.26175,294.55267,295.74265,295.38757,294.82233
2007-05-05,299.2594,299.03763,298.3408,299.22882,298.92474,298.40945
2007-05-06,302.01926,301.9129,301.33023,302.00302,301.80832,301.40134
2007-05-07,296.0024,295.97543,295.47095,295.58728,295.38928,294.97815
2007-05-08,299.5318,299.44104,298.87177,299.55255,299.2605,298.75443
2007-05-09,303.8897,303.5105,302.65182,303.7893,303.36746,302.7309
2007-05-10,297.29843,296.9786,296.17844,297.07294,296.619,295.94962
2007-05-11,289.01154,288.80627,288.11996,288.64456,288.2783,287.69598
2007-05-12,290.72214,290.61905,290.03427,290.59665,290.3514,289.8898
2007-05-13,292.36606,292.16248,291.47668,292.26636,291.88,291.27692
2007-05-14,289.62717,289.46927,288.82883,289.84644,289.53067,288.99786
2007-05-15,288.27634,287.53055,286.3019,288.3123,287.39493,286.26047
2007-05-16,288.30402,287.8525,286.91806,288.0629,287.4235,286.567
2007-05-17,289.97748,289.90674,289.35306,290.25336,290.0551,289.6399
2007-05-18,289.10602,289.1109,288.63293,289.2124,289.0593,288.6894
2007-05-19,295.0084,294.73267,293.9744,295.23517,294.80978,294.16788
2007-05-20,296.12866,296.01883,295.42682,295.93854,295.67163,295.1887
2007-05-21,295.4791,295.37878,294.7968,296.1791,295.91107,295.42758
2007-05-22,300.2849,300.14273,299.51953,300.6961,300.43964,299.9684
2007-05-23,298.05356,297.97296,297.4121,297.74683,297.5268,297.09293
2007-05-24,296.84085,296.07578,294.83142,296.43597,295.52396,294.39902
2007-05-25,298.13394,298.10043,297.58865,297.7598,297.62686,297.28207
2007-05-26,293.81305,293.61868,292.9472,293.7604,293.42938,292.8877
2007-05-27,296.04196,295.88388,295.24994,295.8709,295.60175,295.12317
2007-05-28,295.08948,294.85126,294.1386,295.05487,294.69742,294.132
2007-05-29,290.96234,290.62875,289.82224,290.7947,290.35968,289.71823
2007-05-30,294.26492,293.96164,293.187,294.34418,293.91913,293.28928
2007-05-31,293.3243,293.30804,292.8222,293.30966,293.1796,292.84644
2007-06-01,292.50946,292.62424,292.2713,293.14932,293.1109,292.87125
2007-06-02,290.1892,290.06744,289.47995,290.2678,289.9963,289.52548
2007-06-03,292.83124,292.77585,292.25674,293.11313,292.89716,292.48392
2007-06-04,292.7791,292.73264,292.22455,292.99734,292.81946,292.4464
2007-06-05,293.7339,293.7369,293.2805,293.7606,293.61722,293.28085
2007-06-06,293.13867,293.10815,292.62036,292.94217,292.77493,292.4169
2007-06-07,294.8108,294.73102,294.19638,294.52625,294.2948,293.8749
2007-06-08,297.11163,296.99765,296.43115,297.16748,296.91904,296.48456
2007-06-09,293.91302,293.69565,293.02826,294.40298,294.02005,293.4535
2007-06-10,289.8123,289.5792,288.89856,290.43506,290.01328,289.41034
2007-06-11,287.23273,287.14493,286.61215,287.57724,287.31696,286.87805
2007-06-12,291.93948,291.63834,290.8947,292.155,291.68817,291.04523
2007-06-13,291.1257,290.8523,290.13898,291.73822,291.29095,290.67017
2007-06-14,289.0357,288.8216,288.17023,289.3391,288.92334,288.33667
2007-06-15,292.23917,292.29526,291.9167,292.488,292.43414,292.2119
2007-06-16,294.99576,294.7237,294.0195,295.14755,294.74582,294.17838
2007-06-17,299.8158,299.53354,298.82178,299.9712,299.57217,299.01004
2007-06-18,299.60056,299.20477,298.38208,299.90845,299.27118,298.4734
2007-06-19,302.58508,302.20297,301.39655,302.81705,302.32565,301.6763
2007-06-20,302.752,302.22742,301.28107,303.0853,302.4484,301.65616
2007-06-21,304.67816,304.09073,303.08405,305.2145,304.47913,303.59088
2007-06-22,305.54373,305.2554,304.55035,306.22513,305.78723,305.1989
2007-06-23,302.50003,302.46027,302.00623,302.54074,302.35443,302.02017
2007-06-24,297.69876,297.7374,297.36414,297.7506,297.6627,297.42923
2007-06-25,293.89365,293.68094,293.05862,293.70633,293.3649,292.88022
2007-06-26,294.2775,294.19843,293.71198,294.17804,293.92386,293.52878
2007-06-27,294.40952,294.20886,293.60312,294.99,294.65723,294.1857
2007-06-28,294.45148,294.0787,293.30292,294.94476,294.42,293.7586
2007-06-29,297.21634,296.8604,296.1035,297.45398,296.94348,296.29834
2007-06-30,298.79095,298.60864,298.0273,299.05258,298.73602,298.2868
2007-07-01,300.49762,300.16223,299.42972,301.16232,300.6968,300.1005
2007-07-02,301.69724,301.28958,300.48654,302.55374,302.02173,301.36072
2007-07-03,302.95676,302.6979,302.0454,303.9287,303.4726,302.8891
2007-07-04,301.4791,301.03928,300.2074,303.13312,302.53647,301.81406
2007-07-05,300.37814,299.9485,299.12823,301.21875,300.6121,299.88107
2007-07-06,298.0667,297.65912,296.86237,299.17307,298.58096,297.86588
2007-07-07,296.00998,295.5722,294.74652,296.03256,295.42636,294.69843
2007-07-08,299.6903,299.16678,298.25647,299.78848,299.0918,298.2745
2007-07-09,304.56342,303.72842,302.5077,304.88177,303.88892,302.77646
2007-07-10,302.82635,302.84894,302.4867,303.01028,302.843,302.557
2007-07-11,298.71338,298.3819,297.66644,299.29297,298.79993,298.18887
2007-07-12,302.14767,302.08026,301.62958,302.67468,302.4764,302.16086
2007-07-13,301.4059,300.9812,300.1739,302.0183,301.49164,300.8481
2007-07-14,298.30118,297.7991,296.91495,299.1932,298.50388,297.69812
2007-07-15,296.35693,295.8799,295.02115,296.4895,295.8261,295.04663
2007-07-16,300.6058,300.37122,299.75516,300.0511,299.6822,299.19733
2007-07-17,303.78198,303.62296,303.08264,303.97318,303.67307,303.257
2007-07-18,303.1309,302.73944,301.9668,303.5315,302.9547,302.2619
2007-07-19,299.41437,298.84897,297.9023,300.2342,299.53088,298.7113
2007-07-20,304.99158,304.722,304.071,305.4891,305.0775,304.5494
2007-07-21,302.31918,302.1534,301.60602,302.79358,302.519,302.12747
2007-07-22,302.98325,302.68362,302.00204,303.13593,302.72064,302.18787
2007-07-23,300.95956,301.1506,300.9592,300.76236,300.87488,300.86926
2007-07-24,296.09622,296.10446,295.72974,295.88794,295.75482,295.50284
2007-07-25,296.3233,296.04333,295.37985,296.24588,295.8168,295.268
2007-07-26,299.71063,299.8174,299.53998,299.8519,299.81204,299.65152
2007-07-27,297.57553,297.3682,296.7759,297.8788,297.53268,297.06488
2007-07-28,295.58835,295.49405,295.01398,295.49033,295.26483,294.9165
2007-07-29,298.70703,298.3255,297.55728,298.63278,298.11417,297.47153
2007-07-30,299.8615,299.8495,299.4498,300.10675,299.94226,299.6525
2007-07-31,296.2474,296.08237,295.52856,296.03998,295.73236,295.2981
2007-08-01,299.77908,299.63,299.0911,299.6443,299.3907,299.00906
2007-08-02,298.09753,298.0077,297.52692,298.1562,297.883,297.48026
2007-08-03,295.8622,295.24875,294.24313,295.82736,295.08313,294.20776
2007-08-04,299.17062,299.0853,298.60654,299.1287,298.93048,298.59955
2007-08-05,297.73096,297.5162,296.9068,297.7597,297.4078,296.92157
2007-08-06,296.42056,296.18127,295.54602,296.3358,295.9577,295.44357
2007-08-07,294.73093,294.51547,293.90277,294.7458,294.43298,293.98242
2007-08-08,296.30902,296.20404,295.70035,296.5797,296.31262,295.90594
2007-08-09,294.99863,294.92688,294.45505,294.9279,294.73376,294.39835
2007-08-10,295.85666,295.565,294.87186,295.67725,295.2685,294.71652
2007-08-11,299.70477,299.26526,298.42285,299.5944,299.03815,298.3369
2007-08-12,298.7937,298.74026,298.28247,298.5895,298.3584,297.9804
2007-08-13,298.97412,298.7807,298.18152,298.9331,298.63962,298.19745
2007-08-14,296.2539,296.32684,295.99258,296.33044,296.26602,296.05103
2007-08-15,292.03024,292.00824,291.5776,291.84076,291.74237,291.49158
2007-08-16,295.5311,295.35342,294.7657,295.4112,295.11075,294.6561
2007-08-17,296.8099,296.61124,296.0011,296.7585,296.4263,295.938
2007-08-18,300.22043,299.99295,299.35257,300.28073,299.92572,299.41275
2007-08-19,302.8563,302.51178,301.753,303.16336,302.7207,302.11832
2007-08-20,301.35812,300.9213,300.0688,301.50958,300.95782,300.24457
2007-08-21,300.38406,300.08694,299.3728,301.25677,300.82626,300.23248
2007-08-22,302.45486,301.99426,301.11533,303.44315,302.91675,302.22534
2007-08-23,304.79092,304.4516,303.6927,305.10767,304.66635,304.0584
2007-08-24,304.9787,304.51703,303.6345,305.54758,304.98898,304.26212
2007-08-25,298.49994,298.06827,297.21442,299.3142,298.74353,298.003
2007-08-26,300.29825,299.92245,299.12332,300.46558,299.92386,299.21075
2007-08-27,301.86942,301.59036,300.88675,302.14774,301.79486,301.26907
2007-08-28,297.81818,297.71802,297.1922,297.78796,297.58582,297.20923
2007-08-29,298.3616,298.0442,297.29996,298.60684,298.18732,297.59198
2007-08-30,299.8309,299.45065,298.64246,300.43158,299.93738,299.26596
2007-08-31,299.5037,299.12735,298.322,300.3281,299.83447,299.16238
2007-09-01,299.3923,298.59268,297.36304,299.9745,299.0912,298.02817
2007-09-02,301.89365,301.6079,300.89124,302.2358,301.85678,301.2968
2007-09-03,301.2371,301.0481,300.42712,301.8724,301.54245,301.03043
2007-09-04,300.93216,300.7704,300.17578,301.129,300.8742,300.43625
2007-09-05,295.2848,295.1461,294.57367,295.34396,295.08917,294.6502
2007-09-06,295.24942,294.99786,294.3118,295.64694,295.2967,294.76132
2007-09-07,297.21933,296.94485,296.23508,297.674,297.29843,296.73682
2007-09-08,298.9575,298.6907,297.98782,299.52637,299.19098,298.6687
2007-09-09,298.1003,297.72784,296.91855,298.7596,298.29178,297.6363
2007-09-10,299.12238,298.83334,298.1068,299.7434,299.32565,298.71948
2007-09-11,299.1238,299.18228,298.8026,299.70926,299.6187,299.33914
2007-09-12,297.218,296.9964,296.336,297.486,297.18283,296.68994
2007-09-13,295.317,295.0007,294.24503,295.62515,295.19022,294.565
2007-09-14,297.77145,297.3235,296.43552,298.22446,297.65033,296.8854
2007-09-15,299.5137,299.12384,298.29346,300.25244,299.74548,299.04733
2007-09-16,293.5161,293.41647,292.8758,293.7489,293.5944,293.2483
2007-09-17,290.20065,290.03214,289.42206,290.46536,290.2059,289.7545
2007-09-18,292.6366,292.49603,291.9135,292.94702,292.7105,292.2817
2007-09-19,294.8175,294.65567,294.0514,295.02344,294.75873,294.3015
2007-09-20,297.1166,296.87857,296.1977,297.3909,297.04086,296.4981
2007-09-21,298.90244,298.68408,298.02252,299.16754,298.82617,298.2919
2007-09-22,295.81284,295.744,295.23154,296.74448,296.49628,296.05508
2007-09-23,294.93817,294.86853,294.35492,294.99423,294.80597,294.4246
2007-09-24,294.554,294.37228,293.74637,294.71954,294.40945,293.90622
2007-09-25,293.0253,293.0832,292.6965,293.2811,293.16058,292.84695
2007-09-26,290.28387,290.25424,289.77985,290.36316,290.17352,289.79077
2007-09-27,286.35397,285.94785,285.09668,286.41315,285.8535,285.1008
2007-09-28,292.62994,292.39368,291.7121,293.0485,292.67725,292.11307
2007-09-29,293.0312,292.79105,292.10538,293.3829,293.00897,292.44226
2007-09-30,291.04196,290.64783,289.80792,291.37857,290.81848,290.06573
2007-10-01,295.24265,294.97653,294.26447,295.59564,295.19196,294.59583
2007-10-02,292.1981,292.04108,291.43796,292.3571,292.0393,291.52927
2007-10-03,291.5909,291.5062,290.9753,291.99017,291.78543,291.38867
2007-10-04,293.92514,293.689,293.0065,294.15717,293.81903,293.28915
2007-10-05,294.8786,294.66278,294.00043,295.24133,294.92163,294.41046
2007-10-06,289.25922,289.29144,288.87708,289.382,289.2873,289.00137
2007-10-07,285.94742,285.7471,285.10016,286.0,285.6676,285.14432
2007-10-08,292.8037,292.38742,291.5245,293.15155,292.59903,291.85602
2007-10-09,295.31558,295.00735,294.25244,295.77805,295.35196,294.7357
2007-10-10,297.55847,297.33667,296.66812,298.2246,297.9018,297.3891
2007-10-11,294.728,294.45163,293.72855,295.2703,294.86075,294.26172
2007-10-12,294.46277,294.0777,293.24597,295.12006,294.62027,293.93134
2007-10-13,293.1748,293.14352,292.66562,293.27646,293.083,292.7009
2007-10-14,292.13995,292.01993,291.45334,292.4702,292.24387,291.8292
2007-10-15,288.6669,288.65778,288.20218,288.79095,288.65387,288.32892
2007-10-16,291.431,291.13388,290.39038,292.04214,291.55704,290.88443
2007-10-17,288.19284,288.00928,287.3795,288.35773,288.02365,287.50253
2007-10-18,289.43213,288.9517,288.0253,289.57483,288.93787,288.11432
2007-10-19,295.95163,295.6905,294.98352,296.64124,296.26984,295.71222
2007-10-20,297.08853,296.87393,296.21375,297.50528,297.2042,296.71738
2007-10-21,298.22986,298.0679,297.4606,298.77896,298.53317,298.10217
2007-10-22,294.11752,293.919,293.27545,294.6483,294.32904,293.82498
2007-10-23,280.52606,280.2332,279.49557,280.75394,280.33896,279.7397
2007-10-24,285.7118,285.4085,284.6608,285.78824,285.3635,284.75488
2007-10-25,288.62225,288.4244,287.78256,288.98267,288.63477,288.10345
2007-10-26,290.50528,290.40622,289.86356,290.65942,290.46164,290.08087
2007-10-27,285.36734,285.29953,284.78854,285.85602,285.65112,285.26376
2007-10-28,283.42596,283.29782,282.72702,283.46826,283.20602,282.76184
2007-10-29,282.30585,282.1784,281.60883,282.7923,282.5157,282.0576
2007-10-30,279.64642,279.64755,279.2071,279.90594,279.6562,279.22537
2007-10-31,279.77863,279.62323,279.02673,279.57825,279.2417,278.72458
2007-11-01,282.16956,281.89856,281.18713,282.4925,282.0705,281.4684
2007-11-02,284.47037,284.2601,283.61,284.67245,284.3358,283.81955
2007-11-03,284.90848,284.76492,284.1822,284.78677,284.4168,283.86768
2007-11-04,286.231,286.082,285.4945,286.21036,285.9309,285.47278
2007-11-05,282.89264,282.75372,282.177,282.99426,282.73734,282.3022
2007-11-06,286.6069,286.28934,285.5347,286.4391,285.96527,285.31372
2007-11-07,282.9446,282.79132,282.20172,283.05164,282.77066,282.31238
2007-11-08,278.54074,278.31628,277.65634,278.77917,278.42966,277.90332
2007-11-09,277.28998,277.31876,276.91287,277.39328,277.25043,276.93115
2007-11-10,283.19016,282.86926,282.11453,283.20935,282.7553,282.12527
2007-11-11,283.27142,282.61316,281.52185,282.6794,281.81458,280.77417
2007-11-12,286.88162,286.717,286.12018,286.86838,286.5934,286.14334
2007-11-13,282.589,282.3582,281.69614,282.54944,282.2101,281.6961
2007-11-14,279.703,279.64938,279.16534,280.06647,279.84207,279.44336
2007-11-15,283.70468,283.25958,282.385,283.76044,283.2051,282.4758
2007-11-16,280.0868,279.879,279.24258,280.467,280.1144,279.58823
2007-11-17,278.9626,278.46832,277.54636,278.73193,278.11182,277.31848
2007-11-18,282.2128,281.7863,280.93295,282.14462,281.60025,280.88293
2007-11-19,283.4641,282.883,281.87592,283.4648,282.76996,281.90244
2007-11-20,278.86716,278.81964,278.34708,279.0971,278.92712,278.5848
2007-11-21,279.84787,279.7654,279.25885,279.76715,279.60767,279.27603
2007-11-22,282.0089,281.77512,281.11798,281.98004,281.64386,281.1358
2007-11-23,280.0885,279.96564,279.4203,280.20883,280.01904,279.65753
2007-11-24,280.42477,280.58124,280.31607,280.4696,280.56372,280.48633
2007-11-25,281.8418,281.61423,280.9658,282.23157,281.8807,281.35846
2007-11-26,283.03976,282.74127,282.02264,283.14822,282.74683,282.1741
2007-11-27,284.42398,284.06216,283.28098,284.71478,284.2352,283.5844
2007-11-28,282.05856,281.82376,281.1703,282.19858,281.86902,281.36816
2007-11-29,281.80206,280.97382,279.7275,281.65997,280.67926,279.5273
2007-11-30,281.65186,280.97275,279.8762,281.8441,281.05243,280.0895
2007-12-01,275.0195,274.78656,274.13678,275.0119,274.67188,274.16046
2007-12-02,275.8599,275.58627,274.89627,276.16962,275.80807,275.27493
2007-12-03,274.18936,273.83008,273.05487,274.30002,273.80704,273.14227
2007-12-04,276.78128,276.5551,275.91345,276.8277,276.4985,275.99722
2007-12-05,277.9625,277.55386,276.73004,278.11768,277.57843,276.86682
2007-12-06,279.50574,279.03122,278.14178,279.24454,278.58252,277.74777
2007-12-07,279.56406,279.1098,278.24084,279.38483,278.75992,277.96185
2007-12-08,274.19913,273.8168,273.0198,274.08313,273.61658,272.97644
2007-12-09,275.32767,275.2197,274.6971,275.31375,275.0699,274.65192
2007-12-10,272.58923,272.14624,271.2886,272.45175,271.8857,271.14493
2007-12-11,280.13345,279.88956,279.23093,280.0071,279.64417,279.10583
2007-12-12,277.6779,277.36014,276.62747,277.65128,277.1938,276.56024
2007-12-13,277.56335,277.36423,276.7499,277.59628,277.26688,276.76062
2007-12-14,285.46185,285.20728,284.5371,285.48264,285.12888,284.59744
2007-12-15,279.5317,279.55057,279.15335,279.6425,279.5475,279.27393
2007-12-16,274.11197,273.97702,273.42545,274.10156,273.87387,273.46664
2007-12-17,273.40036,273.1288,272.44003,273.5332,273.12738,272.541
2007-12-18,273.19162,273.08664,272.56372,273.29022,273.07928,272.68674
2007-12-19,273.80054,273.7,273.18073,273.7625,273.56992,273.1945
2007-12-20,269.4235,269.451,269.05884,269.31995,269.29193,269.0799
2007-12-21,267.68756,267.51868,266.9292,267.7324,267.47623,267.03476
2007-12-22,269.82095,269.61002,268.97742,269.6643,269.3262,268.8015
2007-12-23,267.29382,267.09265,266.46863,267.3168,267.00812,266.5114
2007-12-24,266.02798,265.71503,264.97794,265.99402,265.5541,264.92474
2007-12-25,274.05066,274.02945,273.58286,273.95193,273.77014,273.39746
2007-12-26,266.35034,266.73352,266.68982,266.1705,266.42197,266.481
2007-12-27,260.91467,260.69537,260.0478,260.8012,260.45273,259.91022
2007-12-28,259.31296,258.9842,258.22556,259.01022,258.52814,257.85034
2007-12-29,260.54358,260.24637,259.51767,260.5164,260.09692,259.48004
2007-12-30,260.68924,260.49805,259.87363,260.63876,260.30472,259.77155
2007-12-31,258.09988,257.93942,257.3439,258.08875,257.79395,257.2982
2008-01-01,259.95898,259.72733,259.05692,259.96826,259.6239,259.07504
2008-01-02,263.9397,263.68683,262.99332,264.2555,263.885,263.30814
2008-01-03,266.76193,266.31168,265.41876,267.27924,266.72043,265.9534
2008-01-04,269.79135,269.70386,269.1717,270.1334,269.94678,269.55
2008-01-05,266.82886,266.58917,265.90274,267.35104,266.99622,266.4293
2008-01-06,265.6808,265.17365,264.21765,265.9837,265.36234,264.52695
2008-01-07,268.29102,268.10037,267.4587,268.5006,268.18683,267.6571
2008-01-08,264.85535,264.88596,264.4635,265.04825,264.98306,264.7
2008-01-09,271.25214,270.82318,269.939,271.23517,270.64276,269.83057
2008-01-10,272.91998,272.76562,272.15378,272.97043,272.6872,272.1822
2008-01-11,265.72922,266.0651,265.9414,265.3354,265.61044,265.6619
2008-01-12,258.02725,257.68027,256.87155,257.81345,257.34967,256.66034
2008-01-13,260.9177,260.60968,259.8377,260.85672,260.40546,259.7268
2008-01-14,262.3431,262.24567,261.68222,262.23486,262.05112,261.63818
2008-01-15,262.47385,262.2881,261.63422,262.7029,262.42258,261.9112
2008-01-16,262.92615,262.87665,262.357,262.78424,262.65497,262.29294
2008-01-17,269.36404,269.0655,268.29468,269.3108,268.86725,268.18927
2008-01-18,268.2568,268.03278,267.33456,268.3203,267.94058,267.32477
2008-01-19,257.57874,257.48737,256.91983,257.4492,257.14438,256.60187
2008-01-20,259.28452,258.95578,258.14905,259.0357,258.56494,257.8549
2008-01-21,264.49088,264.2001,263.42947,264.80795,264.3041,263.5595
2008-01-22,267.59396,267.4131,266.75064,267.8604,267.4656,266.8286
2008-01-23,268.2541,267.97757,267.21777,268.15704,267.7739,267.14725
2008-01-24,268.56436,268.1987,267.3482,268.7252,268.21997,267.46997
2008-01-25,269.0083,268.66748,267.84027,269.3063,268.82254,268.09286
2008-01-26,263.03305,263.2135,262.90625,263.17905,263.24387,263.06174
2008-01-27,260.4425,260.31567,259.69974,260.16736,259.9074,259.39948
2008-01-28,265.30734,264.84985,263.9021,265.37106,264.73108,263.84216
2008-01-29,266.65244,266.32016,265.49646,267.03735,266.52664,265.76617
2008-01-30,263.90024,263.65384,262.91504,263.85004,263.5131,262.92572
2008-01-31,272.46915,272.4687,271.9749,271.9315,271.82718,271.47192
2008-02-01,272.6065,272.62466,272.1487,272.12875,272.04947,271.7187
2008-02-02,276.71564,276.30176,275.39307,276.58652,276.06918,275.3
2008-02-03,279.64725,279.42163,278.70065,279.7566,279.3892,278.7696
2008-02-04,284.2165,283.9195,283.1267,284.51453,284.12314,283.4794
2008-02-05,276.90002,277.34158,277.2871,276.68582,277.01993,277.10162
2008-02-06,272.89822,272.96167,272.52893,272.69455,272.666,272.38504
2008-02-07,273.86023,273.74667,273.1369,273.84686,273.61392,273.1288
2008-02-08,278.55945,278.19205,277.32846,278.29996,277.86423,277.17667
2008-02-09,283.48398,283.06412,282.1483,283.02444,282.4625,281.64905
2008-02-10,281.47464,281.13336,280.2964,281.1901,280.7351,280.0292
2008-02-11,271.7405,271.65033,271.06488,272.16177,271.97113,271.53015
2008-02-12,271.1931,270.74356,269.79938,271.06326,270.4938,269.6748
2008-02-13,276.2161,276.30032,275.89053,276.08185,276.01715,275.70374
2008-02-14,271.0996,271.09717,270.6016,270.83057,270.72473,270.3711
2008-02-15,273.072,272.6816,271.79898,273.3083,272.77567,271.99628
2008-02-16,276.53976,276.0198,275.00854,276.39703,275.78302,274.92337
2008-02-17,275.71298,275.43558,274.66806,275.6656,275.25607,274.6022
2008-02-18,272.6422,272.5861,272.04108,272.7041,272.5134,272.07968
2008-02-19,272.23532,272.17215,271.6214,272.6911,272.49814,272.06357
2008-02-20,274.00015,273.81802,273.14978,274.05746,273.74408,273.1906
2008-02-21,276.35983,276.30557,275.76666,276.4002,276.22556,275.81244
2008-02-22,275.64734,275.7288,275.32718,275.32758,275.27853,274.9926
2008-02-23,276.3122,276.24548,275.6974,276.39563,276.21094,275.79117
2008-02-24,278.31635,278.20505,277.6141,278.3307,278.12033,277.6767
2008-02-25,280.309,280.09378,279.40073,280.38284,280.087,279.55975
2008-02-26,282.52856,282.4016,281.79865,282.52792,282.38763,282.01782
2008-02-27,283.0066,282.9435,282.40637,282.90237,282.7913,282.45267
2008-02-28,282.43152,282.24097,281.5783,282.70078,282.42493,281.92352
2008-02-29,282.71002,282.54065,281.90115,282.38547,282.1511,281.6932
2008-03-01,278.5242,278.3534,277.7145,278.02335,277.72983,277.21487
2008-03-02,272.2089,272.15286,271.63074,272.27573,272.13818,271.78134
2008-03-03,278.94955,278.71652,278.0195,278.7424,278.34473,277.72983
2008-03-04,284.66534,284.50818,283.889,284.01956,283.8148,283.39487
2008-03-05,283.10385,283.11328,282.66272,282.70367,282.71924,282.5218
2008-03-06,275.42044,275.4355,274.9926,275.28076,275.15497,274.81827
2008-03-07,277.13983,276.89212,276.18857,277.17758,276.7822,276.178
2008-03-08,281.9051,281.7944,281.22983,281.23666,281.0509,280.65848
2008-03-09,286.67783,286.6355,286.1413,286.73883,286.6315,286.31946
2008-03-10,281.5813,281.52368,281.01602,281.47028,281.3236,280.97427
2008-03-11,279.4951,279.36542,278.7877,279.0513,278.80576,278.3596
2008-03-12,289.27246,289.08383,288.44894,289.19882,288.94263,288.48767
2008-03-13,290.92255,291.0752,290.78336,290.7992,290.9789,290.9618
2008-03-14,290.26178,289.8088,288.91302,290.45883,289.9815,289.30914
2008-03-15,283.31976,282.47122,281.18146,283.02567,282.01392,280.80893
2008-03-16,280.12164,279.60822,278.65512,279.5801,278.95364,278.13562
2008-03-17,285.0664,284.53622,283.5679,285.10086,284.40063,283.51044
2008-03-18,282.68872,282.55737,281.98923,282.50537,282.23077,281.7678
2008-03-19,283.66873,283.38492,282.66556,282.70084,282.33383,281.77994
2008-03-20,283.37955,282.67917,281.54443,282.46967,281.67618,280.69714
2008-03-21,285.6015,284.71896,283.40314,284.56885,283.5437,282.33426
2008-03-22,294.7859,294.34012,293.462,294.9935,294.4116,293.64655
2008-03-23,288.19174,287.9708,287.3184,288.0246,287.65686,287.10715
2008-03-24,279.25174,279.01578,278.3491,278.84372,278.48672,277.94873
2008-03-25,277.45938,277.36444,276.83932,276.55554,276.38266,276.0296
2008-03-26,276.69363,276.4716,275.81995,276.38278,276.0103,275.45847
2008-03-27,283.8536,283.3855,282.4881,283.95047,283.32794,282.52667
2008-03-28,291.35825,291.1383,290.48932,291.41803,291.08356,290.5709
2008-03-29,284.95782,284.6508,283.91492,284.7728,284.38284,283.8152
2008-03-30,282.28067,282.1614,281.61334,282.0659,281.81662,281.38998
2008-03-31,284.6932,284.46777,283.8134,284.66333,284.31815,283.7958
2008-04-01,286.63474,285.94894,284.83398,286.68314,285.8857,284.91125
2008-04-02,284.50842,284.142,283.34607,284.5127,284.00162,283.31342
2008-04-03,291.40457,290.7762,289.71783,291.43634,290.7449,289.87634
2008-04-04,296.19836,295.9984,295.36798,296.22574,295.95987,295.51663
2008-04-05,300.07043,299.98395,299.4663,299.97314,299.8179,299.485
2008-04-06,295.90854,295.87137,295.40222,295.3871,295.2837,295.00217
2008-04-07,290.64554,290.6541,290.2297,290.37262,290.26755,289.9838
2008-04-08,283.23993,283.10944,282.545,283.07132,282.7951,282.33957
2008-04-09,286.9427,286.75836,286.13904,286.87018,286.57928,286.10837
2008-04-10,291.309,291.12292,290.50064,291.242,290.9789,290.535
2008-04-11,289.56238,289.43835,288.8768,289.20413,288.9636,288.5413
2008-04-12,283.99332,283.9241,283.41602,283.56082,283.35916,282.97488
2008-04-13,284.72635,284.5589,283.9511,284.2457,283.9801,283.53082
2008-04-14,279.3378,279.27243,278.7653,278.4647,278.28275,277.916
2008-04-15,276.37485,276.26694,275.71564,276.4419,276.1637,275.6995
2008-04-16,281.6936,281.37024,280.60187,281.61386,281.1438,280.4865
2008-04-17,278.82773,278.82574,278.3771,278.5014,278.37036,278.05078
2008-04-18,284.3006,284.24377,283.73862,284.1507,283.9926,283.64478
2008-04-19,288.08527,287.91745,287.29947,288.3327,288.08777,287.65167
2008-04-20,282.49515,282.25687,281.56665,282.66254,282.32605,281.79703
2008-04-21,281.10715,280.6775,279.79413,281.13242,280.57965,279.8329
2008-04-22,285.8166,285.3693,284.46652,285.3244,284.71347,283.9071
2008-04-23,290.36002,290.30002,289.7827,290.3507,290.17737,289.80725
2008-04-24,290.54367,290.45258,289.9024,290.50482,290.2942,289.88525
2008-04-25,286.52087,286.34116,285.70056,286.425,286.07697,285.5293
2008-04-26,290.45343,290.3398,289.76358,291.12115,290.84146,290.3607
2008-04-27,291.8321,291.5752,290.85388,292.35675,292.01428,291.4693
2008-04-28,294.208,293.95807,293.2421,294.6709,294.3066,293.73846
2008-04-29,294.33475,293.97165,293.14084,294.71014,294.23486,293.55432
2008-04-30,295.4185,295.12292,294.358,295.5803,295.16382,294.5408
2008-05-01,291.13132,290.86533,290.12842,291.04617,290.63596,290.01788
2008-05-02,291.03018,290.9162,290.3299,290.82648,290.58044,290.1254
2008-05-03,294.6591,294.32837,293.5239,294.85754,294.3874,293.7071
2008-05-04,295.2781,295.02896,294.3047,295.63596,295.22772,294.60825
2008-05-05,293.64725,293.3469,292.57022,293.91028,293.50214,292.8817
2008-05-06,288.46182,288.4118,287.8843,288.36862,288.18665,287.7915
2008-05-07,290.4287,290.03787,289.16852,290.4984,289.9613,289.21017
2008-05-08,288.86652,288.30698,287.26797,289.2811,288.61954,287.74326
2008-05-09,285.66138,285.00916,283.8766,285.94083,285.13245,284.1086
2008-05-10,288.8193,288.46933,287.6383,289.222,288.74197,288.04593
2008-05-11,289.21683,288.9702,288.2419,289.28134,288.8722,288.2466
2008-05-12,292.83627,292.58658,291.85468,292.92615,292.5149,291.8869
2008-05-13,289.82053,289.5904,288.87766,290.00275,289.62888,289.03796
2008-05-14,291.51236,291.50302,291.01083,291.70642,291.53687,291.15018
2008-05-15,287.9432,287.97968,287.5332,287.93365,287.8149,287.47903
2008-05-16,287.24927,287.34894,286.96567,287.28735,287.23276,286.96112
2008-05-17,292.7401,292.7175,292.21207,292.73663,292.597,292.2405
2008-05-18,296.31018,296.22104,295.64935,296.51846,296.2943,295.85364
2008-05-19,296.23367,296.02362,295.33145,296.1483,295.82257,295.28085
2008-05-20,296.42407,296.51544,296.12515,296.41043,296.36386,296.10187
2008-05-21,296.38596,295.51974,294.17252,296.50476,295.49564,294.2718
2008-05-22,295.41666,295.35953,294.82217,295.41333,295.18347,294.73972
2008-05-23,295.32278,295.10034,294.39862,295.65527,295.2944,294.7206
2008-05-24,296.1128,296.09796,295.60486,295.9285,295.79028,295.4402
2008-05-25,299.3912,299.14676,298.4252,299.6463,299.2782,298.6994
2008-05-26,294.49405,294.33276,293.69565,294.5268,294.19644,293.65668
2008-05-27,291.3872,291.3271,290.79254,291.1869,290.97656,290.55826
2008-05-28,290.69705,290.56302,289.95605,290.45288,290.1648,289.6703
2008-05-29,293.4787,293.16708,292.38416,293.24393,292.78137,292.114
2008-05-30,293.5827,292.74173,291.4312,292.9664,291.96188,290.75424
2008-05-31,293.03546,292.52347,291.54376,292.7532,292.09995,291.2454
2008-06-01,292.1297,292.26865,291.9418,291.96167,291.97485,291.78873
2008-06-02,290.71808,290.59888,290.01596,290.46655,290.19327,289.72266
2008-06-03,290.7464,290.68463,290.16122,291.5483,291.2946,290.84567
2008-06-04,295.72388,295.49722,294.81113,296.07196,295.71652,295.16812
2008-06-05,293.75943,293.5786,292.94052,294.5499,294.23746,293.7342
2008-06-06,295.25113,295.0412,294.3764,295.65134,295.33167,294.82352
2008-06-07,295.6409,295.49515,294.89688,295.71103,295.4229,294.94873
2008-06-08,297.095,296.88522,296.2254,297.26025,296.91473,296.38562
2008-06-09,293.96265,293.74945,293.08875,294.04202,293.66666,293.11014
2008-06-10,301.32635,301.49786,301.22437,301.20206,301.3084,301.2361
2008-06-11,299.19333,299.2636,298.89145,299.31818,299.2718,299.04926
2008-06-12,295.78217,295.8214,295.42072,295.90958,295.79565,295.50827
2008-06-13,296.5959,296.48666,295.94012,296.44226,296.18588,295.75854
2008-06-14,298.4131,298.2696,297.6914,298.23743,297.95233,297.49893
2008-06-15,297.8258,297.7802,297.30252,298.3743,298.13104,297.72208
2008-06-16,298.02042,297.5824,296.71484,298.45547,297.90543,297.19226
2008-06-17,298.87003,298.74756,298.19824,299.46112,299.16797,298.7143
2008-06-18,300.78482,300.78018,300.35126,300.74637,300.6389,300.3734
2008-06-19,297.5674,297.59763,297.2061,297.33777,297.19373,296.89432
2008-06-20,299.39645,299.36337,298.91107,299.3819,299.22998,298.9252
2008-06-21,300.27386,300.28528,299.8799,300.3027,300.18582,299.9185
2008-06-22,298.20193,298.1737,297.73117,298.33136,298.13333,297.7873
2008-06-23,295.392,295.3793,294.95465,295.37778,295.18234,294.8413
2008-06-24,297.32346,297.21368,296.69427,297.15878,296.92865,296.55533
2008-06-25,295.0518,294.85828,294.25742,294.82785,294.4828,293.9968
2008-06-26,297.7628,297.55902,296.95013,297.64246,297.2917,296.80215
2008-06-27,301.58237,301.42966,300.87396,301.6584,301.38235,300.9697
2008-06-28,302.80896,302.53848,301.86707,302.93384,302.48148,301.8945
2008-06-29,299.1873,299.03387,298.48145,299.3036,298.92352,298.41083
2008-06-30,304.1306,303.48578,302.44376,304.31378,303.54495,302.64532
2008-07-01,304.8429,304.49628,303.75427,305.23752,304.7753,304.1841
2008-07-02,302.96704,302.82,302.2793,302.99124,302.74374,302.36884
2008-07-03,305.66586,305.3779,304.6978,305.71185,305.308,304.77838
2008-07-04,302.4399,302.4222,302.01392,302.2285,302.10544,301.85803
2008-07-05,301.19424,301.04385,300.50424,301.499,301.28998,300.95798
2008-07-06,298.2424,297.79764,296.96497,298.6422,297.99734,297.2307
2008-07-07,296.74088,296.4564,295.78513,296.87595,296.47452,295.95255
2008-07-08,301.76166,301.46243,300.77747,302.00473,301.5744,301.0244
2008-07-09,300.5621,300.4304,299.91388,300.94763,300.5852,300.1041
2008-07-10,300.63187,300.36865,299.72147,301.1953,300.7937,300.27408
2008-07-11,300.12155,299.81802,299.13126,300.14453,299.67984,299.0979
2008-07-12,302.73126,302.2868,301.45972,302.85843,302.25488,301.53452
2008-07-13,300.70926,300.40347,299.71558,300.26273,299.84573,299.31235
2008-07-14,299.64783,299.53146,299.03333,299.46072,299.18582,298.7948
2008-07-15,299.14365,298.92133,298.31757,299.21454,298.87604,298.42154
2008-07-16,299.56268,299.67764,299.41132,299.50812,299.47717,299.33032
2008-07-17,297.61307,297.57864,297.16302,297.76364,297.55167,297.22363
2008-07-18,296.32855,296.2541,295.79837,296.86935,296.62128,296.25696
2008-07-19,295.4445,295.22842,294.63098,295.44357,295.033,294.50586
2008-07-20,297.68222,297.60336,297.14288,297.75214,297.49185,297.11462
2008-07-21,300.31882,300.13672,299.57263,300.1256,299.79572,299.3483
2008-07-22,301.8688,301.76434,301.27744,301.95053,301.76004,301.45148
2008-07-23,297.8355,297.39752,296.57663,297.82437,297.20932,296.4754
2008-07-24,300.42026,300.02844,299.2531,300.64227,300.11395,299.46588
2008-07-25,303.82208,303.61932,303.0324,303.8964,303.5742,303.13132
2008-07-26,300.73367,300.49832,299.87805,301.51895,301.17258,300.70447
2008-07-27,299.74783,299.44543,298.75726,299.6109,299.20926,298.6848
2008-07-28,305.391,305.06064,304.3436,305.57846,305.18124,304.66003
2008-07-29,307.07202,306.84137,306.22305,307.34854,306.98563,306.4974
2008-07-30,303.8887,303.683,303.08862,304.1155,303.75504,303.2679
2008-07-31,301.24127,300.98914,300.34717,301.05093,300.58496,299.9909
2008-08-01,301.14838,301.171,300.8027,301.63257,301.45395,301.1458
2008-08-02,302.02362,301.79922,301.18268,302.02698,301.70486,301.25162
2008-08-03,302.68753,302.4162,301.75146,302.80096,302.41302,301.8924
2008-08-04,302.3673,302.11246,301.46295,302.587,302.23364,301.74594
2008-08-05,301.91245,301.5763,300.84424,302.44,301.9451,301.31415
2008-08-06,301.60468,301.44342,300.88486,302.24597,301.92905,301.47433
2008-08-07,303.0519,302.55597,301.66132,303.48788,302.91183,302.19623
2008-08-08,304.84998,304.64203,304.03403,304.84897,304.53564,304.08102
2008-08-09,301.2069,300.84805,300.0877,300.96603,300.4777,299.84613
2008-08-10,306.1241,305.47702,304.427,306.40668,305.59863,304.6456
2008-08-11,304.87,304.98373,304.69318,305.46887,305.46426,305.31274
2008-08-12,304.25903,304.1059,303.54697,304.7323,304.4295,303.978
2008-08-13,304.8131,304.73755,304.25473,305.61804,305.39197,305.01535
2008-08-14,300.5304,299.9176,298.89618,301.19614,300.45493,299.56128
2008-08-15,303.56738,303.1479,302.3183,304.06992,303.57407,302.92398
2008-08-16,301.11053,300.9815,300.441,301.16766,300.97943,300.6351
2008-08-17,298.54877,298.4751,297.9885,298.18866,298.03204,297.71747
2008-08-18,295.9942,295.87347,295.33844,295.99625,295.73767,295.3194
2008-08-19,297.32217,297.1101,296.48236,297.42343,297.11383,296.64276
2008-08-20,298.9718,298.8684,298.34796,298.96298,298.7795,298.4328
2008-08-21,298.14853,298.19687,297.8269,297.61325,297.53125,297.28427
2008-08-22,297.1771,297.04593,296.49518,297.02737,296.75,296.30594
2008-08-23,297.66177,297.57556,297.06842,298.32208,298.07156,297.65274
2008-08-24,296.48328,296.43747,295.9695,296.86868,296.68155,296.32455
2008-08-25,296.47733,295.9544,295.00812,296.62503,295.97696,295.15747
2008-08-26,297.51572,297.345,296.7497,297.4317,297.1419,296.6792
2008-08-27,298.5892,298.41147,297.808,298.52615,298.21747,297.73438
2008-08-28,301.08658,300.83542,300.1574,301.39444,301.00845,300.44666
2008-08-29,295.7227,295.5887,295.0268,296.19418,295.9557,295.54
2008-08-30,300.20624,299.94748,299.25974,300.63055,300.25742,299.7058
2008-08-31,301.7799,301.56686,300.92377,302.15814,301.8466,301.3553
2008-09-01,300.56775,300.69888,300.39905,300.7985,300.8458,300.71213
2008-09-02,297.31677,297.4651,297.18146,297.22305,297.27383,297.1426
2008-09-03,292.9012,292.9502,292.56638,292.80035,292.71225,292.44098
2008-09-04,291.34024,291.3771,290.98026,291.14813,291.04715,290.76196
2008-09-05,294.29565,294.19543,293.66068,294.4504,294.244,293.85245
2008-09-06,296.78906,296.61124,295.99808,296.99713,296.70093,296.21872
2008-09-07,303.85583,303.5414,302.79092,304.1482,303.7482,303.16132
2008-09-08,304.65244,304.48734,303.88538,304.7682,304.50015,304.04443
2008-09-09,306.29428,306.07092,305.41006,306.5234,306.2266,305.74136
2008-09-10,303.90875,303.86597,303.385,303.74435,303.57245,303.2115
2008-09-11,292.039,292.08704,291.69623,291.5865,291.45947,291.1428
2008-09-12,291.8682,291.72064,291.13367,291.95242,291.66876,291.19482
2008-09-13,295.42917,295.28476,294.70038,295.5936,295.321,294.85764
2008-09-14,296.6995,296.5534,295.96677,296.776,296.5128,296.05835
2008-09-15,299.2722,299.12143,298.5296,299.3562,299.09116,298.63446
2008-09-16,292.39972,292.208,291.57477,292.6391,292.28912,291.74716
2008-09-17,296.43777,296.06143,295.24307,296.4933,295.96225,295.23898
2008-09-18,293.57642,293.14175,292.26468,293.92944,293.3724,292.62286
2008-09-19,292.22806,292.46237,292.25385,292.6406,292.72684,292.62036
2008-09-20,288.8523,288.17755,287.0596,289.13397,288.38013,287.4334
2008-09-21,291.34497,291.0933,290.39804,291.447,291.0718,290.50363
2008-09-22,295.6795,295.63364,295.14383,295.5795,295.40823,295.04385
2008-09-23,289.39508,289.1602,288.48102,289.60205,289.1828,288.5704
2008-09-24,292.2697,292.0007,291.2871,292.2219,291.84604,291.27704
2008-09-25,294.74634,294.64886,294.1066,294.5296,294.3489,293.9751
2008-09-26,288.74707,288.72122,288.25034,288.53812,288.3024,287.87363
2008-09-27,288.24237,288.02603,287.36438,288.34808,287.99133,287.44168
2008-09-28,285.70148,285.0269,283.9068,286.28076,285.46045,284.44736
2008-09-29,289.6929,289.35953,288.5804,289.85388,289.38492,288.7233
2008-09-30,293.70605,293.46085,292.7697,293.97827,293.61642,293.06213
2008-10-01,292.94632,292.8144,292.2364,292.94962,292.6882,292.23456
2008-10-02,298.1451,297.76627,296.94125,298.6335,298.13086,297.43616
2008-10-03,298.35815,298.24463,297.68478,298.52768,298.33896,297.95847
2008-10-04,293.14035,292.86728,292.14767,293.32913,292.91736,292.31415
2008-10-05,288.8391,288.5884,287.8911,288.48804,288.0729,287.46658
2008-10-06,299.74173,299.3402,298.4921,299.89673,299.41745,298.74728
2008-10-07,296.79117,296.07715,294.91647,297.12463,296.29797,295.2808
2008-10-08,291.6153,291.44983,290.83768,291.6379,291.3629,290.8977
2008-10-09,284.8572,284.58105,283.85812,285.02625,284.57837,283.94064
2008-10-10,284.94095,284.6758,283.96393,285.13568,284.73648,284.14783
2008-10-11,283.57193,283.53262,283.04666,283.5567,283.33215,282.91852
2008-10-12,285.09442,285.08954,284.63797,285.13043,284.97873,284.63834
2008-10-13,286.4282,286.4835,286.09222,286.60022,286.5377,286.28683
2008-10-14,285.0854,284.9613,284.39078,285.2991,285.03482,284.58264
2008-10-15,284.8643,284.7574,284.20416,285.0267,284.7896,284.36505
2008-10-16,283.49234,283.32327,282.70804,283.37128,283.07352,282.58868
2008-10-17,283.1452,282.95935,282.32748,283.10474,282.78482,282.27832
2008-10-18,283.3177,283.12982,282.49612,283.70135,283.3748,282.86203
2008-10-19,283.099,282.9538,282.36304,283.35962,283.08945,282.63354
2008-10-20,281.42456,281.3129,280.7559,281.59262,281.3648,280.95175
2008-10-21,278.78394,278.66037,278.09177,278.93018,278.6891,278.26315
2008-10-22,281.168,281.0273,280.4419,281.31223,281.01636,280.5362
2008-10-23,282.8224,282.59018,281.91354,282.85962,282.47815,281.9128
2008-10-24,283.0816,282.99326,282.4609,283.05505,282.8269,282.4153
2008-10-25,282.93,282.89127,282.40894,282.9776,282.8183,282.47604
2008-10-26,282.08377,281.9737,281.42044,282.23996,281.97803,281.5337
2008-10-27,282.5179,282.328,281.69543,282.67685,282.34262,281.82645
2008-10-28,284.27844,284.09277,283.46494,284.46582,284.12845,283.60956
2008-10-29,285.70413,285.54816,284.95062,285.9857,285.70123,285.23575
2008-10-30,283.939,283.62415,282.86816,284.29044,283.80194,283.13287
2008-10-31,283.82202,283.91208,283.56165,283.9325,283.8227,283.5328
2008-11-01,283.36743,283.39603,282.98477,284.16895,284.05768,283.76685
2008-11-02,284.53128,284.51926,284.06802,284.99417,284.85486,284.5364
2008-11-03,285.5985,285.4943,284.9516,285.98615,285.74854,285.3323
2008-11-04,285.9107,285.67206,284.9956,286.13623,285.77417,285.23395
2008-11-05,284.48578,284.1351,283.3474,284.86328,284.372,283.70303
2008-11-06,281.15054,280.86353,280.14023,281.50186,281.09042,280.50168
2008-11-07,278.39136,278.03125,277.23566,278.74222,278.28433,277.64963
2008-11-08,281.75082,281.66296,281.14044,281.91367,281.70392,281.31778
2008-11-09,282.7351,282.5846,282.00024,282.91324,282.64645,282.2037
2008-11-10,282.04614,281.69562,280.91205,282.24066,281.75964,281.10306
2008-11-11,281.42624,280.94006,280.02167,282.33044,281.74924,280.9929
2008-11-12,283.78735,283.53085,282.8431,283.84418,283.48486,282.95087
2008-11-13,282.70462,282.48502,281.835,282.8476,282.51303,282.00415
2008-11-14,282.31183,282.11078,281.48022,282.3747,282.0501,281.55154
2008-11-15,277.84,277.6886,277.1086,277.6367,277.3539,276.89758
2008-11-16,273.4545,273.18326,272.4843,273.56247,273.1581,272.58047
2008-11-17,275.02103,274.99515,274.54242,275.05923,274.89975,274.56735
2008-11-18,271.78232,271.51474,270.82117,271.83203,271.42627,270.84787
2008-11-19,271.5594,271.48517,270.98593,271.80475,271.64926,271.32144
2008-11-20,276.80588,276.76062,276.2912,277.5689,277.37027,276.9995
2008-11-21,275.0004,274.90378,274.38382,275.01852,274.75702,274.32358
2008-11-22,278.37656,278.0154,277.2318,278.422,277.75967,276.92566
2008-11-23,289.45404,289.0856,288.29556,289.72745,289.22968,288.56036
2008-11-24,289.61774,289.28082,288.523,289.89078,289.44785,288.83353
2008-11-25,278.05374,277.83157,277.18927,277.95563,277.62546,277.12402
2008-11-26,282.8936,282.63794,281.96286,282.7768,282.38382,281.81964
2008-11-27,280.25873,280.14087,279.60437,280.258,280.05908,279.68893
2008-11-28,274.95554,274.72757,274.0816,274.97772,274.6012,274.0534
2008-11-29,266.87384,266.65054,266.0098,266.8838,266.54633,266.03757
2008-11-30,271.77322,271.56665,270.94324,271.58755,271.2734,270.78784
2008-12-01,272.01947,271.77814,271.12042,271.6799,271.34677,270.84207
2008-12-02,271.01608,270.90115,270.37027,270.82596,270.6344,270.27106
2008-12-03,270.4272,270.35065,269.85858,270.32648,270.12592,269.7533
2008-12-04,275.53973,275.1936,274.43228,275.63043,275.18427,274.56577
2008-12-05,276.14377,276.0339,275.50916,275.9359,275.7115,275.31433
2008-12-06,277.27502,276.96213,276.2345,277.22363,276.80112,276.20547
2008-12-07,281.92435,281.23734,280.13568,281.48767,280.6842,279.70715
2008-12-08,280.25623,280.09753,279.52423,279.76376,279.4782,279.01852
2008-12-09,263.14224,263.0476,262.53833,262.71512,262.4815,262.07315
2008-12-10,261.71118,261.39453,260.66315,261.52512,261.11926,260.53802
2008-12-11,262.70792,262.38867,261.6545,262.52847,262.0479,261.39127
2008-12-12,263.299,263.01285,262.31146,263.33997,262.91144,262.306
2008-12-13,263.24075,263.02713,262.39795,263.31027,262.98892,262.48987
2008-12-14,264.25873,263.9471,263.21942,264.28964,263.84732,263.2264
2008-12-15,268.13284,267.92374,267.29803,268.02777,267.62256,267.0378
2008-12-16,274.7688,274.3329,273.47974,275.02847,274.45627,273.7035
2008-12-17,278.5171,278.65222,278.36942,278.38867,278.4402,278.31006
2008-12-18,275.4362,275.18735,274.51974,275.29172,274.94217,274.4098
2008-12-19,274.46506,274.39066,273.89664,274.28973,274.0677,273.6616
2008-12-20,271.29608,270.96478,270.2129,271.30853,270.86258,270.23132
2008-12-21,278.9192,278.60095,277.86105,278.79544,278.39285,277.80365
2008-12-22,278.8251,278.7136,278.17926,278.46222,278.25775,277.86526
2008-12-23,272.87445,272.93533,272.57208,272.97943,272.92096,272.6731
2008-12-24,269.46283,269.30722,268.7262,269.43225,269.15494,268.68668
2008-12-25,268.88788,268.59064,267.8665,268.7378,268.32812,267.72604
2008-12-26,267.48846,267.349,266.78122,267.5183,267.2585,266.8047
2008-12-27,270.6142,270.3653,269.68655,270.47433,270.17828,269.6865
2008-12-28,273.62277,273.34293,272.63156,273.8829,273.46332,272.84634
2008-12-29,270.60892,270.2532,269.46426,270.78015,270.32513,269.671
2008-12-30,267.81577,267.57697,266.90314,267.6156,267.26852,266.72052
2008-12-31,270.4327,270.11145,269.3533,270.59784,270.19214,269.58374
2009-01-01,272.67456,272.5059,271.89847,272.4837,272.2274,271.76657
2009-01-02,276.70914,276.516,275.88223,276.71472,276.4007,275.88025
2009-01-03,269.09546,269.28604,269.03397,269.07886,269.16364,269.0402
2009-01-04,256.52264,256.3828,255.79828,256.34927,256.04364,255.52786
2009-01-05,260.62054,260.357,259.64673,260.53168,260.1656,259.58743
2009-01-06,264.6733,264.55957,263.997,264.5849,264.38507,263.97128
2009-01-07,261.4026,261.2262,260.59885,261.24384,260.94672,260.43365
2009-01-08,263.53595,263.31015,262.6313,263.72684,263.3719,262.79904
2009-01-09,269.4127,269.49692,269.12585,269.13727,269.09085,268.82465
2009-01-10,264.39517,264.4743,264.09595,264.52106,264.44943,264.1561
2009-01-11,262.4001,262.20407,261.54852,262.31775,262.0478,261.55423
2009-01-12,263.97162,263.7789,263.12442,263.92487,263.6293,263.10822
2009-01-13,268.99365,268.81644,268.17532,269.20996,268.91693,268.39655
2009-01-14,273.78543,273.57306,272.89465,273.00772,272.68478,272.13263
2009-01-15,273.46463,273.33487,272.73697,273.38898,273.1452,272.6704
2009-01-16,279.9631,279.07852,277.7238,279.6381,278.59122,277.31152
2009-01-17,280.86563,280.389,279.4402,280.67093,280.10516,279.3049
2009-01-18,279.16837,278.96124,278.27994,278.86298,278.5654,278.03174
2009-01-19,277.30542,277.01263,276.2437,277.25925,276.84717,276.1974
2009-01-20,275.62207,275.58963,275.0792,275.56485,275.40692,275.0097
2009-01-21,273.12195,272.7944,271.987,273.28027,272.79547,272.0699
2009-01-22,273.80823,273.51328,272.73672,274.2071,273.77313,273.09702
2009-01-23,265.48218,265.3705,264.77563,265.10733,264.88455,264.41827
2009-01-24,268.17535,267.92908,267.19794,267.7433,267.36496,266.74185
2009-01-25,264.9292,264.67853,263.94147,264.49704,264.1135,263.48404
2009-01-26,269.90137,269.4785,268.5679,269.62888,269.13135,268.38684
2009-01-27,272.0327,271.76392,271.00604,272.01822,271.63763,271.0091
2009-01-28,275.536,275.11337,274.20044,275.28247,274.7282,273.92508
2009-01-29,276.53036,276.35727,275.69275,276.45697,276.16418,275.6216
2009-01-30,267.56573,267.588,267.11786,267.3267,267.2552,266.9333
2009-01-31,275.23837,274.87067,274.00964,275.40982,274.9189,274.17706
2009-02-01,275.93027,275.82083,275.2173,276.1717,275.92206,275.4209
2009-02-02,274.05328,274.0519,273.55576,274.344,274.23795,273.88004
2009-02-03,267.462,267.5757,267.19403,267.49146,267.43118,267.11868
2009-02-04,265.4979,265.386,264.77835,265.43646,265.19144,264.69406
2009-02-05,272.57684,272.5762,272.07953,272.50275,272.37247,271.98978
2009-02-06,272.11844,272.1902,271.76575,272.12152,272.04767,271.7215
2009-02-07,262.9931,263.15564,262.8219,262.61935,262.62344,262.3754
2009-02-08,272.87823,272.64752,271.9206,272.6964,272.3132,271.67816
2009-02-09,272.35263,272.38538,271.92215,272.49506,272.37927,272.012
2009-02-10,267.6357,267.60165,267.07193,267.573,267.42133,267.01874
2009-02-11,265.6761,265.77737,265.38342,265.32407,265.2766,264.97885
2009-02-12,273.2649,272.8731,271.9867,273.1901,272.6516,271.86356
2009-02-13,270.9928,270.86172,270.23666,271.09836,270.79892,270.2508
2009-02-14,262.92596,263.09256,262.76602,262.8458,262.82678,262.56
2009-02-15,262.55222,262.335,261.62552,262.40305,262.0316,261.41336
2009-02-16,263.68567,263.7084,263.23987,263.51505,263.37515,262.98965
2009-02-17,260.25223,260.2067,259.671,259.9667,259.77222,259.33337
2009-02-18,261.4128,261.25372,260.60577,261.09476,260.7708,260.2039
2009-02-19,270.18063,270.05206,269.43594,269.73364,269.47903,268.98282
2009-02-20,270.674,270.6419,270.12366,269.96844,269.80746,269.4064
2009-02-21,270.6063,270.79315,270.49542,270.29733,270.3499,270.16403
2009-02-22,265.60608,265.25864,264.4281,265.31464,264.8227,264.09387
2009-02-23,268.83444,268.83487,268.3539,268.46692,268.35443,268.00684
2009-02-24,265.05124,264.98996,264.44907,264.99637,264.78198,264.33438
2009-02-25,264.8201,264.84064,264.3833,264.53976,264.45862,264.1461
2009-02-26,264.98477,264.94803,264.4353,264.89334,264.7255,264.32816
2009-02-27,266.03485,265.93546,265.362,265.96906,265.77524,265.35388
2009-02-28,269.20386,269.0882,268.50046,269.4287,269.18195,268.70966
2009-03-01,273.83273,273.70602,273.1092,273.7938,273.493,272.96878
2009-03-02,272.69052,272.60483,272.05103,272.88074,272.60098,272.09982
2009-03-03,277.9252,277.24918,276.1071,277.333,276.49994,275.44757
2009-03-04,280.99344,280.36984,279.28223,280.13788,279.3962,278.43732
2009-03-05,277.56735,277.21307,276.39682,277.81754,277.3595,276.68634
2009-03-06,266.7839,266.82947,266.4151,266.60956,266.50833,266.19415
2009-03-07,262.30103,262.09344,261.42795,261.99948,261.66754,261.1247
2009-03-08,268.5471,268.38043,267.7579,268.5505,268.25137,267.74344
2009-03-09,274.6082,274.38672,273.71136,274.84875,274.48785,273.92023
2009-03-10,272.34744,272.20236,271.6054,272.35587,272.02722,271.4939
2009-03-11,268.8777,268.6997,268.0717,268.79788,268.49133,267.98212
2009-03-12,270.76904,270.6583,270.09946,270.63678,270.4371,270.03677
2009-03-13,271.69614,271.6349,271.12738,271.55667,271.3813,271.00717
2009-03-14,274.81512,274.77197,274.28433,275.1103,274.96707,274.627
2009-03-15,278.4116,278.1961,277.53778,278.59677,278.2909,277.79
2009-03-16,276.73584,276.7038,276.23053,277.2042,277.02832,276.6592
2009-03-17,278.87393,278.78787,278.26212,278.54752,278.3314,277.92368
2009-03-18,278.1085,277.9928,277.43896,278.08594,277.85098,277.4261
2009-03-19,279.23465,279.1491,278.62674,279.15836,278.9568,278.5668
2009-03-20,276.39505,276.2338,275.63696,276.36456,276.08115,275.6108
2009-03-21,279.83633,279.82394,279.37723,279.67648,279.56793,279.27383
2009-03-22,278.64896,278.69595,278.3096,278.3496,278.30035,278.0668
2009-03-23,278.502,278.52536,278.1164,278.21344,278.1033,277.81006
2009-03-24,280.65225,280.49713,279.91052,280.01773,279.8001,279.40048
2009-03-25,281.78802,281.82715,281.43552,281.1398,281.08194,280.84305
2009-03-26,291.1729,290.51456,289.42606,290.53833,289.76328,288.80804
2009-03-27,294.98926,294.71732,294.01578,295.43753,295.06235,294.5078
2009-03-28,289.04837,289.1225,288.76736,288.81226,288.7876,288.5842
2009-03-29,279.53555,279.78824,279.61188,278.96533,279.07523,279.0069
2009-03-30,278.9101,278.59033,277.8417,278.74744,278.29202,277.65887
2009-03-31,284.2981,284.38605,284.0452,284.8545,284.84497,284.65802
2009-04-01,287.0972,287.00513,286.4841,286.91776,286.7113,286.32767
2009-04-02,287.04153,286.9254,286.38016,287.12558,286.93265,286.5627
2009-04-03,288.52133,288.4913,288.03177,288.82535,288.70193,288.40143
2009-04-04,290.48734,290.32782,289.7383,290.74863,290.49103,290.05627
2009-04-05,291.61206,291.37936,290.7162,292.0456,291.7198,291.2166
2009-04-06,286.38956,286.129,285.43726,286.87625,286.53647,286.019
2009-04-07,284.27512,284.0635,283.41992,284.16885,283.90704,283.46713
2009-04-08,283.82526,283.93826,283.6183,283.43854,283.42725,283.23724
2009-04-09,280.41513,280.62915,280.40927,280.07114,280.16544,280.08047
2009-04-10,279.62195,279.41223,278.7675,279.40497,279.05908,278.53314
2009-04-11,283.95026,283.5743,282.76215,283.49863,283.01187,282.3443
2009-04-12,287.5605,287.147,286.29602,286.90872,286.35074,285.61105
2009-04-13,290.42065,290.25607,289.6526,290.41214,290.16226,289.72974
2009-04-14,288.30438,287.84177,286.93878,287.87595,287.20438,286.34906
2009-04-15,289.05908,288.65485,287.80878,288.83408,288.36526,287.71164
2009-04-16,290.8762,290.55652,289.79343,291.09018,290.6846,290.09305
2009-04-17,287.51956,287.5143,287.06403,287.9313,287.88272,287.6469
2009-04-18,293.75967,293.75134,293.29633,293.82037,293.67676,293.34464
2009-04-19,291.80658,291.70068,291.14642,291.8621,291.648,291.24414
2009-04-20,289.64243,289.3785,288.66443,289.46875,289.0738,288.48764
2009-04-21,293.57416,293.37338,292.72067,293.6855,293.37482,292.87158
2009-04-22,288.55206,288.46008,287.91443,288.8145,288.6368,288.26514
2009-04-23,291.06738,291.03293,290.54297,290.67264,290.5102,290.15234
2009-04-24,293.00012,292.7789,292.1004,293.35425,293.00906,292.4671
2009-04-25,295.29868,295.06946,294.38113,295.5372,295.259,294.78253
2009-04-26,294.9285,295.00378,294.61823,294.52124,294.5698,294.41867
2009-04-27,287.97144,287.85306,287.27203,287.3932,287.17688,286.7595
2009-04-28,295.1717,294.64444,293.6528,294.3685,293.76196,292.95288
2009-04-29,294.51828,294.24554,293.50677,294.3491,294.00262,293.45227
2009-04-30,287.63004,287.702,287.30618,287.7925,287.7439,287.49005
2009-05-01,290.1134,289.93872,289.29468,290.24673,289.9644,289.4755
2009-05-02,289.94052,289.86063,289.30984,289.65488,289.44794,289.0332
2009-05-03,290.93686,290.76468,290.1202,291.2072,290.9201,290.424
2009-05-04,292.2506,292.0989,291.47345,291.97507,291.67395,291.16272
2009-05-05,287.4411,287.377,286.83786,287.1315,286.9055,286.46826
2009-05-06,293.28613,292.75662,291.75082,292.9801,292.24155,291.29068
2009-05-07,290.00974,289.7363,288.98538,289.80243,289.3522,288.68887
2009-05-08,293.95502,293.73093,293.02832,294.07535,293.7748,293.26028
2009-05-09,299.4303,299.3634,298.81702,299.51157,299.42566,299.12503
2009-05-10,302.0337,301.97128,301.42853,302.07974,301.95084,301.60654
2009-05-11,295.27957,295.2373,294.71402,295.21933,295.00693,294.57855
2009-05-12,294.08704,294.02505,293.48138,294.37033,294.18707,293.78738
2009-05-13,289.8865,289.85168,289.33463,290.06412,289.87708,289.47324
2009-05-14,287.71082,287.42477,286.65613,287.3764,286.95657,286.31967
2009-05-15,295.25565,294.9039,294.0693,295.2153,294.77704,294.12164
2009-05-16,301.4536,301.2138,300.49106,301.65594,301.30307,300.7331
2009-05-17,300.87927,300.68015,299.99808,301.68365,301.32874,300.7568
2009-05-18,302.2178,301.92468,301.14877,302.43735,302.0713,301.48837
2009-05-19,298.48657,298.3521,297.73514,297.60684,297.40106,296.97876
2009-05-20,291.4262,291.09982,290.2913,290.41852,289.9801,289.3257
2009-05-21,292.61136,291.731,290.36893,292.64258,291.62054,290.3831
2009-05-22,289.19363,288.56238,287.45007,289.34177,288.57254,287.5886
2009-05-23,286.4956,285.99466,285.01346,286.53812,285.89218,285.03238
2009-05-24,296.89685,296.8252,296.2743,297.1649,296.9902,296.60257
2009-05-25,298.70978,298.66663,298.14523,298.8923,298.7126,298.32104
2009-05-26,292.11508,292.26614,291.94006,292.17816,292.1988,292.00873
2009-05-27,286.99265,287.1249,286.78134,287.18356,287.1766,286.9603
2009-05-28,287.90683,287.7105,287.03973,287.98965,287.6295,287.06134
2009-05-29,291.54816,291.33246,290.64383,291.65967,291.3039,290.74167
2009-05-30,294.15247,293.98303,293.3423,294.2546,293.936,293.4126
2009-05-31,295.61615,295.36008,294.63446,295.42392,295.01566,294.4043
2009-06-01,296.37656,296.1678,295.49133,296.17044,295.82587,295.28006
2009-06-02,294.63913,294.5435,293.98212,294.27042,294.03528,293.60083
2009-06-03,295.90714,295.69775,295.02463,295.8741,295.52582,294.98026
2009-06-04,298.80054,298.59976,297.93738,298.8173,298.47473,297.93698
2009-06-05,296.95508,296.84314,296.27173,296.85693,296.6142,296.17847
2009-06-06,295.07797,294.9202,294.30518,294.34842,294.0753,293.61133
2009-06-07,295.13464,295.40408,295.21872,294.22296,294.34076,294.27008
2009-06-08,293.28827,293.39127,293.04178,293.10867,293.08945,292.8842
2009-06-09,291.20578,291.22446,290.79312,291.23138,291.09006,290.76508
2009-06-10,291.86365,291.8652,291.41925,292.00565,291.8283,291.46982
2009-06-11,293.2085,292.99866,292.34384,293.63446,293.27374,292.73434
2009-06-12,293.26123,292.8325,291.9613,293.5552,292.9887,292.2461
2009-06-13,297.26398,296.8362,295.9685,297.5666,296.96915,296.1982
2009-06-14,301.03745,300.59824,299.72177,301.49237,300.89215,300.121
2009-06-15,298.53317,298.2073,297.44672,298.97775,298.49405,297.84204
2009-06-16,295.47882,295.35495,294.79898,295.58606,295.30057,294.84933
2009-06-17,293.77042,293.75342,293.30692,293.81244,293.6366,293.2976
2009-06-18,292.5843,292.49197,291.9728,292.16867,291.93613,291.54306
2009-06-19,290.97488,290.91055,290.42194,290.93057,290.68442,290.28027
2009-06-20,291.8299,291.68033,291.109,291.6859,291.37177,290.90222
2009-06-21,295.984,295.6363,294.8694,295.77817,295.30228,294.6735
2009-06-22,293.66898,293.2606,292.43546,293.7116,293.1301,292.39816
2009-06-23,297.5607,297.10693,296.2389,298.03024,297.44464,296.71103
2009-06-24,295.82336,295.60904,294.98276,296.169,295.82874,295.3429
2009-06-25,298.69824,298.1769,297.24597,299.14026,298.52585,297.76822
2009-06-26,297.03766,296.65945,295.8739,296.86264,296.34406,295.68454
2009-06-27,295.79477,295.57965,294.95944,296.1156,295.79117,295.32797
2009-06-28,300.01028,299.80133,299.18936,299.92615,299.60413,299.14545
2009-06-29,300.3051,300.1349,299.56366,300.7332,300.48907,300.11038
2009-06-30,298.01382,297.81552,297.21817,298.46036,298.14572,297.69843
2009-07-01,300.32935,299.94174,299.15698,300.59985,300.09036,299.45007
2009-07-02,302.22357,301.88712,301.15527,302.82135,302.32916,301.70798
2009-07-03,298.51193,298.12985,297.35413,298.81448,298.2601,297.57834
2009-07-04,299.02597,298.7584,298.09872,298.88318,298.48108,297.95322
2009-07-05,302.7951,302.7616,302.33752,303.00104,302.8422,302.55902
2009-07-06,304.53012,304.2314,303.5435,304.44598,304.0222,303.4754
2009-07-07,305.7413,305.62796,305.12668,306.18958,305.87723,305.44315
2009-07-08,303.63272,303.4437,302.8679,304.22095,303.87323,303.40497
2009-07-09,299.90234,299.7291,299.17007,299.58517,299.28513,298.86545
2009-07-10,299.7335,299.4796,298.84097,299.62357,299.2188,298.69534
2009-07-11,301.17227,301.00613,300.456,301.07483,300.7756,300.35837
2009-07-12,300.68524,300.61163,300.1548,300.14426,299.93585,299.6102
2009-07-13,300.6556,300.49216,299.9461,300.18228,299.88367,299.46823
2009-07-14,297.10736,297.07816,296.66684,296.33798,296.08884,295.72333
2009-07-15,299.1115,298.9976,298.50192,298.88745,298.67035,298.33713
2009-07-16,300.63327,300.55124,300.08777,300.53656,300.35657,300.06058
2009-07-17,300.9332,300.7042,300.09393,301.59537,301.20145,300.69156
2009-07-18,299.64536,299.42422,298.8219,300.07455,299.7423,299.29398
2009-07-19,303.76144,303.72833,303.31396,303.85202,303.71182,303.45538
2009-07-20,301.00455,301.11224,300.83853,300.8068,300.8157,300.70813
2009-07-21,299.52435,299.57254,299.23907,299.60855,299.4787,299.23187
2009-07-22,295.79535,295.47525,294.7732,296.2665,295.75275,295.12152
2009-07-23,299.39804,299.19873,298.61697,299.58475,299.26285,298.82285
2009-07-24,298.79343,298.61713,298.0579,299.69177,299.3819,298.95316
2009-07-25,296.4293,296.28278,295.75278,297.0904,296.7843,296.35852
2009-07-26,301.01144,300.85352,300.31137,301.1367,300.85828,300.45917
2009-07-27,298.27902,298.01822,297.3725,298.76974,298.3697,297.8479
2009-07-28,299.3192,298.8812,298.05737,299.36432,298.79614,298.10516
2009-07-29,301.93915,301.6208,300.91577,302.17874,301.7405,301.17825
2009-07-30,303.20248,302.79718,302.0042,303.66104,303.1247,302.46307
2009-07-31,302.64496,302.15353,301.27335,303.2208,302.6019,301.85635
2009-08-01,301.76666,301.47916,300.80188,301.22354,300.85153,300.35144
2009-08-02,299.5259,298.95422,297.9916,299.29303,298.56018,297.69778
2009-08-03,301.43365,300.7407,299.65555,301.95728,301.10938,300.13037
2009-08-04,298.79016,298.65292,298.12228,299.67285,299.43124,299.05698
2009-08-05,301.8645,301.322,300.3848,302.00134,301.35474,300.5738
2009-08-06,302.6128,302.35175,301.69476,302.9556,302.57776,302.0639
2009-08-07,305.35016,305.0017,304.25595,305.84775,305.3752,304.76486
2009-08-08,306.09424,305.67307,304.85318,306.08533,305.6044,304.98395
2009-08-09,306.81024,306.46988,305.7295,306.84433,306.4726,305.95956
2009-08-10,304.5342,303.8499,302.7641,304.1644,303.38657,302.46558
2009-08-11,298.47095,297.8979,296.9219,298.15692,297.45676,296.6116
2009-08-12,302.1282,301.5804,300.62833,302.4326,301.77362,300.96777
2009-08-13,303.5367,303.0329,302.12332,303.42447,302.82794,302.0827
2009-08-14,301.3114,301.12958,300.5405,300.5901,300.29062,299.8406
2009-08-15,296.07166,295.68967,294.8991,295.89673,295.4028,294.75644
2009-08-16,299.82553,299.3969,298.55826,299.44247,298.91382,298.23093
2009-08-17,302.6627,302.30298,301.5318,301.7209,301.2505,300.624
2009-08-18,299.2009,298.9409,298.26797,298.4405,298.01453,297.4306
2009-08-19,298.18216,297.94562,297.2948,298.1043,297.78497,297.30594
2009-08-20,299.44202,299.29938,298.74106,299.70792,299.48325,299.0971
2009-08-21,301.36664,301.02228,300.26086,301.60938,301.16724,300.5619
2009-08-22,296.65018,296.41888,295.76923,296.26395,295.88348,295.338
2009-08-23,295.42145,295.24832,294.65558,295.56616,295.2323,294.7318
2009-08-24,293.91248,293.6436,292.9538,294.57428,294.1663,293.59003
2009-08-25,298.35715,298.0206,297.2619,298.80814,298.35358,297.72913
2009-08-26,295.39227,295.2325,294.64938,295.3463,295.02304,294.52835
2009-08-27,291.29788,291.1325,290.54257,291.2316,290.92624,290.44797
2009-08-28,295.50012,295.16135,294.39688,295.8375,295.3538,294.6957
2009-08-29,295.39273,295.37234,294.92517,295.11743,294.99054,294.68784
2009-08-30,291.5491,291.27872,290.58038,291.50705,291.0424,290.40054
2009-08-31,293.39438,293.10306,292.38272,293.8525,293.45993,292.88882
2009-09-01,294.7104,294.40848,293.67654,295.27963,294.87427,294.28918
2009-09-02,295.54517,295.1945,294.41284,296.13235,295.67987,295.04642
2009-09-03,296.10764,295.8356,295.1316,296.50665,296.09952,295.5103
2009-09-04,296.9343,296.7201,296.07306,297.09662,296.77197,296.2642
2009-09-05,297.74994,297.40335,296.62302,298.19016,297.68698,296.9996
2009-09-06,296.4008,296.2117,295.58807,296.44437,296.15344,295.6774
2009-09-07,294.9684,294.80914,294.2145,295.2699,294.99963,294.54333
2009-09-08,295.83228,295.2575,294.24664,296.12817,295.42987,294.54468
2009-09-09,295.01962,294.81534,294.17426,294.53992,294.18567,293.64377
2009-09-10,292.14948,291.86298,291.13898,292.03607,291.6159,291.0073
2009-09-11,296.40576,296.05457,295.26517,296.74838,296.28534,295.63327
2009-09-12,298.7206,298.57367,297.98788,298.85822,298.6506,298.25333
2009-09-13,295.79892,295.69305,295.1478,295.25934,295.04932,294.649
2009-09-14,293.62958,293.5378,293.00604,293.5525,293.3489,292.95456
2009-09-15,294.5502,294.38315,293.77554,294.4882,294.2289,293.77844
2009-09-16,292.39783,292.05173,291.2646,293.02707,292.5565,291.8943
2009-09-17,294.10687,293.6921,292.83585,294.0198,293.438,292.66415
2009-09-18,289.6884,289.53333,288.93625,289.72205,289.4271,288.93988
2009-09-19,289.73666,289.77463,289.37015,289.80554,289.74747,289.4969
2009-09-20,291.3714,291.12616,290.43805,291.5236,291.15585,290.59537
2009-09-21,293.56302,293.24286,292.47946,294.08502,293.637,292.99606
2009-09-22,293.95203,293.7876,293.17953,294.1087,293.83002,293.35834
2009-09-23,291.0787,290.9407,290.3588,291.25284,291.02966,290.61334
2009-09-24,287.81982,287.5997,286.93536,288.15878,287.82132,287.29074
2009-09-25,291.47726,291.2794,290.63693,291.812,291.492,290.97885
2009-09-26,291.48737,291.36063,290.7891,291.62946,291.36703,290.91153
2009-09-27,288.79562,288.5502,287.85974,288.53995,288.1302,287.52737
2009-09-28,287.33188,287.28693,286.79666,287.2888,287.11234,286.74295
2009-09-29,289.42133,289.25455,288.64227,289.6328,289.3586,288.89163
2009-09-30,293.86978,293.64014,292.96475,294.15442,293.82144,293.2958
2009-10-01,295.50244,295.4482,294.94806,295.64212,295.52246,295.21036
2009-10-02,288.21234,288.1427,287.62695,287.93118,287.75204,287.38065
2009-10-03,287.0052,286.77322,286.09503,286.95807,286.62476,286.09937
2009-10-04,289.1584,288.91403,288.22333,289.42188,289.06204,288.51047
2009-10-05,291.31967,290.93726,290.10837,291.57623,291.06482,290.36197
2009-10-06,294.34564,294.01978,293.2473,294.7331,294.2798,293.63525
2009-10-07,292.6075,292.56097,292.06778,292.26215,292.04178,291.63052
2009-10-08,290.58163,290.44385,289.85938,290.5721,290.25848,289.75433
2009-10-09,280.01508,279.915,279.36826,279.8824,279.64114,279.20966
2009-10-10,274.6771,274.26767,273.4115,274.76035,274.16827,273.38635
2009-10-11,291.74805,291.8488,291.5028,291.52606,291.5194,291.32324
2009-10-12,285.67572,285.7519,285.38138,285.39383,285.3595,285.13608
2009-10-13,282.90692,282.73825,282.12292,282.81216,282.5194,282.03796
2009-10-14,283.7723,283.41754,282.61618,283.267,282.775,282.0947
2009-10-15,282.99902,282.74203,282.0386,283.17337,282.8043,282.24734
2009-10-16,285.49588,285.16113,284.38007,285.97644,285.49963,284.8354
2009-10-17,292.7673,292.3866,291.55972,293.1957,292.69272,292.0027
2009-10-18,294.65298,294.42398,293.74896,294.91666,294.57486,294.04648
2009-10-19,290.68994,290.32202,289.50824,290.41248,289.93146,289.26422
2009-10-20,291.86874,291.3599,290.40543,292.0302,291.38586,290.5558
2009-10-21,290.35236,290.26773,289.73773,290.78574,290.53476,290.09857
2009-10-22,293.54837,293.1868,292.38022,293.87115,293.3712,292.68643
2009-10-23,292.03503,291.984,291.48825,292.2431,292.06934,291.71127
2009-10-24,285.7702,285.78064,285.34668,285.8418,285.73785,285.45
2009-10-25,282.24506,282.09427,281.49945,282.19153,281.91925,281.46353
2009-10-26,286.4982,286.06216,285.18253,286.6924,286.11243,285.3495
2009-10-27,287.10916,286.98093,286.4095,286.9889,286.74857,286.3258
2009-10-28,291.73517,291.4805,290.78317,291.6828,291.31873,290.7727
2009-10-29,287.0434,286.8234,286.1612,287.27466,286.93198,286.4078
2009-10-30,279.68668,279.69138,279.2545,279.59814,279.48834,279.19748
2009-10-31,275.75342,275.59558,274.99667,275.81848,275.53348,275.0679
2009-11-01,276.56485,276.2864,275.56747,276.43497,276.02713,275.4392
2009-11-02,281.37897,281.2393,280.6598,281.53458,281.26413,280.81412
2009-11-03,280.94492,280.7549,280.1257,281.15714,280.8377,280.33914
2009-11-04,277.11053,276.88367,276.21826,277.11758,276.71216,276.1281
2009-11-05,284.69174,284.56836,284.0072,284.55872,284.32156,283.90622
2009-11-06,286.31842,286.14447,285.53348,286.53943,286.1953,285.67346
2009-11-07,287.7392,287.5567,286.93793,287.89764,287.57733,287.0797
2009-11-08,281.43326,281.3237,280.77863,281.58875,281.35236,280.93915
2009-11-09,283.3683,283.18262,282.56226,283.08163,282.77576,282.2935
2009-11-10,279.45187,279.6284,279.37103,279.46985,279.51758,279.38934
2009-11-11,275.81366,275.65848,275.07028,276.0622,275.7804,275.323
2009-11-12,275.99298,275.87805,275.33093,276.17578,275.94522,275.53955
2009-11-13,275.67352,275.40836,274.7119,275.8846,275.47864,274.89795
2009-11-14,277.9915,277.74084,277.05984,277.9345,277.55246,276.99612
2009-11-15,278.9128,278.35458,277.36682,278.69867,278.02097,277.16934
2009-11-16,288.51782,288.09268,287.23895,288.84424,288.3194,287.62094
2009-11-17,287.92877,287.53088,286.70532,287.84995,287.3361,286.64896
2009-11-18,288.83298,288.1811,287.1024,288.90344,288.17078,287.2652
2009-11-19,289.74588,289.36887,288.5659,290.0987,289.64642,289.0215
2009-11-20,287.82968,287.57907,286.90338,287.78925,287.43503,286.90842
2009-11-21,284.1605,283.8788,283.173,284.42603,284.0991,283.60004
2009-11-22,281.96542,281.2648,280.14087,281.8244,281.03848,280.08066
2009-11-23,284.91772,284.17822,283.01624,284.7237,283.81854,282.74173
2009-11-24,279.73257,279.53146,278.90872,279.719,279.41522,278.93988
2009-11-25,279.62454,279.55423,279.06302,279.44626,279.31863,279.0196
2009-11-26,287.4126,286.86945,285.9062,287.52835,286.85858,286.01755
2009-11-27,282.64902,282.18246,281.29654,282.80585,282.18622,281.3954
2009-11-28,281.02432,280.91934,280.39566,281.02036,280.83432,280.47702
2009-11-29,279.5696,279.32367,278.6597,279.517,279.20074,278.71326
2009-11-30,273.88675,273.49036,272.67654,274.00873,273.43314,272.68625
2009-12-01,273.98935,273.75848,273.11072,274.30533,273.9751,273.47345
2009-12-02,275.12738,274.76443,273.98514,275.1049,274.62296,273.96945
2009-12-03,273.79703,273.49597,272.77896,273.96048,273.53888,272.94547
2009-12-04,269.8022,269.41794,268.6182,269.78778,269.27914,268.59848
2009-12-05,273.31235,272.9272,272.1268,273.29138,272.79443,272.12518
2009-12-06,275.38348,275.22217,274.6459,275.3438,275.06363,274.61072
2009-12-07,271.3189,271.146,270.55838,271.44263,271.15308,270.69037
2009-12-08,267.17554,266.8269,266.06357,267.00998,266.5271,265.87064
2009-12-09,271.93146,271.86154,271.37698,272.02167,271.85278,271.50977
2009-12-10,267.50143,267.3394,266.7627,267.70673,267.418,266.95453
2009-12-11,266.74844,266.6669,266.1706,266.68204,266.50067,266.1439
2009-12-12,263.50458,263.21204,262.5046,263.5985,263.19,262.60544
2009-12-13,268.49045,268.0823,267.25897,268.6755,268.16614,267.4799
2009-12-14,271.9553,271.738,271.10516,272.15414,271.82816,271.32443
2009-12-15,272.4652,272.09348,271.30563,272.94452,272.46567,271.8082
2009-12-16,280.4998,280.4644,280.01236,280.34778,280.2761,280.0249
2009-12-17,269.24994,269.28854,268.90994,268.89133,268.82855,268.5852
2009-12-18,267.54672,267.38947,266.81424,267.3267,267.05124,266.59418
2009-12-19,269.8565,269.55145,268.82764,269.86655,269.42233,268.79526
2009-12-20,271.96634,271.795,271.20404,271.94052,271.65536,271.1862
2009-12-21,272.14236,272.0818,271.6006,272.1042,271.9282,271.5669
2009-12-22,272.0581,271.9463,271.4128,272.36227,272.1018,271.65472
2009-12-23,276.5181,276.26047,275.57996,276.54703,276.18152,275.628
2009-12-24,274.5453,274.32095,273.67252,274.71356,274.35815,273.81335
2009-12-25,264.7482,264.69876,264.2239,264.65927,264.46735,264.08447
2009-12-26,266.58325,266.37216,265.7342,266.5397,266.20862,265.68506
2009-12-27,270.7258,270.46133,269.76852,270.63284,270.18533,269.5438
2009-12-28,271.6165,271.40997,270.7736,271.6402,271.30814,270.78033
2009-12-29,276.6427,276.34842,275.62262,277.0408,276.63916,276.0401
2009-12-30,277.75238,277.66058,277.13553,278.17444,277.96417,277.5548
2009-12-31,276.55194,276.5004,276.01382,276.47604,276.29608,275.9152
2010-01-01,281.44894,281.16812,280.44858,281.27426,280.85876,280.23877
2010-01-02,281.02887,280.86978,280.27005,280.8107,280.50735,279.99765
2010-01-03,276.8496,276.5931,275.89392,276.63217,276.29413,275.74786
2010-01-04,271.6296,271.36743,270.66058,271.55612,271.20743,270.64856
2010-01-05,271.66458,271.45706,270.80283,271.60184,271.30505,270.7962
2010-01-06,268.60562,268.38016,267.70587,268.7212,268.3441,267.753
2010-01-07,260.4624,260.0858,259.2582,260.22162,259.70148,258.9654
2010-01-08,262.5108,262.25018,261.53647,262.027,261.62906,261.01324
2010-01-09,268.40314,267.987,267.1156,268.45383,267.92145,267.1693
2010-01-10,269.11343,268.79492,268.01895,269.0606,268.56366,267.84494
2010-01-11,262.24,261.81918,260.93884,261.8833,261.30252,260.49808
2010-01-12,270.5844,270.24127,269.43637,270.74963,270.23596,269.49673
2010-01-13,274.35312,273.89487,272.9727,274.24777,273.686,272.89682
2010-01-14,276.3408,275.99768,275.18857,276.54834,276.08627,275.39502
2010-01-15,284.71042,284.5343,283.89008,284.64062,284.4543,284.03696
2010-01-16,286.68646,286.60715,286.05765,286.76422,286.6871,286.37723
2010-01-17,276.37805,276.17795,275.50565,276.1648,275.85516,275.31104
2010-01-18,278.08725,277.7605,276.95953,278.05322,277.6389,276.98843
2010-01-19,278.0094,277.80933,277.1331,277.87283,277.55475,276.9989
2010-01-20,274.55554,274.46814,273.9027,274.75168,274.5592,274.12744
2010-01-21,275.15048,275.1318,274.63324,275.4512,275.29062,274.88928
2010-01-22,275.4531,275.26917,274.6036,275.5948,275.30795,274.77893
2010-01-23,276.23715,276.07675,275.43307,276.6418,276.32068,275.75607
2010-01-24,276.68884,276.3403,275.50693,276.81808,276.36057,275.65823
2010-01-25,276.172,276.06784,275.47733,276.17874,275.927,275.42938
2010-01-26,277.0807,276.90308,276.23773,277.0108,276.72302,276.1883
2010-01-27,275.44263,275.34503,274.7584,275.79663,275.59265,275.1407
2010-01-28,275.51428,275.48056,274.9565,275.7796,275.63522,275.24194
2010-01-29,274.21228,274.3265,273.9493,274.3096,274.3105,274.0616
2010-01-30,272.29144,272.32306,271.86224,272.43057,272.3399,271.9988
2010-01-31,272.65097,272.67963,272.21494,272.84537,272.7606,272.42487
2010-02-01,276.45352,276.51187,276.07608,276.32217,276.22794,275.88217
2010-02-02,271.5411,271.6691,271.3023,271.98825,271.9826,271.72507
2010-02-03,267.48578,267.52164,267.0621,267.3493,267.25195,266.90237
2010-02-04,265.79193,265.7467,265.2057,265.67255,265.4931,265.0613
2010-02-05,267.17728,267.03275,266.39218,266.88882,266.59116,266.0411
2010-02-06,266.2812,266.0715,265.36563,265.98508,265.64902,265.06058
2010-02-07,267.12915,266.7143,265.8032,266.98764,266.45297,265.66617
2010-02-08,265.46793,265.1746,264.38504,265.22745,264.81226,264.1452
2010-02-09,262.19418,261.96738,261.24457,262.05615,261.69922,261.0908
2010-02-10,265.11676,264.9498,264.28714,265.21713,264.90936,264.35068
2010-02-11,268.4006,268.33807,267.7803,268.41165,268.2024,267.74283
2010-02-12,265.8879,265.9234,265.4642,265.88354,265.75677,265.38046
2010-02-13,262.78217,262.7072,262.13828,262.71912,262.5073,262.04672
2010-02-14,263.83218,263.80533,263.2853,263.51105,263.34018,262.92154
2010-02-15,260.9402,260.8473,260.26215,260.63437,260.36444,259.84772
2010-02-16,265.052,265.15472,264.76617,264.89374,264.87936,264.6194
2010-02-17,266.72986,266.74756,266.27512,266.81857,266.70172,266.3405
2010-02-18,268.3263,268.32413,267.8331,268.1659,268.02478,267.6407
2010-02-19,264.51245,264.60986,264.2197,264.35425,264.30496,264.01407
2010-02-20,268.31537,268.28195,267.76242,268.34027,268.16187,267.7434
2010-02-21,273.3059,273.33237,272.8742,273.38626,273.2704,272.91602
2010-02-22,274.19543,274.12576,273.573,273.9427,273.69797,273.2164
2010-02-23,271.17462,271.184,270.71194,270.9373,270.82648,270.4806
2010-02-24,274.8397,274.87952,274.4397,275.03983,274.93375,274.59445
2010-02-25,274.40814,274.51105,274.13614,274.38135,274.31586,274.01898
2010-02-26,269.01086,269.33334,269.17987,268.93732,269.14307,269.1193
2010-02-27,267.19363,267.17682,266.68594,266.78406,266.6623,266.31302
2010-02-28,269.11545,269.41293,269.23834,269.01672,269.2217,269.20117
2010-03-01,270.49652,271.0423,271.11798,270.5639,271.0016,271.21582
2010-03-02,268.4991,268.7544,268.54156,268.55853,268.704,268.62802
2010-03-03,272.86984,272.86023,272.38452,273.05176,272.9094,272.5477
2010-03-04,270.57797,270.49213,269.94223,270.45978,270.22665,269.7763
2010-03-05,272.60803,272.56915,272.06824,272.63812,272.48822,272.12323
2010-03-06,273.9102,273.92447,273.4788,273.95212,273.82013,273.4752
2010-03-07,270.95297,270.99362,270.57632,271.1101,271.0068,270.6926
2010-03-08,266.11115,266.18927,265.81152,266.0202,265.97226,265.7155
2010-03-09,265.72095,265.57794,264.98108,265.5702,265.2994,264.82193
2010-03-10,271.1639,271.0043,270.39282,270.90164,270.63477,270.16324
2010-03-11,271.83667,271.91156,271.53644,272.44928,272.38196,272.112
2010-03-12,273.8201,273.75223,273.23624,274.0083,273.80994,273.41092
2010-03-13,276.5822,276.54065,276.05286,276.57718,276.40994,276.04398
2010-03-14,274.8779,274.81467,274.30695,274.84668,274.66162,274.2797
2010-03-15,278.80298,278.72665,278.20752,278.5272,278.31088,277.8996
2010-03-16,275.39825,275.42957,275.01962,275.344,275.238,274.9388
2010-03-17,269.62265,269.6731,269.2838,269.09473,269.02734,268.76843
2010-03-18,275.47235,275.23233,274.55417,274.73508,274.40863,273.89224
2010-03-19,273.5612,273.2529,272.50778,273.24948,272.8993,272.3607
2010-03-20,270.45276,270.4016,269.91492,270.20618,269.99432,269.59555
2010-03-21,268.74756,268.71985,268.25775,268.6212,268.44482,268.08292
2010-03-22,272.06168,271.908,271.321,271.79883,271.51535,271.04758
2010-03-23,275.22675,275.281,274.90295,275.03726,274.96027,274.70016
2010-03-24,272.00656,271.81232,271.18665,271.8501,271.5397,271.04733
2010-03-25,265.90424,265.69275,265.05057,265.536,265.18967,264.66232
2010-03-26,268.83188,268.64423,268.0264,268.49155,268.16382,267.6559
2010-03-27,278.7555,278.37277,277.56042,278.35046,277.8307,277.13156
2010-03-28,280.98016,280.26935,279.12927,280.56894,279.7076,278.66754
2010-03-29,281.7129,281.4631,280.7843,280.71005,280.34033,279.79242
2010-03-30,285.18976,285.11008,284.60153,284.76874,284.58185,284.21722
2010-03-31,287.21655,287.13095,286.61658,287.56168,287.3466,286.95407
2010-04-01,289.56833,289.61575,289.23422,288.9799,288.94876,288.74048
2010-04-02,288.33414,288.33856,287.91388,287.70627,287.6204,287.35748
2010-04-03,281.3168,281.2795,280.8127,280.23837,280.09384,279.7722
2010-04-04,282.13513,281.82153,281.07797,282.37457,281.9445,281.33728
2010-04-05,288.6825,288.38168,287.65036,288.845,288.45132,287.88028
2010-04-06,288.47055,287.92297,286.9442,288.426,287.7603,286.91696
2010-04-07,289.79367,289.59332,288.961,289.55994,289.2689,288.7997
2010-04-08,292.3734,291.92587,291.0454,291.98154,291.42007,290.67993
2010-04-09,291.6574,291.4749,290.8585,291.07394,290.7949,290.33658
2010-04-10,289.98224,289.7486,289.07996,289.93765,289.6345,289.15134
2010-04-11,291.58545,291.23483,290.44803,291.33847,290.81476,290.11017
2010-04-12,287.94528,287.6095,286.83615,287.66016,287.16412,286.48636
2010-04-13,291.8531,291.62607,290.96017,291.79434,291.46164,290.9463
2010-04-14,293.6484,293.42728,292.7658,293.8661,293.48566,292.92154
2010-04-15,288.44885,288.39694,287.90323,288.74652,288.57886,288.2264
2010-04-16,289.79218,289.54413,288.85266,289.54688,289.18066,288.62845
2010-04-17,291.04898,290.69016,289.88632,291.1898,290.75034,290.12366
2010-04-18,294.01254,293.72458,292.98993,294.37332,293.9425,293.32315
2010-04-19,295.81836,295.6248,294.98285,296.21484,295.9292,295.45377
2010-04-20,290.4146,290.37158,289.8784,290.5545,290.38324,290.0208
2010-04-21,282.41635,282.1613,281.45435,281.9963,281.5967,281.00455
2010-04-22,292.40002,292.28342,291.7131,292.2999,292.05966,291.6254
2010-04-23,288.11273,288.03564,287.50305,287.8063,287.6214,287.24106
2010-04-24,286.3537,286.27066,285.7303,286.19135,285.97964,285.57117
2010-04-25,292.31982,292.08212,291.3853,292.57178,292.25436,291.73868
2010-04-26,294.79477,294.53467,293.81372,295.17703,294.8331,294.2895
2010-04-27,297.43793,297.07516,296.2498,297.9584,297.50858,296.85767
2010-04-28,297.78732,297.63016,297.0086,297.88644,297.6326,297.17627
2010-04-29,295.64502,295.70508,295.29907,295.59277,295.57452,295.3524
2010-04-30,290.25595,290.27582,289.82794,289.90756,289.8241,289.53537
2010-05-01,286.85074,286.684,286.04788,286.66162,286.3644,285.86063
2010-05-02,288.35544,288.437,288.04773,288.22968,288.13953,287.84158
2010-05-03,290.9545,290.83566,290.2445,290.88986,290.65207,290.20526
2010-05-04,290.04578,290.01572,289.5119,290.62888,290.41077,289.9825
2010-05-05,288.99854,289.06717,288.6607,288.32614,288.3214,288.10547
2010-05-06,292.7157,293.21494,293.23785,292.7672,293.28506,293.59067
2010-05-07,291.59473,291.36212,290.652,291.6162,291.23035,290.63132
2010-05-08,293.3575,293.43582,293.03558,293.56622,293.47943,293.17865
2010-05-09,288.716,288.6802,288.16492,288.65396,288.47656,288.08447
2010-05-10,286.59082,286.54556,286.01996,286.3461,286.1184,285.67532
2010-05-11,288.717,288.70554,288.21304,288.59564,288.45694,288.1022
2010-05-12,289.44656,289.30457,288.68085,289.28073,289.01135,288.5256
2010-05-13,290.73984,290.7517,290.2814,290.8378,290.6985,290.3424
2010-05-14,290.83646,290.67075,290.0225,291.21628,290.9221,290.41086
2010-05-15,292.86462,292.72266,292.09784,292.8399,292.58395,292.1109
2010-05-16,290.306,290.1432,289.49747,289.98834,289.69223,289.179
2010-05-17,292.2157,292.07944,291.46024,292.58905,292.33072,291.8554
2010-05-18,293.43793,293.24472,292.56873,293.9685,293.65207,293.1188
2010-05-19,294.9145,294.6562,293.91534,295.4118,295.0616,294.4949
2010-05-20,298.515,298.45117,297.90518,298.7775,298.5611,298.1287
2010-05-21,299.84708,299.76816,299.2076,300.1801,299.98303,299.57056
2010-05-22,297.71417,297.63184,297.0685,297.52805,297.37115,296.99954
2010-05-23,296.36954,295.9738,295.0978,295.23022,294.72644,294.0088
2010-05-24,295.3663,295.12192,294.39825,294.86755,294.4845,293.8885
2010-05-25,295.1017,294.94922,294.31848,295.26508,294.98648,294.496
2010-05-26,297.95743,297.78635,297.13818,297.79697,297.54944,297.09122
2010-05-27,300.90982,300.68344,299.98126,300.66632,300.31622,299.7567
2010-05-28,296.3167,296.25262,295.7141,296.31363,296.12253,295.72342
2010-05-29,291.364,291.40784,290.97876,291.47217,291.3629,291.04727
2010-05-30,291.13318,290.81943,290.03436,291.20734,290.7628,290.1134
2010-05-31,295.2065,294.94293,294.2098,295.31985,294.93674,294.35052
2010-06-01,298.36053,298.2641,297.69998,298.74997,298.52618,298.10114
2010-06-02,298.88052,298.5915,297.83667,299.34558,298.94595,298.34705
2010-06-03,297.24478,296.58554,295.46252,297.39017,296.55215,295.5168
2010-06-04,299.2658,299.2501,298.77274,299.281,299.13306,298.7899
2010-06-05,298.2267,298.1898,297.69342,297.99716,297.84552,297.5009
2010-06-06,297.00168,296.94806,296.43723,296.5181,296.34088,295.97284
2010-06-07,296.34454,296.03265,295.26593,296.46188,296.01968,295.38904
2010-06-08,296.16177,295.91678,295.2193,296.50433,296.08902,295.48767
2010-06-09,294.74533,294.53214,293.86887,294.4471,294.05582,293.48093
2010-06-10,295.50568,295.3922,294.83124,295.5354,295.2797,294.8428
2010-06-11,297.52127,297.49655,297.02686,297.54456,297.41373,297.10428
2010-06-12,296.03693,295.93527,295.39117,296.1511,295.86554,295.40387
2010-06-13,293.21097,293.04437,292.43787,293.05594,292.76846,292.3075
2010-06-14,294.883,294.54926,293.7782,294.67917,294.18863,293.5272
2010-06-15,294.67993,294.57935,294.04404,294.7449,294.43237,293.95148
2010-06-16,290.83237,290.72748,290.19046,290.83038,290.5112,290.02634
2010-06-17,288.02887,287.854,287.2496,288.8564,288.53894,288.05832
2010-06-18,297.15292,296.98218,296.38455,297.26666,296.95682,296.48645
2010-06-19,301.84195,301.59683,300.92746,301.86453,301.46725,300.91205
2010-06-20,298.97708,298.9103,298.42175,298.73508,298.55493,298.21945
2010-06-21,294.3526,294.11752,293.46323,294.51007,294.13724,293.61157
2010-06-22,293.26373,293.17737,292.67422,293.2514,293.02158,292.6413
2010-06-23,293.63724,293.35425,292.65692,293.7067,293.2615,292.66833
2010-06-24,297.96637,297.43256,296.48682,297.0943,296.39066,295.54147
2010-06-25,303.17517,303.3237,303.06262,302.86346,302.9479,302.88913
2010-06-26,295.87674,295.8753,295.4665,295.58554,295.41348,295.10052
2010-06-27,294.04544,293.90634,293.36215,293.8982,293.6037,293.1704
2010-06-28,294.19934,294.05048,293.49863,293.99484,293.6709,293.21027
2010-06-29,297.037,296.67047,295.90295,296.8391,296.3523,295.73083
2010-06-30,297.5327,297.57968,297.22766,298.01227,298.0063,297.86765
2010-07-01,296.85312,296.8303,296.41034,296.36142,296.20816,295.9241
2010-07-02,294.14005,294.02524,293.51505,294.28668,294.03323,293.65082
2010-07-03,291.3692,291.2825,290.80215,291.61478,291.34467,290.94714
2010-07-04,292.8361,292.8792,292.5302,292.76352,292.6892,292.4891
2010-07-05,297.36646,297.30148,296.8459,297.38452,297.17633,296.84375
2010-07-06,301.63773,301.43906,300.8512,301.78302,301.46515,301.0243
2010-07-07,297.2787,297.06293,296.4592,297.6887,297.31448,296.8185
2010-07-08,298.12836,297.91016,297.30518,298.45264,298.08356,297.59393
2010-07-09,300.2867,299.81387,298.95532,301.1666,300.58014,299.87402
2010-07-10,302.44873,302.1241,301.41467,302.80984,302.36115,301.7937
2010-07-11,297.7193,297.49664,296.89005,297.80203,297.421,296.92194
2010-07-12,299.18518,299.06134,298.55426,299.65906,299.42065,299.06494
2010-07-13,296.9934,296.77274,296.16946,296.90775,296.52728,296.03
2010-07-14,298.5583,298.34366,297.74692,298.61618,298.2525,297.7724
2010-07-15,303.51636,303.27838,302.65866,303.8669,303.4817,302.98035
2010-07-16,304.49243,304.33047,303.7871,304.83643,304.5604,304.16837
2010-07-17,301.09973,300.85745,300.23386,301.10156,300.736,300.25446
2010-07-18,297.96802,297.72006,297.0909,297.97318,297.62225,297.15524
2010-07-19,296.52997,296.16214,295.413,296.91388,296.37692,295.7237
2010-07-20,303.28186,302.9198,302.17636,303.4985,303.0475,302.47995
2010-07-21,303.47833,303.32053,302.7811,304.21686,303.88354,303.43326
2010-07-22,299.2104,299.20996,298.82758,298.95337,298.8617,298.6525
2010-07-23,300.4993,300.3809,299.88,300.26743,300.0174,299.64926
2010-07-24,296.59995,296.6509,296.31894,296.64355,296.60037,296.43832
2010-07-25,305.59433,305.15393,304.33005,305.0948,304.5826,303.9507
2010-07-26,304.13675,304.3276,304.1343,303.90762,304.05203,304.07578
2010-07-27,301.68802,301.6014,301.12982,301.56393,301.3579,301.03015
2010-07-28,297.3195,297.09058,296.47586,297.69492,297.30685,296.796
2010-07-29,301.2612,301.02142,300.39496,301.9465,301.56604,301.06155
2010-07-30,299.68726,299.707,299.33908,300.4302,300.28745,300.0194
2010-07-31,299.75067,299.107,298.0746,299.5455,298.76505,297.85797
2010-08-01,298.37082,298.04163,297.32263,298.81546,298.40985,297.8762
2010-08-02,298.6286,298.52002,298.0205,298.47638,298.26962,297.9333
2010-08-03,296.27664,296.08466,295.50052,296.12366,295.7974,295.34
2010-08-04,297.36194,297.0376,296.31985,297.48462,297.01358,296.40985
2010-08-05,299.56223,299.25815,298.55942,299.90976,299.488,298.93195
2010-08-06,303.91232,303.47668,302.64514,304.5023,303.95746,303.27655
2010-08-07,303.91602,303.751,303.18872,303.99316,303.74478,303.3586
2010-08-08,297.728,297.6044,297.0821,297.71655,297.4287,297.00128
2010-08-09,304.03494,303.8333,303.23163,304.30298,304.00647,303.56863
2010-08-10,300.8398,300.74805,300.25476,300.87158,300.67426,300.33374
2010-08-11,297.92194,297.90768,297.49048,298.1074,298.02548,297.79858
2010-08-12,299.61673,299.49026,298.95944,299.74826,299.48444,299.07373
2010-08-13,301.6614,301.06796,300.06876,302.0068,301.31537,300.47522
2010-08-14,305.4483,305.17746,304.49942,305.76205,305.40726,304.90192
2010-08-15,300.77567,300.53616,299.88806,299.7903,299.37994,298.81717
2010-08-16,301.76117,301.59152,301.01184,301.69116,301.40433,300.96326
2010-08-17,298.80844,298.63702,298.05414,298.78183,298.52097,298.104
2010-08-18,299.0622,298.9579,298.44067,298.96628,298.75336,298.3825
2010-08-19,300.583,300.45734,299.9174,300.54306,300.34174,299.98074
2010-08-20,301.93402,301.5203,300.69092,302.25955,301.7353,301.04956
2010-08-21,300.47,300.463,300.03897,300.62234,300.4676,300.14963
2010-08-22,299.90463,299.8431,299.36325,299.50958,299.34668,299.0188
2010-08-23,299.42218,299.24814,298.65445,299.31784,299.02692,298.5693
2010-08-24,298.4419,298.31885,297.7749,298.30496,298.08182,297.69043
2010-08-25,300.29373,299.98056,299.24524,300.5344,300.09583,299.48743
2010-08-26,296.88803,296.7555,296.1996,297.3205,297.05328,296.6147
2010-08-27,296.28253,296.15857,295.61008,296.17615,295.90524,295.46136
2010-08-28,296.81598,296.61893,295.9962,296.89273,296.5826,296.09808
2010-08-29,294.92053,294.4858,293.6243,295.4876,294.92856,294.19373
2010-08-30,294.26355,293.53085,292.3702,294.28162,293.3927,292.3266
2010-08-31,298.40723,298.11557,297.3949,298.52515,298.10657,297.5095
2010-09-01,295.19296,295.31555,295.00812,295.54245,295.55176,295.3813
2010-09-02,296.53204,296.11517,295.26733,296.7224,296.1776,295.45187
2010-09-03,297.34116,296.92435,296.0756,297.3894,296.82187,296.07233
2010-09-04,296.5194,296.4624,295.9726,296.6267,296.4422,296.07452
2010-09-05,294.2813,294.18396,293.65286,294.30038,294.0854,293.68622
2010-09-06,292.85956,292.49817,291.70224,292.69464,292.2096,291.53943
2010-09-07,296.4763,296.1008,295.28995,296.62152,296.11853,295.42947
2010-09-08,295.04678,294.61646,293.75006,294.44647,293.8904,293.14746
2010-09-09,294.55487,294.202,293.41232,294.67755,294.16498,293.4647
2010-09-10,294.94592,294.6779,293.97232,294.78012,294.4047,293.84088
2010-09-11,294.51297,294.39822,293.84528,294.75247,294.47958,294.01767
2010-09-12,296.62012,296.4534,295.84784,296.51523,296.2289,295.7529
2010-09-13,291.22797,291.0444,290.4214,291.2983,290.97864,290.46872
2010-09-14,290.6248,290.4943,289.92386,291.17062,290.8767,290.39203
2010-09-15,291.59537,290.97986,289.92386,291.1837,290.46353,289.55212
2010-09-16,291.25812,290.70673,289.71432,290.9419,290.25577,289.37802
2010-09-17,290.38248,290.36783,289.91162,290.5932,290.42233,290.05948
2010-09-18,294.1244,292.92676,291.28717,293.3037,291.94803,290.40005
2010-09-19,293.58368,293.19125,292.3564,293.23083,292.6648,291.90628
2010-09-20,288.80716,288.5345,287.819,288.91684,288.52686,287.94415
2010-09-21,289.81412,289.62344,288.98956,289.8935,289.59427,289.10217
2010-09-22,294.0954,294.01358,293.48816,294.5763,294.3037,293.83813
2010-09-23,291.46338,291.4298,290.95233,291.55026,291.37738,291.01138
2010-09-24,292.11993,291.7232,290.88226,292.39752,291.89755,291.20447
2010-09-25,285.69186,285.35135,284.56628,285.93048,285.47125,284.8189
2010-09-26,295.02795,294.9259,294.37906,295.06482,294.8442,294.4305
2010-09-27,292.98743,292.83206,292.2317,293.00186,292.73868,292.2824
2010-09-28,292.16388,291.78348,290.95776,292.25412,291.74393,291.0408
2010-09-29,291.5194,291.26987,290.57483,291.70554,291.32123,290.74417
2010-09-30,286.583,286.36517,285.70163,286.54984,286.20593,285.66937
2010-10-01,284.76056,284.59454,283.98257,284.63156,284.34445,283.8649
2010-10-02,284.69058,284.63867,284.14062,284.8763,284.69083,284.3131
2010-10-03,286.40167,286.2582,285.66852,286.51324,286.2576,285.80988
2010-10-04,288.79166,288.54922,287.86044,289.05945,288.6837,288.11618
2010-10-05,293.5423,293.1373,292.28583,293.82236,293.2885,292.5632
2010-10-06,293.50922,293.26978,292.58374,293.38968,292.99634,292.4118
2010-10-07,290.22064,290.07773,289.48822,290.38382,290.12793,289.68115
2010-10-08,287.4506,287.31168,286.7261,287.64117,287.36646,286.9012
2010-10-09,285.4077,285.3028,284.75116,285.854,285.58136,285.1185
2010-10-10,292.51416,292.25595,291.551,292.75427,292.36935,291.79456
2010-10-11,290.07666,289.9863,289.44925,289.69034,289.50735,289.1349
2010-10-12,288.08957,287.75076,286.9653,288.306,287.8287,287.16226
2010-10-13,292.0655,291.84988,291.18762,292.31128,292.01114,291.52234
2010-10-14,290.0968,290.05972,289.57605,289.80075,289.62692,289.2648
2010-10-15,284.73938,284.61255,284.03925,284.79782,284.5361,284.0865
2010-10-16,288.54428,288.41104,287.83145,288.80048,288.545,288.10208
2010-10-17,290.6203,290.6437,290.22095,290.59552,290.54254,290.3025
2010-10-18,283.76855,283.84818,283.4818,283.5884,283.5213,283.2676
2010-10-19,280.01254,279.6947,278.93103,280.1239,279.61774,278.92538
2010-10-20,282.52243,282.31403,281.66006,282.40454,282.05927,281.52826
2010-10-21,284.68716,284.33597,283.53946,284.84137,284.37473,283.72287
2010-10-22,283.6131,283.60483,283.15152,283.70813,283.53796,283.183
2010-10-23,280.84818,280.5864,279.87988,281.3949,280.914,280.24878
2010-10-24,283.00766,282.78967,282.12732,283.01437,282.66132,282.12442
2010-10-25,283.19217,282.79358,281.95096,283.24902,282.71152,281.99054
2010-10-26,285.2818,284.81522,283.90503,285.53848,284.94385,284.16623
2010-10-27,290.36975,289.98193,289.1509,290.82187,290.3237,289.6431
2010-10-28,290.29202,290.0605,289.3863,290.51505,290.1685,289.63995
2010-10-29,285.03027,284.8926,284.31277,284.99146,284.66556,284.15817
2010-10-30,280.3227,280.06006,279.35587,280.66428,280.24814,279.65094
2010-10-31,280.06403,279.6332,278.76132,280.30106,279.77518,279.06866
2010-11-01,281.5605,281.2869,280.57285,281.63818,281.25146,280.6847
2010-11-02,278.688,278.49216,277.85645,278.80093,278.46652,277.95248
2010-11-03,278.28174,278.0498,277.37866,278.2347,277.90128,277.3887
2010-11-04,281.08,280.7227,279.92688,281.15448,280.697,280.06085
2010-11-05,286.95215,286.4461,285.50226,287.00684,286.34763,285.51022
2010-11-06,289.02997,288.65375,287.84048,289.07513,288.5887,287.9246
2010-11-07,282.77707,282.50232,281.7913,282.99274,282.59637,282.0227
2010-11-08,277.35278,277.0878,276.38733,277.29535,276.90707,276.34195
2010-11-09,278.1282,277.89655,277.23022,278.12122,277.75122,277.20483
2010-11-10,280.31857,280.21786,279.68332,280.13055,279.88394,279.4613
2010-11-11,274.8482,274.6982,274.1152,274.8103,274.50122,274.01654
2010-11-12,275.59692,275.34445,274.6598,275.59082,275.19238,274.6188
2010-11-13,278.13974,277.96228,277.35355,277.95505,277.6594,277.18903
2010-11-14,276.04852,275.85724,275.23557,276.21176,275.87073,275.35538
2010-11-15,282.84317,282.64157,282.01044,282.92838,282.6047,282.10712
2010-11-16,277.61105,277.81198,277.5843,277.62805,277.70718,277.61273
2010-11-17,277.43604,277.3342,276.80463,277.12585,276.87903,276.45895
2010-11-18,275.3108,275.20435,274.67108,274.98624,274.75482,274.35046
2010-11-19,277.224,276.87662,276.10324,277.31052,276.82925,276.1753
2010-11-20,277.1208,276.98575,276.42566,277.47397,277.1458,276.64532
2010-11-21,279.19778,278.9975,278.37308,279.27454,278.96167,278.47668
2010-11-22,279.72186,279.67447,279.20377,279.9961,279.7491,279.3302
2010-11-23,283.98566,283.87466,283.34122,283.55414,283.31174,282.8976
2010-11-24,285.26053,285.31088,284.93964,284.70914,284.6466,284.4125
2010-11-25,280.47073,280.37912,279.86664,280.28967,280.05923,279.65738
2010-11-26,276.2445,276.1238,275.58304,276.30014,276.0402,275.60895
2010-11-27,274.3417,274.0425,273.32388,274.57816,274.12546,273.5016
2010-11-28,283.0964,282.75525,281.9954,281.66925,281.19833,280.55615
2010-11-29,288.75748,288.51498,287.8545,288.63702,288.34048,287.87274
2010-11-30,289.67218,289.28958,288.48956,290.0286,289.53,288.8601
2010-12-01,285.84967,285.98953,285.7125,286.77798,286.79837,286.64734
2010-12-02,280.97046,281.0857,280.78458,281.0754,281.07047,280.89392
2010-12-03,277.2843,277.4471,277.194,277.38437,277.39517,277.2342
2010-12-04,274.34854,274.14633,273.5286,274.35022,274.0404,273.55853
2010-12-05,277.24158,277.05966,276.46252,277.10745,276.80008,276.32034
2010-12-06,272.16013,272.0599,271.54477,272.28738,272.08432,271.70856
2010-12-07,272.19373,272.02167,271.43488,272.14798,271.87723,271.43332
2010-12-08,269.44574,269.02573,268.19104,269.05704,268.57587,267.9211
2010-12-09,281.13287,280.77313,279.99875,281.02835,280.58716,279.97186
2010-12-10,284.9666,284.5791,283.77695,284.64233,284.14633,283.4756
2010-12-11,285.84393,285.4454,284.6321,285.88953,285.3712,284.67743
2010-12-12,277.45078,277.2066,276.5475,277.19638,276.8415,276.3105
2010-12-13,281.6332,281.39682,280.7452,281.157,280.79324,280.25256
2010-12-14,275.13913,274.92603,274.29736,274.99982,274.63876,274.10004
2010-12-15,276.2876,276.2083,275.71298,276.1548,275.90686,275.48035
2010-12-16,275.31204,275.24292,274.7572,275.18176,274.95407,274.54684
2010-12-17,266.2765,266.18793,265.68213,266.28137,266.07138,265.68082
2010-12-18,278.37836,278.22882,277.66138,277.96515,277.72244,277.29807
2010-12-19,272.5424,272.2936,271.62607,272.02176,271.66467,271.12473
2010-12-20,279.21945,279.04047,278.44186,279.04556,278.7342,278.23877
2010-12-21,278.839,278.48828,277.71695,277.8945,277.42654,276.77325
2010-12-22,286.61426,286.0682,285.10046,286.5178,285.84308,284.9818
2010-12-23,284.58417,284.1617,283.3164,284.88068,284.36438,283.66003
2010-12-24,273.68103,273.3988,272.6925,273.5803,273.15,272.53027
2010-12-25,275.47278,275.264,274.62982,275.47647,275.10498,274.5426
2010-12-26,267.8089,267.5611,266.8864,267.58862,267.2389,266.6967
2010-12-27,275.79044,275.48035,274.74194,275.31323,274.93677,274.3663
2010-12-28,271.2093,270.88135,270.12357,271.12888,270.69247,270.06033
2010-12-29,272.17618,271.75406,270.90045,272.7632,272.17712,271.39365
2010-12-30,271.25146,270.82556,269.96646,271.4363,270.84055,270.04565
2010-12-31,274.66165,274.218,273.33932,274.6172,274.007,273.19583
2011-01-01,274.53275,274.26108,273.55066,274.75748,274.34467,273.72736
2011-01-02,270.33258,270.04324,269.31326,270.1586,269.77444,269.18387
2011-01-03,274.92813,274.46365,273.55652,274.63092,274.0599,273.28064
2011-01-04,277.10352,276.955,276.36182,277.1476,276.8829,276.40802
2011-01-05,278.65048,278.22006,277.34296,279.05588,278.4981,277.72827
2011-01-06,276.0587,275.74612,274.98474,276.22757,275.82373,275.20587
2011-01-07,277.57864,277.29825,276.56683,277.38705,276.99976,276.39648
2011-01-08,282.66772,282.39435,281.66785,281.97412,281.60474,281.0175
2011-01-09,288.77255,288.38535,287.54285,289.2386,288.7458,288.0332
2011-01-10,289.01447,288.65692,287.84192,289.5527,289.0986,288.42273
2011-01-11,274.69882,274.34744,273.53647,275.06613,274.60602,273.92227
2011-01-12,275.8168,275.73868,275.1988,275.99908,275.83783,275.451
2011-01-13,272.98334,273.0281,272.60898,273.0142,272.97894,272.7163
2011-01-14,275.6012,275.97974,275.8922,275.492,275.74338,275.76553
2011-01-15,267.90646,268.26938,268.16415,267.84604,268.08908,268.1011
2011-01-16,265.79367,265.86057,265.45724,265.34924,265.2601,264.93817
2011-01-17,266.27106,266.2545,265.76566,266.1836,266.04114,265.6642
2011-01-18,266.58167,266.47882,265.9018,266.36795,266.15195,265.6998
2011-01-19,263.72974,263.57562,262.94537,263.40506,263.0722,262.50162
2011-01-20,272.13254,271.9874,271.36426,272.4828,272.19537,271.66864
2011-01-21,271.3417,271.21048,270.5994,271.24973,270.98145,270.47238
2011-01-22,268.76248,268.58237,267.92065,268.77274,268.4678,267.9207
2011-01-23,266.33405,266.22394,265.63058,266.27182,266.02393,265.5326
2011-01-24,267.42984,267.53958,267.1645,267.6438,267.64978,267.411
2011-01-25,270.8484,270.6849,270.0351,270.68402,270.37866,269.82736
2011-01-26,270.03714,270.04034,269.55585,269.83847,269.70078,269.31607
2011-01-27,260.44885,260.31927,259.70062,260.31873,260.02115,259.4756
2011-01-28,263.09802,262.89963,262.21097,262.95847,262.57022,261.93307
2011-01-29,272.98547,272.8731,272.26935,272.80542,272.55444,272.05368
2011-01-30,280.22162,280.06573,279.4174,279.94162,279.72778,279.26352
2011-01-31,277.90497,277.7385,277.07867,277.80518,277.55698,277.0578
2011-02-01,278.1438,278.09314,277.5483,277.95917,277.80887,277.40707
2011-02-02,267.7078,267.7353,267.268,267.37717,267.3076,266.98618
2011-02-03,273.1167,272.89835,272.18466,272.9063,272.51727,271.87604
2011-02-04,274.98462,274.96503,274.4497,274.966,274.77423,274.3301
2011-02-05,270.89594,270.7817,270.17148,270.79333,270.54236,270.039
2011-02-06,269.3698,269.26178,268.6575,269.23203,268.97946,268.47452
2011-02-07,267.46637,267.61926,267.27594,267.22235,267.2821,267.0897
2011-02-08,268.59003,268.55597,268.02576,268.4792,268.33856,267.9461
2011-02-09,270.56674,270.4913,269.91986,270.71182,270.53845,270.1136
2011-02-10,275.14188,275.08868,274.5398,275.41846,275.2108,274.7522
2011-02-11,273.4655,273.45352,272.94632,273.78558,273.62653,273.21713
2011-02-12,267.10443,266.71536,265.8316,266.7962,266.25934,265.47293
2011-02-13,272.0338,272.00262,271.47745,271.85098,271.70663,271.31357
2011-02-14,268.2022,268.15552,267.61563,268.09088,267.9095,267.48032
2011-02-15,267.063,267.20804,266.8608,267.02136,267.0054,266.74268
2011-02-16,265.6416,265.41754,264.70224,265.59598,265.24048,264.6394
2011-02-17,271.98004,271.9684,271.46664,271.95236,271.82846,271.4602
2011-02-18,273.5769,273.61658,273.16742,273.52344,273.45724,273.14804
2011-02-19,267.54074,267.70425,267.38016,267.13214,267.16736,266.96097
2011-02-20,267.3288,267.1365,266.45807,267.25406,266.936,266.37784
2011-02-21,272.1482,272.18716,271.74152,272.4263,272.351,272.03726
2011-02-22,277.7333,277.45416,276.69196,277.7303,277.34567,276.7242
2011-02-23,274.57428,274.49545,273.9352,274.75262,274.5362,274.08466
2011-02-24,272.04712,272.19644,271.86612,271.76678,271.81055,271.62103
2011-02-25,268.92188,268.90887,268.41806,268.66223,268.5132,268.13278
2011-02-26,274.077,273.91663,273.28027,273.9622,273.67477,273.15784
2011-02-27,272.52026,272.36673,271.73914,272.49414,272.2313,271.74094
2011-02-28,263.5058,263.36642,262.75497,263.19562,262.8869,262.3526
2011-03-01,269.03574,268.84802,268.1902,269.12305,268.7862,268.22586
2011-03-02,277.96463,277.7638,277.09482,277.6364,277.305,276.75214
2011-03-03,283.9666,283.9519,283.47113,283.76385,283.6802,283.37723
2011-03-04,273.7714,273.976,273.71664,273.42868,273.46887,273.29184
2011-03-05,279.41245,278.8807,277.88696,279.44794,278.8034,277.9438
2011-03-06,279.90176,279.94058,279.51947,279.43637,279.28442,278.9195
2011-03-07,280.79807,280.7809,280.30582,280.53436,280.437,280.12875
2011-03-08,282.60516,282.37378,281.68652,282.23895,281.90866,281.3696
2011-03-09,289.68698,289.50885,288.87686,289.90833,289.63837,289.16168
2011-03-10,285.9085,285.89957,285.4387,285.90918,285.73892,285.36398
2011-03-11,279.3512,279.39236,278.98352,279.0994,278.9817,278.66132
2011-03-12,275.41724,275.19397,274.5226,275.94452,275.6358,275.12646
2011-03-13,273.55692,273.45328,272.90338,273.8059,273.55957,273.11447
2011-03-14,280.71875,280.7876,280.41193,280.8284,280.81082,280.59637
2011-03-15,285.80762,285.57388,284.8973,285.91644,285.64813,285.18478
2011-03-16,285.1105,284.96762,284.38348,285.22647,284.97147,284.52322
2011-03-17,288.5878,288.6835,288.33948,288.75677,288.7524,288.5565
2011-03-18,282.50784,282.50952,282.07303,282.22705,282.10788,281.7987
2011-03-19,280.37244,280.11588,279.4225,280.17285,279.77792,279.1946
2011-03-20,283.616,283.32315,282.59476,283.65527,283.23117,282.62015
2011-03-21,282.69125,281.12234,279.11908,283.03055,281.26382,279.31158
2011-03-22,287.24152,287.0255,286.3762,287.6583,287.31604,286.78952
2011-03-23,283.35526,282.96948,282.1514,283.36905,282.8475,282.14288
2011-03-24,280.4192,280.038,279.22537,280.173,279.68008,279.0052
2011-03-25,279.35904,279.237,278.68427,279.70844,279.483,279.07657
2011-03-26,276.84088,276.72153,276.17203,276.64053,276.39938,275.97806
2011-03-27,282.17462,282.01767,281.4311,281.2588,280.9922,280.54623
2011-03-28,278.07816,277.84195,277.17648,277.47763,277.12753,276.5987
2011-03-29,273.81897,273.63208,273.01617,273.49066,273.241,272.8131
2011-03-30,275.5457,275.48752,275.00055,275.1289,274.91058,274.51456
2011-03-31,276.49234,276.32977,275.7384,276.14658,275.84988,275.3758
2011-04-01,277.6616,277.57034,277.05017,277.62927,277.41193,277.01736
2011-04-02,279.5173,279.3882,278.83002,279.2624,279.00052,278.5616
2011-04-03,275.2335,275.0647,274.46643,274.79,274.4854,274.00375
2011-04-04,275.01688,274.90097,274.3551,274.70068,274.4648,274.05182
2011-04-05,281.8523,281.41907,280.55533,281.37076,280.84607,280.144
2011-04-06,282.23596,282.07837,281.4896,281.13342,280.83182,280.35254
2011-04-07,280.97504,280.61005,279.81305,280.84448,280.3611,279.6996
2011-04-08,285.80386,285.26715,284.29745,285.5434,284.88647,284.0509
2011-04-09,285.8553,285.12976,283.9703,285.71097,284.81815,283.746
2011-04-10,289.4594,289.43774,288.98108,289.52197,289.39038,289.07874
2011-04-11,283.89868,283.7263,283.11765,283.17838,282.89426,282.4293
2011-04-12,284.0097,283.95837,283.4695,283.8063,283.63486,283.28168
2011-04-13,279.21432,279.0789,278.5046,278.7186,278.44327,277.98526
2011-04-14,280.5288,280.186,279.40286,279.86182,279.37997,278.71445
2011-04-15,279.8514,279.7037,279.1142,278.5477,278.21127,277.69006
2011-04-16,279.27005,279.0696,278.42578,279.02237,278.67975,278.15115
2011-04-17,289.38892,288.97888,288.12384,289.53766,289.00903,288.29318
2011-04-18,285.45038,285.12756,284.35803,285.5474,285.05798,284.38007
2011-04-19,278.29785,278.19366,277.6411,277.8323,277.5837,277.14532
2011-04-20,279.6167,279.55206,279.0373,279.31558,279.1273,278.74786
2011-04-21,280.73233,280.5734,279.96255,280.4367,280.13947,279.6497
2011-04-22,283.0919,282.9952,282.44485,282.95474,282.7477,282.3467
2011-04-23,289.96567,289.9775,289.53384,288.2846,288.23022,287.9804
2011-04-24,282.35806,282.36215,281.90894,281.70206,281.5416,281.18436
2011-04-25,284.22552,284.02045,283.35626,284.1112,283.76752,283.22556
2011-04-26,290.26822,290.05258,289.3761,290.14404,289.79816,289.25262
2011-04-27,285.22675,284.92117,284.15295,285.13843,284.73257,284.12564
2011-04-28,286.1355,286.07312,285.54633,286.12787,285.92932,285.52823
2011-04-29,285.7167,285.86667,285.55063,285.49423,285.53754,285.37698
2011-04-30,289.72452,289.65686,289.12146,289.96817,289.7605,289.34763
2011-05-01,289.12305,289.25125,288.91013,289.2113,289.20218,288.9865
2011-05-02,289.46432,289.4806,289.02594,289.43317,289.32614,289.0113
2011-05-03,285.4143,285.30548,284.72433,285.05472,284.80948,284.3553
2011-05-04,285.57013,285.5429,285.0419,285.11963,284.96045,284.59113
2011-05-05,287.10153,287.1008,286.62497,287.82904,287.68042,287.32062
2011-05-06,286.37433,286.34946,285.84824,287.4039,287.19778,286.7794
2011-05-07,291.5762,291.46436,290.87506,291.94708,291.71054,291.26086
2011-05-08,287.67154,287.46606,286.7821,288.06735,287.69733,287.1133
2011-05-09,286.98102,286.87268,286.28485,288.1866,287.94168,287.48203
2011-05-10,286.043,285.5204,284.51746,286.73438,286.0389,285.12802
2011-05-11,290.79355,290.4341,289.59366,290.70337,290.2169,289.5144
2011-05-12,293.52792,293.40335,292.7971,293.57925,293.3452,292.89474
2011-05-13,294.87732,294.57166,293.78378,295.04932,294.57275,293.8794
2011-05-14,296.94083,296.45816,295.49292,297.08777,296.54462,295.7844
2011-05-15,297.5121,297.63647,297.27805,297.4762,297.52826,297.3632
2011-05-16,293.73233,293.80457,293.39386,293.37863,293.27417,292.95258
2011-05-17,294.89093,294.71915,294.06442,294.92276,294.59912,294.05847
2011-05-18,295.10492,294.92215,294.25653,295.39542,295.06915,294.5261
2011-05-19,297.11206,296.9715,296.3484,296.9718,296.72626,296.2642
2011-05-20,295.9899,295.81573,295.1594,295.7773,295.4679,294.94244
2011-05-21,296.749,296.44284,295.655,296.87463,296.47833,295.8666
2011-05-22,298.43884,298.2239,297.52795,298.94492,298.57928,297.99893
2011-05-23,296.24707,295.63498,294.54266,296.7159,295.9954,295.06097
2011-05-24,298.726,298.27316,297.341,299.42908,298.86816,298.09433
2011-05-25,293.78864,293.6332,292.9995,294.02036,293.75464,293.2771
2011-05-26,290.67618,290.5878,290.02234,290.8362,290.59265,290.13843
2011-05-27,293.1466,292.95557,292.28873,292.80228,292.48636,291.96106
2011-05-28,297.60376,297.3255,296.57278,296.249,295.76474,295.07248
2011-05-29,296.16757,295.7345,294.82852,294.82852,294.2506,293.4663
2011-05-30,292.9252,292.36032,291.32413,291.51874,290.71353,289.70355
2011-05-31,290.0247,289.68726,288.88025,289.4076,288.93152,288.25235
2011-06-01,294.19272,294.04218,293.42398,294.06064,293.76358,293.2653
2011-06-02,295.11267,294.92575,294.27304,295.01102,294.66898,294.12766
2011-06-03,296.4945,296.28387,295.60953,296.48325,296.136,295.59146
2011-06-04,298.41803,298.2141,297.54855,298.52353,298.19904,297.67935
2011-06-05,298.53574,298.43665,297.87808,298.968,298.71716,298.27335
2011-06-06,297.08746,297.13776,296.7308,296.65448,296.58102,296.31677
2011-06-07,294.18814,294.02948,293.41602,294.18842,293.8817,293.38657
2011-06-08,299.33487,299.24466,298.70197,299.4529,299.2389,298.83884
2011-06-09,301.8036,301.46475,300.67587,302.08014,301.61725,300.97073
2011-06-10,305.55856,305.41266,304.8192,305.71902,305.46634,305.03247
2011-06-11,301.74377,301.74515,301.30154,301.15198,301.0547,300.77875
2011-06-12,300.66907,300.70346,300.29538,300.43747,300.2987,299.98386
2011-06-13,296.6835,296.7381,296.35278,296.68137,296.61127,296.36765
2011-06-14,302.23578,302.06625,301.45947,302.36346,302.09283,301.6513
2011-06-15,301.09766,301.02246,300.51257,301.50482,301.31348,300.9538
2011-06-16,297.0943,297.08664,296.6469,296.6618,296.45322,296.07895
2011-06-17,296.66983,296.4917,295.88406,297.07187,296.75333,296.27164
2011-06-18,293.1896,292.91965,292.22284,293.42715,293.00723,292.42676
2011-06-19,294.65533,294.1768,293.27393,295.2265,294.6221,293.85974
2011-06-20,296.86453,296.48495,295.68365,297.34705,296.83026,296.15814
2011-06-21,297.5558,296.8904,295.80585,297.88358,297.07172,296.10696
2011-06-22,296.2541,296.01212,295.3534,296.3882,295.99057,295.4425
2011-06-23,294.96704,294.4913,293.60126,295.44766,294.7956,293.99554
2011-06-24,299.15256,298.65402,297.74356,299.76288,299.12054,298.33264
2011-06-25,301.1626,300.70096,299.82974,301.8264,301.23273,300.49582
2011-06-26,305.43143,305.22626,304.6137,305.69464,305.36075,304.88593
2011-06-27,303.8094,303.53308,302.85165,303.70685,303.26178,302.67795
2011-06-28,304.16635,304.02344,303.47757,304.19257,303.9457,303.56223
2011-06-29,305.51614,305.17624,304.43533,305.76315,305.3613,304.82486
2011-06-30,308.48898,308.26624,307.64447,308.61487,308.22638,307.70523
2011-07-01,305.5799,305.4471,304.91718,305.69736,305.4571,305.08603
2011-07-02,303.39587,303.04953,302.3078,303.94638,303.44864,302.82187
2011-07-03,300.78235,301.07022,300.96445,300.6077,300.77136,300.80765
2011-07-04,299.24118,299.31674,299.00018,299.25024,299.1774,298.9788
2011-07-05,297.3065,296.70026,295.70343,297.45798,296.7013,295.82022
2011-07-06,302.56104,301.89905,300.84787,302.95755,302.21533,301.35013
2011-07-07,303.24356,302.56958,301.50763,303.86353,303.09332,302.20135
2011-07-08,298.50464,298.20386,297.51627,298.8766,298.46863,297.9401
2011-07-09,301.05917,300.83932,300.23373,301.3168,300.98126,300.5261
2011-07-10,298.24484,297.97797,297.3263,298.06348,297.6712,297.1602
2011-07-11,299.9469,300.0343,299.73776,300.01447,299.96573,299.79895
2011-07-12,298.91223,298.66174,298.028,298.56726,298.1348,297.58505
2011-07-13,300.9729,300.56866,299.7818,301.91623,301.4373,300.84152
2011-07-14,304.37396,304.22516,303.6942,304.4667,304.23648,303.8899
2011-07-15,306.1335,305.70053,304.88577,306.5465,306.0149,305.36716
2011-07-16,305.34824,304.81113,303.89258,306.19907,305.56168,304.80832
2011-07-17,304.49146,303.91177,302.9508,305.20166,304.46786,303.61813
2011-07-18,301.79456,301.64697,301.1182,302.3726,302.08835,301.68802
2011-07-19,298.65085,298.39142,297.75073,298.5659,298.20663,297.73114
2011-07-20,298.39725,298.2764,297.77414,298.40955,298.17,297.81393
2011-07-21,298.54663,298.22784,297.52744,298.80835,298.3815,297.83768
2011-07-22,298.42062,298.08395,297.36536,298.963,298.5002,297.91992
2011-07-23,297.4558,296.9839,296.12952,297.86664,297.30066,296.61658
2011-07-24,300.7194,300.0755,299.04868,300.52914,299.73233,298.81665
2011-07-25,302.23175,302.03366,301.45206,302.0391,301.70212,301.24542
2011-07-26,304.97345,304.762,304.16635,304.98416,304.72318,304.34155
2011-07-27,303.38104,303.2153,302.66464,303.2769,303.01602,302.63342
2011-07-28,305.80075,305.65173,305.1169,305.52185,305.36456,305.08444
2011-07-29,304.749,304.6724,304.20914,304.08246,303.91345,303.62048
2011-07-30,305.20023,304.83975,304.0916,305.1599,304.72708,304.16895
2011-07-31,306.41946,306.1163,305.42444,305.77374,305.41644,304.93253
2011-08-01,300.9304,300.45792,299.5956,300.0835,299.5517,298.89185
2011-08-02,296.5279,295.80417,294.68948,295.57782,294.93594,294.16455
2011-08-03,297.75684,297.39133,296.63367,297.9573,297.5387,296.98895
2011-08-04,298.6208,298.29337,297.57254,298.79745,298.40482,297.8795
2011-08-05,297.42508,296.616,295.41226,298.018,296.95474,295.7571
2011-08-06,297.484,297.1071,296.33426,297.61694,297.12415,296.4953
2011-08-07,294.7185,294.4639,293.81204,294.72003,294.34943,293.84106
2011-08-08,295.81927,295.54724,294.8765,295.83157,295.47144,294.97174
2011-08-09,296.0046,295.58743,294.77023,296.90964,296.33398,295.617
2011-08-10,295.63235,295.39456,294.75525,295.73605,295.37637,294.87354
2011-08-11,298.73306,298.42102,297.70602,298.9249,298.53812,298.00638
2011-08-12,302.25964,302.04373,301.4235,302.61316,302.30695,301.85385
2011-08-13,304.51117,304.12506,303.33316,304.9385,304.44717,303.8071
2011-08-14,307.3627,307.2047,306.6395,307.9809,307.8035,307.47556
2011-08-15,301.94608,302.04318,301.7317,301.6278,301.57727,301.37436
2011-08-16,301.66034,301.4583,300.84625,301.34644,301.05814,300.6156
2011-08-17,302.04077,301.73068,301.0091,302.49274,302.0748,301.5008
2011-08-18,296.15082,295.723,294.88223,296.3772,295.79547,295.0558
2011-08-19,302.87872,302.58896,301.88492,303.16376,302.77994,302.23642
2011-08-20,303.534,303.23993,302.5302,303.9211,303.54877,303.01495
2011-08-21,297.22296,296.97552,296.31104,297.51627,297.14954,296.61954
2011-08-22,298.98926,298.81528,298.22296,299.0709,298.8364,298.43692
2011-08-23,299.9084,299.59375,298.85947,299.94226,299.5487,298.9885
2011-08-24,301.99884,301.7974,301.17508,302.3093,302.0051,301.53265
2011-08-25,297.5197,297.39725,296.85257,297.15158,296.90955,296.49765
2011-08-26,294.61136,294.40378,293.7728,294.7238,294.418,293.9408
2011-08-27,297.01282,296.633,295.8286,297.16022,296.6846,296.036
2011-08-28,299.54007,299.2973,298.62885,299.72644,299.42242,298.94397
2011-08-29,298.43546,298.1474,297.4325,298.53055,298.1645,297.62262
2011-08-30,296.55453,296.04077,295.09903,297.32852,296.7176,295.92947
2011-08-31,296.65692,296.40378,295.72162,296.89783,296.56793,296.05954
2011-09-01,299.682,299.2763,298.44058,299.9812,299.48605,298.81116
2011-09-02,298.04715,297.7489,297.01968,297.96375,297.57614,297.00757
2011-09-03,301.1713,300.33484,299.0664,301.06726,300.0791,298.9089
2011-09-04,303.45584,303.02518,302.16174,303.5373,303.02014,302.3198
2011-09-05,303.13202,302.8148,302.06387,303.27472,302.839,302.2191
2011-09-06,298.18665,298.14542,297.66968,298.00342,297.84482,297.5011
2011-09-07,295.24994,294.9836,294.28195,295.00128,294.63547,294.08362
2011-09-08,293.86646,293.58398,292.86542,292.98288,292.4904,291.81097
2011-09-09,290.77405,290.63397,290.05707,290.63818,290.3691,289.91235
2011-09-10,291.13556,291.02524,290.47742,290.88162,290.63562,290.2012
2011-09-11,290.52057,290.3421,289.72546,290.73557,290.43692,289.94925
2011-09-12,293.65955,293.42752,292.7567,293.74637,293.40762,292.87915
2011-09-13,296.65793,296.37497,295.65256,296.7876,296.41818,295.8585
2011-09-14,298.57785,298.34595,297.67407,298.71735,298.37003,297.83194
2011-09-15,298.60883,298.40372,297.7581,298.84918,298.52417,298.00793
2011-09-16,298.8663,298.49713,297.68695,298.8969,298.40488,297.7212
2011-09-17,297.9649,297.59714,296.78787,298.15546,297.64874,296.95004
2011-09-18,299.73608,299.38354,298.58902,299.91605,299.43387,298.75946
2011-09-19,301.55008,301.24185,300.4912,301.8618,301.46817,300.88208
2011-09-20,302.22107,301.94058,301.21725,302.5144,302.1257,301.54428
2011-09-21,295.86682,295.5462,294.78238,296.10934,295.6381,294.97397
2011-09-22,289.41605,289.09744,288.33524,289.27914,288.84442,288.21667
2011-09-23,298.3415,298.08813,297.39087,298.46576,298.0896,297.5203
2011-09-24,300.92334,300.6596,299.9516,301.04053,300.66702,300.1004
2011-09-25,297.02444,297.05624,296.64346,296.61768,296.5376,296.26434
2011-09-26,292.28406,292.31833,291.9078,291.93936,291.81088,291.4893
2011-09-27,292.18835,291.68665,290.7399,291.8874,291.22424,290.368
2011-09-28,299.84973,299.4889,298.68274,299.6005,299.11163,298.4298
2011-09-29,303.05643,302.89078,302.27963,303.0147,302.75763,302.30774
2011-09-30,296.80612,296.6171,295.98233,296.40384,296.08594,295.57538
2011-10-01,297.0872,296.9417,296.3503,297.3772,297.0993,296.629
2011-10-02,293.11102,293.02643,292.49573,293.17996,292.92294,292.47363
2011-10-03,293.09842,293.14996,292.75534,293.39694,293.31473,293.04047
2011-10-04,291.13657,291.27124,290.9596,291.27072,291.2938,291.1251
2011-10-05,289.1577,289.1495,288.6948,289.4519,289.3008,288.95828
2011-10-06,290.02042,289.6424,288.81778,290.5688,290.0705,289.38098
2011-10-07,287.5386,287.41284,286.84042,287.7566,287.49698,287.0465
2011-10-08,285.78616,285.81586,285.39886,285.83066,285.70837,285.39557
2011-10-09,278.61536,278.5912,278.1203,278.3552,278.185,277.8246
2011-10-10,280.88644,281.0159,280.69858,280.59775,280.56488,280.3422
2011-10-11,283.62274,283.36353,282.6576,283.6285,283.2114,282.60477
2011-10-12,283.6697,283.4883,282.86023,283.4665,283.1444,282.63318
2011-10-13,284.4542,284.0588,283.2168,284.46536,283.925,283.19595
2011-10-14,290.5081,290.14343,289.33215,290.35614,289.8528,289.1612
2011-10-15,288.99957,288.8272,288.20837,288.74454,288.43353,287.93466
2011-10-16,289.853,289.6837,289.068,289.972,289.68954,289.21964
2011-10-17,292.09198,291.82187,291.10556,292.1283,291.74423,291.17316
2011-10-18,293.62848,293.5414,293.00833,293.63742,293.45398,293.08398
2011-10-19,290.1801,290.2316,289.83725,290.03455,289.97842,289.73615
2011-10-20,286.96573,287.1007,286.7901,286.88568,286.8476,286.62378
2011-10-21,286.60767,286.9994,286.94574,286.6696,286.93472,287.0146
2011-10-22,292.273,292.09262,291.4672,292.16385,291.86798,291.3873
2011-10-23,296.2009,296.22272,295.7998,296.3895,296.36893,296.16403
2011-10-24,291.1604,291.0602,290.51562,291.4327,291.24188,290.86716
2011-10-25,283.07175,282.93494,282.35416,283.1181,282.86008,282.4186
2011-10-26,278.69434,278.3527,277.56747,278.9524,278.47964,277.82397
2011-10-27,276.6469,276.37405,275.65802,276.85318,276.40317,275.77075
2011-10-28,274.89987,274.6692,273.99585,274.96817,274.5816,274.0131
2011-10-29,275.917,275.76498,275.1708,276.04785,275.7452,275.26108
2011-10-30,275.4888,275.26944,274.60852,275.5815,275.20425,274.64597
2011-10-31,278.64905,278.23834,277.3865,279.00607,278.42404,277.66138
2011-11-01,284.31757,283.898,283.038,284.4745,283.87338,283.09216
2011-11-02,289.09537,288.78006,288.02487,289.41443,288.98172,288.36942
2011-11-03,291.03992,290.75485,290.03058,291.19504,290.82373,290.27325
2011-11-04,288.55234,288.20944,287.428,288.7195,288.2519,287.60565
2011-11-05,287.9267,287.57938,286.79428,288.1741,287.70636,287.06046
2011-11-06,290.0099,289.7075,288.96805,290.20892,289.79102,289.19537
2011-11-07,284.50342,284.17056,283.40143,284.8394,284.37,283.72333
2011-11-08,284.03043,283.92593,283.38593,284.53488,284.31198,283.9122
2011-11-09,284.82446,284.6548,284.05045,285.3504,285.08118,284.63556
2011-11-10,284.75186,284.43677,283.6878,285.12256,284.71564,284.13272
2011-11-11,285.88278,285.47983,284.64386,285.99023,285.4722,284.7786
2011-11-12,286.8732,286.6783,286.05124,286.86526,286.56592,286.09143
2011-11-13,283.2909,283.08594,282.4497,283.1534,282.82404,282.31998
2011-11-14,276.79547,276.53378,275.84167,276.8938,276.49814,275.92813
2011-11-15,275.76593,275.49365,274.79187,275.88333,275.47925,274.9012
2011-11-16,282.14737,281.76355,280.9511,281.45123,280.9315,280.23813
2011-11-17,285.80997,285.623,285.00827,285.5743,285.28204,284.81653
2011-11-18,287.15417,286.92148,286.26193,287.58524,287.27957,286.80093
2011-11-19,283.86194,283.63043,282.973,284.24347,283.8957,283.3752
2011-11-20,284.6947,284.3268,283.53387,285.09503,284.63025,283.9931
2011-11-21,286.62744,286.30298,285.5544,287.0015,286.5547,285.93573
2011-11-22,283.40125,283.14545,282.46634,283.79388,283.40216,282.83856
2011-11-23,274.9235,274.99222,274.6385,273.6564,273.55768,273.2873
2011-11-24,270.6884,270.42328,269.73654,270.6248,270.23254,269.6688
2011-11-25,276.38187,276.1121,275.42148,276.78168,276.4041,275.85516
2011-11-26,275.92612,275.63437,274.92255,276.0701,275.6593,275.0772
2011-11-27,286.13684,286.30014,286.04404,285.55417,285.62296,285.52057
2011-11-28,286.64426,286.90115,286.73938,286.16556,286.35312,286.36942
2011-11-29,282.27454,282.0691,281.44562,282.24142,281.913,281.41333
2011-11-30,281.9039,281.35794,280.39453,281.87393,281.16434,280.28348
2011-12-01,279.3489,279.4689,279.17203,279.45352,279.4428,279.2607
2011-12-02,275.323,275.14902,274.55865,275.45102,275.15167,274.6808
2011-12-03,275.23346,275.10767,274.56595,275.34894,275.109,274.69727
2011-12-04,275.70438,275.4769,274.8339,275.86124,275.51797,275.00266
2011-12-05,276.0527,275.81787,275.16782,276.2187,275.86472,275.3384
2011-12-06,276.71436,276.36508,275.6009,276.70596,276.23068,275.5827
2011-12-07,278.15558,277.81863,277.06696,278.06128,277.52524,276.81607
2011-12-08,271.8765,271.6497,271.0082,271.98853,271.62735,271.0926
2011-12-09,274.1559,273.75,272.92944,274.38803,273.82928,273.09647
2011-12-10,272.18237,271.89124,271.18546,272.60254,272.17776,271.57825
2011-12-11,267.2696,267.0971,266.5099,267.15823,266.8754,266.41718
2011-12-12,261.89078,261.65512,261.00455,261.88556,261.54565,261.02966
2011-12-13,262.5921,262.17245,261.3376,262.46994,261.8741,261.10144
2011-12-14,272.3024,272.09296,271.46796,272.27417,271.89044,271.329
2011-12-15,272.32056,272.3174,271.8982,272.54712,272.44812,272.1705
2011-12-16,269.63287,269.59927,269.1491,269.68872,269.55124,269.23422
2011-12-17,272.5633,272.31436,271.64822,272.4364,272.0325,271.44803
2011-12-18,277.64682,277.45886,276.85294,277.48416,277.23798,276.81015
2011-12-19,274.11835,273.76074,272.98434,274.51883,274.07892,273.45618
2011-12-20,279.89297,279.17596,278.0393,279.67114,278.83865,277.8221
2011-12-21,282.34366,282.03506,281.30585,282.06415,281.66626,281.08307
2011-12-22,275.36084,275.16095,274.5394,275.5826,275.28915,274.8091
2011-12-23,277.68466,277.40326,276.699,277.70386,277.32886,276.76587
2011-12-24,278.59625,278.16348,277.30664,278.391,277.84833,277.1162
2011-12-25,284.014,283.43762,282.43585,283.58484,282.92123,282.0667
2011-12-26,276.28104,276.36008,276.0122,276.01236,275.947,275.6892
2011-12-27,279.88956,279.47015,278.62244,279.95062,279.38333,278.62198
2011-12-28,287.4784,286.95514,286.00198,287.76993,287.19135,286.41705
2011-12-29,280.8129,281.30832,281.37222,281.44775,281.87442,282.10367
2011-12-30,275.87805,275.6679,275.02454,275.84735,275.5293,275.01212
2011-12-31,280.89005,280.81766,280.3102,280.46722,280.3588,280.0494
2012-01-01,277.15372,277.37912,277.16577,277.42413,277.5175,277.40637
2012-01-02,275.44562,275.25488,274.62354,275.24582,274.92694,274.40167
2012-01-03,275.5461,275.5395,275.0902,275.61612,275.4706,275.11685
2012-01-04,271.01404,270.9586,270.4585,270.97647,270.81024,270.4338
2012-01-05,275.7062,275.77377,275.39462,275.5755,275.48306,275.1786
2012-01-06,269.22427,269.3628,269.05246,268.95996,268.98026,268.78656
2012-01-07,264.84866,264.77795,264.25626,264.73093,264.56058,264.17426
2012-01-08,267.80972,267.60315,266.94348,267.58276,267.29114,266.78165
2012-01-09,269.34476,268.79306,267.78607,269.68878,269.04626,268.18393
2012-01-10,271.5934,271.30283,270.55475,271.69092,271.31656,270.72046
2012-01-11,273.70212,273.42114,272.68057,273.9327,273.5397,272.92303
2012-01-12,273.60944,273.465,272.85876,273.56763,273.27298,272.75275
2012-01-13,274.22528,274.12344,273.55765,274.42712,274.25583,273.85712
2012-01-14,274.42868,274.27432,273.65396,274.17596,273.9159,273.42664
2012-01-15,278.86368,279.1105,278.88916,278.59973,278.75842,278.68607
2012-01-16,270.71915,270.6245,270.0597,270.9458,270.7297,270.28082
2012-01-17,265.7914,265.53775,264.81186,265.83002,265.4169,264.76935
2012-01-18,271.4484,271.67288,271.42316,271.18185,271.27237,271.12677
2012-01-19,266.96805,267.18234,266.9205,266.86813,266.9767,266.84753
2012-01-20,268.6416,268.14954,267.17944,268.63034,268.02502,267.18042
2012-01-21,275.21286,275.07657,274.4604,275.0235,274.79517,274.32608
2012-01-22,273.63882,273.44608,272.77176,273.7403,273.4489,272.91537
2012-01-23,281.15158,280.838,280.0412,281.30667,280.89108,280.23203
2012-01-24,277.87833,277.71832,277.07352,278.01062,277.74155,277.22772
2012-01-25,277.49106,277.4712,276.965,277.1421,276.9948,276.6016
2012-01-26,278.61154,278.76572,278.4322,278.30582,278.30563,278.05847
2012-01-27,273.64145,273.75632,273.3821,273.80328,273.7983,273.54535
2012-01-28,262.02667,262.08203,261.64706,262.01263,261.9553,261.64908
2012-01-29,268.98547,268.8467,268.21652,268.96805,268.65878,268.0998
2012-01-30,274.10672,274.06934,273.53952,274.1166,273.98294,273.59885
2012-01-31,279.73636,279.5186,278.80753,279.67093,279.37143,278.82092
2012-02-01,276.66196,276.61765,276.07922,276.66034,276.5046,276.0974
2012-02-02,274.25894,273.9554,273.15707,274.46103,274.02332,273.33374
2012-02-03,271.81595,271.63223,270.95312,271.7118,271.42496,270.8859
2012-02-04,276.22552,276.1909,275.66046,276.1969,276.0086,275.56802
2012-02-05,274.30365,274.30893,273.8182,274.4625,274.35477,273.99463
2012-02-06,275.67172,275.41757,274.66718,275.88843,275.49994,274.8591
2012-02-07,274.03885,273.9709,273.40668,274.39185,274.18402,273.72406
2012-02-08,263.12317,263.20474,262.79013,262.8402,262.7515,262.41095
2012-02-09,271.19278,271.18298,270.6772,270.9618,270.78308,270.3529
2012-02-10,267.07388,267.19864,266.8277,267.14108,267.0933,266.7946
2012-02-11,261.4104,261.3459,260.78613,261.32947,261.14462,260.70947
2012-02-12,268.2692,268.01324,267.2626,268.09576,267.73996,267.1346
2012-02-13,274.71585,274.49225,273.77466,274.93045,274.5736,273.96805
2012-02-14,274.51944,274.54346,274.0743,274.5023,274.39935,274.0486
2012-02-15,263.24753,263.14438,262.54892,262.7784,262.49875,261.9723
2012-02-16,273.50217,273.27274,272.55203,273.47543,273.11917,272.51727
2012-02-17,272.7103,272.53122,271.86203,272.923,272.61517,272.06302
2012-02-18,271.47293,271.09576,270.2297,271.58044,271.06525,270.307
2012-02-19,270.67487,270.48853,269.81458,270.60953,270.29404,269.7369
2012-02-20,267.77353,267.65485,267.05,267.69098,267.44208,266.9531
2012-02-21,261.94174,261.8135,261.20065,261.7005,261.39734,260.85568
2012-02-22,264.00116,263.9808,263.47736,263.8504,263.71173,263.3362
2012-02-23,266.64038,266.53204,265.94232,266.5369,266.3077,265.84344
2012-02-24,265.2027,265.09503,264.50772,265.20645,264.95212,264.46457
2012-02-25,267.74347,267.44128,266.66125,267.67874,267.23004,266.54996
2012-02-26,273.01202,272.97574,272.46344,272.99185,272.8234,272.42545
2012-02-27,272.27808,272.409,272.0659,272.59442,272.59485,272.36777
2012-02-28,274.9433,274.48596,273.55652,275.00577,274.4058,273.58026
2012-02-29,277.5417,277.21863,276.42545,277.7189,277.32004,276.69766
2012-03-01,278.01498,277.77686,277.0706,277.96072,277.61395,277.04578
2012-03-02,278.10617,277.85773,277.1432,278.4645,278.08124,277.47864
2012-03-03,275.67334,275.2447,274.35202,275.78677,275.2355,274.467
2012-03-04,276.04608,275.95044,275.39276,275.99387,275.761,275.31302
2012-03-05,277.59735,277.3918,276.72635,277.5222,277.1884,276.64157
2012-03-06,277.14377,277.1243,276.6469,277.01508,276.88333,276.5407
2012-03-07,277.31595,277.20874,276.6457,277.11288,276.87613,276.43054
2012-03-08,279.97195,279.7621,279.09836,280.00006,279.66882,279.13092
2012-03-09,279.94183,279.5832,278.77264,279.6446,279.15594,278.46265
2012-03-10,277.928,277.8733,277.36856,277.74203,277.55786,277.17102
2012-03-11,275.5476,275.62485,275.254,275.48135,275.43372,275.18546
2012-03-12,275.63757,275.5669,275.04996,275.5398,275.3291,274.9197
2012-03-13,276.1969,275.92563,275.2099,276.24524,275.8765,275.31094
2012-03-14,275.35703,275.1837,274.5675,275.31607,275.0028,274.49454
2012-03-15,277.19696,277.07568,276.51318,277.05682,276.80856,276.3671
2012-03-16,277.97144,277.96262,277.5141,278.08362,277.97275,277.67032
2012-03-17,276.0141,275.85345,275.2547,276.0893,275.79544,275.3116
2012-03-18,277.78497,277.55164,276.88147,278.1841,277.8112,277.24988
2012-03-19,277.7701,277.52637,276.84708,277.68225,277.3293,276.7895
2012-03-20,280.02182,279.9615,279.46677,280.11124,279.93604,279.5753
2012-03-21,277.09003,276.88467,276.24603,277.24863,276.899,276.36502
2012-03-22,281.64066,281.54434,281.01572,281.39575,281.14886,280.7189
2012-03-23,279.62622,279.22403,278.39038,279.20114,278.6501,277.91705
2012-03-24,277.38086,277.20993,276.6083,277.4979,277.1984,276.7179
2012-03-25,277.73468,277.24243,276.32004,277.4789,276.87357,276.08804
2012-03-26,280.13962,280.07025,279.57126,279.76263,279.5342,279.1264
2012-03-27,281.90305,281.7045,281.0767,281.35834,281.06253,280.58798
2012-03-28,283.4093,283.06583,282.29337,283.6693,283.24496,282.64243
2012-03-29,279.9193,279.5552,278.76227,279.87225,279.36072,278.67145
2012-03-30,278.66586,278.47968,277.86465,278.70895,278.39862,277.91092
2012-03-31,283.7286,283.87292,283.58826,284.2409,284.25244,284.08682
2012-04-01,284.2599,284.1256,283.56223,284.26965,284.00348,283.56024
2012-04-02,284.63135,284.43143,283.802,284.75577,284.39548,283.8581
2012-04-03,281.8273,281.69885,281.1404,281.81174,281.55475,281.1206
2012-04-04,281.04327,280.8137,280.15363,281.15796,280.786,280.2367
2012-04-05,285.42358,285.32178,284.78876,285.44708,285.23297,284.84116
2012-04-06,282.04132,281.3746,280.2759,282.36987,281.56378,280.57956
2012-04-07,286.99298,286.7964,286.16684,286.98248,286.6952,286.22922
2012-04-08,286.29288,286.10138,285.47598,285.94632,285.63516,285.14474
2012-04-09,285.3311,284.9232,284.08026,285.36813,284.85205,284.15594
2012-04-10,287.51965,287.28143,286.60696,287.71164,287.3644,286.8363
2012-04-11,290.84277,290.57504,289.86975,290.74554,290.3664,289.8055
2012-04-12,294.19266,293.9448,293.2581,294.01157,293.64926,293.10434
2012-04-13,293.1249,292.84296,292.12067,292.864,292.4559,291.8641
2012-04-14,290.16235,289.8113,289.01846,290.1443,289.6671,289.0051
2012-04-15,287.91092,287.7171,287.07993,287.72754,287.421,286.9285
2012-04-16,284.6784,284.42856,283.7337,284.87128,284.48932,283.92014
2012-04-17,280.22318,280.05057,279.43127,280.8038,280.47446,279.9566
2012-04-18,283.9598,283.64966,282.8911,283.52768,283.03757,282.35767
2012-04-19,290.34177,290.08466,289.37738,290.44388,290.05527,289.47546
2012-04-20,289.8538,289.76566,289.22565,289.71637,289.51303,289.1172
2012-04-21,284.58896,284.52,283.99734,284.33478,284.10272,283.67664
2012-04-22,289.24075,289.05005,288.4038,289.19717,288.87888,288.36517
2012-04-23,285.39145,284.97202,284.09528,285.10416,284.57642,283.85184
2012-04-24,290.50613,290.4766,289.98795,290.41373,290.247,289.882
2012-04-25,294.8525,294.65622,293.99905,294.75174,294.448,293.9446
2012-04-26,297.7235,297.32413,296.46213,297.5171,297.05484,296.39148
2012-04-27,301.2895,301.27515,300.7964,301.5367,301.4509,301.16257
2012-04-28,295.68222,295.4587,294.76917,296.11267,295.7828,295.24902
2012-04-29,293.65536,293.64816,293.17322,294.04736,293.89456,293.5365
2012-04-30,290.72128,290.83374,290.47684,291.07306,291.0764,290.87317
2012-05-01,287.78354,287.96097,287.66748,287.81268,287.85904,287.69754
2012-05-02,291.15744,291.1591,290.68842,291.29327,291.19006,290.87787
2012-05-03,293.35516,292.99283,292.15674,293.64456,293.12546,292.3962
2012-05-04,291.3035,290.4599,289.14117,291.78088,290.7957,289.59927
2012-05-05,295.26816,295.11737,294.49026,295.37247,295.09842,294.61212
2012-05-06,293.1049,293.02875,292.47513,293.04703,292.86127,292.46237
2012-05-07,294.31516,294.30087,293.80804,293.9766,293.86273,293.53485
2012-05-08,290.11374,290.27676,289.9603,290.0726,290.11227,289.93723
2012-05-09,288.25607,288.0266,287.3168,288.18408,287.79755,287.1956
2012-05-10,293.72577,293.461,292.7152,294.0722,293.6514,293.0146
2012-05-11,290.86743,290.76764,290.18613,291.11398,290.8699,290.40945
2012-05-12,293.53665,293.4909,292.96295,293.41495,293.20374,292.77576
2012-05-13,291.43317,291.32465,290.73355,291.45193,291.21683,290.76468
2012-05-14,292.08362,291.92056,291.2747,292.40576,292.10822,291.5935
2012-05-15,288.97607,288.4623,287.4656,289.11362,288.4589,287.587
2012-05-16,286.60614,286.4573,285.82553,286.90933,286.63348,286.1406
2012-05-17,293.58704,293.21326,292.35666,293.5662,293.04242,292.30185
2012-05-18,293.3055,293.15967,292.53125,293.3975,293.10812,292.6022
2012-05-19,296.7082,296.60236,296.01437,296.53275,296.2916,295.83444
2012-05-20,296.52695,296.44873,295.88885,296.51315,296.32352,295.91846
2012-05-21,294.19592,293.83588,292.9948,294.67413,294.18863,293.4884
2012-05-22,295.15042,294.87674,294.12286,295.75415,295.3415,294.71497
2012-05-23,295.63705,295.39996,294.6836,296.41574,296.0753,295.5219
2012-05-24,298.67908,298.54547,297.9336,298.81552,298.55026,298.07318
2012-05-25,293.34344,293.19177,292.563,293.41138,293.1537,292.6853
2012-05-26,292.4343,292.27496,291.63977,292.65686,292.37457,291.88293
2012-05-27,298.18298,298.0401,297.4228,298.4105,298.16208,297.7057
2012-05-28,301.70364,301.49365,300.81073,301.92654,301.62335,301.11374
2012-05-29,303.46075,303.3481,302.7642,303.56808,303.33688,302.90088
2012-05-30,303.1213,303.05154,302.51227,303.2151,303.01193,302.6057
2012-05-31,299.71475,299.5086,298.83475,299.2297,298.86063,298.29028
2012-06-01,296.49808,295.80173,294.63965,296.0348,295.1777,294.1213
2012-06-02,301.9821,301.7051,300.96442,302.1557,301.75772,301.1624
2012-06-03,302.75302,302.48157,301.74844,302.93265,302.5089,301.88998
2012-06-04,300.34314,300.20865,299.6147,300.9023,300.6755,300.25568
2012-06-05,297.0739,296.98102,296.4309,297.0201,296.77924,296.34756
2012-06-06,297.04593,296.95212,296.4035,296.9964,296.75476,296.32468
2012-06-07,296.9229,296.70828,296.04117,297.2958,296.9149,296.3479
2012-06-08,295.84787,295.78574,295.2736,296.1783,295.96945,295.57697
2012-06-09,296.84152,296.40994,295.53085,297.00394,296.4102,295.63525
2012-06-10,294.54138,294.28986,293.5933,294.9975,294.61432,294.05252
2012-06-11,292.85223,292.84583,292.39694,293.30536,293.13788,292.79428
2012-06-12,291.92337,292.18225,292.0012,292.5645,292.68494,292.63184
2012-06-13,297.05746,296.80963,296.12448,297.4239,297.04016,296.48553
2012-06-14,299.58716,299.37195,298.72202,300.355,299.96582,299.40826
2012-06-15,298.17117,297.98178,297.36032,298.5672,298.27908,297.8253
2012-06-16,297.3218,297.26358,296.77582,297.47955,297.26746,296.8922
2012-06-17,295.8561,295.7192,295.15546,295.80862,295.52094,295.07272
2012-06-18,301.81097,301.5656,300.89594,301.88608,301.50098,300.95792
2012-06-19,301.59952,301.39587,300.7705,301.37042,301.0669,300.60803
2012-06-20,300.5249,300.23544,299.52673,300.63217,300.22903,299.673
2012-06-21,296.93823,296.75616,296.15738,296.44843,296.12448,295.65015
2012-06-22,296.30704,296.19232,295.6633,296.15967,295.91165,295.51566
2012-06-23,293.23734,293.05215,292.45508,293.05182,292.7318,292.2662
2012-06-24,295.67603,295.6697,295.25378,295.52548,295.3717,295.0747
2012-06-25,297.22787,297.01495,296.39468,297.12463,296.76425,296.2629
2012-06-26,300.4411,300.34442,299.84262,300.55954,300.33237,299.96643
2012-06-27,301.29858,301.3187,300.93582,301.38736,301.3322,301.14044
2012-06-28,300.824,300.69244,300.1599,301.00024,300.68567,300.23648
2012-06-29,301.57654,301.53043,301.08527,302.3345,302.11438,301.76157
2012-06-30,298.44904,298.0841,297.32202,298.51578,298.0386,297.43063
2012-07-01,303.56088,303.33862,302.72098,303.4742,303.11987,302.63654
2012-07-02,297.3521,297.04663,296.3475,297.08118,296.65598,296.10336
2012-07-03,300.07343,299.51416,298.5628,299.72113,298.94028,298.03363
2012-07-04,300.89767,300.71512,300.14197,300.7086,300.39606,299.95917
2012-07-05,301.28418,300.85406,300.03476,301.11993,300.55554,299.86816
2012-07-06,303.21494,303.0064,302.40997,303.67303,303.3256,302.85645
2012-07-07,299.52292,299.05856,298.20743,299.64835,299.0554,298.3419
2012-07-08,301.8232,301.5972,300.98544,301.82553,301.43982,300.9345
2012-07-09,301.97214,301.6554,300.95386,301.5899,301.16034,300.61206
2012-07-10,303.24557,302.64316,301.65677,303.18002,302.42972,301.5614
2012-07-11,304.77484,304.3952,303.63235,304.6629,304.19394,303.60767
2012-07-12,307.96222,307.4085,306.47217,308.05542,307.45892,306.7456
2012-07-13,307.61472,307.02563,306.0544,308.18,307.5258,306.7552
2012-07-14,313.37485,312.88815,312.0197,313.60156,313.0675,312.41736
2012-07-15,312.12845,312.34058,312.17126,311.68933,311.7597,311.71414
2012-07-16,301.813,301.8115,301.4287,300.3034,300.12262,299.82587
2012-07-17,300.8102,300.6646,300.13782,301.5082,301.2168,300.8093
2012-07-18,298.62253,298.05273,297.10165,298.82336,298.13254,297.32547
2012-07-19,303.34927,303.01254,302.29446,303.80023,303.3456,302.77448
2012-07-20,304.62866,304.27243,303.5346,305.1558,304.68896,304.10516
2012-07-21,305.36838,305.028,304.30573,305.7,305.2455,304.67355
2012-07-22,301.92188,301.73895,301.17358,301.75824,301.4463,301.01624
2012-07-23,305.8259,305.51834,304.82785,306.0483,305.5877,305.00827
2012-07-24,308.94513,308.61096,307.89328,309.13766,308.6871,308.1168
2012-07-25,304.294,304.11963,303.56107,304.29224,303.93228,303.45166
2012-07-26,297.30222,297.23877,296.79037,296.48657,296.25754,295.90683
2012-07-27,297.63373,297.99622,297.97287,297.03815,297.27884,297.39673
2012-07-28,301.17975,300.9358,300.3051,301.19968,300.80856,300.29346
2012-07-29,302.1267,302.32816,302.1419,302.1275,302.26392,302.27505
2012-07-30,297.81906,297.54303,296.87827,297.7847,297.3809,296.85043
2012-07-31,302.2531,302.078,301.5131,302.31912,302.0385,301.62982
2012-08-01,298.08344,297.3972,296.32,298.52826,297.70114,296.74445
2012-08-02,297.02435,297.0925,296.7685,296.98602,296.908,296.69882
2012-08-03,298.2345,298.02255,297.41724,298.2442,297.92007,297.46326
2012-08-04,300.93036,300.57593,299.8268,301.06445,300.59805,299.99728
2012-08-05,299.0781,298.89896,298.32385,298.79132,298.51627,298.10516
2012-08-06,299.61258,299.45532,298.90076,299.77386,299.51523,299.1188
2012-08-07,298.5779,298.09116,297.2057,299.28836,298.65973,297.89154
2012-08-08,295.43207,294.9266,294.02106,295.6003,294.92126,294.10086
2012-08-09,294.91974,294.55777,293.79428,295.0798,294.56235,293.9017
2012-08-10,296.1788,296.0275,295.47324,296.00565,295.7173,295.28394
2012-08-11,300.90472,300.68158,300.05408,301.01297,300.6607,300.1616
2012-08-12,303.02618,302.74512,302.05826,303.33804,302.94836,302.40994
2012-08-13,301.851,301.5526,300.84695,301.8903,301.48517,300.92947
2012-08-14,304.06134,303.73053,302.99112,304.48187,304.05972,303.4852
2012-08-15,298.9657,298.9249,298.47403,298.83505,298.67236,298.35544
2012-08-16,300.9942,300.8089,300.21216,301.32394,301.03107,300.5821
2012-08-17,303.1191,302.88467,302.23734,303.35736,303.01584,302.51633
2012-08-18,303.9637,303.78235,303.1867,304.34506,304.06818,303.63156
2012-08-19,299.76257,299.55298,298.9277,299.83673,299.41608,298.83395
2012-08-20,299.0377,299.00314,298.55157,299.0609,298.85498,298.4858
2012-08-21,302.83224,302.6001,301.9496,303.0871,302.74857,302.24503
2012-08-22,302.82977,302.4576,301.66583,303.18738,302.7011,302.04816
2012-08-23,299.9926,299.6913,298.9691,300.33142,299.96957,299.43948
2012-08-24,300.3677,300.2772,299.76447,300.45654,300.27094,299.9155
2012-08-25,300.74997,300.78104,300.38876,300.3409,300.31604,300.11975
2012-08-26,295.7895,295.5835,294.95294,295.72525,295.40097,294.90378
2012-08-27,295.60193,295.32504,294.62247,295.51147,295.0987,294.51154
2012-08-28,293.57953,293.24078,292.4752,293.45718,293.00278,292.3726
2012-08-29,292.7861,292.53345,291.85284,292.84943,292.46234,291.89807
2012-08-30,293.6495,293.30685,292.53522,293.70807,293.23145,292.57632
2012-08-31,295.92273,295.676,294.99924,295.98657,295.59598,295.02563
2012-09-01,296.57373,296.27493,295.54514,296.84427,296.40244,295.77966
2012-09-02,297.20065,296.77975,295.92694,297.66064,297.1309,296.41913
2012-09-03,299.58597,299.35416,298.68958,299.81287,299.47614,298.95624
2012-09-04,300.65802,300.58646,300.08118,300.5836,300.42065,300.07355
2012-09-05,297.6789,297.2465,296.37958,297.7776,297.2065,296.4503
2012-09-06,299.017,298.84482,298.23734,299.11655,298.80292,298.30325
2012-09-07,297.27225,296.93515,296.16193,296.44742,296.0094,295.38452
2012-09-08,294.0895,294.0701,293.6139,294.13785,294.02365,293.7218
2012-09-09,294.86514,294.3867,293.47073,294.66132,294.02887,293.20804
2012-09-10,293.27435,293.2606,292.80865,293.3249,293.21396,292.91397
2012-09-11,295.87363,295.5762,294.83997,295.99664,295.5862,294.98608
2012-09-12,301.5502,301.32196,300.6543,301.7727,301.44894,300.93488
2012-09-13,300.46323,300.24142,299.57962,300.22818,299.90543,299.3919
2012-09-14,295.2901,295.03928,294.3479,294.9032,294.56512,294.0358
2012-09-15,293.0396,292.5942,291.70776,291.60153,291.05118,290.30917
2012-09-16,292.65262,291.97238,290.85062,292.42847,291.64868,290.6769
2012-09-17,295.77875,295.36316,294.50558,296.07565,295.49237,294.71683
2012-09-18,293.79837,292.93967,291.63858,294.48138,293.41043,292.14694
2012-09-19,297.07935,296.88083,296.2395,297.51517,297.1713,296.6347
2012-09-20,298.71326,298.5639,297.9713,298.85434,298.62762,298.20807
2012-09-21,293.2681,292.9577,292.20367,293.44473,293.00018,292.36267
2012-09-22,289.2589,288.91354,288.12427,289.2314,288.76688,288.10922
2012-09-23,293.38922,292.98907,292.14468,293.87762,293.31943,292.5681
2012-09-24,292.16135,292.11102,291.61615,291.95612,291.7656,291.38193
2012-09-25,289.47546,289.28253,288.64484,289.38235,289.0556,288.53577
2012-09-26,285.5737,285.42523,284.83173,285.81006,285.5145,285.02585
2012-09-27,290.90485,291.07635,290.80252,290.762,290.8152,290.6754
2012-09-28,293.818,293.68326,293.103,294.0231,293.78375,293.35162
2012-09-29,292.2537,292.08136,291.4633,292.11172,291.7003,291.0962
2012-09-30,293.2434,293.10944,292.52954,293.44257,293.2089,292.78275
2012-10-01,292.80807,292.6873,292.1204,292.96292,292.72632,292.29742
2012-10-02,294.1298,293.94138,293.30676,294.41498,294.09427,293.58154
2012-10-03,295.2065,294.97635,294.2998,295.6279,295.26715,294.7147
2012-10-04,292.96988,292.97394,292.53146,293.4325,293.35223,293.08054
2012-10-05,291.35974,291.2455,290.68472,291.55222,291.30502,290.8666
2012-10-06,285.81546,285.66293,285.06378,285.7534,285.47714,285.01
2012-10-07,287.73828,287.36203,286.53915,287.89066,287.3559,286.6306
2012-10-08,294.19598,293.876,293.1093,294.23666,293.8203,293.21375
2012-10-09,293.29575,293.28162,292.82074,292.90356,292.80252,292.5116
2012-10-10,289.7647,289.83124,289.45102,289.46817,289.40814,289.1586
2012-10-11,277.39423,277.24866,276.65643,277.4448,277.14166,276.64944
2012-10-12,276.9576,277.1012,276.79816,276.9556,276.87018,276.5961
2012-10-13,278.40158,278.39203,277.93585,278.56714,278.323,277.89056
2012-10-14,280.05206,279.99783,279.49713,280.23047,280.03668,279.65497
2012-10-15,279.9258,279.8298,279.28748,280.11234,279.88025,279.46066
2012-10-16,282.81262,282.6602,282.06155,283.09708,282.80276,282.3214
2012-10-17,288.44666,288.165,287.43738,288.2252,287.75345,287.09512
2012-10-18,286.91895,286.89026,286.41574,286.92966,286.73376,286.35165
2012-10-19,288.29242,288.02518,287.31232,288.6541,288.2454,287.6509
2012-10-20,292.26505,291.96503,291.2197,292.55817,292.1267,291.51
2012-10-21,293.07715,293.01416,292.5061,293.13635,292.96805,292.6149
2012-10-22,289.22754,288.6782,287.68414,288.53,287.92294,287.13156
2012-10-23,293.38394,292.5188,291.20926,293.53787,292.53558,291.34943
2012-10-24,295.29425,294.9419,294.14554,295.88138,295.43402,294.80325
2012-10-25,290.4168,290.18997,289.5196,290.75406,290.37286,289.80872
2012-10-26,287.71927,287.50348,286.8445,287.8406,287.49744,286.97186
2012-10-27,285.13623,284.84253,284.10614,285.3612,284.94217,284.34116
2012-10-28,289.652,289.2431,288.39203,290.08008,289.544,288.82645
2012-10-29,290.40063,290.1318,289.42142,290.46844,290.10416,289.55884
2012-10-30,288.22168,287.85385,287.04492,288.49216,288.0025,287.33228
2012-10-31,289.29868,288.91696,288.09482,289.68488,289.1565,288.44803
2012-11-01,290.53848,290.10583,289.23334,290.97018,290.4176,289.68546
2012-11-02,288.64273,288.25732,287.4327,288.92743,288.4273,287.74808
2012-11-03,289.8658,289.8144,289.32446,289.80457,289.6808,289.3784
2012-11-04,288.57056,288.3505,287.6927,288.853,288.50165,287.9721
2012-11-05,286.0814,286.0622,285.60593,286.05164,285.89932,285.56927
2012-11-06,287.39297,287.225,286.62076,287.53897,287.27936,286.84247
2012-11-07,288.58423,288.29453,287.56934,288.43185,288.01392,287.41913
2012-11-08,291.15436,290.7728,289.95654,291.41666,290.92532,290.2576
2012-11-09,289.31537,288.99805,288.2469,289.7289,289.27576,288.6466
2012-11-10,290.05624,289.77106,289.05283,290.44952,290.03165,289.43823
2012-11-11,286.17303,286.03003,285.45483,286.29736,286.06827,285.664
2012-11-12,282.39246,282.0985,281.3733,282.77087,282.3607,281.7758
2012-11-13,277.12198,276.99915,276.4459,277.10437,276.85474,276.4308
2012-11-14,280.4346,280.15103,279.43793,280.42673,280.01074,279.42084
2012-11-15,278.60107,278.32822,277.62674,278.3106,277.93018,277.37613
2012-11-16,280.25955,279.6048,278.5223,279.553,278.78976,277.85324
2012-11-17,284.49054,283.99875,283.0801,284.14328,283.55682,282.7974
2012-11-18,282.84894,282.1475,281.02008,281.619,280.83356,279.87546
2012-11-19,285.9817,285.8395,285.27228,285.3624,285.13583,284.7369
2012-11-20,283.7028,283.67233,283.2177,283.29773,283.19543,282.92102
2012-11-21,271.60925,271.42267,270.8128,271.41388,271.0697,270.55365
2012-11-22,272.53613,272.37735,271.7961,272.49045,272.20053,271.73892
2012-11-23,276.00592,275.87805,275.32858,276.0817,275.81326,275.3733
2012-11-24,278.3652,278.30267,277.81927,278.4466,278.26358,277.90915
2012-11-25,278.89127,278.66754,278.02374,279.08026,278.73572,278.21988
2012-11-26,275.41733,275.31015,274.7836,275.9147,275.64175,275.1976
2012-11-27,278.40207,278.48923,278.1577,278.7041,278.66705,278.4587
2012-11-28,283.12747,282.68765,281.82977,283.51035,282.9268,282.172
2012-11-29,281.42252,281.0744,280.30884,281.46735,281.03857,280.4385
2012-11-30,282.59204,282.16968,281.3304,282.76282,282.2355,281.5368
2012-12-01,279.80362,279.08444,277.9489,279.6781,278.8378,277.82593
2012-12-02,278.66254,278.53763,277.99683,278.0604,277.80377,277.37537
2012-12-03,278.0253,278.02094,277.60104,277.62253,277.46985,277.1451
2012-12-04,274.99432,274.9765,274.54352,275.2233,275.0994,274.80313
2012-12-05,276.09756,275.90854,275.30463,276.22656,275.94003,275.4808
2012-12-06,275.1675,274.94705,274.3119,275.2518,274.9408,274.45667
2012-12-07,276.42255,276.18454,275.53186,276.59085,276.25616,275.74786
2012-12-08,278.84625,278.7857,278.31052,278.76843,278.5586,278.17465
2012-12-09,279.25714,279.19006,278.7083,279.13913,278.9291,278.54434
2012-12-10,275.9636,275.73145,275.08453,275.8147,275.44272,274.89536
2012-12-11,276.44846,276.0567,275.25003,276.70502,276.21085,275.5406
2012-12-12,276.6112,276.56058,276.0947,277.4523,277.31744,277.00568
2012-12-13,277.2494,277.15485,276.64478,276.94168,276.70166,276.28394
2012-12-14,279.04932,278.83496,278.20453,278.67065,278.35715,277.86508
2012-12-15,274.29065,274.22626,273.7453,274.47644,274.24286,273.82974
2012-12-16,267.99255,267.82132,267.2329,267.9131,267.61505,267.1364
2012-12-17,276.655,276.32083,275.56873,276.46115,276.03903,275.43527
2012-12-18,273.78772,273.5431,272.8797,273.93582,273.57626,273.03387
2012-12-19,271.7781,271.38214,270.56656,271.1682,270.6674,269.9825
2012-12-20,271.63586,271.4777,270.8989,271.22903,270.96405,270.51376
2012-12-21,268.56784,268.22772,267.46597,268.4481,268.02982,267.42496
2012-12-22,269.97208,269.6957,268.99652,270.25293,269.84607,269.2512
2012-12-23,270.05203,269.8215,269.16687,269.90128,269.54218,268.99365
2012-12-24,264.61935,264.42038,263.79602,264.32574,264.0024,263.4882
2012-12-25,268.17023,267.81656,267.03598,268.32047,267.8547,267.1965
2012-12-26,266.71484,266.47275,265.8023,267.0277,266.66547,266.10922
2012-12-27,269.67273,269.39856,268.69455,269.61365,269.2391,268.66882
2012-12-28,270.36578,269.9106,269.02393,270.2863,269.71796,268.9522
2012-12-29,273.4403,273.11304,272.35254,273.53903,273.11154,272.4849
2012-12-30,272.25168,272.08163,271.47653,272.1249,271.8357,271.34555
2012-12-31,269.42758,269.28192,268.6994,269.5096,269.2886,268.86487
2013-01-01,270.09113,269.94373,269.35757,270.17862,269.91666,269.45016
2013-01-02,267.2593,267.12915,266.55832,267.3733,267.1311,266.68256
2013-01-03,267.51352,267.43353,266.9109,267.60333,267.38895,266.9663
2013-01-04,263.71002,263.5724,262.9901,263.83914,263.58374,263.11816
2013-01-05,259.84155,259.5659,258.8435,259.90686,259.50607,258.89322
2013-01-06,262.84683,262.65933,262.02298,262.98688,262.69336,262.18585
2013-01-07,266.11786,265.9603,265.35175,266.36386,266.09103,265.60226
2013-01-08,267.0593,266.9235,266.3346,267.4476,267.17206,266.67868
2013-01-09,271.58325,271.88925,271.73996,271.6635,271.85657,271.8298
2013-01-10,270.0301,270.12814,269.76874,270.112,270.12323,269.91272
2013-01-11,267.99908,267.97864,267.49866,268.29877,268.14905,267.77573
2013-01-12,269.11072,269.08945,268.6064,269.00735,268.81638,268.39984
2013-01-13,262.15878,262.04358,261.46445,261.50598,261.2193,260.7052
2013-01-14,259.52875,259.29898,258.6032,259.5044,259.14655,258.55954
2013-01-15,264.59283,264.25745,263.45392,264.4451,263.93936,263.20264
2013-01-16,264.6965,264.58163,263.99658,264.78992,264.5413,264.05988
2013-01-17,265.83957,265.7231,265.1344,265.67355,265.4374,264.9668
2013-01-18,263.09064,262.79776,262.03067,263.35068,262.98206,262.3773
2013-01-19,261.87335,261.81613,261.28275,261.94232,261.7912,261.4023
2013-01-20,262.70688,262.5193,261.8537,262.78748,262.49738,261.968
2013-01-21,265.82605,265.51544,264.72498,265.93408,265.52878,264.88272
2013-01-22,270.54312,270.36667,269.70865,270.65546,270.37915,269.86063
2013-01-23,269.01224,269.11792,268.74036,269.1895,269.08575,268.73856
2013-01-24,269.8065,269.6571,269.02292,269.44125,269.18503,268.684
2013-01-25,272.59216,272.45773,271.83698,272.39694,272.1502,271.65753
2013-01-26,268.66196,268.38596,267.62222,268.7015,268.29398,267.63943
2013-01-27,265.232,264.97375,264.22647,265.37445,264.99625,264.37003
2013-01-28,274.04037,274.03137,273.53207,273.9084,273.73016,273.30304
2013-01-29,277.60123,277.58743,277.08224,277.25662,277.14136,276.7763
2013-01-30,273.40533,273.62936,273.36096,272.78882,272.94275,272.84625
2013-01-31,264.08835,264.12433,263.667,263.9966,263.90668,263.5658
2013-02-01,261.36597,261.21545,260.57083,261.3075,261.00848,260.45798
2013-02-02,266.8954,266.64563,265.9011,267.13483,266.77606,266.16547
2013-02-03,271.50696,271.36606,270.72977,272.35037,272.09558,271.5886
2013-02-04,272.44983,272.44424,271.9429,272.21683,272.10538,271.74158
2013-02-05,276.6447,276.49344,275.84613,276.86908,276.5976,276.0737
2013-02-06,279.0664,278.7762,277.98984,279.14014,278.74542,278.0984
2013-02-07,277.19177,277.03568,276.3833,277.24664,276.98947,276.48016
2013-02-08,279.72638,279.66046,279.09833,279.5183,279.40082,279.03152
2013-02-09,275.92905,275.74182,275.05862,275.91867,275.61646,275.06274
2013-02-10,281.5468,281.30106,280.5596,281.509,281.2003,280.64066
2013-02-11,278.10504,277.8256,277.0509,277.82095,277.4515,276.83173
2013-02-12,281.91647,281.3803,280.34952,282.3172,281.6418,280.71683
2013-02-13,280.7092,280.44916,279.69513,279.9242,279.56964,278.96637
2013-02-14,280.18338,280.01776,279.35898,279.06168,278.80862,278.30774
2013-02-15,278.18552,278.13452,277.59125,277.7761,277.55862,277.09436
2013-02-16,277.25983,277.2601,276.7691,276.93176,276.7787,276.38
2013-02-17,274.75507,274.77087,274.2965,274.52298,274.41852,274.06967
2013-02-18,274.51215,274.72354,274.44608,273.72214,273.84286,273.7206
2013-02-19,268.5512,268.8605,268.68222,267.9239,268.07272,267.97992
2013-02-20,262.95453,262.84778,262.2549,262.55737,262.2829,261.76834
2013-02-21,270.61307,270.08755,269.07742,270.59222,269.88123,268.9318
2013-02-22,273.40152,273.32355,272.76248,273.12613,272.84076,272.31854
2013-02-23,276.02847,275.78058,275.0513,276.07684,275.68625,275.06055
2013-02-24,276.02948,276.0791,275.64908,275.80032,275.72617,275.4188
2013-02-25,270.09552,270.0417,269.51,269.74484,269.56885,269.1614
2013-02-26,274.85748,274.46402,273.59457,274.9732,274.46198,273.72122
2013-02-27,284.37357,284.05997,283.2723,284.41718,284.013,283.38132
2013-02-28,284.6881,284.28305,283.4059,284.80048,284.24472,283.46338
2013-03-01,285.55615,285.27304,284.5198,285.46808,285.08838,284.4852
2013-03-02,287.28464,287.05972,286.36667,286.75882,286.5165,286.05276
2013-03-03,283.0861,282.71805,281.88394,281.7122,281.32803,280.72458
2013-03-04,279.73172,279.17288,278.15002,279.0692,278.41846,277.55048
2013-03-05,281.73566,280.99194,279.78622,281.36057,280.49243,279.40915
2013-03-06,287.76883,287.09125,285.95374,288.1863,287.36362,286.3279
2013-03-07,284.57208,284.80316,284.5763,284.6006,284.7469,284.68228
2013-03-08,276.78976,276.5684,275.89117,276.90036,276.5441,275.97906
2013-03-09,276.6342,276.467,275.84595,276.6501,276.34262,275.82846
2013-03-10,279.79544,279.28415,278.32092,279.81247,279.1233,278.2294
2013-03-11,282.54376,281.918,280.84222,282.66357,281.79752,280.7288
2013-03-12,282.35483,281.95175,281.1006,282.38,281.7716,280.9626
2013-03-13,281.9802,281.5328,280.6392,282.0314,281.40616,280.5822
2013-03-14,283.02072,282.86243,282.25967,283.0843,282.81174,282.34238
2013-03-15,281.1223,280.9109,280.25665,281.2323,280.89304,280.35876
2013-03-16,279.20563,278.577,277.50714,279.27042,278.5,277.53638
2013-03-17,283.33118,282.8732,281.9755,283.6109,283.0462,282.28998
2013-03-18,284.48465,283.97162,283.02042,284.8846,284.27628,283.47797
2013-03-19,286.96948,286.53058,285.65488,287.58008,287.05783,286.34717
2013-03-20,285.679,285.25073,284.38696,284.58618,283.97488,283.17667
2013-03-21,281.73846,281.445,280.7172,281.356,280.90363,280.26575
2013-03-22,281.927,281.52423,280.68817,281.6279,281.07922,280.34625
2013-03-23,290.94162,290.6065,289.83905,291.14484,290.73035,290.13278
2013-03-24,287.22998,287.0586,286.45575,287.381,287.1087,286.6544
2013-03-25,273.58734,273.53403,273.05002,273.1929,272.97293,272.57196
2013-03-26,272.55145,272.40683,271.83203,272.4562,272.15912,271.6819
2013-03-27,276.27148,276.01938,275.3377,276.20734,275.76797,275.14926
2013-03-28,274.48306,274.41745,273.92258,274.33505,274.0681,273.6224
2013-03-29,272.00494,271.91052,271.3871,271.79193,271.5538,271.1375
2013-03-30,275.57745,275.53632,275.0663,275.5348,275.34897,274.98544
2013-03-31,274.2095,274.09213,273.54593,274.81125,274.5369,274.08514
2013-04-01,275.22223,275.1305,274.60977,275.1431,274.8836,274.44693
2013-04-02,275.7416,275.74414,275.31757,275.55627,275.40613,275.07895
2013-04-03,277.94775,277.85663,277.336,278.08243,277.85535,277.45117
2013-04-04,281.69946,281.72955,281.32965,280.9911,280.8887,280.60913
2013-04-05,276.56003,276.78735,276.5842,275.97974,276.05362,275.9501
2013-04-06,278.70645,278.3273,277.51694,278.54846,278.01917,277.3122
2013-04-07,290.2516,290.0818,289.47998,290.83368,290.59586,290.1799
2013-04-08,292.41846,292.23038,291.60934,292.28122,291.97986,291.49985
2013-04-09,290.16064,289.96603,289.33752,291.20474,290.90314,290.42224
2013-04-10,285.08005,284.64215,283.76926,285.51913,284.982,284.2648
2013-04-11,284.35672,284.02454,283.25613,285.08813,284.6382,284.00745
2013-04-12,286.84726,286.41412,285.54346,287.36383,286.8506,286.1556
2013-04-13,289.18146,288.94946,288.2786,289.5767,289.24982,288.7403
2013-04-14,288.56824,288.38803,287.7675,288.94302,288.63107,288.1354
2013-04-15,290.98587,290.80817,290.18866,291.17734,290.88068,290.3992
2013-04-16,291.40475,291.27158,290.69498,291.80518,291.54767,291.10422
2013-04-17,286.8011,286.56433,285.88254,287.21548,286.86295,286.32315
2013-04-18,292.72964,292.54437,291.9124,292.97363,292.71542,292.2687
2013-04-19,287.90472,287.71857,287.08405,287.89447,287.61887,287.1535
2013-04-20,286.12198,285.84586,285.11954,286.43964,286.05176,285.47275
2013-04-21,287.71896,287.50482,286.83875,287.66064,287.334,286.81482
2013-04-22,282.87015,282.67487,282.0259,282.8494,282.503,281.96262
2013-04-23,292.0686,292.0719,291.6197,291.5631,291.46088,291.16327
2013-04-24,288.8906,288.81577,288.28363,288.66516,288.44098,288.02
2013-04-25,290.54697,290.31396,289.6219,290.39014,290.0266,289.46484
2013-04-26,293.46304,293.25146,292.57904,293.2754,292.9781,292.4811
2013-04-27,293.06235,292.81595,292.1069,293.41098,293.05582,292.49954
2013-04-28,288.8941,288.60913,287.85974,288.94043,288.4885,287.834
2013-04-29,280.09534,280.05746,279.55353,279.89285,279.7057,279.3146
2013-04-30,281.4728,281.06943,280.1983,281.1185,280.54062,279.7575
2013-05-01,285.7532,285.6761,285.12964,285.8823,285.7013,285.31375
2013-05-02,288.47696,288.4875,288.0271,288.1505,288.09668,287.83505
2013-05-03,288.95715,289.0138,288.5981,288.92993,288.87234,288.60577
2013-05-04,286.85272,286.71765,286.10886,286.61896,286.38342,285.9377
2013-05-05,287.01733,287.02637,286.56027,287.7097,287.53473,287.14853
2013-05-06,298.0035,297.9063,297.33276,297.6974,297.48886,297.06805
2013-05-07,296.6115,296.51917,295.94934,296.49023,296.26218,295.82098
2013-05-08,295.9186,295.48734,294.5775,296.57962,296.02237,295.25116
2013-05-09,294.90845,294.61566,293.8434,295.4309,294.9918,294.33798
2013-05-10,293.14026,292.54913,291.4777,293.00354,292.3363,291.45364
2013-05-11,291.04572,290.543,289.55927,290.7699,290.16785,289.3498
2013-05-12,288.08508,287.96533,287.36392,287.80298,287.5561,287.0928
2013-05-13,289.11578,288.90857,288.21912,289.0459,288.69287,288.1231
2013-05-14,292.6079,292.41446,291.73843,292.7717,292.40527,291.82178
2013-05-15,299.1467,298.9938,298.35812,299.20807,298.90665,298.38806
2013-05-16,297.70343,297.63412,297.08185,297.82852,297.64117,297.23672
2013-05-17,293.93182,293.7852,293.1556,293.9353,293.6221,293.0919
2013-05-18,289.53833,289.45215,288.88312,289.49188,289.27255,288.8364
2013-05-19,294.11255,293.93015,293.26517,294.3284,294.00476,293.46457
2013-05-20,297.78598,297.7306,297.19308,297.84055,297.65042,297.24432
2013-05-21,295.02057,295.1275,294.75278,295.0125,294.96802,294.70813
2013-05-22,290.9089,290.9253,290.4607,291.16464,291.01447,290.64957
2013-05-23,287.63846,287.62143,287.12418,287.56107,287.39484,287.01477
2013-05-24,291.69104,291.65097,291.13162,291.584,291.40137,291.00577
2013-05-25,292.6135,292.65448,292.2172,292.79678,292.7391,292.4696
2013-05-26,290.3978,290.1672,289.4595,290.2772,289.87952,289.27115
2013-05-27,292.65527,292.40244,291.67377,292.6035,292.20224,291.59158
2013-05-28,292.71472,292.65808,292.12704,292.51254,292.3216,291.9227
2013-05-29,295.6546,295.52692,294.9263,295.31598,295.0448,294.5672
2013-05-30,295.3074,295.29306,294.8074,295.0394,294.87723,294.51022
2013-05-31,293.6208,293.52756,292.96478,293.57318,293.34625,292.91623
2013-06-01,295.7153,295.5201,294.8572,295.67978,295.3367,294.7924
2013-06-02,293.17596,292.83902,292.03632,292.91968,292.44836,291.7777
2013-06-03,298.00522,297.70862,296.94824,298.17853,297.74377,297.11176
2013-06-04,295.0488,294.84644,294.18243,295.3113,294.97845,294.4504
2013-06-05,292.5839,292.37918,291.715,292.73532,292.38828,291.84824
2013-06-06,294.84775,294.68976,294.07452,294.93347,294.6369,294.1495
2013-06-07,298.2448,297.96368,297.2277,297.9326,297.48972,296.8584
2013-06-08,298.67532,298.51813,297.90842,298.14618,297.89044,297.44867
2013-06-09,297.809,297.5585,296.85797,297.93167,297.5397,296.9641
2013-06-10,296.38745,295.89407,294.95316,295.79135,295.21823,294.46393
2013-06-11,297.4285,297.3038,296.7341,297.26907,297.02142,296.59515
2013-06-12,298.37772,298.18756,297.55493,298.38934,298.06674,297.56802
2013-06-13,297.56744,297.35248,296.6976,297.90057,297.56226,297.05045
2013-06-14,296.3921,296.22052,295.61166,296.12057,295.81348,295.33548
2013-06-15,294.8244,294.71786,294.17664,294.8493,294.59375,294.16986
2013-06-16,294.68738,294.5964,294.07336,294.42432,294.16803,293.746
2013-06-17,293.83652,293.6005,292.93497,294.08463,293.6787,293.10968
2013-06-18,299.03546,298.92914,298.39597,299.01605,298.76254,298.34854
2013-06-19,301.8086,301.70114,301.16937,301.86536,301.616,301.20865
2013-06-20,298.0658,297.99402,297.5005,298.57785,298.35995,297.98666
2013-06-21,296.88394,296.74765,296.19214,296.39877,296.1225,295.6934
2013-06-22,295.2556,295.03156,294.39078,295.12753,294.76407,294.2502
2013-06-23,293.61795,293.49872,292.9652,293.5546,293.33694,292.97134
2013-06-24,297.1517,296.94095,296.31827,297.87546,297.5495,297.078
2013-06-25,294.97675,294.53564,293.68497,295.2463,294.67938,293.9692
2013-06-26,297.05014,296.87354,296.28958,297.44662,297.12756,296.66757
2013-06-27,299.89438,299.82645,299.35342,300.35873,300.1701,299.84268
2013-06-28,299.67487,299.25827,298.43866,299.47858,298.86865,298.1221
2013-06-29,296.16293,295.89017,295.2164,296.49286,296.05035,295.4732
2013-06-30,297.2878,296.76508,295.8433,297.6124,296.92795,296.11084
2013-07-01,302.63712,302.3178,301.60135,303.2102,302.7851,302.2292
2013-07-02,305.3988,305.24792,304.70163,305.71213,305.4434,305.04565
2013-07-03,304.2834,304.041,303.4049,304.74728,304.3545,303.83435
2013-07-04,304.85928,304.4219,303.5924,305.18958,304.6374,303.9594
2013-07-05,299.7476,299.51,298.88184,299.56656,299.10022,298.50952
2013-07-06,297.82837,297.55948,296.9014,297.8192,297.43063,296.9191
2013-07-07,301.84106,301.51297,300.79694,301.89587,301.4354,300.85315
2013-07-08,305.19818,304.8967,304.2084,305.5925,305.13654,304.56003
2013-07-09,299.25177,298.82,298.0025,299.6262,299.02948,298.31314
2013-07-10,295.40714,295.14438,294.49683,295.16428,294.75046,294.2179
2013-07-11,296.98715,296.68106,295.99103,296.96634,296.51404,295.94373
2013-07-12,301.3002,300.7406,299.79776,300.80838,300.09253,299.2594
2013-07-13,298.85352,298.3789,297.52167,297.79852,297.13672,296.3581
2013-07-14,298.40094,298.25885,297.73465,297.87793,297.57333,297.1523
2013-07-15,299.51315,299.2175,298.54007,299.02872,298.5612,297.9775
2013-07-16,302.46487,302.14664,301.44696,302.00897,301.52872,300.93246
2013-07-17,305.66904,305.1925,304.33472,305.65622,304.9863,304.20047
2013-07-18,301.096,300.3639,299.25058,300.9486,300.0847,299.1047
2013-07-19,302.1433,301.3295,300.13443,302.58426,301.64407,300.58768
2013-07-20,298.4765,298.13135,297.40482,298.50867,298.04166,297.45813
2013-07-21,295.84314,295.38864,294.55252,295.6857,295.10245,294.40222
2013-07-22,300.06375,299.47934,298.513,300.21555,299.4879,298.6428
2013-07-23,299.22668,298.58478,297.56042,299.53787,298.71765,297.7793
2013-07-24,296.71884,296.27524,295.4487,297.0354,296.4255,295.69672
2013-07-25,294.29578,293.78,292.8807,294.43588,293.80484,293.05408
2013-07-26,296.18323,295.66147,294.7555,296.34976,295.64874,294.82706
2013-07-27,296.89105,296.40482,295.53366,297.11658,296.47858,295.7189
2013-07-28,298.07944,297.84128,297.2173,298.01657,297.6239,297.1084
2013-07-29,297.24625,296.83423,296.03552,297.49658,296.89185,296.16312
2013-07-30,303.7227,303.4569,302.80347,303.89072,303.53726,303.0585
2013-07-31,305.67508,305.4443,304.82483,305.81018,305.4861,305.0354
2013-08-01,303.4893,303.32928,302.77945,303.51062,303.25296,302.86728
2013-08-02,300.28732,300.17978,299.6813,299.9508,299.6989,299.31747
2013-08-03,298.5447,298.49768,298.0585,298.62973,298.41263,298.06436
2013-08-04,298.71115,298.54782,297.9911,298.8713,298.56027,298.11658
2013-08-05,299.0572,298.84644,298.24103,299.8959,299.55615,299.08203
2013-08-06,299.4836,299.28082,298.68213,300.37106,299.99252,299.47794
2013-08-07,298.8221,298.66925,298.11908,298.71912,298.40823,297.95956
2013-08-08,299.839,299.59296,298.94824,299.78275,299.41785,298.91342
2013-08-09,300.7428,300.63266,300.12247,300.76437,300.50568,300.10562
2013-08-10,302.4258,302.2082,301.58902,302.1888,301.85703,301.38205
2013-08-11,303.51294,303.24765,302.57944,303.58862,303.20996,302.6863
2013-08-12,304.11716,304.09036,303.65924,304.40955,304.26175,303.9671
2013-08-13,301.2518,301.10364,300.54968,300.35416,300.06146,299.6201
2013-08-14,299.33087,299.3033,298.86856,298.97717,298.8231,298.51846
2013-08-15,296.1964,296.25247,295.89996,295.72403,295.66165,295.44687
2013-08-16,297.0987,296.89386,296.27893,296.78854,296.42685,295.91095
2013-08-17,294.45508,294.15836,293.45016,294.7678,294.283,293.64212
2013-08-18,299.43527,299.2642,298.68018,299.5412,299.26944,298.83972
2013-08-19,300.7155,300.699,300.26822,300.89755,300.78128,300.50534
2013-08-20,299.96213,299.93863,299.49945,300.3822,300.20172,299.85977
2013-08-21,297.9693,297.55273,296.71912,298.23175,297.63846,296.88193
2013-08-22,298.15665,297.84662,297.11823,298.48227,298.119,297.59073
2013-08-23,296.39786,295.90182,294.98618,296.4404,295.81372,295.0204
2013-08-24,297.83612,297.20752,296.15802,297.96014,297.21902,296.30966
2013-08-25,299.50626,299.39142,298.85437,299.5813,299.36725,298.98334
2013-08-26,302.2986,302.0631,301.40424,302.53833,302.22006,301.7304
2013-08-27,303.47272,303.17575,302.45425,303.94623,303.5555,302.99188
2013-08-28,302.70755,302.36478,301.59634,303.2204,302.78876,302.18268
2013-08-29,303.90848,303.6424,302.94952,304.41406,304.05396,303.518
2013-08-30,302.40054,302.3535,301.8785,302.3863,302.27487,301.98624
2013-08-31,296.65274,296.51025,295.93878,296.54486,296.28384,295.84433
2013-09-01,295.50568,295.34906,294.76242,295.69296,295.41122,294.94974
2013-09-02,296.49677,296.29764,295.66757,296.7815,296.4601,295.9578
2013-09-03,297.4253,297.19653,296.5358,297.68237,297.33698,296.8095
2013-09-04,296.86383,296.48196,295.6673,297.13837,296.63712,295.95267
2013-09-05,297.02692,296.55307,295.6455,297.31094,296.72943,295.9637
2013-09-06,297.0078,296.85648,296.27063,297.2704,296.9826,296.5097
2013-09-07,300.39703,300.2992,299.76605,300.5185,300.32257,299.94058
2013-09-08,299.1534,298.8051,298.0207,299.36646,298.90094,298.24857
2013-09-09,293.26828,293.1885,292.67194,293.63034,293.4591,293.10016
2013-09-10,292.94876,292.64932,291.91235,292.69745,292.2511,291.61633
2013-09-11,294.3973,294.11682,293.39816,294.3635,293.97006,293.38757
2013-09-12,294.80023,294.48926,293.73947,294.78397,294.33167,293.68967
2013-09-13,293.20505,292.5998,291.55515,293.08243,292.348,291.42325
2013-09-14,292.11185,291.69296,290.8341,292.283,291.7591,291.04443
2013-09-15,292.11462,291.77225,290.98932,292.34396,291.8887,291.24222
2013-09-16,292.9965,292.78006,292.1226,293.41675,293.1128,292.61722
2013-09-17,294.30966,294.1032,293.45523,294.89542,294.56506,294.04272
2013-09-18,294.35785,294.00012,293.20044,294.8151,294.32108,293.6348
2013-09-19,294.7705,294.42798,293.643,295.28687,294.79965,294.11996
2013-09-20,293.3247,293.4049,293.0423,293.41483,293.35757,293.1076
2013-09-21,290.87933,290.7521,290.18167,291.43082,291.17538,290.72708
2013-09-22,294.6686,294.77167,294.43112,294.90988,294.88187,294.66086
2013-09-23,292.30423,292.26138,291.7746,292.20834,292.01868,291.63593
2013-09-24,294.45547,294.33786,293.77603,294.6795,294.463,294.0534
2013-09-25,294.01746,293.7728,293.08356,294.31778,293.9778,293.4447
2013-09-26,295.40967,295.10132,294.34814,295.72934,295.3081,294.69376
2013-09-27,296.86087,296.63495,295.96402,296.91788,296.58185,296.05276
2013-09-28,295.4152,295.0459,294.23126,294.87482,294.3561,293.6445
2013-09-29,292.85156,292.71146,292.12582,292.99985,292.70184,292.21106
2013-09-30,292.6307,292.5589,292.04132,292.6081,292.3913,291.98187
2013-10-01,297.7988,297.55893,296.87317,298.20114,297.84512,297.29666
2013-10-02,297.79108,297.59958,296.96198,297.82327,297.52945,297.04337
2013-10-03,292.8741,292.60004,291.87976,292.33737,291.96216,291.3949
2013-10-04,291.0744,290.6543,289.78784,290.14267,289.66626,288.99814
2013-10-05,287.46692,286.89563,285.87784,286.246,285.5917,284.74594
2013-10-06,288.88562,288.67075,288.00928,289.2036,288.85464,288.31442
2013-10-07,285.60587,285.41803,284.78357,286.06165,285.75317,285.25385
2013-10-08,289.40594,288.88498,287.9174,290.1645,289.54782,288.74063
2013-10-09,291.38934,291.18695,290.5378,291.836,291.49182,290.95746
2013-10-10,294.17584,293.96146,293.30035,294.76083,294.37543,293.80017
2013-10-11,296.87033,296.73737,296.15768,296.93384,296.74225,296.36118
2013-10-12,293.22253,292.92914,292.1891,293.39795,292.99823,292.40942
2013-10-13,293.9099,293.7652,293.17383,293.98273,293.71277,293.25412
2013-10-14,293.23947,292.71927,291.7525,293.24527,292.59598,291.75842
2013-10-15,291.78635,291.3731,290.5134,291.59854,291.03656,290.28668
2013-10-16,296.01373,295.67194,294.88376,296.05106,295.54678,294.85507
2013-10-17,295.15897,295.1734,294.74167,295.36148,295.22855,294.90854
2013-10-18,292.15308,292.04657,291.49408,292.37198,292.1485,291.7384
2013-10-19,285.37827,285.3093,284.79453,285.5348,285.3348,284.94864
2013-10-20,280.23767,280.06766,279.45203,280.3296,280.01074,279.5062
2013-10-21,275.80997,275.71365,275.17197,275.9969,275.74268,275.30322
2013-10-22,278.87064,278.78796,278.26028,278.93622,278.70364,278.28625
2013-10-23,280.49936,280.25702,279.56995,280.6068,280.23096,279.6708
2013-10-24,279.13284,278.86435,278.15143,279.1719,278.7823,278.20877
2013-10-25,286.20822,285.8453,285.0384,286.42563,285.91614,285.2232
2013-10-26,285.75266,285.50943,284.82263,285.49362,285.02924,284.38193
2013-10-27,285.87573,285.66138,285.00388,285.827,285.49557,284.98175
2013-10-28,289.89987,289.4618,288.58105,290.03546,289.4437,288.66995
2013-10-29,288.34436,288.0007,287.21487,288.5896,288.1008,287.43048
2013-10-30,284.6267,283.95355,282.8388,284.2393,283.38934,282.35834
2013-10-31,290.46924,290.24466,289.57898,290.51932,290.17236,289.64478
2013-11-01,290.015,289.85855,289.26166,290.09586,289.80756,289.3392
2013-11-02,292.28772,291.93924,291.1509,292.3323,291.8687,291.22552
2013-11-03,285.86523,285.74457,285.1847,285.93042,285.68866,285.26776
2013-11-04,277.67426,277.39243,276.6721,277.55627,277.15643,276.57794
2013-11-05,277.98804,277.52972,276.63367,278.21393,277.61966,276.84717
2013-11-06,280.4584,280.1313,279.36713,280.55008,280.1099,279.49197
2013-11-07,276.48227,276.19934,275.48016,276.9917,276.57968,275.99033
2013-11-08,278.75476,278.4913,277.79236,278.11676,277.70792,277.12222
2013-11-09,279.91846,279.7079,279.06265,279.31076,278.94388,278.4006
2013-11-10,276.6521,276.51538,275.94485,276.19467,275.8947,275.41876
2013-11-11,281.15497,280.83762,280.08722,281.3816,280.9469,280.33664
2013-11-12,276.40186,276.029,275.22394,276.57288,276.0701,275.39218
2013-11-13,278.68927,278.68024,278.23993,278.78845,278.67953,278.3959
2013-11-14,279.21524,278.35645,277.06726,278.9721,277.98874,276.8311
2013-11-15,285.4559,285.2453,284.60522,285.5009,285.1838,284.69278
2013-11-16,279.03226,279.04507,278.62924,278.96426,278.92047,278.7031
2013-11-17,282.14633,281.88907,281.2041,282.22894,281.84464,281.2871
2013-11-18,283.8807,283.57245,282.83734,284.12955,283.68604,283.0696
2013-11-19,283.15524,283.2045,282.8278,283.4041,283.27228,282.9678
2013-11-20,282.33838,282.2736,281.78375,282.45126,282.25433,281.88504
2013-11-21,283.1483,283.04962,282.5268,283.19406,283.00073,282.6353
2013-11-22,277.81934,277.81006,277.37744,277.9342,277.80164,277.4972
2013-11-23,280.35843,280.18057,279.58026,280.2452,279.93427,279.45166
2013-11-24,277.42862,277.47906,277.10788,277.17078,277.12558,276.90887
2013-11-25,268.02777,267.80243,267.1562,268.0925,267.75385,267.24374
2013-11-26,267.5413,267.3225,266.6836,267.59106,267.23877,266.71518
2013-11-27,265.31042,265.01666,264.30353,265.34583,264.93686,264.3567
2013-11-28,266.43304,266.30432,265.75693,266.31476,266.05597,265.62595
2013-11-29,265.50693,265.36624,264.80753,265.86484,265.6162,265.19635
2013-11-30,265.82007,265.59766,264.95782,265.69666,265.29318,264.71844
2013-12-01,268.28598,268.0338,267.36478,268.10245,267.73618,267.19846
2013-12-02,270.08713,269.90375,269.30405,270.0739,269.79315,269.3408
2013-12-03,271.6019,271.49405,270.9703,271.7128,271.518,271.15143
2013-12-04,269.67236,269.37057,268.6533,269.6256,269.23615,268.67462
2013-12-05,269.0549,268.79593,268.12173,269.22168,268.88504,268.37607
2013-12-06,273.0484,272.9818,272.50034,273.4026,273.26694,272.95856
2013-12-07,274.3541,274.13318,273.49753,274.13235,273.7729,273.24023
2013-12-08,281.79456,281.77145,281.3337,281.65146,281.56897,281.31293
2013-12-09,279.24515,278.95584,278.2519,279.01007,278.64566,278.10715
2013-12-10,278.3997,278.10617,277.39798,278.23477,277.8875,277.36554
2013-12-11,279.13254,278.8833,278.21927,278.866,278.48877,277.93616
2013-12-12,276.8666,276.65787,276.0342,276.92526,276.61353,276.12573
2013-12-13,282.31482,281.858,280.98593,282.05844,281.44693,280.65854
2013-12-14,283.94418,283.62735,282.89496,284.09454,283.685,283.09772
2013-12-15,272.66602,272.4211,271.76016,272.74197,272.3801,271.83963
2013-12-16,277.80975,277.50195,276.77756,277.72293,277.27454,276.64664
2013-12-17,288.70352,288.2955,287.47028,289.06882,288.57513,287.90088
2013-12-18,282.99847,283.89465,284.3729,282.8168,283.73404,284.46964
2013-12-19,267.03516,266.8365,266.21906,266.79523,266.4934,266.00876
2013-12-20,272.59036,272.19373,271.37747,272.549,271.97446,271.21582
2013-12-21,284.21567,283.73843,282.84055,284.3642,283.7697,282.9899
2013-12-22,284.7793,284.21414,283.22736,284.79443,284.1331,283.28516
2013-12-23,286.7681,286.43713,285.68332,286.5586,286.13766,285.5287
2013-12-24,284.0336,283.6772,282.89664,283.95084,283.55017,282.9601
2013-12-25,283.29898,282.78244,281.84048,283.4083,282.764,281.9288
2013-12-26,284.33472,284.00714,283.25272,284.3855,284.00092,283.42392
2013-12-27,277.76334,277.47125,276.7509,277.43515,277.04755,276.46588
2013-12-28,277.52414,277.10306,276.25214,276.9716,276.42618,275.6851
2013-12-29,275.0825,274.9189,274.32385,275.22894,274.98154,274.53674
2013-12-30,274.36084,274.13736,273.48062,274.55655,274.2235,273.6913
2013-12-31,270.097,270.086,269.63998,269.80438,269.74423,269.48315
2014-01-01,271.7356,271.72974,271.2851,271.58047,271.5122,271.23944
2014-01-02,269.91357,269.7961,269.23804,269.66592,269.46112,269.04993
2014-01-03,266.14984,265.87708,265.16165,265.7364,265.3738,264.80298
2014-01-04,268.4098,268.06256,267.27063,268.59586,268.14154,267.47708
2014-01-05,269.0043,268.90607,268.36115,268.7446,268.5586,268.1605
2014-01-06,270.41882,270.3738,269.88,270.20184,270.05804,269.70026
2014-01-07,269.25113,269.1767,268.6513,268.9213,268.76358,268.38992
2014-01-08,267.30246,267.06766,266.37976,267.2909,266.97153,266.43433
2014-01-09,266.17188,265.99503,265.3629,266.06934,265.78668,265.28427
2014-01-10,265.705,265.5475,264.9325,265.69983,265.43445,264.94733
2014-01-11,268.0266,267.84305,267.19992,267.99435,267.68622,267.15445
2014-01-12,266.135,266.01215,265.42752,266.419,266.17725,265.70996
2014-01-13,263.87378,263.70026,263.06284,263.98996,263.68082,263.1443
2014-01-14,265.4595,265.47314,265.02078,265.2189,265.13318,264.81827
2014-01-15,266.50696,266.24487,265.51468,266.4205,266.02386,265.39624
2014-01-16,265.80386,265.59686,264.9197,265.45065,265.1341,264.58475
2014-01-17,263.9307,263.35217,262.30145,263.23657,262.52356,261.5761
2014-01-18,273.74664,273.39886,272.5769,273.4605,272.95377,272.21094
2014-01-19,278.3064,278.10556,277.4286,278.1841,277.88934,277.35687
2014-01-20,274.85974,274.81134,274.28494,274.66364,274.49054,274.07812
2014-01-21,273.5151,273.15634,272.31772,273.3299,272.84644,272.12225
2014-01-22,273.80435,273.4645,272.64307,274.05597,273.5501,272.80203
2014-01-23,281.33618,281.20486,280.59033,281.3222,281.11908,280.6725
2014-01-24,276.68204,276.77994,276.393,276.48123,276.45636,276.18674
2014-01-25,275.58347,275.56845,275.06705,275.67374,275.51175,275.10388
2014-01-26,276.22702,276.18903,275.6633,276.25586,276.08188,275.6609
2014-01-27,279.10196,278.8949,278.19873,279.25174,278.91577,278.33185
2014-01-28,282.3799,282.092,281.31384,282.55447,282.1691,281.53482
2014-01-29,283.52396,283.30057,282.5858,283.71918,283.41144,282.85394
2014-01-30,284.09067,283.81146,283.0398,284.0461,283.685,283.07346
2014-01-31,280.36514,280.21466,279.57086,279.49548,279.28015,278.81384
2014-02-01,275.50516,275.30408,274.60886,275.61774,275.28857,274.70795
2014-02-02,283.7726,283.1163,281.96524,283.42596,282.62396,281.5701
2014-02-03,285.56326,285.42548,284.7923,285.72226,285.51935,285.06427
2014-02-04,275.56348,275.8588,275.6584,275.4858,275.622,275.50592
2014-02-05,275.57434,275.46097,274.85156,275.48367,275.2495,274.76294
2014-02-06,274.98492,274.95377,274.42642,274.93915,274.75708,274.32266
2014-02-07,268.67175,268.77692,268.38586,268.21588,268.20447,267.94092
2014-02-08,265.19092,265.23148,264.77588,264.7249,264.62082,264.26486
2014-02-09,266.80554,266.65445,266.00735,266.52835,266.24683,265.7138
2014-02-10,271.3083,271.03033,270.25668,271.06418,270.64023,269.96536
2014-02-11,276.3814,276.11047,275.34433,276.18372,275.7523,275.07056
2014-02-12,271.44034,271.58664,271.2383,271.1928,271.21014,270.97794
2014-02-13,268.31067,268.14563,267.48663,268.10794,267.82925,267.30185
2014-02-14,269.16895,268.9592,268.25626,269.11932,268.7967,268.2263
2014-02-15,271.21704,270.9641,270.21887,271.09964,270.75085,270.15533
2014-02-16,277.33365,277.10675,276.38858,277.0263,276.68774,276.10355
2014-02-17,274.142,274.08603,273.53992,274.244,274.07318,273.65805
2014-02-18,278.78934,278.63638,277.99457,278.58975,278.3265,277.82025
2014-02-19,277.96915,278.002,277.54733,277.4942,277.41296,277.09015
2014-02-20,275.739,275.70285,275.18054,275.47742,275.33307,274.94864
2014-02-21,277.10736,277.1216,276.65125,277.19714,277.08334,276.73105
2014-02-22,265.73016,265.75574,265.29822,264.97232,264.86206,264.51498
2014-02-23,269.14252,268.83017,268.03644,268.87842,268.43954,267.76556
2014-02-24,274.13184,273.66812,272.72476,274.40875,273.7885,272.93506
2014-02-25,277.39517,277.36038,276.84775,276.96652,276.82156,276.44522
2014-02-26,273.7905,273.7716,273.27676,273.13538,272.94727,272.52966
2014-02-27,266.8147,266.5837,265.87863,266.39087,266.0161,265.41382
2014-02-28,277.43073,276.7068,275.5107,277.01215,276.14087,275.04407
2014-03-01,275.21405,274.66638,273.6486,275.11365,274.41403,273.49097
2014-03-02,269.455,269.29297,268.66284,269.618,269.31442,268.78937
2014-03-03,270.15283,269.8733,269.12762,270.51096,270.11072,269.49115
2014-03-04,273.57556,273.44254,272.84546,273.68567,273.41846,272.93402
2014-03-05,275.5587,275.39807,274.77545,275.55087,275.21964,274.67328
2014-03-06,277.52112,277.35223,276.72342,277.3678,277.06348,276.5462
2014-03-07,276.4862,276.40103,275.85794,276.44708,276.22665,275.79532
2014-03-08,272.70193,272.6615,272.16525,272.74792,272.57626,272.1958
2014-03-09,273.36523,273.32187,272.82462,273.64453,273.44064,273.03003
2014-03-10,272.94748,272.59833,271.79727,273.12775,272.61887,271.90533
2014-03-11,274.8889,274.4109,273.48288,274.93475,274.35904,273.58066
2014-03-12,276.65842,276.49203,275.8776,276.6781,276.38776,275.89682
2014-03-13,275.54373,275.44995,274.9099,274.99942,274.81653,274.43494
2014-03-14,280.7478,280.54065,279.88898,280.40094,280.06384,279.52988
2014-03-15,276.15637,275.52628,274.45337,275.7448,275.01974,274.0997
2014-03-16,280.90887,281.0055,280.66086,280.8367,280.8119,280.59384
2014-03-17,276.74182,276.739,276.29654,276.55057,276.43353,276.12494
2014-03-18,280.1655,279.92435,279.2451,279.90555,279.5688,279.04205
2014-03-19,281.2749,281.2783,280.84485,280.7208,280.61813,280.3271
2014-03-20,275.9079,275.9806,275.6177,275.53635,275.45084,275.17838
2014-03-21,269.90027,269.68317,269.03174,270.07233,269.68414,269.11038
2014-03-22,269.5468,269.2533,268.52646,269.79672,269.336,268.691
2014-03-23,276.14777,275.96768,275.3553,275.81293,275.5042,275.01242
2014-03-24,283.71912,283.15863,282.16672,284.11417,283.44562,282.59506
2014-03-25,288.4757,287.5098,286.1132,286.98102,285.8551,284.54822
2014-03-26,285.3838,284.68317,283.55237,284.4332,283.59836,282.5833
2014-03-27,284.05954,283.6594,282.82965,283.87857,283.32,282.5821
2014-03-28,287.8227,287.68872,287.12552,287.68933,287.428,286.9879
2014-03-29,281.71707,281.7253,281.30457,281.23053,281.13092,280.85312
2014-03-30,279.7728,279.58673,278.9718,279.76276,279.45825,278.97598
2014-03-31,285.58682,285.3734,284.73123,285.8759,285.5346,285.0159
2014-04-01,282.74527,281.79684,280.41946,281.89362,280.92282,279.77484
2014-04-02,287.40247,286.96414,286.09668,287.14334,286.56958,285.81876
2014-04-03,279.4672,279.29822,278.69974,279.18433,278.8818,278.4022
2014-04-04,284.09247,283.29123,282.06,283.63028,282.68628,281.56512
2014-04-05,281.42947,281.1961,280.53223,281.07257,280.67108,280.09225
2014-04-06,277.8883,277.67444,277.02936,277.41815,277.07474,276.5536
2014-04-07,274.01022,273.72208,273.0019,273.71826,273.30646,272.71652
2014-04-08,290.05032,289.81094,289.1386,290.10278,289.79147,289.30148
2014-04-09,286.56912,286.95605,286.9091,286.41397,286.73898,286.88474
2014-04-10,278.14474,278.0197,277.45966,277.58755,277.3295,276.89145
2014-04-11,280.3221,280.20093,279.64352,279.65738,279.42886,279.01953
2014-04-12,283.9445,283.61917,282.8563,283.97583,283.55313,282.94867
2014-04-13,287.30585,286.90677,286.06882,287.71548,287.20453,286.51096
2014-04-14,285.54233,285.45035,284.91803,286.26398,286.02615,285.60458
2014-04-15,294.5809,294.27853,293.5344,294.9199,294.55057,293.9964
2014-04-16,295.4661,295.28073,294.652,295.0657,294.75952,294.26736
2014-04-17,290.64413,290.5573,290.0255,290.0135,289.83868,289.47662
2014-04-18,284.1723,284.09125,283.56348,283.45624,283.2497,282.85464
2014-04-19,283.06116,282.8845,282.25943,282.73373,282.4425,281.9615
2014-04-20,283.0771,283.09436,282.6615,283.84714,283.72968,283.42105
2014-04-21,283.46317,283.4378,282.96054,283.84894,283.69278,283.3441
2014-04-22,283.0436,283.00116,282.50504,282.98883,282.787,282.39114
2014-04-23,281.51852,281.46133,280.94867,281.34393,281.1344,280.7295
2014-04-24,287.9994,287.76334,287.06995,288.10788,287.74777,287.1909
2014-04-25,288.3664,288.336,287.84653,288.31207,288.15225,287.79416
2014-04-26,289.74216,289.536,288.86902,289.63116,289.29538,288.75992
2014-04-27,292.04965,291.75848,291.00473,292.12067,291.72574,291.12973
2014-04-28,291.10764,291.1668,290.7616,291.56558,291.5207,291.2733
2014-04-29,287.66617,287.57465,287.0171,287.2392,287.01965,286.59622
2014-04-30,286.00623,285.88385,285.29373,285.79025,285.55328,285.11105
2014-05-01,289.05316,288.8819,288.2413,288.843,288.5453,288.04102
2014-05-02,288.9962,288.93866,288.41028,289.00082,288.81607,288.4235
2014-05-03,288.0438,287.88202,287.2479,288.02585,287.71494,287.19504
2014-05-04,287.3957,287.4405,287.01154,287.327,287.20938,286.88165
2014-05-05,283.8177,283.8765,283.4602,283.84067,283.7669,283.48193
2014-05-06,277.62564,277.4206,276.73926,276.95166,276.53354,275.90314
2014-05-07,282.9394,282.81976,282.2227,282.81354,282.548,282.0693
2014-05-08,287.19647,287.0797,286.48444,287.1946,286.95078,286.49298
2014-05-09,288.8365,288.69614,288.0763,288.88092,288.60583,288.11603
2014-05-10,291.07413,290.91663,290.27878,291.14322,290.84384,290.329
2014-05-11,291.8917,291.90463,291.43652,292.2778,292.11966,291.7455
2014-05-12,287.5961,287.6777,287.27762,288.02295,287.95065,287.66193
2014-05-13,286.42657,286.53995,286.17114,285.52554,285.39923,285.05615
2014-05-14,290.24417,289.94406,289.16138,290.22195,289.74448,289.04993
2014-05-15,289.54352,289.4124,288.79852,289.1608,288.889,288.4001
2014-05-16,290.13367,289.9161,289.21564,289.93295,289.5883,289.02646
2014-05-17,295.0229,294.80206,294.0983,295.19354,294.86288,294.31525
2014-05-18,298.64847,298.5192,297.90714,298.68604,298.43323,297.96362
2014-05-19,300.486,300.42725,299.88596,300.7416,300.56116,300.1642
2014-05-20,298.39526,298.2458,297.61414,298.65857,298.35922,297.84387
2014-05-21,296.6491,296.52902,295.92725,296.09683,295.82138,295.33047
2014-05-22,299.49628,299.51804,299.05875,299.29626,299.19962,298.8882
2014-05-23,299.93185,299.777,299.14194,299.77426,299.49582,299.0035
2014-05-24,301.6867,301.56058,300.9552,301.5391,301.33,300.908
2014-05-25,303.82053,303.7535,303.20825,303.3815,303.19794,302.80252
2014-05-26,300.35733,300.2803,299.72617,299.9945,299.78763,299.37006
2014-05-27,295.98972,295.84305,295.22052,295.61,295.3187,294.818
2014-05-28,294.9311,294.64313,293.8807,295.0786,294.65738,294.02817
2014-05-29,295.99576,295.8137,295.15866,295.91568,295.58353,295.04498
2014-05-30,301.24463,301.0789,300.4418,301.24768,300.94257,300.43265
2014-05-31,302.56824,302.5216,302.00543,302.7695,302.58945,302.2063
2014-06-01,302.74915,302.64865,302.08047,302.21375,301.9744,301.53375
2014-06-02,302.5504,302.73553,302.45493,301.23798,301.35797,301.27866
2014-06-03,300.11273,300.17676,299.77707,299.04547,298.95966,298.67654
2014-06-04,298.83698,298.75055,298.2025,298.38794,298.1593,297.73544
2014-06-05,296.70068,296.52176,295.88336,295.9325,295.59375,295.062
2014-06-06,300.70496,300.42084,299.6795,300.241,299.8215,299.21124
2014-06-07,304.39328,304.13876,303.42938,304.4347,304.04587,303.4686
2014-06-08,303.37918,303.41306,302.99445,304.04663,303.91104,303.58936
2014-06-09,297.4969,297.37167,296.79645,297.92938,297.60446,297.09592
2014-06-10,294.14682,294.0383,293.48227,294.5056,294.2095,293.73224
2014-06-11,295.8715,295.3604,294.40433,295.571,294.89752,294.04538
2014-06-12,299.87674,299.63596,298.95267,300.0601,299.69894,299.1617
2014-06-13,304.80536,304.48224,303.71918,304.92526,304.46075,303.82272
2014-06-14,307.4224,307.1652,306.4707,307.66376,307.26807,306.70148
2014-06-15,307.23093,307.08417,306.5027,307.5341,307.26135,306.82025
2014-06-16,307.8117,307.6208,306.9978,308.1647,307.85394,307.37747
2014-06-17,303.29315,303.16428,302.60587,302.61212,302.3369,301.8986
2014-06-18,298.70047,298.06204,296.99673,298.35947,297.53775,296.5555
2014-06-19,296.72845,295.96155,294.77036,296.66003,295.77853,294.7391
2014-06-20,296.301,295.80664,294.89056,295.78937,295.17163,294.39853
2014-06-21,294.93253,294.65366,293.95557,295.2338,294.85666,294.32666
2014-06-22,291.9752,291.63553,290.87912,292.30597,291.8605,291.26462
2014-06-23,294.9803,294.82828,294.262,294.69885,294.42154,293.99622
2014-06-24,291.81577,291.6258,291.0239,291.725,291.37375,290.8769
2014-06-25,299.15732,298.59317,297.61942,299.1654,298.42654,297.54446
2014-06-26,302.2792,301.9508,301.21506,302.082,301.64832,301.07373
2014-06-27,302.65347,302.56073,302.06287,302.75485,302.52213,302.1506
2014-06-28,303.82062,303.33337,302.44318,304.17667,303.5516,302.78992
2014-06-29,296.76138,296.34863,295.5349,297.09003,296.4701,295.71555
2014-06-30,296.73596,295.99387,294.85272,297.26443,296.343,295.28885
2014-07-01,296.93845,296.6798,296.024,297.14505,296.7652,296.25452
2014-07-02,294.82712,294.10217,292.98184,295.10016,294.18787,293.14658
2014-07-03,294.9657,294.2423,293.12524,295.58234,294.63812,293.56656
2014-07-04,295.5609,295.44345,294.9339,296.1546,295.84943,295.41843
2014-07-05,296.75125,296.54028,295.93872,297.30548,296.92844,296.42706
2014-07-06,297.74274,297.2964,296.46082,298.16956,297.57706,296.86154
2014-07-07,298.3427,297.82812,296.92557,298.717,298.07056,297.30234
2014-07-08,300.317,300.13358,299.5634,300.56744,300.27335,299.85867
2014-07-09,298.94116,298.614,297.90112,299.27814,298.80438,298.211
2014-07-10,302.7191,302.47028,301.8367,302.69684,302.3079,301.80023
2014-07-11,303.58408,303.25574,302.5434,303.53653,303.081,302.50745
2014-07-12,298.18112,297.94876,297.33316,297.87772,297.501,297.007
2014-07-13,297.69446,297.28073,296.4844,297.6649,297.09097,296.40027
2014-07-14,304.2404,303.6785,302.73453,304.38007,303.68298,302.8695
2014-07-15,298.38275,297.65952,296.55453,298.34476,297.5549,296.64893
2014-07-16,299.04703,298.54742,297.66638,300.32825,299.6897,298.9352
2014-07-17,299.56442,298.76755,297.58936,300.0799,299.18005,298.16425
2014-07-18,304.03433,303.8812,303.34683,304.3298,304.06628,303.6867
2014-07-19,296.3138,296.20004,295.70502,296.57272,296.319,295.949
2014-07-20,298.28412,298.08862,297.51178,298.173,297.84033,297.39114
2014-07-21,298.17365,298.19675,297.8382,298.66122,298.53555,298.2929
2014-07-22,300.71417,300.5758,300.05548,300.49475,300.2493,299.88638
2014-07-23,301.16357,300.93066,300.31528,301.23718,300.86023,300.36517
2014-07-24,296.43344,296.03058,295.24478,296.4741,295.8931,295.19324
2014-07-25,298.9523,298.59622,297.8566,299.34155,298.8306,298.19992
2014-07-26,297.00592,296.5714,295.75272,297.2824,296.70627,296.0095
2014-07-27,300.20566,299.83005,299.06946,300.56714,300.07407,299.4593
2014-07-28,303.91425,303.4682,302.63638,304.46017,303.8852,303.18744
2014-07-29,301.50378,301.271,300.6515,301.69595,301.35797,300.89597
2014-07-30,299.0837,298.87704,298.28268,298.76483,298.39798,297.90585
2014-07-31,297.00653,296.78226,296.16928,296.88254,296.50516,296.00113
2014-08-01,301.48816,301.0016,300.1252,301.54752,300.91043,300.14526
2014-08-02,304.50922,304.17136,303.44254,305.00616,304.56558,303.99548
2014-08-03,303.5774,303.0912,302.21283,304.2247,303.60565,302.85547
2014-08-04,305.1207,304.5254,303.53668,305.82065,305.08014,304.20694
2014-08-05,305.31805,304.96448,304.21628,305.7639,305.34232,304.7864
2014-08-06,298.90314,298.7335,298.1679,299.17633,298.9541,298.59586
2014-08-07,296.2414,296.0246,295.4105,296.1562,295.8038,295.31363
2014-08-08,297.93964,297.81195,297.28555,297.6968,297.47726,297.1182
2014-08-09,300.90854,300.7668,300.22504,301.20572,300.92264,300.49826
2014-08-10,300.65253,300.52682,299.9996,300.7736,300.53717,300.15756
2014-08-11,299.01508,298.70126,297.98453,299.4845,299.028,298.42657
2014-08-12,300.49042,300.10074,299.30673,300.72684,300.1633,299.4529
2014-08-13,301.91403,301.5606,300.8014,302.045,301.59067,300.9876
2014-08-14,298.2568,297.95264,297.24124,298.54407,298.10132,297.50803
2014-08-15,297.30804,297.24835,296.78006,297.34674,297.18488,296.87064
2014-08-16,297.80728,297.64212,297.0669,297.7321,297.47263,297.05893
2014-08-17,296.6302,296.33127,295.62085,296.7872,296.39252,295.84177
2014-08-18,297.41595,297.12985,296.43085,297.62442,297.23264,296.6829
2014-08-19,300.1763,299.88736,299.1841,300.56058,300.1569,299.5935
2014-08-20,300.65607,300.3627,299.65363,301.03622,300.5982,299.99875
2014-08-21,298.59167,298.12225,297.23578,298.86725,298.25922,297.4879
2014-08-22,300.54758,300.09943,299.23297,300.8701,300.26965,299.5042
2014-08-23,302.03613,301.78516,301.11453,302.38647,302.0172,301.48126
2014-08-24,298.9886,298.73373,298.05798,299.05722,298.71094,298.19635
2014-08-25,301.41907,301.22662,300.612,301.50342,301.2656,300.8579
2014-08-26,302.77417,302.42053,301.6435,303.0522,302.61514,302.00668
2014-08-27,303.8232,303.4243,302.6008,304.1111,303.61954,302.955
2014-08-28,303.68726,303.42245,302.73196,304.11752,303.72543,303.15894
2014-08-29,303.46036,303.12045,302.35373,303.93396,303.4521,302.7944
2014-08-30,297.72083,297.3339,296.51904,298.19574,297.69424,297.0156
2014-08-31,299.71628,299.63226,299.1192,299.68637,299.49753,299.1302
2014-09-01,299.1702,298.86047,298.12073,299.08707,298.6507,298.03458
2014-09-02,301.4646,301.10583,300.3161,301.56235,301.0944,300.44547
2014-09-03,297.43234,297.2958,296.72733,297.14865,296.88232,296.434
2014-09-04,291.81732,291.7347,291.21927,291.65155,291.4567,291.07864
2014-09-05,293.75632,293.47592,292.7618,293.90192,293.5299,292.9737
2014-09-06,298.09036,297.7508,296.97675,298.3412,297.89163,297.25696
2014-09-07,304.5434,304.33102,303.68332,304.80212,304.4835,303.97882
2014-09-08,306.59717,306.44916,305.86502,306.77643,306.54724,306.13113
2014-09-09,306.6357,306.4628,305.85303,306.7115,306.45523,306.0113
2014-09-10,306.89948,306.73077,306.12457,307.0733,306.81232,306.3629
2014-09-11,298.1693,298.08832,297.56915,298.02057,297.8653,297.521
2014-09-12,294.71704,294.61917,294.0825,294.4158,294.10236,293.59924
2014-09-13,295.00775,294.72513,294.00308,295.57593,295.1644,294.56262
2014-09-14,294.87527,294.53442,293.7536,295.6922,295.18393,294.4849
2014-09-15,298.36703,297.89377,296.97998,298.8037,298.23926,297.48358
2014-09-16,302.09094,301.77783,301.02368,302.51224,302.11783,301.5318
2014-09-17,295.8596,295.66037,295.01962,296.2449,295.97818,295.51947
2014-09-18,294.8785,294.53955,293.75858,295.07162,294.6298,293.9957
2014-09-19,296.93756,296.54196,295.70395,296.9908,296.47372,295.76416
2014-09-20,294.4119,293.98264,293.11053,294.6585,294.09665,293.34204
2014-09-21,297.26462,296.80475,295.9017,297.59235,297.0045,296.22375
2014-09-22,298.6903,298.53488,297.93588,298.5113,298.28427,297.86426
2014-09-23,298.57825,298.32864,297.6351,298.07483,297.6634,297.0588
2014-09-24,298.00873,297.42752,296.40204,298.19235,297.4436,296.50177
2014-09-25,299.00955,298.3847,297.3153,299.34998,298.60193,297.6607
2014-09-26,295.40173,295.12466,294.4028,295.77838,295.3757,294.77994
2014-09-27,292.1778,292.07202,291.52118,292.42807,292.21274,291.80435
2014-09-28,288.23447,288.12936,287.57895,288.7353,288.46722,288.0062
2014-09-29,290.5558,290.6945,290.38766,290.68314,290.70654,290.53717
2014-09-30,295.57364,295.4291,294.83884,295.81122,295.572,295.1401
2014-10-01,292.7915,292.76123,292.28506,292.80405,292.64856,292.30063
2014-10-02,294.03268,294.1492,293.8196,293.8559,293.86914,293.6901
2014-10-03,295.64456,295.49646,294.90213,295.3671,295.08228,294.60538
2014-10-04,295.05728,294.82095,294.13828,295.05716,294.6859,294.12296
2014-10-05,294.8129,294.5401,293.8208,294.96655,294.5762,293.9944
2014-10-06,294.04642,293.85217,293.2113,294.2022,293.8914,293.38937
2014-10-07,294.01138,293.86407,293.27014,294.40463,294.18073,293.76593
2014-10-08,296.92786,296.66568,295.95688,297.16525,296.7896,296.22348
2014-10-09,290.33786,290.14178,289.49902,290.55426,290.21243,289.6804
2014-10-10,287.09622,286.79086,286.03876,287.4296,287.00555,286.39163
2014-10-11,290.01297,289.97424,289.48883,290.20074,290.04623,289.70224
2014-10-12,288.34677,288.15833,287.5232,288.4747,288.17227,287.6807
2014-10-13,288.67352,288.45624,287.79227,288.95255,288.61517,288.0891
2014-10-14,288.32404,288.29703,287.82346,288.93784,288.72192,288.31775
2014-10-15,290.06036,289.833,289.15915,290.55173,290.10977,289.47992
2014-10-16,290.38232,290.00183,289.175,290.71103,290.20837,289.51825
2014-10-17,290.97388,290.67163,289.9232,291.11844,290.68054,290.0556
2014-10-18,291.81485,291.63364,291.0064,291.9606,291.65878,291.17038
2014-10-19,291.50388,291.26614,290.5826,291.71176,291.35834,290.81876
2014-10-20,289.09644,288.87793,288.21387,289.3857,289.02905,288.4867
2014-10-21,291.00186,290.849,290.2508,291.3202,291.054,290.60257
2014-10-22,291.0126,290.74167,290.0257,291.2571,290.87897,290.316
2014-10-23,287.3126,287.13162,286.50592,287.33777,287.01718,286.51227
2014-10-24,287.88116,287.59647,286.86737,288.0929,287.67682,287.0769
2014-10-25,292.1356,291.67838,290.77713,292.27646,291.708,290.95612
2014-10-26,292.63892,292.2549,291.4273,292.96338,292.4406,291.73492
2014-10-27,287.98184,287.61246,286.7999,288.32758,287.79517,287.08032
2014-10-28,284.7711,284.36206,283.51038,285.0805,284.48926,283.716
2014-10-29,285.52878,285.30945,284.64795,285.84344,285.49677,284.96863
2014-10-30,283.07382,282.96222,282.40903,283.3918,283.14926,282.7257
2014-10-31,289.9926,289.79004,289.14636,289.8635,289.53525,289.02637
2014-11-01,287.70352,287.37225,286.60056,287.75882,287.3104,286.6819
2014-11-02,290.59985,290.05682,289.07394,290.6119,289.95355,289.11563
2014-11-03,285.5919,285.39478,284.75842,285.4315,285.11374,284.61682
2014-11-04,283.33917,283.17627,282.5749,283.55228,283.24857,282.7662
2014-11-05,285.2889,285.46017,285.19366,285.58197,285.60223,285.44434
2014-11-06,287.53558,287.1867,286.40076,287.61298,287.13434,286.47794
2014-11-07,287.02216,286.95087,286.4433,287.0218,286.82077,286.44244
2014-11-08,281.4987,281.4016,280.86905,281.52405,281.29404,280.88718
2014-11-09,279.57883,279.4899,278.9663,279.96133,279.74454,279.35138
2014-11-10,280.70496,280.6565,280.17422,280.6063,280.39807,280.01385
2014-11-11,279.06335,278.96048,278.4246,279.09775,278.82138,278.36948
2014-11-12,275.90756,275.73898,275.13818,275.99966,275.6839,275.193
2014-11-13,276.73654,276.56232,275.9568,276.8279,276.53082,276.05905
2014-11-14,277.29904,277.0986,276.46777,277.387,277.01312,276.46494
2014-11-15,273.40906,272.99973,272.1609,273.3516,272.7943,272.06308
2014-11-16,277.34113,277.01553,276.26132,277.31985,276.88635,276.27924
2014-11-17,277.7812,277.1006,275.99225,277.6575,276.84827,275.86578
2014-11-18,288.47467,287.94635,286.9912,287.92114,287.25494,286.4158
2014-11-19,292.45425,292.08282,291.2854,292.59686,292.10623,291.44293
2014-11-20,291.98965,291.67947,290.94424,292.26392,291.8737,291.31107
2014-11-21,289.72266,289.43347,288.72015,289.96747,289.53253,288.92548
2014-11-22,289.10355,289.14417,288.76147,288.92908,288.8785,288.65604
2014-11-23,288.01862,287.85422,287.26733,288.15613,287.90958,287.49133
2014-11-24,287.03763,286.93283,286.40643,287.09467,286.89746,286.52872
2014-11-25,287.58087,287.235,286.46823,287.7919,287.33905,286.71475
2014-11-26,285.846,285.62787,284.9896,286.05002,285.75952,285.29776
2014-11-27,285.52356,285.16785,284.39273,285.7221,285.27438,284.65543
2014-11-28,283.6694,283.3618,282.63553,283.91656,283.46317,282.83847
2014-11-29,284.23373,284.12216,283.5926,284.2731,284.0802,283.71603
2014-11-30,279.5516,279.60345,279.23785,279.77942,279.71924,279.4878
2014-12-01,281.91367,281.6336,280.93668,282.20468,281.82635,281.27658
2014-12-02,281.6061,281.31213,280.60184,281.43896,281.0746,280.53864
2014-12-03,282.0562,281.77774,281.08334,282.27744,281.9089,281.36862
2014-12-04,282.19952,281.9641,281.31317,282.12494,281.78638,281.27576
2014-12-05,282.0046,281.54593,280.6721,282.16217,281.6359,280.9373
2014-12-06,283.69128,283.46237,282.81857,283.91226,283.59512,283.10522
2014-12-07,282.13712,281.9396,281.32736,282.2806,281.9645,281.47528
2014-12-08,280.44922,280.38815,279.91238,280.78265,280.61185,280.26746
2014-12-09,276.8006,276.42258,275.62994,276.79065,276.27856,275.59235
2014-12-10,277.38605,276.9417,276.08276,277.09732,276.54654,275.821
2014-12-11,274.793,274.4713,273.7349,275.03998,274.62808,274.04083
2014-12-12,272.1844,271.85736,271.11542,272.53583,272.13016,271.5484
2014-12-13,272.68756,272.4504,271.798,273.0604,272.67816,272.11908
2014-12-14,277.62778,277.43616,276.82898,277.89706,277.59308,277.11136
2014-12-15,277.60904,277.23886,276.4526,277.73553,277.25073,276.58734
2014-12-16,279.68167,279.60812,279.11795,279.8718,279.6641,279.27682
2014-12-17,278.41083,278.23328,277.63852,278.46518,278.15152,277.6573
2014-12-18,280.58716,280.17023,279.33533,280.70648,280.11032,279.33252
2014-12-19,279.17084,278.8594,278.12924,279.27136,278.83356,278.2129
2014-12-20,277.41754,277.11282,276.38852,277.13916,276.75793,276.1927
2014-12-21,275.24976,274.88226,274.09415,275.2095,274.72296,274.05112
2014-12-22,280.97266,280.59488,279.79544,280.57712,280.0935,279.4233
2014-12-23,280.0207,279.51266,278.5818,279.78302,279.19672,278.42242
2014-12-24,278.8823,278.3606,277.41483,278.75574,278.14853,277.35193
2014-12-25,276.03723,275.6159,274.7692,275.81454,275.31656,274.62766
2014-12-26,278.15317,277.77493,276.9698,277.85098,277.3695,276.6956
2014-12-27,272.71945,272.46277,271.77777,273.07736,272.7179,272.16443
2014-12-28,271.7647,271.59616,270.99774,271.7869,271.5223,271.06204
2014-12-29,271.90967,271.81107,271.28094,272.07858,271.9026,271.52914
2014-12-30,273.2187,273.20016,272.74844,273.24997,273.1637,272.8783
2014-12-31,272.64124,272.51825,271.96024,272.62213,272.41248,272.0019
