{
  "type": "FeatureCollection",
  "name": "ten_catchment_splitcatchment_watersheds",
  "crs": {
    "type": "name",
    "properties": { "name": "urn:ogc:def:crs:OGC:1.3:CRS84" }
  },
  "features": [
    {
      "type": "Feature",
      "properties": {
        "catchment": "Cannonsville NY",
        "supplies": "New York City",
        "outlet": "Cannonsville Dam",
        "outlet_lon": -75.3760344,
        "outlet_lat": 42.0671004,
        "nldi_comid": 2614136,
        "component_comids": "2614136",
        "delineated_area_km2": 1168.848,
        "official_area_km2": 1178.445,
        "area_difference_pct": -0.814,
        "validation_status": "pass",
        "delineation_method": "USGS NLDI NHDPlusV2 full-resolution upstream basin with the complete terminal catchment replaced by its point-specific upstream split",
        "area_source": "NYC DEP Cannonsville Reservoir (455 mi2)",
        "area_url": "https://www.nyc.gov/site/dep/water/cannonsville-reservoir.page"
      },
      "geometry": {
        "type": "MultiPolygon",
        "coordinates": [
          [
            [
              [-75.262414166, 42.072933743],
              [-75.264514257, 42.072924956],
              [-75.267762122, 42.073100939],
              [-75.268550917, 42.072635973],
              [-75.269375815, 42.072922706],
              [-75.272941883, 42.073748107],
              [-75.276308146, 42.073376544],
              [-75.278399992, 42.074208573],
              [-75.280298335, 42.075508057],
              [-75.284037944, 42.076378528],
              [-75.287045969, 42.076245619],
              [-75.287440799, 42.075711081],
              [-75.288181204, 42.074902263],
              [-75.288421579, 42.072418565],
              [-75.289139063, 42.071317365],
              [-75.290198148, 42.071253605],
              [-75.293001746, 42.070208497],
              [-75.299184731, 42.070898695],
              [-75.299903772, 42.069966189],
              [-75.301014814, 42.069128547],
              [-75.305815512, 42.069151558],
              [-75.30882385, 42.069054734],
              [-75.310240541, 42.06952966],
              [-75.310246825, 42.068655098],
              [-75.311840372, 42.065108133],
              [-75.313688927, 42.06362417],
              [-75.314863834, 42.062864437],
              [-75.316474496, 42.062985623],
              [-75.317401132, 42.061439801],
              [-75.318146635, 42.060651048],
              [-75.320299684, 42.060308813],
              [-75.322238018, 42.060350124],
              [-75.324100945, 42.059399533],
              [-75.325287802, 42.058890609],
              [-75.329223302, 42.059651072],
              [-75.332774562, 42.059339365],
              [-75.335538512, 42.060597138],
              [-75.338536338, 42.061465774],
              [-75.339699296, 42.062920613],
              [-75.342296474, 42.064695112],
              [-75.345075589, 42.065573126],
              [-75.345645443091044, 42.06520737793052],
              [-75.345076, 42.065573],
              [-75.344787, 42.065949],
              [-75.343909, 42.066676],
              [-75.341952, 42.069726],
              [-75.340345, 42.0707],
              [-75.339611, 42.071978],
              [-75.340034, 42.075698],
              [-75.341121, 42.076767],
              [-75.341177, 42.077301],
              [-75.34171, 42.078402],
              [-75.34182, 42.079476],
              [-75.343158, 42.08132],
              [-75.343092, 42.082704],
              [-75.343806, 42.085286],
              [-75.344315, 42.086177],
              [-75.344092, 42.088085],
              [-75.344009, 42.089022],
              [-75.345451, 42.090386],
              [-75.345322, 42.092681],
              [-75.345483, 42.093506],
              [-75.345585, 42.094585],
              [-75.347868, 42.098013],
              [-75.348418, 42.100088],
              [-75.347833041493175, 42.101178922616981],
              [-75.34751671, 42.101299114],
              [-75.3462972, 42.102536975],
              [-75.346428836, 42.104295466],
              [-75.347367328, 42.105897245],
              [-75.348147221, 42.107735102],
              [-75.347961109, 42.11002577],
              [-75.345970445, 42.112272767],
              [-75.345373988, 42.116024856],
              [-75.343994029, 42.119097326],
              [-75.343762329, 42.120567319],
              [-75.342964093, 42.121666464],
              [-75.340707509, 42.122949725],
              [-75.340489135, 42.124297424],
              [-75.339545804, 42.126403136],
              [-75.342044426, 42.12818287],
              [-75.342256989, 42.128992056],
              [-75.342637195, 42.129885294],
              [-75.344521535, 42.131531016],
              [-75.344800298, 42.132975422],
              [-75.345080116, 42.133969332],
              [-75.342678026, 42.135288132],
              [-75.339543041, 42.136108207],
              [-75.33871286, 42.137137825],
              [-75.338705202, 42.140077779],
              [-75.33807772, 42.141074821],
              [-75.337371336, 42.142664266],
              [-75.337366597, 42.144253753],
              [-75.341488591, 42.145945787],
              [-75.342011315, 42.146657187],
              [-75.340855149, 42.149391646],
              [-75.341712466, 42.150876232],
              [-75.343646714, 42.152416267],
              [-75.343725503, 42.152834649],
              [-75.343560826, 42.153226443],
              [-75.343406209, 42.154051233],
              [-75.341340231, 42.155300164],
              [-75.341560168, 42.157445441],
              [-75.342189272, 42.158542137],
              [-75.336593127, 42.160656684],
              [-75.335534267, 42.160715715],
              [-75.335659058, 42.160884033],
              [-75.337438847, 42.161849701],
              [-75.337905061, 42.163526307],
              [-75.336678159, 42.166455421],
              [-75.334747866, 42.168378778],
              [-75.332988623, 42.16907327],
              [-75.331943786, 42.16964858],
              [-75.330934225, 42.171563468],
              [-75.330816271, 42.172188202],
              [-75.331390289, 42.174497235],
              [-75.329433183, 42.17889728],
              [-75.32705141, 42.179520854],
              [-75.326841534, 42.179634909],
              [-75.327007204, 42.179784112],
              [-75.327723162, 42.179971042],
              [-75.329483945, 42.180826387],
              [-75.330655055, 42.182571216],
              [-75.330926306, 42.184020977],
              [-75.332052217, 42.186498909],
              [-75.332067471, 42.18769147],
              [-75.330942864, 42.188938553],
              [-75.330663987, 42.189320445],
              [-75.330709637, 42.189965282],
              [-75.333094297, 42.191858516],
              [-75.334018519, 42.193297141],
              [-75.333997397, 42.194960278],
              [-75.334093381, 42.196040374],
              [-75.333843668, 42.197957285],
              [-75.33421785, 42.199357194],
              [-75.334199612, 42.200699944],
              [-75.333917262, 42.201248699],
              [-75.33382766, 42.202167804],
              [-75.334271759, 42.204229368],
              [-75.333737606, 42.205264231],
              [-75.334527679, 42.20699339],
              [-75.334146718, 42.208840772],
              [-75.333076453, 42.208818645],
              [-75.327893361, 42.21104351],
              [-75.326226953, 42.21218352],
              [-75.326022931, 42.212743908],
              [-75.325676707, 42.214164464],
              [-75.32538739, 42.214289271],
              [-75.324851603, 42.215406514],
              [-75.323288167, 42.216689846],
              [-75.322017173, 42.217468967],
              [-75.320988372, 42.217697097],
              [-75.320985352, 42.218600231],
              [-75.320479358, 42.219812458],
              [-75.320303398, 42.220745508],
              [-75.320041414, 42.221361972],
              [-75.317389324, 42.222197244],
              [-75.315663619, 42.223144072],
              [-75.313604247, 42.226342038],
              [-75.313365064, 42.227600768],
              [-75.313856972, 42.229580142],
              [-75.313349716, 42.231843946],
              [-75.312162297, 42.232810464],
              [-75.307510841, 42.232721425],
              [-75.30457406, 42.231956297],
              [-75.303150835, 42.232112828],
              [-75.303032307, 42.233068109],
              [-75.303141014, 42.2345121],
              [-75.302537057, 42.238685678],
              [-75.305298297, 42.241216826],
              [-75.305842533, 42.241994139],
              [-75.306230465, 42.243987855],
              [-75.304630385, 42.245272737],
              [-75.302096769, 42.246778593],
              [-75.299982935, 42.247475658],
              [-75.298854381, 42.247159464],
              [-75.297765652, 42.246401089],
              [-75.296808601, 42.246350972],
              [-75.295224052, 42.247583561],
              [-75.292922916, 42.248376779],
              [-75.291896494, 42.250223702],
              [-75.29126703, 42.250911489],
              [-75.29098707, 42.251295372],
              [-75.290381289, 42.252719001],
              [-75.287244458, 42.254513162],
              [-75.286532111, 42.255533099],
              [-75.287540906, 42.2576224],
              [-75.287857572, 42.2579314],
              [-75.287778429, 42.258193324],
              [-75.287432903, 42.258503242],
              [-75.286111535, 42.258747059],
              [-75.285195937, 42.258752984],
              [-75.280244011, 42.258566159],
              [-75.27828842, 42.259280083],
              [-75.275315595, 42.259037707],
              [-75.274199102, 42.25916549],
              [-75.273606084, 42.259189382],
              [-75.273613072, 42.260987326],
              [-75.273687217, 42.261400808],
              [-75.273159375, 42.26149969],
              [-75.272814077, 42.261808547],
              [-75.271850057, 42.261412592],
              [-75.269270981, 42.2597324],
              [-75.265836597, 42.259427696],
              [-75.263479385, 42.259512634],
              [-75.260408322, 42.258820293],
              [-75.259129752, 42.258689752],
              [-75.257951589, 42.257840241],
              [-75.256418281, 42.255744723],
              [-75.254864578, 42.254220131],
              [-75.252188333, 42.254836898],
              [-75.250306387, 42.255577429],
              [-75.247800274, 42.257586111],
              [-75.246896746, 42.257493898],
              [-75.242435076, 42.256422467],
              [-75.241023666, 42.256730628],
              [-75.24008573, 42.256635987],
              [-75.239859344, 42.256725818],
              [-75.239270158, 42.259251304],
              [-75.239026784, 42.260712386],
              [-75.238669449, 42.260654244],
              [-75.236406083, 42.260486682],
              [-75.234335171, 42.259529202],
              [-75.231892743, 42.258579911],
              [-75.229760115, 42.256879117],
              [-75.227614206, 42.257329498],
              [-75.226437455, 42.257191581],
              [-75.225656696, 42.256172396],
              [-75.223938775, 42.256331713],
              [-75.22198044, 42.255583406],
              [-75.218583367, 42.256295767],
              [-75.213582984, 42.25371741],
              [-75.21098533, 42.252972092],
              [-75.209767537, 42.252100551],
              [-75.207404609, 42.252203905],
              [-75.205162598, 42.252449309],
              [-75.205003702, 42.252973053],
              [-75.205135965, 42.253792242],
              [-75.20370295, 42.25451839],
              [-75.202074314, 42.254788591],
              [-75.200223363, 42.255926451],
              [-75.199759952, 42.257202489],
              [-75.199496323, 42.258283511],
              [-75.198048552, 42.261142515],
              [-75.197363269, 42.261489193],
              [-75.195339878, 42.261823807],
              [-75.189600511, 42.265114479],
              [-75.188365266, 42.264551207],
              [-75.186046554, 42.262693574],
              [-75.184045271, 42.262067549],
              [-75.182882179, 42.261324883],
              [-75.181935063, 42.261028632],
              [-75.181150702, 42.262607664],
              [-75.179053391, 42.263994996],
              [-75.177620376, 42.265992099],
              [-75.176562134, 42.265752831],
              [-75.174880058, 42.265580291],
              [-75.171537944, 42.266608688],
              [-75.16712691, 42.266622905],
              [-75.165737409, 42.267993603],
              [-75.163837013, 42.268095559],
              [-75.163626603, 42.268209363],
              [-75.163033471, 42.26823275],
              [-75.162210019, 42.268435398],
              [-75.16020651, 42.268664334],
              [-75.15922401, 42.268387903],
              [-75.156953065, 42.268648264],
              [-75.156002621, 42.26861325],
              [-75.155420262, 42.269737803],
              [-75.154725843, 42.275276198],
              [-75.150207164, 42.27785673],
              [-75.14888522, 42.27844493],
              [-75.148250211, 42.278066299],
              [-75.14619444, 42.277233228],
              [-75.144201298, 42.275905711],
              [-75.143692747, 42.274822966],
              [-75.14118599, 42.273488741],
              [-75.139033725, 42.272049206],
              [-75.136931707, 42.272793201],
              [-75.135237242, 42.273314981],
              [-75.132136688, 42.274412093],
              [-75.130646492, 42.274282186],
              [-75.129762605, 42.27406675],
              [-75.128988038, 42.274242851],
              [-75.128399179, 42.274271084],
              [-75.127920603, 42.275842079],
              [-75.12566127, 42.277120701],
              [-75.123435265, 42.279597706],
              [-75.122116884, 42.280115391],
              [-75.121964763, 42.279960576],
              [-75.121114675, 42.278845426],
              [-75.119702143, 42.277941036],
              [-75.118794814, 42.278052413],
              [-75.117336195, 42.27835704],
              [-75.116312235, 42.278235631],
              [-75.11430587, 42.277395046],
              [-75.113438212, 42.276511034],
              [-75.111240581, 42.273625723],
              [-75.107382991, 42.273743623],
              [-75.106402688, 42.273536924],
              [-75.105418604, 42.273938444],
              [-75.104427175, 42.274460097],
              [-75.100733279, 42.275885682],
              [-75.099443564, 42.275732411],
              [-75.098738335, 42.275584673],
              [-75.096775554, 42.275351182],
              [-75.094431917, 42.273849342],
              [-75.092888657, 42.273259283],
              [-75.091474322, 42.273091944],
              [-75.089883697, 42.272637975],
              [-75.089570329, 42.272992529],
              [-75.089393602, 42.273936468],
              [-75.088281118, 42.274758183],
              [-75.082958325, 42.277658145],
              [-75.08077112, 42.277948182],
              [-75.078041567, 42.277019533],
              [-75.077637661, 42.277766228],
              [-75.074926651, 42.278542658],
              [-75.073429147, 42.279837021],
              [-75.073219492, 42.279947611],
              [-75.072261598, 42.28162472],
              [-75.074605701, 42.284890424],
              [-75.076200906, 42.290454914],
              [-75.077143419, 42.291918532],
              [-75.077544923, 42.293310626],
              [-75.077881119, 42.294167948],
              [-75.078398549, 42.295948466],
              [-75.079305641, 42.296875744],
              [-75.079430994, 42.297041269],
              [-75.07903113, 42.298350319],
              [-75.077045184, 42.298996647],
              [-75.074158433, 42.29971219],
              [-75.072272921, 42.300816311],
              [-75.070094671, 42.29946251],
              [-75.069383175, 42.298394325],
              [-75.067879502, 42.297999508],
              [-75.066042581, 42.297870042],
              [-75.065453114, 42.297649848],
              [-75.064234702, 42.296686408],
              [-75.063941081, 42.296150671],
              [-75.06148839, 42.296079055],
              [-75.059151776, 42.297353846],
              [-75.057340033, 42.297621451],
              [-75.056368992, 42.298150508],
              [-75.053419139, 42.299224708],
              [-75.048953999, 42.301724454],
              [-75.047200998, 42.303026175],
              [-75.046912424, 42.304506018],
              [-75.047801769, 42.305835559],
              [-75.048180674, 42.30737665],
              [-75.047940618, 42.309196333],
              [-75.047860514, 42.309458127],
              [-75.047405026, 42.309643265],
              [-75.043478974, 42.31170093],
              [-75.042241005, 42.311127135],
              [-75.039239705, 42.311753434],
              [-75.037088262, 42.31153866],
              [-75.037223385, 42.313281448],
              [-75.033977307, 42.315204631],
              [-75.029866123, 42.314876208],
              [-75.027429915, 42.313101155],
              [-75.026512156, 42.312612027],
              [-75.023890196, 42.312382012],
              [-75.021385808, 42.313165855],
              [-75.021070805, 42.313581303],
              [-75.020516928, 42.317207645],
              [-75.01997776, 42.320556092],
              [-75.02205238, 42.322764873],
              [-75.018743908, 42.324601326],
              [-75.018255953, 42.325217141],
              [-75.01778658, 42.324987473],
              [-75.014849733, 42.324213648],
              [-75.012447177, 42.322520078],
              [-75.010024326, 42.320491209],
              [-75.007695075, 42.319783794],
              [-75.007113918, 42.31938317],
              [-75.002301926, 42.318469238],
              [-75.001887425, 42.319189462],
              [-74.999955087, 42.319942482],
              [-74.996374486, 42.319948433],
              [-74.994997977, 42.320247183],
              [-74.99463644, 42.322132975],
              [-74.996757239, 42.324227436],
              [-74.997339159, 42.327207272],
              [-74.996529232, 42.329120283],
              [-74.994390617, 42.332016678],
              [-74.991849415, 42.332820939],
              [-74.990094568, 42.332611646],
              [-74.9857033, 42.329082047],
              [-74.98405926, 42.327537419],
              [-74.980362063, 42.327749378],
              [-74.976354233, 42.32933555],
              [-74.974961667, 42.328558356],
              [-74.974049998, 42.327973143],
              [-74.973540646, 42.327759267],
              [-74.972812416, 42.328334332],
              [-74.970521133, 42.329718616],
              [-74.970310271, 42.330252145],
              [-74.969743183, 42.332804547],
              [-74.967445417, 42.332318581],
              [-74.965633859, 42.332102822],
              [-74.963457453, 42.331642145],
              [-74.962329729, 42.331817251],
              [-74.95973356, 42.332359435],
              [-74.956975462, 42.333428127],
              [-74.955288088, 42.333953527],
              [-74.953194834, 42.33472998],
              [-74.950354475, 42.335340251],
              [-74.949530029, 42.336875897],
              [-74.947681489, 42.337924687],
              [-74.944832519, 42.339649649],
              [-74.941856817, 42.340412576],
              [-74.941633788, 42.340507929],
              [-74.940651619, 42.341429904],
              [-74.941125703, 42.343475177],
              [-74.94094266, 42.343974624],
              [-74.940861881, 42.344294339],
              [-74.945158264, 42.348873665],
              [-74.945582947, 42.350259729],
              [-74.943816438, 42.353940202],
              [-74.943907702, 42.354502083],
              [-74.942900983, 42.35475936],
              [-74.939236278, 42.354764127],
              [-74.936667255, 42.356320399],
              [-74.934999788, 42.356969278],
              [-74.933244379, 42.357922718],
              [-74.931083096, 42.360041475],
              [-74.930969812, 42.360619058],
              [-74.930472914, 42.361794086],
              [-74.927518548, 42.362464789],
              [-74.926051824, 42.363261681],
              [-74.924657263, 42.366301979],
              [-74.919585235, 42.36827979],
              [-74.919035927, 42.36937634],
              [-74.918546775, 42.369991816],
              [-74.91511014, 42.370796521],
              [-74.91353574, 42.374037073],
              [-74.912498189, 42.374926234],
              [-74.910895902, 42.377189832],
              [-74.911816581, 42.381175456],
              [-74.911433863, 42.38270245],
              [-74.906689781, 42.384715936],
              [-74.905099363, 42.385911348],
              [-74.90259226, 42.38798363],
              [-74.902369024, 42.388078921],
              [-74.902207538, 42.388602383],
              [-74.9021702, 42.389294629],
              [-74.905451409, 42.393834631],
              [-74.905833293, 42.39522467],
              [-74.90473836, 42.397783809],
              [-74.903246889, 42.399838014],
              [-74.904857638, 42.403091069],
              [-74.90516366, 42.403394101],
              [-74.904872613, 42.403766175],
              [-74.901658744, 42.405822907],
              [-74.899685951, 42.407988921],
              [-74.89351682, 42.409263042],
              [-74.891029355, 42.408964948],
              [-74.888451242, 42.407209788],
              [-74.888148036, 42.40541356],
              [-74.890443768, 42.404029571],
              [-74.890803993, 42.40311019],
              [-74.890161952, 42.402696794],
              [-74.888944331, 42.402016362],
              [-74.887703877, 42.400915222],
              [-74.886050336, 42.400219667],
              [-74.886134866, 42.39983176],
              [-74.887148057, 42.398985917],
              [-74.88704759, 42.397636893],
              [-74.882250489, 42.396125141],
              [-74.881515539, 42.395156908],
              [-74.879715473, 42.393833128],
              [-74.879590421, 42.393667389],
              [-74.879000734, 42.39344632],
              [-74.87814201, 42.392764915],
              [-74.878044373, 42.392586514],
              [-74.87698192, 42.392640789],
              [-74.873637851, 42.39388122],
              [-74.869559618, 42.393884744],
              [-74.868116033, 42.394944034],
              [-74.867514111, 42.395180804],
              [-74.865353358, 42.395290781],
              [-74.863864334, 42.395432347],
              [-74.861658242, 42.394928693],
              [-74.858963173, 42.391218072],
              [-74.858328201, 42.388901465],
              [-74.857644978, 42.388223143],
              [-74.856495545, 42.38810273],
              [-74.855387208, 42.387849411],
              [-74.853529664, 42.386181451],
              [-74.852038275, 42.385096337],
              [-74.850294861, 42.384142478],
              [-74.846977553, 42.383795145],
              [-74.844467397, 42.383876942],
              [-74.842401738, 42.3838131],
              [-74.841412789, 42.384598169],
              [-74.842012355, 42.386628602],
              [-74.841804989, 42.387678555],
              [-74.840790683, 42.389228873],
              [-74.838254276, 42.389470656],
              [-74.835013184, 42.389635388],
              [-74.833519452, 42.390019762],
              [-74.830607738, 42.390904191],
              [-74.82880679, 42.391312831],
              [-74.827816345, 42.393145408],
              [-74.827996126, 42.395050519],
              [-74.828236223, 42.396400348],
              [-74.82787121, 42.397256553],
              [-74.828602627, 42.39994197],
              [-74.830420383, 42.402459209],
              [-74.828921647, 42.402574086],
              [-74.823857592, 42.401109271],
              [-74.820091572, 42.401657434],
              [-74.816792, 42.402368823],
              [-74.813724893, 42.402272884],
              [-74.812023523, 42.402434568],
              [-74.809292205, 42.402108338],
              [-74.807966585, 42.403427462],
              [-74.806152295, 42.407573786],
              [-74.804635891, 42.408332482],
              [-74.802560271, 42.408051514],
              [-74.798383925, 42.407229508],
              [-74.796898877, 42.407469913],
              [-74.794989637, 42.407846251],
              [-74.792485398, 42.407166157],
              [-74.789977923, 42.406212473],
              [-74.786707177, 42.40785123],
              [-74.785042542, 42.408120802],
              [-74.783753172, 42.408374217],
              [-74.782778107, 42.407330931],
              [-74.781266773, 42.404777657],
              [-74.777286934, 42.402547284],
              [-74.773476569, 42.401797007],
              [-74.773331183, 42.401640644],
              [-74.773119731, 42.401753832],
              [-74.772664812, 42.401931894],
              [-74.770075855, 42.403607241],
              [-74.766709047, 42.40409669],
              [-74.765159946, 42.404429277],
              [-74.764503566, 42.405274633],
              [-74.761203952, 42.4060202],
              [-74.760130263, 42.406600537],
              [-74.759424993, 42.408246059],
              [-74.755625675, 42.409596358],
              [-74.753712378, 42.411742885],
              [-74.751779146, 42.412213549],
              [-74.749088113, 42.413268646],
              [-74.748051515, 42.414674176],
              [-74.748528357, 42.417110782],
              [-74.747861705, 42.418460699],
              [-74.745614128, 42.419771211],
              [-74.744023852, 42.422786258],
              [-74.742947403, 42.423619758],
              [-74.742858945, 42.424641282],
              [-74.741229162, 42.424777524],
              [-74.738577411, 42.424060021],
              [-74.735058408, 42.420291435],
              [-74.734842587, 42.419586892],
              [-74.734633324, 42.419012434],
              [-74.734236605, 42.417056633],
              [-74.732128392, 42.415972565],
              [-74.728857052, 42.4158493],
              [-74.726621426, 42.41574148],
              [-74.723299943, 42.416156885],
              [-74.7230711, 42.416249918],
              [-74.722860768, 42.417189894],
              [-74.721231555, 42.418740637],
              [-74.719352561, 42.420300294],
              [-74.717268596, 42.422291272],
              [-74.714708289, 42.422300116],
              [-74.711384198, 42.42306208],
              [-74.709877701, 42.42478371],
              [-74.708174686, 42.427343366],
              [-74.705248873, 42.428863929],
              [-74.702253245, 42.428759161],
              [-74.698860635, 42.427607686],
              [-74.695402567, 42.42719451],
              [-74.691522061, 42.42755149],
              [-74.689027665, 42.428064317],
              [-74.684682455, 42.42600849],
              [-74.682839354, 42.424678558],
              [-74.68126886, 42.423605875],
              [-74.681144228, 42.423439939],
              [-74.673952404, 42.424232853],
              [-74.671793701, 42.42325536],
              [-74.670845712, 42.423221804],
              [-74.667787123, 42.423526057],
              [-74.664796062, 42.423312553],
              [-74.662314728, 42.423236797],
              [-74.659591051, 42.422562507],
              [-74.654312421, 42.422085928],
              [-74.652823358, 42.420847951],
              [-74.651546311, 42.420531321],
              [-74.648067327, 42.42024231],
              [-74.646762701, 42.420371519],
              [-74.645474833, 42.42005194],
              [-74.640024051, 42.419599714],
              [-74.638703763, 42.421641159],
              [-74.63806312, 42.422147971],
              [-74.637567771, 42.422641446],
              [-74.636598155, 42.423410427],
              [-74.63617762, 42.424322844],
              [-74.635982028, 42.425475021],
              [-74.634544723, 42.42790872],
              [-74.634710416, 42.43046321],
              [-74.633907903, 42.431938618],
              [-74.632757593, 42.433096731],
              [-74.630452632, 42.435764907],
              [-74.630219929, 42.435850714],
              [-74.629974458, 42.436635446],
              [-74.629616735, 42.436575613],
              [-74.628857791, 42.438099179],
              [-74.628746127, 42.438907372],
              [-74.628537927, 42.439328455],
              [-74.628387783, 42.441406545],
              [-74.629276712, 42.443002523],
              [-74.630287565, 42.44452856],
              [-74.628429048, 42.445185464],
              [-74.628080691, 42.445847627],
              [-74.626118632, 42.448207629],
              [-74.625279097, 42.450439264],
              [-74.625166801, 42.451568881],
              [-74.624812901, 42.452398944],
              [-74.625052496, 42.453005695],
              [-74.624770762, 42.455033873],
              [-74.620239309, 42.457574871],
              [-74.619796683, 42.458330958],
              [-74.613641364, 42.460156025],
              [-74.612309543, 42.459993368],
              [-74.611294871, 42.459776242],
              [-74.610096963, 42.459881148],
              [-74.608169601, 42.459985459],
              [-74.606384919, 42.460911532],
              [-74.605200192, 42.461387448],
              [-74.603709628, 42.462463818],
              [-74.601370444, 42.46185388],
              [-74.600717347, 42.46159075],
              [-74.598644927, 42.459679068],
              [-74.598418869, 42.458729304],
              [-74.597507754, 42.45667978],
              [-74.597613496, 42.455290919],
              [-74.596760072, 42.453996273],
              [-74.597912223, 42.452460072],
              [-74.59851269, 42.451257313],
              [-74.598544633, 42.449352843],
              [-74.59820156, 42.447405998],
              [-74.597648339, 42.445416426],
              [-74.597619245, 42.444983566],
              [-74.595239565, 42.443828967],
              [-74.594624103, 42.44126869],
              [-74.596275685, 42.439020478],
              [-74.596652941, 42.43668998],
              [-74.596864766, 42.434530714],
              [-74.597588382, 42.432859369],
              [-74.597301904, 42.432140371],
              [-74.597084319, 42.431332909],
              [-74.595125795, 42.427202409],
              [-74.593791076, 42.426469047],
              [-74.593135341, 42.425089199],
              [-74.592983124, 42.424936801],
              [-74.593392866, 42.42362905],
              [-74.590429027, 42.419329959],
              [-74.590603904, 42.418659235],
              [-74.591403838, 42.417382494],
              [-74.592490942, 42.415076422],
              [-74.59323174, 42.414213449],
              [-74.592807299, 42.413053018],
              [-74.592478218, 42.411419305],
              [-74.586710055, 42.405338096],
              [-74.589712482, 42.402229548],
              [-74.59010024, 42.401179472],
              [-74.589843461, 42.399503039],
              [-74.589794797, 42.399076589],
              [-74.589326346, 42.398845351],
              [-74.585620733, 42.397856212],
              [-74.583267449, 42.396698062],
              [-74.58170686, 42.396068543],
              [-74.580919908, 42.394414965],
              [-74.579292473, 42.391128916],
              [-74.579050539, 42.390268937],
              [-74.575856597, 42.389393233],
              [-74.573052307, 42.38712469],
              [-74.570629077, 42.386097511],
              [-74.567294913, 42.383869974],
              [-74.563616299, 42.381485551],
              [-74.563070437, 42.379139975],
              [-74.56446908, 42.377210189],
              [-74.564806329, 42.374784956],
              [-74.562822483, 42.373314104],
              [-74.561696072, 42.371658171],
              [-74.560978933, 42.370421525],
              [-74.559657574, 42.368562918],
              [-74.558514156, 42.366849244],
              [-74.560775253, 42.364698823],
              [-74.563512219, 42.358087277],
              [-74.565800084, 42.355718776],
              [-74.565417538, 42.353227575],
              [-74.566433161, 42.351805651],
              [-74.567802613, 42.349010874],
              [-74.572128024, 42.346700701],
              [-74.571825204, 42.342998237],
              [-74.573133011, 42.340680241],
              [-74.575347746, 42.339573668],
              [-74.57722312, 42.339531574],
              [-74.588158277, 42.341811145],
              [-74.590510962, 42.341670458],
              [-74.592341191, 42.340439983],
              [-74.596847454, 42.337096214],
              [-74.598232844, 42.337286667],
              [-74.601197122, 42.337875232],
              [-74.604567513, 42.335663257],
              [-74.606523334, 42.33468703],
              [-74.608878257, 42.333692759],
              [-74.609707653, 42.333050171],
              [-74.609658181, 42.332494624],
              [-74.609161135, 42.331247976],
              [-74.608890932, 42.328318042],
              [-74.606896463, 42.325418304],
              [-74.606424319, 42.323435037],
              [-74.606427865, 42.320775718],
              [-74.605764486, 42.319854879],
              [-74.60561247, 42.319702517],
              [-74.606003429, 42.319090744],
              [-74.607247146, 42.316784571],
              [-74.609661233, 42.315486397],
              [-74.61140317, 42.315042028],
              [-74.612621981, 42.314674423],
              [-74.614905816, 42.314092947],
              [-74.618312055, 42.311535401],
              [-74.624821329, 42.312143644],
              [-74.627162254, 42.313258353],
              [-74.630128417, 42.313311298],
              [-74.633369761, 42.312313702],
              [-74.634467409, 42.310904318],
              [-74.637747476, 42.309894855],
              [-74.63813717, 42.308985049],
              [-74.635493326, 42.306790988],
              [-74.635012094, 42.305586953],
              [-74.635276988, 42.303534979],
              [-74.634650786, 42.30196802],
              [-74.635453052, 42.300564022],
              [-74.637152054, 42.298694241],
              [-74.638814132, 42.296998878],
              [-74.639593183, 42.295123364],
              [-74.642451446, 42.296121297],
              [-74.645249067, 42.297219727],
              [-74.647389263, 42.297020135],
              [-74.651718427, 42.295354073],
              [-74.653293525, 42.294952304],
              [-74.656370919, 42.295661932],
              [-74.659743857, 42.295555575],
              [-74.660646475, 42.295070222],
              [-74.661732797, 42.293073026],
              [-74.661583089, 42.291501104],
              [-74.661259933, 42.289657222],
              [-74.663013373, 42.285707766],
              [-74.663306173, 42.285333227],
              [-74.66713211, 42.285673414],
              [-74.669099792, 42.285498424],
              [-74.674953251, 42.282457211],
              [-74.679054954, 42.281232972],
              [-74.680794242, 42.280641279],
              [-74.682192984, 42.278862925],
              [-74.682252326, 42.275713746],
              [-74.68246718, 42.273478434],
              [-74.683111896, 42.271859964],
              [-74.683318827, 42.27093147],
              [-74.683989114, 42.269249566],
              [-74.683624521, 42.267688086],
              [-74.683610906, 42.265545741],
              [-74.683801937, 42.263575202],
              [-74.683662558, 42.262741448],
              [-74.683528961, 42.260833797],
              [-74.685864007, 42.258156578],
              [-74.686318421, 42.257261962],
              [-74.686903322, 42.257229696],
              [-74.691669982, 42.257708388],
              [-74.69571577, 42.255601848],
              [-74.699654326, 42.254574694],
              [-74.701600188, 42.252448183],
              [-74.704166276, 42.251778457],
              [-74.707087005, 42.251797756],
              [-74.708234652, 42.252539743],
              [-74.709618555, 42.253125564],
              [-74.713720462, 42.253345196],
              [-74.716692525, 42.251330782],
              [-74.716279215, 42.250414859],
              [-74.716056119, 42.244376141],
              [-74.717987572, 42.241255143],
              [-74.71666498, 42.23911372],
              [-74.720448178, 42.236354613],
              [-74.722648812, 42.235386131],
              [-74.723307665, 42.233038227],
              [-74.723479558, 42.232541385],
              [-74.723114419, 42.231394956],
              [-74.721909062, 42.229121646],
              [-74.722977485, 42.227418202],
              [-74.724257289, 42.226544266],
              [-74.725966436, 42.223305643],
              [-74.726180775, 42.22320064],
              [-74.72755905, 42.223028792],
              [-74.731247665, 42.222213009],
              [-74.734938148, 42.220937486],
              [-74.735521771, 42.220908068],
              [-74.736409085, 42.221789063],
              [-74.736696349, 42.224849313],
              [-74.737349085, 42.226486416],
              [-74.740609075, 42.228865835],
              [-74.74122056, 42.229710438],
              [-74.742786973, 42.231010926],
              [-74.744204819, 42.231599897],
              [-74.745455833, 42.23242432],
              [-74.746260313, 42.23353535],
              [-74.746583892, 42.23474135],
              [-74.746961708, 42.235678056],
              [-74.748629867, 42.23659456],
              [-74.752297241, 42.236982453],
              [-74.756122935, 42.237861945],
              [-74.758264086, 42.238879698],
              [-74.758773077, 42.239091329],
              [-74.759000973, 42.238999276],
              [-74.76000919, 42.238035694],
              [-74.761163727, 42.23707285],
              [-74.7627515, 42.235052758],
              [-74.762795259, 42.232585193],
              [-74.764402011, 42.230484459],
              [-74.765894193, 42.229490829],
              [-74.770658365, 42.228986379],
              [-74.773087799, 42.228259488],
              [-74.775357539, 42.225776965],
              [-74.780842794, 42.226406675],
              [-74.786188186, 42.228605346],
              [-74.790323314, 42.229677168],
              [-74.792131819, 42.229516057],
              [-74.791866998, 42.231091329],
              [-74.794339007, 42.232764144],
              [-74.798335449, 42.234322984],
              [-74.799528252, 42.235299345],
              [-74.801600019, 42.235310809],
              [-74.80417281, 42.235900909],
              [-74.807321357, 42.237396859],
              [-74.809582607, 42.238046786],
              [-74.814869879, 42.237745812],
              [-74.816678296, 42.2373576],
              [-74.817727734, 42.23652305],
              [-74.819246424, 42.234473871],
              [-74.820035364, 42.23044245],
              [-74.820636243, 42.229029444],
              [-74.82080522, 42.228160342],
              [-74.82874166, 42.228938408],
              [-74.829549762, 42.230629504],
              [-74.830026339, 42.231287785],
              [-74.83174384, 42.232540025],
              [-74.832638376, 42.234767625],
              [-74.832511898, 42.236941717],
              [-74.83139087, 42.238691724],
              [-74.831517442, 42.240464102],
              [-74.832231219, 42.240582626],
              [-74.833417068, 42.24112765],
              [-74.841334795, 42.240850787],
              [-74.843208085, 42.24089738],
              [-74.843779833, 42.240849366],
              [-74.843708263, 42.240435654],
              [-74.844468396, 42.236436028],
              [-74.843286231, 42.233942727],
              [-74.843713459, 42.231761663],
              [-74.844205213, 42.230605559],
              [-74.844582123, 42.228663271],
              [-74.846236473, 42.227443346],
              [-74.849753661, 42.226928988],
              [-74.849929827, 42.225218784],
              [-74.849948145, 42.223868097],
              [-74.85032571, 42.221296362],
              [-74.84868672, 42.221650738],
              [-74.846797861, 42.221713293],
              [-74.84599347, 42.221528214],
              [-74.844460764, 42.221367281],
              [-74.843486683, 42.220573843],
              [-74.841893079, 42.219699034],
              [-74.841606723, 42.21808287],
              [-74.841867516, 42.216004231],
              [-74.841131189, 42.212371932],
              [-74.841817038, 42.20895429],
              [-74.841005729, 42.20693188],
              [-74.841583647, 42.203977669],
              [-74.842276844, 42.203193519],
              [-74.843945917, 42.202645535],
              [-74.847207733, 42.203410534],
              [-74.850664336, 42.20456983],
              [-74.853512984, 42.204604269],
              [-74.857188689, 42.202755042],
              [-74.858752865, 42.202090644],
              [-74.861342416, 42.201805837],
              [-74.8630381, 42.202139774],
              [-74.869781275, 42.203052957],
              [-74.872925181, 42.202908188],
              [-74.874794407, 42.204390146],
              [-74.877299301, 42.205824886],
              [-74.87853552, 42.206604538],
              [-74.879582248, 42.206078664],
              [-74.883673471, 42.204570517],
              [-74.885336174, 42.202767321],
              [-74.886499028, 42.201978122],
              [-74.887388727, 42.201600221],
              [-74.889789676, 42.202307384],
              [-74.892844084, 42.202528675],
              [-74.894789202, 42.203308474],
              [-74.895475206, 42.204810011],
              [-74.897067037, 42.205938391],
              [-74.899669663, 42.207056861],
              [-74.90213547, 42.20679264],
              [-74.905315723, 42.204930035],
              [-74.907318981, 42.202874722],
              [-74.907654221, 42.202756189],
              [-74.908951139, 42.202844089],
              [-74.913721033, 42.202992152],
              [-74.916392035, 42.203602736],
              [-74.918208274, 42.20379257],
              [-74.918733691, 42.203912789],
              [-74.919579396, 42.204001126],
              [-74.927093417, 42.202749644],
              [-74.927509663, 42.200594967],
              [-74.927976102, 42.200068422],
              [-74.930210491, 42.19880195],
              [-74.931988931, 42.195282791],
              [-74.936477358, 42.193503836],
              [-74.938156693, 42.193242218],
              [-74.939902427, 42.192878772],
              [-74.943354939, 42.192507355],
              [-74.944956561, 42.188435877],
              [-74.944690285, 42.185946162],
              [-74.943546669, 42.184769001],
              [-74.944055535, 42.184504018],
              [-74.946173811, 42.184757403],
              [-74.947058897, 42.184945545],
              [-74.949053988, 42.184531928],
              [-74.953777269, 42.184082415],
              [-74.956638408, 42.183632379],
              [-74.957061832, 42.183168504],
              [-74.958350977, 42.18053195],
              [-74.958199556, 42.179765846],
              [-74.960606653, 42.179974341],
              [-74.966448016, 42.179085053],
              [-74.967482485, 42.178824073],
              [-74.967674347, 42.177167381],
              [-74.966265845, 42.172423949],
              [-74.967240425, 42.170792322],
              [-74.969934025, 42.170065273],
              [-74.970901278, 42.169240084],
              [-74.97097143, 42.165631205],
              [-74.974363862, 42.162795242],
              [-74.976118014, 42.163031077],
              [-74.977963802, 42.163732006],
              [-74.984974645, 42.164427011],
              [-74.987319152, 42.164226316],
              [-74.988880763, 42.159854107],
              [-74.988111815, 42.156459248],
              [-74.989114511, 42.152841167],
              [-74.989143097, 42.152155342],
              [-74.990617964, 42.152212847],
              [-74.99417918, 42.1516114],
              [-74.998063862, 42.152993026],
              [-75.002464018, 42.15278635],
              [-75.005445813, 42.153370238],
              [-75.008490093, 42.156045547],
              [-75.010418487, 42.156304269],
              [-75.011884709, 42.156179678],
              [-75.013707508, 42.155807765],
              [-75.016973966, 42.154638449],
              [-75.0181944, 42.153920263],
              [-75.018822351, 42.153206493],
              [-75.020844114, 42.14969511],
              [-75.020944775, 42.148600255],
              [-75.020471686, 42.147697612],
              [-75.021145335, 42.146566133],
              [-75.026770084, 42.143652483],
              [-75.029468143, 42.141468056],
              [-75.031887397, 42.140655131],
              [-75.033780122, 42.141507943],
              [-75.034782838, 42.141941465],
              [-75.035679046, 42.142493818],
              [-75.039878396, 42.143611296],
              [-75.040379787, 42.143828035],
              [-75.041195036, 42.140334934],
              [-75.04102562, 42.139261184],
              [-75.043525714, 42.138968207],
              [-75.045410399, 42.138985184],
              [-75.047317025, 42.137512129],
              [-75.049457671, 42.1361538],
              [-75.050392099, 42.134875127],
              [-75.051467713, 42.133708802],
              [-75.052791109, 42.131577133],
              [-75.052778605, 42.130199608],
              [-75.053637076, 42.130472892],
              [-75.055234707, 42.131736402],
              [-75.05744434, 42.132528231],
              [-75.058749103, 42.133563131],
              [-75.061874652, 42.133673341],
              [-75.065460861, 42.13085387],
              [-75.066625857, 42.129585136],
              [-75.067880371, 42.128559815],
              [-75.06954252, 42.128710624],
              [-75.072254043, 42.128777258],
              [-75.073419681, 42.12934783],
              [-75.075837121, 42.130168102],
              [-75.078260654, 42.131832161],
              [-75.079216872, 42.131900136],
              [-75.080413778, 42.132214862],
              [-75.082807936, 42.132209793],
              [-75.083392782, 42.13236383],
              [-75.083961642, 42.132301579],
              [-75.084048288, 42.13136454],
              [-75.084492945, 42.128599875],
              [-75.082837997, 42.12696664],
              [-75.081665498, 42.124518265],
              [-75.082397739, 42.123670109],
              [-75.083464803, 42.122874806],
              [-75.083805304, 42.122563547],
              [-75.084140319, 42.121886344],
              [-75.084883411, 42.121482313],
              [-75.087034508, 42.120987443],
              [-75.087374984, 42.120676176],
              [-75.087789692, 42.119737208],
              [-75.088175299, 42.119124144],
              [-75.089856077, 42.116140618],
              [-75.091233301, 42.115228741],
              [-75.092926207, 42.113971454],
              [-75.095717138, 42.112929872],
              [-75.100106561, 42.111554803],
              [-75.100443311, 42.111370669],
              [-75.10198089, 42.111775506],
              [-75.106050695, 42.112698961],
              [-75.107333557, 42.113326027],
              [-75.110547033, 42.113681516],
              [-75.112426756, 42.114076857],
              [-75.113325889, 42.113889401],
              [-75.116388557, 42.113491048],
              [-75.117486006, 42.112074662],
              [-75.119189664, 42.112433513],
              [-75.120878013, 42.11378501],
              [-75.122667362, 42.113996826],
              [-75.125794544, 42.114155267],
              [-75.125708245, 42.113650512],
              [-75.12751566, 42.109070828],
              [-75.129369023, 42.107320998],
              [-75.129116823, 42.107054216],
              [-75.128796312, 42.105050013],
              [-75.129454949, 42.102113491],
              [-75.130181264, 42.101147238],
              [-75.132205535, 42.099103397],
              [-75.13301773, 42.098450726],
              [-75.133302272, 42.098072261],
              [-75.134369803, 42.096348224],
              [-75.136225352, 42.091548992],
              [-75.136757372, 42.090394173],
              [-75.137339729, 42.09036295],
              [-75.140413231, 42.090020754],
              [-75.144209046, 42.090379728],
              [-75.146353825, 42.090169695],
              [-75.148797583, 42.090168548],
              [-75.149211498, 42.08994115],
              [-75.150664755, 42.089370883],
              [-75.150936119, 42.088727253],
              [-75.150710961, 42.086426484],
              [-75.15197586, 42.084415945],
              [-75.15145813, 42.082308793],
              [-75.153239864, 42.080982971],
              [-75.156010811, 42.079401585],
              [-75.15592907, 42.078110831],
              [-75.155941772, 42.075699873],
              [-75.156494891, 42.074666599],
              [-75.157086381, 42.074643247],
              [-75.158938927, 42.074431392],
              [-75.16167398, 42.075394475],
              [-75.163814826, 42.075985421],
              [-75.169697725, 42.073428778],
              [-75.17106714, 42.073480091],
              [-75.17544746, 42.078327204],
              [-75.176669941, 42.081061433],
              [-75.180631243, 42.082048611],
              [-75.181119631, 42.082269103],
              [-75.182688095, 42.081259072],
              [-75.185601147, 42.077450673],
              [-75.186759813, 42.077194713],
              [-75.191839933, 42.078346255],
              [-75.194680027, 42.077921814],
              [-75.197040857, 42.076629028],
              [-75.198336719, 42.07671095],
              [-75.199110772, 42.07654766],
              [-75.200989777, 42.076594984],
              [-75.202836327, 42.076537161],
              [-75.204858353, 42.076111938],
              [-75.207885572, 42.07674816],
              [-75.214186531, 42.076549462],
              [-75.217427334, 42.07624795],
              [-75.219413377, 42.075612721],
              [-75.219730144, 42.074565426],
              [-75.221184364, 42.074123471],
              [-75.22509466, 42.072766623],
              [-75.226659279, 42.072674267],
              [-75.228966413, 42.073372762],
              [-75.230613123, 42.075830857],
              [-75.232544662, 42.077192407],
              [-75.236172864, 42.077445169],
              [-75.23699635, 42.076131734],
              [-75.238558718, 42.074403292],
              [-75.239961756, 42.073898065],
              [-75.24137735, 42.07306111],
              [-75.242774463, 42.072555967],
              [-75.244510198, 42.073540884],
              [-75.247036891, 42.074305947],
              [-75.24858385, 42.074136397],
              [-75.251406401, 42.07502472],
              [-75.253856616, 42.07726243],
              [-75.255497515, 42.078581557],
              [-75.259240032, 42.078842618],
              [-75.25964547, 42.078602826],
              [-75.259038289, 42.076607627],
              [-75.259133455, 42.075866559],
              [-75.259967835, 42.074379905],
              [-75.262414166, 42.072933743]
            ]
          ],
          [
            [
              [-75.347826857100131, 42.061653817760046],
              [-75.347611, 42.061898],
              [-75.347119619729739, 42.062955409755624],
              [-75.347611014, 42.061897765],
              [-75.347826857100131, 42.061653817760046]
            ]
          ],
          [
            [
              [-75.353489458602851, 42.061657194372245],
              [-75.352567, 42.061187],
              [-75.350156815662842, 42.061107074948289],
              [-75.352566951, 42.061186837],
              [-75.353489458602851, 42.061657194372245]
            ]
          ],
          [
            [
              [-75.36332435, 42.061537683],
              [-75.366164592, 42.060091639],
              [-75.368273713781804, 42.05973895995681],
              [-75.366165, 42.060092],
              [-75.363324, 42.061538],
              [-75.357404, 42.063303],
              [-75.35711950956491, 42.063265252078189],
              [-75.35740374, 42.063302793],
              [-75.36332435, 42.061537683]
            ]
          ],
          [
            [
              [-75.372901009286721, 42.058597149117269],
              [-75.372049, 42.059031],
              [-75.370662851607108, 42.059312673718694],
              [-75.372048519, 42.059030497],
              [-75.372901009286721, 42.058597149117269]
            ]
          ],
          [
            [
              [-75.37472701, 42.062014702],
              [-75.374864143, 42.064009892],
              [-75.37513360516283, 42.06547746229824],
              [-75.374864, 42.06401],
              [-75.374727, 42.062015],
              [-75.374698, 42.059094],
              [-75.374378024918542, 42.058995189618535],
              [-75.374698237, 42.059094043],
              [-75.37472701, 42.062014702]
            ]
          ],
          [
            [
              [-75.376308064, 42.066671695],
              [-75.378162367, 42.067615804],
              [-75.378377177, 42.067950999],
              [-75.378268339, 42.069598429],
              [-75.379350292, 42.071189846],
              [-75.380285935, 42.071555963],
              [-75.380285931099195, 42.071555973058018],
              [-75.37935, 42.07119],
              [-75.378268, 42.069598],
              [-75.378377, 42.067951],
              [-75.378162, 42.067616],
              [-75.376308, 42.066672],
              [-75.376196, 42.066499],
              [-75.37525, 42.066111],
              [-75.375249971005488, 42.066110842182738],
              [-75.376196324, 42.066499102],
              [-75.376308064, 42.066671695]
            ]
          ],
          [
            [
              [-75.379718060115081, 42.073019845055477],
              [-75.380076961125084, 42.072094790339555],
              [-75.379718272, 42.07301965],
              [-75.379718060115081, 42.073019845055477]
            ]
          ],
          [
            [
              [-75.377765, 42.074293],
              [-75.378656237605568, 42.073762343656163],
              [-75.377764910918359, 42.074293217879429],
              [-75.377765, 42.074293]
            ]
          ],
          [
            [
              [-75.376491179574245, 42.077408560790175],
              [-75.377541622884834, 42.07483934465531],
              [-75.376491236, 42.077408483],
              [-75.376491179574245, 42.077408560790175]
            ]
          ],
          [
            [
              [-75.373146472213151, 42.082315393190818],
              [-75.373296, 42.081358],
              [-75.373666566864415, 42.080863756444579],
              [-75.373296238, 42.081358343],
              [-75.373146472213151, 42.082315393190818]
            ]
          ],
          [
            [
              [-75.37308, 42.082741],
              [-75.37308002383017, 42.08274084742073],
              [-75.373540703358898, 42.084191487606816],
              [-75.37308, 42.082741]
            ]
          ],
          [
            [
              [-75.376899692627987, 42.090083111200812],
              [-75.376771, 42.089596],
              [-75.37550476617777, 42.088754043586675],
              [-75.376770869, 42.089595461],
              [-75.376899692627987, 42.090083111200812]
            ]
          ],
          [
            [
              [-75.377893597361805, 42.094339540953463],
              [-75.377961842610532, 42.094250206027191],
              [-75.377961865, 42.09425045],
              [-75.377893597361805, 42.094339540953463]
            ]
          ],
          [
            [
              [-75.372201468219487, 42.096488859518068],
              [-75.372767, 42.096179],
              [-75.375854031856974, 42.09546198833025],
              [-75.372767013, 42.096179309],
              [-75.372201468219487, 42.096488859518068]
            ]
          ],
          [
            [
              [-75.371569, 42.096765],
              [-75.371671647631587, 42.09672456986064],
              [-75.371568858399797, 42.096765078044122],
              [-75.371569, 42.096765]
            ]
          ],
          [
            [
              [-75.356812227, 42.100585206],
              [-75.354870566, 42.100532254],
              [-75.354758685893302, 42.100593778676185],
              [-75.354871, 42.100532],
              [-75.356812, 42.100585],
              [-75.358475, 42.10042],
              [-75.359522818426825, 42.1011040529702],
              [-75.358474632, 42.100420124],
              [-75.356812227, 42.100585206]
            ]
          ],
          [
            [
              [-75.375961, 42.067285],
              [-75.376118, 42.066761],
              [-75.376474, 42.066819],
              [-75.376317, 42.067343],
              [-75.375961, 42.067285]
            ]
          ]
        ]
      }
    },
    {
      "type": "Feature",
      "properties": {
        "catchment": "Sebago ME",
        "supplies": "Portland",
        "outlet": "Sebago Lake outlet",
        "outlet_lon": -70.45,
        "outlet_lat": 43.8138889,
        "nldi_comid": 6722341,
        "component_comids": "6722341",
        "delineated_area_km2": 1117.476,
        "official_area_km2": 1129.235,
        "area_difference_pct": -1.041,
        "validation_status": "pass",
        "delineation_method": "USGS NLDI NHDPlusV2 full-resolution upstream basin with the complete terminal catchment replaced by its point-specific upstream split",
        "area_source": "USGS Presumpscot River at outlet of Sebago Lake (436 mi2)",
        "area_url": "https://pubs.usgs.gov/wsp/0921/report.pdf"
      },
      "geometry": {
        "type": "MultiPolygon",
        "coordinates": [
          [
            [
              [-70.450936177395207, 43.80268748180319],
              [-70.451125909, 43.802856554],
              [-70.451125594309246, 43.802856637704025],
              [-70.450936177395207, 43.80268748180319]
            ]
          ],
          [
            [
              [-70.450723503, 43.802497965],
              [-70.45072388343381, 43.802498304009298],
              [-70.450525261009531, 43.803016319276644],
              [-70.450524653, 43.803016481],
              [-70.450723503, 43.802497965]
            ]
          ],
          [
            [
              [-70.452269, 43.804337],
              [-70.451320368235443, 43.803567298779029],
              [-70.451320455, 43.803567344],
              [-70.452268991, 43.804336932],
              [-70.452420520368591, 43.804386182470452],
              [-70.452269, 43.804337]
            ]
          ],
          [
            [
              [-70.453829098430575, 43.805248943645111],
              [-70.453696, 43.805235],
              [-70.453637305463459, 43.805136444376345],
              [-70.453696084, 43.805234998],
              [-70.453829098430575, 43.805248943645111]
            ]
          ],
          [
            [
              [-70.458132673304419, 43.806812704518862],
              [-70.457721656779597, 43.806440958969475],
              [-70.458132705, 43.806812473],
              [-70.458132673304419, 43.806812704518862]
            ]
          ],
          [
            [
              [-70.457499890223644, 43.810533513035672],
              [-70.457720708879918, 43.810576942743701],
              [-70.457720648, 43.810577193],
              [-70.457499890223644, 43.810533513035672]
            ]
          ],
          [
            [
              [-70.460843748, 43.811957805],
              [-70.46228736, 43.812085402],
              [-70.463908348, 43.813792002],
              [-70.465639419, 43.813660436],
              [-70.466854317, 43.813656661],
              [-70.46728194, 43.813427439],
              [-70.473916682, 43.814495393],
              [-70.474812988, 43.816067231],
              [-70.475854068, 43.816517117],
              [-70.476680737, 43.81727326],
              [-70.477622504, 43.817982418],
              [-70.477826596, 43.818336552],
              [-70.477986183, 43.818490128],
              [-70.478267897, 43.817279766],
              [-70.478273898, 43.81564882],
              [-70.478628437, 43.812759726],
              [-70.47832019, 43.812012384],
              [-70.478125291, 43.810557463],
              [-70.477654792, 43.809220203],
              [-70.478017795, 43.808526032],
              [-70.47870895, 43.808242117],
              [-70.478972613, 43.807807226],
              [-70.479585095, 43.807617797],
              [-70.480290378, 43.80639424],
              [-70.480177853, 43.805563575],
              [-70.480627907, 43.803327533],
              [-70.483296667, 43.801015872],
              [-70.483193449, 43.800398426],
              [-70.481543165, 43.797643699],
              [-70.481763029, 43.796562811],
              [-70.485156893, 43.793370452],
              [-70.486843092, 43.792847451],
              [-70.487776295, 43.791423868],
              [-70.489265772, 43.790384785],
              [-70.489604251, 43.788154036],
              [-70.489500056, 43.787760849],
              [-70.489541189, 43.787304875],
              [-70.489787577, 43.787231559],
              [-70.49124725, 43.785873926],
              [-70.491976955, 43.78499735],
              [-70.494568044, 43.78286977],
              [-70.494635459, 43.782487634],
              [-70.496601637, 43.780455523],
              [-70.497243278, 43.780014742],
              [-70.498724738, 43.778599314],
              [-70.498398842, 43.777771244],
              [-70.49859786, 43.777441266],
              [-70.498593871, 43.776168062],
              [-70.497224861, 43.775578321],
              [-70.49697347, 43.774096079],
              [-70.49660844, 43.773164402],
              [-70.497314092, 43.772508608],
              [-70.499157395, 43.772587479],
              [-70.501850357, 43.769779608],
              [-70.503784187, 43.768781503],
              [-70.503922719, 43.7670245],
              [-70.503627538, 43.765260236],
              [-70.501637498, 43.76336257],
              [-70.502363752, 43.762351375],
              [-70.503793649, 43.762226527],
              [-70.505796166, 43.761190828],
              [-70.503403361, 43.760203821],
              [-70.503318846, 43.759727415],
              [-70.504005025, 43.759042739],
              [-70.505073687, 43.758467415],
              [-70.50716066, 43.756877609],
              [-70.508229261, 43.756302261],
              [-70.508738402, 43.755795018],
              [-70.510365909, 43.754772362],
              [-70.5114272, 43.753423238],
              [-70.51178787, 43.753494495],
              [-70.51198611, 43.752975935],
              [-70.512346778, 43.753047191],
              [-70.513110663, 43.752475896],
              [-70.51392435, 43.751964546],
              [-70.516795008, 43.752319208],
              [-70.518354624, 43.752726392],
              [-70.522003325, 43.753027639],
              [-70.52314843, 43.753837625],
              [-70.524804555, 43.753405434],
              [-70.526383285, 43.753064693],
              [-70.528672933, 43.751434108],
              [-70.530820326, 43.751397307],
              [-70.531354536, 43.751617139],
              [-70.532064965, 43.752200706],
              [-70.532945322, 43.753799217],
              [-70.533433729, 43.754265967],
              [-70.533906033, 43.755092253],
              [-70.534125791, 43.756389348],
              [-70.534647829, 43.756736376],
              [-70.536494251, 43.756361203],
              [-70.537275863, 43.757726688],
              [-70.537595408, 43.75803265],
              [-70.537841639, 43.757959248],
              [-70.53908423, 43.75680044],
              [-70.541255131, 43.755575379],
              [-70.540960578, 43.753584983],
              [-70.54172412, 43.753061426],
              [-70.541775368, 43.752165314],
              [-70.541988088, 43.752052621],
              [-70.543630895, 43.751543534],
              [-70.544719518, 43.750549316],
              [-70.545915303, 43.751433318],
              [-70.546583957, 43.751316901],
              [-70.547430732, 43.750146431],
              [-70.548542979, 43.749566394],
              [-70.54960944, 43.749233276],
              [-70.552241365, 43.747449938],
              [-70.554008827, 43.747105854],
              [-70.555043268, 43.747412263],
              [-70.556088694, 43.747181697],
              [-70.556367194, 43.74578478],
              [-70.556000058, 43.744809463],
              [-70.555989446, 43.743868522],
              [-70.555070217, 43.742958574],
              [-70.554628711, 43.74178125],
              [-70.555907648, 43.739556796],
              [-70.556556126, 43.735919558],
              [-70.557096956, 43.73539127],
              [-70.557703706, 43.735388965],
              [-70.562897876, 43.733922545],
              [-70.563561936, 43.733563398],
              [-70.564688284, 43.733231151],
              [-70.565309031, 43.732604253],
              [-70.565403284, 43.730895531],
              [-70.56696007, 43.730800626],
              [-70.568043287, 43.731566372],
              [-70.568695904, 43.731952067],
              [-70.568752982, 43.733550122],
              [-70.570507851, 43.734922007],
              [-70.569055922, 43.736918509],
              [-70.568636934, 43.738509852],
              [-70.567443509, 43.739383279],
              [-70.568044012, 43.741145127],
              [-70.566690922, 43.742135205],
              [-70.567373147, 43.743778124],
              [-70.566901386, 43.744713247],
              [-70.566418915, 43.746550232],
              [-70.564577998, 43.746753645],
              [-70.562713658, 43.74765382],
              [-70.561800164, 43.749015929],
              [-70.561020599, 43.749963344],
              [-70.560705893, 43.751947804],
              [-70.560362646, 43.752625105],
              [-70.560119366, 43.753548663],
              [-70.561174469, 43.754674854],
              [-70.561207575, 43.755747666],
              [-70.560260219, 43.757055212],
              [-70.559642007, 43.758198932],
              [-70.560182427, 43.759292269],
              [-70.56107136, 43.76082245],
              [-70.561605219, 43.763886972],
              [-70.560960041, 43.76516482],
              [-70.562544851, 43.766857219],
              [-70.563315735, 43.768268259],
              [-70.563199712, 43.769652607],
              [-70.563260427, 43.770065393],
              [-70.564049275, 43.771493039],
              [-70.564208946, 43.771646497],
              [-70.565271493, 43.770625146],
              [-70.565551681, 43.768969278],
              [-70.568317988, 43.768153006],
              [-70.569900373, 43.766674267],
              [-70.571901524, 43.766115596],
              [-70.573521873, 43.766110305],
              [-70.574916663, 43.765949462],
              [-70.575269998, 43.766326212],
              [-70.575981212, 43.767703588],
              [-70.57696027, 43.769268776],
              [-70.576895227, 43.770393022],
              [-70.577604181, 43.771347354],
              [-70.579428762, 43.770870304],
              [-70.580723859, 43.770589546],
              [-70.581989291, 43.77025937],
              [-70.583741036, 43.770227535],
              [-70.586917435, 43.771101367],
              [-70.586928015, 43.771534737],
              [-70.5879202, 43.773098023],
              [-70.588040235, 43.77370542],
              [-70.588451549, 43.774852643],
              [-70.587817189, 43.77530824],
              [-70.586095802, 43.776850207],
              [-70.585726039, 43.777279484],
              [-70.586160473, 43.781069145],
              [-70.587293138, 43.782327914],
              [-70.588498975, 43.782424816],
              [-70.590632378, 43.781933207],
              [-70.593075615, 43.781773746],
              [-70.593398721, 43.781578136],
              [-70.593544887, 43.781735421],
              [-70.594126492, 43.782611183],
              [-70.592968665, 43.784901321],
              [-70.594162893, 43.785760434],
              [-70.596405064, 43.785365272],
              [-70.597677213, 43.785224634],
              [-70.598737987, 43.786831783],
              [-70.599432082, 43.787571724],
              [-70.599593062, 43.788326563],
              [-70.599051233, 43.789398361],
              [-70.597370391, 43.789974845],
              [-70.596732189, 43.791156198],
              [-70.596124945, 43.791158683],
              [-70.595475128, 43.791765964],
              [-70.595318268, 43.792829664],
              [-70.595481512, 43.793419421],
              [-70.595733092, 43.794191019],
              [-70.597481074, 43.795395383],
              [-70.597853601, 43.7961679],
              [-70.598923541, 43.796606042],
              [-70.599531606, 43.796601518],
              [-70.600997278, 43.796494523],
              [-70.604746246, 43.798510619],
              [-70.607078231, 43.798055536],
              [-70.611365713, 43.797687655],
              [-70.611430413, 43.798854809],
              [-70.610194251, 43.80006239],
              [-70.608814795, 43.801773273],
              [-70.608013053, 43.802556588],
              [-70.609137793, 43.804681528],
              [-70.608366071, 43.80543373],
              [-70.608352023, 43.805979879],
              [-70.609382377, 43.806856651],
              [-70.609830143, 43.80811658],
              [-70.610868357, 43.809004682],
              [-70.611491596, 43.810281677],
              [-70.611839691, 43.810577741],
              [-70.612086652, 43.810932335],
              [-70.61482195, 43.813908585],
              [-70.613007488, 43.815121301],
              [-70.612465895, 43.815587704],
              [-70.612227347, 43.81567259],
              [-70.612203556, 43.8163399],
              [-70.612094299, 43.817040508],
              [-70.612239425, 43.817200822],
              [-70.612837876, 43.818065606],
              [-70.613153122, 43.81945086],
              [-70.614238914, 43.820103212],
              [-70.614501239, 43.821261324],
              [-70.617071858, 43.820499939],
              [-70.617572145, 43.822020647],
              [-70.618540807, 43.822089038],
              [-70.620265373, 43.821956365],
              [-70.622202316, 43.822094113],
              [-70.622263675, 43.822522206],
              [-70.621344272, 43.823598371],
              [-70.62137857, 43.824941445],
              [-70.624214213, 43.826159687],
              [-70.623940351, 43.828168646],
              [-70.625448034, 43.829465733],
              [-70.62709203, 43.82913087],
              [-70.627987961, 43.82980458],
              [-70.628792402, 43.829874377],
              [-70.629961675, 43.830754232],
              [-70.631861827, 43.830606845],
              [-70.632407689, 43.829953868],
              [-70.635715273, 43.830395397],
              [-70.637603042, 43.830885873],
              [-70.640166277, 43.830334922],
              [-70.641288889, 43.82979189],
              [-70.642030359, 43.830170512],
              [-70.644792575, 43.82970211],
              [-70.645705781, 43.831016146],
              [-70.646707302, 43.831620026],
              [-70.647711115, 43.831564386],
              [-70.648130957, 43.831831922],
              [-70.648696077, 43.832036489],
              [-70.649327523, 43.832066756],
              [-70.651066346, 43.831434396],
              [-70.651645403, 43.830757395],
              [-70.652736761, 43.830599108],
              [-70.653108249, 43.833449013],
              [-70.656500398, 43.836092219],
              [-70.659984578, 43.836564435],
              [-70.662862298, 43.834516361],
              [-70.663343117, 43.834352574],
              [-70.664169349, 43.833854691],
              [-70.665182769, 43.833598247],
              [-70.665612672, 43.83447752],
              [-70.666430487, 43.834400502],
              [-70.667054358, 43.834801626],
              [-70.66741562, 43.834872469],
              [-70.667316971, 43.835131904],
              [-70.668479982, 43.835518953],
              [-70.669648554, 43.836146656],
              [-70.670009826, 43.836217492],
              [-70.669516617, 43.837514683],
              [-70.670016786, 43.837746696],
              [-70.670610359, 43.839312511],
              [-70.672140943, 43.841078356],
              [-70.673168627, 43.841709969],
              [-70.674220948, 43.843154423],
              [-70.676787236, 43.845387822],
              [-70.676714356, 43.846648731],
              [-70.675039078, 43.84792772],
              [-70.675334501, 43.848267671],
              [-70.675582061, 43.848605863],
              [-70.677444395, 43.849260528],
              [-70.678226184, 43.851034146],
              [-70.680296235, 43.851749063],
              [-70.682144536, 43.851451306],
              [-70.682603957, 43.852078185],
              [-70.685346257, 43.855238776],
              [-70.686330943, 43.855585217],
              [-70.685753228, 43.857472486],
              [-70.687093126, 43.858337153],
              [-70.686954663, 43.85905271],
              [-70.686973465, 43.859482182],
              [-70.68725288, 43.860327507],
              [-70.693600376, 43.861906032],
              [-70.695104258, 43.862131904],
              [-70.696765508, 43.862534487],
              [-70.697043772, 43.863734543],
              [-70.697795166, 43.86456769],
              [-70.698684553, 43.864973753],
              [-70.697959224, 43.866339953],
              [-70.695899293, 43.867417647],
              [-70.695037057, 43.868441248],
              [-70.695624422, 43.869514537],
              [-70.696145308, 43.870842692],
              [-70.696942982, 43.87160214],
              [-70.698331036, 43.871430657],
              [-70.699564148, 43.871443357],
              [-70.700335637, 43.871265505],
              [-70.701207257, 43.871207431],
              [-70.702510302, 43.870908196],
              [-70.705577915, 43.870947752],
              [-70.707063369, 43.870807223],
              [-70.707425975, 43.870587434],
              [-70.708152851, 43.870958345],
              [-70.709935695, 43.870641858],
              [-70.710335741, 43.871585826],
              [-70.711562327, 43.872894043],
              [-70.712765421, 43.873433224],
              [-70.713627846, 43.874038596],
              [-70.713915987, 43.875373356],
              [-70.716197782, 43.877802614],
              [-70.717433535, 43.878527792],
              [-70.717549901, 43.878700821],
              [-70.717724161, 43.878849239],
              [-70.717901696, 43.879212814],
              [-70.718800014, 43.879675974],
              [-70.719431909, 43.88160824],
              [-70.720706396, 43.882663266],
              [-70.721643139, 43.882689635],
              [-70.724667123, 43.883036983],
              [-70.725867666, 43.882943938],
              [-70.725575756, 43.884608424],
              [-70.726722325, 43.885233289],
              [-70.727195327, 43.886097787],
              [-70.728566552, 43.887106283],
              [-70.728758544, 43.887463948],
              [-70.72909278, 43.88776666],
              [-70.729614043, 43.889303718],
              [-70.731026982, 43.891370028],
              [-70.730865051, 43.893172094],
              [-70.731052452, 43.894309603],
              [-70.731791805, 43.894984391],
              [-70.731937769, 43.895911264],
              [-70.732285822, 43.896753494],
              [-70.732484368, 43.898021671],
              [-70.733625104, 43.898966525],
              [-70.735559404, 43.898556104],
              [-70.737215962, 43.899549432],
              [-70.7364108, 43.9000716],
              [-70.735187183, 43.901216531],
              [-70.732555362, 43.90144929],
              [-70.731809084, 43.901960082],
              [-70.731199341, 43.902526954],
              [-70.730576559, 43.902712331],
              [-70.730858832, 43.903472027],
              [-70.731825984, 43.905146309],
              [-70.733164388, 43.906626331],
              [-70.734950728, 43.907438132],
              [-70.73758938, 43.910339428],
              [-70.738060655, 43.911017324],
              [-70.737891049, 43.914359859],
              [-70.736689985, 43.915588778],
              [-70.73641282, 43.916542992],
              [-70.735836434, 43.916973784],
              [-70.735097854, 43.917959832],
              [-70.734513487, 43.918395598],
              [-70.734747542, 43.919106665],
              [-70.735766213, 43.920230163],
              [-70.735689808, 43.921647205],
              [-70.734338427, 43.922455857],
              [-70.735326419, 43.923548319],
              [-70.735802262, 43.924230385],
              [-70.736443599, 43.924940417],
              [-70.736724682, 43.926919499],
              [-70.737180782, 43.92782965],
              [-70.737745691, 43.929349086],
              [-70.737891353, 43.929509296],
              [-70.737568843, 43.929894965],
              [-70.735679986, 43.930423382],
              [-70.733889699, 43.929860279],
              [-70.732665296, 43.930110072],
              [-70.731053913, 43.929603649],
              [-70.729365894, 43.92945902],
              [-70.728714734, 43.929110744],
              [-70.726184363, 43.927282357],
              [-70.7238934, 43.924951832],
              [-70.722496579, 43.923992798],
              [-70.721535361, 43.923933448],
              [-70.719250158, 43.924673832],
              [-70.719017013, 43.925559365],
              [-70.721609255, 43.928311523],
              [-70.721882081, 43.929575816],
              [-70.724196774, 43.930612922],
              [-70.726048988, 43.932228264],
              [-70.725650132, 43.934589707],
              [-70.722595041, 43.936220908],
              [-70.719138887, 43.937404515],
              [-70.718120087, 43.937895865],
              [-70.718061237, 43.938738171],
              [-70.717689858, 43.939076162],
              [-70.717632818, 43.939977633],
              [-70.720351956, 43.941086184],
              [-70.721253049, 43.941592233],
              [-70.720527168, 43.942031945],
              [-70.719147824, 43.942017252],
              [-70.714800086, 43.941997441],
              [-70.713884272, 43.941546182],
              [-70.713446104, 43.942171696],
              [-70.713620197, 43.944191085],
              [-70.718224575, 43.950474131],
              [-70.718118409, 43.953375355],
              [-70.718829672, 43.954637156],
              [-70.719119226, 43.955394002],
              [-70.718154528, 43.956733492],
              [-70.7171882, 43.958780571],
              [-70.716649657, 43.960629172],
              [-70.712130465, 43.961392834],
              [-70.71064611, 43.961429487],
              [-70.70915935, 43.96168021],
              [-70.708196455, 43.9616238],
              [-70.707781827, 43.961867318],
              [-70.707011391, 43.962071786],
              [-70.706871354, 43.963478793],
              [-70.705658697, 43.964606447],
              [-70.705630246, 43.965304466],
              [-70.705789919, 43.965459838],
              [-70.706850981, 43.967575389],
              [-70.708324401, 43.96902219],
              [-70.708868462, 43.969924671],
              [-70.709739766, 43.970414056],
              [-70.711124072, 43.97177587],
              [-70.713274194, 43.971187457],
              [-70.713775502, 43.970923815],
              [-70.714385115, 43.970918761],
              [-70.715301831, 43.972295891],
              [-70.716755891, 43.97384224],
              [-70.718449636, 43.974070724],
              [-70.719194279, 43.976092718],
              [-70.719341324, 43.976777087],
              [-70.71965296, 43.977524098],
              [-70.720681042, 43.977281627],
              [-70.721660632, 43.977358589],
              [-70.722178311, 43.976476228],
              [-70.724457387, 43.975116672],
              [-70.725889028, 43.974995454],
              [-70.726988668, 43.974772365],
              [-70.728279631, 43.975741055],
              [-70.729607695, 43.976244308],
              [-70.732526806, 43.976014818],
              [-70.734776027, 43.976172902],
              [-70.737067837, 43.975930861],
              [-70.738468571, 43.976370874],
              [-70.739169997, 43.976316094],
              [-70.739788836, 43.975774723],
              [-70.739655594, 43.974253456],
              [-70.737617558, 43.972851584],
              [-70.738409335, 43.971534821],
              [-70.739496585, 43.970975984],
              [-70.740087464, 43.969804063],
              [-70.740689685, 43.969514299],
              [-70.742143213, 43.970054981],
              [-70.742577004, 43.970704842],
              [-70.745007559, 43.971729093],
              [-70.746663713, 43.972888608],
              [-70.74823887, 43.972596967],
              [-70.748688166, 43.970869237],
              [-70.751286134, 43.970187965],
              [-70.752211356, 43.970679906],
              [-70.752979552, 43.972498104],
              [-70.755201523, 43.974856847],
              [-70.755786017, 43.976550981],
              [-70.755889827, 43.979303538],
              [-70.756931285, 43.980210135],
              [-70.757587353, 43.980595077],
              [-70.75818277, 43.981011747],
              [-70.759054011, 43.981310135],
              [-70.759059291, 43.981744587],
              [-70.760867255, 43.983305891],
              [-70.762518489, 43.984928081],
              [-70.763304155, 43.985484173],
              [-70.764161858, 43.985401994],
              [-70.765016474, 43.986096748],
              [-70.766939451, 43.988220492],
              [-70.767074798, 43.989417538],
              [-70.766583038, 43.992043096],
              [-70.767545559, 43.994263851],
              [-70.768002523, 43.995174014],
              [-70.768624158, 43.998581772],
              [-70.769958459, 44.000495977],
              [-70.770840153, 44.001023879],
              [-70.771438137, 44.001434422],
              [-70.772749761, 44.002030827],
              [-70.772503254, 44.002888851],
              [-70.772083519, 44.003770846],
              [-70.773347673, 44.005694201],
              [-70.773189462, 44.007072558],
              [-70.773753588, 44.008197412],
              [-70.772311382, 44.009675221],
              [-70.773492272, 44.011690166],
              [-70.774794267, 44.013129723],
              [-70.777172318, 44.01692529],
              [-70.777280355, 44.017890511],
              [-70.777354555, 44.019505825],
              [-70.777639488, 44.020357391],
              [-70.776661347, 44.022438621],
              [-70.777223299, 44.023745993],
              [-70.780234604, 44.028053578],
              [-70.781939389, 44.029073756],
              [-70.783187783, 44.030864302],
              [-70.785333307, 44.032422162],
              [-70.784868642, 44.035298237],
              [-70.782783071, 44.038198609],
              [-70.781750235, 44.039734595],
              [-70.775954109, 44.041882112],
              [-70.774592524, 44.041960062],
              [-70.7733054, 44.041649537],
              [-70.772715007, 44.041682688],
              [-70.773212666, 44.042502748],
              [-70.77510901, 44.044140773],
              [-70.776094821, 44.046591468],
              [-70.776218503, 44.047259198],
              [-70.776807923, 44.048334522],
              [-70.777635232, 44.050193466],
              [-70.775467393, 44.053180317],
              [-70.7731171, 44.054435916],
              [-70.77257239, 44.054909272],
              [-70.771754548, 44.055509154],
              [-70.770377533, 44.055979464],
              [-70.768636709, 44.056174166],
              [-70.763745322, 44.057760388],
              [-70.762038246, 44.058586764],
              [-70.762045807, 44.060713183],
              [-70.759568101, 44.062975289],
              [-70.757134286, 44.063808219],
              [-70.756533436, 44.064332702],
              [-70.755766285, 44.064894496],
              [-70.756735418, 44.066539529],
              [-70.757555727, 44.067407291],
              [-70.759048041, 44.06964543],
              [-70.761281259, 44.072015851],
              [-70.761971942, 44.073048935],
              [-70.762146797, 44.07319735],
              [-70.763092593, 44.075192842],
              [-70.763985341, 44.07595048],
              [-70.764412085, 44.076653319],
              [-70.766291481, 44.078498349],
              [-70.767835921, 44.079831568],
              [-70.769050096, 44.080512314],
              [-70.769764574, 44.08169156],
              [-70.769924667, 44.081846889],
              [-70.769979115, 44.084235174],
              [-70.770172635, 44.084815256],
              [-70.770228504, 44.085998096],
              [-70.772997596, 44.089988661],
              [-70.775485207, 44.092733885],
              [-70.776943641, 44.093878112],
              [-70.777775307, 44.095791329],
              [-70.779244559, 44.098558331],
              [-70.781944227, 44.098406007],
              [-70.781717882, 44.099611271],
              [-70.783215795, 44.102543886],
              [-70.784853466, 44.104275056],
              [-70.787789471, 44.105392764],
              [-70.790018579, 44.108725566],
              [-70.79192763, 44.10945396],
              [-70.794091874, 44.112685823],
              [-70.794579451, 44.113839272],
              [-70.795326677, 44.115110713],
              [-70.798557291, 44.117250344],
              [-70.796836124, 44.11815969],
              [-70.793906137, 44.11986336],
              [-70.793185378, 44.120109931],
              [-70.793795921, 44.122270833],
              [-70.794416359, 44.122673519],
              [-70.79447565, 44.122870205],
              [-70.795473447, 44.123337511],
              [-70.797119449, 44.124134449],
              [-70.799431677, 44.125646795],
              [-70.805520814, 44.132434663],
              [-70.805871147, 44.132891547],
              [-70.805888001, 44.133761808],
              [-70.806968026, 44.136243607],
              [-70.80738984, 44.136656641],
              [-70.808095895, 44.138776076],
              [-70.808582452, 44.139676561],
              [-70.808608935, 44.141131412],
              [-70.807905326, 44.142359532],
              [-70.808445709, 44.143375035],
              [-70.811690241, 44.14477618],
              [-70.813994802, 44.144754168],
              [-70.814019268, 44.145941768],
              [-70.813677833, 44.146536618],
              [-70.813534443, 44.147251605],
              [-70.815558292, 44.148001741],
              [-70.816421167, 44.148633229],
              [-70.817441202, 44.149203722],
              [-70.818701345, 44.150329452],
              [-70.819285045, 44.151295564],
              [-70.82023593, 44.152225104],
              [-70.820554235, 44.152750866],
              [-70.820347214, 44.154099393],
              [-70.818331594, 44.155927979],
              [-70.818232057, 44.156350873],
              [-70.816986358, 44.157482582],
              [-70.814474542, 44.160088404],
              [-70.812478039, 44.161833562],
              [-70.810215925, 44.161758245],
              [-70.809614121, 44.162059681],
              [-70.807300841, 44.162712886],
              [-70.804580277, 44.162480936],
              [-70.802554237, 44.161847884],
              [-70.798748647, 44.162146885],
              [-70.795944682, 44.16064262],
              [-70.7943716, 44.159972138],
              [-70.792910019, 44.158815692],
              [-70.790571379, 44.159342774],
              [-70.78838163, 44.159509876],
              [-70.784987664, 44.160056204],
              [-70.785968363, 44.161179227],
              [-70.786273834, 44.162411766],
              [-70.789175178, 44.166434045],
              [-70.789717596, 44.168630893],
              [-70.78929646, 44.170878021],
              [-70.787713659, 44.172525842],
              [-70.786257814, 44.173406388],
              [-70.781596078, 44.176789308],
              [-70.780954086, 44.177965241],
              [-70.7809838, 44.181462408],
              [-70.781051175, 44.183914588],
              [-70.781127447, 44.184691966],
              [-70.781468433, 44.185430361],
              [-70.78145905, 44.185871912],
              [-70.780321112, 44.185899181],
              [-70.778766382, 44.187231142],
              [-70.77775848, 44.190683645],
              [-70.774274068, 44.192761613],
              [-70.773058226, 44.196936363],
              [-70.771853958, 44.198163238],
              [-70.771646308, 44.198885482],
              [-70.771479016, 44.199245164],
              [-70.769622491, 44.20058386],
              [-70.769521999, 44.201424987],
              [-70.769731245, 44.203134682],
              [-70.770878049, 44.204351132],
              [-70.772912693, 44.205814178],
              [-70.774766129, 44.207689731],
              [-70.777541113, 44.210060217],
              [-70.779315238, 44.211760121],
              [-70.780071403, 44.212096567],
              [-70.780439839, 44.212602818],
              [-70.781570188, 44.213895463],
              [-70.782465676, 44.215116333],
              [-70.782244275, 44.217173762],
              [-70.782617735, 44.218356429],
              [-70.784836404, 44.220122944],
              [-70.786951597, 44.221905264],
              [-70.787688968, 44.222355655],
              [-70.788598561, 44.222962582],
              [-70.788436318, 44.224463913],
              [-70.78907971, 44.224856825],
              [-70.789692677, 44.225265615],
              [-70.79051214, 44.2256927],
              [-70.795075132, 44.225368079],
              [-70.795939587, 44.224232924],
              [-70.797049454, 44.224778422],
              [-70.799113436, 44.226520034],
              [-70.802536413, 44.225969563],
              [-70.80628946, 44.226813186],
              [-70.807626601, 44.226744679],
              [-70.808697766, 44.227135483],
              [-70.808491197, 44.228096551],
              [-70.808911476, 44.22902888],
              [-70.808900167, 44.229684672],
              [-70.809060698, 44.22984],
              [-70.80945847, 44.230494527],
              [-70.811309283, 44.231112775],
              [-70.81287333, 44.23200437],
              [-70.813921483, 44.232456013],
              [-70.814857185, 44.232946845],
              [-70.817983661, 44.23391583],
              [-70.817993633, 44.234515824],
              [-70.818154968, 44.234669113],
              [-70.818338052, 44.235728612],
              [-70.819187661, 44.237104704],
              [-70.82108626, 44.238513109],
              [-70.821761424, 44.240220296],
              [-70.823170721, 44.241552327],
              [-70.82369676, 44.24159655],
              [-70.824934742, 44.241982465],
              [-70.827682097, 44.241766517],
              [-70.828768446, 44.240752611],
              [-70.828807692, 44.239958459],
              [-70.830126485, 44.23989048],
              [-70.831678363, 44.240927574],
              [-70.837102281, 44.23928341],
              [-70.840072781, 44.239073426],
              [-70.839598616, 44.240805084],
              [-70.839070187, 44.2433868],
              [-70.839682918, 44.246657972],
              [-70.841321364, 44.248383786],
              [-70.843364971, 44.248913525],
              [-70.84360494, 44.248795507],
              [-70.844404884, 44.250947125],
              [-70.846078083, 44.253466069],
              [-70.845937667, 44.254012954],
              [-70.845744345, 44.254393824],
              [-70.845640786, 44.254795341],
              [-70.844359982, 44.256852374],
              [-70.845601414, 44.258162452],
              [-70.845869301, 44.259401686],
              [-70.847805408, 44.261357115],
              [-70.848847218, 44.26224506],
              [-70.850194795, 44.262391521],
              [-70.852843565, 44.262436862],
              [-70.854471513, 44.261217077],
              [-70.855545104, 44.26063836],
              [-70.855948085, 44.259994135],
              [-70.856507287, 44.259356179],
              [-70.857941589, 44.259724138],
              [-70.85939213, 44.259695452],
              [-70.860567182, 44.259621073],
              [-70.861200828, 44.259783973],
              [-70.867639516, 44.257684387],
              [-70.868742787, 44.25783134],
              [-70.871886472, 44.260126595],
              [-70.872437207, 44.260266866],
              [-70.872820393, 44.260318093],
              [-70.873301168, 44.26056247],
              [-70.871965194, 44.263073007],
              [-70.871972738, 44.265000281],
              [-70.873301321, 44.267240734],
              [-70.872695579, 44.269868566],
              [-70.873078947, 44.270965519],
              [-70.87272284, 44.272870434],
              [-70.873024009, 44.273733641],
              [-70.873223284, 44.274640326],
              [-70.874186352, 44.277314442],
              [-70.874205301, 44.277747284],
              [-70.874783262, 44.279007123],
              [-70.875024767, 44.280687741],
              [-70.875640907, 44.28176651],
              [-70.876000115, 44.28271827],
              [-70.876966428, 44.284241612],
              [-70.876834467, 44.285668133],
              [-70.876975861, 44.286486291],
              [-70.876577201, 44.288407011],
              [-70.87662009, 44.289484996],
              [-70.876418425, 44.290886081],
              [-70.876726717, 44.29229423],
              [-70.876527369, 44.2932546],
              [-70.876278794, 44.29333074],
              [-70.875113326, 44.295503075],
              [-70.876587624, 44.296942689],
              [-70.879408626, 44.297985656],
              [-70.880647746, 44.300013742],
              [-70.880684017, 44.301866053],
              [-70.879974347, 44.302514333],
              [-70.879060485, 44.303668912],
              [-70.878448919, 44.30405837],
              [-70.877666038, 44.304835206],
              [-70.875930379, 44.305130537],
              [-70.873056676, 44.306527292],
              [-70.872351944, 44.306582816],
              [-70.870938219, 44.306141816],
              [-70.867177558, 44.307221063],
              [-70.866144223, 44.30865755],
              [-70.862131942, 44.308999563],
              [-70.858860611, 44.309737486],
              [-70.855250619, 44.309662508],
              [-70.85429138, 44.308796101],
              [-70.853416488, 44.308865468],
              [-70.85330222, 44.310356573],
              [-70.850968746, 44.31161454],
              [-70.850753266, 44.314481656],
              [-70.849630701, 44.316778961],
              [-70.850342469, 44.317380739],
              [-70.849856719, 44.317823883],
              [-70.849343512, 44.3179534],
              [-70.848433126, 44.318501791],
              [-70.846666051, 44.318829985],
              [-70.845825324, 44.319339547],
              [-70.842236358, 44.32020424],
              [-70.840534691, 44.320761831],
              [-70.838525063, 44.321133433],
              [-70.837131692, 44.322518747],
              [-70.835325323, 44.323110508],
              [-70.834727203, 44.322884713],
              [-70.833170311, 44.323076942],
              [-70.833849898, 44.324550752],
              [-70.831956677, 44.325113692],
              [-70.830760042, 44.324663082],
              [-70.828754381, 44.325168263],
              [-70.829270398, 44.326301027],
              [-70.828224052, 44.327254482],
              [-70.827614262, 44.328023327],
              [-70.826993542, 44.32801757],
              [-70.827019822, 44.328446491],
              [-70.827358529, 44.329515529],
              [-70.826716285, 44.331510381],
              [-70.825450752, 44.33328108],
              [-70.825858377, 44.334570491],
              [-70.825604494, 44.335366847],
              [-70.824887667, 44.336111725],
              [-70.823292676, 44.339278708],
              [-70.820707509, 44.341017338],
              [-70.822534684, 44.343103517],
              [-70.82319821, 44.344715987],
              [-70.822621338, 44.345156744],
              [-70.821968319, 44.345878042],
              [-70.821399049, 44.346314822],
              [-70.820156757, 44.347943008],
              [-70.819751375, 44.348093348],
              [-70.819671185, 44.348786072],
              [-70.820929628, 44.350681542],
              [-70.822214306, 44.354146761],
              [-70.823521316, 44.356204141],
              [-70.824559587, 44.358181163],
              [-70.826456732, 44.359024462],
              [-70.825943937, 44.360035551],
              [-70.825847899, 44.361412772],
              [-70.823617411, 44.3626025],
              [-70.821767382, 44.362807801],
              [-70.821038423, 44.364242341],
              [-70.821023125, 44.36506969],
              [-70.822705483, 44.365931931],
              [-70.821250501, 44.367186753],
              [-70.820253331, 44.369390463],
              [-70.820739994, 44.370665294],
              [-70.822702835, 44.372220339],
              [-70.830180954, 44.373960297],
              [-70.833582376, 44.3785954],
              [-70.833615088, 44.381450595],
              [-70.833917204, 44.381797234],
              [-70.829957469, 44.383723919],
              [-70.828111872, 44.386680067],
              [-70.826763188, 44.387831408],
              [-70.821399072, 44.389736391],
              [-70.820101016, 44.391653759],
              [-70.817276023, 44.392378841],
              [-70.81579597, 44.391738276],
              [-70.814579598, 44.390404982],
              [-70.81407811, 44.38924926],
              [-70.813617869, 44.388338534],
              [-70.81311564, 44.387184843],
              [-70.811198802, 44.38623082],
              [-70.805927035, 44.384777087],
              [-70.804073075, 44.382743188],
              [-70.804060398, 44.380609207],
              [-70.802442316, 44.380701255],
              [-70.80136145, 44.380056586],
              [-70.799723858, 44.378658953],
              [-70.799212785, 44.378428109],
              [-70.797555664, 44.378895575],
              [-70.795902636, 44.378902851],
              [-70.794893061, 44.378440292],
              [-70.793806005, 44.376688785],
              [-70.793263709, 44.375480888],
              [-70.791782394, 44.373785922],
              [-70.791316753, 44.372745977],
              [-70.790044071, 44.371289742],
              [-70.789873163, 44.370615302],
              [-70.789161215, 44.369371782],
              [-70.789722557, 44.368090581],
              [-70.785864109, 44.363765134],
              [-70.78526068, 44.362188992],
              [-70.784489896, 44.361308904],
              [-70.783435801, 44.358766506],
              [-70.782352933, 44.356877272],
              [-70.782576225, 44.353804982],
              [-70.78222136, 44.352683491],
              [-70.782288871, 44.35115896],
              [-70.781556507, 44.3503228],
              [-70.781431545, 44.350153635],
              [-70.78109866, 44.34984063],
              [-70.779907779, 44.347722287],
              [-70.779247741, 44.347097374],
              [-70.777863693, 44.344636418],
              [-70.776533508, 44.343381327],
              [-70.7765246, 44.342506721],
              [-70.776286497, 44.342281823],
              [-70.775968572, 44.340438445],
              [-70.774173988, 44.338751063],
              [-70.773429799, 44.336615758],
              [-70.77288159, 44.336098579],
              [-70.77253143, 44.3354945],
              [-70.770336838, 44.334809363],
              [-70.769352548, 44.335100048],
              [-70.768227485, 44.335872324],
              [-70.767649533, 44.336042423],
              [-70.767410508, 44.336124632],
              [-70.764331428, 44.336013148],
              [-70.762368818, 44.334030302],
              [-70.761064923, 44.333268303],
              [-70.761326403, 44.332742573],
              [-70.760847325, 44.331803929],
              [-70.759658709, 44.329009],
              [-70.75959572, 44.327267332],
              [-70.753682883, 44.329190311],
              [-70.752920176, 44.329556588],
              [-70.752317168, 44.329568091],
              [-70.750402751, 44.329686735],
              [-70.749428042, 44.329007041],
              [-70.748578847, 44.328510823],
              [-70.747771716, 44.326174485],
              [-70.746937532, 44.324758115],
              [-70.747109584, 44.321840402],
              [-70.74592917, 44.319538347],
              [-70.744724022, 44.316676776],
              [-70.744553829, 44.315905934],
              [-70.743547431, 44.315181868],
              [-70.743040282, 44.314029521],
              [-70.74317007, 44.312408092],
              [-70.741555736, 44.310732203],
              [-70.740403769, 44.310101868],
              [-70.740169397, 44.308666862],
              [-70.739036945, 44.308177612],
              [-70.738230994, 44.306848382],
              [-70.735396043, 44.304899185],
              [-70.732868494, 44.302768823],
              [-70.731974941, 44.301301538],
              [-70.730436348, 44.299924606],
              [-70.729387708, 44.299472242],
              [-70.727941714, 44.298412965],
              [-70.725937345, 44.300417468],
              [-70.724430504, 44.301197885],
              [-70.720806162, 44.301942435],
              [-70.718917917, 44.302457906],
              [-70.717015632, 44.302770096],
              [-70.71530055, 44.302223927],
              [-70.71287463, 44.302372065],
              [-70.711112111, 44.301486381],
              [-70.708990165, 44.299335157],
              [-70.70682164, 44.299337083],
              [-70.705597185, 44.29750649],
              [-70.703522747, 44.296015029],
              [-70.702874819, 44.294481897],
              [-70.702081891, 44.293296532],
              [-70.701306078, 44.292737891],
              [-70.700268517, 44.293472081],
              [-70.696992821, 44.294438581],
              [-70.69503135, 44.295385204],
              [-70.692798339, 44.295779759],
              [-70.690569659, 44.295204027],
              [-70.68866387, 44.295205578],
              [-70.686106908, 44.2945462],
              [-70.685023726, 44.295782594],
              [-70.681108477, 44.297047074],
              [-70.679852337, 44.29672276],
              [-70.677988041, 44.296471757],
              [-70.675657023, 44.295109582],
              [-70.674437747, 44.294050138],
              [-70.672405902, 44.292688425],
              [-70.672299872, 44.292294996],
              [-70.672340081, 44.291838516],
              [-70.67197638, 44.291767623],
              [-70.672274261, 44.290988608],
              [-70.671298848, 44.290920549],
              [-70.670015446, 44.291019152],
              [-70.66835773, 44.290499792],
              [-70.664846086, 44.290197704],
              [-70.663281399, 44.28895632],
              [-70.663426904, 44.288033153],
              [-70.662231684, 44.288028971],
              [-70.660529347, 44.288584224],
              [-70.657430731, 44.288543403],
              [-70.654311482, 44.289274562],
              [-70.653164572, 44.288633357],
              [-70.651830761, 44.287267885],
              [-70.650504412, 44.2865851],
              [-70.649838404, 44.28522999],
              [-70.648967541, 44.284489995],
              [-70.648662896, 44.283738398],
              [-70.648438434, 44.282841127],
              [-70.648168243, 44.281967633],
              [-70.647874659, 44.280772384],
              [-70.647055679, 44.279833212],
              [-70.646896144, 44.279197129],
              [-70.646362351, 44.278581745],
              [-70.646068284, 44.277403837],
              [-70.64480102, 44.275450656],
              [-70.643499593, 44.273028629],
              [-70.642273672, 44.271876997],
              [-70.641099781, 44.270940425],
              [-70.638820383, 44.266688044],
              [-70.639205661, 44.264581107],
              [-70.63903864, 44.262864465],
              [-70.639492946, 44.261837029],
              [-70.638601436, 44.260817123],
              [-70.637322875, 44.257922064],
              [-70.636194541, 44.256628079],
              [-70.633960813, 44.251588821],
              [-70.632236505, 44.248838788],
              [-70.630944029, 44.247352441],
              [-70.629850489, 44.245506011],
              [-70.627490272, 44.242791866],
              [-70.626918437, 44.240969952],
              [-70.629406246, 44.239652181],
              [-70.630382638, 44.236623224],
              [-70.628533762, 44.235188338],
              [-70.627688963, 44.233920212],
              [-70.62680608, 44.233692085],
              [-70.625796504, 44.233555815],
              [-70.624930118, 44.232631141],
              [-70.625141144, 44.229689168],
              [-70.625502703, 44.228983789],
              [-70.626347686, 44.225772286],
              [-70.628478496, 44.222596324],
              [-70.628283272, 44.221703664],
              [-70.626763175, 44.220813629],
              [-70.627032597, 44.21980688],
              [-70.626915877, 44.219633655],
              [-70.629545441, 44.218740529],
              [-70.63069588, 44.21737628],
              [-70.62932414, 44.215923443],
              [-70.628734243, 44.214404336],
              [-70.630001678, 44.213132739],
              [-70.631154031, 44.211284982],
              [-70.631430867, 44.210242656],
              [-70.629513955, 44.205671886],
              [-70.6278568, 44.203913637],
              [-70.627767849, 44.203731674],
              [-70.626723378, 44.202843025],
              [-70.626273751, 44.20193007],
              [-70.624327634, 44.199875482],
              [-70.623542279, 44.199935534],
              [-70.621240865, 44.197837561],
              [-70.619264737, 44.196993323],
              [-70.618359949, 44.195517194],
              [-70.617872562, 44.194273106],
              [-70.616307677, 44.192848761],
              [-70.615359264, 44.192140076],
              [-70.615256297, 44.191962987],
              [-70.613743254, 44.1914708],
              [-70.612939592, 44.191387681],
              [-70.610988562, 44.190813033],
              [-70.608455432, 44.1909942],
              [-70.607520042, 44.190076544],
              [-70.606034757, 44.18761692],
              [-70.605720496, 44.187306912],
              [-70.604069359, 44.18485076],
              [-70.602427323, 44.181224693],
              [-70.601851841, 44.181103317],
              [-70.600454336, 44.180851526],
              [-70.599493721, 44.178726658],
              [-70.596900867, 44.175100695],
              [-70.59634032, 44.172950591],
              [-70.594756889, 44.17162469],
              [-70.593015959, 44.170216686],
              [-70.588307054, 44.16385662],
              [-70.588197652, 44.162216648],
              [-70.584655654, 44.159082287],
              [-70.581295218, 44.158370328],
              [-70.579470665, 44.158041064],
              [-70.578568496, 44.157850064],
              [-70.577456613, 44.157649557],
              [-70.575591548, 44.156423981],
              [-70.573812434, 44.156103533],
              [-70.57326552, 44.15544697],
              [-70.572962996, 44.154661746],
              [-70.573286181, 44.154295669],
              [-70.573870502, 44.153868525],
              [-70.576552225, 44.15079965],
              [-70.576554308, 44.148392397],
              [-70.578405363, 44.147045193],
              [-70.578719091, 44.144747024],
              [-70.57797698, 44.142977563],
              [-70.577210087, 44.141543291],
              [-70.578173489, 44.14152618],
              [-70.581720514, 44.140380697],
              [-70.584626557, 44.138983083],
              [-70.585594365, 44.13814284],
              [-70.584888166, 44.134306469],
              [-70.583380528, 44.132021914],
              [-70.581921645, 44.129085339],
              [-70.579588242, 44.126602853],
              [-70.578442623, 44.124614798],
              [-70.577195123, 44.122717915],
              [-70.576798398, 44.121781294],
              [-70.575939583, 44.120094673],
              [-70.575764042, 44.11926464],
              [-70.576381007, 44.118051648],
              [-70.576377375, 44.116470634],
              [-70.575999046, 44.115358884],
              [-70.57567385, 44.115015006],
              [-70.575563884, 44.114840857],
              [-70.574456845, 44.113707141],
              [-70.576814562, 44.112943507],
              [-70.577083774, 44.111795294],
              [-70.57767143, 44.111374349],
              [-70.578476534, 44.11065602],
              [-70.579566415, 44.10987802],
              [-70.581484433, 44.107589538],
              [-70.581328217, 44.106359004],
              [-70.581141021, 44.105320745],
              [-70.578071891, 44.104857194],
              [-70.576750106, 44.103950562],
              [-70.574790228, 44.103056053],
              [-70.572301172, 44.101094263],
              [-70.569323663, 44.097863885],
              [-70.566418615, 44.093332185],
              [-70.565146087, 44.092456848],
              [-70.563318842, 44.09201208],
              [-70.559363442, 44.091447009],
              [-70.558638419, 44.091304662],
              [-70.558737853, 44.09104518],
              [-70.556844335, 44.091488617],
              [-70.554781869, 44.091419312],
              [-70.553826389, 44.090638789],
              [-70.551950211, 44.090973307],
              [-70.550510667, 44.091153785],
              [-70.546932204, 44.091829628],
              [-70.54404738, 44.092189347],
              [-70.541666293, 44.092569505],
              [-70.540343734, 44.091809378],
              [-70.539282969, 44.090350808],
              [-70.53639095, 44.0907133],
              [-70.535361651, 44.091173699],
              [-70.534347568, 44.090006536],
              [-70.530386037, 44.084472463],
              [-70.528582862, 44.081092305],
              [-70.527544401, 44.07989411],
              [-70.526183468, 44.077298412],
              [-70.525603529, 44.074905322],
              [-70.524678994, 44.072807412],
              [-70.524011158, 44.072357815],
              [-70.52075886, 44.070962827],
              [-70.519396321, 44.069641931],
              [-70.519000049, 44.06865933],
              [-70.519081451, 44.066923815],
              [-70.518930663, 44.065364975],
              [-70.520172566, 44.064080113],
              [-70.520925613, 44.063101269],
              [-70.52297685, 44.060722211],
              [-70.524079168, 44.058229535],
              [-70.524230117, 44.055106156],
              [-70.520372046, 44.049785955],
              [-70.514959031, 44.045188428],
              [-70.513325547, 44.043306193],
              [-70.512426959, 44.041618719],
              [-70.511333585, 44.039836217],
              [-70.510518141, 44.036488826],
              [-70.510155891, 44.035323255],
              [-70.510008012, 44.034725216],
              [-70.509829724, 44.034142989],
              [-70.509539637, 44.032948029],
              [-70.509177423, 44.031782463],
              [-70.507862341, 44.026391244],
              [-70.505254103, 44.022198164],
              [-70.503198204, 44.019991668],
              [-70.50096245, 44.01796876],
              [-70.499812121, 44.0160986],
              [-70.499913003, 44.010318128],
              [-70.50033755, 44.009005644],
              [-70.500886166, 44.008241834],
              [-70.500739728, 44.008084379],
              [-70.500439329, 44.00667921],
              [-70.499101549, 44.005250563],
              [-70.498245367, 44.002899948],
              [-70.497015458, 44.002268507],
              [-70.495662838, 44.002083692],
              [-70.494996327, 44.000792717],
              [-70.493695029, 43.998809892],
              [-70.493353647, 43.997194992],
              [-70.491495734, 43.994364581],
              [-70.490923253, 43.99260712],
              [-70.491122348, 43.992088357],
              [-70.493577976, 43.991332162],
              [-70.494452034, 43.990512684],
              [-70.494090384, 43.99013951],
              [-70.494244073, 43.989485379],
              [-70.49575365, 43.988689815],
              [-70.496289996, 43.988211376],
              [-70.497787322, 43.987146379],
              [-70.499139066, 43.985144859],
              [-70.499325096, 43.984358707],
              [-70.500003546, 43.98309745],
              [-70.500800709, 43.979719208],
              [-70.501805638, 43.979001826],
              [-70.502540834, 43.978004606],
              [-70.503225722, 43.977328771],
              [-70.505035644, 43.973069113],
              [-70.504726681, 43.971305991],
              [-70.502907712, 43.971625348],
              [-70.501699737, 43.971461368],
              [-70.500893207, 43.970599485],
              [-70.500550557, 43.970081863],
              [-70.499707649, 43.969584416],
              [-70.498074718, 43.966914019],
              [-70.496604749, 43.96469093],
              [-70.496160484, 43.964216464],
              [-70.496044534, 43.964043212],
              [-70.493731561, 43.964588677],
              [-70.492496804, 43.964574058],
              [-70.491039039, 43.965616154],
              [-70.489218292, 43.966209586],
              [-70.48643028, 43.965774149],
              [-70.486183242, 43.965847484],
              [-70.484804134, 43.967761661],
              [-70.482157755, 43.969238414],
              [-70.48184393, 43.969612446],
              [-70.481308171, 43.969392324],
              [-70.48033016, 43.96845502],
              [-70.478783422, 43.967652896],
              [-70.477862917, 43.966201603],
              [-70.477439215, 43.965008535],
              [-70.476531278, 43.964538393],
              [-70.47579036, 43.962872937],
              [-70.475828374, 43.961459275],
              [-70.474967246, 43.960724799],
              [-70.474875452, 43.959981935],
              [-70.474549442, 43.959247341],
              [-70.474575444, 43.958134291],
              [-70.474025773, 43.957919005],
              [-70.473515676, 43.95747394],
              [-70.472348048, 43.956904544],
              [-70.471382008, 43.955936805],
              [-70.47048556, 43.955500471],
              [-70.470308116, 43.95506002],
              [-70.46946875, 43.955124289],
              [-70.468114293, 43.953109868],
              [-70.468105535, 43.951739283],
              [-70.466799237, 43.951325535],
              [-70.464632733, 43.95148957],
              [-70.463438495, 43.951385634],
              [-70.463187136, 43.950742023],
              [-70.463010152, 43.94969895],
              [-70.462034066, 43.948805417],
              [-70.460629408, 43.948283888],
              [-70.460257495, 43.947321105],
              [-70.459002734, 43.946171965],
              [-70.45666669, 43.946350307],
              [-70.454979601, 43.945772914],
              [-70.454051995, 43.945275781],
              [-70.450542047, 43.944316397],
              [-70.450133832, 43.943274455],
              [-70.450250162, 43.942449506],
              [-70.449376426, 43.942002209],
              [-70.445451446, 43.943325728],
              [-70.44415251, 43.943605252],
              [-70.440245862, 43.944991138],
              [-70.438669117, 43.944775374],
              [-70.438431069, 43.944856928],
              [-70.438204908, 43.944955002],
              [-70.437734512, 43.946083829],
              [-70.435014007, 43.946170539],
              [-70.436232071, 43.94874274],
              [-70.436275102, 43.949453172],
              [-70.434975929, 43.94935329],
              [-70.433282395, 43.949140547],
              [-70.432668669, 43.947004965],
              [-70.431171626, 43.947040306],
              [-70.430510727, 43.946735228],
              [-70.429283717, 43.946763995],
              [-70.428482117, 43.946065943],
              [-70.427586073, 43.945629327],
              [-70.427334881, 43.945001967],
              [-70.426776677, 43.944572209],
              [-70.426549269, 43.944009499],
              [-70.425999863, 43.94379402],
              [-70.426083575, 43.943102098],
              [-70.425908503, 43.941597107],
              [-70.427119952, 43.9369766],
              [-70.426659844, 43.93499562],
              [-70.42667149, 43.934554315],
              [-70.426319236, 43.933763093],
              [-70.426363588, 43.933110269],
              [-70.427195664, 43.932590374],
              [-70.426639616, 43.931222592],
              [-70.428956438, 43.930398009],
              [-70.427390616, 43.928652846],
              [-70.427406016, 43.926937072],
              [-70.42803468, 43.924811824],
              [-70.428117179, 43.924122965],
              [-70.428380466, 43.922252431],
              [-70.42829139, 43.921646256],
              [-70.428317017, 43.920978848],
              [-70.428539642, 43.919577665],
              [-70.428465588, 43.919169558],
              [-70.428443108, 43.918485008],
              [-70.427795756, 43.916580392],
              [-70.429405212, 43.91463834],
              [-70.428237641, 43.911826477],
              [-70.428202853, 43.910747139],
              [-70.427987957, 43.909741157],
              [-70.428467095, 43.907577707],
              [-70.428274733, 43.906070483],
              [-70.429940203, 43.905531369],
              [-70.430613607, 43.904933294],
              [-70.430856394, 43.904854902],
              [-70.431155337, 43.904077025],
              [-70.430793955, 43.904005528],
              [-70.430893603, 43.903746236],
              [-70.431037178, 43.903024812],
              [-70.430443404, 43.900870373],
              [-70.429821491, 43.900465046],
              [-70.432464034, 43.899185251],
              [-70.433753225, 43.897000129],
              [-70.435784099, 43.895003162],
              [-70.437234434, 43.894153375],
              [-70.43755923, 43.892928359],
              [-70.438009469, 43.892040941],
              [-70.436595384, 43.88960226],
              [-70.436540472, 43.887910892],
              [-70.435907821, 43.886173885],
              [-70.43526382, 43.88489344],
              [-70.435450914, 43.884185024],
              [-70.435836032, 43.883799141],
              [-70.435775165, 43.883198599],
              [-70.438063543, 43.881494628],
              [-70.437575199, 43.879998707],
              [-70.438772228, 43.878653152],
              [-70.43937721, 43.878200702],
              [-70.439644569, 43.877298941],
              [-70.439951505, 43.876657843],
              [-70.44000697, 43.875975713],
              [-70.438923245, 43.875761303],
              [-70.439483101, 43.87480953],
              [-70.441051004, 43.873668143],
              [-70.441786002, 43.872829487],
              [-70.443712995, 43.870894948],
              [-70.445061488, 43.868885205],
              [-70.444894269, 43.868735523],
              [-70.444804916, 43.868114124],
              [-70.444470504, 43.867324373],
              [-70.44598853, 43.865157486],
              [-70.445433149, 43.864073389],
              [-70.442472376, 43.863213014],
              [-70.441467297, 43.862477993],
              [-70.441189651, 43.861935938],
              [-70.440849622, 43.86163545],
              [-70.441458432, 43.859638534],
              [-70.441034052, 43.857707443],
              [-70.442098693, 43.856326],
              [-70.44306121, 43.855716589],
              [-70.442520537, 43.854610321],
              [-70.441657417, 43.853869597],
              [-70.441569419, 43.853687634],
              [-70.440287881, 43.853135443],
              [-70.439217642, 43.85114737],
              [-70.43941426, 43.850192445],
              [-70.439252229, 43.849602434],
              [-70.438262317, 43.848686198],
              [-70.436817587, 43.848559344],
              [-70.435053287, 43.846940563],
              [-70.434271117, 43.846384701],
              [-70.434722708, 43.845777755],
              [-70.435062125, 43.84286997],
              [-70.436827555, 43.842382541],
              [-70.439278637, 43.842480861],
              [-70.440708337, 43.842203723],
              [-70.44375113, 43.842183694],
              [-70.44629507, 43.84194502],
              [-70.44767902, 43.841676197],
              [-70.449303892, 43.841665337],
              [-70.450567929, 43.840807219],
              [-70.450815329, 43.840731942],
              [-70.450469469, 43.838548455],
              [-70.450002296, 43.837345645],
              [-70.449842728, 43.83719203],
              [-70.447415101, 43.83693833],
              [-70.446358387, 43.836623524],
              [-70.445771756, 43.836665438],
              [-70.442994177, 43.836232337],
              [-70.439185216, 43.836035254],
              [-70.438974595, 43.836157017],
              [-70.435187353, 43.835587074],
              [-70.434525538, 43.835129129],
              [-70.432936718, 43.834682692],
              [-70.431582208, 43.833705077],
              [-70.431445682, 43.832622101],
              [-70.432156544, 43.831308089],
              [-70.43280815, 43.828393551],
              [-70.43279854, 43.827960123],
              [-70.433189044, 43.827828227],
              [-70.436265013, 43.826044312],
              [-70.438263237, 43.824300885],
              [-70.438759534, 43.823561179],
              [-70.439516815, 43.822868786],
              [-70.441045547, 43.820909278],
              [-70.440675381, 43.820592998],
              [-70.441303535, 43.819430461],
              [-70.443436276, 43.817920707],
              [-70.443673876, 43.817839163],
              [-70.444895761, 43.815445182],
              [-70.445251504, 43.814106695],
              [-70.445528893338121, 43.813561660917138],
              [-70.445252, 43.814107],
              [-70.444896, 43.815445],
              [-70.443674, 43.817839],
              [-70.447298, 43.818358],
              [-70.448065, 43.818003],
              [-70.448903, 43.817906],
              [-70.449124909861695, 43.817802042226951],
              [-70.449124912, 43.817802324],
              [-70.449429567, 43.818115415],
              [-70.449848137, 43.818780119],
              [-70.449882263, 43.820336337],
              [-70.45008748, 43.820908693],
              [-70.449467751, 43.823710652],
              [-70.449824577, 43.82407765],
              [-70.450383693, 43.823632575],
              [-70.451205878, 43.823514146],
              [-70.452013091, 43.822991763],
              [-70.453135381, 43.820951758],
              [-70.455459865, 43.81873558],
              [-70.454347876, 43.815891755],
              [-70.454189125, 43.815736126],
              [-70.45315475, 43.815965109],
              [-70.451936174714476, 43.815880141096677],
              [-70.453155, 43.815965],
              [-70.454189, 43.815736],
              [-70.45521, 43.814309],
              [-70.455257, 43.811511],
              [-70.45726, 43.810765],
              [-70.457309207634381, 43.810637552226943],
              [-70.457260322, 43.810765047],
              [-70.457621238, 43.810836459],
              [-70.457720648, 43.810577193],
              [-70.458962924, 43.81094502],
              [-70.460843748, 43.811957805]
            ]
          ],
          [
            [
              [-70.444644, 43.811025],
              [-70.444686266726393, 43.812315760798526],
              [-70.444643919268614, 43.811024878637362],
              [-70.444644, 43.811025]
            ]
          ],
          [
            [
              [-70.443513963, 43.8096842],
              [-70.443514060524961, 43.809684064774899],
              [-70.44434, 43.810568],
              [-70.444540949390941, 43.810870085104156],
              [-70.444339847, 43.810567955],
              [-70.443513963, 43.8096842]
            ]
          ],
          [
            [
              [-70.445071679, 43.807822042],
              [-70.445607221687283, 43.805593131603644],
              [-70.445072, 43.807822],
              [-70.444292, 43.808606],
              [-70.443668083538839, 43.809470501214811],
              [-70.44429171, 43.8086058],
              [-70.445071679, 43.807822042]
            ]
          ],
          [
            [
              [-70.446219927, 43.804116913],
              [-70.446250507066296, 43.80403718858414],
              [-70.44622, 43.804117],
              [-70.445859078271695, 43.804046015394157],
              [-70.445859058, 43.804045471],
              [-70.446219927, 43.804116913]
            ]
          ],
          [
            [
              [-70.447365826, 43.803612633],
              [-70.447760299652487, 43.803763026209239],
              [-70.447366, 43.803613],
              [-70.446319262367538, 43.803857938605489],
              [-70.44631937, 43.803857658],
              [-70.447365826, 43.803612633]
            ]
          ],
          [
            [
              [-70.450524901490013, 43.803016995004242],
              [-70.450124344293826, 43.802996681485581],
              [-70.450524653, 43.803016481],
              [-70.450524901490013, 43.803016995004242]
            ]
          ],
          [
            [
              [-70.448987337972042, 43.816403505085489],
              [-70.448968, 43.816265],
              [-70.451216, 43.81583],
              [-70.451216099435996, 43.815830006923079],
              [-70.448968113, 43.816265416],
              [-70.448987337972042, 43.816403505085489]
            ]
          ],
          [
            [
              [-70.451762, 43.814977],
              [-70.451861, 43.814718],
              [-70.451501, 43.814646],
              [-70.4516, 43.814387],
              [-70.449795, 43.81403],
              [-70.449895, 43.813771],
              [-70.454226, 43.814628],
              [-70.454126, 43.814887],
              [-70.454487, 43.814958],
              [-70.454289, 43.815477],
              [-70.451762, 43.814977]
            ]
          ]
        ]
      }
    },
    {
      "type": "Feature",
      "properties": {
        "catchment": "Quabbin MA",
        "supplies": "Boston",
        "outlet": "Winsor Dam",
        "outlet_lon": -72.3427993,
        "outlet_lat": 42.2833677,
        "nldi_comid": 7690389,
        "component_comids": "7690389",
        "delineated_area_km2": 484.519,
        "official_area_km2": 485.364,
        "area_difference_pct": -0.174,
        "validation_status": "pass",
        "delineation_method": "USGS NLDI NHDPlusV2 full-resolution upstream basin with the complete terminal catchment replaced by its point-specific upstream split",
        "area_source": "Massachusetts DCR (149.2 mi2 land + 38.2 mi2 reservoir)",
        "area_url": "https://www.mass.gov/doc/dcr-watershed-protection-plan-fy24-fy28/download"
      },
      "geometry": {
        "type": "MultiPolygon",
        "coordinates": [
          [
            [
              [-72.394353291, 42.344817947],
              [-72.394215042, 42.346393587],
              [-72.395144246, 42.349065939],
              [-72.394116725, 42.353174183],
              [-72.395001205, 42.354134195],
              [-72.396883924, 42.354975686],
              [-72.397750399, 42.355561462],
              [-72.396455581, 42.356587233],
              [-72.397664158, 42.359272497],
              [-72.397631915, 42.360388846],
              [-72.397778086, 42.360546809],
              [-72.397715856, 42.361238069],
              [-72.39809138, 42.362269002],
              [-72.398151076, 42.36325645],
              [-72.398440449, 42.364672535],
              [-72.398671336, 42.366121015],
              [-72.399344019, 42.369006299],
              [-72.399847571, 42.37038428],
              [-72.399711984, 42.37185017],
              [-72.399637972, 42.373445348],
              [-72.40091019, 42.375521731],
              [-72.400882403, 42.375977192],
              [-72.401520769, 42.378126248],
              [-72.401639876, 42.378515977],
              [-72.40205136, 42.378778301],
              [-72.401809983, 42.379986699],
              [-72.403074814, 42.383500835],
              [-72.40329164, 42.386628074],
              [-72.4034277, 42.387651325],
              [-72.405356407, 42.388379972],
              [-72.406007929, 42.388819793],
              [-72.406120347, 42.390474435],
              [-72.406266601, 42.390632395],
              [-72.406205484, 42.391320638],
              [-72.406136484, 42.392679969],
              [-72.406022742, 42.392940003],
              [-72.405851665, 42.39358731],
              [-72.406217705, 42.394629424],
              [-72.406182456, 42.395823099],
              [-72.40674784, 42.397433087],
              [-72.406526174, 42.399130668],
              [-72.406585121, 42.402407062],
              [-72.407659334, 42.404476879],
              [-72.409023493, 42.406768039],
              [-72.409444473, 42.408453958],
              [-72.408916725, 42.409669869],
              [-72.408490635, 42.411309032],
              [-72.407237426, 42.41316789],
              [-72.407319034, 42.413802603],
              [-72.407834512, 42.414021446],
              [-72.408831535, 42.41474478],
              [-72.410053315, 42.415263236],
              [-72.411785438, 42.416937023],
              [-72.411311722, 42.420232569],
              [-72.411364676, 42.421462084],
              [-72.411732241, 42.421817839],
              [-72.412734403, 42.421724619],
              [-72.414376652, 42.422224709],
              [-72.414411912, 42.423300637],
              [-72.414822827, 42.423684959],
              [-72.416350798, 42.42378106],
              [-72.416699752, 42.424668582],
              [-72.417945958, 42.426021878],
              [-72.41858959, 42.427663583],
              [-72.419297906, 42.429306454],
              [-72.419851982, 42.431497067],
              [-72.419813219, 42.432991792],
              [-72.421822197, 42.434551212],
              [-72.424189408, 42.435606026],
              [-72.424845994, 42.436049858],
              [-72.425912334, 42.436198697],
              [-72.426450127, 42.436951387],
              [-72.427193086, 42.442252069],
              [-72.426860913, 42.442613337],
              [-72.426345163, 42.442394562],
              [-72.42489103, 42.441264563],
              [-72.423813293, 42.44067029],
              [-72.422734502, 42.440898671],
              [-72.422379255, 42.440797189],
              [-72.422012243, 42.44076381],
              [-72.420456527, 42.440319933],
              [-72.418866248, 42.442007364],
              [-72.418951235, 42.444066771],
              [-72.419089867, 42.444895862],
              [-72.418682899, 42.447265313],
              [-72.416540617, 42.447745409],
              [-72.415227773, 42.450577475],
              [-72.413472328, 42.451784497],
              [-72.410438899, 42.452121049],
              [-72.409816299, 42.452466335],
              [-72.409545758, 42.453246677],
              [-72.40918996, 42.453180748],
              [-72.409295599, 42.453353874],
              [-72.409096605, 42.454542167],
              [-72.409175163, 42.45649991],
              [-72.40921047, 42.456927098],
              [-72.409494973, 42.457778933],
              [-72.411876985, 42.458690652],
              [-72.412200895, 42.462757058],
              [-72.413593549, 42.464952822],
              [-72.41295027, 42.468549198],
              [-72.41315379, 42.469566607],
              [-72.413447629, 42.470374742],
              [-72.415417132, 42.47242644],
              [-72.416196075, 42.472876725],
              [-72.417300551, 42.473821991],
              [-72.41701168, 42.47649892],
              [-72.416818939, 42.477464566],
              [-72.416924248, 42.478526498],
              [-72.416809314, 42.479677412],
              [-72.417264024, 42.480551006],
              [-72.416713108, 42.481320573],
              [-72.415654022, 42.48150726],
              [-72.413834002, 42.481874189],
              [-72.413240109, 42.481726354],
              [-72.411642752, 42.48192903],
              [-72.409434707, 42.483175658],
              [-72.409048718, 42.484851691],
              [-72.408632815, 42.485743584],
              [-72.408324523, 42.487076075],
              [-72.406857593, 42.489734957],
              [-72.406649355, 42.490625314],
              [-72.405863536, 42.491747167],
              [-72.405632817, 42.491832036],
              [-72.405751041, 42.49200317],
              [-72.405800558, 42.493908062],
              [-72.40695164, 42.495675263],
              [-72.407467725, 42.495894131],
              [-72.408650791, 42.496750194],
              [-72.408160845, 42.499630102],
              [-72.408692509, 42.500964623],
              [-72.41040104, 42.502234821],
              [-72.413315284, 42.503067485],
              [-72.413330777, 42.503500753],
              [-72.413400647, 42.50391381],
              [-72.412952936, 42.50624571],
              [-72.415358582, 42.508033099],
              [-72.415102381, 42.509795953],
              [-72.415242156, 42.510622073],
              [-72.415077192, 42.511575622],
              [-72.41500246, 42.512269035],
              [-72.415232477, 42.512835018],
              [-72.415520152, 42.5142249],
              [-72.41525699, 42.514710408],
              [-72.414285555, 42.515428169],
              [-72.413615464, 42.516079509],
              [-72.414055788, 42.517182965],
              [-72.411492598, 42.517896967],
              [-72.410236494, 42.518035356],
              [-72.409239242, 42.518588267],
              [-72.406892378, 42.519241676],
              [-72.403550155, 42.519315995],
              [-72.403100318, 42.519878322],
              [-72.403132247, 42.520434699],
              [-72.403645202, 42.521840423],
              [-72.403685594, 42.523293821],
              [-72.401591659, 42.52773916],
              [-72.401662982, 42.528966868],
              [-72.403173289, 42.530007896],
              [-72.405034426, 42.531079248],
              [-72.404793785, 42.532096701],
              [-72.404495676, 42.532733651],
              [-72.404126382, 42.534326428],
              [-72.403411986, 42.535855316],
              [-72.403252486, 42.536553624],
              [-72.40218196, 42.537299553],
              [-72.401951086, 42.537384421],
              [-72.401785875, 42.538337989],
              [-72.401858371, 42.540074232],
              [-72.401400421, 42.542758076],
              [-72.40183549, 42.543177137],
              [-72.401619805, 42.543286451],
              [-72.401382777, 42.543798458],
              [-72.398859267, 42.546237231],
              [-72.396822347, 42.547786242],
              [-72.394706048, 42.548045418],
              [-72.390487321, 42.547756173],
              [-72.387243906, 42.548650063],
              [-72.385659512, 42.548861629],
              [-72.384773274, 42.550815131],
              [-72.38320018, 42.551198577],
              [-72.382474786, 42.550268143],
              [-72.383168818, 42.547316446],
              [-72.383021065, 42.545252494],
              [-72.384112808, 42.543713481],
              [-72.383190231, 42.542890358],
              [-72.38145937, 42.541955297],
              [-72.380673026, 42.540552803],
              [-72.38230713, 42.538527051],
              [-72.380825404, 42.53714819],
              [-72.381148374, 42.534241359],
              [-72.380602592, 42.532931035],
              [-72.38058434, 42.532318742],
              [-72.38040895, 42.531732484],
              [-72.379826255, 42.531500104],
              [-72.378297933, 42.53022179],
              [-72.377540742, 42.528735981],
              [-72.375173846, 42.52683709],
              [-72.373956929, 42.527168466],
              [-72.373885538, 42.528924659],
              [-72.373214764, 42.528911691],
              [-72.372312534, 42.527076633],
              [-72.370724298, 42.52578384],
              [-72.369525075, 42.52654135],
              [-72.366977887, 42.52785355],
              [-72.366490029, 42.529938127],
              [-72.364767146, 42.530344324],
              [-72.364154833, 42.531083045],
              [-72.361994284, 42.532236538],
              [-72.361164382, 42.536343029],
              [-72.361524146, 42.537335618],
              [-72.361016, 42.539528968],
              [-72.360582405, 42.539685415],
              [-72.360371524, 42.539797724],
              [-72.358935823, 42.540297191],
              [-72.357237651, 42.543185941],
              [-72.356906705, 42.544818381],
              [-72.355942935, 42.546736883],
              [-72.355876109, 42.548461598],
              [-72.35424269, 42.551623092],
              [-72.352459435, 42.552728699],
              [-72.352223589, 42.552810416],
              [-72.351814639, 42.553423561],
              [-72.351733122, 42.553691832],
              [-72.350595641, 42.555546771],
              [-72.349550867, 42.559144185],
              [-72.349082694, 42.564387841],
              [-72.348990292, 42.567019747],
              [-72.348730696, 42.569127396],
              [-72.34941052, 42.571175678],
              [-72.349448594, 42.571679238],
              [-72.348495123, 42.571625675],
              [-72.347105748, 42.571921752],
              [-72.345900227, 42.571451466],
              [-72.343699849, 42.57021245],
              [-72.341696044, 42.571336629],
              [-72.339326125, 42.573086232],
              [-72.338589886, 42.574008607],
              [-72.33789427, 42.573810277],
              [-72.337526596, 42.573776654],
              [-72.336330351, 42.57339886],
              [-72.336217552, 42.573007971],
              [-72.336245843, 42.572552403],
              [-72.330031577, 42.571519965],
              [-72.32895735, 42.572935575],
              [-72.326815464, 42.572855912],
              [-72.325158982, 42.573424545],
              [-72.324558751, 42.573428831],
              [-72.324730315, 42.574501353],
              [-72.324053953, 42.575455359],
              [-72.322551938, 42.576532971],
              [-72.32070438, 42.57686704],
              [-72.320069958, 42.574996718],
              [-72.318623268, 42.573721945],
              [-72.316228354, 42.57270155],
              [-72.315328291, 42.571253496],
              [-72.314693695, 42.570642299],
              [-72.314371386, 42.570121573],
              [-72.313866021, 42.569632823],
              [-72.3132814, 42.568164384],
              [-72.313076726, 42.566711369],
              [-72.312498674, 42.565258209],
              [-72.312754751, 42.563758835],
              [-72.312607283, 42.563603781],
              [-72.312418928, 42.562818018],
              [-72.311102421, 42.562156878],
              [-72.309438107, 42.561949258],
              [-72.309410128, 42.560788702],
              [-72.309550874, 42.560487077],
              [-72.30963772, 42.55804539],
              [-72.30928441, 42.557069938],
              [-72.309362417, 42.554415672],
              [-72.309579669, 42.5527728],
              [-72.309348076, 42.551771294],
              [-72.308047884, 42.550571148],
              [-72.3076369, 42.549642304],
              [-72.306564047, 42.548521176],
              [-72.306787764, 42.54755671],
              [-72.307055054, 42.546994115],
              [-72.306554794, 42.54562461],
              [-72.306390473, 42.544447374],
              [-72.306432977, 42.543271813],
              [-72.302821554, 42.545114379],
              [-72.299475506, 42.543290259],
              [-72.298178169, 42.541386247],
              [-72.297739421, 42.541505855],
              [-72.297717879, 42.543793101],
              [-72.296302312, 42.543756984],
              [-72.294566968, 42.542887873],
              [-72.291639712, 42.543108146],
              [-72.290762214, 42.542888633],
              [-72.289411206, 42.543058095],
              [-72.287320196, 42.543463079],
              [-72.284490438, 42.543675378],
              [-72.283310927, 42.543200547],
              [-72.281949922, 42.542244038],
              [-72.281922693, 42.541812723],
              [-72.28163496, 42.540396043],
              [-72.28132214, 42.538100566],
              [-72.281005606, 42.537224855],
              [-72.280336213, 42.534338309],
              [-72.280406759, 42.532540447],
              [-72.281062627, 42.530118076],
              [-72.280730074, 42.527760524],
              [-72.281654207, 42.52579164],
              [-72.281077019, 42.525187627],
              [-72.281107778, 42.524505315],
              [-72.281346827, 42.524024056],
              [-72.281034883, 42.523203295],
              [-72.282895456, 42.519603234],
              [-72.284153071, 42.518936219],
              [-72.285804089, 42.518364067],
              [-72.286647476, 42.517916339],
              [-72.286928978, 42.516532118],
              [-72.283575231, 42.515278165],
              [-72.282983313, 42.514869383],
              [-72.281913802, 42.514250511],
              [-72.282997809, 42.512671701],
              [-72.283099087, 42.51222863],
              [-72.284475468, 42.511526422],
              [-72.285811485, 42.511041703],
              [-72.286166126, 42.508921438],
              [-72.286019504, 42.506370343],
              [-72.282964008, 42.505417393],
              [-72.281132955, 42.505555655],
              [-72.279953317, 42.50559236],
              [-72.277071249, 42.505568365],
              [-72.275797584, 42.505178595],
              [-72.274161021, 42.505540141],
              [-72.273525438, 42.505070153],
              [-72.272848494, 42.504701719],
              [-72.271387483, 42.503202751],
              [-72.269092808, 42.503413488],
              [-72.267467044, 42.502810887],
              [-72.265775945, 42.501292754],
              [-72.264041842, 42.50013548],
              [-72.261423831, 42.501000902],
              [-72.259938065, 42.501032279],
              [-72.260043404, 42.501205538],
              [-72.259808514, 42.502573567],
              [-72.25734332, 42.503933703],
              [-72.254322533, 42.503068682],
              [-72.252221332, 42.505811091],
              [-72.250490289, 42.505764189],
              [-72.249351282, 42.508074751],
              [-72.248722772, 42.508534195],
              [-72.248559313, 42.509493645],
              [-72.246784101, 42.510708624],
              [-72.246206536, 42.514056516],
              [-72.244584408, 42.514951674],
              [-72.244494597, 42.515462898],
              [-72.244056751, 42.516274903],
              [-72.242750989, 42.517061359],
              [-72.241676665, 42.518100869],
              [-72.240438603, 42.519913713],
              [-72.240629204, 42.521097195],
              [-72.240658042, 42.521963794],
              [-72.240886668, 42.522530092],
              [-72.240901089, 42.522963393],
              [-72.240392976, 42.523704961],
              [-72.240067317, 42.525094022],
              [-72.236723157, 42.525778328],
              [-72.235935615, 42.526895143],
              [-72.235613643, 42.527239733],
              [-72.235453879, 42.527086587],
              [-72.235406682, 42.525865991],
              [-72.233806379, 42.523529036],
              [-72.233711809, 42.521122434],
              [-72.232470458, 42.520436402],
              [-72.231903888, 42.520023411],
              [-72.230300243, 42.51913667],
              [-72.230859314, 42.516504724],
              [-72.229291812, 42.515836765],
              [-72.228662643, 42.514586534],
              [-72.227677829, 42.514166866],
              [-72.226913589, 42.512337447],
              [-72.226542707, 42.511975009],
              [-72.225226303, 42.511842896],
              [-72.224448024, 42.513170174],
              [-72.223481296, 42.513782798],
              [-72.223232655, 42.51384999],
              [-72.223022131, 42.515061454],
              [-72.222173281, 42.516268449],
              [-72.221237043, 42.517911402],
              [-72.220171492, 42.518264291],
              [-72.219668378, 42.518042688],
              [-72.218800447, 42.516425367],
              [-72.217290866, 42.516235478],
              [-72.216759474, 42.515451352],
              [-72.214965807, 42.515226778],
              [-72.21364982, 42.514314508],
              [-72.212244827, 42.514824664],
              [-72.210066897, 42.515934868],
              [-72.209096347, 42.515813095],
              [-72.208483105, 42.514907592],
              [-72.206578279, 42.513951242],
              [-72.205995322, 42.513805547],
              [-72.205024808, 42.513683745],
              [-72.203962353, 42.513147653],
              [-72.203587854, 42.513100405],
              [-72.201893929, 42.512675697],
              [-72.198578802, 42.513090637],
              [-72.196910577, 42.51355686],
              [-72.194015106, 42.512824156],
              [-72.193501867, 42.513680433],
              [-72.192358699, 42.515996614],
              [-72.192801012, 42.517981566],
              [-72.192827828, 42.518852234],
              [-72.192897113, 42.519263386],
              [-72.192657055, 42.519339708],
              [-72.189418037, 42.521227361],
              [-72.186577981, 42.52045403],
              [-72.184882366, 42.519560247],
              [-72.182740562, 42.519026661],
              [-72.182890625, 42.519968014],
              [-72.182295079, 42.523882081],
              [-72.179270847, 42.526288043],
              [-72.177390956, 42.52732268],
              [-72.177440888, 42.52832974],
              [-72.178406643, 42.530781735],
              [-72.177096618, 42.533098162],
              [-72.176150831, 42.53361494],
              [-72.175674716, 42.533772628],
              [-72.17524224, 42.535648263],
              [-72.176585938, 42.53705636],
              [-72.176743325, 42.537723175],
              [-72.177858682, 42.539444576],
              [-72.182690015, 42.54044093],
              [-72.183107905, 42.540703013],
              [-72.182498104, 42.541935189],
              [-72.179178929, 42.54392911],
              [-72.177565655, 42.545943281],
              [-72.177510741, 42.547536769],
              [-72.17733458, 42.549137891],
              [-72.177111242, 42.549554971],
              [-72.176949324, 42.550489986],
              [-72.175367031, 42.550522036],
              [-72.174111801, 42.551210419],
              [-72.173755726, 42.551143837],
              [-72.173258435, 42.551277022],
              [-72.1718238, 42.552189401],
              [-72.170552922, 42.552161678],
              [-72.169703264, 42.55184586],
              [-72.168579541, 42.551838062],
              [-72.168389718, 42.551973545],
              [-72.166359275, 42.55208292],
              [-72.165630926, 42.552671754],
              [-72.165228605, 42.553294517],
              [-72.164037215, 42.554864869],
              [-72.164725982, 42.559018442],
              [-72.165067015, 42.560057302],
              [-72.164653085, 42.561473335],
              [-72.162329861, 42.562095024],
              [-72.158576102, 42.562332172],
              [-72.157044906, 42.561998075],
              [-72.154982141, 42.56167488],
              [-72.153626162, 42.559845392],
              [-72.153005243, 42.55945214],
              [-72.15198881, 42.557466471],
              [-72.150731398, 42.554039588],
              [-72.149650052, 42.553404286],
              [-72.147758818, 42.552458272],
              [-72.145677067, 42.550552308],
              [-72.146217277, 42.548051715],
              [-72.146248662, 42.546274047],
              [-72.146508261, 42.544775041],
              [-72.145933881, 42.543321188],
              [-72.14635051, 42.540936018],
              [-72.145577637, 42.539068378],
              [-72.145418044, 42.538915119],
              [-72.143570094, 42.540362348],
              [-72.142683594, 42.541873821],
              [-72.142127742, 42.542308688],
              [-72.141556617, 42.54282078],
              [-72.140052167, 42.543390763],
              [-72.138091426, 42.547386151],
              [-72.137087797, 42.548015293],
              [-72.136620967, 42.54978288],
              [-72.134155481, 42.550235604],
              [-72.132356698, 42.549263341],
              [-72.132580351, 42.546821386],
              [-72.130639951, 42.544987024],
              [-72.13098242, 42.543691835],
              [-72.131571066, 42.542354025],
              [-72.131115862, 42.541709197],
              [-72.130392992, 42.541218766],
              [-72.12867719, 42.540635349],
              [-72.127781798, 42.538982659],
              [-72.124649361, 42.539697612],
              [-72.121530462, 42.53887275],
              [-72.120824155, 42.53723919],
              [-72.120464979, 42.534921744],
              [-72.120262397, 42.534351272],
              [-72.119889791, 42.532746712],
              [-72.119817297, 42.532312105],
              [-72.121749274, 42.531166654],
              [-72.122040958, 42.529392259],
              [-72.121903208, 42.528569869],
              [-72.121852031, 42.526708476],
              [-72.120626758, 42.526332651],
              [-72.119980028, 42.52628391],
              [-72.119277705, 42.525094826],
              [-72.117543829, 42.525609574],
              [-72.11632972, 42.525235794],
              [-72.115096082, 42.525507723],
              [-72.113632464, 42.524646623],
              [-72.113584014, 42.523975164],
              [-72.112651685, 42.520439733],
              [-72.111497399, 42.518294549],
              [-72.110997276, 42.515822908],
              [-72.110200911, 42.514750308],
              [-72.108945181, 42.513989806],
              [-72.108347607, 42.513312727],
              [-72.108955358, 42.511246989],
              [-72.109920625, 42.510793859],
              [-72.111135375, 42.510743605],
              [-72.110944924, 42.510155905],
              [-72.110634668, 42.508981851],
              [-72.108625644, 42.508291052],
              [-72.109435696, 42.505295723],
              [-72.110835216, 42.505157859],
              [-72.111686278, 42.504978775],
              [-72.112730476, 42.505278574],
              [-72.114129102, 42.505362376],
              [-72.113995181, 42.501680239],
              [-72.115469683, 42.501193847],
              [-72.115887869, 42.50096493],
              [-72.116435914, 42.499405376],
              [-72.116058786, 42.4989948],
              [-72.115615428, 42.497997115],
              [-72.114256561, 42.497480278],
              [-72.112884552, 42.496916586],
              [-72.111530196, 42.49672416],
              [-72.111506597, 42.495324682],
              [-72.112534331, 42.492990423],
              [-72.112462049, 42.491864291],
              [-72.110821439, 42.489486061],
              [-72.111391813, 42.489194821],
              [-72.113659307, 42.488912505],
              [-72.113620883, 42.487133643],
              [-72.114476172, 42.485323348],
              [-72.114759676, 42.484128712],
              [-72.116166207, 42.483413193],
              [-72.116696351, 42.483219375],
              [-72.116912563, 42.482317312],
              [-72.117617881, 42.48081547],
              [-72.116984983, 42.479059303],
              [-72.117249365, 42.47793577],
              [-72.118333908, 42.475657718],
              [-72.11807382, 42.475403295],
              [-72.11800638, 42.473588739],
              [-72.118373141, 42.471482296],
              [-72.120612042, 42.469441435],
              [-72.121390716, 42.467999938],
              [-72.120292444, 42.465882697],
              [-72.118271867, 42.464368307],
              [-72.11669944, 42.462842745],
              [-72.114354895, 42.462166787],
              [-72.115023406, 42.460921097],
              [-72.115255843, 42.459787279],
              [-72.117747385, 42.457414121],
              [-72.118049684, 42.457042305],
              [-72.118107445, 42.456355128],
              [-72.117871342, 42.455627951],
              [-72.119462568, 42.450202894],
              [-72.121931372, 42.450743054],
              [-72.123028756, 42.449860319],
              [-72.123393217, 42.447624771],
              [-72.123719021, 42.4446223],
              [-72.123988641, 42.443955424],
              [-72.12389142, 42.442680791],
              [-72.122988144, 42.441459413],
              [-72.122285707, 42.44066097],
              [-72.122178396, 42.440039148],
              [-72.123531506, 42.439236914],
              [-72.123289303, 42.43780197],
              [-72.123826497, 42.437350893],
              [-72.124629327, 42.437222369],
              [-72.124780601, 42.437584061],
              [-72.12669375, 42.437513474],
              [-72.127863592, 42.438666882],
              [-72.128333214, 42.440027601],
              [-72.128520459, 42.440168784],
              [-72.129038605, 42.441509386],
              [-72.132535667, 42.443943418],
              [-72.133963868, 42.447887339],
              [-72.134078925, 42.449668478],
              [-72.134570898, 42.450999803],
              [-72.135118614, 42.452155452],
              [-72.134816042, 42.453979468],
              [-72.134791124, 42.455619656],
              [-72.136327492, 42.456910928],
              [-72.138930057, 42.456969344],
              [-72.13928961, 42.457682797],
              [-72.140560192, 42.458331155],
              [-72.141890224, 42.459738395],
              [-72.144197421, 42.460284538],
              [-72.144869574, 42.459330575],
              [-72.145353551, 42.456566666],
              [-72.147514071, 42.456332118],
              [-72.149129831, 42.45594566],
              [-72.14932973, 42.453451005],
              [-72.148846851, 42.451907236],
              [-72.149062841, 42.451223797],
              [-72.149588463, 42.449843091],
              [-72.14947767, 42.448808402],
              [-72.150779959, 42.447356862],
              [-72.151664948, 42.446031622],
              [-72.15148978, 42.444403801],
              [-72.153401134, 42.443291497],
              [-72.153731455, 42.442264841],
              [-72.153925738, 42.4417613],
              [-72.153661507, 42.441417454],
              [-72.1535227, 42.441256179],
              [-72.153820607, 42.440879186],
              [-72.155284599, 42.440080155],
              [-72.156427042, 42.437766568],
              [-72.157924431, 42.436263962],
              [-72.15786868, 42.435848827],
              [-72.158020294, 42.43425092],
              [-72.157357826, 42.432983043],
              [-72.157108809, 42.43192033],
              [-72.156537756, 42.430830803],
              [-72.156878342, 42.430112318],
              [-72.157043275, 42.429405277],
              [-72.158099039, 42.428284142],
              [-72.159435393, 42.425467029],
              [-72.159323829, 42.425076065],
              [-72.159717534, 42.42358091],
              [-72.160023236, 42.423215132],
              [-72.161527422, 42.42202981],
              [-72.164343469, 42.418433983],
              [-72.166093381, 42.418844122],
              [-72.167672477, 42.416515075],
              [-72.167761425, 42.415247415],
              [-72.1671641, 42.413523323],
              [-72.16929522, 42.411949096],
              [-72.170088463, 42.410697639],
              [-72.170320266, 42.410610151],
              [-72.170105917, 42.409279191],
              [-72.171342103, 42.406982237],
              [-72.171270547, 42.405125156],
              [-72.171347594, 42.404431986],
              [-72.172259666, 42.403432193],
              [-72.172306129, 42.402251823],
              [-72.172209167, 42.40141353],
              [-72.172141524, 42.400559092],
              [-72.171626666, 42.39952889],
              [-72.173621669, 42.396280324],
              [-72.172443342, 42.394255924],
              [-72.172409522, 42.393828709],
              [-72.172969561, 42.393614477],
              [-72.174120892, 42.391102637],
              [-72.175781557, 42.391292623],
              [-72.17852322, 42.391469802],
              [-72.179228235, 42.391686269],
              [-72.182502291, 42.391897097],
              [-72.183189209, 42.3937882],
              [-72.183682699, 42.394676919],
              [-72.1836093, 42.395951736],
              [-72.184135905, 42.397236144],
              [-72.184311971, 42.398153045],
              [-72.184617902, 42.398901685],
              [-72.184641863, 42.401707267],
              [-72.185091774, 42.402805282],
              [-72.187799115, 42.403944067],
              [-72.189792253, 42.403505802],
              [-72.19115996, 42.403925224],
              [-72.192490035, 42.403166965],
              [-72.192760926, 42.401259435],
              [-72.194159215, 42.401997222],
              [-72.194941263, 42.401926149],
              [-72.195101361, 42.402077288],
              [-72.195811646, 42.403276983],
              [-72.195648678, 42.404707038],
              [-72.195717866, 42.405118125],
              [-72.196313585, 42.405106287],
              [-72.197080723, 42.404942607],
              [-72.198033666, 42.404839662],
              [-72.198774846, 42.404428772],
              [-72.199873946, 42.404110826],
              [-72.200958887, 42.404899149],
              [-72.202500061, 42.40504256],
              [-72.20547624, 42.404414756],
              [-72.206873446, 42.404005395],
              [-72.2086753, 42.403809114],
              [-72.20978302, 42.403872437],
              [-72.21005561, 42.403092564],
              [-72.210075542, 42.401698542],
              [-72.211264016, 42.40054907],
              [-72.211063046, 42.399567028],
              [-72.211153987, 42.398866777],
              [-72.211000152, 42.397902208],
              [-72.211101667, 42.397324021],
              [-72.211731549, 42.396858735],
              [-72.212183666, 42.394227901],
              [-72.212260293, 42.393534716],
              [-72.213074332, 42.391916036],
              [-72.214607906, 42.390963124],
              [-72.215523958, 42.390118639],
              [-72.216559866, 42.389320369],
              [-72.216628022, 42.388109587],
              [-72.216513892, 42.387268228],
              [-72.217568767, 42.386144642],
              [-72.218523187, 42.384106537],
              [-72.21828941, 42.383861599],
              [-72.218610007, 42.383434751],
              [-72.220358806, 42.382321954],
              [-72.222971751, 42.381613066],
              [-72.223468359, 42.380953012],
              [-72.223559152, 42.380252769],
              [-72.223567022, 42.379586783],
              [-72.223553448, 42.379151534],
              [-72.223305027, 42.377695522],
              [-72.224139712, 42.376676806],
              [-72.227176552, 42.375769141],
              [-72.228953753, 42.375607067],
              [-72.231822006, 42.376486215],
              [-72.232635816, 42.375899514],
              [-72.233502424, 42.374365337],
              [-72.234875117, 42.373075045],
              [-72.236650464, 42.37056302],
              [-72.236277158, 42.369650576],
              [-72.236592513, 42.369102674],
              [-72.236093167, 42.36863614],
              [-72.236629805, 42.368182606],
              [-72.239261909, 42.369026134],
              [-72.241725968, 42.36814856],
              [-72.243270545, 42.368194899],
              [-72.244412209, 42.368091295],
              [-72.245252994, 42.368409573],
              [-72.24569357, 42.368129526],
              [-72.247272726, 42.367737702],
              [-72.248067819, 42.368034443],
              [-72.249830146, 42.368032687],
              [-72.251265802, 42.36764538],
              [-72.251661716, 42.367391588],
              [-72.252110349, 42.365647358],
              [-72.252255225, 42.363621404],
              [-72.250556541, 42.361254293],
              [-72.249841114, 42.359813967],
              [-72.249142667, 42.359206452],
              [-72.249067593, 42.357930111],
              [-72.24951446, 42.356190989],
              [-72.25009629, 42.356166655],
              [-72.254236882, 42.354581122],
              [-72.255850332, 42.355191873],
              [-72.258177469, 42.353856982],
              [-72.259695584, 42.354656468],
              [-72.261111848, 42.354527254],
              [-72.261709644, 42.353761691],
              [-72.261650931, 42.352709116],
              [-72.260986885, 42.350985368],
              [-72.260519159, 42.350088954],
              [-72.260555721, 42.348966562],
              [-72.260533736, 42.347876502],
              [-72.260631417, 42.345171217],
              [-72.260108599, 42.343737759],
              [-72.260751155, 42.342911363],
              [-72.260981556, 42.342826767],
              [-72.261072149, 42.342566794],
              [-72.261963186, 42.340484548],
              [-72.263224444, 42.339646085],
              [-72.263827503, 42.339645151],
              [-72.26550954, 42.339227047],
              [-72.266162863, 42.338810422],
              [-72.26984857, 42.336914766],
              [-72.272394312, 42.336595136],
              [-72.272644558, 42.336063215],
              [-72.272616929, 42.334904018],
              [-72.273113056, 42.331375554],
              [-72.272996214, 42.3305404],
              [-72.273175331, 42.330161768],
              [-72.272741532, 42.328302677],
              [-72.272394996, 42.32794054],
              [-72.272710033, 42.324932059],
              [-72.272686208, 42.323829829],
              [-72.273015784, 42.323477135],
              [-72.273910858, 42.323926557],
              [-72.27686633, 42.323887854],
              [-72.280032505, 42.323956554],
              [-72.280157108, 42.323021574],
              [-72.28150636, 42.318092922],
              [-72.280019353, 42.31525427],
              [-72.279841942, 42.313999027],
              [-72.280216979, 42.313193013],
              [-72.280336718, 42.312696239],
              [-72.281215244, 42.311292057],
              [-72.282417798, 42.310008936],
              [-72.28242744, 42.305704175],
              [-72.282155724, 42.303769467],
              [-72.285108027, 42.301038314],
              [-72.287249632, 42.300535069],
              [-72.287464745, 42.30042598],
              [-72.288496272, 42.300210813],
              [-72.289158589, 42.299885629],
              [-72.290531642, 42.298637585],
              [-72.291103055, 42.298420878],
              [-72.293585876, 42.298328388],
              [-72.297394294, 42.297921935],
              [-72.302709207, 42.296935606],
              [-72.303967336, 42.294777108],
              [-72.306587562, 42.293778929],
              [-72.308256336, 42.293377542],
              [-72.309523016, 42.293028751],
              [-72.310505958, 42.293258573],
              [-72.311704113, 42.293174904],
              [-72.313000012, 42.293285718],
              [-72.313028394, 42.293713838],
              [-72.313828743, 42.295573853],
              [-72.313951225, 42.297362617],
              [-72.316415167, 42.300043206],
              [-72.318111239, 42.301365095],
              [-72.319822946, 42.301605232],
              [-72.320927405, 42.301060618],
              [-72.323446268, 42.300251903],
              [-72.325478012, 42.299978486],
              [-72.327492763, 42.300008981],
              [-72.328991455, 42.299995193],
              [-72.329816195, 42.300187794],
              [-72.331701377, 42.300370341],
              [-72.331791651, 42.300110333],
              [-72.332146594, 42.300176461],
              [-72.333173138, 42.299957875],
              [-72.334465229, 42.299467591],
              [-72.333587641, 42.297726421],
              [-72.336482212, 42.295868319],
              [-72.337642184, 42.294839781],
              [-72.339243457, 42.294444914],
              [-72.340926274, 42.293917078],
              [-72.343461536, 42.29402916],
              [-72.345081945, 42.291094568],
              [-72.346461799, 42.289976106],
              [-72.347311984, 42.288052929],
              [-72.345718689, 42.287642695],
              [-72.344297619, 42.286497873],
              [-72.342557622, 42.285319577],
              [-72.342355478, 42.284915365],
              [-72.342092285, 42.284959335],
              [-72.341007374615032, 42.285873692071256],
              [-72.342092, 42.284959],
              [-72.342355, 42.284915],
              [-72.342742, 42.284278],
              [-72.343696, 42.283092],
              [-72.343946, 42.281284],
              [-72.344912, 42.281357],
              [-72.34559, 42.281565],
              [-72.34763, 42.280346],
              [-72.347534, 42.27979],
              [-72.347533853726873, 42.279789870325239],
              [-72.347760689, 42.279697056],
              [-72.35026214, 42.279547621],
              [-72.351685617, 42.279306639],
              [-72.351975515, 42.278402615],
              [-72.352166942, 42.277884651],
              [-72.352451544, 42.276995863],
              [-72.354051888, 42.272976379],
              [-72.355019379, 42.273879868],
              [-72.355800533, 42.2752017],
              [-72.354985216, 42.276633943],
              [-72.355192353, 42.279611358],
              [-72.356981028, 42.280581191],
              [-72.360739451, 42.281539172],
              [-72.363007595, 42.282318094],
              [-72.363162315, 42.283131865],
              [-72.364451599, 42.284997963],
              [-72.364905441, 42.286345296],
              [-72.365142229, 42.287126759],
              [-72.365344859, 42.287257448],
              [-72.365419796, 42.289101929],
              [-72.366634871, 42.291063385],
              [-72.367950537, 42.291184888],
              [-72.368783029, 42.291423011],
              [-72.37090136, 42.292618245],
              [-72.371880459, 42.29456276],
              [-72.37216773, 42.295539559],
              [-72.372139786, 42.295994967],
              [-72.372286821, 42.296149898],
              [-72.373076391, 42.298198627],
              [-72.373103566, 42.298665366],
              [-72.373131264, 42.299096522],
              [-72.373422863, 42.299907613],
              [-72.376526001, 42.303134736],
              [-72.377013962, 42.304248304],
              [-72.377387454, 42.30429504],
              [-72.378409171, 42.30454987],
              [-72.379726308, 42.306491174],
              [-72.379658011, 42.308613897],
              [-72.380515154, 42.308900816],
              [-72.381786265, 42.308981396],
              [-72.383090497, 42.309102717],
              [-72.383230276, 42.309261687],
              [-72.383677828, 42.30986169],
              [-72.383627544, 42.312375909],
              [-72.384060735, 42.312864037],
              [-72.388395114, 42.314517158],
              [-72.388926133, 42.315609455],
              [-72.389100012, 42.315755289],
              [-72.389121565, 42.316187452],
              [-72.389318841, 42.317476147],
              [-72.39003793, 42.319099654],
              [-72.390573125, 42.321526931],
              [-72.390510569, 42.323088477],
              [-72.390637172, 42.32391642],
              [-72.390481882, 42.325489937],
              [-72.390216984, 42.326015937],
              [-72.3906163, 42.328341217],
              [-72.390675857, 42.329550275],
              [-72.391846304, 42.331337617],
              [-72.391867879, 42.331769789],
              [-72.392120688, 42.332045964],
              [-72.392650437, 42.335819437],
              [-72.393590006, 42.337642801],
              [-72.394296904, 42.341126962],
              [-72.394243793, 42.342985467],
              [-72.39406866, 42.343388683],
              [-72.393976399, 42.343740252],
              [-72.394353291, 42.344817947]
            ]
          ],
          [
            [
              [-72.340657027795899, 42.286044087838626],
              [-72.340840870104444, 42.286014021243844],
              [-72.340840817, 42.286014066],
              [-72.340657027795899, 42.286044087838626]
            ]
          ],
          [
            [
              [-72.340847603, 42.282591919],
              [-72.339882501, 42.281579535],
              [-72.339534582, 42.281068143],
              [-72.340175381059424, 42.279781396926204],
              [-72.339535, 42.281068],
              [-72.339883, 42.28158],
              [-72.340848, 42.282592],
              [-72.340040028602331, 42.286144874227631],
              [-72.340039779, 42.286144915],
              [-72.340847603, 42.282591919]
            ]
          ],
          [
            [
              [-72.344775845, 42.278006893],
              [-72.346265261, 42.278664905],
              [-72.347017719088214, 42.279332304156213],
              [-72.346265, 42.278665],
              [-72.344776, 42.278007],
              [-72.342128, 42.277677],
              [-72.341352075374417, 42.278218524900907],
              [-72.342127875, 42.27767694],
              [-72.344775845, 42.278006893]
            ]
          ],
          [
            [
              [-72.342452, 42.283549],
              [-72.342542, 42.283289],
              [-72.343252, 42.283421],
              [-72.343161, 42.283681],
              [-72.342452, 42.283549]
            ]
          ]
        ]
      }
    },
    {
      "type": "Feature",
      "properties": {
        "catchment": "Wachusett MA",
        "supplies": "Boston",
        "outlet": "Wachusett Dam",
        "outlet_lon": -71.6881077,
        "outlet_lat": 42.4037836,
        "nldi_comid": 6078815,
        "component_comids": "6078815",
        "delineated_area_km2": 312.271,
        "official_area_km2": 303.029,
        "area_difference_pct": 3.05,
        "validation_status": "pass",
        "delineation_method": "USGS NLDI NHDPlusV2 full-resolution upstream basin with the complete terminal catchment replaced by its point-specific upstream split",
        "area_source": "Massachusetts DCR Wachusett watershed (117 mi2)",
        "area_url": "https://www.mass.gov/files/documents/2016/08/xg/2011wachusettaccessplan.pdf"
      },
      "geometry": {
        "type": "MultiPolygon",
        "coordinates": [
          [
            [
              [-71.751172643, 42.336673643],
              [-71.752850504, 42.337528053],
              [-71.753119533, 42.336955563],
              [-71.753249094, 42.336425758],
              [-71.753432135, 42.336044803],
              [-71.753550493, 42.335546435],
              [-71.75575286, 42.335127608],
              [-71.756691664, 42.33524947],
              [-71.757818432, 42.336039736],
              [-71.760445308, 42.33625642],
              [-71.761416788, 42.335090206],
              [-71.764487818, 42.335372109],
              [-71.763890115, 42.333743889],
              [-71.765647248, 42.333328737],
              [-71.770143565, 42.333312878],
              [-71.771794721, 42.333793679],
              [-71.771898483, 42.336959722],
              [-71.772173556, 42.33766637],
              [-71.772196485, 42.338532851],
              [-71.772363413, 42.339609843],
              [-71.773606626, 42.340306261],
              [-71.77482699, 42.340052809],
              [-71.776327886, 42.340490773],
              [-71.777829938, 42.340177313],
              [-71.779240564, 42.340153978],
              [-71.781170488, 42.339752064],
              [-71.78220641, 42.339734124],
              [-71.781513397, 42.338472356],
              [-71.781414829, 42.335506664],
              [-71.782244344, 42.33490461],
              [-71.782912553, 42.333492021],
              [-71.783143501, 42.333408276],
              [-71.785520624, 42.333478266],
              [-71.787231657, 42.335121496],
              [-71.789607414, 42.335428315],
              [-71.790600073, 42.335681483],
              [-71.791975631, 42.33773609],
              [-71.792560749, 42.338353396],
              [-71.794744279, 42.338635362],
              [-71.794710844, 42.336865898],
              [-71.795692732, 42.334819979],
              [-71.795933308, 42.33474238],
              [-71.797088951, 42.334853289],
              [-71.798730016, 42.334380941],
              [-71.799550342, 42.3346196],
              [-71.800105461, 42.334672337],
              [-71.801392717, 42.335228478],
              [-71.805072771, 42.336176672],
              [-71.807877612, 42.335592415],
              [-71.81086699, 42.333872618],
              [-71.812534702, 42.334357082],
              [-71.813857803, 42.334246334],
              [-71.814807596, 42.334303793],
              [-71.814990754, 42.334154584],
              [-71.816851886, 42.333861479],
              [-71.817396523, 42.333410759],
              [-71.818687794, 42.332806598],
              [-71.82100652, 42.332290881],
              [-71.826397097, 42.331320429],
              [-71.827560065, 42.330777324],
              [-71.82864109, 42.331997769],
              [-71.828963338, 42.333239441],
              [-71.831409463, 42.333780853],
              [-71.832327365, 42.333044872],
              [-71.831580972, 42.331248195],
              [-71.831790517, 42.330741236],
              [-71.831519883, 42.32928742],
              [-71.831856226, 42.328473244],
              [-71.832317393, 42.326007656],
              [-71.831691137, 42.324622594],
              [-71.830917622, 42.323735759],
              [-71.829790382, 42.320379809],
              [-71.829128524, 42.319045338],
              [-71.82987654, 42.318254336],
              [-71.833129, 42.317305567],
              [-71.834430324, 42.314155359],
              [-71.83311813, 42.310087505],
              [-71.833075895, 42.309506649],
              [-71.835355684, 42.30898128],
              [-71.838545152, 42.307841829],
              [-71.840129849, 42.306208484],
              [-71.841811902, 42.305600666],
              [-71.842534243, 42.304731143],
              [-71.843557357, 42.304363886],
              [-71.846385969, 42.302640237],
              [-71.84847406, 42.29968639],
              [-71.849025136, 42.298682496],
              [-71.849467937, 42.299151132],
              [-71.850498084, 42.301548392],
              [-71.850780585, 42.302769359],
              [-71.85200349, 42.30552377],
              [-71.85209606, 42.307230494],
              [-71.853447661, 42.307404231],
              [-71.858465251, 42.306010088],
              [-71.85968337, 42.305976474],
              [-71.860950318, 42.306739286],
              [-71.863723718, 42.306855204],
              [-71.865359748, 42.307494329],
              [-71.867222553, 42.308094252],
              [-71.867565442, 42.308745189],
              [-71.867731951, 42.308892694],
              [-71.866979477, 42.30958118],
              [-71.867179837, 42.310450803],
              [-71.865023101, 42.312532159],
              [-71.864040198, 42.312902904],
              [-71.863453779, 42.312922424],
              [-71.862533444, 42.314017502],
              [-71.861673959, 42.31434024],
              [-71.859677195, 42.314601558],
              [-71.860261287, 42.317641475],
              [-71.859681401, 42.320361551],
              [-71.858255991, 42.321896576],
              [-71.857217491, 42.322707167],
              [-71.857084754, 42.324933016],
              [-71.856091715, 42.326215688],
              [-71.855769517, 42.327424526],
              [-71.855912787, 42.330623248],
              [-71.860483855, 42.331760839],
              [-71.862264327, 42.330158971],
              [-71.863374361, 42.329463699],
              [-71.864925035, 42.329293942],
              [-71.865541517, 42.330174461],
              [-71.867090806, 42.329891807],
              [-71.870480986, 42.333593745],
              [-71.871322452, 42.335792448],
              [-71.872766866, 42.337975765],
              [-71.873317883, 42.33905817],
              [-71.874781629, 42.339200897],
              [-71.876499892, 42.33882568],
              [-71.878139826, 42.337202334],
              [-71.878480605, 42.335288915],
              [-71.880101803, 42.334402599],
              [-71.880492017, 42.333768614],
              [-71.8808638, 42.330081119],
              [-71.881680641, 42.328810336],
              [-71.882562737, 42.328490655],
              [-71.883845916, 42.327840047],
              [-71.88501175, 42.327420499],
              [-71.886071727, 42.327984498],
              [-71.887372334, 42.32770204],
              [-71.887962073, 42.328140997],
              [-71.888341827, 42.328170881],
              [-71.888682836, 42.328276774],
              [-71.890155727, 42.328392949],
              [-71.893092446, 42.329302365],
              [-71.894351203, 42.329973306],
              [-71.89617712, 42.330094706],
              [-71.896392935, 42.329986262],
              [-71.898237161, 42.329320765],
              [-71.899179492, 42.328596676],
              [-71.9003015, 42.326997256],
              [-71.901012863, 42.32568909],
              [-71.902458204, 42.324629566],
              [-71.902914998, 42.323890198],
              [-71.905227133, 42.322670361],
              [-71.904338032, 42.321172172],
              [-71.904084912, 42.320082646],
              [-71.903621994, 42.319184988],
              [-71.903217775, 42.318255162],
              [-71.902473139, 42.31746859],
              [-71.902902899, 42.315685866],
              [-71.903971654, 42.31398545],
              [-71.904187407, 42.313876995],
              [-71.904922494, 42.314439807],
              [-71.910282264, 42.316136732],
              [-71.910754322, 42.317209302],
              [-71.91147793, 42.318440018],
              [-71.911945041, 42.319493237],
              [-71.914581193, 42.319011391],
              [-71.917577961, 42.318195172],
              [-71.919331406, 42.318135832],
              [-71.919950253, 42.317924091],
              [-71.919671906, 42.316019008],
              [-71.921378191, 42.31507274],
              [-71.922573809, 42.314316501],
              [-71.924630852, 42.316475478],
              [-71.92789869, 42.317501012],
              [-71.927975352, 42.318940192],
              [-71.928378105, 42.320059048],
              [-71.929578716, 42.320760805],
              [-71.931824945, 42.322770353],
              [-71.931654081, 42.326951277],
              [-71.930575568, 42.328513607],
              [-71.930302286, 42.329654798],
              [-71.930922143, 42.330310315],
              [-71.932111999, 42.330691707],
              [-71.934125696, 42.330883868],
              [-71.936448512, 42.331556763],
              [-71.937679908, 42.333561129],
              [-71.937991694, 42.333867022],
              [-71.937899906, 42.334126765],
              [-71.938254645, 42.334193973],
              [-71.940788965, 42.338319019],
              [-71.942703637, 42.339411325],
              [-71.943944122, 42.340503647],
              [-71.945085725, 42.341156117],
              [-71.946114124, 42.342062101],
              [-71.945900091, 42.344107623],
              [-71.946309595, 42.346095855],
              [-71.946608767, 42.346889718],
              [-71.947061302, 42.347349967],
              [-71.947393068, 42.347867454],
              [-71.947697983, 42.348176339],
              [-71.948112154, 42.350000899],
              [-71.94750842, 42.351274412],
              [-71.947612467, 42.353290331],
              [-71.947051002, 42.353724219],
              [-71.946250324, 42.354684403],
              [-71.943971789, 42.355507653],
              [-71.943359852, 42.355699225],
              [-71.943083188, 42.357837952],
              [-71.943399917, 42.359737213],
              [-71.942914043, 42.360174589],
              [-71.942674261, 42.360250433],
              [-71.942490649, 42.360769944],
              [-71.942845528, 42.360837141],
              [-71.942398277, 42.362604741],
              [-71.943419487, 42.363682568],
              [-71.943906046, 42.366926075],
              [-71.945230805, 42.367513564],
              [-71.94592171, 42.368538568],
              [-71.947025121, 42.369702277],
              [-71.948948428, 42.370823052],
              [-71.950178679, 42.372649445],
              [-71.951053539, 42.373572817],
              [-71.952531459, 42.374715313],
              [-71.952819755, 42.375473537],
              [-71.952281213, 42.375925899],
              [-71.951822584, 42.375683218],
              [-71.94937381, 42.374977285],
              [-71.946516694, 42.373886549],
              [-71.945421872, 42.3745064],
              [-71.943500158, 42.374920991],
              [-71.942488019, 42.375909406],
              [-71.941163993, 42.376859341],
              [-71.940701877, 42.377614114],
              [-71.939579982, 42.379213988],
              [-71.938344072, 42.380165444],
              [-71.936884057, 42.380344776],
              [-71.935618423, 42.381647856],
              [-71.933342557, 42.382176086],
              [-71.932634092, 42.38329236],
              [-71.934996016, 42.383608641],
              [-71.93803106, 42.383879102],
              [-71.939046973, 42.384119081],
              [-71.940187795, 42.38670058],
              [-71.941788322, 42.389036717],
              [-71.942285124, 42.390159242],
              [-71.941087938, 42.391703797],
              [-71.940671221, 42.393267258],
              [-71.940555021, 42.393528911],
              [-71.940752849, 42.394107671],
              [-71.940535324, 42.394605645],
              [-71.940760284, 42.395275069],
              [-71.939585134, 42.397911862],
              [-71.939825367, 42.398303779],
              [-71.942114918, 42.400232246],
              [-71.9430886, 42.400324498],
              [-71.943974624, 42.400580953],
              [-71.945815334, 42.400045864],
              [-71.947320534, 42.399806698],
              [-71.949864852, 42.402287686],
              [-71.950611347, 42.403508278],
              [-71.951082358, 42.403967638],
              [-71.951199312, 42.404139163],
              [-71.953400415, 42.406319105],
              [-71.95307569, 42.408477032],
              [-71.951284559, 42.409826026],
              [-71.950977818, 42.410191306],
              [-71.948132009, 42.409985314],
              [-71.945460198, 42.409354224],
              [-71.942774624, 42.410084597],
              [-71.942063705, 42.410755556],
              [-71.943140067, 42.410909435],
              [-71.94512169, 42.411634086],
              [-71.945795281, 42.413161385],
              [-71.945490032, 42.41385715],
              [-71.945418928, 42.414125184],
              [-71.944423138, 42.415718812],
              [-71.94262928, 42.417124631],
              [-71.940914764, 42.417770269],
              [-71.939220989, 42.417369631],
              [-71.935869292, 42.414810307],
              [-71.931139584, 42.413619415],
              [-71.929538193, 42.413911711],
              [-71.929197475, 42.415175663],
              [-71.929378826, 42.416620746],
              [-71.929232739, 42.418037403],
              [-71.928590079, 42.4182806],
              [-71.928314273, 42.419059895],
              [-71.928404329, 42.419240433],
              [-71.929582043, 42.419844509],
              [-71.931242621, 42.421610762],
              [-71.932091608, 42.423378188],
              [-71.930960978, 42.4241635],
              [-71.930194821, 42.425023217],
              [-71.930939222, 42.426450377],
              [-71.93118476, 42.427513513],
              [-71.931716406, 42.429006499],
              [-71.931778184, 42.430120386],
              [-71.932436507, 42.431389405],
              [-71.934440535, 42.433374322],
              [-71.935481283, 42.434650723],
              [-71.933590911, 42.43570809],
              [-71.930928936, 42.437690217],
              [-71.930631132, 42.438933119],
              [-71.930984238, 42.439926757],
              [-71.93103426, 42.440789409],
              [-71.931669715, 42.442273898],
              [-71.93176788, 42.443000576],
              [-71.930510838, 42.444326147],
              [-71.930396797, 42.444815614],
              [-71.930144259, 42.445344917],
              [-71.930553657, 42.446497547],
              [-71.930749852, 42.44734889],
              [-71.929808278, 42.447465209],
              [-71.928085649, 42.448014052],
              [-71.926542022, 42.447622285],
              [-71.924936061, 42.449096189],
              [-71.926350306, 42.450589544],
              [-71.924259304, 42.453115053],
              [-71.925031053, 42.454599416],
              [-71.924872038, 42.455550302],
              [-71.925651359, 42.457197423],
              [-71.925739561, 42.457818297],
              [-71.926061654, 42.458514836],
              [-71.927490349, 42.458361847],
              [-71.928569861, 42.459462649],
              [-71.929271776, 42.459822845],
              [-71.92998065, 42.460397657],
              [-71.931227732, 42.462430982],
              [-71.93033344, 42.463082512],
              [-71.929499362, 42.463881859],
              [-71.929099339, 42.466149272],
              [-71.927369271, 42.466332989],
              [-71.925948028, 42.468104005],
              [-71.92537423, 42.468519492],
              [-71.924713874, 42.469446995],
              [-71.924969609, 42.471083832],
              [-71.927249907, 42.471923511],
              [-71.927458836, 42.472270551],
              [-71.927617795, 42.472424063],
              [-71.927330873, 42.472815882],
              [-71.926234618, 42.473836339],
              [-71.926264463, 42.474939931],
              [-71.92562282, 42.47574756],
              [-71.925790097, 42.476513342],
              [-71.924141366, 42.476466664],
              [-71.922814259, 42.475796498],
              [-71.921526172, 42.476153697],
              [-71.920509173, 42.475896265],
              [-71.918876236, 42.475687919],
              [-71.91765808, 42.475379396],
              [-71.917091198, 42.475306747],
              [-71.915649478, 42.474057147],
              [-71.913418222, 42.474483691],
              [-71.910795313, 42.471734825],
              [-71.908630392, 42.472442381],
              [-71.907308025, 42.471475134],
              [-71.905561405, 42.470501154],
              [-71.904962823, 42.469398071],
              [-71.905137301, 42.467836093],
              [-71.90412668, 42.466190424],
              [-71.903050709, 42.466233508],
              [-71.901725721, 42.466510952],
              [-71.899696716, 42.466317164],
              [-71.89785663, 42.464972325],
              [-71.896723772, 42.464357025],
              [-71.895662972, 42.463973021],
              [-71.889879852, 42.463337286],
              [-71.889787712, 42.463597039],
              [-71.890071802, 42.463865293],
              [-71.889876987, 42.466987131],
              [-71.888876075, 42.467703804],
              [-71.887717166, 42.468832348],
              [-71.886944309, 42.470543025],
              [-71.8884916, 42.472078367],
              [-71.88927207, 42.473135911],
              [-71.893087401, 42.476965707],
              [-71.894744176, 42.477975905],
              [-71.895434484, 42.478435884],
              [-71.89714008, 42.47870702],
              [-71.897822574, 42.478888285],
              [-71.895843219, 42.480140891],
              [-71.895473998, 42.481382319],
              [-71.89548532, 42.484007221],
              [-71.89652177, 42.485797571],
              [-71.896678249, 42.486392481],
              [-71.896988461, 42.487138877],
              [-71.897390061, 42.488513332],
              [-71.896615558, 42.489894596],
              [-71.895974837, 42.48999631],
              [-71.896513793, 42.491083833],
              [-71.89737064, 42.492478463],
              [-71.896831732, 42.492560485],
              [-71.895500952, 42.492401551],
              [-71.894512867, 42.492011885],
              [-71.893936823, 42.491998062],
              [-71.892597626, 42.491495301],
              [-71.890199557, 42.491437329],
              [-71.889196267, 42.490489196],
              [-71.887166633, 42.489159226],
              [-71.886455673, 42.489024503],
              [-71.886547858, 42.488764743],
              [-71.88619238, 42.48869738],
              [-71.885392275, 42.488279356],
              [-71.883724702, 42.488418155],
              [-71.880494339, 42.489352325],
              [-71.879845995, 42.490544128],
              [-71.879607103, 42.49188502],
              [-71.879109936, 42.492801175],
              [-71.8779487, 42.492465182],
              [-71.876292084, 42.493641296],
              [-71.875605317, 42.495007761],
              [-71.874989323, 42.495874318],
              [-71.874682941, 42.497605303],
              [-71.87484184, 42.497758885],
              [-71.874597271, 42.49990013],
              [-71.871543802, 42.501569525],
              [-71.869807982, 42.502650475],
              [-71.865441844, 42.502088986],
              [-71.864703706, 42.502798083],
              [-71.864129255, 42.503213319],
              [-71.86373794, 42.503847397],
              [-71.864382788, 42.505036457],
              [-71.864856, 42.507109195],
              [-71.865784104, 42.507484463],
              [-71.867329036, 42.50912792],
              [-71.868171916, 42.509559567],
              [-71.868993949, 42.511268453],
              [-71.870011595, 42.512126347],
              [-71.870938687, 42.512421228],
              [-71.870933684, 42.513286685],
              [-71.871690148, 42.514930044],
              [-71.871886172, 42.51509608],
              [-71.871793897, 42.515355838],
              [-71.872149498, 42.515423243],
              [-71.873463633, 42.517466868],
              [-71.873302662, 42.518137063],
              [-71.872942489, 42.518900548],
              [-71.872686315, 42.519955581],
              [-71.871640333, 42.521464158],
              [-71.871867523, 42.523128496],
              [-71.870715075, 42.525253724],
              [-71.866955318, 42.523983283],
              [-71.86378146, 42.524585909],
              [-71.862596656, 42.524147908],
              [-71.861671868, 42.521176129],
              [-71.860596224, 42.520164204],
              [-71.861612913, 42.519072508],
              [-71.859508588, 42.517817843],
              [-71.858399414, 42.515165211],
              [-71.85737695, 42.513553572],
              [-71.856349911, 42.513406416],
              [-71.855566431, 42.512874399],
              [-71.853055876, 42.512512941],
              [-71.851019553, 42.513503179],
              [-71.850554458, 42.513677038],
              [-71.849564805, 42.514158603],
              [-71.848981348, 42.516333183],
              [-71.847240339, 42.519294323],
              [-71.847147966, 42.519554066],
              [-71.847055593, 42.519813808],
              [-71.846814432, 42.519891521],
              [-71.846394886, 42.520120593],
              [-71.844253273, 42.520822208],
              [-71.843208515, 42.521024691],
              [-71.843300904, 42.52076495],
              [-71.843013202, 42.520006337],
              [-71.842219319, 42.51917007],
              [-71.841878971, 42.517675783],
              [-71.840930822, 42.517123241],
              [-71.840771389, 42.51407005],
              [-71.839911999, 42.513851687],
              [-71.839071822, 42.5140128],
              [-71.838538919, 42.513876981],
              [-71.83759164, 42.513755643],
              [-71.835377527, 42.513160917],
              [-71.834658869, 42.512580396],
              [-71.832713965, 42.511895922],
              [-71.831004945, 42.5120653],
              [-71.829789645, 42.510997257],
              [-71.829550188, 42.509720269],
              [-71.829736969, 42.508262115],
              [-71.828376214, 42.508202973],
              [-71.828064036, 42.507497055],
              [-71.828522409, 42.505759053],
              [-71.8281669, 42.50569153],
              [-71.82742158, 42.505219612],
              [-71.826376421, 42.506090133],
              [-71.826112067, 42.506133068],
              [-71.825364154, 42.506701533],
              [-71.823449337, 42.507832516],
              [-71.822530312, 42.508981526],
              [-71.82074489, 42.509948607],
              [-71.819533198, 42.510819964],
              [-71.818412477, 42.511169188],
              [-71.816838166, 42.512059369],
              [-71.815594972, 42.513285418],
              [-71.815436167, 42.51313176],
              [-71.815127991, 42.511565427],
              [-71.813762786, 42.510802316],
              [-71.812537019, 42.508798374],
              [-71.810424172, 42.508019849],
              [-71.80914922, 42.507469882],
              [-71.806284685, 42.50658738],
              [-71.805265031, 42.506053404],
              [-71.804554056, 42.505918229],
              [-71.804831597, 42.505139107],
              [-71.804685389, 42.504983492],
              [-71.804635901, 42.5040902],
              [-71.803955539, 42.501105553],
              [-71.803336113, 42.500180795],
              [-71.801209644, 42.499907487],
              [-71.801281489, 42.499605941],
              [-71.802177936, 42.498471173],
              [-71.800721947, 42.496998439],
              [-71.798209477, 42.495611783],
              [-71.796856255, 42.492935603],
              [-71.796710091, 42.492779981],
              [-71.796895142, 42.492260587],
              [-71.796539733, 42.492192979],
              [-71.796436288, 42.49201732],
              [-71.795017785, 42.49080617],
              [-71.795147541, 42.489709746],
              [-71.796135906, 42.489065882],
              [-71.79810053, 42.487978397],
              [-71.799581521, 42.484653127],
              [-71.798150763, 42.480647245],
              [-71.796583066, 42.478923528],
              [-71.796520458, 42.477901013],
              [-71.795875031, 42.477516081],
              [-71.795757253, 42.477347442],
              [-71.794444614, 42.476072989],
              [-71.791014088, 42.476317037],
              [-71.790427353, 42.476333189],
              [-71.790090315, 42.475548722],
              [-71.791905554, 42.474164343],
              [-71.793930114, 42.470195261],
              [-71.79475216, 42.469901099],
              [-71.795345141, 42.468652401],
              [-71.794059586, 42.466636779],
              [-71.793432301, 42.465186185],
              [-71.791979392, 42.464539213],
              [-71.790598956, 42.463572398],
              [-71.788941291, 42.464714808],
              [-71.78868437, 42.463589222],
              [-71.788142175, 42.463014823],
              [-71.788025524, 42.462843138],
              [-71.786541918, 42.462365719],
              [-71.783871441, 42.46210857],
              [-71.78245783, 42.461318383],
              [-71.782229931, 42.459828925],
              [-71.782571423, 42.45792255],
              [-71.778926715, 42.457505735],
              [-71.778522526, 42.457741797],
              [-71.77716557, 42.457657736],
              [-71.774880832, 42.456900818],
              [-71.772992867, 42.457325403],
              [-71.770668518, 42.456646429],
              [-71.770216626, 42.456401096],
              [-71.769925141, 42.45678643],
              [-71.76872406, 42.45746207],
              [-71.767962567, 42.458467361],
              [-71.766854414, 42.458017888],
              [-71.765633936, 42.456985882],
              [-71.766142368, 42.45462925],
              [-71.765969452, 42.454482558],
              [-71.766434155, 42.452497817],
              [-71.765857064, 42.451672906],
              [-71.765422298, 42.451196835],
              [-71.764704937, 42.449851229],
              [-71.763151433, 42.448141511],
              [-71.764276608, 42.447263002],
              [-71.764871176, 42.445063647],
              [-71.766441356, 42.444083644],
              [-71.766241222, 42.443514724],
              [-71.765858626, 42.443091922],
              [-71.763952758, 42.4423376],
              [-71.762474343, 42.442511813],
              [-71.761090968, 42.443383313],
              [-71.759554753, 42.442805547],
              [-71.758029059, 42.44317868],
              [-71.758045986, 42.441602547],
              [-71.758141774, 42.440785636],
              [-71.756666738, 42.439687618],
              [-71.757589131, 42.438031753],
              [-71.758818093, 42.436529675],
              [-71.757703527, 42.435517724],
              [-71.755697742, 42.434894748],
              [-71.754833702, 42.434825292],
              [-71.753080841, 42.433592978],
              [-71.752279594, 42.432134847],
              [-71.752343556, 42.430410616],
              [-71.752240315, 42.430234937],
              [-71.75117374, 42.430583939],
              [-71.749902273, 42.43278628],
              [-71.749492711, 42.435030641],
              [-71.747950365, 42.435533695],
              [-71.744556509, 42.437954021],
              [-71.742317873, 42.437302651],
              [-71.741989525, 42.437707974],
              [-71.740055685, 42.437215463],
              [-71.739379847, 42.436718175],
              [-71.738383012, 42.436622184],
              [-71.737805235, 42.436198847],
              [-71.735040774, 42.435393891],
              [-71.733745939, 42.435302727],
              [-71.733174486, 42.435343139],
              [-71.729516311, 42.434900432],
              [-71.727310398, 42.435651404],
              [-71.723350934, 42.434641825],
              [-71.72256917, 42.435237859],
              [-71.721725769, 42.436421205],
              [-71.719522458, 42.436135809],
              [-71.719076384, 42.434879513],
              [-71.718631244, 42.432907305],
              [-71.716820448, 42.432220145],
              [-71.715817515, 42.431710044],
              [-71.71430526, 42.431514297],
              [-71.713019145, 42.430154883],
              [-71.71306944, 42.428985804],
              [-71.712963265, 42.42815517],
              [-71.713048376, 42.426357905],
              [-71.71054261, 42.426074084],
              [-71.709798463, 42.426448637],
              [-71.709050757, 42.425871317],
              [-71.709714538, 42.423250782],
              [-71.708626539, 42.422315914],
              [-71.706917228, 42.421727036],
              [-71.707263589, 42.420260288],
              [-71.706934324, 42.419788925],
              [-71.705704133, 42.419815947],
              [-71.704432137, 42.420158892],
              [-71.702221136, 42.419631118],
              [-71.700013372, 42.419856867],
              [-71.699413893, 42.419445398],
              [-71.696516355, 42.418617233],
              [-71.695570605, 42.417268478],
              [-71.694083969, 42.417316758],
              [-71.692895135, 42.417393813],
              [-71.69342965, 42.416197059],
              [-71.692888411, 42.415424],
              [-71.69175081, 42.414529282],
              [-71.689191942, 42.410849174],
              [-71.689167355, 42.410420862],
              [-71.690746172, 42.408971059],
              [-71.690805244109356, 42.407960877037176],
              [-71.692149, 42.407284],
              [-71.693711, 42.407241],
              [-71.695756, 42.406855],
              [-71.697102, 42.406819],
              [-71.698336, 42.406731],
              [-71.702474, 42.406856],
              [-71.704368, 42.407655],
              [-71.705936, 42.407858],
              [-71.707917, 42.408865],
              [-71.708906, 42.408798],
              [-71.710373, 42.408374],
              [-71.711422, 42.407061],
              [-71.713292, 42.403386],
              [-71.712071, 42.402724],
              [-71.71248, 42.399969],
              [-71.71456, 42.398045],
              [-71.714217, 42.395953],
              [-71.714288, 42.394823],
              [-71.713801, 42.393933],
              [-71.713778, 42.392885],
              [-71.713385, 42.391912],
              [-71.713746, 42.390438],
              [-71.713262, 42.389903],
              [-71.711335, 42.387073],
              [-71.710619, 42.385727],
              [-71.710117, 42.385176],
              [-71.709899, 42.383733],
              [-71.709201, 42.383314],
              [-71.708326, 42.382066],
              [-71.706537, 42.381639],
              [-71.705897, 42.382136],
              [-71.705131, 42.382821],
              [-71.703933, 42.38233],
              [-71.703082, 42.381597],
              [-71.701634, 42.381041],
              [-71.699994, 42.379912],
              [-71.697498, 42.379838],
              [-71.696767, 42.380112],
              [-71.69579, 42.380988],
              [-71.694441, 42.381351],
              [-71.693842, 42.380939],
              [-71.692988, 42.380644],
              [-71.692987854890973, 42.380644057279873],
              [-71.693720745, 42.379305658],
              [-71.695667903, 42.377982824],
              [-71.696359427, 42.376975479],
              [-71.697551425, 42.375760562],
              [-71.696885711, 42.374375449],
              [-71.694528931, 42.372055737],
              [-71.69464021, 42.370136798],
              [-71.6942423, 42.369112742],
              [-71.694064692, 42.36820126],
              [-71.69359995, 42.366999745],
              [-71.697054478, 42.364969901],
              [-71.697766604, 42.364086783],
              [-71.697715267, 42.36247367],
              [-71.698159962, 42.361659628],
              [-71.698251674, 42.360143227],
              [-71.697968608, 42.359410913],
              [-71.699155571, 42.358540679],
              [-71.699201149, 42.356308071],
              [-71.698802164, 42.355287089],
              [-71.698872851, 42.354160997],
              [-71.698385632, 42.352906469],
              [-71.699006251, 42.351765383],
              [-71.69893252, 42.351275711],
              [-71.699265238, 42.350940739],
              [-71.700143283, 42.349410196],
              [-71.701852391, 42.348486088],
              [-71.702029912, 42.347292715],
              [-71.702180535, 42.347036639],
              [-71.702043546, 42.346193641],
              [-71.702262668, 42.345812017],
              [-71.702517237, 42.344121011],
              [-71.704982168, 42.343881001],
              [-71.706102489, 42.343080364],
              [-71.705656436, 42.341975674],
              [-71.705847123, 42.340397039],
              [-71.706294576, 42.339806713],
              [-71.708442981, 42.339905818],
              [-71.710382298, 42.338932564],
              [-71.71130964, 42.337710447],
              [-71.712107791, 42.337712574],
              [-71.712704966, 42.338791969],
              [-71.712021093, 42.339481145],
              [-71.711214779, 42.34049678],
              [-71.712125479, 42.341361018],
              [-71.712147331, 42.342394267],
              [-71.71284197, 42.34305143],
              [-71.712751166, 42.344864722],
              [-71.710428212, 42.34558592],
              [-71.710185301, 42.347228226],
              [-71.711582748, 42.348271149],
              [-71.711685765, 42.348446841],
              [-71.71216153, 42.348755578],
              [-71.712116999, 42.349361258],
              [-71.713434345, 42.35006494],
              [-71.714303555, 42.350133696],
              [-71.71623185, 42.350734294],
              [-71.718237875, 42.35025458],
              [-71.718714454, 42.349350232],
              [-71.720129085, 42.347442387],
              [-71.719696807, 42.346497488],
              [-71.720584947, 42.346430094],
              [-71.721969319, 42.345535768],
              [-71.722927014, 42.345605145],
              [-71.722847067, 42.345198823],
              [-71.723131234, 42.34353953],
              [-71.72286303, 42.342167828],
              [-71.723673131, 42.3409254],
              [-71.724995006, 42.340604049],
              [-71.726933892, 42.340693108],
              [-71.727843787, 42.340116412],
              [-71.728340415, 42.339984967],
              [-71.728682378, 42.340718661],
              [-71.728807383, 42.341596103],
              [-71.730910918, 42.342268991],
              [-71.731145548, 42.342739526],
              [-71.732809373, 42.342421713],
              [-71.733588477, 42.341664006],
              [-71.734302591, 42.34115492],
              [-71.734610965, 42.338696589],
              [-71.73523868, 42.337616418],
              [-71.737345479, 42.337167689],
              [-71.740200358, 42.33805658],
              [-71.741305265, 42.338144218],
              [-71.742237563, 42.338433908],
              [-71.74357203, 42.337130234],
              [-71.74532289, 42.338443869],
              [-71.746283883, 42.338520216],
              [-71.747168152, 42.338795276],
              [-71.748890944, 42.33864344],
              [-71.748934306, 42.337874045],
              [-71.749899737, 42.336509592],
              [-71.751172643, 42.336673643]
            ]
          ],
          [
            [
              [-71.690451053315059, 42.407626050453523],
              [-71.690635190284794, 42.407800304365551],
              [-71.690450844, 42.40762641],
              [-71.690451053315059, 42.407626050453523]
            ]
          ],
          [
            [
              [-71.690630542292368, 42.40514616011798],
              [-71.691664, 42.405543],
              [-71.69073584663424, 42.407136852811931],
              [-71.691663599, 42.405543226],
              [-71.690630542292368, 42.40514616011798]
            ]
          ],
          [
            [
              [-71.687661653254949, 42.404474953921827],
              [-71.687829991674661, 42.404617992925864],
              [-71.687829861, 42.404617984],
              [-71.687661653254949, 42.404474953921827]
            ]
          ],
          [
            [
              [-71.687663, 42.403544],
              [-71.687662948678778, 42.403551929128732],
              [-71.687662997987246, 42.403543995940311],
              [-71.687663, 42.403544]
            ]
          ],
          [
            [
              [-71.687133, 42.402475],
              [-71.68734079432754, 42.402894117237999],
              [-71.68713293507183, 42.402474975474213],
              [-71.687133, 42.402475]
            ]
          ],
          [
            [
              [-71.685601780555572, 42.40224346332937],
              [-71.686585, 42.402268],
              [-71.687075497275544, 42.402453279080362],
              [-71.686584833, 42.402268218],
              [-71.685601780555572, 42.40224346332937]
            ]
          ],
          [
            [
              [-71.684669135701668, 42.401794076225379],
              [-71.685069249664721, 42.40201882537842],
              [-71.68466911, 42.401794361],
              [-71.684669135701668, 42.401794076225379]
            ]
          ],
          [
            [
              [-71.682695946, 42.399394023],
              [-71.682699930893989, 42.399245582191938],
              [-71.682696, 42.399394],
              [-71.683565, 42.400393],
              [-71.684731, 42.401107],
              [-71.684730968484956, 42.40110734920696],
              [-71.683564744, 42.400393436],
              [-71.682695946, 42.399394023]
            ]
          ],
          [
            [
              [-71.684822663, 42.395185801],
              [-71.68597596, 42.394411976],
              [-71.686310993847414, 42.394221060589295],
              [-71.685976, 42.394412],
              [-71.684823, 42.395186],
              [-71.68191, 42.396325],
              [-71.68210315367709, 42.396717409414457],
              [-71.681909821, 42.396324879],
              [-71.684822663, 42.395185801]
            ]
          ],
          [
            [
              [-71.688869501, 42.3867321],
              [-71.688380422335953, 42.386317510934738],
              [-71.68887, 42.386732],
              [-71.688813, 42.388714],
              [-71.688949482511049, 42.389954528537935],
              [-71.688812701, 42.388713538],
              [-71.688869501, 42.3867321]
            ]
          ],
          [
            [
              [-71.687581284737803, 42.383990874202595],
              [-71.686418176459043, 42.384726888336836],
              [-71.686417918, 42.384726682],
              [-71.687581284737803, 42.383990874202595]
            ]
          ],
          [
            [
              [-71.69157, 42.382556],
              [-71.691057137335818, 42.382679603591733],
              [-71.691570059984485, 42.382555908158203],
              [-71.69157, 42.382556]
            ]
          ],
          [
            [
              [-71.687753, 42.403771],
              [-71.687846, 42.403512],
              [-71.688201, 42.40358],
              [-71.688108, 42.403839],
              [-71.687753, 42.403771]
            ]
          ]
        ]
      }
    },
    {
      "type": "Feature",
      "properties": {
        "catchment": "Scituate RI",
        "supplies": "Providence",
        "outlet": "Gainer Memorial Dam",
        "outlet_lon": -71.585513,
        "outlet_lat": 41.7522141,
        "nldi_comid": 6129639,
        "component_comids": "6129639",
        "delineated_area_km2": 243.02,
        "official_area_km2": 240.351,
        "area_difference_pct": 1.111,
        "validation_status": "pass",
        "delineation_method": "USGS NLDI NHDPlusV2 full-resolution upstream basin with the complete terminal catchment replaced by its point-specific upstream split",
        "area_source": "Providence Water Scituate watershed (92.8 mi2)",
        "area_url": "https://www.provwater.com/about-us/providence-water-faq"
      },
      "geometry": {
        "type": "MultiPolygon",
        "coordinates": [
          [
            [
              [-71.563484, 41.761648],
              [-71.563428306550122, 41.761961209353849],
              [-71.563483859, 41.761648139],
              [-71.562703840770638, 41.761301232297846],
              [-71.563484, 41.761648]
            ]
          ],
          [
            [
              [-71.561564973502414, 41.759667829237763],
              [-71.561565, 41.759668],
              [-71.560703, 41.759963],
              [-71.560651134591069, 41.760220452391344],
              [-71.560702569, 41.759962813],
              [-71.561564973502414, 41.759667829237763]
            ]
          ],
          [
            [
              [-71.56128483691927, 41.75847955637547],
              [-71.561412, 41.758682],
              [-71.561497532764989, 41.759233211152115],
              [-71.561411696, 41.758681759],
              [-71.56128483691927, 41.75847955637547]
            ]
          ],
          [
            [
              [-71.560649902669155, 41.757143544351329],
              [-71.560737, 41.757775],
              [-71.560950629385999, 41.757995750365531],
              [-71.560736639, 41.757775406],
              [-71.560649902669155, 41.757143544351329]
            ]
          ],
          [
            [
              [-71.561564, 41.7544],
              [-71.56156391002078, 41.754400030790229],
              [-71.561517454321418, 41.75430237342286],
              [-71.561564, 41.7544]
            ]
          ],
          [
            [
              [-71.561915177, 41.752459503],
              [-71.562334745, 41.752237694],
              [-71.563217906165875, 41.752039306053412],
              [-71.562335, 41.752238],
              [-71.561915, 41.75246],
              [-71.561106, 41.752737],
              [-71.56088838514853, 41.752893325820224],
              [-71.56110598, 41.752736744],
              [-71.561915177, 41.752459503]
            ]
          ],
          [
            [
              [-71.565576695198189, 41.750664584170551],
              [-71.56509, 41.750832],
              [-71.564361179654597, 41.751515847765098],
              [-71.565090203, 41.750831719],
              [-71.565576695198189, 41.750664584170551]
            ]
          ],
          [
            [
              [-71.566177411382753, 41.747345548645548],
              [-71.565352, 41.748928],
              [-71.566154, 41.750466],
              [-71.566153751256124, 41.750466085564156],
              [-71.565351854, 41.748927836],
              [-71.566177411382753, 41.747345548645548]
            ]
          ],
          [
            [
              [-71.565125257755412, 41.744539149731715],
              [-71.565494401723456, 41.744753587732561],
              [-71.565125234, 41.744539263],
              [-71.565125257755412, 41.744539149731715]
            ]
          ],
          [
            [
              [-71.567485663, 41.742576951],
              [-71.567485803880331, 41.74257706739651],
              [-71.566549, 41.742899],
              [-71.566285170666603, 41.743037868981915],
              [-71.566549186, 41.742898808],
              [-71.567485663, 41.742576951]
            ]
          ],
          [
            [
              [-71.569487629, 41.74391069],
              [-71.570061138192997, 41.744375854720175],
              [-71.570061, 41.744376],
              [-71.569488, 41.743911],
              [-71.568438, 41.743364],
              [-71.567971798937023, 41.74297860059184],
              [-71.568438022, 41.743363798],
              [-71.569487629, 41.74391069]
            ]
          ],
          [
            [
              [-71.573389556, 41.74124567],
              [-71.574031603, 41.741074578],
              [-71.574609555, 41.74103399],
              [-71.574609638403246, 41.741034025649597],
              [-71.574032, 41.741075],
              [-71.57339, 41.741246],
              [-71.572485, 41.742879],
              [-71.571394900917525, 41.743427177107726],
              [-71.572485047, 41.742878627],
              [-71.573389556, 41.74124567]
            ]
          ],
          [
            [
              [-71.577860147812132, 41.742338996287927],
              [-71.57786, 41.742339],
              [-71.575903, 41.741587],
              [-71.575328024941385, 41.741341090326827],
              [-71.575903485, 41.741587063],
              [-71.577860147812132, 41.742338996287927]
            ]
          ],
          [
            [
              [-71.583543154517045, 41.742869717294724],
              [-71.581165, 41.742256],
              [-71.578266168089726, 41.742328799712119],
              [-71.581165388, 41.742255513],
              [-71.583543154517045, 41.742869717294724]
            ]
          ],
          [
            [
              [-71.583558897614779, 41.743021007376733],
              [-71.58355200010233, 41.742872002210596],
              [-71.583552038, 41.742872012],
              [-71.583558897614779, 41.743021007376733]
            ]
          ],
          [
            [
              [-71.583625, 41.744449],
              [-71.583624974586385, 41.744448450996202],
              [-71.584243213710764, 41.744136314881828],
              [-71.583625, 41.744449]
            ]
          ],
          [
            [
              [-71.586187513224544, 41.743581101411557],
              [-71.586139915033471, 41.743591017701362],
              [-71.586187505, 41.743581089],
              [-71.586187513224544, 41.743581101411557]
            ]
          ],
          [
            [
              [-71.587073, 41.744918],
              [-71.586695486545608, 41.744347677414098],
              [-71.587073308580784, 41.744917843785792],
              [-71.587073, 41.744918]
            ]
          ],
          [
            [
              [-71.590926147, 41.744499578],
              [-71.593064368, 41.746704944],
              [-71.593961156, 41.745290234],
              [-71.595337003, 41.744590973],
              [-71.597652935, 41.744647737],
              [-71.599730104, 41.744501196],
              [-71.600374981, 41.744668359],
              [-71.601507145, 41.744587754],
              [-71.603479644, 41.744636353],
              [-71.604681741, 41.743534128],
              [-71.606110911, 41.743261977],
              [-71.606939046, 41.743161424],
              [-71.608585512, 41.739687366],
              [-71.608465258, 41.738738312],
              [-71.609667635, 41.737585247],
              [-71.609117672, 41.736012678],
              [-71.609330445, 41.732724412],
              [-71.608745162, 41.73158135],
              [-71.610480445, 41.731371744],
              [-71.611469698, 41.730867133],
              [-71.612582931, 41.731251638],
              [-71.614219265, 41.73269024],
              [-71.615497369, 41.732858693],
              [-71.616191692, 41.733926453],
              [-71.61504726, 41.73433934],
              [-71.615326704, 41.73650804],
              [-71.61453602, 41.738170701],
              [-71.615025199, 41.738693103],
              [-71.616864032, 41.738935442],
              [-71.617724215, 41.739157196],
              [-71.618441824, 41.73925173],
              [-71.619473767, 41.739518633],
              [-71.620342881, 41.73963274],
              [-71.622096679, 41.742277344],
              [-71.622581354, 41.743423565],
              [-71.623036875, 41.744321609],
              [-71.622713879, 41.746221],
              [-71.622817954, 41.747051024],
              [-71.622771506, 41.748172406],
              [-71.622893051, 41.749118417],
              [-71.623458176, 41.749724759],
              [-71.622994347, 41.750699323],
              [-71.622872898, 41.751222601],
              [-71.624177671, 41.752175629],
              [-71.625174689, 41.751847767],
              [-71.62694831, 41.749978956],
              [-71.629475327, 41.749425241],
              [-71.631313971, 41.748413501],
              [-71.633287513, 41.747980018],
              [-71.634390754, 41.746609448],
              [-71.635799331, 41.746262618],
              [-71.637313266, 41.747386955],
              [-71.63782143, 41.747608667],
              [-71.637370581, 41.749340384],
              [-71.638022873, 41.750263401],
              [-71.639313614, 41.748629157],
              [-71.640840017, 41.748479367],
              [-71.643046827, 41.749173528],
              [-71.643959181, 41.748273767],
              [-71.643619153, 41.74741334],
              [-71.644894538, 41.745623455],
              [-71.646726479, 41.746199605],
              [-71.64801155, 41.745820116],
              [-71.650077656, 41.745422712],
              [-71.650580877, 41.744931032],
              [-71.651858654, 41.744009865],
              [-71.652013156, 41.742996067],
              [-71.653484985, 41.742123234],
              [-71.654325563, 41.740267689],
              [-71.654329144, 41.739827752],
              [-71.653477884, 41.738489634],
              [-71.65597793, 41.737993105],
              [-71.656732551, 41.737487223],
              [-71.656759488, 41.736981434],
              [-71.658259799, 41.736193124],
              [-71.658277966, 41.735811226],
              [-71.659250505, 41.735550986],
              [-71.661620639, 41.733981313],
              [-71.662099128, 41.733178471],
              [-71.662774817, 41.733473598],
              [-71.663516273, 41.735551472],
              [-71.663557684, 41.736939784],
              [-71.663934068, 41.737913231],
              [-71.66472819, 41.737477736],
              [-71.666841799, 41.737011365],
              [-71.668708839, 41.736826436],
              [-71.669930312, 41.737733595],
              [-71.671506583, 41.737888678],
              [-71.672712592, 41.738243951],
              [-71.675594917, 41.737562172],
              [-71.679953806, 41.735164909],
              [-71.681001969, 41.735998421],
              [-71.680828139, 41.736952138],
              [-71.680868747, 41.738045773],
              [-71.680578685, 41.738549445],
              [-71.680465449, 41.739315677],
              [-71.67970939, 41.739859281],
              [-71.678334812, 41.741882391],
              [-71.676972935, 41.742860035],
              [-71.676301498, 41.743959093],
              [-71.677161264, 41.744248524],
              [-71.678094749, 41.744743796],
              [-71.679070625, 41.744540332],
              [-71.68144965, 41.744500585],
              [-71.682146758, 41.743825418],
              [-71.683329791, 41.743252716],
              [-71.684538851, 41.745254988],
              [-71.685504189, 41.745859184],
              [-71.686555209, 41.744549742],
              [-71.68815899, 41.744461995],
              [-71.688805566, 41.745535081],
              [-71.692079698, 41.744459784],
              [-71.692724626, 41.74365002],
              [-71.693433719, 41.742924084],
              [-71.694916198, 41.743360605],
              [-71.696629138, 41.743527643],
              [-71.700467025, 41.741307416],
              [-71.702778191, 41.741309416],
              [-71.703831602, 41.743636435],
              [-71.703370077, 41.746695293],
              [-71.705694217, 41.746859916],
              [-71.707146917, 41.746436449],
              [-71.708121458, 41.74636891],
              [-71.711362048, 41.749214976],
              [-71.713448065, 41.752355771],
              [-71.714687048, 41.754839637],
              [-71.716481819, 41.756698857],
              [-71.716407203, 41.757390241],
              [-71.716993768, 41.760291718],
              [-71.71650334, 41.761262348],
              [-71.713653728, 41.762961429],
              [-71.711598452, 41.76470426],
              [-71.712423178, 41.766286696],
              [-71.711476575, 41.767650034],
              [-71.711479564, 41.768089019],
              [-71.711728215, 41.768663036],
              [-71.710767703, 41.769601527],
              [-71.711517815, 41.770267871],
              [-71.711990058, 41.771171843],
              [-71.714405734, 41.771279103],
              [-71.71441524, 41.772826726],
              [-71.715086676, 41.774013707],
              [-71.716228885, 41.774385357],
              [-71.717316449, 41.773833934],
              [-71.71940035, 41.775309268],
              [-71.721977444, 41.776403276],
              [-71.72339476, 41.776130737],
              [-71.724868948, 41.776509955],
              [-71.725766527, 41.776627635],
              [-71.727047202, 41.776956563],
              [-71.729043238, 41.775894824],
              [-71.72965563, 41.775159791],
              [-71.730297625, 41.774473757],
              [-71.731233231, 41.772991303],
              [-71.733744143, 41.773973808],
              [-71.73418286, 41.774442544],
              [-71.733077086, 41.776787424],
              [-71.73343993, 41.777337889],
              [-71.734663101, 41.777497625],
              [-71.736137378, 41.777876715],
              [-71.739466314, 41.776680686],
              [-71.741606994, 41.777482403],
              [-71.741751544, 41.77763795],
              [-71.741747366, 41.778728218],
              [-71.742607786, 41.779465334],
              [-71.743664397, 41.780411218],
              [-71.74515333, 41.781329879],
              [-71.74622447, 41.782052307],
              [-71.747914063, 41.784378773],
              [-71.749824823, 41.785914303],
              [-71.753051054, 41.789556973],
              [-71.755115585, 41.789197477],
              [-71.755980285, 41.789391926],
              [-71.75784488, 41.791955328],
              [-71.760591047, 41.792789704],
              [-71.762551677, 41.793106062],
              [-71.763551087, 41.791939838],
              [-71.764306565, 41.791330674],
              [-71.765317622, 41.792722137],
              [-71.766043446, 41.793558705],
              [-71.767059874, 41.793722702],
              [-71.768039394, 41.79394129],
              [-71.76925713, 41.793867962],
              [-71.769834452, 41.793845795],
              [-71.769948696, 41.794236833],
              [-71.77096673, 41.794894654],
              [-71.770489552, 41.795331131],
              [-71.77060912, 41.796703799],
              [-71.772512734, 41.797962565],
              [-71.771833418, 41.798671922],
              [-71.772286102, 41.801477772],
              [-71.770444622, 41.803232329],
              [-71.769291664, 41.805530497],
              [-71.76852231, 41.80606237],
              [-71.768525658, 41.806501372],
              [-71.76906846, 41.807457508],
              [-71.768149787, 41.808860139],
              [-71.768581566, 41.809847977],
              [-71.771090941, 41.811105147],
              [-71.77134355, 41.81158663],
              [-71.771090256, 41.811970908],
              [-71.771477354, 41.81285273],
              [-71.772035756, 41.81334967],
              [-71.772735778, 41.81479166],
              [-71.774448, 41.817224713],
              [-71.774432542, 41.819112632],
              [-71.77403098, 41.819451121],
              [-71.77415738, 41.819891031],
              [-71.77431524, 41.82004258],
              [-71.774428314, 41.820653108],
              [-71.774985617, 41.821186613],
              [-71.775181238, 41.82224486],
              [-71.776043486, 41.824192052],
              [-71.776262496, 41.82538359],
              [-71.775039919, 41.827413088],
              [-71.775266941, 41.827983808],
              [-71.775300588, 41.829400603],
              [-71.775788197, 41.831660085],
              [-71.777804562, 41.832403419],
              [-71.779003486, 41.833498461],
              [-71.778745518, 41.833945732],
              [-71.779493978, 41.835168573],
              [-71.779607123, 41.835779107],
              [-71.779933651, 41.836517202],
              [-71.780009067, 41.836702697],
              [-71.780493884, 41.837076118],
              [-71.780606674, 41.838202872],
              [-71.781405545, 41.839399653],
              [-71.781787539, 41.840529382],
              [-71.78217035, 41.840825842],
              [-71.782339003, 41.841412391],
              [-71.782146207, 41.842888531],
              [-71.780845571, 41.842911595],
              [-71.779701149, 41.843007932],
              [-71.778184741, 41.841514257],
              [-71.777151236, 41.841413224],
              [-71.776987645, 41.842324568],
              [-71.776781507, 41.842708198],
              [-71.776909916, 41.843541397],
              [-71.776695634, 41.845426903],
              [-71.777047004, 41.846344045],
              [-71.776904793, 41.846613315],
              [-71.777628028, 41.848489414],
              [-71.778791114, 41.849321018],
              [-71.778786559, 41.850430675],
              [-71.779123077, 41.851173937],
              [-71.778669683, 41.851791532],
              [-71.777291067, 41.85193492],
              [-71.776512021, 41.852077595],
              [-71.774829805, 41.852132361],
              [-71.771641014, 41.854320239],
              [-71.770303966, 41.854495361],
              [-71.769224172, 41.855022955],
              [-71.769507, 41.857329796],
              [-71.768648238, 41.859275611],
              [-71.767559112, 41.860128314],
              [-71.766777193, 41.863085824],
              [-71.766191304, 41.864176979],
              [-71.764747859, 41.86503416],
              [-71.763622401, 41.866138589],
              [-71.762454317, 41.867861573],
              [-71.762735861, 41.868128894],
              [-71.762461982, 41.868537418],
              [-71.761656098, 41.868987724],
              [-71.761832671, 41.869618076],
              [-71.761989898, 41.869771676],
              [-71.763027948, 41.871488662],
              [-71.764164881, 41.872129174],
              [-71.765769524, 41.873856431],
              [-71.767059412, 41.873981805],
              [-71.767277447, 41.875093135],
              [-71.76680053, 41.875975769],
              [-71.766622029, 41.876978487],
              [-71.765025467, 41.877005309],
              [-71.764263111, 41.877166333],
              [-71.762363749, 41.877367705],
              [-71.761909191, 41.879914065],
              [-71.760737914, 41.880615721],
              [-71.760440995, 41.880989523],
              [-71.761554012, 41.883009937],
              [-71.760880897, 41.88418073],
              [-71.761498417, 41.885309277],
              [-71.760484257, 41.88659644],
              [-71.758283211, 41.887848345],
              [-71.757277055, 41.88776768],
              [-71.755938795, 41.887329861],
              [-71.754135168, 41.886745258],
              [-71.752639658, 41.887681207],
              [-71.751104591, 41.887633117],
              [-71.750102418, 41.889383703],
              [-71.746867753, 41.890448794],
              [-71.745791272, 41.891479288],
              [-71.744176912, 41.891322795],
              [-71.742984058, 41.890972319],
              [-71.741710773, 41.890848863],
              [-71.740347177, 41.890449305],
              [-71.738710475, 41.890289526],
              [-71.737922368, 41.890057929],
              [-71.736470267, 41.890239969],
              [-71.736108405, 41.889502465],
              [-71.734293541, 41.889380906],
              [-71.732393817, 41.889847082],
              [-71.731504125, 41.889188861],
              [-71.731372965, 41.888265103],
              [-71.731122048, 41.887712376],
              [-71.731132942, 41.885840533],
              [-71.729448028, 41.883976025],
              [-71.728173088, 41.883492672],
              [-71.728001663, 41.883346032],
              [-71.726706528, 41.883218195],
              [-71.72546253, 41.883327523],
              [-71.72285491, 41.882474099],
              [-71.722306063, 41.882430227],
              [-71.720967519, 41.882010335],
              [-71.719954423, 41.882231149],
              [-71.718307086, 41.88203546],
              [-71.715789385, 41.881343157],
              [-71.714072698, 41.87968552],
              [-71.712910699, 41.878652095],
              [-71.712831356, 41.877069193],
              [-71.712141302, 41.876031313],
              [-71.710400968, 41.875120383],
              [-71.710001878, 41.874190456],
              [-71.7092682, 41.873408313],
              [-71.708514168, 41.87226931],
              [-71.70738818, 41.871980006],
              [-71.706034341, 41.871802721],
              [-71.705561886, 41.870466731],
              [-71.706915112, 41.869038372],
              [-71.706651999, 41.867725373],
              [-71.70650734, 41.867569772],
              [-71.70618216, 41.866829438],
              [-71.706160202, 41.865963441],
              [-71.704390008, 41.865303211],
              [-71.703309037, 41.863512248],
              [-71.70339944, 41.861915458],
              [-71.702940837, 41.861153746],
              [-71.701478622, 41.860073157],
              [-71.700969441, 41.859851668],
              [-71.699578183, 41.860674997],
              [-71.699943075, 41.861617885],
              [-71.69800169, 41.862682778],
              [-71.694604071, 41.862351991],
              [-71.693759759, 41.862528203],
              [-71.692833384, 41.862256619],
              [-71.691970046, 41.862436733],
              [-71.691024968, 41.861936337],
              [-71.690468177, 41.861882104],
              [-71.689957283, 41.861731694],
              [-71.689292725, 41.861666433],
              [-71.688492555, 41.86266204],
              [-71.687148805, 41.863102502],
              [-71.686527893, 41.863444066],
              [-71.685492486, 41.863645117],
              [-71.683489531, 41.864120908],
              [-71.681602918, 41.864004127],
              [-71.680224796, 41.864292824],
              [-71.677199337, 41.863377195],
              [-71.676507943, 41.862079987],
              [-71.676097566, 41.85997512],
              [-71.674540726, 41.857407744],
              [-71.672688962, 41.855571673],
              [-71.672266666, 41.85487417],
              [-71.671221644, 41.854870766],
              [-71.669157208, 41.856214696],
              [-71.66902006, 41.857427962],
              [-71.670152957, 41.859301944],
              [-71.671300952, 41.862176008],
              [-71.671782354, 41.863650397],
              [-71.671594734, 41.864989278],
              [-71.667329928, 41.867958558],
              [-71.666930209, 41.869612775],
              [-71.665045745, 41.871887989],
              [-71.665085809, 41.874289688],
              [-71.665337242, 41.875435012],
              [-71.66626842, 41.876355199],
              [-71.668056087, 41.879315863],
              [-71.668364672, 41.879622234],
              [-71.667634944, 41.88083172],
              [-71.668775868, 41.881641815],
              [-71.668786618, 41.882074824],
              [-71.669631476, 41.883469894],
              [-71.669724451, 41.884101742],
              [-71.666866013, 41.885542885],
              [-71.666114817, 41.886316223],
              [-71.665904012, 41.887488277],
              [-71.662402628, 41.888636479],
              [-71.660738228, 41.889546618],
              [-71.659492911, 41.889956114],
              [-71.659288633, 41.891076387],
              [-71.658562998, 41.891314328],
              [-71.658265488, 41.8916879],
              [-71.656804431, 41.892488891],
              [-71.656666411, 41.893240805],
              [-71.654898105, 41.894210996],
              [-71.654368303, 41.894295041],
              [-71.654009107, 41.894593908],
              [-71.652689389, 41.895575901],
              [-71.647752606, 41.896177297],
              [-71.646591737, 41.896894287],
              [-71.645561664, 41.897607274],
              [-71.64367934, 41.897739979],
              [-71.642392937, 41.897619497],
              [-71.641356471, 41.897242957],
              [-71.639654024, 41.898374066],
              [-71.639324147, 41.899383513],
              [-71.638973484, 41.900286078],
              [-71.638602205, 41.901428311],
              [-71.642167498, 41.904087212],
              [-71.643675935, 41.905237002],
              [-71.64185353, 41.909712752],
              [-71.640566911, 41.90959225],
              [-71.637142888, 41.91081566],
              [-71.6358328, 41.90884426],
              [-71.634431855, 41.909110958],
              [-71.63347125, 41.907661793],
              [-71.631509808, 41.907404423],
              [-71.629138932, 41.906496195],
              [-71.628940459, 41.904972131],
              [-71.629820403, 41.904301702],
              [-71.629013574, 41.902404614],
              [-71.627914228, 41.902121946],
              [-71.62475854, 41.9043097],
              [-71.621958268, 41.905317453],
              [-71.621487096, 41.904361193],
              [-71.619670455, 41.903416853],
              [-71.618499345, 41.900875325],
              [-71.618505247, 41.900214796],
              [-71.616677696, 41.8965772],
              [-71.618749263, 41.895798122],
              [-71.618383396, 41.894777716],
              [-71.617163356, 41.894041689],
              [-71.617354845, 41.89333905],
              [-71.617637623, 41.892710362],
              [-71.61708498, 41.892577595],
              [-71.616542889, 41.892497761],
              [-71.615952837, 41.892090277],
              [-71.615313803, 41.89170473],
              [-71.615173493, 41.891107998],
              [-71.614384022, 41.88974148],
              [-71.616107074, 41.888388329],
              [-71.616281933, 41.88799653],
              [-71.616087857, 41.887418651],
              [-71.616154408, 41.885646862],
              [-71.615681257, 41.884960908],
              [-71.615394439, 41.884643415],
              [-71.614188094, 41.882746919],
              [-71.612681764, 41.881197435],
              [-71.611169115, 41.880095032],
              [-71.607851977, 41.876250484],
              [-71.605606217, 41.87567117],
              [-71.604702069, 41.875551577],
              [-71.603594323, 41.874897703],
              [-71.602691297, 41.872761872],
              [-71.602097044, 41.872762826],
              [-71.600969562, 41.872873994],
              [-71.598921045, 41.872781023],
              [-71.598404598, 41.872596662],
              [-71.597152766, 41.872891673],
              [-71.596057091, 41.871857765],
              [-71.593871813, 41.87216494],
              [-71.593237029, 41.871834204],
              [-71.591792629, 41.871943541],
              [-71.591629863, 41.87271345],
              [-71.590940588, 41.872832423],
              [-71.590231503, 41.869345581],
              [-71.589539133, 41.868632216],
              [-71.588403879, 41.868501338],
              [-71.586926164, 41.868094077],
              [-71.58660683, 41.868264036],
              [-71.586146852, 41.868003904],
              [-71.585442266, 41.867984504],
              [-71.583812495, 41.866173457],
              [-71.582414266, 41.865675383],
              [-71.58131523, 41.864783599],
              [-71.578778875, 41.863767323],
              [-71.576643889, 41.863834814],
              [-71.575915081, 41.863421862],
              [-71.574834191, 41.863072856],
              [-71.57389968, 41.862313564],
              [-71.573376635, 41.862098559],
              [-71.571742526, 41.859674539],
              [-71.57226321, 41.858495257],
              [-71.571566459, 41.856888494],
              [-71.569923763, 41.85546131],
              [-71.569025889, 41.854748044],
              [-71.568966926, 41.853677429],
              [-71.567446135, 41.852979939],
              [-71.565516287, 41.850199575],
              [-71.562842522, 41.848071034],
              [-71.562019642, 41.845896055],
              [-71.563078972, 41.845233832],
              [-71.563285976, 41.844472507],
              [-71.563517019, 41.84438515],
              [-71.563642569, 41.843670857],
              [-71.563535258, 41.843279669],
              [-71.563055705, 41.843009122],
              [-71.561507041, 41.843494194],
              [-71.561524668, 41.841781011],
              [-71.559620862, 41.841729358],
              [-71.558631354, 41.840779443],
              [-71.55642576, 41.839679342],
              [-71.556186609, 41.839196516],
              [-71.556015652, 41.839049656],
              [-71.556746949, 41.838334738],
              [-71.555614438, 41.837324573],
              [-71.555947906, 41.83681846],
              [-71.555988774, 41.83630869],
              [-71.557117077, 41.835535364],
              [-71.558021452, 41.834170612],
              [-71.558056533, 41.833759364],
              [-71.558883422, 41.832512808],
              [-71.559582609, 41.832315855],
              [-71.560467254, 41.831450887],
              [-71.560219621, 41.830876539],
              [-71.560217577, 41.830437521],
              [-71.559490292, 41.82962615],
              [-71.557522753, 41.826245834],
              [-71.557291271, 41.825988683],
              [-71.557238868, 41.824867344],
              [-71.554488255, 41.821919951],
              [-71.554457873, 41.82128049],
              [-71.554861408, 41.820660192],
              [-71.556433143, 41.819401086],
              [-71.556771317, 41.818585086],
              [-71.556381056, 41.81643436],
              [-71.557463586, 41.815014343],
              [-71.558524555, 41.814165222],
              [-71.557242086, 41.811912985],
              [-71.55847702, 41.811646691],
              [-71.559482894, 41.811874222],
              [-71.560074076, 41.811402949],
              [-71.557958666, 41.808949144],
              [-71.559879782, 41.808192106],
              [-71.56032745, 41.807250069],
              [-71.561045798, 41.806899846],
              [-71.560802029, 41.806430215],
              [-71.561521793, 41.805993628],
              [-71.561028381, 41.805284987],
              [-71.561082217, 41.804821079],
              [-71.560445086, 41.80413655],
              [-71.558980799, 41.801323826],
              [-71.557805256, 41.800304184],
              [-71.558262956, 41.799795141],
              [-71.557480743, 41.798348184],
              [-71.553295068, 41.793465319],
              [-71.552091642, 41.792705517],
              [-71.551553293, 41.790921344],
              [-71.550950238, 41.788660008],
              [-71.550468528, 41.787655742],
              [-71.550056013, 41.786737461],
              [-71.549195309, 41.784935122],
              [-71.550336738, 41.784155928],
              [-71.551858227, 41.783760208],
              [-71.554120053, 41.783231953],
              [-71.554215138, 41.782339616],
              [-71.551898759, 41.778657475],
              [-71.551742827, 41.777431607],
              [-71.553053354, 41.777182324],
              [-71.555821119, 41.77684864],
              [-71.556168825, 41.774885543],
              [-71.556135498, 41.773365096],
              [-71.557354145, 41.772648534],
              [-71.55765241, 41.772273219],
              [-71.557942214, 41.771888682],
              [-71.558620409, 41.771238367],
              [-71.559397781, 41.770046326],
              [-71.561139228, 41.768884288],
              [-71.560918394, 41.767263603],
              [-71.560028451, 41.766498581],
              [-71.560062697, 41.765760162],
              [-71.560839141, 41.765015208],
              [-71.561418652, 41.764246126],
              [-71.562098014, 41.76378989],
              [-71.562130603, 41.763171361],
              [-71.562676226, 41.762826712],
              [-71.563274317, 41.76282903],
              [-71.563274326414941, 41.762828976941336],
              [-71.564364, 41.762752],
              [-71.565406, 41.763669],
              [-71.566528, 41.764177],
              [-71.567269, 41.764274],
              [-71.567785, 41.764408],
              [-71.568155, 41.764457],
              [-71.569102, 41.765129],
              [-71.572745, 41.764873],
              [-71.57424, 41.762506],
              [-71.576396, 41.761365],
              [-71.577294, 41.760544],
              [-71.577833, 41.758306],
              [-71.578063, 41.757823],
              [-71.577833, 41.757168],
              [-71.57891, 41.756782],
              [-71.581843, 41.754991],
              [-71.582712, 41.754678],
              [-71.583153, 41.754164],
              [-71.58554738001439, 41.752732789320959],
              [-71.5853, 41.752685],
              [-71.585485, 41.752166],
              [-71.585836, 41.752234],
              [-71.585689224085115, 41.752648003803394],
              [-71.589164, 41.750571],
              [-71.589704, 41.750356],
              [-71.590141, 41.750152],
              [-71.59098, 41.749822],
              [-71.592008, 41.749128],
              [-71.593695, 41.749156],
              [-71.593104, 41.747286],
              [-71.593064, 41.746705],
              [-71.590926, 41.7445],
              [-71.588276, 41.744309],
              [-71.58770858356263, 41.744596245727649],
              [-71.588276393, 41.744308685],
              [-71.590926147, 41.744499578]
            ]
          ]
        ]
      }
    },
    {
      "type": "Feature",
      "properties": {
        "catchment": "Barkhamsted CT",
        "supplies": "Hartford",
        "outlet": "Saville Dam",
        "outlet_lon": -72.9493754,
        "outlet_lat": 41.9108784,
        "nldi_comid": 6109547,
        "component_comids": "6109547",
        "delineated_area_km2": 136.707,
        "official_area_km2": 139.341,
        "area_difference_pct": -1.89,
        "validation_status": "pass",
        "delineation_method": "USGS NLDI NHDPlusV2 full-resolution upstream basin with the complete terminal catchment replaced by its point-specific upstream split",
        "area_source": "Metropolitan District Barkhamsted watershed (53.8 mi2)",
        "area_url": "https://themdc.org/app/uploads/2020/01/Water-Bureau-Presentation-5_18_16.pdf"
      },
      "geometry": {
        "type": "MultiPolygon",
        "coordinates": [
          [
            [
              [-72.965316366, 41.930850949],
              [-72.965985935, 41.932506153],
              [-72.969305919, 41.933445884],
              [-72.969249394, 41.934818948],
              [-72.969650912, 41.935805965],
              [-72.969698436, 41.93683432],
              [-72.970197308, 41.937723589],
              [-72.970418496, 41.938758722],
              [-72.971000107, 41.939803316],
              [-72.971608351, 41.941240131],
              [-72.97177793, 41.9420274],
              [-72.971558197, 41.942454659],
              [-72.970004575, 41.942016633],
              [-72.970144577, 41.942839532],
              [-72.970444989, 41.943149922],
              [-72.970795832, 41.943659402],
              [-72.971872372, 41.944278233],
              [-72.970801753, 41.946645171],
              [-72.971810524, 41.947413529],
              [-72.972454298, 41.948343166],
              [-72.972101921, 41.951138596],
              [-72.972895869, 41.954240732],
              [-72.973495109, 41.956857478],
              [-72.973790409, 41.957165843],
              [-72.974323572, 41.957936145],
              [-72.975274058, 41.96036317],
              [-72.977150513, 41.96310746],
              [-72.978864701, 41.963313376],
              [-72.978485191, 41.964146477],
              [-72.979216618, 41.966108471],
              [-72.980161279, 41.967086266],
              [-72.97874083, 41.970215243],
              [-72.977438308, 41.971927263],
              [-72.977371297, 41.973698801],
              [-72.976364396, 41.974495556],
              [-72.976690559, 41.975376036],
              [-72.976427087, 41.975950771],
              [-72.977763961, 41.977333317],
              [-72.978449789, 41.978330965],
              [-72.977791325, 41.979313019],
              [-72.979080252, 41.979388685],
              [-72.980433631, 41.979796539],
              [-72.980907363, 41.98058728],
              [-72.982114032, 41.981466981],
              [-72.98216125, 41.982724056],
              [-72.984864169, 41.983481768],
              [-72.986137349, 41.984023882],
              [-72.987360043, 41.984366893],
              [-72.987611885, 41.985364386],
              [-72.987467386, 41.986773295],
              [-72.985511867, 41.988839446],
              [-72.983882534, 41.991960858],
              [-72.982676388, 41.992371887],
              [-72.981067862, 41.993543928],
              [-72.980676504, 41.994202282],
              [-72.981016433, 41.99493741],
              [-72.981140324, 41.995546952],
              [-72.981661174, 41.995883313],
              [-72.983504737, 41.995461842],
              [-72.984858798, 41.996777234],
              [-72.984601329, 41.998662032],
              [-72.984684698, 42.000143666],
              [-72.983818895, 42.000781666],
              [-72.983788037, 42.002393629],
              [-72.985206505, 42.003709913],
              [-72.985194135, 42.004725255],
              [-72.984166801, 42.005057677],
              [-72.982166495, 42.004844272],
              [-72.980624164, 42.00421118],
              [-72.979408877, 42.004456539],
              [-72.978597744, 42.005979624],
              [-72.977930905, 42.006636499],
              [-72.976798482, 42.008189695],
              [-72.975797991, 42.009175503],
              [-72.973682906, 42.012097605],
              [-72.972519535, 42.012886543],
              [-72.972550817, 42.013317411],
              [-72.973432891, 42.016980621],
              [-72.973685424, 42.017242342],
              [-72.973800887, 42.017632392],
              [-72.973753063, 42.018543136],
              [-72.973983996, 42.019323238],
              [-72.973960085, 42.01977861],
              [-72.974260845, 42.02008902],
              [-72.974765675, 42.020822845],
              [-72.975177508, 42.023335474],
              [-72.975899589, 42.024680713],
              [-72.975659236, 42.025203599],
              [-72.972878041, 42.02671737],
              [-72.97269939, 42.028820573],
              [-72.972846381, 42.029798025],
              [-72.973797237, 42.029799203],
              [-72.974263057, 42.030055424],
              [-72.974953037, 42.030361001],
              [-72.976262109, 42.032178712],
              [-72.976345129, 42.034447081],
              [-72.976584714, 42.035114359],
              [-72.976707485, 42.036723029],
              [-72.977150951, 42.039893232],
              [-72.977995648, 42.042271898],
              [-72.979387393, 42.042167464],
              [-72.981108479, 42.042218869],
              [-72.981474344, 42.043628862],
              [-72.981396452, 42.044611861],
              [-72.981340278, 42.045303115],
              [-72.981888996, 42.045872191],
              [-72.982182904, 42.047077024],
              [-72.982148813, 42.048488854],
              [-72.982196386, 42.04991983],
              [-72.982767462, 42.051453414],
              [-72.985733208, 42.052433227],
              [-72.987614694, 42.054297461],
              [-72.989318921, 42.055273713],
              [-72.990014358, 42.056280521],
              [-72.990625784, 42.058795839],
              [-72.989451632, 42.059720175],
              [-72.989691903, 42.061312374],
              [-72.98983981, 42.061466557],
              [-72.990752987, 42.063136625],
              [-72.989588402, 42.064049766],
              [-72.989287587, 42.065399167],
              [-72.991995537, 42.068196734],
              [-72.993086414, 42.069111229],
              [-72.993808484, 42.070948388],
              [-72.99519442, 42.072383662],
              [-72.995313375, 42.072554166],
              [-72.996437036, 42.07316161],
              [-72.998097029, 42.074865619],
              [-72.999983548, 42.07568585],
              [-73.001615057, 42.075359073],
              [-73.002826809, 42.074725222],
              [-73.003679105, 42.074409275],
              [-73.007120268, 42.074291879],
              [-73.010208195, 42.077465342],
              [-73.011603696, 42.079503172],
              [-73.012200816, 42.081014261],
              [-73.012855935, 42.082492694],
              [-73.012887497, 42.082923588],
              [-73.01280727, 42.08391479],
              [-73.013267042, 42.086062482],
              [-73.014357987, 42.087188236],
              [-73.018768356, 42.088280921],
              [-73.018701746, 42.090894337],
              [-73.018414541, 42.091522146],
              [-73.01816374, 42.092654025],
              [-73.019702161, 42.093532729],
              [-73.022018492, 42.093809894],
              [-73.02255045, 42.093940784],
              [-73.026314825, 42.093160414],
              [-73.028113303, 42.091881511],
              [-73.028601818, 42.092124288],
              [-73.029660546, 42.09254154],
              [-73.029675423, 42.093862879],
              [-73.029942417, 42.094853271],
              [-73.030826186, 42.0951266],
              [-73.031627777, 42.09543468],
              [-73.032728107, 42.097164041],
              [-73.033326303, 42.097780589],
              [-73.035955512, 42.098649336],
              [-73.037027852, 42.10019984],
              [-73.038778634, 42.101199778],
              [-73.038863453, 42.102418297],
              [-73.039514257, 42.102790741],
              [-73.040279249, 42.103313334],
              [-73.041991062, 42.105883757],
              [-73.042523365, 42.106434364],
              [-73.043806078, 42.106587685],
              [-73.045575999, 42.106077032],
              [-73.046281994, 42.106250078],
              [-73.045980982, 42.10691967],
              [-73.045857111, 42.10795474],
              [-73.045203673, 42.10822067],
              [-73.043907778, 42.110296499],
              [-73.038573919, 42.114368536],
              [-73.036143327, 42.114394847],
              [-73.034787262, 42.113583972],
              [-73.034374092, 42.112363187],
              [-73.034977908, 42.11082685],
              [-73.03424256, 42.110671092],
              [-73.030878746, 42.113775402],
              [-73.030399547, 42.115500488],
              [-73.028411506, 42.115521521],
              [-73.026571008, 42.114000189],
              [-73.025734348, 42.114181074],
              [-73.024491411, 42.114994141],
              [-73.0235314, 42.115857354],
              [-73.022716412, 42.116253661],
              [-73.020143706, 42.116965106],
              [-73.019498417, 42.116996084],
              [-73.019210413, 42.117380979],
              [-73.017755473, 42.118177195],
              [-73.016382624, 42.119078921],
              [-73.012352412, 42.121030606],
              [-73.013050581, 42.121629759],
              [-73.013570633, 42.122829036],
              [-73.011595914, 42.124261671],
              [-73.011291138, 42.12462626],
              [-73.010360503, 42.124141465],
              [-73.007102285, 42.125404115],
              [-73.005060199, 42.125567217],
              [-73.004987343, 42.126116278],
              [-73.003632503, 42.127523029],
              [-73.001791814, 42.128118659],
              [-73.001382618, 42.128356394],
              [-72.998653263, 42.127975041],
              [-72.997660041, 42.128620619],
              [-72.996776053, 42.128626585],
              [-72.996417184, 42.128294965],
              [-72.995412638, 42.1265264],
              [-72.996118326, 42.123378882],
              [-72.995616428, 42.122493587],
              [-72.995474534, 42.121796587],
              [-72.994471109, 42.122385235],
              [-72.993357665, 42.122636638],
              [-72.992112588, 42.122772431],
              [-72.990839379, 42.123061759],
              [-72.989752781, 42.12265643],
              [-72.989637965, 42.120271],
              [-72.990443857, 42.119255887],
              [-72.991961811, 42.118116277],
              [-72.991786183, 42.117100176],
              [-72.991843641, 42.115775594],
              [-72.98874875, 42.113528575],
              [-72.988032987, 42.113227159],
              [-72.986888253, 42.114760334],
              [-72.983645008, 42.114492563],
              [-72.981793476, 42.115103169],
              [-72.979699318, 42.113027715],
              [-72.9783396, 42.114308146],
              [-72.976339537, 42.113316003],
              [-72.975832886, 42.11199154],
              [-72.975721297, 42.110349157],
              [-72.975056969, 42.109895099],
              [-72.973430359, 42.109068876],
              [-72.972322034, 42.108309723],
              [-72.970502185, 42.107708481],
              [-72.969348564, 42.10713642],
              [-72.968295685, 42.107347844],
              [-72.967318355, 42.107107807],
              [-72.966074985, 42.107465948],
              [-72.965597442, 42.106771602],
              [-72.963891191, 42.10656647],
              [-72.962731642, 42.105366192],
              [-72.963049579, 42.102780751],
              [-72.962094147, 42.102545716],
              [-72.960766346, 42.102386589],
              [-72.96017748, 42.102092918],
              [-72.959795561, 42.102511391],
              [-72.959615039, 42.103239507],
              [-72.958979421, 42.103940008],
              [-72.958379202, 42.104675],
              [-72.956384272, 42.10665365],
              [-72.955675189, 42.106524843],
              [-72.955756871, 42.105409641],
              [-72.953171651, 42.103712803],
              [-72.952590068, 42.103624407],
              [-72.949648192, 42.100334352],
              [-72.949275303, 42.09983594],
              [-72.944451668, 42.099113613],
              [-72.942764715, 42.097403831],
              [-72.941811118, 42.096832202],
              [-72.940828938, 42.096188449],
              [-72.938935199, 42.095336854],
              [-72.93752837, 42.09396501],
              [-72.933776136, 42.091268585],
              [-72.932166083, 42.088878559],
              [-72.931306902, 42.08675461],
              [-72.931166323, 42.086596278],
              [-72.930344866, 42.087429064],
              [-72.929338009, 42.088044632],
              [-72.927870558, 42.089189482],
              [-72.927393647, 42.089348816],
              [-72.92641816, 42.091108818],
              [-72.924539845, 42.091746075],
              [-72.924558713, 42.092631362],
              [-72.926185732, 42.096016564],
              [-72.926426913, 42.097776659],
              [-72.92678075, 42.098557737],
              [-72.925393199, 42.10071991],
              [-72.926794115, 42.103625733],
              [-72.925752044, 42.104240324],
              [-72.925375767, 42.104885356],
              [-72.925312765, 42.105577662],
              [-72.925533123, 42.106144493],
              [-72.925489661, 42.10747612],
              [-72.925594692, 42.109291347],
              [-72.926038194, 42.111236143],
              [-72.926324829, 42.111972619],
              [-72.925414665, 42.113119629],
              [-72.923415119, 42.112388918],
              [-72.920493135, 42.112161749],
              [-72.920259446, 42.112244447],
              [-72.920140606, 42.112073866],
              [-72.91766375, 42.109934993],
              [-72.916447982, 42.108171266],
              [-72.914057498, 42.107380023],
              [-72.912448549, 42.106276536],
              [-72.909648733, 42.106837711],
              [-72.907767504, 42.106610751],
              [-72.90751549, 42.105929077],
              [-72.907368967, 42.10382015],
              [-72.904945465, 42.103527869],
              [-72.903758051, 42.103161616],
              [-72.903686645, 42.102067],
              [-72.902980436, 42.099300218],
              [-72.903021443, 42.097663682],
              [-72.9024516, 42.097523206],
              [-72.90120329, 42.097772983],
              [-72.899818783, 42.096336659],
              [-72.898782034, 42.093696373],
              [-72.895673583, 42.093675247],
              [-72.895301841, 42.092095192],
              [-72.895435751, 42.091559347],
              [-72.895862181, 42.090557575],
              [-72.895749924, 42.086119982],
              [-72.89697724, 42.08476543],
              [-72.896858212, 42.084073406],
              [-72.896652663, 42.083498391],
              [-72.896501026, 42.082902973],
              [-72.895109848, 42.080860845],
              [-72.894816151, 42.079885478],
              [-72.894865046, 42.078974697],
              [-72.894546911, 42.078454722],
              [-72.894747137, 42.077478687],
              [-72.895513281, 42.076671622],
              [-72.896081714, 42.0731947],
              [-72.897575723, 42.072355119],
              [-72.89895695, 42.072319662],
              [-72.899957194, 42.072072294],
              [-72.900877746, 42.07190431],
              [-72.900711713, 42.071229646],
              [-72.901809992, 42.070656874],
              [-72.903223055, 42.067235666],
              [-72.903924138, 42.066620755],
              [-72.904279247, 42.065951451],
              [-72.90410357, 42.061387037],
              [-72.902756788, 42.059318554],
              [-72.902136122, 42.058929138],
              [-72.901815949, 42.05735316],
              [-72.89987291, 42.056634254],
              [-72.900207832, 42.055119358],
              [-72.901999858, 42.052193693],
              [-72.902055949, 42.050773719],
              [-72.902272628, 42.048233464],
              [-72.901839993, 42.046468619],
              [-72.900781711, 42.044730068],
              [-72.901779057, 42.043793592],
              [-72.903213074, 42.042885962],
              [-72.903365476, 42.040640569],
              [-72.903030599, 42.040153186],
              [-72.902882929, 42.039998908],
              [-72.903553679, 42.037296433],
              [-72.904799284, 42.035919498],
              [-72.905259474, 42.035181968],
              [-72.905153241, 42.035009339],
              [-72.904100358, 42.034230281],
              [-72.903733794, 42.033645378],
              [-72.902084927, 42.032822436],
              [-72.902038333, 42.03179394],
              [-72.90146011, 42.030356604],
              [-72.902173631, 42.029216252],
              [-72.903006695, 42.028592039],
              [-72.902459844, 42.028437314],
              [-72.901228076, 42.028328273],
              [-72.901286224, 42.024255646],
              [-72.902648663, 42.021643719],
              [-72.902391579, 42.021396095],
              [-72.90228606, 42.021221432],
              [-72.901610503, 42.020856502],
              [-72.901662842, 42.019726246],
              [-72.901590235, 42.018391882],
              [-72.902646219, 42.017297812],
              [-72.902435534, 42.016947471],
              [-72.901710835, 42.016275677],
              [-72.903174604, 42.014808029],
              [-72.904551875, 42.014362932],
              [-72.905092031, 42.011785728],
              [-72.904768325, 42.009994387],
              [-72.90544798, 42.009598053],
              [-72.906284514, 42.009850927],
              [-72.907437108, 42.00993259],
              [-72.908495878, 42.010710573],
              [-72.909220389, 42.010930054],
              [-72.910787344, 42.010897247],
              [-72.912597107, 42.010701442],
              [-72.913240016, 42.009281669],
              [-72.913079955, 42.009129459],
              [-72.912538174, 42.008263336],
              [-72.91151441, 42.007276988],
              [-72.91056852, 42.005571969],
              [-72.911912475, 42.003030156],
              [-72.913638423, 42.001967534],
              [-72.91436503, 42.00036877],
              [-72.915879297, 41.998888732],
              [-72.91818116, 41.998973623],
              [-72.921274407, 41.99686604],
              [-72.925847938, 41.995277399],
              [-72.926536699, 41.993964224],
              [-72.927495276, 41.993244142],
              [-72.928137036, 41.991826357],
              [-72.927771061, 41.991431602],
              [-72.926211883, 41.988462409],
              [-72.922857553, 41.987338624],
              [-72.921984259, 41.985418157],
              [-72.919937512, 41.982486261],
              [-72.920553004, 41.979247357],
              [-72.92043279, 41.978401982],
              [-72.92242287, 41.97697096],
              [-72.922400334, 41.9759923],
              [-72.922038881, 41.974974539],
              [-72.922097594, 41.972360534],
              [-72.922153267, 41.971672416],
              [-72.921780266, 41.970950418],
              [-72.921088593, 41.970373232],
              [-72.92138544, 41.968533282],
              [-72.920831368, 41.967164192],
              [-72.921140091, 41.965254106],
              [-72.92104291, 41.963172908],
              [-72.919497826, 41.962028951],
              [-72.918531762, 41.960489766],
              [-72.916681936, 41.959118603],
              [-72.915293903, 41.957038369],
              [-72.914785843, 41.955010657],
              [-72.914570479, 41.953559746],
              [-72.914410543, 41.953407548],
              [-72.915649938, 41.952148539],
              [-72.916870653, 41.952234072],
              [-72.918436006, 41.952707278],
              [-72.920716634, 41.952659018],
              [-72.922358303, 41.950988743],
              [-72.921947197, 41.950066618],
              [-72.921463597, 41.948070414],
              [-72.919640689, 41.945278536],
              [-72.919569393, 41.944253239],
              [-72.919192935, 41.943228417],
              [-72.920652968, 41.942079804],
              [-72.920533264, 41.941389952],
              [-72.91967842, 41.93978255],
              [-72.919414138, 41.938023824],
              [-72.919969527, 41.937419305],
              [-72.920528486, 41.936978396],
              [-72.92004712, 41.936073667],
              [-72.919085917, 41.933458318],
              [-72.91802449, 41.933196751],
              [-72.91702698, 41.933076336],
              [-72.915368772, 41.930720162],
              [-72.915753849737229, 41.928234972409378],
              [-72.9154, 41.92817],
              [-72.915576, 41.92765],
              [-72.915222, 41.927585],
              [-72.91531, 41.927325],
              [-72.914956, 41.92726],
              [-72.915044, 41.927],
              [-72.91469, 41.926936],
              [-72.914778, 41.926675],
              [-72.914424, 41.926611],
              [-72.914512, 41.926351],
              [-72.914158, 41.926286],
              [-72.914246, 41.926026],
              [-72.913892, 41.925961],
              [-72.914067, 41.925441],
              [-72.913714, 41.925376],
              [-72.913889, 41.924856],
              [-72.913535, 41.924791],
              [-72.913711, 41.924271],
              [-72.913357, 41.924206],
              [-72.913445, 41.923946],
              [-72.913091, 41.923881],
              [-72.913266, 41.923361],
              [-72.912913, 41.923296],
              [-72.913, 41.923036],
              [-72.912647, 41.922971],
              [-72.912734, 41.922711],
              [-72.912381, 41.922647],
              [-72.912469, 41.922386],
              [-72.912115, 41.922322],
              [-72.912604495726995, 41.920867482445942],
              [-72.912318870586233, 41.921423949394978],
              [-72.912604737826328, 41.92086676305717],
              [-72.912991, 41.919719],
              [-72.913521885672978, 41.919815570155407],
              [-72.914104567, 41.919738575],
              [-72.914112010517002, 41.919734696199754],
              [-72.91414, 41.919652],
              [-72.914236579241603, 41.91966978371304],
              [-72.914566967498601, 41.919497619123476],
              [-72.914581, 41.919456],
              [-72.914629646023187, 41.919464957483022],
              [-72.915021392818389, 41.919260819094987],
              [-72.915109, 41.919],
              [-72.915372292316377, 41.919048344634362],
              [-72.915493331333309, 41.918975040022794],
              [-72.915551, 41.918804],
              [-72.91572334804215, 41.918835735475184],
              [-72.915964739638227, 41.918689541977947],
              [-72.915992, 41.918609],
              [-72.916073369695269, 41.918623752579308],
              [-72.916229696, 41.918529077],
              [-72.916562051497252, 41.918028287675973],
              [-72.916783, 41.917372],
              [-72.916974614774844, 41.917406642219184],
              [-72.917110054, 41.917202564],
              [-72.917220335382268, 41.917189781825108],
              [-72.917225, 41.917176],
              [-72.917269551837038, 41.917184077386885],
              [-72.917610294802316, 41.917144583538636],
              [-72.917666, 41.91698],
              [-72.918194987427427, 41.917076814680115],
              [-72.918781695496236, 41.917008812221383],
              [-72.918814, 41.916913],
              [-72.918954489140148, 41.916938869105131],
              [-72.919233380503158, 41.916781875786121],
              [-72.919255, 41.916718],
              [-72.919324524061608, 41.916730569321871],
              [-72.919696633830682, 41.916521101566936],
              [-72.919784, 41.916261],
              [-72.920066337179264, 41.916312988432438],
              [-72.920159072441848, 41.916260785967275],
              [-72.920225, 41.916066],
              [-72.920436535054421, 41.916104596919411],
              [-72.920557165, 41.916036692],
              [-72.920975167976763, 41.916066967705262],
              [-72.92102, 41.915934],
              [-72.923494, 41.916386],
              [-72.923582, 41.916125],
              [-72.924289, 41.916254],
              [-72.924377, 41.915994],
              [-72.92473, 41.916059],
              [-72.924818, 41.915798],
              [-72.925171, 41.915863],
              [-72.925259, 41.915602],
              [-72.925966, 41.915731],
              [-72.926036575910132, 41.915522480265523],
              [-72.925679735798809, 41.915643577418173],
              [-72.926036615401827, 41.915522363585474],
              [-72.926054, 41.915471],
              [-72.926140789267734, 41.915486981026639],
              [-72.92646001930683, 41.915378554834099],
              [-72.926482334590702, 41.915312287774363],
              [-72.926504635955695, 41.914788127849938],
              [-72.926482545991448, 41.915311660002573],
              [-72.92667, 41.914755],
              [-72.926316, 41.91469],
              [-72.926754, 41.913389],
              [-72.926401, 41.913324],
              [-72.926488, 41.913064],
              [-72.926135, 41.913],
              [-72.926222, 41.912739],
              [-72.927636, 41.912997],
              [-72.927679977672128, 41.912867065968705],
              [-72.927240629762991, 41.912828315378384],
              [-72.927680003661052, 41.912866989183264],
              [-72.927724, 41.912737],
              [-72.929138, 41.912995],
              [-72.929076055217635, 41.913178018675168],
              [-72.929227139890756, 41.913287025290984],
              [-72.929404, 41.913319],
              [-72.929378066103695, 41.913395917578811],
              [-72.929740317357584, 41.913657279518745],
              [-72.930467603775782, 41.913789737791745],
              [-72.930968362141144, 41.913757890333294],
              [-72.930968, 41.913758],
              [-72.930468772143996, 41.913789950582789],
              [-72.931084, 41.913902],
              [-72.931172, 41.913642],
              [-72.931525, 41.913706],
              [-72.931613, 41.913446],
              [-72.931853997676797, 41.913489693629785],
              [-72.931986449776602, 41.913449580205501],
              [-72.932054, 41.91325],
              [-72.933114, 41.913443],
              [-72.933202, 41.913183],
              [-72.933556, 41.913248],
              [-72.933640331726394, 41.912996741629811],
              [-72.933815333416362, 41.911913788494751],
              [-72.93364, 41.911882],
              [-72.934077, 41.91058],
              [-72.934269626850792, 41.910615369337009],
              [-72.934605183419933, 41.910126431075504],
              [-72.934781, 41.909603],
              [-72.934943886199036, 41.909632908482877],
              [-72.93501885, 41.909523679],
              [-72.935395456372333, 41.908893080278887],
              [-72.93566, 41.908106],
              [-72.936013, 41.90817],
              [-72.936276, 41.90739],
              [-72.936629, 41.907454],
              [-72.936542, 41.907714],
              [-72.936893950740085, 41.907778217320327],
              [-72.936742, 41.907626],
              [-72.936741851508714, 41.907625773977863],
              [-72.936894008596582, 41.907778227876889],
              [-72.937249, 41.907843],
              [-72.937161, 41.908103],
              [-72.937515, 41.908168],
              [-72.937479506404003, 41.908272867442733],
              [-72.938085712730853, 41.908547969173831],
              [-72.938810777311261, 41.908680022790847],
              [-72.939263020419588, 41.90854672058515],
              [-72.939282, 41.90849],
              [-72.939388875039924, 41.908509623948007],
              [-72.93967969962722, 41.908423901118312],
              [-72.939723, 41.908294],
              [-72.939967867143494, 41.908338961481149],
              [-72.940096298192898, 41.908301105421323],
              [-72.940164, 41.908098],
              [-72.940872, 41.908227],
              [-72.940959, 41.907967],
              [-72.941313, 41.908031],
              [-72.941488, 41.907511],
              [-72.942902, 41.907768],
              [-72.942814, 41.908029],
              [-72.943168, 41.908093],
              [-72.94308, 41.908353],
              [-72.943787, 41.908482],
              [-72.943612, 41.909003],
              [-72.944319, 41.909132],
              [-72.944232, 41.909392],
              [-72.944585, 41.909456],
              [-72.944498, 41.909717],
              [-72.944851, 41.909781],
              [-72.944764, 41.910042],
              [-72.945471, 41.91017],
              [-72.945383, 41.910431],
              [-72.948475771488063, 41.910993763887987],
              [-72.94858276998491, 41.910957497771854],
              [-72.948653, 41.91075],
              [-72.949005308096929, 41.910814282524051],
              [-72.949429798958846, 41.910670405410364],
              [-72.949447, 41.910619],
              [-72.949534690070891, 41.910634853572134],
              [-72.951361768, 41.910015583],
              [-72.952868314614875, 41.910147268151746],
              [-72.951362, 41.910016],
              [-72.949535068596319, 41.910634922006111],
              [-72.949801, 41.910683],
              [-72.949713, 41.910943],
              [-72.94936, 41.910879],
              [-72.94901, 41.91192],
              [-72.949364, 41.911985],
              [-72.949101, 41.912765],
              [-72.948748, 41.912701],
              [-72.948573, 41.913222],
              [-72.948219, 41.913157],
              [-72.948044, 41.913678],
              [-72.947691, 41.913613],
              [-72.947603, 41.913874],
              [-72.947249, 41.913809],
              [-72.947162, 41.91407],
              [-72.946808, 41.914005],
              [-72.946721, 41.914266],
              [-72.946367, 41.914201],
              [-72.946192, 41.914722],
              [-72.945839, 41.914657],
              [-72.945664, 41.915178],
              [-72.94531, 41.915114],
              [-72.945223, 41.915374],
              [-72.944869, 41.915309],
              [-72.944607, 41.91609],
              [-72.944253, 41.916026],
              [-72.944078, 41.916547],
              [-72.943725, 41.916482],
              [-72.94355, 41.917003],
              [-72.943196, 41.916938],
              [-72.942758, 41.91824],
              [-72.942405, 41.918175],
              [-72.942142, 41.918956],
              [-72.941789, 41.918892],
              [-72.941439, 41.919933],
              [-72.941085, 41.919869],
              [-72.940472, 41.921691],
              [-72.940119, 41.921626],
              [-72.939944, 41.922147],
              [-72.93959, 41.922083],
              [-72.939415, 41.922603],
              [-72.939062, 41.922539],
              [-72.938775664059591, 41.923390644897026],
              [-72.939012, 41.92321],
              [-72.95363, 41.925617],
              [-72.958397, 41.925442],
              [-72.96077, 41.924555],
              [-72.961252, 41.922387],
              [-72.963617, 41.920934],
              [-72.963616981701833, 41.920933938480324],
              [-72.96377664, 41.921085775],
              [-72.963901616, 41.921691214],
              [-72.964780108, 41.923614296],
              [-72.96427074, 41.926178221],
              [-72.964356892, 41.927911765],
              [-72.96601434, 41.929506139],
              [-72.965316366, 41.930850949]
            ],
            [
              [-72.949429731212874, 41.910670607869605],
              [-72.949005519244082, 41.910814321050196],
              [-72.94936, 41.910879],
              [-72.949429731212874, 41.910670607869605]
            ],
            [
              [-72.916199703457892, 41.927487124706246],
              [-72.916017, 41.927454],
              [-72.915754, 41.928235],
              [-72.916199703457892, 41.927487124706246]
            ],
            [
              [-72.916990323190845, 41.927355333363835],
              [-72.916458, 41.927258],
              [-72.916402225878841, 41.92742278717617],
              [-72.916990323190845, 41.927355333363835]
            ],
            [
              [-72.917785422927551, 41.927223944887828],
              [-72.917606, 41.927191],
              [-72.917579965445029, 41.927269103664912],
              [-72.917785422927551, 41.927223944887828]
            ],
            [
              [-72.918471325791401, 41.927073186034207],
              [-72.918048, 41.926996],
              [-72.91798575244961, 41.927179913217039],
              [-72.918471325791401, 41.927073186034207]
            ],
            [
              [-72.92260227161394, 41.927958705521583],
              [-72.922644, 41.927834],
              [-72.920619243523674, 41.927464821164676],
              [-72.92260227161394, 41.927958705521583]
            ],
            [
              [-72.922883398007158, 41.928238500208487],
              [-72.92291, 41.928159],
              [-72.922831115094155, 41.928144474450768],
              [-72.922883398007158, 41.928238500208487]
            ],
            [
              [-72.923117289517478, 41.928659131447596],
              [-72.923176, 41.928483],
              [-72.923001789033847, 41.928451415008965],
              [-72.923117289517478, 41.928659131447596]
            ],
            [
              [-72.923249, 41.928896],
              [-72.923311866946136, 41.929195915706352],
              [-72.923442, 41.928808],
              [-72.923172943172631, 41.928759219158778],
              [-72.923249, 41.928896]
            ],
            [
              [-72.92345607629791, 41.929883886925786],
              [-72.923533, 41.929654],
              [-72.923402865567368, 41.929630037569062],
              [-72.92345607629791, 41.929883886925786]
            ],
            [
              [-72.923467, 41.929936],
              [-72.923729101002309, 41.930187696993059],
              [-72.923799, 41.929978],
              [-72.923463035892269, 41.929917088660353],
              [-72.923467, 41.929936]
            ],
            [
              [-72.924012512658706, 41.930459858721107],
              [-72.924065, 41.930303],
              [-72.923798938378951, 41.93025476219902],
              [-72.924012512658706, 41.930459858721107]
            ],
            [
              [-72.924296127778049, 41.930732215835711],
              [-72.924331, 41.930628],
              [-72.924153585349544, 41.930595331579944],
              [-72.924296127778049, 41.930732215835711]
            ],
            [
              [-72.924579742897393, 41.931004572950322],
              [-72.924597, 41.930953],
              [-72.924509203391253, 41.930936833485646],
              [-72.924579742897393, 41.931004572950322]
            ],
            [
              [-72.925146873610686, 41.931549191604773],
              [-72.925217, 41.931342],
              [-72.924864057422383, 41.931277601707905],
              [-72.925146873610686, 41.931549191604773]
            ],
            [
              [-72.925430641536522, 41.931821695460265],
              [-72.925483, 41.931667],
              [-72.925219090720802, 41.931618542081502],
              [-72.925430641536522, 41.931821695460265]
            ],
            [
              [-72.925714409462358, 41.932094199315763],
              [-72.925749, 41.931992],
              [-72.925574648744245, 41.931959986351345],
              [-72.925714409462358, 41.932094199315763]
            ],
            [
              [-72.926087, 41.932452],
              [-72.92669959118669, 41.932441048254447],
              [-72.925929656069968, 41.932300901783229],
              [-72.926087, 41.932452]
            ],
            [
              [-72.927821, 41.932421],
              [-72.928231432793581, 41.93216820658639],
              [-72.927958, 41.932118],
              [-72.927871, 41.932378],
              [-72.927517, 41.932314],
              [-72.927479151157101, 41.9324271114845],
              [-72.927821, 41.932421]
            ],
            [
              [-72.92857796626032, 41.931954769991279],
              [-72.9284, 41.931922],
              [-72.928339411307945, 41.932101700552593],
              [-72.92857796626032, 41.931954769991279]
            ],
            [
              [-72.928924447346063, 41.931741365658617],
              [-72.928841, 41.931726],
              [-72.928812590314124, 41.931810260545632],
              [-72.928924447346063, 41.931741365658617]
            ],
            [
              [-72.929404, 41.931446],
              [-72.929352712985377, 41.931319688815286],
              [-72.929285626123331, 41.931518908736429],
              [-72.929404, 41.931446]
            ],
            [
              [-72.92914763131229, 41.930814607572465],
              [-72.929104, 41.930945],
              [-72.929208379502484, 41.930964220021707],
              [-72.92914763131229, 41.930814607572465]
            ],
            [
              [-72.928987, 41.930419],
              [-72.92895957855383, 41.930258584539907],
              [-72.928838, 41.930621],
              [-72.92908737759906, 41.930666212935805],
              [-72.928987, 41.930419]
            ],
            [
              [-72.928833153846156, 41.929519],
              [-72.928747, 41.929775],
              [-72.928881136646595, 41.929799699382514],
              [-72.928833153846156, 41.929519]
            ],
            [
              [-72.928706572330839, 41.928778498135408],
              [-72.928568, 41.92919],
              [-72.92878368428137, 41.929229603046011],
              [-72.928706572330839, 41.928778498135408]
            ],
            [
              [-72.929229510403715, 41.928481712647923],
              [-72.928831, 41.928409],
              [-72.928789309187806, 41.928532804274994],
              [-72.929229510403715, 41.928481712647923]
            ],
            [
              [-72.93015523237834, 41.928374269414725],
              [-72.929626, 41.928278],
              [-72.929570444100008, 41.92844214243177],
              [-72.93015523237834, 41.928374269414725]
            ],
            [
              [-72.931079167469235, 41.928267033574855],
              [-72.930774, 41.928211],
              [-72.930742162063268, 41.928306147856915],
              [-72.931079167469235, 41.928267033574855]
            ],
            [
              [-72.931157, 41.928258],
              [-72.931496398782571, 41.928066669267992],
              [-72.931215, 41.928015],
              [-72.931133074362904, 41.928260776911294],
              [-72.931157, 41.928258]
            ],
            [
              [-72.931867007647881, 41.927857744342127],
              [-72.931656, 41.927819],
              [-72.931591271186434, 41.92801318644068],
              [-72.931867007647881, 41.927857744342127]
            ],
            [
              [-72.932236954140208, 41.927649192818627],
              [-72.932098, 41.927624],
              [-72.932054698365022, 41.927751936648804],
              [-72.932236954140208, 41.927649192818627]
            ],
            [
              [-72.932607344501335, 41.927440391071059],
              [-72.932539, 41.927428],
              [-72.932517702119682, 41.92749092555551],
              [-72.932607344501335, 41.927440391071059]
            ],
            [
              [-72.932995, 41.926282],
              [-72.933506671074625, 41.926222939800446],
              [-72.932977, 41.926126],
              [-72.932714, 41.926907],
              [-72.932888871159037, 41.926939109111125],
              [-72.932995, 41.926282]
            ],
            [
              [-72.934328, 41.925943],
              [-72.935097292562261, 41.925960053283397],
              [-72.934213, 41.925799],
              [-72.934125209310224, 41.926058880394152],
              [-72.934328, 41.925943]
            ],
            [
              [-72.93613865821095, 41.925873774365819],
              [-72.936068, 41.925861],
              [-72.936046304420358, 41.925925837364467],
              [-72.93613865821095, 41.925873774365819]
            ],
            [
              [-72.936992, 41.924754],
              [-72.937104103998479, 41.924668312587301],
              [-72.936859, 41.924624],
              [-72.936509908210127, 41.925663286999118],
              [-72.936992, 41.924754]
            ],
            [
              [-72.937395974836576, 41.924445219233824],
              [-72.937301, 41.924428],
              [-72.937259992643732, 41.92454915809806],
              [-72.937395974836576, 41.924445219233824]
            ],
            [
              [-72.937979488340716, 41.923999206931654],
              [-72.937829, 41.923972],
              [-72.937764555498575, 41.924163492232772],
              [-72.937979488340716, 41.923999206931654]
            ],
            [
              [-72.938563141663309, 41.923553087758343],
              [-72.938358, 41.923516],
              [-72.938270150986924, 41.923777037067424],
              [-72.938563141663309, 41.923553087758343]
            ],
            [
              [-72.920557, 41.916037],
              [-72.920436838365845, 41.916104652261943],
              [-72.920932, 41.916195],
              [-72.92097509211689, 41.916067192698776],
              [-72.920557, 41.916037]
            ],
            [
              [-72.920066685020629, 41.91631305248255],
              [-72.920137, 41.916326],
              [-72.920158967309817, 41.916261096584613],
              [-72.920066685020629, 41.91631305248255]
            ],
            [
              [-72.919324964467563, 41.916730648943286],
              [-72.919609, 41.916782],
              [-72.919696512204482, 41.916521463665504],
              [-72.919324964467563, 41.916730648943286]
            ],
            [
              [-72.918954972764368, 41.916938958157743],
              [-72.919167, 41.916978],
              [-72.919233240053231, 41.916782290751819],
              [-72.918954972764368, 41.916938958157743]
            ],
            [
              [-72.918196138950066, 41.917077025430487],
              [-72.918726, 41.917174],
              [-72.918781590893303, 41.917009122464187],
              [-72.918196138950066, 41.917077025430487]
            ],
            [
              [-72.917270955120557, 41.91718433180656],
              [-72.917578, 41.91724],
              [-72.917610157286347, 41.917144989835798],
              [-72.917270955120557, 41.91718433180656]
            ],
            [
              [-72.91711, 41.917203],
              [-72.916974827323841, 41.917406680646117],
              [-72.917137, 41.917436],
              [-72.917220187048969, 41.91719022008261],
              [-72.91711, 41.917203]
            ],
            [
              [-72.91623, 41.918529],
              [-72.916073571866022, 41.9186237892335],
              [-72.916345, 41.918673],
              [-72.916561797933682, 41.918029040840842],
              [-72.91623, 41.918529]
            ],
            [
              [-72.915723696707772, 41.918835799677069],
              [-72.915904, 41.918869],
              [-72.915964656498332, 41.918689787618554],
              [-72.915723696707772, 41.918835799677069]
            ],
            [
              [-72.915372788963651, 41.91904843582666],
              [-72.915463, 41.919065],
              [-72.915493182212444, 41.918975482301725],
              [-72.915372788963651, 41.91904843582666]
            ],
            [
              [-72.914630444024013, 41.919465104423686],
              [-72.914934, 41.919521],
              [-72.915021190280811, 41.919261422078264],
              [-72.914630444024013, 41.919465104423686]
            ],
            [
              [-72.914237470414605, 41.919669947810057],
              [-72.914493, 41.919717],
              [-72.914566732948757, 41.919498314776988],
              [-72.914237470414605, 41.919669947810057]
            ],
            [
              [-72.914105, 41.919739],
              [-72.913522381438412, 41.919815660337051],
              [-72.914052, 41.919912],
              [-72.914111743608544, 41.91973548479293],
              [-72.914105, 41.919739]
            ],
            [
              [-72.926141044141374, 41.915487027958044],
              [-72.926407, 41.915536],
              [-72.926459933455547, 41.915378809776477],
              [-72.926141044141374, 41.915487027958044]
            ],
            [
              [-72.929377963761524, 41.913396221116393],
              [-72.929316, 41.91358],
              [-72.92973953640201, 41.913657137285888],
              [-72.929377963761524, 41.913396221116393]
            ],
            [
              [-72.929075962521196, 41.913178292551031],
              [-72.92905, 41.913255],
              [-72.929226475926484, 41.913286905252242],
              [-72.929075962521196, 41.913178292551031]
            ],
            [
              [-72.931853999571601, 41.913489693973325],
              [-72.931966, 41.91351],
              [-72.931986448247343, 41.913449584723764],
              [-72.931853999571601, 41.913489693973325]
            ],
            [
              [-72.933640695328648, 41.912995658311416],
              [-72.933993, 41.911946],
              [-72.933815462871522, 41.911913811965377],
              [-72.933640695328648, 41.912995658311416]
            ],
            [
              [-72.935019, 41.909524],
              [-72.934944187929673, 41.909632963885393],
              [-72.935135, 41.909668],
              [-72.935395310053607, 41.908893515611915],
              [-72.935019, 41.909524]
            ],
            [
              [-72.934269683984695, 41.910615379827703],
              [-72.934431, 41.910645],
              [-72.934604990505292, 41.910127005409961],
              [-72.934269683984695, 41.910615379827703]
            ],
            [
              [-72.939968081181974, 41.908339000782],
              [-72.940077, 41.908359],
              [-72.9400962743305, 41.908301177008489],
              [-72.939968081181974, 41.908339000782]
            ],
            [
              [-72.939389446094168, 41.908509728802599],
              [-72.939636, 41.908555],
              [-72.939679630306983, 41.908424109079036],
              [-72.939389446094168, 41.908509728802599]
            ],
            [
              [-72.93881170772427, 41.908680192243899],
              [-72.939195, 41.90875],
              [-72.93926290514284, 41.90854706509036],
              [-72.93881170772427, 41.908680192243899]
            ],
            [
              [-72.93747945918301, 41.908273006959277],
              [-72.937427, 41.908428],
              [-72.938084953726161, 41.908547830938815],
              [-72.93747945918301, 41.908273006959277]
            ],
            [
              [-72.948475816464409, 41.910993772071933],
              [-72.948565, 41.91101],
              [-72.948582754338716, 41.910957543999238],
              [-72.948475816464409, 41.910993772071933]
            ]
          ],
          [
            [
              [-72.936717358779021, 41.907588493008788],
              [-72.93662904215455, 41.907454064164455],
              [-72.936629286, 41.907453981],
              [-72.936717358779021, 41.907588493008788]
            ]
          ],
          [
            [
              [-72.943274, 41.908266],
              [-72.943273910042407, 41.908265853182407],
              [-72.943312565984897, 41.908302637685644],
              [-72.943274, 41.908266]
            ]
          ],
          [
            [
              [-72.957409841354888, 41.9116102428193],
              [-72.956928, 41.91128],
              [-72.956528500801653, 41.911050041356503],
              [-72.956928218, 41.91127978],
              [-72.957409841354888, 41.9116102428193]
            ]
          ],
          [
            [
              [-72.958186816043053, 41.913698891602927],
              [-72.957876, 41.912855],
              [-72.957749566802036, 41.912336670542679],
              [-72.957876283, 41.912855208],
              [-72.958186816043053, 41.913698891602927]
            ]
          ],
          [
            [
              [-72.958413, 41.914313],
              [-72.958412843827276, 41.914312575977988],
              [-72.960393357648357, 41.915176182916014],
              [-72.958413, 41.914313]
            ]
          ],
          [
            [
              [-72.962621189, 41.916513901],
              [-72.962445304, 41.91862596],
              [-72.963521503, 41.918982655],
              [-72.963521562047191, 41.918982854829011],
              [-72.962445, 41.918626],
              [-72.962621, 41.916514],
              [-72.960921, 41.915885],
              [-72.960616779103077, 41.915444426396625],
              [-72.960921226, 41.915885005],
              [-72.962621189, 41.916513901]
            ]
          ],
          [
            [
              [-72.963582783173706, 41.920818960670225],
              [-72.963501, 41.920544],
              [-72.963578196949214, 41.919879311562241],
              [-72.963501424, 41.920543627],
              [-72.963582783173706, 41.920818960670225]
            ]
          ]
        ]
      }
    },
    {
      "type": "Feature",
      "properties": {
        "catchment": "Massabesic NH",
        "supplies": "Manchester",
        "outlet": "Massabesic Lake Dam",
        "outlet_lon": -71.3952348,
        "outlet_lat": 42.9631751,
        "nldi_comid": 6743772,
        "component_comids": "6743772",
        "delineated_area_km2": 120.72,
        "official_area_km2": 111.369,
        "area_difference_pct": 8.396,
        "validation_status": "pass",
        "delineation_method": "USGS StreamStats NH state-specific delineation at the Massabesic outlet",
        "area_source": "USGS Massabesic Lake drainage area (43 mi2; records furnished by Manchester Water Works)",
        "area_url": "https://pubs.usgs.gov/wsp/1301/report.pdf"
      },
      "geometry": {
        "type": "Polygon",
        "coordinates": [
          [
            [-71.423908396520616, 43.029527759879805],
            [-71.423460259917434, 43.029362184383167],
            [-71.420991612524588, 43.029439223937729],
            [-71.419535700462305, 43.028777593099512],
            [-71.417740576787608, 43.028773702841022],
            [-71.417403325005949, 43.028937592929523],
            [-71.41639323101829, 43.029017700619079],
            [-71.415718380528986, 43.02942778311867],
            [-71.415378433541534, 43.03025015756787],
            [-71.414029358246523, 43.030905683745651],
            [-71.41391547041421, 43.031316992365156],
            [-71.413690394666006, 43.031481119106559],
            [-71.41368633785666, 43.032468854163611],
            [-71.413234820759243, 43.033126351154451],
            [-71.411884638126324, 43.034028785160331],
            [-71.411210726902922, 43.034191906881496],
            [-71.41008867665802, 43.034189396908495],
            [-71.409192757067956, 43.033775825025081],
            [-71.407733755816452, 43.03385484541139],
            [-71.406945895426887, 43.034429243995497],
            [-71.406271618866398, 43.03467464774711],
            [-71.406156975833028, 43.035250570541713],
            [-71.405931865058065, 43.035414681820342],
            [-71.404920600893675, 43.035741621293724],
            [-71.404694434628823, 43.036152663527119],
            [-71.404691983630244, 43.036728841451833],
            [-71.404915703126633, 43.036893977188704],
            [-71.404914653567545, 43.037140910564396],
            [-71.405362447202194, 43.037388869593627],
            [-71.405361748679752, 43.037553491836867],
            [-71.405920713118135, 43.038048638172249],
            [-71.404234025318246, 43.03886790201814],
            [-71.404119355240411, 43.039443822277626],
            [-71.40479124229779, 43.039774609192818],
            [-71.404902057824089, 43.040104110237081],
            [-71.405349872897915, 43.040352069243355],
            [-71.40534917426956, 43.040516691400875],
            [-71.406021079647331, 43.04084747108196],
            [-71.406018989091805, 43.041341337523718],
            [-71.406465426308131, 43.041918536409241],
            [-71.406015504715214, 43.042164448164741],
            [-71.405454407167383, 43.042163168897645],
            [-71.405230667145773, 43.041998034312144],
            [-71.404221396060734, 43.041831100631903],
            [-71.403320828628452, 43.042487526747564],
            [-71.40197418780069, 43.04248442015993],
            [-71.40174903937762, 43.0426485229032],
            [-71.40130015796116, 43.042647482966657],
            [-71.401298029407059, 43.043141349065351],
            [-71.401185808156555, 43.043141088801661],
            [-71.400958168677391, 43.043881366991712],
            [-71.401070391275127, 43.043881627482193],
            [-71.401179774410721, 43.044540375835844],
            [-71.401626189215264, 43.045117593215885],
            [-71.401735934641351, 43.045694029939007],
            [-71.402630564810195, 43.046436903565663],
            [-71.40262985876177, 43.046601525511591],
            [-71.403414043878911, 43.046932579148987],
            [-71.403074187399014, 43.047672602879494],
            [-71.402399043518329, 43.048082604725259],
            [-71.402397630096118, 43.048411848511194],
            [-71.402733263977481, 43.048659558316764],
            [-71.402619620391405, 43.048988543192472],
            [-71.401646328463457, 43.049128966653086],
            [-71.401721056519605, 43.049151090004308],
            [-71.401606697748647, 43.049644695674189],
            [-71.401494464640038, 43.049644435681856],
            [-71.401604925573224, 43.050056250264511],
            [-71.402388795667704, 43.05046962174162],
            [-71.403397851170922, 43.050718882610113],
            [-71.404069154781695, 43.051214295254006],
            [-71.404849905125602, 43.052368448028091],
            [-71.404848854735079, 43.052615380732291],
            [-71.40507298201581, 43.052698204956506],
            [-71.405405854841362, 43.053604393969714],
            [-71.405853769904596, 43.05385235068097],
            [-71.40607581198816, 43.054429038244841],
            [-71.40674682993027, 43.055006745898524],
            [-71.406857335480353, 43.055418555141706],
            [-71.408200457252121, 43.056327024619677],
            [-71.408311320415535, 43.056656521532076],
            [-71.408759614348284, 43.056822155963268],
            [-71.408758924438999, 43.056986777689701],
            [-71.408983417566844, 43.056987283384949],
            [-71.409206877627213, 43.057234721229236],
            [-71.409543618689725, 43.057235478292384],
            [-71.409766738289903, 43.05756522590098],
            [-71.410214699757049, 43.057813165491886],
            [-71.410213327669936, 43.058142408920368],
            [-71.411219807381926, 43.059050087692221],
            [-71.411218782307628, 43.059297020231185],
            [-71.411442942512721, 43.059379831967945],
            [-71.41166505672156, 43.059956508314656],
            [-71.411888879123254, 43.060121630012922],
            [-71.411887515883478, 43.06045087335108],
            [-71.411436797174474, 43.060861426981027],
            [-71.41143543148047, 43.061190670264885],
            [-71.411770489353017, 43.061602974914379],
            [-71.411769466397317, 43.061849907353356],
            [-71.412552535117641, 43.062510141339509],
            [-71.413109069597269, 43.063663737501869],
            [-71.413445168411542, 43.063829104760821],
            [-71.413891161192296, 43.06457089456871],
            [-71.414450776256174, 43.064983686916307],
            [-71.41456101370899, 43.065477798954049],
            [-71.414896789484573, 43.065725472706923],
            [-71.415007031822782, 43.066219584263216],
            [-71.415900777857743, 43.06729159567908],
            [-71.416010360243646, 43.067950327662466],
            [-71.416234558416988, 43.06803312998381],
            [-71.416569016280619, 43.068610041753153],
            [-71.41679355195744, 43.068610532233535],
            [-71.417017085498586, 43.068857954508573],
            [-71.418027167497186, 43.068942465004007],
            [-71.418251039613082, 43.06910757412362],
            [-71.418473916614374, 43.069519615037379],
            [-71.419145215241727, 43.070097249168946],
            [-71.419142896695689, 43.070673424310527],
            [-71.419701941481435, 43.071250812214203],
            [-71.419701610996412, 43.07133312293908],
            [-71.419025654274719, 43.071907842231717],
            [-71.417451485596146, 43.072480604950229],
            [-71.415767362116895, 43.072476925026706],
            [-71.414758236634967, 43.072145462459588],
            [-71.412850593165018, 43.07189431310028],
            [-71.411837400883556, 43.072550552815201],
            [-71.411607389534581, 43.073867022913333],
            [-71.411830239063917, 43.074279076352767],
            [-71.412728464259558, 43.074281073030392],
            [-71.413290533251995, 43.074117696088628],
            [-71.413514411380945, 43.074282814340116],
            [-71.413735921159272, 43.075024106615871],
            [-71.413061225813621, 43.075269547561128],
            [-71.412947247990402, 43.075680851793983],
            [-71.413507635091321, 43.07592902695874],
            [-71.413956759784895, 43.075930019626206],
            [-71.414291914418058, 43.076342316075156],
            [-71.414628760220154, 43.076343058438205],
            [-71.41507620429833, 43.076755599813353],
            [-71.414962574036878, 43.077084595362088],
            [-71.41439980699262, 43.077412601582793],
            [-71.414398118713976, 43.077824154584249],
            [-71.414622013273345, 43.077989270603332],
            [-71.414621001182283, 43.078236202387032],
            [-71.414845234904575, 43.078319007371029],
            [-71.414731600480309, 43.078648002589873],
            [-71.414954825074787, 43.078977739113249],
            [-71.415738481192591, 43.079555639377148],
            [-71.415737473529589, 43.079802571114158],
            [-71.414613241392502, 43.080129345706062],
            [-71.414499264781782, 43.080540651137895],
            [-71.414611554382162, 43.080540898518166],
            [-71.414609867336281, 43.080952451300497],
            [-71.414383935769038, 43.08128119862149],
            [-71.414607842834329, 43.081446314600022],
            [-71.415057007863837, 43.081447303050382],
            [-71.415056334221006, 43.081611924146344],
            [-71.415392199787931, 43.081859595972794],
            [-71.416065616434864, 43.081943383929598],
            [-71.417298159821954, 43.082604566626642],
            [-71.417630705917404, 43.083675337257887],
            [-71.417291816734121, 43.084168466796569],
            [-71.416730335505449, 43.084167241860946],
            [-71.416392441590432, 43.084413437126898],
            [-71.415718661481904, 43.084411961571568],
            [-71.41504218641019, 43.085068966061634],
            [-71.415041512642446, 43.085233587052834],
            [-71.414366034660887, 43.085643655956943],
            [-71.414365021271053, 43.085890587404229],
            [-71.413689192847869, 43.0863829627081],
            [-71.412902751277585, 43.086463532672553],
            [-71.41278875128846, 43.086874835885219],
            [-71.411775310722675, 43.087531072697281],
            [-71.411774286859526, 43.087778004013302],
            [-71.411998210471225, 43.087943124952432],
            [-71.411995823491921, 43.088519297974798],
            [-71.411207642115002, 43.08901140828808],
            [-71.41108986146881, 43.090328124011769],
            [-71.410638917478977, 43.090738671774616],
            [-71.410638231785043, 43.090903292545946],
            [-71.409626078570369, 43.091230268136108],
            [-71.407716477597205, 43.091308274032038],
            [-71.407377813873339, 43.091719062884678],
            [-71.407375383267336, 43.09229523531662],
            [-71.406363887062639, 43.092457561196333],
            [-71.406587116486776, 43.092787313258],
            [-71.406585723290434, 43.093116554572482],
            [-71.406359355254466, 43.093527595441714],
            [-71.406356566326039, 43.094186077954227],
            [-71.406018575739793, 43.09443224190526],
            [-71.406017179417688, 43.094761483109885],
            [-71.405791500252946, 43.095007902125062],
            [-71.406122864929131, 43.096325634355871],
            [-71.407239794181052, 43.097809771057292],
            [-71.407800706165389, 43.09797566340869],
            [-71.409036241591238, 43.097978451729119],
            [-71.409372516570841, 43.098143830410869],
            [-71.409481393414424, 43.098967185569101],
            [-71.409705351470237, 43.099132310760261],
            [-71.409703286264929, 43.099626172296688],
            [-71.408914943727325, 43.100118265446845],
            [-71.408687528497751, 43.100776241086265],
            [-71.408349510840111, 43.101022411568152],
            [-71.407899509700357, 43.101186016862506],
            [-71.406439255397956, 43.101182705440003],
            [-71.406101226521173, 43.101428869233871],
            [-71.405539588082078, 43.101427588983277],
            [-71.405429710047514, 43.100851161182582],
            [-71.405880064598662, 43.10060525538897],
            [-71.405881112607219, 43.100358324743112],
            [-71.405993438340445, 43.100358580673458],
            [-71.405885304508942, 43.099370602052531],
            [-71.404988115207928, 43.099039309799494],
            [-71.403640235553581, 43.099036219592222],
            [-71.403416294202998, 43.098871082571897],
            [-71.402181449925266, 43.098703613095182],
            [-71.401731804367415, 43.098784883989872],
            [-71.401618771500068, 43.098949244304848],
            [-71.401389505889298, 43.100018756359688],
            [-71.400824319489459, 43.10084055484392],
            [-71.399813380434793, 43.100838201815193],
            [-71.399364790363947, 43.100672532821704],
            [-71.398916920046744, 43.100342241731582],
            [-71.399029962708696, 43.100177884151776],
            [-71.398471928562614, 43.099353467461661],
            [-71.397686742691789, 43.099104691450535],
            [-71.396900479163492, 43.099102840589509],
            [-71.395887392782569, 43.099594313962641],
            [-71.395438459127703, 43.099510939756009],
            [-71.39487429022131, 43.100085778280302],
            [-71.392175178220668, 43.100820134720763],
            [-71.391610229856141, 43.101559577117214],
            [-71.391609124451804, 43.101806507422886],
            [-71.39127213971237, 43.101805696921055],
            [-71.391271401865552, 43.101970317114244],
            [-71.39070975915952, 43.101968964064895],
            [-71.389810018260562, 43.102213723702924],
            [-71.389696947209416, 43.102378072037396],
            [-71.388573654531328, 43.102375347706499],
            [-71.388123591208753, 43.102538875019739],
            [-71.387674646753126, 43.102455470366777],
            [-71.387114872273401, 43.102042549339942],
            [-71.386776761524217, 43.102288655783418],
            [-71.386775261710795, 43.102617896011708],
            [-71.385539258645792, 43.102697177125378],
            [-71.385201137993633, 43.102943278857197],
            [-71.385200006777808, 43.10319020896852],
            [-71.384749928565356, 43.103353722947467],
            [-71.38463533054599, 43.103847306301923],
            [-71.384858861753102, 43.104094789862053],
            [-71.38474652938595, 43.104094513167205],
            [-71.384745018598167, 43.104423753233895],
            [-71.383734780053828, 43.104256637972853],
            [-71.383062683916208, 43.103843419485237],
            [-71.381602369469547, 43.103839790946104],
            [-71.381153807008062, 43.103674050726724],
            [-71.379580780680215, 43.103752426063494],
            [-71.379133379969389, 43.103339747970502],
            [-71.379024902498131, 43.102516365709626],
            [-71.378576742622315, 43.102268305395498],
            [-71.37835440207661, 43.101773879561691],
            [-71.377011121722589, 43.100782755420184],
            [-71.374651488781623, 43.100941380246958],
            [-71.374539944927818, 43.100776473564345],
            [-71.373866379982601, 43.100692441080319],
            [-71.373754838688313, 43.100527533632736],
            [-71.373192816900783, 43.100608404635715],
            [-71.372626854780805, 43.101512372619005],
            [-71.37206363856906, 43.101840167921715],
            [-71.371389274324372, 43.101920740762409],
            [-71.370380304595272, 43.101506577896529],
            [-71.369145100836832, 43.101421062056382],
            [-71.368803729669324, 43.102325594693511],
            [-71.368238486731471, 43.10306492063215],
            [-71.367450971981171, 43.103309797001415],
            [-71.365765607669644, 43.103387688628061],
            [-71.365090006317843, 43.103715153901895],
            [-71.364642703527267, 43.103302419444347],
            [-71.364421281376423, 43.102643347173739],
            [-71.363301643966835, 43.101899585727395],
            [-71.36319134852269, 43.101487738406824],
            [-71.362855994307068, 43.101157604632576],
            [-71.362858029180217, 43.100746055115629],
            [-71.361963502690188, 43.09992056678508],
            [-71.361742121287378, 43.099261489064688],
            [-71.360959953117955, 43.098436292032176],
            [-71.360962000495761, 43.098024742391345],
            [-71.360738177978462, 43.097859522180691],
            [-71.360739817039359, 43.09753028244392],
            [-71.360515996915268, 43.097365061791727],
            [-71.360296281474191, 43.096376741262048],
            [-71.360183963463328, 43.09637644049819],
            [-71.360189299683725, 43.095306411061024],
            [-71.359630597925957, 43.094728735893902],
            [-71.359631831539815, 43.094481805983087],
            [-71.359296122874625, 43.094233971522193],
            [-71.359297357811002, 43.093987041597693],
            [-71.358737439228477, 43.093656291941684],
            [-71.357501996073395, 43.093652960813593],
            [-71.356828947963976, 43.093486518285879],
            [-71.35649325606208, 43.093238675611005],
            [-71.355257821563768, 43.093235320280471],
            [-71.355146343728052, 43.093070394676268],
            [-71.35480940799124, 43.093069476945907],
            [-71.354474562703672, 43.092657008446935],
            [-71.354475816942568, 43.092410078566687],
            [-71.35458812764459, 43.0924103849107],
            [-71.354480833739586, 43.091422358938431],
            [-71.35470670479323, 43.091176041556082],
            [-71.354708375778301, 43.090846801620565],
            [-71.355272833929135, 43.090272161089352],
            [-71.355281590090627, 43.088543650847974],
            [-71.355393893737002, 43.088543956379347],
            [-71.355622665852451, 43.087721466785588],
            [-71.355848102491166, 43.087557456976441],
            [-71.355850183312953, 43.087145906748177],
            [-71.355291596183633, 43.0865682099286],
            [-71.355293263767422, 43.086238969708653],
            [-71.35596830837477, 43.085993870903835],
            [-71.355969140341429, 43.085829250769081],
            [-71.35641999663909, 43.08550122917547],
            [-71.356422073483131, 43.085089678776448],
            [-71.356086844694389, 43.084759524606952],
            [-71.356088923714722, 43.0843479741674],
            [-71.356876654661875, 43.084020864463987],
            [-71.358000021992837, 43.083941588800471],
            [-71.358900444332818, 43.08353245781008],
            [-71.360135684269025, 43.0835357732213],
            [-71.360810270528432, 43.083372955727036],
            [-71.362497942230277, 43.082718964039287],
            [-71.363401158742548, 43.081733626158304],
            [-71.363293334705801, 43.080827916424568],
            [-71.362845396282111, 43.080579794230026],
            [-71.362401127079409, 43.07959087845569],
            [-71.361506096000866, 43.078930004878728],
            [-71.359712393863049, 43.078349028570983],
            [-71.359713626442939, 43.078102097948786],
            [-71.359266133789376, 43.077771651519463],
            [-71.35915549616999, 43.077442109000181],
            [-71.358149487858554, 43.076533976688076],
            [-71.357700360903436, 43.076532764987583],
            [-71.357137709398458, 43.076778178513727],
            [-71.357024183905096, 43.077024805376865],
            [-71.356235712569855, 43.077516537161777],
            [-71.354887475886443, 43.077677494531372],
            [-71.353874409785988, 43.07816859786157],
            [-71.352976552267421, 43.078083828911261],
            [-71.352641800329849, 43.077671354262037],
            [-71.352643481582092, 43.077342113611515],
            [-71.351860448999219, 43.076763782990049],
            [-71.351299882745408, 43.076597616902092],
            [-71.351300726935619, 43.076432996569437],
            [-71.350629998980736, 43.075854966878552],
            [-71.350407554533007, 43.075442795642154],
            [-71.350299085613983, 43.074701693679671],
            [-71.349963522252224, 43.074453831442767],
            [-71.349402132990051, 43.074452276443296],
            [-71.34906614956229, 43.074286721762633],
            [-71.348847123916215, 43.073216065907189],
            [-71.348734848331915, 43.073215754039424],
            [-71.348736550236438, 43.072886513255639],
            [-71.348513703353007, 43.072556648401097],
            [-71.34716897632849, 43.072059033673654],
            [-71.346948280075637, 43.071317614736927],
            [-71.346836007977458, 43.071317301017245],
            [-71.34695084709665, 43.070823753475523],
            [-71.346728445341796, 43.070411574861822],
            [-71.346056538799147, 43.07008044876936],
            [-71.345495189665769, 43.070078874731358],
            [-71.344489072450529, 43.069252932417406],
            [-71.344158309106788, 43.068099640614562],
            [-71.344046042912538, 43.068099324176615],
            [-71.344050359595656, 43.067276221819945],
            [-71.343715293954759, 43.066946030907289],
            [-71.342706651066237, 43.066613934199097],
            [-71.341584451427664, 43.06652844047882],
            [-71.340234234675876, 43.067100777287585],
            [-71.33877523727287, 43.067014294835992],
            [-71.337536368321224, 43.067751541625306],
            [-71.336865864376847, 43.067173431121091],
            [-71.336305868338826, 43.066924881544303],
            [-71.336306752366667, 43.066760261175567],
            [-71.336082667355726, 43.06667730261659],
            [-71.336084436583164, 43.066348061867451],
            [-71.335972173675714, 43.066347737519571],
            [-71.3357511898365, 43.065688606960215],
            [-71.335079837839018, 43.065275106314331],
            [-71.335080725096475, 43.065110485918353],
            [-71.334633459451993, 43.064779943166087],
            [-71.333175863888812, 43.064446458911775],
            [-71.332504095739552, 43.064115253364079],
            [-71.331833678684205, 43.063537113299347],
            [-71.331054609366049, 43.062300158526327],
            [-71.3290412378133, 43.060977251871471],
            [-71.328595843592993, 43.060317444641932],
            [-71.3294983683748, 43.059496991659778],
            [-71.329612872969335, 43.059085771129986],
            [-71.330063222054292, 43.058840161898843],
            [-71.33062851312306, 43.058101018971236],
            [-71.331977725193795, 43.057693414793071],
            [-71.332766134378403, 43.057201848234698],
            [-71.332767027574874, 43.057037227644265],
            [-71.333217795094939, 43.056709295516065],
            [-71.333673456881556, 43.055475948057655],
            [-71.333898833094409, 43.055311980362703],
            [-71.333900613302404, 43.054982739029995],
            [-71.334352248570696, 43.054490181557902],
            [-71.334353581872023, 43.05424325051321],
            [-71.335029687893595, 43.053751341883071],
            [-71.335146361408761, 43.052928563383212],
            [-71.334698295649019, 43.052762641227261],
            [-71.334587833912906, 43.052433074098609],
            [-71.33413977327119, 43.052267149758599],
            [-71.332115924802807, 43.05291974468966],
            [-71.329648033282282, 43.052665568764148],
            [-71.328417487840611, 43.051921133398075],
            [-71.328195277978892, 43.051508918054303],
            [-71.327413257111019, 43.050848109087362],
            [-71.325956486335144, 43.050432222986075],
            [-71.325400337298788, 43.049525137268411],
            [-71.324728773637815, 43.049193885915251],
            [-71.324617914258852, 43.048946619507667],
            [-71.324281221159254, 43.048945612713304],
            [-71.323830921793871, 43.049191199786542],
            [-71.322820378842891, 43.049270479796782],
            [-71.321028370752217, 43.048606588039249],
            [-71.320019224484781, 43.048438912402453],
            [-71.31844660705616, 43.048681073352043],
            [-71.317320565384591, 43.049336135255317],
            [-71.315746506916923, 43.049825189733035],
            [-71.314622769449358, 43.050068673573968],
            [-71.313163268396067, 43.050146486356219],
            [-71.31249129070838, 43.049897473665617],
            [-71.312044731185495, 43.049484532344579],
            [-71.31182453776205, 43.048743044525324],
            [-71.311267662122617, 43.04800051114389],
            [-71.311157809705847, 43.04758861135651],
            [-71.309703136232585, 43.046843277804228],
            [-71.309704090777259, 43.046678657314978],
            [-71.309256617504232, 43.046430325529698],
            [-71.309035512081266, 43.045853452615297],
            [-71.308699793656146, 43.045687779538937],
            [-71.308700750845162, 43.045523159034346],
            [-71.308030759655452, 43.044944879172768],
            [-71.306237110743851, 43.044609997349468],
            [-71.304893337968124, 43.044111886854715],
            [-71.303210980239584, 43.043941932863014],
            [-71.301756489525104, 43.043196498492662],
            [-71.30085921640827, 43.043111322243888],
            [-71.299403301015772, 43.042612788691642],
            [-71.298956882135258, 43.042199796293389],
            [-71.298058642032757, 43.042279218557148],
            [-71.297387799013606, 43.041865496974808],
            [-71.297277556418962, 43.041535894013926],
            [-71.297053616129205, 43.041452859199559],
            [-71.296277009152192, 43.039968735841931],
            [-71.294154896045356, 43.038315611604034],
            [-71.293144495287763, 43.038394630251389],
            [-71.292018375022792, 43.039049444078749],
            [-71.29156902327081, 43.039130284049989],
            [-71.290446895998642, 43.039126600794738],
            [-71.289999052114212, 43.038960504063198],
            [-71.289552722873864, 43.038547475056681],
            [-71.289443536505459, 43.038053244173803],
            [-71.289220124023757, 43.037887883884586],
            [-71.28911195073475, 43.037229032259802],
            [-71.288553936827626, 43.036733318884075],
            [-71.287099287211149, 43.036070008810576],
            [-71.286764696912471, 43.0357396511491],
            [-71.284859227928649, 43.035404062687881],
            [-71.28430024277958, 43.035072948970964],
            [-71.284196727250546, 43.033673300871094],
            [-71.283973344734747, 43.033507930328035],
            [-71.282402511411334, 43.033502666977043],
            [-71.282404565539949, 43.033173426240126],
            [-71.281287698158025, 43.03234655172939],
            [-71.281065358877768, 43.032016555140594],
            [-71.280503844655925, 43.032096973829539],
            [-71.27949094230317, 43.032587423221173],
            [-71.27780793265795, 43.032581717273381],
            [-71.276687489969149, 43.032330969134939],
            [-71.275568101762261, 43.031915589778215],
            [-71.274787419258033, 43.031172111972765],
            [-71.274563023225355, 43.031171343407628],
            [-71.27434229703951, 43.03059440341535],
            [-71.273670165621837, 43.030427473527091],
            [-71.273907154686299, 43.028452800051966],
            [-71.274019347741216, 43.028453185013106],
            [-71.274021970949335, 43.028041634133523],
            [-71.274588171265393, 43.027220455358396],
            [-71.274589742849116, 43.026973524764024],
            [-71.27549196971151, 43.026235804010113],
            [-71.276614902473469, 43.026075012516863],
            [-71.276953030811313, 43.025829228343341],
            [-71.276954072166035, 43.025664607861685],
            [-71.276841884150144, 43.025664225797108],
            [-71.276622198159302, 43.024922669140992],
            [-71.275838458035068, 43.024673059408478],
            [-71.27584159088093, 43.024179197914577],
            [-71.275619310009574, 43.023849190504563],
            [-71.273608912654268, 43.022442999026516],
            [-71.273503033211895, 43.021454890565508],
            [-71.273957000434223, 43.020633328342818],
            [-71.273959098765104, 43.02030408719245],
            [-71.273292860522702, 43.019231741986232],
            [-71.272957909449929, 43.018983653942122],
            [-71.272959487114193, 43.018736723039311],
            [-71.274983352374761, 43.018002858039246],
            [-71.275884398508936, 43.017429753192268],
            [-71.278132010745182, 43.016778908182467],
            [-71.278137718956373, 43.015873493910306],
            [-71.278249889165167, 43.015873874635624],
            [-71.278254039226994, 43.015215391429187],
            [-71.278366208239561, 43.015215772035859],
            [-71.278482006346565, 43.014639979649097],
            [-71.280281854366734, 43.013822948131065],
            [-71.280285982422498, 43.013164464529574],
            [-71.280737736019177, 43.012672115496549],
            [-71.281972058462401, 43.012593958674564],
            [-71.28287244804099, 43.012103108203355],
            [-71.282877060680292, 43.011362313697312],
            [-71.282764898620798, 43.011361937538268],
            [-71.282656326147716, 43.010785387712872],
            [-71.282321896074421, 43.010455016223588],
            [-71.281649447827562, 43.010370443886586],
            [-71.28086793237938, 43.009791626556911],
            [-71.280083334407308, 43.009706666928288],
            [-71.279412965877711, 43.009292839471883],
            [-71.279196927403973, 43.007975112127859],
            [-71.278862013281255, 43.007727041019983],
            [-71.277853653124666, 43.007558995429534],
            [-71.277070648414224, 43.007227083709552],
            [-71.276737308806133, 43.006732074862619],
            [-71.275733146471126, 43.005905526526639],
            [-71.273829709055491, 43.005405135522807],
            [-71.272936179987525, 43.004825879091491],
            [-71.272937231303885, 43.004661258082486],
            [-71.272602360408911, 43.00441316868509],
            [-71.273838100422424, 43.004088167309625],
            [-71.274850577402319, 43.003597763831245],
            [-71.276766980605046, 43.002040373671143],
            [-71.277110176095036, 43.000971481554402],
            [-71.276215116356752, 43.000639182208864],
            [-71.27621928593932, 42.999980697402329],
            [-71.276331427208191, 42.999981079895107],
            [-71.276332990316405, 42.999734148069685],
            [-71.276557271962631, 42.999734912719077],
            [-71.277008435927513, 42.999324887600437],
            [-71.276898897182662, 42.998912952652198],
            [-71.276675139077568, 42.998829878057798],
            [-71.276905660409724, 42.997842914391732],
            [-71.276793523021425, 42.997842532476703],
            [-71.276795084162558, 42.997595600545083],
            [-71.276236483983041, 42.997264446768099],
            [-71.276238047323076, 42.997017514827824],
            [-71.276014296976541, 42.996934438944507],
            [-71.276129038963376, 42.996523268358366],
            [-71.275906855174711, 42.996193260296195],
            [-71.275459884083645, 42.995944796145821],
            [-71.275461450461052, 42.995697864171269],
            [-71.276023160581417, 42.995535157763683],
            [-71.276249511213408, 42.995206680270975],
            [-71.276251595443028, 42.994877437562224],
            [-71.276028374170309, 42.994712051025651],
            [-71.276032023551949, 42.994135876238005],
            [-71.27569667520784, 42.993970106302505],
            [-71.27412318362245, 42.994540907972684],
            [-71.27378678958749, 42.994539753790605],
            [-71.273676756173174, 42.994210126197629],
            [-71.272218003878763, 42.994369733243936],
            [-71.271879503333494, 42.994697816032044],
            [-71.271318317710524, 42.994778191483157],
            [-71.271092470418012, 42.995024348524211],
            [-71.268963020842932, 42.994852344316278],
            [-71.268855136363499, 42.99419346974981],
            [-71.268410865809344, 42.993533425055105],
            [-71.269535340250002, 42.993043457260647],
            [-71.270096512330738, 42.992963090473253],
            [-71.270884580431826, 42.992471943307571],
            [-71.270885636770188, 42.992307321982594],
            [-71.270661910751699, 42.992224235664459],
            [-71.270664024589834, 42.991894993004287],
            [-71.270776151082401, 42.991895380881694],
            [-71.270668252159297, 42.991236507626645],
            [-71.270223454194735, 42.990658780317204],
            [-71.270227157281269, 42.990082605521742],
            [-71.269781312521957, 42.989669497815285],
            [-71.269783960453324, 42.989257944346555],
            [-71.270347741867837, 42.988766022615643],
            [-71.270461977329774, 42.988437167928566],
            [-71.270799394369973, 42.988273710310729],
            [-71.271247874031729, 42.988275260526834],
            [-71.271582652309988, 42.988523354216817],
            [-71.271581597971306, 42.988687975664881],
            [-71.272140095659537, 42.98901915224824],
            [-71.273486075862976, 42.988941471192263],
            [-71.273487649758209, 42.988694538972773],
            [-71.2740487772259, 42.988614152569383],
            [-71.274275112676065, 42.988285678524512],
            [-71.275061520146735, 42.988041434123595],
            [-71.275177296208483, 42.98746564226294],
            [-71.276077371178843, 42.986974841855307],
            [-71.277086949654489, 42.986895969955491],
            [-71.277759135746265, 42.986980568417728],
            [-71.277870215900592, 42.987145570926451],
            [-71.278765606937299, 42.987395546570475],
            [-71.278990361047519, 42.987313995464426],
            [-71.278993464575464, 42.98682013054983],
            [-71.277988556937245, 42.986158221927809],
            [-71.277766400102749, 42.985828216984302],
            [-71.277660512589094, 42.984840106024308],
            [-71.276991469212746, 42.984261642024556],
            [-71.276431946961722, 42.984095110580967],
            [-71.276432988189711, 42.983930488904612],
            [-71.277330404424688, 42.983851232338466],
            [-71.278004631772248, 42.983606585859057],
            [-71.27957470976726, 42.983529593783416],
            [-71.280362066475234, 42.983120690672898],
            [-71.280364127879892, 42.982791447105825],
            [-71.280589893170401, 42.982545270924192],
            [-71.280819259751723, 42.981722917910908],
            [-71.280371342522898, 42.981639094470708],
            [-71.280372373151479, 42.98147447264661],
            [-71.280037081627498, 42.981308715283646],
            [-71.279929617316057, 42.980567538302665],
            [-71.28094268792961, 42.979912455348497],
            [-71.281056850261578, 42.979583589293746],
            [-71.280721567122256, 42.97941783391385],
            [-71.280166202851291, 42.978592833110731],
            [-71.279382518943777, 42.978425558814436],
            [-71.279387684610342, 42.977602449278415],
            [-71.281977287871641, 42.975800301872425],
            [-71.282543410295631, 42.974896762937604],
            [-71.282661651690489, 42.973909406610055],
            [-71.282888398731146, 42.973498603249638],
            [-71.284122444709823, 42.973338108595939],
            [-71.285354958804845, 42.973424533846377],
            [-71.286816728755369, 42.972688579069896],
            [-71.286932365387074, 42.972112773240227],
            [-71.287383257425134, 42.971702704205484],
            [-71.287497369985658, 42.971373831064845],
            [-71.287722054179341, 42.97129226231683],
            [-71.287949767905488, 42.970716826297767],
            [-71.288400138543068, 42.970389064241296],
            [-71.288402156157872, 42.970059819630329],
            [-71.287957847861875, 42.969399847883651],
            [-71.287848792751305, 42.968905610014716],
            [-71.287514054588598, 42.96865756320615],
            [-71.287405004303352, 42.968163324868847],
            [-71.289096327189, 42.966522659043527],
            [-71.28910035441406, 42.965864169303174],
            [-71.288766635270278, 42.965451503618603],
            [-71.288884254348716, 42.964546450021068],
            [-71.288550039615885, 42.964216094885529],
            [-71.288214314827258, 42.964132672490784],
            [-71.288217342061699, 42.963638805035949],
            [-71.289115958630489, 42.963312520838244],
            [-71.289341617346437, 42.96306632615039],
            [-71.291355453979861, 42.963649137216336],
            [-71.291577604675538, 42.963979117038647],
            [-71.292024410527162, 42.964227519006741],
            [-71.292133491094816, 42.964721753397285],
            [-71.293473942267681, 42.965466947557431],
            [-71.29346647868158, 42.966701616462636],
            [-71.292567336616173, 42.967110245758832],
            [-71.292341176724051, 42.967438757855234],
            [-71.292335686482531, 42.968344181315217],
            [-71.292223602492271, 42.968343814717919],
            [-71.292668946371521, 42.968839147748483],
            [-71.293229370869042, 42.968840977473974],
            [-71.293676218464341, 42.96908937294095],
            [-71.293674726405044, 42.969336306592282],
            [-71.292999222028541, 42.969827980421606],
            [-71.293103836746695, 42.9710630141794],
            [-71.29253890194488, 42.971801984333744],
            [-71.292537405194238, 42.972048917835586],
            [-71.292760589394106, 42.972214272689065],
            [-71.292756101681562, 42.972955073127615],
            [-71.293313576136441, 42.973450769502826],
            [-71.294880898933272, 42.973785122078446],
            [-71.295550492788806, 42.974281171614805],
            [-71.295547028153734, 42.97485734971594],
            [-71.295994422891212, 42.975023424917474],
            [-71.295991951058426, 42.975434980677072],
            [-71.296104047974097, 42.975435343632249],
            [-71.295764294487057, 42.976010432436212],
            [-71.295314912105084, 42.976173600876791],
            [-71.294413657754617, 42.976911488003701],
            [-71.293740065530557, 42.977073920844433],
            [-71.293402272385521, 42.977319757969028],
            [-71.292504970955761, 42.97739914107305],
            [-71.292278273280033, 42.977809963391422],
            [-71.292836784721757, 42.978141039665417],
            [-71.29305849664, 42.978553327079922],
            [-71.294175050487709, 42.979297780364767],
            [-71.294396775467604, 42.97971006515283],
            [-71.294954819639315, 42.980123442159069],
            [-71.295179030479844, 42.980124170054282],
            [-71.295624977464925, 42.980537179901461],
            [-71.296072907842699, 42.980620943713916],
            [-71.297189535502937, 42.981365367599743],
            [-71.297520441787043, 42.982271874518055],
            [-71.298078038327446, 42.98276754733709],
            [-71.30042942279259, 42.983268970949794],
            [-71.300427957021597, 42.983515904175242],
            [-71.3006512037351, 42.983681243543288],
            [-71.300648762217335, 42.984092798893492],
            [-71.301428191178914, 42.985000727497898],
            [-71.301424780138433, 42.985576904896476],
            [-71.30164706294542, 42.985906864400469],
            [-71.301981951301713, 42.986154869684512],
            [-71.302766281094591, 42.98623967855535],
            [-71.30421799440164, 42.98723203583004],
            [-71.305001858501328, 42.987399140483475],
            [-71.305336286355754, 42.987729447023995],
            [-71.306569119068342, 42.987815644785329],
            [-71.306679317301217, 42.98814524172694],
            [-71.3070151978513, 42.988228610179611],
            [-71.308800527699304, 42.989715832171541],
            [-71.309136896775044, 42.989716883355399],
            [-71.309471835970967, 42.989964866743499],
            [-71.310818267589269, 42.989804435525031],
            [-71.311377461379962, 42.990053110309304],
            [-71.312946248906087, 42.990222594249275],
            [-71.313616166232649, 42.990718537834603],
            [-71.31383759109525, 42.991213095833672],
            [-71.314734597599298, 42.991215857397371],
            [-71.315405946343546, 42.991464857243209],
            [-71.316299216237056, 42.992126095302481],
            [-71.317418627005679, 42.992458766500071],
            [-71.317865277560699, 42.992789378554257],
            [-71.318086278677882, 42.993366239390383],
            [-71.31842127374712, 42.993614196627981],
            [-71.319087560968029, 42.994768596821864],
            [-71.319757577050325, 42.995264504413939],
            [-71.319979530027112, 42.995676739295916],
            [-71.320203798017957, 42.995677418368786],
            [-71.321096719087848, 42.99642092996131],
            [-71.321433125176043, 42.996421945136383],
            [-71.321991961890987, 42.996752879206632],
            [-71.322212555869442, 42.997412042925959],
            [-71.32254758947866, 42.997659988045122],
            [-71.322546670852361, 42.99782461017584],
            [-71.323441941862228, 42.998156548096205],
            [-71.324899286908874, 42.998243221397892],
            [-71.325234335865417, 42.998491158669275],
            [-71.325344652669145, 42.998820737435132],
            [-71.325531046797636, 42.998912751370433],
            [-71.325456792443632, 42.998821071789891],
            [-71.327811728149754, 42.998828067860778],
            [-71.328259384013933, 42.998994017147353],
            [-71.329272248024736, 42.99833850781701],
            [-71.3293866379273, 42.997927282729528],
            [-71.328828201625953, 42.997514073538184],
            [-71.328156280676779, 42.997347463392536],
            [-71.327821226102785, 42.997099534605958],
            [-71.327601930837275, 42.996193448070855],
            [-71.327489795815822, 42.996193115833961],
            [-71.327492511930572, 42.995699249031595],
            [-71.327269149644181, 42.995533961966487],
            [-71.32693909595065, 42.994380607954568],
            [-71.326159172749342, 42.993472852855746],
            [-71.326161899260441, 42.992978985885934],
            [-71.326612684968907, 42.992568763438612],
            [-71.326504188122357, 42.991909940824584],
            [-71.325834608635205, 42.991331761187745],
            [-71.3256121767878, 42.991001848454864],
            [-71.325613997232296, 42.990672603689156],
            [-71.325726122195675, 42.990672937729556],
            [-71.325727487060064, 42.990426004139884],
            [-71.326064769617531, 42.990262383188679],
            [-71.327634961316704, 42.990184732324359],
            [-71.328084361333353, 42.990021437449855],
            [-71.328873284735224, 42.989282955331824],
            [-71.329432547157637, 42.989531542162872],
            [-71.331113943609466, 42.989618796279018],
            [-71.331114839109006, 42.989454173765104],
            [-71.331339532183293, 42.989372519683442],
            [-71.331341321955378, 42.989043274629033],
            [-71.331679476112001, 42.988715014474913],
            [-71.331903719064528, 42.988715670538696],
            [-71.332241868432064, 42.98838740868807],
            [-71.332914148447429, 42.988471683532275],
            [-71.332915929759196, 42.988142438372904],
            [-71.332803809312281, 42.988142111390914],
            [-71.33292082821194, 42.987237014086283],
            [-71.333258519183403, 42.986991060412656],
            [-71.33482950465195, 42.986748687853833],
            [-71.334830832891697, 42.986501753863436],
            [-71.334607484001921, 42.986336480898409],
            [-71.332705502290892, 42.985590133725353],
            [-71.331811703182282, 42.98501133400174],
            [-71.331812596675888, 42.984846711343039],
            [-71.331143043485454, 42.984268562136229],
            [-71.330143002201424, 42.982619373194495],
            [-71.329585148405727, 42.982123855689643],
            [-71.329475288027496, 42.981711968716517],
            [-71.3300385260289, 42.981219750447593],
            [-71.330490993418195, 42.98048026598876],
            [-71.33127529154811, 42.980564879476375],
            [-71.33183359161012, 42.980978077491457],
            [-71.332506236143772, 42.980980043177205],
            [-71.333292767020126, 42.980653085877002],
            [-71.333965408111027, 42.980655042976146],
            [-71.334641149597388, 42.980080816190664],
            [-71.335539321300601, 42.97983647988859],
            [-71.336210631239283, 42.980085358069957],
            [-71.336659054632406, 42.980086651797166],
            [-71.336884146150041, 42.979922675116491],
            [-71.336437485928514, 42.979592136504479],
            [-71.336219006180883, 42.978521440570489],
            [-71.335772359634191, 42.978190899327643],
            [-71.335105052224066, 42.977201215400363],
            [-71.334996048272771, 42.976624710326767],
            [-71.334883948729455, 42.976624385451792],
            [-71.335000471886545, 42.975801595508486],
            [-71.335902550078615, 42.974816452453631],
            [-71.336351375708716, 42.974735435747434],
            [-71.337138685541944, 42.974243828281253],
            [-71.33814841907143, 42.974082105127714],
            [-71.340061873936833, 42.972605950295673],
            [-71.340287799546459, 42.972277343426427],
            [-71.340293022375008, 42.971289604352279],
            [-71.339290325018879, 42.970134361143877],
            [-71.339069644097918, 42.969475226908195],
            [-71.338624797039287, 42.968815449966556],
            [-71.338401063946293, 42.968732495690091],
            [-71.33840237706363, 42.968485560830679],
            [-71.338739943232497, 42.968239589765197],
            [-71.338740817727142, 42.968074966506968],
            [-71.340311735344429, 42.967750204594083],
            [-71.340763545637486, 42.967092988711961],
            [-71.341887399955311, 42.966519992657297],
            [-71.342115889687562, 42.965697511597561],
            [-71.342790095644645, 42.965370169519339],
            [-71.344135906130447, 42.965209343639394],
            [-71.344918313759365, 42.965623110161616],
            [-71.345702871543736, 42.965625312742759],
            [-71.345816662326243, 42.96529638005547],
            [-71.346154181571208, 42.965050386835053],
            [-71.347051663074069, 42.964888270438976],
            [-71.347840037248801, 42.9641496525687],
            [-71.348287072021336, 42.964397835655774],
            [-71.348620760381451, 42.964892640920787],
            [-71.349180305802662, 42.965058820113981],
            [-71.349965701209101, 42.964896369929129],
            [-71.350304045351848, 42.964485740848545],
            [-71.351088589093862, 42.96448790647046],
            [-71.351423141016326, 42.964818080076768],
            [-71.351532698442682, 42.965312259349211],
            [-71.352314319016969, 42.96589059901185],
            [-71.352312223418821, 42.966302157853669],
            [-71.351636797320651, 42.966876491353155],
            [-71.35163553721371, 42.967123426603067],
            [-71.35141011124955, 42.967369744677363],
            [-71.35107302091572, 42.967533441584919],
            [-71.350176777261765, 42.967448654156094],
            [-71.349613825596236, 42.967940973626256],
            [-71.349939097075207, 42.970082008890543],
            [-71.350272829161398, 42.970576808987779],
            [-71.350608252439557, 42.970742361344527],
            [-71.351172063286526, 42.970085413880213],
            [-71.352630880461987, 42.969760173974464],
            [-71.353520897605719, 42.971079617994064],
            [-71.353967588379206, 42.971410090530249],
            [-71.355424762201636, 42.971414061997812],
            [-71.35620898037935, 42.971498504518593],
            [-71.356656102036169, 42.971746654874813],
            [-71.357552829471544, 42.971749080003576],
            [-71.357886219877642, 42.972326169699393],
            [-71.358221261849465, 42.972574011510488],
            [-71.359228863913899, 42.972823660715086],
            [-71.35945345942423, 42.97274195090155],
            [-71.359456327246932, 42.972165768775035],
            [-71.360019239416474, 42.971673401138439],
            [-71.360021284021045, 42.971261842383683],
            [-71.360247098636563, 42.970933195696226],
            [-71.360809177513886, 42.970605447551584],
            [-71.361035800620229, 42.970112175697359],
            [-71.361372471727705, 42.970030761268731],
            [-71.361374507192735, 42.969619202343416],
            [-71.361713208338557, 42.96912622792798],
            [-71.361714834845216, 42.968796980727426],
            [-71.361270564505418, 42.967972667358673],
            [-71.361046803774315, 42.967889757248287],
            [-71.361278301070129, 42.966408742734416],
            [-71.360048677571342, 42.96574695219649],
            [-71.360049903967536, 42.965500016689887],
            [-71.359382342488743, 42.964510471311122],
            [-71.359163106392117, 42.963522127128947],
            [-71.358606011853055, 42.962862125485451],
            [-71.358720960361865, 42.962286243966581],
            [-71.357939736509948, 42.961625635764612],
            [-71.357715591390829, 42.961625031012453],
            [-71.3574935070138, 42.961212866439148],
            [-71.356823141374178, 42.96079948887256],
            [-71.356823967431396, 42.960634865109824],
            [-71.356488995602746, 42.960387018911277],
            [-71.356603132481894, 42.959975763099258],
            [-71.357053061549507, 42.959647728899377],
            [-71.356945121067724, 42.958824306684349],
            [-71.357282560641039, 42.958578280121685],
            [-71.358516940964421, 42.958252357592215],
            [-71.360090774981117, 42.957268827001677],
            [-71.360321437325311, 42.955952435571355],
            [-71.360995033298664, 42.955707297061799],
            [-71.361108316886813, 42.95546066028335],
            [-71.362119710860981, 42.954887163993703],
            [-71.362458730023334, 42.954311873817964],
            [-71.363693805496823, 42.953821270816782],
            [-71.363697035627979, 42.953162774508314],
            [-71.363921957078787, 42.952998743362478],
            [-71.364149699381827, 42.952258527376785],
            [-71.36493569720389, 42.951931349361146],
            [-71.365049360003496, 42.951602396375058],
            [-71.365498781814694, 42.951356640256215],
            [-71.365725296007739, 42.950863357125577],
            [-71.365949802963939, 42.950781633981862],
            [-71.366064259351077, 42.950288055696589],
            [-71.365842159502066, 42.949875906457017],
            [-71.3664044166633, 42.949465816840515],
            [-71.366406417141732, 42.949054256239627],
            [-71.366967465046045, 42.948891100153126],
            [-71.367193160306357, 42.948562438115076],
            [-71.369208852719112, 42.948814633235742],
            [-71.369658633479702, 42.948486548400425],
            [-71.369773451488513, 42.947910653942216],
            [-71.370449685166548, 42.94708927384773],
            [-71.37224242644335, 42.947093898850483],
            [-71.37235211992342, 42.947588060134727],
            [-71.372013229991737, 42.948163380673989],
            [-71.372008911199998, 42.949068814558942],
            [-71.371782846711596, 42.949479798291584],
            [-71.3718917550528, 42.950138584110803],
            [-71.372337217073166, 42.950715922446271],
            [-71.37211075615761, 42.951209218832524],
            [-71.373567065200049, 42.951295270079946],
            [-71.374238220030563, 42.951543926014409],
            [-71.374462718293941, 42.951462186158267],
            [-71.375469266711846, 42.951876316797311],
            [-71.376027605427154, 42.952289301441454],
            [-71.375912449853828, 42.952947514017133],
            [-71.376023732192678, 42.953112422860627],
            [-71.375911287413501, 42.953194450424363],
            [-71.376470801188546, 42.953360496459268],
            [-71.376693757368514, 42.953608000805609],
            [-71.376468093974566, 42.953936681379595],
            [-71.376465773441964, 42.954430554122006],
            [-71.377022983772051, 42.955090470157494],
            [-71.377019895507161, 42.955748967036946],
            [-71.377243248208941, 42.955914158138143],
            [-71.377242090969162, 42.95616109444601],
            [-71.377687261084617, 42.956820723720263],
            [-71.37802268378509, 42.956986196139184],
            [-71.378244890356456, 42.957398321544943],
            [-71.378804448492673, 42.957564356180434],
            [-71.379135662487826, 42.958635258263968],
            [-71.379470716107633, 42.958883038504304],
            [-71.379354052615412, 42.959870502114505],
            [-71.37912953014704, 42.959952251373082],
            [-71.378790634767512, 42.960527590717525],
            [-71.377445785510687, 42.960524200662896],
            [-71.377108029282084, 42.960852598818626],
            [-71.3773267721444, 42.962005533945756],
            [-71.37710069516055, 42.962416527214394],
            [-71.376651238536397, 42.962662328307232],
            [-71.376536069660759, 42.96332054027728],
            [-71.37642399383337, 42.963320256154134],
            [-71.376645438988547, 42.963897008213692],
            [-71.3782083622893, 42.96521796474547],
            [-71.378544600163934, 42.965218811574317],
            [-71.378549977889548, 42.96406644374396],
            [-71.379338731972794, 42.96316298366559],
            [-71.379341030233618, 42.962669111554391],
            [-71.380015388994295, 42.962259237341037],
            [-71.380016153259433, 42.962094613272882],
            [-71.38035313754088, 42.96193083066504],
            [-71.380354282572284, 42.961683894539519],
            [-71.380916170766199, 42.9613560465747],
            [-71.381368643465848, 42.960451732091443],
            [-71.382601420918249, 42.960454797993606],
            [-71.383163286020618, 42.960126938861372],
            [-71.383277622650752, 42.959633343826212],
            [-71.383054618391114, 42.95938585242645],
            [-71.383056886630442, 42.958891979828252],
            [-71.383506667798514, 42.958563841158956],
            [-71.383845508438597, 42.957988487497659],
            [-71.384854480131636, 42.957908662882652],
            [-71.385301244366232, 42.958239014113097],
            [-71.386309470958679, 42.958323800947852],
            [-71.386312086765741, 42.95774761597707],
            [-71.386536591768774, 42.957665852549049],
            [-71.386537711904438, 42.957418916106853],
            [-71.387662082877952, 42.956598531448186],
            [-71.387663570333075, 42.956269282762968],
            [-71.387888439735804, 42.956105204465914],
            [-71.388224257162804, 42.956188334901547],
            [-71.388446899894788, 42.956518128570586],
            [-71.388445416602934, 42.956847377263358],
            [-71.388892192471772, 42.957177714572417],
            [-71.389228756663428, 42.957096217724896],
            [-71.389454363909863, 42.956767512018018],
            [-71.389902620164378, 42.956768596688327],
            [-71.390464044918673, 42.956523013494511],
            [-71.391808442207122, 42.956608562561591],
            [-71.392595080548418, 42.956116570205559],
            [-71.395395207530669, 42.956452492556714],
            [-71.395842017866201, 42.956782802857532],
            [-71.395840213013116, 42.957194363956432],
            [-71.395727425868344, 42.957358723193806],
            [-71.394717389304091, 42.957685580329951],
            [-71.394266221566539, 42.958343012049674],
            [-71.394373207257189, 42.959495649225701],
            [-71.394706876823989, 42.960072633689023],
            [-71.394705426726034, 42.960401882349643],
            [-71.394817497432143, 42.960402148559055],
            [-71.394812061588269, 42.961636830878085],
            [-71.395368809729419, 42.962461281771688],
            [-71.395367001364036, 42.962872842444661],
            [-71.39525492616842, 42.962872576761036],
            [-71.395252755183293, 42.963366449524749],
            [-71.395028603003752, 42.963365917819189],
            [-71.394801188870943, 42.964106194712521],
            [-71.394689111441792, 42.964105928468811],
            [-71.394799739071573, 42.964435443142818],
            [-71.394687661044756, 42.964435176896068],
            [-71.394683309707148, 42.965422922063524],
            [-71.3941203670189, 42.965997773713127],
            [-71.394229541995983, 42.966656537115043],
            [-71.394117096550829, 42.966738582366872],
            [-71.394340171671686, 42.966986052091791],
            [-71.394560346100107, 42.967892017843596],
            [-71.39589958126254, 42.969212200114306],
            [-71.396232956563281, 42.96987149136595],
            [-71.396902966018345, 42.970449262540221],
            [-71.397013616672638, 42.970778774771695],
            [-71.397349167106171, 42.970944190503261],
            [-71.397348089692343, 42.971191126583626],
            [-71.397683284567648, 42.971438853355565],
            [-71.397792506915053, 42.972097612860949],
            [-71.398238727002408, 42.972592537265172],
            [-71.398013466451459, 42.972838947339142],
            [-71.39745228184799, 42.973002254537093],
            [-71.397451563796992, 42.973166878533846],
            [-71.397001749673734, 42.973495071070211],
            [-71.397111327764563, 42.974071518997498],
            [-71.397445819171395, 42.974483870336378],
            [-71.397442946713511, 42.975142366123357],
            [-71.396657183958666, 42.975387453724629],
            [-71.396207349382976, 42.97571564295589],
            [-71.395980986207107, 42.976208984679339],
            [-71.395080568613366, 42.977029979733246],
            [-71.394854554112044, 42.977441007159605],
            [-71.394962306908141, 42.97842901624464],
            [-71.395185789561182, 42.978594172037972],
            [-71.395407464284972, 42.979170886891538],
            [-71.395854799768429, 42.979418884384842],
            [-71.395854077294715, 42.97958350817467],
            [-71.397530993593307, 42.980657528999878],
            [-71.398198624902548, 42.981811475006459],
            [-71.398534238373273, 42.981976887115621],
            [-71.398756313823299, 42.982471283389209],
            [-71.399538595067824, 42.983049300648474],
            [-71.39975997023609, 42.983708318636168],
            [-71.399983484828454, 42.983873464995717],
            [-71.399982061682479, 42.984202712424917],
            [-71.399756765458676, 42.98444912533305],
            [-71.399753916665688, 42.98510762009375],
            [-71.401320349323967, 42.98585207612053],
            [-71.401319641272053, 42.986016699798256],
            [-71.401655285975465, 42.986182102718068],
            [-71.401876341554342, 42.986923428169703],
            [-71.402547293202346, 42.987336541569263],
            [-71.402546588387864, 42.987501165220458],
            [-71.403664630133534, 42.988244553342199],
            [-71.403663928278419, 42.988409176981968],
            [-71.403999241802836, 42.988656884827215],
            [-71.405008689974437, 42.988576884255444],
            [-71.407025846368256, 42.988828415568868],
            [-71.407585767218492, 42.988994309551138],
            [-71.40814465621078, 42.989407136303683],
            [-71.408478615113523, 42.98998407835979],
            [-71.40858695147196, 42.990889761261606],
            [-71.408810171611464, 42.991137202119504],
            [-71.408919202703302, 42.991878260938861],
            [-71.409031330711642, 42.991878513379717],
            [-71.409028924013654, 42.992454695976569],
            [-71.409251808038718, 42.992784447716659],
            [-71.409248716249891, 42.993525253797031],
            [-71.409360847255257, 42.993525505922797],
            [-71.409470575551438, 42.9941019403891],
            [-71.410363185236747, 42.995174005644472],
            [-71.410587453263688, 42.995174507617925],
            [-71.411258212110596, 42.99566988150324],
            [-71.41204247692356, 42.995836253900372],
            [-71.41226538922335, 42.996165999649641],
            [-71.412374470449166, 42.996907054654159],
            [-71.411924901713604, 42.997152992482526],
            [-71.411698924902907, 42.997564051820262],
            [-71.411023706173495, 42.998138733160907],
            [-71.411023023721057, 42.998303356610897],
            [-71.411582019864511, 42.998716166183073],
            [-71.410906787382316, 42.999290846682719],
            [-71.411913680597735, 42.99986927945897],
            [-71.412024803432189, 43.000116464120879],
            [-71.413593116667514, 43.000531504790878],
            [-71.414822664135627, 43.001521966174103],
            [-71.415046955327171, 43.001522459467886],
            [-71.415046283535517, 43.001687082871477],
            [-71.415605002118483, 43.002182184393412],
            [-71.415601985646703, 43.00292298961805],
            [-71.416606979236562, 43.003995251067103],
            [-71.416716126069545, 43.004736301084037],
            [-71.416938761948217, 43.005148349024225],
            [-71.417498192347594, 43.005478817804658],
            [-71.418843364477937, 43.005646363067761],
            [-71.41906601785152, 43.006058406848133],
            [-71.420072439686194, 43.006801390945625],
            [-71.420744386115572, 43.007049773769516],
            [-71.421638687315991, 43.007792503018415],
            [-71.421856136923395, 43.009521527503168],
            [-71.42207980414328, 43.00968663034562],
            [-71.422077844523074, 43.010180500097974],
            [-71.421852867894373, 43.010344643743345],
            [-71.421738743808845, 43.010838273463399],
            [-71.419831650170522, 43.010916488806735],
            [-71.419606664885421, 43.011080627994176],
            [-71.418260045259913, 43.011242337900427],
            [-71.417473238294761, 43.011652189053521],
            [-71.417134080336453, 43.01230994846334],
            [-71.416235755155583, 43.012554923277285],
            [-71.415450930924635, 43.012470891080419],
            [-71.415448917998731, 43.012964760343898],
            [-71.417354415508257, 43.01329817598122],
            [-71.418137261475465, 43.013876064432196],
            [-71.418248102514028, 43.014205554111669],
            [-71.418472108446906, 43.01428835234816],
            [-71.41902964544704, 43.015112682544391],
            [-71.419139501675858, 43.015689105883446],
            [-71.419474365160056, 43.016101390777507],
            [-71.419472714381371, 43.016512948363939],
            [-71.420144434811689, 43.016843646057339],
            [-71.420480955369555, 43.016844370396022],
            [-71.420592471555707, 43.017009234652932],
            [-71.421601381368575, 43.017176023793525],
            [-71.421936269389789, 43.017588301437833],
            [-71.422157026688666, 43.018494207531774],
            [-71.422603450839588, 43.019071345742169],
            [-71.42260182078806, 43.019482903210779],
            [-71.421926462336813, 43.020057646322513],
            [-71.42203537392578, 43.020881000876805],
            [-71.421809703808108, 43.021209766958606],
            [-71.420798428331864, 43.021619159778226],
            [-71.420684931717346, 43.02194816451469],
            [-71.42102016754329, 43.022278133104692],
            [-71.421692940814879, 43.022361887232215],
            [-71.422140695139731, 43.022609781158387],
            [-71.42225026700342, 43.023268512293257],
            [-71.422586496626053, 43.023351541961176],
            [-71.423368869038967, 43.024094016901245],
            [-71.423477806798843, 43.024917369565301],
            [-71.423365618555579, 43.024917131130479],
            [-71.423362367935283, 43.025740245240677],
            [-71.423137012343048, 43.025986702233226],
            [-71.423135060081819, 43.026480570612584],
            [-71.422684991808708, 43.026808860393409],
            [-71.422682709872717, 43.027385040062725],
            [-71.423353265470183, 43.028044964116013],
            [-71.423575379664754, 43.028621620510094],
            [-71.423911315905656, 43.028786957648094],
            [-71.423910018414858, 43.029116203096308],
            [-71.424022214309772, 43.029116441016001],
            [-71.42402059316511, 43.029527997802909],
            [-71.423908396520616, 43.029527759879805]
          ],
          [
            [-71.399030346843603, 43.04848633523423],
            [-71.39701199235374, 43.048070038607406],
            [-71.399110700465286, 43.048537174437897],
            [-71.399030346843603, 43.04848633523423]
          ],
          [
            [-71.393956116166834, 43.046616457278468],
            [-71.394659886622151, 43.04699441943422],
            [-71.395780720078093, 43.047326324969504],
            [-71.393956116166834, 43.046616457278468]
          ],
          [
            [-71.393428489660053, 43.046290036926891],
            [-71.393428299013692, 43.046332991401862],
            [-71.393537782726014, 43.046391789976902],
            [-71.393428489660053, 43.046290036926891]
          ],
          [
            [-71.392757898782079, 43.045665709422302],
            [-71.392757500601931, 43.045755205382214],
            [-71.393042111992912, 43.045930315056708],
            [-71.392757898782079, 43.045665709422302]
          ],
          [
            [-71.365482717785639, 43.023544765174599],
            [-71.365147370626147, 43.023296945898956],
            [-71.36551287475838, 43.023634638923937],
            [-71.365482717785639, 43.023544765174599]
          ],
          [
            [-71.36044142066433, 43.020927724979337],
            [-71.36055924745547, 43.020980027368125],
            [-71.361346958009264, 43.020488258597148],
            [-71.36044142066433, 43.020927724979337]
          ],
          [
            [-71.348598848641444, 43.012633877557633],
            [-71.348598855804127, 43.012633882853869],
            [-71.349944837901162, 43.012637615417269],
            [-71.348598848641444, 43.012633877557633]
          ],
          [
            [-71.347816680328634, 43.012055520760555],
            [-71.347721454016607, 43.011878874362921],
            [-71.347774809761077, 43.012264923061814],
            [-71.347816680328634, 43.012055520760555]
          ],
          [
            [-71.325679554833016, 42.999096109701057],
            [-71.325679251393666, 42.999150984467271],
            [-71.325743201753781, 42.999174692608094],
            [-71.325679554833016, 42.999096109701057]
          ],
          [
            [-71.333025824311576, 42.988554321695979],
            [-71.33302626949461, 42.988472010408181],
            [-71.332913703114784, 42.988553994819142],
            [-71.333025824311576, 42.988554321695979]
          ],
          [
            [-71.333137500474919, 42.988636959750522],
            [-71.333137945510217, 42.988554648462994],
            [-71.333025379126667, 42.988636632982576],
            [-71.333137500474919, 42.988636959750522]
          ],
          [
            [-71.386421164270487, 42.958406387501412],
            [-71.38642153781413, 42.958324075366704],
            [-71.386309097265666, 42.958406113081772],
            [-71.386421164270487, 42.958406387501412]
          ]
        ]
      }
    },
    {
      "type": "Feature",
      "properties": {
        "catchment": "Hemlock-Canadice NY",
        "supplies": "Rochester",
        "outlet": "Hemlock and Canadice Lake outlets",
        "outlet_lon": -77.61583,
        "outlet_lat": 42.77726,
        "nldi_comid": 15539651,
        "component_comids": "15539651;15540213",
        "delineated_area_km2": 143.169,
        "official_area_km2": 157.827,
        "area_difference_pct": -9.288,
        "validation_status": "pass",
        "delineation_method": "Union of USGS StreamStats NY state-specific delineations at the Hemlock north outlet and Canadice Lake dam",
        "area_source": "City of Rochester combined Hemlock and Canadice watershed (about 39,000 acres)",
        "area_url": "https://www.cityofrochester.gov/sites/default/files/migrated/WorkArea-linkit.aspx-LinkIdentifier-id-ItemID-8589941913.pdf"
      },
      "geometry": {
        "type": "Polygon",
        "coordinates": [
          [
            [-77.648517302307823, 42.642525622817026],
            [-77.647805279977675, 42.64299233577146],
            [-77.64756157498303, 42.642997972125549],
            [-77.647211283753933, 42.643366266671514],
            [-77.646967577182792, 42.643371901801572],
            [-77.6462593487568, 42.643928565935745],
            [-77.646266979465949, 42.644108486539196],
            [-77.645909044686505, 42.644296856794192],
            [-77.645916674484496, 42.644476777436999],
            [-77.645680592491033, 42.644662330601747],
            [-77.645193168558265, 42.644673594105619],
            [-77.643144479568718, 42.645261203970456],
            [-77.640962467836857, 42.645581707431106],
            [-77.639534421213938, 42.646425078928189],
            [-77.638331037461725, 42.646813012705749],
            [-77.637980670006073, 42.647181280841664],
            [-77.636175551313329, 42.647763153316454],
            [-77.635943228390943, 42.648038648402981],
            [-77.632782364586717, 42.648291481903108],
            [-77.630196661168185, 42.647720578267119],
            [-77.62885237154137, 42.647661407010347],
            [-77.627755599754266, 42.64768658729939],
            [-77.626913917981582, 42.647976049648577],
            [-77.624111035466314, 42.64804033138158],
            [-77.623516844480264, 42.648414144137995],
            [-77.62352441084191, 42.648594067893242],
            [-77.623284462073471, 42.648689615074538],
            [-77.623292027838261, 42.648869538854619],
            [-77.62305586022579, 42.649055047486094],
            [-77.62186743915845, 42.649802659871767],
            [-77.618333250701255, 42.649883546579375],
            [-77.617857100926059, 42.65016458160526],
            [-77.616169791578386, 42.650653396381728],
            [-77.615605703888988, 42.651746868928804],
            [-77.615247629033306, 42.651935146732178],
            [-77.615255172491246, 42.652115071566861],
            [-77.615015196910619, 42.652210602062546],
            [-77.614908408306206, 42.652573235655638],
            [-77.614786533894062, 42.652576019407164],
            [-77.614687285514137, 42.653118577703438],
            [-77.614563524577889, 42.653076379927171],
            [-77.614569180909186, 42.653211323696723],
            [-77.614447305218135, 42.653214107120689],
            [-77.614466159068655, 42.653663919381522],
            [-77.614001273610015, 42.654214826822802],
            [-77.614035206253803, 42.655024489008397],
            [-77.614290277013239, 42.655288810031209],
            [-77.614575519929076, 42.6562728296622],
            [-77.614339298537786, 42.656458321543433],
            [-77.614350611612437, 42.656728208774965],
            [-77.614110617144362, 42.656823737820289],
            [-77.614015128573527, 42.657456257930733],
            [-77.613782671503202, 42.657731711220187],
            [-77.613793982674423, 42.658001598511497],
            [-77.613672097553561, 42.658004381360918],
            [-77.613687178655979, 42.658364231093877],
            [-77.613565292816503, 42.658367013848597],
            [-77.613584143706973, 42.658816826020384],
            [-77.613462256973506, 42.658819608689122],
            [-77.61356028401471, 42.661158631528664],
            [-77.613815379199508, 42.661422952733794],
            [-77.613963668922807, 42.662049906058428],
            [-77.614085561917108, 42.662047122687476],
            [-77.614290433081166, 42.664023510138229],
            [-77.614412329899181, 42.664020726316494],
            [-77.615089730144959, 42.665626125403058],
            [-77.615341077186244, 42.665800480152754],
            [-77.615546006280653, 42.667776862786219],
            [-77.615667910309753, 42.66777407743232],
            [-77.615820011535746, 42.668490988939872],
            [-77.615941916933579, 42.668488203257063],
            [-77.616101573898931, 42.669385038357134],
            [-77.616223481016405, 42.669382252327971],
            [-77.616249909384294, 42.6700119868052],
            [-77.616634514873837, 42.670453437916493],
            [-77.61664584341581, 42.670723323991865],
            [-77.617156143793409, 42.671251948396865],
            [-77.617700454004463, 42.672590227573401],
            [-77.618214557959703, 42.67320880833838],
            [-77.618225894429727, 42.673478693942677],
            [-77.618347809340676, 42.6734759054387],
            [-77.618640772460424, 42.674639831811163],
            [-77.619284382996781, 42.675435541379372],
            [-77.619295724978755, 42.675705426647482],
            [-77.619417644137926, 42.675702636888431],
            [-77.619603843426447, 42.677229196268421],
            [-77.619725765534326, 42.677226406101681],
            [-77.619740891705334, 42.677586252882548],
            [-77.619862814497864, 42.677583462551247],
            [-77.61989306907671, 42.678303155962055],
            [-77.62001499325595, 42.678300365431276],
            [-77.620178523138236, 42.679287152842058],
            [-77.620300449213417, 42.679284361955951],
            [-77.620726759728342, 42.68071537388127],
            [-77.621111466035998, 42.681156806564829],
            [-77.621256101202576, 42.68169378372648],
            [-77.621378031878194, 42.681690991567393],
            [-77.621663527392855, 42.682674983168184],
            [-77.621785459947361, 42.682672190524045],
            [-77.622196687473902, 42.683743348951438],
            [-77.622448129246493, 42.683917685084225],
            [-77.622463274668192, 42.684277530659251],
            [-77.622585210278473, 42.684274737079889],
            [-77.622745014153011, 42.685171557015288],
            [-77.622866951484227, 42.685168763089173],
            [-77.623026762328649, 42.68606558233396],
            [-77.623148701380828, 42.686062788061101],
            [-77.623197941851146, 42.687232284985463],
            [-77.62331988316852, 42.687229490469264],
            [-77.623468342242745, 42.687856424695759],
            [-77.623849325229244, 42.688207884724257],
            [-77.623994003221412, 42.688744856751974],
            [-77.624115947419611, 42.68874206130905],
            [-77.623997792420639, 42.688834817960803],
            [-77.624050843035235, 42.690094274706965],
            [-77.624172789867529, 42.690091479132825],
            [-77.62418415882658, 42.690361362651934],
            [-77.62456516176259, 42.690712819636182],
            [-77.624572742348391, 42.690892741907781],
            [-77.624949959915838, 42.691154236319889],
            [-77.625113611500737, 42.692141011665093],
            [-77.625235562233215, 42.692138214852228],
            [-77.625254519610351, 42.692588020164543],
            [-77.625376471203595, 42.692585223178227],
            [-77.625521174313761, 42.693122192276157],
            [-77.625772664207446, 42.693296519572804],
            [-77.625784041367751, 42.693566402594286],
            [-77.626553697378384, 42.694449224476976],
            [-77.626827960070287, 42.695163314700267],
            [-77.626949916548426, 42.695160515903694],
            [-77.626892462819299, 42.696692649826282],
            [-77.627143971322951, 42.696866973517992],
            [-77.627422048056417, 42.697671022407746],
            [-77.627932669720096, 42.698199588076605],
            [-77.627940262012572, 42.698379509626335],
            [-77.629201666038412, 42.699341069731602],
            [-77.629468385958972, 42.699875230381409],
            [-77.62971991469685, 42.700049547781255],
            [-77.630001840123882, 42.700943549310374],
            [-77.63012380760324, 42.700940746831016],
            [-77.630173204603167, 42.702110234164358],
            [-77.630295174349328, 42.702107431441263],
            [-77.63058471996159, 42.703181351805611],
            [-77.630832464528353, 42.703265705728882],
            [-77.63110301820042, 42.703889821874071],
            [-77.632478953022726, 42.704668616048451],
            [-77.632635161803918, 42.705475453703009],
            [-77.633149698608818, 42.706093952805652],
            [-77.633294505488308, 42.706630908271258],
            [-77.633416483778277, 42.706628101986823],
            [-77.633584127408028, 42.707704818314305],
            [-77.633839505905755, 42.707969085480521],
            [-77.633854729866059, 42.708328926249678],
            [-77.634739059018955, 42.709028955697605],
            [-77.635852140030138, 42.709363519611514],
            [-77.636728885368512, 42.709883612591334],
            [-77.636736506168404, 42.710063532500548],
            [-77.636984286275123, 42.710147872044075],
            [-77.636995718713294, 42.71041775183734],
            [-77.637117704054688, 42.71041494141204],
            [-77.637129137177624, 42.710684821163696],
            [-77.637376920290222, 42.71076915976726],
            [-77.637643763298982, 42.711303297174268],
            [-77.637891549558361, 42.711387634569491],
            [-77.637902986422816, 42.711657514106939],
            [-77.638284200917667, 42.712008918601121],
            [-77.638707369414178, 42.713349879132906],
            [-77.638829360329566, 42.713347066730243],
            [-77.638467240842829, 42.716326987535354],
            [-77.638722676754909, 42.716591241924156],
            [-77.63874937627574, 42.717220959825617],
            [-77.638871374769366, 42.7172181471743],
            [-77.639023890847511, 42.717935011752424],
            [-77.639145890712925, 42.717932198771095],
            [-77.639172595764848, 42.718561916309888],
            [-77.639050594668433, 42.718564729352828],
            [-77.638741808722472, 42.719922562677439],
            [-77.638166113970513, 42.72074626185595],
            [-77.638192811741533, 42.72137597958168],
            [-77.638314818430075, 42.721373167304371],
            [-77.638463526192282, 42.722000072416797],
            [-77.638585534077023, 42.721997259818252],
            [-77.63877621216453, 42.723613720013638],
            [-77.639290967666255, 42.724232184021659],
            [-77.639439693476263, 42.724859087132934],
            [-77.639317680067663, 42.724861900792106],
            [-77.639119443660661, 42.725947042202748],
            [-77.638177650427892, 42.726779181904917],
            [-77.638078520754604, 42.727321751854021],
            [-77.637956502385819, 42.727324564192813],
            [-77.638120483032679, 42.728311307173328],
            [-77.638242503319347, 42.72830849460788],
            [-77.638395045754862, 42.729025358238928],
            [-77.638517067414099, 42.729022545343391],
            [-77.638765016453277, 42.731988395437305],
            [-77.638642989004623, 42.731991208753179],
            [-77.638654437367748, 42.73226108715351],
            [-77.638414197166071, 42.732356672929484],
            [-77.638421828826836, 42.732536591886408],
            [-77.637948975209198, 42.732907681057924],
            [-77.638013836377681, 42.734436992401427],
            [-77.63839901365931, 42.734878350917626],
            [-77.638410462120049, 42.735148229234589],
            [-77.638665979099073, 42.735412480884861],
            [-77.638685062240185, 42.735862277932462],
            [-77.638807097274295, 42.735859464367913],
            [-77.639001658910473, 42.737565878733619],
            [-77.639123697253979, 42.737563064742027],
            [-77.639138967526137, 42.737922902115237],
            [-77.639261006556254, 42.737920087958528],
            [-77.63929154935002, 42.738639762553163],
            [-77.639413589770896, 42.738636948196124],
            [-77.639558540118145, 42.739173889478351],
            [-77.639680581560242, 42.739171074808688],
            [-77.639836992252611, 42.73997789338997],
            [-77.640477765729102, 42.740683490696085],
            [-77.64048540557809, 42.740863409091332],
            [-77.641622023068578, 42.741737653779417],
            [-77.641629666507626, 42.741917571975385],
            [-77.641873759728611, 42.741911937803067],
            [-77.642255190038512, 42.742263321765549],
            [-77.642747202277121, 42.742342009171367],
            [-77.643124816141452, 42.742603431016676],
            [-77.643598052941641, 42.745113824623765],
            [-77.644227445913387, 42.745549521161095],
            [-77.644845366928877, 42.745715337565706],
            [-77.645226837962184, 42.746066710323106],
            [-77.645470946752027, 42.746061068046366],
            [-77.645852423438228, 42.746412438545306],
            [-77.647336235524591, 42.746828361912641],
            [-77.648091559924239, 42.747351171071095],
            [-77.648099223573098, 42.747531088149898],
            [-77.64834716974498, 42.747615398115393],
            [-77.648354834203843, 42.747795315148672],
            [-77.648602781767053, 42.747879624518667],
            [-77.648869895135348, 42.748413725691655],
            [-77.649121679304429, 42.748587992298731],
            [-77.649396468296672, 42.749302008831435],
            [-77.649518528636378, 42.749299183143442],
            [-77.649537699512848, 42.749748975155008],
            [-77.649072455931133, 42.750300027874232],
            [-77.648225683938492, 42.750499718970644],
            [-77.646448358395091, 42.751801491363111],
            [-77.646345442314029, 42.752254106886653],
            [-77.646108968601069, 42.752439668894809],
            [-77.646124287226414, 42.752799503301759],
            [-77.646002219682998, 42.752802325557077],
            [-77.646029026721095, 42.75343203576579],
            [-77.645678136866067, 42.753800336411039],
            [-77.645842330383928, 42.754787059013928],
            [-77.645724088294358, 42.754879839669158],
            [-77.646628389065967, 42.756029543244026],
            [-77.646674360569136, 42.757109045251617],
            [-77.646552284621691, 42.757111868320727],
            [-77.64657910126806, 42.757741577774212],
            [-77.646457024069605, 42.757744400775188],
            [-77.646606440004263, 42.761252780839357],
            [-77.64648435591549, 42.761255604054824],
            [-77.64650351285826, 42.761705396228358],
            [-77.646625597828233, 42.76170257296873],
            [-77.646644756092002, 42.762152365055712],
            [-77.646766841925611, 42.762149541621923],
            [-77.646808993592785, 42.76313908396687],
            [-77.646686905820388, 42.763141907497833],
            [-77.646713729483196, 42.763771616217788],
            [-77.646477214774961, 42.763957179810596],
            [-77.646488709942318, 42.764227054993682],
            [-77.645790646970184, 42.765053618459952],
            [-77.643841006781628, 42.76518872217099],
            [-77.64349386826845, 42.765646976162763],
            [-77.643631272543615, 42.766003990203146],
            [-77.643509178832076, 42.766006810497586],
            [-77.643532145204759, 42.766546561948971],
            [-77.643410050417941, 42.766549382166332],
            [-77.643459810770779, 42.76771884354963],
            [-77.643581907849409, 42.767716023217559],
            [-77.643601048119038, 42.768165815936875],
            [-77.643852900922724, 42.768340091834972],
            [-77.643875872152904, 42.768879842915979],
            [-77.644131557681334, 42.76914407657685],
            [-77.644146873807841, 42.769503910506003],
            [-77.644268974324731, 42.76950108934728],
            [-77.644188994606182, 42.770493453671264],
            [-77.645333887512422, 42.771547558135104],
            [-77.645383692755203, 42.772717016677547],
            [-77.645150972171209, 42.772992536641731],
            [-77.645055680988136, 42.77362506740203],
            [-77.64493357244784, 42.773627889617046],
            [-77.644876586309181, 42.775160003671971],
            [-77.64475447473562, 42.775162825776974],
            [-77.644666838602745, 42.775975272873026],
            [-77.644544725406689, 42.775978094797374],
            [-77.644590692784178, 42.777057594851144],
            [-77.644354122876507, 42.777243155208737],
            [-77.644365614163888, 42.777513030226828],
            [-77.644014585215302, 42.777881328328974],
            [-77.64402224524386, 42.778061245038614],
            [-77.643781840197349, 42.778156845972475],
            [-77.643675040849175, 42.77851950056624],
            [-77.64355292255604, 42.778522321567159],
            [-77.643449950654244, 42.778974934360697],
            [-77.643095079439348, 42.779253271537875],
            [-77.642992103231265, 42.77970588399041],
            [-77.642869982539423, 42.7797087043256],
            [-77.64304187860715, 42.78087534307366],
            [-77.642923584443665, 42.780968121911528],
            [-77.64109173490975, 42.781010413182329],
            [-77.639393476333353, 42.781319734548966],
            [-77.639278999331623, 42.781502468421387],
            [-77.636359462618586, 42.781839904357604],
            [-77.63418791454383, 42.782520238208043],
            [-77.633714668961858, 42.78289131791631],
            [-77.633104029460014, 42.782905369661535],
            [-77.632481947626331, 42.782649540809864],
            [-77.63208887160603, 42.782028254217636],
            [-77.631207303006718, 42.781418198735366],
            [-77.630711179625649, 42.781249510855226],
            [-77.629615864204709, 42.781364731398277],
            [-77.629341140093032, 42.780650668631139],
            [-77.628333687327554, 42.77995343598667],
            [-77.627837583044141, 42.779784735080263],
            [-77.626253795855604, 42.779911138870446],
            [-77.624280821465206, 42.779506164430643],
            [-77.623059599306089, 42.779534162291007],
            [-77.622563511634141, 42.779365438025863],
            [-77.620365312446452, 42.779415791712474],
            [-77.620231802810721, 42.779148707741726],
            [-77.619857846882667, 42.778977175287309],
            [-77.619720545501011, 42.778620130521354],
            [-77.619102353059048, 42.778454186236957],
            [-77.618594904339346, 42.778015563693536],
            [-77.617244003455696, 42.777866372491367],
            [-77.616866272531865, 42.777604869485337],
            [-77.61685490062537, 42.777334988508727],
            [-77.615267357511897, 42.777371278772641],
            [-77.615252204386394, 42.777011436992687],
            [-77.614630251610819, 42.776755507274849],
            [-77.614218458386915, 42.775684350293993],
            [-77.61358895191492, 42.775248493245336],
            [-77.611505432509219, 42.775115962778287],
            [-77.610872168714693, 42.774590129298367],
            [-77.609765584047082, 42.77443527520348],
            [-77.608636334652459, 42.773740644435215],
            [-77.608025772802677, 42.773754560076462],
            [-77.607770217009303, 42.773490242307986],
            [-77.607403881174591, 42.773498589273295],
            [-77.607026217582515, 42.773237051781628],
            [-77.601897519559799, 42.773353768904563],
            [-77.601889982727457, 42.773173845974839],
            [-77.601767870850239, 42.773176622140276],
            [-77.601715117430814, 42.771917161321625],
            [-77.601837226838896, 42.771914385277789],
            [-77.601822154350785, 42.771554539303622],
            [-77.601944263036131, 42.771551763164474],
            [-77.602036224736793, 42.770829295004944],
            [-77.60227290192509, 42.77064381926067],
            [-77.602212606223162, 42.769204435380146],
            [-77.602090502174747, 42.769207211683593],
            [-77.60206789348652, 42.768667442564933],
            [-77.602189996476952, 42.768664666313605],
            [-77.601992535690826, 42.766868211730859],
            [-77.602114635154777, 42.766865435653251],
            [-77.602095795905555, 42.766415627882743],
            [-77.601973697323146, 42.766418403916916],
            [-77.601951091852825, 42.76587863448453],
            [-77.601314237879649, 42.765262781059313],
            [-77.600459562757138, 42.765282204316634],
            [-77.59984155122612, 42.765116150694674],
            [-77.599918474102253, 42.764033836105199],
            [-77.600036803690955, 42.763941100642207],
            [-77.599914709768299, 42.763943874352897],
            [-77.599736155537258, 42.762597221316625],
            [-77.599614064224298, 42.762599994637114],
            [-77.599538793410062, 42.760800758384143],
            [-77.599416705605222, 42.760803531401081],
            [-77.599279565859746, 42.76044645688706],
            [-77.598654081893429, 42.760100471596743],
            [-77.597429455734641, 42.76003822413044],
            [-77.597416179292821, 42.756796820774838],
            [-77.597031142795501, 42.756355321653253],
            [-77.596749396965293, 42.755461240706715],
            [-77.596627319372161, 42.755464010473503],
            [-77.596411290193117, 42.753217726331144],
            [-77.596289216970618, 42.753220495621328],
            [-77.596274186425077, 42.752860646884244],
            [-77.596152113890099, 42.752863416009809],
            [-77.596129569646479, 42.752323642801635],
            [-77.595874155807223, 42.752059293880045],
            [-77.595722031423037, 42.751342364584076],
            [-77.59559996181423, 42.751345133042484],
            [-77.595588692608629, 42.751075246256072],
            [-77.595337042383548, 42.750900858163689],
            [-77.595070371296501, 42.750366620237742],
            [-77.594315437947529, 42.749843450349488],
            [-77.594148322023969, 42.748766668507642],
            [-77.59389668535232, 42.748592276827786],
            [-77.593881671077568, 42.748232427116648],
            [-77.592997207067171, 42.747532088751448],
            [-77.591761580864656, 42.74719988609403],
            [-77.591117527001984, 42.746404041065972],
            [-77.590961725243631, 42.74559714030363],
            [-77.591083784022615, 42.745594377086022],
            [-77.59106128947758, 42.745054601023597],
            [-77.591183347182593, 42.745051837727914],
            [-77.591279159551888, 42.744419335607226],
            [-77.591401215989634, 42.744416572112193],
            [-77.59137122096368, 42.743696870714508],
            [-77.590242743840264, 42.743002034741686],
            [-77.590235248701177, 42.742822109192872],
            [-77.58998364747292, 42.742647707812871],
            [-77.58990496078556, 42.740758488709815],
            [-77.589138953051432, 42.739965391005768],
            [-77.588690421954652, 42.737994488420462],
            [-77.587273084308208, 42.736225582816168],
            [-77.587201981685425, 42.734516283788594],
            [-77.58707994425906, 42.734519042297364],
            [-77.587061234953367, 42.734069226619631],
            [-77.586805937488265, 42.733804853682557],
            [-77.586642748833029, 42.732818016753114],
            [-77.586665195440304, 42.73335779585809],
            [-77.586543160233603, 42.733360553735103],
            [-77.586561865331788, 42.73381036965278],
            [-77.5864398292278, 42.733813127443042],
            [-77.586443570122924, 42.733903090630164],
            [-77.586321533825739, 42.73390584829918],
            [-77.586325274562014, 42.733995811493251],
            [-77.586203238071604, 42.733998569041006],
            [-77.586206978649031, 42.734088532242005],
            [-77.586084941965439, 42.734091289668505],
            [-77.586088682384002, 42.734181252876454],
            [-77.585966645507199, 42.734184010181686],
            [-77.585970385766899, 42.73427397339659],
            [-77.585848348696913, 42.734276730580561],
            [-77.585852088797736, 42.734366693802407],
            [-77.585730051534554, 42.734369450865117],
            [-77.585733791476514, 42.734459414093891],
            [-77.585611754020121, 42.734462171035347],
            [-77.585615493803218, 42.734552134271077],
            [-77.585493456153642, 42.734554891091257],
            [-77.585497195777876, 42.734644854333936],
            [-77.585375157935076, 42.734647611032855],
            [-77.585378897400446, 42.734737574282462],
            [-77.585256859364449, 42.73474033086012],
            [-77.585260598670956, 42.734830294116669],
            [-77.585138560441763, 42.734833050573066],
            [-77.585142299589378, 42.734923013836557],
            [-77.585020261166989, 42.734925770171685],
            [-77.585024000155741, 42.735015733442118],
            [-77.584901961540155, 42.735018489655971],
            [-77.58490570037003, 42.735108452933353],
            [-77.584783661561232, 42.735111209025945],
            [-77.58478740023223, 42.735201172310269],
            [-77.584665361230236, 42.735203928281578],
            [-77.584669099742342, 42.735293891572844],
            [-77.584547060547152, 42.735296647422871],
            [-77.584550798900381, 42.735386610721079],
            [-77.584428759511994, 42.735389366449851],
            [-77.584432497706345, 42.735479329755002],
            [-77.584310458124747, 42.735482085362499],
            [-77.584314196160221, 42.735572048674584],
            [-77.584192156385413, 42.735574804160798],
            [-77.584195894261995, 42.735664767479818],
            [-77.58407385429399, 42.735667522844764],
            [-77.584077592011695, 42.735757486170741],
            [-77.58395555185048, 42.735760241414411],
            [-77.583959289409293, 42.735850204747315],
            [-77.583837249054895, 42.73585295986971],
            [-77.583840986454817, 42.735942923209549],
            [-77.583718945907208, 42.735945678210662],
            [-77.583722683148224, 42.73603564155745],
            [-77.583600642407404, 42.736038396437287],
            [-77.583604379489557, 42.736128359791003],
            [-77.583482338555541, 42.736131114549565],
            [-77.583486075478774, 42.736221077910216],
            [-77.583364034351561, 42.736223832547502],
            [-77.583367771115903, 42.736313795915095],
            [-77.583245729795479, 42.736316550431091],
            [-77.583249466400915, 42.736406513805633],
            [-77.583127424887294, 42.736409268200347],
            [-77.583131161333853, 42.73649923158181],
            [-77.583009119627008, 42.736501985855242],
            [-77.58301285591466, 42.736591949243646],
            [-77.582890814014618, 42.736594703395802],
            [-77.582894550143365, 42.736684666791149],
            [-77.582772508050127, 42.736687420822022],
            [-77.582776244019954, 42.736777384224283],
            [-77.582654201733519, 42.736780138133874],
            [-77.582657937544454, 42.736870101543083],
            [-77.582535895064808, 42.73687285533137],
            [-77.582539630716823, 42.736962818747529],
            [-77.582417588043981, 42.73696557241454],
            [-77.582421323537091, 42.737055535837619],
            [-77.582299280671023, 42.737058289383349],
            [-77.582347841353169, 42.738227813842244],
            [-77.582225796181149, 42.738230567370067],
            [-77.582229531562206, 42.738320530786822],
            [-77.582107486196946, 42.738323284193363],
            [-77.582111221419083, 42.738413247617054],
            [-77.581989175860613, 42.738416000902298],
            [-77.581992910923816, 42.738505964332916],
            [-77.581870865172135, 42.738508717496863],
            [-77.581874600076418, 42.738598680934423],
            [-77.581752554131526, 42.738601433977067],
            [-77.581756288876889, 42.738691397421562],
            [-77.581634242738772, 42.738694150342923],
            [-77.581637977325187, 42.738784113794338],
            [-77.581515930993859, 42.738786866594396],
            [-77.581519665421354, 42.738876830052732],
            [-77.581397618896801, 42.738879582731492],
            [-77.581401353165376, 42.738969546196785],
            [-77.581279306447598, 42.738972298754241],
            [-77.581283040557224, 42.739062262226462],
            [-77.58116099364625, 42.739065014662614],
            [-77.581164727596942, 42.739154978141755],
            [-77.581042680492729, 42.739157730456611],
            [-77.581046414284486, 42.739247693942694],
            [-77.580924366987077, 42.739250446136253],
            [-77.580928100619886, 42.73934040962925],
            [-77.580561958096567, 42.739348665456276],
            [-77.580565691218268, 42.739438628973424],
            [-77.579711356831538, 42.739457888083074],
            [-77.579715088737828, 42.739547851658813],
            [-77.579226896578476, 42.73955885404061],
            [-77.579230627797543, 42.739648817649098],
            [-77.579108579538797, 42.73965156792837],
            [-77.57911231059893, 42.739741531543764],
            [-77.578868213677893, 42.739747031729756],
            [-77.578871944402977, 42.739836995360704],
            [-77.578749895740685, 42.739839745267417],
            [-77.57875362630682, 42.739929708905287],
            [-77.578631577451304, 42.739932458690696],
            [-77.578635307858477, 42.740022422335471],
            [-77.57851325880975, 42.740025171999577],
            [-77.57851698905796, 42.740115135651266],
            [-77.578272890556988, 42.740120634606932],
            [-77.578276620470135, 42.74021059827416],
            [-77.578154571017876, 42.740213347565714],
            [-77.57815830077206, 42.740303311239863],
            [-77.578036251126591, 42.740306060410092],
            [-77.578039980721798, 42.740396024091154],
            [-77.577795881027313, 42.740401522059067],
            [-77.577799610287471, 42.740491485755662],
            [-77.577555510172331, 42.740496983221099],
            [-77.577559239097425, 42.740586946933206],
            [-77.577315138561616, 42.740592443896155],
            [-77.577318867151646, 42.740682407623787],
            [-77.577074766195196, 42.740687904084261],
            [-77.577078494450149, 42.740777867827404],
            [-77.576712342358817, 42.740786111569491],
            [-77.576716070102606, 42.74087607533675],
            [-77.575129406971556, 42.740911784818913],
            [-77.575125681517008, 42.740821820939921],
            [-77.575003630563288, 42.740824566905097],
            [-77.574999905301951, 42.740734603015824],
            [-77.574755803695396, 42.740740094539248],
            [-77.574752078803357, 42.740650130631117],
            [-77.574507977480593, 42.740655621617663],
            [-77.574504252957823, 42.740565657690674],
            [-77.573039645698387, 42.740598592593436],
            [-77.573043368108017, 42.740688556623489],
            [-77.572921317215886, 42.740691300362819],
            [-77.572925039466497, 42.740781264399764],
            [-77.572680937278761, 42.740786751505816],
            [-77.57268465919428, 42.740876715558272],
            [-77.572318505256248, 42.740884945268661],
            [-77.572322226660546, 42.740974909345177],
            [-77.571834020466284, 42.74098588050775],
            [-77.571837741183259, 42.741075844616923],
            [-77.571593637631452, 42.741081329435822],
            [-77.571589917266664, 42.74099136530949],
            [-77.571101710662489, 42.741002333353876],
            [-77.571097991019172, 42.740912369191541],
            [-77.570609784846198, 42.740923335122808],
            [-77.570613503785111, 42.741013299319455],
            [-77.570369400243976, 42.741018781522698],
            [-77.570373118847755, 42.741108745734813],
            [-77.570129014886149, 42.741114227435503],
            [-77.570132733154807, 42.741204191663108],
            [-77.569888628772702, 42.741209672861245],
            [-77.56989234670624, 42.741299637104319],
            [-77.569770294313486, 42.741302377517066],
            [-77.569774012087976, 42.741392341767032],
            [-77.569529906899049, 42.741397822219902],
            [-77.569533624338405, 42.741487786485337],
            [-77.569411571542233, 42.741490526525467],
            [-77.56941528882254, 42.741580490797794],
            [-77.569293235833214, 42.741583230716557],
            [-77.569289518729008, 42.741493266435661],
            [-77.56916746589873, 42.741496006215932],
            [-77.569171182826821, 42.741585970505398],
            [-77.569049129803375, 42.741588710164308],
            [-77.569052846572419, 42.741678674460672],
            [-77.568808740122108, 42.741684153405856],
            [-77.568812456556017, 42.741774117717689],
            [-77.568690403129153, 42.741776857003956],
            [-77.568694119404, 42.741866821322674],
            [-77.568572065783968, 42.741869560487586],
            [-77.568575781899781, 42.741959524813197],
            [-77.568209620409036, 42.74196774155407],
            [-77.568213336013557, 42.742057705903711],
            [-77.568091281973082, 42.742060444566036],
            [-77.568094997418555, 42.742150408922591],
            [-77.567972943184913, 42.742153147463554],
            [-77.567976658471324, 42.742243111826966],
            [-77.567854604044513, 42.742245850246576],
            [-77.567858319171876, 42.742335814616887],
            [-77.567736264551897, 42.742338552915136],
            [-77.567739979520212, 42.742428517292339],
            [-77.567617924707051, 42.742431255469221],
            [-77.567621639516304, 42.742521219853309],
            [-77.567499584509974, 42.742523957908823],
            [-77.567503299160151, 42.742613922299796],
            [-77.567381243960682, 42.742616660233949],
            [-77.567384958451797, 42.742706624631822],
            [-77.567140847649441, 42.742712100127449],
            [-77.567144561805364, 42.742802064540776],
            [-77.567022506202505, 42.742804802102256],
            [-77.567026220199367, 42.742894766522454],
            [-77.566904164403326, 42.742897503962574],
            [-77.566907878241125, 42.742987468389664],
            [-77.566785822251916, 42.742990205708416],
            [-77.566782108590232, 42.74290024127275],
            [-77.566660052760099, 42.742902978452989],
            [-77.566663766245654, 42.742992942897224],
            [-77.566297598124606, 42.743001153684027],
            [-77.56630131109884, 42.743091118152265],
            [-77.565691029675605, 42.743104800241056],
            [-77.565694741786274, 42.743194764750413],
            [-77.565572685274361, 42.743197500786927],
            [-77.565576397225968, 42.743287465303183],
            [-77.565210227059666, 42.743295672658761],
            [-77.565213938499937, 42.743385637199033],
            [-77.565091881567625, 42.743388372732909],
            [-77.565095592848806, 42.743478337280045],
            [-77.56497353572334, 42.743481072692546],
            [-77.56497724684543, 42.743571037246561],
            [-77.56485518952681, 42.743573772537687],
            [-77.56485890048981, 42.743663737098601],
            [-77.564736842978007, 42.743666472268337],
            [-77.564740553781917, 42.743756436836115],
            [-77.56461849607696, 42.74375917188447],
            [-77.564622206721779, 42.743849136459126],
            [-77.564256032976331, 42.743857340850248],
            [-77.564259743109787, 42.743947305448899],
            [-77.564137684984459, 42.743950039994616],
            [-77.56414139495881, 42.744040004600144],
            [-77.564019336640314, 42.744042739024486],
            [-77.564023046455574, 42.744132703636879],
            [-77.563534812306713, 42.744143640069034],
            [-77.563538521434481, 42.744233604713976],
            [-77.563294403905616, 42.744239072167517],
            [-77.563298112698149, 42.744329036827892],
            [-77.563176053732036, 42.744331770368305],
            [-77.563179762365451, 42.744421735035544],
            [-77.562935644029906, 42.744427201743633],
            [-77.562939352328087, 42.74451716642632],
            [-77.562451114748143, 42.744528098317396],
            [-77.562454822358802, 42.744618063032604],
            [-77.56196658380199, 42.744628992878788],
            [-77.561970290725114, 42.74471895762651],
            [-77.561848230867227, 42.744721689771737],
            [-77.561851937631232, 42.744811654526337],
            [-77.560875456746473, 42.744833507078567],
            [-77.560879162118383, 42.744923471899867],
            [-77.560757101755087, 42.7449262028927],
            [-77.560760806967863, 42.745016167720856],
            [-77.560638746411414, 42.745018898592278],
            [-77.560642451465057, 42.745108863427319],
            [-77.560520390715467, 42.745111594177338],
            [-77.560524095609978, 42.745201559019236],
            [-77.560402034667234, 42.745204289647837],
            [-77.560405739402597, 42.745294254496613],
            [-77.5602836782667, 42.745296985003826],
            [-77.560291087436184, 42.745476914713414],
            [-77.560169025930989, 42.745479645107764],
            [-77.560180139284327, 42.745749539685185],
            [-77.560058077233677, 42.745752269975213],
            [-77.56012475739719, 42.747371637276423],
            [-77.560246822618637, 42.747368906832598],
            [-77.560320921675512, 42.749168203025398],
            [-77.560442990403374, 42.749165472280737],
            [-77.560461517111605, 42.749615296181332],
            [-77.560339447502855, 42.749618026968719],
            [-77.560346857952851, 42.749797956534287],
            [-77.560224787974718, 42.74980068720879],
            [-77.560239608374104, 42.750160546354003],
            [-77.560117537674216, 42.750163276932717],
            [-77.560124947623606, 42.750343206512333],
            [-77.560002876554321, 42.750345936978171],
            [-77.559999171747307, 42.750255972180646],
            [-77.559755029910107, 42.750261432705322],
            [-77.55975132547249, 42.750171467889039],
            [-77.559507183919621, 42.750176927876737],
            [-77.559503479851386, 42.750086963041696],
            [-77.558771055841831, 42.750103339834268],
            [-77.558767352847724, 42.750013374946299],
            [-77.558401141141999, 42.750021561562384],
            [-77.558397438693461, 42.749931596647116],
            [-77.558153297823694, 42.749937053724246],
            [-77.55814959574451, 42.749847088790226],
            [-77.55790545515913, 42.749852545330405],
            [-77.557901753449329, 42.749762580377649],
            [-77.557779683307317, 42.749765308444253],
            [-77.557775981790712, 42.749675343481258],
            [-77.55765391180789, 42.749678071409356],
            [-77.557650210484454, 42.749588106436164],
            [-77.557528140660835, 42.749590834225756],
            [-77.557524439530567, 42.749500869242354],
            [-77.557402369866153, 42.749503596893447],
            [-77.557398668929054, 42.749413631899827],
            [-77.55727659942383, 42.749416359412407],
            [-77.557272898679898, 42.749326394408577],
            [-77.557150829333864, 42.749329121782658],
            [-77.557147128783114, 42.749239156768624],
            [-77.55702505959627, 42.749241884004199],
            [-77.557021359238689, 42.749151918979955],
            [-77.556777221166399, 42.749157373044149],
            [-77.556773521178172, 42.749067408001153],
            [-77.556651452292726, 42.749070134829772],
            [-77.556647752497653, 42.748980169776559],
            [-77.556525683771412, 42.748982896466693],
            [-77.556521984169507, 42.748892931403276],
            [-77.556399915602455, 42.748895657954897],
            [-77.556396216193718, 42.748805692881277],
            [-77.556274147785857, 42.748808419294392],
            [-77.556270448570288, 42.748718454210568],
            [-77.556148380321616, 42.748721180485184],
            [-77.556140982293769, 42.748541250295439],
            [-77.556018914380473, 42.748543976423043],
            [-77.556011516772898, 42.748364046209524],
            [-77.555889449194979, 42.748366772190103],
            [-77.555856162387002, 42.747557086069449],
            [-77.555734096377634, 42.74755981184331],
            [-77.555726699848307, 42.747379881558771],
            [-77.555604634174287, 42.7473826071856],
            [-77.555600936111247, 42.747292642032292],
            [-77.555478870596417, 42.747295367520636],
            [-77.555475172726531, 42.747205402357118],
            [-77.555353107370891, 42.747208127706983],
            [-77.555349409694145, 42.747118162533262],
            [-77.555227344497695, 42.747120887744643],
            [-77.555219949547435, 42.746940957375102],
            [-77.555097884686333, 42.746943682439465],
            [-77.555094187412834, 42.746853717243653],
            [-77.554972122710922, 42.746856442169538],
            [-77.554968425630548, 42.746766476963515],
            [-77.554846361087826, 42.746769201750915],
            [-77.554842664200592, 42.74667923653471],
            [-77.554720599817045, 42.746681961183626],
            [-77.554716903122952, 42.746591995957203],
            [-77.554594838898595, 42.746594720467641],
            [-77.554591142397626, 42.746504755231022],
            [-77.55446907833246, 42.746507479602982],
            [-77.554465382024617, 42.74641751435616],
            [-77.554221254195696, 42.746422962693146],
            [-77.554217558257136, 42.746332997427601],
            [-77.554095494493382, 42.746335721392647],
            [-77.554091798747947, 42.746245756116906],
            [-77.553603544227883, 42.746256650643438],
            [-77.553599849204048, 42.746166685331922],
            [-77.552745404373979, 42.746185745690482],
            [-77.552741710600188, 42.746095780317638],
            [-77.552497583705573, 42.746101224947751],
            [-77.552493890301037, 42.746011259556212],
            [-77.552249763690909, 42.746016703649467],
            [-77.552246070655656, 42.745926738239199],
            [-77.552001944330001, 42.745932181795624],
            [-77.551998251664003, 42.74584221636664],
            [-77.551509999513911, 42.745853101885963],
            [-77.551506307569483, 42.745763136421253],
            [-77.551262181745031, 42.745768578384173],
            [-77.551254798611637, 42.745588647415673],
            [-77.551132736026304, 42.74559136818516],
            [-77.551114279370125, 42.745141540692018],
            [-77.550992217648599, 42.745144261288992],
            [-77.550988526544344, 42.745054295776818],
            [-77.550866464982022, 42.74505701623535],
            [-77.550862774070865, 42.74496705071298],
            [-77.550740712667732, 42.744969771033034],
            [-77.550737021949672, 42.744879805500496],
            [-77.550248776872309, 42.744890685447174],
            [-77.550245086875776, 42.74480071987891],
            [-77.549756842231943, 42.744811597712385],
            [-77.549753152956939, 42.744721632108387],
            [-77.549386969824667, 42.744729789093505],
            [-77.549383281095018, 42.744639823462336],
            [-77.549139159274461, 42.744645260785646],
            [-77.549135470914038, 42.744555295135768],
            [-77.549013410154487, 42.744558013593995],
            [-77.549009721987147, 42.744468047933935],
            [-77.548765600769556, 42.744473484443546],
            [-77.548761912971429, 42.744383518764806],
            [-77.548517792038425, 42.744388954737609],
            [-77.548514104609481, 42.744298989040175],
            [-77.548269983961049, 42.744304424476184],
            [-77.548266296901346, 42.744214458760077],
            [-77.548144236727865, 42.744217176274645],
            [-77.54814054986123, 42.744127210548356],
            [-77.548018489846967, 42.744129927924483],
            [-77.548014803173402, 42.744039962188019],
            [-77.547892743318357, 42.744042679425696],
            [-77.547889056837846, 42.743952713679043],
            [-77.54776699714202, 42.743955430778286],
            [-77.547763310854577, 42.74386546502145],
            [-77.547641251317955, 42.743868181982236],
            [-77.547637565223582, 42.74377821621524],
            [-77.547515505846192, 42.743780933037584],
            [-77.54750813406045, 42.74360100148153],
            [-77.547386075018395, 42.743603718156933],
            [-77.547378703652626, 42.743423786577189],
            [-77.547256644945932, 42.743426503105624],
            [-77.54724558855257, 42.743156605697948],
            [-77.547123530357368, 42.743159322070952],
            [-77.547079308420109, 42.742079732187449],
            [-77.547201364501788, 42.74207701591645],
            [-77.547186623692909, 42.741717152602334],
            [-77.547308679053188, 42.741714436235391],
            [-77.547293937810522, 42.741354572928458],
            [-77.547415992449416, 42.741351856465585],
            [-77.547401250772978, 42.740991993165864],
            [-77.5475233046905, 42.740989276607053],
            [-77.547512248082484, 42.740719379140167],
            [-77.54763430145475, 42.740716662476927],
            [-77.54763061577647, 42.740626696659781],
            [-77.547752668955695, 42.740623979875117],
            [-77.547748983118225, 42.740534014064785],
            [-77.547871036104439, 42.740531297158689],
            [-77.547867350107794, 42.7404413313552],
            [-77.548233508436553, 42.740433179882828],
            [-77.548229821928487, 42.74034321410317],
            [-77.548473927044171, 42.740337779155624],
            [-77.548470240200828, 42.740247813391292],
            [-77.548592292557174, 42.740245095731126],
            [-77.548588605554642, 42.740155129973616],
            [-77.548832709864342, 42.740149694280504],
            [-77.548825335205677, 42.739969762794509],
            [-77.548947386982931, 42.739967044770069],
            [-77.548943699502871, 42.739877079033043],
            [-77.549065751087099, 42.739874360887185],
            [-77.549058375825581, 42.739694429425143],
            [-77.549180427040667, 42.73969171116638],
            [-77.549158300605797, 42.739151916791052],
            [-77.549280350747381, 42.739149198453404],
            [-77.549276662891401, 42.739059232726817],
            [-77.549032562943495, 42.739064669255193],
            [-77.549028875456628, 42.738974703509932],
            [-77.548540676062089, 42.738985574973597],
            [-77.548536989296522, 42.738895609192653],
            [-77.548292889849876, 42.738901044127942],
            [-77.548289203453422, 42.73881107832829],
            [-77.54792305468483, 42.738819229731305],
            [-77.547919368833576, 42.738729263904482],
            [-77.547797319386291, 42.738731980770474],
            [-77.547793633728034, 42.738642014933482],
            [-77.547549535134905, 42.738647448258689],
            [-77.547545849845761, 42.738557482403003],
            [-77.547423800699903, 42.738560198862238],
            [-77.547420115603771, 42.73847023299637],
            [-77.547298066617088, 42.73847294931717],
            [-77.547294381713968, 42.738382983441156],
            [-77.547172332886461, 42.738385699623535],
            [-77.547168648176324, 42.738295733737331],
            [-77.547046599507993, 42.73829844978129],
            [-77.547042914990868, 42.738208483884904],
            [-77.546920866481713, 42.738211199790442],
            [-77.546917182157586, 42.738121233883888],
            [-77.546795133807606, 42.738123949651033],
            [-77.546791449676476, 42.738033983734297],
            [-77.546669401485673, 42.738036699363008],
            [-77.546665717547555, 42.737946733436097],
            [-77.546543669515927, 42.737949448926379],
            [-77.546539985770792, 42.737859482989322],
            [-77.546417937898326, 42.73786219834119],
            [-77.546414254346203, 42.737772232393951],
            [-77.546292206632927, 42.737774947607413],
            [-77.546288523273773, 42.737684981649984],
            [-77.546166475719659, 42.737687696725033],
            [-77.546162792553517, 42.73759773075745],
            [-77.545918697746743, 42.737603160500804],
            [-77.545915014949685, 42.737513194514548],
            [-77.545548873140973, 42.737521338129724],
            [-77.545545190889044, 42.737431372116305],
            [-77.54530109661755, 42.737436800526503],
            [-77.545297414734705, 42.737346834494431],
            [-77.545175367749678, 42.737349548496169],
            [-77.545171686059803, 42.737259582453916],
            [-77.545049639233966, 42.737262296317247],
            [-77.545045957737074, 42.737172330264833],
            [-77.544923911070413, 42.737175043989758],
            [-77.544916548479492, 42.736995111862925],
            [-77.544794502148079, 42.736997825440952],
            [-77.54479082105405, 42.736907859366525],
            [-77.544668774881828, 42.736910572806146],
            [-77.544665093980768, 42.736820606721551],
            [-77.544543047967721, 42.736823320022758],
            [-77.544539367259631, 42.736733353928017],
            [-77.544417321405774, 42.736736067090817],
            [-77.544413640890653, 42.736646100985908],
            [-77.544169549484408, 42.736651526904794],
            [-77.544165869338329, 42.736561560781219],
            [-77.544043823785927, 42.736564273537304],
            [-77.544040143832831, 42.736474307403576],
            [-77.543918098439619, 42.736477020021255],
            [-77.543914418679478, 42.736387053877372],
            [-77.543670328194537, 42.736392478706016],
            [-77.543666648803438, 42.73630251254346],
            [-77.543422558603069, 42.73630793683548],
            [-77.543418879580997, 42.736217970654302],
            [-77.543174789665215, 42.736223394409706],
            [-77.543171111012185, 42.736133428209861],
            [-77.542927021381004, 42.736138851428649],
            [-77.542923343097002, 42.73604888521016],
            [-77.542679253750421, 42.736054307892324],
            [-77.542675575835446, 42.735964341655205],
            [-77.542553531312905, 42.735967052792937],
            [-77.54254985359087, 42.735877086545656],
            [-77.542427809227519, 42.735879797544989],
            [-77.542424131698439, 42.735789831287541],
            [-77.542302087494264, 42.735792542148481],
            [-77.542298410158153, 42.735702575880886],
            [-77.542176366113154, 42.735705286603441],
            [-77.542169011843683, 42.735525354046253],
            [-77.54204696813396, 42.735528064621924],
            [-77.54203961428415, 42.735348132041082],
            [-77.541917570909661, 42.735350842469884],
            [-77.541906540789711, 42.735080943560618],
            [-77.541784497926557, 42.73508365383406],
            [-77.541780821429725, 42.73499368751915],
            [-77.541658778725733, 42.734996397654214],
            [-77.541633044952889, 42.734366633343527],
            [-77.54151100346445, 42.734369343289316],
            [-77.541463216654421, 42.733199780670162],
            [-77.541585255854187, 42.733197070834599],
            [-77.54157790393829, 42.733017138115798],
            [-77.541699942769085, 42.733014428167316],
            [-77.541692590568601, 42.732834495458775],
            [-77.541814629030441, 42.732831785397345],
            [-77.541807276545356, 42.732651852699078],
            [-77.541929314638253, 42.732649142524707],
            [-77.541910932840665, 42.732199310792147],
            [-77.542032970036487, 42.732196600530294],
            [-77.541959443544329, 42.730397273351116],
            [-77.541837409869075, 42.73039998344337],
            [-77.541830057943145, 42.730220050671647],
            [-77.541708024603068, 42.730222760617053],
            [-77.54170067309667, 42.730042827821677],
            [-77.541578640091743, 42.730045537620235],
            [-77.541574964539876, 42.729955571211555],
            [-77.541452931694096, 42.729958280871735],
            [-77.541445580992999, 42.729778348032404],
            [-77.541323548482382, 42.729781057545758],
            [-77.541319873333151, 42.729691091115093],
            [-77.541197840981681, 42.729693800490089],
            [-77.541190491085871, 42.729513867606791],
            [-77.54106845906955, 42.729516576834932],
            [-77.54106478432297, 42.729426610382298],
            [-77.540942752465796, 42.729429319472096],
            [-77.54093172885527, 42.729159420078709],
            [-77.54080969750926, 42.729162129013176],
            [-77.540798674578554, 42.728892229579294],
            [-77.540676643743708, 42.728894938358458],
            [-77.540650925394388, 42.72826517289483],
            [-77.540528895774713, 42.728267881484776],
            [-77.540470116895193, 42.726828417124288],
            [-77.540348090074588, 42.726831125448747],
            [-77.540340743370152, 42.726651192356606],
            [-77.540218716884667, 42.726653900534252],
            [-77.540215043733724, 42.726563933977197],
            [-77.540093017407358, 42.7265666420165],
            [-77.540085671508038, 42.726386708880412],
            [-77.539963645516778, 42.726389416772889],
            [-77.539959972768386, 42.726299450193864],
            [-77.539837946936274, 42.726302157948012],
            [-77.539830601842041, 42.726122224767984],
            [-77.539708576345021, 42.726124932375306],
            [-77.539701231670179, 42.725944999171659],
            [-77.539579206508279, 42.725947706632169],
            [-77.539571862252828, 42.725767773404868],
            [-77.539449837426019, 42.725770480718566],
            [-77.539442493589959, 42.725590547467625],
            [-77.539320469098257, 42.725593254634511],
            [-77.539313125681559, 42.725413321359959],
            [-77.539191101524963, 42.725416028380046],
            [-77.539183758527642, 42.725236095081826],
            [-77.539061734706152, 42.725238801955108],
            [-77.539058063408731, 42.725148835295016],
            [-77.538936039746361, 42.725151542029963],
            [-77.538932368641781, 42.725061575359724],
            [-77.538810345138543, 42.725064281956328],
            [-77.538806674226777, 42.724974315275965],
            [-77.538684650882658, 42.72497702173424],
            [-77.538677309461619, 42.724797088351529],
            [-77.538555286452592, 42.724799794663006],
            [-77.538551615943319, 42.72470982796068],
            [-77.53842959309344, 42.724712534133822],
            [-77.53842592277698, 42.724622567421356],
            [-77.538303900086206, 42.724625273456169],
            [-77.538300229962573, 42.72453530673355],
            [-77.538178207430931, 42.724538012630042],
            [-77.538170867586118, 42.724358079162862],
            [-77.538048845389568, 42.724360784912555],
            [-77.538045175668415, 42.72427081816798],
            [-77.53792315363097, 42.72427352377936],
            [-77.53791948410263, 42.724183557024631],
            [-77.537797462224319, 42.724186262497682],
            [-77.53779012357009, 42.724006328966311],
            [-77.537668102026871, 42.724009034292564],
            [-77.537664432900968, 42.723919067515887],
            [-77.537542411516881, 42.723921772703818],
            [-77.537535073667541, 42.723741839128536],
            [-77.537413052618533, 42.723744544169683],
            [-77.537409383895096, 42.72365457737105],
            [-77.53728736300522, 42.723657282273876],
            [-77.537283694474567, 42.723567315465125],
            [-77.53716167374381, 42.72357002022963],
            [-77.537158005405971, 42.723480053410732],
            [-77.537035984834333, 42.723482758036916],
            [-77.537028648561076, 42.723302824377178],
            [-77.53690662832453, 42.723305528856571],
            [-77.536902960389128, 42.723215562015739],
            [-77.536780940311687, 42.723218266356817],
            [-77.536777272569068, 42.723128299505838],
            [-77.536655252650775, 42.723131003708595],
            [-77.536651585100941, 42.723041036847476],
            [-77.536529565341766, 42.723043740911926],
            [-77.536525897984731, 42.72295377404069],
            [-77.536281858767779, 42.72295918176308],
            [-77.536278191779502, 42.722869214873235],
            [-77.536156172321725, 42.722871918531183],
            [-77.536152505526232, 42.722781951631219],
            [-77.536030486227588, 42.722784655150861],
            [-77.536026819624865, 42.722694688240757],
            [-77.535904800485355, 42.722697391622077],
            [-77.535901134075431, 42.722607424701842],
            [-77.535779115095039, 42.722610127944861],
            [-77.535775448877885, 42.722520161014486],
            [-77.535653430056627, 42.722522864119185],
            [-77.535649764032257, 42.722432897178692],
            [-77.535527745370104, 42.722435600145083],
            [-77.535520413723759, 42.722255666242134],
            [-77.535398395396712, 42.722258369061763],
            [-77.535369070891903, 42.721538633315419],
            [-77.535247053955601, 42.72154133593753],
            [-77.535243388644162, 42.721451368953247],
            [-77.535121371866978, 42.721454071437059],
            [-77.535106711493185, 42.721094203449383],
            [-77.534984695402954, 42.721096905769514],
            [-77.534973700827081, 42.720827004735838],
            [-77.53485168524783, 42.720829706900751],
            [-77.53484435596657, 42.720649772853029],
            [-77.534722340722368, 42.720652474871187],
            [-77.534715011860257, 42.720472540799847],
            [-77.534592996951119, 42.720475242671249],
            [-77.534585668508157, 42.720295308576311],
            [-77.534463653934083, 42.720298010300979],
            [-77.534456325910242, 42.72011807618243],
            [-77.534334311671202, 42.720120777760336],
            [-77.53432698406651, 42.719940843618204],
            [-77.53420497016252, 42.719943545049368],
            [-77.534201306561314, 42.719853577967328],
            [-77.534079292816457, 42.719856279260178],
            [-77.53407196601637, 42.719676345074198],
            [-77.533949952606534, 42.719679046220314],
            [-77.533942626225567, 42.719499112010723],
            [-77.53382061315078, 42.719501813010091],
            [-77.5338096242332, 42.719231911657836],
            [-77.533687611669379, 42.719234612501999],
            [-77.533676623430878, 42.718964711109322],
            [-77.533554611378023, 42.718967411798296],
            [-77.533543623818588, 42.718697510365217],
            [-77.533421612276669, 42.718700210898994],
            [-77.5334106253963, 42.718430309425507],
            [-77.533288614365333, 42.718433009804109],
            [-77.53328129021429, 42.718253075463181],
            [-77.533159279518344, 42.718255775695042],
            [-77.533148293945601, 42.717985874145775],
            [-77.533026283760591, 42.717988574222453],
            [-77.533018960481286, 42.717808639830999],
            [-77.532896950631311, 42.717811339760949],
            [-77.532885966366123, 42.717541438135896],
            [-77.532763957027072, 42.717544137910672],
            [-77.53275297344085, 42.717274236245217],
            [-77.532630964612721, 42.71727693586481],
            [-77.53262364265774, 42.717097001395921],
            [-77.532501634164632, 42.717099700868779],
            [-77.532494312628685, 42.716919766376314],
            [-77.53237230447057, 42.71692246570246],
            [-77.532364983353631, 42.716742531186398],
            [-77.532242975530536, 42.716745230365817],
            [-77.532231994508834, 42.716475328553841],
            [-77.532109987196634, 42.716478027578106],
            [-77.532099006853826, 42.716208125725736],
            [-77.531977000052549, 42.716210824594832],
            [-77.531969680259792, 42.716030890001342],
            [-77.531847673793493, 42.716033588723718],
            [-77.531833035113166, 42.715673719482886],
            [-77.53171102933365, 42.71567641804166],
            [-77.531700051027443, 42.715406516068136],
            [-77.53157804575882, 42.715409214471755],
            [-77.531567068131451, 42.715139312457872],
            [-77.531445063373695, 42.71514201070633],
            [-77.531434086425151, 42.714872108652052],
            [-77.531312082178246, 42.714874806745364],
            [-77.531301105908497, 42.714604904650713],
            [-77.531179102172473, 42.714607602588877],
            [-77.531171785095026, 42.71442766783386],
            [-77.531049781693994, 42.714430365625319],
            [-77.531042465035469, 42.714250430846739],
            [-77.530920461969401, 42.714253128491492],
            [-77.530913145729812, 42.71407319368933],
            [-77.530791142998709, 42.714075891187385],
            [-77.530783827178041, 42.713895956361661],
            [-77.530661824781916, 42.713898653713017],
            [-77.530654509380142, 42.713718718863724],
            [-77.530532507318981, 42.713721416068388],
            [-77.530525192336114, 42.713541481195513],
            [-77.530403190609931, 42.713544178253485],
            [-77.530395876045958, 42.713364243357056],
            [-77.530273874654739, 42.713366940268322],
            [-77.530266560509659, 42.713187005348331],
            [-77.530144559453376, 42.713189702112906],
            [-77.530140902581891, 42.713099734641958],
            [-77.530018901684713, 42.713102431268297],
            [-77.530007931698549, 42.712832528820101],
            [-77.529885931312194, 42.712835225291307],
            [-77.529878618423737, 42.712655290300617],
            [-77.529756618372346, 42.712657986625132],
            [-77.529745649693112, 42.712388084101235],
            [-77.52962365015253, 42.712390780270631],
            [-77.529612682151921, 42.712120877706383],
            [-77.529490683122162, 42.712123573720653],
            [-77.529483371557376, 42.711943638652592],
            [-77.529361372862567, 42.711946334520185],
            [-77.529357717281201, 42.711856366975219],
            [-77.529235718745468, 42.711859062704562],
            [-77.529232063356744, 42.711769095149471],
            [-77.529110064980102, 42.711771790740585],
            [-77.529102754604693, 42.711591855608532],
            [-77.528980756562987, 42.711594551052961],
            [-77.528977101576302, 42.711504583475993],
            [-77.528855103693687, 42.711507278782193],
            [-77.528851448899644, 42.711417311195113],
            [-77.528729451176105, 42.711420006363078],
            [-77.52872579657469, 42.71133003876588],
            [-77.528603799010227, 42.711332733795601],
            [-77.528600144601455, 42.711242766188313],
            [-77.528478147196068, 42.711245461079791],
            [-77.52847449297991, 42.7111554934624],
            [-77.528352495733628, 42.711158188215649],
            [-77.528345187703323, 42.710978252958981],
            [-77.528223190791977, 42.710980947565545],
            [-77.528219536977829, 42.710890979926283],
            [-77.528097540225573, 42.710893674394612],
            [-77.528093886604054, 42.710803706745239],
            [-77.527971890010875, 42.710806401075338],
            [-77.527968236581984, 42.710716433415868],
            [-77.527846240147895, 42.710719127607732],
            [-77.527835280489342, 42.710449224593972],
            [-77.527713284566033, 42.710451918630746],
            [-77.527698672626087, 42.710092047888622],
            [-77.527820667846001, 42.710089353885564],
            [-77.527809708539564, 42.709819450836719],
            [-77.527931703215188, 42.709816756729168],
            [-77.527920743532093, 42.709546853690561],
            [-77.528042737663412, 42.709544159478504],
            [-77.528035430940164, 42.709364224127931],
            [-77.528157424703039, 42.709361529802948],
            [-77.52814646421642, 42.709091626789863],
            [-77.528268457435018, 42.70908893236038],
            [-77.528250189413484, 42.708639094013989],
            [-77.528128197074054, 42.708641788401323],
            [-77.528124543695881, 42.708551820718604],
            [-77.528002551515527, 42.708554514967702],
            [-77.527995245161151, 42.708374579580372],
            [-77.52787325331569, 42.708377273682828],
            [-77.527869600339471, 42.708287305978239],
            [-77.527747608653073, 42.708289999942458],
            [-77.527743955869454, 42.708200032227758],
            [-77.527621964342131, 42.708202726053756],
            [-77.527614659176848, 42.708022790602485],
            [-77.527492667984419, 42.708025484281848],
            [-77.52748901560274, 42.707935516545263],
            [-77.527367024569358, 42.707938210086404],
            [-77.527359720207954, 42.707758274591384],
            [-77.52723772950948, 42.707760967985884],
            [-77.527234077529741, 42.707671000227421],
            [-77.527112086990329, 42.707673693483699],
            [-77.52710478343279, 42.707493757944938],
            [-77.526982793228257, 42.707496451054567],
            [-77.526975490089384, 42.707316515492252],
            [-77.526853500219758, 42.707319208455253],
            [-77.526849848851271, 42.707229240663168],
            [-77.526727859140706, 42.70723193348794],
            [-77.526720556805671, 42.707051997881898],
            [-77.526598567429971, 42.707054690560035],
            [-77.526591265513616, 42.706874754930453],
            [-77.526469276472795, 42.706877447461956],
            [-77.526454673544393, 42.706517576149032],
            [-77.526576661881933, 42.706514883651245],
            [-77.526569360166647, 42.706334948001619],
            [-77.526691348135813, 42.706332255390905],
            [-77.526684046135898, 42.706152319751439],
            [-77.52680603373669, 42.706149627027784],
            [-77.526798731452189, 42.705969691398501],
            [-77.526920718684593, 42.705966998561927],
            [-77.526917067391679, 42.7058770307532],
            [-77.527039054431512, 42.705874337795279],
            [-77.527031751544328, 42.705694402189664],
            [-77.527153738215787, 42.705691709118817],
            [-77.527146435044017, 42.705511773523384],
            [-77.527268421347102, 42.705509080339617],
            [-77.52725746618772, 42.705239176959218],
            [-77.527379451946643, 42.705236483670959],
            [-77.527368496410688, 42.704966580300812],
            [-77.527490481625449, 42.704963886908054],
            [-77.527475873775586, 42.704604015758179],
            [-77.527597858270411, 42.704601322269369],
            [-77.527583249985511, 42.704241451126471],
            [-77.527705233760386, 42.70423875754161],
            [-77.527683320781108, 42.703698950827722],
            [-77.527561338060991, 42.703701644361999],
            [-77.527550382324975, 42.703431740957207],
            [-77.527428400115454, 42.703434434336444],
            [-77.527421096726812, 42.703254498708027],
            [-77.527299114852099, 42.703257191940644],
            [-77.527288160422174, 42.702987288460207],
            [-77.527166179058071, 42.702989981537762],
            [-77.527155225306302, 42.702720078017009],
            [-77.527033244452781, 42.702722770939509],
            [-77.527004036591563, 42.702003028076554],
            [-77.526882057127494, 42.702005720801871],
            [-77.526863803637625, 42.701555881416084],
            [-77.526741825035657, 42.701558573969521],
            [-77.5267272232484, 42.7011987023971],
            [-77.52660524533276, 42.70120139478707],
            [-77.526590644516602, 42.70084152315421],
            [-77.526468667287261, 42.70084421538072],
            [-77.526457717378321, 42.700574311613259],
            [-77.526335740659519, 42.700577003684721],
            [-77.526324791428593, 42.700307099876959],
            [-77.52620281522033, 42.700309791793387],
            [-77.526184567715887, 42.699859952038238],
            [-77.526062592369669, 42.699862643782801],
            [-77.526018802176267, 42.698783028098944],
            [-77.526140775413481, 42.698780336455471],
            [-77.526126178515241, 42.69842046454108],
            [-77.52624815103276, 42.698417772801562],
            [-77.526240852332634, 42.698237836851192],
            [-77.526362824481893, 42.698235144998769],
            [-77.526355525497294, 42.698055209058566],
            [-77.526477497278336, 42.698052517093245],
            [-77.526473847635415, 42.697962549129066],
            [-77.526595819223971, 42.697959857042427],
            [-77.526588519636888, 42.6977799211259],
            [-77.526710490857226, 42.697777228926377],
            [-77.526706840913079, 42.697687260974035],
            [-77.526828811940931, 42.69768456865318],
            [-77.526825161837792, 42.697594600707596],
            [-77.526947132673158, 42.69759190826543],
            [-77.526939832165667, 42.697411972386085],
            [-77.527061802632815, 42.697409279831035],
            [-77.527058152228463, 42.697319311897296],
            [-77.527180122503125, 42.697316619220921],
            [-77.527147268036217, 42.696506907817849],
            [-77.527025299343109, 42.696509600418374],
            [-77.52701799888618, 42.696329664515766],
            [-77.526896030527766, 42.696332356969712],
            [-77.52688873048929, 42.696152421043593],
            [-77.52676676246557, 42.69615511335094],
            [-77.52676311264716, 42.696065145376934],
            [-77.526641144782417, 42.696067837546131],
            [-77.526633845547309, 42.695887901576285],
            [-77.52651187801726, 42.695890593598882],
            [-77.526504579200576, 42.695710657605503],
            [-77.526382612005207, 42.695713349481508],
            [-77.526357067904357, 42.695083573393084],
            [-77.526235101922239, 42.695086265080398],
            [-77.526227804109851, 42.694906329023233],
            [-77.526105838462428, 42.694909020563969],
            [-77.526102189757054, 42.694819052524466],
            [-77.525858258763378, 42.694824435199898],
            [-77.525854610426165, 42.69473446714187],
            [-77.525732645079941, 42.694737158276574],
            [-77.525728996935172, 42.69464719020845],
            [-77.52560703174791, 42.694649881204995],
            [-77.525596087941196, 42.694379976965358],
            [-77.525474123264303, 42.694382667806906],
            [-77.525448589531123, 42.693752891130352],
            [-77.525326626067439, 42.693755581783229],
            [-77.525319331217133, 42.693575645558056],
            [-77.525197368088101, 42.693578336064363],
            [-77.525193720863768, 42.693488367940844],
            [-77.525071757893684, 42.693491058309007],
            [-77.525068110861781, 42.693401090175406],
            [-77.52494614805066, 42.693403780405433],
            [-77.5249425012112, 42.693313812261742],
            [-77.524576613204545, 42.693321882148197],
            [-77.524572966908892, 42.69323191397757],
            [-77.524329041838854, 42.693237293236422],
            [-77.524325395911333, 42.693147325047292],
            [-77.524081471125754, 42.693152703770409],
            [-77.524077825566366, 42.693062735562783],
            [-77.523833901065274, 42.693068113750186],
            [-77.523830255873989, 42.692978145524044],
            [-77.52370829377405, 42.692980834414747],
            [-77.52370464877518, 42.69289086617853],
            [-77.523582686834203, 42.692893554931089],
            [-77.523579042027777, 42.692803586684782],
            [-77.523457080245763, 42.692806275299212],
            [-77.523453435631751, 42.692716307042815],
            [-77.5233314740087, 42.692718995519108],
            [-77.523324185182219, 42.692539058984501],
            [-77.523202223893833, 42.692541747314237],
            [-77.523198579681363, 42.69245177903602],
            [-77.523076618551954, 42.69245446722762],
            [-77.523069330528557, 42.692274530649328],
            [-77.522947369733814, 42.692277218694386],
            [-77.522943725922886, 42.692187250394326],
            [-77.522821765287105, 42.692189938301254],
            [-77.522814478066792, 42.6920100016793],
            [-77.522692517765663, 42.692012689439679],
            [-77.522688874356263, 42.691922721117784],
            [-77.522566914214096, 42.691925408740047],
            [-77.522559627796838, 42.691745472074416],
            [-77.522437667989337, 42.691748159550137],
            [-77.52242673901587, 42.691478254513932],
            [-77.522304779718709, 42.691480941834698],
            [-77.52229749417134, 42.691301005118738],
            [-77.522175535208817, 42.691303692292955],
            [-77.522160965017392, 42.690943818807348],
            [-77.522282923277203, 42.690941131666754],
            [-77.522271995282125, 42.690671226560248],
            [-77.522393952998186, 42.690668539315176],
            [-77.522386667400369, 42.69048860258598],
            [-77.522508624748355, 42.69048591522801],
            [-77.522504981798846, 42.690395946869316],
            [-77.52262693895446, 42.690393259390056],
            [-77.522608723579282, 42.689943417613584],
            [-77.522730679839839, 42.689940730046665],
            [-77.522716107137924, 42.689580856629071],
            [-77.522594151580037, 42.689583544162346],
            [-77.522579579848255, 42.689223670684385],
            [-77.522457624976312, 42.689226358054313],
            [-77.522450339562042, 42.689046421288502],
            [-77.522328385024693, 42.689049108511888],
            [-77.522321100028606, 42.68886917172258],
            [-77.522199145825866, 42.688871858799459],
            [-77.52219550352855, 42.688781890393884],
            [-77.522073549484773, 42.68878457733264],
            [-77.522069907379816, 42.68869460891699],
            [-77.521947953494958, 42.688697295717638],
            [-77.521944311582388, 42.688607327291898],
            [-77.521822357856493, 42.688610013954424],
            [-77.521818716136281, 42.688520045518636],
            [-77.520965040816733, 42.688538848465804],
            [-77.520961400342813, 42.688448879969478],
            [-77.519741864508731, 42.68847573021376],
            [-77.519738225808098, 42.688385761631743],
            [-77.519372365259215, 42.688393814150608],
            [-77.519368727102233, 42.688303845541711],
            [-77.519246773728199, 42.688306529446862],
            [-77.51924313576356, 42.688216560827883],
            [-77.519365088961948, 42.688213876931137],
            [-77.519361450838332, 42.688123908318893],
            [-77.519483403844362, 42.688121224300843],
            [-77.519476127295945, 42.687941287088158],
            [-77.519598079933971, 42.687938602957203],
            [-77.519594441509156, 42.687848634356754],
            [-77.519716393954823, 42.687845950104503],
            [-77.519709116803966, 42.687666012915408],
            [-77.519831068881643, 42.687663328550258],
            [-77.519827430155615, 42.687573359961604],
            [-77.519949382040949, 42.687570675475158],
            [-77.519945743155972, 42.68748070689324],
            [-77.520067694848962, 42.687478022285482],
            [-77.520064055805037, 42.687388053710293],
            [-77.520300680049274, 42.687202747000747],
            [-77.52029340137571, 42.687022809872303],
            [-77.520533663225322, 42.686927471283028],
            [-77.520870393923872, 42.686199667018727],
            [-77.521576600972622, 42.685553772447221],
            [-77.521891464708176, 42.684286154504633],
            [-77.521769519429569, 42.684288840893267],
            [-77.52171854563629, 42.683029281635704],
            [-77.521596602799548, 42.683031967776948],
            [-77.521582040162457, 42.682672093609639],
            [-77.521460098011417, 42.682674779587579],
            [-77.521312674330304, 42.682047685461072],
            [-77.52105787305868, 42.681783150871944],
            [-77.520903177045568, 42.680976118744482],
            [-77.52039722792027, 42.680537015362468],
            [-77.52026073609025, 42.680179825281179],
            [-77.520013223227863, 42.68009522534976],
            [-77.5191014753118, 42.678674511608776],
            [-77.518724763601071, 42.678412654205381],
            [-77.518581015094384, 42.677875523986167],
            [-77.518329878334271, 42.677700951246415],
            [-77.518300796455549, 42.676981200403638],
            [-77.518178865124298, 42.676983882602322],
            [-77.518127976862715, 42.675724318252932],
            [-77.518482857651307, 42.67544636500719],
            [-77.518471952019325, 42.675176458378871],
            [-77.518708536503155, 42.674991155682797],
            [-77.5186830883883, 42.67436137358581],
            [-77.518310040130189, 42.674189482810945],
            [-77.518302770510232, 42.674009544996885],
            [-77.517804166124748, 42.673750365589974],
            [-77.517796898075758, 42.673570427692077],
            [-77.517545781357299, 42.673395852605893],
            [-77.517502179076388, 42.672316224836855],
            [-77.517624101346598, 42.672313543593184],
            [-77.517809804772213, 42.670868677053946],
            [-77.517931724184294, 42.670865995555666],
            [-77.517873584579434, 42.669426491599772],
            [-77.517751667975233, 42.66942917296376],
            [-77.517737134442797, 42.669069296874476],
            [-77.517486036624007, 42.668894721058237],
            [-77.517471504895454, 42.668534844861767],
            [-77.517349589996101, 42.668537525752988],
            [-77.517324161341165, 42.667907742286182],
            [-77.517446075012202, 42.667905061453702],
            [-77.517549824086871, 42.667452535192005],
            [-77.517790016374008, 42.667357203914747],
            [-77.517782749990261, 42.667177265813457],
            [-77.518022940856994, 42.667081934079903],
            [-77.518015673871403, 42.666901996002174],
            [-77.518255863317734, 42.666806663812324],
            [-77.518248595730299, 42.666626725758157],
            [-77.518599791843357, 42.666258804086119],
            [-77.518541646189618, 42.664819299708611],
            [-77.518286930313252, 42.664554756096699],
            [-77.51813595665179, 42.663837685065069],
            [-77.519746177895513, 42.664432598323607],
            [-77.520359347539568, 42.664509149768669],
            [-77.521489251500014, 42.665294709575193],
            [-77.522460876751524, 42.665183256119306],
            [-77.523539840913941, 42.664709232555332],
            [-77.5245150951488, 42.664687730636892],
            [-77.52673857959843, 42.665359068730801],
            [-77.528205120147732, 42.665416739859147],
            [-77.529165784528317, 42.665035324763693],
            [-77.530141039625548, 42.665013774817517],
            [-77.531589309091927, 42.664621561821242],
            [-77.532051358813646, 42.663981000904322],
            [-77.531808908768113, 42.661014748173677],
            [-77.531687009909447, 42.661017443943152],
            [-77.531524937143047, 42.660030489356899],
            [-77.531883322752492, 42.659842465951051],
            [-77.532980391053997, 42.659818198016104],
            [-77.533098633130138, 42.659725532825],
            [-77.532947504374121, 42.659008484925629],
            [-77.53403359045106, 42.658714303013802],
            [-77.534624779160069, 42.658250970870576],
            [-77.534617466550998, 42.658071034819557],
            [-77.535326879523694, 42.657515032555771],
            [-77.535319565078538, 42.657335096579374],
            [-77.535559690160483, 42.657239729579359],
            [-77.535552375114506, 42.657059793626736],
            [-77.535903415360536, 42.656691822367861],
            [-77.535874152175992, 42.655972078639735],
            [-77.534995335629247, 42.655361198533797],
            [-77.534988022690712, 42.655181262443342],
            [-77.534478539724873, 42.65465224857946],
            [-77.534243341872596, 42.651865934990283],
            [-77.535458491865768, 42.651748980831634],
            [-77.535831447489798, 42.651920818586049],
            [-77.536810151298951, 42.651989185181257],
            [-77.538631038116606, 42.651768724440238],
            [-77.539111234675985, 42.651577977276318],
            [-77.539465886488415, 42.651299963935855],
            [-77.539684005851456, 42.650664782205233],
            [-77.540034986916723, 42.650296799481389],
            [-77.540256760756222, 42.649751584574979],
            [-77.540496849143096, 42.649656208063249],
            [-77.540489521805952, 42.649476272560335],
            [-77.541671622735208, 42.648549544460913],
            [-77.541889711156557, 42.64791435909104],
            [-77.542011583461502, 42.647911653065627],
            [-77.541927278081786, 42.645842396243552],
            [-77.541428811280198, 42.645583315290374],
            [-77.541284957777009, 42.645046213938535],
            [-77.542481629087362, 42.644479350269705],
            [-77.542714361541471, 42.644204034273969],
            [-77.543685613392597, 42.644092409840113],
            [-77.543918339052766, 42.643817091556357],
            [-77.543597596620529, 42.641933186605662],
            [-77.543719457092266, 42.641930479132313],
            [-77.543808310601491, 42.641118062720594],
            [-77.544384591270756, 42.640294814582504],
            [-77.544477102908317, 42.639572365364458],
            [-77.544355247109962, 42.639575073523808],
            [-77.54434057543331, 42.639215202954297],
            [-77.544089530151169, 42.639040683488069],
            [-77.544078527722476, 42.63877078048246],
            [-77.543074365218246, 42.63807269645018],
            [-77.543067033422076, 42.637892760942378],
            [-77.541468293320534, 42.637568064831726],
            [-77.541460966281022, 42.637388129083647],
            [-77.541213599476123, 42.637303570741224],
            [-77.5411989470674, 42.636943699150564],
            [-77.540947919688506, 42.636769172259875],
            [-77.540936931710263, 42.636499268488478],
            [-77.54043122160266, 42.636060244840976],
            [-77.540294725711021, 42.635703076597224],
            [-77.540416574338934, 42.635700372953494],
            [-77.540520113372395, 42.635247829325642],
            [-77.541362057825324, 42.634958995829628],
            [-77.54195297361845, 42.63449563141581],
            [-77.542060163803257, 42.634133054542588],
            [-77.542300190291655, 42.634037675660835],
            [-77.542403713402337, 42.633585130640839],
            [-77.542525557699093, 42.633582424861665],
            [-77.54251089963806, 42.633222553403101],
            [-77.542632743217396, 42.633219847528345],
            [-77.542710610006779, 42.632137527191119],
            [-77.542950627905796, 42.632042147142663],
            [-77.542943298011963, 42.631862211427595],
            [-77.543301489738965, 42.631674156571975],
            [-77.543408667969558, 42.63131157860709],
            [-77.543648681614911, 42.631216197193631],
            [-77.543866697631785, 42.630581008435662],
            [-77.544457554309759, 42.63011763234627],
            [-77.545661252522464, 42.62973067785277],
            [-77.546104568253313, 42.628640228739442],
            [-77.54717538225384, 42.627986065579698],
            [-77.547264179532775, 42.627173646400692],
            [-77.547386010864457, 42.627170935778729],
            [-77.547338292840905, 42.62600135654619],
            [-77.547216463785375, 42.626004067057877],
            [-77.547072614070288, 42.625466971443281],
            [-77.546434120797002, 42.624760779396716],
            [-77.546290281148288, 42.624223682440928],
            [-77.545777302212528, 42.623604744394584],
            [-77.545736955751764, 42.622615098590913],
            [-77.54609141866294, 42.622337068545193],
            [-77.546575037677613, 42.622236263498159],
            [-77.548524183979097, 42.622192893766496],
            [-77.549147981855839, 42.622539204233341],
            [-77.549875240592783, 42.622432960436328],
            [-77.549986040876632, 42.622160344729281],
            [-77.550580448527271, 42.621786907210748],
            [-77.550676545785336, 42.621154420971216],
            [-77.550798365057403, 42.621151707027451],
            [-77.55049961063915, 42.61980762216961],
            [-77.550377793958845, 42.619810335727159],
            [-77.550352075748023, 42.61918056298466],
            [-77.550706498650072, 42.618902519549614],
            [-77.55069914979245, 42.618722584506166],
            [-77.55117538254909, 42.618441825879074],
            [-77.551507744713732, 42.617623975195258],
            [-77.552102100997644, 42.617250530884796],
            [-77.554900081595292, 42.617098079913035],
            [-77.556103462610096, 42.616711023127657],
            [-77.556096098777829, 42.616531088772504],
            [-77.556801176766072, 42.615885000073909],
            [-77.556790128349093, 42.615615098646678],
            [-77.55702637789372, 42.615429723936117],
            [-77.557004279618596, 42.614889921118483],
            [-77.557126086079123, 42.614887200766859],
            [-77.557081889253141, 42.613807595052812],
            [-77.556960084892282, 42.61381031530226],
            [-77.556945353857259, 42.613450446643228],
            [-77.55669438176831, 42.613275952312307],
            [-77.556550485712606, 42.612738868910412],
            [-77.5564286833838, 42.612741588540274],
            [-77.556521029732778, 42.612019131200327],
            [-77.556753584776885, 42.611743790070925],
            [-77.556853291009574, 42.611201266916815],
            [-77.557215006000931, 42.61110313933596],
            [-77.557465970462147, 42.611277632777401],
            [-77.55747333688484, 42.61145756710556],
            [-77.557846103556571, 42.611629338963532],
            [-77.557853471164066, 42.611809273227173],
            [-77.558097071900406, 42.611803830904051],
            [-77.559359306825783, 42.612856215741836],
            [-77.560086433047857, 42.612749910336262],
            [-77.561149452523409, 42.611915692007706],
            [-77.563190522938598, 42.611149622043747],
            [-77.562998593798071, 42.609442979650879],
            [-77.562492961632955, 42.609004049920117],
            [-77.562341647999673, 42.608287040770655],
            [-77.562219854896028, 42.608289766329065],
            [-77.562175580304427, 42.607210163667283],
            [-77.562053789282814, 42.607212888993999],
            [-77.562027964786992, 42.606583120603403],
            [-77.561906174972805, 42.606585845741073],
            [-77.56187666367741, 42.605866110268693],
            [-77.562349059195938, 42.605495341575185],
            [-77.56367395692638, 42.6051054860934],
            [-77.567091372356316, 42.605209016038692],
            [-77.568157869331586, 42.604464704067418],
            [-77.568150473962817, 42.604284771023828],
            [-77.568858990131091, 42.603728580278712],
            [-77.568851592935104, 42.603548647310902],
            [-77.568973376170632, 42.603545914946416],
            [-77.568799814462594, 42.602289116348331],
            [-77.569268442507152, 42.601828354198332],
            [-77.571582256666559, 42.601776410424534],
            [-77.572419899088317, 42.601397396422499],
            [-77.572637530392939, 42.600762160406887],
            [-77.572759307839704, 42.600759424161659],
            [-77.572748196389441, 42.600489525393705],
            [-77.573323739444405, 42.599666146347616],
            [-77.573592739909969, 42.597318813305911],
            [-77.57405759094712, 42.596768066880379],
            [-77.57466273238704, 42.596664411660484],
            [-77.574895151795843, 42.596389036651601],
            [-77.575138689209794, 42.59638355968324],
            [-77.575791442106464, 42.594477837149761],
            [-77.576378017203211, 42.59392434288857],
            [-77.578067866208386, 42.593526109013879],
            [-77.579126610850523, 42.592601770338149],
            [-77.57949189361068, 42.592593541786719],
            [-77.579727989764905, 42.592408123659503],
            [-77.581310874968665, 42.592372450023809],
            [-77.582425300239223, 42.592797568587741],
            [-77.582554495051227, 42.592974753718849],
            [-77.583163301551281, 42.592961020509954],
            [-77.583521148640102, 42.592772847803246],
            [-77.584974836960427, 42.592559939440875],
            [-77.585686791692339, 42.592093616550969],
            [-77.585679349101142, 42.591913685600126],
            [-77.585801108069518, 42.591910935950963],
            [-77.585840995332333, 42.58992894564809],
            [-77.585962750422112, 42.589926195929827],
            [-77.585877162102776, 42.587856989254945],
            [-77.585998913156686, 42.587854239605427],
            [-77.585976586204822, 42.587314446465186],
            [-77.586098336193373, 42.587311696738091],
            [-77.586079729995689, 42.586861869118032],
            [-77.586201479093603, 42.586859119304741],
            [-77.586300899203664, 42.586316576265993],
            [-77.587123354164902, 42.585577599671488],
            [-77.587672514209089, 42.584124396986169],
            [-77.588875050246997, 42.583737016030248],
            [-77.589229102518047, 42.583458861711584],
            [-77.589416704295687, 42.582103875316776],
            [-77.589656457600441, 42.582008403612974],
            [-77.589759567712633, 42.581555823521164],
            [-77.589881306132398, 42.581553070072715],
            [-77.589965783926843, 42.580650663082416],
            [-77.590087520565859, 42.580647909461767],
            [-77.590072616102191, 42.580288048084086],
            [-77.590194352025506, 42.580285294368728],
            [-77.590301182344163, 42.57992267918857],
            [-77.592078733081024, 42.578711808689647],
            [-77.592071275594719, 42.578531878226727],
            [-77.592547016553766, 42.578250958857268],
            [-77.59253955784132, 42.578071028446558],
            [-77.59277556122781, 42.577885585491806],
            [-77.593373024499911, 42.577601906430282],
            [-77.595685898799729, 42.577549499773966],
            [-77.597283332575259, 42.577873475219725],
            [-77.598135445933494, 42.577854143751459],
            [-77.59969924203196, 42.577368402144067],
            [-77.599813491953654, 42.577185708952165],
            [-77.601731213839685, 42.576421754440467],
            [-77.60354963132626, 42.576200323471497],
            [-77.604530936884188, 42.576358106047238],
            [-77.605025338448698, 42.576526958469046],
            [-77.605280035138776, 42.57679131248846],
            [-77.606390579763485, 42.577126237572934],
            [-77.606675281408812, 42.578110301934885],
            [-77.607177203227565, 42.578459072830512],
            [-77.608767206591963, 42.578602957535303],
            [-77.609284157871642, 42.579311574784377],
            [-77.609531376118284, 42.579395990477281],
            [-77.609538884030442, 42.579575918417412],
            [-77.610531521865795, 42.580003539396195],
            [-77.611018455329614, 42.579992436874704],
            [-77.61458632775674, 42.580811517729416],
            [-77.616165112163259, 42.580685406950906],
            [-77.618493126447603, 42.580992390393142],
            [-77.618869632766035, 42.581253927987611],
            [-77.619006439047993, 42.581610996665461],
            [-77.619253678629988, 42.581695390724931],
            [-77.619390488174602, 42.582052458833239],
            [-77.619637730009742, 42.58213685199577],
            [-77.619865005528581, 42.584653035537485],
            [-77.620237770122273, 42.584824604598431],
            [-77.621089962549405, 42.584805099875851],
            [-77.621325902743692, 42.584619599854776],
            [-77.621273102274955, 42.583360117103233],
            [-77.622334796027999, 42.582525362279952],
            [-77.622327250547912, 42.582345436272263],
            [-77.622681141233855, 42.582067182665021],
            [-77.622669821727214, 42.581797293704177],
            [-77.623617285488038, 42.581145242195703],
            [-77.624587383910864, 42.581032960524567],
            [-77.625686766903343, 42.581097804844411],
            [-77.626550240764402, 42.581348149123457],
            [-77.62874145817382, 42.581297863896403],
            [-77.631685788943912, 42.581770525881915],
            [-77.63297889626395, 42.583541784719117],
            [-77.633226160973209, 42.583626147846886],
            [-77.633233738131267, 42.583806072240307],
            [-77.633732060294562, 42.58406475891411],
            [-77.633990697263172, 42.584419006723017],
            [-77.634234176634749, 42.584413405409073],
            [-77.634861829919856, 42.584849210188196],
            [-77.635508452334363, 42.585734821277654],
            [-77.63565674094761, 42.586361752900466],
            [-77.63577848425895, 42.58635895043551],
            [-77.635801240134128, 42.586898722228753],
            [-77.635679495774681, 42.586901524746338],
            [-77.635462552647297, 42.587536863259935],
            [-77.634990736531961, 42.587907919276716],
            [-77.633434558134411, 42.588574066202071],
            [-77.632528763797794, 42.590215782198925],
            [-77.63050063326709, 42.591252936413589],
            [-77.630508204607082, 42.591432860961035],
            [-77.630150513810847, 42.591621176562981],
            [-77.630161869482535, 42.59189106344013],
            [-77.629583371737041, 42.592624744703784],
            [-77.629590940801847, 42.592804669340602],
            [-77.629351212070304, 42.59290022400392],
            [-77.62935878054023, 42.593080148665599],
            [-77.627596713646213, 42.594651436638607],
            [-77.626515992310189, 42.595036429880942],
            [-77.625180397694621, 42.595157109242578],
            [-77.625066192942484, 42.595339826119087],
            [-77.624103428763135, 42.595632042948068],
            [-77.623989220008653, 42.595814758845357],
            [-77.623144430935881, 42.596014214641244],
            [-77.62219674428934, 42.596666266969905],
            [-77.622090076727588, 42.597028906723629],
            [-77.62185031985392, 42.597124446362926],
            [-77.621743649614999, 42.597487085843504],
            [-77.621621883271743, 42.59748987397964],
            [-77.621518984787429, 42.597942476098403],
            [-77.620932785133959, 42.598496191552357],
            [-77.620947876665639, 42.598856042945485],
            [-77.621701134929296, 42.599379092782584],
            [-77.621613330656658, 42.600191546024611],
            [-77.621491559034794, 42.600194334164044],
            [-77.621506654678143, 42.600554185289205],
            [-77.621384882339711, 42.600556973334285],
            [-77.621323489731537, 42.601999165759864],
            [-77.621700138407448, 42.602260689424611],
            [-77.62170768734012, 42.60244061489545],
            [-77.621951239273017, 42.602435037792304],
            [-77.622206116763465, 42.602699348260856],
            [-77.622056941390142, 42.604953993185838],
            [-77.622178722226209, 42.604951204195899],
            [-77.622326933142574, 42.605578153595957],
            [-77.622448715168034, 42.605575364286324],
            [-77.622608259427182, 42.606472200985316],
            [-77.623871434013793, 42.607523848705647],
            [-77.623821435231875, 42.609235926947875],
            [-77.62407634961896, 42.60950023200148],
            [-77.624445497409141, 42.609581819913501],
            [-77.624608863027859, 42.610568614606841],
            [-77.624487071486215, 42.610571406474591],
            [-77.624524867921338, 42.61147103044366],
            [-77.625164079594029, 42.612176768078726],
            [-77.625041471804607, 42.615061147328362],
            [-77.625163272040382, 42.615058354635593],
            [-77.625174615488078, 42.615328241485756],
            [-77.62555514460486, 42.61567971155776],
            [-77.625562708178421, 42.615859636050104],
            [-77.625935678041785, 42.616031180228802],
            [-77.626072610373726, 42.616388235345489],
            [-77.626323781749377, 42.616562571859234],
            [-77.626997125010419, 42.61807795593851],
            [-77.627762027906641, 42.618870842829985],
            [-77.627833953038191, 42.620580121253248],
            [-77.628214530175512, 42.620931580917201],
            [-77.628359060660614, 42.621468556298957],
            [-77.628614046286259, 42.621732848859551],
            [-77.628910696284649, 42.622986721680796],
            [-77.629032511590097, 42.622983924458076],
            [-77.62931402393744, 42.623877948182866],
            [-77.629561446551463, 42.623962314485681],
            [-77.629698419066784, 42.624319363783904],
            [-77.629945843938714, 42.624403729188145],
            [-77.630082819724777, 42.624760777915526],
            [-77.630334036720356, 42.624935104179038],
            [-77.630345406421753, 42.625204989442508],
            [-77.630596625972018, 42.625379315048932],
            [-77.630607996984295, 42.625649200234477],
            [-77.630859219089288, 42.62582352518379],
            [-77.630999994568981, 42.626270534200501],
            [-77.631498655687608, 42.626529219907326],
            [-77.631761260368847, 42.626973427586293],
            [-77.632263723200325, 42.627322071289697],
            [-77.632400719347203, 42.627679116544776],
            [-77.633028810400901, 42.628114916930109],
            [-77.63522925064612, 42.62824438615457],
            [-77.636093420685853, 42.628494637772022],
            [-77.636470294229767, 42.628756105699821],
            [-77.636477892698863, 42.628936028202091],
            [-77.636976597185722, 42.629194688732468],
            [-77.636984197229538, 42.62937461114759],
            [-77.637357279250281, 42.629546114684061],
            [-77.637364880483901, 42.629726037032931],
            [-77.637612336694914, 42.629810384923864],
            [-77.637878800618651, 42.630344537910318],
            [-77.638130061796303, 42.630518845701694],
            [-77.638293714122639, 42.631505610232971],
            [-77.637136212744878, 42.632973058028526],
            [-77.637159017477359, 42.633512824827143],
            [-77.637280852500808, 42.633510018279438],
            [-77.637292255627685, 42.633779901629552],
            [-77.637539728100265, 42.633864249188903],
            [-77.637547331007269, 42.634044171375322],
            [-77.638046081582317, 42.634302825805563],
            [-77.638457225205542, 42.635373934996423],
            [-77.639614646097186, 42.636788032690362],
            [-77.639755512429659, 42.637235027785366],
            [-77.640258103688183, 42.637583632357639],
            [-77.640265715415495, 42.637763554032688],
            [-77.641019615122502, 42.638286456303611],
            [-77.642508405845575, 42.638882441526611],
            [-77.644275223517965, 42.640282422762695],
            [-77.646000159798632, 42.640692810244211],
            [-77.646255300830305, 42.640957058514708],
            [-77.646498998117167, 42.640951425155315],
            [-77.646754142319239, 42.641215672216276],
            [-77.646997840517088, 42.641210037768403],
            [-77.647748020355849, 42.641642932494875],
            [-77.651894728348694, 42.641636999679562],
            [-77.651898551507429, 42.641726959608043],
            [-77.650942863141438, 42.642199336181442],
            [-77.648517302307823, 42.642525622817026]
          ],
          [
            [-77.586516973817822, 42.732730811183536],
            [-77.58652071468245, 42.73282077457835],
            [-77.586642748833029, 42.732818016753114],
            [-77.586516973817822, 42.732730811183536]
          ],
          [
            [-77.58625420331532, 42.732286505445956],
            [-77.586257943936175, 42.732376473742633],
            [-77.586288453725118, 42.732375784329001],
            [-77.58625420331532, 42.732286505445956]
          ],
          [
            [-77.586117209336223, 42.731929409881083],
            [-77.586124689912097, 42.732109341431084],
            [-77.586185708259364, 42.732107962703729],
            [-77.586117209336223, 42.731929409881083]
          ],
          [
            [-77.58598021721636, 42.731572319162538],
            [-77.585991437081404, 42.731842208922721],
            [-77.58608296275645, 42.731840140981575],
            [-77.58598021721636, 42.731572319162538]
          ],
          [
            [-77.585854445699908, 42.731485112756069],
            [-77.58585818544411, 42.731575076217567],
            [-77.58598021721636, 42.731572319162538],
            [-77.585854445699908, 42.731485112756069]
          ],
          [
            [-77.585589816100736, 42.730995828472857],
            [-77.585591685749634, 42.731040810216925],
            [-77.58571371650018, 42.731038053473405],
            [-77.585589816100736, 42.730995828472857]
          ],
          [
            [-77.585180728928492, 42.729969507649457],
            [-77.585184467960488, 42.73005948307091],
            [-77.585204808608552, 42.730059023637857],
            [-77.585180728928492, 42.729969507649457]
          ],
          [
            [-77.585036270169653, 42.729432483546795],
            [-77.585040008953229, 42.729522459100309],
            [-77.585060349890583, 42.729521999687087],
            [-77.585036270169653, 42.729432483546795]
          ],
          [
            [-77.584891814643399, 42.728895471461193],
            [-77.584906766806384, 42.729255324949385],
            [-77.584988120506821, 42.72925348761958],
            [-77.584891814643399, 42.728895471461193]
          ],
          [
            [-77.584634679679368, 42.728586110863432],
            [-77.584636548480646, 42.728631092660407],
            [-77.584758574599547, 42.728628337058829],
            [-77.584634679679368, 42.728586110863432]
          ],
          [
            [-77.584358861626782, 42.727826932671249],
            [-77.584373810150609, 42.72818678637816],
            [-77.584434823280603, 42.728185408717657],
            [-77.584358861626782, 42.727826932671249]
          ],
          [
            [-77.58423060884499, 42.727679747846786],
            [-77.584236837040208, 42.727829687805631],
            [-77.584358861626782, 42.727826932671249],
            [-77.58423060884499, 42.727679747846786]
          ],
          [
            [-77.584102356683104, 42.727532563733753],
            [-77.584103602279555, 42.727562552460569],
            [-77.584128007891437, 42.727562001446849],
            [-77.584102356683104, 42.727532563733753]
          ],
          [
            [-77.583833400107977, 42.72693831750361],
            [-77.583837136337337, 42.727028281180274],
            [-77.58395915939164, 42.727025526513053],
            [-77.583833400107977, 42.72693831750361]
          ],
          [
            [-77.58356880716299, 42.726449024135796],
            [-77.583574410959301, 42.726583972619309],
            [-77.583615085906587, 42.726583054478027],
            [-77.58356880716299, 42.726449024135796]
          ],
          [
            [-77.583429975293384, 42.726046945739633],
            [-77.583441181936223, 42.726316836304314],
            [-77.583522530612598, 42.726315000145377],
            [-77.583429975293384, 42.726046945739633]
          ],
          [
            [-77.58312617237641, 42.72461303683928],
            [-77.583144847069093, 42.725062854659448],
            [-77.583182979173444, 42.725061994063658],
            [-77.58312617237641, 42.72461303683928]
          ],
          [
            [-77.583000419259363, 42.724525826720914],
            [-77.583004153970052, 42.724615790494681],
            [-77.58312617237641, 42.72461303683928],
            [-77.583000419259363, 42.724525826720914]
          ],
          [
            [-77.582731736340449, 42.723937572356178],
            [-77.582737711207415, 42.72408151582114],
            [-77.582859728592368, 42.724078762477127],
            [-77.582731736340449, 42.723937572356178]
          ],
          [
            [-77.58260374471071, 42.723796382921577],
            [-77.582608225661446, 42.723904341806353],
            [-77.58269974013109, 42.723902276870703],
            [-77.58260374471071, 42.723796382921577]
          ],
          [
            [-77.582475753703179, 42.723655194173332],
            [-77.582478740870684, 42.723727167620538],
            [-77.582539751471032, 42.723725791045005],
            [-77.582475753703179, 42.723655194173332]
          ],
          [
            [-77.582347763317813, 42.723514006111415],
            [-77.582349256835073, 42.723549993263681],
            [-77.582379762612206, 42.723549305000034],
            [-77.582347763317813, 42.723514006111415]
          ],
          [
            [-77.582085313407958, 42.723075691865617],
            [-77.582090291029303, 42.723195644036892],
            [-77.582212306740587, 42.723192891428226],
            [-77.582085313407958, 42.723075691865617]
          ],
          [
            [-77.581958320575794, 42.722958492764882],
            [-77.58196080925913, 42.723018469166966],
            [-77.582021817647572, 42.723017092920379],
            [-77.581958320575794, 42.722958492764882]
          ],
          [
            [-77.5816906503117, 42.722394227610394],
            [-77.581694382851751, 42.722484191510659],
            [-77.581816397206993, 42.722481439360436],
            [-77.5816906503117, 42.722394227610394]
          ],
          [
            [-77.581371981725113, 42.720600456918241],
            [-77.581420497060208, 42.721769985603025],
            [-77.581503981025008, 42.721768102746147],
            [-77.581371981725113, 42.720600456918241]
          ],
          [
            [-77.581243440588878, 42.720445770433905],
            [-77.581249971012781, 42.720603208498126],
            [-77.581371981725113, 42.720600456918241],
            [-77.581243440588878, 42.720445770433905]
          ],
          [
            [-77.581114900112269, 42.720291084743359],
            [-77.581116765903317, 42.720336068621215],
            [-77.581151627467705, 42.720335282466031],
            [-77.581114900112269, 42.720291084743359]
          ],
          [
            [-77.580986360338244, 42.720136399898308],
            [-77.5809872932019, 42.720158892338667],
            [-77.581004724440646, 42.72015849927071],
            [-77.580986360338244, 42.720136399898308]
          ],
          [
            [-77.580722753804395, 42.719669591617858],
            [-77.580724619268778, 42.719714575445671],
            [-77.580742049861598, 42.719714182432796],
            [-77.580722753804395, 42.719669591617858]
          ],
          [
            [-77.580587687923583, 42.719357470979311],
            [-77.580595149042495, 42.719537398638188],
            [-77.580664868899959, 42.719535826723089],
            [-77.580587687923583, 42.719357470979311]
          ],
          [
            [-77.580334345738805, 42.719138061463234],
            [-77.580339941019702, 42.719273008361114],
            [-77.580461949213316, 42.719270257819147],
            [-77.580465679571176, 42.719360221659713],
            [-77.580587687923583, 42.719357470979311],
            [-77.580334345738805, 42.719138061463234]
          ],
          [
            [-77.580207675353847, 42.719028357317868],
            [-77.580210472848165, 42.719095831052663],
            [-77.580283678721585, 42.719094180789597],
            [-77.580207675353847, 42.719028357317868]
          ],
          [
            [-77.579929161820004, 42.718201692577004],
            [-77.57994407971816, 42.718561548147605],
            [-77.580005083629928, 42.718560173094666],
            [-77.579929161820004, 42.718201692577004]
          ],
          [
            [-77.579858690523096, 42.717572945217192],
            [-77.579781051237063, 42.71757469512287],
            [-77.579807155668647, 42.718204442496415],
            [-77.579858690523096, 42.717572945217192]
          ],
          [
            [-77.580090457196206, 42.716937385407697],
            [-77.579998955004982, 42.716939447939232],
            [-77.580010143211666, 42.717209339664521],
            [-77.580090457196206, 42.716937385407697]
          ],
          [
            [-77.580143999860724, 42.716756082542211],
            [-77.580113499589075, 42.716756770072607],
            [-77.580117229050984, 42.71684673220566],
            [-77.580143999860724, 42.716756082542211]
          ],
          [
            [-77.580399857567656, 42.716300074957189],
            [-77.580338857007888, 42.716301450136946],
            [-77.580341343518583, 42.716361425497027],
            [-77.580399857567656, 42.716300074957189]
          ],
          [
            [-77.580575401497299, 42.716116021468864],
            [-77.580453399493905, 42.716118771969228],
            [-77.580458372727762, 42.716238723252467],
            [-77.580575401497299, 42.716116021468864]
          ],
          [
            [-77.58062051907072, 42.715844860315144],
            [-77.580564211268722, 42.715846129812135],
            [-77.580575401497299, 42.716116021468864],
            [-77.58062051907072, 42.715844860315144]
          ],
          [
            [-77.580695715031013, 42.715392925031438],
            [-77.580667561809477, 42.715393559789305],
            [-77.580673156916959, 42.715528501565593],
            [-77.580695715031013, 42.715392925031438]
          ],
          [
            [-77.580932489485619, 42.714307010487133],
            [-77.580866798239342, 42.714308491707953],
            [-77.58089291066824, 42.714938238902825],
            [-77.580932489485619, 42.714307010487133]
          ],
          [
            [-77.580838821572272, 42.713633762119649],
            [-77.580844416825101, 42.713768708332466],
            [-77.580966414187657, 42.713765957536701],
            [-77.580838821572272, 42.713633762119649]
          ],
          [
            [-77.580832860045149, 42.712508296681506],
            [-77.58079219592193, 42.712509213554235],
            [-77.580793128393353, 42.712531704127855],
            [-77.580832860045149, 42.712508296681506]
          ],
          [
            [-77.580991789672197, 42.71241466511696],
            [-77.580910460710697, 42.712416498962234],
            [-77.580912325744166, 42.712461480377556],
            [-77.580991789672197, 42.71241466511696]
          ],
          [
            [-77.581150719662602, 42.712321033338348],
            [-77.581028725147789, 42.712323784255986],
            [-77.581031522833925, 42.712391256781046],
            [-77.581150719662602, 42.712321033338348]
          ],
          [
            [-77.581616309986813, 42.711770245157112],
            [-77.581494317619757, 42.711772996519144],
            [-77.581498048452389, 42.711862959265076],
            [-77.581616309986813, 42.711770245157112]
          ],
          [
            [-77.58173457317946, 42.711677529749153],
            [-77.581612579981083, 42.711680281255468],
            [-77.581616310979769, 42.711770244378663],
            [-77.58173457317946, 42.711677529749153]
          ],
          [
            [-77.581792172623082, 42.711496134497615],
            [-77.581727110819173, 42.711497602004258],
            [-77.58173457317946, 42.711677529749153],
            [-77.581792172623082, 42.711496134497615]
          ],
          [
            [-77.581878571799564, 42.71122404158551],
            [-77.581837909709265, 42.711224958781237],
            [-77.581842573653987, 42.711337408872808],
            [-77.581878571799564, 42.71122404158551]
          ],
          [
            [-77.581993770738805, 42.710861250918704],
            [-77.581944976278038, 42.710862351597136],
            [-77.581950573158494, 42.710997291051271],
            [-77.581993770738805, 42.710861250918704]
          ],
          [
            [-77.582080169968407, 42.710589157839308],
            [-77.58205577320777, 42.710589708191172],
            [-77.582058571670203, 42.710657176356314],
            [-77.582080169968407, 42.710589157839308]
          ],
          [
            [-77.582153508530965, 42.710002190032057],
            [-77.582159105966454, 42.710137136965486],
            [-77.582281096090199, 42.710134384956625],
            [-77.582153508530965, 42.710002190032057]
          ],
          [
            [-77.582025921547626, 42.709869995704189],
            [-77.582029652992574, 42.709959961094142],
            [-77.582110980729595, 42.709958126492261],
            [-77.582025921547626, 42.709869995704189]
          ],
          [
            [-77.58189833514021, 42.709737801973034],
            [-77.581900200773319, 42.709782785051829],
            [-77.581940865135749, 42.709781867786234],
            [-77.58189833514021, 42.709737801973034]
          ],
          [
            [-77.581626375658857, 42.709068576789655],
            [-77.581637567838044, 42.7093384685407],
            [-77.58169856248719, 42.709337092826821],
            [-77.581626375658857, 42.709068576789655]
          ],
          [
            [-77.582562507093513, 42.706616161341181],
            [-77.58237953597235, 42.706620289546308],
            [-77.582381135145724, 42.706658844750564],
            [-77.582562507093513, 42.706616161341181]
          ],
          [
            [-77.582985719542521, 42.706516564074704],
            [-77.582741753581672, 42.706522069090433],
            [-77.582743886114812, 42.706573476267145],
            [-77.582985719542521, 42.706516564074704]
          ],
          [
            [-77.583063308816847, 42.706424765087071],
            [-77.582981987220322, 42.706426600210555],
            [-77.582985719542521, 42.706516564074704],
            [-77.583063308816847, 42.706424765087071]
          ],
          [
            [-77.583218487464933, 42.70624116699414],
            [-77.583096505054684, 42.706243919800585],
            [-77.583102103748885, 42.706378865244368],
            [-77.583218487464933, 42.70624116699414]
          ],
          [
            [-77.583070378288156, 42.705614172741271],
            [-77.583085307766268, 42.705974028213824],
            [-77.583155012107156, 42.705972455187137],
            [-77.583070378288156, 42.705614172741271]
          ],
          [
            [-77.582903612410462, 42.70453735867514],
            [-77.582922272394399, 42.704987178155619],
            [-77.582998510335372, 42.704985457797648],
            [-77.582903612410462, 42.70453735867514]
          ],
          [
            [-77.58308036484199, 42.704173177667371],
            [-77.583010663116212, 42.70417475058192],
            [-77.583025591498142, 42.704534606162134],
            [-77.58308036484199, 42.704173177667371]
          ],
          [
            [-77.583357935438897, 42.703716672983852],
            [-77.583235957984428, 42.7037194258086],
            [-77.583239690320596, 42.703809389502055],
            [-77.583357935438897, 42.703716672983852]
          ],
          [
            [-77.583447144996626, 42.69930230040174],
            [-77.583419000994311, 42.699302935601771],
            [-77.58342040039534, 42.699336669403678],
            [-77.583447144996626, 42.69930230040174]
          ],
          [
            [-77.583589794231514, 42.699118984457826],
            [-77.583533505438766, 42.699120254931422],
            [-77.583536304378697, 42.699187723297314],
            [-77.583589794231514, 42.699118984457826]
          ],
          [
            [-77.583732443603012, 42.698935668338372],
            [-77.583648009231737, 42.698937574159096],
            [-77.583652207848431, 42.699038777850987],
            [-77.583732443603012, 42.698935668338372]
          ],
          [
            [-77.583803768342946, 42.698844010208994],
            [-77.583766244821319, 42.698844857214347],
            [-77.583768110800492, 42.698889833069934],
            [-77.583803768342946, 42.698844010208994]
          ],
          [
            [-77.583946417931244, 42.698660693810922],
            [-77.583880747452781, 42.698662176232752],
            [-77.583884013253211, 42.698740888930558],
            [-77.583946417931244, 42.698660693810922]
          ],
          [
            [-77.584089067656137, 42.698477377237303],
            [-77.583995249432803, 42.698479495149165],
            [-77.583999915188258, 42.698591945456428],
            [-77.584089067656137, 42.698477377237303]
          ],
          [
            [-77.584231717517625, 42.698294060488159],
            [-77.584109750761357, 42.698296813963609],
            [-77.584115816609739, 42.698443002642286],
            [-77.584231717517625, 42.698294060488159]
          ],
          [
            [-77.584268491252956, 42.697842989331164],
            [-77.584213052448206, 42.697844240945265],
            [-77.584231717517625, 42.698294060488159],
            [-77.584268491252956, 42.697842989331164]
          ],
          [
            [-77.584219298989893, 42.695052605545683],
            [-77.584286488848349, 42.69667195648686],
            [-77.584374304585793, 42.696669973864829],
            [-77.584219298989893, 42.695052605545683]
          ],
          [
            [-77.584489357418079, 42.694416170831808],
            [-77.584437089416582, 42.694417350951809],
            [-77.584448288035304, 42.694687242796817],
            [-77.584489357418079, 42.694416170831808]
          ],
          [
            [-77.584723339126441, 42.689548281740713],
            [-77.5847718646977, 42.690717813692572],
            [-77.584819909968033, 42.690716728784579],
            [-77.584723339126441, 42.689548281740713]
          ],
          [
            [-77.584931648920914, 42.689273433050779],
            [-77.584834090381108, 42.689275636060088],
            [-77.584839067380386, 42.689395587245173],
            [-77.584931648920914, 42.689273433050779]
          ],
          [
            [-77.585070522267884, 42.689090200392059],
            [-77.584948573601025, 42.689092954285577],
            [-77.584954795080606, 42.689242893480213],
            [-77.585070522267884, 42.689090200392059]
          ],
          [
            [-77.58513896194566, 42.688638413310528],
            [-77.585051857151143, 42.688640380422093],
            [-77.585070522267884, 42.689090200392059],
            [-77.58513896194566, 42.688638413310528]
          ],
          [
            [-77.585207401631763, 42.688186626173916],
            [-77.585155139356146, 42.688187806473053],
            [-77.585166338507804, 42.688457693916213],
            [-77.585207401631763, 42.688186626173916]
          ],
          [
            [-77.585498578658147, 42.687639760020829],
            [-77.585376632869696, 42.68764251429517],
            [-77.585380366197711, 42.687732478089991],
            [-77.585498578658147, 42.687639760020829]
          ],
          [
            [-77.585548350687631, 42.687368490881703],
            [-77.585487378251514, 42.687369868066575],
            [-77.585498578658147, 42.687639760020829],
            [-77.585548350687631, 42.687368490881703]
          ],
          [
            [-77.585952754561276, 42.686819066028832],
            [-77.585830810421839, 42.686821820744299],
            [-77.585834544290293, 42.686911784331137],
            [-77.585952754561276, 42.686819066028832]
          ],
          [
            [-77.586170502450287, 42.686183808548137],
            [-77.586048559574351, 42.686186563462591],
            [-77.586054160745846, 42.686321509051581],
            [-77.586170502450287, 42.686183808548137]
          ],
          [
            [-77.586276867512623, 42.684650583789477],
            [-77.586228962140268, 42.68465166613128],
            [-77.58627003891938, 42.685641269780923],
            [-77.586276867512623, 42.684650583789477]
          ],
          [
            [-77.585880542488155, 42.682138183287137],
            [-77.585891742548014, 42.68240807540483],
            [-77.585952710642601, 42.682406698120879],
            [-77.585880542488155, 42.682138183287137]
          ],
          [
            [-77.585618007819448, 42.681693871439407],
            [-77.585621740718366, 42.681783835701765],
            [-77.585743675025157, 42.681781081469033],
            [-77.585618007819448, 42.681693871439407]
          ],
          [
            [-77.585314419218363, 42.680259905339227],
            [-77.585340547341332, 42.680889702864526],
            [-77.585397452803448, 42.680888417636098],
            [-77.585314419218363, 42.680259905339227]
          ],
          [
            [-77.58513651026179, 42.678913245830138],
            [-77.585181293494571, 42.679992815453964],
            [-77.585278842576741, 42.679990612417363],
            [-77.58513651026179, 42.678913245830138]
          ],
          [
            [-77.584703563189791, 42.677302150205271],
            [-77.584707294196463, 42.677392114601709],
            [-77.584829220004465, 42.677389361569134],
            [-77.584703563189791, 42.677302150205271]
          ],
          [
            [-77.584026795364608, 42.675696556900824],
            [-77.584034255024747, 42.675876485447247],
            [-77.584095216692148, 42.675875109323457],
            [-77.584026795364608, 42.675696556900824]
          ],
          [
            [-77.583903007970164, 42.675654326752266],
            [-77.583904872788665, 42.675699308991959],
            [-77.584026795364608, 42.675696556900824],
            [-77.583903007970164, 42.675654326752266]
          ],
          [
            [-77.583647975185841, 42.675389937624772],
            [-77.583649839803158, 42.675434919875599],
            [-77.583771761886794, 42.675432168069555],
            [-77.583647975185841, 42.675389937624772]
          ],
          [
            [-77.583392944593086, 42.675125547860283],
            [-77.583394809009235, 42.675170530122244],
            [-77.583516730600593, 42.675167778601278],
            [-77.583392944593086, 42.675125547860283]
          ],
          [
            [-77.583134809163582, 42.674786186646678],
            [-77.58313978040691, 42.674906139731931],
            [-77.583261701505961, 42.674903388496055],
            [-77.583134809163582, 42.674786186646678]
          ],
          [
            [-77.583007917314461, 42.674668985252907],
            [-77.583010402815034, 42.67472896211698],
            [-77.58307136389611, 42.674727586556699],
            [-77.583007917314461, 42.674668985252907]
          ],
          [
            [-77.582881025976491, 42.674551784331236],
            [-77.582884753996083, 42.674641748704659],
            [-77.582976194975018, 42.674639685479733],
            [-77.582881025976491, 42.674551784331236]
          ],
          [
            [-77.582634389282433, 42.674489811528474],
            [-77.582637185062666, 42.674557285826772],
            [-77.582881025976491, 42.674551784331236],
            [-77.582634389282433, 42.674489811528474]
          ],
          [
            [-77.582387753082756, 42.674427838849937],
            [-77.582389616779921, 42.674472822394279],
            [-77.582552181300244, 42.674469154995244],
            [-77.582387753082756, 42.674427838849937]
          ],
          [
            [-77.58189448216649, 42.674303893865513],
            [-77.581898208730806, 42.674393858312833],
            [-77.582223332730564, 42.674386524680948],
            [-77.58189448216649, 42.674303893865513]
          ],
          [
            [-77.581166687069356, 42.674410354918869],
            [-77.581532447976997, 42.67440210719915],
            [-77.581530584932551, 42.674357124346166],
            [-77.581166687069356, 42.674410354918869]
          ],
          [
            [-77.581007849839409, 42.674503984695292],
            [-77.581170412597785, 42.674500319416147],
            [-77.581166687069356, 42.674410354918869],
            [-77.581007849839409, 42.674503984695292]
          ],
          [
            [-77.580849012819229, 42.674597614348073],
            [-77.580930296750765, 42.674595781777867],
            [-77.580928434086218, 42.674550797896579],
            [-77.580849012819229, 42.674597614348073]
          ],
          [
            [-77.580531340172556, 42.674784872832092],
            [-77.58069390502817, 42.674781208180462],
            [-77.580690180150455, 42.674691243653818],
            [-77.580812101064964, 42.674688495036214],
            [-77.580809307203793, 42.674621019615827],
            [-77.580531340172556, 42.674784872832092]
          ],
          [
            [-77.580372504393168, 42.674878501753454],
            [-77.580453787340701, 42.674876669586169],
            [-77.580451925001526, 42.674831685690201],
            [-77.580372504393168, 42.674878501753454]
          ],
          [
            [-77.579223405089081, 42.674634252323074],
            [-77.579234573404193, 42.674904146212583],
            [-77.579326014666393, 42.67490208589949],
            [-77.579223405089081, 42.674634252323074]
          ],
          [
            [-77.578404423920617, 42.672536559469215],
            [-77.578406284641517, 42.672581543747199],
            [-77.578423702088031, 42.67258115143386],
            [-77.578404423920617, 42.672536559469215]
          ],
          [
            [-77.578269483251205, 42.672224430757517],
            [-77.578276925398598, 42.672404360229976],
            [-77.578346592676979, 42.67240279111271],
            [-77.578269483251205, 42.672224430757517]
          ],
          [
            [-77.578144466148714, 42.672152205123417],
            [-77.578147566908811, 42.672227176542044],
            [-77.578269483251205, 42.672224430757517],
            [-77.578144466148714, 42.672152205123417]
          ],
          [
            [-77.578019449346172, 42.672079979662605],
            [-77.578021929852198, 42.672139957441019],
            [-77.578119464275858, 42.672137760890713],
            [-77.578019449346172, 42.672079979662605]
          ],
          [
            [-77.57789443284355, 42.672007754375066],
            [-77.577896293146551, 42.672052738191518],
            [-77.577969444976603, 42.672051090836774],
            [-77.57789443284355, 42.672007754375066]
          ],
          [
            [-77.577769416640891, 42.671935529260821],
            [-77.57777065679187, 42.671965518793542],
            [-77.577819425353425, 42.6719644205957],
            [-77.577769416640891, 42.671935529260821]
          ],
          [
            [-77.577519385135332, 42.67179107955215],
            [-77.577523105062284, 42.671881044349178],
            [-77.57766940531971, 42.671877750117446],
            [-77.577519385135332, 42.67179107955215]
          ],
          [
            [-77.577152150528306, 42.671763325702393],
            [-77.577153638381859, 42.671799314055008],
            [-77.577519385135332, 42.67179107955215],
            [-77.577152150528306, 42.671763325702393]
          ],
          [
            [-77.575928037478363, 42.671670813044202],
            [-77.575930763799207, 42.671736789062813],
            [-77.57660132145034, 42.671721696653336],
            [-77.575928037478363, 42.671670813044202]
          ],
          [
            [-77.575557582720094, 42.671565087800431],
            [-77.575557582753447, 42.671565088607828],
            [-77.575557583847583, 42.671565088583208],
            [-77.575557582720094, 42.671565087800431]
          ],
          [
            [-77.575431950513845, 42.671477865311388],
            [-77.575431950563882, 42.671477866522451],
            [-77.575431952205037, 42.671477866485532],
            [-77.575431950513845, 42.671477865311388]
          ],
          [
            [-77.575306318675203, 42.671390643077558],
            [-77.575306318725239, 42.671390644288621],
            [-77.575306320366408, 42.671390644251701],
            [-77.575306318675203, 42.671390643077558]
          ],
          [
            [-77.575180687204195, 42.671303421098962],
            [-77.575180687237548, 42.671303421906337],
            [-77.575180688331656, 42.671303421881724],
            [-77.575180687204195, 42.671303421098962]
          ],
          [
            [-77.574796363080708, 42.670861823060356],
            [-77.574800078984168, 42.670951788866013],
            [-77.574921993155073, 42.670949046709779],
            [-77.574925709226505, 42.671039011703932],
            [-77.575047623555832, 42.671036269409484],
            [-77.574796363080708, 42.670861823060356]
          ],
          [
            [-77.574670733381353, 42.670774600259463],
            [-77.574670733406364, 42.670774600864974],
            [-77.574670734226913, 42.670774600846521],
            [-77.574670733381353, 42.670774600259463]
          ],
          [
            [-77.57441328292191, 42.670450212448372],
            [-77.57441575977704, 42.670510189389489],
            [-77.574537673121753, 42.670507447664981],
            [-77.57441328292191, 42.670450212448372]
          ],
          [
            [-77.574288892954954, 42.670392977338913],
            [-77.57429013132348, 42.670422965937263],
            [-77.574351088456382, 42.670421595131963],
            [-77.574288892954954, 42.670392977338913]
          ],
          [
            [-77.573911390783437, 42.670116311271627],
            [-77.573913248068337, 42.670161294689912],
            [-77.574157073473316, 42.670155812216755],
            [-77.573911390783437, 42.670116311271627]
          ],
          [
            [-77.573420026333025, 42.670037309530784],
            [-77.573421883258476, 42.670082292967066],
            [-77.573665713383292, 42.670076811176983],
            [-77.573420026333025, 42.670037309530784]
          ],
          [
            [-77.573048718833178, 42.669910583233992],
            [-77.573048718858175, 42.669910583839467],
            [-77.573048719678653, 42.669910583821029],
            [-77.573048718833178, 42.669910583233992]
          ],
          [
            [-77.572923093461455, 42.669823357988122],
            [-77.572923093494779, 42.669823358795419],
            [-77.572923094588745, 42.669823358770834],
            [-77.572923093461455, 42.669823357988122]
          ],
          [
            [-77.57279746845731, 42.669736132997464],
            [-77.572797468482293, 42.669736133602946],
            [-77.572797469302785, 42.669736133584507],
            [-77.57279746845731, 42.669736132997464]
          ],
          [
            [-77.572541764451898, 42.669453721501547],
            [-77.572542507062153, 42.669471717587001],
            [-77.572553591670896, 42.669471468486179],
            [-77.572541764451898, 42.669453721501547]
          ],
          [
            [-77.572411685982757, 42.669258536091071],
            [-77.572413171056496, 42.669294526741339],
            [-77.572435339436737, 42.669294028583828],
            [-77.572411685982757, 42.669258536091071]
          ],
          [
            [-77.572281608413277, 42.669063352030541],
            [-77.572283835803745, 42.669117335725069],
            [-77.572317087118307, 42.669116588555006],
            [-77.572281608413277, 42.669063352030541]
          ],
          [
            [-77.572151531736139, 42.668868169309015],
            [-77.572154501303899, 42.668940144538183],
            [-77.572198834715579, 42.668939148399694],
            [-77.572151531736139, 42.668868169309015]
          ],
          [
            [-77.572021455964091, 42.66867298794557],
            [-77.572028879166851, 42.668852918414117],
            [-77.572139708489388, 42.668850428284792],
            [-77.572021455964091, 42.66867298794557]
          ],
          [
            [-77.57189650929871, 42.668602117412327],
            [-77.571899545963291, 42.668675726897945],
            [-77.572021455964091, 42.66867298794557],
            [-77.57189650929871, 42.668602117412327]
          ],
          [
            [-77.571771562927111, 42.668531247045713],
            [-77.571773924720532, 42.66858850046679],
            [-77.57186874655379, 42.668586370209056],
            [-77.571771562927111, 42.668531247045713]
          ],
          [
            [-77.571646616849236, 42.668460376845708],
            [-77.571648303828667, 42.668501273887209],
            [-77.571716036803693, 42.668499752279821],
            [-77.571646616849236, 42.668460376845708]
          ],
          [
            [-77.571521671065142, 42.668389506812332],
            [-77.571522683287711, 42.66841404715921],
            [-77.571563326713829, 42.668413134157859],
            [-77.571521671065142, 42.668389506812332]
          ],
          [
            [-77.571396725574772, 42.668318636945564],
            [-77.571397063097635, 42.668326820282793],
            [-77.571410616284183, 42.668326515843169],
            [-77.571396725574772, 42.668318636945564]
          ],
          [
            [-77.570896946561916, 42.668035159150953],
            [-77.570898295723964, 42.668067876618657],
            [-77.570952482785088, 42.66806665964549],
            [-77.570896946561916, 42.668035159150953]
          ],
          [
            [-77.570647058818722, 42.667893421253765],
            [-77.570650768328463, 42.667983386598266],
            [-77.570799770910568, 42.667980040511267],
            [-77.570647058818722, 42.667893421253765]
          ],
          [
            [-77.569304363500137, 42.667882282593524],
            [-77.569306063183802, 42.667923526072556],
            [-77.570647058818722, 42.667893421253765],
            [-77.569304363500137, 42.667882282593524]
          ],
          [
            [-77.56734811061493, 42.667787348574144],
            [-77.567348110910459, 42.667787355750868],
            [-77.567348140082842, 42.667787355096586],
            [-77.56734811061493, 42.667787348574144]
          ],
          [
            [-77.566978679980323, 42.667705578638085],
            [-77.566978680512207, 42.667705591556178],
            [-77.566978733023205, 42.667705590378624],
            [-77.566978679980323, 42.667705578638085]
          ],
          [
            [-77.566609250321633, 42.667623808918044],
            [-77.566609251030698, 42.667623826142105],
            [-77.566609321046158, 42.667623824572239],
            [-77.566609250321633, 42.667623808918044]
          ],
          [
            [-77.566239821638803, 42.667542039413995],
            [-77.566239822465917, 42.667542059508676],
            [-77.566239904151573, 42.667542057677409],
            [-77.566239821638803, 42.667542039413995]
          ],
          [
            [-77.565870393931846, 42.667460270125943],
            [-77.565870394817907, 42.6674602916559],
            [-77.565870482339278, 42.667460289694084],
            [-77.565870393931846, 42.667460270125943]
          ],
          [
            [-77.56550096720072, 42.667378501053889],
            [-77.565500968086653, 42.667378522583782],
            [-77.565501055609062, 42.667378520622229],
            [-77.56550096720072, 42.667378501053889]
          ],
          [
            [-77.565131541445439, 42.667296732197826],
            [-77.565131542272184, 42.667296752292337],
            [-77.565131623960738, 42.667296750461794],
            [-77.565131541445439, 42.667296732197826]
          ],
          [
            [-77.564638975291601, 42.66718770739282],
            [-77.564640209528619, 42.667217711933723],
            [-77.56476218659445, 42.667214979035748],
            [-77.564638975291601, 42.66718770739282]
          ],
          [
            [-77.564269551813254, 42.667105939040731],
            [-77.564270785672292, 42.667135938806318],
            [-77.564392745376011, 42.667133206757065],
            [-77.564269551813254, 42.667105939040731]
          ],
          [
            [-77.563653848182568, 42.666969658933468],
            [-77.563657547488148, 42.667059624785807],
            [-77.564023297905706, 42.667051433094585],
            [-77.563653848182568, 42.666969658933468]
          ],
          [
            [-77.560787696777254, 42.667213905670685],
            [-77.560979270780564, 42.667209620199777],
            [-77.560975575317755, 42.667119654161226],
            [-77.56109748332176, 42.667116926913991],
            [-77.561093787700443, 42.667026960882311],
            [-77.560787696777254, 42.667213905670685]
          ],
          [
            [-77.56063465173844, 42.667307377806658],
            [-77.560739149499696, 42.667305040376483],
            [-77.560736685976522, 42.667245060476745],
            [-77.56063465173844, 42.667307377806658]
          ],
          [
            [-77.560481607202391, 42.667400849635577],
            [-77.560620936064353, 42.667397733312797],
            [-77.560617651530777, 42.667317760669995],
            [-77.560481607202391, 42.667400849635577]
          ],
          [
            [-77.560328562837725, 42.667494321359811],
            [-77.560380813487569, 42.667493152768316],
            [-77.560379581838163, 42.66746316154579],
            [-77.560328562837725, 42.667494321359811]
          ],
          [
            [-77.560175518975811, 42.667587792776999],
            [-77.560262599158037, 42.667585845355177],
            [-77.560260546589447, 42.667535862229457],
            [-77.560175518975811, 42.667587792776999]
          ],
          [
            [-77.557336251259088, 42.667638389357698],
            [-77.557336778484725, 42.667651242772159],
            [-77.557367258135884, 42.667650561853947],
            [-77.557336251259088, 42.667638389357698]
          ],
          [
            [-77.557088215428166, 42.66754101691869],
            [-77.557089269738654, 42.667566722882597],
            [-77.557150227408215, 42.667565361214926],
            [-77.557088215428166, 42.66754101691869]
          ],
          [
            [-77.556716163164268, 42.667394958842152],
            [-77.556719852520374, 42.667484925175849],
            [-77.556933195503021, 42.667480160113641],
            [-77.556716163164268, 42.667394958842152]
          ],
          [
            [-77.555942681033017, 42.667502279571821],
            [-77.55598839742558, 42.667501258876122],
            [-77.555984709122157, 42.667411292491309],
            [-77.555942681033017, 42.667502279571821]
          ],
          [
            [-77.555858624859312, 42.667684253722967],
            [-77.555873864490565, 42.667683913487551],
            [-77.555872635034277, 42.667653922938385],
            [-77.555858624859312, 42.667684253722967]
          ],
          [
            [-77.555732540663257, 42.667957214810045],
            [-77.555763018941633, 42.667956534390221],
            [-77.555760560189015, 42.667896555025152],
            [-77.555732540663257, 42.667957214810045]
          ],
          [
            [-77.555354769016262, 42.668415891582008],
            [-77.555415726240014, 42.668414530910944],
            [-77.555413513628309, 42.668360549610398],
            [-77.555354769016262, 42.668415891582008]
          ],
          [
            [-77.555256864008598, 42.668508125677434],
            [-77.555297502595991, 42.668507218595408],
            [-77.555296027561866, 42.668471230578859],
            [-77.555256864008598, 42.668508125677434]
          ],
          [
            [-77.555061054255191, 42.668692593621572],
            [-77.555182965896236, 42.668689872588253],
            [-77.55517854111234, 42.668581911908205],
            [-77.555061054255191, 42.668692593621572]
          ],
          [
            [-77.554850412602661, 42.669507733257753],
            [-77.554972325856696, 42.669505012406994],
            [-77.554966795222754, 42.669370062411481],
            [-77.554850412602661, 42.669507733257753]
          ],
          [
            [-77.554643452674938, 42.670412838979686],
            [-77.554765367717522, 42.670410118302989],
            [-77.554761680803324, 42.670320151683043],
            [-77.554643452674938, 42.670412838979686]
          ],
          [
            [-77.554536283272668, 42.6707754252947],
            [-77.554536284039557, 42.67077542527759],
            [-77.554536284016365, 42.670775424711678],
            [-77.554536283272668, 42.6707754252947]
          ],
          [
            [-77.554418053711558, 42.670868112193958],
            [-77.554418054734072, 42.670868112171142],
            [-77.554418054703149, 42.670868111416588],
            [-77.554418053711558, 42.670868112193958]
          ],
          [
            [-77.554181595070219, 42.671053485615467],
            [-77.554303511408804, 42.671050765397638],
            [-77.554299825062671, 42.670960798378069],
            [-77.554181595070219, 42.671053485615467]
          ],
          [
            [-77.55411227414136, 42.671595324422633],
            [-77.554203712359538, 42.671593284314532],
            [-77.554181595070219, 42.671053485615467],
            [-77.55411227414136, 42.671595324422633]
          ],
          [
            [-77.553970934067635, 42.671868623870019],
            [-77.553970935345859, 42.671868623841505],
            [-77.55397093530722, 42.67186862289828],
            [-77.553970934067635, 42.671868623870019]
          ],
          [
            [-77.553852701130339, 42.671961310257231],
            [-77.553852703175522, 42.671961310211607],
            [-77.553852703113691, 42.671961308702421],
            [-77.553852701130339, 42.671961310257231]
          ],
          [
            [-77.553734468353369, 42.672053996518756],
            [-77.553734470654206, 42.672053996467433],
            [-77.553734470584644, 42.672053994769591],
            [-77.553734468353369, 42.672053996518756]
          ],
          [
            [-77.553379770984336, 42.672332054549301],
            [-77.553501689898127, 42.672329335119613],
            [-77.55349800455862, 42.672239368636276],
            [-77.553619923279996, 42.672236649085477],
            [-77.553616237728306, 42.672146681093345],
            [-77.553379770984336, 42.672332054549301]
          ],
          [
            [-77.553329866662267, 42.672603313681712],
            [-77.553390826577825, 42.672601954014738],
            [-77.553379770984336, 42.672332054549301],
            [-77.553329866662267, 42.672603313681712]
          ],
          [
            [-77.553149532539237, 42.67296753050541],
            [-77.553161727270606, 42.672967258534882],
            [-77.553161392208168, 42.67295907808569],
            [-77.553149532539237, 42.67296753050541]
          ],
          [
            [-77.552758244473225, 42.673246402620961],
            [-77.552928940710288, 42.673242596138444],
            [-77.552925256079206, 42.673152629629314],
            [-77.553047176640078, 42.673149910641527],
            [-77.553042821774852, 42.673043583570148],
            [-77.552758244473225, 42.673246402620961]
          ],
          [
            [-77.552627815468966, 42.673339359742599],
            [-77.552688783483802, 42.673338000266646],
            [-77.552687108597354, 42.673297101361655],
            [-77.552627815468966, 42.673339359742599]
          ],
          [
            [-77.552497386734387, 42.673432316672034],
            [-77.552570546659581, 42.673430685413884],
            [-77.552568536923573, 42.673381607730207],
            [-77.552497386734387, 42.673432316672034]
          ],
          [
            [-77.552366958213, 42.673525273449535],
            [-77.552452309484352, 42.673523370446844],
            [-77.552449964941346, 42.673466114318579],
            [-77.552366958213, 42.673525273449535]
          ],
          [
            [-77.552236529904803, 42.673618230075078],
            [-77.552334071958128, 42.6736160553655],
            [-77.552331392650672, 42.673550621126772],
            [-77.552236529904803, 42.673618230075078]
          ],
          [
            [-77.552106101809827, 42.673711186548672],
            [-77.552215834080883, 42.673708740169886],
            [-77.552212820051565, 42.6736351281548],
            [-77.552106101809827, 42.673711186548672]
          ],
          [
            [-77.551975673928013, 42.673804142870338],
            [-77.552097595852629, 42.673801424859981],
            [-77.552094247144012, 42.673719635402655],
            [-77.551975673928013, 42.673804142870338]
          ],
          [
            [-77.551824159876119, 42.674077666412217],
            [-77.551864801546714, 42.674076760467905],
            [-77.551863880729144, 42.674054268418416],
            [-77.551824159876119, 42.674077666412217]
          ],
          [
            [-77.551665279479607, 42.674171256611068],
            [-77.5517465621068, 42.674169444821963],
            [-77.55174472056207, 42.674124460990789],
            [-77.551665279479607, 42.674171256611068]
          ],
          [
            [-77.551506399446083, 42.674264846596088],
            [-77.551628322315864, 42.674262129061724],
            [-77.551625560134383, 42.674194653716683],
            [-77.551506399446083, 42.674264846596088]
          ],
          [
            [-77.551365042280722, 42.674538143144929],
            [-77.551395524266979, 42.674537463794621],
            [-77.551394787726011, 42.674519469895152],
            [-77.551365042280722, 42.674538143144929]
          ],
          [
            [-77.551216319948111, 42.67463150632161],
            [-77.551277283264341, 42.674630147698323],
            [-77.551275810257735, 42.674594160186764],
            [-77.551216319948111, 42.67463150632161]
          ],
          [
            [-77.551067597920749, 42.674724869306672],
            [-77.55115904191068, 42.674722831487742],
            [-77.551156832513755, 42.674668850651457],
            [-77.551067597920749, 42.674724869306672]
          ],
          [
            [-77.550918876198651, 42.674818232100094],
            [-77.551040800205982, 42.674815515162848],
            [-77.551037854494055, 42.674743541289232],
            [-77.550918876198651, 42.674818232100094]
          ],
          [
            [-77.55068607298567, 42.675093565502365],
            [-77.550807997553335, 42.675090848798881],
            [-77.550806156644427, 42.675045865387318],
            [-77.55068607298567, 42.675093565502365]
          ],
          [
            [-77.55058088841885, 42.675276006434039],
            [-77.550693436305025, 42.675273498771787],
            [-77.55068607298567, 42.675093565502365],
            [-77.55058088841885, 42.675276006434039]
          ],
          [
            [-77.550475703909399, 42.67545844726618],
            [-77.550578874405304, 42.675456148642368],
            [-77.550572124830296, 42.675291206736787],
            [-77.550475703909399, 42.67545844726618]
          ],
          [
            [-77.550370519457346, 42.675640887998782],
            [-77.550464311854157, 42.675638798410624],
            [-77.550458176026396, 42.675488849096048],
            [-77.550370519457346, 42.675640887998782]
          ],
          [
            [-77.550317927252109, 42.675732108329029],
            [-77.550346067408682, 42.675731481427221],
            [-77.550344226570033, 42.675686492587019],
            [-77.550317927252109, 42.675732108329029]
          ],
          [
            [-77.550212742883218, 42.675914548917397],
            [-77.550231503696423, 42.67591413098566],
            [-77.550230276470401, 42.675884137193705],
            [-77.550212742883218, 42.675914548917397]
          ],
          [
            [-77.550107558571696, 42.676096989406233],
            [-77.550116939332725, 42.676096780441767],
            [-77.550116325718278, 42.676081782932158],
            [-77.550107558571696, 42.676096989406233]
          ],
          [
            [-77.549884125434673, 42.676372112432325],
            [-77.549884127991959, 42.676372112375368],
            [-77.549884127914765, 42.676372110488458],
            [-77.549884125434673, 42.676372112432325]
          ],
          [
            [-77.549765876712172, 42.676464794943406],
            [-77.549765881315281, 42.676464794840882],
            [-77.549765881176327, 42.676464791444424],
            [-77.549765876712172, 42.676464794943406]
          ],
          [
            [-77.54870164542703, 42.677298931886128],
            [-77.548823574494492, 42.67729621718253],
            [-77.548819895263364, 42.677206250449508],
            [-77.54894182413841, 42.677203535624756],
            [-77.548938144748618, 42.677113568898555],
            [-77.549060073431235, 42.677110853952662],
            [-77.549056393882779, 42.677020887233276],
            [-77.549178322372967, 42.677018172166221],
            [-77.549174642665889, 42.676928205453677],
            [-77.549296570963648, 42.676925490265475],
            [-77.549292891097892, 42.676835523559767],
            [-77.54941481920325, 42.676832808250424],
            [-77.549411139178844, 42.676742841551516],
            [-77.549533067091772, 42.676740126121018],
            [-77.549529386908731, 42.676650159428959],
            [-77.549651314629244, 42.676647443877329],
            [-77.549647634110499, 42.676557472657016],
            [-77.54870164542703, 42.677298931886128]
          ],
          [
            [-77.548406504377326, 42.677755745785518],
            [-77.548476181017207, 42.677754194671827],
            [-77.548473728420745, 42.677694214975652],
            [-77.548406504377326, 42.677755745785518]
          ],
          [
            [-77.548305671500131, 42.677848039082384],
            [-77.548357929651615, 42.677846875785924],
            [-77.548356090251048, 42.677801890317461],
            [-77.548305671500131, 42.677848039082384]
          ],
          [
            [-77.54800317344835, 42.678124918442244],
            [-77.548125104196956, 42.678122204440051],
            [-77.548121425867194, 42.67803223767114],
            [-77.548243356423399, 42.678029523547799],
            [-77.548238451707263, 42.677909566001681],
            [-77.54800317344835, 42.678124918442244]
          ],
          [
            [-77.547861791229508, 42.678398211163824],
            [-77.547892276720106, 42.678397532662451],
            [-77.547891541060906, 42.67837953800143],
            [-77.547861791229508, 42.678398211163824]
          ],
          [
            [-77.547713052956979, 42.678491570143926],
            [-77.547774023281718, 42.678490213218517],
            [-77.547772552038637, 42.678454224183895],
            [-77.547713052956979, 42.678491570143926]
          ],
          [
            [-77.547564314989785, 42.678584928932374],
            [-77.547655769492209, 42.678582893660256],
            [-77.547653562740607, 42.678528910539455],
            [-77.547564314989785, 42.678584928932374]
          ],
          [
            [-77.547415577435373, 42.678678287461736],
            [-77.547537515351593, 42.678675573987654],
            [-77.547534573166786, 42.678603597068111],
            [-77.547415577435373, 42.678678287461736]
          ],
          [
            [-77.547266840025245, 42.678771645900525],
            [-77.547297328781141, 42.678770967484454],
            [-77.547296593195156, 42.678752970642634],
            [-77.547266840025245, 42.678771645900525]
          ],
          [
            [-77.547118103027842, 42.678865004080258],
            [-77.547179073745895, 42.678863647462016],
            [-77.547177602797333, 42.678827657688501],
            [-77.547118103027842, 42.678865004080258]
          ],
          [
            [-77.54696936633583, 42.678958362068315],
            [-77.547060818359526, 42.678956327325224],
            [-77.547058612123735, 42.67890234490747],
            [-77.54696936633583, 42.678958362068315]
          ],
          [
            [-77.546820629949181, 42.679051719864702],
            [-77.54694256262205, 42.679049007074084],
            [-77.546939621174346, 42.678977032299535],
            [-77.546820629949181, 42.679051719864702]
          ],
          [
            [-77.546758306678612, 42.679233203662157],
            [-77.546827983134619, 42.67923165355085],
            [-77.546820629949181, 42.679051719864702],
            [-77.546758306678612, 42.679233203662157]
          ],
          [
            [-77.546664821788625, 42.679505429312151],
            [-77.546717079471748, 42.67950426677092],
            [-77.546711564723893, 42.67936931505951],
            [-77.546664821788625, 42.679505429312151]
          ],
          [
            [-77.546362306617667, 42.67978230470667],
            [-77.546484240762496, 42.679779592366756],
            [-77.546482402670691, 42.679734608840704],
            [-77.546362306617667, 42.67978230470667]
          ],
          [
            [-77.546265142636187, 42.679964563216494],
            [-77.546369658668496, 42.67996223843393],
            [-77.546362306617667, 42.67978230470667],
            [-77.546265142636187, 42.679964563216494]
          ],
          [
            [-77.546216560663353, 42.680055692437811],
            [-77.546251400030812, 42.680054917530782],
            [-77.546248949390503, 42.679994938225661],
            [-77.546216560663353, 42.680055692437811]
          ],
          [
            [-77.546119396743535, 42.680237950831994],
            [-77.546136816775302, 42.680237563388005],
            [-77.546135591476613, 42.680207573032796],
            [-77.546119396743535, 42.680237950831994]
          ],
          [
            [-77.545903972348043, 42.680512887921623],
            [-77.54590397285962, 42.680512887910247],
            [-77.545903972844201, 42.680512887532792],
            [-77.545903972348043, 42.680512887921623]
          ],
          [
            [-77.545785711988387, 42.680605566574677],
            [-77.545785712499978, 42.680605566563301],
            [-77.545785712484559, 42.680605566185832],
            [-77.545785711988387, 42.680605566574677]
          ],
          [
            [-77.543842082239166, 42.680828871271245],
            [-77.545427254516255, 42.680793634922296],
            [-77.545424069636425, 42.680715661892059],
            [-77.543842082239166, 42.680828871271245]
          ],
          [
            [-77.543662848253419, 42.680922902616629],
            [-77.543845754754614, 42.680918838295483],
            [-77.543842082239166, 42.680828871271245],
            [-77.543662848253419, 42.680922902616629]
          ],
          [
            [-77.543483614760589, 42.681016933703411],
            [-77.543605553673814, 42.681014224383802],
            [-77.543603105513554, 42.680954245390062],
            [-77.543483614760589, 42.681016933703411]
          ],
          [
            [-77.543304381695975, 42.681110964565548],
            [-77.543365351840137, 42.681109609985704],
            [-77.543364127851703, 42.681079620000048],
            [-77.543304381695975, 42.681110964565548]
          ],
          [
            [-77.543125149253626, 42.681204995101218],
            [-77.543247086487156, 42.681202286134855],
            [-77.543244638670387, 42.681142307488876],
            [-77.543125149253626, 42.681204995101218]
          ],
          [
            [-77.543034941847921, 42.681387096328159],
            [-77.543132492329249, 42.681384929236351],
            [-77.543125149253626, 42.681204995101218],
            [-77.543034941847921, 42.681387096328159]
          ],
          [
            [-77.542989838156316, 42.68147814691892],
            [-77.54301422611519, 42.681477605163543],
            [-77.543012390389421, 42.681432620841697],
            [-77.542989838156316, 42.68147814691892]
          ],
          [
            [-77.542781362441374, 42.681752923788665],
            [-77.542781363720508, 42.68175292376025],
            [-77.542781363681996, 42.6817529228165],
            [-77.542781362441374, 42.681752923788665]
          ],
          [
            [-77.542663094247629, 42.681845599396546],
            [-77.54266309629422, 42.681845599351092],
            [-77.542663096232602, 42.681845597841104],
            [-77.542663094247629, 42.681845599396546]
          ],
          [
            [-77.542544826214368, 42.681938274878675],
            [-77.542544828516782, 42.681938274827537],
            [-77.542544828447475, 42.6819382731288],
            [-77.542544826214368, 42.681938274878675]
          ],
          [
            [-77.542426558341575, 42.68203095023506],
            [-77.542426560388179, 42.682030950189606],
            [-77.542426560326575, 42.682030948679603],
            [-77.542426558341575, 42.68203095023506]
          ],
          [
            [-77.542308290629265, 42.682123625465685],
            [-77.542308291908384, 42.682123625437278],
            [-77.542308291869887, 42.682123624493528],
            [-77.542308290629265, 42.682123625465685]
          ],
          [
            [-77.540852358047985, 42.682336047468482],
            [-77.54182787486053, 42.68231439100262],
            [-77.541825205862651, 42.682248958768852],
            [-77.540852358047985, 42.682336047468482]
          ],
          [
            [-77.540726750118381, 42.682248785512677],
            [-77.540726750167764, 42.682248786723726],
            [-77.540726751809174, 42.682248786687296],
            [-77.540726750118381, 42.682248785512677]
          ],
          [
            [-77.540601142556412, 42.682161523812269],
            [-77.540601142638707, 42.682161525830672],
            [-77.540601145374382, 42.682161525769956],
            [-77.540601142556412, 42.682161523812269]
          ],
          [
            [-77.540475535362077, 42.682074262367259],
            [-77.540475535460814, 42.682074264789335],
            [-77.540475538743621, 42.682074264716483],
            [-77.540475535362077, 42.682074262367259]
          ],
          [
            [-77.540349928535377, 42.68198700117766],
            [-77.540349928634114, 42.68198700359973],
            [-77.540349931916921, 42.681987003526878],
            [-77.540349928535377, 42.68198700117766]
          ],
          [
            [-77.540224322076298, 42.681899740243459],
            [-77.540224322158579, 42.681899742261855],
            [-77.540224324894268, 42.681899742201146],
            [-77.540224322076298, 42.681899740243459]
          ],
          [
            [-77.540098715984868, 42.681812479564663],
            [-77.540098716034237, 42.681812480775676],
            [-77.540098717675619, 42.681812480739254],
            [-77.540098715984868, 42.681812479564663]
          ],
          [
            [-77.539825504048494, 42.681098153182873],
            [-77.539829170811331, 42.681188120881018],
            [-77.539951108323834, 42.681185415424061],
            [-77.539825504048494, 42.681098153182873]
          ],
          [
            [-77.539574296574585, 42.680923629448564],
            [-77.539577962944847, 42.681013596769368],
            [-77.539699900596261, 42.681010891513523],
            [-77.539574296574585, 42.680923629448564]
          ],
          [
            [-77.536163714658116, 42.681089289185202],
            [-77.537261153044653, 42.681064970566418],
            [-77.537259975187439, 42.681036041312836],
            [-77.536163714658116, 42.681089289185202]
          ],
          [
            [-77.535668642340653, 42.680920158904222],
            [-77.535672303075557, 42.681010126497398],
            [-77.535916178526236, 42.681004724053885],
            [-77.535668642340653, 42.680920158904222]
          ],
          [
            [-77.53475777040461, 42.681030379997999],
            [-77.534940677378898, 42.681026329912314],
            [-77.534937017697473, 42.680936362268419],
            [-77.53475777040461, 42.681030379997999]
          ],
          [
            [-77.534578523475346, 42.68112439753687],
            [-77.534700461359392, 42.681121697672431],
            [-77.53469802178482, 42.681061718990563],
            [-77.534578523475346, 42.68112439753687]
          ],
          [
            [-77.534504549601095, 42.681306132703668],
            [-77.534585841868648, 42.681304332867008],
            [-77.534578523475346, 42.68112439753687],
            [-77.534504549601095, 42.681306132703668]
          ],
          [
            [-77.534166373392651, 42.681493716835718],
            [-77.534227344469215, 42.68149236710719],
            [-77.534226612706021, 42.681474373057902],
            [-77.534166373392651, 42.681493716835718]
          ],
          [
            [-77.533865186660137, 42.681590432566814],
            [-77.534109064368749, 42.681585034179776],
            [-77.534106137505475, 42.681513059513321],
            [-77.533865186660137, 42.681590432566814]
          ],
          [
            [-77.533155496374135, 42.682146431144318],
            [-77.533277436391074, 42.682143732742965],
            [-77.533273778966432, 42.682053765000859],
            [-77.533395718790985, 42.682051066478287],
            [-77.533392061207522, 42.681961098742946],
            [-77.533514000839716, 42.681958400099148],
            [-77.533510343097447, 42.681868432370578],
            [-77.533632282537269, 42.681865733605569],
            [-77.533628624636194, 42.681775765883785],
            [-77.533750563883643, 42.681773066997536],
            [-77.533746905823762, 42.681683099282523],
            [-77.533868844878839, 42.681680400275049],
            [-77.533865186660137, 42.681590432566814],
            [-77.533155496374135, 42.682146431144318]
          ],
          [
            [-77.533044526893903, 42.682419032699947],
            [-77.533044527661502, 42.682419032682965],
            [-77.533044527638481, 42.682419032116634],
            [-77.533044526893903, 42.682419032699947]
          ],
          [
            [-77.532926243025742, 42.682511698633704],
            [-77.532926244049207, 42.682511698611059],
            [-77.532926244018512, 42.682511697855951],
            [-77.532926243025742, 42.682511698633704]
          ],
          [
            [-77.53280795931812, 42.682604364441694],
            [-77.532807960085734, 42.682604364424712],
            [-77.532807960062712, 42.682604363858367],
            [-77.53280795931812, 42.682604364441694]
          ],
          [
            [-77.531831213427381, 42.682595954292943],
            [-77.531832431919767, 42.682625944192935],
            [-77.531862917713198, 42.682625269927058],
            [-77.531831213427381, 42.682595954292943]
          ],
          [
            [-77.53170439876645, 42.682478694051838],
            [-77.531706835597731, 42.68253867323692],
            [-77.53176780675615, 42.682537324781954],
            [-77.53170439876645, 42.682478694051838]
          ],
          [
            [-77.531577584610218, 42.682361434277389],
            [-77.531581239626902, 42.682451402132685],
            [-77.531672695721824, 42.682449379565398],
            [-77.531577584610218, 42.682361434277389]
          ],
          [
            [-77.531082513519422, 42.682192284127574],
            [-77.531086167800169, 42.682282252019974],
            [-77.531330048738795, 42.682276859479536],
            [-77.531333703387489, 42.682366827353384],
            [-77.531577584610218, 42.682361434277389],
            [-77.531082513519422, 42.682192284127574]
          ],
          [
            [-77.529870414642744, 42.682399174916853],
            [-77.530114296267826, 42.682393784953007],
            [-77.530110643375082, 42.682303816994789],
            [-77.530354524581938, 42.682298426529123],
            [-77.530350871354756, 42.682208458586111],
            [-77.529870414642744, 42.682399174916853]
          ],
          [
            [-77.529769543766349, 42.682491452771998],
            [-77.52987406720105, 42.682489142890276],
            [-77.529870414642744, 42.682399174916853],
            [-77.529769543766349, 42.682491452771998]
          ],
          [
            [-77.52966867298673, 42.68258373053861],
            [-77.529755778587258, 42.682581805666295],
            [-77.529752734817308, 42.682506829794782],
            [-77.52966867298673, 42.68258373053861]
          ],
          [
            [-77.529567802303873, 42.682676008216689],
            [-77.529637489622246, 42.682674468327846],
            [-77.529635054606601, 42.682614485025155],
            [-77.529567802303873, 42.682676008216689]
          ],
          [
            [-77.529466931717792, 42.682768285806254],
            [-77.529519200306041, 42.682767130874922],
            [-77.529517374010624, 42.682722140607979],
            [-77.529466931717792, 42.682768285806254]
          ],
          [
            [-77.529366061228501, 42.682860563307273],
            [-77.529400910638643, 42.682859793307493],
            [-77.529399693029376, 42.68282979654326],
            [-77.529366061228501, 42.682860563307273]
          ],
          [
            [-77.529265190835943, 42.682952840719786],
            [-77.529282620620052, 42.682952455625617],
            [-77.529282011662843, 42.682937452830998],
            [-77.529265190835943, 42.682952840719786]
          ],
          [
            [-77.529063450361974, 42.683137395260189],
            [-77.529167981872249, 42.683135085841556],
            [-77.529164329919112, 42.683045109463798],
            [-77.529063450361974, 42.683137395260189]
          ],
          [
            [-77.528962580280535, 42.683229672388094],
            [-77.529049690992409, 42.683227747937465],
            [-77.529046647776596, 42.683152766461426],
            [-77.528962580280535, 42.683229672388094]
          ],
          [
            [-77.528861710295885, 42.683321949427466],
            [-77.528931399761333, 42.683320409918892],
            [-77.528928965256867, 42.683260423804114],
            [-77.528861710295885, 42.683321949427466]
          ],
          [
            [-77.528760840407998, 42.683414226378297],
            [-77.528813108179051, 42.683413071785814],
            [-77.528811282351853, 42.683368081499275],
            [-77.528760840407998, 42.683414226378297]
          ],
          [
            [-77.528659970616886, 42.683506503240615],
            [-77.528694816245562, 42.683505733538254],
            [-77.528693599061526, 42.683475739546928],
            [-77.528659970616886, 42.683506503240615]
          ],
          [
            [-77.528559100922507, 42.683598780014428],
            [-77.528576523960851, 42.683598395176233],
            [-77.528575915385886, 42.683583397947068],
            [-77.528559100922507, 42.683598780014428]
          ],
          [
            [-77.528059043537326, 42.683879970359691],
            [-77.52809970111754, 42.683879072510003],
            [-77.528098970921207, 42.68386107492136],
            [-77.528059043537326, 42.683879970359691]
          ],
          [
            [-77.527859450678434, 42.683974426699926],
            [-77.527859463144594, 42.683974426424662],
            [-77.52785946292073, 42.683974420906324],
            [-77.527859450678434, 42.683974426699926]
          ],
          [
            [-77.52746026751079, 42.684163338173548],
            [-77.527500929449857, 42.684162440439877],
            [-77.52750019932958, 42.684144440636416],
            [-77.52746026751079, 42.684163338173548]
          ],
          [
            [-77.527260676961845, 42.684257793420613],
            [-77.527260689427948, 42.684257793145406],
            [-77.527260689204127, 42.684257787627011],
            [-77.527260676961845, 42.684257793420613]
          ],
          [
            [-77.527061087294925, 42.684352248250256],
            [-77.527142393564034, 42.6843504533824],
            [-77.527140933825294, 42.684314461271903],
            [-77.527061087294925, 42.684352248250256]
          ],
          [
            [-77.526661910174965, 42.684541156861847],
            [-77.526905800782487, 42.684535773512856],
            [-77.526902152245839, 42.684445805365471],
            [-77.527024097348885, 42.684443113504877],
            [-77.527021178231308, 42.684371135018615],
            [-77.526661910174965, 42.684541156861847]
          ],
          [
            [-77.526489935521255, 42.684815098548988],
            [-77.526550908975921, 42.68481375284977],
            [-77.526549692946077, 42.684783763218057],
            [-77.526489935521255, 42.684815098548988]
          ],
          [
            [-77.526310664939771, 42.684909103654007],
            [-77.52643261100458, 42.684906412399712],
            [-77.526430179060668, 42.684846433374297],
            [-77.526310664939771, 42.684909103654007]
          ],
          [
            [-77.526015323527687, 42.685365864460195],
            [-77.52608500988228, 42.685364326746814],
            [-77.526082578173686, 42.685304346088607],
            [-77.526015323527687, 42.685365864460195]
          ],
          [
            [-77.525914444750171, 42.685458139098301],
            [-77.5259667101882, 42.685456985852227],
            [-77.525964886453878, 42.685411999661738],
            [-77.525914444750171, 42.685458139098301]
          ],
          [
            [-77.525611808998406, 42.685734962481369],
            [-77.525733756744259, 42.68573227192941],
            [-77.525730109746263, 42.685642303719504],
            [-77.525852057299744, 42.685639613046277],
            [-77.5258471943595, 42.685519653577508],
            [-77.525611808998406, 42.685734962481369]
          ],
          [
            [-77.525483378156139, 42.686007941947622],
            [-77.525500801276465, 42.686007557573838],
            [-77.525500345393823, 42.685996310423086],
            [-77.525483378156139, 42.686007941947622]
          ],
          [
            [-77.525347653857267, 42.686100984818843],
            [-77.525382499508297, 42.686100216120153],
            [-77.525381587795749, 42.686077722137846],
            [-77.525347653857267, 42.686100984818843]
          ],
          [
            [-77.525211929796725, 42.686194027526689],
            [-77.525264197388864, 42.686192874551963],
            [-77.525262829899148, 42.686159134057256],
            [-77.525211929796725, 42.686194027526689]
          ],
          [
            [-77.525076205974543, 42.686287070071145],
            [-77.525145894918168, 42.686285532869249],
            [-77.525144071704005, 42.686240546181317],
            [-77.525076205974543, 42.686287070071145]
          ],
          [
            [-77.524940482390718, 42.686380112452191],
            [-77.525027592096208, 42.686378191071995],
            [-77.525025313210335, 42.686321958510028],
            [-77.524940482390718, 42.686380112452191]
          ],
          [
            [-77.524804759045225, 42.686473154669855],
            [-77.52490928892297, 42.686470849160223],
            [-77.524906554418124, 42.686403371043404],
            [-77.524804759045225, 42.686473154669855]
          ],
          [
            [-77.524669035938075, 42.686566196724129],
            [-77.524790985398468, 42.686563507133926],
            [-77.52478779532737, 42.686484783781438],
            [-77.524669035938075, 42.686566196724129]
          ],
          [
            [-77.524537276754842, 42.686929297188001],
            [-77.524561668197251, 42.686928759284164],
            [-77.524561060589974, 42.686913763813159],
            [-77.524537276754842, 42.686929297188001]
          ],
          [
            [-77.52439458104088, 42.687022492671474],
            [-77.524443363301103, 42.687021416927777],
            [-77.524442148151806, 42.686991426287086],
            [-77.52439458104088, 42.687022492671474]
          ],
          [
            [-77.524251885662125, 42.687115687936029],
            [-77.524325058053662, 42.687114074456844],
            [-77.524323235427644, 42.687069088947815],
            [-77.524251885662125, 42.687115687936029]
          ],
          [
            [-77.523665260741737, 42.687398767961447],
            [-77.52372623787042, 42.687397423743342],
            [-77.523725508987013, 42.68737942956659],
            [-77.523665260741737, 42.687398767961447]
          ],
          [
            [-77.521283570059936, 42.687361200583453],
            [-77.521287210860336, 42.687451169074592],
            [-77.52165306585664, 42.687443109985487],
            [-77.521283570059936, 42.687361200583453]
          ],
          [
            [-77.6003283496281, 42.648132758626105],
            [-77.600549583832219, 42.647587441004383],
            [-77.600305509661496, 42.648116904388147],
            [-77.6003283496281, 42.648132758626105]
          ],
          [
            [-77.597769135693824, 42.648190859632678],
            [-77.597860539608462, 42.648188785201086],
            [-77.59702669545959, 42.647937558078226],
            [-77.597769135693824, 42.648190859632678]
          ],
          [
            [-77.542532073102151, 42.648710538401609],
            [-77.542812487224978, 42.649604799138203],
            [-77.542657610802465, 42.648797797592898],
            [-77.542532073102151, 42.648710538401609]
          ],
          [
            [-77.54226999214471, 42.648266111425762],
            [-77.542391865102999, 42.648263405042798],
            [-77.542201723680634, 42.648087528528954],
            [-77.54226999214471, 42.648266111425762]
          ]
        ]
      }
    },
    {
      "type": "Feature",
      "properties": {
        "catchment": "Alcove NY",
        "supplies": "Albany",
        "outlet": "Alcove Dam",
        "outlet_lon": -73.9300874,
        "outlet_lat": 42.4698912,
        "nldi_comid": 6189068,
        "component_comids": "6189068",
        "delineated_area_km2": 87.232,
        "official_area_km2": 83.462,
        "area_difference_pct": 4.517,
        "validation_status": "pass",
        "delineation_method": "USGS NLDI NHDPlusV2 full-resolution upstream basin with the complete terminal catchment replaced by its point-specific upstream split",
        "area_source": "Albany Water Department Alcove watershed (20,624 acres)",
        "area_url": "https://www.albanyny.gov/2188/Reservoirs"
      },
      "geometry": {
        "type": "MultiPolygon",
        "coordinates": [
          [
            [
              [-73.978979329, 42.449394522],
              [-73.981051621, 42.452266735],
              [-73.98318684, 42.453867071],
              [-73.985934329, 42.455432934],
              [-73.988247869, 42.456426343],
              [-73.988851201, 42.456821148],
              [-73.991181464, 42.457982149],
              [-73.993035688, 42.458499948],
              [-73.993264325, 42.458412278],
              [-73.994232219, 42.456799992],
              [-73.998278549, 42.456824302],
              [-73.999594462, 42.456873381],
              [-73.999744983, 42.457850253],
              [-73.999129906, 42.460653073],
              [-73.998730774, 42.460812605],
              [-73.997483575, 42.466050272],
              [-73.998480031, 42.466176748],
              [-73.999014032, 42.466293532],
              [-74.000216638, 42.466054891],
              [-74.001146821, 42.466661013],
              [-74.002058557, 42.466776094],
              [-74.003451061, 42.467081685],
              [-74.004809134, 42.467969335],
              [-74.006560925, 42.470597262],
              [-74.006720768, 42.472295122],
              [-74.00564133, 42.473760153],
              [-74.004924077, 42.475436189],
              [-74.00422823, 42.476936067],
              [-74.004106102, 42.477442737],
              [-74.006960514, 42.478863761],
              [-74.007221774, 42.479387995],
              [-74.005668042, 42.481135389],
              [-74.005759668, 42.483282463],
              [-74.004664338, 42.485947771],
              [-74.005210233, 42.486942124],
              [-74.004978005, 42.487497693],
              [-74.007230402, 42.489342692],
              [-74.006623474, 42.49162689],
              [-74.007118587, 42.493181125],
              [-74.009646383, 42.494721306],
              [-74.009080726, 42.495853816],
              [-74.007760409, 42.498850953],
              [-74.00786592, 42.501010145],
              [-74.011124607, 42.503246881],
              [-74.011096686, 42.505692189],
              [-74.011317017, 42.507002021],
              [-74.00985189, 42.508619476],
              [-74.007944813, 42.509851758],
              [-74.00768923, 42.51106461],
              [-74.007049968, 42.512516209],
              [-74.007135515, 42.513037123],
              [-74.008603652, 42.513933879],
              [-74.008670619, 42.514128495],
              [-74.010248443, 42.514557306],
              [-74.011510877, 42.518012008],
              [-74.01295502, 42.520227108],
              [-74.013720551, 42.522150948],
              [-74.013678249, 42.523690232],
              [-74.013757652, 42.524102382],
              [-74.014251124, 42.523962196],
              [-74.01511423, 42.523389112],
              [-74.016828912, 42.523229624],
              [-74.018295199, 42.523748963],
              [-74.01893971, 42.525335297],
              [-74.018974509, 42.526654127],
              [-74.0196182, 42.526596838],
              [-74.022193408, 42.527207773],
              [-74.02231566, 42.527377421],
              [-74.021507943, 42.531327804],
              [-74.022163424, 42.533008622],
              [-74.023201913, 42.533446762],
              [-74.023833075, 42.533831004],
              [-74.023997431, 42.533979888],
              [-74.026019937, 42.534641051],
              [-74.02773746, 42.534747874],
              [-74.029698736, 42.536440951],
              [-74.030611936, 42.537908601],
              [-74.030776316, 42.538057477],
              [-74.030202429, 42.539197348],
              [-74.030120179, 42.539598922],
              [-74.029612686, 42.540752363],
              [-74.028820706, 42.544545054],
              [-74.027410679, 42.546704361],
              [-74.027029122, 42.547338817],
              [-74.026296629, 42.550122946],
              [-74.025785597, 42.55362906],
              [-74.025912414, 42.554315373],
              [-74.026026829, 42.554491206],
              [-74.027125578, 42.554578829],
              [-74.028373193, 42.555449161],
              [-74.027663262, 42.558858647],
              [-74.028904893, 42.560772634],
              [-74.029976332, 42.561768824],
              [-74.030963019, 42.562076233],
              [-74.031085354, 42.562245881],
              [-74.030548229, 42.565174593],
              [-74.030430115, 42.565431089],
              [-74.030074993, 42.56713637],
              [-74.030303266, 42.569905831],
              [-74.031037594, 42.571783235],
              [-74.032688172, 42.573125521],
              [-74.032845731, 42.573277524],
              [-74.033594696, 42.574377658],
              [-74.033919953, 42.575693642],
              [-74.034502832, 42.576723234],
              [-74.035098814, 42.579140118],
              [-74.034993461, 42.58056523],
              [-74.035329626, 42.58197571],
              [-74.035056453, 42.583884668],
              [-74.035214566, 42.586689481],
              [-74.034476842, 42.587494411],
              [-74.034154742, 42.587193526],
              [-74.033478997, 42.586158752],
              [-74.031220026, 42.585237592],
              [-74.027704928, 42.586453923],
              [-74.025323799, 42.586350687],
              [-74.023999709, 42.586813561],
              [-74.022472106, 42.587943698],
              [-74.020811761, 42.588149506],
              [-74.019659089, 42.588410236],
              [-74.017876319, 42.588629436],
              [-74.016731729, 42.589285746],
              [-74.016492821, 42.589367467],
              [-74.015783253, 42.590852511],
              [-74.013639627, 42.591476018],
              [-74.012822969, 42.591372245],
              [-74.010379679, 42.590839081],
              [-74.009351656, 42.591042538],
              [-74.007817645, 42.591039422],
              [-74.004385369, 42.592362128],
              [-74.003653603, 42.592269665],
              [-74.003124218, 42.592153842],
              [-74.002579674, 42.592084956],
              [-74.002033841, 42.591965222],
              [-74.000190204, 42.592500107],
              [-73.998827068, 42.592845116],
              [-73.997709919, 42.593415546],
              [-73.996575417, 42.59327207],
              [-73.995514204, 42.591695663],
              [-73.995689617, 42.590056273],
              [-73.995607302, 42.588026782],
              [-73.99580853, 42.586124715],
              [-73.995398616, 42.583939767],
              [-73.995019248, 42.582921224],
              [-73.994595801, 42.580358028],
              [-73.99389757, 42.578481069],
              [-73.993438076, 42.576815379],
              [-73.992571936, 42.574745788],
              [-73.990889471, 42.573485699],
              [-73.989989103, 42.572545482],
              [-73.989553554, 42.571628188],
              [-73.987545978, 42.569803662],
              [-73.987403032, 42.568273221],
              [-73.986144851, 42.566961143],
              [-73.98606297, 42.566063796],
              [-73.985263453, 42.562510543],
              [-73.986212139, 42.560195446],
              [-73.984357901, 42.557550615],
              [-73.984365599, 42.556120445],
              [-73.983768889, 42.555026723],
              [-73.983778509, 42.553261904],
              [-73.982892369, 42.551840427],
              [-73.982455832, 42.549173688],
              [-73.982131961, 42.548313293],
              [-73.981731316, 42.546850489],
              [-73.980684346, 42.546401922],
              [-73.979806968, 42.545684202],
              [-73.977837682, 42.544839732],
              [-73.977974644, 42.544269838],
              [-73.978459107, 42.543391446],
              [-73.97528738, 42.542233097],
              [-73.971816403, 42.54360712],
              [-73.971048485, 42.544741476],
              [-73.970327231, 42.545548886],
              [-73.969999336, 42.546928202],
              [-73.967929049, 42.548148291],
              [-73.967392025, 42.550411459],
              [-73.96576155, 42.551055673],
              [-73.963882994, 42.552393887],
              [-73.963168964, 42.552758744],
              [-73.961240836, 42.552753769],
              [-73.961004904, 42.553756875],
              [-73.960684374, 42.554528884],
              [-73.960622248, 42.554793931],
              [-73.960093603, 42.556081576],
              [-73.959777358, 42.557405847],
              [-73.959617079, 42.557791852],
              [-73.959458705, 42.56025178],
              [-73.960259999, 42.561332479],
              [-73.961374456, 42.561810073],
              [-73.961527832, 42.563488927],
              [-73.962101323, 42.563613646],
              [-73.962996837, 42.563728164],
              [-73.962682262, 42.565047355],
              [-73.961197058, 42.564858109],
              [-73.960051942, 42.564110243],
              [-73.958607329, 42.56439762],
              [-73.956823671, 42.562941772],
              [-73.949372279, 42.561308714],
              [-73.947426428, 42.561594601],
              [-73.945155378, 42.562046265],
              [-73.943686847, 42.561532196],
              [-73.942367337, 42.56101366],
              [-73.941501725, 42.560733943],
              [-73.94119854, 42.55951928],
              [-73.941483003, 42.556726613],
              [-73.941027486, 42.554633571],
              [-73.942612059, 42.553640206],
              [-73.946409797, 42.553175217],
              [-73.947201906, 42.553025346],
              [-73.948382114, 42.552843326],
              [-73.950772838, 42.546713919],
              [-73.952203354, 42.546122647],
              [-73.951974832, 42.544530992],
              [-73.953259887, 42.543458976],
              [-73.952503594, 42.541346486],
              [-73.954595848, 42.539420572],
              [-73.956217138, 42.539169197],
              [-73.955884292, 42.538702458],
              [-73.955403886, 42.538181179],
              [-73.955359025, 42.537754421],
              [-73.955095517, 42.537328723],
              [-73.952423305, 42.537162866],
              [-73.952096065, 42.535657603],
              [-73.951305871, 42.534452704],
              [-73.951008299, 42.533694731],
              [-73.9508441, 42.533545755],
              [-73.950238301, 42.532153996],
              [-73.948940216, 42.531224442],
              [-73.947018897, 42.53025194],
              [-73.945366701, 42.530635712],
              [-73.942888013, 42.532661714],
              [-73.941880008, 42.532895971],
              [-73.940796167, 42.532580682],
              [-73.939865176, 42.532522293],
              [-73.939794997, 42.531244463],
              [-73.938720952, 42.530315758],
              [-73.937525184, 42.529690263],
              [-73.93709365, 42.528708742],
              [-73.936872241, 42.527697793],
              [-73.936096121, 42.526997162],
              [-73.935449338, 42.525769484],
              [-73.933521834, 42.524980944],
              [-73.931439895, 42.524815254],
              [-73.930018082, 42.52379514],
              [-73.929962627, 42.52289147],
              [-73.930515128, 42.522733764],
              [-73.929721824, 42.52112094],
              [-73.92876683, 42.520754522],
              [-73.928357308, 42.520306747],
              [-73.928501507, 42.519752116],
              [-73.930307139, 42.518675522],
              [-73.932118422, 42.515595216],
              [-73.9311537, 42.514548489],
              [-73.929781025, 42.513978493],
              [-73.928699523, 42.513237958],
              [-73.926025406, 42.514045943],
              [-73.925286666, 42.512957413],
              [-73.924738316, 42.512428537],
              [-73.924165478, 42.511009954],
              [-73.924218879, 42.510316839],
              [-73.925572711, 42.509469278],
              [-73.925001712, 42.50793576],
              [-73.925890616, 42.505773384],
              [-73.925022993, 42.504172449],
              [-73.925625675, 42.500762783],
              [-73.925701701, 42.49826929],
              [-73.926032299, 42.495827347],
              [-73.924205055, 42.49478657],
              [-73.923969195, 42.494149036],
              [-73.924061503, 42.492771108],
              [-73.924001535, 42.491280686],
              [-73.924074125, 42.488907269],
              [-73.924971037, 42.48513492],
              [-73.927367542, 42.480153653],
              [-73.927554186, 42.478484003],
              [-73.927205888, 42.478121113],
              [-73.927617137, 42.477123663],
              [-73.92767932, 42.47685866],
              [-73.927866301, 42.476408417],
              [-73.927551119, 42.475269238],
              [-73.926798801, 42.473877834],
              [-73.927151997, 42.472403951],
              [-73.927706831, 42.472183188],
              [-73.928445065514921, 42.471614002269071],
              [-73.930264, 42.471677],
              [-73.934147, 42.469697],
              [-73.934377, 42.469606],
              [-73.934546, 42.469084],
              [-73.934903, 42.469145],
              [-73.935276, 42.468503],
              [-73.936768, 42.467389],
              [-73.936907, 42.4657],
              [-73.935788, 42.464731],
              [-73.935103, 42.464372],
              [-73.934453, 42.463321],
              [-73.932851, 42.463827],
              [-73.93209514845995, 42.465161737838585],
              [-73.932094977, 42.465161577],
              [-73.932850803, 42.463827334],
              [-73.933874464, 42.461063738],
              [-73.93422175, 42.460755393],
              [-73.933507022, 42.45884707],
              [-73.934067762, 42.455929164],
              [-73.932131575, 42.455009585],
              [-73.93162453, 42.454791596],
              [-73.931908863, 42.454404522],
              [-73.932561429, 42.453735355],
              [-73.933130074, 42.452961202],
              [-73.934358383, 42.452224611],
              [-73.935150074, 42.451380227],
              [-73.936601407, 42.450573392],
              [-73.938194938, 42.449508927],
              [-73.940322739, 42.449562172],
              [-73.943287637, 42.448374917],
              [-73.945513901, 42.448196294],
              [-73.945581346, 42.446875617],
              [-73.946518183, 42.445873183],
              [-73.949029711, 42.445941982],
              [-73.950838426, 42.446890981],
              [-73.951915206, 42.44656754],
              [-73.95282524, 42.445921258],
              [-73.952845469, 42.445493935],
              [-73.953438616, 42.445117105],
              [-73.954831268, 42.444764198],
              [-73.955714187, 42.445058859],
              [-73.956289873, 42.444991343],
              [-73.95671595, 42.445934094],
              [-73.955299466, 42.448348669],
              [-73.957505955, 42.449890765],
              [-73.959876106, 42.454301211],
              [-73.960464202, 42.454943419],
              [-73.958904434, 42.456250906],
              [-73.959644392, 42.457645265],
              [-73.960520677, 42.457577912],
              [-73.960900536, 42.457095278],
              [-73.9632425, 42.455227035],
              [-73.964398995, 42.452595172],
              [-73.964870321, 42.450351246],
              [-73.967045059, 42.447923176],
              [-73.968817464, 42.447397652],
              [-73.970896302, 42.44710916],
              [-73.972539763, 42.444354587],
              [-73.9725919, 42.444083567],
              [-73.972763007, 42.443699533],
              [-73.973483692, 42.44024401],
              [-73.974654089, 42.438936065],
              [-73.976058525, 42.439093338],
              [-73.979489194, 42.441424574],
              [-73.979997279, 42.441639311],
              [-73.980624482, 42.442726475],
              [-73.980255662, 42.44361381],
              [-73.979976872, 42.444806383],
              [-73.979603752, 42.445706981],
              [-73.979448859, 42.446369522],
              [-73.979154695, 42.447080196],
              [-73.978979329, 42.449394522]
            ]
          ],
          [
            [
              [-73.929747056502038, 42.468885052588476],
              [-73.930209, 42.469315],
              [-73.930208758698427, 42.469315314485456],
              [-73.92974663, 42.468885368],
              [-73.929747056502038, 42.468885052588476]
            ]
          ],
          [
            [
              [-73.931277265693552, 42.467852152182012],
              [-73.931025, 42.46794],
              [-73.930745942836168, 42.468146345085934],
              [-73.931025178, 42.467939842],
              [-73.931277265693552, 42.467852152182012]
            ]
          ],
          [
            [
              [-73.932347583099059, 42.465398535001597],
              [-73.932819, 42.46584],
              [-73.932408074707837, 42.466281553264245],
              [-73.932818503, 42.465840283],
              [-73.932347583099059, 42.465398535001597]
            ]
          ],
          [
            [
              [-73.929751, 42.469909],
              [-73.929836, 42.469648],
              [-73.930193, 42.46971],
              [-73.930109, 42.469971],
              [-73.929751, 42.469909]
            ]
          ]
        ]
      }
    },
    {
      "type": "Feature",
      "properties": {
        "catchment": "Hinckley NY",
        "supplies": "Utica",
        "outlet": "Hinckley Dam",
        "outlet_lon": -75.1083333,
        "outlet_lat": 43.3113889,
        "nldi_comid": 22743759,
        "component_comids": "22743759",
        "delineated_area_km2": 960.019,
        "official_area_km2": 963.476,
        "area_difference_pct": -0.359,
        "validation_status": "pass",
        "delineation_method": "USGS NLDI NHDPlusV2 full-resolution upstream basin with the complete terminal catchment replaced by its point-specific upstream split",
        "area_source": "NYS Canal Corporation Hinckley drainage area (372 mi2)",
        "area_url": "https://www.canals.ny.gov/Operations-and-Public-Projects/Water-Levels"
      },
      "geometry": {
        "type": "Polygon",
        "coordinates": [
          [
            [-75.104414513, 43.291212923],
            [-75.104395525, 43.292968148],
            [-75.10656748, 43.293600909],
            [-75.107567719, 43.293020513],
            [-75.107829036, 43.293406868],
            [-75.107847527, 43.293847545],
            [-75.108412209, 43.29471523],
            [-75.108811809, 43.295655176],
            [-75.109819269, 43.297072948],
            [-75.111862757, 43.298025743],
            [-75.113206819, 43.297661075],
            [-75.112997333, 43.299359702],
            [-75.113037465, 43.30069323],
            [-75.112893966, 43.301658346],
            [-75.112320552, 43.301473236],
            [-75.11188705, 43.30122039],
            [-75.111887030296913, 43.301220401815549],
            [-75.111806, 43.301483],
            [-75.111525231432566, 43.301437365439448],
            [-75.111419212267464, 43.301500943036089],
            [-75.111362, 43.301686],
            [-75.111163621717452, 43.301654215634287],
            [-75.110952811520789, 43.301780634340176],
            [-75.110919, 43.30189],
            [-75.110802117493961, 43.301871002567886],
            [-75.110484970063169, 43.302061189610122],
            [-75.110394, 43.302356],
            [-75.110046376989217, 43.302299499290264],
            [-75.110027690493709, 43.30230770482283],
            [-75.10995, 43.302559],
            [-75.109588331574628, 43.302500634198942],
            [-75.109146952242909, 43.302694450769856],
            [-75.109144, 43.302704],
            [-75.109130219870792, 43.302701798216269],
            [-75.108706183438372, 43.302887999248739],
            [-75.1087, 43.302908],
            [-75.108671291258347, 43.302903320950946],
            [-75.108266340581167, 43.303081141129645],
            [-75.10810981176229, 43.303588217204656],
            [-75.108162494158321, 43.304197769782277],
            [-75.108295, 43.304219],
            [-75.108192906362191, 43.304549648942199],
            [-75.108234873235759, 43.305035219415082],
            [-75.108415, 43.305064],
            [-75.108276209832169, 43.305513497374818],
            [-75.108307285172501, 43.305873049240816],
            [-75.108534, 43.30591],
            [-75.108332949556257, 43.30656080773273],
            [-75.108350471583961, 43.307256386644269],
            [-75.108492, 43.307279],
            [-75.108361670672238, 43.307700961311163],
            [-75.108378245, 43.308358919],
            [-75.108377168443496, 43.308362090989412],
            [-75.10853, 43.308387],
            [-75.108206, 43.309436],
            [-75.107843, 43.309377],
            [-75.107519, 43.310426],
            [-75.107882, 43.310484],
            [-75.10779483109053, 43.310766491836233],
            [-75.10785970912525, 43.31083734904481],
            [-75.107794828002952, 43.310766501842302],
            [-75.10772, 43.311009],
            [-75.108083, 43.311067],
            [-75.108002, 43.31133],
            [-75.108364, 43.311388],
            [-75.108202, 43.311913],
            [-75.107839, 43.311854],
            [-75.107758, 43.312116],
            [-75.108121, 43.312175],
            [-75.10804, 43.312437],
            [-75.108403, 43.312496],
            [-75.10816, 43.313282],
            [-75.108522, 43.313341],
            [-75.108441, 43.313603],
            [-75.109167, 43.31372],
            [-75.109090904478762, 43.313967075581324],
            [-75.109448, 43.314041],
            [-75.109317533565203, 43.313046555841389],
            [-75.109448351, 43.314041223],
            [-75.110206463, 43.314591703],
            [-75.110905053, 43.31494974],
            [-75.111501419, 43.315831129],
            [-75.110343425, 43.317594937],
            [-75.110739067, 43.317951359],
            [-75.111020605, 43.318368933],
            [-75.113391937, 43.318532517],
            [-75.117747905, 43.319051993],
            [-75.123283157, 43.319105669],
            [-75.12805288, 43.320019566],
            [-75.128951244, 43.319943001],
            [-75.129116578, 43.320197664],
            [-75.130408961, 43.320849262],
            [-75.131120464, 43.321339374],
            [-75.13028472, 43.322909033],
            [-75.129181853, 43.323744112],
            [-75.129499652, 43.325200942],
            [-75.132221856, 43.326098257],
            [-75.132077875, 43.326371839],
            [-75.132200213, 43.327768089],
            [-75.133967491, 43.328655401],
            [-75.134628362, 43.329676091],
            [-75.134233061, 43.330416729],
            [-75.132943822, 43.330852935],
            [-75.133139564, 43.331760966],
            [-75.132936524, 43.332148699],
            [-75.132872121, 43.332762048],
            [-75.135271686, 43.333471711],
            [-75.136916709, 43.334273644],
            [-75.137263227, 43.334809156],
            [-75.138858115, 43.335426608],
            [-75.139457455, 43.335837268],
            [-75.140201199, 43.335876538],
            [-75.141681061, 43.334340747],
            [-75.14332653, 43.334254388],
            [-75.145012912, 43.335076851],
            [-75.145544458, 43.33528298],
            [-75.14561583, 43.335707432],
            [-75.144989719, 43.33642487],
            [-75.144297665, 43.337510215],
            [-75.148121042, 43.339277162],
            [-75.14856246, 43.340161295],
            [-75.147927241, 43.341448317],
            [-75.147744013, 43.342832923],
            [-75.144441267, 43.343640531],
            [-75.144210301, 43.345391695],
            [-75.143937783, 43.345946769],
            [-75.143000696, 43.345704305],
            [-75.142507818, 43.346356131],
            [-75.140900721, 43.345970156],
            [-75.139614634, 43.345373512],
            [-75.138594518, 43.346364037],
            [-75.13475005, 43.34676578],
            [-75.131859023, 43.347877199],
            [-75.130337811, 43.348099662],
            [-75.130124034, 43.348213592],
            [-75.12736128, 43.34802282],
            [-75.126011745, 43.348498775],
            [-75.125604322, 43.348738475],
            [-75.125364108, 43.348822323],
            [-75.124209353, 43.348783355],
            [-75.123264259, 43.350686081],
            [-75.122192014, 43.350880884],
            [-75.122013449, 43.351034902],
            [-75.122683105, 43.351661328],
            [-75.12281765, 43.35346079],
            [-75.121839938, 43.354736648],
            [-75.120682414, 43.355900682],
            [-75.119356101, 43.358689429],
            [-75.117396586, 43.359962808],
            [-75.115431717, 43.360559892],
            [-75.11501411, 43.360793636],
            [-75.113837633, 43.361228628],
            [-75.112549134, 43.361948826],
            [-75.109984956, 43.362808336],
            [-75.108531413, 43.363619098],
            [-75.106222088, 43.363904492],
            [-75.106108916, 43.363731343],
            [-75.105044273, 43.362803345],
            [-75.103955896, 43.363453617],
            [-75.100884969, 43.363833198],
            [-75.099821993, 43.364343424],
            [-75.100047417, 43.365385471],
            [-75.097506635, 43.364975106],
            [-75.097425488, 43.365237342],
            [-75.096939294, 43.364999627],
            [-75.096552623, 43.364979116],
            [-75.095328847, 43.364623326],
            [-75.092175472, 43.36471083],
            [-75.09083313, 43.365584579],
            [-75.091854962, 43.366573566],
            [-75.090789856, 43.367321098],
            [-75.089480863, 43.366855758],
            [-75.088820435, 43.366430671],
            [-75.087591891, 43.367090464],
            [-75.085625506, 43.367094288],
            [-75.084536542, 43.369360972],
            [-75.083884643, 43.369889141],
            [-75.082678174, 43.371438776],
            [-75.081205779, 43.371654697],
            [-75.076749287, 43.373294192],
            [-75.075161314, 43.373133184],
            [-75.072443359, 43.372524831],
            [-75.070933236, 43.372670006],
            [-75.070070006, 43.372476621],
            [-75.066190976, 43.372981881],
            [-75.065747868, 43.372105618],
            [-75.065636862, 43.371003406],
            [-75.064990725, 43.370859084],
            [-75.061595716, 43.371301585],
            [-75.058939386, 43.370706121],
            [-75.058148171, 43.370876046],
            [-75.054851541, 43.371020204],
            [-75.054611798, 43.371101877],
            [-75.053800334, 43.371951557],
            [-75.053637688, 43.372475981],
            [-75.052654212, 43.37249751],
            [-75.049471414, 43.374117539],
            [-75.047724072, 43.375564383],
            [-75.045916808, 43.375745089],
            [-75.043829898, 43.37655819],
            [-75.042643106, 43.37667797],
            [-75.041561297, 43.377399933],
            [-75.039881793, 43.377399021],
            [-75.038536749, 43.37691547],
            [-75.036619413, 43.376740451],
            [-75.034539597, 43.376973678],
            [-75.032370345, 43.377053614],
            [-75.031391567, 43.377289831],
            [-75.030062851, 43.377195024],
            [-75.026057485, 43.376914934],
            [-75.023839436, 43.375751844],
            [-75.023247911, 43.375815177],
            [-75.021783587, 43.37542828],
            [-75.01929972, 43.373798152],
            [-75.018604595, 43.37383068],
            [-75.015916365, 43.374200558],
            [-75.011829311, 43.375161125],
            [-75.010356082, 43.375032988],
            [-75.009091493, 43.3741953],
            [-75.008204063, 43.373926555],
            [-75.006117002, 43.374661636],
            [-75.005614071, 43.374209966],
            [-75.005468435, 43.373605403],
            [-75.00493765, 43.373396645],
            [-75.004225284, 43.374001859],
            [-75.003183235, 43.37459446],
            [-75.001981219, 43.376027135],
            [-75.00118774, 43.377640139],
            [-75.00014561, 43.378232719],
            [-74.999446599, 43.379560902],
            [-74.999106994, 43.379886637],
            [-74.997640857, 43.381248481],
            [-74.997652555, 43.382800668],
            [-74.997370702, 43.384856054],
            [-74.998692341, 43.38600866],
            [-74.997912611, 43.38740446],
            [-74.997439121, 43.38758583],
            [-74.994461836, 43.389763264],
            [-74.993528637, 43.390809249],
            [-74.993758344, 43.39315427],
            [-74.9932929, 43.394228841],
            [-74.993143123, 43.394997454],
            [-74.991828836, 43.39512305],
            [-74.990871028, 43.394907342],
            [-74.989264847, 43.395855928],
            [-74.988138678, 43.396946978],
            [-74.984217244, 43.396545976],
            [-74.982943855, 43.39393673],
            [-74.981676324, 43.394218292],
            [-74.980787175, 43.395217593],
            [-74.979975075, 43.396447817],
            [-74.978600342, 43.397341362],
            [-74.977927049, 43.398355276],
            [-74.976939716, 43.398999714],
            [-74.976047723, 43.40014165],
            [-74.97433735, 43.400505099],
            [-74.973176002, 43.400062533],
            [-74.971883741, 43.399026288],
            [-74.968612642, 43.400133509],
            [-74.967362128, 43.401143997],
            [-74.967970945, 43.402633051],
            [-74.966839535, 43.404083599],
            [-74.964605287, 43.40553463],
            [-74.9640948, 43.406025168],
            [-74.963275878, 43.405841519],
            [-74.961522741, 43.406283968],
            [-74.95856739, 43.407236837],
            [-74.956585134, 43.407457996],
            [-74.956089378, 43.40639072],
            [-74.955456204, 43.403584897],
            [-74.954074279, 43.403199899],
            [-74.951116208, 43.403645354],
            [-74.950150138, 43.40360877],
            [-74.947604167, 43.403898432],
            [-74.945424458, 43.403988304],
            [-74.944454503, 43.404212519],
            [-74.942285231, 43.404135103],
            [-74.939607258, 43.405076742],
            [-74.938762939, 43.405184705],
            [-74.936498094, 43.405795377],
            [-74.936147036, 43.406270893],
            [-74.934068928, 43.406932366],
            [-74.933465868, 43.406954741],
            [-74.931391195, 43.408139703],
            [-74.927166318, 43.410273453],
            [-74.927343165, 43.411329891],
            [-74.926594291, 43.412181834],
            [-74.924770636, 43.41338286],
            [-74.92409831, 43.414390382],
            [-74.922568507, 43.415299192],
            [-74.921627903, 43.416192011],
            [-74.920075462, 43.416199651],
            [-74.917103748, 43.416342021],
            [-74.91608883, 43.418044866],
            [-74.915423118, 43.418801646],
            [-74.913845609, 43.419041886],
            [-74.912922498, 43.419229434],
            [-74.910472143, 43.421728318],
            [-74.905879301, 43.423088249],
            [-74.904649674, 43.423721918],
            [-74.904194511, 43.425711825],
            [-74.905036617, 43.427118901],
            [-74.904446267, 43.427424123],
            [-74.903997618, 43.42737147],
            [-74.90291215, 43.426685577],
            [-74.901361634, 43.426361889],
            [-74.900447446, 43.426501323],
            [-74.895171166, 43.42758494],
            [-74.893041885, 43.427643559],
            [-74.891819093, 43.428521481],
            [-74.89047727, 43.429875045],
            [-74.887996171, 43.431305441],
            [-74.88583751, 43.43115254],
            [-74.88437901, 43.431620689],
            [-74.883775717, 43.431642837],
            [-74.883693674, 43.43190497],
            [-74.883861404, 43.432055014],
            [-74.884156456, 43.433265455],
            [-74.884657639, 43.434388974],
            [-74.884999183, 43.435774887],
            [-74.884733824, 43.436298787],
            [-74.882456132, 43.437611648],
            [-74.881986108, 43.438046206],
            [-74.883567821, 43.438671153],
            [-74.88384872, 43.43981257],
            [-74.884576179, 43.441451919],
            [-74.885331688, 43.442715924],
            [-74.885085892, 43.444530211],
            [-74.885449098, 43.444589431],
            [-74.88651536, 43.446785538],
            [-74.888512829, 43.448731998],
            [-74.889385509, 43.449088427],
            [-74.888989203, 43.449344546],
            [-74.887743459, 43.449722643],
            [-74.888061277, 43.450365312],
            [-74.888307298, 43.451828216],
            [-74.888717027, 43.452653761],
            [-74.888658603, 43.454365163],
            [-74.888927984, 43.454914911],
            [-74.888882408, 43.456318451],
            [-74.887735366, 43.457143166],
            [-74.8843063, 43.457825104],
            [-74.884899484, 43.459017452],
            [-74.88493139, 43.45965873],
            [-74.886343209, 43.459436845],
            [-74.887451721, 43.460260069],
            [-74.887970799, 43.461193852],
            [-74.888517269, 43.461620869],
            [-74.888547993, 43.462056383],
            [-74.889290164, 43.463268679],
            [-74.890211676, 43.463946233],
            [-74.89302377, 43.46363496],
            [-74.89496885, 43.463653769],
            [-74.896974468, 43.465633653],
            [-74.897506278, 43.465840831],
            [-74.898202054, 43.467297337],
            [-74.89645281, 43.470713631],
            [-74.898740559, 43.473032174],
            [-74.900186066, 43.473828344],
            [-74.90174984, 43.474246615],
            [-74.902079909, 43.474545755],
            [-74.903531245, 43.476696757],
            [-74.902945861, 43.477747648],
            [-74.902568211, 43.478382492],
            [-74.901433641, 43.479128702],
            [-74.900581244, 43.478591669],
            [-74.899414919, 43.478695541],
            [-74.897813071, 43.478703714],
            [-74.895993458, 43.479636436],
            [-74.893648805, 43.479767879],
            [-74.892385946, 43.479188669],
            [-74.889170294, 43.478404267],
            [-74.8881113, 43.477917423],
            [-74.887067386, 43.475819655],
            [-74.88620419, 43.475717723],
            [-74.885840272, 43.475641192],
            [-74.88219101, 43.475651264],
            [-74.876843034, 43.478455023],
            [-74.875770521, 43.479802082],
            [-74.873278268, 43.481584966],
            [-74.871677672, 43.482826531],
            [-74.870344741, 43.484813525],
            [-74.870248191, 43.485235856],
            [-74.869299452, 43.486720425],
            [-74.867130086, 43.488442922],
            [-74.864668325, 43.489231851],
            [-74.864028501, 43.489197446],
            [-74.86361674, 43.489082916],
            [-74.861754299, 43.489064325],
            [-74.860722128, 43.489310338],
            [-74.859432016, 43.48822797],
            [-74.856242781, 43.489242503],
            [-74.853992662, 43.489451167],
            [-74.852624387, 43.489778972],
            [-74.851022824, 43.489214012],
            [-74.849673185, 43.488074445],
            [-74.849615751, 43.487249147],
            [-74.847631069, 43.485793827],
            [-74.845508308, 43.484721731],
            [-74.843782703, 43.483145021],
            [-74.842549028, 43.482777787],
            [-74.840669622, 43.482604322],
            [-74.838407651, 43.483953929],
            [-74.837331574, 43.483579015],
            [-74.836462413, 43.484484411],
            [-74.834847177, 43.485446616],
            [-74.832798261, 43.486097906],
            [-74.831585586, 43.485758755],
            [-74.82945617, 43.485734823],
            [-74.828501014, 43.486305352],
            [-74.828020505, 43.486466881],
            [-74.828140141, 43.486637137],
            [-74.829916513, 43.487177154],
            [-74.831586516, 43.487827862],
            [-74.833118098, 43.488843455],
            [-74.833227577, 43.490091735],
            [-74.833741082, 43.491308061],
            [-74.831982684, 43.493542957],
            [-74.833191029, 43.494675812],
            [-74.834553428, 43.496611027],
            [-74.837749137, 43.498297722],
            [-74.83918257, 43.499588903],
            [-74.83921364, 43.500022409],
            [-74.840142656, 43.50139913],
            [-74.839901559, 43.501482478],
            [-74.838964163, 43.502186273],
            [-74.837953884, 43.502817881],
            [-74.836963513, 43.503557155],
            [-74.833047369, 43.50532349],
            [-74.831324588, 43.50415505],
            [-74.830092491, 43.504066806],
            [-74.826812763, 43.50595418],
            [-74.825730619, 43.506091707],
            [-74.825198282, 43.506398728],
            [-74.824019531, 43.507185744],
            [-74.821413593, 43.508561988],
            [-74.821668532, 43.509802902],
            [-74.821641006, 43.510954595],
            [-74.819905284, 43.512829388],
            [-74.819766093, 43.513842271],
            [-74.820728763, 43.516023488],
            [-74.821426639, 43.516653193],
            [-74.821403565, 43.517961727],
            [-74.825488309, 43.520014628],
            [-74.827427889, 43.520665204],
            [-74.829289651, 43.521563556],
            [-74.829972954, 43.521612723],
            [-74.830679499, 43.521797018],
            [-74.831503003, 43.521856156],
            [-74.833279655, 43.521447638],
            [-74.836697014, 43.522337221],
            [-74.837281088, 43.52199875],
            [-74.839427931, 43.521247983],
            [-74.840404817, 43.521160941],
            [-74.839646478, 43.52268204],
            [-74.842815086, 43.523508229],
            [-74.845771569, 43.523507414],
            [-74.848429769, 43.523695762],
            [-74.848747218, 43.524168468],
            [-74.852904035, 43.525252513],
            [-74.855713573, 43.525453549],
            [-74.857822825, 43.526002112],
            [-74.859542531, 43.527164203],
            [-74.86126583, 43.52728699],
            [-74.862790708, 43.528023273],
            [-74.867245495, 43.528139218],
            [-74.869277625, 43.528667464],
            [-74.871176394, 43.529582985],
            [-74.873753284, 43.529478727],
            [-74.874312803, 43.531922987],
            [-74.874588659, 43.532605188],
            [-74.873936543, 43.53411358],
            [-74.873913372, 43.536454294],
            [-74.872351637, 43.538444199],
            [-74.868731512, 43.538959748],
            [-74.865224253, 43.538962905],
            [-74.862216871, 43.539447918],
            [-74.86158688, 43.539437783],
            [-74.860500218, 43.539626614],
            [-74.858779165, 43.539438565],
            [-74.85681158, 43.53944604],
            [-74.854738039, 43.538344637],
            [-74.854185891, 43.538314866],
            [-74.85331996, 43.537876515],
            [-74.852465591, 43.537287179],
            [-74.85039861, 43.537516243],
            [-74.848760203, 43.537426577],
            [-74.846560349, 43.536347471],
            [-74.844566546, 43.535791758],
            [-74.841806816, 43.536514797],
            [-74.840873125, 43.53612127],
            [-74.839970428, 43.535495956],
            [-74.836940747, 43.535328679],
            [-74.834458415, 43.534635988],
            [-74.83121135, 43.534647312],
            [-74.829091868, 43.534054668],
            [-74.826759243, 43.534881604],
            [-74.82516199, 43.534794046],
            [-74.824317978, 43.534210483],
            [-74.821072003, 43.533439063],
            [-74.820228042, 43.532855476],
            [-74.816558321, 43.532653107],
            [-74.814496641, 43.531933995],
            [-74.814199337, 43.532309582],
            [-74.812927359, 43.532631375],
            [-74.810795832, 43.533406944],
            [-74.809519268, 43.533591233],
            [-74.809356818, 43.534392587],
            [-74.811034838, 43.535078138],
            [-74.812494025, 43.536440607],
            [-74.813607376, 43.537041363],
            [-74.812451889, 43.53779024],
            [-74.811834753, 43.538384864],
            [-74.811171443, 43.541690386],
            [-74.810389239, 43.54256272],
            [-74.809506735, 43.542291437],
            [-74.808153024, 43.541770866],
            [-74.806028906, 43.541838138],
            [-74.804356659, 43.540754048],
            [-74.803130358, 43.539088253],
            [-74.802123785, 43.538603908],
            [-74.799045061, 43.540242964],
            [-74.797956402, 43.541291223],
            [-74.797100286, 43.541619551],
            [-74.796885352, 43.541732976],
            [-74.79824701, 43.542797609],
            [-74.799810194, 43.545120403],
            [-74.801000613, 43.546197907],
            [-74.800279689, 43.547406463],
            [-74.798178947, 43.550170191],
            [-74.795742948, 43.551568789],
            [-74.795053688, 43.551518513],
            [-74.791647263, 43.550400409],
            [-74.791572783, 43.549422444],
            [-74.790128138, 43.547273939],
            [-74.788970231, 43.546226392],
            [-74.787681288, 43.545519158],
            [-74.78646575, 43.545451625],
            [-74.783100524, 43.546518133],
            [-74.782210111, 43.547049656],
            [-74.782468808, 43.548504624],
            [-74.781195992, 43.549529146],
            [-74.781061609, 43.550183325],
            [-74.779198319, 43.552057635],
            [-74.778958661, 43.553254482],
            [-74.777038166, 43.554323731],
            [-74.77599587, 43.556227981],
            [-74.771974919, 43.557078252],
            [-74.769706575, 43.556842534],
            [-74.768194152, 43.556332158],
            [-74.767764282, 43.556482501],
            [-74.768112414, 43.557273854],
            [-74.76791736, 43.557665079],
            [-74.767796023, 43.558523844],
            [-74.767126386, 43.559036558],
            [-74.766292727, 43.559879897],
            [-74.76487021, 43.562533763],
            [-74.764956728, 43.56364301],
            [-74.76493533, 43.564772274],
            [-74.765105606, 43.565596974],
            [-74.765136238, 43.566030548],
            [-74.76461311, 43.566362674],
            [-74.760750583, 43.566291105],
            [-74.759911536, 43.566828826],
            [-74.759080897, 43.566866134],
            [-74.757608367, 43.567403452],
            [-74.75684053, 43.567828993],
            [-74.754157922, 43.564547816],
            [-74.755825712, 43.562008465],
            [-74.754271137, 43.562351383],
            [-74.748919004, 43.561015608],
            [-74.748338932, 43.561073445],
            [-74.748072463, 43.561122377],
            [-74.747530662, 43.561589211],
            [-74.745645854, 43.561917749],
            [-74.745015673, 43.561907056],
            [-74.739898469, 43.564427858],
            [-74.736381138, 43.564549988],
            [-74.733863806, 43.564060698],
            [-74.731914318, 43.562265656],
            [-74.73023155, 43.562748815],
            [-74.7246669, 43.563940087],
            [-74.723376402, 43.56484614],
            [-74.72270629, 43.56471572],
            [-74.721697054, 43.564580258],
            [-74.720677489, 43.565082767],
            [-74.719327365, 43.564966727],
            [-74.717861242, 43.565066396],
            [-74.716252099, 43.565013346],
            [-74.715700884, 43.565093017],
            [-74.714940087, 43.565646581],
            [-74.714229566, 43.566324704],
            [-74.712614035, 43.566405179],
            [-74.711185891, 43.566705939],
            [-74.710359363, 43.566824389],
            [-74.709565345, 43.566991249],
            [-74.708325866, 43.567167882],
            [-74.704701478, 43.569479347],
            [-74.703539012, 43.569034273],
            [-74.702923705, 43.568635978],
            [-74.700332433, 43.567945419],
            [-74.699171725, 43.56719258],
            [-74.698289345, 43.566920542],
            [-74.69808359, 43.56704182],
            [-74.696815814, 43.567194317],
            [-74.695478184, 43.567510869],
            [-74.694539163, 43.567247806],
            [-74.69312754, 43.567401403],
            [-74.692302205, 43.56789365],
            [-74.692873559, 43.569148514],
            [-74.693252332, 43.570785287],
            [-74.694157045, 43.572271543],
            [-74.694990458, 43.574115479],
            [-74.694908274, 43.575187569],
            [-74.694364431, 43.575281304],
            [-74.692000958, 43.575079284],
            [-74.689309481, 43.575554595],
            [-74.688244808, 43.576481391],
            [-74.687978236, 43.576530203],
            [-74.686886575, 43.576125694],
            [-74.686393097, 43.575229298],
            [-74.684662334, 43.57440739],
            [-74.684114293, 43.573419082],
            [-74.682954681, 43.57302167],
            [-74.681814298, 43.573035593],
            [-74.681276009, 43.57411242],
            [-74.680099058, 43.575355656],
            [-74.679091662, 43.577101735],
            [-74.677677856, 43.577940915],
            [-74.676714839, 43.578262922],
            [-74.67519635, 43.578224322],
            [-74.672808874, 43.579399863],
            [-74.671907825, 43.577619951],
            [-74.670770198, 43.577398372],
            [-74.669857263, 43.577543318],
            [-74.668161368, 43.578102296],
            [-74.667123424, 43.578339753],
            [-74.664573975, 43.579705012],
            [-74.663449388, 43.580913709],
            [-74.66245452, 43.581562129],
            [-74.661418736, 43.582301827],
            [-74.657511065, 43.58385711],
            [-74.654500606, 43.585750637],
            [-74.65230205, 43.585687106],
            [-74.647123081, 43.586158258],
            [-74.645793464, 43.587106931],
            [-74.645560923, 43.587198973],
            [-74.644981841, 43.588307851],
            [-74.643327509, 43.589996897],
            [-74.642472923, 43.591521428],
            [-74.64180591, 43.592285151],
            [-74.641611804, 43.593028732],
            [-74.641441256, 43.593490749],
            [-74.650458762, 43.595307186],
            [-74.650955591, 43.595532224],
            [-74.650348392, 43.596183038],
            [-74.650827923, 43.597273398],
            [-74.651161969, 43.598633868],
            [-74.650343027, 43.600253732],
            [-74.648323511, 43.60073671],
            [-74.647839188, 43.601207406],
            [-74.647993746, 43.603340833],
            [-74.647397515, 43.604522347],
            [-74.645740406, 43.605559386],
            [-74.645030898, 43.606965696],
            [-74.64538339, 43.607702339],
            [-74.644834829, 43.610656122],
            [-74.644511073, 43.611016461],
            [-74.643719316, 43.610645908],
            [-74.641264455, 43.610388243],
            [-74.639791106, 43.61005409],
            [-74.635950965, 43.611012731],
            [-74.635195695, 43.611412941],
            [-74.63286483, 43.610896543],
            [-74.631547433, 43.609864096],
            [-74.629477672, 43.610880424],
            [-74.628209275, 43.610955847],
            [-74.62736591, 43.611369513],
            [-74.627138297, 43.611464511],
            [-74.626345877, 43.613262185],
            [-74.625981489, 43.615049598],
            [-74.626075432, 43.61665615],
            [-74.625733372, 43.619258418],
            [-74.624356664, 43.62078535],
            [-74.623675926, 43.621797839],
            [-74.622367099, 43.622640049],
            [-74.620971099, 43.625488835],
            [-74.619526288, 43.627323423],
            [-74.619625849, 43.627876311],
            [-74.618902425, 43.627968246],
            [-74.617235382, 43.627395119],
            [-74.614674128, 43.628128916],
            [-74.613303216, 43.629203242],
            [-74.613052948, 43.629275106],
            [-74.610952068, 43.628071265],
            [-74.609216211, 43.628091047],
            [-74.608275284, 43.630146547],
            [-74.607258086, 43.633683718],
            [-74.606082408, 43.634237539],
            [-74.604186298, 43.634854631],
            [-74.602760006, 43.634596815],
            [-74.601471783, 43.634958594],
            [-74.600435947, 43.634771607],
            [-74.598554083, 43.634892169],
            [-74.594982545, 43.635845807],
            [-74.591679712, 43.637402851],
            [-74.590668595, 43.637589403],
            [-74.589593265, 43.637394738],
            [-74.588679102, 43.637257901],
            [-74.588135755, 43.637159623],
            [-74.585947211, 43.636832938],
            [-74.58283252, 43.634940897],
            [-74.578107366, 43.633163198],
            [-74.577763436, 43.632420115],
            [-74.577557097, 43.63073764],
            [-74.575095639, 43.627566612],
            [-74.574726843, 43.626413237],
            [-74.573418226, 43.625617483],
            [-74.572327014, 43.625454496],
            [-74.569457145, 43.624693871],
            [-74.56626986, 43.624215804],
            [-74.563106939, 43.621201147],
            [-74.560970607, 43.620280308],
            [-74.560755264, 43.619679078],
            [-74.562510319, 43.617045049],
            [-74.562440128, 43.615030564],
            [-74.571863423, 43.610583365],
            [-74.575152649, 43.610551394],
            [-74.575543323, 43.609437298],
            [-74.575153045, 43.609366369],
            [-74.573491032, 43.609117688],
            [-74.572681822, 43.606585815],
            [-74.571245418, 43.605967125],
            [-74.571606324, 43.604927849],
            [-74.569321545, 43.603028042],
            [-74.568278828, 43.603258674],
            [-74.566401406, 43.603893274],
            [-74.565062702, 43.603024536],
            [-74.564337237, 43.603217073],
            [-74.562529721, 43.604176694],
            [-74.561426955, 43.604332711],
            [-74.559906693, 43.604784938],
            [-74.559114408, 43.60370371],
            [-74.557490253, 43.604106412],
            [-74.556743956, 43.60468333],
            [-74.553960554, 43.606132261],
            [-74.552998663, 43.606822201],
            [-74.55200433, 43.607463677],
            [-74.551171759, 43.608705084],
            [-74.549844788, 43.608231365],
            [-74.548714916, 43.607496094],
            [-74.547496666, 43.608839624],
            [-74.545309892, 43.613295121],
            [-74.544588249, 43.61398168],
            [-74.542779867, 43.615035814],
            [-74.541838417, 43.616448843],
            [-74.53779578, 43.614788746],
            [-74.536695465, 43.614073334],
            [-74.535271567, 43.614372131],
            [-74.534546312, 43.614206857],
            [-74.533319022, 43.614077014],
            [-74.530880849, 43.612753305],
            [-74.529717287, 43.611167526],
            [-74.528031837, 43.612060811],
            [-74.52700733, 43.612026965],
            [-74.527247809, 43.610767334],
            [-74.526766692, 43.609893578],
            [-74.526585002, 43.609750361],
            [-74.524041632, 43.609563059],
            [-74.522741103, 43.608931794],
            [-74.521753103, 43.60885869],
            [-74.521099433, 43.608413183],
            [-74.520206207, 43.607949546],
            [-74.518578518, 43.605513117],
            [-74.517152603, 43.605031256],
            [-74.516445306, 43.604547742],
            [-74.515100564, 43.604448882],
            [-74.513778893, 43.603247236],
            [-74.512562392, 43.602615757],
            [-74.511268362, 43.601440206],
            [-74.51017151, 43.601689452],
            [-74.508448863, 43.601106584],
            [-74.50714361, 43.600472186],
            [-74.506153934, 43.600573223],
            [-74.506069685, 43.598308332],
            [-74.505340335, 43.597800611],
            [-74.503930101, 43.59708304],
            [-74.505012442, 43.596279766],
            [-74.505102271, 43.594762438],
            [-74.504243276, 43.593349659],
            [-74.50560708, 43.590990812],
            [-74.507363481, 43.589912464],
            [-74.507878407, 43.588955884],
            [-74.506898241, 43.588128598],
            [-74.50619873, 43.587771282],
            [-74.505611054, 43.587363542],
            [-74.503994625, 43.586730291],
            [-74.504072903, 43.586017037],
            [-74.504815511, 43.585059431],
            [-74.505951882, 43.583299731],
            [-74.507023014, 43.582942873],
            [-74.507229155, 43.582821889],
            [-74.508261989, 43.58277222],
            [-74.510723616, 43.581470308],
            [-74.511353939, 43.58148212],
            [-74.51189808, 43.581389139],
            [-74.513221146, 43.581460806],
            [-74.5139769, 43.581941617],
            [-74.515863132, 43.584409111],
            [-74.51827642, 43.58470123],
            [-74.521866398, 43.583893142],
            [-74.523235642, 43.583688983],
            [-74.525966336, 43.582892536],
            [-74.526329963, 43.582952761],
            [-74.52975148, 43.581209405],
            [-74.533047105, 43.581379096],
            [-74.535554404, 43.580738354],
            [-74.536030455, 43.580145945],
            [-74.536728752, 43.57844398],
            [-74.537146005, 43.577848304],
            [-74.538167847, 43.57520656],
            [-74.539329098, 43.574021901],
            [-74.541200294, 43.573799418],
            [-74.541664957, 43.572942248],
            [-74.541768445, 43.572036072],
            [-74.543090274, 43.57032853],
            [-74.543422199, 43.567317306],
            [-74.544790911, 43.56587503],
            [-74.545662018, 43.565430974],
            [-74.548844098, 43.564790827],
            [-74.550162538, 43.564950821],
            [-74.552598376, 43.565695369],
            [-74.556975628, 43.563968609],
            [-74.557999782, 43.564620655],
            [-74.559204293, 43.565288515],
            [-74.56069194, 43.56780876],
            [-74.562743549, 43.567075042],
            [-74.566072932, 43.564901083],
            [-74.5669684, 43.564173304],
            [-74.567939538, 43.563264122],
            [-74.56947961, 43.562953164],
            [-74.571389608, 43.564166281],
            [-74.573756321, 43.56445191],
            [-74.574495762, 43.564608598],
            [-74.576092825, 43.56428759],
            [-74.577756118, 43.564284529],
            [-74.579251518, 43.563982237],
            [-74.582428348, 43.56369489],
            [-74.584347068, 43.563039129],
            [-74.584430414, 43.562777124],
            [-74.584793985, 43.562837186],
            [-74.585136886, 43.56110131],
            [-74.585350281, 43.560618413],
            [-74.584389535, 43.559992174],
            [-74.583338828, 43.559423239],
            [-74.584864486, 43.556863722],
            [-74.587247402, 43.554446916],
            [-74.589732228, 43.552649096],
            [-74.590194779, 43.551871276],
            [-74.589709028, 43.551631613],
            [-74.588904517, 43.551585972],
            [-74.587411043, 43.550548584],
            [-74.584909445, 43.549278899],
            [-74.583072068, 43.547819448],
            [-74.582832746, 43.546673602],
            [-74.58288726, 43.545975958],
            [-74.582882624, 43.545182364],
            [-74.583196035, 43.544610451],
            [-74.582799797, 43.543995595],
            [-74.58141191, 43.542777353],
            [-74.581842938, 43.540839596],
            [-74.582192774, 43.540529008],
            [-74.582539695, 43.53985169],
            [-74.583981789, 43.538286782],
            [-74.585141443, 43.537121157],
            [-74.586189788, 43.534388148],
            [-74.586075563, 43.532867682],
            [-74.587128958, 43.529028206],
            [-74.587708139, 43.528710283],
            [-74.589426697, 43.528718505],
            [-74.590216072, 43.528284502],
            [-74.591912552, 43.527666449],
            [-74.592297872, 43.526848999],
            [-74.592553083, 43.525369151],
            [-74.594358536, 43.523599314],
            [-74.595961895, 43.523443027],
            [-74.598656616, 43.523538079],
            [-74.600731654, 43.522781055],
            [-74.601276857, 43.521629178],
            [-74.600181954, 43.521106898],
            [-74.596896015, 43.520277617],
            [-74.596533443, 43.51887993],
            [-74.595433457, 43.518543103],
            [-74.595228033, 43.518380987],
            [-74.594738, 43.517422168],
            [-74.5947446, 43.516385985],
            [-74.5946461, 43.516207065],
            [-74.595634116, 43.515861898],
            [-74.596842861, 43.51465272],
            [-74.599260943, 43.514075234],
            [-74.602192693, 43.51379905],
            [-74.603994389, 43.514672859],
            [-74.605379817, 43.514242469],
            [-74.606643414, 43.514082765],
            [-74.607899612, 43.513795808],
            [-74.607973526, 43.513299628],
            [-74.608300415, 43.512947542],
            [-74.607804325, 43.512722376],
            [-74.606419625, 43.512228761],
            [-74.605510674, 43.511516419],
            [-74.604456118, 43.51073586],
            [-74.603012273, 43.508923766],
            [-74.600412972, 43.508887558],
            [-74.599976227, 43.508532135],
            [-74.599788698, 43.507580239],
            [-74.598104206, 43.506206545],
            [-74.597371134, 43.504715361],
            [-74.598558142, 43.503893621],
            [-74.598789488, 43.503804746],
            [-74.599219773, 43.503578557],
            [-74.603119021, 43.503583976],
            [-74.603259584, 43.502878012],
            [-74.603404292, 43.502554018],
            [-74.604029512, 43.502315856],
            [-74.60310523, 43.500937473],
            [-74.603305463, 43.499178298],
            [-74.60234187, 43.497472447],
            [-74.601056147, 43.495671361],
            [-74.601273625, 43.494140155],
            [-74.600262323, 43.494409284],
            [-74.598763686, 43.49444494],
            [-74.597274536, 43.494826812],
            [-74.595020395, 43.494777434],
            [-74.593900241, 43.493960061],
            [-74.5914235, 43.494084936],
            [-74.5902987, 43.493263525],
            [-74.587741036, 43.492440029],
            [-74.586490548, 43.493236069],
            [-74.586245774, 43.493310849],
            [-74.583930188, 43.494582424],
            [-74.583181092, 43.494796772],
            [-74.581881444, 43.496216928],
            [-74.580524857, 43.496387896],
            [-74.576029894, 43.495870661],
            [-74.572134963, 43.496490903],
            [-74.572073025, 43.493886891],
            [-74.572224541, 43.492922065],
            [-74.572209441, 43.492481171],
            [-74.571984857, 43.49155322],
            [-74.572389132, 43.490939357],
            [-74.57206646, 43.490301085],
            [-74.57181786, 43.488941539],
            [-74.570470513, 43.487881666],
            [-74.570077261, 43.487164926],
            [-74.569351122, 43.486593444],
            [-74.569306208, 43.485269753],
            [-74.567642525, 43.485448975],
            [-74.565842591, 43.484817158],
            [-74.565674778, 43.484668743],
            [-74.566523559, 43.48372778],
            [-74.565721617, 43.481742368],
            [-74.566126843, 43.47973596],
            [-74.567096107, 43.47843473],
            [-74.569021085, 43.474353308],
            [-74.56981663, 43.474048748],
            [-74.570521037, 43.472866337],
            [-74.573843034, 43.471602261],
            [-74.574548674, 43.47054715],
            [-74.575597262, 43.469709276],
            [-74.576172206, 43.468482826],
            [-74.576255468, 43.46822087],
            [-74.575429272, 43.467833197],
            [-74.571051077, 43.467687034],
            [-74.568828829, 43.465868354],
            [-74.568529539, 43.464311951],
            [-74.568145621, 43.463359793],
            [-74.568481867, 43.461419602],
            [-74.568869269, 43.461271547],
            [-74.571072396, 43.458886444],
            [-74.57330449, 43.458569804],
            [-74.574188891, 43.457252441],
            [-74.574503366, 43.456901665],
            [-74.574027735, 43.456670001],
            [-74.572076336, 43.456009885],
            [-74.572610693, 43.452187503],
            [-74.573469541, 43.451063043],
            [-74.574545717, 43.449912088],
            [-74.575843359, 43.447350235],
            [-74.576048321, 43.447231219],
            [-74.576131558, 43.446969272],
            [-74.577946313, 43.447269626],
            [-74.578610635, 43.446888439],
            [-74.580412455, 43.446477929],
            [-74.584011662, 43.446741752],
            [-74.584252877, 43.44665888],
            [-74.586696758, 43.446970571],
            [-74.58723973, 43.446877301],
            [-74.587773622, 43.445816446],
            [-74.589564189, 43.445591363],
            [-74.59055315, 43.443623553],
            [-74.590189622, 43.443076618],
            [-74.588943258, 43.441945305],
            [-74.589283293, 43.441269194],
            [-74.589622781, 43.438451925],
            [-74.59006796, 43.437970916],
            [-74.591156705, 43.438151013],
            [-74.592095085, 43.437488797],
            [-74.59271607, 43.436341133],
            [-74.592855259, 43.435056701],
            [-74.595289832, 43.433610208],
            [-74.597218554, 43.432967452],
            [-74.597507223, 43.432584406],
            [-74.597644633, 43.431624941],
            [-74.597421633, 43.430541257],
            [-74.598725495, 43.428237886],
            [-74.598752249, 43.427965534],
            [-74.598956316, 43.427585732],
            [-74.599012068, 43.427071555],
            [-74.602974656, 43.426600319],
            [-74.603389701, 43.425837548],
            [-74.603526073, 43.424561315],
            [-74.604045138, 43.424016056],
            [-74.604234685, 43.422647389],
            [-74.602811528, 43.420249602],
            [-74.602928841, 43.419409614],
            [-74.603688104, 43.418596087],
            [-74.604263948, 43.417834076],
            [-74.604912307, 43.417144364],
            [-74.605984328, 43.415739632],
            [-74.607354785, 43.415312537],
            [-74.609601535, 43.415226293],
            [-74.611210309, 43.413991044],
            [-74.611382466, 43.412394474],
            [-74.611385266, 43.410974521],
            [-74.612317575, 43.410649423],
            [-74.612522364, 43.410530357],
            [-74.613117139, 43.41049837],
            [-74.614035279, 43.410311991],
            [-74.616408373, 43.410184085],
            [-74.62154515, 43.409147351],
            [-74.625276973, 43.409475313],
            [-74.627750571, 43.409462883],
            [-74.627955978, 43.409341747],
            [-74.628799537, 43.409239871],
            [-74.630018921, 43.408855476],
            [-74.631308245, 43.40855154],
            [-74.637837915, 43.405770473],
            [-74.638564598, 43.406131657],
            [-74.639599139, 43.407008841],
            [-74.641091788, 43.407117425],
            [-74.64451037, 43.405155559],
            [-74.645227686, 43.404905693],
            [-74.646268234, 43.40306923],
            [-74.646435986, 43.401521587],
            [-74.646658982, 43.401099685],
            [-74.646695543, 43.399551932],
            [-74.642623099, 43.399322261],
            [-74.641327482, 43.397291831],
            [-74.640637304, 43.397098199],
            [-74.640074726, 43.397066691],
            [-74.639176628, 43.396813955],
            [-74.637506393, 43.396739519],
            [-74.637420459, 43.396238619],
            [-74.638370775, 43.393896318],
            [-74.638068363, 43.393118473],
            [-74.638678823, 43.389796194],
            [-74.637526032, 43.388878995],
            [-74.636130986, 43.388388019],
            [-74.636293114, 43.386745787],
            [-74.636337598, 43.384514517],
            [-74.63753321, 43.383902254],
            [-74.640837014, 43.383053451],
            [-74.641792338, 43.381466858],
            [-74.644577739, 43.378317527],
            [-74.643178501, 43.377294003],
            [-74.642056319, 43.375828447],
            [-74.641182163, 43.37493575],
            [-74.641966027, 43.371158793],
            [-74.641839769, 43.370992583],
            [-74.640293214, 43.370529348],
            [-74.639355349, 43.369875913],
            [-74.638825063, 43.369667728],
            [-74.638831047, 43.367915786],
            [-74.639965435, 43.365781724],
            [-74.64241758, 43.36487098],
            [-74.643261866, 43.364764926],
            [-74.643466464, 43.364645821],
            [-74.645062601, 43.364744676],
            [-74.646636861, 43.363650134],
            [-74.650057159, 43.361581265],
            [-74.652437358, 43.361028889],
            [-74.651050125, 43.359497071],
            [-74.652571194, 43.359399345],
            [-74.653394997, 43.359244639],
            [-74.654659645, 43.357714567],
            [-74.657491424, 43.356487314],
            [-74.657986915, 43.356937317],
            [-74.658516144, 43.357733112],
            [-74.659925856, 43.357836571],
            [-74.661329324, 43.358204918],
            [-74.663194066, 43.359754013],
            [-74.665695896, 43.359494966],
            [-74.66533419, 43.360149111],
            [-74.664919372, 43.360744968],
            [-74.666422128, 43.36417549],
            [-74.667125128, 43.364271004],
            [-74.670141169, 43.363535736],
            [-74.670472283, 43.363827211],
            [-74.66911418, 43.366351899],
            [-74.667546391, 43.368011905],
            [-74.667432402, 43.370390836],
            [-74.666798218, 43.371567465],
            [-74.667297113, 43.372007211],
            [-74.667409191, 43.372180738],
            [-74.667827261, 43.374404116],
            [-74.668441812, 43.375911611],
            [-74.671598312, 43.376242669],
            [-74.672535041, 43.377523326],
            [-74.676811352, 43.377971053],
            [-74.679954008, 43.37787433],
            [-74.680135833, 43.376959004],
            [-74.680758535, 43.376459799],
            [-74.681055894, 43.376084614],
            [-74.681662349, 43.376410667],
            [-74.683248042, 43.376354403],
            [-74.684691102, 43.377127309],
            [-74.685242464, 43.377325832],
            [-74.686109242, 43.378677724],
            [-74.687367573, 43.379054097],
            [-74.687399342, 43.380161803],
            [-74.68793747, 43.380893217],
            [-74.690778149, 43.381545319],
            [-74.692313866, 43.3814021],
            [-74.694686772, 43.381477504],
            [-74.69681446, 43.38034651],
            [-74.697262183, 43.378096928],
            [-74.698518948, 43.376400472],
            [-74.701512903, 43.375735084],
            [-74.702160921, 43.375702907],
            [-74.703209129, 43.375479315],
            [-74.70660394, 43.374393216],
            [-74.707555508, 43.37190581],
            [-74.707939396, 43.371274622],
            [-74.708691329, 43.370232487],
            [-74.709035042, 43.368897078],
            [-74.71509675, 43.366704997],
            [-74.715647055, 43.365243198],
            [-74.715460342, 43.364058426],
            [-74.717444166, 43.362870228],
            [-74.717964346, 43.361465922],
            [-74.71775076, 43.360763331],
            [-74.717144358, 43.359132726],
            [-74.718553438, 43.357177139],
            [-74.718924778, 43.355734364],
            [-74.720372155, 43.354866976],
            [-74.721336941, 43.354188217],
            [-74.7223784, 43.353493005],
            [-74.722504116, 43.352318783],
            [-74.722306668, 43.35173513],
            [-74.722389232, 43.351473133],
            [-74.724033539, 43.351549921],
            [-74.72523756, 43.352645806],
            [-74.726217792, 43.353052511],
            [-74.729397786, 43.352321526],
            [-74.731428149, 43.351153809],
            [-74.733564497, 43.3504061],
            [-74.734860186, 43.350094948],
            [-74.737974087, 43.349005236],
            [-74.739752134, 43.348694776],
            [-74.740998229, 43.349297928],
            [-74.74122887, 43.349208826],
            [-74.742540247, 43.346311368],
            [-74.745762504, 43.346371734],
            [-74.747746248, 43.347660106],
            [-74.750244675, 43.347786531],
            [-74.750327127, 43.347524519],
            [-74.75348795, 43.348196752],
            [-74.754639696, 43.348929569],
            [-74.75649369, 43.349494645],
            [-74.758231946, 43.349139736],
            [-74.759270956, 43.349965929],
            [-74.760458779, 43.350830545],
            [-74.760749508, 43.351838437],
            [-74.763149565, 43.354039856],
            [-74.764178769, 43.353988204],
            [-74.766627338, 43.352682036],
            [-74.766924125, 43.352306673],
            [-74.769396932, 43.350506097],
            [-74.769715393, 43.348356135],
            [-74.769316649, 43.347369303],
            [-74.769517923, 43.346369041],
            [-74.770885876, 43.346679734],
            [-74.772275415, 43.346144712],
            [-74.772495192, 43.345635079],
            [-74.77090714, 43.34477377],
            [-74.770576531, 43.343968197],
            [-74.771204463, 43.342520266],
            [-74.771504542, 43.340807551],
            [-74.772551992, 43.34058342],
            [-74.773167147, 43.340218353],
            [-74.776062078, 43.340332993],
            [-74.777345256, 43.340192726],
            [-74.778128944, 43.339139545],
            [-74.779094658, 43.339175341],
            [-74.780996148, 43.338507949],
            [-74.781904633, 43.339465347],
            [-74.782447863, 43.340542546],
            [-74.782980243, 43.341445751],
            [-74.786266801, 43.339820523],
            [-74.787408189, 43.340529783],
            [-74.78926094, 43.341098483],
            [-74.791790782, 43.34055446],
            [-74.792713803, 43.340062225],
            [-74.793749683, 43.339912457],
            [-74.797007778, 43.3386612],
            [-74.799354235, 43.336860042],
            [-74.798545363, 43.335755545],
            [-74.797796805, 43.335350818],
            [-74.796703713, 43.334468765],
            [-74.795873719, 43.334911686],
            [-74.793534959, 43.333026713],
            [-74.790116533, 43.331886943],
            [-74.788662135, 43.330524704],
            [-74.787584501, 43.329669841],
            [-74.786857678, 43.329385916],
            [-74.786097468, 43.32820319],
            [-74.783015767, 43.327964403],
            [-74.780851147, 43.328598261],
            [-74.779751691, 43.329254091],
            [-74.777583089, 43.329957215],
            [-74.777506404, 43.329537782],
            [-74.778000386, 43.328401565],
            [-74.777374925, 43.327548707],
            [-74.77646362, 43.327453997],
            [-74.775323741, 43.327195826],
            [-74.773232645, 43.327462772],
            [-74.770744841, 43.327456815],
            [-74.770290743, 43.32772667],
            [-74.768398067, 43.328328577],
            [-74.766194147, 43.328594115],
            [-74.765413786, 43.329181707],
            [-74.764582336, 43.330632745],
            [-74.763387167, 43.33077763],
            [-74.762614801, 43.330960745],
            [-74.762012353, 43.330982331],
            [-74.761159537, 43.33047412],
            [-74.760377155, 43.329704078],
            [-74.759079484, 43.329398311],
            [-74.757488863, 43.329796769],
            [-74.755701824, 43.329796971],
            [-74.753391698, 43.329869409],
            [-74.752462447, 43.329263534],
            [-74.752081877, 43.329223589],
            [-74.750591687, 43.328886087],
            [-74.747413725, 43.329558473],
            [-74.746820679, 43.329587993],
            [-74.745928547, 43.329318615],
            [-74.744979849, 43.328528645],
            [-74.742794058, 43.328527687],
            [-74.740862969, 43.328455557],
            [-74.739027371, 43.328647752],
            [-74.739258673, 43.326966774],
            [-74.733967134, 43.327805737],
            [-74.730929564, 43.327766713],
            [-74.726665762, 43.326665759],
            [-74.725912893, 43.325179092],
            [-74.72576566, 43.325022459],
            [-74.726858933, 43.324369223],
            [-74.731370623, 43.322923264],
            [-74.732924463, 43.322736512],
            [-74.734264945, 43.321940916],
            [-74.735796486, 43.321427545],
            [-74.736641272, 43.320749525],
            [-74.73560072, 43.319930358],
            [-74.736625133, 43.31847352],
            [-74.737745902, 43.318451218],
            [-74.74027025, 43.317053801],
            [-74.740092182, 43.316484168],
            [-74.737816441, 43.313553417],
            [-74.737468148, 43.312067761],
            [-74.735950122, 43.31248215],
            [-74.734585252, 43.31203155],
            [-74.733468828, 43.311453896],
            [-74.732674821, 43.311554669],
            [-74.731388017, 43.313731446],
            [-74.727225307, 43.313938721],
            [-74.725042309, 43.315102536],
            [-74.723827561, 43.314231968],
            [-74.723129936, 43.314499256],
            [-74.720437484, 43.315937595],
            [-74.71942355, 43.317643657],
            [-74.717400511, 43.318261061],
            [-74.716763392, 43.318600725],
            [-74.715727112, 43.318997373],
            [-74.713643669, 43.319295842],
            [-74.712526971, 43.319531752],
            [-74.711732022, 43.31995628],
            [-74.710965048, 43.319706164],
            [-74.71061272, 43.318669627],
            [-74.711603111, 43.317965126],
            [-74.708963365, 43.317175084],
            [-74.708851272, 43.317001608],
            [-74.709694408, 43.31606511],
            [-74.708556282, 43.31495187],
            [-74.709867589, 43.3129267],
            [-74.710639462, 43.312631878],
            [-74.711062197, 43.312405488],
            [-74.711424554, 43.312465176],
            [-74.712124208, 43.310774143],
            [-74.713278419, 43.309530435],
            [-74.713270914, 43.308325741],
            [-74.712750628, 43.306196966],
            [-74.712037061, 43.305002989],
            [-74.71123906, 43.303264415],
            [-74.710970372, 43.303021012],
            [-74.711064769, 43.301795436],
            [-74.71009901, 43.300948489],
            [-74.710111803, 43.30011421],
            [-74.712138574, 43.299823786],
            [-74.711227097, 43.298237675],
            [-74.712028425, 43.297811028],
            [-74.712258931, 43.297721984],
            [-74.71223516, 43.297060375],
            [-74.711288892, 43.295244639],
            [-74.711272944, 43.294803909],
            [-74.710948288, 43.293831159],
            [-74.711304069, 43.291870423],
            [-74.710979427, 43.290897677],
            [-74.710407191, 43.290710819],
            [-74.70997524, 43.290456654],
            [-74.710262037, 43.290075499],
            [-74.710968417, 43.289534204],
            [-74.709370167, 43.287142784],
            [-74.708874843, 43.286693027],
            [-74.711158368, 43.285473008],
            [-74.712712495, 43.285396476],
            [-74.713025478, 43.285045472],
            [-74.713701565, 43.28403311],
            [-74.717715499, 43.281797838],
            [-74.715596424, 43.280927769],
            [-74.715290271, 43.280179833],
            [-74.715501235, 43.279699004],
            [-74.715304018, 43.278605201],
            [-74.715789317, 43.27749899],
            [-74.715933559, 43.276757453],
            [-74.719242672, 43.276759044],
            [-74.722554868, 43.275767583],
            [-74.724013719, 43.275557942],
            [-74.725193661, 43.275307736],
            [-74.727175837, 43.275023871],
            [-74.727455155, 43.274873972],
            [-74.727086641, 43.27451299],
            [-74.725486519, 43.272221651],
            [-74.725547294, 43.271253267],
            [-74.724489012, 43.270833565],
            [-74.72174088, 43.268332625],
            [-74.721826941, 43.266660174],
            [-74.721714253, 43.26648877],
            [-74.722043167, 43.266048913],
            [-74.723252812, 43.265760593],
            [-74.725771556, 43.265529663],
            [-74.727526022, 43.264966167],
            [-74.728083244, 43.264235625],
            [-74.729811355, 43.264360915],
            [-74.730174165, 43.264456178],
            [-74.731318985, 43.264335788],
            [-74.734621188, 43.26420572],
            [-74.736540732, 43.264857534],
            [-74.739576015, 43.264194762],
            [-74.740001388, 43.263939736],
            [-74.74269512, 43.263643668],
            [-74.74453084, 43.264183618],
            [-74.744744993, 43.264070331],
            [-74.74690846, 43.263586827],
            [-74.75012777, 43.262773306],
            [-74.750341909, 43.262660011],
            [-74.751513623, 43.263248829],
            [-74.75294779, 43.264630956],
            [-74.754982007, 43.264406967],
            [-74.757667628, 43.264515008],
            [-74.761979396, 43.263386869],
            [-74.763803072, 43.262298367],
            [-74.763941221, 43.260968267],
            [-74.764807996, 43.260046387],
            [-74.767717154, 43.260161939],
            [-74.768850842, 43.26003834],
            [-74.770734049, 43.259972272],
            [-74.772488257, 43.26067706],
            [-74.773856563, 43.260526326],
            [-74.77661387, 43.259647077],
            [-74.777653304, 43.260524914],
            [-74.780252894, 43.259844605],
            [-74.782102154, 43.259621059],
            [-74.78355867, 43.258752926],
            [-74.786971639, 43.259063804],
            [-74.787851535, 43.260260786],
            [-74.79012618, 43.26004672],
            [-74.791124738, 43.260694947],
            [-74.792003555, 43.260966222],
            [-74.793616547, 43.260680049],
            [-74.794636135, 43.260426659],
            [-74.797885181, 43.259932277],
            [-74.799804471, 43.259826523],
            [-74.802413152, 43.259059067],
            [-74.80407309, 43.260520565],
            [-74.805546663, 43.261115316],
            [-74.807214331, 43.26025578],
            [-74.809167232, 43.259473154],
            [-74.811917629, 43.259145225],
            [-74.813335337, 43.261000509],
            [-74.816033956, 43.260761918],
            [-74.817220723, 43.260696118],
            [-74.817813143, 43.260666285],
            [-74.821453498, 43.260118219],
            [-74.8245766, 43.258447948],
            [-74.824806828, 43.258358713],
            [-74.825573377, 43.257810754],
            [-74.827562979, 43.256225805],
            [-74.829856137, 43.255419077],
            [-74.833729015, 43.254525777],
            [-74.83717533, 43.254386728],
            [-74.839353434, 43.253129533],
            [-74.839925281, 43.253279164],
            [-74.842764312, 43.25260902],
            [-74.845038953, 43.252316602],
            [-74.8454234, 43.252095502],
            [-74.846741006, 43.252181088],
            [-74.84926772, 43.252109572],
            [-74.853617982, 43.250410556],
            [-74.856053996, 43.250400467],
            [-74.857387759, 43.250282009],
            [-74.859330562, 43.24928087],
            [-74.860442086, 43.2472474],
            [-74.862434768, 43.247037692],
            [-74.864391128, 43.246791886],
            [-74.866932947, 43.246861333],
            [-74.868504998, 43.248245029],
            [-74.872751925, 43.246055198],
            [-74.874676886, 43.245281222],
            [-74.87692518, 43.243947913],
            [-74.878664008, 43.242303184],
            [-74.880936712, 43.2410244],
            [-74.882498311, 43.239432442],
            [-74.883099919, 43.239410307],
            [-74.88424565, 43.239283472],
            [-74.884606624, 43.239384446],
            [-74.885103865, 43.239410868],
            [-74.886330046, 43.238130925],
            [-74.887442689, 43.236966903],
            [-74.89018017, 43.236045877],
            [-74.891253911, 43.235234819],
            [-74.89231696, 43.232895386],
            [-74.893041177, 43.231946515],
            [-74.894123775, 43.23003955],
            [-74.89578238, 43.229640363],
            [-74.896888615, 43.230115913],
            [-74.897469457, 43.231017696],
            [-74.897637366, 43.231165625],
            [-74.898333467, 43.230897447],
            [-74.89945898, 43.229805421],
            [-74.901301158, 43.228607788],
            [-74.902317402, 43.22786583],
            [-74.902411106, 43.227393797],
            [-74.904846145, 43.225076264],
            [-74.904641641, 43.2239208],
            [-74.904530582, 43.222827938],
            [-74.905038528, 43.221656543],
            [-74.90964132, 43.220622575],
            [-74.911655221, 43.219540068],
            [-74.91357024, 43.215570188],
            [-74.915386334, 43.214511302],
            [-74.915864739, 43.214349529],
            [-74.916530041, 43.21395041],
            [-74.917913292, 43.214337628],
            [-74.920888482, 43.214499562],
            [-74.921540713, 43.21551611],
            [-74.922142736, 43.215491749],
            [-74.925844702, 43.215076199],
            [-74.929177422, 43.21622786],
            [-74.930623114, 43.217426525],
            [-74.931681829, 43.217844528],
            [-74.932402801, 43.21833543],
            [-74.932836725, 43.22009187],
            [-74.932817607, 43.221737828],
            [-74.935122614, 43.223346611],
            [-74.936338035, 43.225151979],
            [-74.936996405, 43.22574881],
            [-74.9373585, 43.225807866],
            [-74.937485205, 43.225973752],
            [-74.938754742, 43.227261889],
            [-74.941619344, 43.228009771],
            [-74.94449299, 43.227926462],
            [-74.947171181, 43.228509356],
            [-74.947876848, 43.229986214],
            [-74.947767708, 43.232056355],
            [-74.947939545, 43.233070782],
            [-74.947282792, 43.233614534],
            [-74.945973751, 43.236024813],
            [-74.947954122, 43.237590046],
            [-74.948935998, 43.238294379],
            [-74.951513478, 43.237062137],
            [-74.954222982, 43.237545589],
            [-74.956023878, 43.238637164],
            [-74.956089726, 43.241407045],
            [-74.960378203, 43.244289252],
            [-74.962557171, 43.243879309],
            [-74.963672467, 43.244556823],
            [-74.964181651, 43.244774199],
            [-74.965141112, 43.244805654],
            [-74.968332552, 43.244811106],
            [-74.973348533, 43.246024548],
            [-74.97441718, 43.248268047],
            [-74.977292916, 43.249786952],
            [-74.978617147, 43.250979122],
            [-74.978772049, 43.251131253],
            [-74.979399948, 43.251980996],
            [-74.982068362, 43.25456965],
            [-74.983301862, 43.253643023],
            [-74.983427723, 43.253276264],
            [-74.983646247, 43.252496471],
            [-74.984467702, 43.252340743],
            [-74.985645385, 43.25226339],
            [-74.988747276, 43.251677186],
            [-74.991232314, 43.252923511],
            [-74.993677874, 43.253282424],
            [-74.994405581, 43.254079452],
            [-74.994320766, 43.256152371],
            [-74.995819897, 43.257491063],
            [-74.995953734, 43.257653726],
            [-74.99728919, 43.257757867],
            [-75.000541373, 43.256860194],
            [-75.001400697, 43.256773973],
            [-75.002153397, 43.256571463],
            [-75.004294846, 43.256531159],
            [-75.006492693, 43.257381972],
            [-75.00842871, 43.257332959],
            [-75.009988828, 43.258686729],
            [-75.011540804, 43.258380598],
            [-75.014374418, 43.258926879],
            [-75.015387625, 43.25767382],
            [-75.017322978, 43.259351932],
            [-75.018659544, 43.259529164],
            [-75.018802874, 43.260773208],
            [-75.01845076, 43.261735678],
            [-75.018966972, 43.263100501],
            [-75.020141626, 43.26433667],
            [-75.020743406, 43.264313904],
            [-75.021514333, 43.264129293],
            [-75.023844967, 43.264150538],
            [-75.025393979, 43.264582658],
            [-75.02661108, 43.264646828],
            [-75.027318684, 43.263918433],
            [-75.027392707, 43.265022135],
            [-75.027220281, 43.26534801],
            [-75.027195605, 43.265619348],
            [-75.027057367, 43.265873331],
            [-75.026982641, 43.266823829],
            [-75.026661292, 43.267169635],
            [-75.025689628, 43.269228679],
            [-75.026213032, 43.271242118],
            [-75.028423505, 43.27268715],
            [-75.029360554, 43.273463026],
            [-75.028914265, 43.274365076],
            [-75.029691602, 43.275656043],
            [-75.031926795, 43.27711791],
            [-75.033684022, 43.27971866],
            [-75.033753445, 43.280588223],
            [-75.033935318, 43.280730658],
            [-75.034400824, 43.281569818],
            [-75.034533713, 43.282253922],
            [-75.034715592, 43.282396357],
            [-75.034842637, 43.282562164],
            [-75.034586135, 43.283715519],
            [-75.035672379, 43.284816686],
            [-75.037243705, 43.285466251],
            [-75.035516814, 43.286603795],
            [-75.035943965, 43.287681958],
            [-75.036152053, 43.288392241],
            [-75.035664562, 43.289158586],
            [-75.038307001, 43.291246701],
            [-75.04028913, 43.29258665],
            [-75.043302264, 43.296454568],
            [-75.044439165, 43.296836756],
            [-75.04621647, 43.296227801],
            [-75.047715483, 43.295844769],
            [-75.049478918, 43.296240251],
            [-75.051684911, 43.296436377],
            [-75.053093331, 43.296268775],
            [-75.053517513, 43.295975041],
            [-75.053216463, 43.293259994],
            [-75.053147149, 43.291717196],
            [-75.054192927, 43.29149084],
            [-75.056214131, 43.290957877],
            [-75.057358225, 43.290817337],
            [-75.058298024, 43.291605213],
            [-75.059424734, 43.292173834],
            [-75.062620203, 43.292343995],
            [-75.064586652, 43.29164179],
            [-75.065480638, 43.290714277],
            [-75.067122423, 43.290157367],
            [-75.069592002, 43.290250701],
            [-75.069746243, 43.290405807],
            [-75.07000053, 43.290737359],
            [-75.072180643, 43.291496826],
            [-75.074753906, 43.290966926],
            [-75.077251675, 43.291911073],
            [-75.078131066, 43.29218352],
            [-75.078343805, 43.292072757],
            [-75.078806043, 43.291886219],
            [-75.07891851, 43.291388192],
            [-75.080137228, 43.290756217],
            [-75.081105299, 43.290607429],
            [-75.082336992, 43.290241028],
            [-75.087883185, 43.29042632],
            [-75.091825206, 43.287816076],
            [-75.092681946, 43.286372674],
            [-75.093334706, 43.286108293],
            [-75.093875713, 43.286012961],
            [-75.09522851, 43.286139235],
            [-75.096483996, 43.286464844],
            [-75.097073859, 43.286865638],
            [-75.097772098, 43.287223728],
            [-75.099287556, 43.28832477],
            [-75.100673397, 43.289037044],
            [-75.101999147, 43.289558918],
            [-75.104414513, 43.291212923]
          ],
          [
            [-75.108378, 43.308359],
            [-75.108361493435496, 43.307701535142499],
            [-75.108168, 43.308328],
            [-75.108376963277863, 43.308362057550816],
            [-75.108378, 43.308359]
          ],
          [
            [-75.108332861086254, 43.30656109411342],
            [-75.108129, 43.307221],
            [-75.108350316745685, 43.307256361904265],
            [-75.108332861086254, 43.30656109411342]
          ],
          [
            [-75.108276143563629, 43.305513711997612],
            [-75.108172, 43.305851],
            [-75.108307235712331, 43.30587304117963],
            [-75.108276143563629, 43.305513711997612]
          ],
          [
            [-75.108192764552243, 43.304550108219672],
            [-75.108052, 43.305006],
            [-75.108234738544482, 43.305035197894163],
            [-75.108192764552243, 43.304550108219672]
          ],
          [
            [-75.108109594612415, 43.303588920662989],
            [-75.107933, 43.304161],
            [-75.108162274252194, 43.304197734548694],
            [-75.108109594612415, 43.303588920662989]
          ],
          [
            [-75.10867122434162, 43.302903310044627],
            [-75.108338, 43.302849],
            [-75.108266354899413, 43.303081094745629],
            [-75.10867122434162, 43.302903310044627]
          ],
          [
            [-75.109130152229199, 43.302701787408523],
            [-75.108781, 43.302646],
            [-75.108706197857231, 43.302887952609943],
            [-75.109130152229199, 43.302701787408523]
          ],
          [
            [-75.109588263747966, 43.302500623253124],
            [-75.109225, 43.302442],
            [-75.109146966737256, 43.302694403886882],
            [-75.109588263747966, 43.302500623253124]
          ],
          [
            [-75.110046308928275, 43.302299488228016],
            [-75.110031, 43.302297],
            [-75.110027705138918, 43.302307657451927],
            [-75.110046308928275, 43.302299488228016]
          ],
          [
            [-75.110801852965054, 43.301870959572831],
            [-75.110556, 43.301831],
            [-75.110485022267298, 43.302061020430045],
            [-75.110801852965054, 43.301870959572831]
          ],
          [
            [-75.111163260682048, 43.301654157788832],
            [-75.111, 43.301628],
            [-75.110952899578365, 43.301780349511972],
            [-75.111163260682048, 43.301654157788832]
          ],
          [
            [-75.111524776053841, 43.301437291424726],
            [-75.111443, 43.301424],
            [-75.111419335946124, 43.301500542989039],
            [-75.111524776053841, 43.301437291424726]
          ],
          [
            [-75.111617947515114, 43.300857960537336],
            [-75.111605, 43.3009],
            [-75.111655143598924, 43.300908011924896],
            [-75.111617947515114, 43.300857960537336]
          ],
          [
            [-75.108868, 43.300055],
            [-75.108529051603568, 43.300127674348623],
            [-75.110174510598227, 43.300393144153325],
            [-75.108868, 43.300055]
          ],
          [
            [-75.107797572267103, 43.300284511745893],
            [-75.107979, 43.300314],
            [-75.108001643991201, 43.300240756472888],
            [-75.107797572267103, 43.300284511745893]
          ],
          [
            [-75.107161, 43.300421],
            [-75.106874247924068, 43.300192185727113],
            [-75.10681, 43.3004],
            [-75.107535, 43.300517],
            [-75.107593337969476, 43.30032830187649],
            [-75.107161, 43.300421]
          ],
          [
            [-75.106569249129862, 43.299948811456503],
            [-75.106529, 43.300079],
            [-75.10678461187355, 43.300120660498727],
            [-75.106569249129862, 43.299948811456503]
          ],
          [
            [-75.10626364523884, 43.299704954347938],
            [-75.106247, 43.299759],
            [-75.106352500946556, 43.299775856900553],
            [-75.10626364523884, 43.299704954347938]
          ],
          [
            [-75.105078, 43.299461],
            [-75.104926353529308, 43.299545007386953],
            [-75.105522, 43.299641],
            [-75.105562362624269, 43.299510444351135],
            [-75.105078, 43.299461]
          ],
          [
            [-75.104541503514739, 43.299758202220595],
            [-75.104715, 43.299786],
            [-75.104761224510327, 43.299636483682647],
            [-75.104541503514739, 43.299758202220595]
          ],
          [
            [-75.104156855638095, 43.299971285076168],
            [-75.104272, 43.29999],
            [-75.104302777180493, 43.299890449119872],
            [-75.104156855638095, 43.299971285076168]
          ],
          [
            [-75.103771420733011, 43.300184803920793],
            [-75.103828, 43.300194],
            [-75.103843053860601, 43.300145121415554],
            [-75.103771420733011, 43.300184803920793]
          ],
          [
            [-75.103002371590549, 43.300610833017274],
            [-75.103303, 43.300659],
            [-75.103383096152925, 43.300399923554714],
            [-75.103002371590549, 43.300610833017274]
          ],
          [
            [-75.102618134196703, 43.300823688478253],
            [-75.10286, 43.300863],
            [-75.102924648823105, 43.300653888991931],
            [-75.102618134196703, 43.300823688478253]
          ],
          [
            [-75.102232699291619, 43.301037207322885],
            [-75.102416, 43.301067],
            [-75.102464770220266, 43.300908647309498],
            [-75.102232699291619, 43.301037207322885]
          ],
          [
            [-75.101848260524719, 43.301250174338215],
            [-75.101972, 43.30127],
            [-75.102004967795537, 43.301163363426781],
            [-75.101848260524719, 43.301250174338215]
          ],
          [
            [-75.101463451992942, 43.301463346191689],
            [-75.101529, 43.301474],
            [-75.101546520465703, 43.301417328864005],
            [-75.101463451992942, 43.301463346191689]
          ],
          [
            [-75.100807, 43.301827],
            [-75.100791669284078, 43.301905488947],
            [-75.101004, 43.30194],
            [-75.101086676092251, 43.30167206821956],
            [-75.100807, 43.301827]
          ],
          [
            [-75.100665, 43.302554],
            [-75.100472631011215, 43.302679924514187],
            [-75.100761, 43.302726],
            [-75.100923, 43.302202],
            [-75.100739576871518, 43.302172187425398],
            [-75.100665, 43.302554]
          ],
          [
            [-75.100135634712757, 43.302900521895467],
            [-75.100317, 43.30293],
            [-75.100374442397282, 43.302744198665579],
            [-75.100135634712757, 43.302900521895467]
          ],
          [
            [-75.099798679606181, 43.303121092312594],
            [-75.099873, 43.303133],
            [-75.099896472269691, 43.303057077349877],
            [-75.099798679606181, 43.303121092312594]
          ],
          [
            [-75.099107, 43.303802],
            [-75.099244421176863, 43.303935434416843],
            [-75.099375682735939, 43.303511762492342],
            [-75.099107, 43.303802]
          ],
          [
            [-75.099537306654284, 43.304219822920679],
            [-75.099549, 43.304182],
            [-75.099488378113961, 43.30417231385843],
            [-75.099537306654284, 43.304219822920679]
          ],
          [
            [-75.100122975076388, 43.304788500370201],
            [-75.100193, 43.304562],
            [-75.099828631273382, 43.304502695848626],
            [-75.100122975076388, 43.304788500370201]
          ],
          [
            [-75.100416193846272, 43.305073212497255],
            [-75.100475, 43.304883],
            [-75.100169092039252, 43.304833279422361],
            [-75.100416193846272, 43.305073212497255]
          ],
          [
            [-75.100708545024929, 43.30535708220301],
            [-75.100756, 43.305203],
            [-75.100509122335694, 43.305163445015111],
            [-75.100708545024929, 43.30535708220301]
          ],
          [
            [-75.100901438232654, 43.305966280291791],
            [-75.101038, 43.305524],
            [-75.100805004117547, 43.305486772007761],
            [-75.100901438232654, 43.305966280291791]
          ],
          [
            [-75.101051285016112, 43.306711377334672],
            [-75.101157, 43.306369],
            [-75.100976617044736, 43.306340098863522],
            [-75.101051285016112, 43.306711377334672]
          ],
          [
            [-75.10156960442923, 43.307498780915999],
            [-75.10164, 43.307273],
            [-75.101277731559861, 43.307214617896008],
            [-75.10156960442923, 43.307498780915999]
          ],
          [
            [-75.101652, 43.307579],
            [-75.101831621063667, 43.30788365396036],
            [-75.101921, 43.307594],
            [-75.101617617431415, 43.307545525650198],
            [-75.101652, 43.307579]
          ],
          [
            [-75.102081607129662, 43.308307653481847],
            [-75.102122, 43.308177],
            [-75.101992362660184, 43.308156286595839],
            [-75.102081607129662, 43.308307653481847]
          ],
          [
            [-75.102331049080703, 43.308730730134002],
            [-75.102403, 43.308498],
            [-75.102171597332429, 43.308460285200589],
            [-75.102331049080703, 43.308730730134002]
          ],
          [
            [-75.102581147042841, 43.309154919441688],
            [-75.102604, 43.309081],
            [-75.102530523704914, 43.309069057571875],
            [-75.102581147042841, 43.309154919441688]
          ],
          [
            [-75.102830588993896, 43.309577996093843],
            [-75.102885, 43.309402],
            [-75.102710007768025, 43.309373479166609],
            [-75.102830588993896, 43.309577996093843]
          ],
          [
            [-75.103034, 43.309923],
            [-75.103088723904406, 43.309976189346251],
            [-75.103167, 43.309723],
            [-75.102889488313266, 43.309677894794717],
            [-75.103034, 43.309923]
          ],
          [
            [-75.103381834497227, 43.310261080583096],
            [-75.103449, 43.310043],
            [-75.103100107950468, 43.309987254162877],
            [-75.103381834497227, 43.310261080583096]
          ],
          [
            [-75.10367418344444, 43.310545231532267],
            [-75.10373, 43.310364],
            [-75.103439902545531, 43.310317520297346],
            [-75.10367418344444, 43.310545231532267]
          ],
          [
            [-75.10396717082466, 43.31083000301161],
            [-75.104012, 43.310685],
            [-75.103779815719079, 43.310647901685144],
            [-75.10396717082466, 43.31083000301161]
          ],
          [
            [-75.104260322020153, 43.311114933712567],
            [-75.104294, 43.311006],
            [-75.104118977581649, 43.310977552830074],
            [-75.104260322020153, 43.311114933712567]
          ],
          [
            [-75.10455270427525, 43.311399117035599],
            [-75.104575, 43.311327],
            [-75.104459066162022, 43.311308104705965],
            [-75.10455270427525, 43.311399117035599]
          ],
          [
            [-75.104845855470757, 43.311684047736549],
            [-75.104857, 43.311648],
            [-75.104799082557548, 43.311638586421196],
            [-75.104845855470757, 43.311684047736549]
          ],
          [
            [-75.106104559064292, 43.312538914220639],
            [-75.106146, 43.312406],
            [-75.105779945514655, 43.312347175817322],
            [-75.106104559064292, 43.312538914220639]
          ],
          [
            [-75.106638, 43.312854],
            [-75.106738590646671, 43.312952287044077],
            [-75.10679, 43.312786],
            [-75.106422647750009, 43.312726798604345],
            [-75.106638, 43.312854]
          ],
          [
            [-75.107031, 43.313238],
            [-75.107072, 43.313107],
            [-75.106861996979475, 43.313072867277661],
            [-75.107031, 43.313238]
          ],
          [
            [-75.107323259097299, 43.313523566140873],
            [-75.107353, 43.313427],
            [-75.107199295193737, 43.313402441105332],
            [-75.107323259097299, 43.313523566140873]
          ]
        ]
      }
    }
  ]
}
